{"type": "FeatureCollection", "features": [{"type": "Feature", "properties": {"OBJECTID": 7780, "SPAN": "036-011-12403", "GLIST_SPAN": "036-011-12403", "MAPID": "1005-0046.0000", "PARCID": "1005-0046-0000", "PROPTYPE": "PARCEL", "YEAR": 2023, "GLYEAR": 2022, "TOWN": "BARRE CITY", "TNAME": "Barre City", "SOURCENAME": null, "SOURCETYPE": "UNKNOWN", "SOURCEDATE": "UNKNOWN", "EDITMETHOD": "UNKNOWN", "EDITOR": "UNKNOWN", "EDITDATE": "UNKNOWN", "MATCHSTAT": "MATCH", "EDITNOTE": "UNKNOWN", "OWNER1": "PERKINS JUDITH A - TRUSTEE W/LIFE ESTATE", "OWNER2": "OF THE JUDITH PERKINS TRUST DT", "ADDRGL1": "46 MAPLEWOOD AVE", "ADDRGL2": "", "CITYGL": "BARRE", "STGL": "VT", "ZIPGL": "05641-3014", "DESCPROP": "1 FAM-0.46AC", "LOCAPROP": "MAPLEWOOD AVE  46", "CAT": "Residential-1", "RESCODE": "T", "ACRESGL": 0.46, "REAL_FLV": 145620, "HSTED_FLV": 145620, "NRES_FLV": 0, "LAND_LV": 30000, "IMPRV_LV": 115620, "EQUIPVAL": 0, "EQUIPCODE": "", "INVENVAL": 0, "HSDECL": "Y", "HSITEVAL": 145620, "VETEXAMT": 0, "EXPDESC": "", "ENDDATE": "", "STATUTE": "", "EXAMT_HS": 0, "EXAMT_NR": 0, "UVREDUC_HS": 0, "UVREDUC_NR": 0, "GLVAL_HS": 1456.0, "GLVAL_NR": 0.0, "CRHOUSPCT": 0.0, "MUNGL1PCT": 1456.2, "AOEGL_HS": 1456.0, "AOEGL_NR": 0.0, "E911ADDR": "46 MAPLEWOOD AVE", "SHAPE_Length": 0.0019766066011864506, "SHAPE_Area": 2.142691000784478e-07}, "geometry": {"type": "MultiPolygon", "coordinates": [[[[-72.49795874999995, 44.20522855000007], [-72.49810726199996, 44.204927001000044], [-72.49872149199996, 44.20508197600003], [-72.49866639899994, 44.20524890100006], [-72.49861946099998, 44.20539133800003], [-72.49861920699993, 44.20539211600004], [-72.49829618099994, 44.20531022500006], [-72.49795874999995, 44.20522855000007]]]]}}, {"type": "Feature", "properties": {"OBJECTID": 7844, "SPAN": "036-011-12436", "GLIST_SPAN": "036-011-12436", "MAPID": "0880-0032.0000", "PARCID": "0880-0032-0000", "PROPTYPE": "PARCEL", "YEAR": 2023, "GLYEAR": 2022, "TOWN": "BARRE CITY", "TNAME": "Barre City", "SOURCENAME": null, "SOURCETYPE": "UNKNOWN", "SOURCEDATE": "UNKNOWN", "EDITMETHOD": "UNKNOWN", "EDITOR": "UNKNOWN", "EDITDATE": "UNKNOWN", "MATCHSTAT": "MATCH", "EDITNOTE": "UNKNOWN", "OWNER1": "PIERCE JONATHAN", "OWNER2": "", "ADDRGL1": "44 CASSIE ST", "ADDRGL2": "", "CITYGL": "BARRE", "STGL": "VT", "ZIPGL": "05641", "DESCPROP": "3 APTS-0.16AC", "LOCAPROP": "JOHNSON ST  32", "CAT": "Residential-1", "RESCODE": "S", "ACRESGL": 0.16, "REAL_FLV": 140050, "HSTED_FLV": 0, "NRES_FLV": 140050, "LAND_LV": 17800, "IMPRV_LV": 122250, "EQUIPVAL": 0, "EQUIPCODE": "", "INVENVAL": 0, "HSDECL": "N", "HSITEVAL": 0, "VETEXAMT": 0, "EXPDESC": "", "ENDDATE": "", "STATUTE": "", "EXAMT_HS": 0, "EXAMT_NR": 0, "UVREDUC_HS": 0, "UVREDUC_NR": 0, "GLVAL_HS": 0.0, "GLVAL_NR": 1400.5, "CRHOUSPCT": 0.0, "MUNGL1PCT": 1400.5, "AOEGL_HS": 0.0, "AOEGL_NR": 1400.5, "E911ADDR": "32 JOHNSON ST", "SHAPE_Length": 0.0010990974058758933, "SHAPE_Area": 7.098159031576044e-08}, "geometry": {"type": "MultiPolygon", "coordinates": [[[[-72.49847404599996, 44.20327228900004], [-72.49847560999996, 44.20327088300007], [-72.49868946999999, 44.203324604000045], [-72.49856435299995, 44.20358166200003], [-72.49828598099998, 44.20351008100005], [-72.49847404599996, 44.20327228900004]]]]}}, {"type": "Feature", "properties": {"OBJECTID": 7904, "SPAN": "036-011-12469", "GLIST_SPAN": "036-011-12469", "MAPID": "1030-0071.0000", "PARCID": "1030-0071-0000", "PROPTYPE": "PARCEL", "YEAR": 2023, "GLYEAR": 2022, "TOWN": "BARRE CITY", "TNAME": "Barre City", "SOURCENAME": null, "SOURCETYPE": "UNKNOWN", "SOURCEDATE": "UNKNOWN", "EDITMETHOD": "UNKNOWN", "EDITOR": "UNKNOWN", "EDITDATE": "UNKNOWN", "MATCHSTAT": "MATCH", "EDITNOTE": "UNKNOWN", "OWNER1": "GUY JANICE", "OWNER2": "", "ADDRGL1": "71 MERCHANT ST", "ADDRGL2": "", "CITYGL": "BARRE", "STGL": "VT", "ZIPGL": "05641", "DESCPROP": "1 FAM-0.25AC", "LOCAPROP": "MERCHANT ST    71", "CAT": "Residential-1", "RESCODE": "T", "ACRESGL": 0.25, "REAL_FLV": 89500, "HSTED_FLV": 89500, "NRES_FLV": 0, "LAND_LV": 18700, "IMPRV_LV": 70800, "EQUIPVAL": 0, "EQUIPCODE": "", "INVENVAL": 0, "HSDECL": "Y", "HSITEVAL": 89500, "VETEXAMT": 0, "EXPDESC": "", "ENDDATE": "", "STATUTE": "", "EXAMT_HS": 0, "EXAMT_NR": 0, "UVREDUC_HS": 0, "UVREDUC_NR": 0, "GLVAL_HS": 895.0, "GLVAL_NR": 0.0, "CRHOUSPCT": 0.0, "MUNGL1PCT": 895.0, "AOEGL_HS": 895.0, "AOEGL_NR": 0.0, "E911ADDR": "71 MERCHANT ST", "SHAPE_Length": 0.0014486494282059774, "SHAPE_Area": 1.1337016693919693e-07}, "geometry": {"type": "MultiPolygon", "coordinates": [[[[-72.50088322499994, 44.20302802700007], [-72.50092035299997, 44.20295954900007], [-72.50138756599995, 44.20308596500007], [-72.50127301499998, 44.203298448000055], [-72.50080658399997, 44.203170345000046], [-72.50082847799996, 44.203129001000036], [-72.50088322499994, 44.20302802700007]]]]}}, {"type": "Feature", "properties": {"OBJECTID": 7916, "SPAN": "036-011-12475", "GLIST_SPAN": "036-011-12475", "MAPID": "0970-0012.0000", "PARCID": "0970-0012-0000", "PROPTYPE": "PARCEL", "YEAR": 2023, "GLYEAR": 2022, "TOWN": "BARRE CITY", "TNAME": "Barre City", "SOURCENAME": null, "SOURCETYPE": "UNKNOWN", "SOURCEDATE": "UNKNOWN", "EDITMETHOD": "UNKNOWN", "EDITOR": "UNKNOWN", "EDITDATE": "UNKNOWN", "MATCHSTAT": "MATCH", "EDITNOTE": "UNKNOWN", "OWNER1": "POLLARD JAMES & CHANDRA", "OWNER2": "", "ADDRGL1": "12 LONG ST", "ADDRGL2": "", "CITYGL": "BARRE", "STGL": "VT", "ZIPGL": "05641", "DESCPROP": "1 FAM-0.20AC", "LOCAPROP": "LONG ST  12", "CAT": "Residential-1", "RESCODE": "T", "ACRESGL": 0.2, "REAL_FLV": 131220, "HSTED_FLV": 131220, "NRES_FLV": 0, "LAND_LV": 17750, "IMPRV_LV": 113470, "EQUIPVAL": 0, "EQUIPCODE": "", "INVENVAL": 0, "HSDECL": "Y", "HSITEVAL": 131220, "VETEXAMT": 0, "EXPDESC": "", "ENDDATE": "", "STATUTE": "", "EXAMT_HS": 0, "EXAMT_NR": 0, "UVREDUC_HS": 0, "UVREDUC_NR": 0, "GLVAL_HS": 1312.0, "GLVAL_NR": 0.0, "CRHOUSPCT": 0.0, "MUNGL1PCT": 1312.2, "AOEGL_HS": 1312.0, "AOEGL_NR": 0.0, "E911ADDR": "12 LONG ST", "SHAPE_Length": 0.0013565552155303134, "SHAPE_Area": 9.05161113806781e-08}, "geometry": {"type": "MultiPolygon", "coordinates": [[[[-72.50231580599996, 44.205002086000036], [-72.50240533399995, 44.20483347700008], [-72.50287608299993, 44.20496269900008], [-72.50278694599996, 44.20512976200007], [-72.50231580599996, 44.205002086000036]]]]}}, {"type": "Feature", "properties": {"OBJECTID": 8063, "SPAN": "036-011-13463", "GLIST_SPAN": "036-011-13463", "MAPID": "1005-VL00.0004", "PARCID": "1005-VL00-0004", "PROPTYPE": "PARCEL", "YEAR": 2023, "GLYEAR": 2022, "TOWN": "BARRE CITY", "TNAME": "Barre City", "SOURCENAME": null, "SOURCETYPE": "UNKNOWN", "SOURCEDATE": "UNKNOWN", "EDITMETHOD": "UNKNOWN", "EDITOR": "UNKNOWN", "EDITDATE": "UNKNOWN", "MATCHSTAT": "MATCH", "EDITNOTE": "UNKNOWN", "OWNER1": "FORD FREDERIC H & MARILYN", "OWNER2": "", "ADDRGL1": "189 ELM ST", "ADDRGL2": "", "CITYGL": "BARRE", "STGL": "VT", "ZIPGL": "05641", "DESCPROP": "VAC LAND-0.1894AC", "LOCAPROP": "MAPLEWOOD AVE LOT  9", "CAT": "Miscellaneous", "RESCODE": "T", "ACRESGL": 0.18, "REAL_FLV": 4500, "HSTED_FLV": 0, "NRES_FLV": 4500, "LAND_LV": 4500, "IMPRV_LV": 0, "EQUIPVAL": 0, "EQUIPCODE": "", "INVENVAL": 0, "HSDECL": "N", "HSITEVAL": 0, "VETEXAMT": 0, "EXPDESC": "", "ENDDATE": "", "STATUTE": "", "EXAMT_HS": 0, "EXAMT_NR": 0, "UVREDUC_HS": 0, "UVREDUC_NR": 0, "GLVAL_HS": 0.0, "GLVAL_NR": 45.0, "CRHOUSPCT": 0.0, "MUNGL1PCT": 45.0, "AOEGL_HS": 0.0, "AOEGL_NR": 45.0, "E911ADDR": "MAPLEWOOD AVE", "SHAPE_Length": 0.0012539450518312667, "SHAPE_Area": 8.636813364897261e-08}, "geometry": {"type": "MultiPolygon", "coordinates": [[[[-72.49737244399995, 44.205099956000026], [-72.49746764799994, 44.20490795400008], [-72.49746839599999, 44.20490814500005], [-72.49786172099994, 44.20500898000006], [-72.49786737399995, 44.205010429000026], [-72.49777419999998, 44.20520151300008], [-72.49777022399996, 44.205200508000075], [-72.49737298799994, 44.205100094000045], [-72.49737244399995, 44.205099956000026]]]]}}, {"type": "Feature", "properties": {"OBJECTID": 8064, "SPAN": "036-011-13464", "GLIST_SPAN": "036-011-13464", "MAPID": "1005-VL00.0005", "PARCID": "1005-VL00-0005", "PROPTYPE": "PARCEL", "YEAR": 2023, "GLYEAR": 2022, "TOWN": "BARRE CITY", "TNAME": "Barre City", "SOURCENAME": null, "SOURCETYPE": "UNKNOWN", "SOURCEDATE": "UNKNOWN", "EDITMETHOD": "UNKNOWN", "EDITOR": "UNKNOWN", "EDITDATE": "UNKNOWN", "MATCHSTAT": "MATCH", "EDITNOTE": "UNKNOWN", "OWNER1": "FORD FREDERIC H & MARILYN", "OWNER2": "", "ADDRGL1": "189 ELM ST", "ADDRGL2": "", "CITYGL": "BARRE", "STGL": "VT", "ZIPGL": "05641", "DESCPROP": "VAC LAND-0.1894AC", "LOCAPROP": "MAPLEWOOD AVE LOT 10", "CAT": "Miscellaneous", "RESCODE": "T", "ACRESGL": 0.18, "REAL_FLV": 4500, "HSTED_FLV": 0, "NRES_FLV": 4500, "LAND_LV": 4500, "IMPRV_LV": 0, "EQUIPVAL": 0, "EQUIPCODE": "", "INVENVAL": 0, "HSDECL": "N", "HSITEVAL": 0, "VETEXAMT": 0, "EXPDESC": "", "ENDDATE": "", "STATUTE": "", "EXAMT_HS": 0, "EXAMT_NR": 0, "UVREDUC_HS": 0, "UVREDUC_NR": 0, "GLVAL_HS": 0.0, "GLVAL_NR": 45.0, "CRHOUSPCT": 0.0, "MUNGL1PCT": 45.0, "AOEGL_HS": 0.0, "AOEGL_NR": 45.0, "E911ADDR": "MAPLEWOOD AVE", "SHAPE_Length": 0.0012614963998718708, "SHAPE_Area": 8.751095422544025e-08}, "geometry": {"type": "MultiPolygon", "coordinates": [[[[-72.49727640799995, 44.20529363400004], [-72.49737244399995, 44.205099956000026], [-72.49737298799994, 44.205100094000045], [-72.49777022399996, 44.205200508000075], [-72.49777419999998, 44.20520151300008], [-72.49768003299994, 44.20539463100005], [-72.49727679699998, 44.20529373100004], [-72.49727640799995, 44.20529363400004]]]]}}, {"type": "Feature", "properties": {"OBJECTID": 8065, "SPAN": "036-011-13465", "GLIST_SPAN": "036-011-13465", "MAPID": "1005-VL00.0006", "PARCID": "1005-VL00-0006", "PROPTYPE": "PARCEL", "YEAR": 2023, "GLYEAR": 2022, "TOWN": "BARRE CITY", "TNAME": "Barre City", "SOURCENAME": null, "SOURCETYPE": "UNKNOWN", "SOURCEDATE": "UNKNOWN", "EDITMETHOD": "UNKNOWN", "EDITOR": "UNKNOWN", "EDITDATE": "UNKNOWN", "MATCHSTAT": "MATCH", "EDITNOTE": "UNKNOWN", "OWNER1": "FORD FREDERIC H & MARILYN", "OWNER2": "", "ADDRGL1": "189 ELM ST", "ADDRGL2": "", "CITYGL": "BARRE", "STGL": "VT", "ZIPGL": "05641", "DESCPROP": "VAC LAND-0.1894AC", "LOCAPROP": "MAPLEWOOD AVE LOT 11", "CAT": "Miscellaneous", "RESCODE": "T", "ACRESGL": 0.18, "REAL_FLV": 4500, "HSTED_FLV": 0, "NRES_FLV": 4500, "LAND_LV": 4500, "IMPRV_LV": 0, "EQUIPVAL": 0, "EQUIPCODE": "", "INVENVAL": 0, "HSDECL": "N", "HSITEVAL": 0, "VETEXAMT": 0, "EXPDESC": "", "ENDDATE": "", "STATUTE": "", "EXAMT_HS": 0, "EXAMT_NR": 0, "UVREDUC_HS": 0, "UVREDUC_NR": 0, "GLVAL_HS": 0.0, "GLVAL_NR": 45.0, "CRHOUSPCT": 0.0, "MUNGL1PCT": 45.0, "AOEGL_HS": 0.0, "AOEGL_NR": 45.0, "E911ADDR": "MAPLEWOOD AVE", "SHAPE_Length": 0.0012754780000680153, "SHAPE_Area": 9.019874748174726e-08}, "geometry": {"type": "MultiPolygon", "coordinates": [[[[-72.49717893799993, 44.20549043400007], [-72.49727640799995, 44.20529363400004], [-72.49727679699998, 44.20529373100004], [-72.49768003299994, 44.20539463100005], [-72.49758224899995, 44.20559516700007], [-72.49757979799995, 44.20559453100003], [-72.49717893799993, 44.20549043400007]]]]}}, {"type": "Feature", "properties": {"OBJECTID": 8070, "SPAN": "036-011-13543", "GLIST_SPAN": "036-011-13543", "MAPID": "0485-VL00.0006", "PARCID": "0485-VL00-0006", "PROPTYPE": "PARCEL", "YEAR": 2023, "GLYEAR": 2022, "TOWN": "BARRE CITY", "TNAME": "Barre City", "SOURCENAME": null, "SOURCETYPE": "UNKNOWN", "SOURCEDATE": "UNKNOWN", "EDITMETHOD": "UNKNOWN", "EDITOR": "UNKNOWN", "EDITDATE": "UNKNOWN", "MATCHSTAT": "MATCH", "EDITNOTE": "UNKNOWN", "OWNER1": "CITY OF BARRE", "OWNER2": "", "ADDRGL1": "6 N MAIN ST", "ADDRGL2": "", "CITYGL": "BARRE", "STGL": "VT", "ZIPGL": "05641", "DESCPROP": "VAC LAND-0.1720AC", "LOCAPROP": "DUFFY AVE LOT  5", "CAT": "Miscellaneous", "RESCODE": "C", "ACRESGL": 0.17, "REAL_FLV": 3900, "HSTED_FLV": 0, "NRES_FLV": 3900, "LAND_LV": 3900, "IMPRV_LV": 0, "EQUIPVAL": 0, "EQUIPCODE": "", "INVENVAL": 0, "HSDECL": "N", "HSITEVAL": 0, "VETEXAMT": 0, "EXPDESC": "Statutory", "ENDDATE": "", "STATUTE": "", "EXAMT_HS": 0, "EXAMT_NR": 0, "UVREDUC_HS": 0, "UVREDUC_NR": 0, "GLVAL_HS": 0.0, "GLVAL_NR": 0.0, "CRHOUSPCT": 0.0, "MUNGL1PCT": 0.0, "AOEGL_HS": 0.0, "AOEGL_NR": 0.0, "E911ADDR": "DUFFY AVE", "SHAPE_Length": 0.0011426754965353106, "SHAPE_Area": 7.518079679970962e-08}, "geometry": {"type": "MultiPolygon", "coordinates": [[[[-72.49924248599996, 44.204411924000055], [-72.49934277499995, 44.20422150700006], [-72.49968136299998, 44.204312069000025], [-72.49959143599995, 44.20450753600005], [-72.49924248599996, 44.204411924000055]]]]}}, {"type": "Feature", "properties": {"OBJECTID": 8071, "SPAN": "036-011-13544", "GLIST_SPAN": "036-011-13544", "MAPID": "0485-VL00.0007", "PARCID": "0485-VL00-0007", "PROPTYPE": "PARCEL", "YEAR": 2023, "GLYEAR": 2022, "TOWN": "BARRE CITY", "TNAME": "Barre City", "SOURCENAME": null, "SOURCETYPE": "UNKNOWN", "SOURCEDATE": "UNKNOWN", "EDITMETHOD": "UNKNOWN", "EDITOR": "UNKNOWN", "EDITDATE": "UNKNOWN", "MATCHSTAT": "MATCH", "EDITNOTE": "UNKNOWN", "OWNER1": "CITY OF BARRE", "OWNER2": "", "ADDRGL1": "6 N MAIN ST", "ADDRGL2": "", "CITYGL": "BARRE", "STGL": "VT", "ZIPGL": "05641", "DESCPROP": "VAC LAND-0.1780AC", "LOCAPROP": "DUFFY AVE LOT  6", "CAT": "Miscellaneous", "RESCODE": "C", "ACRESGL": 0.17, "REAL_FLV": 3900, "HSTED_FLV": 0, "NRES_FLV": 3900, "LAND_LV": 3900, "IMPRV_LV": 0, "EQUIPVAL": 0, "EQUIPCODE": "", "INVENVAL": 0, "HSDECL": "N", "HSITEVAL": 0, "VETEXAMT": 0, "EXPDESC": "Statutory", "ENDDATE": "", "STATUTE": "", "EXAMT_HS": 0, "EXAMT_NR": 0, "UVREDUC_HS": 0, "UVREDUC_NR": 0, "GLVAL_HS": 0.0, "GLVAL_NR": 0.0, "CRHOUSPCT": 0.0, "MUNGL1PCT": 0.0, "AOEGL_HS": 0.0, "AOEGL_NR": 0.0, "E911ADDR": "DUFFY AVE", "SHAPE_Length": 0.0011751086836775575, "SHAPE_Area": 7.908619551363332e-08}, "geometry": {"type": "MultiPolygon", "coordinates": [[[[-72.49913828699994, 44.20460976700008], [-72.49924248599996, 44.204411924000055], [-72.49959143599995, 44.20450753600005], [-72.49950174699995, 44.20470248600003], [-72.49913828699994, 44.20460976700008]]]]}}, {"type": "Feature", "properties": {"OBJECTID": 8072, "SPAN": "036-011-13545", "GLIST_SPAN": "036-011-13545", "MAPID": "0485-VL00.0008", "PARCID": "0485-VL00-0008", "PROPTYPE": "PARCEL", "YEAR": 2023, "GLYEAR": 2022, "TOWN": "BARRE CITY", "TNAME": "Barre City", "SOURCENAME": null, "SOURCETYPE": "UNKNOWN", "SOURCEDATE": "UNKNOWN", "EDITMETHOD": "UNKNOWN", "EDITOR": "UNKNOWN", "EDITDATE": "UNKNOWN", "MATCHSTAT": "MATCH", "EDITNOTE": "UNKNOWN", "OWNER1": "CITY OF BARRE", "OWNER2": "", "ADDRGL1": "6 N MAIN ST", "ADDRGL2": "", "CITYGL": "BARRE", "STGL": "VT", "ZIPGL": "05641", "DESCPROP": "VAC LAND-0.184AC", "LOCAPROP": "DUFFY AVE LOT  7", "CAT": "Miscellaneous", "RESCODE": "C", "ACRESGL": 0.18, "REAL_FLV": 4100, "HSTED_FLV": 0, "NRES_FLV": 4100, "LAND_LV": 4100, "IMPRV_LV": 0, "EQUIPVAL": 0, "EQUIPCODE": "", "INVENVAL": 0, "HSDECL": "N", "HSITEVAL": 0, "VETEXAMT": 0, "EXPDESC": "Statutory", "ENDDATE": "", "STATUTE": "", "EXAMT_HS": 0, "EXAMT_NR": 0, "UVREDUC_HS": 0, "UVREDUC_NR": 0, "GLVAL_HS": 0.0, "GLVAL_NR": 0.0, "CRHOUSPCT": 0.0, "MUNGL1PCT": 0.0, "AOEGL_HS": 0.0, "AOEGL_NR": 0.0, "E911ADDR": "DUFFY AVE", "SHAPE_Length": 0.0011931658278792896, "SHAPE_Area": 8.062041673562959e-08}, "geometry": {"type": "MultiPolygon", "coordinates": [[[[-72.49903936699997, 44.20479820200006], [-72.49913828699994, 44.20460976700008], [-72.49950174699995, 44.20470248600003], [-72.49950150899997, 44.20470300200003], [-72.49941079899997, 44.204901422000034], [-72.49903897399997, 44.204798906000065], [-72.49903936699997, 44.20479820200006]]]]}}, {"type": "Feature", "properties": {"OBJECTID": 8073, "SPAN": "036-011-13546", "GLIST_SPAN": "036-011-13546", "MAPID": "0485-VL00.0009", "PARCID": "0485-VL00-0009", "PROPTYPE": "PARCEL", "YEAR": 2023, "GLYEAR": 2022, "TOWN": "BARRE CITY", "TNAME": "Barre City", "SOURCENAME": null, "SOURCETYPE": "UNKNOWN", "SOURCEDATE": "UNKNOWN", "EDITMETHOD": "UNKNOWN", "EDITOR": "UNKNOWN", "EDITDATE": "UNKNOWN", "MATCHSTAT": "MATCH", "EDITNOTE": "UNKNOWN", "OWNER1": "CITY OF BARRE", "OWNER2": "", "ADDRGL1": "6 N MAIN ST", "ADDRGL2": "", "CITYGL": "BARRE", "STGL": "VT", "ZIPGL": "05641", "DESCPROP": "VAC LAND-0.19AC", "LOCAPROP": "DUFFY AVE LOT  8", "CAT": "Miscellaneous", "RESCODE": "C", "ACRESGL": 0.19, "REAL_FLV": 4200, "HSTED_FLV": 0, "NRES_FLV": 4200, "LAND_LV": 4200, "IMPRV_LV": 0, "EQUIPVAL": 0, "EQUIPCODE": "", "INVENVAL": 0, "HSDECL": "N", "HSITEVAL": 0, "VETEXAMT": 0, "EXPDESC": "Statutory", "ENDDATE": "", "STATUTE": "", "EXAMT_HS": 0, "EXAMT_NR": 0, "UVREDUC_HS": 0, "UVREDUC_NR": 0, "GLVAL_HS": 0.0, "GLVAL_NR": 0.0, "CRHOUSPCT": 0.0, "MUNGL1PCT": 0.0, "AOEGL_HS": 0.0, "AOEGL_NR": 0.0, "E911ADDR": "DUFFY AVE", "SHAPE_Length": 0.001216201056801109, "SHAPE_Area": 8.31393138548091e-08}, "geometry": {"type": "MultiPolygon", "coordinates": [[[[-72.49893742299997, 44.20499197300006], [-72.49903897399997, 44.204798906000065], [-72.49941079899997, 44.204901422000034], [-72.49940493399998, 44.20491435900004], [-72.49936427099993, 44.20500309300007], [-72.49932204299995, 44.20509604400007], [-72.49932087099995, 44.20509576400008], [-72.49893742299997, 44.20499197300006]]]]}}, {"type": "Feature", "properties": {"OBJECTID": 8074, "SPAN": "036-011-13547", "GLIST_SPAN": "036-011-13547", "MAPID": "0485-VL00.0010", "PARCID": "0485-VL00-0010", "PROPTYPE": "PARCEL", "YEAR": 2023, "GLYEAR": 2022, "TOWN": "BARRE CITY", "TNAME": "Barre City", "SOURCENAME": null, "SOURCETYPE": "UNKNOWN", "SOURCEDATE": "UNKNOWN", "EDITMETHOD": "UNKNOWN", "EDITOR": "UNKNOWN", "EDITDATE": "UNKNOWN", "MATCHSTAT": "MATCH", "EDITNOTE": "UNKNOWN", "OWNER1": "CITY OF BARRE", "OWNER2": "", "ADDRGL1": "6 N MAIN ST", "ADDRGL2": "", "CITYGL": "BARRE", "STGL": "VT", "ZIPGL": "05641", "DESCPROP": "VAC LAND-0.2926AC", "LOCAPROP": "DUFFY AVE LOT  9", "CAT": "Miscellaneous", "RESCODE": "C", "ACRESGL": 0.29, "REAL_FLV": 5300, "HSTED_FLV": 0, "NRES_FLV": 5300, "LAND_LV": 5300, "IMPRV_LV": 0, "EQUIPVAL": 0, "EQUIPCODE": "", "INVENVAL": 0, "HSDECL": "N", "HSITEVAL": 0, "VETEXAMT": 0, "EXPDESC": "Statutory", "ENDDATE": "", "STATUTE": "", "EXAMT_HS": 0, "EXAMT_NR": 0, "UVREDUC_HS": 0, "UVREDUC_NR": 0, "GLVAL_HS": 0.0, "GLVAL_NR": 0.0, "CRHOUSPCT": 0.0, "MUNGL1PCT": 0.0, "AOEGL_HS": 0.0, "AOEGL_NR": 0.0, "E911ADDR": "DUFFY AVE", "SHAPE_Length": 0.0014382716825540596, "SHAPE_Area": 1.2755916851904285e-07}, "geometry": {"type": "MultiPolygon", "coordinates": [[[[-72.49893653099997, 44.20499366800004], [-72.49893742299997, 44.20499197300006], [-72.49932087099995, 44.20509576400008], [-72.49932204299995, 44.20509604400007], [-72.49921260999997, 44.20533632900003], [-72.49919461499996, 44.20537575000003], [-72.49881493199996, 44.20531710100005], [-72.49889626099997, 44.20507143200007], [-72.49893653099997, 44.20499366800004]]]]}}, {"type": "Feature", "properties": {"OBJECTID": 8075, "SPAN": "036-011-13548", "GLIST_SPAN": "036-011-13548", "MAPID": "0485-VL00.0011", "PARCID": "0485-VL00-0011", "PROPTYPE": "PARCEL", "YEAR": 2023, "GLYEAR": 2022, "TOWN": "BARRE CITY", "TNAME": "Barre City", "SOURCENAME": null, "SOURCETYPE": "UNKNOWN", "SOURCEDATE": "UNKNOWN", "EDITMETHOD": "UNKNOWN", "EDITOR": "UNKNOWN", "EDITDATE": "UNKNOWN", "MATCHSTAT": "MATCH", "EDITNOTE": "UNKNOWN", "OWNER1": "CITY OF BARRE", "OWNER2": "", "ADDRGL1": "6 N MAIN ST", "ADDRGL2": "", "CITYGL": "BARRE", "STGL": "VT", "ZIPGL": "05641", "DESCPROP": "VAC LAND-0.2110AC", "LOCAPROP": "DUFFY AVE LOT 10", "CAT": "Miscellaneous", "RESCODE": "C", "ACRESGL": 0.21, "REAL_FLV": 4500, "HSTED_FLV": 0, "NRES_FLV": 4500, "LAND_LV": 4500, "IMPRV_LV": 0, "EQUIPVAL": 0, "EQUIPCODE": "", "INVENVAL": 0, "HSDECL": "N", "HSITEVAL": 0, "VETEXAMT": 0, "EXPDESC": "Statutory", "ENDDATE": "", "STATUTE": "", "EXAMT_HS": 0, "EXAMT_NR": 0, "UVREDUC_HS": 0, "UVREDUC_NR": 0, "GLVAL_HS": 0.0, "GLVAL_NR": 0.0, "CRHOUSPCT": 0.0, "MUNGL1PCT": 0.0, "AOEGL_HS": 0.0, "AOEGL_NR": 0.0, "E911ADDR": "DUFFY AVE", "SHAPE_Length": 0.0012525506297173762, "SHAPE_Area": 9.260222087495561e-08}, "geometry": {"type": "MultiPolygon", "coordinates": [[[[-72.49873633899995, 44.20555601900003], [-72.49881493199996, 44.20531710100005], [-72.49919461499996, 44.20537575000003], [-72.49908549599996, 44.20561480400005], [-72.49873633899995, 44.20555601900003]]]]}}, {"type": "Feature", "properties": {"OBJECTID": 8079, "SPAN": "036-011-13556", "GLIST_SPAN": "036-011-13556", "MAPID": "1030-VL00.0012", "PARCID": "1030-VL00-0012", "PROPTYPE": "PARCEL", "YEAR": 2023, "GLYEAR": 2022, "TOWN": "BARRE CITY", "TNAME": "Barre City", "SOURCENAME": null, "SOURCETYPE": "UNKNOWN", "SOURCEDATE": "UNKNOWN", "EDITMETHOD": "UNKNOWN", "EDITOR": "UNKNOWN", "EDITDATE": "UNKNOWN", "MATCHSTAT": "MATCH", "EDITNOTE": "UNKNOWN", "OWNER1": "CITY OF BARRE", "OWNER2": "", "ADDRGL1": "6 N MAIN ST", "ADDRGL2": "", "CITYGL": "BARRE", "STGL": "VT", "ZIPGL": "05641", "DESCPROP": "VAC LAND-0.1440AC", "LOCAPROP": "MERCHANT ST  LOT 19", "CAT": "Miscellaneous", "RESCODE": "C", "ACRESGL": 0.14, "REAL_FLV": 6700, "HSTED_FLV": 0, "NRES_FLV": 6700, "LAND_LV": 6700, "IMPRV_LV": 0, "EQUIPVAL": 0, "EQUIPCODE": "", "INVENVAL": 0, "HSDECL": "N", "HSITEVAL": 0, "VETEXAMT": 0, "EXPDESC": "Statutory", "ENDDATE": "", "STATUTE": "", "EXAMT_HS": 0, "EXAMT_NR": 0, "UVREDUC_HS": 0, "UVREDUC_NR": 0, "GLVAL_HS": 0.0, "GLVAL_NR": 0.0, "CRHOUSPCT": 0.0, "MUNGL1PCT": 0.0, "AOEGL_HS": 0.0, "AOEGL_NR": 0.0, "E911ADDR": "MERCHANT ST", "SHAPE_Length": 0.0010441813876757933, "SHAPE_Area": 6.243656840355355e-08}, "geometry": {"type": "MultiPolygon", "coordinates": [[[[-72.50015640399994, 44.20534354400007], [-72.50021936699994, 44.20519501900003], [-72.50052728799994, 44.20526231800005], [-72.50048835299998, 44.20544451100005], [-72.50048796099998, 44.205446479000045], [-72.50014545699997, 44.20536970000006], [-72.50015640399994, 44.20534354400007]]]]}}, {"type": "Feature", "properties": {"OBJECTID": 8080, "SPAN": "036-011-13558", "GLIST_SPAN": "036-011-13558", "MAPID": "1030-VL00.0013", "PARCID": "1030-VL00-0013", "PROPTYPE": "PARCEL", "YEAR": 2023, "GLYEAR": 2022, "TOWN": "BARRE CITY", "TNAME": "Barre City", "SOURCENAME": null, "SOURCETYPE": "UNKNOWN", "SOURCEDATE": "UNKNOWN", "EDITMETHOD": "UNKNOWN", "EDITOR": "UNKNOWN", "EDITDATE": "UNKNOWN", "MATCHSTAT": "MATCH", "EDITNOTE": "UNKNOWN", "OWNER1": "CITY OF BARRE", "OWNER2": "", "ADDRGL1": "6 N MAIN ST", "ADDRGL2": "", "CITYGL": "BARRE", "STGL": "VT", "ZIPGL": "05641", "DESCPROP": "VAC LAND-0.1262AC", "LOCAPROP": "MERCHANT ST  LOT 20", "CAT": "Miscellaneous", "RESCODE": "C", "ACRESGL": 0.12, "REAL_FLV": 5900, "HSTED_FLV": 0, "NRES_FLV": 5900, "LAND_LV": 5900, "IMPRV_LV": 0, "EQUIPVAL": 0, "EQUIPCODE": "", "INVENVAL": 0, "HSDECL": "N", "HSITEVAL": 0, "VETEXAMT": 0, "EXPDESC": "Statutory", "ENDDATE": "", "STATUTE": "", "EXAMT_HS": 0, "EXAMT_NR": 0, "UVREDUC_HS": 0, "UVREDUC_NR": 0, "GLVAL_HS": 0.0, "GLVAL_NR": 0.0, "CRHOUSPCT": 0.0, "MUNGL1PCT": 0.0, "AOEGL_HS": 0.0, "AOEGL_NR": 0.0, "E911ADDR": "MERCHANT ST", "SHAPE_Length": 0.0009876278482229403, "SHAPE_Area": 5.8039491928446375e-08}, "geometry": {"type": "MultiPolygon", "coordinates": [[[[-72.50021974299995, 44.20519434200003], [-72.50029792899994, 44.20501014700005], [-72.50056795199998, 44.205072091000034], [-72.50056732799999, 44.205074952000075], [-72.50052728799994, 44.20526231800005], [-72.50021936699994, 44.20519501900003], [-72.50021974299995, 44.20519434200003]]]]}}, {"type": "Feature", "properties": {"OBJECTID": 8081, "SPAN": "036-011-13559", "GLIST_SPAN": "036-011-13559", "MAPID": "1030-VL00.0015", "PARCID": "1030-VL00-0015", "PROPTYPE": "PARCEL", "YEAR": 2023, "GLYEAR": 2022, "TOWN": "BARRE CITY", "TNAME": "Barre City", "SOURCENAME": null, "SOURCETYPE": "UNKNOWN", "SOURCEDATE": "UNKNOWN", "EDITMETHOD": "UNKNOWN", "EDITOR": "UNKNOWN", "EDITDATE": "UNKNOWN", "MATCHSTAT": "MATCH", "EDITNOTE": "UNKNOWN", "OWNER1": "CITY OF BARRE", "OWNER2": "", "ADDRGL1": "6 N MAIN ST", "ADDRGL2": "", "CITYGL": "BARRE", "STGL": "VT", "ZIPGL": "05641", "DESCPROP": "VAC LAND-0.108AC", "LOCAPROP": "MERCHANT ST  LOT 21", "CAT": "Miscellaneous", "RESCODE": "C", "ACRESGL": 0.1, "REAL_FLV": 5000, "HSTED_FLV": 0, "NRES_FLV": 5000, "LAND_LV": 5000, "IMPRV_LV": 0, "EQUIPVAL": 0, "EQUIPCODE": "", "INVENVAL": 0, "HSDECL": "N", "HSITEVAL": 0, "VETEXAMT": 0, "EXPDESC": "Statutory", "ENDDATE": "", "STATUTE": "", "EXAMT_HS": 0, "EXAMT_NR": 0, "UVREDUC_HS": 0, "UVREDUC_NR": 0, "GLVAL_HS": 0.0, "GLVAL_NR": 0.0, "CRHOUSPCT": 0.0, "MUNGL1PCT": 0.0, "AOEGL_HS": 0.0, "AOEGL_NR": 0.0, "E911ADDR": "MERCHANT ST", "SHAPE_Length": 0.0009168997621863265, "SHAPE_Area": 5.1322018440720355e-08}, "geometry": {"type": "MultiPolygon", "coordinates": [[[[-72.50029792899994, 44.20501014700005], [-72.50037730799994, 44.204822955000054], [-72.50060994299997, 44.20487948400006], [-72.50056795199998, 44.205072091000034], [-72.50029792899994, 44.20501014700005]]]]}}, {"type": "Feature", "properties": {"OBJECTID": 8154, "SPAN": "036-011-13791", "GLIST_SPAN": "036-011-13791", "MAPID": "1040-VL83.0000", "PARCID": "1040-VL83-0000", "PROPTYPE": "PARCEL", "YEAR": 2023, "GLYEAR": 2022, "TOWN": "BARRE CITY", "TNAME": "Barre City", "SOURCENAME": null, "SOURCETYPE": "UNKNOWN", "SOURCEDATE": "UNKNOWN", "EDITMETHOD": "UNKNOWN", "EDITOR": "UNKNOWN", "EDITDATE": "UNKNOWN", "MATCHSTAT": "MATCH", "EDITNOTE": "UNKNOWN", "OWNER1": "HAINES BRUCE & KAREN", "OWNER2": "", "ADDRGL1": "73 PIRIE ROAD", "ADDRGL2": "", "CITYGL": "GRANITEVILLE", "STGL": "VT", "ZIPGL": "05654", "DESCPROP": "VAC LAND-0.12AC", "LOCAPROP": "MIDWAY  LOT 15", "CAT": "Miscellaneous", "RESCODE": "S", "ACRESGL": 0.12, "REAL_FLV": 8800, "HSTED_FLV": 0, "NRES_FLV": 8800, "LAND_LV": 8800, "IMPRV_LV": 0, "EQUIPVAL": 0, "EQUIPCODE": "", "INVENVAL": 0, "HSDECL": "N", "HSITEVAL": 0, "VETEXAMT": 0, "EXPDESC": "", "ENDDATE": "", "STATUTE": "", "EXAMT_HS": 0, "EXAMT_NR": 0, "UVREDUC_HS": 0, "UVREDUC_NR": 0, "GLVAL_HS": 0.0, "GLVAL_NR": 88.0, "CRHOUSPCT": 0.0, "MUNGL1PCT": 88.0, "AOEGL_HS": 0.0, "AOEGL_NR": 88.0, "E911ADDR": "MIDWAY ST", "SHAPE_Length": 0.0010200027083229573, "SHAPE_Area": 5.723647575980684e-08}, "geometry": {"type": "MultiPolygon", "coordinates": [[[[-72.50046605399996, 44.203913542000066], [-72.50055480399993, 44.20375744900008], [-72.50087853299993, 44.20384491500005], [-72.50087735999995, 44.203846603000045], [-72.50077336199996, 44.203998617000025], [-72.50046605399996, 44.203913542000066]]]]}}, {"type": "Feature", "properties": {"OBJECTID": 184123, "SPAN": null, "GLIST_SPAN": null, "MAPID": "0370-VL00.0001", "PARCID": null, "PROPTYPE": "PARCEL", "YEAR": 2023, "GLYEAR": null, "TOWN": "BARRE CITY", "TNAME": null, "SOURCENAME": null, "SOURCETYPE": "UNKNOWN", "SOURCEDATE": "UNKNOWN", "EDITMETHOD": "UNKNOWN", "EDITOR": "UNKNOWN", "EDITDATE": "UNKNOWN", "MATCHSTAT": "UNMATCHED", "EDITNOTE": "UNKNOWN", "OWNER1": null, "OWNER2": null, "ADDRGL1": null, "ADDRGL2": null, "CITYGL": null, "STGL": null, "ZIPGL": null, "DESCPROP": null, "LOCAPROP": null, "CAT": null, "RESCODE": null, "ACRESGL": null, "REAL_FLV": null, "HSTED_FLV": null, "NRES_FLV": null, "LAND_LV": null, "IMPRV_LV": null, "EQUIPVAL": null, "EQUIPCODE": null, "INVENVAL": null, "HSDECL": null, "HSITEVAL": null, "VETEXAMT": null, "EXPDESC": null, "ENDDATE": null, "STATUTE": null, "EXAMT_HS": null, "EXAMT_NR": null, "UVREDUC_HS": null, "UVREDUC_NR": null, "GLVAL_HS": null, "GLVAL_NR": null, "CRHOUSPCT": null, "MUNGL1PCT": null, "AOEGL_HS": null, "AOEGL_NR": null, "E911ADDR": null, "SHAPE_Length": 0.0007972513016299454, "SHAPE_Area": 3.8421846597162895e-08}, "geometry": {"type": "MultiPolygon", "coordinates": [[[[-72.50078119399996, 44.20497088900004], [-72.50081794399995, 44.20479834400004], [-72.50082732799996, 44.20480101600003], [-72.50100405299997, 44.20484249700007], [-72.50099623299997, 44.204852482000035], [-72.50103511899994, 44.20486222900007], [-72.50095081099994, 44.20502924700003], [-72.50077884899997, 44.20498199800005], [-72.50078119399996, 44.20497088900004]]]]}}, {"type": "Feature", "properties": {"OBJECTID": 4169, "SPAN": "036-011-10021", "GLIST_SPAN": "036-011-10021", "MAPID": "1145-0080.0000", "PARCID": "1145-0080-0000", "PROPTYPE": "PARCEL", "YEAR": 2023, "GLYEAR": 2022, "TOWN": "BARRE CITY", "TNAME": "Barre City", "SOURCENAME": null, "SOURCETYPE": "UNKNOWN", "SOURCEDATE": "UNKNOWN", "EDITMETHOD": "UNKNOWN", "EDITOR": "UNKNOWN", "EDITDATE": "UNKNOWN", "MATCHSTAT": "MATCH", "EDITNOTE": "UNKNOWN", "OWNER1": "AJA NICHOLAS", "OWNER2": "", "ADDRGL1": "80 PARK ST", "ADDRGL2": "", "CITYGL": "BARRE", "STGL": "VT", "ZIPGL": "05641", "DESCPROP": "1 FAM-0.28AC", "LOCAPROP": "PARK ST  80", "CAT": "Residential-1", "RESCODE": "T", "ACRESGL": 0.28, "REAL_FLV": 135100, "HSTED_FLV": 0, "NRES_FLV": 135100, "LAND_LV": 23300, "IMPRV_LV": 111800, "EQUIPVAL": 0, "EQUIPCODE": "", "INVENVAL": 0, "HSDECL": "N", "HSITEVAL": 135100, "VETEXAMT": 0, "EXPDESC": "", "ENDDATE": "", "STATUTE": "", "EXAMT_HS": 0, "EXAMT_NR": 0, "UVREDUC_HS": 0, "UVREDUC_NR": 0, "GLVAL_HS": 0.0, "GLVAL_NR": 1351.0, "CRHOUSPCT": 0.0, "MUNGL1PCT": 1351.0, "AOEGL_HS": 0.0, "AOEGL_NR": 1351.0, "E911ADDR": "80 PARK ST", "SHAPE_Length": 0.0014984829959299988, "SHAPE_Area": 1.2393421499274624e-07}, "geometry": {"type": "MultiPolygon", "coordinates": [[[[-72.49574015599995, 44.20080090000005], [-72.49585315899998, 44.20056986000003], [-72.49633011599997, 44.20069081300005], [-72.49622728099996, 44.20089794800003], [-72.49622376199994, 44.20090512000007], [-72.49621554999999, 44.20092255700007], [-72.49574015599995, 44.20080090000005]]]]}}, {"type": "Feature", "properties": {"OBJECTID": 4236, "SPAN": "036-011-10472", "GLIST_SPAN": "036-011-10472", "MAPID": "0730-0038.0000", "PARCID": "0730-0038-0000", "PROPTYPE": "PARCEL", "YEAR": 2023, "GLYEAR": 2022, "TOWN": "BARRE CITY", "TNAME": "Barre City", "SOURCENAME": null, "SOURCETYPE": "UNKNOWN", "SOURCEDATE": "UNKNOWN", "EDITMETHOD": "UNKNOWN", "EDITOR": "UNKNOWN", "EDITDATE": "UNKNOWN", "MATCHSTAT": "MATCH", "EDITNOTE": "UNKNOWN", "OWNER1": "MOLASKI NICHOLAS JOHN & JESSA LIMOR", "OWNER2": "", "ADDRGL1": "38 HALL ST", "ADDRGL2": "", "CITYGL": "BARRE", "STGL": "VT", "ZIPGL": "05641", "DESCPROP": "1 FAM-0.11AC", "LOCAPROP": "HALL ST  38", "CAT": "Residential-1", "RESCODE": "T", "ACRESGL": 0.11, "REAL_FLV": 101220, "HSTED_FLV": 101220, "NRES_FLV": 0, "LAND_LV": 12900, "IMPRV_LV": 88320, "EQUIPVAL": 0, "EQUIPCODE": "", "INVENVAL": 0, "HSDECL": "Y", "HSITEVAL": 101220, "VETEXAMT": 0, "EXPDESC": "", "ENDDATE": "", "STATUTE": "", "EXAMT_HS": 0, "EXAMT_NR": 0, "UVREDUC_HS": 0, "UVREDUC_NR": 0, "GLVAL_HS": 1012.0, "GLVAL_NR": 0.0, "CRHOUSPCT": 0.0, "MUNGL1PCT": 1012.2, "AOEGL_HS": 1012.0, "AOEGL_NR": 0.0, "E911ADDR": "38 HALL ST", "SHAPE_Length": 0.0009290851177065642, "SHAPE_Area": 4.895993777135976e-08}, "geometry": {"type": "MultiPolygon", "coordinates": [[[[-72.49681756599995, 44.20199187700007], [-72.49689498499998, 44.201836349000075], [-72.49718233999994, 44.20190737200005], [-72.49709280099995, 44.20205896200008], [-72.49681756599995, 44.20199187700007]]]]}}, {"type": "Feature", "properties": {"OBJECTID": 4266, "SPAN": "036-011-10487", "GLIST_SPAN": "036-011-10487", "MAPID": "1455-0007.0000", "PARCID": "1455-0007-0000", "PROPTYPE": "PARCEL", "YEAR": 2023, "GLYEAR": 2022, "TOWN": "BARRE CITY", "TNAME": "Barre City", "SOURCENAME": null, "SOURCETYPE": "UNKNOWN", "SOURCEDATE": "UNKNOWN", "EDITMETHOD": "UNKNOWN", "EDITOR": "UNKNOWN", "EDITDATE": "UNKNOWN", "MATCHSTAT": "MATCH", "EDITNOTE": "UNKNOWN", "OWNER1": "BROWN CYNDY CARRIER", "OWNER2": "", "ADDRGL1": "7 UPLAND AVE", "ADDRGL2": "", "CITYGL": "BARRE", "STGL": "VT", "ZIPGL": "05641-9090", "DESCPROP": "1 FAM-0.18AC", "LOCAPROP": "UPLAND AVE   7", "CAT": "Residential-1", "RESCODE": "T", "ACRESGL": 0.18, "REAL_FLV": 74700, "HSTED_FLV": 74700, "NRES_FLV": 0, "LAND_LV": 19600, "IMPRV_LV": 55100, "EQUIPVAL": 0, "EQUIPCODE": "", "INVENVAL": 0, "HSDECL": "Y", "HSITEVAL": 74700, "VETEXAMT": 0, "EXPDESC": "", "ENDDATE": "", "STATUTE": "", "EXAMT_HS": 0, "EXAMT_NR": 0, "UVREDUC_HS": 0, "UVREDUC_NR": 0, "GLVAL_HS": 747.0, "GLVAL_NR": 0.0, "CRHOUSPCT": 0.0, "MUNGL1PCT": 747.0, "AOEGL_HS": 747.0, "AOEGL_NR": 0.0, "E911ADDR": "7 UPLAND AVE", "SHAPE_Length": 0.001177131498340323, "SHAPE_Area": 8.452156234370615e-08}, "geometry": {"type": "MultiPolygon", "coordinates": [[[[-72.49364077099995, 44.200356714000065], [-72.49376903299998, 44.20008053600003], [-72.49404699299998, 44.20014566000003], [-72.49394845299997, 44.20034702700008], [-72.49391169599994, 44.20042268100008], [-72.49364077099995, 44.200356714000065]]]]}}, {"type": "Feature", "properties": {"OBJECTID": 4298, "SPAN": "036-011-10505", "GLIST_SPAN": "036-011-10505", "MAPID": "1540-0008.0000", "PARCID": "1540-0008-0000", "PROPTYPE": "PARCEL", "YEAR": 2023, "GLYEAR": 2022, "TOWN": "BARRE CITY", "TNAME": "Barre City", "SOURCENAME": null, "SOURCETYPE": "UNKNOWN", "SOURCEDATE": "UNKNOWN", "EDITMETHOD": "UNKNOWN", "EDITOR": "UNKNOWN", "EDITDATE": "UNKNOWN", "MATCHSTAT": "MATCH", "EDITNOTE": "UNKNOWN", "OWNER1": "DANIELS NICHOLAS MICHAEL", "OWNER2": "", "ADDRGL1": "8 WENDELL PL", "ADDRGL2": "", "CITYGL": "BARRE", "STGL": "VT", "ZIPGL": "05641", "DESCPROP": "1 FAM-0.08AC", "LOCAPROP": "WENDELL PL   8", "CAT": "Residential-1", "RESCODE": "T", "ACRESGL": 0.08, "REAL_FLV": 118000, "HSTED_FLV": 118000, "NRES_FLV": 0, "LAND_LV": 11600, "IMPRV_LV": 106400, "EQUIPVAL": 0, "EQUIPCODE": "", "INVENVAL": 0, "HSDECL": "Y", "HSITEVAL": 118000, "VETEXAMT": 0, "EXPDESC": "", "ENDDATE": "", "STATUTE": "", "EXAMT_HS": 0, "EXAMT_NR": 0, "UVREDUC_HS": 0, "UVREDUC_NR": 0, "GLVAL_HS": 1180.0, "GLVAL_NR": 0.0, "CRHOUSPCT": 0.0, "MUNGL1PCT": 1180.0, "AOEGL_HS": 1180.0, "AOEGL_NR": 0.0, "E911ADDR": "8 WENDELL PL", "SHAPE_Length": 0.0008624999536834415, "SHAPE_Area": 4.149549910168777e-08}, "geometry": {"type": "MultiPolygon", "coordinates": [[[[-72.49703268199994, 44.20027444600004], [-72.49703307399994, 44.20027388400007], [-72.49726333999996, 44.20036332600006], [-72.49717732399995, 44.20048201000003], [-72.49691499799997, 44.20043152000005], [-72.49691186999996, 44.20043095800003], [-72.49691186999996, 44.20043011300004], [-72.49703268199994, 44.20027444600004]]]]}}, {"type": "Feature", "properties": {"OBJECTID": 4377, "SPAN": "036-011-10547", "GLIST_SPAN": "036-011-10547", "MAPID": "0730-0021.0000", "PARCID": "0730-0021-0000", "PROPTYPE": "PARCEL", "YEAR": 2023, "GLYEAR": 2022, "TOWN": "BARRE CITY", "TNAME": "Barre City", "SOURCENAME": null, "SOURCETYPE": "UNKNOWN", "SOURCEDATE": "UNKNOWN", "EDITMETHOD": "UNKNOWN", "EDITOR": "UNKNOWN", "EDITDATE": "UNKNOWN", "MATCHSTAT": "MATCH", "EDITNOTE": "UNKNOWN", "OWNER1": "WAWRZYNIAK STEPHANIE", "OWNER2": "", "ADDRGL1": "21 HALL ST", "ADDRGL2": "", "CITYGL": "BARRE", "STGL": "VT", "ZIPGL": "05641", "DESCPROP": "1 FAM-0.19AC", "LOCAPROP": "HALL ST  21", "CAT": "Residential-1", "RESCODE": "T", "ACRESGL": 0.19, "REAL_FLV": 106990, "HSTED_FLV": 106990, "NRES_FLV": 0, "LAND_LV": 19480, "IMPRV_LV": 87510, "EQUIPVAL": 0, "EQUIPCODE": "", "INVENVAL": 0, "HSDECL": "Y", "HSITEVAL": 106990, "VETEXAMT": 0, "EXPDESC": "", "ENDDATE": "", "STATUTE": "", "EXAMT_HS": 0, "EXAMT_NR": 0, "UVREDUC_HS": 0, "UVREDUC_NR": 0, "GLVAL_HS": 1070.0, "GLVAL_NR": 0.0, "CRHOUSPCT": 0.0, "MUNGL1PCT": 1069.9, "AOEGL_HS": 1070.0, "AOEGL_NR": 0.0, "E911ADDR": "21 HALL ST", "SHAPE_Length": 0.0012068726407606209, "SHAPE_Area": 8.606130724698245e-08}, "geometry": {"type": "MultiPolygon", "coordinates": [[[[-72.49667374299997, 44.201067554000076], [-72.49678713299994, 44.20083566900007], [-72.49712452299997, 44.200971098000025], [-72.49702950999995, 44.20116318700008], [-72.49702833699996, 44.20116585900007], [-72.49702638199994, 44.20116543700004], [-72.49667374299997, 44.201067554000076]]]]}}, {"type": "Feature", "properties": {"OBJECTID": 4660, "SPAN": "036-011-10204", "GLIST_SPAN": "036-011-10204", "MAPID": "1145-0083.0000", "PARCID": "1145-0083-0000", "PROPTYPE": "PARCEL", "YEAR": 2023, "GLYEAR": 2022, "TOWN": "BARRE CITY", "TNAME": "Barre City", "SOURCENAME": null, "SOURCETYPE": "UNKNOWN", "SOURCEDATE": "UNKNOWN", "EDITMETHOD": "UNKNOWN", "EDITOR": "UNKNOWN", "EDITDATE": "UNKNOWN", "MATCHSTAT": "MATCH", "EDITNOTE": "UNKNOWN", "OWNER1": "BASCOM SCOTT J & KATHRYN N", "OWNER2": "", "ADDRGL1": "83 PARK ST", "ADDRGL2": "", "CITYGL": "BARRE", "STGL": "VT", "ZIPGL": "05641", "DESCPROP": "1 FAM-0.27AC", "LOCAPROP": "PARK ST  83", "CAT": "Residential-1", "RESCODE": "T", "ACRESGL": 0.27, "REAL_FLV": 140500, "HSTED_FLV": 140500, "NRES_FLV": 0, "LAND_LV": 23200, "IMPRV_LV": 117300, "EQUIPVAL": 0, "EQUIPCODE": "", "INVENVAL": 0, "HSDECL": "Y", "HSITEVAL": 140500, "VETEXAMT": 0, "EXPDESC": "", "ENDDATE": "", "STATUTE": "", "EXAMT_HS": 0, "EXAMT_NR": 0, "UVREDUC_HS": 0, "UVREDUC_NR": 0, "GLVAL_HS": 1405.0, "GLVAL_NR": 0.0, "CRHOUSPCT": 0.0, "MUNGL1PCT": 1405.0, "AOEGL_HS": 1405.0, "AOEGL_NR": 0.0, "E911ADDR": "83 PARK ST", "SHAPE_Length": 0.0014842308512930114, "SHAPE_Area": 1.1944835996026744e-07}, "geometry": {"type": "MultiPolygon", "coordinates": [[[[-72.49507828199995, 44.20063268800004], [-72.49518650199997, 44.20040985300005], [-72.49518764799996, 44.20041014200007], [-72.49566727499996, 44.20053433600003], [-72.49555914799998, 44.20075322300005], [-72.49507828199995, 44.20063268800004]]]]}}, {"type": "Feature", "properties": {"OBJECTID": 4838, "SPAN": "036-011-10694", "GLIST_SPAN": "036-011-10694", "MAPID": "0730-VL00.0001", "PARCID": "0730-VL00-0001", "PROPTYPE": "PARCEL", "YEAR": 2023, "GLYEAR": 2022, "TOWN": "BARRE CITY", "TNAME": "Barre City", "SOURCENAME": null, "SOURCETYPE": "UNKNOWN", "SOURCEDATE": "UNKNOWN", "EDITMETHOD": "UNKNOWN", "EDITOR": "UNKNOWN", "EDITDATE": "UNKNOWN", "MATCHSTAT": "MATCH", "EDITNOTE": "UNKNOWN", "OWNER1": "CITY OF BARRE", "OWNER2": "", "ADDRGL1": "6 N MAIN ST", "ADDRGL2": "", "CITYGL": "BARRE", "STGL": "VT", "ZIPGL": "05641-4115", "DESCPROP": "VAC LAND-0.27AC", "LOCAPROP": "HALL ST LOT 8", "CAT": "Miscellaneous", "RESCODE": "C", "ACRESGL": 0.27, "REAL_FLV": 23160, "HSTED_FLV": 0, "NRES_FLV": 23160, "LAND_LV": 23160, "IMPRV_LV": 0, "EQUIPVAL": 0, "EQUIPCODE": "", "INVENVAL": 0, "HSDECL": "N", "HSITEVAL": 0, "VETEXAMT": 0, "EXPDESC": "Statutory", "ENDDATE": "", "STATUTE": "", "EXAMT_HS": 0, "EXAMT_NR": 0, "UVREDUC_HS": 0, "UVREDUC_NR": 0, "GLVAL_HS": 0.0, "GLVAL_NR": 0.0, "CRHOUSPCT": 0.0, "MUNGL1PCT": 0.0, "AOEGL_HS": 0.0, "AOEGL_NR": 0.0, "E911ADDR": "HALL ST", "SHAPE_Length": 0.0014177432662104141, "SHAPE_Area": 1.23535377430317e-07}, "geometry": {"type": "MultiPolygon", "coordinates": [[[[-72.49636484899997, 44.20169050700008], [-72.49636563099995, 44.20168952300003], [-72.49671944599999, 44.201785158000064], [-72.49656343299995, 44.20210029000003], [-72.49621587399997, 44.20198862500007], [-72.49621821999995, 44.20198468700005], [-72.49636484899997, 44.20169050700008]]]]}}, {"type": "Feature", "properties": {"OBJECTID": 5386, "SPAN": "036-011-10287", "GLIST_SPAN": "036-011-10287", "MAPID": "1455-0027.0000", "PARCID": "1455-0027-0000", "PROPTYPE": "PARCEL", "YEAR": 2023, "GLYEAR": 2022, "TOWN": "BARRE CITY", "TNAME": "Barre City", "SOURCENAME": null, "SOURCETYPE": "UNKNOWN", "SOURCEDATE": "UNKNOWN", "EDITMETHOD": "UNKNOWN", "EDITOR": "UNKNOWN", "EDITDATE": "UNKNOWN", "MATCHSTAT": "MATCH", "EDITNOTE": "UNKNOWN", "OWNER1": "ABARE SHANE D & BETTS SUSAN M", "OWNER2": "", "ADDRGL1": "27 UPLAND AVE", "ADDRGL2": "", "CITYGL": "BARRE", "STGL": "VT", "ZIPGL": "05641", "DESCPROP": "1 FAM-0.48AC", "LOCAPROP": "UPLAND AVE  27", "CAT": "Residential-1", "RESCODE": "T", "ACRESGL": 0.48, "REAL_FLV": 176100, "HSTED_FLV": 176100, "NRES_FLV": 0, "LAND_LV": 34400, "IMPRV_LV": 141700, "EQUIPVAL": 0, "EQUIPCODE": "", "INVENVAL": 0, "HSDECL": "Y", "HSITEVAL": 176100, "VETEXAMT": 0, "EXPDESC": "", "ENDDATE": "", "STATUTE": "", "EXAMT_HS": 0, "EXAMT_NR": 0, "UVREDUC_HS": 0, "UVREDUC_NR": 0, "GLVAL_HS": 1761.0, "GLVAL_NR": 0.0, "CRHOUSPCT": 0.0, "MUNGL1PCT": 1761.0, "AOEGL_HS": 1761.0, "AOEGL_NR": 0.0, "E911ADDR": "27 UPLAND AVE", "SHAPE_Length": 0.0022183495485197462, "SHAPE_Area": 2.1372768286908786e-07}, "geometry": {"type": "MultiPolygon", "coordinates": [[[[-72.49263568599997, 44.19992761000003], [-72.49279402899998, 44.19984957400004], [-72.49295978699996, 44.19988924100005], [-72.49322836299996, 44.19995324100006], [-72.49323188099999, 44.19995408400007], [-72.49336910099998, 44.199986436000074], [-72.49322950099997, 44.20025642500008], [-72.49259109599996, 44.20010085600006], [-72.49255434799994, 44.200090869000064], [-72.49250117999998, 44.20007638200008], [-72.49238585199998, 44.20004979600003], [-72.49238819799996, 44.200048812000034], [-72.49263568599997, 44.19992761000003]]]]}}, {"type": "Feature", "properties": {"OBJECTID": 5436, "SPAN": "036-011-11091", "GLIST_SPAN": "036-011-11091", "MAPID": "0530-0186.0000", "PARCID": "0530-0186-0000", "PROPTYPE": "PARCEL", "YEAR": 2023, "GLYEAR": 2022, "TOWN": "BARRE CITY", "TNAME": "Barre City", "SOURCENAME": null, "SOURCETYPE": "UNKNOWN", "SOURCEDATE": "UNKNOWN", "EDITMETHOD": "UNKNOWN", "EDITOR": "UNKNOWN", "EDITDATE": "UNKNOWN", "MATCHSTAT": "MATCH", "EDITNOTE": "UNKNOWN", "OWNER1": "ENGLISH BRUCE J", "OWNER2": "", "ADDRGL1": "186 ELM ST", "ADDRGL2": "", "CITYGL": "BARRE", "STGL": "VT", "ZIPGL": "05641", "DESCPROP": "1 FAM-0.29AC", "LOCAPROP": "ELM ST 186", "CAT": "Residential-1", "RESCODE": "T", "ACRESGL": 0.29, "REAL_FLV": 159600, "HSTED_FLV": 159600, "NRES_FLV": 0, "LAND_LV": 19600, "IMPRV_LV": 140000, "EQUIPVAL": 0, "EQUIPCODE": "", "INVENVAL": 0, "HSDECL": "Y", "HSITEVAL": 159600, "VETEXAMT": 0, "EXPDESC": "", "ENDDATE": "", "STATUTE": "", "EXAMT_HS": 0, "EXAMT_NR": 0, "UVREDUC_HS": 0, "UVREDUC_NR": 0, "GLVAL_HS": 1596.0, "GLVAL_NR": 0.0, "CRHOUSPCT": 0.0, "MUNGL1PCT": 1596.0, "AOEGL_HS": 1596.0, "AOEGL_NR": 0.0, "E911ADDR": "186 ELM ST", "SHAPE_Length": 0.0015336401376322987, "SHAPE_Area": 1.3292144833942089e-07}, "geometry": {"type": "MultiPolygon", "coordinates": [[[[-72.49472019899997, 44.20028167500004], [-72.49483515999998, 44.20004669900004], [-72.49531223499997, 44.20015058200005], [-72.49519089599994, 44.200400804000026], [-72.49518650199997, 44.20040985300005], [-72.49471695099999, 44.200291013000026], [-72.49471576599996, 44.20029071300007], [-72.49472019899997, 44.20028167500004]]]]}}, {"type": "Feature", "properties": {"OBJECTID": 5531, "SPAN": "036-011-10756", "GLIST_SPAN": "036-011-10756", "MAPID": "1592-0007.0000", "PARCID": "1592-0007-0000", "PROPTYPE": "PARCEL", "YEAR": 2023, "GLYEAR": 2022, "TOWN": "BARRE CITY", "TNAME": "Barre City", "SOURCENAME": null, "SOURCETYPE": "UNKNOWN", "SOURCEDATE": "UNKNOWN", "EDITMETHOD": "UNKNOWN", "EDITOR": "UNKNOWN", "EDITDATE": "UNKNOWN", "MATCHSTAT": "MATCH", "EDITNOTE": "UNKNOWN", "OWNER1": "BOYD COLLEEN KERI & MATCHUS JOHN TANNER", "OWNER2": "", "ADDRGL1": "7 WINTER MEADOW", "ADDRGL2": "", "CITYGL": "BARRE", "STGL": "VT", "ZIPGL": "05641", "DESCPROP": "1 FAM-0.34AC", "LOCAPROP": "WINTER MEADOW   7", "CAT": "Residential-1", "RESCODE": "T", "ACRESGL": 0.34, "REAL_FLV": 123600, "HSTED_FLV": 123600, "NRES_FLV": 0, "LAND_LV": 31800, "IMPRV_LV": 91800, "EQUIPVAL": 0, "EQUIPCODE": "", "INVENVAL": 0, "HSDECL": "Y", "HSITEVAL": 123600, "VETEXAMT": 0, "EXPDESC": "", "ENDDATE": "", "STATUTE": "", "EXAMT_HS": 0, "EXAMT_NR": 0, "UVREDUC_HS": 0, "UVREDUC_NR": 0, "GLVAL_HS": 1236.0, "GLVAL_NR": 0.0, "CRHOUSPCT": 0.0, "MUNGL1PCT": 1236.0, "AOEGL_HS": 1236.0, "AOEGL_NR": 0.0, "E911ADDR": "7 WINTER MEADOW", "SHAPE_Length": 0.0016515443176303886, "SHAPE_Area": 1.5940665550656587e-07}, "geometry": {"type": "MultiPolygon", "coordinates": [[[[-72.49404699299998, 44.20014566000003], [-72.49405324999998, 44.20013244100005], [-72.49453958399994, 44.200233714000035], [-72.49442501199997, 44.20046615900003], [-72.49438903799995, 44.200539141000036], [-72.49391169599994, 44.20042268100008], [-72.49394845299997, 44.20034702700008], [-72.49404699299998, 44.20014566000003]]]]}}, {"type": "Feature", "properties": {"OBJECTID": 5558, "SPAN": "036-011-10333", "GLIST_SPAN": "036-011-10333", "MAPID": "1145-0093.0000", "PARCID": "1145-0093-0000", "PROPTYPE": "PARCEL", "YEAR": 2023, "GLYEAR": 2022, "TOWN": "BARRE CITY", "TNAME": "Barre City", "SOURCENAME": null, "SOURCETYPE": "UNKNOWN", "SOURCEDATE": "UNKNOWN", "EDITMETHOD": "UNKNOWN", "EDITOR": "UNKNOWN", "EDITDATE": "UNKNOWN", "MATCHSTAT": "MATCH", "EDITNOTE": "UNKNOWN", "OWNER1": "HURST STEPHEN W & MELISSA J", "OWNER2": "", "ADDRGL1": "93 PARK ST APT 2", "ADDRGL2": "", "CITYGL": "BARRE", "STGL": "VT", "ZIPGL": "05641", "DESCPROP": "2 APTS-0.27AC", "LOCAPROP": "PARK ST  93", "CAT": "Residential-1", "RESCODE": "T", "ACRESGL": 0.27, "REAL_FLV": 172800, "HSTED_FLV": 112300, "NRES_FLV": 60500, "LAND_LV": 25700, "IMPRV_LV": 147100, "EQUIPVAL": 0, "EQUIPCODE": "", "INVENVAL": 0, "HSDECL": "Y", "HSITEVAL": 112300, "VETEXAMT": 0, "EXPDESC": "", "ENDDATE": "", "STATUTE": "", "EXAMT_HS": 0, "EXAMT_NR": 0, "UVREDUC_HS": 0, "UVREDUC_NR": 0, "GLVAL_HS": 1123.0, "GLVAL_NR": 605.0, "CRHOUSPCT": 0.0, "MUNGL1PCT": 1728.0, "AOEGL_HS": 1123.0, "AOEGL_NR": 605.0, "E911ADDR": "93 PARK ST", "SHAPE_Length": 0.0015168678394680403, "SHAPE_Area": 1.2846653633167274e-07}, "geometry": {"type": "MultiPolygon", "coordinates": [[[[-72.49484679599993, 44.20110995500005], [-72.49496332199993, 44.20086977500006], [-72.49544027899998, 44.200992418000055], [-72.49532336299995, 44.201228521000075], [-72.49532219099996, 44.20123006700004], [-72.49532179899995, 44.20123077100004], [-72.49484640399999, 44.20111079800006], [-72.49484679599993, 44.20110995500005]]]]}}, {"type": "Feature", "properties": {"OBJECTID": 5568, "SPAN": "036-011-10338", "GLIST_SPAN": "036-011-10338", "MAPID": "1455-0024.0000", "PARCID": "1455-0024-0000", "PROPTYPE": "PARCEL", "YEAR": 2023, "GLYEAR": 2022, "TOWN": "BARRE CITY", "TNAME": "Barre City", "SOURCENAME": null, "SOURCETYPE": "UNKNOWN", "SOURCEDATE": "UNKNOWN", "EDITMETHOD": "UNKNOWN", "EDITOR": "UNKNOWN", "EDITDATE": "UNKNOWN", "MATCHSTAT": "MATCH", "EDITNOTE": "UNKNOWN", "OWNER1": "WHITE JASMINE & TOWLE RYAN D", "OWNER2": "", "ADDRGL1": "24 UPLAND AVE", "ADDRGL2": "", "CITYGL": "BARRE", "STGL": "VT", "ZIPGL": "05641", "DESCPROP": "1 FAM-0.24AC", "LOCAPROP": "UPLAND AVE  24", "CAT": "Residential-1", "RESCODE": "T", "ACRESGL": 0.24, "REAL_FLV": 149330, "HSTED_FLV": 149330, "NRES_FLV": 0, "LAND_LV": 27720, "IMPRV_LV": 121610, "EQUIPVAL": 0, "EQUIPCODE": "", "INVENVAL": 0, "HSDECL": "Y", "HSITEVAL": 149330, "VETEXAMT": 0, "EXPDESC": "", "ENDDATE": "", "STATUTE": "", "EXAMT_HS": 0, "EXAMT_NR": 0, "UVREDUC_HS": 0, "UVREDUC_NR": 0, "GLVAL_HS": 1493.0, "GLVAL_NR": 0.0, "CRHOUSPCT": 0.0, "MUNGL1PCT": 1493.3, "AOEGL_HS": 1493.0, "AOEGL_NR": 0.0, "E911ADDR": "24 UPLAND AVE", "SHAPE_Length": 0.0013819783879479544, "SHAPE_Area": 1.1654988245954058e-07}, "geometry": {"type": "MultiPolygon", "coordinates": [[[[-72.49282208999995, 44.200575756000035], [-72.49296208599998, 44.20028354900006], [-72.49330767799995, 44.20036780400005], [-72.49330572399998, 44.20037117900006], [-72.49321226399996, 44.20055946800005], [-72.49316455599995, 44.20065537100004], [-72.49315668799994, 44.20067118800006], [-72.49281647199996, 44.20058748100007], [-72.49282208999995, 44.200575756000035]]]]}}, {"type": "Feature", "properties": {"OBJECTID": 5610, "SPAN": "036-011-10792", "GLIST_SPAN": "036-011-10792", "MAPID": "1592-0003.0000", "PARCID": "1592-0003-0000", "PROPTYPE": "PARCEL", "YEAR": 2023, "GLYEAR": 2022, "TOWN": "BARRE CITY", "TNAME": "Barre City", "SOURCENAME": null, "SOURCETYPE": "UNKNOWN", "SOURCEDATE": "UNKNOWN", "EDITMETHOD": "UNKNOWN", "EDITOR": "UNKNOWN", "EDITDATE": "UNKNOWN", "MATCHSTAT": "MATCH", "EDITNOTE": "UNKNOWN", "OWNER1": "LORD GREGORY A & KATHRYN M", "OWNER2": "", "ADDRGL1": "391 SIERRA LAVIN RD", "ADDRGL2": "", "CITYGL": "BARRE", "STGL": "VT", "ZIPGL": "05641", "DESCPROP": "4 APTS-0.27AC", "LOCAPROP": "WINTER MEADOW   3", "CAT": "Residential-1", "RESCODE": "S", "ACRESGL": 0.27, "REAL_FLV": 188300, "HSTED_FLV": 0, "NRES_FLV": 188300, "LAND_LV": 31500, "IMPRV_LV": 156800, "EQUIPVAL": 0, "EQUIPCODE": "", "INVENVAL": 0, "HSDECL": "N", "HSITEVAL": 0, "VETEXAMT": 0, "EXPDESC": "", "ENDDATE": "", "STATUTE": "", "EXAMT_HS": 0, "EXAMT_NR": 0, "UVREDUC_HS": 0, "UVREDUC_NR": 0, "GLVAL_HS": 0.0, "GLVAL_NR": 1883.0, "CRHOUSPCT": 0.0, "MUNGL1PCT": 1883.0, "AOEGL_HS": 0.0, "AOEGL_NR": 1883.0, "E911ADDR": "3 WINTER MEADOW", "SHAPE_Length": 0.0015086273785719453, "SHAPE_Area": 1.249315519881967e-07}, "geometry": {"type": "MultiPolygon", "coordinates": [[[[-72.49405324999998, 44.20013244100005], [-72.49417134099997, 44.19989057400005], [-72.49464985299994, 44.20000984600006], [-72.49453958399994, 44.200233714000035], [-72.49405324999998, 44.20013244100005]]]]}}, {"type": "Feature", "properties": {"OBJECTID": 5774, "SPAN": "036-011-11227", "GLIST_SPAN": "036-011-11227", "MAPID": "1592-0012.0000", "PARCID": "1592-0012-0000", "PROPTYPE": "PARCEL", "YEAR": 2023, "GLYEAR": 2022, "TOWN": "BARRE CITY", "TNAME": "Barre City", "SOURCENAME": null, "SOURCETYPE": "UNKNOWN", "SOURCEDATE": "UNKNOWN", "EDITMETHOD": "UNKNOWN", "EDITOR": "UNKNOWN", "EDITDATE": "UNKNOWN", "MATCHSTAT": "MATCH", "EDITNOTE": "UNKNOWN", "OWNER1": "REICHENBERGER TODD W & GAGNON DONNA A", "OWNER2": "", "ADDRGL1": "12 WINTER MEADOW", "ADDRGL2": "", "CITYGL": "BARRE", "STGL": "VT", "ZIPGL": "05641", "DESCPROP": "1 FAM-0.55AC", "LOCAPROP": "WINTER MEADOW  12", "CAT": "Residential-1", "RESCODE": "T", "ACRESGL": 0.55, "REAL_FLV": 176400, "HSTED_FLV": 176400, "NRES_FLV": 0, "LAND_LV": 38800, "IMPRV_LV": 137600, "EQUIPVAL": 0, "EQUIPCODE": "", "INVENVAL": 0, "HSDECL": "Y", "HSITEVAL": 176400, "VETEXAMT": 0, "EXPDESC": "", "ENDDATE": "", "STATUTE": "", "EXAMT_HS": 0, "EXAMT_NR": 0, "UVREDUC_HS": 0, "UVREDUC_NR": 0, "GLVAL_HS": 1764.0, "GLVAL_NR": 0.0, "CRHOUSPCT": 0.0, "MUNGL1PCT": 1764.0, "AOEGL_HS": 1764.0, "AOEGL_NR": 0.0, "E911ADDR": "12 WINTER MEADOW", "SHAPE_Length": 0.0020433319345206286, "SHAPE_Area": 2.54766087456742e-07}, "geometry": {"type": "MultiPolygon", "coordinates": [[[[-72.49449027599996, 44.20074600400005], [-72.49460601999994, 44.20051426200007], [-72.49507828199995, 44.20063268800004], [-72.49496449399999, 44.200867525000035], [-72.49496332199993, 44.20086977500006], [-72.49484679599993, 44.20110995500005], [-72.49484640399999, 44.20111079800006], [-72.49436827499994, 44.200990121000075], [-72.49436944699994, 44.20098730800004], [-72.49449027599996, 44.20074600400005]]]]}}, {"type": "Feature", "properties": {"OBJECTID": 5797, "SPAN": "036-011-11240", "GLIST_SPAN": "036-011-11240", "MAPID": "1145-0091.0000", "PARCID": "1145-0091-0000", "PROPTYPE": "PARCEL", "YEAR": 2023, "GLYEAR": 2022, "TOWN": "BARRE CITY", "TNAME": "Barre City", "SOURCENAME": null, "SOURCETYPE": "UNKNOWN", "SOURCEDATE": "UNKNOWN", "EDITMETHOD": "UNKNOWN", "EDITOR": "UNKNOWN", "EDITDATE": "UNKNOWN", "MATCHSTAT": "MATCH", "EDITNOTE": "UNKNOWN", "OWNER1": "FRAYSIER MICHAEL D ESTATE", "OWNER2": "", "ADDRGL1": "91 PARK ST", "ADDRGL2": "", "CITYGL": "BARRE", "STGL": "VT", "ZIPGL": "05641", "DESCPROP": "1 FAM-0.28AC", "LOCAPROP": "PARK ST  91", "CAT": "Residential-1", "RESCODE": "T", "ACRESGL": 0.28, "REAL_FLV": 141900, "HSTED_FLV": 141900, "NRES_FLV": 0, "LAND_LV": 23400, "IMPRV_LV": 118500, "EQUIPVAL": 0, "EQUIPCODE": "", "INVENVAL": 0, "HSDECL": "Y", "HSITEVAL": 141900, "VETEXAMT": 0, "EXPDESC": "", "ENDDATE": "", "STATUTE": "", "EXAMT_HS": 0, "EXAMT_NR": 0, "UVREDUC_HS": 0, "UVREDUC_NR": 0, "GLVAL_HS": 1419.0, "GLVAL_NR": 0.0, "CRHOUSPCT": 0.0, "MUNGL1PCT": 1419.0, "AOEGL_HS": 1419.0, "AOEGL_NR": 0.0, "E911ADDR": "91 PARK ST", "SHAPE_Length": 0.0015188078650823279, "SHAPE_Area": 1.2824641936635669e-07}, "geometry": {"type": "MultiPolygon", "coordinates": [[[[-72.49496449399999, 44.200867525000035], [-72.49507828199995, 44.20063268800004], [-72.49555914799998, 44.20075322300005], [-72.49555328199995, 44.20076489300004], [-72.49544027899998, 44.200992418000055], [-72.49496332199993, 44.20086977500006], [-72.49496449399999, 44.200867525000035]]]]}}, {"type": "Feature", "properties": {"OBJECTID": 5819, "SPAN": "036-011-11253", "GLIST_SPAN": "036-011-11253", "MAPID": "1105-0015.0000", "PARCID": "1105-0015-0000", "PROPTYPE": "PARCEL", "YEAR": 2023, "GLYEAR": 2022, "TOWN": "BARRE CITY", "TNAME": "Barre City", "SOURCENAME": null, "SOURCETYPE": "UNKNOWN", "SOURCEDATE": "UNKNOWN", "EDITMETHOD": "UNKNOWN", "EDITOR": "UNKNOWN", "EDITDATE": "UNKNOWN", "MATCHSTAT": "MATCH", "EDITNOTE": "UNKNOWN", "OWNER1": "FULLER GREGORY S & WENDY", "OWNER2": "", "ADDRGL1": "15 ONWARD ST APT 1", "ADDRGL2": "", "CITYGL": "BARRE", "STGL": "VT", "ZIPGL": "05641", "DESCPROP": "2 APTS-0.53AC", "LOCAPROP": "ONWARD ST  15", "CAT": "Residential-1", "RESCODE": "T", "ACRESGL": 0.53, "REAL_FLV": 171500, "HSTED_FLV": 108000, "NRES_FLV": 63500, "LAND_LV": 36910, "IMPRV_LV": 134590, "EQUIPVAL": 0, "EQUIPCODE": "", "INVENVAL": 0, "HSDECL": "Y", "HSITEVAL": 108000, "VETEXAMT": 0, "EXPDESC": "", "ENDDATE": "", "STATUTE": "", "EXAMT_HS": 0, "EXAMT_NR": 0, "UVREDUC_HS": 0, "UVREDUC_NR": 0, "GLVAL_HS": 1080.0, "GLVAL_NR": 635.0, "CRHOUSPCT": 0.0, "MUNGL1PCT": 1715.0, "AOEGL_HS": 1080.0, "AOEGL_NR": 635.0, "E911ADDR": "15 ONWARD ST", "SHAPE_Length": 0.001931195618271358, "SHAPE_Area": 1.9501979040290301e-07}, "geometry": {"type": "MultiPolygon", "coordinates": [[[[-72.49260388099998, 44.201025738000055], [-72.49268322199998, 44.20069928700008], [-72.49331112899995, 44.200853779000056], [-72.49315692799996, 44.20118298700004], [-72.49292675299995, 44.20106780300006], [-72.49276051299995, 44.20102754000004], [-72.49260388099998, 44.201025738000055]]]]}}, {"type": "Feature", "properties": {"OBJECTID": 6030, "SPAN": "036-011-11299", "GLIST_SPAN": "036-011-11299", "MAPID": "1592-0017.0000", "PARCID": "1592-0017-0000", "PROPTYPE": "PARCEL", "YEAR": 2023, "GLYEAR": 2022, "TOWN": "BARRE CITY", "TNAME": "Barre City", "SOURCENAME": null, "SOURCETYPE": "UNKNOWN", "SOURCEDATE": "UNKNOWN", "EDITMETHOD": "UNKNOWN", "EDITOR": "UNKNOWN", "EDITDATE": "UNKNOWN", "MATCHSTAT": "MATCH", "EDITNOTE": "UNKNOWN", "OWNER1": "MORRIS HANNAH & GRUNEWALD STEPHEN P", "OWNER2": "", "ADDRGL1": "17 WINTER MEADOW", "ADDRGL2": "", "CITYGL": "BARRE", "STGL": "VT", "ZIPGL": "05641", "DESCPROP": "1 FAM-0.21AC & 0.20AC", "LOCAPROP": "WINTER MEADOW  17", "CAT": "Residential-1", "RESCODE": "T", "ACRESGL": 0.41, "REAL_FLV": 140800, "HSTED_FLV": 140800, "NRES_FLV": 0, "LAND_LV": 41200, "IMPRV_LV": 99600, "EQUIPVAL": 0, "EQUIPCODE": "", "INVENVAL": 0, "HSDECL": "Y", "HSITEVAL": 140800, "VETEXAMT": 0, "EXPDESC": "", "ENDDATE": "", "STATUTE": "", "EXAMT_HS": 0, "EXAMT_NR": 0, "UVREDUC_HS": 0, "UVREDUC_NR": 0, "GLVAL_HS": 1408.0, "GLVAL_NR": 0.0, "CRHOUSPCT": 0.0, "MUNGL1PCT": 1408.0, "AOEGL_HS": 1408.0, "AOEGL_NR": 0.0, "E911ADDR": "17 WINTER MEADOW", "SHAPE_Length": 0.0017991242433232474, "SHAPE_Area": 1.9650478025753562e-07}, "geometry": {"type": "MultiPolygon", "coordinates": [[[[-72.49371031199996, 44.20081669800004], [-72.49371445099996, 44.20080838000007], [-72.49371676199996, 44.200808951000056], [-72.49384313299998, 44.20084113000007], [-72.49419886799996, 44.200931712000056], [-72.49419547699995, 44.20093878500006], [-72.49410553899997, 44.20112285600004], [-72.49410081899998, 44.20113261300003], [-72.49407447699997, 44.20118435200004], [-72.49401872899995, 44.20129385000007], [-72.49401638299997, 44.201293287000055], [-72.49354255399999, 44.20117359100004], [-72.49361914399998, 44.20101065100005], [-72.49371031199996, 44.20081669800004]]]]}}, {"type": "Feature", "properties": {"OBJECTID": 6147, "SPAN": "036-011-11419", "GLIST_SPAN": "036-011-11419", "MAPID": "1592-0011.0000", "PARCID": "1592-0011-0000", "PROPTYPE": "PARCEL", "YEAR": 2023, "GLYEAR": 2022, "TOWN": "BARRE CITY", "TNAME": "Barre City", "SOURCENAME": null, "SOURCETYPE": "UNKNOWN", "SOURCEDATE": "UNKNOWN", "EDITMETHOD": "UNKNOWN", "EDITOR": "UNKNOWN", "EDITDATE": "UNKNOWN", "MATCHSTAT": "MATCH", "EDITNOTE": "UNKNOWN", "OWNER1": "BENTON KENNETH D & LINDSEY A", "OWNER2": "", "ADDRGL1": "11 WINTER MEADOW", "ADDRGL2": "", "CITYGL": "BARRE", "STGL": "VT", "ZIPGL": "05641", "DESCPROP": "1 FAM-0.27AC", "LOCAPROP": "WINTER MEADOW  11", "CAT": "Residential-1", "RESCODE": "T", "ACRESGL": 0.27, "REAL_FLV": 152400, "HSTED_FLV": 152400, "NRES_FLV": 0, "LAND_LV": 30000, "IMPRV_LV": 122400, "EQUIPVAL": 0, "EQUIPCODE": "", "INVENVAL": 0, "HSDECL": "Y", "HSITEVAL": 152400, "VETEXAMT": 0, "EXPDESC": "", "ENDDATE": "", "STATUTE": "", "EXAMT_HS": 0, "EXAMT_NR": 0, "UVREDUC_HS": 0, "UVREDUC_NR": 0, "GLVAL_HS": 1524.0, "GLVAL_NR": 0.0, "CRHOUSPCT": 0.0, "MUNGL1PCT": 1524.0, "AOEGL_HS": 1524.0, "AOEGL_NR": 0.0, "E911ADDR": "11 WINTER MEADOW", "SHAPE_Length": 0.0014142621724267238, "SHAPE_Area": 1.221236101419703e-07}, "geometry": {"type": "MultiPolygon", "coordinates": [[[[-72.49384313299998, 44.20084113000007], [-72.49400429799994, 44.200535641000045], [-72.49434837099994, 44.20061732600004], [-72.49430887699998, 44.20070437000004], [-72.49420134199994, 44.20092655000008], [-72.49419886799996, 44.200931712000056], [-72.49384313299998, 44.20084113000007]]]]}}, {"type": "Feature", "properties": {"OBJECTID": 6161, "SPAN": "036-011-11434", "GLIST_SPAN": "036-011-11434", "MAPID": "0450-0110.0000", "PARCID": "0450-0110-0000", "PROPTYPE": "PARCEL", "YEAR": 2023, "GLYEAR": 2022, "TOWN": "BARRE CITY", "TNAME": "Barre City", "SOURCENAME": null, "SOURCETYPE": "UNKNOWN", "SOURCEDATE": "UNKNOWN", "EDITMETHOD": "UNKNOWN", "EDITOR": "UNKNOWN", "EDITDATE": "UNKNOWN", "MATCHSTAT": "MATCH", "EDITNOTE": "UNKNOWN", "OWNER1": "SHERMAN CRAIG A", "OWNER2": "", "ADDRGL1": "110 CURRIER ST", "ADDRGL2": "", "CITYGL": "BARRE", "STGL": "VT", "ZIPGL": "05641", "DESCPROP": "1 FAM-0.53AC", "LOCAPROP": "CURRIER ST 110", "CAT": "Residential-1", "RESCODE": "T", "ACRESGL": 0.53, "REAL_FLV": 137040, "HSTED_FLV": 0, "NRES_FLV": 137040, "LAND_LV": 34970, "IMPRV_LV": 102070, "EQUIPVAL": 0, "EQUIPCODE": "", "INVENVAL": 0, "HSDECL": "N", "HSITEVAL": 137040, "VETEXAMT": 0, "EXPDESC": "", "ENDDATE": "", "STATUTE": "", "EXAMT_HS": 0, "EXAMT_NR": 0, "UVREDUC_HS": 0, "UVREDUC_NR": 0, "GLVAL_HS": 0.0, "GLVAL_NR": 1370.4, "CRHOUSPCT": 0.0, "MUNGL1PCT": 1370.4, "AOEGL_HS": 0.0, "AOEGL_NR": 1370.4, "E911ADDR": "110 CURRIER ST", "SHAPE_Length": 0.002027096207144307, "SHAPE_Area": 2.1953462433837823e-07}, "geometry": {"type": "MultiPolygon", "coordinates": [[[[-72.49144360099996, 44.200463444000036], [-72.49159533899996, 44.20012778600005], [-72.49159807599995, 44.200128490000054], [-72.49160276699996, 44.20012975600008], [-72.49211450599995, 44.200246650000054], [-72.49214460899998, 44.20025326200005], [-72.49214578199997, 44.20025382400007], [-72.49207812799995, 44.20039753800006], [-72.49207289099996, 44.20040868800004], [-72.49215206099996, 44.20042758500006], [-72.49206910699996, 44.20060875300004], [-72.49144555699996, 44.200464288000035], [-72.49144360099996, 44.200463444000036]]]]}}, {"type": "Feature", "properties": {"OBJECTID": 6179, "SPAN": "036-011-11451", "GLIST_SPAN": "036-011-11451", "MAPID": "0530-0144.0000", "PARCID": "0530-0144-0000", "PROPTYPE": "PARCEL", "YEAR": 2023, "GLYEAR": 2022, "TOWN": "BARRE CITY", "TNAME": "Barre City", "SOURCENAME": null, "SOURCETYPE": "UNKNOWN", "SOURCEDATE": "UNKNOWN", "EDITMETHOD": "UNKNOWN", "EDITOR": "UNKNOWN", "EDITDATE": "UNKNOWN", "MATCHSTAT": "MATCH", "EDITNOTE": "UNKNOWN", "OWNER1": "BELROSE JEFFREY S & KIRSTEN R", "OWNER2": "", "ADDRGL1": "6 ETHEL COURT", "ADDRGL2": "", "CITYGL": "ST ALBANS", "STGL": "VT", "ZIPGL": "05478", "DESCPROP": "4 APTS-0.80AC", "LOCAPROP": "ELM ST 144", "CAT": "Residential-1", "RESCODE": "S", "ACRESGL": 0.8, "REAL_FLV": 197800, "HSTED_FLV": 0, "NRES_FLV": 197800, "LAND_LV": 29200, "IMPRV_LV": 168600, "EQUIPVAL": 0, "EQUIPCODE": "", "INVENVAL": 0, "HSDECL": "N", "HSITEVAL": 0, "VETEXAMT": 0, "EXPDESC": "", "ENDDATE": "", "STATUTE": "", "EXAMT_HS": 0, "EXAMT_NR": 0, "UVREDUC_HS": 0, "UVREDUC_NR": 0, "GLVAL_HS": 0.0, "GLVAL_NR": 1978.0, "CRHOUSPCT": 0.0, "MUNGL1PCT": 1978.0, "AOEGL_HS": 0.0, "AOEGL_NR": 1978.0, "E911ADDR": "144 ELM ST", "SHAPE_Length": 0.0024949685594732327, "SHAPE_Area": 3.593820525265651e-07}, "geometry": {"type": "MultiPolygon", "coordinates": [[[[-72.49645288999994, 44.200443319000044], [-72.49645328099996, 44.200439663000054], [-72.49645601799995, 44.200440366000066], [-72.49669293199997, 44.20050576300008], [-72.49680865299996, 44.20053051600007], [-72.49681021699996, 44.200530797000056], [-72.49692437399995, 44.20055414400008], [-72.49678713299994, 44.20083566900007], [-72.49667374299997, 44.201067554000076], [-72.49659006799999, 44.20123939400003], [-72.49611779799994, 44.20112238000007], [-72.49621554999999, 44.20092255700007], [-72.49622376199994, 44.20090512000007], [-72.49622728099996, 44.20089794800003], [-72.49633011599997, 44.20069081300005], [-72.49645288999994, 44.200443319000044]]]]}}, {"type": "Feature", "properties": {"OBJECTID": 6199, "SPAN": "036-011-11472", "GLIST_SPAN": "036-011-11472", "MAPID": "1455-0032.0000", "PARCID": "1455-0032-0000", "PROPTYPE": "PARCEL", "YEAR": 2023, "GLYEAR": 2022, "TOWN": "BARRE CITY", "TNAME": "Barre City", "SOURCENAME": null, "SOURCETYPE": "UNKNOWN", "SOURCEDATE": "UNKNOWN", "EDITMETHOD": "UNKNOWN", "EDITOR": "UNKNOWN", "EDITDATE": "UNKNOWN", "MATCHSTAT": "MATCH", "EDITNOTE": "UNKNOWN", "OWNER1": "HANNIGAN JOHN & MARY", "OWNER2": "", "ADDRGL1": "32 UPLAND AVE", "ADDRGL2": "", "CITYGL": "BARRE", "STGL": "VT", "ZIPGL": "05641", "DESCPROP": "1 FAM-0.27AC", "LOCAPROP": "UPLAND AVE  32", "CAT": "Residential-1", "RESCODE": "T", "ACRESGL": 0.27, "REAL_FLV": 141300, "HSTED_FLV": 141300, "NRES_FLV": 0, "LAND_LV": 25500, "IMPRV_LV": 115800, "EQUIPVAL": 0, "EQUIPCODE": "", "INVENVAL": 0, "HSDECL": "Y", "HSITEVAL": 141300, "VETEXAMT": 0, "EXPDESC": "", "ENDDATE": "", "STATUTE": "", "EXAMT_HS": 0, "EXAMT_NR": 0, "UVREDUC_HS": 0, "UVREDUC_NR": 0, "GLVAL_HS": 1413.0, "GLVAL_NR": 0.0, "CRHOUSPCT": 0.0, "MUNGL1PCT": 1413.0, "AOEGL_HS": 1413.0, "AOEGL_NR": 0.0, "E911ADDR": "32 UPLAND AVE", "SHAPE_Length": 0.0016639477923888846, "SHAPE_Area": 1.6477471707234005e-07}, "geometry": {"type": "MultiPolygon", "coordinates": [[[[-72.49221734599996, 44.20010336200005], [-72.49226270699995, 44.20002152200004], [-72.49238585199998, 44.20004979600003], [-72.49250117999998, 44.20007638200008], [-72.49255434799994, 44.200090869000064], [-72.49259109599996, 44.20010085600006], [-72.49255159899997, 44.20018354000007], [-72.49260242099996, 44.20019591800008], [-72.49261228399996, 44.20019832200006], [-72.49246956699994, 44.20049133500004], [-72.49246415599998, 44.20050244400005], [-72.49245444999997, 44.20050012000007], [-72.49215206099996, 44.20042758500006], [-72.49207289099996, 44.20040868800004], [-72.49207812799995, 44.20039753800006], [-72.49214578199997, 44.20025382400007], [-72.49221695499995, 44.20010406500006], [-72.49221734599996, 44.20010336200005]]]]}}, {"type": "Feature", "properties": {"OBJECTID": 6298, "SPAN": "036-011-11575", "GLIST_SPAN": "036-011-11575", "MAPID": "1145-0073.0000", "PARCID": "1145-0073-0000", "PROPTYPE": "PARCEL", "YEAR": 2023, "GLYEAR": 2022, "TOWN": "BARRE CITY", "TNAME": "Barre City", "SOURCENAME": null, "SOURCETYPE": "UNKNOWN", "SOURCEDATE": "UNKNOWN", "EDITMETHOD": "UNKNOWN", "EDITOR": "UNKNOWN", "EDITDATE": "UNKNOWN", "MATCHSTAT": "MATCH", "EDITNOTE": "UNKNOWN", "OWNER1": "PASTOR ALEXANDRA M", "OWNER2": "", "ADDRGL1": "73 PARK ST", "ADDRGL2": "", "CITYGL": "BARRE", "STGL": "VT", "ZIPGL": "05641", "DESCPROP": "1 FAM-0.30AC", "LOCAPROP": "PARK ST  73", "CAT": "Residential-1", "RESCODE": "T", "ACRESGL": 0.3, "REAL_FLV": 102700, "HSTED_FLV": 102700, "NRES_FLV": 0, "LAND_LV": 23800, "IMPRV_LV": 78900, "EQUIPVAL": 0, "EQUIPCODE": "", "INVENVAL": 0, "HSDECL": "Y", "HSITEVAL": 102700, "VETEXAMT": 0, "EXPDESC": "", "ENDDATE": "", "STATUTE": "", "EXAMT_HS": 0, "EXAMT_NR": 0, "UVREDUC_HS": 0, "UVREDUC_NR": 0, "GLVAL_HS": 1027.0, "GLVAL_NR": 0.0, "CRHOUSPCT": 0.0, "MUNGL1PCT": 1027.0, "AOEGL_HS": 1027.0, "AOEGL_NR": 0.0, "E911ADDR": "73 PARK ST", "SHAPE_Length": 0.0016045312994370825, "SHAPE_Area": 1.4639791849015714e-07}, "geometry": {"type": "MultiPolygon", "coordinates": [[[[-72.49519089599994, 44.200400804000026], [-72.49531223499997, 44.20015058200005], [-72.49581012799996, 44.20025899600006], [-72.49567293199993, 44.200522885000055], [-72.49566727499996, 44.20053433600003], [-72.49518764799996, 44.20041014200007], [-72.49518650199997, 44.20040985300005], [-72.49519089599994, 44.200400804000026]]]]}}, {"type": "Feature", "properties": {"OBJECTID": 6452, "SPAN": "036-011-11730", "GLIST_SPAN": "036-011-11730", "MAPID": "1105-0007.0000", "PARCID": "1105-0007-0000", "PROPTYPE": "PARCEL", "YEAR": 2023, "GLYEAR": 2022, "TOWN": "BARRE CITY", "TNAME": "Barre City", "SOURCENAME": null, "SOURCETYPE": "UNKNOWN", "SOURCEDATE": "UNKNOWN", "EDITMETHOD": "UNKNOWN", "EDITOR": "UNKNOWN", "EDITDATE": "UNKNOWN", "MATCHSTAT": "MATCH", "EDITNOTE": "UNKNOWN", "OWNER1": "CHIUCHIOLO MATHEW J & DENISE", "OWNER2": "", "ADDRGL1": "7 ONWARD ST", "ADDRGL2": "", "CITYGL": "BARRE", "STGL": "VT", "ZIPGL": "05641", "DESCPROP": "1 FAM-0.41AC", "LOCAPROP": "ONWARD ST   7", "CAT": "Residential-1", "RESCODE": "T", "ACRESGL": 0.41, "REAL_FLV": 144300, "HSTED_FLV": 144300, "NRES_FLV": 0, "LAND_LV": 31970, "IMPRV_LV": 112330, "EQUIPVAL": 0, "EQUIPCODE": "", "INVENVAL": 0, "HSDECL": "Y", "HSITEVAL": 144300, "VETEXAMT": 0, "EXPDESC": "", "ENDDATE": "", "STATUTE": "", "EXAMT_HS": 0, "EXAMT_NR": 0, "UVREDUC_HS": 0, "UVREDUC_NR": 0, "GLVAL_HS": 1443.0, "GLVAL_NR": 0.0, "CRHOUSPCT": 0.0, "MUNGL1PCT": 1443.0, "AOEGL_HS": 1443.0, "AOEGL_NR": 0.0, "E911ADDR": "7 ONWARD ST", "SHAPE_Length": 0.001774725133554207, "SHAPE_Area": 1.8598048434397358e-07}, "geometry": {"type": "MultiPolygon", "coordinates": [[[[-72.49331679199997, 44.200841688000025], [-72.49337200999997, 44.20072380000005], [-72.49337337999998, 44.200724139000044], [-72.49371445099996, 44.20080838000007], [-72.49371031199996, 44.20081669800004], [-72.49361914399998, 44.20101065100005], [-72.49354255399999, 44.20117359100004], [-72.49347607499993, 44.20131533500006], [-72.49347177299995, 44.201324054000054], [-72.49315692799996, 44.20118298700004], [-72.49331112899995, 44.200853779000056], [-72.49331679199997, 44.200841688000025]]]]}}, {"type": "Feature", "properties": {"OBJECTID": 6467, "SPAN": "036-011-11745", "GLIST_SPAN": "036-011-11745", "MAPID": "1592-0008.0000", "PARCID": "1592-0008-0000", "PROPTYPE": "PARCEL", "YEAR": 2023, "GLYEAR": 2022, "TOWN": "BARRE CITY", "TNAME": "Barre City", "SOURCENAME": null, "SOURCETYPE": "UNKNOWN", "SOURCEDATE": "UNKNOWN", "EDITMETHOD": "UNKNOWN", "EDITOR": "UNKNOWN", "EDITDATE": "UNKNOWN", "MATCHSTAT": "MATCH", "EDITNOTE": "UNKNOWN", "OWNER1": "FROST DENNIS E", "OWNER2": "", "ADDRGL1": "8 WINTER MEADOW", "ADDRGL2": "", "CITYGL": "BARRE", "STGL": "VT", "ZIPGL": "05641", "DESCPROP": "1 FAM-0.27AC", "LOCAPROP": "WINTER MEADOW   8", "CAT": "Residential-1", "RESCODE": "T", "ACRESGL": 0.27, "REAL_FLV": 127000, "HSTED_FLV": 127000, "NRES_FLV": 0, "LAND_LV": 30000, "IMPRV_LV": 97000, "EQUIPVAL": 0, "EQUIPCODE": "", "INVENVAL": 0, "HSDECL": "Y", "HSITEVAL": 127000, "VETEXAMT": 0, "EXPDESC": "", "ENDDATE": "", "STATUTE": "", "EXAMT_HS": 0, "EXAMT_NR": 0, "UVREDUC_HS": 0, "UVREDUC_NR": 0, "GLVAL_HS": 1270.0, "GLVAL_NR": 0.0, "CRHOUSPCT": 0.0, "MUNGL1PCT": 1270.0, "AOEGL_HS": 1270.0, "AOEGL_NR": 0.0, "E911ADDR": "8 WINTER MEADOW", "SHAPE_Length": 0.0014692233999188758, "SHAPE_Area": 1.1816991120852008e-07}, "geometry": {"type": "MultiPolygon", "coordinates": [[[[-72.49460680199996, 44.200512855000056], [-72.49471576599996, 44.20029071300007], [-72.49471695099999, 44.200291013000026], [-72.49518650199997, 44.20040985300005], [-72.49507828199995, 44.20063268800004], [-72.49460601999994, 44.20051426200007], [-72.49460680199996, 44.200512855000056]]]]}}, {"type": "Feature", "properties": {"OBJECTID": 6546, "SPAN": "036-011-11828", "GLIST_SPAN": "036-011-11828", "MAPID": "0770-0002.0000", "PARCID": "0770-0002-0000", "PROPTYPE": "PARCEL", "YEAR": 2023, "GLYEAR": 2022, "TOWN": "BARRE CITY", "TNAME": "Barre City", "SOURCENAME": null, "SOURCETYPE": "UNKNOWN", "SOURCEDATE": "UNKNOWN", "EDITMETHOD": "UNKNOWN", "EDITOR": "UNKNOWN", "EDITDATE": "UNKNOWN", "MATCHSTAT": "MATCH", "EDITNOTE": "UNKNOWN", "OWNER1": "JOHNSON COREY & MARTN MADYSON", "OWNER2": "", "ADDRGL1": "2 HIGH ST", "ADDRGL2": "", "CITYGL": "BARRE", "STGL": "VT", "ZIPGL": "05641", "DESCPROP": "1 FAM-0.24AC", "LOCAPROP": "HIGH ST   2", "CAT": "Residential-1", "RESCODE": "T", "ACRESGL": 0.24, "REAL_FLV": 122070, "HSTED_FLV": 122070, "NRES_FLV": 0, "LAND_LV": 26220, "IMPRV_LV": 95850, "EQUIPVAL": 0, "EQUIPCODE": "", "INVENVAL": 0, "HSDECL": "Y", "HSITEVAL": 122070, "VETEXAMT": 0, "EXPDESC": "", "ENDDATE": "", "STATUTE": "", "EXAMT_HS": 0, "EXAMT_NR": 0, "UVREDUC_HS": 0, "UVREDUC_NR": 0, "GLVAL_HS": 1221.0, "GLVAL_NR": 0.0, "CRHOUSPCT": 0.0, "MUNGL1PCT": 1220.7, "AOEGL_HS": 1221.0, "AOEGL_NR": 0.0, "E911ADDR": "2 HIGH ST", "SHAPE_Length": 0.0012927654034898105, "SHAPE_Area": 1.0233557893475806e-07}, "geometry": {"type": "MultiPolygon", "coordinates": [[[[-72.49482936399994, 44.20152320500006], [-72.49498230999995, 44.20123726700007], [-72.49528152499994, 44.201312752000035], [-72.49512872699995, 44.20162177000003], [-72.49482936399994, 44.20152320500006]]]]}}, {"type": "Feature", "properties": {"OBJECTID": 6656, "SPAN": "036-011-11944", "GLIST_SPAN": "036-011-11944", "MAPID": "1592-0031.0000", "PARCID": "1592-0031-0000", "PROPTYPE": "PARCEL", "YEAR": 2023, "GLYEAR": 2022, "TOWN": "BARRE CITY", "TNAME": "Barre City", "SOURCENAME": null, "SOURCETYPE": "UNKNOWN", "SOURCEDATE": "UNKNOWN", "EDITMETHOD": "UNKNOWN", "EDITOR": "UNKNOWN", "EDITDATE": "UNKNOWN", "MATCHSTAT": "MATCH", "EDITNOTE": "UNKNOWN", "OWNER1": "LUNT CLAUDE JR & SHEILA", "OWNER2": "", "ADDRGL1": "31 WINTER MEADOW", "ADDRGL2": "", "CITYGL": "BARRE", "STGL": "VT", "ZIPGL": "05641", "DESCPROP": "1 FAM-0.81AC", "LOCAPROP": "WINTER MEADOW  31", "CAT": "Residential-1", "RESCODE": "T", "ACRESGL": 0.81, "REAL_FLV": 142500, "HSTED_FLV": 142500, "NRES_FLV": 0, "LAND_LV": 34300, "IMPRV_LV": 108200, "EQUIPVAL": 0, "EQUIPCODE": "", "INVENVAL": 0, "HSDECL": "Y", "HSITEVAL": 142500, "VETEXAMT": 0, "EXPDESC": "", "ENDDATE": "", "STATUTE": "", "EXAMT_HS": 0, "EXAMT_NR": 0, "UVREDUC_HS": 0, "UVREDUC_NR": 0, "GLVAL_HS": 1425.0, "GLVAL_NR": 0.0, "CRHOUSPCT": 0.0, "MUNGL1PCT": 1425.0, "AOEGL_HS": 1425.0, "AOEGL_NR": 0.0, "E911ADDR": "31 WINTER MEADOW", "SHAPE_Length": 0.0025484241794567764, "SHAPE_Area": 3.7742106879345765e-07}, "geometry": {"type": "MultiPolygon", "coordinates": [[[[-72.49332006999998, 44.20141699800007], [-72.49332007099997, 44.20141348200008], [-72.49375072999999, 44.20155525200005], [-72.49388830399994, 44.201600539000026], [-72.49354252999996, 44.20228210000005], [-72.49317555499994, 44.20221298200005], [-72.49332006999998, 44.20141699800007]]]]}}, {"type": "Feature", "properties": {"OBJECTID": 6676, "SPAN": "036-011-11966", "GLIST_SPAN": "036-011-11966", "MAPID": "1455-0028.0000", "PARCID": "1455-0028-0000", "PROPTYPE": "PARCEL", "YEAR": 2023, "GLYEAR": 2022, "TOWN": "BARRE CITY", "TNAME": "Barre City", "SOURCENAME": null, "SOURCETYPE": "UNKNOWN", "SOURCEDATE": "UNKNOWN", "EDITMETHOD": "UNKNOWN", "EDITOR": "UNKNOWN", "EDITDATE": "UNKNOWN", "MATCHSTAT": "MATCH", "EDITNOTE": "UNKNOWN", "OWNER1": "BATCHELDER MICHAEL D", "OWNER2": "C/O LANG CASSIDY M & HEIDEN JORDAN R", "ADDRGL1": "28 UPLAND AVE", "ADDRGL2": "", "CITYGL": "BARRE", "STGL": "VT", "ZIPGL": "05641", "DESCPROP": "1 FAM-0.26AC", "LOCAPROP": "UPLAND AVE  28", "CAT": "Residential-1", "RESCODE": "T", "ACRESGL": 0.26, "REAL_FLV": 148600, "HSTED_FLV": 0, "NRES_FLV": 148600, "LAND_LV": 29800, "IMPRV_LV": 118800, "EQUIPVAL": 0, "EQUIPCODE": "", "INVENVAL": 0, "HSDECL": "N", "HSITEVAL": 148600, "VETEXAMT": 0, "EXPDESC": "", "ENDDATE": "", "STATUTE": "", "EXAMT_HS": 0, "EXAMT_NR": 0, "UVREDUC_HS": 0, "UVREDUC_NR": 0, "GLVAL_HS": 0.0, "GLVAL_NR": 1486.0, "CRHOUSPCT": 0.0, "MUNGL1PCT": 1486.0, "AOEGL_HS": 0.0, "AOEGL_NR": 1486.0, "E911ADDR": "28 UPLAND AVE", "SHAPE_Length": 0.0013977611055614638, "SHAPE_Area": 1.1915256088365168e-07}, "geometry": {"type": "MultiPolygon", "coordinates": [[[[-72.49246956699994, 44.20049133500004], [-72.49261228399996, 44.20019832200006], [-72.49296208599998, 44.20028354900006], [-72.49282208999995, 44.200575756000035], [-72.49281647199996, 44.20058748100007], [-72.49271853399995, 44.200563385000066], [-72.49271638099998, 44.200562855000044], [-72.49246415599998, 44.20050244400005], [-72.49246956699994, 44.20049133500004]]]]}}, {"type": "Feature", "properties": {"OBJECTID": 6752, "SPAN": "036-011-12048", "GLIST_SPAN": "036-011-12048", "MAPID": "0530-VL00.0002", "PARCID": "0530-VL00-0002", "PROPTYPE": "PARCEL", "YEAR": 2023, "GLYEAR": 2022, "TOWN": "BARRE CITY", "TNAME": "Barre City", "SOURCENAME": null, "SOURCETYPE": "UNKNOWN", "SOURCEDATE": "UNKNOWN", "EDITMETHOD": "UNKNOWN", "EDITOR": "UNKNOWN", "EDITDATE": "UNKNOWN", "MATCHSTAT": "MATCH", "EDITNOTE": "UNKNOWN", "OWNER1": "CITY OF BARRE", "OWNER2": "", "ADDRGL1": "6 N MAIN ST", "ADDRGL2": "", "CITYGL": "BARRE", "STGL": "VT", "ZIPGL": "05641", "DESCPROP": "VAC LAND-0.85AC", "LOCAPROP": "ELM ST   LOTS 10 11 & 12", "CAT": "Miscellaneous", "RESCODE": "C", "ACRESGL": 0.86, "REAL_FLV": 17510, "HSTED_FLV": 0, "NRES_FLV": 17510, "LAND_LV": 17510, "IMPRV_LV": 0, "EQUIPVAL": 0, "EQUIPCODE": "", "INVENVAL": 0, "HSDECL": "N", "HSITEVAL": 0, "VETEXAMT": 0, "EXPDESC": "Statutory", "ENDDATE": "", "STATUTE": "", "EXAMT_HS": 0, "EXAMT_NR": 0, "UVREDUC_HS": 0, "UVREDUC_NR": 0, "GLVAL_HS": 0.0, "GLVAL_NR": 0.0, "CRHOUSPCT": 0.0, "MUNGL1PCT": 0.0, "AOEGL_HS": 0.0, "AOEGL_NR": 0.0, "E911ADDR": "ELM ST", "SHAPE_Length": 0.0026028759415139225, "SHAPE_Area": 3.8868730185544777e-07}, "geometry": {"type": "MultiPolygon", "coordinates": [[[[-72.49611740799998, 44.20112364500005], [-72.49611779799994, 44.20112238000007], [-72.49659006799999, 44.20123939400003], [-72.49656863899997, 44.201283069000056], [-72.49656778199994, 44.201284815000065], [-72.49646729299997, 44.20148421500005], [-72.49636563099995, 44.20168952300003], [-72.49636484899997, 44.20169050700008], [-72.49621821999995, 44.20198468700005], [-72.49621587399997, 44.20198862500007], [-72.49576314799998, 44.20184306300007], [-72.49578152599997, 44.20180467400007], [-72.49588626999997, 44.20158988600008], [-72.49589961299995, 44.20156252400005], [-72.49597977199994, 44.20139771600003], [-72.49609981199995, 44.201159363000045], [-72.49611740799998, 44.20112364500005]]]]}}, {"type": "Feature", "properties": {"OBJECTID": 6756, "SPAN": "036-011-12052", "GLIST_SPAN": "036-011-12052", "MAPID": "0730-0040.0000", "PARCID": "0730-0040-0000", "PROPTYPE": "PARCEL", "YEAR": 2023, "GLYEAR": 2022, "TOWN": "BARRE CITY", "TNAME": "Barre City", "SOURCENAME": null, "SOURCETYPE": "UNKNOWN", "SOURCEDATE": "UNKNOWN", "EDITMETHOD": "UNKNOWN", "EDITOR": "UNKNOWN", "EDITDATE": "UNKNOWN", "MATCHSTAT": "MATCH", "EDITNOTE": "UNKNOWN", "OWNER1": "COMOLLI BRENNAN H & REBECCA A", "OWNER2": "", "ADDRGL1": "40 HALL ST", "ADDRGL2": "", "CITYGL": "BARRE", "STGL": "VT", "ZIPGL": "05641", "DESCPROP": "1 FAM-0.11AC", "LOCAPROP": "HALL ST  40", "CAT": "Residential-1", "RESCODE": "T", "ACRESGL": 0.11, "REAL_FLV": 142000, "HSTED_FLV": 0, "NRES_FLV": 142000, "LAND_LV": 17200, "IMPRV_LV": 124800, "EQUIPVAL": 0, "EQUIPCODE": "", "INVENVAL": 0, "HSDECL": "N", "HSITEVAL": 142000, "VETEXAMT": 0, "EXPDESC": "", "ENDDATE": "", "STATUTE": "", "EXAMT_HS": 0, "EXAMT_NR": 0, "UVREDUC_HS": 0, "UVREDUC_NR": 0, "GLVAL_HS": 0.0, "GLVAL_NR": 1420.0, "CRHOUSPCT": 0.0, "MUNGL1PCT": 1420.0, "AOEGL_HS": 0.0, "AOEGL_NR": 1420.0, "E911ADDR": "40 HALL ST", "SHAPE_Length": 0.0009383052085123615, "SHAPE_Area": 5.194853388995828e-08}, "geometry": {"type": "MultiPolygon", "coordinates": [[[[-72.49673975599995, 44.20214867000004], [-72.49681756599995, 44.20199187700007], [-72.49709280099995, 44.20205896200008], [-72.49698840499997, 44.20223614500003], [-72.49698801399995, 44.20223684800004], [-72.49673545399997, 44.20215570100004], [-72.49673975599995, 44.20214867000004]]]]}}, {"type": "Feature", "properties": {"OBJECTID": 6774, "SPAN": "036-011-12070", "GLIST_SPAN": "036-011-12070", "MAPID": "1592-0043.0000", "PARCID": "1592-0043-0000", "PROPTYPE": "PARCEL", "YEAR": 2023, "GLYEAR": 2022, "TOWN": "BARRE CITY", "TNAME": "Barre City", "SOURCENAME": null, "SOURCETYPE": "UNKNOWN", "SOURCEDATE": "UNKNOWN", "EDITMETHOD": "UNKNOWN", "EDITOR": "UNKNOWN", "EDITDATE": "UNKNOWN", "MATCHSTAT": "MATCH", "EDITNOTE": "UNKNOWN", "OWNER1": "ADAMS SHERRY R.J. & ADAMS JAMES POWELL", "OWNER2": "", "ADDRGL1": "43 WINTER MEADOW", "ADDRGL2": "", "CITYGL": "BARRE", "STGL": "VT", "ZIPGL": "05641", "DESCPROP": "1 FAM-0.47AC", "LOCAPROP": "WINTER MEADOW  43", "CAT": "Residential-1", "RESCODE": "T", "ACRESGL": 0.47, "REAL_FLV": 162900, "HSTED_FLV": 162900, "NRES_FLV": 0, "LAND_LV": 36300, "IMPRV_LV": 126600, "EQUIPVAL": 0, "EQUIPCODE": "", "INVENVAL": 0, "HSDECL": "Y", "HSITEVAL": 162900, "VETEXAMT": 0, "EXPDESC": "", "ENDDATE": "", "STATUTE": "", "EXAMT_HS": 0, "EXAMT_NR": 0, "UVREDUC_HS": 0, "UVREDUC_NR": 0, "GLVAL_HS": 1629.0, "GLVAL_NR": 0.0, "CRHOUSPCT": 0.0, "MUNGL1PCT": 1629.0, "AOEGL_HS": 1629.0, "AOEGL_NR": 0.0, "E911ADDR": "43 WINTER MEADOW", "SHAPE_Length": 0.0021957888417376724, "SHAPE_Area": 2.140853042135693e-07}, "geometry": {"type": "MultiPolygon", "coordinates": [[[[-72.49280675699998, 44.20267277100004], [-72.49289765499998, 44.20250568600005], [-72.49310036199995, 44.202552180000055], [-72.49317555499994, 44.20221298200005], [-72.49354252999996, 44.20228210000005], [-72.49333712199996, 44.20271696100008], [-72.49328908099994, 44.20280094300006], [-72.49280675699998, 44.20267277100004]]]]}}, {"type": "Feature", "properties": {"OBJECTID": 6780, "SPAN": "036-011-12076", "GLIST_SPAN": "036-011-12076", "MAPID": "1592-0021.0000", "PARCID": "1592-0021-0000", "PROPTYPE": "PARCEL", "YEAR": 2023, "GLYEAR": 2022, "TOWN": "BARRE CITY", "TNAME": "Barre City", "SOURCENAME": null, "SOURCETYPE": "UNKNOWN", "SOURCEDATE": "UNKNOWN", "EDITMETHOD": "UNKNOWN", "EDITOR": "UNKNOWN", "EDITDATE": "UNKNOWN", "MATCHSTAT": "MATCH", "EDITNOTE": "UNKNOWN", "OWNER1": "FERNANDEZ LUCA P", "OWNER2": "", "ADDRGL1": "21 WINTER MEADOW", "ADDRGL2": "", "CITYGL": "BARRE", "STGL": "VT", "ZIPGL": "05641", "DESCPROP": "2 APTS-0.20AC", "LOCAPROP": "WINTER MEADOW  21", "CAT": "Residential-1", "RESCODE": "T", "ACRESGL": 0.2, "REAL_FLV": 121940, "HSTED_FLV": 80100, "NRES_FLV": 41840, "LAND_LV": 23610, "IMPRV_LV": 98330, "EQUIPVAL": 0, "EQUIPCODE": "", "INVENVAL": 0, "HSDECL": "Y", "HSITEVAL": 80100, "VETEXAMT": 0, "EXPDESC": "", "ENDDATE": "", "STATUTE": "", "EXAMT_HS": 0, "EXAMT_NR": 0, "UVREDUC_HS": 0, "UVREDUC_NR": 0, "GLVAL_HS": 801.0, "GLVAL_NR": 418.4, "CRHOUSPCT": 0.0, "MUNGL1PCT": 1219.4, "AOEGL_HS": 801.0, "AOEGL_NR": 418.4, "E911ADDR": "21 WINTER MEADOW", "SHAPE_Length": 0.0013345439228537072, "SHAPE_Area": 8.665184027305688e-08}, "geometry": {"type": "MultiPolygon", "coordinates": [[[[-72.49347607499993, 44.20131533500006], [-72.49354255399999, 44.20117359100004], [-72.49401638299997, 44.201293287000055], [-72.49401872899995, 44.20129385000007], [-72.49400269499995, 44.20132563000004], [-72.49393113599996, 44.201468641000076], [-72.49383633999997, 44.201438917000075], [-72.49354958599997, 44.20134900200003], [-72.49347450999994, 44.20132546000008], [-72.49347177299995, 44.201324054000054], [-72.49347607499993, 44.20131533500006]]]]}}, {"type": "Feature", "properties": {"OBJECTID": 6853, "SPAN": "036-011-12535", "GLIST_SPAN": "036-011-12535", "MAPID": "0730-0031.0000", "PARCID": "0730-0031-0000", "PROPTYPE": "PARCEL", "YEAR": 2023, "GLYEAR": 2022, "TOWN": "BARRE CITY", "TNAME": "Barre City", "SOURCENAME": null, "SOURCETYPE": "UNKNOWN", "SOURCEDATE": "UNKNOWN", "EDITMETHOD": "UNKNOWN", "EDITOR": "UNKNOWN", "EDITDATE": "UNKNOWN", "MATCHSTAT": "MATCH", "EDITNOTE": "UNKNOWN", "OWNER1": "WHITCOMB AVERY E & MORALES ARRIANA M", "OWNER2": "", "ADDRGL1": "31 HALL STREET", "ADDRGL2": "", "CITYGL": "BARRE", "STGL": "VT", "ZIPGL": "05641", "DESCPROP": "1 FAM-0.18AC", "LOCAPROP": "HALL ST  31", "CAT": "Residential-1", "RESCODE": "T", "ACRESGL": 0.18, "REAL_FLV": 114050, "HSTED_FLV": 114050, "NRES_FLV": 0, "LAND_LV": 17730, "IMPRV_LV": 96320, "EQUIPVAL": 0, "EQUIPCODE": "", "INVENVAL": 0, "HSDECL": "Y", "HSITEVAL": 114050, "VETEXAMT": 0, "EXPDESC": "", "ENDDATE": "", "STATUTE": "", "EXAMT_HS": 0, "EXAMT_NR": 0, "UVREDUC_HS": 0, "UVREDUC_NR": 0, "GLVAL_HS": 1140.0, "GLVAL_NR": 0.0, "CRHOUSPCT": 0.0, "MUNGL1PCT": 1140.5, "AOEGL_HS": 1140.0, "AOEGL_NR": 0.0, "E911ADDR": "31 HALL ST", "SHAPE_Length": 0.0011870681170755844, "SHAPE_Area": 8.173792680427784e-08}, "geometry": {"type": "MultiPolygon", "coordinates": [[[[-72.49636563099995, 44.20168952300003], [-72.49646729299997, 44.20148421500005], [-72.49681954299996, 44.20158294400005], [-72.49671944599999, 44.201785158000064], [-72.49636563099995, 44.20168952300003]]]]}}, {"type": "Feature", "properties": {"OBJECTID": 7040, "SPAN": "036-011-13050", "GLIST_SPAN": "036-011-13050", "MAPID": "0730-0036.0000", "PARCID": "0730-0036-0000", "PROPTYPE": "PARCEL", "YEAR": 2023, "GLYEAR": 2022, "TOWN": "BARRE CITY", "TNAME": "Barre City", "SOURCENAME": null, "SOURCETYPE": "UNKNOWN", "SOURCEDATE": "UNKNOWN", "EDITMETHOD": "UNKNOWN", "EDITOR": "UNKNOWN", "EDITDATE": "UNKNOWN", "MATCHSTAT": "MATCH", "EDITNOTE": "UNKNOWN", "OWNER1": "GRAVES TIMOTHY A", "OWNER2": "", "ADDRGL1": "36 HALL ST", "ADDRGL2": "", "CITYGL": "BARRE", "STGL": "VT", "ZIPGL": "05641", "DESCPROP": "1 FAM-0.15AC", "LOCAPROP": "HALL ST  36", "CAT": "Residential-1", "RESCODE": "T", "ACRESGL": 0.15, "REAL_FLV": 94110, "HSTED_FLV": 94110, "NRES_FLV": 0, "LAND_LV": 16700, "IMPRV_LV": 77410, "EQUIPVAL": 0, "EQUIPCODE": "", "INVENVAL": 0, "HSDECL": "Y", "HSITEVAL": 94110, "VETEXAMT": 40000, "EXPDESC": "", "ENDDATE": "", "STATUTE": "", "EXAMT_HS": 0, "EXAMT_NR": 0, "UVREDUC_HS": 0, "UVREDUC_NR": 0, "GLVAL_HS": 541.0, "GLVAL_NR": 0.0, "CRHOUSPCT": 0.0, "MUNGL1PCT": 541.1, "AOEGL_HS": 841.0, "AOEGL_NR": 0.0, "E911ADDR": "36 HALL ST", "SHAPE_Length": 0.0010620820996975389, "SHAPE_Area": 6.694098496269151e-08}, "geometry": {"type": "MultiPolygon", "coordinates": [[[[-72.49689498499998, 44.201836349000075], [-72.49699625499994, 44.20163188600003], [-72.49729729199998, 44.201712470000075], [-72.49718233999994, 44.20190737200005], [-72.49689498499998, 44.201836349000075]]]]}}, {"type": "Feature", "properties": {"OBJECTID": 7049, "SPAN": "036-011-12169", "GLIST_SPAN": "036-011-12169", "MAPID": "1592-0018.0000", "PARCID": "1592-0018-0000", "PROPTYPE": "PARCEL", "YEAR": 2023, "GLYEAR": 2022, "TOWN": "BARRE CITY", "TNAME": "Barre City", "SOURCENAME": null, "SOURCETYPE": "UNKNOWN", "SOURCEDATE": "UNKNOWN", "EDITMETHOD": "UNKNOWN", "EDITOR": "UNKNOWN", "EDITDATE": "UNKNOWN", "MATCHSTAT": "MATCH", "EDITNOTE": "UNKNOWN", "OWNER1": "DALL FAITH AHEARN & DALL BRANDON J", "OWNER2": "", "ADDRGL1": "18 WINTER MEADOW", "ADDRGL2": "", "CITYGL": "BARRE", "STGL": "VT", "ZIPGL": "05641", "DESCPROP": "1 FAM-0.19AC & LOTS  0.20 AC & 0.22AC", "LOCAPROP": "WINTER MEADOW  18", "CAT": "Residential-1", "RESCODE": "T", "ACRESGL": 0.63, "REAL_FLV": 136800, "HSTED_FLV": 136800, "NRES_FLV": 0, "LAND_LV": 44500, "IMPRV_LV": 92300, "EQUIPVAL": 0, "EQUIPCODE": "", "INVENVAL": 0, "HSDECL": "Y", "HSITEVAL": 136800, "VETEXAMT": 0, "EXPDESC": "", "ENDDATE": "", "STATUTE": "", "EXAMT_HS": 0, "EXAMT_NR": 0, "UVREDUC_HS": 0, "UVREDUC_NR": 0, "GLVAL_HS": 1368.0, "GLVAL_NR": 0.0, "CRHOUSPCT": 0.0, "MUNGL1PCT": 1368.0, "AOEGL_HS": 1368.0, "AOEGL_NR": 0.0, "E911ADDR": "18 WINTER MEADOW", "SHAPE_Length": 0.0023125718771506015, "SHAPE_Area": 2.889369736470588e-07}, "geometry": {"type": "MultiPolygon", "coordinates": [[[[-72.49411685999996, 44.201497259000064], [-72.49420769099999, 44.20132486400007], [-72.49424403099994, 44.20125743400007], [-72.49427532199996, 44.201199373000065], [-72.49434469499994, 44.20107065000008], [-72.49464466599994, 44.20115199400004], [-72.49466285399996, 44.20115658700007], [-72.49496876399996, 44.20123385100004], [-72.49498230999995, 44.20123726700007], [-72.49482936399994, 44.20152320500006], [-72.49467334799994, 44.20147353800007], [-72.49458270599996, 44.20164434000003], [-72.49411685999996, 44.201497259000064]]]]}}, {"type": "Feature", "properties": {"OBJECTID": 7055, "SPAN": "036-011-13064", "GLIST_SPAN": "036-011-13064", "MAPID": "0730-0025.0000", "PARCID": "0730-0025-0000", "PROPTYPE": "PARCEL", "YEAR": 2023, "GLYEAR": 2022, "TOWN": "BARRE CITY", "TNAME": "Barre City", "SOURCENAME": null, "SOURCETYPE": "UNKNOWN", "SOURCEDATE": "UNKNOWN", "EDITMETHOD": "UNKNOWN", "EDITOR": "UNKNOWN", "EDITDATE": "UNKNOWN", "MATCHSTAT": "MATCH", "EDITNOTE": "UNKNOWN", "OWNER1": "BICK PAUL", "OWNER2": "C/O BOOK EVAN", "ADDRGL1": "25 HALL ST", "ADDRGL2": "", "CITYGL": "BARRE", "STGL": "VT", "ZIPGL": "05641", "DESCPROP": "1 FAM-0.19AC", "LOCAPROP": "HALL ST  25", "CAT": "Residential-1", "RESCODE": "T", "ACRESGL": 0.37, "REAL_FLV": 148100, "HSTED_FLV": 0, "NRES_FLV": 148100, "LAND_LV": 39800, "IMPRV_LV": 108300, "EQUIPVAL": 0, "EQUIPCODE": "", "INVENVAL": 0, "HSDECL": "N", "HSITEVAL": 148100, "VETEXAMT": 0, "EXPDESC": "", "ENDDATE": "", "STATUTE": "", "EXAMT_HS": 0, "EXAMT_NR": 0, "UVREDUC_HS": 0, "UVREDUC_NR": 0, "GLVAL_HS": 0.0, "GLVAL_NR": 1481.0, "CRHOUSPCT": 0.0, "MUNGL1PCT": 1481.0, "AOEGL_HS": 0.0, "AOEGL_NR": 1481.0, "E911ADDR": "25 HALL ST", "SHAPE_Length": 0.0016652384669739318, "SHAPE_Area": 1.6752604484035517e-07}, "geometry": {"type": "MultiPolygon", "coordinates": [[[[-72.49659006799999, 44.20123939400003], [-72.49667374299997, 44.201067554000076], [-72.49702638199994, 44.20116543700004], [-72.49702833699996, 44.20116585900007], [-72.49692159399996, 44.20138030700008], [-72.49692043199997, 44.20138261500006], [-72.49681954299996, 44.20158294400005], [-72.49646729299997, 44.20148421500005], [-72.49656778199994, 44.201284815000065], [-72.49656863899997, 44.201283069000056], [-72.49659006799999, 44.20123939400003]]]]}}, {"type": "Feature", "properties": {"OBJECTID": 7068, "SPAN": "036-011-12174", "GLIST_SPAN": "036-011-12174", "MAPID": "1455-0004.0000", "PARCID": "1455-0004-0000", "PROPTYPE": "PARCEL", "YEAR": 2023, "GLYEAR": 2022, "TOWN": "BARRE CITY", "TNAME": "Barre City", "SOURCENAME": null, "SOURCETYPE": "UNKNOWN", "SOURCEDATE": "UNKNOWN", "EDITMETHOD": "UNKNOWN", "EDITOR": "UNKNOWN", "EDITDATE": "UNKNOWN", "MATCHSTAT": "MATCH", "EDITNOTE": "UNKNOWN", "OWNER1": "RAYMOND DAVID A", "OWNER2": "", "ADDRGL1": "26 MEADOWS DR", "ADDRGL2": "", "CITYGL": "BARRE", "STGL": "VT", "ZIPGL": "05641-3540", "DESCPROP": "1 FAM-0.09AC", "LOCAPROP": "UPLAND AVE   4", "CAT": "Residential-1", "RESCODE": "S", "ACRESGL": 0.09, "REAL_FLV": 43900, "HSTED_FLV": 0, "NRES_FLV": 43900, "LAND_LV": 14100, "IMPRV_LV": 29800, "EQUIPVAL": 0, "EQUIPCODE": "", "INVENVAL": 0, "HSDECL": "N", "HSITEVAL": 0, "VETEXAMT": 0, "EXPDESC": "", "ENDDATE": "", "STATUTE": "", "EXAMT_HS": 0, "EXAMT_NR": 0, "UVREDUC_HS": 0, "UVREDUC_NR": 0, "GLVAL_HS": 0.0, "GLVAL_NR": 439.0, "CRHOUSPCT": 0.0, "MUNGL1PCT": 439.0, "AOEGL_HS": 0.0, "AOEGL_NR": 439.0, "E911ADDR": "4 UPLAND AVE", "SHAPE_Length": 0.0009590456962192625, "SHAPE_Area": 4.553664196613573e-08}, "geometry": {"type": "MultiPolygon", "coordinates": [[[[-72.49386516199996, 44.20050916200006], [-72.49386907299998, 44.20050353700003], [-72.49400429799994, 44.200535641000045], [-72.49384313299998, 44.20084113000007], [-72.49371676199996, 44.200808951000056], [-72.49371445099996, 44.20080838000007], [-72.49371695999997, 44.20080333900006], [-72.49372204299993, 44.20079363600007], [-72.49377248799993, 44.200693373000036], [-72.49382879699994, 44.20058115900008], [-72.49386516199996, 44.20050916200006]]]]}}, {"type": "Feature", "properties": {"OBJECTID": 7085, "SPAN": "036-011-12596", "GLIST_SPAN": "036-011-12596", "MAPID": "0530-0142.0000", "PARCID": "0530-0142-0000", "PROPTYPE": "PARCEL", "YEAR": 2023, "GLYEAR": 2022, "TOWN": "BARRE CITY", "TNAME": "Barre City", "SOURCENAME": null, "SOURCETYPE": "UNKNOWN", "SOURCEDATE": "UNKNOWN", "EDITMETHOD": "UNKNOWN", "EDITOR": "UNKNOWN", "EDITDATE": "UNKNOWN", "MATCHSTAT": "MATCH", "EDITNOTE": "UNKNOWN", "OWNER1": "RITZO MARIE A", "OWNER2": "", "ADDRGL1": "142 ELM ST APT 1", "ADDRGL2": "", "CITYGL": "BARRE", "STGL": "VT", "ZIPGL": "05641", "DESCPROP": "2 APTS-0.33AC", "LOCAPROP": "ELM ST 142", "CAT": "Residential-1", "RESCODE": "T", "ACRESGL": 0.33, "REAL_FLV": 168400, "HSTED_FLV": 168400, "NRES_FLV": 0, "LAND_LV": 20000, "IMPRV_LV": 148400, "EQUIPVAL": 0, "EQUIPCODE": "", "INVENVAL": 0, "HSDECL": "Y", "HSITEVAL": 168400, "VETEXAMT": 0, "EXPDESC": "", "ENDDATE": "", "STATUTE": "", "EXAMT_HS": 0, "EXAMT_NR": 0, "UVREDUC_HS": 0, "UVREDUC_NR": 0, "GLVAL_HS": 1684.0, "GLVAL_NR": 0.0, "CRHOUSPCT": 0.0, "MUNGL1PCT": 1684.0, "AOEGL_HS": 1684.0, "AOEGL_NR": 0.0, "E911ADDR": "142 ELM ST", "SHAPE_Length": 0.0014450666565747445, "SHAPE_Area": 1.276900256551068e-07}, "geometry": {"type": "MultiPolygon", "coordinates": [[[[-72.49678713299994, 44.20083566900007], [-72.49692437399995, 44.20055414400008], [-72.49692671999998, 44.20055456600005], [-72.49729577799997, 44.200621512000055], [-72.49729694999996, 44.20062165300004], [-72.49712452299997, 44.200971098000025], [-72.49678713299994, 44.20083566900007]]]]}}, {"type": "Feature", "properties": {"OBJECTID": 7131, "SPAN": "036-011-12190", "GLIST_SPAN": "036-011-12190", "MAPID": "1145-0096.0000", "PARCID": "1145-0096-0000", "PROPTYPE": "PARCEL", "YEAR": 2023, "GLYEAR": 2022, "TOWN": "BARRE CITY", "TNAME": "Barre City", "SOURCENAME": null, "SOURCETYPE": "UNKNOWN", "SOURCEDATE": "UNKNOWN", "EDITMETHOD": "UNKNOWN", "EDITOR": "UNKNOWN", "EDITDATE": "UNKNOWN", "MATCHSTAT": "MATCH", "EDITNOTE": "UNKNOWN", "OWNER1": "CORMIER BARBARA E", "OWNER2": "", "ADDRGL1": "PO BOX 1161", "ADDRGL2": "", "CITYGL": "MONTPELIER", "STGL": "VT", "ZIPGL": "05601-1161", "DESCPROP": "1 FAM-0.28AC", "LOCAPROP": "PARK ST  96", "CAT": "Residential-1", "RESCODE": "T", "ACRESGL": 0.28, "REAL_FLV": 106550, "HSTED_FLV": 106550, "NRES_FLV": 0, "LAND_LV": 24520, "IMPRV_LV": 82030, "EQUIPVAL": 0, "EQUIPCODE": "", "INVENVAL": 0, "HSDECL": "Y", "HSITEVAL": 106550, "VETEXAMT": 0, "EXPDESC": "", "ENDDATE": "", "STATUTE": "", "EXAMT_HS": 0, "EXAMT_NR": 0, "UVREDUC_HS": 0, "UVREDUC_NR": 0, "GLVAL_HS": 1066.0, "GLVAL_NR": 0.0, "CRHOUSPCT": 0.0, "MUNGL1PCT": 1065.5, "AOEGL_HS": 1066.0, "AOEGL_NR": 0.0, "E911ADDR": "96 PARK ST", "SHAPE_Length": 0.001518478518133344, "SHAPE_Area": 1.2857324905928577e-07}, "geometry": {"type": "MultiPolygon", "coordinates": [[[[-72.49550398199995, 44.20128041800007], [-72.49562246099998, 44.201038691000065], [-72.49609629399998, 44.201158519000046], [-72.49609981199995, 44.201159363000045], [-72.49597977199994, 44.20139771600003], [-72.49550515599998, 44.20128069900005], [-72.49550398199995, 44.20128041800007]]]]}}, {"type": "Feature", "properties": {"OBJECTID": 7210, "SPAN": "036-011-13137", "GLIST_SPAN": "036-011-13137", "MAPID": "1145-0114.0000", "PARCID": "1145-0114-0000", "PROPTYPE": "PARCEL", "YEAR": 2023, "GLYEAR": 2022, "TOWN": "BARRE CITY", "TNAME": "Barre City", "SOURCENAME": null, "SOURCETYPE": "UNKNOWN", "SOURCEDATE": "UNKNOWN", "EDITMETHOD": "UNKNOWN", "EDITOR": "UNKNOWN", "EDITDATE": "UNKNOWN", "MATCHSTAT": "MATCH", "EDITNOTE": "UNKNOWN", "OWNER1": "LAQUERRE JAY C & DANIELLE N", "OWNER2": "", "ADDRGL1": "91 BLACKBERRY RIDGE RD", "ADDRGL2": "", "CITYGL": "PLAINFIELD", "STGL": "VT", "ZIPGL": "05667", "DESCPROP": "1 FAM-0.23AC", "LOCAPROP": "PARK ST 114", "CAT": "Residential-1", "RESCODE": "S", "ACRESGL": 0.23, "REAL_FLV": 84680, "HSTED_FLV": 0, "NRES_FLV": 84680, "LAND_LV": 22970, "IMPRV_LV": 61710, "EQUIPVAL": 0, "EQUIPCODE": "", "INVENVAL": 0, "HSDECL": "N", "HSITEVAL": 84680, "VETEXAMT": 0, "EXPDESC": "", "ENDDATE": "", "STATUTE": "", "EXAMT_HS": 0, "EXAMT_NR": 0, "UVREDUC_HS": 0, "UVREDUC_NR": 0, "GLVAL_HS": 0.0, "GLVAL_NR": 846.8, "CRHOUSPCT": 0.0, "MUNGL1PCT": 846.8, "AOEGL_HS": 0.0, "AOEGL_NR": 846.8, "E911ADDR": "114 PARK ST", "SHAPE_Length": 0.0014571203466600764, "SHAPE_Area": 1.1359559115907459e-07}, "geometry": {"type": "MultiPolygon", "coordinates": [[[[-72.49530325599994, 44.20167552800007], [-72.49541106599997, 44.201469495000026], [-72.49588626999997, 44.20158988600008], [-72.49578152599997, 44.20180467400007], [-72.49577800799995, 44.20180382900003], [-72.49530325599994, 44.20167552800007]]]]}}, {"type": "Feature", "properties": {"OBJECTID": 7212, "SPAN": "036-011-13138", "GLIST_SPAN": "036-011-13138", "MAPID": "1145-0104.0000", "PARCID": "1145-0104-0000", "PROPTYPE": "PARCEL", "YEAR": 2023, "GLYEAR": 2022, "TOWN": "BARRE CITY", "TNAME": "Barre City", "SOURCENAME": null, "SOURCETYPE": "UNKNOWN", "SOURCEDATE": "UNKNOWN", "EDITMETHOD": "UNKNOWN", "EDITOR": "UNKNOWN", "EDITDATE": "UNKNOWN", "MATCHSTAT": "MATCH", "EDITNOTE": "UNKNOWN", "OWNER1": "FLOOD JEFFREY", "OWNER2": "", "ADDRGL1": "104 PARK ST", "ADDRGL2": "", "CITYGL": "BARRE", "STGL": "VT", "ZIPGL": "05641", "DESCPROP": "1 FAM-0.24AC", "LOCAPROP": "PARK ST 104", "CAT": "Residential-1", "RESCODE": "T", "ACRESGL": 0.24, "REAL_FLV": 79740, "HSTED_FLV": 79740, "NRES_FLV": 0, "LAND_LV": 22050, "IMPRV_LV": 57690, "EQUIPVAL": 0, "EQUIPCODE": "", "INVENVAL": 0, "HSDECL": "Y", "HSITEVAL": 79740, "VETEXAMT": 0, "EXPDESC": "", "ENDDATE": "", "STATUTE": "", "EXAMT_HS": 0, "EXAMT_NR": 0, "UVREDUC_HS": 0, "UVREDUC_NR": 0, "GLVAL_HS": 797.0, "GLVAL_NR": 0.0, "CRHOUSPCT": 0.0, "MUNGL1PCT": 797.4, "AOEGL_HS": 797.0, "AOEGL_NR": 0.0, "E911ADDR": "104 PARK ST", "SHAPE_Length": 0.0014046366944591754, "SHAPE_Area": 1.017178518338887e-07}, "geometry": {"type": "MultiPolygon", "coordinates": [[[[-72.49548130299996, 44.20132668200006], [-72.49550398199995, 44.20128041800007], [-72.49550515599998, 44.20128069900005], [-72.49597977199994, 44.20139771600003], [-72.49589961299995, 44.20156252400005], [-72.49588626999997, 44.20158988600008], [-72.49541106599997, 44.201469495000026], [-72.49548130299996, 44.20132668200006]]]]}}, {"type": "Feature", "properties": {"OBJECTID": 7465, "SPAN": "036-011-12700", "GLIST_SPAN": "036-011-12700", "MAPID": "0530-0176.0000", "PARCID": "0530-0176-0000", "PROPTYPE": "PARCEL", "YEAR": 2023, "GLYEAR": 2022, "TOWN": "BARRE CITY", "TNAME": "Barre City", "SOURCENAME": null, "SOURCETYPE": "UNKNOWN", "SOURCEDATE": "UNKNOWN", "EDITMETHOD": "UNKNOWN", "EDITOR": "UNKNOWN", "EDITDATE": "UNKNOWN", "MATCHSTAT": "MATCH", "EDITNOTE": "UNKNOWN", "OWNER1": "SANTORELLO JOHN G & VALERIE J", "OWNER2": "", "ADDRGL1": "176 ELM ST", "ADDRGL2": "", "CITYGL": "BARRE", "STGL": "VT", "ZIPGL": "05641", "DESCPROP": "1 FAM-0.30AC", "LOCAPROP": "ELM ST 176", "CAT": "Residential-1", "RESCODE": "T", "ACRESGL": 0.3, "REAL_FLV": 135800, "HSTED_FLV": 135800, "NRES_FLV": 0, "LAND_LV": 20690, "IMPRV_LV": 115110, "EQUIPVAL": 0, "EQUIPCODE": "", "INVENVAL": 0, "HSDECL": "Y", "HSITEVAL": 135800, "VETEXAMT": 0, "EXPDESC": "", "ENDDATE": "", "STATUTE": "", "EXAMT_HS": 0, "EXAMT_NR": 0, "UVREDUC_HS": 0, "UVREDUC_NR": 0, "GLVAL_HS": 1358.0, "GLVAL_NR": 0.0, "CRHOUSPCT": 0.0, "MUNGL1PCT": 1358.0, "AOEGL_HS": 1358.0, "AOEGL_NR": 0.0, "E911ADDR": "176 ELM ST", "SHAPE_Length": 0.0015600429495921382, "SHAPE_Area": 1.3965965447909622e-07}, "geometry": {"type": "MultiPolygon", "coordinates": [[[[-72.49585315899998, 44.20056986000003], [-72.49598492799998, 44.200300851000065], [-72.49645328099996, 44.200439663000054], [-72.49645288999994, 44.200443319000044], [-72.49633011599997, 44.20069081300005], [-72.49585315899998, 44.20056986000003]]]]}}, {"type": "Feature", "properties": {"OBJECTID": 7569, "SPAN": "036-011-12727", "GLIST_SPAN": "036-011-12727", "MAPID": "1455-0011.0000", "PARCID": "1455-0011-0000", "PROPTYPE": "PARCEL", "YEAR": 2023, "GLYEAR": 2022, "TOWN": "BARRE CITY", "TNAME": "Barre City", "SOURCENAME": null, "SOURCETYPE": "UNKNOWN", "SOURCEDATE": "UNKNOWN", "EDITMETHOD": "UNKNOWN", "EDITOR": "UNKNOWN", "EDITDATE": "UNKNOWN", "MATCHSTAT": "MATCH", "EDITNOTE": "UNKNOWN", "OWNER1": "SCALABRINI DONNA D - LIFE ESTATE;", "OWNER2": "SCALABRINI JAMES H; BRENDA S & PAULA J", "ADDRGL1": "11 UPLAND AVE", "ADDRGL2": "", "CITYGL": "BARRE", "STGL": "VT", "ZIPGL": "05641", "DESCPROP": "1 FAM-0.27AC", "LOCAPROP": "UPLAND AVE  11", "CAT": "Residential-1", "RESCODE": "T", "ACRESGL": 0.27, "REAL_FLV": 102460, "HSTED_FLV": 102460, "NRES_FLV": 0, "LAND_LV": 28510, "IMPRV_LV": 73950, "EQUIPVAL": 0, "EQUIPCODE": "", "INVENVAL": 0, "HSDECL": "Y", "HSITEVAL": 102460, "VETEXAMT": 0, "EXPDESC": "", "ENDDATE": "", "STATUTE": "", "EXAMT_HS": 0, "EXAMT_NR": 0, "UVREDUC_HS": 0, "UVREDUC_NR": 0, "GLVAL_HS": 1025.0, "GLVAL_NR": 0.0, "CRHOUSPCT": 0.0, "MUNGL1PCT": 1024.6, "AOEGL_HS": 1025.0, "AOEGL_NR": 0.0, "E911ADDR": "11 UPLAND AVE", "SHAPE_Length": 0.0014426278203635019, "SHAPE_Area": 1.2372198643081893e-07}, "geometry": {"type": "MultiPolygon", "coordinates": [[[[-72.49322950099997, 44.20025642500008], [-72.49336910099998, 44.199986436000074], [-72.49350436699996, 44.20001850600005], [-72.49363611299998, 44.20004945100004], [-72.49376903299998, 44.20008053600003], [-72.49364077099995, 44.200356714000065], [-72.49337141299998, 44.20029102700005], [-72.49322950099997, 44.20025642500008]]]]}}, {"type": "Feature", "properties": {"OBJECTID": 7642, "SPAN": "036-011-12332", "GLIST_SPAN": "036-011-12332", "MAPID": "1455-0006.0000", "PARCID": "1455-0006-0000", "PROPTYPE": "PARCEL", "YEAR": 2023, "GLYEAR": 2022, "TOWN": "BARRE CITY", "TNAME": "Barre City", "SOURCENAME": null, "SOURCETYPE": "UNKNOWN", "SOURCEDATE": "UNKNOWN", "EDITMETHOD": "UNKNOWN", "EDITOR": "UNKNOWN", "EDITDATE": "UNKNOWN", "MATCHSTAT": "MATCH", "EDITNOTE": "UNKNOWN", "OWNER1": "COLOMBE CHRISTINA L", "OWNER2": "", "ADDRGL1": "6 UPLAND AVE", "ADDRGL2": "", "CITYGL": "BARRE", "STGL": "VT", "ZIPGL": "05641-3537", "DESCPROP": "1 FAM-0.06AC", "LOCAPROP": "UPLAND AVE   6", "CAT": "Residential-1", "RESCODE": "T", "ACRESGL": 0.06, "REAL_FLV": 84700, "HSTED_FLV": 84700, "NRES_FLV": 0, "LAND_LV": 12600, "IMPRV_LV": 72100, "EQUIPVAL": 0, "EQUIPCODE": "", "INVENVAL": 0, "HSDECL": "Y", "HSITEVAL": 84700, "VETEXAMT": 0, "EXPDESC": "", "ENDDATE": "", "STATUTE": "", "EXAMT_HS": 0, "EXAMT_NR": 0, "UVREDUC_HS": 0, "UVREDUC_NR": 0, "GLVAL_HS": 847.0, "GLVAL_NR": 0.0, "CRHOUSPCT": 0.0, "MUNGL1PCT": 847.0, "AOEGL_HS": 847.0, "AOEGL_NR": 0.0, "E911ADDR": "6 UPLAND AVE", "SHAPE_Length": 0.0006893622068539866, "SHAPE_Area": 2.724433159163643e-08}, "geometry": {"type": "MultiPolygon", "coordinates": [[[[-72.49364582099997, 44.200663133000035], [-72.49373849699998, 44.20047259300003], [-72.49386907299998, 44.20050353700003], [-72.49386516199996, 44.20050916200006], [-72.49382879699994, 44.20058115900008], [-72.49377248799993, 44.200693373000036], [-72.49364582099997, 44.200663133000035]]]]}}, {"type": "Feature", "properties": {"OBJECTID": 7697, "SPAN": "036-011-12774", "GLIST_SPAN": "036-011-12774", "MAPID": "1455-0012.0000", "PARCID": "1455-0012-0000", "PROPTYPE": "PARCEL", "YEAR": 2023, "GLYEAR": 2022, "TOWN": "BARRE CITY", "TNAME": "Barre City", "SOURCENAME": null, "SOURCETYPE": "UNKNOWN", "SOURCEDATE": "UNKNOWN", "EDITMETHOD": "UNKNOWN", "EDITOR": "UNKNOWN", "EDITDATE": "UNKNOWN", "MATCHSTAT": "MATCH", "EDITNOTE": "UNKNOWN", "OWNER1": "TROIANO JENNIFER A", "OWNER2": "", "ADDRGL1": "212 WASHINGTON ST", "ADDRGL2": "", "CITYGL": "BARRE", "STGL": "VT", "ZIPGL": "05641", "DESCPROP": "1 FAM-0.34AC", "LOCAPROP": "UPLAND AVE  12", "CAT": "Residential-1", "RESCODE": "T", "ACRESGL": 0.34, "REAL_FLV": 37800, "HSTED_FLV": 0, "NRES_FLV": 37800, "LAND_LV": 31330, "IMPRV_LV": 6470, "EQUIPVAL": 0, "EQUIPCODE": "", "INVENVAL": 0, "HSDECL": "N", "HSITEVAL": 37800, "VETEXAMT": 0, "EXPDESC": "", "ENDDATE": "", "STATUTE": "", "EXAMT_HS": 0, "EXAMT_NR": 0, "UVREDUC_HS": 0, "UVREDUC_NR": 0, "GLVAL_HS": 0.0, "GLVAL_NR": 378.0, "CRHOUSPCT": 30.0, "MUNGL1PCT": 378.0, "AOEGL_HS": 0.0, "AOEGL_NR": 378.0, "E911ADDR": "12 UPLAND AVE", "SHAPE_Length": 0.002566345293077688, "SHAPE_Area": 1.6378850546220655e-07}, "geometry": {"type": "MultiPolygon", "coordinates": [[[[-72.49331112899995, 44.200853779000056], [-72.49268322199998, 44.20069928700008], [-72.49268563299995, 44.200689372000056], [-72.49268629999995, 44.20068662800003], [-72.49268971499998, 44.200672576000045], [-72.49271638099998, 44.200562855000044], [-72.49271853399995, 44.200563385000066], [-72.49281647199996, 44.20058748100007], [-72.49315668799994, 44.20067118800006], [-72.49316455599995, 44.20065537100004], [-72.49321226399996, 44.20055946800005], [-72.49339287999999, 44.200602650000064], [-72.49350508099997, 44.20062951600005], [-72.49364582099997, 44.200663133000035], [-72.49377248799993, 44.200693373000036], [-72.49372204299993, 44.20079363600007], [-72.49371695999997, 44.20080333900006], [-72.49371445099996, 44.20080838000007], [-72.49337337999998, 44.200724139000044], [-72.49337200999997, 44.20072380000005], [-72.49331679199997, 44.200841688000025], [-72.49331112899995, 44.200853779000056]]]]}}, {"type": "Feature", "properties": {"OBJECTID": 7711, "SPAN": "036-011-12781", "GLIST_SPAN": "036-011-12781", "MAPID": "1540-0007.0000", "PARCID": "1540-0007-0000", "PROPTYPE": "PARCEL", "YEAR": 2023, "GLYEAR": 2022, "TOWN": "BARRE CITY", "TNAME": "Barre City", "SOURCENAME": null, "SOURCETYPE": "UNKNOWN", "SOURCEDATE": "UNKNOWN", "EDITMETHOD": "UNKNOWN", "EDITOR": "UNKNOWN", "EDITDATE": "UNKNOWN", "MATCHSTAT": "MATCH", "EDITNOTE": "UNKNOWN", "OWNER1": "TUCKER KARIE L", "OWNER2": "", "ADDRGL1": "7 WENDELL PL", "ADDRGL2": "", "CITYGL": "BARRE", "STGL": "VT", "ZIPGL": "05641", "DESCPROP": "1 FAM-0.19AC", "LOCAPROP": "WENDELL PL   7", "CAT": "Residential-1", "RESCODE": "T", "ACRESGL": 0.19, "REAL_FLV": 131100, "HSTED_FLV": 131100, "NRES_FLV": 0, "LAND_LV": 20500, "IMPRV_LV": 110600, "EQUIPVAL": 0, "EQUIPCODE": "", "INVENVAL": 0, "HSDECL": "Y", "HSITEVAL": 131100, "VETEXAMT": 0, "EXPDESC": "", "ENDDATE": "", "STATUTE": "", "EXAMT_HS": 0, "EXAMT_NR": 0, "UVREDUC_HS": 0, "UVREDUC_NR": 0, "GLVAL_HS": 1311.0, "GLVAL_NR": 0.0, "CRHOUSPCT": 0.0, "MUNGL1PCT": 1311.0, "AOEGL_HS": 1311.0, "AOEGL_NR": 0.0, "E911ADDR": "7 WENDELL PL", "SHAPE_Length": 0.0013289567900218757, "SHAPE_Area": 9.798422989784298e-08}, "geometry": {"type": "MultiPolygon", "coordinates": [[[[-72.49659051099997, 44.200355855000055], [-72.49684425799995, 44.20000064700008], [-72.49706787699995, 44.20008769900005], [-72.49706748699998, 44.200088261000076], [-72.49683172499994, 44.20041520600006], [-72.49673907099998, 44.20039832800006], [-72.49659051099997, 44.200355855000055]]]]}}, {"type": "Feature", "properties": {"OBJECTID": 7804, "SPAN": "036-011-12415", "GLIST_SPAN": "036-011-12415", "MAPID": "1105-0031.0000", "PARCID": "1105-0031-0000", "PROPTYPE": "PARCEL", "YEAR": 2023, "GLYEAR": 2022, "TOWN": "BARRE CITY", "TNAME": "Barre City", "SOURCENAME": null, "SOURCETYPE": "UNKNOWN", "SOURCEDATE": "UNKNOWN", "EDITMETHOD": "UNKNOWN", "EDITOR": "UNKNOWN", "EDITDATE": "UNKNOWN", "MATCHSTAT": "MATCH", "EDITNOTE": "UNKNOWN", "OWNER1": "HOOD MARGARET P", "OWNER2": "", "ADDRGL1": "31 ONWARD ST", "ADDRGL2": "", "CITYGL": "BARRE", "STGL": "VT", "ZIPGL": "05641", "DESCPROP": "1 FAM-0.89AC", "LOCAPROP": "ONWARD ST  31", "CAT": "Residential-1", "RESCODE": "T", "ACRESGL": 0.89, "REAL_FLV": 214100, "HSTED_FLV": 214100, "NRES_FLV": 0, "LAND_LV": 38800, "IMPRV_LV": 175300, "EQUIPVAL": 0, "EQUIPCODE": "", "INVENVAL": 0, "HSDECL": "Y", "HSITEVAL": 214100, "VETEXAMT": 0, "EXPDESC": "", "ENDDATE": "", "STATUTE": "", "EXAMT_HS": 0, "EXAMT_NR": 0, "UVREDUC_HS": 0, "UVREDUC_NR": 0, "GLVAL_HS": 2141.0, "GLVAL_NR": 0.0, "CRHOUSPCT": 0.0, "MUNGL1PCT": 2141.0, "AOEGL_HS": 2141.0, "AOEGL_NR": 0.0, "E911ADDR": "31 ONWARD ST", "SHAPE_Length": 0.0025617133752218603, "SHAPE_Area": 3.817151226801508e-07}, "geometry": {"type": "MultiPolygon", "coordinates": [[[[-72.49206910699996, 44.20060875300004], [-72.49215206099996, 44.20042758500006], [-72.49245444999997, 44.20050012000007], [-72.49246415599998, 44.20050244400005], [-72.49271638099998, 44.200562855000044], [-72.49268971499998, 44.200672576000045], [-72.49268629999995, 44.20068662800003], [-72.49268563299995, 44.200689372000056], [-72.49268322199998, 44.20069928700008], [-72.49260388099998, 44.201025738000055], [-72.49255258899996, 44.20103054400005], [-72.49184502399999, 44.20109684200003], [-72.49184072299994, 44.201097264000055], [-72.49184111399995, 44.20109656000005], [-72.49184189599998, 44.20109543600006], [-72.49197290399997, 44.20081813500008], [-72.49206910699996, 44.20060875300004]]]]}}, {"type": "Feature", "properties": {"OBJECTID": 7809, "SPAN": "036-011-12830", "GLIST_SPAN": "036-011-12830", "MAPID": "1455-0010.0000", "PARCID": "1455-0010-0000", "PROPTYPE": "PARCEL", "YEAR": 2023, "GLYEAR": 2022, "TOWN": "BARRE CITY", "TNAME": "Barre City", "SOURCENAME": null, "SOURCETYPE": "UNKNOWN", "SOURCEDATE": "UNKNOWN", "EDITMETHOD": "UNKNOWN", "EDITOR": "UNKNOWN", "EDITDATE": "UNKNOWN", "MATCHSTAT": "MATCH", "EDITNOTE": "UNKNOWN", "OWNER1": "BROWN MATHEW TRAVIS & CHEYENNE RAE", "OWNER2": "", "ADDRGL1": "10 UPLAND AVE", "ADDRGL2": "", "CITYGL": "BARRE", "STGL": "VT", "ZIPGL": "05641", "DESCPROP": "1 FAM-0.20AC", "LOCAPROP": "UPLAND AVE  10", "CAT": "Residential-1", "RESCODE": "T", "ACRESGL": 0.2, "REAL_FLV": 108590, "HSTED_FLV": 108590, "NRES_FLV": 0, "LAND_LV": 21120, "IMPRV_LV": 87470, "EQUIPVAL": 0, "EQUIPCODE": "", "INVENVAL": 0, "HSDECL": "Y", "HSITEVAL": 108590, "VETEXAMT": 0, "EXPDESC": "", "ENDDATE": "", "STATUTE": "", "EXAMT_HS": 0, "EXAMT_NR": 0, "UVREDUC_HS": 0, "UVREDUC_NR": 0, "GLVAL_HS": 1086.0, "GLVAL_NR": 0.0, "CRHOUSPCT": 0.0, "MUNGL1PCT": 1085.9, "AOEGL_HS": 1086.0, "AOEGL_NR": 0.0, "E911ADDR": "10 UPLAND AVE", "SHAPE_Length": 0.0013151507379844138, "SHAPE_Area": 9.240196846283683e-08}, "geometry": {"type": "MultiPolygon", "coordinates": [[[[-72.49330572399998, 44.20037117900006], [-72.49330767799995, 44.20036780400005], [-72.49373576099998, 44.20047203000007], [-72.49373849699998, 44.20047259300003], [-72.49364582099997, 44.200663133000035], [-72.49350508099997, 44.20062951600005], [-72.49339287999999, 44.200602650000064], [-72.49321226399996, 44.20055946800005], [-72.49330572399998, 44.20037117900006]]]]}}, {"type": "Feature", "properties": {"OBJECTID": 7917, "SPAN": "036-011-12886", "GLIST_SPAN": "036-011-12886", "MAPID": "1145-0084.0000", "PARCID": "1145-0084-0000", "PROPTYPE": "PARCEL", "YEAR": 2023, "GLYEAR": 2022, "TOWN": "BARRE CITY", "TNAME": "Barre City", "SOURCENAME": null, "SOURCETYPE": "UNKNOWN", "SOURCEDATE": "UNKNOWN", "EDITMETHOD": "UNKNOWN", "EDITOR": "UNKNOWN", "EDITDATE": "UNKNOWN", "MATCHSTAT": "MATCH", "EDITNOTE": "UNKNOWN", "OWNER1": "SUMNER JAMES & ADELE", "OWNER2": "", "ADDRGL1": "84 PARK ST", "ADDRGL2": "", "CITYGL": "BARRE", "STGL": "VT", "ZIPGL": "05641", "DESCPROP": "1 FAM-0.28AC", "LOCAPROP": "PARK ST  84", "CAT": "Residential-1", "RESCODE": "T", "ACRESGL": 0.28, "REAL_FLV": 157070, "HSTED_FLV": 157070, "NRES_FLV": 0, "LAND_LV": 23360, "IMPRV_LV": 133710, "EQUIPVAL": 0, "EQUIPCODE": "", "INVENVAL": 0, "HSDECL": "Y", "HSITEVAL": 157070, "VETEXAMT": 40000, "EXPDESC": "", "ENDDATE": "", "STATUTE": "", "EXAMT_HS": 0, "EXAMT_NR": 0, "UVREDUC_HS": 0, "UVREDUC_NR": 0, "GLVAL_HS": 1171.0, "GLVAL_NR": 0.0, "CRHOUSPCT": 0.0, "MUNGL1PCT": 1170.7, "AOEGL_HS": 1471.0, "AOEGL_NR": 0.0, "E911ADDR": "84 PARK ST", "SHAPE_Length": 0.0015119973830151072, "SHAPE_Area": 1.2718878757045023e-07}, "geometry": {"type": "MultiPolygon", "coordinates": [[[[-72.49562246099998, 44.201038691000065], [-72.49574015599995, 44.20080090000005], [-72.49621554999999, 44.20092255700007], [-72.49611779799994, 44.20112238000007], [-72.49611740799998, 44.20112364500005], [-72.49609981199995, 44.201159363000045], [-72.49609629399998, 44.201158519000046], [-72.49562246099998, 44.201038691000065]]]]}}, {"type": "Feature", "properties": {"OBJECTID": 4188, "SPAN": "036-011-10448", "GLIST_SPAN": "036-011-10448", "MAPID": "1105-0058.0000", "PARCID": "1105-0058-0000", "PROPTYPE": "PARCEL", "YEAR": 2023, "GLYEAR": 2022, "TOWN": "BARRE CITY", "TNAME": "Barre City", "SOURCENAME": null, "SOURCETYPE": "UNKNOWN", "SOURCEDATE": "UNKNOWN", "EDITMETHOD": "UNKNOWN", "EDITOR": "UNKNOWN", "EDITDATE": "UNKNOWN", "MATCHSTAT": "MATCH", "EDITNOTE": "UNKNOWN", "OWNER1": "CHALOUX DIANN T", "OWNER2": "", "ADDRGL1": "58 ONWARD ST", "ADDRGL2": "", "CITYGL": "BARRE", "STGL": "VT", "ZIPGL": "05641", "DESCPROP": "1 FAM-0.51AC", "LOCAPROP": "ONWARD ST  58", "CAT": "Residential-1", "RESCODE": "T", "ACRESGL": 0.51, "REAL_FLV": 161800, "HSTED_FLV": 161800, "NRES_FLV": 0, "LAND_LV": 46100, "IMPRV_LV": 115700, "EQUIPVAL": 0, "EQUIPCODE": "", "INVENVAL": 0, "HSDECL": "Y", "HSITEVAL": 161800, "VETEXAMT": 0, "EXPDESC": "", "ENDDATE": "", "STATUTE": "", "EXAMT_HS": 0, "EXAMT_NR": 0, "UVREDUC_HS": 0, "UVREDUC_NR": 0, "GLVAL_HS": 1618.0, "GLVAL_NR": 0.0, "CRHOUSPCT": 0.0, "MUNGL1PCT": 1618.0, "AOEGL_HS": 1618.0, "AOEGL_NR": 0.0, "E911ADDR": "58 ONWARD ST", "SHAPE_Length": 0.0022665241043108367, "SHAPE_Area": 2.535826056251914e-07}, "geometry": {"type": "MultiPolygon", "coordinates": [[[[-72.49185068899999, 44.20124195100004], [-72.49186909799994, 44.201239040000075], [-72.49186899499995, 44.20123932100006], [-72.49172089199999, 44.201638864000074], [-72.49096674799995, 44.20157829300007], [-72.49106160799994, 44.20132380800004], [-72.49185068899999, 44.20124195100004]]]]}}, {"type": "Feature", "properties": {"OBJECTID": 4568, "SPAN": "036-011-10612", "GLIST_SPAN": "036-011-10612", "MAPID": "1105-0080.0000", "PARCID": "1105-0080-0000", "PROPTYPE": "PARCEL", "YEAR": 2023, "GLYEAR": 2022, "TOWN": "BARRE CITY", "TNAME": "Barre City", "SOURCENAME": null, "SOURCETYPE": "UNKNOWN", "SOURCEDATE": "UNKNOWN", "EDITMETHOD": "UNKNOWN", "EDITOR": "UNKNOWN", "EDITDATE": "UNKNOWN", "MATCHSTAT": "MATCH", "EDITNOTE": "UNKNOWN", "OWNER1": "ZWIKELMAIER SARAH MICHEL", "OWNER2": "", "ADDRGL1": "80 ONWARD ST", "ADDRGL2": "", "CITYGL": "BARRE", "STGL": "VT", "ZIPGL": "05641", "DESCPROP": "1 FAM-0.40AC", "LOCAPROP": "ONWARD ST  80", "CAT": "Residential-1", "RESCODE": "T", "ACRESGL": 0.4, "REAL_FLV": 106274, "HSTED_FLV": 106274, "NRES_FLV": 0, "LAND_LV": 38400, "IMPRV_LV": 67874, "EQUIPVAL": 0, "EQUIPCODE": "", "INVENVAL": 0, "HSDECL": "Y", "HSITEVAL": 106274, "VETEXAMT": 0, "EXPDESC": "", "ENDDATE": "", "STATUTE": "", "EXAMT_HS": 0, "EXAMT_NR": 0, "UVREDUC_HS": 0, "UVREDUC_NR": 0, "GLVAL_HS": 1063.0, "GLVAL_NR": 0.0, "CRHOUSPCT": 30.0, "MUNGL1PCT": 1062.74, "AOEGL_HS": 1063.0, "AOEGL_NR": 0.0, "E911ADDR": "80 ONWARD ST", "SHAPE_Length": 0.001681244219678168, "SHAPE_Area": 1.773017921252531e-07}, "geometry": {"type": "MultiPolygon", "coordinates": [[[[-72.48887118999994, 44.20134734700008], [-72.48924788199997, 44.201335021000034], [-72.48933462999997, 44.201769359000025], [-72.48893790099999, 44.20176840000005], [-72.48891253599999, 44.20176833800008], [-72.48887761699996, 44.201563441000076], [-72.48884679199995, 44.201382574000036], [-72.48884671499997, 44.20138209000004], [-72.48884661399995, 44.20138137500004], [-72.48884652899994, 44.20138066000004], [-72.48884646299996, 44.20137994300006], [-72.48884641399997, 44.20137922600003], [-72.48884638099997, 44.20137850900005], [-72.48884636799994, 44.20137779000004], [-72.48884636999998, 44.20137707200007], [-72.48884639099998, 44.20137635400005], [-72.48884642999997, 44.20137563700007], [-72.48884648499995, 44.201374920000035], [-72.48884655699999, 44.20137420300006], [-72.48884664799994, 44.20137348800006], [-72.48884675399995, 44.20137277400005], [-72.48884687899994, 44.20137206100003], [-72.48884702099997, 44.201371350000045], [-72.48884718099998, 44.20137064200003], [-72.48884735799999, 44.20136993500006], [-72.48884754999995, 44.20136923000007], [-72.48884776099999, 44.201368528000046], [-72.48884798899996, 44.20136782900005], [-72.48884823399999, 44.201367133000076], [-72.48884849399997, 44.20136644000007], [-72.48884877299997, 44.201365750000036], [-72.48884906799998, 44.20136506400007], [-72.48884937899999, 44.201364382000065], [-72.48884970699999, 44.20136370300003], [-72.48885005099999, 44.20136302900005], [-72.48885041199998, 44.201362360000076], [-72.48885078999996, 44.20136169500006], [-72.48885118099997, 44.20136103400006], [-72.48885159099996, 44.20136037900005], [-72.48885201599995, 44.201359729000046], [-72.48885245699995, 44.201359085000036], [-72.48885291199997, 44.20135844600003], [-72.48885338399998, 44.20135781300007], [-72.48885387099995, 44.20135718600005], [-72.48885437199993, 44.201356565000026], [-72.48885488899998, 44.20135595000005], [-72.48885541999994, 44.201355343000046], [-72.48885596699995, 44.201354742000035], [-72.48885652699994, 44.201354148000064], [-72.48885710299999, 44.20135356000003], [-72.48885769199995, 44.20135298100007], [-72.48885829499994, 44.20135240800005], [-72.48885891199996, 44.201351844000044], [-72.48885954299993, 44.20135128800007], [-72.48886018699994, 44.20135073900008], [-72.48886084399999, 44.20135019800006], [-72.48886151499994, 44.201349666000056], [-72.48886278899994, 44.201348866000046], [-72.48886401099998, 44.20134832200006], [-72.48886694899994, 44.20134772800003], [-72.48887118999994, 44.20134734700008]]]]}}, {"type": "Feature", "properties": {"OBJECTID": 5454, "SPAN": "036-011-11097", "GLIST_SPAN": "036-011-11097", "MAPID": "0310-0015.0000", "PARCID": "0310-0015-0000", "PROPTYPE": "PARCEL", "YEAR": 2023, "GLYEAR": 2022, "TOWN": "BARRE CITY", "TNAME": "Barre City", "SOURCENAME": null, "SOURCETYPE": "UNKNOWN", "SOURCEDATE": "UNKNOWN", "EDITMETHOD": "UNKNOWN", "EDITOR": "UNKNOWN", "EDITDATE": "UNKNOWN", "MATCHSTAT": "MATCH", "EDITNOTE": "UNKNOWN", "OWNER1": "CHARBONNEAU MICHAEL J", "OWNER2": "", "ADDRGL1": "15 CASSIE ST", "ADDRGL2": "", "CITYGL": "BARRE", "STGL": "VT", "ZIPGL": "05641", "DESCPROP": "1 FAM-0.18AC", "LOCAPROP": "CASSIE ST  15", "CAT": "Residential-1", "RESCODE": "T", "ACRESGL": 0.18, "REAL_FLV": 150300, "HSTED_FLV": 150300, "NRES_FLV": 0, "LAND_LV": 26300, "IMPRV_LV": 124000, "EQUIPVAL": 0, "EQUIPCODE": "", "INVENVAL": 0, "HSDECL": "Y", "HSITEVAL": 150300, "VETEXAMT": 0, "EXPDESC": "", "ENDDATE": "", "STATUTE": "", "EXAMT_HS": 0, "EXAMT_NR": 0, "UVREDUC_HS": 0, "UVREDUC_NR": 0, "GLVAL_HS": 1503.0, "GLVAL_NR": 0.0, "CRHOUSPCT": 0.0, "MUNGL1PCT": 1503.0, "AOEGL_HS": 1503.0, "AOEGL_NR": 0.0, "E911ADDR": "15 CASSIE ST", "SHAPE_Length": 0.0011957215934137726, "SHAPE_Area": 8.438590675764445e-08}, "geometry": {"type": "MultiPolygon", "coordinates": [[[[-72.48814674999994, 44.20081660100004], [-72.48818662199994, 44.20055671500006], [-72.48843870499996, 44.20060295800005], [-72.48844535099994, 44.200604087000045], [-72.48847975499996, 44.200609291000035], [-72.48848522799994, 44.20061182200004], [-72.48850124199998, 44.20066821300003], [-72.48854030799998, 44.20083837400006], [-72.48852271599998, 44.200836965000065], [-72.48851020499995, 44.20083626100006], [-72.48814779199995, 44.20081808400005], [-72.48814653499994, 44.200818008000056], [-72.48814674999994, 44.20081660100004]]]]}}, {"type": "Feature", "properties": {"OBJECTID": 5649, "SPAN": "036-011-11172", "GLIST_SPAN": "036-011-11172", "MAPID": "0450-0114.0000", "PARCID": "0450-0114-0000", "PROPTYPE": "PARCEL", "YEAR": 2023, "GLYEAR": 2022, "TOWN": "BARRE CITY", "TNAME": "Barre City", "SOURCENAME": null, "SOURCETYPE": "UNKNOWN", "SOURCEDATE": "UNKNOWN", "EDITMETHOD": "UNKNOWN", "EDITOR": "UNKNOWN", "EDITDATE": "UNKNOWN", "MATCHSTAT": "MATCH", "EDITNOTE": "UNKNOWN", "OWNER1": "SIMMONS JOYCE C", "OWNER2": "", "ADDRGL1": "114 CURRIER ST", "ADDRGL2": "", "CITYGL": "BARRE", "STGL": "VT", "ZIPGL": "05641", "DESCPROP": "1 FAM-0.94AC", "LOCAPROP": "CURRIER ST 114", "CAT": "Residential-1", "RESCODE": "T", "ACRESGL": 0.94, "REAL_FLV": 181700, "HSTED_FLV": 181700, "NRES_FLV": 0, "LAND_LV": 32600, "IMPRV_LV": 149100, "EQUIPVAL": 0, "EQUIPCODE": "", "INVENVAL": 0, "HSDECL": "Y", "HSITEVAL": 181700, "VETEXAMT": 0, "EXPDESC": "", "ENDDATE": "", "STATUTE": "", "EXAMT_HS": 0, "EXAMT_NR": 0, "UVREDUC_HS": 0, "UVREDUC_NR": 0, "GLVAL_HS": 1817.0, "GLVAL_NR": 0.0, "CRHOUSPCT": 0.0, "MUNGL1PCT": 1817.0, "AOEGL_HS": 1817.0, "AOEGL_NR": 0.0, "E911ADDR": "114 CURRIER ST", "SHAPE_Length": 0.002672582551379808, "SHAPE_Area": 4.1038783050889165e-07}, "geometry": {"type": "MultiPolygon", "coordinates": [[[[-72.49144321099999, 44.200464287000045], [-72.49144360099996, 44.200463444000036], [-72.49144555699996, 44.200464288000035], [-72.49206910699996, 44.20060875300004], [-72.49197290399997, 44.20081813500008], [-72.49184189599998, 44.20109543600006], [-72.49184111399995, 44.20109656000005], [-72.49184072299994, 44.201097264000055], [-72.49112291399996, 44.20116372500007], [-72.49144321099999, 44.200464287000045]]]]}}, {"type": "Feature", "properties": {"OBJECTID": 5697, "SPAN": "036-011-11208", "GLIST_SPAN": "036-011-11208", "MAPID": "1335-0013.0000", "PARCID": "1335-0013-0000", "PROPTYPE": "PARCEL", "YEAR": 2023, "GLYEAR": 2022, "TOWN": "BARRE CITY", "TNAME": "Barre City", "SOURCENAME": null, "SOURCETYPE": "UNKNOWN", "SOURCEDATE": "UNKNOWN", "EDITMETHOD": "UNKNOWN", "EDITOR": "UNKNOWN", "EDITDATE": "UNKNOWN", "MATCHSTAT": "MATCH", "EDITNOTE": "UNKNOWN", "OWNER1": "RANCOURT TYLOR D & AMANDA L", "OWNER2": "", "ADDRGL1": "13 SNOW AVE", "ADDRGL2": "", "CITYGL": "BARRE", "STGL": "VT", "ZIPGL": "05641", "DESCPROP": "1 FAM-0.47AC", "LOCAPROP": "SNOW AVE  13", "CAT": "Residential-1", "RESCODE": "T", "ACRESGL": 0.47, "REAL_FLV": 170190, "HSTED_FLV": 170190, "NRES_FLV": 0, "LAND_LV": 35720, "IMPRV_LV": 134470, "EQUIPVAL": 0, "EQUIPCODE": "", "INVENVAL": 0, "HSDECL": "Y", "HSITEVAL": 170190, "VETEXAMT": 0, "EXPDESC": "", "ENDDATE": "", "STATUTE": "", "EXAMT_HS": 0, "EXAMT_NR": 0, "UVREDUC_HS": 0, "UVREDUC_NR": 0, "GLVAL_HS": 1702.0, "GLVAL_NR": 0.0, "CRHOUSPCT": 0.0, "MUNGL1PCT": 1701.9, "AOEGL_HS": 1702.0, "AOEGL_NR": 0.0, "E911ADDR": "13 SNOW AVE", "SHAPE_Length": 0.002150158785643539, "SHAPE_Area": 2.1650403149238345e-07}, "geometry": {"type": "MultiPolygon", "coordinates": [[[[-72.48920836699995, 44.20026831800004], [-72.48914974499996, 44.20003645200006], [-72.48915034599997, 44.200036597000064], [-72.48918474799996, 44.200044897000055], [-72.48927622699995, 44.20006642100003], [-72.48936770599994, 44.20008794600005], [-72.48945214799994, 44.20010778100004], [-72.48954206299999, 44.200129024000034], [-72.48964057799998, 44.20015209500008], [-72.48972932099997, 44.20017305600004], [-72.48973010299994, 44.20017319600004], [-72.48981923599996, 44.200194157000055], [-72.48990915199994, 44.20021539900006], [-72.49000180299998, 44.200237204000075], [-72.49000297599997, 44.200237626000046], [-72.48988799299997, 44.20049467600006], [-72.48988760099996, 44.20049566000006], [-72.48988173699996, 44.20049383200006], [-72.48933677099996, 44.200367924000034], [-72.48923218499993, 44.200343469000074], [-72.48920836699995, 44.20026831800004]]]]}}, {"type": "Feature", "properties": {"OBJECTID": 5781, "SPAN": "036-011-11236", "GLIST_SPAN": "036-011-11236", "MAPID": "1335-0020.0000", "PARCID": "1335-0020-0000", "PROPTYPE": "PARCEL", "YEAR": 2023, "GLYEAR": 2022, "TOWN": "BARRE CITY", "TNAME": "Barre City", "SOURCENAME": null, "SOURCETYPE": "UNKNOWN", "SOURCEDATE": "UNKNOWN", "EDITMETHOD": "UNKNOWN", "EDITOR": "UNKNOWN", "EDITDATE": "UNKNOWN", "MATCHSTAT": "MATCH", "EDITNOTE": "UNKNOWN", "OWNER1": "FRASER MARK T", "OWNER2": "", "ADDRGL1": "20 SNOW AVE", "ADDRGL2": "", "CITYGL": "BARRE", "STGL": "VT", "ZIPGL": "05641", "DESCPROP": "1 FAM-0.26AC", "LOCAPROP": "SNOW AVE  20", "CAT": "Residential-1", "RESCODE": "T", "ACRESGL": 0.26, "REAL_FLV": 134580, "HSTED_FLV": 134580, "NRES_FLV": 0, "LAND_LV": 35340, "IMPRV_LV": 99240, "EQUIPVAL": 0, "EQUIPCODE": "", "INVENVAL": 0, "HSDECL": "Y", "HSITEVAL": 134580, "VETEXAMT": 0, "EXPDESC": "", "ENDDATE": "", "STATUTE": "", "EXAMT_HS": 0, "EXAMT_NR": 0, "UVREDUC_HS": 0, "UVREDUC_NR": 0, "GLVAL_HS": 1346.0, "GLVAL_NR": 0.0, "CRHOUSPCT": 0.0, "MUNGL1PCT": 1345.8, "AOEGL_HS": 1346.0, "AOEGL_NR": 0.0, "E911ADDR": "20 SNOW AVE", "SHAPE_Length": 0.0015665568503125534, "SHAPE_Area": 1.2062084574387894e-07}, "geometry": {"type": "MultiPolygon", "coordinates": [[[[-72.49006547799996, 44.20053997200006], [-72.49009559199999, 44.200472898000044], [-72.49019332699999, 44.20049554600007], [-72.49028324299996, 44.20051650700003], [-72.49037276799999, 44.20053732700006], [-72.49046307499998, 44.200558288000025], [-72.49055689999994, 44.20058009200005], [-72.49064642599996, 44.20060091100004], [-72.49061709299997, 44.20066728300003], [-72.49055882099998, 44.200799043000075], [-72.49046108499994, 44.20077639400006], [-72.49037390499996, 44.20075613700004], [-72.49028437999993, 44.200735458000054], [-72.49000642099998, 44.20067116900003], [-72.49000720299995, 44.200669481000034], [-72.49006547799996, 44.20053997200006]]]]}}, {"type": "Feature", "properties": {"OBJECTID": 6028, "SPAN": "036-011-11297", "GLIST_SPAN": "036-011-11297", "MAPID": "1335-0016.0000", "PARCID": "1335-0016-0000", "PROPTYPE": "PARCEL", "YEAR": 2023, "GLYEAR": 2022, "TOWN": "BARRE CITY", "TNAME": "Barre City", "SOURCENAME": null, "SOURCETYPE": "UNKNOWN", "SOURCEDATE": "UNKNOWN", "EDITMETHOD": "UNKNOWN", "EDITOR": "UNKNOWN", "EDITDATE": "UNKNOWN", "MATCHSTAT": "MATCH", "EDITNOTE": "UNKNOWN", "OWNER1": "DUGGAN CHRISTINE: GARR DANIEL P;", "OWNER2": "GARR LOGAN; GARR FELECITY & GARR MELISSA", "ADDRGL1": "16 SNOW AVE", "ADDRGL2": "", "CITYGL": "BARRE", "STGL": "VT", "ZIPGL": "05641-3239", "DESCPROP": "1 FAM-0.26AC", "LOCAPROP": "SNOW AVE  16", "CAT": "Residential-1", "RESCODE": "T", "ACRESGL": 0.26, "REAL_FLV": 185970, "HSTED_FLV": 0, "NRES_FLV": 185970, "LAND_LV": 35700, "IMPRV_LV": 150270, "EQUIPVAL": 0, "EQUIPCODE": "", "INVENVAL": 0, "HSDECL": "N", "HSITEVAL": 185970, "VETEXAMT": 0, "EXPDESC": "", "ENDDATE": "", "STATUTE": "", "EXAMT_HS": 0, "EXAMT_NR": 0, "UVREDUC_HS": 0, "UVREDUC_NR": 0, "GLVAL_HS": 0.0, "GLVAL_NR": 1859.7, "CRHOUSPCT": 0.0, "MUNGL1PCT": 1859.7, "AOEGL_HS": 0.0, "AOEGL_NR": 1859.7, "E911ADDR": "16 SNOW AVE", "SHAPE_Length": 0.0015593618898901323, "SHAPE_Area": 1.1899633420543872e-07}, "geometry": {"type": "MultiPolygon", "coordinates": [[[[-72.49009559199999, 44.200472898000044], [-72.49018319799995, 44.20027786000003], [-72.49028014999993, 44.20030008700007], [-72.49037202099998, 44.20032118800003], [-72.49045763599997, 44.20034074200004], [-72.49045880999995, 44.20034102300008], [-72.49055302499994, 44.20036268700005], [-72.49064411499995, 44.200383507000026], [-72.49073363899998, 44.20040404500003], [-72.49064642599996, 44.20060091100004], [-72.49055689999994, 44.20058009200005], [-72.49046307499998, 44.200558288000025], [-72.49037276799999, 44.20053732700006], [-72.49028324299996, 44.20051650700003], [-72.49019332699999, 44.20049554600007], [-72.49009559199999, 44.200472898000044]]]]}}, {"type": "Feature", "properties": {"OBJECTID": 6061, "SPAN": "036-011-11330", "GLIST_SPAN": "036-011-11330", "MAPID": "1335-0028.0000", "PARCID": "1335-0028-0000", "PROPTYPE": "PARCEL", "YEAR": 2023, "GLYEAR": 2022, "TOWN": "BARRE CITY", "TNAME": "Barre City", "SOURCENAME": null, "SOURCETYPE": "UNKNOWN", "SOURCEDATE": "UNKNOWN", "EDITMETHOD": "UNKNOWN", "EDITOR": "UNKNOWN", "EDITDATE": "UNKNOWN", "MATCHSTAT": "MATCH", "EDITNOTE": "UNKNOWN", "OWNER1": "SHELTRA KIMBERLY & WADE", "OWNER2": "", "ADDRGL1": "28 SNOW AVE", "ADDRGL2": "", "CITYGL": "BARRE", "STGL": "VT", "ZIPGL": "05641", "DESCPROP": "1 FAM-0.20AC", "LOCAPROP": "SNOW AVE  28", "CAT": "Residential-1", "RESCODE": "T", "ACRESGL": 0.2, "REAL_FLV": 130100, "HSTED_FLV": 130100, "NRES_FLV": 0, "LAND_LV": 29220, "IMPRV_LV": 100880, "EQUIPVAL": 0, "EQUIPCODE": "", "INVENVAL": 0, "HSDECL": "Y", "HSITEVAL": 130100, "VETEXAMT": 0, "EXPDESC": "", "ENDDATE": "", "STATUTE": "", "EXAMT_HS": 0, "EXAMT_NR": 0, "UVREDUC_HS": 0, "UVREDUC_NR": 0, "GLVAL_HS": 1301.0, "GLVAL_NR": 0.0, "CRHOUSPCT": 0.0, "MUNGL1PCT": 1301.0, "AOEGL_HS": 1301.0, "AOEGL_NR": 0.0, "E911ADDR": "28 SNOW AVE", "SHAPE_Length": 0.0012801770783568496, "SHAPE_Area": 9.200775159742889e-08}, "geometry": {"type": "MultiPolygon", "coordinates": [[[[-72.48977097499994, 44.201199753000026], [-72.48989260999997, 44.20092723500005], [-72.48998643599998, 44.200949181000055], [-72.49007869799993, 44.200970564000045], [-72.49016783299999, 44.20099124200004], [-72.49025813999998, 44.20101220400005], [-72.49017561799997, 44.20119542800006], [-72.49007435899995, 44.20119668600006], [-72.48977097499994, 44.201200597000025], [-72.48977097499994, 44.201199753000026]]]]}}, {"type": "Feature", "properties": {"OBJECTID": 6206, "SPAN": "036-011-11479", "GLIST_SPAN": "036-011-11479", "MAPID": "0450-0135.0000", "PARCID": "0450-0135-0000", "PROPTYPE": "PARCEL", "YEAR": 2023, "GLYEAR": 2022, "TOWN": "BARRE CITY", "TNAME": "Barre City", "SOURCENAME": null, "SOURCETYPE": "UNKNOWN", "SOURCEDATE": "UNKNOWN", "EDITMETHOD": "UNKNOWN", "EDITOR": "UNKNOWN", "EDITDATE": "UNKNOWN", "MATCHSTAT": "MATCH", "EDITNOTE": "UNKNOWN", "OWNER1": "HARRIS DWAYNE B & SARAH M", "OWNER2": "", "ADDRGL1": "135 CURRIER ST", "ADDRGL2": "", "CITYGL": "BARRE", "STGL": "VT", "ZIPGL": "05641", "DESCPROP": "1 FAM-0.27AC", "LOCAPROP": "CURRIER ST 135", "CAT": "Residential-1", "RESCODE": "T", "ACRESGL": 0.27, "REAL_FLV": 163260, "HSTED_FLV": 163260, "NRES_FLV": 0, "LAND_LV": 30010, "IMPRV_LV": 133250, "EQUIPVAL": 0, "EQUIPCODE": "", "INVENVAL": 0, "HSDECL": "Y", "HSITEVAL": 163260, "VETEXAMT": 0, "EXPDESC": "", "ENDDATE": "", "STATUTE": "", "EXAMT_HS": 0, "EXAMT_NR": 0, "UVREDUC_HS": 0, "UVREDUC_NR": 0, "GLVAL_HS": 1633.0, "GLVAL_NR": 0.0, "CRHOUSPCT": 0.0, "MUNGL1PCT": 1632.6, "AOEGL_HS": 1633.0, "AOEGL_NR": 0.0, "E911ADDR": "135 CURRIER ST", "SHAPE_Length": 0.001703651161458384, "SHAPE_Area": 1.6064476416126203e-07}, "geometry": {"type": "MultiPolygon", "coordinates": [[[[-72.49061709299997, 44.20066728300003], [-72.49064642599996, 44.20060091100004], [-72.49073790599994, 44.20062215300004], [-72.49113041099997, 44.200713449000034], [-72.49110029699995, 44.20077869600004], [-72.49098062499996, 44.20103771600003], [-72.49097945199998, 44.20103757500004], [-72.49059241899994, 44.20094979500004], [-72.49059124499996, 44.20094951300007], [-72.49061940399997, 44.20088539100004], [-72.49064834499995, 44.20081972200006], [-72.49055882099998, 44.200799043000075], [-72.49061709299997, 44.20066728300003]]]]}}, {"type": "Feature", "properties": {"OBJECTID": 6240, "SPAN": "036-011-11513", "GLIST_SPAN": "036-011-11513", "MAPID": "1335-0024.0000", "PARCID": "1335-0024-0000", "PROPTYPE": "PARCEL", "YEAR": 2023, "GLYEAR": 2022, "TOWN": "BARRE CITY", "TNAME": "Barre City", "SOURCENAME": null, "SOURCETYPE": "UNKNOWN", "SOURCEDATE": "UNKNOWN", "EDITMETHOD": "UNKNOWN", "EDITOR": "UNKNOWN", "EDITDATE": "UNKNOWN", "MATCHSTAT": "MATCH", "EDITNOTE": "UNKNOWN", "OWNER1": "HUNT BARBARA LYNN", "OWNER2": "C/O FORD BARBARA LYNN & CHRISTOPHER D", "ADDRGL1": "24 SNOW AVE", "ADDRGL2": "", "CITYGL": "BARRE", "STGL": "VT", "ZIPGL": "05641", "DESCPROP": "1 FAM-0.23AC", "LOCAPROP": "SNOW AVE  24", "CAT": "Residential-1", "RESCODE": "T", "ACRESGL": 0.23, "REAL_FLV": 134080, "HSTED_FLV": 134080, "NRES_FLV": 0, "LAND_LV": 32930, "IMPRV_LV": 101150, "EQUIPVAL": 0, "EQUIPCODE": "", "INVENVAL": 0, "HSDECL": "Y", "HSITEVAL": 134080, "VETEXAMT": 0, "EXPDESC": "", "ENDDATE": "", "STATUTE": "", "EXAMT_HS": 0, "EXAMT_NR": 0, "UVREDUC_HS": 0, "UVREDUC_NR": 0, "GLVAL_HS": 1341.0, "GLVAL_NR": 0.0, "CRHOUSPCT": 0.0, "MUNGL1PCT": 1340.8, "AOEGL_HS": 1341.0, "AOEGL_NR": 0.0, "E911ADDR": "24 SNOW AVE", "SHAPE_Length": 0.00131369336652539, "SHAPE_Area": 1.0362162904523991e-07}, "geometry": {"type": "MultiPolygon", "coordinates": [[[[-72.48989260999997, 44.20092723500005], [-72.49000642099998, 44.20067116900003], [-72.49028437999993, 44.200735458000054], [-72.49037390499996, 44.20075613700004], [-72.49025813999998, 44.20101220400005], [-72.49016783299999, 44.20099124200004], [-72.49007869799993, 44.200970564000045], [-72.48998643599998, 44.200949181000055], [-72.48989260999997, 44.20092723500005]]]]}}, {"type": "Feature", "properties": {"OBJECTID": 6270, "SPAN": "036-011-11545", "GLIST_SPAN": "036-011-11545", "MAPID": "1105-0078.0000", "PARCID": "1105-0078-0000", "PROPTYPE": "PARCEL", "YEAR": 2023, "GLYEAR": 2022, "TOWN": "BARRE CITY", "TNAME": "Barre City", "SOURCENAME": null, "SOURCETYPE": "UNKNOWN", "SOURCEDATE": "UNKNOWN", "EDITMETHOD": "UNKNOWN", "EDITOR": "UNKNOWN", "EDITDATE": "UNKNOWN", "MATCHSTAT": "MATCH", "EDITNOTE": "UNKNOWN", "OWNER1": "ROYEA NATHAN S", "OWNER2": "", "ADDRGL1": "78 ONWARD ST", "ADDRGL2": "", "CITYGL": "BARRE", "STGL": "VT", "ZIPGL": "05641", "DESCPROP": "1 FAM-0.40AC", "LOCAPROP": "ONWARD ST  78", "CAT": "Residential-1", "RESCODE": "T", "ACRESGL": 0.4, "REAL_FLV": 264000, "HSTED_FLV": 264000, "NRES_FLV": 0, "LAND_LV": 33600, "IMPRV_LV": 230400, "EQUIPVAL": 0, "EQUIPCODE": "", "INVENVAL": 0, "HSDECL": "Y", "HSITEVAL": 264000, "VETEXAMT": 0, "EXPDESC": "", "ENDDATE": "", "STATUTE": "", "EXAMT_HS": 0, "EXAMT_NR": 0, "UVREDUC_HS": 0, "UVREDUC_NR": 0, "GLVAL_HS": 2640.0, "GLVAL_NR": 0.0, "CRHOUSPCT": 0.0, "MUNGL1PCT": 2640.0, "AOEGL_HS": 2640.0, "AOEGL_NR": 0.0, "E911ADDR": "78 ONWARD ST", "SHAPE_Length": 0.0017722364193747484, "SHAPE_Area": 1.942984963172883e-07}, "geometry": {"type": "MultiPolygon", "coordinates": [[[[-72.48924788199997, 44.201335021000034], [-72.48972678099994, 44.201333086000034], [-72.48972696199996, 44.201336953000066], [-72.48974727799998, 44.201770374000034], [-72.48933462999997, 44.201769359000025], [-72.48924788199997, 44.201335021000034]]]]}}, {"type": "Feature", "properties": {"OBJECTID": 6429, "SPAN": "036-011-11707", "GLIST_SPAN": "036-011-11707", "MAPID": "1335-0023.0000", "PARCID": "1335-0023-0000", "PROPTYPE": "PARCEL", "YEAR": 2023, "GLYEAR": 2022, "TOWN": "BARRE CITY", "TNAME": "Barre City", "SOURCENAME": null, "SOURCETYPE": "UNKNOWN", "SOURCEDATE": "UNKNOWN", "EDITMETHOD": "UNKNOWN", "EDITOR": "UNKNOWN", "EDITDATE": "UNKNOWN", "MATCHSTAT": "MATCH", "EDITNOTE": "UNKNOWN", "OWNER1": "DONALD AMY", "OWNER2": "", "ADDRGL1": "23 SNOW AVE", "ADDRGL2": "", "CITYGL": "BARRE", "STGL": "VT", "ZIPGL": "05641", "DESCPROP": "1 FAM-0.40AC", "LOCAPROP": "SNOW AVE  23", "CAT": "Residential-1", "RESCODE": "T", "ACRESGL": 0.4, "REAL_FLV": 144000, "HSTED_FLV": 144000, "NRES_FLV": 0, "LAND_LV": 40300, "IMPRV_LV": 103700, "EQUIPVAL": 0, "EQUIPCODE": "", "INVENVAL": 0, "HSDECL": "Y", "HSITEVAL": 144000, "VETEXAMT": 0, "EXPDESC": "", "ENDDATE": "", "STATUTE": "", "EXAMT_HS": 0, "EXAMT_NR": 0, "UVREDUC_HS": 0, "UVREDUC_NR": 0, "GLVAL_HS": 1440.0, "GLVAL_NR": 0.0, "CRHOUSPCT": 0.0, "MUNGL1PCT": 1440.0, "AOEGL_HS": 1440.0, "AOEGL_NR": 0.0, "E911ADDR": "23 SNOW AVE", "SHAPE_Length": 0.0018990581899210011, "SHAPE_Area": 1.7179554107648127e-07}, "geometry": {"type": "MultiPolygon", "coordinates": [[[[-72.48932711999998, 44.20064302600008], [-72.48932365299999, 44.20063208500005], [-72.48968465699994, 44.200719234000076], [-72.48977730999997, 44.20074019500004], [-72.48957002199995, 44.201201844000025], [-72.48946524499996, 44.20120338100003], [-72.48937024199995, 44.20120477800003], [-72.48926272799997, 44.20120645600008], [-72.48926350999994, 44.20120547100004], [-72.48937771499999, 44.200952219000044], [-72.48940783099994, 44.20088528500003], [-72.48940704999995, 44.20088191000008], [-72.48932711999998, 44.20064302600008]]]]}}, {"type": "Feature", "properties": {"OBJECTID": 6447, "SPAN": "036-011-11725", "GLIST_SPAN": "036-011-11725", "MAPID": "1105-0070.0000", "PARCID": "1105-0070-0000", "PROPTYPE": "PARCEL", "YEAR": 2023, "GLYEAR": 2022, "TOWN": "BARRE CITY", "TNAME": "Barre City", "SOURCENAME": null, "SOURCETYPE": "UNKNOWN", "SOURCEDATE": "UNKNOWN", "EDITMETHOD": "UNKNOWN", "EDITOR": "UNKNOWN", "EDITDATE": "UNKNOWN", "MATCHSTAT": "MATCH", "EDITNOTE": "UNKNOWN", "OWNER1": "DYKE TYLER B & BROCAR' DYKE FELICIA A", "OWNER2": "", "ADDRGL1": "70 ONWARD ST", "ADDRGL2": "", "CITYGL": "BARRE", "STGL": "VT", "ZIPGL": "05641-1346", "DESCPROP": "1 FAM-2.03AC", "LOCAPROP": "ONWARD ST  70", "CAT": "Residential-1", "RESCODE": "T", "ACRESGL": 2.03, "REAL_FLV": 179600, "HSTED_FLV": 0, "NRES_FLV": 179600, "LAND_LV": 42300, "IMPRV_LV": 137300, "EQUIPVAL": 0, "EQUIPCODE": "", "INVENVAL": 0, "HSDECL": "N", "HSITEVAL": 173300, "VETEXAMT": 0, "EXPDESC": "", "ENDDATE": "", "STATUTE": "", "EXAMT_HS": 0, "EXAMT_NR": 0, "UVREDUC_HS": 0, "UVREDUC_NR": 0, "GLVAL_HS": 0.0, "GLVAL_NR": 1796.0, "CRHOUSPCT": 0.0, "MUNGL1PCT": 1796.0, "AOEGL_HS": 0.0, "AOEGL_NR": 1796.0, "E911ADDR": "70 ONWARD ST", "SHAPE_Length": 0.0046408340234200965, "SHAPE_Area": 8.430373194448917e-07}, "geometry": {"type": "MultiPolygon", "coordinates": [[[[-72.48999080599998, 44.20225108000005], [-72.49019584599995, 44.20177152400004], [-72.49062370299998, 44.201789817000076], [-72.49078013299999, 44.20132655500004], [-72.49106160799994, 44.20132380800004], [-72.49096674799995, 44.20157829300007], [-72.49047072499997, 44.20279444700003], [-72.48974668899996, 44.20281152200005], [-72.48975412999994, 44.20279120300006], [-72.48999080599998, 44.20225108000005]]]]}}, {"type": "Feature", "properties": {"OBJECTID": 6567, "SPAN": "036-011-11849", "GLIST_SPAN": "036-011-11849", "MAPID": "0310-0012.0000", "PARCID": "0310-0012-0000", "PROPTYPE": "PARCEL", "YEAR": 2023, "GLYEAR": 2022, "TOWN": "BARRE CITY", "TNAME": "Barre City", "SOURCENAME": null, "SOURCETYPE": "UNKNOWN", "SOURCEDATE": "UNKNOWN", "EDITMETHOD": "UNKNOWN", "EDITOR": "UNKNOWN", "EDITDATE": "UNKNOWN", "MATCHSTAT": "MATCH", "EDITNOTE": "UNKNOWN", "OWNER1": "STARK JEFFREY LEE & DIANE AMY", "OWNER2": "", "ADDRGL1": "12 CASSIE ST", "ADDRGL2": "", "CITYGL": "BARRE", "STGL": "VT", "ZIPGL": "05641", "DESCPROP": "1 FAM-0.7745AC", "LOCAPROP": "CASSIE ST  12", "CAT": "Residential-1", "RESCODE": "T", "ACRESGL": 0.77, "REAL_FLV": 145200, "HSTED_FLV": 145200, "NRES_FLV": 0, "LAND_LV": 45700, "IMPRV_LV": 99500, "EQUIPVAL": 0, "EQUIPCODE": "", "INVENVAL": 0, "HSDECL": "Y", "HSITEVAL": 145200, "VETEXAMT": 0, "EXPDESC": "", "ENDDATE": "", "STATUTE": "", "EXAMT_HS": 0, "EXAMT_NR": 0, "UVREDUC_HS": 0, "UVREDUC_NR": 0, "GLVAL_HS": 1452.0, "GLVAL_NR": 0.0, "CRHOUSPCT": 0.0, "MUNGL1PCT": 1452.0, "AOEGL_HS": 1452.0, "AOEGL_NR": 0.0, "E911ADDR": "12 CASSIE ST", "SHAPE_Length": 0.0024468794177401267, "SHAPE_Area": 3.517123025851999e-07}, "geometry": {"type": "MultiPolygon", "coordinates": [[[[-72.48849110099997, 44.200133752000056], [-72.48861167999996, 44.20013233000003], [-72.48882504799997, 44.20018098600008], [-72.48891691799997, 44.20020194800003], [-72.48901074299994, 44.200223332000064], [-72.48909479299994, 44.20024246500003], [-72.48920836699995, 44.20026831800004], [-72.48923218499993, 44.200343469000074], [-72.48932365299999, 44.20063208500005], [-72.48932711999998, 44.20064302600008], [-72.48868759899995, 44.200772880000045], [-72.48867169199997, 44.20072026300005], [-72.48864668599998, 44.200638136000066], [-72.48862519799997, 44.20056655700006], [-72.48861347699994, 44.20052760200008], [-72.48860019299997, 44.20048457100006], [-72.48857674999994, 44.20040919400003], [-72.48855135399998, 44.200327067000046], [-72.48853572499996, 44.20027756600007], [-72.48850407799995, 44.20017547000003], [-72.48849110099997, 44.200133752000056]]]]}}, {"type": "Feature", "properties": {"OBJECTID": 6680, "SPAN": "036-011-11970", "GLIST_SPAN": "036-011-11970", "MAPID": "0300-VL00.0001", "PARCID": "0300-VL00-0001", "PROPTYPE": "PARCEL", "YEAR": 2023, "GLYEAR": 2022, "TOWN": "BARRE CITY", "TNAME": "Barre City", "SOURCENAME": null, "SOURCETYPE": "UNKNOWN", "SOURCEDATE": "UNKNOWN", "EDITMETHOD": "UNKNOWN", "EDITOR": "UNKNOWN", "EDITDATE": "UNKNOWN", "MATCHSTAT": "MATCH", "EDITNOTE": "UNKNOWN", "OWNER1": "LEIBMAN STEVEN & GAYLE", "OWNER2": "", "ADDRGL1": "248 CAMP ST", "ADDRGL2": "", "CITYGL": "BARRE", "STGL": "VT", "ZIPGL": "05641", "DESCPROP": "VAC LAND-0.05AC", "LOCAPROP": "CAMP ST    PART LOT 2", "CAT": "Miscellaneous", "RESCODE": "S", "ACRESGL": 0.05, "REAL_FLV": 4050, "HSTED_FLV": 0, "NRES_FLV": 4050, "LAND_LV": 4050, "IMPRV_LV": 0, "EQUIPVAL": 0, "EQUIPCODE": "", "INVENVAL": 0, "HSDECL": "N", "HSITEVAL": 4050, "VETEXAMT": 0, "EXPDESC": "", "ENDDATE": "", "STATUTE": "", "EXAMT_HS": 0, "EXAMT_NR": 0, "UVREDUC_HS": 0, "UVREDUC_NR": 0, "GLVAL_HS": 0.0, "GLVAL_NR": 40.5, "CRHOUSPCT": 0.0, "MUNGL1PCT": 40.5, "AOEGL_HS": 0.0, "AOEGL_NR": 40.5, "E911ADDR": "CAMP ST", "SHAPE_Length": 0.00035004547346155046, "SHAPE_Area": 2.643490473745896e-09}, "geometry": {"type": "MultiPolygon", "coordinates": [[[[-72.48775957799995, 44.20079294400006], [-72.48777457199998, 44.20076124700006], [-72.48792142699995, 44.20080342800003], [-72.48776935199999, 44.200793575000034], [-72.48775957799995, 44.20079294400006]]]]}}, {"type": "Feature", "properties": {"OBJECTID": 6794, "SPAN": "036-011-12090", "GLIST_SPAN": "036-011-12090", "MAPID": "1335-0017.0000", "PARCID": "1335-0017-0000", "PROPTYPE": "PARCEL", "YEAR": 2023, "GLYEAR": 2022, "TOWN": "BARRE CITY", "TNAME": "Barre City", "SOURCENAME": null, "SOURCETYPE": "UNKNOWN", "SOURCEDATE": "UNKNOWN", "EDITMETHOD": "UNKNOWN", "EDITOR": "UNKNOWN", "EDITDATE": "UNKNOWN", "MATCHSTAT": "MATCH", "EDITNOTE": "UNKNOWN", "OWNER1": "MCTIGUE PETER & DESSUREAU CLAIRE", "OWNER2": "", "ADDRGL1": "17 SNOW AVE", "ADDRGL2": "", "CITYGL": "BARRE", "STGL": "VT", "ZIPGL": "05641", "DESCPROP": "1 FAM-0.33AC", "LOCAPROP": "SNOW AVE  17", "CAT": "Residential-1", "RESCODE": "T", "ACRESGL": 0.33, "REAL_FLV": 140070, "HSTED_FLV": 140070, "NRES_FLV": 0, "LAND_LV": 37590, "IMPRV_LV": 102480, "EQUIPVAL": 0, "EQUIPCODE": "", "INVENVAL": 0, "HSDECL": "Y", "HSITEVAL": 140070, "VETEXAMT": 0, "EXPDESC": "", "ENDDATE": "", "STATUTE": "", "EXAMT_HS": 0, "EXAMT_NR": 0, "UVREDUC_HS": 0, "UVREDUC_NR": 0, "GLVAL_HS": 1401.0, "GLVAL_NR": 0.0, "CRHOUSPCT": 0.0, "MUNGL1PCT": 1400.7, "AOEGL_HS": 1401.0, "AOEGL_NR": 0.0, "E911ADDR": "17 SNOW AVE", "SHAPE_Length": 0.0017102593846157709, "SHAPE_Area": 1.4937792341127387e-07}, "geometry": {"type": "MultiPolygon", "coordinates": [[[[-72.48932365299999, 44.20063208500005], [-72.48923218499993, 44.200343469000074], [-72.48933677099996, 44.200367924000034], [-72.48988173699996, 44.20049383200006], [-72.48988760099996, 44.20049566000006], [-72.48977730999997, 44.20074019500004], [-72.48968465699994, 44.200719234000076], [-72.48932365299999, 44.20063208500005]]]]}}, {"type": "Feature", "properties": {"OBJECTID": 7163, "SPAN": "036-011-12616", "GLIST_SPAN": "036-011-12616", "MAPID": "0300-VL00.0005", "PARCID": "0300-VL00-0005", "PROPTYPE": "PARCEL", "YEAR": 2023, "GLYEAR": 2022, "TOWN": "BARRE CITY", "TNAME": "Barre City", "SOURCENAME": null, "SOURCETYPE": "UNKNOWN", "SOURCEDATE": "UNKNOWN", "EDITMETHOD": "UNKNOWN", "EDITOR": "UNKNOWN", "EDITDATE": "UNKNOWN", "MATCHSTAT": "MATCH", "EDITNOTE": "UNKNOWN", "OWNER1": "SMITH DONALD R", "OWNER2": "", "ADDRGL1": "PO BOX 384", "ADDRGL2": "", "CITYGL": "BARRE", "STGL": "VT", "ZIPGL": "05641-0384", "DESCPROP": "VAC LAND-OTL-0.18AC", "LOCAPROP": "CAMP ST    LOT  3", "CAT": "Miscellaneous", "RESCODE": "S", "ACRESGL": 0.18, "REAL_FLV": 21280, "HSTED_FLV": 0, "NRES_FLV": 21280, "LAND_LV": 21280, "IMPRV_LV": 0, "EQUIPVAL": 0, "EQUIPCODE": "", "INVENVAL": 0, "HSDECL": "N", "HSITEVAL": 21280, "VETEXAMT": 0, "EXPDESC": "", "ENDDATE": "", "STATUTE": "", "EXAMT_HS": 0, "EXAMT_NR": 0, "UVREDUC_HS": 0, "UVREDUC_NR": 0, "GLVAL_HS": 0.0, "GLVAL_NR": 212.8, "CRHOUSPCT": 0.0, "MUNGL1PCT": 212.8, "AOEGL_HS": 0.0, "AOEGL_NR": 212.8, "E911ADDR": "CAMP ST", "SHAPE_Length": 0.0012263489518453293, "SHAPE_Area": 9.463827722240199e-08}, "geometry": {"type": "MultiPolygon", "coordinates": [[[[-72.48789803599993, 44.20050024900007], [-72.48789803599993, 44.20049954500007], [-72.48817716699995, 44.20055498100004], [-72.48818662199994, 44.20055671500006], [-72.48814674999994, 44.20081660100004], [-72.48814653499994, 44.200818008000056], [-72.48814544599998, 44.20081794200007], [-72.48792142699995, 44.20080342800003], [-72.48777457199998, 44.20076124700006], [-72.48789803599993, 44.20050024900007]]]]}}, {"type": "Feature", "properties": {"OBJECTID": 7202, "SPAN": "036-011-13133", "GLIST_SPAN": "036-011-13133", "MAPID": "0300-0234.0000", "PARCID": "0300-0234-0000", "PROPTYPE": "PARCEL", "YEAR": 2023, "GLYEAR": 2022, "TOWN": "BARRE CITY", "TNAME": "Barre City", "SOURCENAME": null, "SOURCETYPE": "UNKNOWN", "SOURCEDATE": "UNKNOWN", "EDITMETHOD": "UNKNOWN", "EDITOR": "UNKNOWN", "EDITDATE": "UNKNOWN", "MATCHSTAT": "MATCH", "EDITNOTE": "UNKNOWN", "OWNER1": "HANKERSON MARIO & STOOTS-FONBERG", "OWNER2": "CHASITY A", "ADDRGL1": "234 CAMP ST", "ADDRGL2": "", "CITYGL": "BARRE", "STGL": "VT", "ZIPGL": "05641", "DESCPROP": "1 FAM-0.39AC", "LOCAPROP": "CAMP ST 234", "CAT": "Residential-1", "RESCODE": "T", "ACRESGL": 0.39, "REAL_FLV": 205900, "HSTED_FLV": 205900, "NRES_FLV": 0, "LAND_LV": 41700, "IMPRV_LV": 164200, "EQUIPVAL": 0, "EQUIPCODE": "", "INVENVAL": 0, "HSDECL": "Y", "HSITEVAL": 205900, "VETEXAMT": 0, "EXPDESC": "", "ENDDATE": "", "STATUTE": "", "EXAMT_HS": 0, "EXAMT_NR": 0, "UVREDUC_HS": 0, "UVREDUC_NR": 0, "GLVAL_HS": 2059.0, "GLVAL_NR": 0.0, "CRHOUSPCT": 0.0, "MUNGL1PCT": 2059.0, "AOEGL_HS": 2059.0, "AOEGL_NR": 0.0, "E911ADDR": "234 CAMP ST", "SHAPE_Length": 0.0023267327116411936, "SHAPE_Area": 2.471277363247629e-07}, "geometry": {"type": "MultiPolygon", "coordinates": [[[[-72.48796961599999, 44.20032714800004], [-72.48822072399997, 44.19974428900008], [-72.48831996899997, 44.200026250000064], [-72.48833989499997, 44.200094454000066], [-72.48848522799994, 44.20061182200004], [-72.48847975499996, 44.200609291000035], [-72.48844535099994, 44.200604087000045], [-72.48843870499996, 44.20060295800005], [-72.48818662199994, 44.20055671500006], [-72.48817716699995, 44.20055498100004], [-72.48789803599993, 44.20049954500007], [-72.48796961599999, 44.20032714800004]]]]}}, {"type": "Feature", "properties": {"OBJECTID": 7234, "SPAN": "036-011-13148", "GLIST_SPAN": "036-011-13148", "MAPID": "0450-0131.0000", "PARCID": "0450-0131-0000", "PROPTYPE": "PARCEL", "YEAR": 2023, "GLYEAR": 2022, "TOWN": "BARRE CITY", "TNAME": "Barre City", "SOURCENAME": null, "SOURCETYPE": "UNKNOWN", "SOURCEDATE": "UNKNOWN", "EDITMETHOD": "UNKNOWN", "EDITOR": "UNKNOWN", "EDITDATE": "UNKNOWN", "MATCHSTAT": "MATCH", "EDITNOTE": "UNKNOWN", "OWNER1": "SANTORELLO TIFFANY R", "OWNER2": "", "ADDRGL1": "131 CURRIER ST", "ADDRGL2": "", "CITYGL": "BARRE", "STGL": "VT", "ZIPGL": "05641", "DESCPROP": "1 FAM-0.24AC", "LOCAPROP": "CURRIER ST 131", "CAT": "Residential-1", "RESCODE": "T", "ACRESGL": 0.24, "REAL_FLV": 142400, "HSTED_FLV": 142400, "NRES_FLV": 0, "LAND_LV": 34600, "IMPRV_LV": 107800, "EQUIPVAL": 0, "EQUIPCODE": "", "INVENVAL": 0, "HSDECL": "Y", "HSITEVAL": 142400, "VETEXAMT": 0, "EXPDESC": "", "ENDDATE": "", "STATUTE": "", "EXAMT_HS": 0, "EXAMT_NR": 0, "UVREDUC_HS": 0, "UVREDUC_NR": 0, "GLVAL_HS": 1424.0, "GLVAL_NR": 0.0, "CRHOUSPCT": 0.0, "MUNGL1PCT": 1424.0, "AOEGL_HS": 1424.0, "AOEGL_NR": 0.0, "E911ADDR": "131 CURRIER ST", "SHAPE_Length": 0.0015648914148117977, "SHAPE_Area": 1.330413225065254e-07}, "geometry": {"type": "MultiPolygon", "coordinates": [[[[-72.49064642599996, 44.20060091100004], [-72.49073363899998, 44.20040404500003], [-72.49082120899999, 44.20042416200005], [-72.49084975899996, 44.20036271200007], [-72.49124890799999, 44.20045344500005], [-72.49116052299996, 44.200648202000025], [-72.49113041099997, 44.200713449000034], [-72.49073790599994, 44.20062215300004], [-72.49064642599996, 44.20060091100004]]]]}}, {"type": "Feature", "properties": {"OBJECTID": 7254, "SPAN": "036-011-12640", "GLIST_SPAN": "036-011-12640", "MAPID": "1105-0071.0000", "PARCID": "1105-0071-0000", "PROPTYPE": "PARCEL", "YEAR": 2023, "GLYEAR": 2022, "TOWN": "BARRE CITY", "TNAME": "Barre City", "SOURCENAME": null, "SOURCETYPE": "UNKNOWN", "SOURCEDATE": "UNKNOWN", "EDITMETHOD": "UNKNOWN", "EDITOR": "UNKNOWN", "EDITDATE": "UNKNOWN", "MATCHSTAT": "MATCH", "EDITNOTE": "UNKNOWN", "OWNER1": "ROSSI VITTORIO &", "OWNER2": "BISSON-ROSSI ANNETTE R", "ADDRGL1": "71 ONWARD ST", "ADDRGL2": "", "CITYGL": "BARRE", "STGL": "VT", "ZIPGL": "05641", "DESCPROP": "1 FAM-0.52AC", "LOCAPROP": "ONWARD ST  71", "CAT": "Residential-1", "RESCODE": "T", "ACRESGL": 0.52, "REAL_FLV": 182200, "HSTED_FLV": 182200, "NRES_FLV": 0, "LAND_LV": 38500, "IMPRV_LV": 143700, "EQUIPVAL": 0, "EQUIPCODE": "", "INVENVAL": 0, "HSDECL": "Y", "HSITEVAL": 182200, "VETEXAMT": 0, "EXPDESC": "", "ENDDATE": "", "STATUTE": "", "EXAMT_HS": 0, "EXAMT_NR": 0, "UVREDUC_HS": 0, "UVREDUC_NR": 0, "GLVAL_HS": 1822.0, "GLVAL_NR": 0.0, "CRHOUSPCT": 0.0, "MUNGL1PCT": 1822.0, "AOEGL_HS": 1822.0, "AOEGL_NR": 0.0, "E911ADDR": "71 ONWARD ST", "SHAPE_Length": 0.00220382862865875, "SHAPE_Area": 2.068718259976092e-07}, "geometry": {"type": "MultiPolygon", "coordinates": [[[[-72.49025813999998, 44.20101220400005], [-72.49037390499996, 44.20075613700004], [-72.49046108499994, 44.20077639400006], [-72.49055882099998, 44.200799043000075], [-72.49064834499995, 44.20081972200006], [-72.49061940399997, 44.20088539100004], [-72.49059124499996, 44.20094951300007], [-72.49059241899994, 44.20094979500004], [-72.49097945199998, 44.20103757500004], [-72.49098062499996, 44.20103771600003], [-72.49094816499996, 44.20110844700008], [-72.49091883299997, 44.20117116200004], [-72.49091257599997, 44.20118480200006], [-72.49048134799995, 44.20119179900007], [-72.49037969899996, 44.201192915000036], [-72.49027140199996, 44.20119431200004], [-72.49017561799997, 44.20119542800006], [-72.49025813999998, 44.20101220400005]]]]}}, {"type": "Feature", "properties": {"OBJECTID": 7257, "SPAN": "036-011-13161", "GLIST_SPAN": "036-011-13161", "MAPID": "1105-0072.0000", "PARCID": "1105-0072-0000", "PROPTYPE": "PARCEL", "YEAR": 2023, "GLYEAR": 2022, "TOWN": "BARRE CITY", "TNAME": "Barre City", "SOURCENAME": null, "SOURCETYPE": "UNKNOWN", "SOURCEDATE": "UNKNOWN", "EDITMETHOD": "UNKNOWN", "EDITOR": "UNKNOWN", "EDITDATE": "UNKNOWN", "MATCHSTAT": "MATCH", "EDITNOTE": "UNKNOWN", "OWNER1": "WILMOTT JAMES & KARLA", "OWNER2": "", "ADDRGL1": "72 ONWARD ST", "ADDRGL2": "", "CITYGL": "BARRE", "STGL": "VT", "ZIPGL": "05641", "DESCPROP": "1 FAM-0.38AC", "LOCAPROP": "ONWARD ST  72", "CAT": "Residential-1", "RESCODE": "T", "ACRESGL": 0.38, "REAL_FLV": 154100, "HSTED_FLV": 154100, "NRES_FLV": 0, "LAND_LV": 32900, "IMPRV_LV": 121200, "EQUIPVAL": 0, "EQUIPCODE": "", "INVENVAL": 0, "HSDECL": "Y", "HSITEVAL": 154100, "VETEXAMT": 0, "EXPDESC": "", "ENDDATE": "", "STATUTE": "", "EXAMT_HS": 0, "EXAMT_NR": 0, "UVREDUC_HS": 0, "UVREDUC_NR": 0, "GLVAL_HS": 1541.0, "GLVAL_NR": 0.0, "CRHOUSPCT": 0.0, "MUNGL1PCT": 1541.0, "AOEGL_HS": 1541.0, "AOEGL_NR": 0.0, "E911ADDR": "72 ONWARD ST", "SHAPE_Length": 0.0017934958904336161, "SHAPE_Area": 1.8775227067714064e-07}, "geometry": {"type": "MultiPolygon", "coordinates": [[[[-72.49038303299994, 44.20133043000004], [-72.49078013299999, 44.20132655500004], [-72.49062370299998, 44.201789817000076], [-72.49019584599995, 44.20177152400004], [-72.49038303299994, 44.20133043000004]]]]}}, {"type": "Feature", "properties": {"OBJECTID": 7405, "SPAN": "036-011-13232", "GLIST_SPAN": "036-011-13232", "MAPID": "0310-0044.0000", "PARCID": "0310-0044-0000", "PROPTYPE": "PARCEL", "YEAR": 2023, "GLYEAR": 2022, "TOWN": "BARRE CITY", "TNAME": "Barre City", "SOURCENAME": null, "SOURCETYPE": "UNKNOWN", "SOURCEDATE": "UNKNOWN", "EDITMETHOD": "UNKNOWN", "EDITOR": "UNKNOWN", "EDITDATE": "UNKNOWN", "MATCHSTAT": "MATCH", "EDITNOTE": "UNKNOWN", "OWNER1": "PIERCE JONATHAN & AMANDA", "OWNER2": "", "ADDRGL1": "44 CASSIE ST", "ADDRGL2": "", "CITYGL": "BARRE", "STGL": "VT", "ZIPGL": "05641", "DESCPROP": "1 FAM-2.60AC", "LOCAPROP": "CASSIE ST  44", "CAT": "Residential-1", "RESCODE": "T", "ACRESGL": 2.6, "REAL_FLV": 281800, "HSTED_FLV": 281800, "NRES_FLV": 0, "LAND_LV": 56700, "IMPRV_LV": 225100, "EQUIPVAL": 0, "EQUIPCODE": "", "INVENVAL": 0, "HSDECL": "Y", "HSITEVAL": 280000, "VETEXAMT": 0, "EXPDESC": "", "ENDDATE": "", "STATUTE": "", "EXAMT_HS": 0, "EXAMT_NR": 0, "UVREDUC_HS": 0, "UVREDUC_NR": 0, "GLVAL_HS": 2818.0, "GLVAL_NR": 0.0, "CRHOUSPCT": 0.0, "MUNGL1PCT": 2818.0, "AOEGL_HS": 2818.0, "AOEGL_NR": 0.0, "E911ADDR": "44 CASSIE ST", "SHAPE_Length": 0.004639454413192945, "SHAPE_Area": 1.1825895135630223e-06}, "geometry": {"type": "MultiPolygon", "coordinates": [[[[-72.48895427199994, 44.202013226000076], [-72.48891253599999, 44.20176833800008], [-72.48893790099999, 44.20176840000005], [-72.48933462999997, 44.201769359000025], [-72.48974727799998, 44.201770374000034], [-72.49019584599995, 44.20177152400004], [-72.48999080599998, 44.20225108000005], [-72.48975412999994, 44.20279120300006], [-72.48974668899996, 44.20281152200005], [-72.48974998899996, 44.20285448100003], [-72.48911975899995, 44.20320812500006], [-72.48911082299998, 44.203181967000035], [-72.48910252199994, 44.20315570200006], [-72.48909654899995, 44.20313600500003], [-72.48908776499997, 44.203104917000076], [-72.48907973599995, 44.203073723000045], [-72.48907246499994, 44.203042433000064], [-72.48906595399995, 44.20301105800007], [-72.48906020599998, 44.20297960500005], [-72.48905522199993, 44.20294808500006], [-72.48905100299999, 44.202916506000065], [-72.48904755099994, 44.202884880000056], [-72.48904486699996, 44.20285321500006], [-72.48902389099999, 44.20256428700003], [-72.48902050799995, 44.202524381000046], [-72.48900664399997, 44.20238639400003], [-72.48898943499995, 44.202248602000054], [-72.48897600699996, 44.20215068700003], [-72.48895427199994, 44.202013226000076]]]]}}, {"type": "Feature", "properties": {"OBJECTID": 7539, "SPAN": "036-011-13311", "GLIST_SPAN": "036-011-13311", "MAPID": "1105-0076.0003", "PARCID": "1105-0076-0003", "PROPTYPE": "PARCEL", "YEAR": 2023, "GLYEAR": 2022, "TOWN": "BARRE CITY", "TNAME": "Barre City", "SOURCENAME": null, "SOURCETYPE": "UNKNOWN", "SOURCEDATE": "UNKNOWN", "EDITMETHOD": "UNKNOWN", "EDITOR": "UNKNOWN", "EDITDATE": "UNKNOWN", "MATCHSTAT": "MATCH", "EDITNOTE": "UNKNOWN", "OWNER1": "HUTCHINS GEORGE A & SPOFFARD BRENDA M", "OWNER2": "", "ADDRGL1": "76 ONWARD ST", "ADDRGL2": "", "CITYGL": "BARRE", "STGL": "VT", "ZIPGL": "05641", "DESCPROP": "1 FAM-0.50AC", "LOCAPROP": "ONWARD ST  76", "CAT": "Residential-1", "RESCODE": "T", "ACRESGL": 0.5, "REAL_FLV": 162900, "HSTED_FLV": 162900, "NRES_FLV": 0, "LAND_LV": 37800, "IMPRV_LV": 125100, "EQUIPVAL": 0, "EQUIPCODE": "", "INVENVAL": 0, "HSDECL": "Y", "HSITEVAL": 162900, "VETEXAMT": 40000, "EXPDESC": "", "ENDDATE": "", "STATUTE": "", "EXAMT_HS": 0, "EXAMT_NR": 0, "UVREDUC_HS": 0, "UVREDUC_NR": 0, "GLVAL_HS": 1229.0, "GLVAL_NR": 0.0, "CRHOUSPCT": 0.0, "MUNGL1PCT": 1229.0, "AOEGL_HS": 1529.0, "AOEGL_NR": 0.0, "E911ADDR": "76 ONWARD ST", "SHAPE_Length": 0.0020217649341628496, "SHAPE_Area": 2.4236413410801557e-07}, "geometry": {"type": "MultiPolygon", "coordinates": [[[[-72.49010874099997, 44.20133210900008], [-72.49038303299994, 44.20133043000004], [-72.49019584599995, 44.20177152400004], [-72.48974727799998, 44.201770374000034], [-72.48972696199996, 44.201336953000066], [-72.48972678099994, 44.201333086000034], [-72.49010874099997, 44.20133210900008]]]]}}, {"type": "Feature", "properties": {"OBJECTID": 7706, "SPAN": "036-011-12366", "GLIST_SPAN": "036-011-12366", "MAPID": "1475-0017.0000", "PARCID": "1475-0017-0000", "PROPTYPE": "PARCEL", "YEAR": 2023, "GLYEAR": 2022, "TOWN": "BARRE CITY", "TNAME": "Barre City", "SOURCENAME": null, "SOURCETYPE": "UNKNOWN", "SOURCEDATE": "UNKNOWN", "EDITMETHOD": "UNKNOWN", "EDITOR": "UNKNOWN", "EDITDATE": "UNKNOWN", "MATCHSTAT": "MATCH", "EDITNOTE": "UNKNOWN", "OWNER1": "LARKIN JOSHUA S", "OWNER2": "", "ADDRGL1": "17 VEEDER AVE", "ADDRGL2": "", "CITYGL": "BARRE", "STGL": "VT", "ZIPGL": "05641", "DESCPROP": "1 FAM-0.19AC", "LOCAPROP": "VEEDER AVE  17", "CAT": "Residential-1", "RESCODE": "T", "ACRESGL": 0.19, "REAL_FLV": 136500, "HSTED_FLV": 136500, "NRES_FLV": 0, "LAND_LV": 28700, "IMPRV_LV": 107800, "EQUIPVAL": 0, "EQUIPCODE": "", "INVENVAL": 0, "HSDECL": "Y", "HSITEVAL": 136500, "VETEXAMT": 0, "EXPDESC": "", "ENDDATE": "", "STATUTE": "", "EXAMT_HS": 0, "EXAMT_NR": 0, "UVREDUC_HS": 0, "UVREDUC_NR": 0, "GLVAL_HS": 1365.0, "GLVAL_NR": 0.0, "CRHOUSPCT": 0.0, "MUNGL1PCT": 1365.0, "AOEGL_HS": 1365.0, "AOEGL_NR": 0.0, "E911ADDR": "17 VEEDER AVE", "SHAPE_Length": 0.001253951925924932, "SHAPE_Area": 8.737448923932377e-08}, "geometry": {"type": "MultiPolygon", "coordinates": [[[[-72.49091037599999, 44.20023235800005], [-72.49094244499997, 44.20016345500005], [-72.49133924799997, 44.200255594000055], [-72.49128175899995, 44.20038158800003], [-72.49124890799999, 44.20045344500005], [-72.49084975899996, 44.20036271200007], [-72.49088260999997, 44.20029268300004], [-72.49091037599999, 44.20023235800005]]]]}}, {"type": "Feature", "properties": {"OBJECTID": 7737, "SPAN": "036-011-12794", "GLIST_SPAN": "036-011-12794", "MAPID": "1335-0010.0000", "PARCID": "1335-0010-0000", "PROPTYPE": "PARCEL", "YEAR": 2023, "GLYEAR": 2022, "TOWN": "BARRE CITY", "TNAME": "Barre City", "SOURCENAME": null, "SOURCETYPE": "UNKNOWN", "SOURCEDATE": "UNKNOWN", "EDITMETHOD": "UNKNOWN", "EDITOR": "UNKNOWN", "EDITDATE": "UNKNOWN", "MATCHSTAT": "MATCH", "EDITNOTE": "UNKNOWN", "OWNER1": "KOVAKA MACKENZIE S & CORLISS JOHN S", "OWNER2": "", "ADDRGL1": "10 SNOW AVE", "ADDRGL2": "", "CITYGL": "BARRE", "STGL": "VT", "ZIPGL": "05641", "DESCPROP": "1 FAM-0.17AC", "LOCAPROP": "SNOW AVE  10", "CAT": "Residential-1", "RESCODE": "T", "ACRESGL": 0.17, "REAL_FLV": 113930, "HSTED_FLV": 113930, "NRES_FLV": 0, "LAND_LV": 25200, "IMPRV_LV": 88730, "EQUIPVAL": 0, "EQUIPCODE": "", "INVENVAL": 0, "HSDECL": "Y", "HSITEVAL": 113930, "VETEXAMT": 0, "EXPDESC": "", "ENDDATE": "", "STATUTE": "", "EXAMT_HS": 0, "EXAMT_NR": 0, "UVREDUC_HS": 0, "UVREDUC_NR": 0, "GLVAL_HS": 1139.0, "GLVAL_NR": 0.0, "CRHOUSPCT": 0.0, "MUNGL1PCT": 1139.3, "AOEGL_HS": 1139.0, "AOEGL_NR": 0.0, "E911ADDR": "10 SNOW AVE", "SHAPE_Length": 0.0011432448545187959, "SHAPE_Area": 8.009987850474008e-08}, "geometry": {"type": "MultiPolygon", "coordinates": [[[[-72.49018319799995, 44.20027786000003], [-72.49030130899996, 44.20001476300007], [-72.49039747899997, 44.20003699000006], [-72.49057809099997, 44.20007891100005], [-72.49045880999995, 44.20034102300008], [-72.49045763599997, 44.20034074200004], [-72.49037202099998, 44.20032118800003], [-72.49028014999993, 44.20030008700007], [-72.49018319799995, 44.20027786000003]]]]}}, {"type": "Feature", "properties": {"OBJECTID": 7845, "SPAN": "036-011-12849", "GLIST_SPAN": "036-011-12849", "MAPID": "1105-0081.0000", "PARCID": "1105-0081-0000", "PROPTYPE": "PARCEL", "YEAR": 2023, "GLYEAR": 2022, "TOWN": "BARRE CITY", "TNAME": "Barre City", "SOURCENAME": null, "SOURCETYPE": "UNKNOWN", "SOURCEDATE": "UNKNOWN", "EDITMETHOD": "UNKNOWN", "EDITOR": "UNKNOWN", "EDITDATE": "UNKNOWN", "MATCHSTAT": "MATCH", "EDITNOTE": "UNKNOWN", "OWNER1": "STABELL SHAWN C & KERRY L", "OWNER2": "", "ADDRGL1": "81 ONWARD ST", "ADDRGL2": "", "CITYGL": "BARRE", "STGL": "VT", "ZIPGL": "05641", "DESCPROP": "1 FAM-0.73AC", "LOCAPROP": "ONWARD ST  81", "CAT": "Residential-1", "RESCODE": "T", "ACRESGL": 0.73, "REAL_FLV": 210270, "HSTED_FLV": 210270, "NRES_FLV": 0, "LAND_LV": 45850, "IMPRV_LV": 164420, "EQUIPVAL": 0, "EQUIPCODE": "", "INVENVAL": 0, "HSDECL": "Y", "HSITEVAL": 210270, "VETEXAMT": 0, "EXPDESC": "", "ENDDATE": "", "STATUTE": "", "EXAMT_HS": 0, "EXAMT_NR": 0, "UVREDUC_HS": 0, "UVREDUC_NR": 0, "GLVAL_HS": 2103.0, "GLVAL_NR": 0.0, "CRHOUSPCT": 0.0, "MUNGL1PCT": 2102.7, "AOEGL_HS": 2103.0, "AOEGL_NR": 0.0, "E911ADDR": "81 ONWARD ST", "SHAPE_Length": 0.0021896085229959, "SHAPE_Area": 3.1014804431155805e-07}, "geometry": {"type": "MultiPolygon", "coordinates": [[[[-72.48868759899995, 44.200772880000045], [-72.48932711999998, 44.20064302600008], [-72.48940704999995, 44.20088191000008], [-72.48940783099994, 44.20088528500003], [-72.48937771499999, 44.200952219000044], [-72.48926350999994, 44.20120547100004], [-72.48926272799997, 44.20120645600008], [-72.48916616099996, 44.20120785300003], [-72.48905942899995, 44.20120938900004], [-72.48905825699995, 44.20120938900004], [-72.48878458499996, 44.20121301900008], [-72.48876427699997, 44.20109615900003], [-72.48876154299995, 44.201081112000054], [-72.48875060699999, 44.20102514300004], [-72.48874435699997, 44.200993502000074], [-72.48873380999999, 44.20095159500005], [-72.48871427699999, 44.200873828000056], [-72.48869513399995, 44.20079774900006], [-72.48869435299997, 44.20079521700006], [-72.48868759899995, 44.200772880000045]]]]}}, {"type": "Feature", "properties": {"OBJECTID": 7870, "SPAN": "036-011-12451", "GLIST_SPAN": "036-011-12451", "MAPID": "1475-0007.0000", "PARCID": "1475-0007-0000", "PROPTYPE": "PARCEL", "YEAR": 2023, "GLYEAR": 2022, "TOWN": "BARRE CITY", "TNAME": "Barre City", "SOURCENAME": null, "SOURCETYPE": "UNKNOWN", "SOURCEDATE": "UNKNOWN", "EDITMETHOD": "UNKNOWN", "EDITOR": "UNKNOWN", "EDITDATE": "UNKNOWN", "MATCHSTAT": "MATCH", "EDITNOTE": "UNKNOWN", "OWNER1": "BEAUDIN AMBER", "OWNER2": "", "ADDRGL1": "7 VEEDER AVE", "ADDRGL2": "", "CITYGL": "BARRE", "STGL": "VT", "ZIPGL": "05641", "DESCPROP": "1 FAM-0.17AC", "LOCAPROP": "VEEDER AVE   7", "CAT": "Residential-1", "RESCODE": "T", "ACRESGL": 0.17, "REAL_FLV": 115650, "HSTED_FLV": 115650, "NRES_FLV": 0, "LAND_LV": 26460, "IMPRV_LV": 89190, "EQUIPVAL": 0, "EQUIPCODE": "", "INVENVAL": 0, "HSDECL": "Y", "HSITEVAL": 115650, "VETEXAMT": 0, "EXPDESC": "", "ENDDATE": "", "STATUTE": "", "EXAMT_HS": 0, "EXAMT_NR": 0, "UVREDUC_HS": 0, "UVREDUC_NR": 0, "GLVAL_HS": 1156.0, "GLVAL_NR": 0.0, "CRHOUSPCT": 0.0, "MUNGL1PCT": 1156.5, "AOEGL_HS": 1156.0, "AOEGL_NR": 0.0, "E911ADDR": "7 VEEDER AVE", "SHAPE_Length": 0.001139856760435758, "SHAPE_Area": 7.977396316918142e-08}, "geometry": {"type": "MultiPolygon", "coordinates": [[[[-72.48973010299994, 44.20017319600004], [-72.48984860599995, 44.19990855300006], [-72.48993773899997, 44.199929232000045], [-72.48994203999996, 44.199930358000074], [-72.49012147799993, 44.199974248000046], [-72.49011991399993, 44.19997677900005], [-72.49000297599997, 44.200237626000046], [-72.49000180299998, 44.200237204000075], [-72.48990915199994, 44.20021539900006], [-72.48981923599996, 44.200194157000055], [-72.48973010299994, 44.20017319600004]]]]}}, {"type": "Feature", "properties": {"OBJECTID": 7991, "SPAN": "036-011-12925", "GLIST_SPAN": "036-011-12925", "MAPID": "1475-0013.0000", "PARCID": "1475-0013-0000", "PROPTYPE": "PARCEL", "YEAR": 2023, "GLYEAR": 2022, "TOWN": "BARRE CITY", "TNAME": "Barre City", "SOURCENAME": null, "SOURCETYPE": "UNKNOWN", "SOURCEDATE": "UNKNOWN", "EDITMETHOD": "UNKNOWN", "EDITOR": "UNKNOWN", "EDITDATE": "UNKNOWN", "MATCHSTAT": "MATCH", "EDITNOTE": "UNKNOWN", "OWNER1": "MONTI NICHOLAS & AMANDA", "OWNER2": "", "ADDRGL1": "13 VEEDER AVE", "ADDRGL2": "", "CITYGL": "BARRE", "STGL": "VT", "ZIPGL": "05641", "DESCPROP": "1 FAM-0.23AC", "LOCAPROP": "VEEDER AVE  13", "CAT": "Residential-1", "RESCODE": "T", "ACRESGL": 0.23, "REAL_FLV": 136150, "HSTED_FLV": 136150, "NRES_FLV": 0, "LAND_LV": 32000, "IMPRV_LV": 104150, "EQUIPVAL": 0, "EQUIPCODE": "", "INVENVAL": 0, "HSDECL": "Y", "HSITEVAL": 136150, "VETEXAMT": 0, "EXPDESC": "", "ENDDATE": "", "STATUTE": "", "EXAMT_HS": 0, "EXAMT_NR": 0, "UVREDUC_HS": 0, "UVREDUC_NR": 0, "GLVAL_HS": 1362.0, "GLVAL_NR": 0.0, "CRHOUSPCT": 0.0, "MUNGL1PCT": 1361.5, "AOEGL_HS": 1362.0, "AOEGL_NR": 0.0, "E911ADDR": "13 VEEDER AV", "SHAPE_Length": 0.0013213427441440017, "SHAPE_Area": 1.050859108392838e-07}, "geometry": {"type": "MultiPolygon", "coordinates": [[[[-72.49045880999995, 44.20034102300008], [-72.49057809099997, 44.20007891100005], [-72.49094244499997, 44.20016345500005], [-72.49091037599999, 44.20023235800005], [-72.49088260999997, 44.20029268300004], [-72.49084975899996, 44.20036271200007], [-72.49082120899999, 44.20042416200005], [-72.49073363899998, 44.20040404500003], [-72.49064411499995, 44.200383507000026], [-72.49055302499994, 44.20036268700005], [-72.49045880999995, 44.20034102300008]]]]}}, {"type": "Feature", "properties": {"OBJECTID": 195401, "SPAN": "039-012-11162", "GLIST_SPAN": "039-012-11162", "MAPID": "037/060.00", "PARCID": "037/060.00", "PROPTYPE": "PARCEL", "YEAR": 2022, "GLYEAR": 2022, "TOWN": "BARRE TOWN", "TNAME": "Barre Town", "SOURCENAME": null, "SOURCETYPE": "UNKNOWN", "SOURCEDATE": "UNKNOWN", "EDITMETHOD": "UNKNOWN", "EDITOR": "UNKNOWN", "EDITDATE": "UNKNOWN", "MATCHSTAT": "MATCH", "EDITNOTE": "UNKNOWN", "OWNER1": "DAMIATA JOSEPH FRANK & LISA MARIE", "OWNER2": "", "ADDRGL1": "260 CAMP ST", "ADDRGL2": "", "CITYGL": "BARRE", "STGL": "VT", "ZIPGL": "05641", "DESCPROP": "HSE & 3.63 ACRES", "LOCAPROP": "", "CAT": "Residential-1", "RESCODE": "T", "ACRESGL": 3.63, "REAL_FLV": 536800, "HSTED_FLV": 536800, "NRES_FLV": 0, "LAND_LV": 56020, "IMPRV_LV": 480780, "EQUIPVAL": 0, "EQUIPCODE": "", "INVENVAL": 0, "HSDECL": "Y", "HSITEVAL": 530280, "VETEXAMT": 0, "EXPDESC": "", "ENDDATE": "", "STATUTE": "", "EXAMT_HS": 0, "EXAMT_NR": 0, "UVREDUC_HS": 0, "UVREDUC_NR": 0, "GLVAL_HS": 5368.0, "GLVAL_NR": 0.0, "CRHOUSPCT": 0.0, "MUNGL1PCT": 5368.0, "AOEGL_HS": 5368.0, "AOEGL_NR": 0.0, "E911ADDR": "260 CAMP ST", "SHAPE_Length": 0.005266933529600887, "SHAPE_Area": 1.6494068309749676e-06}, "geometry": {"type": "MultiPolygon", "coordinates": [[[[-72.48747960399999, 44.20139776000008], [-72.48749757999997, 44.20136679700005], [-72.48750684699996, 44.20135044400007], [-72.48805576699993, 44.20136964200003], [-72.48863499399994, 44.201353002000076], [-72.48868710999994, 44.20161492100004], [-72.48875823599997, 44.20202229600005], [-72.48885791299995, 44.20266379800006], [-72.48883895799997, 44.20267054200008], [-72.48767929099995, 44.20240970000003], [-72.48701415599999, 44.20200467800004], [-72.48703174899998, 44.20198570100007], [-72.48705012999994, 44.20196587600003], [-72.48706850899998, 44.20194520600006], [-72.48708727999997, 44.20192383300008], [-72.48710722399994, 44.20190133600005], [-72.48713662299997, 44.20186681400003], [-72.48714867699994, 44.20185282600005], [-72.48717049799995, 44.20182709000005], [-72.48719272299996, 44.201800512000034], [-72.48721534699996, 44.20177323400003], [-72.48723836899995, 44.20174525600004], [-72.48726061399998, 44.20171699200006], [-72.48728325599996, 44.20168816700004], [-72.48730511699995, 44.20165933800007], [-72.48732619899994, 44.20163022200006], [-72.48734727999994, 44.20160124600005], [-72.48736757999995, 44.20157212600003], [-72.48738748899996, 44.20154300200005], [-72.48740661599999, 44.20151401500004], [-72.48742534899998, 44.201485166000055], [-72.48744369099995, 44.20145631300005], [-72.48746164099998, 44.20142745900006], [-72.48747960399999, 44.20139776000008]]]]}}, {"type": "Feature", "properties": {"OBJECTID": 195498, "SPAN": "039-012-11215", "GLIST_SPAN": "039-012-11215", "MAPID": "035/001.01", "PARCID": "035/001.01", "PROPTYPE": "PARCEL", "YEAR": 2022, "GLYEAR": 2022, "TOWN": "BARRE TOWN", "TNAME": "Barre Town", "SOURCENAME": null, "SOURCETYPE": "UNKNOWN", "SOURCEDATE": "UNKNOWN", "EDITMETHOD": "UNKNOWN", "EDITOR": "UNKNOWN", "EDITDATE": "UNKNOWN", "MATCHSTAT": "MATCH", "EDITNOTE": "UNKNOWN", "OWNER1": "CHARBONNEAU MICHAEL J", "OWNER2": "", "ADDRGL1": "15 CASSIE ST", "ADDRGL2": "", "CITYGL": "BARRE", "STGL": "VT", "ZIPGL": "05641", "DESCPROP": "LOT (.02 ACRES)", "LOCAPROP": "", "CAT": "Miscellaneous", "RESCODE": "T", "ACRESGL": 0.02, "REAL_FLV": 80, "HSTED_FLV": 0, "NRES_FLV": 80, "LAND_LV": 80, "IMPRV_LV": 0, "EQUIPVAL": 0, "EQUIPCODE": "", "INVENVAL": 0, "HSDECL": "N", "HSITEVAL": 80, "VETEXAMT": 0, "EXPDESC": "", "ENDDATE": "", "STATUTE": "", "EXAMT_HS": 0, "EXAMT_NR": 0, "UVREDUC_HS": 0, "UVREDUC_NR": 0, "GLVAL_HS": 0.0, "GLVAL_NR": 0.8, "CRHOUSPCT": 0.0, "MUNGL1PCT": 0.8, "AOEGL_HS": 0.0, "AOEGL_NR": 0.8, "E911ADDR": "CASSIE ST", "SHAPE_Length": 0.000861510144113386, "SHAPE_Area": 1.3962409537817216e-08}, "geometry": {"type": "MultiPolygon", "coordinates": [[[[-72.48814676699999, 44.20085317100006], [-72.48815292999996, 44.20081834200005], [-72.48851020499995, 44.20083626100006], [-72.48852271599998, 44.200836965000065], [-72.48854030899997, 44.20083837400006], [-72.48854811499996, 44.200873880000074], [-72.48814676699999, 44.20085317100006]]]]}}, {"type": "Feature", "properties": {"OBJECTID": 195722, "SPAN": "039-012-10332", "GLIST_SPAN": "039-012-10332", "MAPID": "035/001.00", "PARCID": "035/001.00", "PROPTYPE": "PARCEL", "YEAR": 2022, "GLYEAR": 2022, "TOWN": "BARRE TOWN", "TNAME": "Barre Town", "SOURCENAME": null, "SOURCETYPE": "UNKNOWN", "SOURCEDATE": "UNKNOWN", "EDITMETHOD": "UNKNOWN", "EDITOR": "UNKNOWN", "EDITDATE": "UNKNOWN", "MATCHSTAT": "MATCH", "EDITNOTE": "UNKNOWN", "OWNER1": "BRADSTREET CHRISTAL & MATTHEW", "OWNER2": "", "ADDRGL1": "21 CASSIE ST", "ADDRGL2": "", "CITYGL": "BARRE", "STGL": "VT", "ZIPGL": "05641-3263", "DESCPROP": "HSE & LOT (.48 ACRES)", "LOCAPROP": "", "CAT": "Residential-1", "RESCODE": "T", "ACRESGL": 0.48, "REAL_FLV": 229940, "HSTED_FLV": 148290, "NRES_FLV": 81650, "LAND_LV": 40000, "IMPRV_LV": 189940, "EQUIPVAL": 0, "EQUIPCODE": "", "INVENVAL": 0, "HSDECL": "Y", "HSITEVAL": 148290, "VETEXAMT": 0, "EXPDESC": "", "ENDDATE": "", "STATUTE": "", "EXAMT_HS": 0, "EXAMT_NR": 0, "UVREDUC_HS": 0, "UVREDUC_NR": 0, "GLVAL_HS": 1483.0, "GLVAL_NR": 816.5, "CRHOUSPCT": 0.0, "MUNGL1PCT": 2299.4, "AOEGL_HS": 1483.0, "AOEGL_NR": 816.5, "E911ADDR": "21 CASSIE ST", "SHAPE_Length": 0.001993295788550988, "SHAPE_Area": 2.4493873919253287e-07}, "geometry": {"type": "MultiPolygon", "coordinates": [[[[-72.48809494899996, 44.20114601300003], [-72.48814676699999, 44.20085317100006], [-72.48854811499996, 44.200873880000074], [-72.48859147899998, 44.20107111100003], [-72.48860559599996, 44.20120882100008], [-72.48863499399994, 44.201353002000076], [-72.48805576699993, 44.20136964200003], [-72.48809494899996, 44.20114601300003]]]]}}, {"type": "Feature", "properties": {"OBJECTID": 196010, "SPAN": "039-012-12224", "GLIST_SPAN": "039-012-12224", "MAPID": "037/108.00", "PARCID": "037/108.00", "PROPTYPE": "PARCEL", "YEAR": 2022, "GLYEAR": 2022, "TOWN": "BARRE TOWN", "TNAME": "Barre Town", "SOURCENAME": null, "SOURCETYPE": "UNKNOWN", "SOURCEDATE": "UNKNOWN", "EDITMETHOD": "UNKNOWN", "EDITOR": "UNKNOWN", "EDITDATE": "UNKNOWN", "MATCHSTAT": "MATCH", "EDITNOTE": "UNKNOWN", "OWNER1": "MACDUFF BETTY LOU REV TRUST", "OWNER2": "MACDUFF BETTY LOU TRUSTEE", "ADDRGL1": "263 CAMP ST", "ADDRGL2": "", "CITYGL": "BARRE", "STGL": "VT", "ZIPGL": "05641-3255", "DESCPROP": "HSE & LOT (.82 ACRES)", "LOCAPROP": "", "CAT": "Residential-1", "RESCODE": "T", "ACRESGL": 0.82, "REAL_FLV": 342850, "HSTED_FLV": 342850, "NRES_FLV": 0, "LAND_LV": 45000, "IMPRV_LV": 297850, "EQUIPVAL": 0, "EQUIPCODE": "", "INVENVAL": 0, "HSDECL": "Y", "HSITEVAL": 342850, "VETEXAMT": 0, "EXPDESC": "", "ENDDATE": "", "STATUTE": "", "EXAMT_HS": 0, "EXAMT_NR": 0, "UVREDUC_HS": 0, "UVREDUC_NR": 0, "GLVAL_HS": 3428.0, "GLVAL_NR": 0.0, "CRHOUSPCT": 0.0, "MUNGL1PCT": 3428.5, "AOEGL_HS": 3428.0, "AOEGL_NR": 0.0, "E911ADDR": "263 CAMP ST", "SHAPE_Length": 0.002579078537969165, "SHAPE_Area": 3.5700484460406825e-07}, "geometry": {"type": "MultiPolygon", "coordinates": [[[[-72.48590660699995, 44.20177139800006], [-72.48605719699998, 44.20147835700004], [-72.48636213199995, 44.20154111200003], [-72.48650521199994, 44.20159161300006], [-72.48697530699997, 44.20179650500006], [-72.48696688899997, 44.20180639900008], [-72.48694694499994, 44.201829459000066], [-72.48692778299994, 44.20185125300003], [-72.48690940399996, 44.201871923000056], [-72.48689180499997, 44.20189160800004], [-72.48687459899998, 44.20191030900003], [-72.48685778399994, 44.20192830700006], [-72.48684096799997, 44.20194574300007], [-72.48682415299999, 44.20196275600006], [-72.48680694699993, 44.20197948800006], [-72.48678934999998, 44.20199622100006], [-72.48677097099994, 44.20201323400005], [-72.48675141899997, 44.20203095000005], [-72.48673069299997, 44.202049369000065], [-72.48670801299994, 44.20206905400005], [-72.48668376799998, 44.20209000400007], [-72.48665756899999, 44.20211264200003], [-72.48590660699995, 44.20177139800006]]]]}}, {"type": "Feature", "properties": {"OBJECTID": 196021, "SPAN": "039-012-12236", "GLIST_SPAN": "039-012-12236", "MAPID": "035/002.00", "PARCID": "035/002.00", "PROPTYPE": "PARCEL", "YEAR": 2022, "GLYEAR": 2022, "TOWN": "BARRE TOWN", "TNAME": "Barre Town", "SOURCENAME": null, "SOURCETYPE": "UNKNOWN", "SOURCEDATE": "UNKNOWN", "EDITMETHOD": "UNKNOWN", "EDITOR": "UNKNOWN", "EDITDATE": "UNKNOWN", "MATCHSTAT": "MATCH", "EDITNOTE": "UNKNOWN", "OWNER1": "LEIBMAN STEVEN & GAYLE", "OWNER2": "", "ADDRGL1": "248 CAMP ST", "ADDRGL2": "", "CITYGL": "BARRE", "STGL": "VT", "ZIPGL": "05641", "DESCPROP": "HSE & LOT (.23 ACRES)", "LOCAPROP": "", "CAT": "Residential-1", "RESCODE": "T", "ACRESGL": 0.23, "REAL_FLV": 181600, "HSTED_FLV": 181600, "NRES_FLV": 0, "LAND_LV": 40000, "IMPRV_LV": 141600, "EQUIPVAL": 0, "EQUIPCODE": "", "INVENVAL": 0, "HSDECL": "Y", "HSITEVAL": 181600, "VETEXAMT": 0, "EXPDESC": "", "ENDDATE": "", "STATUTE": "", "EXAMT_HS": 0, "EXAMT_NR": 0, "UVREDUC_HS": 0, "UVREDUC_NR": 0, "GLVAL_HS": 1816.0, "GLVAL_NR": 0.0, "CRHOUSPCT": 0.0, "MUNGL1PCT": 1816.0, "AOEGL_HS": 1816.0, "AOEGL_NR": 0.0, "E911ADDR": "248 CAMP ST", "SHAPE_Length": 0.0014447095888688137, "SHAPE_Area": 1.2459048579309433e-07}, "geometry": {"type": "MultiPolygon", "coordinates": [[[[-72.48772547599998, 44.200896304000025], [-72.48777067399993, 44.200793661000034], [-72.48814544799995, 44.20081794300006], [-72.48814661999995, 44.20081801400005], [-72.48814779299994, 44.20081808400005], [-72.48815292999996, 44.20081834200005], [-72.48814676699999, 44.20085317100006], [-72.48809494899996, 44.20114601300003], [-72.48765576799997, 44.20104772600007], [-72.48768730099994, 44.20097973400004], [-72.48772547599998, 44.200896304000025]]]]}}, {"type": "Feature", "properties": {"OBJECTID": 196274, "SPAN": "039-012-10771", "GLIST_SPAN": "039-012-10771", "MAPID": "035/003.00", "PARCID": "035/003.00", "PROPTYPE": "PARCEL", "YEAR": 2022, "GLYEAR": 2022, "TOWN": "BARRE TOWN", "TNAME": "Barre Town", "SOURCENAME": null, "SOURCETYPE": "UNKNOWN", "SOURCEDATE": "UNKNOWN", "EDITMETHOD": "UNKNOWN", "EDITOR": "UNKNOWN", "EDITDATE": "UNKNOWN", "MATCHSTAT": "MATCH", "EDITNOTE": "UNKNOWN", "OWNER1": "STRACHAN ROBBIE B & SUSAN T", "OWNER2": "", "ADDRGL1": "PO BOX 100", "ADDRGL2": "", "CITYGL": "BARRE", "STGL": "VT", "ZIPGL": "05641-0100", "DESCPROP": "HSE & LOT (.33 ACRES)", "LOCAPROP": "", "CAT": "Residential-1", "RESCODE": "T", "ACRESGL": 0.33, "REAL_FLV": 177660, "HSTED_FLV": 177660, "NRES_FLV": 0, "LAND_LV": 40000, "IMPRV_LV": 137660, "EQUIPVAL": 0, "EQUIPCODE": "", "INVENVAL": 0, "HSDECL": "Y", "HSITEVAL": 177660, "VETEXAMT": 0, "EXPDESC": "", "ENDDATE": "", "STATUTE": "", "EXAMT_HS": 0, "EXAMT_NR": 0, "UVREDUC_HS": 0, "UVREDUC_NR": 0, "GLVAL_HS": 1777.0, "GLVAL_NR": 0.0, "CRHOUSPCT": 0.0, "MUNGL1PCT": 1776.6, "AOEGL_HS": 1777.0, "AOEGL_NR": 0.0, "E911ADDR": "252 CAMP ST", "SHAPE_Length": 0.001563799764646028, "SHAPE_Area": 1.3479219076171651e-07}, "geometry": {"type": "MultiPolygon", "coordinates": [[[[-72.48765435699994, 44.20105124500003], [-72.48765576799997, 44.20104772600007], [-72.48809494899996, 44.20114601300003], [-72.48805576699993, 44.20136964200003], [-72.48750684699996, 44.20135044400007], [-72.48750957099998, 44.20134563900007], [-72.48751597399996, 44.20133372600003], [-72.48753518499996, 44.20129784800008], [-72.48755561099995, 44.20125860300004], [-72.48757725999997, 44.201215286000036], [-72.48760053499996, 44.20116691800007], [-72.48762583399997, 44.20111293900004], [-72.48765435699994, 44.20105124500003]]]]}}, {"type": "Feature", "properties": {"OBJECTID": 196850, "SPAN": "039-012-12719", "GLIST_SPAN": "039-012-12719", "MAPID": "037/109.00", "PARCID": "037/109.00", "PROPTYPE": "PARCEL", "YEAR": 2022, "GLYEAR": 2022, "TOWN": "BARRE TOWN", "TNAME": "Barre Town", "SOURCENAME": null, "SOURCETYPE": "UNKNOWN", "SOURCEDATE": "UNKNOWN", "EDITMETHOD": "UNKNOWN", "EDITOR": "UNKNOWN", "EDITDATE": "UNKNOWN", "MATCHSTAT": "MATCH", "EDITNOTE": "UNKNOWN", "OWNER1": "PEPIN P SCOTT & LAURIE D", "OWNER2": "", "ADDRGL1": "PO BOX 566", "ADDRGL2": "", "CITYGL": "BARRE", "STGL": "VT", "ZIPGL": "05641-0566", "DESCPROP": "HSE & 1.19 ACRES", "LOCAPROP": "", "CAT": "Residential-1", "RESCODE": "T", "ACRESGL": 1.19, "REAL_FLV": 280170, "HSTED_FLV": 280170, "NRES_FLV": 0, "LAND_LV": 45000, "IMPRV_LV": 235170, "EQUIPVAL": 0, "EQUIPCODE": "", "INVENVAL": 0, "HSDECL": "Y", "HSITEVAL": 280170, "VETEXAMT": 0, "EXPDESC": "", "ENDDATE": "", "STATUTE": "", "EXAMT_HS": 0, "EXAMT_NR": 0, "UVREDUC_HS": 0, "UVREDUC_NR": 0, "GLVAL_HS": 2802.0, "GLVAL_NR": 0.0, "CRHOUSPCT": 0.0, "MUNGL1PCT": 2801.7, "AOEGL_HS": 2802.0, "AOEGL_NR": 0.0, "E911ADDR": "255 CAMP ST", "SHAPE_Length": 0.002710082267226779, "SHAPE_Area": 4.3591291405150566e-07}, "geometry": {"type": "MultiPolygon", "coordinates": [[[[-72.48636213199995, 44.20154111200003], [-72.48679464499997, 44.201044902000035], [-72.48740314399998, 44.20116201900004], [-72.48739914499998, 44.20116998800006], [-72.48737829299995, 44.201212043000055], [-72.48735866999994, 44.20124974700008], [-72.48734065199994, 44.20128394500006], [-72.48732305999994, 44.201315332000036], [-72.48730588699993, 44.20134461400005], [-72.48728911599994, 44.20137277300006], [-72.48727196299996, 44.201400368000066], [-72.48725402599996, 44.20142809600003], [-72.48723608699999, 44.20145596700007], [-72.48721736599998, 44.201483832000065], [-72.48719864499998, 44.20151169800005], [-72.48717914199995, 44.201539557000046], [-72.48715885899998, 44.20156727300008], [-72.48713857699994, 44.20159498700008], [-72.48711790299996, 44.20162270000003], [-72.48709644999997, 44.20165012500007], [-72.487075, 44.20167726900007], [-72.48705277199997, 44.20170426900006], [-72.48703094199993, 44.20173056700003], [-72.48700950999995, 44.20175630600005], [-72.48697530699997, 44.20179650500006], [-72.48650521199994, 44.20159161300006], [-72.48636213199995, 44.20154111200003]]]]}}, {"type": "Feature", "properties": {"OBJECTID": 197282, "SPAN": "039-012-12974", "GLIST_SPAN": "039-012-12974", "MAPID": "035/005.00", "PARCID": "035/005.00", "PROPTYPE": "PARCEL", "YEAR": 2022, "GLYEAR": 2022, "TOWN": "BARRE TOWN", "TNAME": "Barre Town", "SOURCENAME": null, "SOURCETYPE": "UNKNOWN", "SOURCEDATE": "UNKNOWN", "EDITMETHOD": "UNKNOWN", "EDITOR": "UNKNOWN", "EDITDATE": "UNKNOWN", "MATCHSTAT": "MATCH", "EDITNOTE": "UNKNOWN", "OWNER1": "SMITH DONALD R", "OWNER2": "", "ADDRGL1": "PO BOX 384", "ADDRGL2": "", "CITYGL": "BARRE", "STGL": "VT", "ZIPGL": "05641-0384", "DESCPROP": "HSE & LOT (.91 ACRES)", "LOCAPROP": "", "CAT": "Residential-1", "RESCODE": "T", "ACRESGL": 0.91, "REAL_FLV": 239200, "HSTED_FLV": 239200, "NRES_FLV": 0, "LAND_LV": 45000, "IMPRV_LV": 194200, "EQUIPVAL": 0, "EQUIPCODE": "", "INVENVAL": 0, "HSDECL": "Y", "HSITEVAL": 239200, "VETEXAMT": 0, "EXPDESC": "", "ENDDATE": "", "STATUTE": "", "EXAMT_HS": 0, "EXAMT_NR": 0, "UVREDUC_HS": 0, "UVREDUC_NR": 0, "GLVAL_HS": 2392.0, "GLVAL_NR": 0.0, "CRHOUSPCT": 0.0, "MUNGL1PCT": 2392.0, "AOEGL_HS": 2392.0, "AOEGL_NR": 0.0, "E911ADDR": "237 CAMP ST", "SHAPE_Length": 0.002774601312642401, "SHAPE_Area": 4.592754962966952e-07}, "geometry": {"type": "MultiPolygon", "coordinates": [[[[-72.48689319399995, 44.20091877400006], [-72.48719651399995, 44.20019244200006], [-72.48738477499995, 44.20022246100007], [-72.48778431399995, 44.20028620700003], [-72.48778079399995, 44.20029394100004], [-72.48765797499993, 44.200578550000046], [-72.48759421699998, 44.200737307000054], [-72.48757739599995, 44.200781180000035], [-72.48754615299998, 44.200853951000056], [-72.48750797899999, 44.200937381000074], [-72.48747542799998, 44.20100861200007], [-72.48746539399997, 44.20102991700003], [-72.48689319399995, 44.20091877400006]]]]}}, {"type": "Feature", "properties": {"OBJECTID": 198049, "SPAN": "039-012-14514", "GLIST_SPAN": "039-012-14514", "MAPID": "037/060.02", "PARCID": "037/060.02", "PROPTYPE": "PARCEL", "YEAR": 2022, "GLYEAR": 2022, "TOWN": "BARRE TOWN", "TNAME": "Barre Town", "SOURCENAME": null, "SOURCETYPE": "UNKNOWN", "SOURCEDATE": "UNKNOWN", "EDITMETHOD": "UNKNOWN", "EDITOR": "UNKNOWN", "EDITDATE": "UNKNOWN", "MATCHSTAT": "MATCH", "EDITNOTE": "UNKNOWN", "OWNER1": "SMITH DANIEL & COURTNEY", "OWNER2": "", "ADDRGL1": "266 CAMP ST", "ADDRGL2": "", "CITYGL": "BARRE", "STGL": "VT", "ZIPGL": "05641-3247", "DESCPROP": "HSE & 1.68 ACRES", "LOCAPROP": "", "CAT": "Residential-1", "RESCODE": "T", "ACRESGL": 1.68, "REAL_FLV": 367880, "HSTED_FLV": 0, "NRES_FLV": 367880, "LAND_LV": 54000, "IMPRV_LV": 313880, "EQUIPVAL": 0, "EQUIPCODE": "", "INVENVAL": 0, "HSDECL": "N", "HSITEVAL": 367880, "VETEXAMT": 0, "EXPDESC": "", "ENDDATE": "", "STATUTE": "", "EXAMT_HS": 0, "EXAMT_NR": 0, "UVREDUC_HS": 0, "UVREDUC_NR": 0, "GLVAL_HS": 0.0, "GLVAL_NR": 3678.8, "CRHOUSPCT": 0.0, "MUNGL1PCT": 3678.8, "AOEGL_HS": 0.0, "AOEGL_NR": 3678.8, "E911ADDR": "266 CAMP ST", "SHAPE_Length": 0.00481868567871862, "SHAPE_Area": 7.717349475443335e-07}, "geometry": {"type": "MultiPolygon", "coordinates": [[[[-72.48699538199998, 44.20202394700004], [-72.48701415599999, 44.20200467800004], [-72.48767929099995, 44.20240970000003], [-72.48883895799997, 44.20267054200008], [-72.48819641999995, 44.20289487300005], [-72.48712341199996, 44.20273907500007], [-72.48685645399996, 44.20237969100003], [-72.48668118299997, 44.20230376000006], [-72.48670952899994, 44.20227956700006], [-72.48674276799994, 44.202251025000066], [-72.48677365999998, 44.202224450000074], [-72.48680220699998, 44.20219984500005], [-72.48682879699999, 44.20217706700004], [-72.48685343199998, 44.20215555400006], [-72.48687650399995, 44.202135448000035], [-72.48689840299994, 44.202116045000025], [-72.48691912699996, 44.20209734300005], [-72.48693907099994, 44.20207906500008], [-72.48695823199995, 44.20206078600006], [-72.48697700199995, 44.20204236700005], [-72.48699538199998, 44.20202394700004]]]]}}, {"type": "Feature", "properties": {"OBJECTID": 5701, "SPAN": "036-011-11214", "GLIST_SPAN": "036-011-11214", "MAPID": "1025-VL00.0002", "PARCID": "1025-VL00-0002", "PROPTYPE": "PARCEL", "YEAR": 2023, "GLYEAR": 2022, "TOWN": "BARRE CITY", "TNAME": "Barre City", "SOURCENAME": null, "SOURCETYPE": "UNKNOWN", "SOURCEDATE": "UNKNOWN", "EDITMETHOD": "UNKNOWN", "EDITOR": "UNKNOWN", "EDITDATE": "UNKNOWN", "MATCHSTAT": "MATCH", "EDITNOTE": "UNKNOWN", "OWNER1": "FORD FREDERIC H & MARILYN", "OWNER2": "", "ADDRGL1": "189 ELM ST", "ADDRGL2": "", "CITYGL": "BARRE", "STGL": "VT", "ZIPGL": "05641", "DESCPROP": "VAC LAND-0.5262AC & 1.8938AC", "LOCAPROP": "MEAD AVE LOT  6", "CAT": "Miscellaneous", "RESCODE": "T", "ACRESGL": 2.42, "REAL_FLV": 12000, "HSTED_FLV": 0, "NRES_FLV": 12000, "LAND_LV": 12000, "IMPRV_LV": 0, "EQUIPVAL": 0, "EQUIPCODE": "", "INVENVAL": 0, "HSDECL": "N", "HSITEVAL": 0, "VETEXAMT": 0, "EXPDESC": "", "ENDDATE": "", "STATUTE": "", "EXAMT_HS": 0, "EXAMT_NR": 0, "UVREDUC_HS": 0, "UVREDUC_NR": 0, "GLVAL_HS": 0.0, "GLVAL_NR": 120.0, "CRHOUSPCT": 0.0, "MUNGL1PCT": 120.0, "AOEGL_HS": 0.0, "AOEGL_NR": 120.0, "E911ADDR": "MEAD AVE", "SHAPE_Length": 0.008804371613867889, "SHAPE_Area": 1.3887426721937149e-06}, "geometry": {"type": "MultiPolygon", "coordinates": [[[[-72.49694452499995, 44.20384658300003], [-72.49710875999995, 44.20352158800006], [-72.49711071399997, 44.20352201000003], [-72.49738791199997, 44.20359345400004], [-72.49782697099994, 44.20370638400004], [-72.49783166299994, 44.20370807200004], [-72.49733705699998, 44.203944457000034], [-72.49733589599998, 44.20394501200008], [-72.49723071999995, 44.20415739200007], [-72.49713091399997, 44.20435892800003], [-72.49702595099996, 44.20457087700004], [-72.49692526799998, 44.20477417800004], [-72.49682311999999, 44.20498043900005], [-72.49671964799995, 44.20518937300005], [-72.49661758999997, 44.20539510300006], [-72.49651592099997, 44.205600410000045], [-72.49641307799999, 44.205807967000055], [-72.49641034199993, 44.20581303000006], [-72.49600215599997, 44.20571036000007], [-72.49611041299994, 44.20549628100008], [-72.49621214299998, 44.20529510700004], [-72.49631967799996, 44.20508220600004], [-72.49642173599995, 44.20488027400006], [-72.49652701099996, 44.20467223900005], [-72.49663186799995, 44.20446502600004], [-72.49673611999998, 44.204259008000065], [-72.49683817699997, 44.204056654000055], [-72.49694452499995, 44.20384658300003]]], [[[-72.49697883099998, 44.20500046500007], [-72.49707428999994, 44.20480716900005], [-72.49746764799994, 44.20490795400008], [-72.49737244399995, 44.205099956000026], [-72.49727640799995, 44.20529363400004], [-72.49717893799993, 44.20549043400007], [-72.49708195499994, 44.20568603800007], [-72.49668910099996, 44.20558796800003], [-72.49678727799994, 44.205388639000034], [-72.49688268899996, 44.205195143000026], [-72.49697883099998, 44.20500046500007]]]]}}, {"type": "Feature", "properties": {"OBJECTID": 7806, "SPAN": "036-011-12416", "GLIST_SPAN": "036-011-12416", "MAPID": "1105-0022.0000", "PARCID": "1105-0022-0000", "PROPTYPE": "PARCEL", "YEAR": 2023, "GLYEAR": 2022, "TOWN": "BARRE CITY", "TNAME": "Barre City", "SOURCENAME": null, "SOURCETYPE": "UNKNOWN", "SOURCEDATE": "UNKNOWN", "EDITMETHOD": "UNKNOWN", "EDITOR": "UNKNOWN", "EDITDATE": "UNKNOWN", "MATCHSTAT": "MATCH", "EDITNOTE": "UNKNOWN", "OWNER1": "HOOD MARGARET P & HEBERT BEVERLY P", "OWNER2": "", "ADDRGL1": "31 ONWARD ST", "ADDRGL2": "", "CITYGL": "BARRE", "STGL": "VT", "ZIPGL": "05641", "DESCPROP": "1 FAM-47.8 AC", "LOCAPROP": "ONWARD ST  22", "CAT": "Residential-2", "RESCODE": "T", "ACRESGL": 47.8, "REAL_FLV": 227200, "HSTED_FLV": 227200, "NRES_FLV": 0, "LAND_LV": 142400, "IMPRV_LV": 84800, "EQUIPVAL": 0, "EQUIPCODE": "", "INVENVAL": 0, "HSDECL": "Y", "HSITEVAL": 139700, "VETEXAMT": 0, "EXPDESC": "", "ENDDATE": "", "STATUTE": "", "EXAMT_HS": 0, "EXAMT_NR": 0, "UVREDUC_HS": 0, "UVREDUC_NR": 0, "GLVAL_HS": 2272.0, "GLVAL_NR": 0.0, "CRHOUSPCT": 0.0, "MUNGL1PCT": 2272.0, "AOEGL_HS": 2272.0, "AOEGL_NR": 0.0, "E911ADDR": "22 ONWARD ST", "SHAPE_Length": 0.022970697599943662, "SHAPE_Area": 2.1736466696249436e-05}, "geometry": {"type": "MultiPolygon", "coordinates": [[[[-72.49001441999997, 44.20427358000006], [-72.49029646799994, 44.203357193000045], [-72.49047072499997, 44.20279444700003], [-72.49096674799995, 44.20157829300007], [-72.49172089199999, 44.201638864000074], [-72.49186899499995, 44.20123932100006], [-72.49186909799994, 44.201239040000075], [-72.49241863499998, 44.20115214500004], [-72.49250644799997, 44.20114460700006], [-72.49259488199993, 44.20114419600003], [-72.49268282399998, 44.20115091800005], [-72.49276916299993, 44.20116468800006], [-72.49285281399995, 44.20118533200008], [-72.49293272199998, 44.20121259200005], [-72.49300787799996, 44.201246121000054], [-72.49315587799998, 44.20132642600004], [-72.49332007099997, 44.20141348200008], [-72.49332006999998, 44.20141699800007], [-72.49317555499994, 44.20221298200005], [-72.49310036199995, 44.202552180000055], [-72.49289765499998, 44.20250568600005], [-72.49280675699998, 44.20267277100004], [-72.49328908099994, 44.20280094300006], [-72.49333712199996, 44.20271696100008], [-72.49354252999996, 44.20228210000005], [-72.49388830399994, 44.201600539000026], [-72.49403985699996, 44.201639905000036], [-72.49404551399994, 44.20163077300003], [-72.49411685999996, 44.201497259000064], [-72.49458270599996, 44.20164434000003], [-72.49467334799994, 44.20147353800007], [-72.49482936399994, 44.20152320500006], [-72.49512872699995, 44.20162177000003], [-72.49530325599994, 44.20167552800007], [-72.49577800799995, 44.20180382900003], [-72.49578152599997, 44.20180467400007], [-72.49576314799998, 44.20184306300007], [-72.49621587399997, 44.20198862500007], [-72.49656343299995, 44.20210029000003], [-72.49673545399997, 44.20215570100004], [-72.49698801399995, 44.20223684800004], [-72.49685702699998, 44.202500514000064], [-72.49670772199994, 44.20283705000003], [-72.49736252399998, 44.20301197500004], [-72.49736604299994, 44.203012959000034], [-72.49710875999995, 44.20352158800006], [-72.49694452499995, 44.20384658300003], [-72.49683817699997, 44.204056654000055], [-72.49673611999998, 44.204259008000065], [-72.49663186799995, 44.20446502600004], [-72.49652701099996, 44.20467223900005], [-72.49642173599995, 44.20488027400006], [-72.49631967799996, 44.20508220600004], [-72.49621214299998, 44.20529510700004], [-72.49611041299994, 44.20549628100008], [-72.49600215599997, 44.20571036000007], [-72.49598808099995, 44.20570628200005], [-72.49229101399999, 44.20480708600007], [-72.49205017699995, 44.20474842900006], [-72.49191216399998, 44.20471509200007], [-72.49133782899997, 44.204602270000066], [-72.49080103299997, 44.204467933000046], [-72.49044056399998, 44.20437818500005], [-72.49001441999997, 44.20427358000006]]]]}}, {"type": "Feature", "properties": {"OBJECTID": 194649, "SPAN": "039-012-11624", "GLIST_SPAN": "039-012-11624", "MAPID": "037/014.00", "PARCID": "037/014.00", "PROPTYPE": "PARCEL", "YEAR": 2022, "GLYEAR": 2022, "TOWN": "BARRE TOWN", "TNAME": "Barre Town", "SOURCENAME": null, "SOURCETYPE": "UNKNOWN", "SOURCEDATE": "UNKNOWN", "EDITMETHOD": "UNKNOWN", "EDITOR": "UNKNOWN", "EDITDATE": "UNKNOWN", "MATCHSTAT": "MATCH", "EDITNOTE": "UNKNOWN", "OWNER1": "THOMPSON CARL T", "OWNER2": "", "ADDRGL1": "20 HILLCREST  LANE", "ADDRGL2": "", "CITYGL": "BARRE", "STGL": "VT", "ZIPGL": "05641", "DESCPROP": "HSE & LOT (.32 ACRES)", "LOCAPROP": "", "CAT": "Residential-1", "RESCODE": "T", "ACRESGL": 0.32, "REAL_FLV": 165760, "HSTED_FLV": 165760, "NRES_FLV": 0, "LAND_LV": 44000, "IMPRV_LV": 121760, "EQUIPVAL": 0, "EQUIPCODE": "", "INVENVAL": 0, "HSDECL": "Y", "HSITEVAL": 165760, "VETEXAMT": 0, "EXPDESC": "", "ENDDATE": "", "STATUTE": "", "EXAMT_HS": 0, "EXAMT_NR": 0, "UVREDUC_HS": 0, "UVREDUC_NR": 0, "GLVAL_HS": 1658.0, "GLVAL_NR": 0.0, "CRHOUSPCT": 0.0, "MUNGL1PCT": 1657.6, "AOEGL_HS": 1658.0, "AOEGL_NR": 0.0, "E911ADDR": "20 HILLCREST LANE", "SHAPE_Length": 0.001585783895288341, "SHAPE_Area": 1.382692699960927e-07}, "geometry": {"type": "MultiPolygon", "coordinates": [[[[-72.49163727799998, 44.20491377400003], [-72.49174126299994, 44.204681521000055], [-72.49191216499997, 44.20471509200007], [-72.49205017699995, 44.20474843000005], [-72.49227977599998, 44.204804350000074], [-72.49221592999999, 44.20493322000004], [-72.49220380499997, 44.20496021900004], [-72.49219989399995, 44.20497020400006], [-72.49218972599994, 44.204987078000045], [-72.49218151499997, 44.20499565500006], [-72.49217173899996, 44.20500268600006], [-72.49216157299998, 44.205008451000026], [-72.49215375199998, 44.205012528000054], [-72.49213967599997, 44.20501815200004], [-72.49212794599998, 44.20502096400003], [-72.49211778099993, 44.20502237000005], [-72.49209784099997, 44.20502222700003], [-72.49202472899998, 44.20500619100005], [-72.49173384699998, 44.204936702000055], [-72.49165917199997, 44.20491897800008], [-72.49163727799998, 44.20491377400003]]]]}}, {"type": "Feature", "properties": {"OBJECTID": 195429, "SPAN": "039-012-12072", "GLIST_SPAN": "039-012-12072", "MAPID": "037/016.00", "PARCID": "037/016.00", "PROPTYPE": "PARCEL", "YEAR": 2022, "GLYEAR": 2022, "TOWN": "BARRE TOWN", "TNAME": "Barre Town", "SOURCENAME": null, "SOURCETYPE": "UNKNOWN", "SOURCEDATE": "UNKNOWN", "EDITMETHOD": "UNKNOWN", "EDITOR": "UNKNOWN", "EDITDATE": "UNKNOWN", "MATCHSTAT": "MATCH", "EDITNOTE": "UNKNOWN", "OWNER1": "LASKOWSKI RICHARD R & DIANE N", "OWNER2": "", "ADDRGL1": "2 EAST ST EXT", "ADDRGL2": "", "CITYGL": "BARRE", "STGL": "VT", "ZIPGL": "05641-8321", "DESCPROP": "HSE & LOT (.23 ACRES)", "LOCAPROP": "", "CAT": "Residential-1", "RESCODE": "T", "ACRESGL": 0.23, "REAL_FLV": 159390, "HSTED_FLV": 159390, "NRES_FLV": 0, "LAND_LV": 40000, "IMPRV_LV": 119390, "EQUIPVAL": 0, "EQUIPCODE": "", "INVENVAL": 0, "HSDECL": "Y", "HSITEVAL": 159390, "VETEXAMT": 0, "EXPDESC": "", "ENDDATE": "", "STATUTE": "", "EXAMT_HS": 0, "EXAMT_NR": 0, "UVREDUC_HS": 0, "UVREDUC_NR": 0, "GLVAL_HS": 1594.0, "GLVAL_NR": 0.0, "CRHOUSPCT": 0.0, "MUNGL1PCT": 1593.9, "AOEGL_HS": 1594.0, "AOEGL_NR": 0.0, "E911ADDR": "2 EAST ST EXT", "SHAPE_Length": 0.00129718948881272, "SHAPE_Area": 1.0531257127690288e-07}, "geometry": {"type": "MultiPolygon", "coordinates": [[[[-72.49234354399994, 44.20525328800005], [-72.49234960499996, 44.20525286700007], [-72.49240316799995, 44.205264261000025], [-72.49247432499999, 44.20527987500003], [-72.49253648999996, 44.20529380100004], [-72.49259122699993, 44.205306319000044], [-72.49262485099996, 44.20531433800005], [-72.49250634499998, 44.20559740500005], [-72.49214977899999, 44.20549303800004], [-72.49215564599996, 44.20548094500003], [-72.49218693299997, 44.20541696400005], [-72.49222369599994, 44.20533863900005], [-72.49224403299996, 44.20529434400004], [-72.49225067999998, 44.205288719000066], [-72.49225615499995, 44.205283939000026], [-72.49226123899996, 44.20527972000008], [-72.49226593099996, 44.205276205000075], [-72.49227199099994, 44.20527198700006], [-72.49227902899997, 44.20526762800006], [-72.49228548199994, 44.20526432400004], [-72.49229056399997, 44.20526228500006], [-72.49229525599998, 44.205260527000064], [-72.49230131699994, 44.205258840000056], [-72.49230718099994, 44.205257575000076], [-72.49231167799996, 44.20525694300005], [-72.49231578299998, 44.20525638100003], [-72.49232223499996, 44.205255677000025], [-72.49232907699997, 44.20525497600005], [-72.49233728799999, 44.20525385000008], [-72.49234354399994, 44.20525328800005]]]]}}, {"type": "Feature", "properties": {"OBJECTID": 195758, "SPAN": "039-012-10368", "GLIST_SPAN": "039-012-10368", "MAPID": "037/015.00", "PARCID": "037/015.00", "PROPTYPE": "PARCEL", "YEAR": 2022, "GLYEAR": 2022, "TOWN": "BARRE TOWN", "TNAME": "Barre Town", "SOURCENAME": null, "SOURCETYPE": "UNKNOWN", "SOURCEDATE": "UNKNOWN", "EDITMETHOD": "UNKNOWN", "EDITOR": "UNKNOWN", "EDITDATE": "UNKNOWN", "MATCHSTAT": "MATCH", "EDITNOTE": "UNKNOWN", "OWNER1": "BEYOR REV LIVING TRUST", "OWNER2": "BEYOR PAUL L & L'AURORE C TRUSTEES", "ADDRGL1": "28 HILL CREST LANE", "ADDRGL2": "", "CITYGL": "BARRE", "STGL": "VT", "ZIPGL": "05641-8325", "DESCPROP": "HSE & LOT (.23 ACRES)", "LOCAPROP": "", "CAT": "Residential-1", "RESCODE": "T", "ACRESGL": 0.23, "REAL_FLV": 160130, "HSTED_FLV": 160130, "NRES_FLV": 0, "LAND_LV": 44000, "IMPRV_LV": 116130, "EQUIPVAL": 0, "EQUIPCODE": "", "INVENVAL": 0, "HSDECL": "Y", "HSITEVAL": 160130, "VETEXAMT": 0, "EXPDESC": "", "ENDDATE": "", "STATUTE": "", "EXAMT_HS": 0, "EXAMT_NR": 0, "UVREDUC_HS": 0, "UVREDUC_NR": 0, "GLVAL_HS": 1601.0, "GLVAL_NR": 0.0, "CRHOUSPCT": 0.0, "MUNGL1PCT": 1601.3, "AOEGL_HS": 1601.0, "AOEGL_NR": 0.0, "E911ADDR": "28 HILLCREST LANE", "SHAPE_Length": 0.0012417478371240054, "SHAPE_Area": 9.82695361915406e-08}, "geometry": {"type": "MultiPolygon", "coordinates": [[[[-72.49238638699995, 44.205022246000055], [-72.49246382799998, 44.20484912100005], [-72.49281487399998, 44.204934508000065], [-72.49269993499996, 44.20518862500006], [-72.49243407399996, 44.20512771800003], [-72.49240396899995, 44.20511477800005], [-72.49238598599999, 44.205099027000074], [-72.49237973099997, 44.20508918300004], [-72.49237230499995, 44.205070480000074], [-72.49237426199994, 44.20505219900008], [-72.49238638699995, 44.205022246000055]]]]}}, {"type": "Feature", "properties": {"OBJECTID": 195793, "SPAN": "039-012-10405", "GLIST_SPAN": "039-012-10405", "MAPID": "037/027.00", "PARCID": "037/027.00", "PROPTYPE": "PARCEL", "YEAR": 2022, "GLYEAR": 2022, "TOWN": "BARRE TOWN", "TNAME": "Barre Town", "SOURCENAME": null, "SOURCETYPE": "UNKNOWN", "SOURCEDATE": "UNKNOWN", "EDITMETHOD": "UNKNOWN", "EDITOR": "UNKNOWN", "EDITDATE": "UNKNOWN", "MATCHSTAT": "MATCH", "EDITNOTE": "UNKNOWN", "OWNER1": "RODRIGUEZ ELIZABETH M", "OWNER2": "", "ADDRGL1": "5 EAST ST EXT", "ADDRGL2": "", "CITYGL": "BARRE", "STGL": "VT", "ZIPGL": "05641", "DESCPROP": "HSE & LOT (.23 ACRES)", "LOCAPROP": "", "CAT": "Residential-1", "RESCODE": "T", "ACRESGL": 0.23, "REAL_FLV": 194310, "HSTED_FLV": 194310, "NRES_FLV": 0, "LAND_LV": 40000, "IMPRV_LV": 154310, "EQUIPVAL": 0, "EQUIPCODE": "", "INVENVAL": 0, "HSDECL": "Y", "HSITEVAL": 194310, "VETEXAMT": 0, "EXPDESC": "", "ENDDATE": "", "STATUTE": "", "EXAMT_HS": 0, "EXAMT_NR": 0, "UVREDUC_HS": 0, "UVREDUC_NR": 0, "GLVAL_HS": 1943.0, "GLVAL_NR": 0.0, "CRHOUSPCT": 0.0, "MUNGL1PCT": 1943.1, "AOEGL_HS": 1943.0, "AOEGL_NR": 0.0, "E911ADDR": "5 EAST ST EXT", "SHAPE_Length": 0.0013382781272992031, "SHAPE_Area": 1.0284232060744424e-07}, "geometry": {"type": "MultiPolygon", "coordinates": [[[[-72.49159419899996, 44.20541087400005], [-72.49161727199998, 44.205372768000075], [-72.49196680199998, 44.20545787000003], [-72.49195272199995, 44.20548599400007], [-72.49193199499996, 44.20552564800005], [-72.49191478799997, 44.20555658400008], [-72.49190031699999, 44.20558119200007], [-72.49188780299994, 44.205601441000056], [-72.49187607099998, 44.20561915900004], [-72.49186512099999, 44.20563476700005], [-72.49185456299995, 44.20564868800005], [-72.49184478599994, 44.205661484000075], [-72.49183461899997, 44.20567343600004], [-72.49182445099996, 44.20568510700008], [-72.49181350199996, 44.20569691900005], [-72.49180646299999, 44.20570451200007], [-72.49143699299998, 44.205614627000045], [-72.49146592999995, 44.20558369200006], [-72.49150894599995, 44.205534476000025], [-72.49154414099996, 44.20549257400006], [-72.49156486699997, 44.205460231000075], [-72.49159419899996, 44.20541087400005]]]]}}, {"type": "Feature", "properties": {"OBJECTID": 195801, "SPAN": "039-012-10526", "GLIST_SPAN": "039-012-10526", "MAPID": "037/028.00", "PARCID": "037/028.00", "PROPTYPE": "PARCEL", "YEAR": 2022, "GLYEAR": 2022, "TOWN": "BARRE TOWN", "TNAME": "Barre Town", "SOURCENAME": null, "SOURCETYPE": "UNKNOWN", "SOURCEDATE": "UNKNOWN", "EDITMETHOD": "UNKNOWN", "EDITOR": "UNKNOWN", "EDITDATE": "UNKNOWN", "MATCHSTAT": "MATCH", "EDITNOTE": "UNKNOWN", "OWNER1": "SYSTO PAUL H & CATHERINE C", "OWNER2": "", "ADDRGL1": "259 PARTRIDGE RD", "ADDRGL2": "", "CITYGL": "BARRE", "STGL": "VT", "ZIPGL": "05641", "DESCPROP": "HSE & LOT (.22 ACRES)", "LOCAPROP": "", "CAT": "Residential-1", "RESCODE": "T", "ACRESGL": 0.22, "REAL_FLV": 204070, "HSTED_FLV": 0, "NRES_FLV": 204070, "LAND_LV": 40000, "IMPRV_LV": 164070, "EQUIPVAL": 0, "EQUIPCODE": "", "INVENVAL": 0, "HSDECL": "N", "HSITEVAL": 204070, "VETEXAMT": 0, "EXPDESC": "", "ENDDATE": "", "STATUTE": "", "EXAMT_HS": 0, "EXAMT_NR": 0, "UVREDUC_HS": 0, "UVREDUC_NR": 0, "GLVAL_HS": 0.0, "GLVAL_NR": 2040.7, "CRHOUSPCT": 0.0, "MUNGL1PCT": 2040.7, "AOEGL_HS": 0.0, "AOEGL_NR": 2040.7, "E911ADDR": "19 HILLCREST LANE", "SHAPE_Length": 0.0013083262283608364, "SHAPE_Area": 1.0909301010217654e-07}, "geometry": {"type": "MultiPolygon", "coordinates": [[[[-72.49161727199998, 44.205372768000075], [-72.49175884799996, 44.20508928100003], [-72.49177487899993, 44.20509223500005], [-72.49181006599997, 44.20510137800005], [-72.49188513299998, 44.205119523000064], [-72.49203057399995, 44.205157503000066], [-72.49205598499998, 44.20516917600003], [-72.49206184999997, 44.20517508200004], [-72.49207553199994, 44.20518942700005], [-72.49208256699995, 44.20521143500008], [-72.49204463099994, 44.205295455000055], [-72.49200825799994, 44.20537293600006], [-72.49197775199997, 44.20543565200006], [-72.49196680199998, 44.20545787000003], [-72.49161727199998, 44.205372768000075]]]]}}, {"type": "Feature", "properties": {"OBJECTID": 197512, "SPAN": "039-012-13096", "GLIST_SPAN": "039-012-13096", "MAPID": "009/062.01", "PARCID": "009/062.01", "PROPTYPE": "PARCEL", "YEAR": 2022, "GLYEAR": 2022, "TOWN": "BARRE TOWN", "TNAME": "Barre Town", "SOURCENAME": null, "SOURCETYPE": "UNKNOWN", "SOURCEDATE": "UNKNOWN", "EDITMETHOD": "UNKNOWN", "EDITOR": "UNKNOWN", "EDITDATE": "UNKNOWN", "MATCHSTAT": "MATCH", "EDITNOTE": "UNKNOWN", "OWNER1": "SANCIBRIAN SHERYL A & WILLIAM R LE", "OWNER2": "", "ADDRGL1": "3 CAMELS HUMP DR", "ADDRGL2": "", "CITYGL": "BARRE", "STGL": "VT", "ZIPGL": "05641-8320", "DESCPROP": "HSE & .23 ACRES", "LOCAPROP": "", "CAT": "Residential-1", "RESCODE": "T", "ACRESGL": 0.23, "REAL_FLV": 190760, "HSTED_FLV": 190760, "NRES_FLV": 0, "LAND_LV": 40000, "IMPRV_LV": 150760, "EQUIPVAL": 0, "EQUIPCODE": "", "INVENVAL": 0, "HSDECL": "Y", "HSITEVAL": 190760, "VETEXAMT": 0, "EXPDESC": "", "ENDDATE": "", "STATUTE": "", "EXAMT_HS": 0, "EXAMT_NR": 0, "UVREDUC_HS": 0, "UVREDUC_NR": 0, "GLVAL_HS": 1908.0, "GLVAL_NR": 0.0, "CRHOUSPCT": 0.0, "MUNGL1PCT": 1907.6, "AOEGL_HS": 1908.0, "AOEGL_NR": 0.0, "E911ADDR": "3 CAMELS HUMP DR", "SHAPE_Length": 0.0014052140109384022, "SHAPE_Area": 1.2576318561399197e-07}, "geometry": {"type": "MultiPolygon", "coordinates": [[[[-72.49250634499998, 44.20559740500005], [-72.49262485099996, 44.20531433800005], [-72.49263892599998, 44.205317714000046], [-72.49268154099997, 44.20532798200003], [-72.49271946599998, 44.205337547000056], [-72.49275426199995, 44.20534654900007], [-72.49278593199995, 44.205355129000054], [-72.49281447199996, 44.20536300500004], [-72.49284027599998, 44.20537046000004], [-72.49286373499996, 44.20537735200003], [-72.49288445699995, 44.20538368200005], [-72.49290322299998, 44.20538944800006], [-72.49291964399998, 44.20539479300004], [-72.49293371899995, 44.20539957500006], [-72.49294622999997, 44.20540379500005], [-72.49295678599998, 44.20540745100004], [-72.49296538699997, 44.20541068600005], [-72.49297242399996, 44.20541335900003], [-72.49298004899998, 44.20541673400004], [-72.49298747599994, 44.20542018000003], [-72.49299216799994, 44.20542278100004], [-72.49299627399995, 44.20542664900006], [-72.49299874899998, 44.20543192300005], [-72.49300096299999, 44.20543881300006], [-72.49300135399994, 44.205444930000056], [-72.49300115799997, 44.20545055500003], [-72.49300017999997, 44.20545667300007], [-72.49299900599993, 44.20546201600007], [-72.49299744099994, 44.20546848500004], [-72.49299587599995, 44.20547565600003], [-72.49299352899999, 44.20548353100003], [-72.49299039999994, 44.20549337400007], [-72.49298492499997, 44.20550785900008], [-72.49297592999994, 44.20552881100008], [-72.49296263299993, 44.205558060000044], [-72.49294425099998, 44.20559715100006], [-72.49292000399998, 44.20564763400006], [-72.49288793499994, 44.205712178000056], [-72.49250634499998, 44.20559740500005]]]]}}, {"type": "Feature", "properties": {"OBJECTID": 197727, "SPAN": "039-012-13258", "GLIST_SPAN": "039-012-13258", "MAPID": "009/061.00", "PARCID": "009/061.00", "PROPTYPE": "PARCEL", "YEAR": 2022, "GLYEAR": 2022, "TOWN": "BARRE TOWN", "TNAME": "Barre Town", "SOURCENAME": null, "SOURCETYPE": "UNKNOWN", "SOURCEDATE": "UNKNOWN", "EDITMETHOD": "UNKNOWN", "EDITOR": "UNKNOWN", "EDITDATE": "UNKNOWN", "MATCHSTAT": "MATCH", "EDITNOTE": "UNKNOWN", "OWNER1": "STONE WILLIAM & SUZANNE C LE", "OWNER2": "", "ADDRGL1": "2 CAMELS HUMP DR", "ADDRGL2": "", "CITYGL": "BARRE", "STGL": "VT", "ZIPGL": "05641-8319", "DESCPROP": "HSE & .7 ACRES", "LOCAPROP": "", "CAT": "Residential-1", "RESCODE": "T", "ACRESGL": 0.7, "REAL_FLV": 178730, "HSTED_FLV": 178730, "NRES_FLV": 0, "LAND_LV": 40000, "IMPRV_LV": 138730, "EQUIPVAL": 0, "EQUIPCODE": "", "INVENVAL": 0, "HSDECL": "Y", "HSITEVAL": 178730, "VETEXAMT": 0, "EXPDESC": "", "ENDDATE": "", "STATUTE": "", "EXAMT_HS": 0, "EXAMT_NR": 0, "UVREDUC_HS": 0, "UVREDUC_NR": 0, "GLVAL_HS": 1787.0, "GLVAL_NR": 0.0, "CRHOUSPCT": 0.0, "MUNGL1PCT": 1787.3, "AOEGL_HS": 1787.0, "AOEGL_NR": 0.0, "E911ADDR": "2 CAMELS HUMP DR", "SHAPE_Length": 0.0032099282839606613, "SHAPE_Area": 4.1050556479450313e-07}, "geometry": {"type": "MultiPolygon", "coordinates": [[[[-72.49269993499996, 44.20518862500006], [-72.49281487399998, 44.204934508000065], [-72.49380397899995, 44.205175086000054], [-72.49351859999996, 44.20571713800007], [-72.49312977099999, 44.20562651800003], [-72.49326098099993, 44.20533237700005], [-72.49269993499996, 44.20518862500006]]]]}}, {"type": "Feature", "properties": {"OBJECTID": 6261, "SPAN": "036-011-11534", "GLIST_SPAN": "036-011-11534", "MAPID": "0310-9056.0000", "PARCID": "0310-9056-0000", "PROPTYPE": "PARCEL", "YEAR": 2023, "GLYEAR": 2022, "TOWN": "BARRE CITY", "TNAME": "Barre City", "SOURCENAME": null, "SOURCETYPE": "UNKNOWN", "SOURCEDATE": "UNKNOWN", "EDITMETHOD": "UNKNOWN", "EDITOR": "UNKNOWN", "EDITDATE": "UNKNOWN", "MATCHSTAT": "MATCH", "EDITNOTE": "UNKNOWN", "OWNER1": "HEUERMAN DONALD E", "OWNER2": "", "ADDRGL1": "62 CASSIE ST", "ADDRGL2": "", "CITYGL": "BARRE", "STGL": "VT", "ZIPGL": "05641", "DESCPROP": "VAC LAND-1.70AC", "LOCAPROP": "CASSIE ST    LOT 6", "CAT": "Miscellaneous", "RESCODE": "T", "ACRESGL": 1.7, "REAL_FLV": 40290, "HSTED_FLV": 0, "NRES_FLV": 40290, "LAND_LV": 40290, "IMPRV_LV": 0, "EQUIPVAL": 0, "EQUIPCODE": "", "INVENVAL": 0, "HSDECL": "N", "HSITEVAL": 40290, "VETEXAMT": 0, "EXPDESC": "", "ENDDATE": "", "STATUTE": "", "EXAMT_HS": 0, "EXAMT_NR": 0, "UVREDUC_HS": 0, "UVREDUC_NR": 0, "GLVAL_HS": 0.0, "GLVAL_NR": 402.9, "CRHOUSPCT": 0.0, "MUNGL1PCT": 402.9, "AOEGL_HS": 0.0, "AOEGL_NR": 402.9, "E911ADDR": "CASSIE ST", "SHAPE_Length": 0.0036605271298729264, "SHAPE_Area": 7.51481352548563e-07}, "geometry": {"type": "MultiPolygon", "coordinates": [[[[-72.48974668899996, 44.20281152200005], [-72.49047072499997, 44.20279444700003], [-72.49029646799994, 44.203357193000045], [-72.48934606999995, 44.20372266500004], [-72.48933859699997, 44.20369717700004], [-72.48933019299994, 44.20367075900003], [-72.48932114899998, 44.20364445100006], [-72.48931146899997, 44.20361826000004], [-72.48930115399997, 44.203592196000045], [-72.48929020799994, 44.203566264000074], [-72.48927863599994, 44.20354047400008], [-72.48926643799996, 44.20351483300004], [-72.48925362199998, 44.20348934800006], [-72.48922415499999, 44.20343231900006], [-72.48916241399996, 44.203312829000026], [-72.48915035699997, 44.20328586900007], [-72.48913952999999, 44.20326008400008], [-72.48912932899998, 44.20323416700006], [-72.48911975899995, 44.20320812500006], [-72.48974998899996, 44.20285448100003], [-72.48974668899996, 44.20281152200005]]]]}}, {"type": "Feature", "properties": {"OBJECTID": 6456, "SPAN": "036-011-11734", "GLIST_SPAN": "036-011-11734", "MAPID": "0310-0062.0000", "PARCID": "0310-0062-0000", "PROPTYPE": "PARCEL", "YEAR": 2023, "GLYEAR": 2022, "TOWN": "BARRE CITY", "TNAME": "Barre City", "SOURCENAME": null, "SOURCETYPE": "UNKNOWN", "SOURCEDATE": "UNKNOWN", "EDITMETHOD": "UNKNOWN", "EDITOR": "UNKNOWN", "EDITDATE": "UNKNOWN", "MATCHSTAT": "MATCH", "EDITNOTE": "UNKNOWN", "OWNER1": "KINIRY LINDA C", "OWNER2": "", "ADDRGL1": "62 CASSIE ST", "ADDRGL2": "", "CITYGL": "BARRE", "STGL": "VT", "ZIPGL": "05641", "DESCPROP": "1 FAM-1.10AC", "LOCAPROP": "CASSIE ST  62", "CAT": "Residential-1", "RESCODE": "T", "ACRESGL": 1.1, "REAL_FLV": 216200, "HSTED_FLV": 216200, "NRES_FLV": 0, "LAND_LV": 44400, "IMPRV_LV": 171800, "EQUIPVAL": 0, "EQUIPCODE": "", "INVENVAL": 0, "HSDECL": "Y", "HSITEVAL": 216200, "VETEXAMT": 0, "EXPDESC": "", "ENDDATE": "", "STATUTE": "", "EXAMT_HS": 0, "EXAMT_NR": 0, "UVREDUC_HS": 0, "UVREDUC_NR": 0, "GLVAL_HS": 2162.0, "GLVAL_NR": 0.0, "CRHOUSPCT": 0.0, "MUNGL1PCT": 2162.0, "AOEGL_HS": 2162.0, "AOEGL_NR": 0.0, "E911ADDR": "62 CASSIE ST", "SHAPE_Length": 0.0030266933122528356, "SHAPE_Area": 5.01398687735692e-07}, "geometry": {"type": "MultiPolygon", "coordinates": [[[[-72.48934606999995, 44.20372266500004], [-72.49029646799994, 44.203357193000045], [-72.49001441999997, 44.20427358000006], [-72.48990416199996, 44.20424651500008], [-72.48938955999995, 44.20412565000004], [-72.48939109499997, 44.20409974700004], [-72.48939214099994, 44.20407265800003], [-72.48939252999998, 44.204045558000075], [-72.48939225999999, 44.204018459000054], [-72.48939133299996, 44.203991366000025], [-72.48938974899994, 44.203964289000055], [-72.48938750899998, 44.20393723700005], [-72.48938461299997, 44.203910216000054], [-72.48938106199995, 44.20388323600008], [-72.48937685599998, 44.203856305000045], [-72.48937199699998, 44.20382943100003], [-72.48936648799997, 44.20380262100008], [-72.48936032899996, 44.20377588500003], [-72.48935352299998, 44.203749231000074], [-72.48934606999995, 44.20372266500004]]]]}}, {"type": "Feature", "properties": {"OBJECTID": 194623, "SPAN": "039-012-11595", "GLIST_SPAN": "039-012-11595", "MAPID": "037/010.00", "PARCID": "037/010.00", "PROPTYPE": "PARCEL", "YEAR": 2022, "GLYEAR": 2022, "TOWN": "BARRE TOWN", "TNAME": "Barre Town", "SOURCENAME": null, "SOURCETYPE": "UNKNOWN", "SOURCEDATE": "UNKNOWN", "EDITMETHOD": "UNKNOWN", "EDITOR": "UNKNOWN", "EDITDATE": "UNKNOWN", "MATCHSTAT": "MATCH", "EDITNOTE": "UNKNOWN", "OWNER1": "GROSS EDWARD G & MARIE I", "OWNER2": "", "ADDRGL1": "2 HILLCREST LANE", "ADDRGL2": "", "CITYGL": "BARRE", "STGL": "VT", "ZIPGL": "05641-8322", "DESCPROP": "HSE & LOT (.35 ACRES)", "LOCAPROP": "", "CAT": "Residential-1", "RESCODE": "T", "ACRESGL": 0.35, "REAL_FLV": 202950, "HSTED_FLV": 202950, "NRES_FLV": 0, "LAND_LV": 40000, "IMPRV_LV": 162950, "EQUIPVAL": 0, "EQUIPCODE": "", "INVENVAL": 0, "HSDECL": "Y", "HSITEVAL": 202950, "VETEXAMT": 40000, "EXPDESC": "", "ENDDATE": "", "STATUTE": "", "EXAMT_HS": 0, "EXAMT_NR": 0, "UVREDUC_HS": 0, "UVREDUC_NR": 0, "GLVAL_HS": 1630.0, "GLVAL_NR": 0.0, "CRHOUSPCT": 0.0, "MUNGL1PCT": 1629.5, "AOEGL_HS": 1930.0, "AOEGL_NR": 0.0, "E911ADDR": "2 HILLCREST LANE", "SHAPE_Length": 0.0016383204804010822, "SHAPE_Area": 1.405861455711223e-07}, "geometry": {"type": "MultiPolygon", "coordinates": [[[[-72.48982435999994, 44.20450441200006], [-72.48993918899998, 44.204255114000034], [-72.49044056499997, 44.20437818600004], [-72.49047658599994, 44.204387154000074], [-72.49037953399994, 44.204611896000074], [-72.49033691899996, 44.20460303300007], [-72.49030251399995, 44.20459656200006], [-72.49026693499997, 44.204589387000055], [-72.49009412799995, 44.204550279000046], [-72.49008083499996, 44.20454732400003], [-72.48982435999994, 44.20450441200006]]]]}}, {"type": "Feature", "properties": {"OBJECTID": 194645, "SPAN": "039-012-11620", "GLIST_SPAN": "039-012-11620", "MAPID": "037/058.00", "PARCID": "037/058.00", "PROPTYPE": "PARCEL", "YEAR": 2022, "GLYEAR": 2022, "TOWN": "BARRE TOWN", "TNAME": "Barre Town", "SOURCENAME": null, "SOURCETYPE": "UNKNOWN", "SOURCEDATE": "UNKNOWN", "EDITMETHOD": "UNKNOWN", "EDITOR": "UNKNOWN", "EDITDATE": "UNKNOWN", "MATCHSTAT": "MATCH", "EDITNOTE": "UNKNOWN", "OWNER1": "HALLSTROM RICHARD S JR & BETH L", "OWNER2": "", "ADDRGL1": "69 CASSIE ST", "ADDRGL2": "", "CITYGL": "BARRE", "STGL": "VT", "ZIPGL": "05641-3263", "DESCPROP": "HSE & 14.79 ACRES", "LOCAPROP": "", "CAT": "Residential-2", "RESCODE": "T", "ACRESGL": 14.79, "REAL_FLV": 355600, "HSTED_FLV": 335250, "NRES_FLV": 20350, "LAND_LV": 80690, "IMPRV_LV": 274910, "EQUIPVAL": 0, "EQUIPCODE": "", "INVENVAL": 0, "HSDECL": "Y", "HSITEVAL": 304060, "VETEXAMT": 0, "EXPDESC": "", "ENDDATE": "", "STATUTE": "", "EXAMT_HS": 0, "EXAMT_NR": 0, "UVREDUC_HS": 0, "UVREDUC_NR": 0, "GLVAL_HS": 3352.0, "GLVAL_NR": 203.5, "CRHOUSPCT": 0.0, "MUNGL1PCT": 3556.0, "AOEGL_HS": 3352.0, "AOEGL_NR": 203.5, "E911ADDR": "69 CASSIE ST", "SHAPE_Length": 0.011272596691660784, "SHAPE_Area": 6.47576238292415e-06}, "geometry": {"type": "MultiPolygon", "coordinates": [[[[-72.48528630599998, 44.20585812300004], [-72.48546194799997, 44.205503633000035], [-72.48562350399999, 44.20517881300003], [-72.48578701499997, 44.20484696200003], [-72.48594895999997, 44.20451932900005], [-72.48629865999999, 44.20381273800007], [-72.48637728399996, 44.20365398400003], [-72.48648837199994, 44.20342829600003], [-72.48681520699995, 44.20350947400004], [-72.48862763799997, 44.20394212300005], [-72.48864289299996, 44.204109008000046], [-72.48866865499997, 44.20433091500007], [-72.48917995799997, 44.20433521800004], [-72.48917770499997, 44.20435697900007], [-72.48917535599998, 44.20437736900004], [-72.48917261599996, 44.20439804100005], [-72.48916987399997, 44.20441927500008], [-72.48916596099997, 44.20444121200006], [-72.48916204699998, 44.20446399200006], [-72.48916048099994, 44.204470883000056], [-72.48865924599994, 44.20446731800007], [-72.48852311899998, 44.20480367600004], [-72.48851529599995, 44.204823504000046], [-72.48839989799995, 44.205122879000044], [-72.48838582299999, 44.205122878000054], [-72.48827354599996, 44.205445035000025], [-72.48814562199993, 44.205799815000034], [-72.48778083799994, 44.205756886000074], [-72.48775423499995, 44.20583366400007], [-72.48757074399998, 44.20639304400004], [-72.48528630599998, 44.20585812300004]]]]}}, {"type": "Feature", "properties": {"OBJECTID": 194800, "SPAN": "039-012-11788", "GLIST_SPAN": "039-012-11788", "MAPID": "037/037.00", "PARCID": "037/037.00", "PROPTYPE": "PARCEL", "YEAR": 2022, "GLYEAR": 2022, "TOWN": "BARRE TOWN", "TNAME": "Barre Town", "SOURCENAME": null, "SOURCETYPE": "UNKNOWN", "SOURCEDATE": "UNKNOWN", "EDITMETHOD": "UNKNOWN", "EDITOR": "UNKNOWN", "EDITDATE": "UNKNOWN", "MATCHSTAT": "MATCH", "EDITNOTE": "UNKNOWN", "OWNER1": "ISABELLE J GUY & RITA G LE", "OWNER2": "", "ADDRGL1": "5 HILLCREST LANE", "ADDRGL2": "", "CITYGL": "BARRE", "STGL": "VT", "ZIPGL": "05641-8322", "DESCPROP": "HSE & LOT (.37 ACRES)", "LOCAPROP": "", "CAT": "Residential-1", "RESCODE": "T", "ACRESGL": 0.37, "REAL_FLV": 218440, "HSTED_FLV": 218440, "NRES_FLV": 0, "LAND_LV": 40000, "IMPRV_LV": 178440, "EQUIPVAL": 0, "EQUIPCODE": "", "INVENVAL": 0, "HSDECL": "Y", "HSITEVAL": 218440, "VETEXAMT": 0, "EXPDESC": "", "ENDDATE": "", "STATUTE": "", "EXAMT_HS": 0, "EXAMT_NR": 0, "UVREDUC_HS": 0, "UVREDUC_NR": 0, "GLVAL_HS": 2184.0, "GLVAL_NR": 0.0, "CRHOUSPCT": 0.0, "MUNGL1PCT": 2184.4, "AOEGL_HS": 2184.0, "AOEGL_NR": 0.0, "E911ADDR": "5 HILLCREST LANE", "SHAPE_Length": 0.0016708352168879731, "SHAPE_Area": 1.7420356250689537e-07}, "geometry": {"type": "MultiPolygon", "coordinates": [[[[-72.49035565899999, 44.20477178300007], [-72.49036386899996, 44.20477178400006], [-72.49037364399999, 44.204772207000076], [-72.49038419999994, 44.204772770000034], [-72.49039671099996, 44.20477389600006], [-72.49041195999996, 44.20477544500005], [-72.49042994399997, 44.20477783600006], [-72.49045222899997, 44.20478121300005], [-72.49047920699996, 44.20478557500007], [-72.49051048499996, 44.20479120300007], [-72.49054762599997, 44.204798236000045], [-72.49059102399997, 44.20480667700008], [-72.49064224099999, 44.20481736900007], [-72.49070401399996, 44.20483073400004], [-72.49077907999998, 44.20484733400008], [-72.49083889899998, 44.20486111900004], [-72.49067932599996, 44.205191712000044], [-72.49024535099994, 44.205080302000056], [-72.49024691699998, 44.20506722500005], [-72.49024848299996, 44.205053443000054], [-72.49025004899994, 44.20504022500006], [-72.49025122399996, 44.20502728800005], [-72.49025239999997, 44.20501463200003], [-72.49025357399995, 44.20500225700005], [-72.49025474899997, 44.20499016400004], [-72.49025592399994, 44.20497835100008], [-72.49025709899996, 44.20496668000004], [-72.49025788299997, 44.204955289000054], [-72.49025905699995, 44.20494432000004], [-72.49026023199997, 44.204933915000026], [-72.49026101599998, 44.204923790000066], [-72.49026218999995, 44.20491436800006], [-72.49026297299997, 44.20490550900007], [-72.49026375699998, 44.20489721200005], [-72.49026453999994, 44.20488961800004], [-72.49026493299993, 44.20488258700004], [-72.49026571599995, 44.20487611900006], [-72.49026649899997, 44.20487007200006], [-72.49026728199993, 44.20486458700003], [-72.49026806399996, 44.20485938400003], [-72.49026884699998, 44.20485446200007], [-72.49026962999994, 44.20484982200003], [-72.49027041299996, 44.20484518200004], [-72.49027119499993, 44.204840682000054], [-72.49027236799998, 44.20483632300005], [-72.49027315099994, 44.20483196300006], [-72.49027432499997, 44.20482760500005], [-72.49027549799996, 44.204823385000054], [-72.49027628099998, 44.204819308000026], [-72.49027784599997, 44.20481424500008], [-72.49027941099996, 44.20480897200008], [-72.49028195199998, 44.20480384000007], [-72.49028410399995, 44.20480060600005], [-72.49028762399996, 44.20479695000006], [-72.49029192499995, 44.204793153000026], [-72.49029622699999, 44.20478991900006], [-72.49030091899994, 44.20478633300007], [-72.49030600199995, 44.20478288800007], [-72.49031108599996, 44.204779796000025], [-72.49031655899995, 44.20477656200006], [-72.49032379299996, 44.20477417200004], [-72.49033063399997, 44.20477311800005], [-72.49033982299994, 44.20477227500004], [-72.49034862099995, 44.20477178300007], [-72.49035565899999, 44.20477178300007]]]]}}, {"type": "Feature", "properties": {"OBJECTID": 195015, "SPAN": "039-012-11009", "GLIST_SPAN": "039-012-11009", "MAPID": "037/008.00", "PARCID": "037/008.00", "PROPTYPE": "PARCEL", "YEAR": 2022, "GLYEAR": 2022, "TOWN": "BARRE TOWN", "TNAME": "Barre Town", "SOURCENAME": null, "SOURCETYPE": "UNKNOWN", "SOURCEDATE": "UNKNOWN", "EDITMETHOD": "UNKNOWN", "EDITOR": "UNKNOWN", "EDITDATE": "UNKNOWN", "MATCHSTAT": "MATCH", "EDITNOTE": "UNKNOWN", "OWNER1": "LAGERSTEDT LAURA B & FICEK BRIAN", "OWNER2": "", "ADDRGL1": "3 GRACE AVE", "ADDRGL2": "", "CITYGL": "BARRE", "STGL": "VT", "ZIPGL": "05641-8328", "DESCPROP": "HSE & LOT (.24 ACRES)", "LOCAPROP": "", "CAT": "Residential-1", "RESCODE": "T", "ACRESGL": 0.24, "REAL_FLV": 212910, "HSTED_FLV": 212910, "NRES_FLV": 0, "LAND_LV": 40000, "IMPRV_LV": 172910, "EQUIPVAL": 0, "EQUIPCODE": "", "INVENVAL": 0, "HSDECL": "Y", "HSITEVAL": 212910, "VETEXAMT": 0, "EXPDESC": "", "ENDDATE": "", "STATUTE": "", "EXAMT_HS": 0, "EXAMT_NR": 0, "UVREDUC_HS": 0, "UVREDUC_NR": 0, "GLVAL_HS": 2129.0, "GLVAL_NR": 0.0, "CRHOUSPCT": 0.0, "MUNGL1PCT": 2129.1, "AOEGL_HS": 2129.0, "AOEGL_NR": 0.0, "E911ADDR": "3 GRACE AVE", "SHAPE_Length": 0.0014521794088461022, "SHAPE_Area": 1.2425358256725366e-07}, "geometry": {"type": "MultiPolygon", "coordinates": [[[[-72.48959240899995, 44.20507138500005], [-72.48964054699996, 44.204798580000045], [-72.49007960999995, 44.20486415000005], [-72.49006707599995, 44.204996194000046], [-72.49004789399999, 44.20513372200003], [-72.48959240899995, 44.20507138500005]]]]}}, {"type": "Feature", "properties": {"OBJECTID": 195024, "SPAN": "039-012-11918", "GLIST_SPAN": "039-012-11918", "MAPID": "037/059.00", "PARCID": "037/059.00", "PROPTYPE": "PARCEL", "YEAR": 2022, "GLYEAR": 2022, "TOWN": "BARRE TOWN", "TNAME": "Barre Town", "SOURCENAME": null, "SOURCETYPE": "UNKNOWN", "SOURCEDATE": "UNKNOWN", "EDITMETHOD": "UNKNOWN", "EDITOR": "UNKNOWN", "EDITDATE": "UNKNOWN", "MATCHSTAT": "MATCH", "EDITNOTE": "UNKNOWN", "OWNER1": "KIRK JERRY A & YOKO", "OWNER2": "", "ADDRGL1": "65 CASSIE ST", "ADDRGL2": "", "CITYGL": "BARRE", "STGL": "VT", "ZIPGL": "05641-3263", "DESCPROP": "HSE & LOT (.40 ACRES)", "LOCAPROP": "", "CAT": "Residential-1", "RESCODE": "T", "ACRESGL": 0.4, "REAL_FLV": 103560, "HSTED_FLV": 103560, "NRES_FLV": 0, "LAND_LV": 40000, "IMPRV_LV": 63560, "EQUIPVAL": 0, "EQUIPCODE": "", "INVENVAL": 0, "HSDECL": "Y", "HSITEVAL": 103560, "VETEXAMT": 0, "EXPDESC": "", "ENDDATE": "", "STATUTE": "", "EXAMT_HS": 0, "EXAMT_NR": 0, "UVREDUC_HS": 0, "UVREDUC_NR": 0, "GLVAL_HS": 1036.0, "GLVAL_NR": 0.0, "CRHOUSPCT": 0.0, "MUNGL1PCT": 1035.6, "AOEGL_HS": 1036.0, "AOEGL_NR": 0.0, "E911ADDR": "65 CASSIE ST", "SHAPE_Length": 0.001743492665208957, "SHAPE_Area": 1.7429015953823764e-07}, "geometry": {"type": "MultiPolygon", "coordinates": [[[[-72.48864289299996, 44.204109008000046], [-72.48862763799997, 44.20394212300005], [-72.48917736599998, 44.20407334200007], [-72.48919481199994, 44.20407767300003], [-72.48919417299999, 44.204099780000035], [-72.48919377899995, 44.20412242000003], [-72.48919299299996, 44.20414506100008], [-72.48919220699997, 44.204167279000046], [-72.48919102899998, 44.20418921700008], [-72.48918985299997, 44.20421087200003], [-72.48918828499995, 44.20423238800004], [-72.48918671699994, 44.20425348100008], [-72.48918514999997, 44.204274575000056], [-72.48918358199995, 44.20429538700006], [-72.48918162299998, 44.204316058000074], [-72.48917995799997, 44.20433521800004], [-72.48866865499997, 44.20433091500007], [-72.48864289299996, 44.204109008000046]]]]}}, {"type": "Feature", "properties": {"OBJECTID": 195538, "SPAN": "039-012-11255", "GLIST_SPAN": "039-012-11255", "MAPID": "037/002.00", "PARCID": "037/002.00", "PROPTYPE": "PARCEL", "YEAR": 2022, "GLYEAR": 2022, "TOWN": "BARRE TOWN", "TNAME": "Barre Town", "SOURCENAME": null, "SOURCETYPE": "UNKNOWN", "SOURCEDATE": "UNKNOWN", "EDITMETHOD": "UNKNOWN", "EDITOR": "UNKNOWN", "EDITDATE": "UNKNOWN", "MATCHSTAT": "MATCH", "EDITNOTE": "UNKNOWN", "OWNER1": "BAKER NICHOLAS A", "OWNER2": "", "ADDRGL1": "72 CASSIE ST", "ADDRGL2": "", "CITYGL": "BARRE", "STGL": "VT", "ZIPGL": "05641-3263", "DESCPROP": "HSE & LOT (.28 ACRES)", "LOCAPROP": "", "CAT": "Residential-1", "RESCODE": "T", "ACRESGL": 0.28, "REAL_FLV": 221750, "HSTED_FLV": 221750, "NRES_FLV": 0, "LAND_LV": 40000, "IMPRV_LV": 181750, "EQUIPVAL": 0, "EQUIPCODE": "", "INVENVAL": 0, "HSDECL": "Y", "HSITEVAL": 221750, "VETEXAMT": 0, "EXPDESC": "", "ENDDATE": "", "STATUTE": "", "EXAMT_HS": 0, "EXAMT_NR": 0, "UVREDUC_HS": 0, "UVREDUC_NR": 0, "GLVAL_HS": 2218.0, "GLVAL_NR": 0.0, "CRHOUSPCT": 0.0, "MUNGL1PCT": 2217.5, "AOEGL_HS": 2218.0, "AOEGL_NR": 0.0, "E911ADDR": "72 CASSIE ST", "SHAPE_Length": 0.0013197210138652543, "SHAPE_Area": 1.0719193191596163e-07}, "geometry": {"type": "MultiPolygon", "coordinates": [[[[-72.48935715199997, 44.20443419800006], [-72.48935793399994, 44.20442871400007], [-72.48966171599994, 44.20447894500006], [-72.48964054699996, 44.204798580000045], [-72.48927968099997, 44.20474567200006], [-72.48928163699998, 44.20473822000008], [-72.48929298299998, 44.204698706000045], [-72.48930354599997, 44.20466186300007], [-72.48931332699993, 44.20462741100005], [-72.48932193399997, 44.20459520900005], [-72.48933014999994, 44.20456497600003], [-72.48933719299998, 44.20453628900003], [-72.48934345299995, 44.20450900800006], [-72.48934893199998, 44.204482994000045], [-72.48935323699999, 44.204458104000025], [-72.48935715199997, 44.20443419800006]]]]}}, {"type": "Feature", "properties": {"OBJECTID": 195964, "SPAN": "039-012-12183", "GLIST_SPAN": "039-012-12183", "MAPID": "037/003.00", "PARCID": "037/003.00", "PROPTYPE": "PARCEL", "YEAR": 2022, "GLYEAR": 2022, "TOWN": "BARRE TOWN", "TNAME": "Barre Town", "SOURCENAME": null, "SOURCETYPE": "UNKNOWN", "SOURCEDATE": "UNKNOWN", "EDITMETHOD": "UNKNOWN", "EDITOR": "UNKNOWN", "EDITDATE": "UNKNOWN", "MATCHSTAT": "MATCH", "EDITNOTE": "UNKNOWN", "OWNER1": "LOWERY MARJORIE E LE", "OWNER2": "", "ADDRGL1": "76 CASSIE ST", "ADDRGL2": "", "CITYGL": "BARRE", "STGL": "VT", "ZIPGL": "05641-3263", "DESCPROP": "HSE & LOT (.24 ACRES)", "LOCAPROP": "", "CAT": "Residential-1", "RESCODE": "T", "ACRESGL": 0.24, "REAL_FLV": 162790, "HSTED_FLV": 162790, "NRES_FLV": 0, "LAND_LV": 40000, "IMPRV_LV": 122790, "EQUIPVAL": 0, "EQUIPCODE": "", "INVENVAL": 0, "HSDECL": "Y", "HSITEVAL": 162790, "VETEXAMT": 0, "EXPDESC": "", "ENDDATE": "", "STATUTE": "", "EXAMT_HS": 0, "EXAMT_NR": 0, "UVREDUC_HS": 0, "UVREDUC_NR": 0, "GLVAL_HS": 1628.0, "GLVAL_NR": 0.0, "CRHOUSPCT": 0.0, "MUNGL1PCT": 1627.9, "AOEGL_HS": 1628.0, "AOEGL_NR": 0.0, "E911ADDR": "76 CASSIE ST", "SHAPE_Length": 0.0013159318241549823, "SHAPE_Area": 1.0510854714207942e-07}, "geometry": {"type": "MultiPolygon", "coordinates": [[[[-72.48926950899994, 44.20478054600005], [-72.48927968099997, 44.20474567200006], [-72.48964054699996, 44.204798580000045], [-72.48959240899995, 44.20507138500005], [-72.48920143599997, 44.20501341200003], [-72.48921160799995, 44.204977695000025], [-72.48922725699998, 44.20492510300005], [-72.48924212299994, 44.20487448000006], [-72.48925620799997, 44.20482610700003], [-72.48926950899994, 44.20478054600005]]]]}}, {"type": "Feature", "properties": {"OBJECTID": 195992, "SPAN": "039-012-12208", "GLIST_SPAN": "039-012-12208", "MAPID": "037/038.00", "PARCID": "037/038.00", "PROPTYPE": "PARCEL", "YEAR": 2022, "GLYEAR": 2022, "TOWN": "BARRE TOWN", "TNAME": "Barre Town", "SOURCENAME": null, "SOURCETYPE": "UNKNOWN", "SOURCEDATE": "UNKNOWN", "EDITMETHOD": "UNKNOWN", "EDITOR": "UNKNOWN", "EDITDATE": "UNKNOWN", "MATCHSTAT": "MATCH", "EDITNOTE": "UNKNOWN", "OWNER1": "MACADAMS MARK A & TERESA M", "OWNER2": "", "ADDRGL1": "8 GRACE AVE", "ADDRGL2": "", "CITYGL": "BARRE", "STGL": "VT", "ZIPGL": "05641", "DESCPROP": "HSE & LOT (.27 ACRES)", "LOCAPROP": "", "CAT": "Residential-1", "RESCODE": "T", "ACRESGL": 0.27, "REAL_FLV": 170970, "HSTED_FLV": 170970, "NRES_FLV": 0, "LAND_LV": 40000, "IMPRV_LV": 130970, "EQUIPVAL": 0, "EQUIPCODE": "", "INVENVAL": 0, "HSDECL": "Y", "HSITEVAL": 170970, "VETEXAMT": 0, "EXPDESC": "", "ENDDATE": "", "STATUTE": "", "EXAMT_HS": 0, "EXAMT_NR": 0, "UVREDUC_HS": 0, "UVREDUC_NR": 0, "GLVAL_HS": 1710.0, "GLVAL_NR": 0.0, "CRHOUSPCT": 0.0, "MUNGL1PCT": 1709.7, "AOEGL_HS": 1710.0, "AOEGL_NR": 0.0, "E911ADDR": "8 GRACE AVE", "SHAPE_Length": 0.0015092092482799904, "SHAPE_Area": 1.3840353051936306e-07}, "geometry": {"type": "MultiPolygon", "coordinates": [[[[-72.49024378399997, 44.205096052000044], [-72.49024535099994, 44.205080302000056], [-72.49067932599996, 44.205191712000044], [-72.49052209899997, 44.20550964900008], [-72.49017530799995, 44.20542144900003], [-72.49018000199999, 44.20540429300007], [-72.49018626199995, 44.20537982500008], [-72.49019213099996, 44.20535704500003], [-72.49019760899995, 44.20533595100005], [-72.49020269399995, 44.205316124000035], [-72.49020699899995, 44.20529742200006], [-72.49021130199998, 44.20527942200005], [-72.49021521499998, 44.20526184500005], [-72.49021873699996, 44.20524454800005], [-72.49022225799996, 44.20522739200004], [-72.49022538899999, 44.20521009600003], [-72.49022851899997, 44.205192940000074], [-72.49023164999994, 44.205176066000035], [-72.49023438999996, 44.20515933100006], [-72.49023712899998, 44.20514287900005], [-72.49023947799998, 44.20512670700003], [-72.49024182599999, 44.20511109900008], [-72.49024378399997, 44.205096052000044]]]]}}, {"type": "Feature", "properties": {"OBJECTID": 196063, "SPAN": "039-012-10537", "GLIST_SPAN": "039-012-10537", "MAPID": "037/001.00", "PARCID": "037/001.00", "PROPTYPE": "PARCEL", "YEAR": 2022, "GLYEAR": 2022, "TOWN": "BARRE TOWN", "TNAME": "Barre Town", "SOURCENAME": null, "SOURCETYPE": "UNKNOWN", "SOURCEDATE": "UNKNOWN", "EDITMETHOD": "UNKNOWN", "EDITOR": "UNKNOWN", "EDITDATE": "UNKNOWN", "MATCHSTAT": "MATCH", "EDITNOTE": "UNKNOWN", "OWNER1": "BEEBE SETH & SARAH", "OWNER2": "", "ADDRGL1": "68 CASSIE ST", "ADDRGL2": "", "CITYGL": "BARRE", "STGL": "VT", "ZIPGL": "05641-3263", "DESCPROP": "HSE & LOT (.44 ACRES)", "LOCAPROP": "", "CAT": "Residential-1", "RESCODE": "T", "ACRESGL": 0.44, "REAL_FLV": 256660, "HSTED_FLV": 256660, "NRES_FLV": 0, "LAND_LV": 40000, "IMPRV_LV": 216660, "EQUIPVAL": 0, "EQUIPCODE": "", "INVENVAL": 0, "HSDECL": "Y", "HSITEVAL": 256660, "VETEXAMT": 0, "EXPDESC": "", "ENDDATE": "", "STATUTE": "", "EXAMT_HS": 0, "EXAMT_NR": 0, "UVREDUC_HS": 0, "UVREDUC_NR": 0, "GLVAL_HS": 2567.0, "GLVAL_NR": 0.0, "CRHOUSPCT": 0.0, "MUNGL1PCT": 2566.6, "AOEGL_HS": 2567.0, "AOEGL_NR": 0.0, "E911ADDR": "68 CASSIE ST", "SHAPE_Length": 0.0016246930028098387, "SHAPE_Area": 1.48402913785493e-07}, "geometry": {"type": "MultiPolygon", "coordinates": [[[[-72.48938065699997, 44.204171657000074], [-72.48938258799996, 44.20412401200008], [-72.48990416399994, 44.20424651600007], [-72.48993918899998, 44.204255114000034], [-72.48982435999994, 44.20450441200006], [-72.48979347399995, 44.20449920600004], [-72.48969455799994, 44.20448443200007], [-72.48966171599994, 44.20447894500006], [-72.48935793399994, 44.20442871400007], [-72.48936067399995, 44.20441127700008], [-72.48936341499996, 44.20438891800006], [-72.48936576499995, 44.20436726200006], [-72.48936811499993, 44.204345887000045], [-72.48937007299998, 44.20432479500005], [-72.48937203199995, 44.20430370100007], [-72.48937359999996, 44.204282326000055], [-72.48937516799998, 44.20426081100004], [-72.48937673599994, 44.20423901400005], [-72.48937830399996, 44.204216796000026], [-72.48937947999997, 44.20419443700007], [-72.48938065699997, 44.204171657000074]]]]}}, {"type": "Feature", "properties": {"OBJECTID": 196118, "SPAN": "039-012-10597", "GLIST_SPAN": "039-012-10597", "MAPID": "037/004.00", "PARCID": "037/004.00", "PROPTYPE": "PARCEL", "YEAR": 2022, "GLYEAR": 2022, "TOWN": "BARRE TOWN", "TNAME": "Barre Town", "SOURCENAME": null, "SOURCETYPE": "UNKNOWN", "SOURCEDATE": "UNKNOWN", "EDITMETHOD": "UNKNOWN", "EDITOR": "UNKNOWN", "EDITDATE": "UNKNOWN", "MATCHSTAT": "MATCH", "EDITNOTE": "UNKNOWN", "OWNER1": "BOUJOULIAN JEFFREY & JENNIFER A", "OWNER2": "", "ADDRGL1": "80 CASSIE ST", "ADDRGL2": "", "CITYGL": "BARRE", "STGL": "VT", "ZIPGL": "05641", "DESCPROP": "HSE & LOT (.26 ACRES)", "LOCAPROP": "", "CAT": "Residential-1", "RESCODE": "T", "ACRESGL": 0.26, "REAL_FLV": 173230, "HSTED_FLV": 173230, "NRES_FLV": 0, "LAND_LV": 40000, "IMPRV_LV": 133230, "EQUIPVAL": 0, "EQUIPCODE": "", "INVENVAL": 0, "HSDECL": "Y", "HSITEVAL": 173230, "VETEXAMT": 0, "EXPDESC": "", "ENDDATE": "", "STATUTE": "", "EXAMT_HS": 0, "EXAMT_NR": 0, "UVREDUC_HS": 0, "UVREDUC_NR": 0, "GLVAL_HS": 1732.0, "GLVAL_NR": 0.0, "CRHOUSPCT": 0.0, "MUNGL1PCT": 1732.3, "AOEGL_HS": 1732.0, "AOEGL_NR": 0.0, "E911ADDR": "80 CASSIE ST", "SHAPE_Length": 0.0013611197540288136, "SHAPE_Area": 1.1068887455945688e-07}, "geometry": {"type": "MultiPolygon", "coordinates": [[[[-72.48919595899997, 44.20503169300008], [-72.48920143599997, 44.20501341200003], [-72.48959240899995, 44.20507138500005], [-72.48953254099996, 44.20533828400005], [-72.48912123499997, 44.20527819900008], [-72.48912945099994, 44.20525204300003], [-72.48914627299996, 44.20519720200008], [-72.48916309599997, 44.20514179800006], [-72.48917952699998, 44.20508653400003], [-72.48919595899997, 44.20503169300008]]]]}}, {"type": "Feature", "properties": {"OBJECTID": 196234, "SPAN": "039-012-10726", "GLIST_SPAN": "039-012-10726", "MAPID": "037/057.00", "PARCID": "037/057.00", "PROPTYPE": "PARCEL", "YEAR": 2022, "GLYEAR": 2022, "TOWN": "BARRE TOWN", "TNAME": "Barre Town", "SOURCENAME": null, "SOURCETYPE": "UNKNOWN", "SOURCEDATE": "UNKNOWN", "EDITMETHOD": "UNKNOWN", "EDITOR": "UNKNOWN", "EDITDATE": "UNKNOWN", "MATCHSTAT": "MATCH", "EDITNOTE": "UNKNOWN", "OWNER1": "DOWNSTREET HOUSING & COMM DEV INC", "OWNER2": "", "ADDRGL1": "22 KEITH AVE  STE 100", "ADDRGL2": "", "CITYGL": "BARRE", "STGL": "VT", "ZIPGL": "05641-3709", "DESCPROP": "LOT (.38 ACRES)", "LOCAPROP": "", "CAT": "Miscellaneous", "RESCODE": "C", "ACRESGL": 0.38, "REAL_FLV": 40000, "HSTED_FLV": 40000, "NRES_FLV": 0, "LAND_LV": 40000, "IMPRV_LV": 0, "EQUIPVAL": 0, "EQUIPCODE": "", "INVENVAL": 0, "HSDECL": "Y", "HSITEVAL": 40000, "VETEXAMT": 0, "EXPDESC": "", "ENDDATE": "", "STATUTE": "", "EXAMT_HS": 0, "EXAMT_NR": 0, "UVREDUC_HS": 0, "UVREDUC_NR": 0, "GLVAL_HS": 400.0, "GLVAL_NR": 0.0, "CRHOUSPCT": 0.0, "MUNGL1PCT": 400.0, "AOEGL_HS": 400.0, "AOEGL_NR": 0.0, "E911ADDR": "CASSIE ST", "SHAPE_Length": 0.001842386804257864, "SHAPE_Area": 2.040644145409378e-07}, "geometry": {"type": "MultiPolygon", "coordinates": [[[[-72.48852311899998, 44.20480367600004], [-72.48865924599994, 44.20446731800007], [-72.48916048099994, 44.204470883000056], [-72.48915695999995, 44.204487898000025], [-72.48915108999995, 44.20451335000007], [-72.48914443899997, 44.20454048900007], [-72.48913661399996, 44.204569598000035], [-72.48912800699998, 44.204600956000036], [-72.48911861699997, 44.204634705000046], [-72.48910844499994, 44.20467112600005], [-72.48909670799998, 44.20471049900004], [-72.48908457899995, 44.20475282600006], [-72.48907127699994, 44.20479838700004], [-72.48905719299995, 44.20484661900008], [-72.48904232599995, 44.20489724200007], [-72.48903997899998, 44.20490582000008], [-72.48852311899998, 44.20480367600004]]]]}}, {"type": "Feature", "properties": {"OBJECTID": 196308, "SPAN": "039-012-10726", "GLIST_SPAN": "039-012-10808", "MAPID": "037/057.00", "PARCID": "337/057.00", "PROPTYPE": "PARCEL", "YEAR": 2022, "GLYEAR": 2022, "TOWN": "BARRE TOWN", "TNAME": "Barre Town", "SOURCENAME": null, "SOURCETYPE": "UNKNOWN", "SOURCEDATE": "UNKNOWN", "EDITMETHOD": "UNKNOWN", "EDITOR": "UNKNOWN", "EDITDATE": "UNKNOWN", "MATCHSTAT": "MATCH", "EDITNOTE": "UNKNOWN", "OWNER1": "CLIFFORD E PATRICK & TAMMIE M", "OWNER2": "", "ADDRGL1": "73 CASSIE ST", "ADDRGL2": "", "CITYGL": "BARRE", "STGL": "VT", "ZIPGL": "05641-3263", "DESCPROP": "HSE WITHOUT LAND", "LOCAPROP": "", "CAT": "Residential-1", "RESCODE": "T", "ACRESGL": 0.0, "REAL_FLV": 70340, "HSTED_FLV": 70340, "NRES_FLV": 0, "LAND_LV": 0, "IMPRV_LV": 70340, "EQUIPVAL": 0, "EQUIPCODE": "", "INVENVAL": 0, "HSDECL": "Y", "HSITEVAL": 70340, "VETEXAMT": 0, "EXPDESC": "", "ENDDATE": "", "STATUTE": "", "EXAMT_HS": 0, "EXAMT_NR": 0, "UVREDUC_HS": 0, "UVREDUC_NR": 0, "GLVAL_HS": 703.0, "GLVAL_NR": 0.0, "CRHOUSPCT": 30.0, "MUNGL1PCT": 703.4, "AOEGL_HS": 703.0, "AOEGL_NR": 0.0, "E911ADDR": "73 CASSIE ST", "SHAPE_Length": 0.001842386804257864, "SHAPE_Area": 2.040644145409378e-07}, "geometry": {"type": "MultiPolygon", "coordinates": [[[[-72.48852311899998, 44.20480367600004], [-72.48865924599994, 44.20446731800007], [-72.48916048099994, 44.204470883000056], [-72.48915695999995, 44.204487898000025], [-72.48915108999995, 44.20451335000007], [-72.48914443899997, 44.20454048900007], [-72.48913661399996, 44.204569598000035], [-72.48912800699998, 44.204600956000036], [-72.48911861699997, 44.204634705000046], [-72.48910844499994, 44.20467112600005], [-72.48909670799998, 44.20471049900004], [-72.48908457899995, 44.20475282600006], [-72.48907127699994, 44.20479838700004], [-72.48905719299995, 44.20484661900008], [-72.48904232599995, 44.20489724200007], [-72.48903997899998, 44.20490582000008], [-72.48852311899998, 44.20480367600004]]]]}}, {"type": "Feature", "properties": {"OBJECTID": 196313, "SPAN": "039-012-10814", "GLIST_SPAN": "039-012-10814", "MAPID": "037/035.00", "PARCID": "037/035.00", "PROPTYPE": "PARCEL", "YEAR": 2022, "GLYEAR": 2022, "TOWN": "BARRE TOWN", "TNAME": "Barre Town", "SOURCENAME": null, "SOURCETYPE": "UNKNOWN", "SOURCEDATE": "UNKNOWN", "EDITMETHOD": "UNKNOWN", "EDITOR": "UNKNOWN", "EDITDATE": "UNKNOWN", "MATCHSTAT": "MATCH", "EDITNOTE": "UNKNOWN", "OWNER1": "WARREN SEAN", "OWNER2": "", "ADDRGL1": "7 MEADOW LANE", "ADDRGL2": "", "CITYGL": "BARRE", "STGL": "VT", "ZIPGL": "05641-8326", "DESCPROP": "HSE & LOT (.26 ACRES)", "LOCAPROP": "", "CAT": "Residential-1", "RESCODE": "T", "ACRESGL": 0.26, "REAL_FLV": 234260, "HSTED_FLV": 234260, "NRES_FLV": 0, "LAND_LV": 40000, "IMPRV_LV": 194260, "EQUIPVAL": 0, "EQUIPCODE": "", "INVENVAL": 0, "HSDECL": "Y", "HSITEVAL": 234260, "VETEXAMT": 0, "EXPDESC": "", "ENDDATE": "", "STATUTE": "", "EXAMT_HS": 0, "EXAMT_NR": 0, "UVREDUC_HS": 0, "UVREDUC_NR": 0, "GLVAL_HS": 2343.0, "GLVAL_NR": 0.0, "CRHOUSPCT": 0.0, "MUNGL1PCT": 2342.6, "AOEGL_HS": 2343.0, "AOEGL_NR": 0.0, "E911ADDR": "7 MEADOW LANE", "SHAPE_Length": 0.0013478761619126938, "SHAPE_Area": 1.0688338496204052e-07}, "geometry": {"type": "MultiPolygon", "coordinates": [[[[-72.49052209899997, 44.20550964900008], [-72.49067932599996, 44.205191712000044], [-72.49101829499995, 44.20528230100007], [-72.49100304399997, 44.20530198700004], [-72.49098270899998, 44.205328001000055], [-72.49096237399993, 44.20535331100007], [-72.49094203899995, 44.20537791900006], [-72.49092170399996, 44.20540238600006], [-72.49090097699997, 44.20542699300006], [-72.49087907799998, 44.20545202300008], [-72.49085717899999, 44.205477192000046], [-72.49083488999997, 44.205502222000064], [-72.49081298999994, 44.20552697000005], [-72.49079069999993, 44.20555115500008], [-72.49076958299997, 44.20557449700004], [-72.49076606399996, 44.20557815300003], [-72.49052209899997, 44.20550964900008]]]]}}, {"type": "Feature", "properties": {"OBJECTID": 196387, "SPAN": "039-012-10895", "GLIST_SPAN": "039-012-10895", "MAPID": "037/009.00", "PARCID": "037/009.00", "PROPTYPE": "PARCEL", "YEAR": 2022, "GLYEAR": 2022, "TOWN": "BARRE TOWN", "TNAME": "Barre Town", "SOURCENAME": null, "SOURCETYPE": "UNKNOWN", "SOURCEDATE": "UNKNOWN", "EDITMETHOD": "UNKNOWN", "EDITOR": "UNKNOWN", "EDITDATE": "UNKNOWN", "MATCHSTAT": "MATCH", "EDITNOTE": "UNKNOWN", "OWNER1": "COTE MARC D", "OWNER2": "", "ADDRGL1": "1 GRACE AVE", "ADDRGL2": "", "CITYGL": "BARRE", "STGL": "VT", "ZIPGL": "05641-8322", "DESCPROP": "HSE & LOT (.24 ACRES)", "LOCAPROP": "", "CAT": "Residential-1", "RESCODE": "T", "ACRESGL": 0.24, "REAL_FLV": 181210, "HSTED_FLV": 181210, "NRES_FLV": 0, "LAND_LV": 40000, "IMPRV_LV": 141210, "EQUIPVAL": 0, "EQUIPCODE": "", "INVENVAL": 0, "HSDECL": "Y", "HSITEVAL": 181210, "VETEXAMT": 0, "EXPDESC": "", "ENDDATE": "", "STATUTE": "", "EXAMT_HS": 0, "EXAMT_NR": 0, "UVREDUC_HS": 0, "UVREDUC_NR": 0, "GLVAL_HS": 1812.0, "GLVAL_NR": 0.0, "CRHOUSPCT": 0.0, "MUNGL1PCT": 1812.1, "AOEGL_HS": 1812.0, "AOEGL_NR": 0.0, "E911ADDR": "1 GRACE AVE", "SHAPE_Length": 0.0015169374431296802, "SHAPE_Area": 1.4049686163723667e-07}, "geometry": {"type": "MultiPolygon", "coordinates": [[[[-72.48964054699996, 44.204798580000045], [-72.48966171599994, 44.20447894500006], [-72.48969455799994, 44.20448443200007], [-72.48979347399995, 44.20449920600004], [-72.48982435999994, 44.20450441200006], [-72.49008083499996, 44.20454732400003], [-72.49009412799995, 44.204550279000046], [-72.49009293399996, 44.20468387100004], [-72.49009057999996, 44.204728027000044], [-72.49007960999995, 44.20486415000005], [-72.48964054699996, 44.204798580000045]]]]}}, {"type": "Feature", "properties": {"OBJECTID": 196436, "SPAN": "039-012-10946", "GLIST_SPAN": "039-012-10946", "MAPID": "037/013.00", "PARCID": "037/013.00", "PROPTYPE": "PARCEL", "YEAR": 2022, "GLYEAR": 2022, "TOWN": "BARRE TOWN", "TNAME": "Barre Town", "SOURCENAME": null, "SOURCETYPE": "UNKNOWN", "SOURCEDATE": "UNKNOWN", "EDITMETHOD": "UNKNOWN", "EDITOR": "UNKNOWN", "EDITDATE": "UNKNOWN", "MATCHSTAT": "MATCH", "EDITNOTE": "UNKNOWN", "OWNER1": "STEWART KEVIN G & NOELLE R", "OWNER2": "", "ADDRGL1": "16 HILLCREST LANE", "ADDRGL2": "", "CITYGL": "BARRE", "STGL": "VT", "ZIPGL": "05641", "DESCPROP": "HSE & LOT (.22 ACRES)", "LOCAPROP": "", "CAT": "Residential-1", "RESCODE": "T", "ACRESGL": 0.22, "REAL_FLV": 243380, "HSTED_FLV": 0, "NRES_FLV": 243380, "LAND_LV": 44000, "IMPRV_LV": 199380, "EQUIPVAL": 0, "EQUIPCODE": "", "INVENVAL": 0, "HSDECL": "N", "HSITEVAL": 243380, "VETEXAMT": 0, "EXPDESC": "", "ENDDATE": "", "STATUTE": "", "EXAMT_HS": 0, "EXAMT_NR": 0, "UVREDUC_HS": 0, "UVREDUC_NR": 0, "GLVAL_HS": 0.0, "GLVAL_NR": 2433.8, "CRHOUSPCT": 0.0, "MUNGL1PCT": 2433.8, "AOEGL_HS": 0.0, "AOEGL_NR": 2433.8, "E911ADDR": "16 HILLCREST LANE", "SHAPE_Length": 0.001221365267011941, "SHAPE_Area": 8.79173300641357e-08}, "geometry": {"type": "MultiPolygon", "coordinates": [[[[-72.49128775199995, 44.20482613900003], [-72.49137523199994, 44.20460961800006], [-72.49174126299994, 44.204681521000055], [-72.49163727799998, 44.20491377400003], [-72.49128775199995, 44.20482613900003]]]]}}, {"type": "Feature", "properties": {"OBJECTID": 196439, "SPAN": "039-012-13610", "GLIST_SPAN": "039-012-13610", "MAPID": "037/061.00", "PARCID": "037/061.00", "PROPTYPE": "PARCEL", "YEAR": 2022, "GLYEAR": 2022, "TOWN": "BARRE TOWN", "TNAME": "Barre Town", "SOURCENAME": null, "SOURCETYPE": "UNKNOWN", "SOURCEDATE": "UNKNOWN", "EDITMETHOD": "UNKNOWN", "EDITOR": "UNKNOWN", "EDITDATE": "UNKNOWN", "MATCHSTAT": "MATCH", "EDITNOTE": "UNKNOWN", "OWNER1": "WILLETT STEVEN J & LINDA S", "OWNER2": "", "ADDRGL1": "280 CAMP ST", "ADDRGL2": "", "CITYGL": "BARRE", "STGL": "VT", "ZIPGL": "05641-3247", "DESCPROP": "HSE & 2.23 ACRES", "LOCAPROP": "", "CAT": "Residential-1", "RESCODE": "T", "ACRESGL": 2.23, "REAL_FLV": 290450, "HSTED_FLV": 290450, "NRES_FLV": 0, "LAND_LV": 45920, "IMPRV_LV": 244530, "EQUIPVAL": 0, "EQUIPCODE": "", "INVENVAL": 0, "HSDECL": "Y", "HSITEVAL": 289530, "VETEXAMT": 0, "EXPDESC": "", "ENDDATE": "", "STATUTE": "", "EXAMT_HS": 0, "EXAMT_NR": 0, "UVREDUC_HS": 0, "UVREDUC_NR": 0, "GLVAL_HS": 2904.0, "GLVAL_NR": 0.0, "CRHOUSPCT": 0.0, "MUNGL1PCT": 2904.5, "AOEGL_HS": 2904.0, "AOEGL_NR": 0.0, "E911ADDR": "280 CAMP ST", "SHAPE_Length": 0.004283388324791646, "SHAPE_Area": 1.0565677522563478e-06}, "geometry": {"type": "MultiPolygon", "coordinates": [[[[-72.48637728399996, 44.20365398400003], [-72.48564433699994, 44.20311460200003], [-72.48567522899998, 44.20309224700003], [-72.48572958299997, 44.20305287900004], [-72.48578198199993, 44.20301449600004], [-72.48583281799995, 44.20297667400007], [-72.48588247999999, 44.20293955600005], [-72.48593175099995, 44.20290257800008], [-72.48598023999995, 44.20286574100004], [-72.48602872899994, 44.20282862200003], [-72.48607760899995, 44.20279108100004], [-72.48612687999997, 44.20275311800003], [-72.48617615099994, 44.202714454000045], [-72.48622581299998, 44.202675647000035], [-72.48627547499996, 44.20263670000003], [-72.48632474599998, 44.20259775300008], [-72.48637323499997, 44.20255894700006], [-72.48642055099998, 44.20252070300006], [-72.48646669399994, 44.202483021000035], [-72.48651166299999, 44.202446043000066], [-72.48655506899996, 44.202410189000034], [-72.48659651899999, 44.202375319000055], [-72.48663601399994, 44.20234185500004], [-72.48666260399995, 44.20231935900006], [-72.48667394499995, 44.20230993800004], [-72.48668118299997, 44.20230376000006], [-72.48685645399996, 44.20237969100003], [-72.48712341199996, 44.20273907500007], [-72.48681520699995, 44.20350947400004], [-72.48648837199994, 44.20342829600003], [-72.48637728399996, 44.20365398400003]]]]}}, {"type": "Feature", "properties": {"OBJECTID": 196491, "SPAN": "039-012-13670", "GLIST_SPAN": "039-012-13670", "MAPID": "037/056.00", "PARCID": "037/056.00", "PROPTYPE": "PARCEL", "YEAR": 2022, "GLYEAR": 2022, "TOWN": "BARRE TOWN", "TNAME": "Barre Town", "SOURCENAME": null, "SOURCETYPE": "UNKNOWN", "SOURCEDATE": "UNKNOWN", "EDITMETHOD": "UNKNOWN", "EDITOR": "UNKNOWN", "EDITDATE": "UNKNOWN", "MATCHSTAT": "MATCH", "EDITNOTE": "UNKNOWN", "OWNER1": "WHITE DOUGLAS P", "OWNER2": "", "ADDRGL1": "79 CASSIE ST", "ADDRGL2": "", "CITYGL": "BARRE", "STGL": "VT", "ZIPGL": "05641-3263", "DESCPROP": "HSE & LOT (.39 ACRES)", "LOCAPROP": "", "CAT": "Residential-1", "RESCODE": "T", "ACRESGL": 0.39, "REAL_FLV": 193210, "HSTED_FLV": 193210, "NRES_FLV": 0, "LAND_LV": 40000, "IMPRV_LV": 153210, "EQUIPVAL": 0, "EQUIPCODE": "", "INVENVAL": 0, "HSDECL": "Y", "HSITEVAL": 193210, "VETEXAMT": 0, "EXPDESC": "", "ENDDATE": "", "STATUTE": "", "EXAMT_HS": 0, "EXAMT_NR": 0, "UVREDUC_HS": 0, "UVREDUC_NR": 0, "GLVAL_HS": 1932.0, "GLVAL_NR": 0.0, "CRHOUSPCT": 0.0, "MUNGL1PCT": 1932.1, "AOEGL_HS": 1932.0, "AOEGL_NR": 0.0, "E911ADDR": "79 CASSIE ST", "SHAPE_Length": 0.0017622741151834857, "SHAPE_Area": 1.8263035547134578e-07}, "geometry": {"type": "MultiPolygon", "coordinates": [[[[-72.48851529599995, 44.204823504000046], [-72.48852311899998, 44.20480367600004], [-72.48903997899998, 44.20490582000008], [-72.48902706899997, 44.20494955300006], [-72.48901141999994, 44.20500340900003], [-72.48899498799994, 44.20505797000004], [-72.48897855699994, 44.20511309300008], [-72.48896173299994, 44.205168075000074], [-72.48894491099998, 44.20522263500004], [-72.48894217199995, 44.205231635000075], [-72.48839989799995, 44.205122879000044], [-72.48851529599995, 44.204823504000046]]]]}}, {"type": "Feature", "properties": {"OBJECTID": 196911, "SPAN": "039-012-12311", "GLIST_SPAN": "039-012-12311", "MAPID": "037/060.01", "PARCID": "037/060.01", "PROPTYPE": "PARCEL", "YEAR": 2022, "GLYEAR": 2022, "TOWN": "BARRE TOWN", "TNAME": "Barre Town", "SOURCENAME": null, "SOURCETYPE": "UNKNOWN", "SOURCEDATE": "UNKNOWN", "EDITMETHOD": "UNKNOWN", "EDITOR": "UNKNOWN", "EDITDATE": "UNKNOWN", "MATCHSTAT": "MATCH", "EDITNOTE": "UNKNOWN", "OWNER1": "MASSIE JAMES E & MARILYN L LE", "OWNER2": "", "ADDRGL1": "49 CASSIE ST", "ADDRGL2": "", "CITYGL": "BARRE", "STGL": "VT", "ZIPGL": "05641-3263", "DESCPROP": "HSE & 4.32 ACRES", "LOCAPROP": "", "CAT": "Residential-1", "RESCODE": "T", "ACRESGL": 4.32, "REAL_FLV": 217010, "HSTED_FLV": 217010, "NRES_FLV": 0, "LAND_LV": 58570, "IMPRV_LV": 158440, "EQUIPVAL": 0, "EQUIPCODE": "", "INVENVAL": 0, "HSDECL": "Y", "HSITEVAL": 208050, "VETEXAMT": 0, "EXPDESC": "", "ENDDATE": "", "STATUTE": "", "EXAMT_HS": 0, "EXAMT_NR": 0, "UVREDUC_HS": 0, "UVREDUC_NR": 0, "GLVAL_HS": 2170.0, "GLVAL_NR": 0.0, "CRHOUSPCT": 0.0, "MUNGL1PCT": 2170.1, "AOEGL_HS": 2170.0, "AOEGL_NR": 0.0, "E911ADDR": "49 CASSIE ST", "SHAPE_Length": 0.006495782903539991, "SHAPE_Area": 2.046988742713503e-06}, "geometry": {"type": "MultiPolygon", "coordinates": [[[[-72.48681520699995, 44.20350947400004], [-72.48712341199996, 44.20273907500007], [-72.48819641999995, 44.20289487300005], [-72.48883895799997, 44.20267054200008], [-72.48885791299995, 44.20266379800006], [-72.48886405999997, 44.20270335600003], [-72.48888942899998, 44.20293946600003], [-72.48891247199998, 44.20306602900007], [-72.48891989499998, 44.20309738900005], [-72.48892575399998, 44.20312424900004], [-72.48894528999995, 44.20318978100005], [-72.48898162699999, 44.203322111000034], [-72.48899921099996, 44.20337048700003], [-72.48900702599997, 44.20339467500003], [-72.48901640499997, 44.20341745800005], [-72.48902812899996, 44.20344305200007], [-72.48905939199994, 44.203524336000044], [-72.48912699099998, 44.20374484000007], [-72.48914808899997, 44.20382162200008], [-72.48915160199994, 44.20384876300005], [-72.48915746299997, 44.203874357000075], [-72.48916879099994, 44.20392835800004], [-72.48917736599998, 44.20407334200007], [-72.48862763799997, 44.20394212300005], [-72.48681520699995, 44.20350947400004]]]]}}, {"type": "Feature", "properties": {"OBJECTID": 196986, "SPAN": "039-012-12794", "GLIST_SPAN": "039-012-12794", "MAPID": "037/055.00", "PARCID": "037/055.00", "PROPTYPE": "PARCEL", "YEAR": 2022, "GLYEAR": 2022, "TOWN": "BARRE TOWN", "TNAME": "Barre Town", "SOURCENAME": null, "SOURCETYPE": "UNKNOWN", "SOURCEDATE": "UNKNOWN", "EDITMETHOD": "UNKNOWN", "EDITOR": "UNKNOWN", "EDITDATE": "UNKNOWN", "MATCHSTAT": "MATCH", "EDITNOTE": "UNKNOWN", "OWNER1": "PLANTE PAUL & CHARLENE", "OWNER2": "", "ADDRGL1": "85 CASSIE ST", "ADDRGL2": "", "CITYGL": "BARRE", "STGL": "VT", "ZIPGL": "05641-3263", "DESCPROP": "HSE & LOT (.41 ACRES)", "LOCAPROP": "", "CAT": "Residential-1", "RESCODE": "T", "ACRESGL": 0.41, "REAL_FLV": 218420, "HSTED_FLV": 218420, "NRES_FLV": 0, "LAND_LV": 40000, "IMPRV_LV": 178420, "EQUIPVAL": 0, "EQUIPCODE": "", "INVENVAL": 0, "HSDECL": "Y", "HSITEVAL": 218420, "VETEXAMT": 0, "EXPDESC": "", "ENDDATE": "", "STATUTE": "", "EXAMT_HS": 0, "EXAMT_NR": 0, "UVREDUC_HS": 0, "UVREDUC_NR": 0, "GLVAL_HS": 2184.0, "GLVAL_NR": 0.0, "CRHOUSPCT": 0.0, "MUNGL1PCT": 2184.2, "AOEGL_HS": 2184.0, "AOEGL_NR": 0.0, "E911ADDR": "85 CASSIE ST", "SHAPE_Length": 0.001823927875387286, "SHAPE_Area": 1.934053481416701e-07}, "geometry": {"type": "MultiPolygon", "coordinates": [[[[-72.48838582299999, 44.205122878000054], [-72.48839989799995, 44.205122879000044], [-72.48894217199995, 44.205231635000075], [-72.48892808799997, 44.20527663300004], [-72.48891165699996, 44.20532978800003], [-72.48889483499994, 44.20538223800003], [-72.48887879499995, 44.20543384600006], [-72.48886275499996, 44.205484187000025], [-72.48884749699994, 44.20553354500004], [-72.48884123699997, 44.205553794000025], [-72.48827354599996, 44.205445035000025], [-72.48838582299999, 44.205122878000054]]]]}}, {"type": "Feature", "properties": {"OBJECTID": 197440, "SPAN": "039-012-13057", "GLIST_SPAN": "039-012-13057", "MAPID": "037/029.00", "PARCID": "037/029.00", "PROPTYPE": "PARCEL", "YEAR": 2022, "GLYEAR": 2022, "TOWN": "BARRE TOWN", "TNAME": "Barre Town", "SOURCENAME": null, "SOURCETYPE": "UNKNOWN", "SOURCEDATE": "UNKNOWN", "EDITMETHOD": "UNKNOWN", "EDITOR": "UNKNOWN", "EDITDATE": "UNKNOWN", "MATCHSTAT": "MATCH", "EDITNOTE": "UNKNOWN", "OWNER1": "RUSSELL EDWARD F & MARYLENE J", "OWNER2": "", "ADDRGL1": "2 MEADOW LANE", "ADDRGL2": "", "CITYGL": "BARRE", "STGL": "VT", "ZIPGL": "05641-8326", "DESCPROP": "HSE & LOT (.23 ACRES)", "LOCAPROP": "", "CAT": "Residential-1", "RESCODE": "T", "ACRESGL": 0.23, "REAL_FLV": 245170, "HSTED_FLV": 245170, "NRES_FLV": 0, "LAND_LV": 40000, "IMPRV_LV": 205170, "EQUIPVAL": 0, "EQUIPCODE": "", "INVENVAL": 0, "HSDECL": "Y", "HSITEVAL": 245170, "VETEXAMT": 0, "EXPDESC": "", "ENDDATE": "", "STATUTE": "", "EXAMT_HS": 0, "EXAMT_NR": 0, "UVREDUC_HS": 0, "UVREDUC_NR": 0, "GLVAL_HS": 2452.0, "GLVAL_NR": 0.0, "CRHOUSPCT": 0.0, "MUNGL1PCT": 2451.7, "AOEGL_HS": 2452.0, "AOEGL_NR": 0.0, "E911ADDR": "2 MEADOW LANE", "SHAPE_Length": 0.001371226409217649, "SHAPE_Area": 1.1361886187544142e-07}, "geometry": {"type": "MultiPolygon", "coordinates": [[[[-72.49142534799995, 44.20503117800007], [-72.49145936399998, 44.20502190000008], [-72.49148125899995, 44.20502218300004], [-72.49152465799995, 44.205028655000035], [-72.49170176699994, 44.20507254200004], [-72.49173734599998, 44.20508309200005], [-72.49175884799996, 44.20508928100003], [-72.49161727199998, 44.205372768000075], [-72.49123411899996, 44.20528063000006], [-72.49125953899994, 44.205246180000074], [-72.49128495799994, 44.20521144800006], [-72.49131037699993, 44.205175731000054], [-72.49133579599999, 44.205139452000026], [-72.49135574099995, 44.205110485000034], [-72.49135965199997, 44.20510289200007], [-72.49138272499994, 44.20506337900008], [-72.49140305899994, 44.20504383300005], [-72.49142534799995, 44.20503117800007]]]]}}, {"type": "Feature", "properties": {"OBJECTID": 197443, "SPAN": "039-012-12605", "GLIST_SPAN": "039-012-12605", "MAPID": "037/030.00", "PARCID": "037/030.00", "PROPTYPE": "PARCEL", "YEAR": 2022, "GLYEAR": 2022, "TOWN": "BARRE TOWN", "TNAME": "Barre Town", "SOURCENAME": null, "SOURCETYPE": "UNKNOWN", "SOURCEDATE": "UNKNOWN", "EDITMETHOD": "UNKNOWN", "EDITOR": "UNKNOWN", "EDITDATE": "UNKNOWN", "MATCHSTAT": "MATCH", "EDITNOTE": "UNKNOWN", "OWNER1": "NOYES WILLIAM A & DIANE M LE", "OWNER2": "", "ADDRGL1": "6 MEADOW LANE", "ADDRGL2": "", "CITYGL": "BARRE", "STGL": "VT", "ZIPGL": "05641-8326", "DESCPROP": "HSE & LOT (.23 ACRES)", "LOCAPROP": "", "CAT": "Residential-1", "RESCODE": "T", "ACRESGL": 0.23, "REAL_FLV": 201660, "HSTED_FLV": 201660, "NRES_FLV": 0, "LAND_LV": 40000, "IMPRV_LV": 161660, "EQUIPVAL": 0, "EQUIPCODE": "", "INVENVAL": 0, "HSDECL": "Y", "HSITEVAL": 201660, "VETEXAMT": 0, "EXPDESC": "", "ENDDATE": "", "STATUTE": "", "EXAMT_HS": 0, "EXAMT_NR": 0, "UVREDUC_HS": 0, "UVREDUC_NR": 0, "GLVAL_HS": 2017.0, "GLVAL_NR": 0.0, "CRHOUSPCT": 0.0, "MUNGL1PCT": 2016.6, "AOEGL_HS": 2017.0, "AOEGL_NR": 0.0, "E911ADDR": "6 MEADOW LANE", "SHAPE_Length": 0.0014059301934352716, "SHAPE_Area": 1.1199527671393356e-07}, "geometry": {"type": "MultiPolygon", "coordinates": [[[[-72.49121182899995, 44.205310722000036], [-72.49123411899996, 44.20528063000006], [-72.49161727199998, 44.205372768000075], [-72.49159419899996, 44.20541087400005], [-72.49156486699997, 44.205460231000075], [-72.49154414099996, 44.20549257400006], [-72.49150894599995, 44.205534476000025], [-72.49146592999995, 44.20558369200006], [-72.49143699299998, 44.205614627000045], [-72.49104406399994, 44.205518410000025], [-72.49106166199994, 44.20549830200008], [-72.49108316999997, 44.205472851000025], [-72.49110428699998, 44.205447399000036], [-72.49112540399994, 44.20542166800004], [-72.49114652099996, 44.20539551300004], [-72.49116763899997, 44.205368374000045], [-72.49118953799996, 44.20534025100005], [-72.49121182899995, 44.205310722000036]]]]}}, {"type": "Feature", "properties": {"OBJECTID": 197526, "SPAN": "039-012-13103", "GLIST_SPAN": "039-012-13103", "MAPID": "037/006.00", "PARCID": "037/006.00", "PROPTYPE": "PARCEL", "YEAR": 2022, "GLYEAR": 2022, "TOWN": "BARRE TOWN", "TNAME": "Barre Town", "SOURCENAME": null, "SOURCETYPE": "UNKNOWN", "SOURCEDATE": "UNKNOWN", "EDITMETHOD": "UNKNOWN", "EDITOR": "UNKNOWN", "EDITDATE": "UNKNOWN", "MATCHSTAT": "MATCH", "EDITNOTE": "UNKNOWN", "OWNER1": "SASSI GARY", "OWNER2": "", "ADDRGL1": "42 WILLEY ST", "ADDRGL2": "", "CITYGL": "BARRE", "STGL": "VT", "ZIPGL": "05641-2500", "DESCPROP": "HSE & LOT (.27 ACRES)", "LOCAPROP": "", "CAT": "Residential-1", "RESCODE": "T", "ACRESGL": 0.27, "REAL_FLV": 257650, "HSTED_FLV": 257650, "NRES_FLV": 0, "LAND_LV": 40000, "IMPRV_LV": 217650, "EQUIPVAL": 0, "EQUIPCODE": "", "INVENVAL": 0, "HSDECL": "Y", "HSITEVAL": 257650, "VETEXAMT": 0, "EXPDESC": "", "ENDDATE": "", "STATUTE": "", "EXAMT_HS": 0, "EXAMT_NR": 0, "UVREDUC_HS": 0, "UVREDUC_NR": 0, "GLVAL_HS": 2576.0, "GLVAL_NR": 0.0, "CRHOUSPCT": 0.0, "MUNGL1PCT": 2576.5, "AOEGL_HS": 2576.0, "AOEGL_NR": 0.0, "E911ADDR": "8 BURNSIDE AVE", "SHAPE_Length": 0.001347034478484199, "SHAPE_Area": 1.0597405950266278e-07}, "geometry": {"type": "MultiPolygon", "coordinates": [[[[-72.48947932499993, 44.20557199500007], [-72.48953254099996, 44.20533828400005], [-72.48998294499995, 44.20540315100004], [-72.48998177199996, 44.205406667000034], [-72.48993013399996, 44.20557105100005], [-72.48992583099994, 44.20558103500008], [-72.48991722799997, 44.205590878000066], [-72.48990901599996, 44.205599033000055], [-72.48990275899996, 44.20560465800003], [-72.48987421399994, 44.20562096700007], [-72.48986248399996, 44.20562363800008], [-72.48984840799994, 44.20562616800004], [-72.48980266399997, 44.20562222600006], [-72.48948753599996, 44.20557368300007], [-72.48947932499993, 44.20557199500007]]]]}}, {"type": "Feature", "properties": {"OBJECTID": 197714, "SPAN": "039-012-13243", "GLIST_SPAN": "039-012-13243", "MAPID": "037/011.00", "PARCID": "037/011.00", "PROPTYPE": "PARCEL", "YEAR": 2022, "GLYEAR": 2022, "TOWN": "BARRE TOWN", "TNAME": "Barre Town", "SOURCENAME": null, "SOURCETYPE": "UNKNOWN", "SOURCEDATE": "UNKNOWN", "EDITMETHOD": "UNKNOWN", "EDITOR": "UNKNOWN", "EDITDATE": "UNKNOWN", "MATCHSTAT": "MATCH", "EDITNOTE": "UNKNOWN", "OWNER1": "GREENSLIT KYLE E & TEIA C", "OWNER2": "", "ADDRGL1": "4 HILLCREST LANE", "ADDRGL2": "", "CITYGL": "BARRE", "STGL": "VT", "ZIPGL": "05641-8322", "DESCPROP": "HSE & LOT (.22 ACRES)", "LOCAPROP": "", "CAT": "Residential-1", "RESCODE": "T", "ACRESGL": 0.22, "REAL_FLV": 246680, "HSTED_FLV": 246680, "NRES_FLV": 0, "LAND_LV": 40000, "IMPRV_LV": 206680, "EQUIPVAL": 0, "EQUIPCODE": "", "INVENVAL": 0, "HSDECL": "Y", "HSITEVAL": 246680, "VETEXAMT": 0, "EXPDESC": "", "ENDDATE": "", "STATUTE": "", "EXAMT_HS": 0, "EXAMT_NR": 0, "UVREDUC_HS": 0, "UVREDUC_NR": 0, "GLVAL_HS": 2467.0, "GLVAL_NR": 0.0, "CRHOUSPCT": 0.0, "MUNGL1PCT": 2466.8, "AOEGL_HS": 2467.0, "AOEGL_NR": 0.0, "E911ADDR": "4 HILLCREST LANE", "SHAPE_Length": 0.0012309697071390883, "SHAPE_Area": 8.898595968511377e-08}, "geometry": {"type": "MultiPolygon", "coordinates": [[[[-72.49037953399994, 44.204611896000074], [-72.49047658599994, 44.204387154000074], [-72.49080103399996, 44.204467933000046], [-72.49083749199997, 44.20447705700008], [-72.49074508899997, 44.204697285000066], [-72.49070325399998, 44.20468729700008], [-72.49040025599999, 44.20461611700006], [-72.49037953399994, 44.204611896000074]]]]}}, {"type": "Feature", "properties": {"OBJECTID": 197744, "SPAN": "039-012-13279", "GLIST_SPAN": "039-012-13279", "MAPID": "037/036.00", "PARCID": "037/036.00", "PROPTYPE": "PARCEL", "YEAR": 2022, "GLYEAR": 2022, "TOWN": "BARRE TOWN", "TNAME": "Barre Town", "SOURCENAME": null, "SOURCETYPE": "UNKNOWN", "SOURCEDATE": "UNKNOWN", "EDITMETHOD": "UNKNOWN", "EDITOR": "UNKNOWN", "EDITDATE": "UNKNOWN", "MATCHSTAT": "MATCH", "EDITNOTE": "UNKNOWN", "OWNER1": "THERRIEN JULIE L & CHRISTOPHER", "OWNER2": "", "ADDRGL1": "9 HILLCREST LANE", "ADDRGL2": "", "CITYGL": "BARRE", "STGL": "VT", "ZIPGL": "05641", "DESCPROP": "HSE & LOT (.30 ACRES)", "LOCAPROP": "", "CAT": "Residential-1", "RESCODE": "T", "ACRESGL": 0.3, "REAL_FLV": 230400, "HSTED_FLV": 230400, "NRES_FLV": 0, "LAND_LV": 40000, "IMPRV_LV": 190400, "EQUIPVAL": 0, "EQUIPCODE": "", "INVENVAL": 0, "HSDECL": "Y", "HSITEVAL": 230400, "VETEXAMT": 0, "EXPDESC": "", "ENDDATE": "", "STATUTE": "", "EXAMT_HS": 0, "EXAMT_NR": 0, "UVREDUC_HS": 0, "UVREDUC_NR": 0, "GLVAL_HS": 2304.0, "GLVAL_NR": 0.0, "CRHOUSPCT": 0.0, "MUNGL1PCT": 2304.0, "AOEGL_HS": 2304.0, "AOEGL_NR": 0.0, "E911ADDR": "9 HILLCREST LANE", "SHAPE_Length": 0.0014807469002310813, "SHAPE_Area": 1.399746324842251e-07}, "geometry": {"type": "MultiPolygon", "coordinates": [[[[-72.49067932599996, 44.205191712000044], [-72.49083889899998, 44.20486111900004], [-72.49114932799995, 44.204934550000075], [-72.49117317599996, 44.20494594200005], [-72.49119506899996, 44.204958599000065], [-72.49121109599997, 44.20497997500007], [-72.49121539499998, 44.20499263200003], [-72.49121304699997, 44.205007257000034], [-72.49119114599995, 44.20504353500007], [-72.49116689999994, 44.20507883000005], [-72.49114187199996, 44.20511412500008], [-72.49111723499993, 44.20514913800008], [-72.49109259699998, 44.205183168000076], [-72.49106874299997, 44.20521550900003], [-72.49104606099996, 44.20524602200004], [-72.49102416199997, 44.20527470700006], [-72.49101829499995, 44.20528230100007], [-72.49067932599996, 44.205191712000044]]]]}}, {"type": "Feature", "properties": {"OBJECTID": 197762, "SPAN": "039-012-13298", "GLIST_SPAN": "039-012-13298", "MAPID": "037/007.00", "PARCID": "037/007.00", "PROPTYPE": "PARCEL", "YEAR": 2022, "GLYEAR": 2022, "TOWN": "BARRE TOWN", "TNAME": "Barre Town", "SOURCENAME": null, "SOURCETYPE": "UNKNOWN", "SOURCEDATE": "UNKNOWN", "EDITMETHOD": "UNKNOWN", "EDITOR": "UNKNOWN", "EDITDATE": "UNKNOWN", "MATCHSTAT": "MATCH", "EDITNOTE": "UNKNOWN", "OWNER1": "HART JOAN H ET AL LE", "OWNER2": "", "ADDRGL1": "7 GRACE AVE", "ADDRGL2": "", "CITYGL": "BARRE", "STGL": "VT", "ZIPGL": "05641-8328", "DESCPROP": "HSE & LOT (.26 ACRES)", "LOCAPROP": "", "CAT": "Residential-1", "RESCODE": "T", "ACRESGL": 0.26, "REAL_FLV": 176700, "HSTED_FLV": 176700, "NRES_FLV": 0, "LAND_LV": 40000, "IMPRV_LV": 136700, "EQUIPVAL": 0, "EQUIPCODE": "", "INVENVAL": 0, "HSDECL": "Y", "HSITEVAL": 176700, "VETEXAMT": 0, "EXPDESC": "", "ENDDATE": "", "STATUTE": "", "EXAMT_HS": 0, "EXAMT_NR": 0, "UVREDUC_HS": 0, "UVREDUC_NR": 0, "GLVAL_HS": 1767.0, "GLVAL_NR": 0.0, "CRHOUSPCT": 0.0, "MUNGL1PCT": 1767.0, "AOEGL_HS": 1767.0, "AOEGL_NR": 0.0, "E911ADDR": "7 GRACE AVE", "SHAPE_Length": 0.0014660906521916854, "SHAPE_Area": 1.2687440940590192e-07}, "geometry": {"type": "MultiPolygon", "coordinates": [[[[-72.48953254099996, 44.20533828400005], [-72.48959240899995, 44.20507138500005], [-72.49004789399999, 44.20513372200003], [-72.49003889199997, 44.20519601800004], [-72.49002832599996, 44.205245657000034], [-72.49002284799997, 44.205272516000036], [-72.49000093899997, 44.20535154400005], [-72.48999155099995, 44.205379949000076], [-72.48998294499995, 44.20540315100004], [-72.48953254099996, 44.20533828400005]]]]}}, {"type": "Feature", "properties": {"OBJECTID": 197929, "SPAN": "039-012-13493", "GLIST_SPAN": "039-012-13493", "MAPID": "037/005.00", "PARCID": "037/005.00", "PROPTYPE": "PARCEL", "YEAR": 2022, "GLYEAR": 2022, "TOWN": "BARRE TOWN", "TNAME": "Barre Town", "SOURCENAME": null, "SOURCETYPE": "UNKNOWN", "SOURCEDATE": "UNKNOWN", "EDITMETHOD": "UNKNOWN", "EDITOR": "UNKNOWN", "EDITDATE": "UNKNOWN", "MATCHSTAT": "MATCH", "EDITNOTE": "UNKNOWN", "OWNER1": "TACEY CHRISTOPHER M & SARAH L", "OWNER2": "", "ADDRGL1": "84 CASSIE ST", "ADDRGL2": "", "CITYGL": "BARRE", "STGL": "VT", "ZIPGL": "05641-3263", "DESCPROP": "HSE & LOT (.27 ACRES)", "LOCAPROP": "", "CAT": "Residential-1", "RESCODE": "T", "ACRESGL": 0.27, "REAL_FLV": 198100, "HSTED_FLV": 198100, "NRES_FLV": 0, "LAND_LV": 40000, "IMPRV_LV": 158100, "EQUIPVAL": 0, "EQUIPCODE": "", "INVENVAL": 0, "HSDECL": "Y", "HSITEVAL": 198100, "VETEXAMT": 0, "EXPDESC": "", "ENDDATE": "", "STATUTE": "", "EXAMT_HS": 0, "EXAMT_NR": 0, "UVREDUC_HS": 0, "UVREDUC_NR": 0, "GLVAL_HS": 1981.0, "GLVAL_NR": 0.0, "CRHOUSPCT": 0.0, "MUNGL1PCT": 1981.0, "AOEGL_HS": 1981.0, "AOEGL_NR": 0.0, "E911ADDR": "84 CASSIE ST", "SHAPE_Length": 0.0012962825214709146, "SHAPE_Area": 9.854288866903476e-08}, "geometry": {"type": "MultiPolygon", "coordinates": [[[[-72.48911223799996, 44.20530632300006], [-72.48912123499997, 44.20527819900008], [-72.48953254099996, 44.20533828400005], [-72.48947932499993, 44.20557199500007], [-72.48945586699995, 44.20556721200006], [-72.48926702699998, 44.20553428800008], [-72.48922949299998, 44.20552936200005], [-72.48919000399997, 44.20552260900007], [-72.48911493599996, 44.205509524000036], [-72.48909343399998, 44.20550333400007], [-72.48907701399997, 44.205493911000076], [-72.48906098799995, 44.20547028400006], [-72.48906294399995, 44.205463816000076], [-72.48907898399995, 44.20541234900003], [-72.48909580599997, 44.20535975800004], [-72.48911223799996, 44.20530632300006]]]]}}, {"type": "Feature", "properties": {"OBJECTID": 197957, "SPAN": "039-012-13523", "GLIST_SPAN": "039-012-13523", "MAPID": "037/012.00", "PARCID": "037/012.00", "PROPTYPE": "PARCEL", "YEAR": 2022, "GLYEAR": 2022, "TOWN": "BARRE TOWN", "TNAME": "Barre Town", "SOURCENAME": null, "SOURCETYPE": "UNKNOWN", "SOURCEDATE": "UNKNOWN", "EDITMETHOD": "UNKNOWN", "EDITOR": "UNKNOWN", "EDITDATE": "UNKNOWN", "MATCHSTAT": "MATCH", "EDITNOTE": "UNKNOWN", "OWNER1": "EIKLOR ADAM TAYLOR &", "OWNER2": "EIKLOR ALYSSA BOROWSKE", "ADDRGL1": "10 HILLCREST LANE", "ADDRGL2": "", "CITYGL": "BARRE", "STGL": "VT", "ZIPGL": "05641", "DESCPROP": "HSE & LOT (.33 ACRES)", "LOCAPROP": "", "CAT": "Residential-1", "RESCODE": "T", "ACRESGL": 0.33, "REAL_FLV": 242170, "HSTED_FLV": 242170, "NRES_FLV": 0, "LAND_LV": 44000, "IMPRV_LV": 198170, "EQUIPVAL": 0, "EQUIPCODE": "", "INVENVAL": 0, "HSDECL": "Y", "HSITEVAL": 242170, "VETEXAMT": 0, "EXPDESC": "", "ENDDATE": "", "STATUTE": "", "EXAMT_HS": 0, "EXAMT_NR": 0, "UVREDUC_HS": 0, "UVREDUC_NR": 0, "GLVAL_HS": 2422.0, "GLVAL_NR": 0.0, "CRHOUSPCT": 0.0, "MUNGL1PCT": 2421.7, "AOEGL_HS": 2422.0, "AOEGL_NR": 0.0, "E911ADDR": "10 HILLCREST LANE", "SHAPE_Length": 0.0015840094444593926, "SHAPE_Area": 1.285198570172452e-07}, "geometry": {"type": "MultiPolygon", "coordinates": [[[[-72.49074508899997, 44.204697285000066], [-72.49083749199997, 44.20447705700008], [-72.49133782899997, 44.204602270000066], [-72.49137523199994, 44.20460961800006], [-72.49128775199995, 44.20482613900003], [-72.49116576999995, 44.20479547300005], [-72.49103675099997, 44.204764526000076], [-72.49092727999994, 44.20473892500007], [-72.49083579299997, 44.20471782300007], [-72.49075916299995, 44.20470066100006], [-72.49074508899997, 44.204697285000066]]]]}}, {"type": "Feature", "properties": {"OBJECTID": 4108, "SPAN": "036-011-10407", "GLIST_SPAN": "036-011-10407", "MAPID": "0240-0086.0000", "PARCID": "0240-0086-0000", "PROPTYPE": "PARCEL", "YEAR": 2023, "GLYEAR": 2022, "TOWN": "BARRE CITY", "TNAME": "Barre City", "SOURCENAME": null, "SOURCETYPE": "UNKNOWN", "SOURCEDATE": "UNKNOWN", "EDITMETHOD": "UNKNOWN", "EDITOR": "UNKNOWN", "EDITDATE": "UNKNOWN", "MATCHSTAT": "MATCH", "EDITNOTE": "UNKNOWN", "OWNER1": "DOWNSTREET HOUSING AND COMMUNITY", "OWNER2": "DEVELOPMENT INC", "ADDRGL1": "22 KEITH AVE", "ADDRGL2": "", "CITYGL": "BARRE", "STGL": "VT", "ZIPGL": "05641", "DESCPROP": "TINY HOUSE-0.17AC", "LOCAPROP": "BROOK ST  84 & 86", "CAT": "Residential-1", "RESCODE": "C", "ACRESGL": 0.17, "REAL_FLV": 83500, "HSTED_FLV": 0, "NRES_FLV": 83500, "LAND_LV": 24400, "IMPRV_LV": 59100, "EQUIPVAL": 0, "EQUIPCODE": "", "INVENVAL": 0, "HSDECL": "N", "HSITEVAL": 83500, "VETEXAMT": 0, "EXPDESC": "", "ENDDATE": "", "STATUTE": "", "EXAMT_HS": 0, "EXAMT_NR": 0, "UVREDUC_HS": 0, "UVREDUC_NR": 0, "GLVAL_HS": 0.0, "GLVAL_NR": 835.0, "CRHOUSPCT": 0.0, "MUNGL1PCT": 835.0, "AOEGL_HS": 0.0, "AOEGL_NR": 835.0, "E911ADDR": "8486 BROOK ST", "SHAPE_Length": 0.0011174720886253484, "SHAPE_Area": 6.609358981575233e-08}, "geometry": {"type": "MultiPolygon", "coordinates": [[[[-72.50568035799995, 44.206457], [-72.50585042499995, 44.206292321000035], [-72.50614329399997, 44.20645571100005], [-72.50615072399995, 44.20645992900006], [-72.50603304499998, 44.20656512100004], [-72.50602422199995, 44.206571765000035], [-72.50567762199995, 44.20645925000008], [-72.50568035799995, 44.206457]]]]}}, {"type": "Feature", "properties": {"OBJECTID": 4132, "SPAN": "036-011-10419", "GLIST_SPAN": "036-011-10419", "MAPID": "0995-0100.0000", "PARCID": "0995-0100-0000", "PROPTYPE": "PARCEL", "YEAR": 2023, "GLYEAR": 2022, "TOWN": "BARRE CITY", "TNAME": "Barre City", "SOURCENAME": null, "SOURCETYPE": "UNKNOWN", "SOURCEDATE": "UNKNOWN", "EDITMETHOD": "UNKNOWN", "EDITOR": "UNKNOWN", "EDITDATE": "UNKNOWN", "MATCHSTAT": "MATCH", "EDITNOTE": "UNKNOWN", "OWNER1": "ARISTE NICHOLE", "OWNER2": "", "ADDRGL1": "100 MAPLE AVE APT 1", "ADDRGL2": "", "CITYGL": "BARRE", "STGL": "VT", "ZIPGL": "05641", "DESCPROP": "2 APTS-0.19AC", "LOCAPROP": "MAPLE AVE 100", "CAT": "Residential-1", "RESCODE": "T", "ACRESGL": 0.19, "REAL_FLV": 107000, "HSTED_FLV": 107000, "NRES_FLV": 0, "LAND_LV": 15300, "IMPRV_LV": 91700, "EQUIPVAL": 0, "EQUIPCODE": "", "INVENVAL": 0, "HSDECL": "Y", "HSITEVAL": 107000, "VETEXAMT": 0, "EXPDESC": "", "ENDDATE": "", "STATUTE": "", "EXAMT_HS": 0, "EXAMT_NR": 0, "UVREDUC_HS": 0, "UVREDUC_NR": 0, "GLVAL_HS": 1070.0, "GLVAL_NR": 0.0, "CRHOUSPCT": 0.0, "MUNGL1PCT": 1070.0, "AOEGL_HS": 1070.0, "AOEGL_NR": 0.0, "E911ADDR": "100 MAPLE AVE", "SHAPE_Length": 0.0012590498341901, "SHAPE_Area": 6.823451172783117e-08}, "geometry": {"type": "MultiPolygon", "coordinates": [[[[-72.50388027499997, 44.207200974000045], [-72.50388379399993, 44.207199708000076], [-72.50412701799996, 44.20752566500005], [-72.50412779999994, 44.20752749300004], [-72.50410981699997, 44.20756911800004], [-72.50409222399998, 44.207616087000076], [-72.50407619699996, 44.20765813400004], [-72.50407228799997, 44.20766755600005], [-72.50406954999994, 44.20766586900004], [-72.50372974499999, 44.20725961900007], [-72.50372896299996, 44.20725891600006], [-72.50388027499997, 44.207200974000045]]]]}}, {"type": "Feature", "properties": {"OBJECTID": 4168, "SPAN": "036-011-10437", "GLIST_SPAN": "036-011-10437", "MAPID": "0975-0020.0000", "PARCID": "0975-0020-0000", "PROPTYPE": "PARCEL", "YEAR": 2023, "GLYEAR": 2022, "TOWN": "BARRE CITY", "TNAME": "Barre City", "SOURCENAME": null, "SOURCETYPE": "UNKNOWN", "SOURCEDATE": "UNKNOWN", "EDITMETHOD": "UNKNOWN", "EDITOR": "UNKNOWN", "EDITDATE": "UNKNOWN", "MATCHSTAT": "MATCH", "EDITNOTE": "UNKNOWN", "OWNER1": "BRINK NELBERTA", "OWNER2": "", "ADDRGL1": "20 LUNDE LANE", "ADDRGL2": "", "CITYGL": "BARRE", "STGL": "VT", "ZIPGL": "05641", "DESCPROP": "1 FAM-0.20AC", "LOCAPROP": "LUNDE LN  20", "CAT": "Residential-1", "RESCODE": "T", "ACRESGL": 0.2, "REAL_FLV": 126160, "HSTED_FLV": 126160, "NRES_FLV": 0, "LAND_LV": 21300, "IMPRV_LV": 104860, "EQUIPVAL": 0, "EQUIPCODE": "", "INVENVAL": 0, "HSDECL": "Y", "HSITEVAL": 126160, "VETEXAMT": 0, "EXPDESC": "", "ENDDATE": "", "STATUTE": "", "EXAMT_HS": 0, "EXAMT_NR": 0, "UVREDUC_HS": 0, "UVREDUC_NR": 0, "GLVAL_HS": 1262.0, "GLVAL_NR": 0.0, "CRHOUSPCT": 0.0, "MUNGL1PCT": 1261.6, "AOEGL_HS": 1262.0, "AOEGL_NR": 0.0, "E911ADDR": "20 LUNDE LN", "SHAPE_Length": 0.00130861565716362, "SHAPE_Area": 1.0019705212410893e-07}, "geometry": {"type": "MultiPolygon", "coordinates": [[[[-72.50777423899996, 44.20682615900006], [-72.50791562199998, 44.20659879800007], [-72.50800569499995, 44.206623594000064], [-72.50815036899996, 44.20666436400006], [-72.50828370199997, 44.20670190100003], [-72.50827653599998, 44.20671397400008], [-72.50814477199998, 44.20693594800008], [-72.50811726699999, 44.20692779900003], [-72.50810660899998, 44.20692464100006], [-72.50778474499998, 44.20682927200005], [-72.50777423899996, 44.20682615900006]]]]}}, {"type": "Feature", "properties": {"OBJECTID": 4180, "SPAN": "036-011-10444", "GLIST_SPAN": "036-011-10444", "MAPID": "1170-0047.0000", "PARCID": "1170-0047-0000", "PROPTYPE": "PARCEL", "YEAR": 2023, "GLYEAR": 2022, "TOWN": "BARRE CITY", "TNAME": "Barre City", "SOURCENAME": null, "SOURCETYPE": "UNKNOWN", "SOURCEDATE": "UNKNOWN", "EDITMETHOD": "UNKNOWN", "EDITOR": "UNKNOWN", "EDITDATE": "UNKNOWN", "MATCHSTAT": "MATCH", "EDITNOTE": "UNKNOWN", "OWNER1": "DEMINGWARE ADAM & ROWENA", "OWNER2": "", "ADDRGL1": "47 PERRIN ST", "ADDRGL2": "", "CITYGL": "BARRE", "STGL": "VT", "ZIPGL": "05641", "DESCPROP": "1 FAM-0.65AC+0.372AC LOT", "LOCAPROP": "PERRIN ST  47", "CAT": "Residential-1", "RESCODE": "T", "ACRESGL": 1.02, "REAL_FLV": 132700, "HSTED_FLV": 0, "NRES_FLV": 132700, "LAND_LV": 61400, "IMPRV_LV": 71300, "EQUIPVAL": 0, "EQUIPCODE": "", "INVENVAL": 0, "HSDECL": "N", "HSITEVAL": 127400, "VETEXAMT": 0, "EXPDESC": "", "ENDDATE": "", "STATUTE": "", "EXAMT_HS": 0, "EXAMT_NR": 0, "UVREDUC_HS": 0, "UVREDUC_NR": 0, "GLVAL_HS": 0.0, "GLVAL_NR": 1327.0, "CRHOUSPCT": 0.0, "MUNGL1PCT": 1327.0, "AOEGL_HS": 0.0, "AOEGL_NR": 1327.0, "E911ADDR": "47 PERRIN ST", "SHAPE_Length": 0.0031266793253636287, "SHAPE_Area": 4.2316683144205764e-07}, "geometry": {"type": "MultiPolygon", "coordinates": [[[[-72.50744392099995, 44.20791910200006], [-72.50773240199999, 44.20731243300003], [-72.50773592199994, 44.20731355800007], [-72.50796349299998, 44.20738301000006], [-72.50796432199996, 44.207383234000076], [-72.50796505699998, 44.20738343200003], [-72.50796622899998, 44.20738132200006], [-72.50800922699995, 44.207297649000054], [-72.50825556699994, 44.207370756000046], [-72.50843113399998, 44.20742474200006], [-72.50842956999998, 44.20742544500007], [-72.50837326999994, 44.20745793400005], [-72.50845541099994, 44.207669846000044], [-72.50847850399998, 44.20784210900007], [-72.50847146599995, 44.20784112500007], [-72.50842298699996, 44.20788205000008], [-72.50841985899996, 44.20788134700007], [-72.50779265399996, 44.207759414000066], [-72.50779150299996, 44.20775919000005], [-72.50768478699996, 44.20797758500004], [-72.50768361399997, 44.20797730400005], [-72.50744353099998, 44.207921071000044], [-72.50744392099995, 44.20791910200006]]]]}}, {"type": "Feature", "properties": {"OBJECTID": 4217, "SPAN": "036-011-10047", "GLIST_SPAN": "036-011-10047", "MAPID": "0240-0062.0000", "PARCID": "0240-0062-0000", "PROPTYPE": "PARCEL", "YEAR": 2023, "GLYEAR": 2022, "TOWN": "BARRE CITY", "TNAME": "Barre City", "SOURCENAME": null, "SOURCETYPE": "UNKNOWN", "SOURCEDATE": "UNKNOWN", "EDITMETHOD": "UNKNOWN", "EDITOR": "UNKNOWN", "EDITDATE": "UNKNOWN", "MATCHSTAT": "MATCH", "EDITNOTE": "UNKNOWN", "OWNER1": "BELROSE JEFFREY S & KIRSTEN R", "OWNER2": "", "ADDRGL1": "6 ETHEL COURT", "ADDRGL2": "", "CITYGL": "ST ALBANS", "STGL": "VT", "ZIPGL": "05478", "DESCPROP": "6 APTS-2 BLDGS-0.27AC", "LOCAPROP": "BROOK ST  62 & 1 PLEASANT ST", "CAT": "Commercial Apt", "RESCODE": "S", "ACRESGL": 0.27, "REAL_FLV": 367900, "HSTED_FLV": 0, "NRES_FLV": 367900, "LAND_LV": 19200, "IMPRV_LV": 348700, "EQUIPVAL": 0, "EQUIPCODE": "", "INVENVAL": 0, "HSDECL": "N", "HSITEVAL": 0, "VETEXAMT": 0, "EXPDESC": "", "ENDDATE": "", "STATUTE": "", "EXAMT_HS": 0, "EXAMT_NR": 0, "UVREDUC_HS": 0, "UVREDUC_NR": 0, "GLVAL_HS": 0.0, "GLVAL_NR": 3679.0, "CRHOUSPCT": 0.0, "MUNGL1PCT": 3679.0, "AOEGL_HS": 0.0, "AOEGL_NR": 3679.0, "E911ADDR": "62 BROOK ST", "SHAPE_Length": 0.0014619663481102278, "SHAPE_Area": 1.233432889365139e-07}, "geometry": {"type": "MultiPolygon", "coordinates": [[[[-72.50644855499996, 44.205490875000066], [-72.50645129099996, 44.20548750000006], [-72.50687630699997, 44.20560095900004], [-72.50675395599995, 44.20584776100003], [-72.50674965599995, 44.20585338600006], [-72.50666793599999, 44.20583032900004], [-72.50631251699997, 44.205730506000066], [-72.50630821499993, 44.20572924000004], [-72.50630938899997, 44.20572713100006], [-72.50644855499996, 44.205490875000066]]]]}}, {"type": "Feature", "properties": {"OBJECTID": 4263, "SPAN": "036-011-10071", "GLIST_SPAN": "036-011-10071", "MAPID": "0995-0089.0000", "PARCID": "0995-0089-0000", "PROPTYPE": "PARCEL", "YEAR": 2023, "GLYEAR": 2022, "TOWN": "BARRE CITY", "TNAME": "Barre City", "SOURCENAME": null, "SOURCETYPE": "UNKNOWN", "SOURCEDATE": "UNKNOWN", "EDITMETHOD": "UNKNOWN", "EDITOR": "UNKNOWN", "EDITDATE": "UNKNOWN", "MATCHSTAT": "MATCH", "EDITNOTE": "UNKNOWN", "OWNER1": "ARGENTI GEMMA", "OWNER2": "", "ADDRGL1": "89 MAPLE AVE APT 1", "ADDRGL2": "", "CITYGL": "BARRE", "STGL": "VT", "ZIPGL": "05641", "DESCPROP": "2 APTS-0.20AC", "LOCAPROP": "MAPLE AVE  89", "CAT": "Residential-1", "RESCODE": "T", "ACRESGL": 0.2, "REAL_FLV": 108700, "HSTED_FLV": 108700, "NRES_FLV": 0, "LAND_LV": 14300, "IMPRV_LV": 94400, "EQUIPVAL": 0, "EQUIPCODE": "", "INVENVAL": 0, "HSDECL": "Y", "HSITEVAL": 108700, "VETEXAMT": 0, "EXPDESC": "", "ENDDATE": "", "STATUTE": "", "EXAMT_HS": 0, "EXAMT_NR": 0, "UVREDUC_HS": 0, "UVREDUC_NR": 0, "GLVAL_HS": 1087.0, "GLVAL_NR": 0.0, "CRHOUSPCT": 0.0, "MUNGL1PCT": 1087.0, "AOEGL_HS": 1087.0, "AOEGL_NR": 0.0, "E911ADDR": "89 MAPLE AVE", "SHAPE_Length": 0.0013516023192361652, "SHAPE_Area": 9.095511393739114e-08}, "geometry": {"type": "MultiPolygon", "coordinates": [[[[-72.50386220299998, 44.20650440000003], [-72.50393330999998, 44.20632691800006], [-72.50440923799994, 44.20642865000008], [-72.50433574399995, 44.20660373000004], [-72.50386220299998, 44.20650440000003]]]]}}, {"type": "Feature", "properties": {"OBJECTID": 4274, "SPAN": "036-011-10491", "GLIST_SPAN": "036-011-10491", "MAPID": "1195-0032.0000", "PARCID": "1195-0032-0000", "PROPTYPE": "PARCEL", "YEAR": 2023, "GLYEAR": 2022, "TOWN": "BARRE CITY", "TNAME": "Barre City", "SOURCENAME": null, "SOURCETYPE": "UNKNOWN", "SOURCEDATE": "UNKNOWN", "EDITMETHOD": "UNKNOWN", "EDITOR": "UNKNOWN", "EDITDATE": "UNKNOWN", "MATCHSTAT": "MATCH", "EDITNOTE": "UNKNOWN", "OWNER1": "BURNS LISA M", "OWNER2": "", "ADDRGL1": "32 PLAIN ST", "ADDRGL2": "", "CITYGL": "BARRE", "STGL": "VT", "ZIPGL": "05641-2917", "DESCPROP": "MOBILE HOME-0.70AC", "LOCAPROP": "PLAIN ST  32", "CAT": "Mobile Home/la", "RESCODE": "T", "ACRESGL": 0.7, "REAL_FLV": 98200, "HSTED_FLV": 98200, "NRES_FLV": 0, "LAND_LV": 20500, "IMPRV_LV": 77700, "EQUIPVAL": 0, "EQUIPCODE": "", "INVENVAL": 0, "HSDECL": "Y", "HSITEVAL": 98200, "VETEXAMT": 0, "EXPDESC": "", "ENDDATE": "", "STATUTE": "", "EXAMT_HS": 0, "EXAMT_NR": 0, "UVREDUC_HS": 0, "UVREDUC_NR": 0, "GLVAL_HS": 982.0, "GLVAL_NR": 0.0, "CRHOUSPCT": 0.0, "MUNGL1PCT": 982.0, "AOEGL_HS": 982.0, "AOEGL_NR": 0.0, "E911ADDR": "32 PLAIN ST", "SHAPE_Length": 0.002275639976525947, "SHAPE_Area": 3.15907390859252e-07}, "geometry": {"type": "MultiPolygon", "coordinates": [[[[-72.50342703199993, 44.206027222000046], [-72.50368864099994, 44.205511871000056], [-72.50370084499997, 44.20551461900004], [-72.50422033099994, 44.20563160300003], [-72.50414840099995, 44.20580415100005], [-72.50407647099996, 44.205977121000046], [-72.50400375899994, 44.20615107500004], [-72.50342901899995, 44.20602764900008], [-72.50342703199993, 44.206027222000046]]]]}}, {"type": "Feature", "properties": {"OBJECTID": 4286, "SPAN": "036-011-10499", "GLIST_SPAN": "036-011-10499", "MAPID": "0570-0025.0000", "PARCID": "0570-0025-0000", "PROPTYPE": "PARCEL", "YEAR": 2023, "GLYEAR": 2022, "TOWN": "BARRE CITY", "TNAME": "Barre City", "SOURCENAME": null, "SOURCETYPE": "UNKNOWN", "SOURCEDATE": "UNKNOWN", "EDITMETHOD": "UNKNOWN", "EDITOR": "UNKNOWN", "EDITDATE": "UNKNOWN", "MATCHSTAT": "MATCH", "EDITNOTE": "UNKNOWN", "OWNER1": "BUZZI MICHAEL C & CHERYL D CO-TRUSTEES", "OWNER2": "OF THE BUZZI FAMILY TRUST", "ADDRGL1": "5 CLOVER LANE", "ADDRGL2": "", "CITYGL": "BARRE", "STGL": "VT", "ZIPGL": "05641", "DESCPROP": "COM GARAGE-0.55AC", "LOCAPROP": "FARWELL ST  25", "CAT": "Commercial", "RESCODE": "S", "ACRESGL": 0.55, "REAL_FLV": 152100, "HSTED_FLV": 0, "NRES_FLV": 152100, "LAND_LV": 43800, "IMPRV_LV": 108300, "EQUIPVAL": 0, "EQUIPCODE": "", "INVENVAL": 0, "HSDECL": "N", "HSITEVAL": 0, "VETEXAMT": 0, "EXPDESC": "", "ENDDATE": "", "STATUTE": "", "EXAMT_HS": 0, "EXAMT_NR": 0, "UVREDUC_HS": 0, "UVREDUC_NR": 0, "GLVAL_HS": 0.0, "GLVAL_NR": 1521.0, "CRHOUSPCT": 0.0, "MUNGL1PCT": 1521.0, "AOEGL_HS": 0.0, "AOEGL_NR": 1521.0, "E911ADDR": "25 FARWELL ST", "SHAPE_Length": 0.002064476458879012, "SHAPE_Area": 2.3765280362740987e-07}, "geometry": {"type": "MultiPolygon", "coordinates": [[[[-72.50422437599997, 44.207527208000045], [-72.50422450099995, 44.20752668200004], [-72.50462164199996, 44.20764573800005], [-72.50461460399998, 44.20765206600004], [-72.50457472899996, 44.20774234900006], [-72.50446487699998, 44.207983101000025], [-72.50443087099995, 44.20814524000008], [-72.50395892599994, 44.20809688300005], [-72.50396087999997, 44.20809224300007], [-72.50397651899993, 44.20806847700004], [-72.50399254899997, 44.20805314800003], [-72.50400975299993, 44.20803922600004], [-72.50401991799998, 44.20802713200004], [-72.50403399299995, 44.208010397000066], [-72.50404963099999, 44.20797566300007], [-72.50405666699999, 44.207951054000034], [-72.50406800299999, 44.20791252200007], [-72.50408129399995, 44.207864991000065], [-72.50409653999998, 44.207818022000026], [-72.50410513999998, 44.207783429000074], [-72.50412351299997, 44.20774461600007], [-72.50415127099996, 44.207689068000036], [-72.50417746399995, 44.20763816200008], [-72.50420678499995, 44.20756672400006], [-72.50422437599997, 44.207527208000045]]]]}}, {"type": "Feature", "properties": {"OBJECTID": 4287, "SPAN": "036-011-10083", "GLIST_SPAN": "036-011-10083", "MAPID": "0995-0086.0000", "PARCID": "0995-0086-0000", "PROPTYPE": "PARCEL", "YEAR": 2023, "GLYEAR": 2022, "TOWN": "BARRE CITY", "TNAME": "Barre City", "SOURCENAME": null, "SOURCETYPE": "UNKNOWN", "SOURCEDATE": "UNKNOWN", "EDITMETHOD": "UNKNOWN", "EDITOR": "UNKNOWN", "EDITDATE": "UNKNOWN", "MATCHSTAT": "MATCH", "EDITNOTE": "UNKNOWN", "OWNER1": "PLJ LLP", "OWNER2": "C/O DAGLE SCOTT & BUTLER AMY K", "ADDRGL1": "3511 VT ROUTE 12", "ADDRGL2": "", "CITYGL": "MONTPELIER", "STGL": "VT", "ZIPGL": "05602", "DESCPROP": "2 APTS-0.22AC", "LOCAPROP": "MAPLE AVE  86", "CAT": "Residential-1", "RESCODE": "S", "ACRESGL": 0.22, "REAL_FLV": 152400, "HSTED_FLV": 0, "NRES_FLV": 152400, "LAND_LV": 17200, "IMPRV_LV": 135200, "EQUIPVAL": 0, "EQUIPCODE": "", "INVENVAL": 0, "HSDECL": "N", "HSITEVAL": 0, "VETEXAMT": 0, "EXPDESC": "", "ENDDATE": "", "STATUTE": "", "EXAMT_HS": 0, "EXAMT_NR": 0, "UVREDUC_HS": 0, "UVREDUC_NR": 0, "GLVAL_HS": 0.0, "GLVAL_NR": 1524.0, "CRHOUSPCT": 0.0, "MUNGL1PCT": 1524.0, "AOEGL_HS": 0.0, "AOEGL_NR": 1524.0, "E911ADDR": "86 MAPLE AVE", "SHAPE_Length": 0.0017290231237025516, "SHAPE_Area": 9.130053307758985e-08}, "geometry": {"type": "MultiPolygon", "coordinates": [[[[-72.50441318299994, 44.206891864000056], [-72.50463561699996, 44.206366064000065], [-72.50464930299995, 44.20636957900007], [-72.50493395099994, 44.206430176000026], [-72.50494568099998, 44.20643242500006], [-72.50492417699996, 44.20645127000006], [-72.50488938199999, 44.20648431700005], [-72.50486045099996, 44.206516943000054], [-72.50483581999998, 44.206541694000066], [-72.50481236199994, 44.20656391400007], [-72.50478616799995, 44.20658852500003], [-72.50476700999997, 44.20660568100004], [-72.50474433399995, 44.20661749400006], [-72.50471930999998, 44.206623542000045], [-72.50469624299996, 44.20662916800006], [-72.50467903899994, 44.20663465300004], [-72.50466144499995, 44.20664463800006], [-72.50464736999999, 44.206657576000055], [-72.50463290499994, 44.20667388900006], [-72.50461101099995, 44.20669667100003], [-72.50458598899996, 44.20671706200005], [-72.50457074199994, 44.20673956300004], [-72.50454689399999, 44.20676768800007], [-72.50451678999997, 44.206809314000054], [-72.50448903199998, 44.20684292400006], [-72.50446791999997, 44.20686458100005], [-72.50444641799999, 44.20691478500004], [-72.50443820799995, 44.206926456000076], [-72.50439342999994, 44.20693853800003], [-72.50438911199996, 44.206935077000026], [-72.50438567599997, 44.20693113800007], [-72.50438322299993, 44.20692683500005], [-72.50438182499994, 44.20692229600007], [-72.50438152299995, 44.206917651000026], [-72.50438232499994, 44.20691303700005], [-72.50438420799998, 44.20690858800003], [-72.50438711499999, 44.20690443500007], [-72.50439096499997, 44.20690070000006], [-72.50439564299995, 44.20689749100006], [-72.50440101199996, 44.206894900000066], [-72.50440691699998, 44.206893007000076], [-72.50441318299994, 44.206891864000056]]]]}}, {"type": "Feature", "properties": {"OBJECTID": 4320, "SPAN": "036-011-10517", "GLIST_SPAN": "036-011-10517", "MAPID": "0240-0103.0000", "PARCID": "0240-0103-0000", "PROPTYPE": "PARCEL", "YEAR": 2023, "GLYEAR": 2022, "TOWN": "BARRE CITY", "TNAME": "Barre City", "SOURCENAME": null, "SOURCETYPE": "UNKNOWN", "SOURCEDATE": "UNKNOWN", "EDITMETHOD": "UNKNOWN", "EDITOR": "UNKNOWN", "EDITDATE": "UNKNOWN", "MATCHSTAT": "MATCH", "EDITNOTE": "UNKNOWN", "OWNER1": "BEEDE RONALD K", "OWNER2": "", "ADDRGL1": "103 BROOK ST", "ADDRGL2": "", "CITYGL": "BARRE", "STGL": "VT", "ZIPGL": "05641", "DESCPROP": "1 FAM-0.25AC", "LOCAPROP": "BROOK ST 103", "CAT": "Residential-1", "RESCODE": "T", "ACRESGL": 0.25, "REAL_FLV": 111200, "HSTED_FLV": 111200, "NRES_FLV": 0, "LAND_LV": 17700, "IMPRV_LV": 93500, "EQUIPVAL": 0, "EQUIPCODE": "", "INVENVAL": 0, "HSDECL": "Y", "HSITEVAL": 111200, "VETEXAMT": 0, "EXPDESC": "", "ENDDATE": "", "STATUTE": "", "EXAMT_HS": 0, "EXAMT_NR": 0, "UVREDUC_HS": 0, "UVREDUC_NR": 0, "GLVAL_HS": 1112.0, "GLVAL_NR": 0.0, "CRHOUSPCT": 0.0, "MUNGL1PCT": 1112.0, "AOEGL_HS": 1112.0, "AOEGL_NR": 0.0, "E911ADDR": "103 BROOK ST", "SHAPE_Length": 0.0013882233640268877, "SHAPE_Area": 1.1356345175776841e-07}, "geometry": {"type": "MultiPolygon", "coordinates": [[[[-72.50507392199995, 44.20638517000003], [-72.50508330499997, 44.20637645100004], [-72.50536953099999, 44.20658048200005], [-72.50511031599996, 44.20675261700006], [-72.50498989199997, 44.206783560000076], [-72.50481705999994, 44.20663085100006], [-72.50482018699995, 44.20662902300006], [-72.50484599199996, 44.206612568000025], [-72.50486710399997, 44.20659752100005], [-72.50489408199996, 44.20657712900004], [-72.50491988499994, 44.20655533200005], [-72.50493786899995, 44.20653086200008], [-72.50496445399995, 44.20650470500004], [-72.50498986599996, 44.206477704000065], [-72.50501332399995, 44.206453235000026], [-72.50502935299994, 44.20643045300005], [-72.50505320099995, 44.20640654600004], [-72.50507392199995, 44.20638517000003]]]]}}, {"type": "Feature", "properties": {"OBJECTID": 4341, "SPAN": "036-011-10528", "GLIST_SPAN": "036-011-10528", "MAPID": "0110-0036.0000", "PARCID": "0110-0036-0000", "PROPTYPE": "PARCEL", "YEAR": 2023, "GLYEAR": 2022, "TOWN": "BARRE CITY", "TNAME": "Barre City", "SOURCENAME": null, "SOURCETYPE": "UNKNOWN", "SOURCEDATE": "UNKNOWN", "EDITMETHOD": "UNKNOWN", "EDITOR": "UNKNOWN", "EDITDATE": "UNKNOWN", "MATCHSTAT": "MATCH", "EDITNOTE": "UNKNOWN", "OWNER1": "SWEET KEITH A", "OWNER2": "", "ADDRGL1": "36 BANK ST", "ADDRGL2": "", "CITYGL": "BARRE", "STGL": "VT", "ZIPGL": "05641", "DESCPROP": "DOUBLEWIDE-0.80AC", "LOCAPROP": "BANK ST  36", "CAT": "Mobile Home/la", "RESCODE": "T", "ACRESGL": 0.8, "REAL_FLV": 103500, "HSTED_FLV": 103500, "NRES_FLV": 0, "LAND_LV": 24190, "IMPRV_LV": 79310, "EQUIPVAL": 0, "EQUIPCODE": "", "INVENVAL": 0, "HSDECL": "Y", "HSITEVAL": 103500, "VETEXAMT": 0, "EXPDESC": "", "ENDDATE": "", "STATUTE": "", "EXAMT_HS": 0, "EXAMT_NR": 0, "UVREDUC_HS": 0, "UVREDUC_NR": 0, "GLVAL_HS": 1035.0, "GLVAL_NR": 0.0, "CRHOUSPCT": 0.0, "MUNGL1PCT": 1035.0, "AOEGL_HS": 1035.0, "AOEGL_NR": 0.0, "E911ADDR": "36 BANK ST", "SHAPE_Length": 0.002442835574703045, "SHAPE_Area": 3.6636026007393427e-07}, "geometry": {"type": "MultiPolygon", "coordinates": [[[[-72.50316931999998, 44.20652831800004], [-72.50342703199993, 44.206027222000046], [-72.50342901899995, 44.20602764900008], [-72.50400375899994, 44.20615107500004], [-72.50393330999998, 44.20632691800006], [-72.50386220299998, 44.20650440000003], [-72.50379265799995, 44.206678701000044], [-72.50377218099999, 44.20672909500007], [-72.50377110199997, 44.20672876500004], [-72.50374000899996, 44.20671981900006], [-72.50351287299998, 44.20665446700008], [-72.50315708999995, 44.20655209900008], [-72.50316931999998, 44.20652831800004]]]]}}, {"type": "Feature", "properties": {"OBJECTID": 4352, "SPAN": "036-011-10118", "GLIST_SPAN": "036-011-10118", "MAPID": "0240-0100.0000", "PARCID": "0240-0100-0000", "PROPTYPE": "PARCEL", "YEAR": 2023, "GLYEAR": 2022, "TOWN": "BARRE CITY", "TNAME": "Barre City", "SOURCENAME": null, "SOURCETYPE": "UNKNOWN", "SOURCEDATE": "UNKNOWN", "EDITMETHOD": "UNKNOWN", "EDITOR": "UNKNOWN", "EDITDATE": "UNKNOWN", "MATCHSTAT": "MATCH", "EDITNOTE": "UNKNOWN", "OWNER1": "BADEAU ROSEMARY - LIFE ESTATE:", "OWNER2": "CITY OF BARRE VERMONT", "ADDRGL1": "100 BROOK ST", "ADDRGL2": "", "CITYGL": "BARRE", "STGL": "VT", "ZIPGL": "05641", "DESCPROP": "1 FAM-0.09AC", "LOCAPROP": "BROOK ST 100", "CAT": "Residential-1", "RESCODE": "T", "ACRESGL": 0.09, "REAL_FLV": 124900, "HSTED_FLV": 124900, "NRES_FLV": 0, "LAND_LV": 15300, "IMPRV_LV": 109600, "EQUIPVAL": 0, "EQUIPCODE": "", "INVENVAL": 0, "HSDECL": "Y", "HSITEVAL": 124900, "VETEXAMT": 0, "EXPDESC": "", "ENDDATE": "", "STATUTE": "", "EXAMT_HS": 0, "EXAMT_NR": 0, "UVREDUC_HS": 0, "UVREDUC_NR": 0, "GLVAL_HS": 1249.0, "GLVAL_NR": 0.0, "CRHOUSPCT": 0.0, "MUNGL1PCT": 1249.0, "AOEGL_HS": 1249.0, "AOEGL_NR": 0.0, "E911ADDR": "100 BROOK ST", "SHAPE_Length": 0.0009334767047306351, "SHAPE_Area": 3.5395923583700575e-08}, "geometry": {"type": "MultiPolygon", "coordinates": [[[[-72.50498716399994, 44.206886919000056], [-72.50500045799998, 44.206884528000046], [-72.50501179599996, 44.20688480800004], [-72.50502274399997, 44.20688691700008], [-72.50503173799996, 44.20689099400005], [-72.50503838499998, 44.20689535400004], [-72.50504268699996, 44.20689858800006], [-72.50504972499994, 44.20690463500006], [-72.50505324399995, 44.20691011800005], [-72.50505558999998, 44.20691504000007], [-72.50505911099998, 44.20692840000004], [-72.50506106599994, 44.20693599300006], [-72.50500242599998, 44.207050604000074], [-72.50499734399995, 44.20704933800005], [-72.50465326099999, 44.20697482200006], [-72.50490779299997, 44.206905204000066], [-72.50498716399994, 44.206886919000056]]]]}}, {"type": "Feature", "properties": {"OBJECTID": 4354, "SPAN": "036-011-10119", "GLIST_SPAN": "036-011-10119", "MAPID": "0995-0074.0000", "PARCID": "0995-0074-0000", "PROPTYPE": "PARCEL", "YEAR": 2023, "GLYEAR": 2022, "TOWN": "BARRE CITY", "TNAME": "Barre City", "SOURCENAME": null, "SOURCETYPE": "UNKNOWN", "SOURCEDATE": "UNKNOWN", "EDITMETHOD": "UNKNOWN", "EDITOR": "UNKNOWN", "EDITDATE": "UNKNOWN", "MATCHSTAT": "MATCH", "EDITNOTE": "UNKNOWN", "OWNER1": "HALLOCK SARAH C", "OWNER2": "", "ADDRGL1": "500A GRAND STREET  APT 6B", "ADDRGL2": "", "CITYGL": "NEW YORK", "STGL": "NY", "ZIPGL": "10002", "DESCPROP": "1 FAM-0.20AC", "LOCAPROP": "MAPLE AVE  74", "CAT": "Residential-1", "RESCODE": "NS", "ACRESGL": 0.2, "REAL_FLV": 138100, "HSTED_FLV": 0, "NRES_FLV": 138100, "LAND_LV": 15900, "IMPRV_LV": 122200, "EQUIPVAL": 0, "EQUIPCODE": "", "INVENVAL": 0, "HSDECL": "N", "HSITEVAL": 138100, "VETEXAMT": 0, "EXPDESC": "", "ENDDATE": "", "STATUTE": "", "EXAMT_HS": 0, "EXAMT_NR": 0, "UVREDUC_HS": 0, "UVREDUC_NR": 0, "GLVAL_HS": 0.0, "GLVAL_NR": 1381.0, "CRHOUSPCT": 0.0, "MUNGL1PCT": 1381.0, "AOEGL_HS": 0.0, "AOEGL_NR": 1381.0, "E911ADDR": "74 MAPLE AVE", "SHAPE_Length": 0.0013371234964945323, "SHAPE_Area": 8.901499773215542e-08}, "geometry": {"type": "MultiPolygon", "coordinates": [[[[-72.50484857999999, 44.20586048700005], [-72.50491982499994, 44.205685860000074], [-72.50538981399995, 44.20578878900005], [-72.50531720399994, 44.20596207600005], [-72.50485251499998, 44.20586142800005], [-72.50485134099995, 44.205861148000054], [-72.50484857999999, 44.20586048700005]]]]}}, {"type": "Feature", "properties": {"OBJECTID": 4405, "SPAN": "036-011-10555", "GLIST_SPAN": "036-011-10555", "MAPID": "0995-0107.0000", "PARCID": "0995-0107-0000", "PROPTYPE": "PARCEL", "YEAR": 2023, "GLYEAR": 2022, "TOWN": "BARRE CITY", "TNAME": "Barre City", "SOURCENAME": null, "SOURCETYPE": "UNKNOWN", "SOURCEDATE": "UNKNOWN", "EDITMETHOD": "UNKNOWN", "EDITOR": "UNKNOWN", "EDITDATE": "UNKNOWN", "MATCHSTAT": "MATCH", "EDITNOTE": "UNKNOWN", "OWNER1": "CACICIO COLE R", "OWNER2": "", "ADDRGL1": "107 MAPLE AVE", "ADDRGL2": "", "CITYGL": "BARRE", "STGL": "VT", "ZIPGL": "05641", "DESCPROP": "1 FAM-0.13AC", "LOCAPROP": "MAPLE AVE 107", "CAT": "Residential-1", "RESCODE": "T", "ACRESGL": 0.13, "REAL_FLV": 85480, "HSTED_FLV": 85480, "NRES_FLV": 0, "LAND_LV": 10930, "IMPRV_LV": 74550, "EQUIPVAL": 0, "EQUIPCODE": "", "INVENVAL": 0, "HSDECL": "Y", "HSITEVAL": 85480, "VETEXAMT": 0, "EXPDESC": "", "ENDDATE": "", "STATUTE": "", "EXAMT_HS": 0, "EXAMT_NR": 0, "UVREDUC_HS": 0, "UVREDUC_NR": 0, "GLVAL_HS": 855.0, "GLVAL_NR": 0.0, "CRHOUSPCT": 0.0, "MUNGL1PCT": 854.8, "AOEGL_HS": 855.0, "AOEGL_NR": 0.0, "E911ADDR": "107 MAPLE AVE", "SHAPE_Length": 0.0010059822565080714, "SHAPE_Area": 5.9096712878280897e-08}, "geometry": {"type": "MultiPolygon", "coordinates": [[[[-72.50337430999997, 44.206973461000075], [-72.50358661599995, 44.206882190000044], [-72.50376374999996, 44.20708510400004], [-72.50376453199993, 44.20708594800004], [-72.50369532799994, 44.20710999700003], [-72.50362221199998, 44.20714346700004], [-72.50354753499994, 44.20717721900007], [-72.50354636099996, 44.20717778200003], [-72.50354557899993, 44.20717693900008], [-72.50338095799998, 44.206977821000066], [-72.50337509199994, 44.20697402400003], [-72.50337430999997, 44.206973461000075]]]]}}, {"type": "Feature", "properties": {"OBJECTID": 4406, "SPAN": "036-011-10826", "GLIST_SPAN": "036-011-10826", "MAPID": "0240-0091.0000", "PARCID": "0240-0091-0000", "PROPTYPE": "PARCEL", "YEAR": 2023, "GLYEAR": 2022, "TOWN": "BARRE CITY", "TNAME": "Barre City", "SOURCENAME": null, "SOURCETYPE": "UNKNOWN", "SOURCEDATE": "UNKNOWN", "EDITMETHOD": "UNKNOWN", "EDITOR": "UNKNOWN", "EDITDATE": "UNKNOWN", "MATCHSTAT": "MATCH", "EDITNOTE": "UNKNOWN", "OWNER1": "CORLISS RONALD & GAYL - LIFE ESTATE;", "OWNER2": "BROTHERS DEBORAH J; ELLIS JACQUEL ET AL", "ADDRGL1": "91 BROOK ST APT 1", "ADDRGL2": "", "CITYGL": "BARRE", "STGL": "VT", "ZIPGL": "05641", "DESCPROP": "2 APTS-0.15AC", "LOCAPROP": "BROOK ST  91", "CAT": "Residential-1", "RESCODE": "T", "ACRESGL": 0.15, "REAL_FLV": 128640, "HSTED_FLV": 72910, "NRES_FLV": 55730, "LAND_LV": 11810, "IMPRV_LV": 116830, "EQUIPVAL": 0, "EQUIPCODE": "", "INVENVAL": 0, "HSDECL": "Y", "HSITEVAL": 72910, "VETEXAMT": 0, "EXPDESC": "", "ENDDATE": "", "STATUTE": "", "EXAMT_HS": 0, "EXAMT_NR": 0, "UVREDUC_HS": 0, "UVREDUC_NR": 0, "GLVAL_HS": 729.0, "GLVAL_NR": 557.3, "CRHOUSPCT": 0.0, "MUNGL1PCT": 1286.4, "AOEGL_HS": 729.0, "AOEGL_NR": 557.3, "E911ADDR": "91 BROOK ST", "SHAPE_Length": 0.001131681230854618, "SHAPE_Area": 7.371585838509858e-08}, "geometry": {"type": "MultiPolygon", "coordinates": [[[[-72.50522718099995, 44.20626802400005], [-72.50525102899996, 44.206250726000064], [-72.50554155399993, 44.20643478800008], [-72.50544576899995, 44.20652985400005], [-72.50536953099999, 44.20658048200005], [-72.50508330499997, 44.20637645100004], [-72.50509268799993, 44.206367872000044], [-72.50513764899995, 44.20633187100003], [-72.50517048999995, 44.20630655700006], [-72.50522718099995, 44.20626802400005]]]]}}, {"type": "Feature", "properties": {"OBJECTID": 4453, "SPAN": "036-011-10849", "GLIST_SPAN": "036-011-10849", "MAPID": "0995-0099.0000", "PARCID": "0995-0099-0000", "PROPTYPE": "PARCEL", "YEAR": 2023, "GLYEAR": 2022, "TOWN": "BARRE CITY", "TNAME": "Barre City", "SOURCENAME": null, "SOURCETYPE": "UNKNOWN", "SOURCEDATE": "UNKNOWN", "EDITMETHOD": "UNKNOWN", "EDITOR": "UNKNOWN", "EDITDATE": "UNKNOWN", "MATCHSTAT": "MATCH", "EDITNOTE": "UNKNOWN", "OWNER1": "FAJOBI ADELEKE", "OWNER2": "", "ADDRGL1": "99  MAPLE AVE", "ADDRGL2": "", "CITYGL": "BARRE", "STGL": "VT", "ZIPGL": "05641", "DESCPROP": "1 FAM & GAR ACC APT-0.16AC", "LOCAPROP": "MAPLE AVE  99 & 101", "CAT": "Residential-1", "RESCODE": "T", "ACRESGL": 0.16, "REAL_FLV": 151000, "HSTED_FLV": 0, "NRES_FLV": 151000, "LAND_LV": 13200, "IMPRV_LV": 137800, "EQUIPVAL": 0, "EQUIPCODE": "", "INVENVAL": 0, "HSDECL": "N", "HSITEVAL": 139000, "VETEXAMT": 0, "EXPDESC": "", "ENDDATE": "", "STATUTE": "", "EXAMT_HS": 0, "EXAMT_NR": 0, "UVREDUC_HS": 0, "UVREDUC_NR": 0, "GLVAL_HS": 0.0, "GLVAL_NR": 1510.0, "CRHOUSPCT": 0.0, "MUNGL1PCT": 1510.0, "AOEGL_HS": 0.0, "AOEGL_NR": 1510.0, "E911ADDR": "99101 MAPLE AVE", "SHAPE_Length": 0.001282107715569768, "SHAPE_Area": 8.109542246770721e-08}, "geometry": {"type": "MultiPolygon", "coordinates": [[[[-72.50375005799998, 44.20673387200003], [-72.50374000899996, 44.20671981900006], [-72.50377110199997, 44.20672876500004], [-72.50377218099999, 44.20672909500007], [-72.50379265799995, 44.206678701000044], [-72.50394749399999, 44.206713851000075], [-72.50396352499996, 44.206717508000054], [-72.50401826299998, 44.206690224000056], [-72.50420595599996, 44.20691338700004], [-72.50419970099995, 44.20692871500006], [-72.50419344599999, 44.206943340000066], [-72.50410430099998, 44.206971328000066], [-72.50409452599996, 44.20697442200003], [-72.50399677899998, 44.20700465900006], [-72.50399326099995, 44.207005784000046], [-72.50398220299996, 44.207009311000036], [-72.50380753899998, 44.20680966600003], [-72.50382027999996, 44.206802829000026], [-72.50383138899997, 44.20679686900007], [-72.50381504599994, 44.206784209000034], [-72.50375005799998, 44.20673387200003]]]]}}, {"type": "Feature", "properties": {"OBJECTID": 4464, "SPAN": "036-011-10155", "GLIST_SPAN": "036-011-10155", "MAPID": "1075-0006.0000", "PARCID": "1075-0006-0000", "PROPTYPE": "PARCEL", "YEAR": 2023, "GLYEAR": 2022, "TOWN": "BARRE CITY", "TNAME": "Barre City", "SOURCENAME": null, "SOURCETYPE": "UNKNOWN", "SOURCEDATE": "UNKNOWN", "EDITMETHOD": "UNKNOWN", "EDITOR": "UNKNOWN", "EDITDATE": "UNKNOWN", "MATCHSTAT": "MATCH", "EDITNOTE": "UNKNOWN", "OWNER1": "WALKER WENDY A", "OWNER2": "", "ADDRGL1": "6 NEWTON ST", "ADDRGL2": "", "CITYGL": "BARRE", "STGL": "VT", "ZIPGL": "05641", "DESCPROP": "1 FAM-0.44AC", "LOCAPROP": "NEWTON ST   6", "CAT": "Residential-1", "RESCODE": "T", "ACRESGL": 0.44, "REAL_FLV": 115800, "HSTED_FLV": 115800, "NRES_FLV": 0, "LAND_LV": 35500, "IMPRV_LV": 80300, "EQUIPVAL": 0, "EQUIPCODE": "", "INVENVAL": 0, "HSDECL": "Y", "HSITEVAL": 115800, "VETEXAMT": 0, "EXPDESC": "", "ENDDATE": "", "STATUTE": "", "EXAMT_HS": 0, "EXAMT_NR": 0, "UVREDUC_HS": 0, "UVREDUC_NR": 0, "GLVAL_HS": 1158.0, "GLVAL_NR": 0.0, "CRHOUSPCT": 0.0, "MUNGL1PCT": 1158.0, "AOEGL_HS": 1158.0, "AOEGL_NR": 0.0, "E911ADDR": "6 NEWTON ST", "SHAPE_Length": 0.0020614313758491195, "SHAPE_Area": 2.0342162584909587e-07}, "geometry": {"type": "MultiPolygon", "coordinates": [[[[-72.50469399799994, 44.20790687300007], [-72.50475302899997, 44.20777623200007], [-72.50519408699995, 44.20787535200003], [-72.50519526099998, 44.20787563300007], [-72.50531608299997, 44.207904315000064], [-72.50549790399998, 44.207947337000064], [-72.50538805399998, 44.208195964000026], [-72.50520349599998, 44.20815280200003], [-72.50502519399998, 44.20811090400008], [-72.50499782399999, 44.20810443700003], [-72.50465060499994, 44.20802176500007], [-72.50464943199995, 44.20800924900004], [-72.50469360699998, 44.207907858000056], [-72.50469399799994, 44.20790687300007]]]]}}, {"type": "Feature", "properties": {"OBJECTID": 4477, "SPAN": "036-011-10861", "GLIST_SPAN": "036-011-10861", "MAPID": "0995-0115.0000", "PARCID": "0995-0115-0000", "PROPTYPE": "PARCEL", "YEAR": 2023, "GLYEAR": 2022, "TOWN": "BARRE CITY", "TNAME": "Barre City", "SOURCENAME": null, "SOURCETYPE": "UNKNOWN", "SOURCEDATE": "UNKNOWN", "EDITMETHOD": "UNKNOWN", "EDITOR": "UNKNOWN", "EDITDATE": "UNKNOWN", "MATCHSTAT": "MATCH", "EDITNOTE": "UNKNOWN", "OWNER1": "MASI RUSSEL", "OWNER2": "", "ADDRGL1": "115 MAPLE AVE", "ADDRGL2": "", "CITYGL": "BARRE", "STGL": "VT", "ZIPGL": "05641-5217", "DESCPROP": "1 FAM-0.24AC", "LOCAPROP": "MAPLE AVE 115", "CAT": "Residential-1", "RESCODE": "T", "ACRESGL": 0.24, "REAL_FLV": 89500, "HSTED_FLV": 89500, "NRES_FLV": 0, "LAND_LV": 18300, "IMPRV_LV": 71200, "EQUIPVAL": 0, "EQUIPCODE": "", "INVENVAL": 0, "HSDECL": "Y", "HSITEVAL": 89500, "VETEXAMT": 0, "EXPDESC": "", "ENDDATE": "", "STATUTE": "", "EXAMT_HS": 0, "EXAMT_NR": 0, "UVREDUC_HS": 0, "UVREDUC_NR": 0, "GLVAL_HS": 895.0, "GLVAL_NR": 0.0, "CRHOUSPCT": 0.0, "MUNGL1PCT": 895.0, "AOEGL_HS": 895.0, "AOEGL_NR": 0.0, "E911ADDR": "115 MAPLE AVE", "SHAPE_Length": 0.001221041594586938, "SHAPE_Area": 7.024149657081743e-08}, "geometry": {"type": "MultiPolygon", "coordinates": [[[[-72.50269516999998, 44.207420522000064], [-72.50281324799994, 44.20733009800006], [-72.50314325499994, 44.20740518200006], [-72.50307522399999, 44.207455527000036], [-72.50300523699997, 44.20750713800004], [-72.50292195699996, 44.20756690500008], [-72.50291961099998, 44.20756929500004], [-72.50259585999999, 44.20749533600008], [-72.50269516999998, 44.207420522000064]]]]}}, {"type": "Feature", "properties": {"OBJECTID": 4525, "SPAN": "036-011-10889", "GLIST_SPAN": "036-011-10889", "MAPID": "0975-0017.0000", "PARCID": "0975-0017-0000", "PROPTYPE": "PARCEL", "YEAR": 2023, "GLYEAR": 2022, "TOWN": "BARRE CITY", "TNAME": "Barre City", "SOURCENAME": null, "SOURCETYPE": "UNKNOWN", "SOURCEDATE": "UNKNOWN", "EDITMETHOD": "UNKNOWN", "EDITOR": "UNKNOWN", "EDITDATE": "UNKNOWN", "MATCHSTAT": "MATCH", "EDITNOTE": "UNKNOWN", "OWNER1": "MACKENZIE MARTA", "OWNER2": "", "ADDRGL1": "17 LUNDE LANE", "ADDRGL2": "", "CITYGL": "BARRE", "STGL": "VT", "ZIPGL": "05641", "DESCPROP": "1 FAM-0.20AC", "LOCAPROP": "LUNDE LN  17", "CAT": "Residential-1", "RESCODE": "T", "ACRESGL": 0.2, "REAL_FLV": 140500, "HSTED_FLV": 140500, "NRES_FLV": 0, "LAND_LV": 22400, "IMPRV_LV": 118100, "EQUIPVAL": 0, "EQUIPCODE": "", "INVENVAL": 0, "HSDECL": "Y", "HSITEVAL": 140500, "VETEXAMT": 0, "EXPDESC": "", "ENDDATE": "", "STATUTE": "", "EXAMT_HS": 0, "EXAMT_NR": 0, "UVREDUC_HS": 0, "UVREDUC_NR": 0, "GLVAL_HS": 1405.0, "GLVAL_NR": 0.0, "CRHOUSPCT": 0.0, "MUNGL1PCT": 1405.0, "AOEGL_HS": 1405.0, "AOEGL_NR": 0.0, "E911ADDR": "17 LUNDE LN", "SHAPE_Length": 0.0012212396592801709, "SHAPE_Area": 8.906217250664493e-08}, "geometry": {"type": "MultiPolygon", "coordinates": [[[[-72.50758654199996, 44.20716788200008], [-72.50772023299999, 44.206940485000075], [-72.50805141999996, 44.20704185200003], [-72.50791733999995, 44.20727023300003], [-72.50777891999996, 44.207227353000064], [-72.50758732399999, 44.20716816300006], [-72.50758654199996, 44.20716788200008]]]]}}, {"type": "Feature", "properties": {"OBJECTID": 4591, "SPAN": "036-011-10186", "GLIST_SPAN": "036-011-10186", "MAPID": "0570-0007.0000", "PARCID": "0570-0007-0000", "PROPTYPE": "PARCEL", "YEAR": 2023, "GLYEAR": 2022, "TOWN": "BARRE CITY", "TNAME": "Barre City", "SOURCENAME": null, "SOURCETYPE": "UNKNOWN", "SOURCEDATE": "UNKNOWN", "EDITMETHOD": "UNKNOWN", "EDITOR": "UNKNOWN", "EDITDATE": "UNKNOWN", "MATCHSTAT": "MATCH", "EDITNOTE": "UNKNOWN", "OWNER1": "PIERCE JONATHAN", "OWNER2": "", "ADDRGL1": "44 CASSIE ST", "ADDRGL2": "", "CITYGL": "BARRE", "STGL": "VT", "ZIPGL": "05641", "DESCPROP": "3 APTS-0.10AC", "LOCAPROP": "FARWELL ST   7", "CAT": "Residential-1", "RESCODE": "T", "ACRESGL": 0.1, "REAL_FLV": 127600, "HSTED_FLV": 0, "NRES_FLV": 127600, "LAND_LV": 10200, "IMPRV_LV": 117400, "EQUIPVAL": 0, "EQUIPCODE": "", "INVENVAL": 0, "HSDECL": "N", "HSITEVAL": 0, "VETEXAMT": 0, "EXPDESC": "", "ENDDATE": "", "STATUTE": "", "EXAMT_HS": 0, "EXAMT_NR": 0, "UVREDUC_HS": 0, "UVREDUC_NR": 0, "GLVAL_HS": 0.0, "GLVAL_NR": 1276.0, "CRHOUSPCT": 0.0, "MUNGL1PCT": 1276.0, "AOEGL_HS": 0.0, "AOEGL_NR": 1276.0, "E911ADDR": "7 FARWELL ST", "SHAPE_Length": 0.0012977696610424984, "SHAPE_Area": 5.733169902854507e-08}, "geometry": {"type": "MultiPolygon", "coordinates": [[[[-72.50465169699999, 44.206975244000034], [-72.50465326099999, 44.20697482200006], [-72.50499734399995, 44.20704933800005], [-72.50500242599998, 44.207050604000074], [-72.50494456799998, 44.20716338700004], [-72.50493674799998, 44.20716198000008], [-72.50440654699997, 44.20704669100007], [-72.50440771999996, 44.20704303500003], [-72.50441319299995, 44.20703164400004], [-72.50465169699999, 44.206975244000034]]]]}}, {"type": "Feature", "properties": {"OBJECTID": 4641, "SPAN": "036-011-10633", "GLIST_SPAN": "036-011-10633", "MAPID": "0110-0021.0000", "PARCID": "0110-0021-0000", "PROPTYPE": "PARCEL", "YEAR": 2023, "GLYEAR": 2022, "TOWN": "BARRE CITY", "TNAME": "Barre City", "SOURCENAME": null, "SOURCETYPE": "UNKNOWN", "SOURCEDATE": "UNKNOWN", "EDITMETHOD": "UNKNOWN", "EDITOR": "UNKNOWN", "EDITDATE": "UNKNOWN", "MATCHSTAT": "MATCH", "EDITNOTE": "UNKNOWN", "OWNER1": "VAUGHT ARON R & MARIA A", "OWNER2": "", "ADDRGL1": "21 BANK ST", "ADDRGL2": "", "CITYGL": "BARRE", "STGL": "VT", "ZIPGL": "05641", "DESCPROP": "1 FAM-0.30AC", "LOCAPROP": "BANK ST  21", "CAT": "Residential-1", "RESCODE": "T", "ACRESGL": 0.3, "REAL_FLV": 90880, "HSTED_FLV": 90880, "NRES_FLV": 0, "LAND_LV": 23100, "IMPRV_LV": 67780, "EQUIPVAL": 0, "EQUIPCODE": "", "INVENVAL": 0, "HSDECL": "Y", "HSITEVAL": 90880, "VETEXAMT": 0, "EXPDESC": "", "ENDDATE": "", "STATUTE": "", "EXAMT_HS": 0, "EXAMT_NR": 0, "UVREDUC_HS": 0, "UVREDUC_NR": 0, "GLVAL_HS": 909.0, "GLVAL_NR": 0.0, "CRHOUSPCT": 0.0, "MUNGL1PCT": 908.8, "AOEGL_HS": 909.0, "AOEGL_NR": 0.0, "E911ADDR": "21 BANK ST", "SHAPE_Length": 0.0014966445054996483, "SHAPE_Area": 1.3689998429142286e-07}, "geometry": {"type": "MultiPolygon", "coordinates": [[[[-72.50301022999997, 44.20573120300003], [-72.50301335699999, 44.205727969000066], [-72.50325887799994, 44.20579471800005], [-72.50335625899999, 44.20582119200003], [-72.50318295099999, 44.20616710100006], [-72.50317681399997, 44.20616544400008], [-72.50283508299998, 44.20607320400006], [-72.50283078199993, 44.206071939000026], [-72.50301022999997, 44.20573120300003]]]]}}, {"type": "Feature", "properties": {"OBJECTID": 4648, "SPAN": "036-011-10955", "GLIST_SPAN": "036-011-10955", "MAPID": "0995-0113.0000", "PARCID": "0995-0113-0000", "PROPTYPE": "PARCEL", "YEAR": 2023, "GLYEAR": 2022, "TOWN": "BARRE CITY", "TNAME": "Barre City", "SOURCENAME": null, "SOURCETYPE": "UNKNOWN", "SOURCEDATE": "UNKNOWN", "EDITMETHOD": "UNKNOWN", "EDITOR": "UNKNOWN", "EDITDATE": "UNKNOWN", "MATCHSTAT": "MATCH", "EDITNOTE": "UNKNOWN", "OWNER1": "STACY THOMAS E & TINA S", "OWNER2": "", "ADDRGL1": "PO BOX 124", "ADDRGL2": "", "CITYGL": "E BARRE", "STGL": "VT", "ZIPGL": "05649-0124", "DESCPROP": "1 FAM-0.23AC", "LOCAPROP": "MAPLE AVE 113", "CAT": "Residential-1", "RESCODE": "S", "ACRESGL": 0.23, "REAL_FLV": 69100, "HSTED_FLV": 0, "NRES_FLV": 69100, "LAND_LV": 17900, "IMPRV_LV": 51200, "EQUIPVAL": 0, "EQUIPCODE": "", "INVENVAL": 0, "HSDECL": "N", "HSITEVAL": 69100, "VETEXAMT": 0, "EXPDESC": "", "ENDDATE": "", "STATUTE": "", "EXAMT_HS": 0, "EXAMT_NR": 0, "UVREDUC_HS": 0, "UVREDUC_NR": 0, "GLVAL_HS": 0.0, "GLVAL_NR": 691.0, "CRHOUSPCT": 0.0, "MUNGL1PCT": 691.0, "AOEGL_HS": 0.0, "AOEGL_NR": 691.0, "E911ADDR": "113 MAPLE AVE", "SHAPE_Length": 0.0013922340133223747, "SHAPE_Area": 6.327365989354295e-08}, "geometry": {"type": "MultiPolygon", "coordinates": [[[[-72.50263651899996, 44.20739014800006], [-72.50271471499997, 44.207306053000025], [-72.50283865099993, 44.20717246000004], [-72.50283891299995, 44.207172177000075], [-72.50297275399998, 44.20723331600004], [-72.50323278999997, 44.20735132100003], [-72.50317492399995, 44.207385213000066], [-72.50314325499994, 44.20740518200006], [-72.50281324799994, 44.20733009800006], [-72.50269516999998, 44.207420522000064], [-72.50268813199995, 44.207417287000055], [-72.50263417299993, 44.20739239800008], [-72.50263651899996, 44.20739014800006]]]]}}, {"type": "Feature", "properties": {"OBJECTID": 4693, "SPAN": "036-011-10213", "GLIST_SPAN": "036-011-10213", "MAPID": "0540-0043.0000", "PARCID": "0540-0043-0000", "PROPTYPE": "PARCEL", "YEAR": 2023, "GLYEAR": 2022, "TOWN": "BARRE CITY", "TNAME": "Barre City", "SOURCENAME": null, "SOURCETYPE": "UNKNOWN", "SOURCEDATE": "UNKNOWN", "EDITMETHOD": "UNKNOWN", "EDITOR": "UNKNOWN", "EDITDATE": "UNKNOWN", "MATCHSTAT": "MATCH", "EDITNOTE": "UNKNOWN", "OWNER1": "MARSHALL CHRISTOPHER & RENITA", "OWNER2": "", "ADDRGL1": "43 ELMWOOD AVE", "ADDRGL2": "", "CITYGL": "BARRE", "STGL": "VT", "ZIPGL": "05641", "DESCPROP": "1 FAM-0.23AC", "LOCAPROP": "ELMWOOD AVE  43", "CAT": "Residential-1", "RESCODE": "T", "ACRESGL": 0.23, "REAL_FLV": 130000, "HSTED_FLV": 130000, "NRES_FLV": 0, "LAND_LV": 24000, "IMPRV_LV": 106000, "EQUIPVAL": 0, "EQUIPCODE": "", "INVENVAL": 0, "HSDECL": "Y", "HSITEVAL": 130000, "VETEXAMT": 0, "EXPDESC": "", "ENDDATE": "", "STATUTE": "", "EXAMT_HS": 0, "EXAMT_NR": 0, "UVREDUC_HS": 0, "UVREDUC_NR": 0, "GLVAL_HS": 1300.0, "GLVAL_NR": 0.0, "CRHOUSPCT": 0.0, "MUNGL1PCT": 1300.0, "AOEGL_HS": 1300.0, "AOEGL_NR": 0.0, "E911ADDR": "43 ELMWOOD AVE", "SHAPE_Length": 0.001602119590466133, "SHAPE_Area": 1.0468078769647007e-07}, "geometry": {"type": "MultiPolygon", "coordinates": [[[[-72.50559079799996, 44.20738840800004], [-72.50611497899996, 44.20724428600005], [-72.50629301799995, 44.20727928600007], [-72.50629196099999, 44.20728159300006], [-72.50616174499999, 44.20753511500004], [-72.50559079799996, 44.20738840800004]]]]}}, {"type": "Feature", "properties": {"OBJECTID": 4822, "SPAN": "036-011-10685", "GLIST_SPAN": "036-011-10685", "MAPID": "0540-VL02.0000", "PARCID": "0540-VL02-0000", "PROPTYPE": "PARCEL", "YEAR": 2023, "GLYEAR": 2022, "TOWN": "BARRE CITY", "TNAME": "Barre City", "SOURCENAME": null, "SOURCETYPE": "UNKNOWN", "SOURCEDATE": "UNKNOWN", "EDITMETHOD": "UNKNOWN", "EDITOR": "UNKNOWN", "EDITDATE": "UNKNOWN", "MATCHSTAT": "MATCH", "EDITNOTE": "UNKNOWN", "OWNER1": "CITY OF BARRE", "OWNER2": "", "ADDRGL1": "6 N MAIN ST", "ADDRGL2": "", "CITYGL": "BARRE", "STGL": "VT", "ZIPGL": "05641-4115", "DESCPROP": "VAC LAND-0.09AC", "LOCAPROP": "ELMWOOD AVE", "CAT": "Miscellaneous", "RESCODE": "C", "ACRESGL": 0.09, "REAL_FLV": 10850, "HSTED_FLV": 0, "NRES_FLV": 10850, "LAND_LV": 10850, "IMPRV_LV": 0, "EQUIPVAL": 0, "EQUIPCODE": "", "INVENVAL": 0, "HSDECL": "N", "HSITEVAL": 0, "VETEXAMT": 0, "EXPDESC": "Statutory", "ENDDATE": "", "STATUTE": "", "EXAMT_HS": 0, "EXAMT_NR": 0, "UVREDUC_HS": 0, "UVREDUC_NR": 0, "GLVAL_HS": 0.0, "GLVAL_NR": 0.0, "CRHOUSPCT": 0.0, "MUNGL1PCT": 0.0, "AOEGL_HS": 0.0, "AOEGL_NR": 0.0, "E911ADDR": "ELMWOOD AVE", "SHAPE_Length": 0.0011369480833096708, "SHAPE_Area": 1.1337757691919394e-08}, "geometry": {"type": "MultiPolygon", "coordinates": [[[[-72.50662229399995, 44.206836957000064], [-72.50684706999994, 44.20635821800005], [-72.50684980799997, 44.20635906200005], [-72.50690611299996, 44.20637480900007], [-72.50687366199998, 44.20639477900005], [-72.50662386799996, 44.20683424300006], [-72.50662229399995, 44.206836957000064]]]]}}, {"type": "Feature", "properties": {"OBJECTID": 4857, "SPAN": "036-011-10263", "GLIST_SPAN": "036-011-10263", "MAPID": "0110-0031.0000", "PARCID": "0110-0031-0000", "PROPTYPE": "PARCEL", "YEAR": 2023, "GLYEAR": 2022, "TOWN": "BARRE CITY", "TNAME": "Barre City", "SOURCENAME": null, "SOURCETYPE": "UNKNOWN", "SOURCEDATE": "UNKNOWN", "EDITMETHOD": "UNKNOWN", "EDITOR": "UNKNOWN", "EDITDATE": "UNKNOWN", "MATCHSTAT": "MATCH", "EDITNOTE": "UNKNOWN", "OWNER1": "BURNOR MICHAEL & KAREN", "OWNER2": "", "ADDRGL1": "31 BANK ST", "ADDRGL2": "", "CITYGL": "BARRE", "STGL": "VT", "ZIPGL": "05641", "DESCPROP": "DOUBLEWIDE-0.14AC", "LOCAPROP": "BANK ST  31", "CAT": "Mobile Home/la", "RESCODE": "T", "ACRESGL": 0.14, "REAL_FLV": 76810, "HSTED_FLV": 76810, "NRES_FLV": 0, "LAND_LV": 12350, "IMPRV_LV": 64460, "EQUIPVAL": 0, "EQUIPCODE": "", "INVENVAL": 0, "HSDECL": "Y", "HSITEVAL": 76810, "VETEXAMT": 0, "EXPDESC": "", "ENDDATE": "", "STATUTE": "", "EXAMT_HS": 0, "EXAMT_NR": 0, "UVREDUC_HS": 0, "UVREDUC_NR": 0, "GLVAL_HS": 768.0, "GLVAL_NR": 0.0, "CRHOUSPCT": 0.0, "MUNGL1PCT": 768.1, "AOEGL_HS": 768.0, "AOEGL_NR": 0.0, "E911ADDR": "31 BANK ST", "SHAPE_Length": 0.001121937122479366, "SHAPE_Area": 6.91032562998744e-08}, "geometry": {"type": "MultiPolygon", "coordinates": [[[[-72.50278933999994, 44.206151111000054], [-72.50283078199993, 44.206071939000026], [-72.50283508299998, 44.20607320400006], [-72.50317681399997, 44.20616544400008], [-72.50318295099999, 44.20616710100006], [-72.50309660799996, 44.20633943200005], [-72.50308728499994, 44.20633686700006], [-72.50273929799994, 44.206241111000054], [-72.50273812499995, 44.206240689000026], [-72.50278933999994, 44.206151111000054]]]]}}, {"type": "Feature", "properties": {"OBJECTID": 5389, "SPAN": "036-011-10725", "GLIST_SPAN": "036-011-10725", "MAPID": "1170-VL02.0000", "PARCID": "1170-VL02-0000", "PROPTYPE": "PARCEL", "YEAR": 2023, "GLYEAR": 2022, "TOWN": "BARRE CITY", "TNAME": "Barre City", "SOURCENAME": null, "SOURCETYPE": "UNKNOWN", "SOURCEDATE": "UNKNOWN", "EDITMETHOD": "UNKNOWN", "EDITOR": "UNKNOWN", "EDITDATE": "UNKNOWN", "MATCHSTAT": "MATCH", "EDITNOTE": "UNKNOWN", "OWNER1": "CITY OF BARRE", "OWNER2": "", "ADDRGL1": "6 N MAIN ST", "ADDRGL2": "", "CITYGL": "BARRE", "STGL": "VT", "ZIPGL": "05641-4115", "DESCPROP": "VAC LAND-0.05AC", "LOCAPROP": "PERRIN ST   PART OF E SCHOOL ST", "CAT": "Miscellaneous", "RESCODE": "C", "ACRESGL": 0.05, "REAL_FLV": 3440, "HSTED_FLV": 0, "NRES_FLV": 3440, "LAND_LV": 3440, "IMPRV_LV": 0, "EQUIPVAL": 0, "EQUIPCODE": "", "INVENVAL": 0, "HSDECL": "N", "HSITEVAL": 0, "VETEXAMT": 0, "EXPDESC": "Statutory", "ENDDATE": "", "STATUTE": "", "EXAMT_HS": 0, "EXAMT_NR": 0, "UVREDUC_HS": 0, "UVREDUC_NR": 0, "GLVAL_HS": 0.0, "GLVAL_NR": 0.0, "CRHOUSPCT": 0.0, "MUNGL1PCT": 0.0, "AOEGL_HS": 0.0, "AOEGL_NR": 0.0, "E911ADDR": "PERRIN ST", "SHAPE_Length": 0.0006775025389174376, "SHAPE_Area": 2.292248729168702e-08}, "geometry": {"type": "MultiPolygon", "coordinates": [[[[-72.50773240199999, 44.20731243300003], [-72.50777891999996, 44.207227353000064], [-72.50791733999995, 44.20727023300003], [-72.50800922699995, 44.207297649000054], [-72.50796622899998, 44.20738132200006], [-72.50796505699998, 44.20738343200003], [-72.50796432199996, 44.207383234000076], [-72.50796349299998, 44.20738301000006], [-72.50773592199994, 44.20731355800007], [-72.50773240199999, 44.20731243300003]]]]}}, {"type": "Feature", "properties": {"OBJECTID": 5390, "SPAN": "036-011-11075", "GLIST_SPAN": "036-011-11075", "MAPID": "1205-0031.0000", "PARCID": "1205-0031-0000", "PROPTYPE": "PARCEL", "YEAR": 2023, "GLYEAR": 2022, "TOWN": "BARRE CITY", "TNAME": "Barre City", "SOURCENAME": null, "SOURCETYPE": "UNKNOWN", "SOURCEDATE": "UNKNOWN", "EDITMETHOD": "UNKNOWN", "EDITOR": "UNKNOWN", "EDITDATE": "UNKNOWN", "MATCHSTAT": "MATCH", "EDITNOTE": "UNKNOWN", "OWNER1": "WILSON MAGGIE", "OWNER2": "", "ADDRGL1": "31 PLEASANT ST", "ADDRGL2": "", "CITYGL": "BARRE", "STGL": "VT", "ZIPGL": "05641", "DESCPROP": "1 FAM-0.24AC", "LOCAPROP": "PLEASANT ST  31", "CAT": "Residential-1", "RESCODE": "T", "ACRESGL": 0.24, "REAL_FLV": 89800, "HSTED_FLV": 89800, "NRES_FLV": 0, "LAND_LV": 18280, "IMPRV_LV": 71520, "EQUIPVAL": 0, "EQUIPCODE": "", "INVENVAL": 0, "HSDECL": "Y", "HSITEVAL": 89800, "VETEXAMT": 0, "EXPDESC": "", "ENDDATE": "", "STATUTE": "", "EXAMT_HS": 0, "EXAMT_NR": 0, "UVREDUC_HS": 0, "UVREDUC_NR": 0, "GLVAL_HS": 898.0, "GLVAL_NR": 0.0, "CRHOUSPCT": 0.0, "MUNGL1PCT": 898.0, "AOEGL_HS": 898.0, "AOEGL_NR": 0.0, "E911ADDR": "31 PLEASANT ST", "SHAPE_Length": 0.00136968989456908, "SHAPE_Area": 1.1333265671756095e-07}, "geometry": {"type": "MultiPolygon", "coordinates": [[[[-72.50754222899997, 44.20615708300005], [-72.50771578499996, 44.20582084100005], [-72.50800551899994, 44.20589689800005], [-72.50800747399995, 44.205897320000076], [-72.50784017499996, 44.20623679700003], [-72.50754144799998, 44.206159755000044], [-72.50754222899997, 44.20615708300005]]]]}}, {"type": "Feature", "properties": {"OBJECTID": 5465, "SPAN": "036-011-11100", "GLIST_SPAN": "036-011-11100", "MAPID": "0570-0017.0000", "PARCID": "0570-0017-0000", "PROPTYPE": "PARCEL", "YEAR": 2023, "GLYEAR": 2022, "TOWN": "BARRE CITY", "TNAME": "Barre City", "SOURCENAME": null, "SOURCETYPE": "UNKNOWN", "SOURCEDATE": "UNKNOWN", "EDITMETHOD": "UNKNOWN", "EDITOR": "UNKNOWN", "EDITDATE": "UNKNOWN", "MATCHSTAT": "MATCH", "EDITNOTE": "UNKNOWN", "OWNER1": "BUZZI MICHAEL C & CHERYL D CO-TRUSTEES", "OWNER2": "OF THE BUZZI FAMILY TRUST", "ADDRGL1": "5 CLOVER LN", "ADDRGL2": "", "CITYGL": "BARRE", "STGL": "VT", "ZIPGL": "05641", "DESCPROP": "1 FAM-0.40AC", "LOCAPROP": "FARWELL ST  17", "CAT": "Residential-1", "RESCODE": "S", "ACRESGL": 0.4, "REAL_FLV": 29600, "HSTED_FLV": 0, "NRES_FLV": 29600, "LAND_LV": 28600, "IMPRV_LV": 1000, "EQUIPVAL": 0, "EQUIPCODE": "", "INVENVAL": 0, "HSDECL": "N", "HSITEVAL": 0, "VETEXAMT": 0, "EXPDESC": "", "ENDDATE": "", "STATUTE": "", "EXAMT_HS": 0, "EXAMT_NR": 0, "UVREDUC_HS": 0, "UVREDUC_NR": 0, "GLVAL_HS": 0.0, "GLVAL_NR": 296.0, "CRHOUSPCT": 0.0, "MUNGL1PCT": 296.0, "AOEGL_HS": 0.0, "AOEGL_NR": 296.0, "E911ADDR": "17 FARWELL ST", "SHAPE_Length": 0.0018908643666640074, "SHAPE_Area": 2.2603700205491408e-07}, "geometry": {"type": "MultiPolygon", "coordinates": [[[[-72.50438113999996, 44.20714653500005], [-72.50438700299998, 44.207126566000056], [-72.50438934899995, 44.20712698800003], [-72.50490312799997, 44.20723566800007], [-72.50490899399995, 44.20723707500008], [-72.50479601399996, 44.20746981100007], [-72.50478076699994, 44.207483453000066], [-72.50477959299997, 44.207484718000046], [-72.50462985299998, 44.207638426000074], [-72.50462164199996, 44.20764573800005], [-72.50422450099995, 44.20752668200004], [-72.50424665999998, 44.20746688000003], [-72.50425291399995, 44.20744508300004], [-72.50425994999995, 44.20742131700007], [-72.50426464099996, 44.20740570800007], [-72.50426581299996, 44.20739277000007], [-72.50426424799997, 44.207382505000055], [-72.50426581099998, 44.207368443000064], [-72.50427597499998, 44.20734552000005], [-72.50428262199995, 44.207331458000056], [-72.50432797099995, 44.20723681700008], [-72.50436471999996, 44.207174519000034], [-72.50438113999996, 44.20714653500005]]]]}}, {"type": "Feature", "properties": {"OBJECTID": 5592, "SPAN": "036-011-10786", "GLIST_SPAN": "036-011-10786", "MAPID": "1170-0070.0000", "PARCID": "1170-0070-0000", "PROPTYPE": "PARCEL", "YEAR": 2023, "GLYEAR": 2022, "TOWN": "BARRE CITY", "TNAME": "Barre City", "SOURCENAME": null, "SOURCETYPE": "UNKNOWN", "SOURCEDATE": "UNKNOWN", "EDITMETHOD": "UNKNOWN", "EDITOR": "UNKNOWN", "EDITDATE": "UNKNOWN", "MATCHSTAT": "MATCH", "EDITNOTE": "UNKNOWN", "OWNER1": "COLLIER PATRICIA DOW", "OWNER2": "", "ADDRGL1": "70 PERRIN ST", "ADDRGL2": "", "CITYGL": "BARRE", "STGL": "VT", "ZIPGL": "05641", "DESCPROP": "1 FAM-0.24AC", "LOCAPROP": "PERRIN ST  70", "CAT": "Residential-1", "RESCODE": "T", "ACRESGL": 0.24, "REAL_FLV": 143800, "HSTED_FLV": 143800, "NRES_FLV": 0, "LAND_LV": 24500, "IMPRV_LV": 119300, "EQUIPVAL": 0, "EQUIPCODE": "", "INVENVAL": 0, "HSDECL": "Y", "HSITEVAL": 143800, "VETEXAMT": 0, "EXPDESC": "", "ENDDATE": "", "STATUTE": "", "EXAMT_HS": 0, "EXAMT_NR": 0, "UVREDUC_HS": 0, "UVREDUC_NR": 0, "GLVAL_HS": 1438.0, "GLVAL_NR": 0.0, "CRHOUSPCT": 0.0, "MUNGL1PCT": 1438.0, "AOEGL_HS": 1438.0, "AOEGL_NR": 0.0, "E911ADDR": "70 PERRIN ST", "SHAPE_Length": 0.0014004689213714657, "SHAPE_Area": 1.1890812637896588e-07}, "geometry": {"type": "MultiPolygon", "coordinates": [[[[-72.50714132699994, 44.20825591400006], [-72.50727931699998, 44.20797789300008], [-72.50764843499996, 44.20805943100004], [-72.50751983099997, 44.208353696000074], [-72.50715344799994, 44.20825901000006], [-72.50714132699994, 44.20825591400006]]]]}}, {"type": "Feature", "properties": {"OBJECTID": 5620, "SPAN": "036-011-11157", "GLIST_SPAN": "036-011-11157", "MAPID": "0240-0070.0000", "PARCID": "0240-0070-0000", "PROPTYPE": "PARCEL", "YEAR": 2023, "GLYEAR": 2022, "TOWN": "BARRE CITY", "TNAME": "Barre City", "SOURCENAME": null, "SOURCETYPE": "UNKNOWN", "SOURCEDATE": "UNKNOWN", "EDITMETHOD": "UNKNOWN", "EDITOR": "UNKNOWN", "EDITDATE": "UNKNOWN", "MATCHSTAT": "MATCH", "EDITNOTE": "UNKNOWN", "OWNER1": "BURKE COREY A", "OWNER2": "", "ADDRGL1": "155 PARTRIDGE RD", "ADDRGL2": "", "CITYGL": "BARRE", "STGL": "VT", "ZIPGL": "05641", "DESCPROP": "3 APTS-0.22AC", "LOCAPROP": "BROOK ST  70", "CAT": "Residential-1", "RESCODE": "S", "ACRESGL": 0.22, "REAL_FLV": 164400, "HSTED_FLV": 0, "NRES_FLV": 164400, "LAND_LV": 17200, "IMPRV_LV": 147200, "EQUIPVAL": 0, "EQUIPCODE": "", "INVENVAL": 0, "HSDECL": "N", "HSITEVAL": 65800, "VETEXAMT": 0, "EXPDESC": "", "ENDDATE": "", "STATUTE": "", "EXAMT_HS": 0, "EXAMT_NR": 0, "UVREDUC_HS": 0, "UVREDUC_NR": 0, "GLVAL_HS": 0.0, "GLVAL_NR": 1644.0, "CRHOUSPCT": 0.0, "MUNGL1PCT": 1644.0, "AOEGL_HS": 0.0, "AOEGL_NR": 1644.0, "E911ADDR": "70 BROOK ST", "SHAPE_Length": 0.0012880298232625434, "SHAPE_Area": 9.546711718485866e-08}, "geometry": {"type": "MultiPolygon", "coordinates": [[[[-72.50623941399994, 44.205845400000044], [-72.50626013299996, 44.205810805000056], [-72.50626677999998, 44.20581333600006], [-72.50659835199997, 44.20593565900003], [-72.50660108999995, 44.20593678400007], [-72.50658349799994, 44.205968847000065], [-72.50650961599996, 44.20610202200004], [-72.50650844299997, 44.20610427200006], [-72.50647951899998, 44.206171177000044], [-72.50646778699996, 44.20616671200003], [-72.50610492999994, 44.20600768600008], [-72.50610610399997, 44.206006280000054], [-72.50622064999999, 44.205875916000025], [-72.50623941399994, 44.205845400000044]]]]}}, {"type": "Feature", "properties": {"OBJECTID": 5621, "SPAN": "036-011-10795", "GLIST_SPAN": "036-011-10795", "MAPID": "0240-0092.0000", "PARCID": "0240-0092-0000", "PROPTYPE": "PARCEL", "YEAR": 2023, "GLYEAR": 2022, "TOWN": "BARRE CITY", "TNAME": "Barre City", "SOURCENAME": null, "SOURCETYPE": "UNKNOWN", "SOURCEDATE": "UNKNOWN", "EDITMETHOD": "UNKNOWN", "EDITOR": "UNKNOWN", "EDITDATE": "UNKNOWN", "MATCHSTAT": "MATCH", "EDITNOTE": "UNKNOWN", "OWNER1": "LUCAS SARAH B", "OWNER2": "", "ADDRGL1": "92 BROOK ST", "ADDRGL2": "", "CITYGL": "BARRE", "STGL": "VT", "ZIPGL": "05641-", "DESCPROP": "1 FAM-0.35AC", "LOCAPROP": "BROOK ST  92", "CAT": "Residential-1", "RESCODE": "T", "ACRESGL": 0.35, "REAL_FLV": 125300, "HSTED_FLV": 125300, "NRES_FLV": 0, "LAND_LV": 19400, "IMPRV_LV": 105900, "EQUIPVAL": 0, "EQUIPCODE": "", "INVENVAL": 0, "HSDECL": "Y", "HSITEVAL": 125300, "VETEXAMT": 0, "EXPDESC": "", "ENDDATE": "", "STATUTE": "", "EXAMT_HS": 0, "EXAMT_NR": 0, "UVREDUC_HS": 0, "UVREDUC_NR": 0, "GLVAL_HS": 1253.0, "GLVAL_NR": 0.0, "CRHOUSPCT": 0.0, "MUNGL1PCT": 1253.0, "AOEGL_HS": 1253.0, "AOEGL_NR": 0.0, "E911ADDR": "92 BROOK ST", "SHAPE_Length": 0.0016725541957163866, "SHAPE_Area": 1.450039555427394e-07}, "geometry": {"type": "MultiPolygon", "coordinates": [[[[-72.50550677199993, 44.20661816300003], [-72.50550833599993, 44.20661647500003], [-72.50595955699998, 44.20675356100003], [-72.50596776899994, 44.206757638000056], [-72.50573162999996, 44.206984617000046], [-72.50569604799995, 44.20697561900005], [-72.50524912899994, 44.206860189000054], [-72.50524287299999, 44.20685906400007], [-72.50550677199993, 44.20661816300003]]]]}}, {"type": "Feature", "properties": {"OBJECTID": 5672, "SPAN": "036-011-11183", "GLIST_SPAN": "036-011-11183", "MAPID": "1075-0001.0000", "PARCID": "1075-0001-0000", "PROPTYPE": "PARCEL", "YEAR": 2023, "GLYEAR": 2022, "TOWN": "BARRE CITY", "TNAME": "Barre City", "SOURCENAME": null, "SOURCETYPE": "UNKNOWN", "SOURCEDATE": "UNKNOWN", "EDITMETHOD": "UNKNOWN", "EDITOR": "UNKNOWN", "EDITDATE": "UNKNOWN", "MATCHSTAT": "MATCH", "EDITNOTE": "UNKNOWN", "OWNER1": "FLOOD PETER A & DIANA M", "OWNER2": "", "ADDRGL1": "1 NEWTON ST", "ADDRGL2": "", "CITYGL": "BARRE", "STGL": "VT", "ZIPGL": "05641", "DESCPROP": "2 APTS-0.12AC", "LOCAPROP": "NEWTON ST   1", "CAT": "Residential-1", "RESCODE": "T", "ACRESGL": 0.12, "REAL_FLV": 124300, "HSTED_FLV": 124300, "NRES_FLV": 0, "LAND_LV": 12400, "IMPRV_LV": 111900, "EQUIPVAL": 0, "EQUIPCODE": "", "INVENVAL": 0, "HSDECL": "Y", "HSITEVAL": 124300, "VETEXAMT": 0, "EXPDESC": "", "ENDDATE": "", "STATUTE": "", "EXAMT_HS": 0, "EXAMT_NR": 0, "UVREDUC_HS": 0, "UVREDUC_NR": 0, "GLVAL_HS": 1243.0, "GLVAL_NR": 0.0, "CRHOUSPCT": 0.0, "MUNGL1PCT": 1243.0, "AOEGL_HS": 1243.0, "AOEGL_NR": 0.0, "E911ADDR": "1 NEWTON ST", "SHAPE_Length": 0.0010513293463616149, "SHAPE_Area": 5.698232511859214e-08}, "geometry": {"type": "MultiPolygon", "coordinates": [[[[-72.50459314799997, 44.20826673300007], [-72.50462754399996, 44.20810824800003], [-72.50498924799996, 44.20819597700006], [-72.50496302699997, 44.20830693200003], [-72.50495944499994, 44.208322088000045], [-72.50458986099994, 44.20828201200004], [-72.50459314799997, 44.20826673300007]]]]}}, {"type": "Feature", "properties": {"OBJECTID": 5689, "SPAN": "036-011-11200", "GLIST_SPAN": "036-011-11200", "MAPID": "0240-0105.0000", "PARCID": "0240-0105-0000", "PROPTYPE": "PARCEL", "YEAR": 2023, "GLYEAR": 2022, "TOWN": "BARRE CITY", "TNAME": "Barre City", "SOURCENAME": null, "SOURCETYPE": "UNKNOWN", "SOURCEDATE": "UNKNOWN", "EDITMETHOD": "UNKNOWN", "EDITOR": "UNKNOWN", "EDITDATE": "UNKNOWN", "MATCHSTAT": "MATCH", "EDITNOTE": "UNKNOWN", "OWNER1": "TOMBERG ERIC A", "OWNER2": "", "ADDRGL1": "105 BROOK ST", "ADDRGL2": "", "CITYGL": "BARRE", "STGL": "VT", "ZIPGL": "05641", "DESCPROP": "1 FAM-0.11AC", "LOCAPROP": "BROOK ST 105", "CAT": "Residential-1", "RESCODE": "T", "ACRESGL": 0.11, "REAL_FLV": 64050, "HSTED_FLV": 0, "NRES_FLV": 64050, "LAND_LV": 9580, "IMPRV_LV": 54470, "EQUIPVAL": 0, "EQUIPCODE": "", "INVENVAL": 0, "HSDECL": "N", "HSITEVAL": 64050, "VETEXAMT": 0, "EXPDESC": "", "ENDDATE": "", "STATUTE": "", "EXAMT_HS": 0, "EXAMT_NR": 0, "UVREDUC_HS": 0, "UVREDUC_NR": 0, "GLVAL_HS": 0.0, "GLVAL_NR": 640.5, "CRHOUSPCT": 0.0, "MUNGL1PCT": 640.5, "AOEGL_HS": 0.0, "AOEGL_NR": 640.5, "E911ADDR": "105 BROOK ST", "SHAPE_Length": 0.0011012018151005153, "SHAPE_Area": 5.2394338188691936e-08}, "geometry": {"type": "MultiPolygon", "coordinates": [[[[-72.50476975199996, 44.20665672700005], [-72.50481705999994, 44.20663085100006], [-72.50498989199997, 44.206783560000076], [-72.50453284299994, 44.20690099600006], [-72.50453517399995, 44.206894953000074], [-72.50455784799993, 44.206856421000055], [-72.50459225299994, 44.206823093000025], [-72.50463643099994, 44.206766419000076], [-72.50467630899993, 44.206722683000066], [-72.50470524099995, 44.20670004200008], [-72.50473651799996, 44.206675854000025], [-72.50476975199996, 44.20665672700005]]]]}}, {"type": "Feature", "properties": {"OBJECTID": 6011, "SPAN": "036-011-11279", "GLIST_SPAN": "036-011-11279", "MAPID": "0995-0093.0000", "PARCID": "0995-0093-0000", "PROPTYPE": "PARCEL", "YEAR": 2023, "GLYEAR": 2022, "TOWN": "BARRE CITY", "TNAME": "Barre City", "SOURCENAME": null, "SOURCETYPE": "UNKNOWN", "SOURCEDATE": "UNKNOWN", "EDITMETHOD": "UNKNOWN", "EDITOR": "UNKNOWN", "EDITDATE": "UNKNOWN", "MATCHSTAT": "MATCH", "EDITNOTE": "UNKNOWN", "OWNER1": "GOODELL LISA A", "OWNER2": "", "ADDRGL1": "93 MAPLE AVE", "ADDRGL2": "", "CITYGL": "BARRE", "STGL": "VT", "ZIPGL": "05641", "DESCPROP": "2 APTS-0.21AC", "LOCAPROP": "MAPLE AVE  93", "CAT": "Residential-1", "RESCODE": "T", "ACRESGL": 0.21, "REAL_FLV": 126400, "HSTED_FLV": 77100, "NRES_FLV": 49300, "LAND_LV": 17100, "IMPRV_LV": 109300, "EQUIPVAL": 0, "EQUIPCODE": "", "INVENVAL": 0, "HSDECL": "Y", "HSITEVAL": 77100, "VETEXAMT": 0, "EXPDESC": "", "ENDDATE": "", "STATUTE": "", "EXAMT_HS": 0, "EXAMT_NR": 0, "UVREDUC_HS": 0, "UVREDUC_NR": 0, "GLVAL_HS": 771.0, "GLVAL_NR": 493.0, "CRHOUSPCT": 0.0, "MUNGL1PCT": 1264.0, "AOEGL_HS": 771.0, "AOEGL_NR": 493.0, "E911ADDR": "93 MAPLE AVE", "SHAPE_Length": 0.0015352450544075227, "SHAPE_Area": 1.0323720820268233e-07}, "geometry": {"type": "MultiPolygon", "coordinates": [[[[-72.50420595599996, 44.20691338700004], [-72.50401826299998, 44.206690224000056], [-72.50396352499996, 44.206717508000054], [-72.50394749399999, 44.206713851000075], [-72.50379265799995, 44.206678701000044], [-72.50386220299998, 44.20650440000003], [-72.50433574399995, 44.20660373000004], [-72.50426303199998, 44.20677712100007], [-72.50420595599996, 44.20691338700004]]]]}}, {"type": "Feature", "properties": {"OBJECTID": 6060, "SPAN": "036-011-11329", "GLIST_SPAN": "036-011-11329", "MAPID": "0240-0085.0000", "PARCID": "0240-0085-0000", "PROPTYPE": "PARCEL", "YEAR": 2023, "GLYEAR": 2022, "TOWN": "BARRE CITY", "TNAME": "Barre City", "SOURCENAME": null, "SOURCETYPE": "UNKNOWN", "SOURCEDATE": "UNKNOWN", "EDITMETHOD": "UNKNOWN", "EDITOR": "UNKNOWN", "EDITDATE": "UNKNOWN", "MATCHSTAT": "MATCH", "EDITNOTE": "UNKNOWN", "OWNER1": "CITY OF BARRE", "OWNER2": "", "ADDRGL1": "6 N MAIN ST", "ADDRGL2": "", "CITYGL": "BARRE", "STGL": "VT", "ZIPGL": "05641", "DESCPROP": "VAC LAND-0.14AC", "LOCAPROP": "BROOK ST  85", "CAT": "Miscellaneous", "RESCODE": "C", "ACRESGL": 0.14, "REAL_FLV": 11600, "HSTED_FLV": 0, "NRES_FLV": 11600, "LAND_LV": 11600, "IMPRV_LV": 0, "EQUIPVAL": 0, "EQUIPCODE": "", "INVENVAL": 0, "HSDECL": "N", "HSITEVAL": 11600, "VETEXAMT": 0, "EXPDESC": "Statutory", "ENDDATE": "", "STATUTE": "", "EXAMT_HS": 0, "EXAMT_NR": 0, "UVREDUC_HS": 0, "UVREDUC_NR": 0, "GLVAL_HS": 0.0, "GLVAL_NR": 0.0, "CRHOUSPCT": 0.0, "MUNGL1PCT": 0.0, "AOEGL_HS": 0.0, "AOEGL_NR": 0.0, "E911ADDR": "BROOK ST", "SHAPE_Length": 0.002124216975518475, "SHAPE_Area": 6.028011083383395e-08}, "geometry": {"type": "MultiPolygon", "coordinates": [[[[-72.50618973099995, 44.20557765500007], [-72.50618933799996, 44.205564999000046], [-72.50626206299995, 44.20557990100008], [-72.50610999599996, 44.205833453000025], [-72.50593915299999, 44.20602892900007], [-72.50580779499995, 44.20618291900007], [-72.50573976899994, 44.20624479700007], [-72.50573781399999, 44.20624676500006], [-72.50573194899994, 44.20624367200003], [-72.50552392899993, 44.206110230000036], [-72.50557436499997, 44.20609419700003], [-72.50561854599994, 44.20609053800007], [-72.50569439699996, 44.20607309700006], [-72.50573818699996, 44.20606226700005], [-72.50575656399997, 44.20605692300006], [-72.50578549599999, 44.20605059300004], [-72.50582772199994, 44.20604145000004], [-72.50585704499997, 44.20603230800003], [-72.50587463899996, 44.20602527600005], [-72.50590552599994, 44.20601669600006], [-72.50592272899996, 44.20600755500004], [-72.50593602199996, 44.20599771000008], [-72.50596182399994, 44.20596381900003], [-72.50600912699997, 44.20590081700004], [-72.50610256199997, 44.20578817300003], [-72.50613852799995, 44.205743452000036], [-72.50615299299994, 44.205719686000066], [-72.50615885499997, 44.205697186000066], [-72.50616315299999, 44.205664281000054], [-72.50616549499995, 44.205632077000075], [-72.50617995799996, 44.205600436000054], [-72.50618973099995, 44.20557765500007]]]]}}, {"type": "Feature", "properties": {"OBJECTID": 6098, "SPAN": "036-011-11368", "GLIST_SPAN": "036-011-11368", "MAPID": "0750-0019.0000", "PARCID": "0750-0019-0000", "PROPTYPE": "PARCEL", "YEAR": 2023, "GLYEAR": 2022, "TOWN": "BARRE CITY", "TNAME": "Barre City", "SOURCENAME": null, "SOURCETYPE": "UNKNOWN", "SOURCEDATE": "UNKNOWN", "EDITMETHOD": "UNKNOWN", "EDITOR": "UNKNOWN", "EDITDATE": "UNKNOWN", "MATCHSTAT": "MATCH", "EDITNOTE": "UNKNOWN", "OWNER1": "CITY OF BARRE", "OWNER2": "", "ADDRGL1": "6 N MAIN ST", "ADDRGL2": "", "CITYGL": "BARRE", "STGL": "VT", "ZIPGL": "05641", "DESCPROP": "LAND FLOOD REMEDIATION-0.07AC", "LOCAPROP": "HARRINGTON AVE  19", "CAT": "Miscellaneous", "RESCODE": "C", "ACRESGL": 0.07, "REAL_FLV": 8300, "HSTED_FLV": 0, "NRES_FLV": 8300, "LAND_LV": 8300, "IMPRV_LV": 0, "EQUIPVAL": 0, "EQUIPCODE": "", "INVENVAL": 0, "HSDECL": "N", "HSITEVAL": 0, "VETEXAMT": 0, "EXPDESC": "Statutory", "ENDDATE": "", "STATUTE": "", "EXAMT_HS": 0, "EXAMT_NR": 0, "UVREDUC_HS": 0, "UVREDUC_NR": 0, "GLVAL_HS": 0.0, "GLVAL_NR": 0.0, "CRHOUSPCT": 0.0, "MUNGL1PCT": 0.0, "AOEGL_HS": 0.0, "AOEGL_NR": 0.0, "E911ADDR": "HARRINGTON AVE", "SHAPE_Length": 0.0007251311343597764, "SHAPE_Area": 3.2603608164291734e-08}, "geometry": {"type": "MultiPolygon", "coordinates": [[[[-72.50587655799995, 44.20566893600005], [-72.50594066499997, 44.205513825000025], [-72.50611778599995, 44.20555023700007], [-72.50611739599998, 44.20556036200003], [-72.50611309699997, 44.20557034700005], [-72.50610879699997, 44.20558553400008], [-72.50610371699997, 44.20561155000007], [-72.50609550999997, 44.205651628000055], [-72.50609160299996, 44.20568481500004], [-72.50608104999998, 44.205710268000075], [-72.50607792199997, 44.20571406600004], [-72.50607010199997, 44.205711816000075], [-72.50587655799995, 44.20566893600005]]]]}}, {"type": "Feature", "properties": {"OBJECTID": 6103, "SPAN": "036-011-11373", "GLIST_SPAN": "036-011-11373", "MAPID": "0975-0014.0000", "PARCID": "0975-0014-0000", "PROPTYPE": "PARCEL", "YEAR": 2023, "GLYEAR": 2022, "TOWN": "BARRE CITY", "TNAME": "Barre City", "SOURCENAME": null, "SOURCETYPE": "UNKNOWN", "SOURCEDATE": "UNKNOWN", "EDITMETHOD": "UNKNOWN", "EDITOR": "UNKNOWN", "EDITDATE": "UNKNOWN", "MATCHSTAT": "MATCH", "EDITNOTE": "UNKNOWN", "OWNER1": "SNELLINGS DONNA", "OWNER2": "", "ADDRGL1": "227 1/2 BROADWAY", "ADDRGL2": "", "CITYGL": "NEW ORLEANS", "STGL": "LA", "ZIPGL": "70118", "DESCPROP": "MOBILE HOME-0.27AC", "LOCAPROP": "LUNDE LN  14", "CAT": "Mobile Home/la", "RESCODE": "NS", "ACRESGL": 0.27, "REAL_FLV": 52390, "HSTED_FLV": 0, "NRES_FLV": 52390, "LAND_LV": 27020, "IMPRV_LV": 25370, "EQUIPVAL": 0, "EQUIPCODE": "", "INVENVAL": 0, "HSDECL": "N", "HSITEVAL": 0, "VETEXAMT": 0, "EXPDESC": "", "ENDDATE": "", "STATUTE": "", "EXAMT_HS": 0, "EXAMT_NR": 0, "UVREDUC_HS": 0, "UVREDUC_NR": 0, "GLVAL_HS": 0.0, "GLVAL_NR": 523.9, "CRHOUSPCT": 0.0, "MUNGL1PCT": 523.9, "AOEGL_HS": 0.0, "AOEGL_NR": 523.9, "E911ADDR": "14 LUNDE LN", "SHAPE_Length": 0.0015018222791358458, "SHAPE_Area": 1.2560898797583537e-07}, "geometry": {"type": "MultiPolygon", "coordinates": [[[[-72.50735989399993, 44.20651320400003], [-72.50738370499994, 44.20646186300007], [-72.50756465199999, 44.206504951000056], [-72.50788479499994, 44.20659031200006], [-72.50791562199998, 44.20659879800007], [-72.50777423899996, 44.20682615900006], [-72.50744700499996, 44.20672919700007], [-72.50743921899993, 44.20672689000003], [-72.50735226399996, 44.20670112500005], [-72.50735970699998, 44.20651781000004], [-72.50735989399993, 44.20651320400003]]]]}}, {"type": "Feature", "properties": {"OBJECTID": 6133, "SPAN": "036-011-11405", "GLIST_SPAN": "036-011-11405", "MAPID": "1170-0055.0000", "PARCID": "1170-0055-0000", "PROPTYPE": "PARCEL", "YEAR": 2023, "GLYEAR": 2022, "TOWN": "BARRE CITY", "TNAME": "Barre City", "SOURCENAME": null, "SOURCETYPE": "UNKNOWN", "SOURCEDATE": "UNKNOWN", "EDITMETHOD": "UNKNOWN", "EDITOR": "UNKNOWN", "EDITDATE": "UNKNOWN", "MATCHSTAT": "MATCH", "EDITNOTE": "UNKNOWN", "OWNER1": "ROBERTS DANIELLE M", "OWNER2": "", "ADDRGL1": "55 PERRIN ST", "ADDRGL2": "", "CITYGL": "BARRE", "STGL": "VT", "ZIPGL": "05641", "DESCPROP": "1 FAM-0.32AC", "LOCAPROP": "PERRIN ST  55", "CAT": "Residential-1", "RESCODE": "T", "ACRESGL": 0.32, "REAL_FLV": 119660, "HSTED_FLV": 119660, "NRES_FLV": 0, "LAND_LV": 28570, "IMPRV_LV": 91090, "EQUIPVAL": 0, "EQUIPCODE": "", "INVENVAL": 0, "HSDECL": "Y", "HSITEVAL": 119660, "VETEXAMT": 0, "EXPDESC": "", "ENDDATE": "", "STATUTE": "", "EXAMT_HS": 0, "EXAMT_NR": 0, "UVREDUC_HS": 0, "UVREDUC_NR": 0, "GLVAL_HS": 1197.0, "GLVAL_NR": 0.0, "CRHOUSPCT": 0.0, "MUNGL1PCT": 1196.6, "AOEGL_HS": 1197.0, "AOEGL_NR": 0.0, "E911ADDR": "55 PERRIN ST", "SHAPE_Length": 0.0017119254571857307, "SHAPE_Area": 1.3978324797967576e-07}, "geometry": {"type": "MultiPolygon", "coordinates": [[[[-72.50768478699996, 44.20797758500004], [-72.50779150299996, 44.20775919000005], [-72.50779265399996, 44.207759414000066], [-72.50841985899996, 44.20788134700007], [-72.50842298699996, 44.20788205000008], [-72.50818020399998, 44.20808751900006], [-72.50768478699996, 44.20797758500004]]]]}}, {"type": "Feature", "properties": {"OBJECTID": 6170, "SPAN": "036-011-11443", "GLIST_SPAN": "036-011-11443", "MAPID": "0540-0007.0000", "PARCID": "0540-0007-0000", "PROPTYPE": "PARCEL", "YEAR": 2023, "GLYEAR": 2022, "TOWN": "BARRE CITY", "TNAME": "Barre City", "SOURCENAME": null, "SOURCETYPE": "UNKNOWN", "SOURCEDATE": "UNKNOWN", "EDITMETHOD": "UNKNOWN", "EDITOR": "UNKNOWN", "EDITDATE": "UNKNOWN", "MATCHSTAT": "MATCH", "EDITNOTE": "UNKNOWN", "OWNER1": "ENGLAND KIMBERLY M", "OWNER2": "", "ADDRGL1": "7 ELMWOOD AVE", "ADDRGL2": "", "CITYGL": "BARRE", "STGL": "VT", "ZIPGL": "05641", "DESCPROP": "1 FAM-0.11AC", "LOCAPROP": "ELMWOOD AVE   7", "CAT": "Residential-1", "RESCODE": "T", "ACRESGL": 0.11, "REAL_FLV": 135000, "HSTED_FLV": 135000, "NRES_FLV": 0, "LAND_LV": 12900, "IMPRV_LV": 122100, "EQUIPVAL": 0, "EQUIPCODE": "", "INVENVAL": 0, "HSDECL": "Y", "HSITEVAL": 135000, "VETEXAMT": 0, "EXPDESC": "", "ENDDATE": "", "STATUTE": "", "EXAMT_HS": 0, "EXAMT_NR": 0, "UVREDUC_HS": 0, "UVREDUC_NR": 0, "GLVAL_HS": 1350.0, "GLVAL_NR": 0.0, "CRHOUSPCT": 0.0, "MUNGL1PCT": 1350.0, "AOEGL_HS": 1350.0, "AOEGL_NR": 0.0, "E911ADDR": "7 ELMWOOD AVE", "SHAPE_Length": 0.0009789753677712984, "SHAPE_Area": 4.988702024211863e-08}, "geometry": {"type": "MultiPolygon", "coordinates": [[[[-72.50650844299997, 44.20610427200006], [-72.50650961599996, 44.20610202200004], [-72.50679387499997, 44.20618019200003], [-72.50685643499997, 44.20619734400003], [-72.50685565399993, 44.20619889100004], [-72.50684040899995, 44.20623081400004], [-72.50673277599998, 44.206319793000034], [-72.50645043799994, 44.20623844600004], [-72.50647951899998, 44.206171177000044], [-72.50650844299997, 44.20610427200006]]]]}}, {"type": "Feature", "properties": {"OBJECTID": 6202, "SPAN": "036-011-11475", "GLIST_SPAN": "036-011-11475", "MAPID": "0540-0051.0000", "PARCID": "0540-0051-0000", "PROPTYPE": "PARCEL", "YEAR": 2023, "GLYEAR": 2022, "TOWN": "BARRE CITY", "TNAME": "Barre City", "SOURCENAME": null, "SOURCETYPE": "UNKNOWN", "SOURCEDATE": "UNKNOWN", "EDITMETHOD": "UNKNOWN", "EDITOR": "UNKNOWN", "EDITDATE": "UNKNOWN", "MATCHSTAT": "MATCH", "EDITNOTE": "UNKNOWN", "OWNER1": "HARRIMAN PEARL C - LIFE ESTATE: HARRIMAN", "OWNER2": "BRIAN; HARRIMAN CHRIS & BRETT MICHELLE", "ADDRGL1": "51 ELMWOOD AVE", "ADDRGL2": "", "CITYGL": "BARRE", "STGL": "VT", "ZIPGL": "05641", "DESCPROP": "1 FAM-0.32AC", "LOCAPROP": "ELMWOOD AVE  51", "CAT": "Residential-1", "RESCODE": "T", "ACRESGL": 0.32, "REAL_FLV": 134100, "HSTED_FLV": 100400, "NRES_FLV": 33700, "LAND_LV": 32000, "IMPRV_LV": 102100, "EQUIPVAL": 0, "EQUIPCODE": "", "INVENVAL": 0, "HSDECL": "Y", "HSITEVAL": 100400, "VETEXAMT": 0, "EXPDESC": "", "ENDDATE": "", "STATUTE": "", "EXAMT_HS": 0, "EXAMT_NR": 0, "UVREDUC_HS": 0, "UVREDUC_NR": 0, "GLVAL_HS": 1004.0, "GLVAL_NR": 337.0, "CRHOUSPCT": 0.0, "MUNGL1PCT": 1341.0, "AOEGL_HS": 1004.0, "AOEGL_NR": 337.0, "E911ADDR": "51 ELMWOOD AVE", "SHAPE_Length": 0.0017075724291506003, "SHAPE_Area": 1.5103321450459466e-07}, "geometry": {"type": "MultiPolygon", "coordinates": [[[[-72.50546776599998, 44.20762981100006], [-72.50559079799996, 44.20738840800004], [-72.50616174499999, 44.20753511500004], [-72.50604539999995, 44.20776163000005], [-72.50574616499995, 44.207693359000075], [-72.50546776599998, 44.20762981100006]]]]}}, {"type": "Feature", "properties": {"OBJECTID": 6269, "SPAN": "036-011-11544", "GLIST_SPAN": "036-011-11544", "MAPID": "0240-0072.0000", "PARCID": "0240-0072-0000", "PROPTYPE": "PARCEL", "YEAR": 2023, "GLYEAR": 2022, "TOWN": "BARRE CITY", "TNAME": "Barre City", "SOURCENAME": null, "SOURCETYPE": "UNKNOWN", "SOURCEDATE": "UNKNOWN", "EDITMETHOD": "UNKNOWN", "EDITOR": "UNKNOWN", "EDITDATE": "UNKNOWN", "MATCHSTAT": "MATCH", "EDITNOTE": "UNKNOWN", "OWNER1": "HAGERSTROM MICHAEL", "OWNER2": "", "ADDRGL1": "72 BROOK ST", "ADDRGL2": "", "CITYGL": "BARRE", "STGL": "VT", "ZIPGL": "05641", "DESCPROP": "1 FAM-0.09AC", "LOCAPROP": "BROOK ST  72", "CAT": "Residential-1", "RESCODE": "T", "ACRESGL": 0.09, "REAL_FLV": 112800, "HSTED_FLV": 112800, "NRES_FLV": 0, "LAND_LV": 9000, "IMPRV_LV": 103800, "EQUIPVAL": 0, "EQUIPCODE": "", "INVENVAL": 0, "HSDECL": "Y", "HSITEVAL": 112800, "VETEXAMT": 0, "EXPDESC": "", "ENDDATE": "", "STATUTE": "", "EXAMT_HS": 0, "EXAMT_NR": 0, "UVREDUC_HS": 0, "UVREDUC_NR": 0, "GLVAL_HS": 1128.0, "GLVAL_NR": 0.0, "CRHOUSPCT": 0.0, "MUNGL1PCT": 1128.0, "AOEGL_HS": 1128.0, "AOEGL_NR": 0.0, "E911ADDR": "72 BROOK ST", "SHAPE_Length": 0.001072305643427662, "SHAPE_Area": 4.604923281275792e-08}, "geometry": {"type": "MultiPolygon", "coordinates": [[[[-72.50603377899995, 44.20609037600008], [-72.50610492999994, 44.20600768600008], [-72.50646778699996, 44.20616671200003], [-72.50647951899998, 44.206171177000044], [-72.50645043799994, 44.20623844600004], [-72.50643461999994, 44.20627503800006], [-72.50604394499999, 44.206094595000025], [-72.50603377899995, 44.20609037600008]]]]}}, {"type": "Feature", "properties": {"OBJECTID": 6294, "SPAN": "036-011-11571", "GLIST_SPAN": "036-011-11571", "MAPID": "0570-0024.0000", "PARCID": "0570-0024-0000", "PROPTYPE": "PARCEL", "YEAR": 2023, "GLYEAR": 2022, "TOWN": "BARRE CITY", "TNAME": "Barre City", "SOURCENAME": null, "SOURCETYPE": "UNKNOWN", "SOURCEDATE": "UNKNOWN", "EDITMETHOD": "UNKNOWN", "EDITOR": "UNKNOWN", "EDITDATE": "UNKNOWN", "MATCHSTAT": "MATCH", "EDITNOTE": "UNKNOWN", "OWNER1": "HOOKER DALE M", "OWNER2": "", "ADDRGL1": "24 FARWELL ST", "ADDRGL2": "", "CITYGL": "BARRE", "STGL": "VT", "ZIPGL": "05641", "DESCPROP": "1 FAM-0.59AC", "LOCAPROP": "FARWELL ST  24", "CAT": "Residential-1", "RESCODE": "T", "ACRESGL": 0.59, "REAL_FLV": 71720, "HSTED_FLV": 71720, "NRES_FLV": 0, "LAND_LV": 24920, "IMPRV_LV": 46800, "EQUIPVAL": 0, "EQUIPCODE": "", "INVENVAL": 0, "HSDECL": "Y", "HSITEVAL": 71720, "VETEXAMT": 0, "EXPDESC": "", "ENDDATE": "", "STATUTE": "", "EXAMT_HS": 0, "EXAMT_NR": 0, "UVREDUC_HS": 0, "UVREDUC_NR": 0, "GLVAL_HS": 717.0, "GLVAL_NR": 0.0, "CRHOUSPCT": 0.0, "MUNGL1PCT": 717.2, "AOEGL_HS": 717.0, "AOEGL_NR": 0.0, "E911ADDR": "24 FARWELL ST", "SHAPE_Length": 0.002387276204664786, "SHAPE_Area": 2.668963209932066e-07}, "geometry": {"type": "MultiPolygon", "coordinates": [[[[-72.50490901599994, 44.207505103000074], [-72.50491018899999, 44.20750257200007], [-72.50533247699997, 44.20759902000003], [-72.50546776599998, 44.20762981100006], [-72.50574616499995, 44.207693359000075], [-72.50563671199995, 44.207980236000026], [-72.50549790399998, 44.207947337000064], [-72.50531608299997, 44.207904315000064], [-72.50519526099998, 44.20787563300007], [-72.50519408699995, 44.20787535200003], [-72.50475302899997, 44.20777623200007], [-72.50475341999999, 44.20777566900006], [-72.50479524999997, 44.20769199600005], [-72.50490901599994, 44.207505103000074]]]]}}, {"type": "Feature", "properties": {"OBJECTID": 6390, "SPAN": "036-011-11671", "GLIST_SPAN": "036-011-11671", "MAPID": "0995-0111.0000", "PARCID": "0995-0111-0000", "PROPTYPE": "PARCEL", "YEAR": 2023, "GLYEAR": 2022, "TOWN": "BARRE CITY", "TNAME": "Barre City", "SOURCENAME": null, "SOURCETYPE": "UNKNOWN", "SOURCEDATE": "UNKNOWN", "EDITMETHOD": "UNKNOWN", "EDITOR": "UNKNOWN", "EDITDATE": "UNKNOWN", "MATCHSTAT": "MATCH", "EDITNOTE": "UNKNOWN", "OWNER1": "JARVIS DONNA R", "OWNER2": "", "ADDRGL1": "111 MAPLE AVE", "ADDRGL2": "", "CITYGL": "BARRE", "STGL": "VT", "ZIPGL": "05641", "DESCPROP": "1 FAM-0.35AC", "LOCAPROP": "MAPLE AVE 111", "CAT": "Residential-1", "RESCODE": "T", "ACRESGL": 0.35, "REAL_FLV": 100900, "HSTED_FLV": 100900, "NRES_FLV": 0, "LAND_LV": 20400, "IMPRV_LV": 80500, "EQUIPVAL": 0, "EQUIPCODE": "", "INVENVAL": 0, "HSDECL": "Y", "HSITEVAL": 100900, "VETEXAMT": 0, "EXPDESC": "", "ENDDATE": "", "STATUTE": "", "EXAMT_HS": 0, "EXAMT_NR": 0, "UVREDUC_HS": 0, "UVREDUC_NR": 0, "GLVAL_HS": 1009.0, "GLVAL_NR": 0.0, "CRHOUSPCT": 0.0, "MUNGL1PCT": 1009.0, "AOEGL_HS": 1009.0, "AOEGL_NR": 0.0, "E911ADDR": "111 MAPLE AVE", "SHAPE_Length": 0.002005160867068187, "SHAPE_Area": 1.526030145585688e-07}, "geometry": {"type": "MultiPolygon", "coordinates": [[[[-72.50343873299994, 44.20678060800003], [-72.50346257999996, 44.20674003400006], [-72.50358661599995, 44.206882190000044], [-72.50337430999997, 44.206973461000075], [-72.50337509199994, 44.20697402400003], [-72.50338095799998, 44.206977821000066], [-72.50354557899993, 44.20717693900008], [-72.50354636099996, 44.20717778200003], [-72.50349045099995, 44.207206049000035], [-72.50341733499994, 44.20724148800008], [-72.50335125899994, 44.20727847400008], [-72.50334900799999, 44.20727965100008], [-72.50332975399994, 44.20728972500007], [-72.50332779999997, 44.20729099000005], [-72.50332584499995, 44.207291834000046], [-72.50330512299996, 44.207303928000044], [-72.50330394899999, 44.207304632000046], [-72.50329136399995, 44.20731182900005], [-72.50317639399998, 44.20725757800005], [-72.50295688599994, 44.20715379000006], [-72.50296821699999, 44.20714540500006], [-72.50299072899998, 44.207128745000034], [-72.50329296399997, 44.206905068000026], [-72.50341722199994, 44.20681720400006], [-72.50341754999994, 44.20681664600005], [-72.50341911199996, 44.20681398900007], [-72.50343873299994, 44.20678060800003]]]]}}, {"type": "Feature", "properties": {"OBJECTID": 6442, "SPAN": "036-011-11720", "GLIST_SPAN": "036-011-11720", "MAPID": "0975-L002.0000", "PARCID": "0975-L002-0000", "PROPTYPE": "PARCEL", "YEAR": 2023, "GLYEAR": 2022, "TOWN": "BARRE CITY", "TNAME": "Barre City", "SOURCENAME": null, "SOURCETYPE": "UNKNOWN", "SOURCEDATE": "UNKNOWN", "EDITMETHOD": "UNKNOWN", "EDITOR": "UNKNOWN", "EDITDATE": "UNKNOWN", "MATCHSTAT": "MATCH", "EDITNOTE": "UNKNOWN", "OWNER1": "KENT E O", "OWNER2": "", "ADDRGL1": "", "ADDRGL2": "", "CITYGL": "BARRE", "STGL": "VT", "ZIPGL": "05641", "DESCPROP": "VAC LAND-0.05AC", "LOCAPROP": "LUNDE LN  (OFF)", "CAT": "Miscellaneous", "RESCODE": "T", "ACRESGL": 0.05, "REAL_FLV": 1720, "HSTED_FLV": 0, "NRES_FLV": 1720, "LAND_LV": 1720, "IMPRV_LV": 0, "EQUIPVAL": 0, "EQUIPCODE": "", "INVENVAL": 0, "HSDECL": "N", "HSITEVAL": 0, "VETEXAMT": 0, "EXPDESC": "", "ENDDATE": "", "STATUTE": "", "EXAMT_HS": 0, "EXAMT_NR": 0, "UVREDUC_HS": 0, "UVREDUC_NR": 0, "GLVAL_HS": 0.0, "GLVAL_NR": 17.2, "CRHOUSPCT": 0.0, "MUNGL1PCT": 17.2, "AOEGL_HS": 0.0, "AOEGL_NR": 17.2, "E911ADDR": "LUNDE LN", "SHAPE_Length": 0.000688989473397974, "SHAPE_Area": 2.3600349593768086e-08}, "geometry": {"type": "MultiPolygon", "coordinates": [[[[-72.50703444599998, 44.20710787100006], [-72.50707783499996, 44.207021104000034], [-72.50725300699997, 44.207066514000076], [-72.50731596099996, 44.207085635000055], [-72.50727530799998, 44.207172402000026], [-72.50726318599999, 44.20716804300008], [-72.50703561799997, 44.207108153000036], [-72.50703444599998, 44.20710787100006]]]]}}, {"type": "Feature", "properties": {"OBJECTID": 6478, "SPAN": "036-011-11756", "GLIST_SPAN": "036-011-11756", "MAPID": "0995-0092.0000", "PARCID": "0995-0092-0000", "PROPTYPE": "PARCEL", "YEAR": 2023, "GLYEAR": 2022, "TOWN": "BARRE CITY", "TNAME": "Barre City", "SOURCENAME": null, "SOURCETYPE": "UNKNOWN", "SOURCEDATE": "UNKNOWN", "EDITMETHOD": "UNKNOWN", "EDITOR": "UNKNOWN", "EDITDATE": "UNKNOWN", "MATCHSTAT": "MATCH", "EDITNOTE": "UNKNOWN", "OWNER1": "GARRETT DEBRA S & LANCE W", "OWNER2": "", "ADDRGL1": "92 MAPLE AVE    APT 1", "ADDRGL2": "", "CITYGL": "BARRE", "STGL": "VT", "ZIPGL": "05641", "DESCPROP": "2 APTS-0.25AC", "LOCAPROP": "MAPLE AVE  92", "CAT": "Residential-1", "RESCODE": "T", "ACRESGL": 0.25, "REAL_FLV": 126760, "HSTED_FLV": 76000, "NRES_FLV": 50760, "LAND_LV": 18650, "IMPRV_LV": 108110, "EQUIPVAL": 0, "EQUIPCODE": "", "INVENVAL": 0, "HSDECL": "Y", "HSITEVAL": 76000, "VETEXAMT": 0, "EXPDESC": "", "ENDDATE": "", "STATUTE": "", "EXAMT_HS": 0, "EXAMT_NR": 0, "UVREDUC_HS": 0, "UVREDUC_NR": 0, "GLVAL_HS": 760.0, "GLVAL_NR": 507.6, "CRHOUSPCT": 0.0, "MUNGL1PCT": 1267.6, "AOEGL_HS": 760.0, "AOEGL_NR": 507.6, "E911ADDR": "92 MAPLE AVE", "SHAPE_Length": 0.0014405695797330758, "SHAPE_Area": 9.523836354341462e-08}, "geometry": {"type": "MultiPolygon", "coordinates": [[[[-72.50434907099998, 44.20704669300005], [-72.50435454399997, 44.207045427000025], [-72.50435102599994, 44.20705442700006], [-72.50434516199994, 44.207069052000065], [-72.50433499699994, 44.20708339600003], [-72.50432717899997, 44.20709872500004], [-72.50431310499994, 44.20713486500006], [-72.50429043099996, 44.207185209000045], [-72.50427010099997, 44.20721572600007], [-72.50424977199998, 44.207247789000064], [-72.50421771399994, 44.20730544500003], [-72.50419855599995, 44.207330898000066], [-72.50418330999997, 44.20736577400004], [-72.50417510099999, 44.20739347700004], [-72.50416806499999, 44.20742441500005], [-72.50415438299996, 44.207463930000074], [-72.50413483699998, 44.207511743000055], [-72.50412779999994, 44.20752749300004], [-72.50412701799996, 44.20752566500005], [-72.50388379399993, 44.207199708000076], [-72.50389865199998, 44.207194505000075], [-72.50398975099995, 44.20715822000005], [-72.50406677699993, 44.207131780000054], [-72.50422160799997, 44.20708086900004], [-72.50434907099998, 44.20704669300005]]]]}}, {"type": "Feature", "properties": {"OBJECTID": 6488, "SPAN": "036-011-11766", "GLIST_SPAN": "036-011-11766", "MAPID": "0240-0089.0000", "PARCID": "0240-0089-0000", "PROPTYPE": "PARCEL", "YEAR": 2023, "GLYEAR": 2022, "TOWN": "BARRE CITY", "TNAME": "Barre City", "SOURCENAME": null, "SOURCETYPE": "UNKNOWN", "SOURCEDATE": "UNKNOWN", "EDITMETHOD": "UNKNOWN", "EDITOR": "UNKNOWN", "EDITDATE": "UNKNOWN", "MATCHSTAT": "MATCH", "EDITNOTE": "UNKNOWN", "OWNER1": "LAMELL SHEILA G & LAMELL RONALD JR", "OWNER2": "CO-TRUSTEES OF THE RONALD R LAMELL", "ADDRGL1": "REV TRUST C/O SHEILA G LAMELL", "ADDRGL2": "4479 SO ATLANTIC AVE", "CITYGL": "PONCE INLET", "STGL": "FL", "ZIPGL": "32127", "DESCPROP": "VAC LAND-0.08AC", "LOCAPROP": "BROOK ST  89", "CAT": "Miscellaneous", "RESCODE": "C", "ACRESGL": 0.08, "REAL_FLV": 8600, "HSTED_FLV": 0, "NRES_FLV": 8600, "LAND_LV": 8600, "IMPRV_LV": 0, "EQUIPVAL": 0, "EQUIPCODE": "", "INVENVAL": 0, "HSDECL": "N", "HSITEVAL": 0, "VETEXAMT": 0, "EXPDESC": "", "ENDDATE": "", "STATUTE": "", "EXAMT_HS": 0, "EXAMT_NR": 0, "UVREDUC_HS": 0, "UVREDUC_NR": 0, "GLVAL_HS": 0.0, "GLVAL_NR": 86.0, "CRHOUSPCT": 0.0, "MUNGL1PCT": 86.0, "AOEGL_HS": 0.0, "AOEGL_NR": 86.0, "E911ADDR": "BROOK ST", "SHAPE_Length": 0.000932534893997408, "SHAPE_Area": 4.235841886698266e-08}, "geometry": {"type": "MultiPolygon", "coordinates": [[[[-72.50536128299996, 44.20618575300006], [-72.50537496799996, 44.20617787800006], [-72.50563851199996, 44.206341972000075], [-72.50554155399993, 44.20643478800008], [-72.50525102899996, 44.206250726000064], [-72.50527292399994, 44.206234694000045], [-72.50531475799994, 44.206211489000054], [-72.50536128299996, 44.20618575300006]]]]}}, {"type": "Feature", "properties": {"OBJECTID": 6542, "SPAN": "036-011-11824", "GLIST_SPAN": "036-011-11824", "MAPID": "0240-0074.0000", "PARCID": "0240-0074-0000", "PROPTYPE": "PARCEL", "YEAR": 2023, "GLYEAR": 2022, "TOWN": "BARRE CITY", "TNAME": "Barre City", "SOURCENAME": null, "SOURCETYPE": "UNKNOWN", "SOURCEDATE": "UNKNOWN", "EDITMETHOD": "UNKNOWN", "EDITOR": "UNKNOWN", "EDITDATE": "UNKNOWN", "MATCHSTAT": "MATCH", "EDITNOTE": "UNKNOWN", "OWNER1": "DASS ENTERPRISES LLC", "OWNER2": "", "ADDRGL1": "3998 RTE 2", "ADDRGL2": "", "CITYGL": "E MONTPELIER", "STGL": "VT", "ZIPGL": "05651", "DESCPROP": "2 APTS-0.17AC", "LOCAPROP": "BROOK ST  74", "CAT": "Residential-1", "RESCODE": "C", "ACRESGL": 0.17, "REAL_FLV": 152800, "HSTED_FLV": 0, "NRES_FLV": 152800, "LAND_LV": 12670, "IMPRV_LV": 140130, "EQUIPVAL": 0, "EQUIPCODE": "", "INVENVAL": 0, "HSDECL": "N", "HSITEVAL": 82700, "VETEXAMT": 0, "EXPDESC": "", "ENDDATE": "", "STATUTE": "", "EXAMT_HS": 0, "EXAMT_NR": 0, "UVREDUC_HS": 0, "UVREDUC_NR": 0, "GLVAL_HS": 0.0, "GLVAL_NR": 1528.0, "CRHOUSPCT": 0.0, "MUNGL1PCT": 1528.0, "AOEGL_HS": 0.0, "AOEGL_NR": 1528.0, "E911ADDR": "74 BROOK ST", "SHAPE_Length": 0.001191582988960483, "SHAPE_Area": 6.648091992322104e-08}, "geometry": {"type": "MultiPolygon", "coordinates": [[[[-72.50592645299997, 44.206214412000065], [-72.50603377899995, 44.20609037600008], [-72.50604394499999, 44.206094595000025], [-72.50643461999994, 44.20627503800006], [-72.50635378599998, 44.20637481000006], [-72.50626482099995, 44.20634959800003], [-72.50617952699997, 44.20632775800004], [-72.50592645299997, 44.206214412000065]]]]}}, {"type": "Feature", "properties": {"OBJECTID": 6583, "SPAN": "036-011-11866", "GLIST_SPAN": "036-011-11866", "MAPID": "1205-0041.0000", "PARCID": "1205-0041-0000", "PROPTYPE": "PARCEL", "YEAR": 2023, "GLYEAR": 2022, "TOWN": "BARRE CITY", "TNAME": "Barre City", "SOURCENAME": null, "SOURCETYPE": "UNKNOWN", "SOURCEDATE": "UNKNOWN", "EDITMETHOD": "UNKNOWN", "EDITOR": "UNKNOWN", "EDITDATE": "UNKNOWN", "MATCHSTAT": "MATCH", "EDITNOTE": "UNKNOWN", "OWNER1": "LEBLANC THOMAS J & NANCY N", "OWNER2": "", "ADDRGL1": "41 PLEASANT ST", "ADDRGL2": "", "CITYGL": "BARRE", "STGL": "VT", "ZIPGL": "05641", "DESCPROP": "1 FAM-0.24AC", "LOCAPROP": "PLEASANT ST  41", "CAT": "Residential-1", "RESCODE": "T", "ACRESGL": 0.24, "REAL_FLV": 147700, "HSTED_FLV": 147700, "NRES_FLV": 0, "LAND_LV": 18300, "IMPRV_LV": 129400, "EQUIPVAL": 0, "EQUIPCODE": "", "INVENVAL": 0, "HSDECL": "Y", "HSITEVAL": 147700, "VETEXAMT": 0, "EXPDESC": "", "ENDDATE": "", "STATUTE": "", "EXAMT_HS": 0, "EXAMT_NR": 0, "UVREDUC_HS": 0, "UVREDUC_NR": 0, "GLVAL_HS": 1477.0, "GLVAL_NR": 0.0, "CRHOUSPCT": 0.0, "MUNGL1PCT": 1477.0, "AOEGL_HS": 1477.0, "AOEGL_NR": 0.0, "E911ADDR": "41 PLEASANT ST", "SHAPE_Length": 0.001364877317267316, "SHAPE_Area": 1.1248368219505459e-07}, "geometry": {"type": "MultiPolygon", "coordinates": [[[[-72.50784017499996, 44.20623679700003], [-72.50800747399995, 44.205897320000076], [-72.50830463699998, 44.20597647000005], [-72.50812951899997, 44.20631327600006], [-72.50784017499996, 44.20623679700003]]]]}}, {"type": "Feature", "properties": {"OBJECTID": 6626, "SPAN": "036-011-11913", "GLIST_SPAN": "036-011-11913", "MAPID": "0540-0059.0000", "PARCID": "0540-0059-0000", "PROPTYPE": "PARCEL", "YEAR": 2023, "GLYEAR": 2022, "TOWN": "BARRE CITY", "TNAME": "Barre City", "SOURCENAME": null, "SOURCETYPE": "UNKNOWN", "SOURCEDATE": "UNKNOWN", "EDITMETHOD": "UNKNOWN", "EDITOR": "UNKNOWN", "EDITDATE": "UNKNOWN", "MATCHSTAT": "MATCH", "EDITNOTE": "UNKNOWN", "OWNER1": "BOWERS MARY", "OWNER2": "", "ADDRGL1": "PO BOX 1192", "ADDRGL2": "", "CITYGL": "BARRE", "STGL": "VT", "ZIPGL": "05641-1192", "DESCPROP": "1 FAM-0.19AC", "LOCAPROP": "ELMWOOD AVE  59", "CAT": "Residential-1", "RESCODE": "T", "ACRESGL": 0.19, "REAL_FLV": 97230, "HSTED_FLV": 97230, "NRES_FLV": 0, "LAND_LV": 20500, "IMPRV_LV": 76730, "EQUIPVAL": 0, "EQUIPCODE": "", "INVENVAL": 0, "HSDECL": "Y", "HSITEVAL": 97230, "VETEXAMT": 0, "EXPDESC": "", "ENDDATE": "", "STATUTE": "", "EXAMT_HS": 0, "EXAMT_NR": 0, "UVREDUC_HS": 0, "UVREDUC_NR": 0, "GLVAL_HS": 972.0, "GLVAL_NR": 0.0, "CRHOUSPCT": 0.0, "MUNGL1PCT": 972.3, "AOEGL_HS": 972.0, "AOEGL_NR": 0.0, "E911ADDR": "59 ELMWOOD AVE", "SHAPE_Length": 0.0011984397414646457, "SHAPE_Area": 8.7763585117514e-08}, "geometry": {"type": "MultiPolygon", "coordinates": [[[[-72.50563671199995, 44.207980236000026], [-72.50574616499995, 44.207693359000075], [-72.50604539999995, 44.20776163000005], [-72.50590398899993, 44.20803694600005], [-72.50590297399998, 44.20803899800006], [-72.50563671199995, 44.207980236000026]]]]}}, {"type": "Feature", "properties": {"OBJECTID": 6652, "SPAN": "036-011-11940", "GLIST_SPAN": "036-011-11940", "MAPID": "0150-0005.0000", "PARCID": "0150-0005-0000", "PROPTYPE": "PARCEL", "YEAR": 2023, "GLYEAR": 2022, "TOWN": "BARRE CITY", "TNAME": "Barre City", "SOURCENAME": null, "SOURCETYPE": "UNKNOWN", "SOURCEDATE": "UNKNOWN", "EDITMETHOD": "UNKNOWN", "EDITOR": "UNKNOWN", "EDITDATE": "UNKNOWN", "MATCHSTAT": "MATCH", "EDITNOTE": "UNKNOWN", "OWNER1": "SILK MILES M JR & HEATHER M", "OWNER2": "", "ADDRGL1": "5 BEECH ST", "ADDRGL2": "", "CITYGL": "BARRE", "STGL": "VT", "ZIPGL": "05641-2707", "DESCPROP": "1 FAM-0.40AC", "LOCAPROP": "BEECH ST   5", "CAT": "Residential-1", "RESCODE": "T", "ACRESGL": 0.4, "REAL_FLV": 119070, "HSTED_FLV": 119070, "NRES_FLV": 0, "LAND_LV": 28800, "IMPRV_LV": 90270, "EQUIPVAL": 0, "EQUIPCODE": "", "INVENVAL": 0, "HSDECL": "Y", "HSITEVAL": 119070, "VETEXAMT": 0, "EXPDESC": "", "ENDDATE": "", "STATUTE": "", "EXAMT_HS": 0, "EXAMT_NR": 0, "UVREDUC_HS": 0, "UVREDUC_NR": 0, "GLVAL_HS": 1191.0, "GLVAL_NR": 0.0, "CRHOUSPCT": 30.0, "MUNGL1PCT": 1190.7, "AOEGL_HS": 1191.0, "AOEGL_NR": 0.0, "E911ADDR": "5 BEECH ST", "SHAPE_Length": 0.001667512070839633, "SHAPE_Area": 1.6759896466783703e-07}, "geometry": {"type": "MultiPolygon", "coordinates": [[[[-72.50667715799995, 44.20784883700003], [-72.50667872099996, 44.20784672900004], [-72.50714050699997, 44.20794710500007], [-72.50714285299995, 44.20794766800003], [-72.50694504499995, 44.20828897300004], [-72.50665488999994, 44.20821941200006], [-72.50665295699997, 44.20821896000007], [-72.50653135099998, 44.208188592000056], [-72.50667715799995, 44.20784883700003]]]]}}, {"type": "Feature", "properties": {"OBJECTID": 6655, "SPAN": "036-011-11943", "GLIST_SPAN": "036-011-11943", "MAPID": "0540-0050.0000", "PARCID": "0540-0050-0000", "PROPTYPE": "PARCEL", "YEAR": 2023, "GLYEAR": 2022, "TOWN": "BARRE CITY", "TNAME": "Barre City", "SOURCENAME": null, "SOURCETYPE": "UNKNOWN", "SOURCEDATE": "UNKNOWN", "EDITMETHOD": "UNKNOWN", "EDITOR": "UNKNOWN", "EDITDATE": "UNKNOWN", "MATCHSTAT": "MATCH", "EDITNOTE": "UNKNOWN", "OWNER1": "FARNHAM BARRY & TINA L", "OWNER2": "", "ADDRGL1": "50 ELMWOOD AVE", "ADDRGL2": "", "CITYGL": "BARRE", "STGL": "VT", "ZIPGL": "05641", "DESCPROP": "1 FAM-0.25AC", "LOCAPROP": "ELMWOOD AVE  50", "CAT": "Residential-1", "RESCODE": "T", "ACRESGL": 0.25, "REAL_FLV": 118000, "HSTED_FLV": 118000, "NRES_FLV": 0, "LAND_LV": 25000, "IMPRV_LV": 93000, "EQUIPVAL": 0, "EQUIPCODE": "", "INVENVAL": 0, "HSDECL": "Y", "HSITEVAL": 118000, "VETEXAMT": 0, "EXPDESC": "", "ENDDATE": "", "STATUTE": "", "EXAMT_HS": 0, "EXAMT_NR": 0, "UVREDUC_HS": 0, "UVREDUC_NR": 0, "GLVAL_HS": 1180.0, "GLVAL_NR": 0.0, "CRHOUSPCT": 0.0, "MUNGL1PCT": 1180.0, "AOEGL_HS": 1180.0, "AOEGL_NR": 0.0, "E911ADDR": "50 ELMWOOD AVE", "SHAPE_Length": 0.0014636809396039938, "SHAPE_Area": 1.1431731783293104e-07}, "geometry": {"type": "MultiPolygon", "coordinates": [[[[-72.50623605199996, 44.20765769800005], [-72.50633965199995, 44.20744156400008], [-72.50682179399996, 44.20754831700003], [-72.50671898399997, 44.20776108600006], [-72.50671781199998, 44.20776080500008], [-72.50623605199996, 44.20765769800005]]]]}}, {"type": "Feature", "properties": {"OBJECTID": 6684, "SPAN": "036-011-11974", "GLIST_SPAN": "036-011-11974", "MAPID": "0570-0016.0000", "PARCID": "0570-0016-0000", "PROPTYPE": "PARCEL", "YEAR": 2023, "GLYEAR": 2022, "TOWN": "BARRE CITY", "TNAME": "Barre City", "SOURCENAME": null, "SOURCETYPE": "UNKNOWN", "SOURCEDATE": "UNKNOWN", "EDITMETHOD": "UNKNOWN", "EDITOR": "UNKNOWN", "EDITDATE": "UNKNOWN", "MATCHSTAT": "MATCH", "EDITNOTE": "UNKNOWN", "OWNER1": "MAGOON VICKIE & HORTON FLINDA", "OWNER2": "", "ADDRGL1": "16 FARWELL ST", "ADDRGL2": "", "CITYGL": "BARRE", "STGL": "VT", "ZIPGL": "05641", "DESCPROP": "1 FAM-0.53AC", "LOCAPROP": "FARWELL ST  16", "CAT": "Residential-1", "RESCODE": "T", "ACRESGL": 0.53, "REAL_FLV": 64800, "HSTED_FLV": 0, "NRES_FLV": 64800, "LAND_LV": 24900, "IMPRV_LV": 39900, "EQUIPVAL": 0, "EQUIPCODE": "", "INVENVAL": 0, "HSDECL": "N", "HSITEVAL": 64800, "VETEXAMT": 0, "EXPDESC": "", "ENDDATE": "", "STATUTE": "", "EXAMT_HS": 0, "EXAMT_NR": 0, "UVREDUC_HS": 0, "UVREDUC_NR": 0, "GLVAL_HS": 0.0, "GLVAL_NR": 648.0, "CRHOUSPCT": 0.0, "MUNGL1PCT": 648.0, "AOEGL_HS": 0.0, "AOEGL_NR": 648.0, "E911ADDR": "16 FARWELL ST", "SHAPE_Length": 0.001994804195883482, "SHAPE_Area": 2.389284224133199e-07}, "geometry": {"type": "MultiPolygon", "coordinates": [[[[-72.50509431699999, 44.20712175600005], [-72.50509705299999, 44.20711570800006], [-72.50556938799997, 44.20721567000004], [-72.50559362999996, 44.20722073100006], [-72.50559245799997, 44.207222699000056], [-72.50556978399999, 44.20726221600006], [-72.50562004599993, 44.20727799400004], [-72.50559079799996, 44.20738840800004], [-72.50546776599998, 44.20762981100006], [-72.50533247699997, 44.20759902000003], [-72.50491018899999, 44.20750257200007], [-72.50509431699999, 44.20712175600005]]]]}}, {"type": "Feature", "properties": {"OBJECTID": 6710, "SPAN": "036-011-12001", "GLIST_SPAN": "036-011-12001", "MAPID": "0995-0080.0000", "PARCID": "0995-0080-0000", "PROPTYPE": "PARCEL", "YEAR": 2023, "GLYEAR": 2022, "TOWN": "BARRE CITY", "TNAME": "Barre City", "SOURCENAME": null, "SOURCETYPE": "UNKNOWN", "SOURCEDATE": "UNKNOWN", "EDITMETHOD": "UNKNOWN", "EDITOR": "UNKNOWN", "EDITDATE": "UNKNOWN", "MATCHSTAT": "MATCH", "EDITNOTE": "UNKNOWN", "OWNER1": "MARTIN ARNOLD L - LIFE ESTATE:", "OWNER2": "MARTIN CHRISTOPHER", "ADDRGL1": "80 MAPLE AVE", "ADDRGL2": "", "CITYGL": "BARRE", "STGL": "VT", "ZIPGL": "05641", "DESCPROP": "1 FAM-0.12AC", "LOCAPROP": "MAPLE AVE  80", "CAT": "Residential-1", "RESCODE": "T", "ACRESGL": 0.12, "REAL_FLV": 91200, "HSTED_FLV": 0, "NRES_FLV": 91200, "LAND_LV": 9200, "IMPRV_LV": 82000, "EQUIPVAL": 0, "EQUIPCODE": "", "INVENVAL": 0, "HSDECL": "N", "HSITEVAL": 91200, "VETEXAMT": 0, "EXPDESC": "", "ENDDATE": "", "STATUTE": "", "EXAMT_HS": 0, "EXAMT_NR": 0, "UVREDUC_HS": 0, "UVREDUC_NR": 0, "GLVAL_HS": 0.0, "GLVAL_NR": 912.0, "CRHOUSPCT": 0.0, "MUNGL1PCT": 912.0, "AOEGL_HS": 0.0, "AOEGL_NR": 912.0, "E911ADDR": "80 MAPLE AVE", "SHAPE_Length": 0.0012835012698626967, "SHAPE_Area": 4.760234935003993e-08}, "geometry": {"type": "MultiPolygon", "coordinates": [[[[-72.50475015699993, 44.206094515000075], [-72.50477243899996, 44.20604135900004], [-72.50524089799995, 44.206144186000074], [-72.50528933799995, 44.20615481900006], [-72.50527057099998, 44.20616438300004], [-72.50524320299996, 44.206180274000076], [-72.50521935499995, 44.20619982200003], [-72.50518924999994, 44.20622499400008], [-72.50515758299997, 44.206250871000066], [-72.50512474199996, 44.206278154000074], [-72.50510519399995, 44.206292639000026], [-72.50510284799998, 44.206292217000055], [-72.50501135399998, 44.20626887700007], [-72.50501877699998, 44.20621501800008], [-72.50501642999996, 44.20619575200004], [-72.50500860899996, 44.20618576900006], [-72.50500547999997, 44.20617451900006], [-72.50499726899994, 44.206164957000055], [-72.50498514699996, 44.20615539600004], [-72.50497185299997, 44.20614963000003], [-72.50495425799994, 44.20614428700003], [-72.50476540499994, 44.206097889000034], [-72.50475015699993, 44.206094515000075]]]]}}, {"type": "Feature", "properties": {"OBJECTID": 6782, "SPAN": "036-011-12078", "GLIST_SPAN": "036-011-12078", "MAPID": "0975-0015.0000", "PARCID": "0975-0015-0000", "PROPTYPE": "PARCEL", "YEAR": 2023, "GLYEAR": 2022, "TOWN": "BARRE CITY", "TNAME": "Barre City", "SOURCENAME": null, "SOURCETYPE": "UNKNOWN", "SOURCEDATE": "UNKNOWN", "EDITMETHOD": "UNKNOWN", "EDITOR": "UNKNOWN", "EDITDATE": "UNKNOWN", "MATCHSTAT": "MATCH", "EDITNOTE": "UNKNOWN", "OWNER1": "VERGE ELLY - LIFE ESTATE; VERGE RUBY", "OWNER2": "TAYLOR", "ADDRGL1": "15 LUNDE LANE", "ADDRGL2": "", "CITYGL": "BARRE", "STGL": "VT", "ZIPGL": "05641", "DESCPROP": "1 FAM-0.35AC", "LOCAPROP": "LUNDE LN  15", "CAT": "Residential-1", "RESCODE": "T", "ACRESGL": 0.35, "REAL_FLV": 178100, "HSTED_FLV": 178100, "NRES_FLV": 0, "LAND_LV": 29200, "IMPRV_LV": 148900, "EQUIPVAL": 0, "EQUIPCODE": "", "INVENVAL": 0, "HSDECL": "Y", "HSITEVAL": 178100, "VETEXAMT": 0, "EXPDESC": "", "ENDDATE": "", "STATUTE": "", "EXAMT_HS": 0, "EXAMT_NR": 0, "UVREDUC_HS": 0, "UVREDUC_NR": 0, "GLVAL_HS": 1781.0, "GLVAL_NR": 0.0, "CRHOUSPCT": 0.0, "MUNGL1PCT": 1781.0, "AOEGL_HS": 1781.0, "AOEGL_NR": 0.0, "E911ADDR": "15 LUNDE LN", "SHAPE_Length": 0.0019801698231124167, "SHAPE_Area": 1.7528431886124924e-07}, "geometry": {"type": "MultiPolygon", "coordinates": [[[[-72.50718728699997, 44.206795818000046], [-72.50720761899998, 44.20679525400004], [-72.50722677799996, 44.20679708100005], [-72.50724280899993, 44.20679947100007], [-72.50726431399994, 44.206801719000055], [-72.50729285699998, 44.20680931100003], [-72.50738669999998, 44.20683799200003], [-72.50771749599994, 44.206939641000076], [-72.50772023299999, 44.206940485000075], [-72.50758654199996, 44.20716788200008], [-72.50731596099996, 44.207085635000055], [-72.50725300699997, 44.207066514000076], [-72.50707783499996, 44.207021104000034], [-72.50684362199996, 44.20696036900006], [-72.50684166599996, 44.206959244000075], [-72.50702033799996, 44.20684462500003], [-72.50704731499997, 44.20682971700006], [-72.50706178099995, 44.20682057500005], [-72.50709227799996, 44.20681143300004], [-72.50712199199995, 44.20680341600007], [-72.50715913599998, 44.20679792900006], [-72.50718728699997, 44.206795818000046]]]]}}, {"type": "Feature", "properties": {"OBJECTID": 6825, "SPAN": "036-011-12110", "GLIST_SPAN": "036-011-12110", "MAPID": "0995-0103.0000", "PARCID": "0995-0103-0000", "PROPTYPE": "PARCEL", "YEAR": 2023, "GLYEAR": 2022, "TOWN": "BARRE CITY", "TNAME": "Barre City", "SOURCENAME": null, "SOURCETYPE": "UNKNOWN", "SOURCEDATE": "UNKNOWN", "EDITMETHOD": "UNKNOWN", "EDITOR": "UNKNOWN", "EDITDATE": "UNKNOWN", "MATCHSTAT": "MATCH", "EDITNOTE": "UNKNOWN", "OWNER1": "MERRILL RYAN", "OWNER2": "", "ADDRGL1": "103 MAPLE AVE", "ADDRGL2": "", "CITYGL": "BARRE", "STGL": "VT", "ZIPGL": "05676", "DESCPROP": "1 FAM-0.31AC", "LOCAPROP": "MAPLE AVE 103", "CAT": "Residential-1", "RESCODE": "T", "ACRESGL": 0.31, "REAL_FLV": 124200, "HSTED_FLV": 124200, "NRES_FLV": 0, "LAND_LV": 19800, "IMPRV_LV": 104400, "EQUIPVAL": 0, "EQUIPCODE": "", "INVENVAL": 0, "HSDECL": "Y", "HSITEVAL": 124200, "VETEXAMT": 0, "EXPDESC": "", "ENDDATE": "", "STATUTE": "", "EXAMT_HS": 0, "EXAMT_NR": 0, "UVREDUC_HS": 0, "UVREDUC_NR": 0, "GLVAL_HS": 1242.0, "GLVAL_NR": 0.0, "CRHOUSPCT": 0.0, "MUNGL1PCT": 1242.0, "AOEGL_HS": 1242.0, "AOEGL_NR": 0.0, "E911ADDR": "103 MAPLE AVE", "SHAPE_Length": 0.0014380843174145227, "SHAPE_Area": 1.0308385003988604e-07}, "geometry": {"type": "MultiPolygon", "coordinates": [[[[-72.50346257999996, 44.20674003400006], [-72.50351287299998, 44.20665446700008], [-72.50374000899996, 44.20671981900006], [-72.50375005799998, 44.20673387200003], [-72.50381504599994, 44.206784209000034], [-72.50383138899997, 44.20679686900007], [-72.50382027999996, 44.206802829000026], [-72.50380753899998, 44.20680966600003], [-72.50398220299996, 44.207009311000036], [-72.50390020499998, 44.20703545900005], [-72.50382239799995, 44.207064993000074], [-72.50376453199993, 44.20708594800004], [-72.50376374999996, 44.20708510400004], [-72.50358661599995, 44.206882190000044], [-72.50346257999996, 44.20674003400006]]]]}}, {"type": "Feature", "properties": {"OBJECTID": 6873, "SPAN": "036-011-12123", "GLIST_SPAN": "036-011-12123", "MAPID": "0995-0069.0000", "PARCID": "0995-0069-0000", "PROPTYPE": "PARCEL", "YEAR": 2023, "GLYEAR": 2022, "TOWN": "BARRE CITY", "TNAME": "Barre City", "SOURCENAME": null, "SOURCETYPE": "UNKNOWN", "SOURCEDATE": "UNKNOWN", "EDITMETHOD": "UNKNOWN", "EDITOR": "UNKNOWN", "EDITDATE": "UNKNOWN", "MATCHSTAT": "MATCH", "EDITNOTE": "UNKNOWN", "OWNER1": "MICHELI STEVEN & KAREN", "OWNER2": "", "ADDRGL1": "69 MAPLE AVE APT 1", "ADDRGL2": "", "CITYGL": "BARRE", "STGL": "VT", "ZIPGL": "05641", "DESCPROP": "3 APTS-0.20AC", "LOCAPROP": "MAPLE AVE  69", "CAT": "Residential-1", "RESCODE": "T", "ACRESGL": 0.2, "REAL_FLV": 161200, "HSTED_FLV": 161200, "NRES_FLV": 0, "LAND_LV": 15900, "IMPRV_LV": 145300, "EQUIPVAL": 0, "EQUIPCODE": "", "INVENVAL": 0, "HSDECL": "Y", "HSITEVAL": 161200, "VETEXAMT": 0, "EXPDESC": "", "ENDDATE": "", "STATUTE": "", "EXAMT_HS": 0, "EXAMT_NR": 0, "UVREDUC_HS": 0, "UVREDUC_NR": 0, "GLVAL_HS": 1612.0, "GLVAL_NR": 0.0, "CRHOUSPCT": 0.0, "MUNGL1PCT": 1612.0, "AOEGL_HS": 1612.0, "AOEGL_NR": 0.0, "E911ADDR": "69 MAPLE AVE", "SHAPE_Length": 0.001352594219835882, "SHAPE_Area": 8.939570001896561e-08}, "geometry": {"type": "MultiPolygon", "coordinates": [[[[-72.50422033099994, 44.20563160300003], [-72.50429265199995, 44.20545821200005], [-72.50430555399998, 44.20546116400004], [-72.50477005399995, 44.205565067000066], [-72.50477161799995, 44.20556534800005], [-72.50470125399994, 44.20573353700007], [-72.50422033099994, 44.20563160300003]]]]}}, {"type": "Feature", "properties": {"OBJECTID": 6891, "SPAN": "036-011-12973", "GLIST_SPAN": "036-011-12973", "MAPID": "0540-0033.0000", "PARCID": "0540-0033-0000", "PROPTYPE": "PARCEL", "YEAR": 2023, "GLYEAR": 2022, "TOWN": "BARRE CITY", "TNAME": "Barre City", "SOURCENAME": null, "SOURCETYPE": "UNKNOWN", "SOURCEDATE": "UNKNOWN", "EDITMETHOD": "UNKNOWN", "EDITOR": "UNKNOWN", "EDITDATE": "UNKNOWN", "MATCHSTAT": "MATCH", "EDITNOTE": "UNKNOWN", "OWNER1": "KEENE JAMES A", "OWNER2": "", "ADDRGL1": "33 ELMWOOD AVE", "ADDRGL2": "", "CITYGL": "BARRE", "STGL": "VT", "ZIPGL": "05641", "DESCPROP": "1 FAM-0.51AC", "LOCAPROP": "ELMWOOD AVE  33", "CAT": "Residential-1", "RESCODE": "T", "ACRESGL": 0.51, "REAL_FLV": 142520, "HSTED_FLV": 142520, "NRES_FLV": 0, "LAND_LV": 32700, "IMPRV_LV": 109820, "EQUIPVAL": 0, "EQUIPCODE": "", "INVENVAL": 0, "HSDECL": "Y", "HSITEVAL": 142520, "VETEXAMT": 0, "EXPDESC": "", "ENDDATE": "", "STATUTE": "", "EXAMT_HS": 0, "EXAMT_NR": 0, "UVREDUC_HS": 0, "UVREDUC_NR": 0, "GLVAL_HS": 1425.0, "GLVAL_NR": 0.0, "CRHOUSPCT": 0.0, "MUNGL1PCT": 1425.2, "AOEGL_HS": 1425.0, "AOEGL_NR": 0.0, "E911ADDR": "33 ELMWOOD AVE", "SHAPE_Length": 0.0025811098209267695, "SHAPE_Area": 2.9772553251077955e-07}, "geometry": {"type": "MultiPolygon", "coordinates": [[[[-72.50558971199996, 44.20713157600005], [-72.50569604799995, 44.20697561900005], [-72.50573162999996, 44.206984617000046], [-72.50596776899994, 44.206757638000056], [-72.50599748199994, 44.20673007500005], [-72.50599748199994, 44.206729231000054], [-72.50611439199997, 44.206764803000056], [-72.50617499299995, 44.20664431900008], [-72.50654934699998, 44.20672001600008], [-72.50636373999998, 44.20712498200004], [-72.50633886199995, 44.20711902100004], [-72.50609371899998, 44.20705482500006], [-72.50599837999994, 44.207233115000065], [-72.50563819599995, 44.207143667000025], [-72.50558971199996, 44.20713157600005]]]]}}, {"type": "Feature", "properties": {"OBJECTID": 6899, "SPAN": "036-011-12547", "GLIST_SPAN": "036-011-12547", "MAPID": "0995-0081.0000", "PARCID": "0995-0081-0000", "PROPTYPE": "PARCEL", "YEAR": 2023, "GLYEAR": 2022, "TOWN": "BARRE CITY", "TNAME": "Barre City", "SOURCENAME": null, "SOURCETYPE": "UNKNOWN", "SOURCEDATE": "UNKNOWN", "EDITMETHOD": "UNKNOWN", "EDITOR": "UNKNOWN", "EDITDATE": "UNKNOWN", "MATCHSTAT": "MATCH", "EDITNOTE": "UNKNOWN", "OWNER1": "ROCHEFORT MICHAEL", "OWNER2": "", "ADDRGL1": "3022 W 27 CT", "ADDRGL2": "", "CITYGL": "PANAMA", "STGL": "FL", "ZIPGL": "32405-1619", "DESCPROP": "1 FAM-0.20AC", "LOCAPROP": "MAPLE AVE  81", "CAT": "Residential-1", "RESCODE": "NS", "ACRESGL": 0.2, "REAL_FLV": 95300, "HSTED_FLV": 0, "NRES_FLV": 95300, "LAND_LV": 15700, "IMPRV_LV": 79600, "EQUIPVAL": 0, "EQUIPCODE": "", "INVENVAL": 0, "HSDECL": "N", "HSITEVAL": 95300, "VETEXAMT": 0, "EXPDESC": "", "ENDDATE": "", "STATUTE": "", "EXAMT_HS": 0, "EXAMT_NR": 0, "UVREDUC_HS": 0, "UVREDUC_NR": 0, "GLVAL_HS": 0.0, "GLVAL_NR": 953.0, "CRHOUSPCT": 0.0, "MUNGL1PCT": 953.0, "AOEGL_HS": 0.0, "AOEGL_NR": 953.0, "E911ADDR": "81 MAPLE AVE", "SHAPE_Length": 0.0013534000334174923, "SHAPE_Area": 8.998946758927722e-08}, "geometry": {"type": "MultiPolygon", "coordinates": [[[[-72.50400375899994, 44.20615107500004], [-72.50407647099996, 44.205977121000046], [-72.50455466099999, 44.20608243000004], [-72.50448312199995, 44.20625314900008], [-72.50400375899994, 44.20615107500004]]]]}}, {"type": "Feature", "properties": {"OBJECTID": 6940, "SPAN": "036-011-12998", "GLIST_SPAN": "036-011-12998", "MAPID": "0995-0112.0000", "PARCID": "0995-0112-0000", "PROPTYPE": "PARCEL", "YEAR": 2023, "GLYEAR": 2022, "TOWN": "BARRE CITY", "TNAME": "Barre City", "SOURCENAME": null, "SOURCETYPE": "UNKNOWN", "SOURCEDATE": "UNKNOWN", "EDITMETHOD": "UNKNOWN", "EDITOR": "UNKNOWN", "EDITDATE": "UNKNOWN", "MATCHSTAT": "MATCH", "EDITNOTE": "UNKNOWN", "OWNER1": "DY KRISTA M", "OWNER2": "", "ADDRGL1": "112 MAPLE AVE APT 1", "ADDRGL2": "", "CITYGL": "BARRE", "STGL": "VT", "ZIPGL": "05641", "DESCPROP": "2 APTS-0.31AC", "LOCAPROP": "MAPLE AVE 112", "CAT": "Residential-1", "RESCODE": "T", "ACRESGL": 0.31, "REAL_FLV": 145150, "HSTED_FLV": 85070, "NRES_FLV": 60080, "LAND_LV": 18820, "IMPRV_LV": 126330, "EQUIPVAL": 0, "EQUIPCODE": "", "INVENVAL": 0, "HSDECL": "Y", "HSITEVAL": 85070, "VETEXAMT": 0, "EXPDESC": "", "ENDDATE": "", "STATUTE": "", "EXAMT_HS": 0, "EXAMT_NR": 0, "UVREDUC_HS": 0, "UVREDUC_NR": 0, "GLVAL_HS": 851.0, "GLVAL_NR": 600.8, "CRHOUSPCT": 0.0, "MUNGL1PCT": 1451.5, "AOEGL_HS": 851.0, "AOEGL_NR": 600.8, "E911ADDR": "112 MAPLE AVE", "SHAPE_Length": 0.001718134668315966, "SHAPE_Area": 1.4676473657423198e-07}, "geometry": {"type": "MultiPolygon", "coordinates": [[[[-72.50346113599994, 44.20738984500008], [-72.50346309099996, 44.20738872000004], [-72.50390034699996, 44.20781106900006], [-72.50390260299997, 44.207813248000036], [-72.50372861199997, 44.20790803400007], [-72.50369537899996, 44.20792617600006], [-72.50369273199993, 44.20792389600007], [-72.50323788399999, 44.207532162000064], [-72.50326134299996, 44.207516412000075], [-72.50326329699993, 44.207514865000064], [-72.50328558399997, 44.207497989000046], [-72.50333797599995, 44.207461425000076], [-72.50346113599994, 44.20738984500008]]]]}}, {"type": "Feature", "properties": {"OBJECTID": 6955, "SPAN": "036-011-13005", "GLIST_SPAN": "036-011-13005", "MAPID": "0540-0005.0000", "PARCID": "0540-0005-0000", "PROPTYPE": "PARCEL", "YEAR": 2023, "GLYEAR": 2022, "TOWN": "BARRE CITY", "TNAME": "Barre City", "SOURCENAME": null, "SOURCETYPE": "UNKNOWN", "SOURCEDATE": "UNKNOWN", "EDITMETHOD": "UNKNOWN", "EDITOR": "UNKNOWN", "EDITDATE": "UNKNOWN", "MATCHSTAT": "MATCH", "EDITNOTE": "UNKNOWN", "OWNER1": "LENO PATRICIA", "OWNER2": "", "ADDRGL1": "171 PLUMB LN", "ADDRGL2": "", "CITYGL": "WASHINGTON", "STGL": "VT", "ZIPGL": "05676-7052", "DESCPROP": "1 FAM-0.23AC", "LOCAPROP": "ELMWOOD AVE   5", "CAT": "Residential-1", "RESCODE": "S", "ACRESGL": 0.23, "REAL_FLV": 147000, "HSTED_FLV": 0, "NRES_FLV": 147000, "LAND_LV": 24000, "IMPRV_LV": 123000, "EQUIPVAL": 0, "EQUIPCODE": "", "INVENVAL": 0, "HSDECL": "N", "HSITEVAL": 147000, "VETEXAMT": 0, "EXPDESC": "", "ENDDATE": "", "STATUTE": "", "EXAMT_HS": 0, "EXAMT_NR": 0, "UVREDUC_HS": 0, "UVREDUC_NR": 0, "GLVAL_HS": 0.0, "GLVAL_NR": 1470.0, "CRHOUSPCT": 0.0, "MUNGL1PCT": 1470.0, "AOEGL_HS": 0.0, "AOEGL_NR": 1470.0, "E911ADDR": "5 ELMWOOD AVE", "SHAPE_Length": 0.0013182685561817888, "SHAPE_Area": 1.0610942462948667e-07}, "geometry": {"type": "MultiPolygon", "coordinates": [[[[-72.50660108999995, 44.20593678400007], [-72.50666793599999, 44.20583032900004], [-72.50674965599995, 44.20585338600006], [-72.50692873499997, 44.20590217200004], [-72.50699090399996, 44.20591904300005], [-72.50685643499997, 44.20619734400003], [-72.50679387499997, 44.20618019200003], [-72.50650961599996, 44.20610202200004], [-72.50658349799994, 44.205968847000065], [-72.50660108999995, 44.20593678400007]]]]}}, {"type": "Feature", "properties": {"OBJECTID": 7024, "SPAN": "036-011-13042", "GLIST_SPAN": "036-011-13042", "MAPID": "0995-0071.0000", "PARCID": "0995-0071-0000", "PROPTYPE": "PARCEL", "YEAR": 2023, "GLYEAR": 2022, "TOWN": "BARRE CITY", "TNAME": "Barre City", "SOURCENAME": null, "SOURCETYPE": "UNKNOWN", "SOURCEDATE": "UNKNOWN", "EDITMETHOD": "UNKNOWN", "EDITOR": "UNKNOWN", "EDITDATE": "UNKNOWN", "MATCHSTAT": "MATCH", "EDITNOTE": "UNKNOWN", "OWNER1": "71 MAPLE AVENUE LLC", "OWNER2": "", "ADDRGL1": "PO BOX 766", "ADDRGL2": "", "CITYGL": "BARRE", "STGL": "VT", "ZIPGL": "05641", "DESCPROP": "3 APTS-0.20AC", "LOCAPROP": "MAPLE AVE  71", "CAT": "Residential-1", "RESCODE": "C", "ACRESGL": 0.2, "REAL_FLV": 134860, "HSTED_FLV": 0, "NRES_FLV": 134860, "LAND_LV": 15560, "IMPRV_LV": 119300, "EQUIPVAL": 0, "EQUIPCODE": "", "INVENVAL": 0, "HSDECL": "N", "HSITEVAL": 134860, "VETEXAMT": 0, "EXPDESC": "", "ENDDATE": "", "STATUTE": "", "EXAMT_HS": 0, "EXAMT_NR": 0, "UVREDUC_HS": 0, "UVREDUC_NR": 0, "GLVAL_HS": 0.0, "GLVAL_NR": 1348.6, "CRHOUSPCT": 0.0, "MUNGL1PCT": 1348.6, "AOEGL_HS": 0.0, "AOEGL_NR": 1348.6, "E911ADDR": "71 MAPLE AVE", "SHAPE_Length": 0.0013568633422617116, "SHAPE_Area": 9.030040357528377e-08}, "geometry": {"type": "MultiPolygon", "coordinates": [[[[-72.50414840099995, 44.20580415100005], [-72.50422033099994, 44.20563160300003], [-72.50470125399994, 44.20573353700007], [-72.50462893499997, 44.20590608400005], [-72.50414840099995, 44.20580415100005]]]]}}, {"type": "Feature", "properties": {"OBJECTID": 7054, "SPAN": "036-011-12587", "GLIST_SPAN": "036-011-12587", "MAPID": "0540-0044.0000", "PARCID": "0540-0044-0000", "PROPTYPE": "PARCEL", "YEAR": 2023, "GLYEAR": 2022, "TOWN": "BARRE CITY", "TNAME": "Barre City", "SOURCENAME": null, "SOURCETYPE": "UNKNOWN", "SOURCEDATE": "UNKNOWN", "EDITMETHOD": "UNKNOWN", "EDITOR": "UNKNOWN", "EDITDATE": "UNKNOWN", "MATCHSTAT": "MATCH", "EDITNOTE": "UNKNOWN", "OWNER1": "BARNETT ALYSSA M & MATZ ANTHONY J", "OWNER2": "", "ADDRGL1": "44 ELMWOOD AVE", "ADDRGL2": "", "CITYGL": "BARRE", "STGL": "VT", "ZIPGL": "05641", "DESCPROP": "1 FAM-0.46AC", "LOCAPROP": "ELMWOOD AVE  44", "CAT": "Residential-1", "RESCODE": "T", "ACRESGL": 0.46, "REAL_FLV": 125830, "HSTED_FLV": 125830, "NRES_FLV": 0, "LAND_LV": 30000, "IMPRV_LV": 95830, "EQUIPVAL": 0, "EQUIPCODE": "", "INVENVAL": 0, "HSDECL": "Y", "HSITEVAL": 125830, "VETEXAMT": 0, "EXPDESC": "", "ENDDATE": "", "STATUTE": "", "EXAMT_HS": 0, "EXAMT_NR": 0, "UVREDUC_HS": 0, "UVREDUC_NR": 0, "GLVAL_HS": 1258.0, "GLVAL_NR": 0.0, "CRHOUSPCT": 0.0, "MUNGL1PCT": 1258.3, "AOEGL_HS": 1258.0, "AOEGL_NR": 0.0, "E911ADDR": "44 ELMWOOD AVE", "SHAPE_Length": 0.001931226160008151, "SHAPE_Area": 2.3546581708560168e-07}, "geometry": {"type": "MultiPolygon", "coordinates": [[[[-72.50633965199995, 44.20744156400008], [-72.50650212999994, 44.20710259400005], [-72.50651597599995, 44.20708331600008], [-72.50653308599993, 44.20706544500007], [-72.50655318599996, 44.207049264000034], [-72.50655585799996, 44.207047713000065], [-72.50656641399996, 44.20704264900007], [-72.50658596299996, 44.20703280500004], [-72.50660590299998, 44.20702521000004], [-72.50663092699995, 44.20702197400004], [-72.50665790499994, 44.20702098900006], [-72.50668019199998, 44.20702042500005], [-72.50670599799997, 44.20702112600003], [-72.50673336799997, 44.207026609000025], [-72.50703444599998, 44.20710787100006], [-72.50703405399997, 44.207108996000045], [-72.50689489299998, 44.207396439000036], [-72.50682179399996, 44.20754831700003], [-72.50633965199995, 44.20744156400008]]]]}}, {"type": "Feature", "properties": {"OBJECTID": 7064, "SPAN": "036-011-13061", "GLIST_SPAN": "036-011-13061", "MAPID": "0995-0066.0000", "PARCID": "0995-0066-0000", "PROPTYPE": "PARCEL", "YEAR": 2023, "GLYEAR": 2022, "TOWN": "BARRE CITY", "TNAME": "Barre City", "SOURCENAME": null, "SOURCETYPE": "UNKNOWN", "SOURCEDATE": "UNKNOWN", "EDITMETHOD": "UNKNOWN", "EDITOR": "UNKNOWN", "EDITDATE": "UNKNOWN", "MATCHSTAT": "MATCH", "EDITNOTE": "UNKNOWN", "OWNER1": "66 MAPLE AVE LLC", "OWNER2": "", "ADDRGL1": "4 BLACKWELL ST", "ADDRGL2": "", "CITYGL": "BARRE", "STGL": "VT", "ZIPGL": "05641-4001", "DESCPROP": "3 FAM-0.21AC", "LOCAPROP": "MAPLE AVE  66", "CAT": "Residential-1", "RESCODE": "C", "ACRESGL": 0.21, "REAL_FLV": 154900, "HSTED_FLV": 0, "NRES_FLV": 154900, "LAND_LV": 16600, "IMPRV_LV": 138300, "EQUIPVAL": 0, "EQUIPCODE": "", "INVENVAL": 0, "HSDECL": "N", "HSITEVAL": 154900, "VETEXAMT": 0, "EXPDESC": "", "ENDDATE": "", "STATUTE": "", "EXAMT_HS": 0, "EXAMT_NR": 0, "UVREDUC_HS": 0, "UVREDUC_NR": 0, "GLVAL_HS": 0.0, "GLVAL_NR": 1549.0, "CRHOUSPCT": 0.0, "MUNGL1PCT": 1549.0, "AOEGL_HS": 0.0, "AOEGL_NR": 1549.0, "E911ADDR": "66 MAPLE AVE", "SHAPE_Length": 0.001411981273356153, "SHAPE_Area": 9.054159825317661e-08}, "geometry": {"type": "MultiPolygon", "coordinates": [[[[-72.50493772599998, 44.20564078800004], [-72.50500698499997, 44.20548251000008], [-72.50524197399994, 44.205536359000064], [-72.50524431899998, 44.205530734000035], [-72.50524510099996, 44.205529187000025], [-72.50545975699998, 44.20557727000005], [-72.50552192599997, 44.20559048500007], [-72.50545509099999, 44.20575445500003], [-72.50545444799997, 44.20575431900005], [-72.50493772599998, 44.20564078800004]]]]}}, {"type": "Feature", "properties": {"OBJECTID": 7090, "SPAN": "036-011-13075", "GLIST_SPAN": "036-011-13075", "MAPID": "0240-0090.0000", "PARCID": "0240-0090-0000", "PROPTYPE": "PARCEL", "YEAR": 2023, "GLYEAR": 2022, "TOWN": "BARRE CITY", "TNAME": "Barre City", "SOURCENAME": null, "SOURCETYPE": "UNKNOWN", "SOURCEDATE": "UNKNOWN", "EDITMETHOD": "UNKNOWN", "EDITOR": "UNKNOWN", "EDITDATE": "UNKNOWN", "MATCHSTAT": "MATCH", "EDITNOTE": "UNKNOWN", "OWNER1": "HEPBURN KENNETH ATRUSTEE OF THE", "OWNER2": "KENNETH ALBERT HEPBURN REVOCABLE LIVINGT", "ADDRGL1": "85 SMITH HILL RD", "ADDRGL2": "", "CITYGL": "NORTHFIELD", "STGL": "VT", "ZIPGL": "05663-6274", "DESCPROP": "1 FAM-0.20AC", "LOCAPROP": "BROOK ST  90", "CAT": "Residential-1", "RESCODE": "S", "ACRESGL": 0.2, "REAL_FLV": 96000, "HSTED_FLV": 0, "NRES_FLV": 96000, "LAND_LV": 15900, "IMPRV_LV": 80100, "EQUIPVAL": 0, "EQUIPCODE": "", "INVENVAL": 0, "HSDECL": "N", "HSITEVAL": 96000, "VETEXAMT": 0, "EXPDESC": "", "ENDDATE": "", "STATUTE": "", "EXAMT_HS": 0, "EXAMT_NR": 0, "UVREDUC_HS": 0, "UVREDUC_NR": 0, "GLVAL_HS": 0.0, "GLVAL_NR": 960.0, "CRHOUSPCT": 0.0, "MUNGL1PCT": 960.0, "AOEGL_HS": 0.0, "AOEGL_NR": 960.0, "E911ADDR": "90 BROOK ST", "SHAPE_Length": 0.0015801903759371664, "SHAPE_Area": 1.0888118931773887e-07}, "geometry": {"type": "MultiPolygon", "coordinates": [[[[-72.50611439199997, 44.206764803000056], [-72.50599748199994, 44.206729231000054], [-72.50599748199994, 44.20673007500005], [-72.50596776899994, 44.206757638000056], [-72.50595955699998, 44.20675356100003], [-72.50550833599993, 44.20661647500003], [-72.50554039499997, 44.20658680300005], [-72.50567762199995, 44.20645925000008], [-72.50602422199995, 44.206571765000035], [-72.50619035699998, 44.20661377500005], [-72.50617499299995, 44.20664431900008], [-72.50611439199997, 44.206764803000056]]]]}}, {"type": "Feature", "properties": {"OBJECTID": 7135, "SPAN": "036-011-12191", "GLIST_SPAN": "036-011-12191", "MAPID": "1205-0013.0000", "PARCID": "1205-0013-0000", "PROPTYPE": "PARCEL", "YEAR": 2023, "GLYEAR": 2022, "TOWN": "BARRE CITY", "TNAME": "Barre City", "SOURCENAME": null, "SOURCETYPE": "UNKNOWN", "SOURCEDATE": "UNKNOWN", "EDITMETHOD": "UNKNOWN", "EDITOR": "UNKNOWN", "EDITDATE": "UNKNOWN", "MATCHSTAT": "MATCH", "EDITNOTE": "UNKNOWN", "OWNER1": "MOROS PHILIP G & MUELLER BETH ANN", "OWNER2": "", "ADDRGL1": "13 PLEASANT ST", "ADDRGL2": "", "CITYGL": "BARRE", "STGL": "VT", "ZIPGL": "05641", "DESCPROP": "1 FAM-0.15AC", "LOCAPROP": "PLEASANT ST  13", "CAT": "Residential-1", "RESCODE": "T", "ACRESGL": 0.15, "REAL_FLV": 92200, "HSTED_FLV": 59000, "NRES_FLV": 33200, "LAND_LV": 12400, "IMPRV_LV": 79800, "EQUIPVAL": 0, "EQUIPCODE": "", "INVENVAL": 0, "HSDECL": "Y", "HSITEVAL": 59000, "VETEXAMT": 0, "EXPDESC": "", "ENDDATE": "", "STATUTE": "", "EXAMT_HS": 0, "EXAMT_NR": 0, "UVREDUC_HS": 0, "UVREDUC_NR": 0, "GLVAL_HS": 590.0, "GLVAL_NR": 332.0, "CRHOUSPCT": 0.0, "MUNGL1PCT": 922.0, "AOEGL_HS": 590.0, "AOEGL_NR": 332.0, "E911ADDR": "13 PLEASANT ST", "SHAPE_Length": 0.0010596657325358154, "SHAPE_Area": 6.839914899238693e-08}, "geometry": {"type": "MultiPolygon", "coordinates": [[[[-72.50675395599995, 44.20584776100003], [-72.50687630699997, 44.20560095900004], [-72.50711247099997, 44.20566380300005], [-72.50699168499995, 44.20591763600004], [-72.50699090399996, 44.20591904300005], [-72.50692873499997, 44.20590217200004], [-72.50674965599995, 44.20585338600006], [-72.50675395599995, 44.20584776100003]]]]}}, {"type": "Feature", "properties": {"OBJECTID": 7166, "SPAN": "036-011-13114", "GLIST_SPAN": "036-011-13114", "MAPID": "0668-0005.0000", "PARCID": "0668-0005-0000", "PROPTYPE": "PARCEL", "YEAR": 2023, "GLYEAR": 2022, "TOWN": "BARRE CITY", "TNAME": "Barre City", "SOURCENAME": null, "SOURCETYPE": "UNKNOWN", "SOURCEDATE": "UNKNOWN", "EDITMETHOD": "UNKNOWN", "EDITOR": "UNKNOWN", "EDITDATE": "UNKNOWN", "MATCHSTAT": "MATCH", "EDITNOTE": "UNKNOWN", "OWNER1": "DOWNSTREET HOUSING AND COMMUNITY", "OWNER2": "DEVELOPMENT INC", "ADDRGL1": "22 KEITH AV  STE 100", "ADDRGL2": "", "CITYGL": "BARRE", "STGL": "VT", "ZIPGL": "05641", "DESCPROP": "OFFICE & GROUP HOME-0.63AC", "LOCAPROP": "GIUDICI ST   5", "CAT": "Commercial", "RESCODE": "C", "ACRESGL": 0.63, "REAL_FLV": 201300, "HSTED_FLV": 0, "NRES_FLV": 201300, "LAND_LV": 27100, "IMPRV_LV": 174200, "EQUIPVAL": 0, "EQUIPCODE": "", "INVENVAL": 0, "HSDECL": "N", "HSITEVAL": 0, "VETEXAMT": 0, "EXPDESC": "", "ENDDATE": "", "STATUTE": "", "EXAMT_HS": 0, "EXAMT_NR": 0, "UVREDUC_HS": 0, "UVREDUC_NR": 0, "GLVAL_HS": 0.0, "GLVAL_NR": 2013.0, "CRHOUSPCT": 0.0, "MUNGL1PCT": 2013.0, "AOEGL_HS": 0.0, "AOEGL_NR": 2013.0, "E911ADDR": "5 GIUDICI ST", "SHAPE_Length": 0.0025870303467586037, "SHAPE_Area": 2.604625249605321e-07}, "geometry": {"type": "MultiPolygon", "coordinates": [[[[-72.50756465199999, 44.206504951000056], [-72.50738370499994, 44.20646186300007], [-72.50735989399993, 44.20651320400003], [-72.50705502899996, 44.20643895300003], [-72.50696442499998, 44.20641688500007], [-72.50698353899998, 44.206393932000026], [-72.50724428499996, 44.20608088400007], [-72.50725132299993, 44.20608271200007], [-72.50753949299997, 44.206158489000074], [-72.50754144799998, 44.206159755000044], [-72.50753753799995, 44.20615877100005], [-72.50750001299997, 44.206244413000036], [-72.50750118699995, 44.206244695000066], [-72.50762005199994, 44.206276186000025], [-72.50785113599994, 44.20633748300003], [-72.50799268099996, 44.20637501900006], [-72.50799840199994, 44.20637724300008], [-72.50799026499993, 44.206375292000075], [-72.50788479499994, 44.20659031200006], [-72.50756465199999, 44.206504951000056]]]]}}, {"type": "Feature", "properties": {"OBJECTID": 7251, "SPAN": "036-011-13156", "GLIST_SPAN": "036-011-13156", "MAPID": "0540-0066.0000", "PARCID": "0540-0066-0000", "PROPTYPE": "PARCEL", "YEAR": 2023, "GLYEAR": 2022, "TOWN": "BARRE CITY", "TNAME": "Barre City", "SOURCENAME": null, "SOURCETYPE": "UNKNOWN", "SOURCEDATE": "UNKNOWN", "EDITMETHOD": "UNKNOWN", "EDITOR": "UNKNOWN", "EDITDATE": "UNKNOWN", "MATCHSTAT": "MATCH", "EDITNOTE": "UNKNOWN", "OWNER1": "WILLIS CINDY L & JAMES K SR", "OWNER2": "", "ADDRGL1": "66 ELMWOOD AVE", "ADDRGL2": "", "CITYGL": "BARRE", "STGL": "VT", "ZIPGL": "05641", "DESCPROP": "1 FAM-0.21AC & .21AC & .39AC", "LOCAPROP": "ELMWOOD AVE  66", "CAT": "Residential-1", "RESCODE": "T", "ACRESGL": 0.82, "REAL_FLV": 182000, "HSTED_FLV": 182000, "NRES_FLV": 0, "LAND_LV": 60000, "IMPRV_LV": 122000, "EQUIPVAL": 0, "EQUIPCODE": "", "INVENVAL": 0, "HSDECL": "Y", "HSITEVAL": 182000, "VETEXAMT": 0, "EXPDESC": "", "ENDDATE": "", "STATUTE": "", "EXAMT_HS": 0, "EXAMT_NR": 0, "UVREDUC_HS": 0, "UVREDUC_NR": 0, "GLVAL_HS": 1820.0, "GLVAL_NR": 0.0, "CRHOUSPCT": 0.0, "MUNGL1PCT": 1820.0, "AOEGL_HS": 1820.0, "AOEGL_NR": 0.0, "E911ADDR": "66 ELMWOOD AVE", "SHAPE_Length": 0.0026443618610717708, "SHAPE_Area": 3.806303035912505e-07}, "geometry": {"type": "MultiPolygon", "coordinates": [[[[-72.50602889799995, 44.208069512000066], [-72.50618839299995, 44.20773721000006], [-72.50621419999999, 44.20774142700003], [-72.50667754799997, 44.207846447000065], [-72.50667872099996, 44.20784672900004], [-72.50667715799995, 44.20784883700003], [-72.50653135099998, 44.208188592000056], [-72.50665295699997, 44.20821896000007], [-72.50665488999994, 44.20821941200006], [-72.50645983299995, 44.20850907700003], [-72.50645787699995, 44.208512452000036], [-72.50618025299997, 44.20841909400008], [-72.50586352699997, 44.208311534000075], [-72.50602850699994, 44.20807021500008], [-72.50602889799995, 44.208069512000066]]]]}}, {"type": "Feature", "properties": {"OBJECTID": 7268, "SPAN": "036-011-13166", "GLIST_SPAN": "036-011-13166", "MAPID": "0750-0017.0000", "PARCID": "0750-0017-0000", "PROPTYPE": "PARCEL", "YEAR": 2023, "GLYEAR": 2022, "TOWN": "BARRE CITY", "TNAME": "Barre City", "SOURCENAME": null, "SOURCETYPE": "UNKNOWN", "SOURCEDATE": "UNKNOWN", "EDITMETHOD": "UNKNOWN", "EDITOR": "UNKNOWN", "EDITDATE": "UNKNOWN", "MATCHSTAT": "MATCH", "EDITNOTE": "UNKNOWN", "OWNER1": "CITY OF BARRE", "OWNER2": "", "ADDRGL1": "6 N MAIN ST", "ADDRGL2": "", "CITYGL": "BARRE", "STGL": "VT", "ZIPGL": "05641", "DESCPROP": "LAND-FLOOD REMEDIATION-0.05AC", "LOCAPROP": "HARRINGTON AVE  17", "CAT": "Miscellaneous", "RESCODE": "C", "ACRESGL": 0.05, "REAL_FLV": 6700, "HSTED_FLV": 0, "NRES_FLV": 6700, "LAND_LV": 6700, "IMPRV_LV": 0, "EQUIPVAL": 0, "EQUIPCODE": "", "INVENVAL": 0, "HSDECL": "N", "HSITEVAL": 0, "VETEXAMT": 0, "EXPDESC": "Statutory", "ENDDATE": "", "STATUTE": "", "EXAMT_HS": 0, "EXAMT_NR": 0, "UVREDUC_HS": 0, "UVREDUC_NR": 0, "GLVAL_HS": 0.0, "GLVAL_NR": 0.0, "CRHOUSPCT": 0.0, "MUNGL1PCT": 0.0, "AOEGL_HS": 0.0, "AOEGL_NR": 0.0, "E911ADDR": "HARRINGTON AVE", "SHAPE_Length": 0.0005888179108132209, "SHAPE_Area": 2.0896913346096998e-08}, "geometry": {"type": "MultiPolygon", "coordinates": [[[[-72.50575143999998, 44.205641240000034], [-72.50581710999995, 44.20548809700006], [-72.50594066499997, 44.205513825000025], [-72.50587655799995, 44.20566893600005], [-72.50575143999998, 44.205641240000034]]]]}}, {"type": "Feature", "properties": {"OBJECTID": 7288, "SPAN": "036-011-13177", "GLIST_SPAN": "036-011-13177", "MAPID": "0110-0011.0000", "PARCID": "0110-0011-0000", "PROPTYPE": "PARCEL", "YEAR": 2023, "GLYEAR": 2022, "TOWN": "BARRE CITY", "TNAME": "Barre City", "SOURCENAME": null, "SOURCETYPE": "UNKNOWN", "SOURCEDATE": "UNKNOWN", "EDITMETHOD": "UNKNOWN", "EDITOR": "UNKNOWN", "EDITDATE": "UNKNOWN", "MATCHSTAT": "MATCH", "EDITNOTE": "UNKNOWN", "OWNER1": "CRANE SARAH J", "OWNER2": "", "ADDRGL1": "11 BANK ST", "ADDRGL2": "", "CITYGL": "BARRE", "STGL": "VT", "ZIPGL": "056641", "DESCPROP": "1 FAM-0.15AC", "LOCAPROP": "BANK ST  11", "CAT": "Residential-1", "RESCODE": "T", "ACRESGL": 0.15, "REAL_FLV": 126630, "HSTED_FLV": 126630, "NRES_FLV": 0, "LAND_LV": 14620, "IMPRV_LV": 112010, "EQUIPVAL": 0, "EQUIPCODE": "", "INVENVAL": 0, "HSDECL": "Y", "HSITEVAL": 126630, "VETEXAMT": 0, "EXPDESC": "", "ENDDATE": "", "STATUTE": "", "EXAMT_HS": 0, "EXAMT_NR": 0, "UVREDUC_HS": 0, "UVREDUC_NR": 0, "GLVAL_HS": 1266.0, "GLVAL_NR": 0.0, "CRHOUSPCT": 0.0, "MUNGL1PCT": 1266.3, "AOEGL_HS": 1266.0, "AOEGL_NR": 0.0, "E911ADDR": "11 BANK ST", "SHAPE_Length": 0.0011156426482784043, "SHAPE_Area": 6.996663520324441e-08}, "geometry": {"type": "MultiPolygon", "coordinates": [[[[-72.50307669099993, 44.205606327000055], [-72.50317012699998, 44.20542717100005], [-72.50351459199999, 44.20552419100005], [-72.50342115599994, 44.20569969200005], [-72.50341724599997, 44.20569856700007], [-72.50307669099993, 44.205606327000055]]]]}}, {"type": "Feature", "properties": {"OBJECTID": 7345, "SPAN": "036-011-13206", "GLIST_SPAN": "036-011-13206", "MAPID": "0570-0002.0000", "PARCID": "0570-0002-0000", "PROPTYPE": "PARCEL", "YEAR": 2023, "GLYEAR": 2022, "TOWN": "BARRE CITY", "TNAME": "Barre City", "SOURCENAME": null, "SOURCETYPE": "UNKNOWN", "SOURCEDATE": "UNKNOWN", "EDITMETHOD": "UNKNOWN", "EDITOR": "UNKNOWN", "EDITDATE": "UNKNOWN", "MATCHSTAT": "MATCH", "EDITNOTE": "UNKNOWN", "OWNER1": "GIBBS BRANDON", "OWNER2": "C/O CYNTHIA C OLSEN", "ADDRGL1": "2 FARWELL ST", "ADDRGL2": "", "CITYGL": "BARRE", "STGL": "VT", "ZIPGL": "05641", "DESCPROP": "1 FAM-0.26AC", "LOCAPROP": "FARWELL ST   2", "CAT": "Residential-1", "RESCODE": "T", "ACRESGL": 0.26, "REAL_FLV": 74500, "HSTED_FLV": 74500, "NRES_FLV": 0, "LAND_LV": 18600, "IMPRV_LV": 55900, "EQUIPVAL": 0, "EQUIPCODE": "", "INVENVAL": 0, "HSDECL": "Y", "HSITEVAL": 74500, "VETEXAMT": 0, "EXPDESC": "", "ENDDATE": "", "STATUTE": "", "EXAMT_HS": 0, "EXAMT_NR": 0, "UVREDUC_HS": 0, "UVREDUC_NR": 0, "GLVAL_HS": 745.0, "GLVAL_NR": 0.0, "CRHOUSPCT": 0.0, "MUNGL1PCT": 745.0, "AOEGL_HS": 745.0, "AOEGL_NR": 0.0, "E911ADDR": "2 FARWELL ST", "SHAPE_Length": 0.0016023310511601306, "SHAPE_Area": 1.3205150452025547e-07}, "geometry": {"type": "MultiPolygon", "coordinates": [[[[-72.50524169999994, 44.20685990700008], [-72.50524287299999, 44.20685906400007], [-72.50524912899994, 44.206860189000054], [-72.50569604799995, 44.20697561900005], [-72.50558971199996, 44.20713157600005], [-72.50563819599995, 44.207143667000025], [-72.50559362999996, 44.20722073100006], [-72.50556938799997, 44.20721567000004], [-72.50509705299999, 44.20711570800006], [-72.50511699099997, 44.20707633300003], [-72.50520573199998, 44.20690083100004], [-72.50521589499994, 44.20687706500007], [-72.50524169999994, 44.20685990700008]]]]}}, {"type": "Feature", "properties": {"OBJECTID": 7349, "SPAN": "036-011-13208", "GLIST_SPAN": "036-011-13208", "MAPID": "1170-0097.0000", "PARCID": "1170-0097-0000", "PROPTYPE": "PARCEL", "YEAR": 2023, "GLYEAR": 2022, "TOWN": "BARRE CITY", "TNAME": "Barre City", "SOURCENAME": null, "SOURCETYPE": "UNKNOWN", "SOURCEDATE": "UNKNOWN", "EDITMETHOD": "UNKNOWN", "EDITOR": "UNKNOWN", "EDITDATE": "UNKNOWN", "MATCHSTAT": "MATCH", "EDITNOTE": "UNKNOWN", "OWNER1": "SWEENEY KYLE & KAERSTIN", "OWNER2": "", "ADDRGL1": "97 PERRIN ST", "ADDRGL2": "", "CITYGL": "BARRE", "STGL": "VT", "ZIPGL": "05641-2715", "DESCPROP": "1 FAM-0.21AC", "LOCAPROP": "PERRIN ST  97", "CAT": "Residential-1", "RESCODE": "T", "ACRESGL": 0.21, "REAL_FLV": 100100, "HSTED_FLV": 100100, "NRES_FLV": 0, "LAND_LV": 22200, "IMPRV_LV": 77900, "EQUIPVAL": 0, "EQUIPCODE": "", "INVENVAL": 0, "HSDECL": "Y", "HSITEVAL": 100100, "VETEXAMT": 0, "EXPDESC": "", "ENDDATE": "", "STATUTE": "", "EXAMT_HS": 0, "EXAMT_NR": 0, "UVREDUC_HS": 0, "UVREDUC_NR": 0, "GLVAL_HS": 1001.0, "GLVAL_NR": 0.0, "CRHOUSPCT": 0.0, "MUNGL1PCT": 1001.0, "AOEGL_HS": 1001.0, "AOEGL_NR": 0.0, "E911ADDR": "97 PERRIN ST", "SHAPE_Length": 0.001314714801827389, "SHAPE_Area": 9.92703475250376e-08}, "geometry": {"type": "MultiPolygon", "coordinates": [[[[-72.50682179399996, 44.20754831700003], [-72.50689489299998, 44.207396439000036], [-72.50714122899996, 44.20744958000006], [-72.50696532199999, 44.20781366500006], [-72.50696453999996, 44.207815493000055], [-72.50671898399997, 44.20776108600006], [-72.50682179399996, 44.20754831700003]]]]}}, {"type": "Feature", "properties": {"OBJECTID": 7352, "SPAN": "036-011-12251", "GLIST_SPAN": "036-011-12251", "MAPID": "0995-0106.0000", "PARCID": "0995-0106-0000", "PROPTYPE": "PARCEL", "YEAR": 2023, "GLYEAR": 2022, "TOWN": "BARRE CITY", "TNAME": "Barre City", "SOURCENAME": null, "SOURCETYPE": "UNKNOWN", "SOURCEDATE": "UNKNOWN", "EDITMETHOD": "UNKNOWN", "EDITOR": "UNKNOWN", "EDITDATE": "UNKNOWN", "MATCHSTAT": "MATCH", "EDITNOTE": "UNKNOWN", "OWNER1": "MURRAY NATHAN R & TREMBLAY MIRANDA L", "OWNER2": "", "ADDRGL1": "106 MAPLE AVE", "ADDRGL2": "", "CITYGL": "BARRE", "STGL": "VT", "ZIPGL": "05641", "DESCPROP": "1 FAM-0.15AC", "LOCAPROP": "MAPLE AVE 106", "CAT": "Residential-1", "RESCODE": "T", "ACRESGL": 0.15, "REAL_FLV": 134900, "HSTED_FLV": 134900, "NRES_FLV": 0, "LAND_LV": 12400, "IMPRV_LV": 122500, "EQUIPVAL": 0, "EQUIPCODE": "", "INVENVAL": 0, "HSDECL": "Y", "HSITEVAL": 134900, "VETEXAMT": 0, "EXPDESC": "", "ENDDATE": "", "STATUTE": "", "EXAMT_HS": 0, "EXAMT_NR": 0, "UVREDUC_HS": 0, "UVREDUC_NR": 0, "GLVAL_HS": 1349.0, "GLVAL_NR": 0.0, "CRHOUSPCT": 0.0, "MUNGL1PCT": 1349.0, "AOEGL_HS": 1349.0, "AOEGL_NR": 0.0, "E911ADDR": "106 MAPLE AVE", "SHAPE_Length": 0.001685070806114396, "SHAPE_Area": 1.5097971242901767e-07}, "geometry": {"type": "MultiPolygon", "coordinates": [[[[-72.50372505299998, 44.20726046300007], [-72.50372896299996, 44.20725891600006], [-72.50372974499999, 44.20725961900007], [-72.50406954999994, 44.20766586900004], [-72.50407228799997, 44.20766755600005], [-72.50405899599997, 44.20769793100004], [-72.50403866599999, 44.207735900000046], [-72.50401716299996, 44.207767260000026], [-72.50399683199998, 44.20778638500008], [-72.50397376399997, 44.207802136000055], [-72.50395968899994, 44.20781155900005], [-72.50395457499997, 44.207811710000044], [-72.50390260299997, 44.207813248000036], [-72.50390034699996, 44.20781106900006], [-72.50346309099996, 44.20738872000004], [-72.50349397899998, 44.20737212600005], [-72.50357569599998, 44.20733148200003], [-72.50366523099996, 44.20728662100004], [-72.50372505299998, 44.20726046300007]]]]}}, {"type": "Feature", "properties": {"OBJECTID": 7384, "SPAN": "036-011-12678", "GLIST_SPAN": "036-011-12678", "MAPID": "1205-0034.0000", "PARCID": "1205-0034-0000", "PROPTYPE": "PARCEL", "YEAR": 2023, "GLYEAR": 2022, "TOWN": "BARRE CITY", "TNAME": "Barre City", "SOURCENAME": null, "SOURCETYPE": "UNKNOWN", "SOURCEDATE": "UNKNOWN", "EDITMETHOD": "UNKNOWN", "EDITOR": "UNKNOWN", "EDITDATE": "UNKNOWN", "MATCHSTAT": "MATCH", "EDITNOTE": "UNKNOWN", "OWNER1": "SAFFORD DALE L & KARL C", "OWNER2": "", "ADDRGL1": "34 PLEASANT ST", "ADDRGL2": "", "CITYGL": "BARRE", "STGL": "VT", "ZIPGL": "05641", "DESCPROP": "1 FAM-0.25AC", "LOCAPROP": "PLEASANT ST  34", "CAT": "Residential-1", "RESCODE": "T", "ACRESGL": 0.25, "REAL_FLV": 104010, "HSTED_FLV": 104010, "NRES_FLV": 0, "LAND_LV": 18650, "IMPRV_LV": 85360, "EQUIPVAL": 0, "EQUIPCODE": "", "INVENVAL": 0, "HSDECL": "Y", "HSITEVAL": 104010, "VETEXAMT": 0, "EXPDESC": "", "ENDDATE": "", "STATUTE": "", "EXAMT_HS": 0, "EXAMT_NR": 0, "UVREDUC_HS": 0, "UVREDUC_NR": 0, "GLVAL_HS": 1040.0, "GLVAL_NR": 0.0, "CRHOUSPCT": 0.0, "MUNGL1PCT": 1040.1, "AOEGL_HS": 1040.0, "AOEGL_NR": 0.0, "E911ADDR": "34 PLEASANT ST", "SHAPE_Length": 0.001400562344560225, "SHAPE_Area": 1.17368308886424e-07}, "geometry": {"type": "MultiPolygon", "coordinates": [[[[-72.50791161299998, 44.205387004000045], [-72.50791395899995, 44.20538208200003], [-72.50800818899995, 44.20540555900004], [-72.50815833199994, 44.20543887600007], [-72.50820603399995, 44.205449560000034], [-72.50803326699997, 44.20581139700005], [-72.50803209499998, 44.20581111600006], [-72.50773649699994, 44.20573238700007], [-72.50773766899994, 44.20573041800003], [-72.50791161299998, 44.205387004000045]]]]}}, {"type": "Feature", "properties": {"OBJECTID": 7399, "SPAN": "036-011-12682", "GLIST_SPAN": "036-011-12682", "MAPID": "0995-0075.0000", "PARCID": "0995-0075-0000", "PROPTYPE": "PARCEL", "YEAR": 2023, "GLYEAR": 2022, "TOWN": "BARRE CITY", "TNAME": "Barre City", "SOURCENAME": null, "SOURCETYPE": "UNKNOWN", "SOURCEDATE": "UNKNOWN", "EDITMETHOD": "UNKNOWN", "EDITOR": "UNKNOWN", "EDITDATE": "UNKNOWN", "MATCHSTAT": "MATCH", "EDITNOTE": "UNKNOWN", "OWNER1": "SALERNO JOSEPH M & ANN M", "OWNER2": "", "ADDRGL1": "75 MAPLE AVE", "ADDRGL2": "", "CITYGL": "BARRE", "STGL": "VT", "ZIPGL": "05641", "DESCPROP": "1 FAM-0.20AC", "LOCAPROP": "MAPLE AVE  75", "CAT": "Residential-1", "RESCODE": "T", "ACRESGL": 0.2, "REAL_FLV": 148140, "HSTED_FLV": 148140, "NRES_FLV": 0, "LAND_LV": 15880, "IMPRV_LV": 132260, "EQUIPVAL": 0, "EQUIPCODE": "", "INVENVAL": 0, "HSDECL": "Y", "HSITEVAL": 148140, "VETEXAMT": 0, "EXPDESC": "", "ENDDATE": "", "STATUTE": "", "EXAMT_HS": 0, "EXAMT_NR": 0, "UVREDUC_HS": 0, "UVREDUC_NR": 0, "GLVAL_HS": 1481.0, "GLVAL_NR": 0.0, "CRHOUSPCT": 0.0, "MUNGL1PCT": 1481.4, "AOEGL_HS": 1481.0, "AOEGL_NR": 0.0, "E911ADDR": "75 MAPLE AVE", "SHAPE_Length": 0.0013595540955308712, "SHAPE_Area": 9.129931053603194e-08}, "geometry": {"type": "MultiPolygon", "coordinates": [[[[-72.50407647099996, 44.205977121000046], [-72.50414840099995, 44.20580415100005], [-72.50462893499997, 44.20590608400005], [-72.50455466099999, 44.20608243000004], [-72.50407647099996, 44.205977121000046]]]]}}, {"type": "Feature", "properties": {"OBJECTID": 7402, "SPAN": "036-011-12683", "GLIST_SPAN": "036-011-12683", "MAPID": "0970-0044.0000", "PARCID": "0970-0044-0000", "PROPTYPE": "PARCEL", "YEAR": 2023, "GLYEAR": 2022, "TOWN": "BARRE CITY", "TNAME": "Barre City", "SOURCENAME": null, "SOURCETYPE": "UNKNOWN", "SOURCEDATE": "UNKNOWN", "EDITMETHOD": "UNKNOWN", "EDITOR": "UNKNOWN", "EDITDATE": "UNKNOWN", "MATCHSTAT": "MATCH", "EDITNOTE": "UNKNOWN", "OWNER1": "PEEBLES ELIZABETH", "OWNER2": "", "ADDRGL1": "44 LONG ST", "ADDRGL2": "", "CITYGL": "BARRE", "STGL": "VT", "ZIPGL": "05641", "DESCPROP": "1 FAM-0.50AC", "LOCAPROP": "LONG ST  44", "CAT": "Residential-1", "RESCODE": "T", "ACRESGL": 0.5, "REAL_FLV": 122350, "HSTED_FLV": 122350, "NRES_FLV": 0, "LAND_LV": 28350, "IMPRV_LV": 94000, "EQUIPVAL": 0, "EQUIPCODE": "", "INVENVAL": 0, "HSDECL": "Y", "HSITEVAL": 122350, "VETEXAMT": 0, "EXPDESC": "", "ENDDATE": "", "STATUTE": "", "EXAMT_HS": 0, "EXAMT_NR": 0, "UVREDUC_HS": 0, "UVREDUC_NR": 0, "GLVAL_HS": 1224.0, "GLVAL_NR": 0.0, "CRHOUSPCT": 0.0, "MUNGL1PCT": 1223.5, "AOEGL_HS": 1224.0, "AOEGL_NR": 0.0, "E911ADDR": "44 LONG ST", "SHAPE_Length": 0.0019478924379947575, "SHAPE_Area": 2.3151650371418334e-07}, "geometry": {"type": "MultiPolygon", "coordinates": [[[[-72.50253321799994, 44.20560296600007], [-72.50253556399997, 44.20559818500004], [-72.50301335699999, 44.205727969000066], [-72.50301022999997, 44.20573120300003], [-72.50283078199993, 44.206071939000026], [-72.50278933999994, 44.206151111000054], [-72.50278816799994, 44.20615082900008], [-72.50257107599998, 44.206094558000075], [-72.50254731499996, 44.20608839800008], [-72.50231271799998, 44.20602385700005], [-72.50231310799995, 44.206023154000036], [-72.50235494199995, 44.20594145100006], [-72.50235572399998, 44.205940326000075], [-72.50244525299996, 44.20576988800008], [-72.50253321799994, 44.20560296600007]]]]}}, {"type": "Feature", "properties": {"OBJECTID": 7407, "SPAN": "036-011-13233", "GLIST_SPAN": "036-011-13233", "MAPID": "0110-0040.0000", "PARCID": "0110-0040-0000", "PROPTYPE": "PARCEL", "YEAR": 2023, "GLYEAR": 2022, "TOWN": "BARRE CITY", "TNAME": "Barre City", "SOURCENAME": null, "SOURCETYPE": "UNKNOWN", "SOURCEDATE": "UNKNOWN", "EDITMETHOD": "UNKNOWN", "EDITOR": "UNKNOWN", "EDITDATE": "UNKNOWN", "MATCHSTAT": "MATCH", "EDITNOTE": "UNKNOWN", "OWNER1": "DOW BONNIE ANN", "OWNER2": "", "ADDRGL1": "29 PARK ST APT 1", "ADDRGL2": "", "CITYGL": "NORTHFIELD", "STGL": "NH", "ZIPGL": "03276", "DESCPROP": "DOUBLEWIDE-0.29AC", "LOCAPROP": "BANK ST  40", "CAT": "Mobile Home/la", "RESCODE": "NS", "ACRESGL": 0.29, "REAL_FLV": 110300, "HSTED_FLV": 0, "NRES_FLV": 110300, "LAND_LV": 16700, "IMPRV_LV": 93600, "EQUIPVAL": 0, "EQUIPCODE": "", "INVENVAL": 0, "HSDECL": "N", "HSITEVAL": 110300, "VETEXAMT": 0, "EXPDESC": "", "ENDDATE": "", "STATUTE": "", "EXAMT_HS": 0, "EXAMT_NR": 0, "UVREDUC_HS": 0, "UVREDUC_NR": 0, "GLVAL_HS": 0.0, "GLVAL_NR": 1103.0, "CRHOUSPCT": 0.0, "MUNGL1PCT": 1103.0, "AOEGL_HS": 0.0, "AOEGL_NR": 1103.0, "E911ADDR": "40 BANK ST", "SHAPE_Length": 0.001473036041789815, "SHAPE_Area": 1.3106006188095656e-07}, "geometry": {"type": "MultiPolygon", "coordinates": [[[[-72.50294455799997, 44.20662078500004], [-72.50301110099997, 44.206510094000066], [-72.50315708999995, 44.20655209900008], [-72.50351287299998, 44.20665446700008], [-72.50346257999996, 44.20674003400006], [-72.50343873299994, 44.20678060800003], [-72.50341911199996, 44.20681398900007], [-72.50341754999994, 44.20681664600005], [-72.50341722199994, 44.20681720400006], [-72.50329296399997, 44.206905068000026], [-72.50328977299995, 44.20690356000006], [-72.50324885499998, 44.20688421400007], [-72.50299748899994, 44.20676537000003], [-72.50295151299997, 44.20663978300007], [-72.50294455799997, 44.20662078500004]]]]}}, {"type": "Feature", "properties": {"OBJECTID": 7409, "SPAN": "036-011-13234", "GLIST_SPAN": "036-011-13234", "MAPID": "1450-0005.0000", "PARCID": "1450-0005-0000", "PROPTYPE": "PARCEL", "YEAR": 2023, "GLYEAR": 2022, "TOWN": "BARRE CITY", "TNAME": "Barre City", "SOURCENAME": null, "SOURCETYPE": "UNKNOWN", "SOURCEDATE": "UNKNOWN", "EDITMETHOD": "UNKNOWN", "EDITOR": "UNKNOWN", "EDITDATE": "UNKNOWN", "MATCHSTAT": "MATCH", "EDITNOTE": "UNKNOWN", "OWNER1": "MCALLISTER BILL J & KRISTI J", "OWNER2": "", "ADDRGL1": "5 UNION ST", "ADDRGL2": "", "CITYGL": "BARRE", "STGL": "VT", "ZIPGL": "05641", "DESCPROP": "1 FAM-0.23AC", "LOCAPROP": "UNION ST   5", "CAT": "Commercial", "RESCODE": "T", "ACRESGL": 0.23, "REAL_FLV": 60140, "HSTED_FLV": 60140, "NRES_FLV": 0, "LAND_LV": 15300, "IMPRV_LV": 44840, "EQUIPVAL": 0, "EQUIPCODE": "", "INVENVAL": 0, "HSDECL": "Y", "HSITEVAL": 60140, "VETEXAMT": 0, "EXPDESC": "", "ENDDATE": "", "STATUTE": "", "EXAMT_HS": 0, "EXAMT_NR": 0, "UVREDUC_HS": 0, "UVREDUC_NR": 0, "GLVAL_HS": 601.0, "GLVAL_NR": 0.0, "CRHOUSPCT": 0.0, "MUNGL1PCT": 601.4, "AOEGL_HS": 601.0, "AOEGL_NR": 0.0, "E911ADDR": "5 UNION ST", "SHAPE_Length": 0.0013733255953590308, "SHAPE_Area": 1.0495775244419442e-07}, "geometry": {"type": "MultiPolygon", "coordinates": [[[[-72.50276093499997, 44.20702422700003], [-72.50299748899994, 44.20676537000003], [-72.50324885499998, 44.20688421400007], [-72.50328977299995, 44.20690356000006], [-72.50329296399997, 44.206905068000026], [-72.50299072899998, 44.207128745000034], [-72.50296821699999, 44.20714540500006], [-72.50295688599994, 44.20715379000006], [-72.50273737999999, 44.20705000300006], [-72.50274635399995, 44.20704018200007], [-72.50276093499997, 44.20702422700003]]]]}}, {"type": "Feature", "properties": {"OBJECTID": 7412, "SPAN": "036-011-13235", "GLIST_SPAN": "036-011-13235", "MAPID": "0965-0015.0000", "PARCID": "0965-0015-0000", "PROPTYPE": "PARCEL", "YEAR": 2023, "GLYEAR": 2022, "TOWN": "BARRE CITY", "TNAME": "Barre City", "SOURCENAME": null, "SOURCETYPE": "UNKNOWN", "SOURCEDATE": "UNKNOWN", "EDITMETHOD": "UNKNOWN", "EDITOR": "UNKNOWN", "EDITDATE": "UNKNOWN", "MATCHSTAT": "MATCH", "EDITNOTE": "UNKNOWN", "OWNER1": "SAMONEK JOSEPH & KATHERINE", "OWNER2": "", "ADDRGL1": "60 FOREST STREET", "ADDRGL2": "", "CITYGL": "MONROE", "STGL": "CT", "ZIPGL": "06468", "DESCPROP": "MOBILE HOME-0.29AC", "LOCAPROP": "LINDBERGH AVE  15", "CAT": "Mobile Home/la", "RESCODE": "NS", "ACRESGL": 0.29, "REAL_FLV": 76720, "HSTED_FLV": 0, "NRES_FLV": 76720, "LAND_LV": 15020, "IMPRV_LV": 61700, "EQUIPVAL": 0, "EQUIPCODE": "", "INVENVAL": 0, "HSDECL": "N", "HSITEVAL": 76720, "VETEXAMT": 0, "EXPDESC": "", "ENDDATE": "", "STATUTE": "", "EXAMT_HS": 0, "EXAMT_NR": 0, "UVREDUC_HS": 0, "UVREDUC_NR": 0, "GLVAL_HS": 0.0, "GLVAL_NR": 767.2, "CRHOUSPCT": 0.0, "MUNGL1PCT": 767.2, "AOEGL_HS": 0.0, "AOEGL_NR": 767.2, "E911ADDR": "15 LINDBERGH AVE", "SHAPE_Length": 0.0014415364094209804, "SHAPE_Area": 1.3456679005632067e-07}, "geometry": {"type": "MultiPolygon", "coordinates": [[[[-72.50266395799997, 44.206646971000055], [-72.50269771399996, 44.20657218600007], [-72.50278455299997, 44.20657392900006], [-72.50294455799997, 44.20662078500004], [-72.50295151299997, 44.20663978300007], [-72.50299748899994, 44.20676537000003], [-72.50276093499997, 44.20702422700003], [-72.50274635399995, 44.20704018200007], [-72.50273737999999, 44.20705000300006], [-72.50262324099998, 44.20699603400004], [-72.50260122899994, 44.20698566500005], [-72.50252671399994, 44.20695102700006], [-72.50253909699995, 44.20692359200007], [-72.50266395799997, 44.206646971000055]]]]}}, {"type": "Feature", "properties": {"OBJECTID": 7415, "SPAN": "036-011-12272", "GLIST_SPAN": "036-011-12272", "MAPID": "0570-0009.0000", "PARCID": "0570-0009-0000", "PROPTYPE": "PARCEL", "YEAR": 2023, "GLYEAR": 2022, "TOWN": "BARRE CITY", "TNAME": "Barre City", "SOURCENAME": null, "SOURCETYPE": "UNKNOWN", "SOURCEDATE": "UNKNOWN", "EDITMETHOD": "UNKNOWN", "EDITOR": "UNKNOWN", "EDITDATE": "UNKNOWN", "MATCHSTAT": "MATCH", "EDITNOTE": "UNKNOWN", "OWNER1": "BUZZI MICHAEL C & CHERYL D CO-TRUSTEES", "OWNER2": "OF THE BUZZI FAMILY TRUST", "ADDRGL1": "5 CLOVER LN", "ADDRGL2": "", "CITYGL": "BARRE", "STGL": "VT", "ZIPGL": "05641", "DESCPROP": "1 FAM-0.09AC", "LOCAPROP": "FARWELL ST   9", "CAT": "Residential-1", "RESCODE": "S", "ACRESGL": 0.09, "REAL_FLV": 47500, "HSTED_FLV": 0, "NRES_FLV": 47500, "LAND_LV": 9000, "IMPRV_LV": 38500, "EQUIPVAL": 0, "EQUIPCODE": "", "INVENVAL": 0, "HSDECL": "N", "HSITEVAL": 0, "VETEXAMT": 0, "EXPDESC": "", "ENDDATE": "", "STATUTE": "", "EXAMT_HS": 0, "EXAMT_NR": 0, "UVREDUC_HS": 0, "UVREDUC_NR": 0, "GLVAL_HS": 0.0, "GLVAL_NR": 475.0, "CRHOUSPCT": 0.0, "MUNGL1PCT": 475.0, "AOEGL_HS": 0.0, "AOEGL_NR": 475.0, "E911ADDR": "9 FARWELL ST", "SHAPE_Length": 0.001248529628450201, "SHAPE_Area": 4.3857386321403116e-08}, "geometry": {"type": "MultiPolygon", "coordinates": [[[[-72.50440498299997, 44.20705091000008], [-72.50440654699997, 44.20704669100007], [-72.50493674799998, 44.20716198000008], [-72.50494456799998, 44.20716338700004], [-72.50490899399995, 44.20723707500008], [-72.50490312799997, 44.20723566800007], [-72.50438934899995, 44.20712698800003], [-72.50438700299998, 44.207126566000056], [-72.50439012899994, 44.20709872300006], [-72.50439599299995, 44.207077628000036], [-72.50439990199999, 44.20706553500003], [-72.50440498299997, 44.20705091000008]]]]}}, {"type": "Feature", "properties": {"OBJECTID": 7440, "SPAN": "036-011-12278", "GLIST_SPAN": "036-011-12278", "MAPID": "0540-0015.0000", "PARCID": "0540-0015-0000", "PROPTYPE": "PARCEL", "YEAR": 2023, "GLYEAR": 2022, "TOWN": "BARRE CITY", "TNAME": "Barre City", "SOURCENAME": null, "SOURCETYPE": "UNKNOWN", "SOURCEDATE": "UNKNOWN", "EDITMETHOD": "UNKNOWN", "EDITOR": "UNKNOWN", "EDITDATE": "UNKNOWN", "MATCHSTAT": "MATCH", "EDITNOTE": "UNKNOWN", "OWNER1": "ROGERS JEFFREY A & ROGERS JAMES G", "OWNER2": "", "ADDRGL1": "401 CAMP ST", "ADDRGL2": "", "CITYGL": "BARRE", "STGL": "VT", "ZIPGL": "05641", "DESCPROP": "LAND-0.42AC", "LOCAPROP": "ELMWOOD AVE  15", "CAT": "Miscellaneous", "RESCODE": "S", "ACRESGL": 0.42, "REAL_FLV": 26400, "HSTED_FLV": 0, "NRES_FLV": 26400, "LAND_LV": 26400, "IMPRV_LV": 0, "EQUIPVAL": 0, "EQUIPCODE": "", "INVENVAL": 0, "HSDECL": "N", "HSITEVAL": 0, "VETEXAMT": 0, "EXPDESC": "", "ENDDATE": "", "STATUTE": "", "EXAMT_HS": 0, "EXAMT_NR": 0, "UVREDUC_HS": 0, "UVREDUC_NR": 0, "GLVAL_HS": 0.0, "GLVAL_NR": 264.0, "CRHOUSPCT": 0.0, "MUNGL1PCT": 264.0, "AOEGL_HS": 0.0, "AOEGL_NR": 264.0, "E911ADDR": "15 ELMWOOD AVE", "SHAPE_Length": 0.001909907021894844, "SHAPE_Area": 1.866861857424423e-07}, "geometry": {"type": "MultiPolygon", "coordinates": [[[[-72.50615072399995, 44.20645992900006], [-72.50626482099995, 44.20634959800003], [-72.50635378599998, 44.20637481000006], [-72.50643461999994, 44.20627503800006], [-72.50645043799994, 44.20623844600004], [-72.50673277599998, 44.206319793000034], [-72.50654934699998, 44.20672001600008], [-72.50617499299995, 44.20664431900008], [-72.50619035699998, 44.20661377500005], [-72.50602422199995, 44.206571765000035], [-72.50603304499998, 44.20656512100004], [-72.50615072399995, 44.20645992900006]]]]}}, {"type": "Feature", "properties": {"OBJECTID": 7461, "SPAN": "036-011-12283", "GLIST_SPAN": "036-011-12283", "MAPID": "0540-0065.0000", "PARCID": "0540-0065-0000", "PROPTYPE": "PARCEL", "YEAR": 2023, "GLYEAR": 2022, "TOWN": "BARRE CITY", "TNAME": "Barre City", "SOURCENAME": null, "SOURCETYPE": "UNKNOWN", "SOURCEDATE": "UNKNOWN", "EDITMETHOD": "UNKNOWN", "EDITOR": "UNKNOWN", "EDITDATE": "UNKNOWN", "MATCHSTAT": "MATCH", "EDITNOTE": "UNKNOWN", "OWNER1": "DEVITO MADDELENA", "OWNER2": "C/O ROBITAILLE DESIREE", "ADDRGL1": "65 ELMWOOD AVE", "ADDRGL2": "", "CITYGL": "BARRE", "STGL": "VT", "ZIPGL": "05641", "DESCPROP": "1 FAM-0.24AC", "LOCAPROP": "ELMWOOD AVE  65", "CAT": "Residential-1", "RESCODE": "T", "ACRESGL": 0.24, "REAL_FLV": 95460, "HSTED_FLV": 95460, "NRES_FLV": 0, "LAND_LV": 24500, "IMPRV_LV": 70960, "EQUIPVAL": 0, "EQUIPCODE": "", "INVENVAL": 0, "HSDECL": "Y", "HSITEVAL": 95460, "VETEXAMT": 0, "EXPDESC": "", "ENDDATE": "", "STATUTE": "", "EXAMT_HS": 0, "EXAMT_NR": 0, "UVREDUC_HS": 0, "UVREDUC_NR": 0, "GLVAL_HS": 955.0, "GLVAL_NR": 0.0, "CRHOUSPCT": 0.0, "MUNGL1PCT": 954.6, "AOEGL_HS": 955.0, "AOEGL_NR": 0.0, "E911ADDR": "65 ELMWOOD AVE", "SHAPE_Length": 0.001342591373697743, "SHAPE_Area": 1.0486478516791582e-07}, "geometry": {"type": "MultiPolygon", "coordinates": [[[[-72.50538805399998, 44.208195964000026], [-72.50549790399998, 44.207947337000064], [-72.50563671199995, 44.207980236000026], [-72.50590297399998, 44.20803899800006], [-72.50590220999999, 44.20804041000008], [-72.50574661399997, 44.208279900000036], [-72.50556987599998, 44.208238565000045], [-72.50538805399998, 44.208195964000026]]]]}}, {"type": "Feature", "properties": {"OBJECTID": 7517, "SPAN": "036-011-13300", "GLIST_SPAN": "036-011-13300", "MAPID": "0540-0039.0000", "PARCID": "0540-0039-0000", "PROPTYPE": "PARCEL", "YEAR": 2023, "GLYEAR": 2022, "TOWN": "BARRE CITY", "TNAME": "Barre City", "SOURCENAME": null, "SOURCETYPE": "UNKNOWN", "SOURCEDATE": "UNKNOWN", "EDITMETHOD": "UNKNOWN", "EDITOR": "UNKNOWN", "EDITDATE": "UNKNOWN", "MATCHSTAT": "MATCH", "EDITNOTE": "UNKNOWN", "OWNER1": "DANIELS MARTIN & KIMBERLIE", "OWNER2": "", "ADDRGL1": "680 ROUTE 12A", "ADDRGL2": "", "CITYGL": "NORTHFIELD", "STGL": "VT", "ZIPGL": "05663-6017", "DESCPROP": "2 APTS-0.23AC", "LOCAPROP": "ELMWOOD AVE  39", "CAT": "Residential-1", "RESCODE": "S", "ACRESGL": 0.23, "REAL_FLV": 148400, "HSTED_FLV": 0, "NRES_FLV": 148400, "LAND_LV": 24000, "IMPRV_LV": 124400, "EQUIPVAL": 0, "EQUIPCODE": "", "INVENVAL": 0, "HSDECL": "N", "HSITEVAL": 0, "VETEXAMT": 0, "EXPDESC": "", "ENDDATE": "", "STATUTE": "", "EXAMT_HS": 0, "EXAMT_NR": 0, "UVREDUC_HS": 0, "UVREDUC_NR": 0, "GLVAL_HS": 0.0, "GLVAL_NR": 1484.0, "CRHOUSPCT": 0.0, "MUNGL1PCT": 1484.0, "AOEGL_HS": 0.0, "AOEGL_NR": 1484.0, "E911ADDR": "39 ELMWOOD AVE", "SHAPE_Length": 0.0020508901520001027, "SHAPE_Area": 1.1075476982498195e-07}, "geometry": {"type": "MultiPolygon", "coordinates": [[[[-72.50556978399999, 44.20726221600006], [-72.50559245799997, 44.207222699000056], [-72.50559362999996, 44.20722073100006], [-72.50563819599995, 44.207143667000025], [-72.50599837999994, 44.207233115000065], [-72.50609371899998, 44.20705482500006], [-72.50633886199995, 44.20711902100004], [-72.50636373999998, 44.20712498200004], [-72.50629301799995, 44.20727928600007], [-72.50611497899996, 44.20724428600005], [-72.50559079799996, 44.20738840800004], [-72.50562004599993, 44.20727799400004], [-72.50556978399999, 44.20726221600006]]]]}}, {"type": "Feature", "properties": {"OBJECTID": 7554, "SPAN": "036-011-13318", "GLIST_SPAN": "036-011-13318", "MAPID": "1170-0085.0000", "PARCID": "1170-0085-0000", "PROPTYPE": "PARCEL", "YEAR": 2023, "GLYEAR": 2022, "TOWN": "BARRE CITY", "TNAME": "Barre City", "SOURCENAME": null, "SOURCETYPE": "UNKNOWN", "SOURCEDATE": "UNKNOWN", "EDITMETHOD": "UNKNOWN", "EDITOR": "UNKNOWN", "EDITDATE": "UNKNOWN", "MATCHSTAT": "MATCH", "EDITNOTE": "UNKNOWN", "OWNER1": "PORTER RENEE'", "OWNER2": "", "ADDRGL1": "85 PERRIN ST", "ADDRGL2": "", "CITYGL": "BARRE", "STGL": "VT", "ZIPGL": "05641", "DESCPROP": "1 FAM-0.81 & 0.6AC", "LOCAPROP": "PERRIN ST  85", "CAT": "Residential-1", "RESCODE": "T", "ACRESGL": 0.87, "REAL_FLV": 300750, "HSTED_FLV": 300750, "NRES_FLV": 0, "LAND_LV": 41620, "IMPRV_LV": 259130, "EQUIPVAL": 0, "EQUIPCODE": "", "INVENVAL": 0, "HSDECL": "Y", "HSITEVAL": 300750, "VETEXAMT": 0, "EXPDESC": "", "ENDDATE": "", "STATUTE": "", "EXAMT_HS": 0, "EXAMT_NR": 0, "UVREDUC_HS": 0, "UVREDUC_NR": 0, "GLVAL_HS": 3008.0, "GLVAL_NR": 0.0, "CRHOUSPCT": 0.0, "MUNGL1PCT": 3007.5, "AOEGL_HS": 3008.0, "AOEGL_NR": 0.0, "E911ADDR": "85 PERRIN ST", "SHAPE_Length": 0.0038501305979212817, "SHAPE_Area": 4.785415428480438e-07}, "geometry": {"type": "MultiPolygon", "coordinates": [[[[-72.50703444599998, 44.20710787100006], [-72.50703561799997, 44.207108153000036], [-72.50726318599999, 44.20716804300008], [-72.50727530799998, 44.207172402000026], [-72.50731596099996, 44.207085635000055], [-72.50758654199996, 44.20716788200008], [-72.50758732399999, 44.20716816300006], [-72.50777891999996, 44.207227353000064], [-72.50773240199999, 44.20731243300003], [-72.50744392099995, 44.20791910200006], [-72.50744353099998, 44.207921071000044], [-72.50744235799993, 44.20792078900007], [-72.50740755799995, 44.20791277600006], [-72.50720618599996, 44.207868774000076], [-72.50708536299999, 44.20784220400003], [-72.50699894899998, 44.20782308500003], [-72.50696453999996, 44.207815493000055], [-72.50696532199999, 44.20781366500006], [-72.50714122899996, 44.20744958000006], [-72.50689489299998, 44.207396439000036], [-72.50703405399997, 44.207108996000045], [-72.50703444599998, 44.20710787100006]]], [[[-72.50707783499996, 44.207021104000034], [-72.50703444599998, 44.20710787100006], [-72.50673336799997, 44.207026609000025], [-72.50684166599996, 44.206959244000075], [-72.50684362199996, 44.20696036900006], [-72.50707783499996, 44.207021104000034]]]]}}, {"type": "Feature", "properties": {"OBJECTID": 7570, "SPAN": "036-011-12313", "GLIST_SPAN": "036-011-12313", "MAPID": "1205-0021.0000", "PARCID": "1205-0021-0000", "PROPTYPE": "PARCEL", "YEAR": 2023, "GLYEAR": 2022, "TOWN": "BARRE CITY", "TNAME": "Barre City", "SOURCENAME": null, "SOURCETYPE": "UNKNOWN", "SOURCEDATE": "UNKNOWN", "EDITMETHOD": "UNKNOWN", "EDITOR": "UNKNOWN", "EDITDATE": "UNKNOWN", "MATCHSTAT": "MATCH", "EDITNOTE": "UNKNOWN", "OWNER1": "LAWRENCE JUSTIN & JENNIFER", "OWNER2": "", "ADDRGL1": "471 CROSSTOWN RD", "ADDRGL2": "", "CITYGL": "BERLIN", "STGL": "VT", "ZIPGL": "05602", "DESCPROP": "3 APTS-0.24AC", "LOCAPROP": "PLEASANT ST  21", "CAT": "Residential-1", "RESCODE": "S", "ACRESGL": 0.24, "REAL_FLV": 141300, "HSTED_FLV": 0, "NRES_FLV": 141300, "LAND_LV": 27300, "IMPRV_LV": 114000, "EQUIPVAL": 0, "EQUIPCODE": "", "INVENVAL": 0, "HSDECL": "N", "HSITEVAL": 0, "VETEXAMT": 0, "EXPDESC": "", "ENDDATE": "", "STATUTE": "", "EXAMT_HS": 0, "EXAMT_NR": 0, "UVREDUC_HS": 0, "UVREDUC_NR": 0, "GLVAL_HS": 0.0, "GLVAL_NR": 1413.0, "CRHOUSPCT": 0.0, "MUNGL1PCT": 1413.0, "AOEGL_HS": 0.0, "AOEGL_NR": 1413.0, "E911ADDR": "21 PLEASANT ST", "SHAPE_Length": 0.0013869979005395456, "SHAPE_Area": 1.1652171138585573e-07}, "geometry": {"type": "MultiPolygon", "coordinates": [[[[-72.50724428499996, 44.20608088400007], [-72.50740572199999, 44.20573944000006], [-72.50771578499996, 44.20582084100005], [-72.50754222899997, 44.20615708300005], [-72.50754144799998, 44.206159755000044], [-72.50753949299997, 44.206158489000074], [-72.50725132299993, 44.20608271200007], [-72.50724428499996, 44.20608088400007]]]]}}, {"type": "Feature", "properties": {"OBJECTID": 7651, "SPAN": "036-011-12751", "GLIST_SPAN": "036-011-12751", "MAPID": "1205-0019.0000", "PARCID": "1205-0019-0000", "PROPTYPE": "PARCEL", "YEAR": 2023, "GLYEAR": 2022, "TOWN": "BARRE CITY", "TNAME": "Barre City", "SOURCENAME": null, "SOURCETYPE": "UNKNOWN", "SOURCEDATE": "UNKNOWN", "EDITMETHOD": "UNKNOWN", "EDITOR": "UNKNOWN", "EDITDATE": "UNKNOWN", "MATCHSTAT": "MATCH", "EDITNOTE": "UNKNOWN", "OWNER1": "SETIEN KRISTINA & TROMBINO TERRY L", "OWNER2": "", "ADDRGL1": "19 PLEASANT ST", "ADDRGL2": "", "CITYGL": "BARRE", "STGL": "VT", "ZIPGL": "05641", "DESCPROP": "1 FAM-0.13AC", "LOCAPROP": "PLEASANT ST  19", "CAT": "Residential-1", "RESCODE": "T", "ACRESGL": 0.13, "REAL_FLV": 134570, "HSTED_FLV": 134570, "NRES_FLV": 0, "LAND_LV": 10600, "IMPRV_LV": 123970, "EQUIPVAL": 0, "EQUIPCODE": "", "INVENVAL": 0, "HSDECL": "Y", "HSITEVAL": 134570, "VETEXAMT": 0, "EXPDESC": "", "ENDDATE": "", "STATUTE": "", "EXAMT_HS": 0, "EXAMT_NR": 0, "UVREDUC_HS": 0, "UVREDUC_NR": 0, "GLVAL_HS": 1346.0, "GLVAL_NR": 0.0, "CRHOUSPCT": 0.0, "MUNGL1PCT": 1345.7, "AOEGL_HS": 1346.0, "AOEGL_NR": 0.0, "E911ADDR": "19 PLEASANT ST", "SHAPE_Length": 0.0018464440965189949, "SHAPE_Area": 7.73447351809588e-08}, "geometry": {"type": "MultiPolygon", "coordinates": [[[[-72.50701206099995, 44.20628733400008], [-72.50728842099994, 44.205708651000066], [-72.50740572199999, 44.20573944000006], [-72.50724428499996, 44.20608088400007], [-72.50698353899998, 44.206393932000026], [-72.50696442499998, 44.20641688500007], [-72.50687366199998, 44.20639477900005], [-72.50690611299996, 44.20637480900007], [-72.50701206099995, 44.20628733400008]]]]}}, {"type": "Feature", "properties": {"OBJECTID": 7671, "SPAN": "036-011-12761", "GLIST_SPAN": "036-011-12761", "MAPID": "0995-0121.0000", "PARCID": "0995-0121-0000", "PROPTYPE": "PARCEL", "YEAR": 2023, "GLYEAR": 2022, "TOWN": "BARRE CITY", "TNAME": "Barre City", "SOURCENAME": null, "SOURCETYPE": "UNKNOWN", "SOURCEDATE": "UNKNOWN", "EDITMETHOD": "UNKNOWN", "EDITOR": "UNKNOWN", "EDITDATE": "UNKNOWN", "MATCHSTAT": "MATCH", "EDITNOTE": "UNKNOWN", "OWNER1": "PAUL LUKE", "OWNER2": "", "ADDRGL1": "121 MAPLE AVE", "ADDRGL2": "", "CITYGL": "BARRE", "STGL": "VT", "ZIPGL": "05641", "DESCPROP": "2 APTS-0.24AC", "LOCAPROP": "MAPLE AVE 121", "CAT": "Residential-1", "RESCODE": "T", "ACRESGL": 0.24, "REAL_FLV": 99450, "HSTED_FLV": 58870, "NRES_FLV": 40580, "LAND_LV": 18280, "IMPRV_LV": 81170, "EQUIPVAL": 0, "EQUIPCODE": "", "INVENVAL": 0, "HSDECL": "Y", "HSITEVAL": 58870, "VETEXAMT": 0, "EXPDESC": "", "ENDDATE": "", "STATUTE": "", "EXAMT_HS": 0, "EXAMT_NR": 0, "UVREDUC_HS": 0, "UVREDUC_NR": 0, "GLVAL_HS": 589.0, "GLVAL_NR": 405.8, "CRHOUSPCT": 0.0, "MUNGL1PCT": 994.5, "AOEGL_HS": 589.0, "AOEGL_NR": 405.8, "E911ADDR": "121 MAPLE AVE", "SHAPE_Length": 0.0012995033449307426, "SHAPE_Area": 9.287749046009143e-08}, "geometry": {"type": "MultiPolygon", "coordinates": [[[[-72.50237768799997, 44.20766127600007], [-72.50259585999999, 44.20749533600008], [-72.50291961099998, 44.20756929500004], [-72.50287191099994, 44.20761514000003], [-72.50281795599994, 44.20766365600008], [-72.50279449599998, 44.20768278200006], [-72.50272490099997, 44.20774606400005], [-72.50272372799998, 44.20774718900003], [-72.50268071899995, 44.20778543900008], [-72.50262598099994, 44.20782383100004], [-72.50262402599998, 44.207825237000065], [-72.50237534199994, 44.20766408900005], [-72.50237416899995, 44.207663385000046], [-72.50237768799997, 44.20766127600007]]]]}}, {"type": "Feature", "properties": {"OBJECTID": 7686, "SPAN": "036-011-12356", "GLIST_SPAN": "036-011-12356", "MAPID": "0975-0010.0000", "PARCID": "0975-0010-0000", "PROPTYPE": "PARCEL", "YEAR": 2023, "GLYEAR": 2022, "TOWN": "BARRE CITY", "TNAME": "Barre City", "SOURCENAME": null, "SOURCETYPE": "UNKNOWN", "SOURCEDATE": "UNKNOWN", "EDITMETHOD": "UNKNOWN", "EDITOR": "UNKNOWN", "EDITDATE": "UNKNOWN", "MATCHSTAT": "MATCH", "EDITNOTE": "UNKNOWN", "OWNER1": "HOWARD JONATHAN JEFFREY", "OWNER2": "", "ADDRGL1": "PO BOX 573", "ADDRGL2": "", "CITYGL": "E BARRE", "STGL": "VT", "ZIPGL": "05649-0573", "DESCPROP": "MOBILE HOME-0.40AC", "LOCAPROP": "LUNDE LN  10", "CAT": "Mobile Home/la", "RESCODE": "T", "ACRESGL": 0.4, "REAL_FLV": 72900, "HSTED_FLV": 72900, "NRES_FLV": 0, "LAND_LV": 30200, "IMPRV_LV": 42700, "EQUIPVAL": 0, "EQUIPCODE": "", "INVENVAL": 0, "HSDECL": "Y", "HSITEVAL": 72900, "VETEXAMT": 0, "EXPDESC": "", "ENDDATE": "", "STATUTE": "", "EXAMT_HS": 0, "EXAMT_NR": 0, "UVREDUC_HS": 0, "UVREDUC_NR": 0, "GLVAL_HS": 729.0, "GLVAL_NR": 0.0, "CRHOUSPCT": 0.0, "MUNGL1PCT": 729.0, "AOEGL_HS": 729.0, "AOEGL_NR": 0.0, "E911ADDR": "10 LUNDE LN", "SHAPE_Length": 0.0020157073826821445, "SHAPE_Area": 1.7962747381229292e-07}, "geometry": {"type": "MultiPolygon", "coordinates": [[[[-72.50662386799996, 44.20683424300006], [-72.50687366199998, 44.20639477900005], [-72.50696442499998, 44.20641688500007], [-72.50705502899996, 44.20643895300003], [-72.50735989399993, 44.20651320400003], [-72.50735970699998, 44.20651781000004], [-72.50735226399996, 44.20670112500005], [-72.50734546999996, 44.206699161000074], [-72.50733863099998, 44.20669728300004], [-72.50733174499999, 44.20669549200005], [-72.50732481799997, 44.20669378700006], [-72.50731784999994, 44.206692169000064], [-72.50731084499995, 44.20669064000003], [-72.50730380299996, 44.20668919700006], [-72.50729672699998, 44.206687844000044], [-72.50728961899995, 44.20668658000005], [-72.50728248199994, 44.20668540600008], [-72.50727531799998, 44.20668432100007], [-72.50726812799996, 44.206683326000075], [-72.50726091499996, 44.20668242100004], [-72.50725368199994, 44.20668160800005], [-72.50724642999995, 44.206680885000026], [-72.50723916099997, 44.20668025400005], [-72.50723187899996, 44.20667971300003], [-72.50722458299998, 44.20667926500005], [-72.50721727899997, 44.206678907000025], [-72.50720996699994, 44.20667864200004], [-72.50720264999995, 44.206678468000064], [-72.50719532899996, 44.20667838600008], [-72.50718800699997, 44.206678397000076], [-72.50718068599997, 44.20667849900008], [-72.50717337099996, 44.20667869300007], [-72.50716605999997, 44.20667897900006], [-72.50715875699996, 44.20667935600005], [-72.50715146499994, 44.20667982600003], [-72.50714418499996, 44.20668038700006], [-72.50713691899995, 44.206681039000046], [-72.50712967099997, 44.20668178200003], [-72.50712244199997, 44.20668261600008], [-72.50711523399997, 44.20668354000003], [-72.50711411199995, 44.20668369900005], [-72.50710804999994, 44.20668455500004], [-72.50710089199998, 44.20668566000006], [-72.50709376199995, 44.206686854000054], [-72.50708665999997, 44.20668813800006], [-72.50707959199997, 44.206689511000036], [-72.50707255799995, 44.206690973000036], [-72.50706556099993, 44.20669252300007], [-72.50705860199997, 44.20669415900005], [-72.50705168399998, 44.206695884000055], [-72.50704480899998, 44.20669769400007], [-72.50703797899996, 44.206699592000064], [-72.50703119499997, 44.20670157400008], [-72.50702446199995, 44.20670364100005], [-72.50701777899997, 44.20670579200004], [-72.50701114999998, 44.20670802700005], [-72.50700457499994, 44.20671034500003], [-72.50699805799997, 44.20671274500006], [-72.50699160099998, 44.206715227000075], [-72.50698520399999, 44.20671778900004], [-72.50697887099994, 44.206720431000065], [-72.50697260299995, 44.20672315200005], [-72.50696640099994, 44.206725952000056], [-72.50696026799994, 44.20672882800005], [-72.50695420599999, 44.20673178200008], [-72.50694821699994, 44.20673481100005], [-72.50694230199997, 44.206737915000076], [-72.50693646299999, 44.20674109200007], [-72.50693070299997, 44.206744342000036], [-72.50692502199996, 44.20674766500008], [-72.50691942199995, 44.206751058000066], [-72.50691390599997, 44.20675452000006], [-72.50690847499999, 44.206758052000055], [-72.50690595499998, 44.20675973300007], [-72.50672934999994, 44.206878517000064], [-72.50672852399998, 44.20687906300003], [-72.50672768499999, 44.20687959900005], [-72.50672683199997, 44.206880123000076], [-72.50672596699997, 44.20688063800003], [-72.50672508999997, 44.20688114100005], [-72.50672420099994, 44.20688163400007], [-72.50672329999998, 44.20688211400005], [-72.50672238599998, 44.20688258400003], [-72.50672146299996, 44.20688304200007], [-72.50672052699997, 44.20688348900006], [-72.50671958099997, 44.20688392400007], [-72.50671862599995, 44.20688434700003], [-72.50671765999994, 44.20688475700007], [-72.50671668399997, 44.206885155000066], [-72.50671569799994, 44.20688554100008], [-72.50671470299994, 44.20688591500004], [-72.50671369999998, 44.20688627700008], [-72.50671268799994, 44.20688662500004], [-72.50671166799998, 44.206886961000066], [-72.50671063799996, 44.20688728400006], [-72.50670960199994, 44.20688759400008], [-72.50670855899995, 44.206887891000065], [-72.50670750899997, 44.20688817400003], [-72.50670645099996, 44.20688844400007], [-72.50670538699995, 44.20688870200007], [-72.50670431799995, 44.20688894600005], [-72.50670324299995, 44.20688917600006], [-72.50670216199995, 44.20688939200005], [-72.50670107599996, 44.20688959600005], [-72.50669998499995, 44.206889785000044], [-72.50669888899995, 44.20688996100006], [-72.50669778999998, 44.20689012300005], [-72.50669668699999, 44.20689027100008], [-72.50669558099997, 44.20689040500008], [-72.50669447099995, 44.20689052600005], [-72.50669335899994, 44.20689063200007], [-72.50669224399996, 44.20689072500005], [-72.50669112599996, 44.20689080300008], [-72.50669000799996, 44.20689086800007], [-72.50668888799999, 44.206890918000056], [-72.50668775099996, 44.20689114700008], [-72.50668663499994, 44.206891099000075], [-72.50668551699994, 44.20689105100007], [-72.50668439899994, 44.20689100200008], [-72.50668327899996, 44.20689095400007], [-72.50668215899998, 44.20689090500008], [-72.50668103899994, 44.206890858000065], [-72.50667991999995, 44.20689080900007], [-72.50667890499994, 44.20689074900008], [-72.50667768599999, 44.20689064700008], [-72.50667657399998, 44.20689054300004], [-72.50667546299997, 44.20689042500004], [-72.50667435699995, 44.20689029300007], [-72.50667325299997, 44.20689014700008], [-72.50667215199996, 44.20688998700007], [-72.50667105699995, 44.20688981300003], [-72.50666996499996, 44.20688962600008], [-72.50666887899996, 44.20688942500004], [-72.50666779699998, 44.20688921100003], [-72.50666672099999, 44.206888982000066], [-72.50666564999995, 44.20688874000007], [-72.50666458499995, 44.206888485000036], [-72.50666352599995, 44.20688821700003], [-72.50666247499998, 44.206887936000044], [-72.50666142999995, 44.20688764000005], [-72.50666039299995, 44.206887333000054], [-72.50665936299998, 44.20688701100005], [-72.50665834099993, 44.206886678000046], [-72.50665732799996, 44.20688633100008], [-72.50665632299996, 44.206885972000066], [-72.50665532699998, 44.20688560100007], [-72.50665433999995, 44.206885216000046], [-72.50665336199995, 44.20688481900004], [-72.50665239499995, 44.20688441100003], [-72.50665143699996, 44.20688399000005], [-72.50665048999997, 44.206883557000026], [-72.50664955399998, 44.20688311200007], [-72.50664862799994, 44.20688265600006], [-72.50664771299995, 44.206882188000066], [-72.50664680999995, 44.20688170900007], [-72.50664591899994, 44.20688121900008], [-72.50664503899998, 44.20688071700005], [-72.50664417299998, 44.20688020500006], [-72.50664331899998, 44.20687968100003], [-72.50664247699996, 44.20687914700005], [-72.50664164799997, 44.206878602000074], [-72.50664083399994, 44.20687804800008], [-72.50664003199995, 44.20687748300003], [-72.50663924399998, 44.20687690800003], [-72.50663847099997, 44.206876323000074], [-72.50663771199999, 44.206875729000046], [-72.50663696699996, 44.20687512500007], [-72.50663623599996, 44.20687451200007], [-72.50663552199995, 44.206873889000065], [-72.50663482199997, 44.20687325800003], [-72.50663413799998, 44.206872618000034], [-72.50663346999994, 44.206871971000055], [-72.50663281599998, 44.20687131400007], [-72.50663217999994, 44.20687064900005], [-72.50663155899997, 44.20686997700005], [-72.50663095399995, 44.206869297000026], [-72.50663036599997, 44.206868609000026], [-72.50662979599997, 44.20686791400004], [-72.50662924299996, 44.20686721200008], [-72.50662870599996, 44.20686650300007], [-72.50662818499995, 44.20686578800007], [-72.50662768299998, 44.206865066000034], [-72.50662719899998, 44.20686433800006], [-72.50662673199997, 44.206863604000034], [-72.50662628299995, 44.20686286400007], [-72.50662585299995, 44.20686211900005], [-72.50662543999994, 44.206861368000034], [-72.50662504499996, 44.20686061200007], [-72.50662466999995, 44.206859852000036], [-72.50662431199999, 44.206859087000055], [-72.50662397299999, 44.20685831700007], [-72.50662365199997, 44.20685754300007], [-72.50662335199996, 44.206856766000044], [-72.50662306899994, 44.20685598500006], [-72.50662280499995, 44.206855200000064], [-72.50662256099997, 44.20685441200004], [-72.50662233599996, 44.20685362100005], [-72.50662213099997, 44.20685282800008], [-72.50662194299997, 44.20685203200003], [-72.50662177599997, 44.206851234000055], [-72.50662162899994, 44.206850434000046], [-72.50662149999994, 44.20684963200006], [-72.50662139099995, 44.206848828000034], [-72.50662129999995, 44.20684802300008], [-72.50662122999995, 44.206847218000064], [-72.50662117999997, 44.20684641200006], [-72.50662114999994, 44.20684560400008], [-72.50662113899995, 44.20684479800008], [-72.50662114599999, 44.20684399100003], [-72.50662117499996, 44.206843183000046], [-72.50662122199998, 44.206842377000044], [-72.50662128799996, 44.20684157100004], [-72.50662137499995, 44.206840767000074], [-72.50662148099997, 44.20683996300005], [-72.50662160699994, 44.20683916000007], [-72.50662175199994, 44.20683836000006], [-72.50662229399995, 44.206836957000064], [-72.50662386799996, 44.20683424300006]]]]}}, {"type": "Feature", "properties": {"OBJECTID": 7768, "SPAN": "036-011-12397", "GLIST_SPAN": "036-011-12397", "MAPID": "0240-0068.0000", "PARCID": "0240-0068-0000", "PROPTYPE": "PARCEL", "YEAR": 2023, "GLYEAR": 2022, "TOWN": "BARRE CITY", "TNAME": "Barre City", "SOURCENAME": null, "SOURCETYPE": "UNKNOWN", "SOURCEDATE": "UNKNOWN", "EDITMETHOD": "UNKNOWN", "EDITOR": "UNKNOWN", "EDITDATE": "UNKNOWN", "MATCHSTAT": "MATCH", "EDITNOTE": "UNKNOWN", "OWNER1": "PEPIN BONNIE J - LIFE ESTATE; FEWER", "OWNER2": "CYRIAS & JAIMES LEE", "ADDRGL1": "68 BROOK ST", "ADDRGL2": "", "CITYGL": "BARRE", "STGL": "VT", "ZIPGL": "05641-2801", "DESCPROP": "1 FAM-0.07AC", "LOCAPROP": "BROOK ST  68", "CAT": "Residential-1", "RESCODE": "T", "ACRESGL": 0.07, "REAL_FLV": 96470, "HSTED_FLV": 96470, "NRES_FLV": 0, "LAND_LV": 8320, "IMPRV_LV": 88150, "EQUIPVAL": 0, "EQUIPCODE": "", "INVENVAL": 0, "HSDECL": "Y", "HSITEVAL": 96470, "VETEXAMT": 0, "EXPDESC": "", "ENDDATE": "", "STATUTE": "", "EXAMT_HS": 0, "EXAMT_NR": 0, "UVREDUC_HS": 0, "UVREDUC_NR": 0, "GLVAL_HS": 965.0, "GLVAL_NR": 0.0, "CRHOUSPCT": 0.0, "MUNGL1PCT": 964.7, "AOEGL_HS": 965.0, "AOEGL_NR": 0.0, "E911ADDR": "68 BROOK ST", "SHAPE_Length": 0.0009575287327267908, "SHAPE_Area": 3.944296702750295e-08}, "geometry": {"type": "MultiPolygon", "coordinates": [[[[-72.50626013299996, 44.205810805000056], [-72.50630821499993, 44.20572924000004], [-72.50631251699997, 44.205730506000066], [-72.50666793599999, 44.20583032900004], [-72.50660108999995, 44.20593678400007], [-72.50659835199997, 44.20593565900003], [-72.50626677999998, 44.20581333600006], [-72.50626013299996, 44.205810805000056]]]]}}, {"type": "Feature", "properties": {"OBJECTID": 7839, "SPAN": "036-011-12846", "GLIST_SPAN": "036-011-12846", "MAPID": "0240-0078.0000", "PARCID": "0240-0078-0000", "PROPTYPE": "PARCEL", "YEAR": 2023, "GLYEAR": 2022, "TOWN": "BARRE CITY", "TNAME": "Barre City", "SOURCENAME": null, "SOURCETYPE": "UNKNOWN", "SOURCEDATE": "UNKNOWN", "EDITMETHOD": "UNKNOWN", "EDITOR": "UNKNOWN", "EDITDATE": "UNKNOWN", "MATCHSTAT": "MATCH", "EDITNOTE": "UNKNOWN", "OWNER1": "DOWNSTREET HOUSING AND COMMUNITY", "OWNER2": "DEVELOPMENT INC", "ADDRGL1": "22 KEITH AVE", "ADDRGL2": "", "CITYGL": "BARRE", "STGL": "VT", "ZIPGL": "05641", "DESCPROP": "2 FAMILY-0.08AC", "LOCAPROP": "BROOK ST  78", "CAT": "Residential-1", "RESCODE": "C", "ACRESGL": 0.08, "REAL_FLV": 117900, "HSTED_FLV": 0, "NRES_FLV": 117900, "LAND_LV": 11500, "IMPRV_LV": 106400, "EQUIPVAL": 0, "EQUIPCODE": "", "INVENVAL": 0, "HSDECL": "N", "HSITEVAL": 0, "VETEXAMT": 0, "EXPDESC": "Qualified Housing Units", "ENDDATE": "", "STATUTE": "", "EXAMT_HS": 0, "EXAMT_NR": 11800, "UVREDUC_HS": 0, "UVREDUC_NR": 0, "GLVAL_HS": 0.0, "GLVAL_NR": 1061.0, "CRHOUSPCT": 0.0, "MUNGL1PCT": 1179.0, "AOEGL_HS": 0.0, "AOEGL_NR": 1061.0, "E911ADDR": "78 BROOK ST", "SHAPE_Length": 0.0009769090004929204, "SHAPE_Area": 4.225729583264621e-08}, "geometry": {"type": "MultiPolygon", "coordinates": [[[[-72.50590515799996, 44.206239022000034], [-72.50592645299997, 44.206214412000065], [-72.50617952699997, 44.20632775800004], [-72.50626482099995, 44.20634959800003], [-72.50615072399995, 44.20645992900006], [-72.50614329399997, 44.20645571100005], [-72.50585042499995, 44.206292321000035], [-72.50590124899998, 44.206242960000054], [-72.50590515799996, 44.206239022000034]]]]}}, {"type": "Feature", "properties": {"OBJECTID": 7846, "SPAN": "036-011-12438", "GLIST_SPAN": "036-011-12438", "MAPID": "0995-0076.0000", "PARCID": "0995-0076-0000", "PROPTYPE": "PARCEL", "YEAR": 2023, "GLYEAR": 2022, "TOWN": "BARRE CITY", "TNAME": "Barre City", "SOURCENAME": null, "SOURCETYPE": "UNKNOWN", "SOURCEDATE": "UNKNOWN", "EDITMETHOD": "UNKNOWN", "EDITOR": "UNKNOWN", "EDITDATE": "UNKNOWN", "MATCHSTAT": "MATCH", "EDITNOTE": "UNKNOWN", "OWNER1": "PIERCE JONATHAN D & AMANDA", "OWNER2": "", "ADDRGL1": "44 CASSIE ST", "ADDRGL2": "", "CITYGL": "BARRE", "STGL": "VT", "ZIPGL": "05641", "DESCPROP": "3 APTS-2 BLDGS-0.18AC", "LOCAPROP": "MAPLE AVE  76 & 78", "CAT": "Residential-1", "RESCODE": "T", "ACRESGL": 0.18, "REAL_FLV": 165300, "HSTED_FLV": 0, "NRES_FLV": 165300, "LAND_LV": 13500, "IMPRV_LV": 151800, "EQUIPVAL": 0, "EQUIPCODE": "", "INVENVAL": 0, "HSDECL": "N", "HSITEVAL": 0, "VETEXAMT": 0, "EXPDESC": "", "ENDDATE": "", "STATUTE": "", "EXAMT_HS": 0, "EXAMT_NR": 0, "UVREDUC_HS": 0, "UVREDUC_NR": 0, "GLVAL_HS": 0.0, "GLVAL_NR": 1653.0, "CRHOUSPCT": 0.0, "MUNGL1PCT": 1653.0, "AOEGL_HS": 0.0, "AOEGL_NR": 1653.0, "E911ADDR": "76 MAPLE AVE", "SHAPE_Length": 0.0013528284810673454, "SHAPE_Area": 9.277147750151955e-08}, "geometry": {"type": "MultiPolygon", "coordinates": [[[[-72.50484592999999, 44.20586698300008], [-72.50484857999999, 44.20586048700005], [-72.50485134099995, 44.205861148000054], [-72.50485251499998, 44.20586142800005], [-72.50531720399994, 44.20596207600005], [-72.50524089799995, 44.206144186000074], [-72.50477243899996, 44.20604135900004], [-72.50484475799993, 44.20587049800008], [-72.50484592999999, 44.20586698300008]]]]}}, {"type": "Feature", "properties": {"OBJECTID": 7892, "SPAN": "036-011-12462", "GLIST_SPAN": "036-011-12462", "MAPID": "1250-0014.0000", "PARCID": "1250-0014-0000", "PROPTYPE": "PARCEL", "YEAR": 2023, "GLYEAR": 2022, "TOWN": "BARRE CITY", "TNAME": "Barre City", "SOURCENAME": null, "SOURCETYPE": "UNKNOWN", "SOURCEDATE": "UNKNOWN", "EDITMETHOD": "UNKNOWN", "EDITOR": "UNKNOWN", "EDITDATE": "UNKNOWN", "MATCHSTAT": "MATCH", "EDITNOTE": "UNKNOWN", "OWNER1": "CITY OF BARRE", "OWNER2": "", "ADDRGL1": "6 N MAIN ST", "ADDRGL2": "", "CITYGL": "BARRE", "STGL": "VT", "ZIPGL": "05641", "DESCPROP": "LAND-FLOOD PROJECT -0.22AC +0.19AC", "LOCAPROP": "REID ST  14", "CAT": "Miscellaneous", "RESCODE": "C", "ACRESGL": 0.41, "REAL_FLV": 27200, "HSTED_FLV": 0, "NRES_FLV": 27200, "LAND_LV": 27200, "IMPRV_LV": 0, "EQUIPVAL": 0, "EQUIPCODE": "", "INVENVAL": 0, "HSDECL": "N", "HSITEVAL": 27200, "VETEXAMT": 0, "EXPDESC": "Statutory", "ENDDATE": "", "STATUTE": "", "EXAMT_HS": 0, "EXAMT_NR": 0, "UVREDUC_HS": 0, "UVREDUC_NR": 0, "GLVAL_HS": 0.0, "GLVAL_NR": 0.0, "CRHOUSPCT": 0.0, "MUNGL1PCT": 0.0, "AOEGL_HS": 0.0, "AOEGL_NR": 0.0, "E911ADDR": "REID ST", "SHAPE_Length": 0.0029097959453239066, "SHAPE_Area": 1.8489149825762967e-07}, "geometry": {"type": "MultiPolygon", "coordinates": [[[[-72.50545509099999, 44.20575445500003], [-72.50552192599997, 44.20559048500007], [-72.50575143999998, 44.205641240000034], [-72.50587655799995, 44.20566893600005], [-72.50607010199997, 44.205711816000075], [-72.50607792199997, 44.20571406600004], [-72.50605954799994, 44.20573811300005], [-72.50604078299995, 44.20575920700003], [-72.50601185199997, 44.20578185000005], [-72.50599464999993, 44.20579928800004], [-72.50598526799996, 44.20581785100006], [-72.50597940599994, 44.205839507000064], [-72.50597471699996, 44.20586214700006], [-72.50597362699995, 44.20586464000007], [-72.50597251999994, 44.20586454100004], [-72.50597095599994, 44.20586440100004], [-72.50545509099999, 44.20575445500003]]], [[[-72.50531720399994, 44.20596207600005], [-72.50538981399995, 44.20578878900005], [-72.50540323299998, 44.205791727000076], [-72.50540401499995, 44.20579214900005], [-72.50594867299998, 44.20590968400006], [-72.50595099699996, 44.20591018500005], [-72.50594813499998, 44.205915023000045], [-72.50594422499995, 44.20592205500003], [-72.50593640699998, 44.205937524000035], [-72.50592272299997, 44.20595144600003], [-72.50590434899993, 44.20596508700004], [-72.50588753699998, 44.20597605700004], [-72.50587111599998, 44.20598421400007], [-72.50585039499998, 44.20599152700004], [-72.50582224399994, 44.20599757600007], [-72.50578627399995, 44.206004187000076], [-72.50575147499995, 44.20600840700007], [-72.50572137099994, 44.20601881500005], [-72.50567797199994, 44.206036536000056], [-72.50567005499994, 44.206038499000044], [-72.50531720399994, 44.20596207600005]]]]}}, {"type": "Feature", "properties": {"OBJECTID": 7924, "SPAN": "036-011-12479", "GLIST_SPAN": "036-011-12479", "MAPID": "0995-0085.0000", "PARCID": "0995-0085-0000", "PROPTYPE": "PARCEL", "YEAR": 2023, "GLYEAR": 2022, "TOWN": "BARRE CITY", "TNAME": "Barre City", "SOURCENAME": null, "SOURCETYPE": "UNKNOWN", "SOURCEDATE": "UNKNOWN", "EDITMETHOD": "UNKNOWN", "EDITOR": "UNKNOWN", "EDITDATE": "UNKNOWN", "MATCHSTAT": "MATCH", "EDITNOTE": "UNKNOWN", "OWNER1": "POMER ROBERT D & LINDA K", "OWNER2": "", "ADDRGL1": "85 MAPLE AVE", "ADDRGL2": "", "CITYGL": "BARRE", "STGL": "VT", "ZIPGL": "05641", "DESCPROP": "1 FAM-0.20AC", "LOCAPROP": "MAPLE AVE  85", "CAT": "Residential-1", "RESCODE": "T", "ACRESGL": 0.2, "REAL_FLV": 104300, "HSTED_FLV": 104300, "NRES_FLV": 0, "LAND_LV": 15880, "IMPRV_LV": 88420, "EQUIPVAL": 0, "EQUIPCODE": "", "INVENVAL": 0, "HSDECL": "Y", "HSITEVAL": 104300, "VETEXAMT": 0, "EXPDESC": "", "ENDDATE": "", "STATUTE": "", "EXAMT_HS": 0, "EXAMT_NR": 0, "UVREDUC_HS": 0, "UVREDUC_NR": 0, "GLVAL_HS": 1043.0, "GLVAL_NR": 0.0, "CRHOUSPCT": 0.0, "MUNGL1PCT": 1043.0, "AOEGL_HS": 1043.0, "AOEGL_NR": 0.0, "E911ADDR": "85 MAPLE AVE", "SHAPE_Length": 0.001356638992514956, "SHAPE_Area": 9.126292312940477e-08}, "geometry": {"type": "MultiPolygon", "coordinates": [[[[-72.50393330999998, 44.20632691800006], [-72.50400375899994, 44.20615107500004], [-72.50448312199995, 44.20625314900008], [-72.50440923799994, 44.20642865000008], [-72.50393330999998, 44.20632691800006]]]]}}, {"type": "Feature", "properties": {"OBJECTID": 7944, "SPAN": "036-011-12489", "GLIST_SPAN": "036-011-12489", "MAPID": "0240-0087.0000", "PARCID": "0240-0087-0000", "PROPTYPE": "PARCEL", "YEAR": 2023, "GLYEAR": 2022, "TOWN": "BARRE CITY", "TNAME": "Barre City", "SOURCENAME": null, "SOURCETYPE": "UNKNOWN", "SOURCEDATE": "UNKNOWN", "EDITMETHOD": "UNKNOWN", "EDITOR": "UNKNOWN", "EDITDATE": "UNKNOWN", "MATCHSTAT": "MATCH", "EDITNOTE": "UNKNOWN", "OWNER1": "CITY OF BARRE", "OWNER2": "", "ADDRGL1": "6 N MAIN ST", "ADDRGL2": "", "CITYGL": "BARRE", "STGL": "VT", "ZIPGL": "05641", "DESCPROP": "VAC LAND-0.07AC", "LOCAPROP": "BROOK ST  87", "CAT": "Miscellaneous", "RESCODE": "C", "ACRESGL": 0.07, "REAL_FLV": 8300, "HSTED_FLV": 0, "NRES_FLV": 8300, "LAND_LV": 8300, "IMPRV_LV": 0, "EQUIPVAL": 0, "EQUIPCODE": "", "INVENVAL": 0, "HSDECL": "N", "HSITEVAL": 8300, "VETEXAMT": 0, "EXPDESC": "Statutory", "ENDDATE": "", "STATUTE": "", "EXAMT_HS": 0, "EXAMT_NR": 0, "UVREDUC_HS": 0, "UVREDUC_NR": 0, "GLVAL_HS": 0.0, "GLVAL_NR": 0.0, "CRHOUSPCT": 0.0, "MUNGL1PCT": 0.0, "AOEGL_HS": 0.0, "AOEGL_NR": 0.0, "E911ADDR": "BROOK ST", "SHAPE_Length": 0.0008656258366860945, "SHAPE_Area": 3.815021714774488e-08}, "geometry": {"type": "MultiPolygon", "coordinates": [[[[-72.50549499599998, 44.20612134100003], [-72.50552392899993, 44.206110230000036], [-72.50573194899994, 44.20624367200003], [-72.50573781399999, 44.20624676500006], [-72.50563851199996, 44.206341972000075], [-72.50537496799996, 44.20617787800006], [-72.50539451599997, 44.20616690800006], [-72.50543322199997, 44.20615143800006], [-72.50545824499994, 44.206140187000074], [-72.50549499599998, 44.20612134100003]]]]}}, {"type": "Feature", "properties": {"OBJECTID": 7970, "SPAN": "036-011-12504", "GLIST_SPAN": "036-011-12504", "MAPID": "0995-0082.0000", "PARCID": "0995-0082-0000", "PROPTYPE": "PARCEL", "YEAR": 2023, "GLYEAR": 2022, "TOWN": "BARRE CITY", "TNAME": "Barre City", "SOURCENAME": null, "SOURCETYPE": "UNKNOWN", "SOURCEDATE": "UNKNOWN", "EDITMETHOD": "UNKNOWN", "EDITOR": "UNKNOWN", "EDITDATE": "UNKNOWN", "MATCHSTAT": "MATCH", "EDITNOTE": "UNKNOWN", "OWNER1": "BELROSE JEFFREY S & KIRSTEN R", "OWNER2": "C/O BARKALOW ANNE", "ADDRGL1": "82 MAPLE AVE", "ADDRGL2": "", "CITYGL": "BARRE", "STGL": "VT", "ZIPGL": "05641", "DESCPROP": "2 APTS-0.44AC", "LOCAPROP": "MAPLE AVE  82", "CAT": "Residential-1", "RESCODE": "S", "ACRESGL": 0.44, "REAL_FLV": 144380, "HSTED_FLV": 0, "NRES_FLV": 144380, "LAND_LV": 21000, "IMPRV_LV": 123380, "EQUIPVAL": 0, "EQUIPCODE": "", "INVENVAL": 0, "HSDECL": "N", "HSITEVAL": 144380, "VETEXAMT": 0, "EXPDESC": "", "ENDDATE": "", "STATUTE": "", "EXAMT_HS": 0, "EXAMT_NR": 0, "UVREDUC_HS": 0, "UVREDUC_NR": 0, "GLVAL_HS": 0.0, "GLVAL_NR": 1443.8, "CRHOUSPCT": 0.0, "MUNGL1PCT": 1443.8, "AOEGL_HS": 0.0, "AOEGL_NR": 1443.8, "E911ADDR": "82 MAPLE AVE", "SHAPE_Length": 0.0012902581343259326, "SHAPE_Area": 9.650167726786727e-08}, "geometry": {"type": "MultiPolygon", "coordinates": [[[[-72.50463600899997, 44.206364939000025], [-72.50475015699993, 44.206094515000075], [-72.50476540499994, 44.206097889000034], [-72.50495425799994, 44.20614428700003], [-72.50497185299997, 44.20614963000003], [-72.50498514699996, 44.20615539600004], [-72.50499726899994, 44.206164957000055], [-72.50500547999997, 44.20617451900006], [-72.50500860899996, 44.20618576900006], [-72.50501642999996, 44.20619575200004], [-72.50501877699998, 44.20621501800008], [-72.50501135399998, 44.20626887700007], [-72.50510284799998, 44.206292217000055], [-72.50510519399995, 44.206292639000026], [-72.50510011099993, 44.206296577000046], [-72.50505163199995, 44.20634692100003], [-72.50496014599997, 44.206419769000036], [-72.50494568099998, 44.20643242500006], [-72.50493395099994, 44.206430176000026], [-72.50464930299995, 44.20636957900007], [-72.50463561699996, 44.206366064000065], [-72.50463600899997, 44.206364939000025]]]]}}, {"type": "Feature", "properties": {"OBJECTID": 8162, "SPAN": "036-011-13821", "GLIST_SPAN": "036-011-13821", "MAPID": "0995-0076.0001", "PARCID": "0995-0076-0001", "PROPTYPE": "PARCEL", "YEAR": 2023, "GLYEAR": 2022, "TOWN": "BARRE CITY", "TNAME": "Barre City", "SOURCENAME": null, "SOURCETYPE": "UNKNOWN", "SOURCEDATE": "UNKNOWN", "EDITMETHOD": "UNKNOWN", "EDITOR": "UNKNOWN", "EDITDATE": "UNKNOWN", "MATCHSTAT": "MATCH", "EDITNOTE": "UNKNOWN", "OWNER1": "CITY OF BARRE", "OWNER2": "", "ADDRGL1": "6 N MAIN ST", "ADDRGL2": "", "CITYGL": "BARRE", "STGL": "VT", "ZIPGL": "05641", "DESCPROP": "VAC LAND-0.07AC", "LOCAPROP": "MAPLE AVE   (LOT IN REAR OF 76)", "CAT": "Miscellaneous", "RESCODE": "C", "ACRESGL": 0.07, "REAL_FLV": 5200, "HSTED_FLV": 0, "NRES_FLV": 5200, "LAND_LV": 5200, "IMPRV_LV": 0, "EQUIPVAL": 0, "EQUIPCODE": "", "INVENVAL": 0, "HSDECL": "N", "HSITEVAL": 0, "VETEXAMT": 0, "EXPDESC": "Statutory", "ENDDATE": "", "STATUTE": "", "EXAMT_HS": 0, "EXAMT_NR": 0, "UVREDUC_HS": 0, "UVREDUC_NR": 0, "GLVAL_HS": 0.0, "GLVAL_NR": 0.0, "CRHOUSPCT": 0.0, "MUNGL1PCT": 0.0, "AOEGL_HS": 0.0, "AOEGL_NR": 0.0, "E911ADDR": "MAPLE AVE", "SHAPE_Length": 0.0011322692422065742, "SHAPE_Area": 4.673915254582395e-08}, "geometry": {"type": "MultiPolygon", "coordinates": [[[[-72.50528933799995, 44.20615481900006], [-72.50524089799995, 44.206144186000074], [-72.50531720399994, 44.20596207600005], [-72.50567005499994, 44.206038499000044], [-72.50573124699997, 44.206051752000064], [-72.50560586099994, 44.20607808900007], [-72.50553444899998, 44.206091326000035], [-72.50546573499997, 44.20611058600008], [-72.50540070099999, 44.20613559600008], [-72.50534026899999, 44.20616599900006], [-72.50528933799995, 44.20615481900006]]]]}}, {"type": "Feature", "properties": {"OBJECTID": 184137, "SPAN": null, "GLIST_SPAN": null, "MAPID": null, "PARCID": null, "PROPTYPE": "WATER", "YEAR": 2023, "GLYEAR": null, "TOWN": "BARRE CITY", "TNAME": null, "SOURCENAME": null, "SOURCETYPE": "UNKNOWN", "SOURCEDATE": "UNKNOWN", "EDITMETHOD": "UNKNOWN", "EDITOR": "UNKNOWN", "EDITDATE": "UNKNOWN", "MATCHSTAT": "EXEMPT", "EDITNOTE": "UNKNOWN", "OWNER1": null, "OWNER2": null, "ADDRGL1": null, "ADDRGL2": null, "CITYGL": null, "STGL": null, "ZIPGL": null, "DESCPROP": null, "LOCAPROP": null, "CAT": null, "RESCODE": null, "ACRESGL": null, "REAL_FLV": null, "HSTED_FLV": null, "NRES_FLV": null, "LAND_LV": null, "IMPRV_LV": null, "EQUIPVAL": null, "EQUIPCODE": null, "INVENVAL": null, "HSDECL": null, "HSITEVAL": null, "VETEXAMT": null, "EXPDESC": null, "ENDDATE": null, "STATUTE": null, "EXAMT_HS": null, "EXAMT_NR": null, "UVREDUC_HS": null, "UVREDUC_NR": null, "GLVAL_HS": null, "GLVAL_NR": null, "CRHOUSPCT": null, "MUNGL1PCT": null, "AOEGL_HS": null, "AOEGL_NR": null, "E911ADDR": null, "SHAPE_Length": 0.00482532379639223, "SHAPE_Area": 1.1602892106753264e-07}, "geometry": {"type": "MultiPolygon", "coordinates": [[[[-72.50494568099998, 44.20643242500006], [-72.50496014599997, 44.206419769000036], [-72.50505163199995, 44.20634692100003], [-72.50510011099993, 44.206296577000046], [-72.50510519399995, 44.206292639000026], [-72.50512474199996, 44.206278154000074], [-72.50515758299997, 44.206250871000066], [-72.50518924999994, 44.20622499400008], [-72.50521935499995, 44.20619982200003], [-72.50524320299996, 44.206180274000076], [-72.50527057099998, 44.20616438300004], [-72.50528933799995, 44.20615481900006], [-72.50534026899999, 44.20616599900006], [-72.50540070099999, 44.20613559600008], [-72.50546573499997, 44.20611058600008], [-72.50553444899998, 44.206091326000035], [-72.50560586099994, 44.20607808900007], [-72.50573124699997, 44.206051752000064], [-72.50567005499994, 44.206038499000044], [-72.50567797199994, 44.206036536000056], [-72.50572137099994, 44.20601881500005], [-72.50575147499995, 44.20600840700007], [-72.50578627399995, 44.206004187000076], [-72.50582224399994, 44.20599757600007], [-72.50585039499998, 44.20599152700004], [-72.50587111599998, 44.20598421400007], [-72.50588753699998, 44.20597605700004], [-72.50590434899993, 44.20596508700004], [-72.50592272299997, 44.20595144600003], [-72.50593640699998, 44.205937524000035], [-72.50594422499995, 44.20592205500003], [-72.50594813499998, 44.205915023000045], [-72.50595099699996, 44.20591018500005], [-72.50595595299995, 44.20590180500005], [-72.50596611699996, 44.20588183500007], [-72.50597362699995, 44.20586464000007], [-72.50597471699996, 44.20586214700006], [-72.50597940599994, 44.205839507000064], [-72.50598526799996, 44.20581785100006], [-72.50599464999993, 44.20579928800004], [-72.50601185199997, 44.20578185000005], [-72.50604078299995, 44.20575920700003], [-72.50605954799994, 44.20573811300005], [-72.50607792199997, 44.20571406600004], [-72.50608104999998, 44.205710268000075], [-72.50609160299996, 44.20568481500004], [-72.50609550999997, 44.205651628000055], [-72.50610371699997, 44.20561155000007], [-72.50610879699997, 44.20558553400008], [-72.50611309699997, 44.20557034700005], [-72.50611739599998, 44.20556036200003], [-72.50611778599995, 44.20555023700007], [-72.50618933799996, 44.205564999000046], [-72.50618973099995, 44.20557765500007], [-72.50617995799996, 44.205600436000054], [-72.50616549499995, 44.205632077000075], [-72.50616315299999, 44.205664281000054], [-72.50615885499997, 44.205697186000066], [-72.50615299299994, 44.205719686000066], [-72.50613852799995, 44.205743452000036], [-72.50610256199997, 44.20578817300003], [-72.50600912699997, 44.20590081700004], [-72.50596182399994, 44.20596381900003], [-72.50593602199996, 44.20599771000008], [-72.50592272899996, 44.20600755500004], [-72.50590552599994, 44.20601669600006], [-72.50587463899996, 44.20602527600005], [-72.50585704499997, 44.20603230800003], [-72.50582772199994, 44.20604145000004], [-72.50578549599999, 44.20605059300004], [-72.50575656399997, 44.20605692300006], [-72.50573818699996, 44.20606226700005], [-72.50569439699996, 44.20607309700006], [-72.50561854599994, 44.20609053800007], [-72.50557436499997, 44.20609419700003], [-72.50552392899993, 44.206110230000036], [-72.50549499599998, 44.20612134100003], [-72.50545824499994, 44.206140187000074], [-72.50543322199997, 44.20615143800006], [-72.50539451599997, 44.20616690800006], [-72.50537496799996, 44.20617787800006], [-72.50536128299996, 44.20618575300006], [-72.50531475799994, 44.206211489000054], [-72.50527292399994, 44.206234694000045], [-72.50525102899996, 44.206250726000064], [-72.50522718099995, 44.20626802400005], [-72.50517048999995, 44.20630655700006], [-72.50513764899995, 44.20633187100003], [-72.50509268799993, 44.206367872000044], [-72.50508330499997, 44.20637645100004], [-72.50507392199995, 44.20638517000003], [-72.50505320099995, 44.20640654600004], [-72.50502935299994, 44.20643045300005], [-72.50501332399995, 44.206453235000026], [-72.50498986599996, 44.206477704000065], [-72.50496445399995, 44.20650470500004], [-72.50493786899995, 44.20653086200008], [-72.50491988499994, 44.20655533200005], [-72.50489408199996, 44.20657712900004], [-72.50486710399997, 44.20659752100005], [-72.50484599199996, 44.206612568000025], [-72.50482018699995, 44.20662902300006], [-72.50481705999994, 44.20663085100006], [-72.50476975199996, 44.20665672700005], [-72.50473651799996, 44.206675854000025], [-72.50470524099995, 44.20670004200008], [-72.50467630899993, 44.206722683000066], [-72.50463643099994, 44.206766419000076], [-72.50459225299994, 44.206823093000025], [-72.50455784799993, 44.206856421000055], [-72.50453517399995, 44.206894953000074], [-72.50453284299994, 44.20690099600006], [-72.50443820799995, 44.206926456000076], [-72.50444641799999, 44.20691478500004], [-72.50446791999997, 44.20686458100005], [-72.50448903199998, 44.20684292400006], [-72.50451678999997, 44.206809314000054], [-72.50454689399999, 44.20676768800007], [-72.50457074199994, 44.20673956300004], [-72.50458598899996, 44.20671706200005], [-72.50461101099995, 44.20669667100003], [-72.50463290499994, 44.20667388900006], [-72.50464736999999, 44.206657576000055], [-72.50466144499995, 44.20664463800006], [-72.50467903899994, 44.20663465300004], [-72.50469624299996, 44.20662916800006], [-72.50471930999998, 44.206623542000045], [-72.50474433399995, 44.20661749400006], [-72.50476700999997, 44.20660568100004], [-72.50478616799995, 44.20658852500003], [-72.50481236199994, 44.20656391400007], [-72.50483581999998, 44.206541694000066], [-72.50486045099996, 44.206516943000054], [-72.50488938199999, 44.20648431700005], [-72.50492417699996, 44.20645127000006], [-72.50494568099998, 44.20643242500006]]]]}}, {"type": "Feature", "properties": {"OBJECTID": 184140, "SPAN": null, "GLIST_SPAN": null, "MAPID": null, "PARCID": null, "PROPTYPE": "WATER", "YEAR": 2023, "GLYEAR": null, "TOWN": "BARRE CITY", "TNAME": null, "SOURCENAME": null, "SOURCETYPE": "UNKNOWN", "SOURCEDATE": "UNKNOWN", "EDITMETHOD": "UNKNOWN", "EDITOR": "UNKNOWN", "EDITDATE": "UNKNOWN", "MATCHSTAT": "EXEMPT", "EDITNOTE": "UNKNOWN", "OWNER1": null, "OWNER2": null, "ADDRGL1": null, "ADDRGL2": null, "CITYGL": null, "STGL": null, "ZIPGL": null, "DESCPROP": null, "LOCAPROP": null, "CAT": null, "RESCODE": null, "ACRESGL": null, "REAL_FLV": null, "HSTED_FLV": null, "NRES_FLV": null, "LAND_LV": null, "IMPRV_LV": null, "EQUIPVAL": null, "EQUIPCODE": null, "INVENVAL": null, "HSDECL": null, "HSITEVAL": null, "VETEXAMT": null, "EXPDESC": null, "ENDDATE": null, "STATUTE": null, "EXAMT_HS": null, "EXAMT_NR": null, "UVREDUC_HS": null, "UVREDUC_NR": null, "GLVAL_HS": null, "GLVAL_NR": null, "CRHOUSPCT": null, "MUNGL1PCT": null, "AOEGL_HS": null, "AOEGL_NR": null, "E911ADDR": null, "SHAPE_Length": 0.0042061537759265615, "SHAPE_Area": 1.661441334404111e-07}, "geometry": {"type": "MultiPolygon", "coordinates": [[[[-72.50435454399997, 44.207045427000025], [-72.50441319299995, 44.20703164400004], [-72.50440771999996, 44.20704303500003], [-72.50440654699997, 44.20704669100007], [-72.50440498299997, 44.20705091000008], [-72.50439990199999, 44.20706553500003], [-72.50439599299995, 44.207077628000036], [-72.50439012899994, 44.20709872300006], [-72.50438700299998, 44.207126566000056], [-72.50438113999996, 44.20714653500005], [-72.50436471999996, 44.207174519000034], [-72.50432797099995, 44.20723681700008], [-72.50428262199995, 44.207331458000056], [-72.50427597499998, 44.20734552000005], [-72.50426581099998, 44.207368443000064], [-72.50426424799997, 44.207382505000055], [-72.50426581299996, 44.20739277000007], [-72.50426464099996, 44.20740570800007], [-72.50425994999995, 44.20742131700007], [-72.50425291399995, 44.20744508300004], [-72.50424665999998, 44.20746688000003], [-72.50422450099995, 44.20752668200004], [-72.50422437599997, 44.207527208000045], [-72.50420678499995, 44.20756672400006], [-72.50417746399995, 44.20763816200008], [-72.50415127099996, 44.207689068000036], [-72.50412351299997, 44.20774461600007], [-72.50410513999998, 44.207783429000074], [-72.50409653999998, 44.207818022000026], [-72.50408129399995, 44.207864991000065], [-72.50406800299999, 44.20791252200007], [-72.50405666699999, 44.207951054000034], [-72.50404963099999, 44.20797566300007], [-72.50403399299995, 44.208010397000066], [-72.50401991799998, 44.20802713200004], [-72.50400975299993, 44.20803922600004], [-72.50399254899997, 44.20805314800003], [-72.50397651899993, 44.20806847700004], [-72.50396087999997, 44.20809224300007], [-72.50395892599994, 44.20809688300005], [-72.50394758799996, 44.20812486800003], [-72.50394172499995, 44.208147790000055], [-72.50393898899995, 44.20816325800007], [-72.50394055399994, 44.20818899300008], [-72.50394016599995, 44.208222180000064], [-72.50394016799999, 44.20824482000006], [-72.50394407999994, 44.20827266400005], [-72.50394681799997, 44.20830163200003], [-72.50395268599993, 44.20833285000003], [-72.50396168099996, 44.208377849000044], [-72.50396754799993, 44.20839050500007], [-72.50396754899998, 44.208401895000065], [-72.50396285699998, 44.208415958000046], [-72.50395972999996, 44.20842945800007], [-72.50396403199994, 44.20844605100007], [-72.50397146199998, 44.208459832000074], [-72.50398592999994, 44.20847937800005], [-72.50399492499997, 44.20849808100007], [-72.50400039999994, 44.208509752000055], [-72.50401095799998, 44.20852395500003], [-72.50403481199999, 44.20855376600008], [-72.50404145899995, 44.208563610000056], [-72.50405006199998, 44.20857823400007], [-72.50405944799996, 44.208594265000045], [-72.50406766099997, 44.20861929600005], [-72.50407626499998, 44.20865163900004], [-72.50408095899996, 44.208668232000036], [-72.50408799799999, 44.20868145000003], [-72.50410716099998, 44.20874318400007], [-72.50411459199995, 44.20876554300003], [-72.50412084999994, 44.20878508900006], [-72.50413375699998, 44.20885104100006], [-72.50413649599994, 44.20887072800008], [-72.50413766899999, 44.20887761800003], [-72.50413868399994, 44.20888380000008], [-72.50413648499995, 44.20892458700007], [-72.50407377999994, 44.20891429400007], [-72.50406806699993, 44.20885216800008], [-72.50405242399995, 44.20880224700005], [-72.50402895899998, 44.20873938900007], [-72.50400197699997, 44.20868918800005], [-72.50398046699996, 44.20864404900004], [-72.50395074599999, 44.208566285000074], [-72.50393001999998, 44.20852958300003], [-72.50391516099995, 44.20850511500004], [-72.50390460099999, 44.208483038000054], [-72.50389677899994, 44.20845617900005], [-72.50389052199995, 44.20843367900005], [-72.50388934699998, 44.208396555000036], [-72.50388934499995, 44.208372086000054], [-72.50389168999999, 44.208347195000044], [-72.50388699499996, 44.20830360300005], [-72.50388347199998, 44.20826296200005], [-72.50388112399997, 44.20822822900004], [-72.50388033999997, 44.208202494000034], [-72.50387955599996, 44.20816241700004], [-72.50388033599995, 44.20813148000008], [-72.50388541799998, 44.20810419800006], [-72.50388971599995, 44.20807312100004], [-72.50389362399994, 44.20804218300003], [-72.50389401399997, 44.20802094900006], [-72.50389401399997, 44.208009418000074], [-72.50389440199996, 44.20798677700003], [-72.50389596399998, 44.20795710600004], [-72.50389791799995, 44.207929825000065], [-72.50390456299994, 44.207901278000065], [-72.50391394599995, 44.207880325000076], [-72.50392528299994, 44.20785205900006], [-72.50394443999994, 44.20782716800005], [-72.50395968899994, 44.20781155900005], [-72.50397376399997, 44.207802136000055], [-72.50399683199998, 44.20778638500008], [-72.50401716299996, 44.207767260000026], [-72.50403866599999, 44.207735900000046], [-72.50405899599997, 44.20769793100004], [-72.50407228799997, 44.20766755600005], [-72.50407619699996, 44.20765813400004], [-72.50409222399998, 44.207616087000076], [-72.50410981699997, 44.20756911800004], [-72.50412779999994, 44.20752749300004], [-72.50413483699998, 44.207511743000055], [-72.50415438299996, 44.207463930000074], [-72.50416806499999, 44.20742441500005], [-72.50417510099999, 44.20739347700004], [-72.50418330999997, 44.20736577400004], [-72.50419855599995, 44.207330898000066], [-72.50421771399994, 44.20730544500003], [-72.50424977199998, 44.207247789000064], [-72.50427010099997, 44.20721572600007], [-72.50429043099996, 44.207185209000045], [-72.50431310499994, 44.20713486500006], [-72.50432717899997, 44.20709872500004], [-72.50433499699994, 44.20708339600003], [-72.50434516199994, 44.207069052000065], [-72.50435102599994, 44.20705442700006], [-72.50435454399997, 44.207045427000025]]]]}}, {"type": "Feature", "properties": {"OBJECTID": 184161, "SPAN": null, "GLIST_SPAN": null, "MAPID": "0965-0010.0001", "PARCID": null, "PROPTYPE": "PARCEL", "YEAR": 2023, "GLYEAR": null, "TOWN": "BARRE CITY", "TNAME": null, "SOURCENAME": null, "SOURCETYPE": "UNKNOWN", "SOURCEDATE": "UNKNOWN", "EDITMETHOD": "UNKNOWN", "EDITOR": "UNKNOWN", "EDITDATE": "UNKNOWN", "MATCHSTAT": "UNMATCHED", "EDITNOTE": "UNKNOWN", "OWNER1": null, "OWNER2": null, "ADDRGL1": null, "ADDRGL2": null, "CITYGL": null, "STGL": null, "ZIPGL": null, "DESCPROP": null, "LOCAPROP": null, "CAT": null, "RESCODE": null, "ACRESGL": null, "REAL_FLV": null, "HSTED_FLV": null, "NRES_FLV": null, "LAND_LV": null, "IMPRV_LV": null, "EQUIPVAL": null, "EQUIPCODE": null, "INVENVAL": null, "HSDECL": null, "HSITEVAL": null, "VETEXAMT": null, "EXPDESC": null, "ENDDATE": null, "STATUTE": null, "EXAMT_HS": null, "EXAMT_NR": null, "UVREDUC_HS": null, "UVREDUC_NR": null, "GLVAL_HS": null, "GLVAL_NR": null, "CRHOUSPCT": null, "MUNGL1PCT": null, "AOEGL_HS": null, "AOEGL_NR": null, "E911ADDR": null, "SHAPE_Length": 0.0011242376717742865, "SHAPE_Area": 6.908679955636147e-08}, "geometry": {"type": "MultiPolygon", "coordinates": [[[[-72.50265053599998, 44.20640634800003], [-72.50273929799994, 44.206241111000054], [-72.50308728499994, 44.20633686700006], [-72.50309660799996, 44.20633943200005], [-72.50302472899995, 44.20648289400003], [-72.50301110099997, 44.206510094000066], [-72.50265053599998, 44.20640634800003]]]]}}, {"type": "Feature", "properties": {"OBJECTID": 4011, "SPAN": "036-011-10371", "GLIST_SPAN": "036-011-10371", "MAPID": "0050-0003.0000", "PARCID": "0050-0003-0000", "PROPTYPE": "PARCEL", "YEAR": 2023, "GLYEAR": 2022, "TOWN": "BARRE CITY", "TNAME": "Barre City", "SOURCENAME": null, "SOURCETYPE": "UNKNOWN", "SOURCEDATE": "UNKNOWN", "EDITMETHOD": "UNKNOWN", "EDITOR": "UNKNOWN", "EDITDATE": "UNKNOWN", "MATCHSTAT": "MATCH", "EDITNOTE": "UNKNOWN", "OWNER1": "WILFORD KAELA & THOMAS JEREMY", "OWNER2": "", "ADDRGL1": "3 ANDERSEN AVE", "ADDRGL2": "", "CITYGL": "BARRE", "STGL": "VT", "ZIPGL": "05641", "DESCPROP": "1 FAM-0.20AC", "LOCAPROP": "ANDERSEN AVE    3", "CAT": "Residential-1", "RESCODE": "T", "ACRESGL": 0.2, "REAL_FLV": 116100, "HSTED_FLV": 116100, "NRES_FLV": 0, "LAND_LV": 18300, "IMPRV_LV": 97800, "EQUIPVAL": 0, "EQUIPCODE": "", "INVENVAL": 0, "HSDECL": "Y", "HSITEVAL": 116100, "VETEXAMT": 0, "EXPDESC": "", "ENDDATE": "", "STATUTE": "", "EXAMT_HS": 0, "EXAMT_NR": 0, "UVREDUC_HS": 0, "UVREDUC_NR": 0, "GLVAL_HS": 1161.0, "GLVAL_NR": 0.0, "CRHOUSPCT": 0.0, "MUNGL1PCT": 1161.0, "AOEGL_HS": 1161.0, "AOEGL_NR": 0.0, "E911ADDR": "3 ANDERSEN AVE", "SHAPE_Length": 0.0011001235770940402, "SHAPE_Area": 6.909977428636613e-08}, "geometry": {"type": "MultiPolygon", "coordinates": [[[[-72.50114485499995, 44.207354173000056], [-72.50140095499995, 44.20715209400004], [-72.50158863799999, 44.207272044000035], [-72.50133371099997, 44.20747595100005], [-72.50114485499995, 44.207354173000056]]]]}}, {"type": "Feature", "properties": {"OBJECTID": 4152, "SPAN": "036-011-10429", "GLIST_SPAN": "036-011-10429", "MAPID": "1005-0058.0000", "PARCID": "1005-0058-0000", "PROPTYPE": "PARCEL", "YEAR": 2023, "GLYEAR": 2022, "TOWN": "BARRE CITY", "TNAME": "Barre City", "SOURCENAME": null, "SOURCETYPE": "UNKNOWN", "SOURCEDATE": "UNKNOWN", "EDITMETHOD": "UNKNOWN", "EDITOR": "UNKNOWN", "EDITDATE": "UNKNOWN", "MATCHSTAT": "MATCH", "EDITNOTE": "UNKNOWN", "OWNER1": "BRESSETTE REBECCA E & JOSEPH DEAROLD AS", "OWNER2": "CO-TRUSTEES OF THE BRESSETTE FAMILY TRU", "ADDRGL1": "58 MAPLEWOOD AVE", "ADDRGL2": "", "CITYGL": "BARRE", "STGL": "VT", "ZIPGL": "05641", "DESCPROP": "1 FAM-0.23AC", "LOCAPROP": "MAPLEWOOD AVE  58", "CAT": "Residential-1", "RESCODE": "T", "ACRESGL": 0.23, "REAL_FLV": 148760, "HSTED_FLV": 148760, "NRES_FLV": 0, "LAND_LV": 24000, "IMPRV_LV": 124760, "EQUIPVAL": 0, "EQUIPCODE": "", "INVENVAL": 0, "HSDECL": "Y", "HSITEVAL": 148760, "VETEXAMT": 0, "EXPDESC": "", "ENDDATE": "", "STATUTE": "", "EXAMT_HS": 0, "EXAMT_NR": 0, "UVREDUC_HS": 0, "UVREDUC_NR": 0, "GLVAL_HS": 1488.0, "GLVAL_NR": 0.0, "CRHOUSPCT": 0.0, "MUNGL1PCT": 1487.6, "AOEGL_HS": 1488.0, "AOEGL_NR": 0.0, "E911ADDR": "58 MAPLEWOOD AVE", "SHAPE_Length": 0.0013688476925977566, "SHAPE_Area": 1.1274025598331166e-07}, "geometry": {"type": "MultiPolygon", "coordinates": [[[[-72.49757156799996, 44.20601555800005], [-72.49770138899999, 44.20575175100004], [-72.49807243199996, 44.20584372500008], [-72.49796099199995, 44.20611273700007], [-72.49757313199996, 44.20601612100006], [-72.49757156799996, 44.20601555800005]]]]}}, {"type": "Feature", "properties": {"OBJECTID": 4283, "SPAN": "036-011-10081", "GLIST_SPAN": "036-011-10081", "MAPID": "0050-0009.0000", "PARCID": "0050-0009-0000", "PROPTYPE": "PARCEL", "YEAR": 2023, "GLYEAR": 2022, "TOWN": "BARRE CITY", "TNAME": "Barre City", "SOURCENAME": null, "SOURCETYPE": "UNKNOWN", "SOURCEDATE": "UNKNOWN", "EDITMETHOD": "UNKNOWN", "EDITOR": "UNKNOWN", "EDITDATE": "UNKNOWN", "MATCHSTAT": "MATCH", "EDITNOTE": "UNKNOWN", "OWNER1": "DUPONT FELIX ALEXIS", "OWNER2": "C/O ANN LEIGH STEWART", "ADDRGL1": "3101 NEW MEXICO AVE NW APT 240", "ADDRGL2": "", "CITYGL": "WASHINGTON", "STGL": "DC", "ZIPGL": "20016", "DESCPROP": "1 FAM-1.28AC", "LOCAPROP": "ANDERSEN AVE    9", "CAT": "Residential-1", "RESCODE": "T", "ACRESGL": 1.28, "REAL_FLV": 108000, "HSTED_FLV": 0, "NRES_FLV": 108000, "LAND_LV": 37600, "IMPRV_LV": 70400, "EQUIPVAL": 0, "EQUIPCODE": "", "INVENVAL": 0, "HSDECL": "N", "HSITEVAL": 108000, "VETEXAMT": 0, "EXPDESC": "", "ENDDATE": "", "STATUTE": "", "EXAMT_HS": 0, "EXAMT_NR": 0, "UVREDUC_HS": 0, "UVREDUC_NR": 0, "GLVAL_HS": 0.0, "GLVAL_NR": 1080.0, "CRHOUSPCT": 0.0, "MUNGL1PCT": 1080.0, "AOEGL_HS": 0.0, "AOEGL_NR": 1080.0, "E911ADDR": "9 ANDERSEN AVE", "SHAPE_Length": 0.004609069161331213, "SHAPE_Area": 6.136560584980876e-07}, "geometry": {"type": "MultiPolygon", "coordinates": [[[[-72.50186507699993, 44.207390866000026], [-72.50166253499998, 44.20726430800005], [-72.50171062799996, 44.20722718300004], [-72.50169266199998, 44.20721593500008], [-72.50177355999995, 44.20706162600004], [-72.50184880499995, 44.20691809500005], [-72.50194363299994, 44.20673720600007], [-72.50183063499998, 44.20670669200007], [-72.50183141699995, 44.20670542600004], [-72.50200286399996, 44.206375456000046], [-72.50201431399995, 44.20635341900004], [-72.50237123899996, 44.20646106700008], [-72.50252963399998, 44.20650883900004], [-72.50246829599996, 44.20651225800003], [-72.50240845599996, 44.206522533000054], [-72.50235158599997, 44.20653941100005], [-72.50229908199998, 44.206562477000034], [-72.50225223799998, 44.20659116200005], [-72.50221220299994, 44.206624763000036], [-72.50218141099998, 44.20667778700005], [-72.50216061799995, 44.20673294300008], [-72.50215614399997, 44.20676072900005], [-72.50215798299996, 44.20678867100003], [-72.50216608599999, 44.20681602900004], [-72.50218023899998, 44.206842083000026], [-72.50220006999996, 44.20686614500005], [-72.50222505499994, 44.20688758000006], [-72.50225453499996, 44.20690582200007], [-72.50228773199996, 44.20692039200003], [-72.50254974099994, 44.20704008000007], [-72.50255591699994, 44.20704290200007], [-72.50255511799998, 44.207043793000025], [-72.50239051699998, 44.20722759100005], [-72.50235703399994, 44.207264861000056], [-72.50237689099998, 44.20727399900005], [-72.50263417299993, 44.20739239800008], [-72.50268813199995, 44.207417287000055], [-72.50269516999998, 44.207420522000064], [-72.50259585999999, 44.20749533600008], [-72.50237768799997, 44.20766127600007], [-72.50237416899995, 44.207663385000046], [-72.50191004099997, 44.207358241000065], [-72.50186507699993, 44.207390866000026]]]]}}, {"type": "Feature", "properties": {"OBJECTID": 4364, "SPAN": "036-011-10124", "GLIST_SPAN": "036-011-10124", "MAPID": "1030-VL00.0001", "PARCID": "1030-VL00-0001", "PROPTYPE": "PARCEL", "YEAR": 2023, "GLYEAR": 2022, "TOWN": "BARRE CITY", "TNAME": "Barre City", "SOURCENAME": null, "SOURCETYPE": "UNKNOWN", "SOURCEDATE": "UNKNOWN", "EDITMETHOD": "UNKNOWN", "EDITOR": "UNKNOWN", "EDITDATE": "UNKNOWN", "MATCHSTAT": "MATCH", "EDITNOTE": "UNKNOWN", "OWNER1": "BAILEY ETHEL L ESTATE", "OWNER2": "C/O BAILEY & GABLE", "ADDRGL1": "32 BLACKWELL ST", "ADDRGL2": "", "CITYGL": "BARRE", "STGL": "VT", "ZIPGL": "05641", "DESCPROP": "VAC LAND-1.14AC", "LOCAPROP": "MERCHANT ST", "CAT": "Miscellaneous", "RESCODE": "T", "ACRESGL": 1.14, "REAL_FLV": 14290, "HSTED_FLV": 0, "NRES_FLV": 14290, "LAND_LV": 14290, "IMPRV_LV": 0, "EQUIPVAL": 0, "EQUIPCODE": "", "INVENVAL": 0, "HSDECL": "N", "HSITEVAL": 0, "VETEXAMT": 0, "EXPDESC": "", "ENDDATE": "", "STATUTE": "", "EXAMT_HS": 0, "EXAMT_NR": 0, "UVREDUC_HS": 0, "UVREDUC_NR": 0, "GLVAL_HS": 0.0, "GLVAL_NR": 142.9, "CRHOUSPCT": 0.0, "MUNGL1PCT": 142.9, "AOEGL_HS": 0.0, "AOEGL_NR": 142.9, "E911ADDR": "MERCHANT ST", "SHAPE_Length": 0.0013545395839848276, "SHAPE_Area": 9.075036756068696e-08}, "geometry": {"type": "MultiPolygon", "coordinates": [[[[-72.49987645399995, 44.207203571000036], [-72.49997146799996, 44.207035948000055], [-72.50043714599997, 44.20717474300005], [-72.50034057099998, 44.207340679000026], [-72.49987645399995, 44.207203571000036]]]]}}, {"type": "Feature", "properties": {"OBJECTID": 4368, "SPAN": "036-011-10127", "GLIST_SPAN": "036-011-10127", "MAPID": "1030-VL00.0003", "PARCID": "1030-VL00-0003", "PROPTYPE": "PARCEL", "YEAR": 2023, "GLYEAR": 2022, "TOWN": "BARRE CITY", "TNAME": "Barre City", "SOURCENAME": null, "SOURCETYPE": "UNKNOWN", "SOURCEDATE": "UNKNOWN", "EDITMETHOD": "UNKNOWN", "EDITOR": "UNKNOWN", "EDITDATE": "UNKNOWN", "MATCHSTAT": "MATCH", "EDITNOTE": "UNKNOWN", "OWNER1": "BAILEY FRANK W & EVA L & GABLE", "OWNER2": "WANDA E ESTATE C/O CRAIG GABLE", "ADDRGL1": "54 APPLE BLOSSOM RD", "ADDRGL2": "", "CITYGL": "BARRE", "STGL": "VT", "ZIPGL": "05641-8665", "DESCPROP": "VAC LAND-3.76AC", "LOCAPROP": "MERCHANT ST  LONG & MAPLE AV-BALLFIELD", "CAT": "Miscellaneous", "RESCODE": "S", "ACRESGL": 3.76, "REAL_FLV": 122100, "HSTED_FLV": 0, "NRES_FLV": 122100, "LAND_LV": 122100, "IMPRV_LV": 0, "EQUIPVAL": 0, "EQUIPCODE": "", "INVENVAL": 0, "HSDECL": "N", "HSITEVAL": 0, "VETEXAMT": 0, "EXPDESC": "", "ENDDATE": "", "STATUTE": "", "EXAMT_HS": 0, "EXAMT_NR": 0, "UVREDUC_HS": 0, "UVREDUC_NR": 0, "GLVAL_HS": 0.0, "GLVAL_NR": 1221.0, "CRHOUSPCT": 0.0, "MUNGL1PCT": 1221.0, "AOEGL_HS": 0.0, "AOEGL_NR": 1221.0, "E911ADDR": "MERCHANT ST", "SHAPE_Length": 0.005667504583826627, "SHAPE_Area": 1.6059295314168059e-06}, "geometry": {"type": "MultiPolygon", "coordinates": [[[[-72.50057828099995, 44.208126046000075], [-72.50052159699999, 44.20802121100007], [-72.50020426199995, 44.20817266900008], [-72.49957422699998, 44.207736597000064], [-72.49987645399995, 44.207203571000036], [-72.50034057099998, 44.207340679000026], [-72.50043714599997, 44.20717474300005], [-72.50049853199994, 44.20706927400005], [-72.50050165999994, 44.207071806000044], [-72.50072140199995, 44.207212850000076], [-72.50079373699998, 44.20726009900005], [-72.50088483899998, 44.20718992800005], [-72.50095287299996, 44.20723042700007], [-72.50114485499995, 44.207354173000056], [-72.50133371099997, 44.20747595100005], [-72.50157144299999, 44.20762922800003], [-72.50157339799995, 44.20763049300007], [-72.50163004599995, 44.20817436400006], [-72.50129252499994, 44.20820671800004], [-72.50074430799998, 44.208300834000056], [-72.50068799599995, 44.20832895900003], [-72.50057828099995, 44.208126046000075]]]]}}, {"type": "Feature", "properties": {"OBJECTID": 4396, "SPAN": "036-011-10816", "GLIST_SPAN": "036-011-10816", "MAPID": "1030-0173.0000", "PARCID": "1030-0173-0000", "PROPTYPE": "PARCEL", "YEAR": 2023, "GLYEAR": 2022, "TOWN": "BARRE CITY", "TNAME": "Barre City", "SOURCENAME": null, "SOURCETYPE": "UNKNOWN", "SOURCEDATE": "UNKNOWN", "EDITMETHOD": "UNKNOWN", "EDITOR": "UNKNOWN", "EDITDATE": "UNKNOWN", "MATCHSTAT": "MATCH", "EDITNOTE": "UNKNOWN", "OWNER1": "KINIRY BRIAN K", "OWNER2": "", "ADDRGL1": "891 CLINE RD", "ADDRGL2": "", "CITYGL": "ST ABLANS", "STGL": "VT", "ZIPGL": "05478-3005", "DESCPROP": "2 APTS-0.14AC", "LOCAPROP": "MERCHANT ST  173", "CAT": "Residential-1", "RESCODE": "S", "ACRESGL": 0.14, "REAL_FLV": 136100, "HSTED_FLV": 73800, "NRES_FLV": 62300, "LAND_LV": 11600, "IMPRV_LV": 124500, "EQUIPVAL": 0, "EQUIPCODE": "", "INVENVAL": 0, "HSDECL": "Y", "HSITEVAL": 73800, "VETEXAMT": 0, "EXPDESC": "", "ENDDATE": "", "STATUTE": "", "EXAMT_HS": 0, "EXAMT_NR": 0, "UVREDUC_HS": 0, "UVREDUC_NR": 0, "GLVAL_HS": 738.0, "GLVAL_NR": 623.0, "CRHOUSPCT": 0.0, "MUNGL1PCT": 1361.0, "AOEGL_HS": 738.0, "AOEGL_NR": 623.0, "E911ADDR": "173 MERCHANT ST", "SHAPE_Length": 0.001070912552294282, "SHAPE_Area": 6.58931878181521e-08}, "geometry": {"type": "MultiPolygon", "coordinates": [[[[-72.49964554399997, 44.20657945600004], [-72.49965558799994, 44.206554277000066], [-72.49999695199995, 44.20663408100006], [-72.49998632599994, 44.20665949900007], [-72.49989470799994, 44.20681760900004], [-72.49958566899994, 44.20672957100004], [-72.49964554399997, 44.20657945600004]]]]}}, {"type": "Feature", "properties": {"OBJECTID": 4436, "SPAN": "036-011-10563", "GLIST_SPAN": "036-011-10563", "MAPID": "0970-0071.0000", "PARCID": "0970-0071-0000", "PROPTYPE": "PARCEL", "YEAR": 2023, "GLYEAR": 2022, "TOWN": "BARRE CITY", "TNAME": "Barre City", "SOURCENAME": null, "SOURCETYPE": "UNKNOWN", "SOURCEDATE": "UNKNOWN", "EDITMETHOD": "UNKNOWN", "EDITOR": "UNKNOWN", "EDITDATE": "UNKNOWN", "MATCHSTAT": "MATCH", "EDITNOTE": "UNKNOWN", "OWNER1": "TOLMAN HEATHER", "OWNER2": "", "ADDRGL1": "71 LONG ST", "ADDRGL2": "", "CITYGL": "BARRE", "STGL": "VT", "ZIPGL": "05641-2914", "DESCPROP": "1 FAM-0.15AC & 0.26AC", "LOCAPROP": "LONG ST  71", "CAT": "Residential-1", "RESCODE": "T", "ACRESGL": 0.41, "REAL_FLV": 97500, "HSTED_FLV": 97500, "NRES_FLV": 0, "LAND_LV": 35200, "IMPRV_LV": 62300, "EQUIPVAL": 0, "EQUIPCODE": "", "INVENVAL": 0, "HSDECL": "Y", "HSITEVAL": 97500, "VETEXAMT": 0, "EXPDESC": "", "ENDDATE": "", "STATUTE": "", "EXAMT_HS": 0, "EXAMT_NR": 0, "UVREDUC_HS": 0, "UVREDUC_NR": 0, "GLVAL_HS": 975.0, "GLVAL_NR": 0.0, "CRHOUSPCT": 0.0, "MUNGL1PCT": 975.0, "AOEGL_HS": 975.0, "AOEGL_NR": 0.0, "E911ADDR": "71 LONG ST", "SHAPE_Length": 0.0024134609841769995, "SHAPE_Area": 1.868605089210584e-07}, "geometry": {"type": "MultiPolygon", "coordinates": [[[[-72.50023343399994, 44.20652239100008], [-72.50030537599997, 44.206355048000034], [-72.50092079999996, 44.20647795000008], [-72.50092431799999, 44.20647865300003], [-72.50090594199997, 44.206513950000044], [-72.50125979299997, 44.20661308600006], [-72.50116947699996, 44.20678352300007], [-72.50081875299998, 44.206685511000046], [-72.50082735399997, 44.20666118400004], [-72.50073507899998, 44.20663980900008], [-72.50023929799994, 44.20652492200003], [-72.50023343399994, 44.20652239100008]]]]}}, {"type": "Feature", "properties": {"OBJECTID": 4479, "SPAN": "036-011-10862", "GLIST_SPAN": "036-011-10862", "MAPID": "0995-0141.0000", "PARCID": "0995-0141-0000", "PROPTYPE": "PARCEL", "YEAR": 2023, "GLYEAR": 2022, "TOWN": "BARRE CITY", "TNAME": "Barre City", "SOURCENAME": null, "SOURCETYPE": "UNKNOWN", "SOURCEDATE": "UNKNOWN", "EDITMETHOD": "UNKNOWN", "EDITOR": "UNKNOWN", "EDITDATE": "UNKNOWN", "MATCHSTAT": "MATCH", "EDITNOTE": "UNKNOWN", "OWNER1": "ANDERSON RESIDENTIAL INVESTMENTS LLC", "OWNER2": "", "ADDRGL1": "15 EAST ST  # 1", "ADDRGL2": "", "CITYGL": "BARRE", "STGL": "VT", "ZIPGL": "05641-3806", "DESCPROP": "2 APTS-0.54AC", "LOCAPROP": "MAPLE AVE 141", "CAT": "Residential-1", "RESCODE": "C", "ACRESGL": 0.54, "REAL_FLV": 127500, "HSTED_FLV": 0, "NRES_FLV": 127500, "LAND_LV": 25100, "IMPRV_LV": 102400, "EQUIPVAL": 0, "EQUIPCODE": "", "INVENVAL": 0, "HSDECL": "N", "HSITEVAL": 0, "VETEXAMT": 0, "EXPDESC": "", "ENDDATE": "", "STATUTE": "", "EXAMT_HS": 0, "EXAMT_NR": 0, "UVREDUC_HS": 0, "UVREDUC_NR": 0, "GLVAL_HS": 0.0, "GLVAL_NR": 1275.0, "CRHOUSPCT": 0.0, "MUNGL1PCT": 1275.0, "AOEGL_HS": 0.0, "AOEGL_NR": 1275.0, "E911ADDR": "141 MAPLE AVE", "SHAPE_Length": 0.001965746204446107, "SHAPE_Area": 1.7333394781916088e-07}, "geometry": {"type": "MultiPolygon", "coordinates": [[[[-72.50163004599995, 44.20817436400006], [-72.50157339799995, 44.20763049300007], [-72.50224202499999, 44.20806149300006], [-72.50221895699997, 44.20806908700007], [-72.50218337599995, 44.20808188400008], [-72.50214271199997, 44.208092572000055], [-72.50212120699996, 44.20809763500006], [-72.50208601699995, 44.208103823000044], [-72.50177516999997, 44.20814812500004], [-72.50163004599995, 44.20817436400006]]]]}}, {"type": "Feature", "properties": {"OBJECTID": 4487, "SPAN": "036-011-10866", "GLIST_SPAN": "036-011-10866", "MAPID": "0970-0042.0000", "PARCID": "0970-0042-0000", "PROPTYPE": "PARCEL", "YEAR": 2023, "GLYEAR": 2022, "TOWN": "BARRE CITY", "TNAME": "Barre City", "SOURCENAME": null, "SOURCETYPE": "UNKNOWN", "SOURCEDATE": "UNKNOWN", "EDITMETHOD": "UNKNOWN", "EDITOR": "UNKNOWN", "EDITDATE": "UNKNOWN", "MATCHSTAT": "MATCH", "EDITNOTE": "UNKNOWN", "OWNER1": "PIASCIK JOSHUA G & ELISSA A", "OWNER2": "", "ADDRGL1": "42 LONG ST", "ADDRGL2": "", "CITYGL": "BARRE", "STGL": "VT", "ZIPGL": "05641", "DESCPROP": "1 FAM-0.20AC", "LOCAPROP": "LONG ST  42", "CAT": "Residential-1", "RESCODE": "T", "ACRESGL": 0.2, "REAL_FLV": 112230, "HSTED_FLV": 112230, "NRES_FLV": 0, "LAND_LV": 17750, "IMPRV_LV": 94480, "EQUIPVAL": 0, "EQUIPCODE": "", "INVENVAL": 0, "HSDECL": "Y", "HSITEVAL": 112230, "VETEXAMT": 0, "EXPDESC": "", "ENDDATE": "", "STATUTE": "", "EXAMT_HS": 0, "EXAMT_NR": 0, "UVREDUC_HS": 0, "UVREDUC_NR": 0, "GLVAL_HS": 1122.0, "GLVAL_NR": 0.0, "CRHOUSPCT": 0.0, "MUNGL1PCT": 1122.3, "AOEGL_HS": 1122.0, "AOEGL_NR": 0.0, "E911ADDR": "42 LONG ST", "SHAPE_Length": 0.0013624818459956264, "SHAPE_Area": 9.154451250901506e-08}, "geometry": {"type": "MultiPolygon", "coordinates": [[[[-72.50188379399998, 44.205812930000036], [-72.50197332599998, 44.20564277400007], [-72.50197879999996, 44.20564544600006], [-72.50244525299996, 44.20576988800008], [-72.50235572399998, 44.205940326000075], [-72.50189004999999, 44.20581489800003], [-72.50188379399998, 44.205812930000036]]]]}}, {"type": "Feature", "properties": {"OBJECTID": 4502, "SPAN": "036-011-10584", "GLIST_SPAN": "036-011-10584", "MAPID": "1030-0160.0000", "PARCID": "1030-0160-0000", "PROPTYPE": "PARCEL", "YEAR": 2023, "GLYEAR": 2022, "TOWN": "BARRE CITY", "TNAME": "Barre City", "SOURCENAME": null, "SOURCETYPE": "UNKNOWN", "SOURCEDATE": "UNKNOWN", "EDITMETHOD": "UNKNOWN", "EDITOR": "UNKNOWN", "EDITDATE": "UNKNOWN", "MATCHSTAT": "MATCH", "EDITNOTE": "UNKNOWN", "OWNER1": "BLAISDELL THAD & BLAISDELL KENNETH", "OWNER2": "", "ADDRGL1": "131 TAPLIN RD", "ADDRGL2": "", "CITYGL": "BARRE", "STGL": "VT", "ZIPGL": "05641", "DESCPROP": "1 FAM-0.32AC", "LOCAPROP": "MERCHANT ST  160", "CAT": "Residential-1", "RESCODE": "S", "ACRESGL": 0.32, "REAL_FLV": 44900, "HSTED_FLV": 0, "NRES_FLV": 44900, "LAND_LV": 19900, "IMPRV_LV": 25000, "EQUIPVAL": 0, "EQUIPCODE": "", "INVENVAL": 0, "HSDECL": "N", "HSITEVAL": 44900, "VETEXAMT": 0, "EXPDESC": "", "ENDDATE": "", "STATUTE": "", "EXAMT_HS": 0, "EXAMT_NR": 0, "UVREDUC_HS": 0, "UVREDUC_NR": 0, "GLVAL_HS": 0.0, "GLVAL_NR": 449.0, "CRHOUSPCT": 0.0, "MUNGL1PCT": 449.0, "AOEGL_HS": 0.0, "AOEGL_NR": 449.0, "E911ADDR": "160 MERCHANT ST", "SHAPE_Length": 0.0017670081274336004, "SHAPE_Area": 1.476829347424369e-07}, "geometry": {"type": "MultiPolygon", "coordinates": [[[[-72.50037809899999, 44.20618194100007], [-72.50047975499996, 44.20593472400003], [-72.50048601099996, 44.20593669300007], [-72.50073937299999, 44.20601726900003], [-72.50085745299998, 44.20605495500007], [-72.50110573199998, 44.20613398300003], [-72.50110534199996, 44.20613496800007], [-72.50108266499996, 44.20617757700006], [-72.50101541699996, 44.20630526400004], [-72.50038005299996, 44.20618236200005], [-72.50037809899999, 44.20618194100007]]]]}}, {"type": "Feature", "properties": {"OBJECTID": 4609, "SPAN": "036-011-10622", "GLIST_SPAN": "036-011-10622", "MAPID": "1242-L001.0000", "PARCID": "1242-L001-0000", "PROPTYPE": "PARCEL", "YEAR": 2023, "GLYEAR": 2022, "TOWN": "BARRE CITY", "TNAME": "Barre City", "SOURCENAME": null, "SOURCETYPE": "UNKNOWN", "SOURCEDATE": "UNKNOWN", "EDITMETHOD": "UNKNOWN", "EDITOR": "UNKNOWN", "EDITDATE": "UNKNOWN", "MATCHSTAT": "MATCH", "EDITNOTE": "UNKNOWN", "OWNER1": "CITY OF BARRE", "OWNER2": "", "ADDRGL1": "6 N MAIN ST", "ADDRGL2": "", "CITYGL": "BARRE", "STGL": "VT", "ZIPGL": "05641", "DESCPROP": "VAC LAND-0.37AC", "LOCAPROP": "QUINLAN DR   (N END OF QUINLAN)", "CAT": "Miscellaneous", "RESCODE": "T", "ACRESGL": 0.37, "REAL_FLV": 780, "HSTED_FLV": 0, "NRES_FLV": 780, "LAND_LV": 780, "IMPRV_LV": 0, "EQUIPVAL": 0, "EQUIPCODE": "", "INVENVAL": 0, "HSDECL": "N", "HSITEVAL": 0, "VETEXAMT": 0, "EXPDESC": "Statutory", "ENDDATE": "", "STATUTE": "", "EXAMT_HS": 0, "EXAMT_NR": 0, "UVREDUC_HS": 0, "UVREDUC_NR": 0, "GLVAL_HS": 0.0, "GLVAL_NR": 0.0, "CRHOUSPCT": 0.0, "MUNGL1PCT": 0.0, "AOEGL_HS": 0.0, "AOEGL_NR": 0.0, "E911ADDR": "QUINLAN DR", "SHAPE_Length": 0.002225019853574787, "SHAPE_Area": 1.6355446118782306e-07}, "geometry": {"type": "MultiPolygon", "coordinates": [[[[-72.49937143699998, 44.20583234900005], [-72.49946665399995, 44.205602535000025], [-72.49964371799996, 44.20564008700006], [-72.49956796899994, 44.20581296800003], [-72.49949075299998, 44.205989197000065], [-72.49946168899999, 44.206055528000036], [-72.49930186499995, 44.20649924500003], [-72.49911279199995, 44.206457353000076], [-72.49925719499998, 44.20610841100006], [-72.49937143699998, 44.20583234900005]]]]}}, {"type": "Feature", "properties": {"OBJECTID": 4621, "SPAN": "036-011-10626", "GLIST_SPAN": "036-011-10626", "MAPID": "1242-0163.0000", "PARCID": "1242-0163-0000", "PROPTYPE": "PARCEL", "YEAR": 2023, "GLYEAR": 2022, "TOWN": "BARRE CITY", "TNAME": "Barre City", "SOURCENAME": null, "SOURCETYPE": "UNKNOWN", "SOURCEDATE": "UNKNOWN", "EDITMETHOD": "UNKNOWN", "EDITOR": "UNKNOWN", "EDITDATE": "UNKNOWN", "MATCHSTAT": "MATCH", "EDITNOTE": "UNKNOWN", "OWNER1": "LOOMIS JEREMY", "OWNER2": "", "ADDRGL1": "163 QUINLAN DR", "ADDRGL2": "", "CITYGL": "BARRE", "STGL": "VT", "ZIPGL": "05641-3000", "DESCPROP": "1 FAM-0.35AC", "LOCAPROP": "QUINLAN DR 163", "CAT": "Residential-1", "RESCODE": "T", "ACRESGL": 0.35, "REAL_FLV": 139630, "HSTED_FLV": 139630, "NRES_FLV": 0, "LAND_LV": 27100, "IMPRV_LV": 112530, "EQUIPVAL": 0, "EQUIPCODE": "", "INVENVAL": 0, "HSDECL": "Y", "HSITEVAL": 139630, "VETEXAMT": 0, "EXPDESC": "", "ENDDATE": "", "STATUTE": "", "EXAMT_HS": 0, "EXAMT_NR": 0, "UVREDUC_HS": 0, "UVREDUC_NR": 0, "GLVAL_HS": 1396.0, "GLVAL_NR": 0.0, "CRHOUSPCT": 0.0, "MUNGL1PCT": 1396.3, "AOEGL_HS": 1396.0, "AOEGL_NR": 0.0, "E911ADDR": "163 QUINLAN DR", "SHAPE_Length": 0.0016379877112154572, "SHAPE_Area": 1.6049119987243476e-07}, "geometry": {"type": "MultiPolygon", "coordinates": [[[[-72.49919461499996, 44.20537575000003], [-72.49921260999997, 44.20533632900003], [-72.49953944399994, 44.20540032300005], [-72.49954960899998, 44.205402313000036], [-72.49946665399995, 44.205602535000025], [-72.49937143699998, 44.20583234900005], [-72.49901792999998, 44.20576282300004], [-72.49908549599996, 44.20561480400005], [-72.49919461499996, 44.20537575000003]]]]}}, {"type": "Feature", "properties": {"OBJECTID": 4731, "SPAN": "036-011-10999", "GLIST_SPAN": "036-011-10999", "MAPID": "1030-0180.0000", "PARCID": "1030-0180-0000", "PROPTYPE": "PARCEL", "YEAR": 2023, "GLYEAR": 2022, "TOWN": "BARRE CITY", "TNAME": "Barre City", "SOURCENAME": null, "SOURCETYPE": "UNKNOWN", "SOURCEDATE": "UNKNOWN", "EDITMETHOD": "UNKNOWN", "EDITOR": "UNKNOWN", "EDITDATE": "UNKNOWN", "MATCHSTAT": "MATCH", "EDITNOTE": "UNKNOWN", "OWNER1": "PLUCINSKI SHIRLEY", "OWNER2": "", "ADDRGL1": "180 MERCHANT ST", "ADDRGL2": "", "CITYGL": "BARRE", "STGL": "VT", "ZIPGL": "05641", "DESCPROP": "1 FAM-0.20AC", "LOCAPROP": "MERCHANT ST  180", "CAT": "Residential-1", "RESCODE": "T", "ACRESGL": 0.2, "REAL_FLV": 104500, "HSTED_FLV": 104500, "NRES_FLV": 0, "LAND_LV": 15900, "IMPRV_LV": 88600, "EQUIPVAL": 0, "EQUIPCODE": "", "INVENVAL": 0, "HSDECL": "Y", "HSITEVAL": 104500, "VETEXAMT": 0, "EXPDESC": "", "ENDDATE": "", "STATUTE": "", "EXAMT_HS": 0, "EXAMT_NR": 0, "UVREDUC_HS": 0, "UVREDUC_NR": 0, "GLVAL_HS": 1045.0, "GLVAL_NR": 0.0, "CRHOUSPCT": 0.0, "MUNGL1PCT": 1045.0, "AOEGL_HS": 1045.0, "AOEGL_NR": 0.0, "E911ADDR": "180 MERCHANT ST", "SHAPE_Length": 0.00136702258761056, "SHAPE_Area": 9.278622986214083e-08}, "geometry": {"type": "MultiPolygon", "coordinates": [[[[-72.49997263999995, 44.20703412000006], [-72.50006569699997, 44.20686691800006], [-72.50053645699995, 44.20700444700003], [-72.50049853199994, 44.20706927400005], [-72.50043714599997, 44.20717474300005], [-72.49997146799996, 44.207035948000055], [-72.49997263999995, 44.20703412000006]]]]}}, {"type": "Feature", "properties": {"OBJECTID": 4732, "SPAN": "036-011-10224", "GLIST_SPAN": "036-011-10224", "MAPID": "1030-0162.0000", "PARCID": "1030-0162-0000", "PROPTYPE": "PARCEL", "YEAR": 2023, "GLYEAR": 2022, "TOWN": "BARRE CITY", "TNAME": "Barre City", "SOURCENAME": null, "SOURCETYPE": "UNKNOWN", "SOURCEDATE": "UNKNOWN", "EDITMETHOD": "UNKNOWN", "EDITOR": "UNKNOWN", "EDITDATE": "UNKNOWN", "MATCHSTAT": "MATCH", "EDITNOTE": "UNKNOWN", "OWNER1": "FLIBOTTE STEFFEN S", "OWNER2": "", "ADDRGL1": "162 MERCHANT ST", "ADDRGL2": "", "CITYGL": "BARRE", "STGL": "VT", "ZIPGL": "05641-2926", "DESCPROP": "1 FAM-0.25AC", "LOCAPROP": "MERCHANT ST  162", "CAT": "Residential-1", "RESCODE": "T", "ACRESGL": 0.25, "REAL_FLV": 97730, "HSTED_FLV": 97730, "NRES_FLV": 0, "LAND_LV": 18650, "IMPRV_LV": 79080, "EQUIPVAL": 0, "EQUIPCODE": "", "INVENVAL": 0, "HSDECL": "Y", "HSITEVAL": 97730, "VETEXAMT": 0, "EXPDESC": "", "ENDDATE": "", "STATUTE": "", "EXAMT_HS": 0, "EXAMT_NR": 0, "UVREDUC_HS": 0, "UVREDUC_NR": 0, "GLVAL_HS": 977.0, "GLVAL_NR": 0.0, "CRHOUSPCT": 0.0, "MUNGL1PCT": 977.3, "AOEGL_HS": 977.0, "AOEGL_NR": 0.0, "E911ADDR": "162 MERCHANT ST", "SHAPE_Length": 0.0016639336106851498, "SHAPE_Area": 1.1887069376778015e-07}, "geometry": {"type": "MultiPolygon", "coordinates": [[[[-72.50033821899996, 44.20627826800006], [-72.50037809899999, 44.20618194100007], [-72.50038005299996, 44.20618236200005], [-72.50101541699996, 44.20630526400004], [-72.50099522699998, 44.206343692000075], [-72.50092431799999, 44.20647865300003], [-72.50092079999996, 44.20647795000008], [-72.50030537599997, 44.206355048000034], [-72.50033821899996, 44.20627826800006]]]]}}, {"type": "Feature", "properties": {"OBJECTID": 5291, "SPAN": "036-011-11041", "GLIST_SPAN": "036-011-11041", "MAPID": "0970-0070.0000", "PARCID": "0970-0070-0000", "PROPTYPE": "PARCEL", "YEAR": 2023, "GLYEAR": 2022, "TOWN": "BARRE CITY", "TNAME": "Barre City", "SOURCENAME": null, "SOURCETYPE": "UNKNOWN", "SOURCEDATE": "UNKNOWN", "EDITMETHOD": "UNKNOWN", "EDITOR": "UNKNOWN", "EDITDATE": "UNKNOWN", "MATCHSTAT": "MATCH", "EDITNOTE": "UNKNOWN", "OWNER1": "MOREL ANITA M", "OWNER2": "", "ADDRGL1": "70 LONG ST", "ADDRGL2": "", "CITYGL": "BARRE", "STGL": "VT", "ZIPGL": "05641", "DESCPROP": "1 FAM-0.26AC", "LOCAPROP": "LONG ST  70", "CAT": "Residential-1", "RESCODE": "T", "ACRESGL": 0.28, "REAL_FLV": 157900, "HSTED_FLV": 157900, "NRES_FLV": 0, "LAND_LV": 17300, "IMPRV_LV": 140600, "EQUIPVAL": 0, "EQUIPCODE": "", "INVENVAL": 0, "HSDECL": "Y", "HSITEVAL": 157900, "VETEXAMT": 0, "EXPDESC": "", "ENDDATE": "", "STATUTE": "", "EXAMT_HS": 0, "EXAMT_NR": 0, "UVREDUC_HS": 0, "UVREDUC_NR": 0, "GLVAL_HS": 1579.0, "GLVAL_NR": 0.0, "CRHOUSPCT": 0.0, "MUNGL1PCT": 1579.0, "AOEGL_HS": 1579.0, "AOEGL_NR": 0.0, "E911ADDR": "70 LONG ST", "SHAPE_Length": 0.0014928687191335963, "SHAPE_Area": 1.2601498564002152e-07}, "geometry": {"type": "MultiPolygon", "coordinates": [[[[-72.50129381699998, 44.20693933200005], [-72.50137287399997, 44.206785584000045], [-72.50184880499995, 44.20691809500005], [-72.50177355999995, 44.20706162600004], [-72.50169266199998, 44.20721593500008], [-72.50168951399996, 44.20721396400006], [-72.50130515599994, 44.20696295700003], [-72.50130398399995, 44.20696155100006], [-72.50129616399994, 44.20695114400007], [-72.50129381699998, 44.20693933200005]]]]}}, {"type": "Feature", "properties": {"OBJECTID": 5323, "SPAN": "036-011-10712", "GLIST_SPAN": "036-011-10712", "MAPID": "1030-VL00.0007", "PARCID": "1030-VL00-0007", "PROPTYPE": "PARCEL", "YEAR": 2023, "GLYEAR": 2022, "TOWN": "BARRE CITY", "TNAME": "Barre City", "SOURCENAME": null, "SOURCETYPE": "UNKNOWN", "SOURCEDATE": "UNKNOWN", "EDITMETHOD": "UNKNOWN", "EDITOR": "UNKNOWN", "EDITDATE": "UNKNOWN", "MATCHSTAT": "MATCH", "EDITNOTE": "UNKNOWN", "OWNER1": "CITY OF BARRE", "OWNER2": "", "ADDRGL1": "6 N MAIN ST", "ADDRGL2": "", "CITYGL": "BARRE", "STGL": "VT", "ZIPGL": "05641-4115", "DESCPROP": "VAC LAND-0.16AC &.11&.11&.11&.07AC", "LOCAPROP": "MERCHANT ST  LOT 29 OF LOTS 25 THRU 29", "CAT": "Miscellaneous", "RESCODE": "C", "ACRESGL": 0.58, "REAL_FLV": 25400, "HSTED_FLV": 0, "NRES_FLV": 25400, "LAND_LV": 25400, "IMPRV_LV": 0, "EQUIPVAL": 0, "EQUIPCODE": "", "INVENVAL": 0, "HSDECL": "N", "HSITEVAL": 0, "VETEXAMT": 0, "EXPDESC": "Statutory", "ENDDATE": "", "STATUTE": "", "EXAMT_HS": 0, "EXAMT_NR": 0, "UVREDUC_HS": 0, "UVREDUC_NR": 0, "GLVAL_HS": 0.0, "GLVAL_NR": 0.0, "CRHOUSPCT": 0.0, "MUNGL1PCT": 0.0, "AOEGL_HS": 0.0, "AOEGL_NR": 0.0, "E911ADDR": "MERCHANT ST", "SHAPE_Length": 0.002357023830297695, "SHAPE_Area": 2.494163205942245e-07}, "geometry": {"type": "MultiPolygon", "coordinates": [[[[-72.50071707699993, 44.20529066700004], [-72.50075226399997, 44.205115731000035], [-72.50107873799993, 44.205205447000026], [-72.50100751499997, 44.205375797000045], [-72.50093386999998, 44.20555194000008], [-72.50090123699994, 44.205629990000034], [-72.50086076699995, 44.20572681900006], [-72.50078805399994, 44.20590079400006], [-72.50073937299999, 44.20601726900003], [-72.50048601099996, 44.20593669300007], [-72.50047975499996, 44.20593472400003], [-72.50052421699996, 44.20582726100008], [-72.50052862699994, 44.20581660000005], [-72.50059499699995, 44.20565449500003], [-72.50066617099998, 44.20548065500003], [-72.50067250699993, 44.20546518100008], [-72.50071561699997, 44.20529638200003], [-72.50071707699993, 44.20529066700004]]]]}}, {"type": "Feature", "properties": {"OBJECTID": 5534, "SPAN": "036-011-10321", "GLIST_SPAN": "036-011-10321", "MAPID": "1242-0168.0000", "PARCID": "1242-0168-0000", "PROPTYPE": "PARCEL", "YEAR": 2023, "GLYEAR": 2022, "TOWN": "BARRE CITY", "TNAME": "Barre City", "SOURCENAME": null, "SOURCETYPE": "UNKNOWN", "SOURCEDATE": "UNKNOWN", "EDITMETHOD": "UNKNOWN", "EDITOR": "UNKNOWN", "EDITDATE": "UNKNOWN", "MATCHSTAT": "MATCH", "EDITNOTE": "UNKNOWN", "OWNER1": "COUTURE AARON E & RUIZ KAREN N DIOSES", "OWNER2": "", "ADDRGL1": "168 QUINLAN DR", "ADDRGL2": "", "CITYGL": "BARRE", "STGL": "VT", "ZIPGL": "05641", "DESCPROP": "1 FAM-0.14AC & 0.O7AC & 0.14AC", "LOCAPROP": "QUINLAN DR 168", "CAT": "Residential-1", "RESCODE": "T", "ACRESGL": 0.35, "REAL_FLV": 141200, "HSTED_FLV": 0, "NRES_FLV": 141200, "LAND_LV": 28100, "IMPRV_LV": 113100, "EQUIPVAL": 0, "EQUIPCODE": "", "INVENVAL": 0, "HSDECL": "N", "HSITEVAL": 141200, "VETEXAMT": 0, "EXPDESC": "", "ENDDATE": "", "STATUTE": "", "EXAMT_HS": 0, "EXAMT_NR": 0, "UVREDUC_HS": 0, "UVREDUC_NR": 0, "GLVAL_HS": 0.0, "GLVAL_NR": 1412.0, "CRHOUSPCT": 0.0, "MUNGL1PCT": 1412.0, "AOEGL_HS": 0.0, "AOEGL_NR": 1412.0, "E911ADDR": "168 QUINLAN DR", "SHAPE_Length": 0.0018193894488940426, "SHAPE_Area": 1.2592455892982994e-07}, "geometry": {"type": "MultiPolygon", "coordinates": [[[[-72.50020883999997, 44.20611700400008], [-72.49985839199996, 44.206046506000064], [-72.49985155899998, 44.206063639000035], [-72.49949075299998, 44.205989197000065], [-72.49956796899994, 44.20581296800003], [-72.49992533099999, 44.20589239800006], [-72.49992767699996, 44.20589296000003], [-72.50027057499994, 44.205965381000055], [-72.50020883999997, 44.20611700400008]]]]}}, {"type": "Feature", "properties": {"OBJECTID": 5580, "SPAN": "036-011-10781", "GLIST_SPAN": "036-011-10781", "MAPID": "0995-0131.0000", "PARCID": "0995-0131-0000", "PROPTYPE": "PARCEL", "YEAR": 2023, "GLYEAR": 2022, "TOWN": "BARRE CITY", "TNAME": "Barre City", "SOURCENAME": null, "SOURCETYPE": "UNKNOWN", "SOURCEDATE": "UNKNOWN", "EDITMETHOD": "UNKNOWN", "EDITOR": "UNKNOWN", "EDITDATE": "UNKNOWN", "MATCHSTAT": "MATCH", "EDITNOTE": "UNKNOWN", "OWNER1": "COLETTI MICHAEL E", "OWNER2": "", "ADDRGL1": "131 MAPLE AVE", "ADDRGL2": "", "CITYGL": "BARRE", "STGL": "VT", "ZIPGL": "05641", "DESCPROP": "1 FAM-0.35AC", "LOCAPROP": "MAPLE AVE 131", "CAT": "Residential-1", "RESCODE": "T", "ACRESGL": 0.35, "REAL_FLV": 106500, "HSTED_FLV": 106500, "NRES_FLV": 0, "LAND_LV": 20400, "IMPRV_LV": 86100, "EQUIPVAL": 0, "EQUIPCODE": "", "INVENVAL": 0, "HSDECL": "Y", "HSITEVAL": 106500, "VETEXAMT": 0, "EXPDESC": "", "ENDDATE": "", "STATUTE": "", "EXAMT_HS": 0, "EXAMT_NR": 0, "UVREDUC_HS": 0, "UVREDUC_NR": 0, "GLVAL_HS": 1065.0, "GLVAL_NR": 0.0, "CRHOUSPCT": 0.0, "MUNGL1PCT": 1065.0, "AOEGL_HS": 1065.0, "AOEGL_NR": 0.0, "E911ADDR": "131 MAPLE AVE", "SHAPE_Length": 0.0021366432250179176, "SHAPE_Area": 1.757958428262769e-07}, "geometry": {"type": "MultiPolygon", "coordinates": [[[[-72.50186507699993, 44.207390866000026], [-72.50191004099997, 44.207358241000065], [-72.50237416899995, 44.207663385000046], [-72.50237534199994, 44.20766408900005], [-72.50262402599998, 44.207825237000065], [-72.50256420399995, 44.20786827000006], [-72.50251337499998, 44.20790300400006], [-72.50243986899994, 44.20794955300005], [-72.50173487799998, 44.20749633600008], [-72.50186429499996, 44.20739128900004], [-72.50186507699993, 44.207390866000026]]]]}}, {"type": "Feature", "properties": {"OBJECTID": 5671, "SPAN": "036-011-11182", "GLIST_SPAN": "036-011-11182", "MAPID": "1030-0177.0000", "PARCID": "1030-0177-0000", "PROPTYPE": "PARCEL", "YEAR": 2023, "GLYEAR": 2022, "TOWN": "BARRE CITY", "TNAME": "Barre City", "SOURCENAME": null, "SOURCETYPE": "UNKNOWN", "SOURCEDATE": "UNKNOWN", "EDITMETHOD": "UNKNOWN", "EDITOR": "UNKNOWN", "EDITDATE": "UNKNOWN", "MATCHSTAT": "MATCH", "EDITNOTE": "UNKNOWN", "OWNER1": "AINES RYAN P & JENNIFER L", "OWNER2": "", "ADDRGL1": "177 MERCHANT ST", "ADDRGL2": "", "CITYGL": "BARRE", "STGL": "VT", "ZIPGL": "05641", "DESCPROP": "1 FAM-1.42AC", "LOCAPROP": "MERCHANT ST  177", "CAT": "Residential-1", "RESCODE": "T", "ACRESGL": 1.42, "REAL_FLV": 151000, "HSTED_FLV": 151000, "NRES_FLV": 0, "LAND_LV": 29800, "IMPRV_LV": 121200, "EQUIPVAL": 0, "EQUIPCODE": "", "INVENVAL": 0, "HSDECL": "Y", "HSITEVAL": 151000, "VETEXAMT": 0, "EXPDESC": "", "ENDDATE": "", "STATUTE": "", "EXAMT_HS": 0, "EXAMT_NR": 0, "UVREDUC_HS": 0, "UVREDUC_NR": 0, "GLVAL_HS": 1510.0, "GLVAL_NR": 0.0, "CRHOUSPCT": 0.0, "MUNGL1PCT": 1510.0, "AOEGL_HS": 1510.0, "AOEGL_NR": 0.0, "E911ADDR": "177 MERCHANT ST", "SHAPE_Length": 0.0040024664746018, "SHAPE_Area": 6.493595107655622e-07}, "geometry": {"type": "MultiPolygon", "coordinates": [[[[-72.49827656499997, 44.20680018000007], [-72.49848335299998, 44.206329726000035], [-72.49873710399999, 44.20636797900005], [-72.49911279199995, 44.206457353000076], [-72.49930186499995, 44.20649924500003], [-72.49925000299999, 44.20663378000006], [-72.49922962299996, 44.20668664800007], [-72.49986543299997, 44.20686827900005], [-72.49985964299998, 44.20687830900005], [-72.49970402499997, 44.207146056000056], [-72.49827656499997, 44.20680018000007]]]]}}, {"type": "Feature", "properties": {"OBJECTID": 6001, "SPAN": "036-011-11266", "GLIST_SPAN": "036-011-11266", "MAPID": "1030-0194.0000", "PARCID": "1030-0194-0000", "PROPTYPE": "PARCEL", "YEAR": 2023, "GLYEAR": 2022, "TOWN": "BARRE CITY", "TNAME": "Barre City", "SOURCENAME": null, "SOURCETYPE": "UNKNOWN", "SOURCEDATE": "UNKNOWN", "EDITMETHOD": "UNKNOWN", "EDITOR": "UNKNOWN", "EDITDATE": "UNKNOWN", "MATCHSTAT": "MATCH", "EDITNOTE": "UNKNOWN", "OWNER1": "GABLE WANDA B & BAILEY FRANK W", "OWNER2": "C/O CRAIG GABLE", "ADDRGL1": "54 APPLE BLOSSOM RD", "ADDRGL2": "", "CITYGL": "BARRE", "STGL": "VT", "ZIPGL": "05641", "DESCPROP": "AUTO SUPPLY STORE-0.97AC", "LOCAPROP": "MERCHANT ST  194", "CAT": "Commercial", "RESCODE": "S", "ACRESGL": 0.97, "REAL_FLV": 365600, "HSTED_FLV": 0, "NRES_FLV": 365600, "LAND_LV": 53500, "IMPRV_LV": 312100, "EQUIPVAL": 0, "EQUIPCODE": "", "INVENVAL": 0, "HSDECL": "N", "HSITEVAL": 0, "VETEXAMT": 0, "EXPDESC": "", "ENDDATE": "", "STATUTE": "", "EXAMT_HS": 0, "EXAMT_NR": 0, "UVREDUC_HS": 0, "UVREDUC_NR": 0, "GLVAL_HS": 0.0, "GLVAL_NR": 3656.0, "CRHOUSPCT": 0.0, "MUNGL1PCT": 3656.0, "AOEGL_HS": 0.0, "AOEGL_NR": 3656.0, "E911ADDR": "194 MERCHANT ST", "SHAPE_Length": 0.004477532034192233, "SHAPE_Area": 4.873016044915029e-07}, "geometry": {"type": "MultiPolygon", "coordinates": [[[[-72.49950842799996, 44.20860599900004], [-72.49961995399997, 44.208496471000046], [-72.49944669799999, 44.20840768900007], [-72.49922967499998, 44.20834425500004], [-72.49957422699998, 44.207736597000064], [-72.50020426199995, 44.20817266900008], [-72.50052159699999, 44.20802121100007], [-72.50057828099995, 44.208126046000075], [-72.49958379599997, 44.208658514000035], [-72.49950842799996, 44.20860599900004]], [[-72.49975484199996, 44.20837711900003], [-72.49963903399998, 44.20829617600003], [-72.49950574499996, 44.20839990700006], [-72.49967399399998, 44.20851464200007], [-72.49975374899998, 44.20845570300003], [-72.49970130799994, 44.20841719600003], [-72.49975484199996, 44.20837711900003]]]]}}, {"type": "Feature", "properties": {"OBJECTID": 6182, "SPAN": "036-011-11454", "GLIST_SPAN": "036-011-11454", "MAPID": "0970-0056.0000", "PARCID": "0970-0056-0000", "PROPTYPE": "PARCEL", "YEAR": 2023, "GLYEAR": 2022, "TOWN": "BARRE CITY", "TNAME": "Barre City", "SOURCENAME": null, "SOURCETYPE": "UNKNOWN", "SOURCEDATE": "UNKNOWN", "EDITMETHOD": "UNKNOWN", "EDITOR": "UNKNOWN", "EDITDATE": "UNKNOWN", "MATCHSTAT": "MATCH", "EDITNOTE": "UNKNOWN", "OWNER1": "M & S PROPERTIES LLC", "OWNER2": "", "ADDRGL1": "4 PARK ST", "ADDRGL2": "", "CITYGL": "BARRE", "STGL": "VT", "ZIPGL": "05641", "DESCPROP": "4 APTS-0.28AC", "LOCAPROP": "LONG ST  56", "CAT": "Residential-1", "RESCODE": "C", "ACRESGL": 0.28, "REAL_FLV": 202150, "HSTED_FLV": 0, "NRES_FLV": 202150, "LAND_LV": 23140, "IMPRV_LV": 179010, "EQUIPVAL": 0, "EQUIPCODE": "", "INVENVAL": 0, "HSDECL": "N", "HSITEVAL": 202150, "VETEXAMT": 0, "EXPDESC": "", "ENDDATE": "", "STATUTE": "", "EXAMT_HS": 0, "EXAMT_NR": 0, "UVREDUC_HS": 0, "UVREDUC_NR": 0, "GLVAL_HS": 0.0, "GLVAL_NR": 2021.5, "CRHOUSPCT": 0.0, "MUNGL1PCT": 2021.5, "AOEGL_HS": 0.0, "AOEGL_NR": 2021.5, "E911ADDR": "56 LONG ST", "SHAPE_Length": 0.0015496450069526326, "SHAPE_Area": 1.490876183333185e-07}, "geometry": {"type": "MultiPolygon", "coordinates": [[[[-72.50167635499997, 44.206266579000044], [-72.50168551499996, 44.206265804000054], [-72.50169844599998, 44.206266579000044], [-72.50171137599995, 44.20626968100004], [-72.50171303699994, 44.206270619000065], [-72.50201431399995, 44.20635341900004], [-72.50200286399996, 44.206375456000046], [-72.50183141699995, 44.20670542600004], [-72.50183063499998, 44.20670669200007], [-72.50146076199997, 44.206614658000035], [-72.50150274499998, 44.20653300600003], [-72.50162678499998, 44.20629177200004], [-72.50163726999995, 44.20628021300007], [-72.50165109599999, 44.206272444000035], [-72.50166602699994, 44.20626812800003], [-72.50167635499997, 44.206266579000044]]]]}}, {"type": "Feature", "properties": {"OBJECTID": 6284, "SPAN": "036-011-11561", "GLIST_SPAN": "036-011-11561", "MAPID": "0050-0001.0000", "PARCID": "0050-0001-0000", "PROPTYPE": "PARCEL", "YEAR": 2023, "GLYEAR": 2022, "TOWN": "BARRE CITY", "TNAME": "Barre City", "SOURCENAME": null, "SOURCETYPE": "UNKNOWN", "SOURCEDATE": "UNKNOWN", "EDITMETHOD": "UNKNOWN", "EDITOR": "UNKNOWN", "EDITDATE": "UNKNOWN", "MATCHSTAT": "MATCH", "EDITNOTE": "UNKNOWN", "OWNER1": "MONTGOMERY CLYDE", "OWNER2": "", "ADDRGL1": "1 ANDERSEN AVE", "ADDRGL2": "", "CITYGL": "BARRE", "STGL": "VT", "ZIPGL": "05641", "DESCPROP": "1 FAM-0.17AC", "LOCAPROP": "ANDERSEN AVE    1", "CAT": "Residential-1", "RESCODE": "T", "ACRESGL": 0.17, "REAL_FLV": 171580, "HSTED_FLV": 0, "NRES_FLV": 171580, "LAND_LV": 15750, "IMPRV_LV": 155830, "EQUIPVAL": 0, "EQUIPCODE": "", "INVENVAL": 0, "HSDECL": "N", "HSITEVAL": 171580, "VETEXAMT": 40000, "EXPDESC": "", "ENDDATE": "", "STATUTE": "", "EXAMT_HS": 0, "EXAMT_NR": 0, "UVREDUC_HS": 0, "UVREDUC_NR": 0, "GLVAL_HS": 0.0, "GLVAL_NR": 1315.8, "CRHOUSPCT": 0.0, "MUNGL1PCT": 1315.8, "AOEGL_HS": 0.0, "AOEGL_NR": 1615.8, "E911ADDR": "1 ANDERSEN AVE", "SHAPE_Length": 0.0010987234091123625, "SHAPE_Area": 6.966166166290207e-08}, "geometry": {"type": "MultiPolygon", "coordinates": [[[[-72.50120388999994, 44.207041004000075], [-72.50121483799995, 44.20703973900004], [-72.50122539499995, 44.20704184700003], [-72.50123165099996, 44.20704494100005], [-72.50124181699994, 44.20705056600008], [-72.50140095499995, 44.20715209400004], [-72.50114485499995, 44.207354173000056], [-72.50095287299996, 44.20723042700007], [-72.50119020499994, 44.207047051000075], [-72.50120271699996, 44.20704114500006], [-72.50120388999994, 44.207041004000075]]]]}}, {"type": "Feature", "properties": {"OBJECTID": 6311, "SPAN": "036-011-11590", "GLIST_SPAN": "036-011-11590", "MAPID": "0970-0038.0000", "PARCID": "0970-0038-0000", "PROPTYPE": "PARCEL", "YEAR": 2023, "GLYEAR": 2022, "TOWN": "BARRE CITY", "TNAME": "Barre City", "SOURCENAME": null, "SOURCETYPE": "UNKNOWN", "SOURCEDATE": "UNKNOWN", "EDITMETHOD": "UNKNOWN", "EDITOR": "UNKNOWN", "EDITDATE": "UNKNOWN", "MATCHSTAT": "MATCH", "EDITNOTE": "UNKNOWN", "OWNER1": "38 LONG STREET LLC", "OWNER2": "", "ADDRGL1": "413 CARPENTER RD", "ADDRGL2": "", "CITYGL": "CHARLOTTE", "STGL": "VT", "ZIPGL": "05445", "DESCPROP": "3 APTS-0.20AC", "LOCAPROP": "LONG ST  38", "CAT": "Residential-1", "RESCODE": "C", "ACRESGL": 0.2, "REAL_FLV": 172090, "HSTED_FLV": 0, "NRES_FLV": 172090, "LAND_LV": 15180, "IMPRV_LV": 156910, "EQUIPVAL": 0, "EQUIPCODE": "", "INVENVAL": 0, "HSDECL": "N", "HSITEVAL": 0, "VETEXAMT": 0, "EXPDESC": "", "ENDDATE": "", "STATUTE": "", "EXAMT_HS": 0, "EXAMT_NR": 0, "UVREDUC_HS": 0, "UVREDUC_NR": 0, "GLVAL_HS": 0.0, "GLVAL_NR": 1720.9, "CRHOUSPCT": 0.0, "MUNGL1PCT": 1720.9, "AOEGL_HS": 0.0, "AOEGL_NR": 1720.9, "E911ADDR": "38 LONG ST", "SHAPE_Length": 0.0013663558274280333, "SHAPE_Area": 9.306760634123973e-08}, "geometry": {"type": "MultiPolygon", "coordinates": [[[[-72.50197332599998, 44.20564277400007], [-72.50206441899996, 44.20547008600005], [-72.50253556399997, 44.20559818500004], [-72.50253321799994, 44.20560296600007], [-72.50244525299996, 44.20576988800008], [-72.50197879999996, 44.20564544600006], [-72.50197332599998, 44.20564277400007]]]]}}, {"type": "Feature", "properties": {"OBJECTID": 6376, "SPAN": "036-011-11656", "GLIST_SPAN": "036-011-11656", "MAPID": "0970-0049.0000", "PARCID": "0970-0049-0000", "PROPTYPE": "PARCEL", "YEAR": 2023, "GLYEAR": 2022, "TOWN": "BARRE CITY", "TNAME": "Barre City", "SOURCENAME": null, "SOURCETYPE": "UNKNOWN", "SOURCEDATE": "UNKNOWN", "EDITMETHOD": "UNKNOWN", "EDITOR": "UNKNOWN", "EDITDATE": "UNKNOWN", "MATCHSTAT": "MATCH", "EDITNOTE": "UNKNOWN", "OWNER1": "BELL JOSHUA D & SCHOPPER KRISTINA", "OWNER2": "", "ADDRGL1": "49 LONG ST", "ADDRGL2": "", "CITYGL": "BARRE", "STGL": "VT", "ZIPGL": "05641", "DESCPROP": "1 FAM-0.5942AC", "LOCAPROP": "LONG ST  49", "CAT": "Residential-1", "RESCODE": "T", "ACRESGL": 0.59, "REAL_FLV": 138500, "HSTED_FLV": 138500, "NRES_FLV": 0, "LAND_LV": 29500, "IMPRV_LV": 109000, "EQUIPVAL": 0, "EQUIPCODE": "", "INVENVAL": 0, "HSDECL": "Y", "HSITEVAL": 138500, "VETEXAMT": 0, "EXPDESC": "", "ENDDATE": "", "STATUTE": "", "EXAMT_HS": 0, "EXAMT_NR": 0, "UVREDUC_HS": 0, "UVREDUC_NR": 0, "GLVAL_HS": 1385.0, "GLVAL_NR": 0.0, "CRHOUSPCT": 0.0, "MUNGL1PCT": 1385.0, "AOEGL_HS": 1385.0, "AOEGL_NR": 0.0, "E911ADDR": "49 LONG ST", "SHAPE_Length": 0.00221416392040658, "SHAPE_Area": 2.6496896222276306e-07}, "geometry": {"type": "MultiPolygon", "coordinates": [[[[-72.50086018899998, 44.20605017400004], [-72.50098881999998, 44.20573939500008], [-72.50127619799997, 44.20581561000006], [-72.50127776199997, 44.20581603200003], [-72.50130512999993, 44.20576540700006], [-72.50165936799993, 44.20585849500003], [-72.50162027099998, 44.20593274500004], [-72.50152956599999, 44.20610388500006], [-72.50143964199998, 44.20627390000004], [-72.50108266499996, 44.20617757700006], [-72.50110534199996, 44.20613496800007], [-72.50110573199998, 44.20613398300003], [-72.50085745299998, 44.20605495500007], [-72.50086018899998, 44.20605017400004]]]]}}, {"type": "Feature", "properties": {"OBJECTID": 6434, "SPAN": "036-011-11712", "GLIST_SPAN": "036-011-11712", "MAPID": "1242-0160.0000", "PARCID": "1242-0160-0000", "PROPTYPE": "PARCEL", "YEAR": 2023, "GLYEAR": 2022, "TOWN": "BARRE CITY", "TNAME": "Barre City", "SOURCENAME": null, "SOURCETYPE": "UNKNOWN", "SOURCEDATE": "UNKNOWN", "EDITMETHOD": "UNKNOWN", "EDITOR": "UNKNOWN", "EDITDATE": "UNKNOWN", "MATCHSTAT": "MATCH", "EDITNOTE": "UNKNOWN", "OWNER1": "KELTY PATRICK D II & KIMBERLY J", "OWNER2": "", "ADDRGL1": "160 QUINLAN DR", "ADDRGL2": "", "CITYGL": "BARRE", "STGL": "VT", "ZIPGL": "05641", "DESCPROP": "1 FAM-0.14AC &0.14AC &0.28AC", "LOCAPROP": "QUINLAN DR 160", "CAT": "Residential-1", "RESCODE": "T", "ACRESGL": 0.57, "REAL_FLV": 113300, "HSTED_FLV": 113300, "NRES_FLV": 0, "LAND_LV": 35700, "IMPRV_LV": 77600, "EQUIPVAL": 0, "EQUIPCODE": "", "INVENVAL": 0, "HSDECL": "Y", "HSITEVAL": 113300, "VETEXAMT": 0, "EXPDESC": "", "ENDDATE": "", "STATUTE": "", "EXAMT_HS": 0, "EXAMT_NR": 0, "UVREDUC_HS": 0, "UVREDUC_NR": 0, "GLVAL_HS": 1133.0, "GLVAL_NR": 0.0, "CRHOUSPCT": 0.0, "MUNGL1PCT": 1133.0, "AOEGL_HS": 1133.0, "AOEGL_NR": 0.0, "E911ADDR": "160 QUINLAN DR", "SHAPE_Length": 0.0011003073700774921, "SHAPE_Area": 6.719013620598872e-08}, "geometry": {"type": "MultiPolygon", "coordinates": [[[[-72.49964380099993, 44.20563989900006], [-72.49972084499996, 44.205464058000075], [-72.50007038699994, 44.205542526000045], [-72.49999815599995, 44.205715772000076], [-72.49964380099993, 44.20563989900006]]]]}}, {"type": "Feature", "properties": {"OBJECTID": 6686, "SPAN": "036-011-11976", "GLIST_SPAN": "036-011-11976", "MAPID": "0370-0024.0000", "PARCID": "0370-0024-0000", "PROPTYPE": "PARCEL", "YEAR": 2023, "GLYEAR": 2022, "TOWN": "BARRE CITY", "TNAME": "Barre City", "SOURCENAME": null, "SOURCETYPE": "UNKNOWN", "SOURCEDATE": "UNKNOWN", "EDITMETHOD": "UNKNOWN", "EDITOR": "UNKNOWN", "EDITDATE": "UNKNOWN", "MATCHSTAT": "MATCH", "EDITNOTE": "UNKNOWN", "OWNER1": "LISSOR RAYLENE", "OWNER2": "", "ADDRGL1": "24 CLEARY ST", "ADDRGL2": "", "CITYGL": "BARRE", "STGL": "VT", "ZIPGL": "05641", "DESCPROP": "2 APTS-0.24AC", "LOCAPROP": "CLEARY ST  24", "CAT": "Residential-1", "RESCODE": "T", "ACRESGL": 0.24, "REAL_FLV": 129000, "HSTED_FLV": 129000, "NRES_FLV": 0, "LAND_LV": 20400, "IMPRV_LV": 108600, "EQUIPVAL": 0, "EQUIPCODE": "", "INVENVAL": 0, "HSDECL": "Y", "HSITEVAL": 129000, "VETEXAMT": 0, "EXPDESC": "", "ENDDATE": "", "STATUTE": "", "EXAMT_HS": 0, "EXAMT_NR": 0, "UVREDUC_HS": 0, "UVREDUC_NR": 0, "GLVAL_HS": 1290.0, "GLVAL_NR": 0.0, "CRHOUSPCT": 0.0, "MUNGL1PCT": 1290.0, "AOEGL_HS": 1290.0, "AOEGL_NR": 0.0, "E911ADDR": "24 CLEARY ST", "SHAPE_Length": 0.001351290659106805, "SHAPE_Area": 1.1173455813736046e-07}, "geometry": {"type": "MultiPolygon", "coordinates": [[[[-72.50102400799994, 44.205654880000054], [-72.50112604999998, 44.20540991200005], [-72.50144939899997, 44.20549976800004], [-72.50135673799997, 44.205671048000056], [-72.50130512999993, 44.20576540700006], [-72.50127776199997, 44.20581603200003], [-72.50127619799997, 44.20581561000006], [-72.50098881999998, 44.20573939500008], [-72.50102400799994, 44.205654880000054]]]]}}, {"type": "Feature", "properties": {"OBJECTID": 6796, "SPAN": "036-011-12092", "GLIST_SPAN": "036-011-12092", "MAPID": "0050-0005.0000", "PARCID": "0050-0005-0000", "PROPTYPE": "PARCEL", "YEAR": 2023, "GLYEAR": 2022, "TOWN": "BARRE CITY", "TNAME": "Barre City", "SOURCENAME": null, "SOURCETYPE": "UNKNOWN", "SOURCEDATE": "UNKNOWN", "EDITMETHOD": "UNKNOWN", "EDITOR": "UNKNOWN", "EDITDATE": "UNKNOWN", "MATCHSTAT": "MATCH", "EDITNOTE": "UNKNOWN", "OWNER1": "BLAIR MICHAEL & MEARS GAIL", "OWNER2": "", "ADDRGL1": "5 ANDERSEN AVE", "ADDRGL2": "", "CITYGL": "BARRE", "STGL": "VT", "ZIPGL": "05641", "DESCPROP": "1 FAM-0.22AC", "LOCAPROP": "ANDERSEN AVE    5", "CAT": "Residential-1", "RESCODE": "T", "ACRESGL": 0.22, "REAL_FLV": 123100, "HSTED_FLV": 0, "NRES_FLV": 123100, "LAND_LV": 19200, "IMPRV_LV": 103900, "EQUIPVAL": 0, "EQUIPCODE": "", "INVENVAL": 0, "HSDECL": "N", "HSITEVAL": 123100, "VETEXAMT": 0, "EXPDESC": "", "ENDDATE": "", "STATUTE": "", "EXAMT_HS": 0, "EXAMT_NR": 0, "UVREDUC_HS": 0, "UVREDUC_NR": 0, "GLVAL_HS": 0.0, "GLVAL_NR": 1231.0, "CRHOUSPCT": 0.0, "MUNGL1PCT": 1231.0, "AOEGL_HS": 0.0, "AOEGL_NR": 1231.0, "E911ADDR": "5 ANDERSEN AVE", "SHAPE_Length": 0.0013168979967191285, "SHAPE_Area": 9.863664576404669e-08}, "geometry": {"type": "MultiPolygon", "coordinates": [[[[-72.50133371099997, 44.20747595100005], [-72.50158863799999, 44.207272044000035], [-72.50162343599999, 44.20729426200006], [-72.50166253499998, 44.20726430800005], [-72.50186507699993, 44.207390866000026], [-72.50186429499996, 44.20739128900004], [-72.50173487799998, 44.20749633600008], [-72.50157457099994, 44.20762683700008], [-72.50157300699993, 44.20762810300005], [-72.50157144299999, 44.20762922800003], [-72.50133371099997, 44.20747595100005]]]]}}, {"type": "Feature", "properties": {"OBJECTID": 6832, "SPAN": "036-011-12945", "GLIST_SPAN": "036-011-12945", "MAPID": "1030-0171.0000", "PARCID": "1030-0171-0000", "PROPTYPE": "PARCEL", "YEAR": 2023, "GLYEAR": 2022, "TOWN": "BARRE CITY", "TNAME": "Barre City", "SOURCENAME": null, "SOURCETYPE": "UNKNOWN", "SOURCEDATE": "UNKNOWN", "EDITMETHOD": "UNKNOWN", "EDITOR": "UNKNOWN", "EDITDATE": "UNKNOWN", "MATCHSTAT": "MATCH", "EDITNOTE": "UNKNOWN", "OWNER1": "TONNE GINA L", "OWNER2": "", "ADDRGL1": "171 MERCHANT ST", "ADDRGL2": "", "CITYGL": "BARRE", "STGL": "VT", "ZIPGL": "05641", "DESCPROP": "MOBILE HOME-0.42AC", "LOCAPROP": "MERCHANT ST  171", "CAT": "Mobile Home/la", "RESCODE": "T", "ACRESGL": 0.42, "REAL_FLV": 47890, "HSTED_FLV": 0, "NRES_FLV": 47890, "LAND_LV": 20710, "IMPRV_LV": 27180, "EQUIPVAL": 0, "EQUIPCODE": "", "INVENVAL": 0, "HSDECL": "N", "HSITEVAL": 47890, "VETEXAMT": 0, "EXPDESC": "", "ENDDATE": "", "STATUTE": "", "EXAMT_HS": 0, "EXAMT_NR": 0, "UVREDUC_HS": 0, "UVREDUC_NR": 0, "GLVAL_HS": 0.0, "GLVAL_NR": 478.9, "CRHOUSPCT": 0.0, "MUNGL1PCT": 478.9, "AOEGL_HS": 0.0, "AOEGL_NR": 478.9, "E911ADDR": "171 MERCHANT ST", "SHAPE_Length": 0.0018136223340583886, "SHAPE_Area": 1.9313140419834366e-07}, "geometry": {"type": "MultiPolygon", "coordinates": [[[[-72.49985155899998, 44.206063639000035], [-72.49985839199996, 44.206046506000064], [-72.50020883999997, 44.20611700400008], [-72.50019980699994, 44.20613919200008], [-72.50005787699996, 44.20648836000004], [-72.49999695199995, 44.20663408100006], [-72.49965558799994, 44.206554277000066], [-72.49981729099994, 44.206149528000026], [-72.49982368599996, 44.20613351900005], [-72.49985155899998, 44.206063639000035]]]]}}, {"type": "Feature", "properties": {"OBJECTID": 6842, "SPAN": "036-011-12532", "GLIST_SPAN": "036-011-12532", "MAPID": "1242-L003.0000", "PARCID": "1242-L003-0000", "PROPTYPE": "PARCEL", "YEAR": 2023, "GLYEAR": 2022, "TOWN": "BARRE CITY", "TNAME": "Barre City", "SOURCENAME": null, "SOURCETYPE": "UNKNOWN", "SOURCEDATE": "UNKNOWN", "EDITMETHOD": "UNKNOWN", "EDITOR": "UNKNOWN", "EDITDATE": "UNKNOWN", "MATCHSTAT": "MATCH", "EDITNOTE": "UNKNOWN", "OWNER1": "COUTURE AARON E & RUIZ KAREN N DIOSES", "OWNER2": "", "ADDRGL1": "168 QUINLAN DR", "ADDRGL2": "", "CITYGL": "BARRE", "STGL": "VT", "ZIPGL": "05641", "DESCPROP": "VAC LAND-0.36AC", "LOCAPROP": "QUINLAN DR    LOT 3", "CAT": "Miscellaneous", "RESCODE": "T", "ACRESGL": 0.36, "REAL_FLV": 5500, "HSTED_FLV": 0, "NRES_FLV": 5500, "LAND_LV": 5500, "IMPRV_LV": 0, "EQUIPVAL": 0, "EQUIPCODE": "", "INVENVAL": 0, "HSDECL": "N", "HSITEVAL": 0, "VETEXAMT": 0, "EXPDESC": "", "ENDDATE": "", "STATUTE": "", "EXAMT_HS": 0, "EXAMT_NR": 0, "UVREDUC_HS": 0, "UVREDUC_NR": 0, "GLVAL_HS": 0.0, "GLVAL_NR": 55.0, "CRHOUSPCT": 0.0, "MUNGL1PCT": 55.0, "AOEGL_HS": 0.0, "AOEGL_NR": 55.0, "E911ADDR": "QUINLAN DR", "SHAPE_Length": 0.0015002920826728266, "SHAPE_Area": 1.3771826534639534e-07}, "geometry": {"type": "MultiPolygon", "coordinates": [[[[-72.49887007299998, 44.20608449000008], [-72.49889190299996, 44.20603802000005], [-72.49925719499998, 44.20610841100006], [-72.49911279199995, 44.206457353000076], [-72.49873710399999, 44.20636797900005], [-72.49887007299998, 44.20608449000008]]]]}}, {"type": "Feature", "properties": {"OBJECTID": 6857, "SPAN": "036-011-12536", "GLIST_SPAN": "036-011-12536", "MAPID": "1242-L002.0000", "PARCID": "1242-L002-0000", "PROPTYPE": "PARCEL", "YEAR": 2023, "GLYEAR": 2022, "TOWN": "BARRE CITY", "TNAME": "Barre City", "SOURCENAME": null, "SOURCETYPE": "UNKNOWN", "SOURCEDATE": "UNKNOWN", "EDITMETHOD": "UNKNOWN", "EDITOR": "UNKNOWN", "EDITDATE": "UNKNOWN", "MATCHSTAT": "MATCH", "EDITNOTE": "UNKNOWN", "OWNER1": "COUTURE AARON E & RUIZ KAREN N DIOSES", "OWNER2": "", "ADDRGL1": "168 QUINLAN DR", "ADDRGL2": "", "CITYGL": "BARRE", "STGL": "VT", "ZIPGL": "05641", "DESCPROP": "VAC LAND-0.23AC", "LOCAPROP": "QUINLAN DR    LOT 2", "CAT": "Miscellaneous", "RESCODE": "T", "ACRESGL": 0.53, "REAL_FLV": 5100, "HSTED_FLV": 0, "NRES_FLV": 5100, "LAND_LV": 5100, "IMPRV_LV": 0, "EQUIPVAL": 0, "EQUIPCODE": "", "INVENVAL": 0, "HSDECL": "N", "HSITEVAL": 0, "VETEXAMT": 0, "EXPDESC": "", "ENDDATE": "", "STATUTE": "", "EXAMT_HS": 0, "EXAMT_NR": 0, "UVREDUC_HS": 0, "UVREDUC_NR": 0, "GLVAL_HS": 0.0, "GLVAL_NR": 51.0, "CRHOUSPCT": 0.0, "MUNGL1PCT": 51.0, "AOEGL_HS": 0.0, "AOEGL_NR": 51.0, "E911ADDR": "QUINLAN DR", "SHAPE_Length": 0.0013337396679790603, "SHAPE_Area": 1.0746556943321467e-07}, "geometry": {"type": "MultiPolygon", "coordinates": [[[[-72.49897874599998, 44.20584838600007], [-72.49901792999998, 44.20576282300004], [-72.49937143699998, 44.20583234900005], [-72.49925719499998, 44.20610841100006], [-72.49889190299996, 44.20603802000005], [-72.49897874599998, 44.20584838600007]]]]}}, {"type": "Feature", "properties": {"OBJECTID": 6872, "SPAN": "036-011-12964", "GLIST_SPAN": "036-011-12964", "MAPID": "1030-0174.0000", "PARCID": "1030-0174-0000", "PROPTYPE": "PARCEL", "YEAR": 2023, "GLYEAR": 2022, "TOWN": "BARRE CITY", "TNAME": "Barre City", "SOURCENAME": null, "SOURCETYPE": "UNKNOWN", "SOURCEDATE": "UNKNOWN", "EDITMETHOD": "UNKNOWN", "EDITOR": "UNKNOWN", "EDITDATE": "UNKNOWN", "MATCHSTAT": "MATCH", "EDITNOTE": "UNKNOWN", "OWNER1": "TROTT M ELIZABETH", "OWNER2": "", "ADDRGL1": "26 POND ST", "ADDRGL2": "", "CITYGL": "BARRE", "STGL": "VT", "ZIPGL": "05641-4808", "DESCPROP": "1 FAM-0.41AC", "LOCAPROP": "MERCHANT ST  174", "CAT": "Residential-1", "RESCODE": "T", "ACRESGL": 0.41, "REAL_FLV": 69000, "HSTED_FLV": 0, "NRES_FLV": 69000, "LAND_LV": 21900, "IMPRV_LV": 47100, "EQUIPVAL": 0, "EQUIPCODE": "", "INVENVAL": 0, "HSDECL": "N", "HSITEVAL": 0, "VETEXAMT": 0, "EXPDESC": "", "ENDDATE": "", "STATUTE": "", "EXAMT_HS": 0, "EXAMT_NR": 0, "UVREDUC_HS": 0, "UVREDUC_NR": 0, "GLVAL_HS": 0.0, "GLVAL_NR": 690.0, "CRHOUSPCT": 0.0, "MUNGL1PCT": 690.0, "AOEGL_HS": 0.0, "AOEGL_NR": 690.0, "E911ADDR": "174 MERCHANT ST", "SHAPE_Length": 0.0018049770721231615, "SHAPE_Area": 1.9484044618242172e-07}, "geometry": {"type": "MultiPolygon", "coordinates": [[[[-72.50020762799994, 44.20658215600008], [-72.50023343399994, 44.20652239100008], [-72.50023929799994, 44.20652492200003], [-72.50073507899998, 44.20663980900008], [-72.50064945399998, 44.20681066700007], [-72.50064867199995, 44.20681221400008], [-72.50064749799998, 44.20681390100003], [-72.50053645699995, 44.20700444700003], [-72.50006569699997, 44.20686691800006], [-72.50016266399996, 44.20669212400003], [-72.50020762799994, 44.20658215600008]]]]}}, {"type": "Feature", "properties": {"OBJECTID": 7075, "SPAN": "036-011-13068", "GLIST_SPAN": "036-011-13068", "MAPID": "0970-0046.0000", "PARCID": "0970-0046-0000", "PROPTYPE": "PARCEL", "YEAR": 2023, "GLYEAR": 2022, "TOWN": "BARRE CITY", "TNAME": "Barre City", "SOURCENAME": null, "SOURCETYPE": "UNKNOWN", "SOURCEDATE": "UNKNOWN", "EDITMETHOD": "UNKNOWN", "EDITOR": "UNKNOWN", "EDITDATE": "UNKNOWN", "MATCHSTAT": "MATCH", "EDITNOTE": "UNKNOWN", "OWNER1": "WARD JAMES", "OWNER2": "", "ADDRGL1": "46 LONG ST", "ADDRGL2": "", "CITYGL": "BARRE", "STGL": "VT", "ZIPGL": "05641", "DESCPROP": "1 FAM-0.20AC", "LOCAPROP": "LONG ST  46", "CAT": "Residential-1", "RESCODE": "T", "ACRESGL": 0.2, "REAL_FLV": 122700, "HSTED_FLV": 122700, "NRES_FLV": 0, "LAND_LV": 17800, "IMPRV_LV": 104900, "EQUIPVAL": 0, "EQUIPCODE": "", "INVENVAL": 0, "HSDECL": "Y", "HSITEVAL": 122700, "VETEXAMT": 0, "EXPDESC": "", "ENDDATE": "", "STATUTE": "", "EXAMT_HS": 0, "EXAMT_NR": 0, "UVREDUC_HS": 0, "UVREDUC_NR": 0, "GLVAL_HS": 1227.0, "GLVAL_NR": 0.0, "CRHOUSPCT": 0.0, "MUNGL1PCT": 1227.0, "AOEGL_HS": 1227.0, "AOEGL_NR": 0.0, "E911ADDR": "46 LONG ST", "SHAPE_Length": 0.0013609843136355652, "SHAPE_Area": 9.141201754795266e-08}, "geometry": {"type": "MultiPolygon", "coordinates": [[[[-72.50179504599998, 44.205980976000035], [-72.50188379399998, 44.205812930000036], [-72.50189004999999, 44.20581489800003], [-72.50235572399998, 44.205940326000075], [-72.50235494199995, 44.20594145100006], [-72.50231310799995, 44.206023154000036], [-72.50231271799998, 44.20602385700005], [-72.50226697499994, 44.206111185000054], [-72.50179934599998, 44.20598238200006], [-72.50179504599998, 44.205980976000035]]]]}}, {"type": "Feature", "properties": {"OBJECTID": 7186, "SPAN": "036-011-13125", "GLIST_SPAN": "036-011-13125", "MAPID": "0970-0041.0000", "PARCID": "0970-0041-0000", "PROPTYPE": "PARCEL", "YEAR": 2023, "GLYEAR": 2022, "TOWN": "BARRE CITY", "TNAME": "Barre City", "SOURCENAME": null, "SOURCETYPE": "UNKNOWN", "SOURCEDATE": "UNKNOWN", "EDITMETHOD": "UNKNOWN", "EDITOR": "UNKNOWN", "EDITDATE": "UNKNOWN", "MATCHSTAT": "MATCH", "EDITNOTE": "UNKNOWN", "OWNER1": "THORNTON MARCUS EDWIN", "OWNER2": "", "ADDRGL1": "41 LONG ST  # 2", "ADDRGL2": "", "CITYGL": "BARRE", "STGL": "VT", "ZIPGL": "05641", "DESCPROP": "2 FAM-0.23AC", "LOCAPROP": "LONG ST  41", "CAT": "Residential-1", "RESCODE": "T", "ACRESGL": 0.23, "REAL_FLV": 161000, "HSTED_FLV": 96300, "NRES_FLV": 64700, "LAND_LV": 24200, "IMPRV_LV": 136800, "EQUIPVAL": 0, "EQUIPCODE": "", "INVENVAL": 0, "HSDECL": "Y", "HSITEVAL": 96300, "VETEXAMT": 0, "EXPDESC": "", "ENDDATE": "", "STATUTE": "", "EXAMT_HS": 0, "EXAMT_NR": 0, "UVREDUC_HS": 0, "UVREDUC_NR": 0, "GLVAL_HS": 963.0, "GLVAL_NR": 647.0, "CRHOUSPCT": 0.0, "MUNGL1PCT": 1610.0, "AOEGL_HS": 963.0, "AOEGL_NR": 647.0, "E911ADDR": "41 LONG ST", "SHAPE_Length": 0.0013276082515707589, "SHAPE_Area": 1.061855170247413e-07}, "geometry": {"type": "MultiPolygon", "coordinates": [[[[-72.50135673799997, 44.205671048000056], [-72.50144939899997, 44.20549976800004], [-72.50179855199997, 44.20559637100007], [-72.50170823999997, 44.20576624600005], [-72.50165936799993, 44.20585849500003], [-72.50130512999993, 44.20576540700006], [-72.50135673799997, 44.205671048000056]]]]}}, {"type": "Feature", "properties": {"OBJECTID": 7189, "SPAN": "036-011-12204", "GLIST_SPAN": "036-011-12204", "MAPID": "0970-0073.0000", "PARCID": "0970-0073-0000", "PROPTYPE": "PARCEL", "YEAR": 2023, "GLYEAR": 2022, "TOWN": "BARRE CITY", "TNAME": "Barre City", "SOURCENAME": null, "SOURCETYPE": "UNKNOWN", "SOURCEDATE": "UNKNOWN", "EDITMETHOD": "UNKNOWN", "EDITOR": "UNKNOWN", "EDITDATE": "UNKNOWN", "MATCHSTAT": "MATCH", "EDITNOTE": "UNKNOWN", "OWNER1": "MORSE DANIEL J", "OWNER2": "", "ADDRGL1": "PO BOX 136", "ADDRGL2": "", "CITYGL": "BARRE", "STGL": "VT", "ZIPGL": "05641-0136", "DESCPROP": "1 FAM-0.24AC", "LOCAPROP": "LONG ST  73", "CAT": "Residential-1", "RESCODE": "T", "ACRESGL": 0.24, "REAL_FLV": 103580, "HSTED_FLV": 103580, "NRES_FLV": 0, "LAND_LV": 20420, "IMPRV_LV": 83160, "EQUIPVAL": 0, "EQUIPCODE": "", "INVENVAL": 0, "HSDECL": "Y", "HSITEVAL": 103580, "VETEXAMT": 0, "EXPDESC": "", "ENDDATE": "", "STATUTE": "", "EXAMT_HS": 0, "EXAMT_NR": 0, "UVREDUC_HS": 0, "UVREDUC_NR": 0, "GLVAL_HS": 1036.0, "GLVAL_NR": 0.0, "CRHOUSPCT": 0.0, "MUNGL1PCT": 1035.8, "AOEGL_HS": 1036.0, "AOEGL_NR": 0.0, "E911ADDR": "73 LONG ST", "SHAPE_Length": 0.0013699853648593814, "SHAPE_Area": 1.0355463654468453e-07}, "geometry": {"type": "MultiPolygon", "coordinates": [[[[-72.50064945399998, 44.20681066700007], [-72.50073507899998, 44.20663980900008], [-72.50082735399997, 44.20666118400004], [-72.50081875299998, 44.206685511000046], [-72.50116947699996, 44.20678352300007], [-72.50110105499994, 44.20691233400004], [-72.50109519099993, 44.20691711600006], [-72.50096968199995, 44.207016397000075], [-72.50065453599996, 44.20681544900003], [-72.50064945399998, 44.20681066700007]]]]}}, {"type": "Feature", "properties": {"OBJECTID": 7226, "SPAN": "036-011-12214", "GLIST_SPAN": "036-011-12214", "MAPID": "0970-0079.0000", "PARCID": "0970-0079-0000", "PROPTYPE": "PARCEL", "YEAR": 2023, "GLYEAR": 2022, "TOWN": "BARRE CITY", "TNAME": "Barre City", "SOURCENAME": null, "SOURCETYPE": "UNKNOWN", "SOURCEDATE": "UNKNOWN", "EDITMETHOD": "UNKNOWN", "EDITOR": "UNKNOWN", "EDITDATE": "UNKNOWN", "MATCHSTAT": "MATCH", "EDITNOTE": "UNKNOWN", "OWNER1": "REILLY KANDICE & JAMES W - TRUSTEES OF", "OWNER2": "THE KANDICE REILLY LIVING TRUST DATED MA", "ADDRGL1": "160 PATRICIA DR", "ADDRGL2": "", "CITYGL": "STRATFORD", "STGL": "CT", "ZIPGL": "06614", "DESCPROP": "1 FAM-0.22AC", "LOCAPROP": "LONG ST  79", "CAT": "Residential-1", "RESCODE": "NS", "ACRESGL": 0.22, "REAL_FLV": 145600, "HSTED_FLV": 0, "NRES_FLV": 145600, "LAND_LV": 19300, "IMPRV_LV": 126300, "EQUIPVAL": 0, "EQUIPCODE": "", "INVENVAL": 0, "HSDECL": "N", "HSITEVAL": 145600, "VETEXAMT": 0, "EXPDESC": "", "ENDDATE": "", "STATUTE": "", "EXAMT_HS": 0, "EXAMT_NR": 0, "UVREDUC_HS": 0, "UVREDUC_NR": 0, "GLVAL_HS": 0.0, "GLVAL_NR": 1456.0, "CRHOUSPCT": 0.0, "MUNGL1PCT": 1456.0, "AOEGL_HS": 0.0, "AOEGL_NR": 1456.0, "E911ADDR": "79 LONG ST", "SHAPE_Length": 0.0012619122665295105, "SHAPE_Area": 9.64557799975965e-08}, "geometry": {"type": "MultiPolygon", "coordinates": [[[[-72.50064867199995, 44.20681221400008], [-72.50064945399998, 44.20681066700007], [-72.50065453599996, 44.20681544900003], [-72.50096968199995, 44.207016397000075], [-72.50072140199995, 44.207212850000076], [-72.50050165999994, 44.207071806000044], [-72.50049853199994, 44.20706927400005], [-72.50053645699995, 44.20700444700003], [-72.50064749799998, 44.20681390100003], [-72.50064867199995, 44.20681221400008]]]]}}, {"type": "Feature", "properties": {"OBJECTID": 7249, "SPAN": "036-011-13155", "GLIST_SPAN": "036-011-13155", "MAPID": "0970-0066.0000", "PARCID": "0970-0066-0000", "PROPTYPE": "PARCEL", "YEAR": 2023, "GLYEAR": 2022, "TOWN": "BARRE CITY", "TNAME": "Barre City", "SOURCENAME": null, "SOURCETYPE": "UNKNOWN", "SOURCEDATE": "UNKNOWN", "EDITMETHOD": "UNKNOWN", "EDITOR": "UNKNOWN", "EDITDATE": "UNKNOWN", "MATCHSTAT": "MATCH", "EDITNOTE": "UNKNOWN", "OWNER1": "WELCH SHARON S", "OWNER2": "", "ADDRGL1": "66 LONG ST", "ADDRGL2": "", "CITYGL": "BARRE", "STGL": "VT", "ZIPGL": "05641", "DESCPROP": "1 FAM-0.23AC", "LOCAPROP": "LONG ST  66", "CAT": "Residential-1", "RESCODE": "T", "ACRESGL": 0.23, "REAL_FLV": 133910, "HSTED_FLV": 133910, "NRES_FLV": 0, "LAND_LV": 20000, "IMPRV_LV": 113910, "EQUIPVAL": 0, "EQUIPCODE": "", "INVENVAL": 0, "HSDECL": "Y", "HSITEVAL": 133910, "VETEXAMT": 0, "EXPDESC": "", "ENDDATE": "", "STATUTE": "", "EXAMT_HS": 0, "EXAMT_NR": 0, "UVREDUC_HS": 0, "UVREDUC_NR": 0, "GLVAL_HS": 1339.0, "GLVAL_NR": 0.0, "CRHOUSPCT": 0.0, "MUNGL1PCT": 1339.1, "AOEGL_HS": 1339.0, "AOEGL_NR": 0.0, "E911ADDR": "66 LONG ST", "SHAPE_Length": 0.0013886665309605058, "SHAPE_Area": 9.642439485791632e-08}, "geometry": {"type": "MultiPolygon", "coordinates": [[[[-72.50137287399997, 44.206785584000045], [-72.50146076199997, 44.206614658000035], [-72.50183063499998, 44.20670669200007], [-72.50194363299994, 44.20673720600007], [-72.50184880499995, 44.20691809500005], [-72.50137287399997, 44.206785584000045]]]]}}, {"type": "Feature", "properties": {"OBJECTID": 7281, "SPAN": "036-011-12647", "GLIST_SPAN": "036-011-12647", "MAPID": "1450-0002.0000", "PARCID": "1450-0002-0000", "PROPTYPE": "PARCEL", "YEAR": 2023, "GLYEAR": 2022, "TOWN": "BARRE CITY", "TNAME": "Barre City", "SOURCENAME": null, "SOURCETYPE": "UNKNOWN", "SOURCEDATE": "UNKNOWN", "EDITMETHOD": "UNKNOWN", "EDITOR": "UNKNOWN", "EDITDATE": "UNKNOWN", "MATCHSTAT": "MATCH", "EDITNOTE": "UNKNOWN", "OWNER1": "CHEN TEMING H", "OWNER2": "", "ADDRGL1": "PO BOX 864", "ADDRGL2": "", "CITYGL": "BARRE", "STGL": "VT", "ZIPGL": "05641-0864", "DESCPROP": "1 FAM-0.19AC", "LOCAPROP": "UNION ST   2", "CAT": "Residential-1", "RESCODE": "T", "ACRESGL": 0.19, "REAL_FLV": 89690, "HSTED_FLV": 0, "NRES_FLV": 89690, "LAND_LV": 17080, "IMPRV_LV": 72610, "EQUIPVAL": 0, "EQUIPCODE": "", "INVENVAL": 0, "HSDECL": "N", "HSITEVAL": 89690, "VETEXAMT": 0, "EXPDESC": "", "ENDDATE": "", "STATUTE": "", "EXAMT_HS": 0, "EXAMT_NR": 0, "UVREDUC_HS": 0, "UVREDUC_NR": 0, "GLVAL_HS": 0.0, "GLVAL_NR": 896.9, "CRHOUSPCT": 0.0, "MUNGL1PCT": 896.9, "AOEGL_HS": 0.0, "AOEGL_NR": 896.9, "E911ADDR": "2 UNION ST", "SHAPE_Length": 0.0012149264367320204, "SHAPE_Area": 8.786437512066888e-08}, "geometry": {"type": "MultiPolygon", "coordinates": [[[[-72.50255511799998, 44.207043793000025], [-72.50255591699994, 44.20704290200007], [-72.50283891299995, 44.207172177000075], [-72.50283865099993, 44.20717246000004], [-72.50271471499997, 44.207306053000025], [-72.50263651899996, 44.20739014800006], [-72.50263417299993, 44.20739239800008], [-72.50237689099998, 44.20727399900005], [-72.50235703399994, 44.207264861000056], [-72.50239051699998, 44.20722759100005], [-72.50255511799998, 44.207043793000025]]]]}}, {"type": "Feature", "properties": {"OBJECTID": 7298, "SPAN": "036-011-12233", "GLIST_SPAN": "036-011-12233", "MAPID": "0370-VL00.0004", "PARCID": "0370-VL00-0004", "PROPTYPE": "PARCEL", "YEAR": 2023, "GLYEAR": 2022, "TOWN": "BARRE CITY", "TNAME": "Barre City", "SOURCENAME": null, "SOURCETYPE": "UNKNOWN", "SOURCEDATE": "UNKNOWN", "EDITMETHOD": "UNKNOWN", "EDITOR": "UNKNOWN", "EDITDATE": "UNKNOWN", "MATCHSTAT": "MATCH", "EDITNOTE": "UNKNOWN", "OWNER1": "CITY OF BARRE", "OWNER2": "", "ADDRGL1": "6 N MAIN ST", "ADDRGL2": "", "CITYGL": "BARRE", "STGL": "VT", "ZIPGL": "05641-4115", "DESCPROP": "VAC LAND-0.10AC", "LOCAPROP": "CLEARY ST", "CAT": "Miscellaneous", "RESCODE": "C", "ACRESGL": 0.1, "REAL_FLV": 2340, "HSTED_FLV": 0, "NRES_FLV": 2340, "LAND_LV": 2340, "IMPRV_LV": 0, "EQUIPVAL": 0, "EQUIPCODE": "", "INVENVAL": 0, "HSDECL": "N", "HSITEVAL": 0, "VETEXAMT": 0, "EXPDESC": "Statutory", "ENDDATE": "", "STATUTE": "", "EXAMT_HS": 0, "EXAMT_NR": 0, "UVREDUC_HS": 0, "UVREDUC_NR": 0, "GLVAL_HS": 0.0, "GLVAL_NR": 0.0, "CRHOUSPCT": 0.0, "MUNGL1PCT": 0.0, "AOEGL_HS": 0.0, "AOEGL_NR": 0.0, "E911ADDR": "CLEARY ST", "SHAPE_Length": 0.0011023641601976405, "SHAPE_Area": 5.266347882558354e-08}, "geometry": {"type": "MultiPolygon", "coordinates": [[[[-72.50086076699995, 44.20572681900006], [-72.50090123699994, 44.205629990000034], [-72.50102400799994, 44.205654880000054], [-72.50098881999998, 44.20573939500008], [-72.50086018899998, 44.20605017400004], [-72.50085745299998, 44.20605495500007], [-72.50073937299999, 44.20601726900003], [-72.50078805399994, 44.20590079400006], [-72.50086076699995, 44.20572681900006]]]]}}, {"type": "Feature", "properties": {"OBJECTID": 7413, "SPAN": "036-011-13236", "GLIST_SPAN": "036-011-13236", "MAPID": "0965-0011.0000", "PARCID": "0965-0011-0000", "PROPTYPE": "PARCEL", "YEAR": 2023, "GLYEAR": 2022, "TOWN": "BARRE CITY", "TNAME": "Barre City", "SOURCENAME": null, "SOURCETYPE": "UNKNOWN", "SOURCEDATE": "UNKNOWN", "EDITMETHOD": "UNKNOWN", "EDITOR": "UNKNOWN", "EDITDATE": "UNKNOWN", "MATCHSTAT": "MATCH", "EDITNOTE": "UNKNOWN", "OWNER1": "WHITE LISA A", "OWNER2": "", "ADDRGL1": "11 LINDBERGH AVE", "ADDRGL2": "", "CITYGL": "BARRE", "STGL": "VT", "ZIPGL": "05641", "DESCPROP": "DOUBLEWIDE-0.61AC", "LOCAPROP": "LINDBERGH AVE  11", "CAT": "Mobile Home/la", "RESCODE": "T", "ACRESGL": 0.61, "REAL_FLV": 82310, "HSTED_FLV": 0, "NRES_FLV": 82310, "LAND_LV": 22760, "IMPRV_LV": 59550, "EQUIPVAL": 0, "EQUIPCODE": "", "INVENVAL": 0, "HSDECL": "N", "HSITEVAL": 82310, "VETEXAMT": 0, "EXPDESC": "", "ENDDATE": "", "STATUTE": "", "EXAMT_HS": 0, "EXAMT_NR": 0, "UVREDUC_HS": 0, "UVREDUC_NR": 0, "GLVAL_HS": 0.0, "GLVAL_NR": 823.1, "CRHOUSPCT": 0.0, "MUNGL1PCT": 823.1, "AOEGL_HS": 0.0, "AOEGL_NR": 823.1, "E911ADDR": "11 LINDBERGH AVE", "SHAPE_Length": 0.0028573249298673746, "SHAPE_Area": 2.5950126442520487e-07}, "geometry": {"type": "MultiPolygon", "coordinates": [[[[-72.50252963399998, 44.20650883900004], [-72.50237123899996, 44.20646106700008], [-72.50243469399999, 44.20634424200006], [-72.50265053599998, 44.20640634800003], [-72.50301110099997, 44.206510094000066], [-72.50294455799997, 44.20662078500004], [-72.50278455299997, 44.20657392900006], [-72.50269771399996, 44.20657218600007], [-72.50266395799997, 44.206646971000055], [-72.50253909699995, 44.20692359200007], [-72.50252671399994, 44.20695102700006], [-72.50260122899994, 44.20698566500005], [-72.50254974099994, 44.20704008000007], [-72.50228773199996, 44.20692039200003], [-72.50225453499996, 44.20690582200007], [-72.50222505499994, 44.20688758000006], [-72.50220006999996, 44.20686614500005], [-72.50218023899998, 44.206842083000026], [-72.50216608599999, 44.20681602900004], [-72.50215798299996, 44.20678867100003], [-72.50215614399997, 44.20676072900005], [-72.50216061799995, 44.20673294300008], [-72.50218141099998, 44.20667778700005], [-72.50221220299994, 44.206624763000036], [-72.50225223799998, 44.20659116200005], [-72.50229908199998, 44.206562477000034], [-72.50235158599997, 44.20653941100005], [-72.50240845599996, 44.206522533000054], [-72.50246829599996, 44.20651225800003], [-72.50252963399998, 44.20650883900004]]]]}}, {"type": "Feature", "properties": {"OBJECTID": 7417, "SPAN": "036-011-13238", "GLIST_SPAN": "036-011-13238", "MAPID": "0965-0010.0000", "PARCID": "0965-0010-0000", "PROPTYPE": "PARCEL", "YEAR": 2023, "GLYEAR": 2022, "TOWN": "BARRE CITY", "TNAME": "Barre City", "SOURCENAME": null, "SOURCETYPE": "UNKNOWN", "SOURCEDATE": "UNKNOWN", "EDITMETHOD": "UNKNOWN", "EDITOR": "UNKNOWN", "EDITDATE": "UNKNOWN", "MATCHSTAT": "MATCH", "EDITNOTE": "UNKNOWN", "OWNER1": "EASTMAN BETTY", "OWNER2": "", "ADDRGL1": "10 LINDBERGH AVE", "ADDRGL2": "", "CITYGL": "BARRE", "STGL": "VT", "ZIPGL": "05641", "DESCPROP": "MOBILE HOME-0.15AC & 0.15AC", "LOCAPROP": "LINDBERGH AVE  10", "CAT": "Mobile Home/la", "RESCODE": "T", "ACRESGL": 0.3, "REAL_FLV": 82000, "HSTED_FLV": 0, "NRES_FLV": 82000, "LAND_LV": 27800, "IMPRV_LV": 54200, "EQUIPVAL": 0, "EQUIPCODE": "", "INVENVAL": 0, "HSDECL": "N", "HSITEVAL": 82000, "VETEXAMT": 0, "EXPDESC": "", "ENDDATE": "", "STATUTE": "", "EXAMT_HS": 0, "EXAMT_NR": 0, "UVREDUC_HS": 0, "UVREDUC_NR": 0, "GLVAL_HS": 0.0, "GLVAL_NR": 820.0, "CRHOUSPCT": 0.0, "MUNGL1PCT": 820.0, "AOEGL_HS": 0.0, "AOEGL_NR": 820.0, "E911ADDR": "10 LINDBERGH AVE", "SHAPE_Length": 0.0010265749251193424, "SHAPE_Area": 6.275481910677388e-08}, "geometry": {"type": "MultiPolygon", "coordinates": [[[[-72.50243469399999, 44.20634424200006], [-72.50257107599998, 44.206094558000075], [-72.50278816799994, 44.20615082900008], [-72.50278933999994, 44.206151111000054], [-72.50273812499995, 44.206240689000026], [-72.50273929799994, 44.206241111000054], [-72.50265053599998, 44.20640634800003], [-72.50243469399999, 44.20634424200006]]]]}}, {"type": "Feature", "properties": {"OBJECTID": 7420, "SPAN": "036-011-13239", "GLIST_SPAN": "036-011-13239", "MAPID": "0965-0006.0000", "PARCID": "0965-0006-0000", "PROPTYPE": "PARCEL", "YEAR": 2023, "GLYEAR": 2022, "TOWN": "BARRE CITY", "TNAME": "Barre City", "SOURCENAME": null, "SOURCETYPE": "UNKNOWN", "SOURCEDATE": "UNKNOWN", "EDITMETHOD": "UNKNOWN", "EDITOR": "UNKNOWN", "EDITDATE": "UNKNOWN", "MATCHSTAT": "MATCH", "EDITNOTE": "UNKNOWN", "OWNER1": "BEACH LESTER R JR & MARCIA L", "OWNER2": "", "ADDRGL1": "6 LINDBERGH AVE", "ADDRGL2": "", "CITYGL": "BARRE", "STGL": "VT", "ZIPGL": "05641", "DESCPROP": "1 FAM-0.35AC", "LOCAPROP": "LINDBERGH AVE   6", "CAT": "Residential-1", "RESCODE": "T", "ACRESGL": 0.35, "REAL_FLV": 166500, "HSTED_FLV": 166500, "NRES_FLV": 0, "LAND_LV": 23900, "IMPRV_LV": 142600, "EQUIPVAL": 0, "EQUIPCODE": "", "INVENVAL": 0, "HSDECL": "Y", "HSITEVAL": 166500, "VETEXAMT": 0, "EXPDESC": "", "ENDDATE": "", "STATUTE": "", "EXAMT_HS": 0, "EXAMT_NR": 0, "UVREDUC_HS": 0, "UVREDUC_NR": 0, "GLVAL_HS": 1665.0, "GLVAL_NR": 0.0, "CRHOUSPCT": 0.0, "MUNGL1PCT": 1665.0, "AOEGL_HS": 1665.0, "AOEGL_NR": 0.0, "E911ADDR": "6 LINDBERGH AVE", "SHAPE_Length": 0.0020608078071631315, "SHAPE_Area": 1.599982866147638e-07}, "geometry": {"type": "MultiPolygon", "coordinates": [[[[-72.50171919799999, 44.20612455400004], [-72.50179504599998, 44.205980976000035], [-72.50179934599998, 44.20598238200006], [-72.50226697499994, 44.206111185000054], [-72.50231271799998, 44.20602385700005], [-72.50254731499996, 44.20608839800008], [-72.50257107599998, 44.206094558000075], [-72.50243469399999, 44.20634424200006], [-72.50202594399997, 44.20622663000006], [-72.50175086799999, 44.20615830300005], [-72.50173913799995, 44.20615281900007], [-72.50173444599994, 44.206149022000034], [-72.50173014599994, 44.20614592900006], [-72.50172623599997, 44.206142413000066], [-72.50172427999996, 44.20613988200006], [-72.50172154399996, 44.20613524200007], [-72.50171958799996, 44.20612933500007], [-72.50171919799999, 44.20612455400004]]]]}}, {"type": "Feature", "properties": {"OBJECTID": 7589, "SPAN": "036-011-12732", "GLIST_SPAN": "036-011-12732", "MAPID": "0995-0133.0000", "PARCID": "0995-0133-0000", "PROPTYPE": "PARCEL", "YEAR": 2023, "GLYEAR": 2022, "TOWN": "BARRE CITY", "TNAME": "Barre City", "SOURCENAME": null, "SOURCETYPE": "UNKNOWN", "SOURCEDATE": "UNKNOWN", "EDITMETHOD": "UNKNOWN", "EDITOR": "UNKNOWN", "EDITDATE": "UNKNOWN", "MATCHSTAT": "MATCH", "EDITNOTE": "UNKNOWN", "OWNER1": "SCOTT RICHARD J", "OWNER2": "", "ADDRGL1": "133 MAPLE AVE", "ADDRGL2": "", "CITYGL": "BARRE", "STGL": "VT", "ZIPGL": "05641", "DESCPROP": "1 FAM-0.49AC", "LOCAPROP": "MAPLE AVE 133", "CAT": "Residential-1", "RESCODE": "T", "ACRESGL": 0.49, "REAL_FLV": 98700, "HSTED_FLV": 98700, "NRES_FLV": 0, "LAND_LV": 23800, "IMPRV_LV": 74900, "EQUIPVAL": 0, "EQUIPCODE": "", "INVENVAL": 0, "HSDECL": "Y", "HSITEVAL": 98700, "VETEXAMT": 0, "EXPDESC": "", "ENDDATE": "", "STATUTE": "", "EXAMT_HS": 0, "EXAMT_NR": 0, "UVREDUC_HS": 0, "UVREDUC_NR": 0, "GLVAL_HS": 987.0, "GLVAL_NR": 0.0, "CRHOUSPCT": 0.0, "MUNGL1PCT": 987.0, "AOEGL_HS": 987.0, "AOEGL_NR": 0.0, "E911ADDR": "133 MAPLE AVE", "SHAPE_Length": 0.002074419925646763, "SHAPE_Area": 1.6483348650295143e-07}, "geometry": {"type": "MultiPolygon", "coordinates": [[[[-72.50157457099994, 44.20762683700008], [-72.50173487799998, 44.20749633600008], [-72.50243986899994, 44.20794955300005], [-72.50243791399998, 44.20795081800003], [-72.50232608999994, 44.20801888200003], [-72.50226978699999, 44.208051649000026], [-72.50224202499999, 44.20806149300006], [-72.50157339799995, 44.20763049300007], [-72.50157144299999, 44.20762922800003], [-72.50157300699993, 44.20762810300005], [-72.50157457099994, 44.20762683700008]]]]}}, {"type": "Feature", "properties": {"OBJECTID": 7591, "SPAN": "036-011-13337", "GLIST_SPAN": "036-011-13337", "MAPID": "1030-0199.0000", "PARCID": "1030-0199-0000", "PROPTYPE": "PARCEL", "YEAR": 2023, "GLYEAR": 2022, "TOWN": "BARRE CITY", "TNAME": "Barre City", "SOURCENAME": null, "SOURCETYPE": "UNKNOWN", "SOURCEDATE": "UNKNOWN", "EDITMETHOD": "UNKNOWN", "EDITOR": "UNKNOWN", "EDITDATE": "UNKNOWN", "MATCHSTAT": "MATCH", "EDITNOTE": "UNKNOWN", "OWNER1": "LUNDE KENNETH SR & SHARON - LIFE ESTATE;", "OWNER2": "LUNDE KENNETH JR", "ADDRGL1": "199 MERCHANT ST", "ADDRGL2": "", "CITYGL": "BARRE", "STGL": "VT", "ZIPGL": "05641-2941", "DESCPROP": "1 FAM-3.95AC", "LOCAPROP": "MERCHANT ST  199", "CAT": "Residential-1", "RESCODE": "T", "ACRESGL": 3.95, "REAL_FLV": 209500, "HSTED_FLV": 209500, "NRES_FLV": 0, "LAND_LV": 60500, "IMPRV_LV": 149000, "EQUIPVAL": 0, "EQUIPCODE": "", "INVENVAL": 0, "HSDECL": "Y", "HSITEVAL": 194300, "VETEXAMT": 0, "EXPDESC": "", "ENDDATE": "", "STATUTE": "", "EXAMT_HS": 0, "EXAMT_NR": 0, "UVREDUC_HS": 0, "UVREDUC_NR": 0, "GLVAL_HS": 2095.0, "GLVAL_NR": 0.0, "CRHOUSPCT": 0.0, "MUNGL1PCT": 2095.0, "AOEGL_HS": 2095.0, "AOEGL_NR": 0.0, "E911ADDR": "199 MERCHANT ST", "SHAPE_Length": 0.005400389993914482, "SHAPE_Area": 1.8611988689640033e-06}, "geometry": {"type": "MultiPolygon", "coordinates": [[[[-72.49811010299999, 44.20855781900008], [-72.49770428699998, 44.20804740300008], [-72.49791849899998, 44.20762201600007], [-72.49813045399998, 44.207124340000064], [-72.49955788899996, 44.20739886800004], [-72.49900198399996, 44.20840926100004], [-72.49880093699994, 44.20870730300004], [-72.49878729499994, 44.208762867000075], [-72.49811010299999, 44.20855781900008]]]]}}, {"type": "Feature", "properties": {"OBJECTID": 7661, "SPAN": "036-011-12756", "GLIST_SPAN": "036-011-12756", "MAPID": "1005-0054.0000", "PARCID": "1005-0054-0000", "PROPTYPE": "PARCEL", "YEAR": 2023, "GLYEAR": 2022, "TOWN": "BARRE CITY", "TNAME": "Barre City", "SOURCENAME": null, "SOURCETYPE": "UNKNOWN", "SOURCEDATE": "UNKNOWN", "EDITMETHOD": "UNKNOWN", "EDITOR": "UNKNOWN", "EDITDATE": "UNKNOWN", "MATCHSTAT": "MATCH", "EDITNOTE": "UNKNOWN", "OWNER1": "SEVERENCE JAMES & ANN M", "OWNER2": "", "ADDRGL1": "PO BOX 94", "ADDRGL2": "", "CITYGL": "BARRE", "STGL": "VT", "ZIPGL": "05641-0094", "DESCPROP": "1 FAM-0.21AC", "LOCAPROP": "MAPLEWOOD AVE  54", "CAT": "Residential-1", "RESCODE": "T", "ACRESGL": 0.21, "REAL_FLV": 126680, "HSTED_FLV": 126680, "NRES_FLV": 0, "LAND_LV": 22200, "IMPRV_LV": 104480, "EQUIPVAL": 0, "EQUIPCODE": "", "INVENVAL": 0, "HSDECL": "Y", "HSITEVAL": 126680, "VETEXAMT": 0, "EXPDESC": "", "ENDDATE": "", "STATUTE": "", "EXAMT_HS": 0, "EXAMT_NR": 0, "UVREDUC_HS": 0, "UVREDUC_NR": 0, "GLVAL_HS": 1267.0, "GLVAL_NR": 0.0, "CRHOUSPCT": 0.0, "MUNGL1PCT": 1266.8, "AOEGL_HS": 1267.0, "AOEGL_NR": 0.0, "E911ADDR": "54 MAPLEWOOD AVE", "SHAPE_Length": 0.0013032840564657319, "SHAPE_Area": 1.0223763498413933e-07}, "geometry": {"type": "MultiPolygon", "coordinates": [[[[-72.49770138899999, 44.20575175100004], [-72.49782573199997, 44.20549863300005], [-72.49817800699998, 44.20558961800003], [-72.49807243199996, 44.20584372500008], [-72.49770138899999, 44.20575175100004]]]]}}, {"type": "Feature", "properties": {"OBJECTID": 7740, "SPAN": "036-011-12383", "GLIST_SPAN": "036-011-12383", "MAPID": "1030-0181.0000", "PARCID": "1030-0181-0000", "PROPTYPE": "PARCEL", "YEAR": 2023, "GLYEAR": 2022, "TOWN": "BARRE CITY", "TNAME": "Barre City", "SOURCENAME": null, "SOURCETYPE": "UNKNOWN", "SOURCEDATE": "UNKNOWN", "EDITMETHOD": "UNKNOWN", "EDITOR": "UNKNOWN", "EDITDATE": "UNKNOWN", "MATCHSTAT": "MATCH", "EDITNOTE": "UNKNOWN", "OWNER1": "DRUGE BARBARA ANN", "OWNER2": "", "ADDRGL1": "181 MERCHANT ST", "ADDRGL2": "", "CITYGL": "BARRE", "STGL": "VT", "ZIPGL": "05641", "DESCPROP": "1 FAM-1.08AC", "LOCAPROP": "MERCHANT ST  181", "CAT": "Residential-1", "RESCODE": "T", "ACRESGL": 1.08, "REAL_FLV": 143600, "HSTED_FLV": 143600, "NRES_FLV": 0, "LAND_LV": 43000, "IMPRV_LV": 100600, "EQUIPVAL": 0, "EQUIPCODE": "", "INVENVAL": 0, "HSDECL": "Y", "HSITEVAL": 143600, "VETEXAMT": 0, "EXPDESC": "", "ENDDATE": "", "STATUTE": "", "EXAMT_HS": 0, "EXAMT_NR": 0, "UVREDUC_HS": 0, "UVREDUC_NR": 0, "GLVAL_HS": 1436.0, "GLVAL_NR": 0.0, "CRHOUSPCT": 0.0, "MUNGL1PCT": 1436.0, "AOEGL_HS": 1436.0, "AOEGL_NR": 0.0, "E911ADDR": "181 MERCHANT ST", "SHAPE_Length": 0.0035699414684159936, "SHAPE_Area": 4.5706180607591446e-07}, "geometry": {"type": "MultiPolygon", "coordinates": [[[[-72.49813045399998, 44.207124340000064], [-72.49827656499997, 44.20680018000007], [-72.49970402499997, 44.207146056000056], [-72.49956892999995, 44.20737888300005], [-72.49955788899996, 44.20739886800004], [-72.49813045399998, 44.207124340000064]]]]}}, {"type": "Feature", "properties": {"OBJECTID": 7835, "SPAN": "036-011-12844", "GLIST_SPAN": "036-011-12844", "MAPID": "0970-0061.0000", "PARCID": "0970-0061-0000", "PROPTYPE": "PARCEL", "YEAR": 2023, "GLYEAR": 2022, "TOWN": "BARRE CITY", "TNAME": "Barre City", "SOURCENAME": null, "SOURCETYPE": "UNKNOWN", "SOURCEDATE": "UNKNOWN", "EDITMETHOD": "UNKNOWN", "EDITOR": "UNKNOWN", "EDITDATE": "UNKNOWN", "MATCHSTAT": "MATCH", "EDITNOTE": "UNKNOWN", "OWNER1": "HAWKINS KURT", "OWNER2": "", "ADDRGL1": "61 LONG ST", "ADDRGL2": "", "CITYGL": "BARRE", "STGL": "VT", "ZIPGL": "05641", "DESCPROP": "2 APTS-0.16AC & .16AC", "LOCAPROP": "LONG ST  61", "CAT": "Residential-1", "RESCODE": "T", "ACRESGL": 0.32, "REAL_FLV": 172000, "HSTED_FLV": 122300, "NRES_FLV": 49700, "LAND_LV": 29900, "IMPRV_LV": 142100, "EQUIPVAL": 0, "EQUIPCODE": "", "INVENVAL": 0, "HSDECL": "Y", "HSITEVAL": 122300, "VETEXAMT": 0, "EXPDESC": "", "ENDDATE": "", "STATUTE": "", "EXAMT_HS": 0, "EXAMT_NR": 0, "UVREDUC_HS": 0, "UVREDUC_NR": 0, "GLVAL_HS": 1223.0, "GLVAL_NR": 497.0, "CRHOUSPCT": 0.0, "MUNGL1PCT": 1720.0, "AOEGL_HS": 1223.0, "AOEGL_NR": 497.0, "E911ADDR": "61 LONG ST", "SHAPE_Length": 0.001501108783227679, "SHAPE_Area": 1.375204792336982e-07}, "geometry": {"type": "MultiPolygon", "coordinates": [[[[-72.50101541699996, 44.20630526400004], [-72.50108266499996, 44.20617757700006], [-72.50143964199998, 44.20627390000004], [-72.50135167299999, 44.20643983700006], [-72.50125979299997, 44.20661308600006], [-72.50090594199997, 44.206513950000044], [-72.50092431799999, 44.20647865300003], [-72.50099522699998, 44.206343692000075], [-72.50101541699996, 44.20630526400004]]]]}}, {"type": "Feature", "properties": {"OBJECTID": 7952, "SPAN": "036-011-12493", "GLIST_SPAN": "036-011-12493", "MAPID": "1030-0175.0000", "PARCID": "1030-0175-0000", "PROPTYPE": "PARCEL", "YEAR": 2023, "GLYEAR": 2022, "TOWN": "BARRE CITY", "TNAME": "Barre City", "SOURCENAME": null, "SOURCETYPE": "UNKNOWN", "SOURCEDATE": "UNKNOWN", "EDITMETHOD": "UNKNOWN", "EDITOR": "UNKNOWN", "EDITDATE": "UNKNOWN", "MATCHSTAT": "MATCH", "EDITNOTE": "UNKNOWN", "OWNER1": "LEWIS SHANNON M", "OWNER2": "", "ADDRGL1": "175 MERCHANT ST", "ADDRGL2": "", "CITYGL": "BARRE", "STGL": "VT", "ZIPGL": "05641", "DESCPROP": "1 FAM-0.57AC", "LOCAPROP": "MERCHANT ST  175", "CAT": "Residential-1", "RESCODE": "T", "ACRESGL": 0.57, "REAL_FLV": 139940, "HSTED_FLV": 139940, "NRES_FLV": 0, "LAND_LV": 25780, "IMPRV_LV": 114160, "EQUIPVAL": 0, "EQUIPCODE": "", "INVENVAL": 0, "HSDECL": "Y", "HSITEVAL": 139940, "VETEXAMT": 0, "EXPDESC": "", "ENDDATE": "", "STATUTE": "", "EXAMT_HS": 0, "EXAMT_NR": 0, "UVREDUC_HS": 0, "UVREDUC_NR": 0, "GLVAL_HS": 1399.0, "GLVAL_NR": 0.0, "CRHOUSPCT": 0.0, "MUNGL1PCT": 1399.4, "AOEGL_HS": 1399.0, "AOEGL_NR": 0.0, "E911ADDR": "175 MERCHANT ST", "SHAPE_Length": 0.0027256872324859277, "SHAPE_Area": 2.612318496865704e-07}, "geometry": {"type": "MultiPolygon", "coordinates": [[[[-72.49930186499995, 44.20649924500003], [-72.49946168899999, 44.206055528000036], [-72.49982368599996, 44.20613351900005], [-72.49981729099994, 44.206149528000026], [-72.49965558799994, 44.206554277000066], [-72.49964554399997, 44.20657945600004], [-72.49958566899994, 44.20672957100004], [-72.49989470799994, 44.20681760900004], [-72.49988935899995, 44.206826841000066], [-72.49986543299997, 44.20686827900005], [-72.49922962299996, 44.20668664800007], [-72.49925000299999, 44.20663378000006], [-72.49930186499995, 44.20649924500003]]]]}}, {"type": "Feature", "properties": {"OBJECTID": 8066, "SPAN": "036-011-13466", "GLIST_SPAN": "036-011-13466", "MAPID": "1005-VL00.0007", "PARCID": "1005-VL00-0007", "PROPTYPE": "PARCEL", "YEAR": 2023, "GLYEAR": 2022, "TOWN": "BARRE CITY", "TNAME": "Barre City", "SOURCENAME": null, "SOURCETYPE": "UNKNOWN", "SOURCEDATE": "UNKNOWN", "EDITMETHOD": "UNKNOWN", "EDITOR": "UNKNOWN", "EDITDATE": "UNKNOWN", "MATCHSTAT": "MATCH", "EDITNOTE": "UNKNOWN", "OWNER1": "FORD FREDERIC H & MARILYN", "OWNER2": "", "ADDRGL1": "189 ELM ST", "ADDRGL2": "", "CITYGL": "BARRE", "STGL": "VT", "ZIPGL": "05641", "DESCPROP": "VAC LAND-0.1894AC", "LOCAPROP": "MAPLEWOOD AVE LOT 12", "CAT": "Miscellaneous", "RESCODE": "T", "ACRESGL": 0.18, "REAL_FLV": 4500, "HSTED_FLV": 0, "NRES_FLV": 4500, "LAND_LV": 4500, "IMPRV_LV": 0, "EQUIPVAL": 0, "EQUIPCODE": "", "INVENVAL": 0, "HSDECL": "N", "HSITEVAL": 0, "VETEXAMT": 0, "EXPDESC": "", "ENDDATE": "", "STATUTE": "", "EXAMT_HS": 0, "EXAMT_NR": 0, "UVREDUC_HS": 0, "UVREDUC_NR": 0, "GLVAL_HS": 0.0, "GLVAL_NR": 45.0, "CRHOUSPCT": 0.0, "MUNGL1PCT": 45.0, "AOEGL_HS": 0.0, "AOEGL_NR": 45.0, "E911ADDR": "MAPLEWOOD AVE", "SHAPE_Length": 0.0012679721491278494, "SHAPE_Area": 8.837300959431634e-08}, "geometry": {"type": "MultiPolygon", "coordinates": [[[[-72.49708195499994, 44.20568603800007], [-72.49717893799993, 44.20549043400007], [-72.49757979799995, 44.20559453100003], [-72.49758224899995, 44.20559516700007], [-72.49748846299997, 44.20578749800006], [-72.49748438799998, 44.205786481000075], [-72.49708195499994, 44.20568603800007]]]]}}, {"type": "Feature", "properties": {"OBJECTID": 8067, "SPAN": "036-011-13467", "GLIST_SPAN": "036-011-13467", "MAPID": "1005-VL00.0008", "PARCID": "1005-VL00-0008", "PROPTYPE": "PARCEL", "YEAR": 2023, "GLYEAR": 2022, "TOWN": "BARRE CITY", "TNAME": "Barre City", "SOURCENAME": null, "SOURCETYPE": "UNKNOWN", "SOURCEDATE": "UNKNOWN", "EDITMETHOD": "UNKNOWN", "EDITOR": "UNKNOWN", "EDITDATE": "UNKNOWN", "MATCHSTAT": "MATCH", "EDITNOTE": "UNKNOWN", "OWNER1": "FORD FREDERIC H & MARILYN", "OWNER2": "", "ADDRGL1": "189 ELM ST", "ADDRGL2": "", "CITYGL": "BARRE", "STGL": "VT", "ZIPGL": "05641", "DESCPROP": "VAC LAND-0.1768AC", "LOCAPROP": "MAPLEWOOD AVE LOT 13", "CAT": "Miscellaneous", "RESCODE": "T", "ACRESGL": 0.17, "REAL_FLV": 4200, "HSTED_FLV": 0, "NRES_FLV": 4200, "LAND_LV": 4200, "IMPRV_LV": 0, "EQUIPVAL": 0, "EQUIPCODE": "", "INVENVAL": 0, "HSDECL": "N", "HSITEVAL": 0, "VETEXAMT": 0, "EXPDESC": "", "ENDDATE": "", "STATUTE": "", "EXAMT_HS": 0, "EXAMT_NR": 0, "UVREDUC_HS": 0, "UVREDUC_NR": 0, "GLVAL_HS": 0.0, "GLVAL_NR": 42.0, "CRHOUSPCT": 0.0, "MUNGL1PCT": 42.0, "AOEGL_HS": 0.0, "AOEGL_NR": 42.0, "E911ADDR": "MAPLEWOOD AVE", "SHAPE_Length": 0.0012397942724968834, "SHAPE_Area": 8.210536413521629e-08}, "geometry": {"type": "MultiPolygon", "coordinates": [[[[-72.49699291199994, 44.20586535800004], [-72.49708195499994, 44.20568603800007], [-72.49748438799998, 44.205786481000075], [-72.49748846299997, 44.20578749800006], [-72.49740070899998, 44.20596746100006], [-72.49739406299994, 44.20596563300006], [-72.49699291199994, 44.20586535800004]]]]}}, {"type": "Feature", "properties": {"OBJECTID": 8076, "SPAN": "036-011-13549", "GLIST_SPAN": "036-011-13549", "MAPID": "0485-VL00.0012", "PARCID": "0485-VL00-0012", "PROPTYPE": "PARCEL", "YEAR": 2023, "GLYEAR": 2022, "TOWN": "BARRE CITY", "TNAME": "Barre City", "SOURCENAME": null, "SOURCETYPE": "UNKNOWN", "SOURCEDATE": "UNKNOWN", "EDITMETHOD": "UNKNOWN", "EDITOR": "UNKNOWN", "EDITDATE": "UNKNOWN", "MATCHSTAT": "MATCH", "EDITNOTE": "UNKNOWN", "OWNER1": "CITY OF BARRE", "OWNER2": "", "ADDRGL1": "6 N MAIN ST", "ADDRGL2": "", "CITYGL": "BARRE", "STGL": "VT", "ZIPGL": "05641", "DESCPROP": "VAC LAND-0.1950AC", "LOCAPROP": "DUFFY AVE LOT 11", "CAT": "Miscellaneous", "RESCODE": "C", "ACRESGL": 0.19, "REAL_FLV": 4300, "HSTED_FLV": 0, "NRES_FLV": 4300, "LAND_LV": 4300, "IMPRV_LV": 0, "EQUIPVAL": 0, "EQUIPCODE": "", "INVENVAL": 0, "HSDECL": "N", "HSITEVAL": 0, "VETEXAMT": 0, "EXPDESC": "Statutory", "ENDDATE": "", "STATUTE": "", "EXAMT_HS": 0, "EXAMT_NR": 0, "UVREDUC_HS": 0, "UVREDUC_NR": 0, "GLVAL_HS": 0.0, "GLVAL_NR": 0.0, "CRHOUSPCT": 0.0, "MUNGL1PCT": 0.0, "AOEGL_HS": 0.0, "AOEGL_NR": 0.0, "E911ADDR": "DUFFY AVE", "SHAPE_Length": 0.0011915716048523668, "SHAPE_Area": 8.488474547558865e-08}, "geometry": {"type": "MultiPolygon", "coordinates": [[[[-72.49865657099997, 44.205797749000055], [-72.49873633899995, 44.20555601900003], [-72.49908549599996, 44.20561480400005], [-72.49901792999998, 44.20576282300004], [-72.49897874599998, 44.20584838600007], [-72.49865657099997, 44.205797749000055]]]]}}, {"type": "Feature", "properties": {"OBJECTID": 8077, "SPAN": "036-011-13550", "GLIST_SPAN": "036-011-13550", "MAPID": "0485-VL00.0013", "PARCID": "0485-VL00-0013", "PROPTYPE": "PARCEL", "YEAR": 2023, "GLYEAR": 2022, "TOWN": "BARRE CITY", "TNAME": "Barre City", "SOURCENAME": null, "SOURCETYPE": "UNKNOWN", "SOURCEDATE": "UNKNOWN", "EDITMETHOD": "UNKNOWN", "EDITOR": "UNKNOWN", "EDITDATE": "UNKNOWN", "MATCHSTAT": "MATCH", "EDITNOTE": "UNKNOWN", "OWNER1": "CITY OF BARRE", "OWNER2": "", "ADDRGL1": "6 N MAIN ST", "ADDRGL2": "", "CITYGL": "BARRE", "STGL": "VT", "ZIPGL": "05641", "DESCPROP": "VAC LAND-0.1859AC", "LOCAPROP": "DUFFY AVE LOT 12", "CAT": "Miscellaneous", "RESCODE": "C", "ACRESGL": 0.18, "REAL_FLV": 4000, "HSTED_FLV": 0, "NRES_FLV": 4000, "LAND_LV": 4000, "IMPRV_LV": 0, "EQUIPVAL": 0, "EQUIPCODE": "", "INVENVAL": 0, "HSDECL": "N", "HSITEVAL": 0, "VETEXAMT": 0, "EXPDESC": "Statutory", "ENDDATE": "", "STATUTE": "", "EXAMT_HS": 0, "EXAMT_NR": 0, "UVREDUC_HS": 0, "UVREDUC_NR": 0, "GLVAL_HS": 0.0, "GLVAL_NR": 0.0, "CRHOUSPCT": 0.0, "MUNGL1PCT": 0.0, "AOEGL_HS": 0.0, "AOEGL_NR": 0.0, "E911ADDR": "DUFFY AVE", "SHAPE_Length": 0.0011380336536030075, "SHAPE_Area": 7.816421400851749e-08}, "geometry": {"type": "MultiPolygon", "coordinates": [[[[-72.49857641299997, 44.206039761000056], [-72.49865657099997, 44.205797749000055], [-72.49897874599998, 44.20584838600007], [-72.49889190299996, 44.20603802000005], [-72.49887007299998, 44.20608449000008], [-72.49857641299997, 44.206039761000056]]]]}}, {"type": "Feature", "properties": {"OBJECTID": 8078, "SPAN": "036-011-13551", "GLIST_SPAN": "036-011-13551", "MAPID": "0485-VL00.0014", "PARCID": "0485-VL00-0014", "PROPTYPE": "PARCEL", "YEAR": 2023, "GLYEAR": 2022, "TOWN": "BARRE CITY", "TNAME": "Barre City", "SOURCENAME": null, "SOURCETYPE": "UNKNOWN", "SOURCEDATE": "UNKNOWN", "EDITMETHOD": "UNKNOWN", "EDITOR": "UNKNOWN", "EDITDATE": "UNKNOWN", "MATCHSTAT": "MATCH", "EDITNOTE": "UNKNOWN", "OWNER1": "CITY OF BARRE", "OWNER2": "", "ADDRGL1": "6 N MAIN ST", "ADDRGL2": "", "CITYGL": "BARRE", "STGL": "VT", "ZIPGL": "05641", "DESCPROP": "VAC LAND-0.1853AC", "LOCAPROP": "DUFFY AVE LOT 13", "CAT": "Miscellaneous", "RESCODE": "C", "ACRESGL": 0.18, "REAL_FLV": 4100, "HSTED_FLV": 0, "NRES_FLV": 4100, "LAND_LV": 4100, "IMPRV_LV": 0, "EQUIPVAL": 0, "EQUIPCODE": "", "INVENVAL": 0, "HSDECL": "N", "HSITEVAL": 0, "VETEXAMT": 0, "EXPDESC": "Statutory", "ENDDATE": "", "STATUTE": "", "EXAMT_HS": 0, "EXAMT_NR": 0, "UVREDUC_HS": 0, "UVREDUC_NR": 0, "GLVAL_HS": 0.0, "GLVAL_NR": 0.0, "CRHOUSPCT": 0.0, "MUNGL1PCT": 0.0, "AOEGL_HS": 0.0, "AOEGL_NR": 0.0, "E911ADDR": "DUFFY AVE", "SHAPE_Length": 0.0011713238831917605, "SHAPE_Area": 8.314984746396222e-08}, "geometry": {"type": "MultiPolygon", "coordinates": [[[[-72.49857563399996, 44.206042575000026], [-72.49857641299997, 44.206039761000056], [-72.49887007299998, 44.20608449000008], [-72.49873710399999, 44.20636797900005], [-72.49848335299998, 44.206329726000035], [-72.49857563399996, 44.206042575000026]]]]}}, {"type": "Feature", "properties": {"OBJECTID": 8155, "SPAN": "036-011-13795", "GLIST_SPAN": "036-011-13795", "MAPID": "0970-VL00.0000", "PARCID": "0970-VL00-0000", "PROPTYPE": "PARCEL", "YEAR": 2023, "GLYEAR": 2022, "TOWN": "BARRE CITY", "TNAME": "Barre City", "SOURCENAME": null, "SOURCETYPE": "UNKNOWN", "SOURCEDATE": "UNKNOWN", "EDITMETHOD": "UNKNOWN", "EDITOR": "UNKNOWN", "EDITDATE": "UNKNOWN", "MATCHSTAT": "MATCH", "EDITNOTE": "UNKNOWN", "OWNER1": "BAILEY FRANK WENDON & GABLE WANDA E", "OWNER2": "ESTATE; C/O CRAIG GABLE", "ADDRGL1": "54 APPLE BLOSSOM RD", "ADDRGL2": "", "CITYGL": "BARRE", "STGL": "VT", "ZIPGL": "05641-8665", "DESCPROP": "VAC LAND-RDWY-0.16AC", "LOCAPROP": "LONG ST EXT SMALL PIECE", "CAT": "Miscellaneous", "RESCODE": "S", "ACRESGL": 0.16, "REAL_FLV": 13300, "HSTED_FLV": 0, "NRES_FLV": 13300, "LAND_LV": 13300, "IMPRV_LV": 0, "EQUIPVAL": 0, "EQUIPCODE": "", "INVENVAL": 0, "HSDECL": "N", "HSITEVAL": 0, "VETEXAMT": 0, "EXPDESC": "", "ENDDATE": "", "STATUTE": "", "EXAMT_HS": 0, "EXAMT_NR": 0, "UVREDUC_HS": 0, "UVREDUC_NR": 0, "GLVAL_HS": 0.0, "GLVAL_NR": 133.0, "CRHOUSPCT": 0.0, "MUNGL1PCT": 133.0, "AOEGL_HS": 0.0, "AOEGL_NR": 133.0, "E911ADDR": "LONG ST EXT", "SHAPE_Length": 0.001379858292495137, "SHAPE_Area": 7.333969290428748e-08}, "geometry": {"type": "MultiPolygon", "coordinates": [[[[-72.50072140199995, 44.207212850000076], [-72.50096968199995, 44.207016397000075], [-72.50109519099993, 44.20691711600006], [-72.50128247799995, 44.20695873900007], [-72.50126527499998, 44.20699150400003], [-72.50120388999994, 44.207041004000075], [-72.50120271699996, 44.20704114500006], [-72.50119020499994, 44.207047051000075], [-72.50095287299996, 44.20723042700007], [-72.50088483899998, 44.20718992800005], [-72.50079373699998, 44.20726009900005], [-72.50072140199995, 44.207212850000076]]]]}}, {"type": "Feature", "properties": {"OBJECTID": 184119, "SPAN": null, "GLIST_SPAN": null, "MAPID": "1242-0168.0001", "PARCID": null, "PROPTYPE": "PARCEL", "YEAR": 2023, "GLYEAR": null, "TOWN": "BARRE CITY", "TNAME": null, "SOURCENAME": null, "SOURCETYPE": "UNKNOWN", "SOURCEDATE": "UNKNOWN", "EDITMETHOD": "UNKNOWN", "EDITOR": "UNKNOWN", "EDITDATE": "UNKNOWN", "MATCHSTAT": "UNMATCHED", "EDITNOTE": "UNKNOWN", "OWNER1": null, "OWNER2": null, "ADDRGL1": null, "ADDRGL2": null, "CITYGL": null, "STGL": null, "ZIPGL": null, "DESCPROP": null, "LOCAPROP": null, "CAT": null, "RESCODE": null, "ACRESGL": null, "REAL_FLV": null, "HSTED_FLV": null, "NRES_FLV": null, "LAND_LV": null, "IMPRV_LV": null, "EQUIPVAL": null, "EQUIPCODE": null, "INVENVAL": null, "HSDECL": null, "HSITEVAL": null, "VETEXAMT": null, "EXPDESC": null, "ENDDATE": null, "STATUTE": null, "EXAMT_HS": null, "EXAMT_NR": null, "UVREDUC_HS": null, "UVREDUC_NR": null, "GLVAL_HS": null, "GLVAL_NR": null, "CRHOUSPCT": null, "MUNGL1PCT": null, "AOEGL_HS": null, "AOEGL_NR": null, "E911ADDR": null, "SHAPE_Length": 0.0008863614102348849, "SHAPE_Area": 2.6783199284725827e-08}, "geometry": {"type": "MultiPolygon", "coordinates": [[[[-72.49946168899999, 44.206055528000036], [-72.49949075299998, 44.205989197000065], [-72.49985155899998, 44.206063639000035], [-72.49982368599996, 44.20613351900005], [-72.49946168899999, 44.206055528000036]]]]}}, {"type": "Feature", "properties": {"OBJECTID": 184121, "SPAN": null, "GLIST_SPAN": null, "MAPID": null, "PARCID": null, "PROPTYPE": "ROW_ROAD", "YEAR": 2023, "GLYEAR": null, "TOWN": "BARRE CITY", "TNAME": null, "SOURCENAME": null, "SOURCETYPE": "UNKNOWN", "SOURCEDATE": "UNKNOWN", "EDITMETHOD": "UNKNOWN", "EDITOR": "VCGI", "EDITDATE": "20231019", "MATCHSTAT": "EXEMPT", "EDITNOTE": "Updated property type to road right-of-way", "OWNER1": null, "OWNER2": null, "ADDRGL1": null, "ADDRGL2": null, "CITYGL": null, "STGL": null, "ZIPGL": null, "DESCPROP": null, "LOCAPROP": null, "CAT": null, "RESCODE": null, "ACRESGL": null, "REAL_FLV": null, "HSTED_FLV": null, "NRES_FLV": null, "LAND_LV": null, "IMPRV_LV": null, "EQUIPVAL": null, "EQUIPCODE": null, "INVENVAL": null, "HSDECL": null, "HSITEVAL": null, "VETEXAMT": null, "EXPDESC": null, "ENDDATE": null, "STATUTE": null, "EXAMT_HS": null, "EXAMT_NR": null, "UVREDUC_HS": null, "UVREDUC_NR": null, "GLVAL_HS": null, "GLVAL_NR": null, "CRHOUSPCT": null, "MUNGL1PCT": null, "AOEGL_HS": null, "AOEGL_NR": null, "E911ADDR": null, "SHAPE_Length": 0.0012525657150932947, "SHAPE_Area": 5.2020286588715814e-08}, "geometry": {"type": "MultiPolygon", "coordinates": [[[[-72.50122539499995, 44.20704184700003], [-72.50121483799995, 44.20703973900004], [-72.50120388999994, 44.207041004000075], [-72.50126527499998, 44.20699150400003], [-72.50128247799995, 44.20695873900007], [-72.50129264399999, 44.20694003500006], [-72.50129381699998, 44.20693933200005], [-72.50129616399994, 44.20695114400007], [-72.50130398399995, 44.20696155100006], [-72.50130515599994, 44.20696295700003], [-72.50168951399996, 44.20721396400006], [-72.50169266199998, 44.20721593500008], [-72.50171062799996, 44.20722718300004], [-72.50166253499998, 44.20726430800005], [-72.50162343599999, 44.20729426200006], [-72.50158863799999, 44.207272044000035], [-72.50140095499995, 44.20715209400004], [-72.50124181699994, 44.20705056600008], [-72.50123165099996, 44.20704494100005], [-72.50122539499995, 44.20704184700003]]]]}}, {"type": "Feature", "properties": {"OBJECTID": 184148, "SPAN": null, "GLIST_SPAN": null, "MAPID": "1242-0160.0001", "PARCID": null, "PROPTYPE": "PARCEL", "YEAR": 2023, "GLYEAR": null, "TOWN": "BARRE CITY", "TNAME": null, "SOURCENAME": null, "SOURCETYPE": "UNKNOWN", "SOURCEDATE": "UNKNOWN", "EDITMETHOD": "UNKNOWN", "EDITOR": "UNKNOWN", "EDITDATE": "UNKNOWN", "MATCHSTAT": "UNMATCHED", "EDITNOTE": "UNKNOWN", "OWNER1": null, "OWNER2": null, "ADDRGL1": null, "ADDRGL2": null, "CITYGL": null, "STGL": null, "ZIPGL": null, "DESCPROP": null, "LOCAPROP": null, "CAT": null, "RESCODE": null, "ACRESGL": null, "REAL_FLV": null, "HSTED_FLV": null, "NRES_FLV": null, "LAND_LV": null, "IMPRV_LV": null, "EQUIPVAL": null, "EQUIPCODE": null, "INVENVAL": null, "HSDECL": null, "HSITEVAL": null, "VETEXAMT": null, "EXPDESC": null, "ENDDATE": null, "STATUTE": null, "EXAMT_HS": null, "EXAMT_NR": null, "UVREDUC_HS": null, "UVREDUC_NR": null, "GLVAL_HS": null, "GLVAL_NR": null, "CRHOUSPCT": null, "MUNGL1PCT": null, "AOEGL_HS": null, "AOEGL_NR": null, "E911ADDR": null, "SHAPE_Length": 0.002185461864254419, "SHAPE_Area": 1.9887430683009693e-07}, "geometry": {"type": "MultiPolygon", "coordinates": [[[[-72.49956796899994, 44.20581296800003], [-72.49964371799996, 44.20564008700006], [-72.49964380099993, 44.20563989900006], [-72.49999815599995, 44.205715772000076], [-72.50007038699994, 44.205542526000045], [-72.50007195099994, 44.20554294800007], [-72.50041484799993, 44.20561986800004], [-72.50034373699998, 44.205790653000065], [-72.50034212599996, 44.205794523000066], [-72.50027057499994, 44.205965381000055], [-72.49992767699996, 44.20589296000003], [-72.49992533099999, 44.20589239800006], [-72.49956796899994, 44.20581296800003]]]]}}, {"type": "Feature", "properties": {"OBJECTID": 4015, "SPAN": "036-011-10372", "GLIST_SPAN": "036-011-10372", "MAPID": "0570-0058.0000", "PARCID": "0570-0058-0000", "PROPTYPE": "PARCEL", "YEAR": 2023, "GLYEAR": 2022, "TOWN": "BARRE CITY", "TNAME": "Barre City", "SOURCENAME": null, "SOURCETYPE": "UNKNOWN", "SOURCEDATE": "UNKNOWN", "EDITMETHOD": "UNKNOWN", "EDITOR": "UNKNOWN", "EDITDATE": "UNKNOWN", "MATCHSTAT": "MATCH", "EDITNOTE": "UNKNOWN", "OWNER1": "BALLOU ALLEN & BOBBI", "OWNER2": "", "ADDRGL1": "58 FARWELL ST", "ADDRGL2": "", "CITYGL": "BARRE", "STGL": "VT", "ZIPGL": "05641", "DESCPROP": "1 FAM-0.54AC", "LOCAPROP": "FARWELL ST  58", "CAT": "Residential-1", "RESCODE": "T", "ACRESGL": 0.54, "REAL_FLV": 80400, "HSTED_FLV": 0, "NRES_FLV": 80400, "LAND_LV": 25100, "IMPRV_LV": 55300, "EQUIPVAL": 0, "EQUIPCODE": "", "INVENVAL": 0, "HSDECL": "N", "HSITEVAL": 80400, "VETEXAMT": 0, "EXPDESC": "", "ENDDATE": "", "STATUTE": "", "EXAMT_HS": 0, "EXAMT_NR": 0, "UVREDUC_HS": 0, "UVREDUC_NR": 0, "GLVAL_HS": 0.0, "GLVAL_NR": 804.0, "CRHOUSPCT": 0.0, "MUNGL1PCT": 804.0, "AOEGL_HS": 0.0, "AOEGL_NR": 804.0, "E911ADDR": "58 FARWELL ST", "SHAPE_Length": 0.002030758887856379, "SHAPE_Area": 2.3905311519928693e-07}, "geometry": {"type": "MultiPolygon", "coordinates": [[[[-72.50357042299999, 44.21059113600006], [-72.50386013999997, 44.21019372500007], [-72.50389845999996, 44.21019780200004], [-72.50432818999997, 44.21024306500004], [-72.50405643799996, 44.21073452200005], [-72.50357042299999, 44.21059113600006]]]]}}, {"type": "Feature", "properties": {"OBJECTID": 4083, "SPAN": "036-011-10394", "GLIST_SPAN": "036-011-10394", "MAPID": "0150-0032.0000", "PARCID": "0150-0032-0000", "PROPTYPE": "PARCEL", "YEAR": 2023, "GLYEAR": 2022, "TOWN": "BARRE CITY", "TNAME": "Barre City", "SOURCENAME": null, "SOURCETYPE": "UNKNOWN", "SOURCEDATE": "UNKNOWN", "EDITMETHOD": "UNKNOWN", "EDITOR": "UNKNOWN", "EDITDATE": "UNKNOWN", "MATCHSTAT": "MATCH", "EDITNOTE": "UNKNOWN", "OWNER1": "MURPHY AMY & SCOTT", "OWNER2": "", "ADDRGL1": "32 BEECH ST", "ADDRGL2": "", "CITYGL": "BARRE", "STGL": "VT", "ZIPGL": "05641", "DESCPROP": "1 FAM-0.35AC & 0.3755AC (4)LOTS", "LOCAPROP": "BEECH ST  32", "CAT": "Residential-1", "RESCODE": "T", "ACRESGL": 0.73, "REAL_FLV": 214700, "HSTED_FLV": 214700, "NRES_FLV": 0, "LAND_LV": 47300, "IMPRV_LV": 167400, "EQUIPVAL": 0, "EQUIPCODE": "", "INVENVAL": 0, "HSDECL": "Y", "HSITEVAL": 214700, "VETEXAMT": 0, "EXPDESC": "", "ENDDATE": "", "STATUTE": "", "EXAMT_HS": 0, "EXAMT_NR": 0, "UVREDUC_HS": 0, "UVREDUC_NR": 0, "GLVAL_HS": 2147.0, "GLVAL_NR": 0.0, "CRHOUSPCT": 0.0, "MUNGL1PCT": 2147.0, "AOEGL_HS": 2147.0, "AOEGL_NR": 0.0, "E911ADDR": "32 BEECH ST", "SHAPE_Length": 0.002295241681384346, "SHAPE_Area": 3.163721413224292e-07}, "geometry": {"type": "MultiPolygon", "coordinates": [[[[-72.50656196899996, 44.20927279800003], [-72.50656236099996, 44.20927223500007], [-72.50680166699993, 44.209329033000074], [-72.50704722899997, 44.209387236000055], [-72.50704605599998, 44.20938948600008], [-72.50698546599995, 44.20952350400006], [-72.50692291999997, 44.20966216200003], [-72.50686270899996, 44.20979598200006], [-72.50680447199994, 44.20992541700008], [-72.50652527899996, 44.209856106000075], [-72.50622614499997, 44.20978201400004], [-72.50630701499995, 44.209657814000025], [-72.50639151599995, 44.20952803900008], [-72.50647596099998, 44.20940133200003], [-72.50656196899996, 44.20927279800003]]]]}}, {"type": "Feature", "properties": {"OBJECTID": 4106, "SPAN": "036-011-10406", "GLIST_SPAN": "036-011-10406", "MAPID": "1075-0035.0000", "PARCID": "1075-0035-0000", "PROPTYPE": "PARCEL", "YEAR": 2023, "GLYEAR": 2022, "TOWN": "BARRE CITY", "TNAME": "Barre City", "SOURCENAME": null, "SOURCETYPE": "UNKNOWN", "SOURCEDATE": "UNKNOWN", "EDITMETHOD": "UNKNOWN", "EDITOR": "UNKNOWN", "EDITDATE": "UNKNOWN", "MATCHSTAT": "MATCH", "EDITNOTE": "UNKNOWN", "OWNER1": "BRADLEY WENDY", "OWNER2": "", "ADDRGL1": "35 NEWTON ST", "ADDRGL2": "", "CITYGL": "BARRE", "STGL": "VT", "ZIPGL": "05641", "DESCPROP": "1 FAM-0.26AC", "LOCAPROP": "NEWTON ST  35", "CAT": "Residential-1", "RESCODE": "T", "ACRESGL": 0.26, "REAL_FLV": 140200, "HSTED_FLV": 119100, "NRES_FLV": 21100, "LAND_LV": 25500, "IMPRV_LV": 114700, "EQUIPVAL": 0, "EQUIPCODE": "", "INVENVAL": 0, "HSDECL": "Y", "HSITEVAL": 119100, "VETEXAMT": 0, "EXPDESC": "", "ENDDATE": "", "STATUTE": "", "EXAMT_HS": 0, "EXAMT_NR": 0, "UVREDUC_HS": 0, "UVREDUC_NR": 0, "GLVAL_HS": 1191.0, "GLVAL_NR": 211.0, "CRHOUSPCT": 0.0, "MUNGL1PCT": 1402.0, "AOEGL_HS": 1191.0, "AOEGL_NR": 211.0, "E911ADDR": "35 NEWTON ST", "SHAPE_Length": 0.0013924956614263045, "SHAPE_Area": 1.1676744600209428e-07}, "geometry": {"type": "MultiPolygon", "coordinates": [[[[-72.50620962999994, 44.20890607100006], [-72.50641292099994, 44.20859696900004], [-72.50672182899996, 44.208705372000054], [-72.50651619299998, 44.20901180300007], [-72.50651071899995, 44.20900941300005], [-72.50621236699999, 44.208908602000065], [-72.50620884799997, 44.20890733700003], [-72.50620962999994, 44.20890607100006]]]]}}, {"type": "Feature", "properties": {"OBJECTID": 4284, "SPAN": "036-011-10498", "GLIST_SPAN": "036-011-10498", "MAPID": "0570-0035.0000", "PARCID": "0570-0035-0000", "PROPTYPE": "PARCEL", "YEAR": 2023, "GLYEAR": 2022, "TOWN": "BARRE CITY", "TNAME": "Barre City", "SOURCENAME": null, "SOURCETYPE": "UNKNOWN", "SOURCEDATE": "UNKNOWN", "EDITMETHOD": "UNKNOWN", "EDITOR": "UNKNOWN", "EDITDATE": "UNKNOWN", "MATCHSTAT": "MATCH", "EDITNOTE": "UNKNOWN", "OWNER1": "BUZZI MICHAEL C & CHERYL D CO-TRUSTEES", "OWNER2": "OF THE BUZZI FAMILY TRUST", "ADDRGL1": "5 CLOVER LANE", "ADDRGL2": "", "CITYGL": "BARRE", "STGL": "VT", "ZIPGL": "05641", "DESCPROP": "COM GARAGE-0.74AC", "LOCAPROP": "FARWELL ST  35", "CAT": "Commercial", "RESCODE": "S", "ACRESGL": 0.74, "REAL_FLV": 273000, "HSTED_FLV": 0, "NRES_FLV": 273000, "LAND_LV": 55400, "IMPRV_LV": 217600, "EQUIPVAL": 0, "EQUIPCODE": "", "INVENVAL": 0, "HSDECL": "N", "HSITEVAL": 0, "VETEXAMT": 0, "EXPDESC": "", "ENDDATE": "", "STATUTE": "", "EXAMT_HS": 0, "EXAMT_NR": 0, "UVREDUC_HS": 0, "UVREDUC_NR": 0, "GLVAL_HS": 0.0, "GLVAL_NR": 2730.0, "CRHOUSPCT": 0.0, "MUNGL1PCT": 2730.0, "AOEGL_HS": 0.0, "AOEGL_NR": 2730.0, "E911ADDR": "35 FARWELL ST", "SHAPE_Length": 0.0022024468997491695, "SHAPE_Area": 2.545397755635414e-07}, "geometry": {"type": "MultiPolygon", "coordinates": [[[[-72.50394758799996, 44.20812486800003], [-72.50395892599994, 44.20809688300005], [-72.50443087099995, 44.20814524000008], [-72.50437927599995, 44.208391334000055], [-72.50428272999994, 44.20881925400005], [-72.50428140899999, 44.20887913400003], [-72.50413868399994, 44.20888380000008], [-72.50413766899999, 44.20887761800003], [-72.50413649599994, 44.20887072800008], [-72.50413375699998, 44.20885104100006], [-72.50412084999994, 44.20878508900006], [-72.50411459199995, 44.20876554300003], [-72.50410716099998, 44.20874318400007], [-72.50408799799999, 44.20868145000003], [-72.50408095899996, 44.208668232000036], [-72.50407626499998, 44.20865163900004], [-72.50406766099997, 44.20861929600005], [-72.50405944799996, 44.208594265000045], [-72.50405006199998, 44.20857823400007], [-72.50404145899995, 44.208563610000056], [-72.50403481199999, 44.20855376600008], [-72.50401095799998, 44.20852395500003], [-72.50400039999994, 44.208509752000055], [-72.50399492499997, 44.20849808100007], [-72.50398592999994, 44.20847937800005], [-72.50397146199998, 44.208459832000074], [-72.50396403199994, 44.20844605100007], [-72.50395972999996, 44.20842945800007], [-72.50396285699998, 44.208415958000046], [-72.50396754899998, 44.208401895000065], [-72.50396754799993, 44.20839050500007], [-72.50396168099996, 44.208377849000044], [-72.50395268599993, 44.20833285000003], [-72.50394681799997, 44.20830163200003], [-72.50394407999994, 44.20827266400005], [-72.50394016799999, 44.20824482000006], [-72.50394016599995, 44.208222180000064], [-72.50394055399994, 44.20818899300008], [-72.50393898899995, 44.20816325800007], [-72.50394172499995, 44.208147790000055], [-72.50394758799996, 44.20812486800003]]]]}}, {"type": "Feature", "properties": {"OBJECTID": 4392, "SPAN": "036-011-10143", "GLIST_SPAN": "036-011-10143", "MAPID": "1190-0004.0000", "PARCID": "1190-0004-0000", "PROPTYPE": "PARCEL", "YEAR": 2023, "GLYEAR": 2022, "TOWN": "BARRE CITY", "TNAME": "Barre City", "SOURCENAME": null, "SOURCETYPE": "UNKNOWN", "SOURCEDATE": "UNKNOWN", "EDITMETHOD": "UNKNOWN", "EDITOR": "UNKNOWN", "EDITDATE": "UNKNOWN", "MATCHSTAT": "MATCH", "EDITNOTE": "UNKNOWN", "OWNER1": "4 PINE STREET LLC", "OWNER2": "", "ADDRGL1": "PO BOX 445", "ADDRGL2": "", "CITYGL": "PLAINFIELD", "STGL": "VT", "ZIPGL": "05667-0445", "DESCPROP": "1 FAM-0.26AC", "LOCAPROP": "PINE ST   4", "CAT": "Residential-1", "RESCODE": "C", "ACRESGL": 0.26, "REAL_FLV": 129400, "HSTED_FLV": 0, "NRES_FLV": 129400, "LAND_LV": 25500, "IMPRV_LV": 103900, "EQUIPVAL": 0, "EQUIPCODE": "", "INVENVAL": 0, "HSDECL": "N", "HSITEVAL": 0, "VETEXAMT": 0, "EXPDESC": "", "ENDDATE": "", "STATUTE": "", "EXAMT_HS": 0, "EXAMT_NR": 0, "UVREDUC_HS": 0, "UVREDUC_NR": 0, "GLVAL_HS": 0.0, "GLVAL_NR": 1294.0, "CRHOUSPCT": 0.0, "MUNGL1PCT": 1294.0, "AOEGL_HS": 0.0, "AOEGL_NR": 1294.0, "E911ADDR": "4 PINE ST", "SHAPE_Length": 0.0014194758742591535, "SHAPE_Area": 1.211872987341881e-07}, "geometry": {"type": "MultiPolygon", "coordinates": [[[[-72.50608100699998, 44.20910013900004], [-72.50620884799997, 44.20890733700003], [-72.50621236699999, 44.208908602000065], [-72.50651071899995, 44.20900941300005], [-72.50651619299998, 44.20901180300007], [-72.50647357899999, 44.209075648000066], [-72.50639187299998, 44.20920474600007], [-72.50630938199998, 44.209332577000055], [-72.50600203599998, 44.20922881400003], [-72.50599695299996, 44.20922670400006], [-72.50599812599995, 44.20922501700005], [-72.50608100699998, 44.20910013900004]]]]}}, {"type": "Feature", "properties": {"OBJECTID": 4402, "SPAN": "036-011-10823", "GLIST_SPAN": "036-011-10823", "MAPID": "0540-0109.0000", "PARCID": "0540-0109-0000", "PROPTYPE": "PARCEL", "YEAR": 2023, "GLYEAR": 2022, "TOWN": "BARRE CITY", "TNAME": "Barre City", "SOURCENAME": null, "SOURCETYPE": "UNKNOWN", "SOURCEDATE": "UNKNOWN", "EDITMETHOD": "UNKNOWN", "EDITOR": "UNKNOWN", "EDITDATE": "UNKNOWN", "MATCHSTAT": "MATCH", "EDITNOTE": "UNKNOWN", "OWNER1": "LAPERLE MARCEL L & SNETSINGER MICHELE L", "OWNER2": "", "ADDRGL1": "109 ELMWOOD AVE", "ADDRGL2": "", "CITYGL": "BARRE", "STGL": "VT", "ZIPGL": "05641", "DESCPROP": "1 FAM-0.35AC & 0.18AC & 0.15AC", "LOCAPROP": "ELMWOOD AVE 109", "CAT": "Residential-1", "RESCODE": "T", "ACRESGL": 0.68, "REAL_FLV": 208100, "HSTED_FLV": 208100, "NRES_FLV": 0, "LAND_LV": 63800, "IMPRV_LV": 144300, "EQUIPVAL": 0, "EQUIPCODE": "", "INVENVAL": 0, "HSDECL": "Y", "HSITEVAL": 208100, "VETEXAMT": 0, "EXPDESC": "", "ENDDATE": "", "STATUTE": "", "EXAMT_HS": 0, "EXAMT_NR": 0, "UVREDUC_HS": 0, "UVREDUC_NR": 0, "GLVAL_HS": 2081.0, "GLVAL_NR": 0.0, "CRHOUSPCT": 0.0, "MUNGL1PCT": 2081.0, "AOEGL_HS": 2081.0, "AOEGL_NR": 0.0, "E911ADDR": "109 ELMWOOD AVE", "SHAPE_Length": 0.0024792359193187034, "SHAPE_Area": 3.1536090809445047e-07}, "geometry": {"type": "MultiPolygon", "coordinates": [[[[-72.50445949299996, 44.20918290000003], [-72.50446066399996, 44.20914311800004], [-72.50474932499998, 44.209207648000074], [-72.50504294199999, 44.20927328500005], [-72.50494475699998, 44.20939901600008], [-72.50485785199999, 44.209510375000036], [-72.50485717799995, 44.20951124000004], [-72.50484505799994, 44.209524599000076], [-72.50481534399995, 44.209556804000044], [-72.50477898199995, 44.20959139800004], [-72.50476685999996, 44.20960110000004], [-72.50473714399999, 44.20962515000008], [-72.50468201799998, 44.20966171400005], [-72.50464526299999, 44.20968055900005], [-72.50461202599996, 44.20969701200005], [-72.50459873499995, 44.20970207600004], [-72.50456627999995, 44.209714312000074], [-72.50451466699997, 44.20973020400004], [-72.50446266399996, 44.20974412800007], [-72.50442199899999, 44.20975214500004], [-72.50437546799998, 44.209762270000056], [-72.50410097499997, 44.20979392400005], [-72.50424837299994, 44.209541639000065], [-72.50434109199995, 44.20938409000007], [-72.50440743799999, 44.20927135300008], [-72.50445949299996, 44.20918290000003]]]]}}, {"type": "Feature", "properties": {"OBJECTID": 4439, "SPAN": "036-011-10564", "GLIST_SPAN": "036-011-10564", "MAPID": "1075-0044.0000", "PARCID": "1075-0044-0000", "PROPTYPE": "PARCEL", "YEAR": 2023, "GLYEAR": 2022, "TOWN": "BARRE CITY", "TNAME": "Barre City", "SOURCENAME": null, "SOURCETYPE": "UNKNOWN", "SOURCEDATE": "UNKNOWN", "EDITMETHOD": "UNKNOWN", "EDITOR": "UNKNOWN", "EDITDATE": "UNKNOWN", "MATCHSTAT": "MATCH", "EDITNOTE": "UNKNOWN", "OWNER1": "CARTER MICHELLE R", "OWNER2": "", "ADDRGL1": "44 NEWTON ST", "ADDRGL2": "", "CITYGL": "BARRE", "STGL": "VT", "ZIPGL": "05641", "DESCPROP": "1 FAM-0.17AC", "LOCAPROP": "NEWTON ST  44", "CAT": "Residential-1", "RESCODE": "T", "ACRESGL": 0.17, "REAL_FLV": 94200, "HSTED_FLV": 94200, "NRES_FLV": 0, "LAND_LV": 19900, "IMPRV_LV": 74300, "EQUIPVAL": 0, "EQUIPCODE": "", "INVENVAL": 0, "HSDECL": "Y", "HSITEVAL": 94200, "VETEXAMT": 0, "EXPDESC": "", "ENDDATE": "", "STATUTE": "", "EXAMT_HS": 0, "EXAMT_NR": 0, "UVREDUC_HS": 0, "UVREDUC_NR": 0, "GLVAL_HS": 942.0, "GLVAL_NR": 0.0, "CRHOUSPCT": 0.0, "MUNGL1PCT": 942.0, "AOEGL_HS": 942.0, "AOEGL_NR": 0.0, "E911ADDR": "44 NEWTON ST", "SHAPE_Length": 0.0011037819545471697, "SHAPE_Area": 6.790733813419517e-08}, "geometry": {"type": "MultiPolygon", "coordinates": [[[[-72.50727673899996, 44.20864634600008], [-72.50727845599994, 44.208643659000074], [-72.50750624099999, 44.20869318300004], [-72.50732207999994, 44.208949], [-72.50731384699998, 44.208961129000045], [-72.50710311999995, 44.20891819500008], [-72.50727597799994, 44.208647539000026], [-72.50727673899996, 44.20864634600008]]]]}}, {"type": "Feature", "properties": {"OBJECTID": 4616, "SPAN": "036-011-10940", "GLIST_SPAN": "036-011-10940", "MAPID": "0150-0022.0000", "PARCID": "0150-0022-0000", "PROPTYPE": "PARCEL", "YEAR": 2023, "GLYEAR": 2022, "TOWN": "BARRE CITY", "TNAME": "Barre City", "SOURCENAME": null, "SOURCETYPE": "UNKNOWN", "SOURCEDATE": "UNKNOWN", "EDITMETHOD": "UNKNOWN", "EDITOR": "UNKNOWN", "EDITDATE": "UNKNOWN", "MATCHSTAT": "MATCH", "EDITNOTE": "UNKNOWN", "OWNER1": "DEFORGE ROBERT A & VALERIE L", "OWNER2": "", "ADDRGL1": "22 BEECH ST", "ADDRGL2": "", "CITYGL": "BARRE", "STGL": "VT", "ZIPGL": "05641", "DESCPROP": "1 FAM-0.19AC", "LOCAPROP": "BEECH ST  22", "CAT": "Residential-1", "RESCODE": "T", "ACRESGL": 0.19, "REAL_FLV": 119460, "HSTED_FLV": 119460, "NRES_FLV": 0, "LAND_LV": 21090, "IMPRV_LV": 98370, "EQUIPVAL": 0, "EQUIPCODE": "", "INVENVAL": 0, "HSDECL": "Y", "HSITEVAL": 119460, "VETEXAMT": 0, "EXPDESC": "", "ENDDATE": "", "STATUTE": "", "EXAMT_HS": 0, "EXAMT_NR": 0, "UVREDUC_HS": 0, "UVREDUC_NR": 0, "GLVAL_HS": 1195.0, "GLVAL_NR": 0.0, "CRHOUSPCT": 0.0, "MUNGL1PCT": 1194.6, "AOEGL_HS": 1195.0, "AOEGL_NR": 0.0, "E911ADDR": "22 BEECH ST", "SHAPE_Length": 0.0013518000821226752, "SHAPE_Area": 8.090750091037691e-08}, "geometry": {"type": "MultiPolygon", "coordinates": [[[[-72.50673789199993, 44.20899913300008], [-72.50682741599996, 44.20886202200006], [-72.50710151699997, 44.20891786900006], [-72.50710311999995, 44.20891819500008], [-72.50731384699998, 44.208961129000045], [-72.50731267399993, 44.20896366200003], [-72.50725052399997, 44.20911343000006], [-72.50724973899997, 44.20911511600008], [-72.50673789199993, 44.20899913300008]]]]}}, {"type": "Feature", "properties": {"OBJECTID": 4649, "SPAN": "036-011-10637", "GLIST_SPAN": "036-011-10637", "MAPID": "0395-0025.0000", "PARCID": "0395-0025-0000", "PROPTYPE": "PARCEL", "YEAR": 2023, "GLYEAR": 2022, "TOWN": "BARRE CITY", "TNAME": "Barre City", "SOURCENAME": null, "SOURCETYPE": "UNKNOWN", "SOURCEDATE": "UNKNOWN", "EDITMETHOD": "UNKNOWN", "EDITOR": "UNKNOWN", "EDITDATE": "UNKNOWN", "MATCHSTAT": "MATCH", "EDITNOTE": "UNKNOWN", "OWNER1": "KYLE THOMAS G & BRAMHALL KATHERINE", "OWNER2": "", "ADDRGL1": "25 COLBY ST", "ADDRGL2": "", "CITYGL": "BARRE", "STGL": "VT", "ZIPGL": "05641", "DESCPROP": "1 FAM  BARN(OFFSTORG/WRKSHPGRAGE-1.13A", "LOCAPROP": "COLBY ST  25 & 27", "CAT": "Residential-1", "RESCODE": "T", "ACRESGL": 1.13, "REAL_FLV": 166900, "HSTED_FLV": 154200, "NRES_FLV": 12700, "LAND_LV": 32600, "IMPRV_LV": 134300, "EQUIPVAL": 0, "EQUIPCODE": "", "INVENVAL": 0, "HSDECL": "Y", "HSITEVAL": 154200, "VETEXAMT": 0, "EXPDESC": "", "ENDDATE": "", "STATUTE": "", "EXAMT_HS": 0, "EXAMT_NR": 0, "UVREDUC_HS": 0, "UVREDUC_NR": 0, "GLVAL_HS": 1542.0, "GLVAL_NR": 127.0, "CRHOUSPCT": 0.0, "MUNGL1PCT": 1669.0, "AOEGL_HS": 1542.0, "AOEGL_NR": 127.0, "E911ADDR": "2527 COLBY ST", "SHAPE_Length": 0.002982177246293107, "SHAPE_Area": 5.211499659454799e-07}, "geometry": {"type": "MultiPolygon", "coordinates": [[[[-72.50750624099999, 44.20869318300004], [-72.50761600699997, 44.208429393000074], [-72.50794942599998, 44.20851908000003], [-72.50806507899995, 44.20855019000004], [-72.50844342899995, 44.20865196200003], [-72.50844342899995, 44.208652665000045], [-72.50824720499998, 44.20909086200004], [-72.50824681499995, 44.209091425000054], [-72.50824642299995, 44.20909283100008], [-72.50819443599994, 44.20921095800003], [-72.50810332799995, 44.20919971500007], [-72.50809785399997, 44.209199012000056], [-72.50775609499993, 44.20908878700004], [-72.50763722299996, 44.20905054600007], [-72.50732207999994, 44.208949], [-72.50750624099999, 44.20869318300004]]]]}}, {"type": "Feature", "properties": {"OBJECTID": 4758, "SPAN": "036-011-10667", "GLIST_SPAN": "036-011-10667", "MAPID": "0150-VL00.0009", "PARCID": "0150-VL00-0009", "PROPTYPE": "PARCEL", "YEAR": 2023, "GLYEAR": 2022, "TOWN": "BARRE CITY", "TNAME": "Barre City", "SOURCENAME": null, "SOURCETYPE": "UNKNOWN", "SOURCEDATE": "UNKNOWN", "EDITMETHOD": "UNKNOWN", "EDITOR": "UNKNOWN", "EDITDATE": "UNKNOWN", "MATCHSTAT": "MATCH", "EDITNOTE": "UNKNOWN", "OWNER1": "FECTEAU RESIDENTIAL INC", "OWNER2": "", "ADDRGL1": "PO BOX 703", "ADDRGL2": "", "CITYGL": "BARRE", "STGL": "VT", "ZIPGL": "05641-0703", "DESCPROP": "VAC LAND-0.1021AC", "LOCAPROP": "BEECH ST LOT 89", "CAT": "Miscellaneous", "RESCODE": "C", "ACRESGL": 0.1, "REAL_FLV": 2400, "HSTED_FLV": 0, "NRES_FLV": 2400, "LAND_LV": 2400, "IMPRV_LV": 0, "EQUIPVAL": 0, "EQUIPCODE": "", "INVENVAL": 0, "HSDECL": "N", "HSITEVAL": 0, "VETEXAMT": 0, "EXPDESC": "", "ENDDATE": "", "STATUTE": "", "EXAMT_HS": 0, "EXAMT_NR": 0, "UVREDUC_HS": 0, "UVREDUC_NR": 0, "GLVAL_HS": 0.0, "GLVAL_NR": 24.0, "CRHOUSPCT": 0.0, "MUNGL1PCT": 24.0, "AOEGL_HS": 0.0, "AOEGL_NR": 24.0, "E911ADDR": "BEECH ST", "SHAPE_Length": 0.0009393628027104286, "SHAPE_Area": 4.635741083923793e-08}, "geometry": {"type": "MultiPolygon", "coordinates": [[[[-72.50582268799997, 44.210504839000066], [-72.50589501299999, 44.21037504000003], [-72.50589931499997, 44.21037658700004], [-72.50620119099995, 44.21046333500004], [-72.50620001799996, 44.21046586700004], [-72.50619923599999, 44.21046530500007], [-72.50613355799999, 44.21059440000005], [-72.50582268799997, 44.210504839000066]]]]}}, {"type": "Feature", "properties": {"OBJECTID": 4816, "SPAN": "036-011-10681", "GLIST_SPAN": "036-011-10681", "MAPID": "0395-VL01.0000", "PARCID": "0395-VL01-0000", "PROPTYPE": "PARCEL", "YEAR": 2023, "GLYEAR": 2022, "TOWN": "BARRE CITY", "TNAME": "Barre City", "SOURCENAME": null, "SOURCETYPE": "UNKNOWN", "SOURCEDATE": "UNKNOWN", "EDITMETHOD": "UNKNOWN", "EDITOR": "UNKNOWN", "EDITDATE": "UNKNOWN", "MATCHSTAT": "MATCH", "EDITNOTE": "UNKNOWN", "OWNER1": "CITY OF BARRE", "OWNER2": "", "ADDRGL1": "6 N MAIN ST", "ADDRGL2": "", "CITYGL": "BARRE", "STGL": "VT", "ZIPGL": "05641-4115", "DESCPROP": "VAC LAND-2.11AC", "LOCAPROP": "COLBY ST    (OFF) & HILLSIDE AVE", "CAT": "Miscellaneous", "RESCODE": "C", "ACRESGL": 2.11, "REAL_FLV": 9260, "HSTED_FLV": 0, "NRES_FLV": 9260, "LAND_LV": 9260, "IMPRV_LV": 0, "EQUIPVAL": 0, "EQUIPCODE": "", "INVENVAL": 0, "HSDECL": "N", "HSITEVAL": 0, "VETEXAMT": 0, "EXPDESC": "Statutory", "ENDDATE": "", "STATUTE": "", "EXAMT_HS": 0, "EXAMT_NR": 0, "UVREDUC_HS": 0, "UVREDUC_NR": 0, "GLVAL_HS": 0.0, "GLVAL_NR": 0.0, "CRHOUSPCT": 0.0, "MUNGL1PCT": 0.0, "AOEGL_HS": 0.0, "AOEGL_NR": 0.0, "E911ADDR": "COLBY ST", "SHAPE_Length": 0.012636125997847842, "SHAPE_Area": 7.809073445113199e-07}, "geometry": {"type": "MultiPolygon", "coordinates": [[[[-72.50735606399996, 44.212010828000075], [-72.50717657699994, 44.21197202700006], [-72.50699591699998, 44.211933085000055], [-72.50681447499994, 44.211894003000054], [-72.50682985199995, 44.211857991000045], [-72.50698217899998, 44.211501232000046], [-72.50703300199996, 44.211405323000065], [-72.50710024299997, 44.21127904000008], [-72.50716904699993, 44.21114952100004], [-72.50723902499993, 44.21101775300008], [-72.50730548399997, 44.210892312000055], [-72.50737350599996, 44.21076377900005], [-72.50744152699997, 44.21063566600003], [-72.50751072099996, 44.21050600600006], [-72.50758030599997, 44.21037466000007], [-72.50764871799998, 44.21024626600007], [-72.50729287999997, 44.21015811800004], [-72.50693704399998, 44.21007011000006], [-72.50693586999995, 44.21006968900008], [-72.50699959099995, 44.20994045200007], [-72.50700389199994, 44.20994157600006], [-72.50769835899996, 44.210114358000055], [-72.50773042399999, 44.21012124600003], [-72.50784304099994, 44.21015020700003], [-72.50789426599994, 44.21016271900004], [-72.50825596899995, 44.210250020000046], [-72.50837366999997, 44.21027841800003], [-72.50857739699995, 44.21032424600003], [-72.50876470199995, 44.21036852800006], [-72.50883391399998, 44.21038483500007], [-72.50878507099998, 44.21049016100005], [-72.50878476999998, 44.21049080900008], [-72.50854881199996, 44.21046364400007], [-72.50849686499998, 44.21045039200004], [-72.50838819799998, 44.210705209000025], [-72.50833482799999, 44.21082987800003], [-72.50827793799994, 44.21096276600008], [-72.50822089499997, 44.21109601300003], [-72.50816656099994, 44.21122356300003], [-72.50799769199995, 44.21161886700003], [-72.50794022799994, 44.21175330700004], [-72.50793918899996, 44.21175573900007], [-72.50788356499999, 44.21188586000005], [-72.50779009399997, 44.21210451300004], [-72.50754298199996, 44.21205117400007], [-72.50735606399996, 44.212010828000075]], [[-72.50826736899995, 44.21067638900007], [-72.50837642699997, 44.210420588000034], [-72.50817504599996, 44.210371947000056], [-72.50797561999997, 44.21032372700006], [-72.50777267399997, 44.210274663000064], [-72.50776886799997, 44.210281817000066], [-72.50763428699997, 44.21053482600007], [-72.50763414799997, 44.21053508700004], [-72.50756734399994, 44.21066068600004], [-72.50749858499995, 44.210789962000035], [-72.50743143899996, 44.21091620400006], [-72.50736249599998, 44.21104582300006], [-72.50729193499996, 44.211178483000026], [-72.50722341999995, 44.211307297000076], [-72.50715608199994, 44.211434058000066], [-72.50710770299997, 44.21152513000004], [-72.50709203099996, 44.211561431000064], [-72.50709167399998, 44.211562256000036], [-72.50703595499994, 44.21169184900003], [-72.50703538199997, 44.211693180000054], [-72.50697752599996, 44.21182719700005], [-72.50734666699998, 44.21190845500007], [-72.50770681599994, 44.211987743000066], [-72.50776271499996, 44.21185709900004], [-72.50781969399998, 44.21172389900005], [-72.50787568799996, 44.21159300100004], [-72.50793275999996, 44.21146038900008], [-72.50798709499998, 44.21133255900003], [-72.50804338499995, 44.21120107200005], [-72.50809967399994, 44.211069304000034], [-72.50815713699996, 44.21093458200005], [-72.50826736899995, 44.21067638900007]]]]}}, {"type": "Feature", "properties": {"OBJECTID": 5491, "SPAN": "036-011-11109", "GLIST_SPAN": "036-011-11109", "MAPID": "0150-VL00.0006", "PARCID": "0150-VL00-0006", "PROPTYPE": "PARCEL", "YEAR": 2023, "GLYEAR": 2022, "TOWN": "BARRE CITY", "TNAME": "Barre City", "SOURCENAME": null, "SOURCETYPE": "UNKNOWN", "SOURCEDATE": "UNKNOWN", "EDITMETHOD": "UNKNOWN", "EDITOR": "UNKNOWN", "EDITDATE": "UNKNOWN", "MATCHSTAT": "MATCH", "EDITNOTE": "UNKNOWN", "OWNER1": "FECTEAU RESIDENTIAL INC", "OWNER2": "", "ADDRGL1": "PO BOX 703", "ADDRGL2": "", "CITYGL": "BARRE", "STGL": "VT", "ZIPGL": "05641-0703", "DESCPROP": "VAC LAND-0.15AC", "LOCAPROP": "BEECH ST LOT 67", "CAT": "Miscellaneous", "RESCODE": "C", "ACRESGL": 0.15, "REAL_FLV": 3100, "HSTED_FLV": 0, "NRES_FLV": 3100, "LAND_LV": 3100, "IMPRV_LV": 0, "EQUIPVAL": 0, "EQUIPCODE": "", "INVENVAL": 0, "HSDECL": "N", "HSITEVAL": 0, "VETEXAMT": 0, "EXPDESC": "", "ENDDATE": "", "STATUTE": "", "EXAMT_HS": 0, "EXAMT_NR": 0, "UVREDUC_HS": 0, "UVREDUC_NR": 0, "GLVAL_HS": 0.0, "GLVAL_NR": 31.0, "CRHOUSPCT": 0.0, "MUNGL1PCT": 31.0, "AOEGL_HS": 0.0, "AOEGL_NR": 31.0, "E911ADDR": "BEECH ST", "SHAPE_Length": 0.0012987487663343924, "SHAPE_Area": 7.21224756275611e-08}, "geometry": {"type": "MultiPolygon", "coordinates": [[[[-72.50522302399997, 44.210184672000025], [-72.50533778199997, 44.21006372700003], [-72.50534325799998, 44.21006541500003], [-72.50578550999995, 44.21019181500003], [-72.50578902999996, 44.21019293900008], [-72.50578707499994, 44.21019617300004], [-72.50571631299994, 44.210324144000026], [-72.50522302399997, 44.210184672000025]]]]}}, {"type": "Feature", "properties": {"OBJECTID": 5636, "SPAN": "036-011-10799", "GLIST_SPAN": "036-011-10799", "MAPID": "1170-0054.0000", "PARCID": "1170-0054-0000", "PROPTYPE": "PARCEL", "YEAR": 2023, "GLYEAR": 2022, "TOWN": "BARRE CITY", "TNAME": "Barre City", "SOURCENAME": null, "SOURCETYPE": "UNKNOWN", "SOURCEDATE": "UNKNOWN", "EDITMETHOD": "UNKNOWN", "EDITOR": "UNKNOWN", "EDITDATE": "UNKNOWN", "MATCHSTAT": "MATCH", "EDITNOTE": "UNKNOWN", "OWNER1": "COMSTOCK CRAIG A & MICHELLE A - LIFE EST", "OWNER2": "LYFORD ALICIA; COMSTOCK ALEX & TLER", "ADDRGL1": "54 PERRIN ST", "ADDRGL2": "", "CITYGL": "BARRE", "STGL": "VT", "ZIPGL": "05641", "DESCPROP": "1 FAM-0.38AC & 0.11AC LOT", "LOCAPROP": "PERRIN ST  54", "CAT": "Residential-1", "RESCODE": "T", "ACRESGL": 0.49, "REAL_FLV": 199000, "HSTED_FLV": 199000, "NRES_FLV": 0, "LAND_LV": 33800, "IMPRV_LV": 165200, "EQUIPVAL": 0, "EQUIPCODE": "", "INVENVAL": 0, "HSDECL": "Y", "HSITEVAL": 199000, "VETEXAMT": 0, "EXPDESC": "", "ENDDATE": "", "STATUTE": "", "EXAMT_HS": 0, "EXAMT_NR": 0, "UVREDUC_HS": 0, "UVREDUC_NR": 0, "GLVAL_HS": 1990.0, "GLVAL_NR": 0.0, "CRHOUSPCT": 0.0, "MUNGL1PCT": 1990.0, "AOEGL_HS": 1990.0, "AOEGL_NR": 0.0, "E911ADDR": "54 PERRIN ST", "SHAPE_Length": 0.0019558161503349463, "SHAPE_Area": 2.2312537864876218e-07}, "geometry": {"type": "MultiPolygon", "coordinates": [[[[-72.50751983099997, 44.208353696000074], [-72.50764843499996, 44.20805943100004], [-72.50810905099996, 44.208161070000074], [-72.50822948399997, 44.20818763900007], [-72.50817358699999, 44.20831082900003], [-72.50806507899995, 44.20855019000004], [-72.50794942599998, 44.20851908000003], [-72.50761600699997, 44.208429393000074], [-72.50749636699999, 44.208402137000064], [-72.50751983099997, 44.208353696000074]]]]}}, {"type": "Feature", "properties": {"OBJECTID": 5685, "SPAN": "036-011-11196", "GLIST_SPAN": "036-011-11196", "MAPID": "0150-0010.0000", "PARCID": "0150-0010-0000", "PROPTYPE": "PARCEL", "YEAR": 2023, "GLYEAR": 2022, "TOWN": "BARRE CITY", "TNAME": "Barre City", "SOURCENAME": null, "SOURCETYPE": "UNKNOWN", "SOURCEDATE": "UNKNOWN", "EDITMETHOD": "UNKNOWN", "EDITOR": "UNKNOWN", "EDITDATE": "UNKNOWN", "MATCHSTAT": "MATCH", "EDITNOTE": "UNKNOWN", "OWNER1": "HEIM JESSICA JEAN & TOBEY LANCE", "OWNER2": "", "ADDRGL1": "10 BEECH ST", "ADDRGL2": "", "CITYGL": "BARRE", "STGL": "VT", "ZIPGL": "05641", "DESCPROP": "1 FAM-0.38AC", "LOCAPROP": "BEECH ST  10", "CAT": "Residential-1", "RESCODE": "T", "ACRESGL": 0.38, "REAL_FLV": 155200, "HSTED_FLV": 155200, "NRES_FLV": 0, "LAND_LV": 29600, "IMPRV_LV": 125600, "EQUIPVAL": 0, "EQUIPCODE": "", "INVENVAL": 0, "HSDECL": "Y", "HSITEVAL": 155200, "VETEXAMT": 0, "EXPDESC": "", "ENDDATE": "", "STATUTE": "", "EXAMT_HS": 0, "EXAMT_NR": 0, "UVREDUC_HS": 0, "UVREDUC_NR": 0, "GLVAL_HS": 1552.0, "GLVAL_NR": 0.0, "CRHOUSPCT": 0.0, "MUNGL1PCT": 1552.0, "AOEGL_HS": 1552.0, "AOEGL_NR": 0.0, "E911ADDR": "10 BEECH ST", "SHAPE_Length": 0.001761106876051146, "SHAPE_Area": 1.7361205487706806e-07}, "geometry": {"type": "MultiPolygon", "coordinates": [[[[-72.50710575599999, 44.208327635000046], [-72.50714132699994, 44.20825591400006], [-72.50715344799994, 44.20825901000006], [-72.50751983099997, 44.208353696000074], [-72.50749636699999, 44.208402137000064], [-72.50761600699997, 44.208429393000074], [-72.50750624099999, 44.20869318300004], [-72.50727845599994, 44.208643659000074], [-72.50697342099994, 44.20857734000003], [-72.50697778399996, 44.208568831000036], [-72.50710575599999, 44.208327635000046]]]]}}, {"type": "Feature", "properties": {"OBJECTID": 6036, "SPAN": "036-011-11305", "GLIST_SPAN": "036-011-11305", "MAPID": "0150-0016.0000", "PARCID": "0150-0016-0000", "PROPTYPE": "PARCEL", "YEAR": 2023, "GLYEAR": 2022, "TOWN": "BARRE CITY", "TNAME": "Barre City", "SOURCENAME": null, "SOURCETYPE": "UNKNOWN", "SOURCEDATE": "UNKNOWN", "EDITMETHOD": "UNKNOWN", "EDITOR": "UNKNOWN", "EDITDATE": "UNKNOWN", "MATCHSTAT": "MATCH", "EDITNOTE": "UNKNOWN", "OWNER1": "GAUTHIER WENDELL NORMAN JR &", "OWNER2": "GAUTHIER SCOTT HOWARD", "ADDRGL1": "74 PROSPECT ST", "ADDRGL2": "", "CITYGL": "BARRE", "STGL": "VT", "ZIPGL": "05641", "DESCPROP": "1 FAM-0.18AC", "LOCAPROP": "BEECH ST  16", "CAT": "Residential-1", "RESCODE": "T", "ACRESGL": 0.18, "REAL_FLV": 91470, "HSTED_FLV": 0, "NRES_FLV": 91470, "LAND_LV": 20270, "IMPRV_LV": 71200, "EQUIPVAL": 0, "EQUIPCODE": "", "INVENVAL": 0, "HSDECL": "N", "HSITEVAL": 91470, "VETEXAMT": 0, "EXPDESC": "", "ENDDATE": "", "STATUTE": "", "EXAMT_HS": 0, "EXAMT_NR": 0, "UVREDUC_HS": 0, "UVREDUC_NR": 0, "GLVAL_HS": 0.0, "GLVAL_NR": 914.7, "CRHOUSPCT": 0.0, "MUNGL1PCT": 914.7, "AOEGL_HS": 0.0, "AOEGL_NR": 914.7, "E911ADDR": "16 BEECH ST", "SHAPE_Length": 0.0012392183952163786, "SHAPE_Area": 9.103043382452224e-08}, "geometry": {"type": "MultiPolygon", "coordinates": [[[[-72.50682741599996, 44.20886202200006], [-72.50697342099994, 44.20857734000003], [-72.50727845599994, 44.208643659000074], [-72.50727673899996, 44.20864634600008], [-72.50727597799994, 44.208647539000026], [-72.50710311999995, 44.20891819500008], [-72.50710151699997, 44.20891786900006], [-72.50682741599996, 44.20886202200006]]]]}}, {"type": "Feature", "properties": {"OBJECTID": 6194, "SPAN": "036-011-11467", "GLIST_SPAN": "036-011-11467", "MAPID": "0540-0080.0000", "PARCID": "0540-0080-0000", "PROPTYPE": "PARCEL", "YEAR": 2023, "GLYEAR": 2022, "TOWN": "BARRE CITY", "TNAME": "Barre City", "SOURCENAME": null, "SOURCETYPE": "UNKNOWN", "SOURCEDATE": "UNKNOWN", "EDITMETHOD": "UNKNOWN", "EDITOR": "UNKNOWN", "EDITDATE": "UNKNOWN", "MATCHSTAT": "MATCH", "EDITNOTE": "UNKNOWN", "OWNER1": "SMITH PHILIP V & JANET L", "OWNER2": "", "ADDRGL1": "5 PINE ST", "ADDRGL2": "", "CITYGL": "BARRE", "STGL": "VT", "ZIPGL": "05641", "DESCPROP": "1 FAM-0.29AC", "LOCAPROP": "PINE ST   5", "CAT": "Residential-1", "RESCODE": "T", "ACRESGL": 0.29, "REAL_FLV": 108880, "HSTED_FLV": 108880, "NRES_FLV": 0, "LAND_LV": 26180, "IMPRV_LV": 82700, "EQUIPVAL": 0, "EQUIPCODE": "", "INVENVAL": 0, "HSDECL": "Y", "HSITEVAL": 108880, "VETEXAMT": 0, "EXPDESC": "", "ENDDATE": "", "STATUTE": "", "EXAMT_HS": 0, "EXAMT_NR": 0, "UVREDUC_HS": 0, "UVREDUC_NR": 0, "GLVAL_HS": 1089.0, "GLVAL_NR": 0.0, "CRHOUSPCT": 0.0, "MUNGL1PCT": 1088.8, "AOEGL_HS": 1089.0, "AOEGL_NR": 0.0, "E911ADDR": "5 PINE ST", "SHAPE_Length": 0.0015153195565628713, "SHAPE_Area": 1.3331716415439615e-07}, "geometry": {"type": "MultiPolygon", "coordinates": [[[[-72.50548235199994, 44.20889710900008], [-72.50556992599996, 44.20876984000006], [-72.50557422599996, 44.208771668000054], [-72.50598597299995, 44.20890875500004], [-72.50599105599997, 44.208910443000036], [-72.50581317299998, 44.20917763600005], [-72.50540376899994, 44.20901509600003], [-72.50539360199997, 44.20901101700008], [-72.50548235199994, 44.20889710900008]]]]}}, {"type": "Feature", "properties": {"OBJECTID": 6195, "SPAN": "036-011-11468", "GLIST_SPAN": "036-011-11468", "MAPID": "0150-VL00.0005", "PARCID": "0150-VL00-0005", "PROPTYPE": "PARCEL", "YEAR": 2023, "GLYEAR": 2022, "TOWN": "BARRE CITY", "TNAME": "Barre City", "SOURCENAME": null, "SOURCETYPE": "UNKNOWN", "SOURCEDATE": "UNKNOWN", "EDITMETHOD": "UNKNOWN", "EDITOR": "UNKNOWN", "EDITDATE": "UNKNOWN", "MATCHSTAT": "MATCH", "EDITNOTE": "UNKNOWN", "OWNER1": "THE BOARDMANS HOLDINGS LLC", "OWNER2": "", "ADDRGL1": "PO BOX 973", "ADDRGL2": "", "CITYGL": "MONTPELIER", "STGL": "VT", "ZIPGL": "05601-0973", "DESCPROP": "VAC LAND-0.10 & 0.10AC", "LOCAPROP": "BEECH ST LOT 90", "CAT": "Miscellaneous", "RESCODE": "S", "ACRESGL": 0.2, "REAL_FLV": 9500, "HSTED_FLV": 0, "NRES_FLV": 9500, "LAND_LV": 9500, "IMPRV_LV": 0, "EQUIPVAL": 0, "EQUIPCODE": "", "INVENVAL": 0, "HSDECL": "N", "HSITEVAL": 0, "VETEXAMT": 0, "EXPDESC": "", "ENDDATE": "", "STATUTE": "", "EXAMT_HS": 0, "EXAMT_NR": 0, "UVREDUC_HS": 0, "UVREDUC_NR": 0, "GLVAL_HS": 0.0, "GLVAL_NR": 95.0, "CRHOUSPCT": 0.0, "MUNGL1PCT": 95.0, "AOEGL_HS": 0.0, "AOEGL_NR": 95.0, "E911ADDR": "BEECH ST", "SHAPE_Length": 0.001214799346653069, "SHAPE_Area": 8.894216650721238e-08}, "geometry": {"type": "MultiPolygon", "coordinates": [[[[-72.50596534499994, 44.21024842200006], [-72.50603458199998, 44.21012416100007], [-72.50603770999999, 44.21012514500006], [-72.50634153899995, 44.21020908000003], [-72.50626608699997, 44.21033649000003], [-72.50620119099995, 44.21046333500004], [-72.50589931499997, 44.21037658700004], [-72.50589501299999, 44.21037504000003], [-72.50596069299996, 44.210256773000026], [-72.50596534499994, 44.21024842200006]]]]}}, {"type": "Feature", "properties": {"OBJECTID": 6273, "SPAN": "036-011-11549", "GLIST_SPAN": "036-011-11549", "MAPID": "0540-0083.0000", "PARCID": "0540-0083-0000", "PROPTYPE": "PARCEL", "YEAR": 2023, "GLYEAR": 2022, "TOWN": "BARRE CITY", "TNAME": "Barre City", "SOURCENAME": null, "SOURCETYPE": "UNKNOWN", "SOURCEDATE": "UNKNOWN", "EDITMETHOD": "UNKNOWN", "EDITOR": "UNKNOWN", "EDITDATE": "UNKNOWN", "MATCHSTAT": "MATCH", "EDITNOTE": "UNKNOWN", "OWNER1": "HILTON VANOSDALL CARL & GINA", "OWNER2": "C/O CYRIAC JOSEPH & FITZPATRICK CATHLEEN", "ADDRGL1": "83 ELMWOOD AVE", "ADDRGL2": "", "CITYGL": "BARRE", "STGL": "VT", "ZIPGL": "05641", "DESCPROP": "1 FAM-0.31AC", "LOCAPROP": "ELMWOOD AVE  83", "CAT": "Residential-1", "RESCODE": "T", "ACRESGL": 0.31, "REAL_FLV": 203600, "HSTED_FLV": 203600, "NRES_FLV": 0, "LAND_LV": 25200, "IMPRV_LV": 178400, "EQUIPVAL": 0, "EQUIPCODE": "", "INVENVAL": 0, "HSDECL": "Y", "HSITEVAL": 203600, "VETEXAMT": 0, "EXPDESC": "", "ENDDATE": "", "STATUTE": "", "EXAMT_HS": 0, "EXAMT_NR": 0, "UVREDUC_HS": 0, "UVREDUC_NR": 0, "GLVAL_HS": 2036.0, "GLVAL_NR": 0.0, "CRHOUSPCT": 0.0, "MUNGL1PCT": 2036.0, "AOEGL_HS": 2036.0, "AOEGL_NR": 0.0, "E911ADDR": "83 ELMWOOD AVE", "SHAPE_Length": 0.0015278631080147256, "SHAPE_Area": 1.4116275381579552e-07}, "geometry": {"type": "MultiPolygon", "coordinates": [[[[-72.50497354499998, 44.20865952100007], [-72.50499504999993, 44.20860263000003], [-72.50499622799998, 44.20860298000008], [-72.50544732399999, 44.208737244000076], [-72.50537872899997, 44.20884227000005], [-72.50537755599998, 44.20884367700006], [-72.50525283799993, 44.20900427400005], [-72.50525088399996, 44.20900666500006], [-72.50523543899999, 44.20902646900004], [-72.50488078199999, 44.20890341200004], [-72.50488535599999, 44.208892828000046], [-72.50497354499998, 44.20865952100007]]]]}}, {"type": "Feature", "properties": {"OBJECTID": 6415, "SPAN": "036-011-11693", "GLIST_SPAN": "036-011-11693", "MAPID": "0570-0028.0000", "PARCID": "0570-0028-0000", "PROPTYPE": "PARCEL", "YEAR": 2023, "GLYEAR": 2022, "TOWN": "BARRE CITY", "TNAME": "Barre City", "SOURCENAME": null, "SOURCETYPE": "UNKNOWN", "SOURCEDATE": "UNKNOWN", "EDITMETHOD": "UNKNOWN", "EDITOR": "UNKNOWN", "EDITDATE": "UNKNOWN", "MATCHSTAT": "MATCH", "EDITNOTE": "UNKNOWN", "OWNER1": "JONES GARY A & SHEILA J", "OWNER2": "", "ADDRGL1": "28 FARWELL ST", "ADDRGL2": "", "CITYGL": "BARRE", "STGL": "VT", "ZIPGL": "05641", "DESCPROP": "1 FAM-0.15AC & 0.11AC", "LOCAPROP": "FARWELL ST  28", "CAT": "Residential-1", "RESCODE": "T", "ACRESGL": 0.26, "REAL_FLV": 118900, "HSTED_FLV": 0, "NRES_FLV": 118900, "LAND_LV": 38100, "IMPRV_LV": 80800, "EQUIPVAL": 0, "EQUIPCODE": "", "INVENVAL": 0, "HSDECL": "N", "HSITEVAL": 118900, "VETEXAMT": 0, "EXPDESC": "", "ENDDATE": "", "STATUTE": "", "EXAMT_HS": 0, "EXAMT_NR": 0, "UVREDUC_HS": 0, "UVREDUC_NR": 0, "GLVAL_HS": 0.0, "GLVAL_NR": 1189.0, "CRHOUSPCT": 0.0, "MUNGL1PCT": 1189.0, "AOEGL_HS": 0.0, "AOEGL_NR": 1189.0, "E911ADDR": "28 FARWELL ST", "SHAPE_Length": 0.0014819019512308845, "SHAPE_Area": 1.1524177318460889e-07}, "geometry": {"type": "MultiPolygon", "coordinates": [[[[-72.50456344199995, 44.20840482700004], [-72.50458986099994, 44.20828201200004], [-72.50495944499994, 44.208322088000045], [-72.50493162299995, 44.208441708000066], [-72.50492817699995, 44.20845652500003], [-72.50503296799997, 44.20849181700004], [-72.50500019699996, 44.208587591000025], [-72.50499504999993, 44.20860263000003], [-72.50453103799998, 44.20855354300005], [-72.50453451799996, 44.20853743500004], [-72.50456344199995, 44.20840482700004]]]]}}, {"type": "Feature", "properties": {"OBJECTID": 6485, "SPAN": "036-011-11763", "GLIST_SPAN": "036-011-11763", "MAPID": "0540-0114.0000", "PARCID": "0540-0114-0000", "PROPTYPE": "PARCEL", "YEAR": 2023, "GLYEAR": 2022, "TOWN": "BARRE CITY", "TNAME": "Barre City", "SOURCENAME": null, "SOURCETYPE": "UNKNOWN", "SOURCEDATE": "UNKNOWN", "EDITMETHOD": "UNKNOWN", "EDITOR": "UNKNOWN", "EDITDATE": "UNKNOWN", "MATCHSTAT": "MATCH", "EDITNOTE": "UNKNOWN", "OWNER1": "SLEEPER M BRENT & SLEEPER DILLON", "OWNER2": "", "ADDRGL1": "53 OSBORNE RD", "ADDRGL2": "", "CITYGL": "BARRE", "STGL": "VT", "ZIPGL": "05641", "DESCPROP": "1 FAM-0.15AC", "LOCAPROP": "ELMWOOD AVE 114", "CAT": "Residential-1", "RESCODE": "S", "ACRESGL": 0.15, "REAL_FLV": 113500, "HSTED_FLV": 0, "NRES_FLV": 113500, "LAND_LV": 15000, "IMPRV_LV": 98500, "EQUIPVAL": 0, "EQUIPCODE": "", "INVENVAL": 0, "HSDECL": "N", "HSITEVAL": 113500, "VETEXAMT": 0, "EXPDESC": "", "ENDDATE": "", "STATUTE": "", "EXAMT_HS": 0, "EXAMT_NR": 0, "UVREDUC_HS": 0, "UVREDUC_NR": 0, "GLVAL_HS": 0.0, "GLVAL_NR": 1135.0, "CRHOUSPCT": 0.0, "MUNGL1PCT": 1135.0, "AOEGL_HS": 0.0, "AOEGL_NR": 1135.0, "E911ADDR": "114 ELMWOOD AVE", "SHAPE_Length": 0.001239187483122323, "SHAPE_Area": 7.052697628986874e-08}, "geometry": {"type": "MultiPolygon", "coordinates": [[[[-72.50467421199994, 44.209864914000036], [-72.50478603299996, 44.20975606700006], [-72.50479189899994, 44.209759302000066], [-72.50508087299994, 44.209921991000044], [-72.50518449699996, 44.20998034400003], [-72.50508245299994, 44.21009453700003], [-72.50507971399998, 44.21009749000007], [-72.50507541299999, 44.21009467700003], [-72.50496866099996, 44.21003407300003], [-72.50467499399997, 44.20986744600003], [-72.50467381899995, 44.209866601000044], [-72.50467421199994, 44.209864914000036]]]]}}, {"type": "Feature", "properties": {"OBJECTID": 6526, "SPAN": "036-011-11806", "GLIST_SPAN": "036-011-11806", "MAPID": "0570-0066.0000", "PARCID": "0570-0066-0000", "PROPTYPE": "PARCEL", "YEAR": 2023, "GLYEAR": 2022, "TOWN": "BARRE CITY", "TNAME": "Barre City", "SOURCENAME": null, "SOURCETYPE": "UNKNOWN", "SOURCEDATE": "UNKNOWN", "EDITMETHOD": "UNKNOWN", "EDITOR": "UNKNOWN", "EDITDATE": "UNKNOWN", "MATCHSTAT": "MATCH", "EDITNOTE": "UNKNOWN", "OWNER1": "LANGEVIN MARY L - LIFE ESTATE;", "OWNER2": "LANGEVIN RICHARD W & LANGEVIN RONALD N", "ADDRGL1": "66 FARWELL ST", "ADDRGL2": "", "CITYGL": "BARRE", "STGL": "VT", "ZIPGL": "05641", "DESCPROP": "1 FAM-0.29AC", "LOCAPROP": "FARWELL ST  66", "CAT": "Residential-1", "RESCODE": "T", "ACRESGL": 0.29, "REAL_FLV": 89500, "HSTED_FLV": 89500, "NRES_FLV": 0, "LAND_LV": 17600, "IMPRV_LV": 71900, "EQUIPVAL": 0, "EQUIPCODE": "", "INVENVAL": 0, "HSDECL": "Y", "HSITEVAL": 89500, "VETEXAMT": 0, "EXPDESC": "", "ENDDATE": "", "STATUTE": "", "EXAMT_HS": 0, "EXAMT_NR": 0, "UVREDUC_HS": 0, "UVREDUC_NR": 0, "GLVAL_HS": 895.0, "GLVAL_NR": 0.0, "CRHOUSPCT": 0.0, "MUNGL1PCT": 895.0, "AOEGL_HS": 895.0, "AOEGL_NR": 0.0, "E911ADDR": "66 FARWELL ST", "SHAPE_Length": 0.0015781650994070842, "SHAPE_Area": 1.3730584943298557e-07}, "geometry": {"type": "MultiPolygon", "coordinates": [[[[-72.50343934699998, 44.21081969800008], [-72.50357042299999, 44.21059113600006], [-72.50405643799996, 44.21073452200005], [-72.50395151199996, 44.21098354500003], [-72.50343934699998, 44.21081969800008]]]]}}, {"type": "Feature", "properties": {"OBJECTID": 6601, "SPAN": "036-011-11886", "GLIST_SPAN": "036-011-11886", "MAPID": "0570-VL00.0001", "PARCID": "0570-VL00-0001", "PROPTYPE": "PARCEL", "YEAR": 2023, "GLYEAR": 2022, "TOWN": "BARRE CITY", "TNAME": "Barre City", "SOURCENAME": null, "SOURCETYPE": "UNKNOWN", "SOURCEDATE": "UNKNOWN", "EDITMETHOD": "UNKNOWN", "EDITOR": "UNKNOWN", "EDITDATE": "UNKNOWN", "MATCHSTAT": "MATCH", "EDITNOTE": "UNKNOWN", "OWNER1": "BUZZI MICHAEL C & CHERYL D CO-TRUSTEES", "OWNER2": "OF THE BUZZI FAMILY TRUST", "ADDRGL1": "5 CLOVER LN", "ADDRGL2": "", "CITYGL": "BARRE", "STGL": "VT", "ZIPGL": "05641", "DESCPROP": "VAC LAND-2.00AC", "LOCAPROP": "FARWELL ST", "CAT": "Miscellaneous", "RESCODE": "S", "ACRESGL": 2.0, "REAL_FLV": 18500, "HSTED_FLV": 0, "NRES_FLV": 18500, "LAND_LV": 18500, "IMPRV_LV": 0, "EQUIPVAL": 0, "EQUIPCODE": "", "INVENVAL": 0, "HSDECL": "N", "HSITEVAL": 0, "VETEXAMT": 0, "EXPDESC": "", "ENDDATE": "", "STATUTE": "", "EXAMT_HS": 0, "EXAMT_NR": 0, "UVREDUC_HS": 0, "UVREDUC_NR": 0, "GLVAL_HS": 0.0, "GLVAL_NR": 185.0, "CRHOUSPCT": 0.0, "MUNGL1PCT": 185.0, "AOEGL_HS": 0.0, "AOEGL_NR": 185.0, "E911ADDR": "FARWELL ST", "SHAPE_Length": 0.006598675522176067, "SHAPE_Area": 9.223621611778652e-07}, "geometry": {"type": "MultiPolygon", "coordinates": [[[[-72.50428140899999, 44.20887913400003], [-72.50434696199994, 44.208876994000036], [-72.50431524699997, 44.20921488400006], [-72.50377029199996, 44.210016705000044], [-72.50336149199995, 44.21058506700007], [-72.50345521599996, 44.21059069300003], [-72.50294439999993, 44.21135332000006], [-72.50294416499997, 44.21135367100004], [-72.50253400799994, 44.21122122400004], [-72.50256397199996, 44.21101017900003], [-72.50257563199995, 44.21098112900006], [-72.50258131199996, 44.210966978000044], [-72.50262309899995, 44.210862872000064], [-72.50263155299996, 44.21085198500003], [-72.50270953999996, 44.21075155900007], [-72.50278392099995, 44.21067237500006], [-72.50287768799996, 44.21059432100003], [-72.50309012699995, 44.210431322000034], [-72.50328430899998, 44.210223031000055], [-72.50348646899994, 44.21000618100004], [-72.50350132299997, 44.209981784000036], [-72.50359143399999, 44.209833770000046], [-72.50371423499996, 44.20963206000005], [-72.50380981499995, 44.20951266800006], [-72.50392941799998, 44.20938135000006], [-72.50413114699995, 44.20916466400007], [-72.50413357399998, 44.208978570000056], [-72.50413648499995, 44.20892458700007], [-72.50413868399994, 44.20888380000008], [-72.50428140899999, 44.20887913400003]]]]}}, {"type": "Feature", "properties": {"OBJECTID": 6653, "SPAN": "036-011-11941", "GLIST_SPAN": "036-011-11941", "MAPID": "1075-0038.0000", "PARCID": "1075-0038-0000", "PROPTYPE": "PARCEL", "YEAR": 2023, "GLYEAR": 2022, "TOWN": "BARRE CITY", "TNAME": "Barre City", "SOURCENAME": null, "SOURCETYPE": "UNKNOWN", "SOURCEDATE": "UNKNOWN", "EDITMETHOD": "UNKNOWN", "EDITOR": "UNKNOWN", "EDITDATE": "UNKNOWN", "MATCHSTAT": "MATCH", "EDITNOTE": "UNKNOWN", "OWNER1": "GINSBERG LEO M", "OWNER2": "", "ADDRGL1": "38 NEWTON ST", "ADDRGL2": "", "CITYGL": "BARRE", "STGL": "VT", "ZIPGL": "05641", "DESCPROP": "MOBILE HOME -0.26AC", "LOCAPROP": "NEWTON ST  38", "CAT": "Mobile Home/la", "RESCODE": "T", "ACRESGL": 0.26, "REAL_FLV": 132800, "HSTED_FLV": 132800, "NRES_FLV": 0, "LAND_LV": 25500, "IMPRV_LV": 107300, "EQUIPVAL": 0, "EQUIPCODE": "", "INVENVAL": 0, "HSDECL": "Y", "HSITEVAL": 132800, "VETEXAMT": 0, "EXPDESC": "", "ENDDATE": "", "STATUTE": "", "EXAMT_HS": 0, "EXAMT_NR": 0, "UVREDUC_HS": 0, "UVREDUC_NR": 0, "GLVAL_HS": 1328.0, "GLVAL_NR": 0.0, "CRHOUSPCT": 0.0, "MUNGL1PCT": 1328.0, "AOEGL_HS": 1328.0, "AOEGL_NR": 0.0, "E911ADDR": "38 NEWTON ST", "SHAPE_Length": 0.001338895619991669, "SHAPE_Area": 1.067870096874417e-07}, "geometry": {"type": "MultiPolygon", "coordinates": [[[[-72.50645983299995, 44.20850907700003], [-72.50665488999994, 44.20821941200006], [-72.50694504499995, 44.20828897300004], [-72.50675739999997, 44.20861044900005], [-72.50675466299998, 44.20860988700008], [-72.50645944099995, 44.208512874000064], [-72.50645787699995, 44.208512452000036], [-72.50645983299995, 44.20850907700003]]]]}}, {"type": "Feature", "properties": {"OBJECTID": 6660, "SPAN": "036-011-11948", "GLIST_SPAN": "036-011-11948", "MAPID": "0570-0056.0000", "PARCID": "0570-0056-0000", "PROPTYPE": "PARCEL", "YEAR": 2023, "GLYEAR": 2022, "TOWN": "BARRE CITY", "TNAME": "Barre City", "SOURCENAME": null, "SOURCETYPE": "UNKNOWN", "SOURCEDATE": "UNKNOWN", "EDITMETHOD": "UNKNOWN", "EDITOR": "UNKNOWN", "EDITDATE": "UNKNOWN", "MATCHSTAT": "MATCH", "EDITNOTE": "UNKNOWN", "OWNER1": "LUSSIER JACK D & ALISA B", "OWNER2": "", "ADDRGL1": "56 FARWELL ST", "ADDRGL2": "", "CITYGL": "BARRE", "STGL": "VT", "ZIPGL": "05641", "DESCPROP": "1 FAM-0.15AC", "LOCAPROP": "FARWELL ST  56", "CAT": "Residential-1", "RESCODE": "T", "ACRESGL": 0.15, "REAL_FLV": 60230, "HSTED_FLV": 60230, "NRES_FLV": 0, "LAND_LV": 10570, "IMPRV_LV": 49660, "EQUIPVAL": 0, "EQUIPCODE": "", "INVENVAL": 0, "HSDECL": "Y", "HSITEVAL": 60230, "VETEXAMT": 0, "EXPDESC": "", "ENDDATE": "", "STATUTE": "", "EXAMT_HS": 0, "EXAMT_NR": 0, "UVREDUC_HS": 0, "UVREDUC_NR": 0, "GLVAL_HS": 602.0, "GLVAL_NR": 0.0, "CRHOUSPCT": 0.0, "MUNGL1PCT": 602.3, "AOEGL_HS": 602.0, "AOEGL_NR": 0.0, "E911ADDR": "56 FARWELL ST", "SHAPE_Length": 0.0012507412135788817, "SHAPE_Area": 6.692404313441647e-08}, "geometry": {"type": "MultiPolygon", "coordinates": [[[[-72.50391448499994, 44.21011455000007], [-72.50394380799997, 44.21007151900005], [-72.50394458999995, 44.21007180000004], [-72.50440247199998, 44.21008682900003], [-72.50440169199999, 44.21008879900006], [-72.50433835699994, 44.21021943900007], [-72.50432818999997, 44.21024306500004], [-72.50389845999996, 44.21019780200004], [-72.50386013999997, 44.21019372500007], [-72.50386091999997, 44.21019287900003], [-72.50391448499994, 44.21011455000007]]]]}}, {"type": "Feature", "properties": {"OBJECTID": 6798, "SPAN": "036-011-12094", "GLIST_SPAN": "036-011-12094", "MAPID": "0150-VL00.0004", "PARCID": "0150-VL00-0004", "PROPTYPE": "PARCEL", "YEAR": 2023, "GLYEAR": 2022, "TOWN": "BARRE CITY", "TNAME": "Barre City", "SOURCENAME": null, "SOURCETYPE": "UNKNOWN", "SOURCEDATE": "UNKNOWN", "EDITMETHOD": "UNKNOWN", "EDITOR": "VCGI", "EDITDATE": "20231019", "MATCHSTAT": "MATCH", "EDITNOTE": "Merged with abutting parcel per shared ownership (AxisGIS app)", "OWNER1": "COLLINS GINA L", "OWNER2": "", "ADDRGL1": "PO BOX 1186", "ADDRGL2": "", "CITYGL": "BARRE", "STGL": "VT", "ZIPGL": "05641-1186", "DESCPROP": "VAC LAND-TOTAL LOTS .50ACS  LOT 0.0930", "LOCAPROP": "BEECH ST LOT 92", "CAT": "Miscellaneous", "RESCODE": "T", "ACRESGL": 0.5, "REAL_FLV": 23400, "HSTED_FLV": 0, "NRES_FLV": 23400, "LAND_LV": 23400, "IMPRV_LV": 0, "EQUIPVAL": 0, "EQUIPCODE": "", "INVENVAL": 0, "HSDECL": "N", "HSITEVAL": 23400, "VETEXAMT": 0, "EXPDESC": "", "ENDDATE": "", "STATUTE": "", "EXAMT_HS": 0, "EXAMT_NR": 0, "UVREDUC_HS": 0, "UVREDUC_NR": 0, "GLVAL_HS": 0.0, "GLVAL_NR": 234.0, "CRHOUSPCT": 0.0, "MUNGL1PCT": 234.0, "AOEGL_HS": 0.0, "AOEGL_NR": 234.0, "E911ADDR": "BEECH ST", "SHAPE_Length": 0.0021212677598868046, "SHAPE_Area": 2.2074032332898623e-07}, "geometry": {"type": "MultiPolygon", "coordinates": [[[[-72.50610847099995, 44.209996612000054], [-72.50618157799994, 44.20987117200008], [-72.50647559499998, 44.20994449400007], [-72.50647780099996, 44.20994504500004], [-72.50676225299998, 44.210015981000026], [-72.50669149599997, 44.21016504600004], [-72.50663011999995, 44.210294985000075], [-72.50661291899996, 44.21032311100004], [-72.50656757099995, 44.210421832000065], [-72.50626843299995, 44.21033705200006], [-72.50626608699997, 44.21033649000003], [-72.50634153899995, 44.21020908000003], [-72.50603770999999, 44.21012514500006], [-72.50603458199998, 44.21012416100007], [-72.50610144599995, 44.210008738000056], [-72.50610847099995, 44.209996612000054]]]]}}, {"type": "Feature", "properties": {"OBJECTID": 6799, "SPAN": "036-011-12095", "GLIST_SPAN": "036-011-12095", "MAPID": "0675-VL00.0005", "PARCID": "0675-VL00-0005", "PROPTYPE": "PARCEL", "YEAR": 2023, "GLYEAR": 2022, "TOWN": "BARRE CITY", "TNAME": "Barre City", "SOURCENAME": null, "SOURCETYPE": "UNKNOWN", "SOURCEDATE": "UNKNOWN", "EDITMETHOD": "UNKNOWN", "EDITOR": "UNKNOWN", "EDITDATE": "UNKNOWN", "MATCHSTAT": "MATCH", "EDITNOTE": "UNKNOWN", "OWNER1": "THREE COWS PAINTING INC", "OWNER2": "", "ADDRGL1": "PO BOX 492", "ADDRGL2": "", "CITYGL": "STOWE", "STGL": "VT", "ZIPGL": "05672", "DESCPROP": "VAC LAND-0.10AC", "LOCAPROP": "GOLDSBURY AVE LOT 110", "CAT": "Miscellaneous", "RESCODE": "C", "ACRESGL": 0.1, "REAL_FLV": 2390, "HSTED_FLV": 0, "NRES_FLV": 2390, "LAND_LV": 2390, "IMPRV_LV": 0, "EQUIPVAL": 0, "EQUIPCODE": "", "INVENVAL": 0, "HSDECL": "N", "HSITEVAL": 0, "VETEXAMT": 0, "EXPDESC": "", "ENDDATE": "", "STATUTE": "", "EXAMT_HS": 0, "EXAMT_NR": 0, "UVREDUC_HS": 0, "UVREDUC_NR": 0, "GLVAL_HS": 0.0, "GLVAL_NR": 23.9, "CRHOUSPCT": 0.0, "MUNGL1PCT": 23.9, "AOEGL_HS": 0.0, "AOEGL_NR": 23.9, "E911ADDR": "GOLDSBURY AVE", "SHAPE_Length": 0.0009179732077577976, "SHAPE_Area": 4.44500768540962e-08}, "geometry": {"type": "MultiPolygon", "coordinates": [[[[-72.50620119099995, 44.21046333500004], [-72.50626608699997, 44.21033649000003], [-72.50626843299995, 44.21033705200006], [-72.50656757099995, 44.210421832000065], [-72.50650815099993, 44.210551630000055], [-72.50620119099995, 44.21046333500004]]]]}}, {"type": "Feature", "properties": {"OBJECTID": 7141, "SPAN": "036-011-12610", "GLIST_SPAN": "036-011-12610", "MAPID": "0150-VL00.0003", "PARCID": "0150-VL00-0003", "PROPTYPE": "PARCEL", "YEAR": 2023, "GLYEAR": 2022, "TOWN": "BARRE CITY", "TNAME": "Barre City", "SOURCENAME": null, "SOURCETYPE": "UNKNOWN", "SOURCEDATE": "UNKNOWN", "EDITMETHOD": "UNKNOWN", "EDITOR": "UNKNOWN", "EDITDATE": "UNKNOWN", "MATCHSTAT": "MATCH", "EDITNOTE": "UNKNOWN", "OWNER1": "WILLARD ROY E SHERMAN LOUANN & ROY E", "OWNER2": "", "ADDRGL1": "39 CEDAR CLIFF RD", "ADDRGL2": "", "CITYGL": "BARRE", "STGL": "VT", "ZIPGL": "05641", "DESCPROP": "VAC LAND-0.11AC", "LOCAPROP": "BEECH ST LOT 85", "CAT": "Miscellaneous", "RESCODE": "S", "ACRESGL": 0.11, "REAL_FLV": 5200, "HSTED_FLV": 0, "NRES_FLV": 5200, "LAND_LV": 5200, "IMPRV_LV": 0, "EQUIPVAL": 0, "EQUIPCODE": "", "INVENVAL": 0, "HSDECL": "N", "HSITEVAL": 0, "VETEXAMT": 0, "EXPDESC": "", "ENDDATE": "", "STATUTE": "", "EXAMT_HS": 0, "EXAMT_NR": 0, "UVREDUC_HS": 0, "UVREDUC_NR": 0, "GLVAL_HS": 0.0, "GLVAL_NR": 52.0, "CRHOUSPCT": 0.0, "MUNGL1PCT": 52.0, "AOEGL_HS": 0.0, "AOEGL_NR": 52.0, "E911ADDR": "BEECH ST", "SHAPE_Length": 0.0009755226485456016, "SHAPE_Area": 4.8628820284037445e-08}, "geometry": {"type": "MultiPolygon", "coordinates": [[[[-72.50554041999999, 44.211013207000065], [-72.50561079199997, 44.21088664300004], [-72.50561157399994, 44.210886783000035], [-72.50593769599993, 44.210980422000034], [-72.50587162499994, 44.211110080000026], [-72.50554276599996, 44.211013629000036], [-72.50554041999999, 44.211013207000065]]]]}}, {"type": "Feature", "properties": {"OBJECTID": 7191, "SPAN": "036-011-13128", "GLIST_SPAN": "036-011-13128", "MAPID": "1190-0006.0000", "PARCID": "1190-0006-0000", "PROPTYPE": "PARCEL", "YEAR": 2023, "GLYEAR": 2022, "TOWN": "BARRE CITY", "TNAME": "Barre City", "SOURCENAME": null, "SOURCETYPE": "UNKNOWN", "SOURCEDATE": "UNKNOWN", "EDITMETHOD": "UNKNOWN", "EDITOR": "UNKNOWN", "EDITDATE": "UNKNOWN", "MATCHSTAT": "MATCH", "EDITNOTE": "UNKNOWN", "OWNER1": "WHITE LINDA R", "OWNER2": "", "ADDRGL1": "6 PINE ST", "ADDRGL2": "", "CITYGL": "BARRE", "STGL": "VT", "ZIPGL": "05641", "DESCPROP": "1 FAM-0.22AC & .1038AC & .1067AC & .1142", "LOCAPROP": "PINE ST   6", "CAT": "Residential-1", "RESCODE": "T", "ACRESGL": 0.55, "REAL_FLV": 162000, "HSTED_FLV": 162000, "NRES_FLV": 0, "LAND_LV": 39100, "IMPRV_LV": 122900, "EQUIPVAL": 0, "EQUIPCODE": "", "INVENVAL": 0, "HSDECL": "Y", "HSITEVAL": 162000, "VETEXAMT": 0, "EXPDESC": "", "ENDDATE": "", "STATUTE": "", "EXAMT_HS": 0, "EXAMT_NR": 0, "UVREDUC_HS": 0, "UVREDUC_NR": 0, "GLVAL_HS": 1620.0, "GLVAL_NR": 0.0, "CRHOUSPCT": 0.0, "MUNGL1PCT": 1620.0, "AOEGL_HS": 1620.0, "AOEGL_NR": 0.0, "E911ADDR": "6 PINE ST", "SHAPE_Length": 0.002210714090828008, "SHAPE_Area": 2.457570503016804e-07}, "geometry": {"type": "MultiPolygon", "coordinates": [[[[-72.50582959499997, 44.20947665500006], [-72.50599695299996, 44.20922670400006], [-72.50600203599998, 44.20922881400003], [-72.50630938199998, 44.209332577000055], [-72.50622884699999, 44.20945745500006], [-72.50614594499996, 44.20958454700008], [-72.50606464699996, 44.20970918000006], [-72.50599701399995, 44.209823510000035], [-72.50592546999997, 44.20994416800005], [-72.50555282199997, 44.209835345000045], [-72.50554187299997, 44.209831972000075], [-72.50564656699999, 44.20971346400006], [-72.50574674099994, 44.20960007200006], [-72.50574752299997, 44.20959922800006], [-72.50582959499997, 44.20947665500006]]]]}}, {"type": "Feature", "properties": {"OBJECTID": 7255, "SPAN": "036-011-13160", "GLIST_SPAN": "036-011-13160", "MAPID": "0150-0030.0000", "PARCID": "0150-0030-0000", "PROPTYPE": "PARCEL", "YEAR": 2023, "GLYEAR": 2022, "TOWN": "BARRE CITY", "TNAME": "Barre City", "SOURCENAME": null, "SOURCETYPE": "UNKNOWN", "SOURCEDATE": "UNKNOWN", "EDITMETHOD": "UNKNOWN", "EDITOR": "UNKNOWN", "EDITDATE": "UNKNOWN", "MATCHSTAT": "MATCH", "EDITNOTE": "UNKNOWN", "OWNER1": "WILMOTT ALLAN C - LIFE ESTATE:", "OWNER2": "VELIKO CHRISTINE & WILMOTT JAMES", "ADDRGL1": "30 BEECH ST", "ADDRGL2": "", "CITYGL": "BARRE", "STGL": "VT", "ZIPGL": "05641", "DESCPROP": "1 FAM-0.36AC", "LOCAPROP": "BEECH ST  30", "CAT": "Residential-1", "RESCODE": "T", "ACRESGL": 0.36, "REAL_FLV": 114600, "HSTED_FLV": 114600, "NRES_FLV": 0, "LAND_LV": 28700, "IMPRV_LV": 85900, "EQUIPVAL": 0, "EQUIPCODE": "", "INVENVAL": 0, "HSDECL": "Y", "HSITEVAL": 114600, "VETEXAMT": 0, "EXPDESC": "", "ENDDATE": "", "STATUTE": "", "EXAMT_HS": 0, "EXAMT_NR": 0, "UVREDUC_HS": 0, "UVREDUC_NR": 0, "GLVAL_HS": 1146.0, "GLVAL_NR": 0.0, "CRHOUSPCT": 0.0, "MUNGL1PCT": 1146.0, "AOEGL_HS": 1146.0, "AOEGL_NR": 0.0, "E911ADDR": "30 BEECH ST", "SHAPE_Length": 0.0017016986487649207, "SHAPE_Area": 1.6526271985129543e-07}, "geometry": {"type": "MultiPolygon", "coordinates": [[[[-72.50673750299995, 44.20899983800007], [-72.50673789199993, 44.20899913300008], [-72.50724973899997, 44.20911511600008], [-72.50720166299999, 44.20925968100005], [-72.50705231099994, 44.20937626700004], [-72.50704722899997, 44.209387236000055], [-72.50680166699993, 44.209329033000074], [-72.50656236099996, 44.20927223500007], [-72.50673750299995, 44.20899983800007]]]]}}, {"type": "Feature", "properties": {"OBJECTID": 7283, "SPAN": "036-011-12229", "GLIST_SPAN": "036-011-12229", "MAPID": "0540-0068.0000", "PARCID": "0540-0068-0000", "PROPTYPE": "PARCEL", "YEAR": 2023, "GLYEAR": 2022, "TOWN": "BARRE CITY", "TNAME": "Barre City", "SOURCENAME": null, "SOURCETYPE": "UNKNOWN", "SOURCEDATE": "UNKNOWN", "EDITMETHOD": "UNKNOWN", "EDITOR": "UNKNOWN", "EDITDATE": "UNKNOWN", "MATCHSTAT": "MATCH", "EDITNOTE": "UNKNOWN", "OWNER1": "MURPHY MARK W & DONNA M", "OWNER2": "", "ADDRGL1": "68 ELMWOOD AVE", "ADDRGL2": "", "CITYGL": "BARRE", "STGL": "VT", "ZIPGL": "05641", "DESCPROP": "1 FAM-0.42AC", "LOCAPROP": "ELMWOOD AVE  68", "CAT": "Residential-1", "RESCODE": "T", "ACRESGL": 0.42, "REAL_FLV": 189600, "HSTED_FLV": 189600, "NRES_FLV": 0, "LAND_LV": 29200, "IMPRV_LV": 160400, "EQUIPVAL": 0, "EQUIPCODE": "", "INVENVAL": 0, "HSDECL": "Y", "HSITEVAL": 189600, "VETEXAMT": 0, "EXPDESC": "", "ENDDATE": "", "STATUTE": "", "EXAMT_HS": 0, "EXAMT_NR": 0, "UVREDUC_HS": 0, "UVREDUC_NR": 0, "GLVAL_HS": 1896.0, "GLVAL_NR": 0.0, "CRHOUSPCT": 0.0, "MUNGL1PCT": 1896.0, "AOEGL_HS": 1896.0, "AOEGL_NR": 0.0, "E911ADDR": "68 ELMWOOD AVE", "SHAPE_Length": 0.0017800040864683654, "SHAPE_Area": 1.91346222077345e-07}, "geometry": {"type": "MultiPolygon", "coordinates": [[[[-72.50556992599996, 44.20876984000006], [-72.50581231499996, 44.20839928500004], [-72.50623735199997, 44.20853876100006], [-72.50607471899997, 44.208784440000045], [-72.50599105599997, 44.208910443000036], [-72.50598597299995, 44.20890875500004], [-72.50557422599996, 44.208771668000054], [-72.50556992599996, 44.20876984000006]]]]}}, {"type": "Feature", "properties": {"OBJECTID": 7297, "SPAN": "036-011-12651", "GLIST_SPAN": "036-011-12651", "MAPID": "0540-0120.0000", "PARCID": "0540-0120-0000", "PROPTYPE": "PARCEL", "YEAR": 2023, "GLYEAR": 2022, "TOWN": "BARRE CITY", "TNAME": "Barre City", "SOURCENAME": null, "SOURCETYPE": "UNKNOWN", "SOURCEDATE": "UNKNOWN", "EDITMETHOD": "UNKNOWN", "EDITOR": "UNKNOWN", "EDITDATE": "UNKNOWN", "MATCHSTAT": "MATCH", "EDITNOTE": "UNKNOWN", "OWNER1": "ROY ALICE-5/9 INT", "OWNER2": "ROY ALFRED & EILEEN-2/9 INT EACH", "ADDRGL1": "120 ELMWOOD AVE EXT", "ADDRGL2": "", "CITYGL": "BARRE", "STGL": "VT", "ZIPGL": "05641", "DESCPROP": "1 FAM-0.31AC", "LOCAPROP": "ELMWOOD AVE EXT 120", "CAT": "Residential-1", "RESCODE": "T", "ACRESGL": 0.31, "REAL_FLV": 111960, "HSTED_FLV": 0, "NRES_FLV": 111960, "LAND_LV": 26550, "IMPRV_LV": 85410, "EQUIPVAL": 0, "EQUIPCODE": "", "INVENVAL": 0, "HSDECL": "N", "HSITEVAL": 111960, "VETEXAMT": 0, "EXPDESC": "", "ENDDATE": "", "STATUTE": "", "EXAMT_HS": 0, "EXAMT_NR": 0, "UVREDUC_HS": 0, "UVREDUC_NR": 0, "GLVAL_HS": 0.0, "GLVAL_NR": 1119.6, "CRHOUSPCT": 0.0, "MUNGL1PCT": 1119.6, "AOEGL_HS": 0.0, "AOEGL_NR": 1119.6, "E911ADDR": "120 ELMWOOD AVE EXT", "SHAPE_Length": 0.0014892041020783957, "SHAPE_Area": 1.291851457852164e-07}, "geometry": {"type": "MultiPolygon", "coordinates": [[[[-72.50461127399996, 44.21005616600007], [-72.50467381899995, 44.209866601000044], [-72.50467499399997, 44.20986744600003], [-72.50496866099996, 44.21003407300003], [-72.50507541299999, 44.21009467700003], [-72.50507971399998, 44.21009749000007], [-72.50499878199997, 44.21018932000004], [-72.50493857299995, 44.210257805000026], [-72.50490671299997, 44.21030112300008], [-72.50453738399995, 44.21021619900006], [-72.50461127399996, 44.21005616600007]]]]}}, {"type": "Feature", "properties": {"OBJECTID": 7299, "SPAN": "036-011-13182", "GLIST_SPAN": "036-011-13182", "MAPID": "0675-VL00.0007", "PARCID": "0675-VL00-0007", "PROPTYPE": "PARCEL", "YEAR": 2023, "GLYEAR": 2022, "TOWN": "BARRE CITY", "TNAME": "Barre City", "SOURCENAME": null, "SOURCETYPE": "UNKNOWN", "SOURCEDATE": "UNKNOWN", "EDITMETHOD": "UNKNOWN", "EDITOR": "UNKNOWN", "EDITDATE": "UNKNOWN", "MATCHSTAT": "MATCH", "EDITNOTE": "UNKNOWN", "OWNER1": "FECTEAU RESIDENTIAL INC", "OWNER2": "", "ADDRGL1": "PO BOX 703", "ADDRGL2": "", "CITYGL": "BARRE", "STGL": "VT", "ZIPGL": "05641-0703", "DESCPROP": "VAC LAND-0.1089AC", "LOCAPROP": "GOLDSBURY AVE LOT 113", "CAT": "Miscellaneous", "RESCODE": "C", "ACRESGL": 0.1, "REAL_FLV": 2400, "HSTED_FLV": 0, "NRES_FLV": 2400, "LAND_LV": 2400, "IMPRV_LV": 0, "EQUIPVAL": 0, "EQUIPCODE": "", "INVENVAL": 0, "HSDECL": "N", "HSITEVAL": 0, "VETEXAMT": 0, "EXPDESC": "", "ENDDATE": "", "STATUTE": "", "EXAMT_HS": 0, "EXAMT_NR": 0, "UVREDUC_HS": 0, "UVREDUC_NR": 0, "GLVAL_HS": 0.0, "GLVAL_NR": 24.0, "CRHOUSPCT": 0.0, "MUNGL1PCT": 24.0, "AOEGL_HS": 0.0, "AOEGL_NR": 24.0, "E911ADDR": "GOLDSBURY AVE", "SHAPE_Length": 0.0009595058823841382, "SHAPE_Area": 4.770208015864211e-08}, "geometry": {"type": "MultiPolygon", "coordinates": [[[[-72.50600337499998, 44.21085104500003], [-72.50606944299994, 44.210720964000075], [-72.50638539899995, 44.21081193100008], [-72.50638852699996, 44.21081249300005], [-72.50632871499994, 44.21094299500004], [-72.50600337499998, 44.21085104500003]]]]}}, {"type": "Feature", "properties": {"OBJECTID": 7305, "SPAN": "036-011-12236", "GLIST_SPAN": "036-011-12236", "MAPID": "0980-VL00.0001", "PARCID": "0980-VL00-0001", "PROPTYPE": "PARCEL", "YEAR": 2023, "GLYEAR": 2022, "TOWN": "BARRE CITY", "TNAME": "Barre City", "SOURCENAME": null, "SOURCETYPE": "UNKNOWN", "SOURCEDATE": "UNKNOWN", "EDITMETHOD": "UNKNOWN", "EDITOR": "UNKNOWN", "EDITDATE": "UNKNOWN", "MATCHSTAT": "MATCH", "EDITNOTE": "UNKNOWN", "OWNER1": "MURRAY CARMEN C & CARMEN L", "OWNER2": "", "ADDRGL1": "75 COLBY ST", "ADDRGL2": "", "CITYGL": "BARRE", "STGL": "VT", "ZIPGL": "05641", "DESCPROP": "VAC LAND-0.1071AC", "LOCAPROP": "LYON AVE LOT  96", "CAT": "Miscellaneous", "RESCODE": "T", "ACRESGL": 0.1, "REAL_FLV": 4000, "HSTED_FLV": 0, "NRES_FLV": 4000, "LAND_LV": 4000, "IMPRV_LV": 0, "EQUIPVAL": 0, "EQUIPCODE": "", "INVENVAL": 0, "HSDECL": "N", "HSITEVAL": 4000, "VETEXAMT": 0, "EXPDESC": "", "ENDDATE": "", "STATUTE": "", "EXAMT_HS": 0, "EXAMT_NR": 0, "UVREDUC_HS": 0, "UVREDUC_NR": 0, "GLVAL_HS": 0.0, "GLVAL_NR": 40.0, "CRHOUSPCT": 0.0, "MUNGL1PCT": 40.0, "AOEGL_HS": 0.0, "AOEGL_NR": 40.0, "E911ADDR": "LYON AVE", "SHAPE_Length": 0.000975968909350126, "SHAPE_Area": 4.7934264670523704e-08}, "geometry": {"type": "MultiPolygon", "coordinates": [[[[-72.50697193199994, 44.21081752100008], [-72.50703565399994, 44.21068969100003], [-72.50737350599996, 44.21076377900005], [-72.50730548399997, 44.210892312000055], [-72.50697193199994, 44.21081752100008]]]]}}, {"type": "Feature", "properties": {"OBJECTID": 7309, "SPAN": "036-011-12237", "GLIST_SPAN": "036-011-12237", "MAPID": "0395-0080.0000", "PARCID": "0395-0080-0000", "PROPTYPE": "PARCEL", "YEAR": 2023, "GLYEAR": 2022, "TOWN": "BARRE CITY", "TNAME": "Barre City", "SOURCENAME": null, "SOURCETYPE": "UNKNOWN", "SOURCEDATE": "UNKNOWN", "EDITMETHOD": "UNKNOWN", "EDITOR": "UNKNOWN", "EDITDATE": "UNKNOWN", "MATCHSTAT": "MATCH", "EDITNOTE": "UNKNOWN", "OWNER1": "LORY ANDREW C & CATHERINE M LIFE ESTATE:", "OWNER2": "LORY ADAM A & LORY MORGAN", "ADDRGL1": "80 COLBY ST", "ADDRGL2": "", "CITYGL": "BARRE", "STGL": "VT", "ZIPGL": "05641", "DESCPROP": "1 FAM-0.79AC&.10&.09&.11&.14&.11&.10&.10", "LOCAPROP": "COLBY ST  80", "CAT": "Residential-1", "RESCODE": "T", "ACRESGL": 1.68, "REAL_FLV": 274100, "HSTED_FLV": 274100, "NRES_FLV": 0, "LAND_LV": 63200, "IMPRV_LV": 210900, "EQUIPVAL": 0, "EQUIPCODE": "", "INVENVAL": 0, "HSDECL": "Y", "HSITEVAL": 274100, "VETEXAMT": 0, "EXPDESC": "", "ENDDATE": "", "STATUTE": "", "EXAMT_HS": 0, "EXAMT_NR": 0, "UVREDUC_HS": 0, "UVREDUC_NR": 0, "GLVAL_HS": 2741.0, "GLVAL_NR": 0.0, "CRHOUSPCT": 0.0, "MUNGL1PCT": 2741.0, "AOEGL_HS": 2741.0, "AOEGL_NR": 0.0, "E911ADDR": "80 COLBY ST", "SHAPE_Length": 0.006161010517367715, "SHAPE_Area": 7.393370485458947e-07}, "geometry": {"type": "MultiPolygon", "coordinates": [[[[-72.50776886799997, 44.210281817000066], [-72.50777267399997, 44.210274663000064], [-72.50797561999997, 44.21032372700006], [-72.50817504599996, 44.210371947000056], [-72.50837642699997, 44.210420588000034], [-72.50826736899995, 44.21067638900007], [-72.50815713699996, 44.21093458200005], [-72.50809967399994, 44.211069304000034], [-72.50804338499995, 44.21120107200005], [-72.50798709499998, 44.21133255900003], [-72.50793275999996, 44.21146038900008], [-72.50787568799996, 44.21159300100004], [-72.50781969399998, 44.21172389900005], [-72.50746803299995, 44.211645383000075], [-72.50746817199996, 44.21164509000005], [-72.50752922799995, 44.211516525000036], [-72.50759099399994, 44.21138658500007], [-72.50765197699997, 44.21125819200006], [-72.50771409699996, 44.21112719700005], [-72.50771455599994, 44.21112615000004], [-72.50777589699999, 44.21099718700003], [-72.50783883499997, 44.21086471500007], [-72.50790020699998, 44.21073505600003], [-72.50795958899994, 44.21060969400003], [-72.50763546099995, 44.21053538900003], [-72.50763414799997, 44.21053508700004], [-72.50763428699997, 44.21053482600007], [-72.50776886799997, 44.210281817000066]]], [[[-72.50838819799998, 44.210705209000025], [-72.50849686499998, 44.21045039200004], [-72.50854881199996, 44.21046364400007], [-72.50860330499995, 44.21075023100008], [-72.50863138199998, 44.21089789900003], [-72.50863147999996, 44.21089840800005], [-72.50865994899993, 44.211046957000065], [-72.50866008299994, 44.21104765800004], [-72.50868851499996, 44.21119601600003], [-72.50868952599996, 44.21120130300005], [-72.50822754299998, 44.21109699700003], [-72.50822089499997, 44.21109601300003], [-72.50827793799994, 44.21096276600008], [-72.50833482799999, 44.21082987800003], [-72.50838819799998, 44.210705209000025]]]]}}, {"type": "Feature", "properties": {"OBJECTID": 7324, "SPAN": "036-011-12243", "GLIST_SPAN": "036-011-12243", "MAPID": "0395-0075.0000", "PARCID": "0395-0075-0000", "PROPTYPE": "PARCEL", "YEAR": 2023, "GLYEAR": 2022, "TOWN": "BARRE CITY", "TNAME": "Barre City", "SOURCENAME": null, "SOURCETYPE": "UNKNOWN", "SOURCEDATE": "UNKNOWN", "EDITMETHOD": "UNKNOWN", "EDITOR": "UNKNOWN", "EDITDATE": "UNKNOWN", "MATCHSTAT": "MATCH", "EDITNOTE": "UNKNOWN", "OWNER1": "MURRAY CARMEN C - LIFE ESTATE:", "OWNER2": "NEVEAU CARMEN M & KEENE CHRISTIE M", "ADDRGL1": "75 COLBY ST", "ADDRGL2": "", "CITYGL": "BARRE", "STGL": "VT", "ZIPGL": "05641", "DESCPROP": "1 FAM-1.79AC & 0.7178 AC", "LOCAPROP": "COLBY ST  75", "CAT": "Residential-1", "RESCODE": "T", "ACRESGL": 2.56, "REAL_FLV": 256200, "HSTED_FLV": 256200, "NRES_FLV": 0, "LAND_LV": 71700, "IMPRV_LV": 184500, "EQUIPVAL": 0, "EQUIPCODE": "", "INVENVAL": 0, "HSDECL": "Y", "HSITEVAL": 234100, "VETEXAMT": 0, "EXPDESC": "", "ENDDATE": "", "STATUTE": "", "EXAMT_HS": 0, "EXAMT_NR": 0, "UVREDUC_HS": 0, "UVREDUC_NR": 0, "GLVAL_HS": 2562.0, "GLVAL_NR": 0.0, "CRHOUSPCT": 0.0, "MUNGL1PCT": 2562.0, "AOEGL_HS": 2562.0, "AOEGL_NR": 0.0, "E911ADDR": "75 COLBY ST", "SHAPE_Length": 0.00634339015192539, "SHAPE_Area": 1.1536045291773095e-06}, "geometry": {"type": "MultiPolygon", "coordinates": [[[[-72.50721652399994, 44.209275571000035], [-72.50720518299994, 44.20925714900005], [-72.50720166299999, 44.20925968100005], [-72.50724973899997, 44.20911511600008], [-72.50725052399997, 44.20911343000006], [-72.50731267399993, 44.20896366200003], [-72.50731384699998, 44.208961129000045], [-72.50732207999994, 44.208949], [-72.50763722299996, 44.20905054600007], [-72.50775609499993, 44.20908878700004], [-72.50809785399997, 44.209199012000056], [-72.50810332799995, 44.20919971500007], [-72.50819443599994, 44.20921095800003], [-72.50803182599998, 44.20958334100004], [-72.50803143399997, 44.20958404400005], [-72.50795324999996, 44.20972326700007], [-72.50773042399999, 44.21012124600003], [-72.50769835899996, 44.210114358000055], [-72.50700389199994, 44.20994157600006], [-72.50699959099995, 44.20994045200007], [-72.50713601699994, 44.20961925900008], [-72.50724429799999, 44.209377380000035], [-72.50726697499994, 44.209357269000066], [-72.50721652399994, 44.209275571000035]]], [[[-72.50784304099994, 44.21015020700003], [-72.50801817499996, 44.209844761000056], [-72.50803968199995, 44.20984982200008], [-72.50821955499998, 44.20989185600007], [-72.50840216499995, 44.20993445000005], [-72.50852299399997, 44.209962708000035], [-72.50890424699998, 44.21005211500005], [-72.50887844899995, 44.21010892900006], [-72.50876470199995, 44.21036852800006], [-72.50857739699995, 44.21032424600003], [-72.50837366999997, 44.21027841800003], [-72.50825596899995, 44.210250020000046], [-72.50789426599994, 44.21016271900004], [-72.50784304099994, 44.21015020700003]]]]}}, {"type": "Feature", "properties": {"OBJECTID": 7376, "SPAN": "036-011-13213", "GLIST_SPAN": "036-011-13213", "MAPID": "0540-0110.0000", "PARCID": "0540-0110-0000", "PROPTYPE": "PARCEL", "YEAR": 2023, "GLYEAR": 2022, "TOWN": "BARRE CITY", "TNAME": "Barre City", "SOURCENAME": null, "SOURCETYPE": "UNKNOWN", "SOURCEDATE": "UNKNOWN", "EDITMETHOD": "UNKNOWN", "EDITOR": "UNKNOWN", "EDITDATE": "UNKNOWN", "MATCHSTAT": "MATCH", "EDITNOTE": "UNKNOWN", "OWNER1": "ZAMPIERI BRENDA - LIFE ESTATE: ZAMPIERI", "OWNER2": "DANIEL M & ZAMPIERI DAVID R", "ADDRGL1": "110 ELMWOOD AVE", "ADDRGL2": "", "CITYGL": "BARRE", "STGL": "VT", "ZIPGL": "05641-2808", "DESCPROP": "1 FAM-0.36AC", "LOCAPROP": "ELMWOOD AVE 110", "CAT": "Residential-1", "RESCODE": "T", "ACRESGL": 0.36, "REAL_FLV": 71870, "HSTED_FLV": 71870, "NRES_FLV": 0, "LAND_LV": 27600, "IMPRV_LV": 44270, "EQUIPVAL": 0, "EQUIPCODE": "", "INVENVAL": 0, "HSDECL": "Y", "HSITEVAL": 71870, "VETEXAMT": 0, "EXPDESC": "", "ENDDATE": "", "STATUTE": "", "EXAMT_HS": 0, "EXAMT_NR": 0, "UVREDUC_HS": 0, "UVREDUC_NR": 0, "GLVAL_HS": 719.0, "GLVAL_NR": 0.0, "CRHOUSPCT": 0.0, "MUNGL1PCT": 718.7, "AOEGL_HS": 719.0, "AOEGL_NR": 0.0, "E911ADDR": "110 ELMWOOD AVE", "SHAPE_Length": 0.0016472648935315192, "SHAPE_Area": 1.6031922094838541e-07}, "geometry": {"type": "MultiPolygon", "coordinates": [[[[-72.50492404999994, 44.20960911100008], [-72.50501788299994, 44.20948901400004], [-72.50502061999998, 44.209491967000076], [-72.50542690299994, 44.20970344600005], [-72.50543081199999, 44.209705976000066], [-72.50531899499998, 44.20983043500007], [-72.50528654199996, 44.20986742100007], [-72.50518449699996, 44.20998034400003], [-72.50508087299994, 44.209921991000044], [-72.50479189899994, 44.209759302000066], [-72.50478603299996, 44.20975606700006], [-72.50489159899996, 44.20965355000004], [-72.50492131199996, 44.209612486000026], [-72.50492404999994, 44.20960911100008]]]]}}, {"type": "Feature", "properties": {"OBJECTID": 7771, "SPAN": "036-011-12811", "GLIST_SPAN": "036-011-12811", "MAPID": "0675-VL01.0000", "PARCID": "0675-VL01-0000", "PROPTYPE": "PARCEL", "YEAR": 2023, "GLYEAR": 2022, "TOWN": "BARRE CITY", "TNAME": "Barre City", "SOURCENAME": null, "SOURCETYPE": "UNKNOWN", "SOURCEDATE": "UNKNOWN", "EDITMETHOD": "UNKNOWN", "EDITOR": "UNKNOWN", "EDITDATE": "UNKNOWN", "MATCHSTAT": "MATCH", "EDITNOTE": "UNKNOWN", "OWNER1": "SMITH HENRY & WILL", "OWNER2": "", "ADDRGL1": "UNKNOWN", "ADDRGL2": "", "CITYGL": "BARRE", "STGL": "VT", "ZIPGL": "05641", "DESCPROP": "VAC LAND-4.11AC", "LOCAPROP": "ELMWOOD AVE    (OFF GOLDSBURY)", "CAT": "Miscellaneous", "RESCODE": "T", "ACRESGL": 4.11, "REAL_FLV": 4110, "HSTED_FLV": 0, "NRES_FLV": 4110, "LAND_LV": 4110, "IMPRV_LV": 0, "EQUIPVAL": 0, "EQUIPCODE": "", "INVENVAL": 0, "HSDECL": "N", "HSITEVAL": 0, "VETEXAMT": 0, "EXPDESC": "", "ENDDATE": "", "STATUTE": "", "EXAMT_HS": 0, "EXAMT_NR": 0, "UVREDUC_HS": 0, "UVREDUC_NR": 0, "GLVAL_HS": 0.0, "GLVAL_NR": 41.1, "CRHOUSPCT": 0.0, "MUNGL1PCT": 41.1, "AOEGL_HS": 0.0, "AOEGL_NR": 41.1, "E911ADDR": "ELMWOOD AVE", "SHAPE_Length": 0.025607592551406037, "SHAPE_Area": 1.9576373838718835e-06}, "geometry": {"type": "MultiPolygon", "coordinates": [[[[-72.50362466699994, 44.21150513500004], [-72.50311065799997, 44.21138965100005], [-72.50314791699998, 44.21132467900003], [-72.50374751799995, 44.21146766800007], [-72.50395151199996, 44.21098354500003], [-72.50405643799996, 44.21073452200005], [-72.50432818999997, 44.21024306500004], [-72.50433835699994, 44.21021943900007], [-72.50440169199999, 44.21008879900006], [-72.50440247199998, 44.21008682900003], [-72.50449043499998, 44.20989037500004], [-72.50402082999994, 44.20994143900003], [-72.50401809199997, 44.209941581000066], [-72.50410097499997, 44.20979392400005], [-72.50437546799998, 44.209762270000056], [-72.50442199899999, 44.20975214500004], [-72.50446266399996, 44.20974412800007], [-72.50451466699997, 44.20973020400004], [-72.50456627999995, 44.209714312000074], [-72.50459873499995, 44.20970207600004], [-72.50461202599996, 44.20969701200005], [-72.50464526299999, 44.20968055900005], [-72.50468201799998, 44.20966171400005], [-72.50473714399999, 44.20962515000008], [-72.50476685999996, 44.20960110000004], [-72.50488924799998, 44.20965228400007], [-72.50489159899996, 44.20965355000004], [-72.50478603299996, 44.20975606700006], [-72.50467421199994, 44.209864914000036], [-72.50467381899995, 44.209866601000044], [-72.50461127399996, 44.21005616600007], [-72.50453738399995, 44.21021619900006], [-72.50490671299997, 44.21030112300008], [-72.50493857299995, 44.210257805000026], [-72.50499878199997, 44.21018932000004], [-72.50507971399998, 44.21009749000007], [-72.50508245299994, 44.21009453700003], [-72.50518449699996, 44.20998034400003], [-72.50528654199996, 44.20986742100007], [-72.50531899499998, 44.20983043500007], [-72.50543081199999, 44.209705976000066], [-72.50554732299997, 44.209576319000064], [-72.50559541199993, 44.20952301800003], [-72.50574752299997, 44.20959922800006], [-72.50574674099994, 44.20960007200006], [-72.50564656699999, 44.20971346400006], [-72.50554187299997, 44.209831972000075], [-72.50544081899994, 44.209946596000066], [-72.50533817299998, 44.21006302400008], [-72.50533778199997, 44.21006372700003], [-72.50522302399997, 44.210184672000025], [-72.50520914799995, 44.21019929500005], [-72.50511975499995, 44.210303571000054], [-72.50504181299993, 44.21039448600004], [-72.50503126099994, 44.21042542400005], [-72.50503086399993, 44.21042626800005], [-72.50496124399996, 44.210553753000056], [-72.50489285699996, 44.210678976000054], [-72.50482521999999, 44.21080329000006], [-72.50475440099996, 44.21093283600004], [-72.50468368999998, 44.21106218300008], [-72.50461287599995, 44.21119308800007], [-72.50454245299994, 44.21132327500004], [-72.50447262799997, 44.21145235500006], [-72.50440605199998, 44.21157542600008], [-72.50440571199994, 44.21157532800004], [-72.50423476499998, 44.21155996500005], [-72.50362466699994, 44.21150513500004]], [[-72.50429960599996, 44.21143542900006], [-72.50430011899994, 44.211434444000076], [-72.50437029499994, 44.21129965800003], [-72.50443710299999, 44.21117134100007], [-72.50451223699997, 44.21102703100007], [-72.50458293299994, 44.210896940000055], [-72.50465502199995, 44.21076428300006], [-72.50472323999998, 44.210638748000065], [-72.50479899799996, 44.21049933900008], [-72.50487212399997, 44.21036477300004], [-72.50451045299997, 44.21027225800003], [-72.50444092699996, 44.210416975000044], [-72.50437487199997, 44.210554469000044], [-72.50431111699999, 44.21068717500003], [-72.50424724399994, 44.21082012900007], [-72.50411331299995, 44.21109890000008], [-72.50405116499996, 44.21122825900005], [-72.50398725499997, 44.211361285000066], [-72.50398611599996, 44.21136365500007], [-72.50392315799996, 44.21149440200003], [-72.50423476499998, 44.21155996500005], [-72.50429960599996, 44.21143542900006]]], [[[-72.50647559499998, 44.20994449400007], [-72.50618157799994, 44.20987117200008], [-72.50610847099995, 44.209996612000054], [-72.50610144599995, 44.210008738000056], [-72.50603458199998, 44.21012416100007], [-72.50596534499994, 44.21024842200006], [-72.50596069299996, 44.210256773000026], [-72.50589501299999, 44.21037504000003], [-72.50582268799997, 44.210504839000066], [-72.50575309899995, 44.210630139000045], [-72.50568116399995, 44.21076007800008], [-72.50561079199997, 44.21088664300004], [-72.50554041999999, 44.211013207000065], [-72.50553924599996, 44.21101531700003], [-72.50546770099999, 44.211144131000026], [-72.50539693699994, 44.21127097700003], [-72.50532578199994, 44.21139852600004], [-72.50525618999995, 44.21152382400004], [-72.50518542599997, 44.211651232000065], [-72.50511466099994, 44.211778078000066], [-72.50511309699993, 44.21177962400003], [-72.50511192399995, 44.21177920200006], [-72.50493791199995, 44.21172816400008], [-72.50500633099995, 44.211603568000044], [-72.50507787699996, 44.211473771000044], [-72.50514746799996, 44.21134777000003], [-72.50521768699997, 44.21122044700007], [-72.50529016999997, 44.21108901500003], [-72.50536015099993, 44.21096216800004], [-72.50543143199997, 44.21083282500007], [-72.50550011499996, 44.21070819600004], [-72.50550050399994, 44.210707213000035], [-72.50557322399999, 44.21058177300006], [-72.50557556899997, 44.21057882200006], [-72.50564428699994, 44.210454113000026], [-72.50564476899996, 44.21045323900006], [-72.50571631299994, 44.210324144000026], [-72.50578707499994, 44.21019617300004], [-72.50578902999996, 44.21019293900008], [-72.50585001699994, 44.21007706200004], [-72.50585510999997, 44.21006810200004], [-72.50592507899995, 44.20994501200005], [-72.50592546999997, 44.20994416800005], [-72.50599701399995, 44.209823510000035], [-72.50606464699996, 44.20970918000006], [-72.50606816699997, 44.20971058500004], [-72.50606894899994, 44.20971086700007], [-72.50622614499997, 44.20978201400004], [-72.50652527899996, 44.209856106000075], [-72.50680447199994, 44.20992541700008], [-72.50686270899996, 44.20979598200006], [-72.50692291999997, 44.20966216200003], [-72.50698546599995, 44.20952350400006], [-72.50704605599998, 44.20938948600008], [-72.50704722899997, 44.209387236000055], [-72.50705231099994, 44.20937626700004], [-72.50720166299999, 44.20925968100005], [-72.50720518299994, 44.20925714900005], [-72.50721652399994, 44.209275571000035], [-72.50726697499994, 44.209357269000066], [-72.50724429799999, 44.209377380000035], [-72.50713601699994, 44.20961925900008], [-72.50699959099995, 44.20994045200007], [-72.50693586999995, 44.21006968900008], [-72.50686589399999, 44.21021003700008], [-72.50680295699993, 44.21034827200003], [-72.50674313499997, 44.21047948000006], [-72.50668271999996, 44.210611990000075], [-72.50662348999998, 44.21074190100006], [-72.50656491599995, 44.210870371000055], [-72.50650652599995, 44.21099843800005], [-72.50644529099998, 44.21113274500004], [-72.50638668199997, 44.21126129000004], [-72.50634009899994, 44.21136345900004], [-72.50618552899994, 44.211702751000075], [-72.50603008599995, 44.212043951000055], [-72.50602930399998, 44.21204535800007], [-72.50602617599998, 44.21204451400007], [-72.50584746899995, 44.21199375900005], [-72.50584793199994, 44.21199273900004], [-72.50590689299997, 44.211863820000076], [-72.50596670799996, 44.21173331800003], [-72.50602691299997, 44.21160225400007], [-72.50608789899997, 44.21146922100007], [-72.50614575799995, 44.21134279800003], [-72.50620674399994, 44.211209061000034], [-72.50620698299997, 44.211208541000076], [-72.50626772999993, 44.21107616900008], [-72.50626805999997, 44.21107544900008], [-72.50632871499994, 44.21094299500004], [-72.50638852699996, 44.21081249300005], [-72.50644716599999, 44.21068466300005], [-72.50650815099993, 44.210551630000055], [-72.50656757099995, 44.210421832000065], [-72.50661291899996, 44.21032311100004], [-72.50663011999995, 44.210294985000075], [-72.50669149599997, 44.21016504600004], [-72.50676225299998, 44.210015981000026], [-72.50647780099996, 44.20994504500004], [-72.50647559499998, 44.20994449400007]]]]}}, {"type": "Feature", "properties": {"OBJECTID": 7858, "SPAN": "036-011-12445", "GLIST_SPAN": "036-011-12445", "MAPID": "1075-0015.0000", "PARCID": "1075-0015-0000", "PROPTYPE": "PARCEL", "YEAR": 2023, "GLYEAR": 2022, "TOWN": "BARRE CITY", "TNAME": "Barre City", "SOURCENAME": null, "SOURCETYPE": "UNKNOWN", "SOURCEDATE": "UNKNOWN", "EDITMETHOD": "UNKNOWN", "EDITOR": "UNKNOWN", "EDITDATE": "UNKNOWN", "MATCHSTAT": "MATCH", "EDITNOTE": "UNKNOWN", "OWNER1": "PINARDI RAYMOND J & BARBARA I", "OWNER2": "", "ADDRGL1": "15 NEWTON ST", "ADDRGL2": "", "CITYGL": "BARRE", "STGL": "VT", "ZIPGL": "05641", "DESCPROP": "1 FAM-0.21AC & 0.18AC & 0.13AC", "LOCAPROP": "NEWTON ST  15", "CAT": "Residential-1", "RESCODE": "T", "ACRESGL": 0.52, "REAL_FLV": 112300, "HSTED_FLV": 112300, "NRES_FLV": 0, "LAND_LV": 41700, "IMPRV_LV": 70600, "EQUIPVAL": 0, "EQUIPCODE": "", "INVENVAL": 0, "HSDECL": "Y", "HSITEVAL": 112300, "VETEXAMT": 0, "EXPDESC": "", "ENDDATE": "", "STATUTE": "", "EXAMT_HS": 0, "EXAMT_NR": 0, "UVREDUC_HS": 0, "UVREDUC_NR": 0, "GLVAL_HS": 1123.0, "GLVAL_NR": 0.0, "CRHOUSPCT": 0.0, "MUNGL1PCT": 1123.0, "AOEGL_HS": 1123.0, "AOEGL_NR": 0.0, "E911ADDR": "15 NEWTON ST", "SHAPE_Length": 0.002134005331513615, "SHAPE_Area": 2.4998700570092455e-07}, "geometry": {"type": "MultiPolygon", "coordinates": [[[[-72.50496302699997, 44.20830693200003], [-72.50498924799996, 44.20819597700006], [-72.50499274899994, 44.20819682600006], [-72.50499470299997, 44.20819724800003], [-72.50537398599994, 44.20828737100004], [-72.50537750599995, 44.20828821400005], [-72.50568992599995, 44.208362167000075], [-72.50553252099996, 44.20860692100007], [-72.50553002799995, 44.20861079700006], [-72.50545340099995, 44.208727940000074], [-72.50544732399999, 44.208737244000076], [-72.50499622799998, 44.20860298000008], [-72.50499504999993, 44.20860263000003], [-72.50500019699996, 44.208587591000025], [-72.50503296799997, 44.20849181700004], [-72.50492817699995, 44.20845652500003], [-72.50493162299995, 44.208441708000066], [-72.50495944499994, 44.208322088000045], [-72.50496302699997, 44.20830693200003]]]]}}, {"type": "Feature", "properties": {"OBJECTID": 7873, "SPAN": "036-011-12864", "GLIST_SPAN": "036-011-12864", "MAPID": "0570-0054.0000", "PARCID": "0570-0054-0000", "PROPTYPE": "PARCEL", "YEAR": 2023, "GLYEAR": 2022, "TOWN": "BARRE CITY", "TNAME": "Barre City", "SOURCENAME": null, "SOURCETYPE": "UNKNOWN", "SOURCEDATE": "UNKNOWN", "EDITMETHOD": "UNKNOWN", "EDITOR": "UNKNOWN", "EDITDATE": "UNKNOWN", "MATCHSTAT": "MATCH", "EDITNOTE": "UNKNOWN", "OWNER1": "PERDUE ROBBIE & JUDY M", "OWNER2": "", "ADDRGL1": "290 FIREHOUSE LN", "ADDRGL2": "", "CITYGL": "WASHINGTON", "STGL": "VT", "ZIPGL": "05675-7112", "DESCPROP": "1 FAM-0.20AC", "LOCAPROP": "FARWELL ST  54", "CAT": "Residential-1", "RESCODE": "S", "ACRESGL": 0.2, "REAL_FLV": 85300, "HSTED_FLV": 0, "NRES_FLV": 85300, "LAND_LV": 17300, "IMPRV_LV": 68000, "EQUIPVAL": 0, "EQUIPCODE": "", "INVENVAL": 0, "HSDECL": "N", "HSITEVAL": 85300, "VETEXAMT": 0, "EXPDESC": "", "ENDDATE": "", "STATUTE": "", "EXAMT_HS": 0, "EXAMT_NR": 0, "UVREDUC_HS": 0, "UVREDUC_NR": 0, "GLVAL_HS": 0.0, "GLVAL_NR": 853.0, "CRHOUSPCT": 0.0, "MUNGL1PCT": 853.0, "AOEGL_HS": 0.0, "AOEGL_NR": 853.0, "E911ADDR": "54 FARWELL ST", "SHAPE_Length": 0.0012989952369289405, "SHAPE_Area": 7.453419602847755e-08}, "geometry": {"type": "MultiPolygon", "coordinates": [[[[-72.50402082999994, 44.20994143900003], [-72.50449043499998, 44.20989037500004], [-72.50440247199998, 44.21008682900003], [-72.50394458999995, 44.21007180000004], [-72.50394380799997, 44.21007151900005], [-72.50401809199997, 44.209941581000066], [-72.50402082999994, 44.20994143900003]]]]}}, {"type": "Feature", "properties": {"OBJECTID": 7887, "SPAN": "036-011-12871", "GLIST_SPAN": "036-011-12871", "MAPID": "0675-VL00.0006", "PARCID": "0675-VL00-0006", "PROPTYPE": "PARCEL", "YEAR": 2023, "GLYEAR": 2022, "TOWN": "BARRE CITY", "TNAME": "Barre City", "SOURCENAME": null, "SOURCETYPE": "UNKNOWN", "SOURCEDATE": "UNKNOWN", "EDITMETHOD": "UNKNOWN", "EDITOR": "UNKNOWN", "EDITDATE": "UNKNOWN", "MATCHSTAT": "MATCH", "EDITNOTE": "UNKNOWN", "OWNER1": "GOLDSBURY AVENUE DEVELOPMENT LLC", "OWNER2": "", "ADDRGL1": "125 NELSON ST", "ADDRGL2": "", "CITYGL": "BARRE", "STGL": "VT", "ZIPGL": "05641", "DESCPROP": "VAC LAND-0.1354AC", "LOCAPROP": "GOLDSBURY AVE LOT 101", "CAT": "Miscellaneous", "RESCODE": "C", "ACRESGL": 0.13, "REAL_FLV": 3400, "HSTED_FLV": 0, "NRES_FLV": 3400, "LAND_LV": 3400, "IMPRV_LV": 0, "EQUIPVAL": 0, "EQUIPCODE": "", "INVENVAL": 0, "HSDECL": "N", "HSITEVAL": 0, "VETEXAMT": 0, "EXPDESC": "", "ENDDATE": "", "STATUTE": "", "EXAMT_HS": 0, "EXAMT_NR": 0, "UVREDUC_HS": 0, "UVREDUC_NR": 0, "GLVAL_HS": 0.0, "GLVAL_NR": 34.0, "CRHOUSPCT": 0.0, "MUNGL1PCT": 34.0, "AOEGL_HS": 0.0, "AOEGL_NR": 34.0, "E911ADDR": "GOLDSBURY AVE", "SHAPE_Length": 0.0010439424457847901, "SHAPE_Area": 5.511996957475339e-08}, "geometry": {"type": "MultiPolygon", "coordinates": [[[[-72.50686589399999, 44.21021003700008], [-72.50693586999995, 44.21006968900008], [-72.50693704399998, 44.21007011000006], [-72.50729287999997, 44.21015811800004], [-72.50722485999995, 44.21029284000008], [-72.50686589399999, 44.21021003700008]]]]}}, {"type": "Feature", "properties": {"OBJECTID": 7895, "SPAN": "036-011-12875", "GLIST_SPAN": "036-011-12875", "MAPID": "0980-VL00.0005", "PARCID": "0980-VL00-0005", "PROPTYPE": "PARCEL", "YEAR": 2023, "GLYEAR": 2022, "TOWN": "BARRE CITY", "TNAME": "Barre City", "SOURCENAME": null, "SOURCETYPE": "UNKNOWN", "SOURCEDATE": "UNKNOWN", "EDITMETHOD": "UNKNOWN", "EDITOR": "UNKNOWN", "EDITDATE": "UNKNOWN", "MATCHSTAT": "MATCH", "EDITNOTE": "UNKNOWN", "OWNER1": "GOLDSBURY AVENUE DEVELOPMENT LLC", "OWNER2": "", "ADDRGL1": "125 NELSON ST", "ADDRGL2": "", "CITYGL": "BARRE", "STGL": "VT", "ZIPGL": "05641", "DESCPROP": "VAC LAND-0.0995 AC", "LOCAPROP": "LYON AVE LOT  81", "CAT": "Miscellaneous", "RESCODE": "C", "ACRESGL": 0.09, "REAL_FLV": 2800, "HSTED_FLV": 0, "NRES_FLV": 2800, "LAND_LV": 2800, "IMPRV_LV": 0, "EQUIPVAL": 0, "EQUIPCODE": "", "INVENVAL": 0, "HSDECL": "N", "HSITEVAL": 0, "VETEXAMT": 0, "EXPDESC": "", "ENDDATE": "", "STATUTE": "", "EXAMT_HS": 0, "EXAMT_NR": 0, "UVREDUC_HS": 0, "UVREDUC_NR": 0, "GLVAL_HS": 0.0, "GLVAL_NR": 28.0, "CRHOUSPCT": 0.0, "MUNGL1PCT": 28.0, "AOEGL_HS": 0.0, "AOEGL_NR": 28.0, "E911ADDR": "LYON AVE", "SHAPE_Length": 0.0009559281029110407, "SHAPE_Area": 4.60016983728695e-08}, "geometry": {"type": "MultiPolygon", "coordinates": [[[[-72.50756734399994, 44.21066068600004], [-72.50763414799997, 44.21053508700004], [-72.50763546099995, 44.21053538900003], [-72.50795958899994, 44.21060969400003], [-72.50790020699998, 44.21073505600003], [-72.50756734399994, 44.21066068600004]]]]}}, {"type": "Feature", "properties": {"OBJECTID": 7897, "SPAN": "036-011-12876", "GLIST_SPAN": "036-011-12876", "MAPID": "0980-VL00.0006", "PARCID": "0980-VL00-0006", "PROPTYPE": "PARCEL", "YEAR": 2023, "GLYEAR": 2022, "TOWN": "BARRE CITY", "TNAME": "Barre City", "SOURCENAME": null, "SOURCETYPE": "UNKNOWN", "SOURCEDATE": "UNKNOWN", "EDITMETHOD": "UNKNOWN", "EDITOR": "UNKNOWN", "EDITDATE": "UNKNOWN", "MATCHSTAT": "MATCH", "EDITNOTE": "UNKNOWN", "OWNER1": "GOLDSBURY AVENUE DEVELOPMENT LLC", "OWNER2": "", "ADDRGL1": "125 NELSON ST", "ADDRGL2": "", "CITYGL": "BARRE", "STGL": "VT", "ZIPGL": "05641", "DESCPROP": "VAC LAND-0.1088AC", "LOCAPROP": "LYON AVE LOT  84", "CAT": "Miscellaneous", "RESCODE": "C", "ACRESGL": 0.1, "REAL_FLV": 2900, "HSTED_FLV": 0, "NRES_FLV": 2900, "LAND_LV": 2900, "IMPRV_LV": 0, "EQUIPVAL": 0, "EQUIPCODE": "", "INVENVAL": 0, "HSDECL": "N", "HSITEVAL": 0, "VETEXAMT": 0, "EXPDESC": "", "ENDDATE": "", "STATUTE": "", "EXAMT_HS": 0, "EXAMT_NR": 0, "UVREDUC_HS": 0, "UVREDUC_NR": 0, "GLVAL_HS": 0.0, "GLVAL_NR": 29.0, "CRHOUSPCT": 0.0, "MUNGL1PCT": 29.0, "AOEGL_HS": 0.0, "AOEGL_NR": 29.0, "E911ADDR": "LYON AVE", "SHAPE_Length": 0.0010045789242860126, "SHAPE_Area": 5.028078237992129e-08}, "geometry": {"type": "MultiPolygon", "coordinates": [[[[-72.50736249599998, 44.21104582300006], [-72.50743143899996, 44.21091620400006], [-72.50777589699999, 44.21099718700003], [-72.50771455599994, 44.21112615000004], [-72.50736249599998, 44.21104582300006]]]]}}, {"type": "Feature", "properties": {"OBJECTID": 7932, "SPAN": "036-011-12483", "GLIST_SPAN": "036-011-12483", "MAPID": "0570-0030.0000", "PARCID": "0570-0030-0000", "PROPTYPE": "PARCEL", "YEAR": 2023, "GLYEAR": 2022, "TOWN": "BARRE CITY", "TNAME": "Barre City", "SOURCENAME": null, "SOURCETYPE": "UNKNOWN", "SOURCEDATE": "UNKNOWN", "EDITMETHOD": "UNKNOWN", "EDITOR": "UNKNOWN", "EDITDATE": "UNKNOWN", "MATCHSTAT": "MATCH", "EDITNOTE": "UNKNOWN", "OWNER1": "CASEY FRANCIS J & RACHEL L", "OWNER2": "", "ADDRGL1": "30 FARWELL ST", "ADDRGL2": "", "CITYGL": "BARRE", "STGL": "VT", "ZIPGL": "05641", "DESCPROP": "1 FAM-0.51AC", "LOCAPROP": "FARWELL ST  30", "CAT": "Residential-1", "RESCODE": "T", "ACRESGL": 0.51, "REAL_FLV": 108000, "HSTED_FLV": 108000, "NRES_FLV": 0, "LAND_LV": 32500, "IMPRV_LV": 75500, "EQUIPVAL": 0, "EQUIPCODE": "", "INVENVAL": 0, "HSDECL": "Y", "HSITEVAL": 108000, "VETEXAMT": 0, "EXPDESC": "", "ENDDATE": "", "STATUTE": "", "EXAMT_HS": 0, "EXAMT_NR": 0, "UVREDUC_HS": 0, "UVREDUC_NR": 0, "GLVAL_HS": 1080.0, "GLVAL_NR": 0.0, "CRHOUSPCT": 0.0, "MUNGL1PCT": 1080.0, "AOEGL_HS": 1080.0, "AOEGL_NR": 0.0, "E911ADDR": "30 FARWELL ST", "SHAPE_Length": 0.002011876689616771, "SHAPE_Area": 2.4437101165019046e-07}, "geometry": {"type": "MultiPolygon", "coordinates": [[[[-72.50450441999999, 44.20867679400004], [-72.50453103799998, 44.20855354300005], [-72.50499504999993, 44.20860263000003], [-72.50497354499998, 44.20865952100007], [-72.50488535599999, 44.208892828000046], [-72.50488078199999, 44.20890341200004], [-72.50484810099994, 44.20897904700007], [-72.50481299199998, 44.20906030200007], [-72.50480731099998, 44.20907344900007], [-72.50475373899997, 44.20919743300004], [-72.50474932499998, 44.209207648000074], [-72.50446066399996, 44.20914311800004], [-72.50446105299994, 44.20912988500004], [-72.50446490699994, 44.20899760800006], [-72.50446534199995, 44.20898265200003], [-72.50447002299995, 44.20883302900006], [-72.50450441999999, 44.20867679400004]]]]}}, {"type": "Feature", "properties": {"OBJECTID": 7959, "SPAN": "036-011-12907", "GLIST_SPAN": "036-011-12907", "MAPID": "1190-VL00.0002", "PARCID": "1190-VL00-0002", "PROPTYPE": "PARCEL", "YEAR": 2023, "GLYEAR": 2022, "TOWN": "BARRE CITY", "TNAME": "Barre City", "SOURCENAME": null, "SOURCETYPE": "UNKNOWN", "SOURCEDATE": "UNKNOWN", "EDITMETHOD": "UNKNOWN", "EDITOR": "UNKNOWN", "EDITDATE": "UNKNOWN", "MATCHSTAT": "MATCH", "EDITNOTE": "UNKNOWN", "OWNER1": "TAYLOR ALLAN B & PAULINE G", "OWNER2": "", "ADDRGL1": "33 LEPAGE RD", "ADDRGL2": "", "CITYGL": "BARRE", "STGL": "VT", "ZIPGL": "05641", "DESCPROP": "VAC LAND-0.142AC", "LOCAPROP": "PINE ST LOT 66", "CAT": "Miscellaneous", "RESCODE": "S", "ACRESGL": 0.14, "REAL_FLV": 6100, "HSTED_FLV": 0, "NRES_FLV": 6100, "LAND_LV": 6100, "IMPRV_LV": 0, "EQUIPVAL": 0, "EQUIPCODE": "", "INVENVAL": 0, "HSDECL": "N", "HSITEVAL": 0, "VETEXAMT": 0, "EXPDESC": "", "ENDDATE": "", "STATUTE": "", "EXAMT_HS": 0, "EXAMT_NR": 0, "UVREDUC_HS": 0, "UVREDUC_NR": 0, "GLVAL_HS": 0.0, "GLVAL_NR": 61.0, "CRHOUSPCT": 0.0, "MUNGL1PCT": 61.0, "AOEGL_HS": 0.0, "AOEGL_NR": 61.0, "E911ADDR": "PINE ST", "SHAPE_Length": 0.0011983993629133853, "SHAPE_Area": 6.295081802898013e-08}, "geometry": {"type": "MultiPolygon", "coordinates": [[[[-72.50533817299998, 44.21006302400008], [-72.50544081899994, 44.209946596000066], [-72.50585353499997, 44.210067640000034], [-72.50585510999997, 44.21006810200004], [-72.50585001699994, 44.21007706200004], [-72.50578902999996, 44.21019293900008], [-72.50578550999995, 44.21019181500003], [-72.50534325799998, 44.21006541500003], [-72.50533778199997, 44.21006372700003], [-72.50533817299998, 44.21006302400008]]]]}}, {"type": "Feature", "properties": {"OBJECTID": 7965, "SPAN": "036-011-12910", "GLIST_SPAN": "036-011-12910", "MAPID": "0540-0100.0000", "PARCID": "0540-0100-0000", "PROPTYPE": "PARCEL", "YEAR": 2023, "GLYEAR": 2022, "TOWN": "BARRE CITY", "TNAME": "Barre City", "SOURCENAME": null, "SOURCETYPE": "UNKNOWN", "SOURCEDATE": "UNKNOWN", "EDITMETHOD": "UNKNOWN", "EDITOR": "UNKNOWN", "EDITDATE": "UNKNOWN", "MATCHSTAT": "MATCH", "EDITNOTE": "UNKNOWN", "OWNER1": "TAYLOR JAMES A - LIFE ESTATE; TAYLOR-", "OWNER2": "NOLAN BETH & STRACHAN SUSAN", "ADDRGL1": "100 ELMWOOD AVE", "ADDRGL2": "", "CITYGL": "BARRE", "STGL": "VT", "ZIPGL": "05641", "DESCPROP": "1 FAM-0..6338 & 0.2300 = 0.8638AC", "LOCAPROP": "ELMWOOD AVE 100", "CAT": "Residential-1", "RESCODE": "T", "ACRESGL": 0.86, "REAL_FLV": 179700, "HSTED_FLV": 0, "NRES_FLV": 179700, "LAND_LV": 56200, "IMPRV_LV": 123500, "EQUIPVAL": 0, "EQUIPCODE": "", "INVENVAL": 0, "HSDECL": "N", "HSITEVAL": 179700, "VETEXAMT": 0, "EXPDESC": "", "ENDDATE": "", "STATUTE": "", "EXAMT_HS": 0, "EXAMT_NR": 0, "UVREDUC_HS": 0, "UVREDUC_NR": 0, "GLVAL_HS": 0.0, "GLVAL_NR": 1797.0, "CRHOUSPCT": 0.0, "MUNGL1PCT": 1797.0, "AOEGL_HS": 0.0, "AOEGL_NR": 1797.0, "E911ADDR": "100 ELMWOOD AVE", "SHAPE_Length": 0.0021806355487334417, "SHAPE_Area": 2.899032395554959e-07}, "geometry": {"type": "MultiPolygon", "coordinates": [[[[-72.50529859899996, 44.20913252100007], [-72.50539360199997, 44.20901101700008], [-72.50540376899994, 44.20901509600003], [-72.50581317299998, 44.20917763600005], [-72.50572286199997, 44.20931292000006], [-72.50563998099994, 44.20944933000004], [-72.50559541199993, 44.20952301800003], [-72.50554732299997, 44.209576319000064], [-72.50543081199999, 44.209705976000066], [-72.50542690299994, 44.20970344600005], [-72.50502061999998, 44.209491967000076], [-72.50501788299994, 44.20948901400004], [-72.50510819599998, 44.20937383900008], [-72.50529859899996, 44.20913252100007]]]]}}, {"type": "Feature", "properties": {"OBJECTID": 8068, "SPAN": "036-011-13509", "GLIST_SPAN": "036-011-13509", "MAPID": "0540-0132.0000", "PARCID": "0540-0132-0000", "PROPTYPE": "PARCEL", "YEAR": 2023, "GLYEAR": 2022, "TOWN": "BARRE CITY", "TNAME": "Barre City", "SOURCENAME": null, "SOURCETYPE": "UNKNOWN", "SOURCEDATE": "UNKNOWN", "EDITMETHOD": "UNKNOWN", "EDITOR": "UNKNOWN", "EDITDATE": "UNKNOWN", "MATCHSTAT": "MATCH", "EDITNOTE": "UNKNOWN", "OWNER1": "GUITREAU SHELBY V", "OWNER2": "", "ADDRGL1": "132 ELMWOOD AVE EXT", "ADDRGL2": "", "CITYGL": "BARRE", "STGL": "VT", "ZIPGL": "05641", "DESCPROP": "1 FAM-0.23 &.11&.11&.11&.11&.11&.11&.11A", "LOCAPROP": "ELMWOOD AVE EXT 132", "CAT": "Residential-1", "RESCODE": "T", "ACRESGL": 1.02, "REAL_FLV": 248200, "HSTED_FLV": 0, "NRES_FLV": 248200, "LAND_LV": 35800, "IMPRV_LV": 212400, "EQUIPVAL": 0, "EQUIPCODE": "", "INVENVAL": 0, "HSDECL": "N", "HSITEVAL": 248200, "VETEXAMT": 0, "EXPDESC": "", "ENDDATE": "", "STATUTE": "", "EXAMT_HS": 0, "EXAMT_NR": 0, "UVREDUC_HS": 0, "UVREDUC_NR": 0, "GLVAL_HS": 0.0, "GLVAL_NR": 2482.0, "CRHOUSPCT": 0.0, "MUNGL1PCT": 2482.0, "AOEGL_HS": 0.0, "AOEGL_NR": 2482.0, "E911ADDR": "132 ELMWOOD AVE EXT", "SHAPE_Length": 0.00443655082897793, "SHAPE_Area": 5.109084750051294e-07}, "geometry": {"type": "MultiPolygon", "coordinates": [[[[-72.50444092699996, 44.210416975000044], [-72.50451045299997, 44.21027225800003], [-72.50487212399997, 44.21036477300004], [-72.50479899799996, 44.21049933900008], [-72.50472323999998, 44.210638748000065], [-72.50465502199995, 44.21076428300006], [-72.50458293299994, 44.210896940000055], [-72.50451223699997, 44.21102703100007], [-72.50443710299999, 44.21117134100007], [-72.50437029499994, 44.21129965800003], [-72.50430011899994, 44.211434444000076], [-72.50398725499997, 44.211361285000066], [-72.50405116499996, 44.21122825900005], [-72.50411331299995, 44.21109890000008], [-72.50424724399994, 44.21082012900007], [-72.50431111699999, 44.21068717500003], [-72.50437487199997, 44.210554469000044], [-72.50444092699996, 44.210416975000044]]], [[[-72.50484810099994, 44.20897904700007], [-72.50488078199999, 44.20890341200004], [-72.50523543899999, 44.20902646900004], [-72.50504875299998, 44.209265843000026], [-72.50504294199999, 44.20927328500005], [-72.50474932499998, 44.209207648000074], [-72.50475373899997, 44.20919743300004], [-72.50480731099998, 44.20907344900007], [-72.50481299199998, 44.20906030200007], [-72.50484810099994, 44.20897904700007]]]]}}, {"type": "Feature", "properties": {"OBJECTID": 8082, "SPAN": "036-011-13565", "GLIST_SPAN": "036-011-13565", "MAPID": "0150-VL68.0006", "PARCID": "0150-VL68-0006", "PROPTYPE": "PARCEL", "YEAR": 2023, "GLYEAR": 2022, "TOWN": "BARRE CITY", "TNAME": "Barre City", "SOURCENAME": null, "SOURCETYPE": "UNKNOWN", "SOURCEDATE": "UNKNOWN", "EDITMETHOD": "UNKNOWN", "EDITOR": "UNKNOWN", "EDITDATE": "UNKNOWN", "MATCHSTAT": "MATCH", "EDITNOTE": "UNKNOWN", "OWNER1": "FECTEAU RESIDENTIAL INC", "OWNER2": "", "ADDRGL1": "PO BOX 703", "ADDRGL2": "", "CITYGL": "BARRE", "STGL": "VT", "ZIPGL": "05641", "DESCPROP": "VAC LAND-0.1610AC", "LOCAPROP": "BEECH ST LOT 68", "CAT": "Miscellaneous", "RESCODE": "C", "ACRESGL": 0.16, "REAL_FLV": 3400, "HSTED_FLV": 0, "NRES_FLV": 3400, "LAND_LV": 3400, "IMPRV_LV": 0, "EQUIPVAL": 0, "EQUIPCODE": "", "INVENVAL": 0, "HSDECL": "N", "HSITEVAL": 0, "VETEXAMT": 0, "EXPDESC": "", "ENDDATE": "", "STATUTE": "", "EXAMT_HS": 0, "EXAMT_NR": 0, "UVREDUC_HS": 0, "UVREDUC_NR": 0, "GLVAL_HS": 0.0, "GLVAL_NR": 34.0, "CRHOUSPCT": 0.0, "MUNGL1PCT": 34.0, "AOEGL_HS": 0.0, "AOEGL_NR": 34.0, "E911ADDR": "BEECH ST", "SHAPE_Length": 0.0013644341103305785, "SHAPE_Area": 7.610498733179442e-08}, "geometry": {"type": "MultiPolygon", "coordinates": [[[[-72.50520914799995, 44.21019929500005], [-72.50522302399997, 44.210184672000025], [-72.50571631299994, 44.210324144000026], [-72.50564476899996, 44.21045323900006], [-72.50564428699994, 44.210454113000026], [-72.50511975499995, 44.210303571000054], [-72.50520914799995, 44.21019929500005]]]]}}, {"type": "Feature", "properties": {"OBJECTID": 8083, "SPAN": "036-011-13567", "GLIST_SPAN": "036-011-13567", "MAPID": "0150-VL69.0006", "PARCID": "0150-VL69-0006", "PROPTYPE": "PARCEL", "YEAR": 2023, "GLYEAR": 2022, "TOWN": "BARRE CITY", "TNAME": "Barre City", "SOURCENAME": null, "SOURCETYPE": "UNKNOWN", "SOURCEDATE": "UNKNOWN", "EDITMETHOD": "UNKNOWN", "EDITOR": "UNKNOWN", "EDITDATE": "UNKNOWN", "MATCHSTAT": "MATCH", "EDITNOTE": "UNKNOWN", "OWNER1": "FECTEAU RESIDENTIAL INC", "OWNER2": "", "ADDRGL1": "PO BOX 703", "ADDRGL2": "", "CITYGL": "BARRE", "STGL": "VT", "ZIPGL": "05641-0703", "DESCPROP": "VAC LAND-0.1710AC", "LOCAPROP": "BEECH ST LOT 69", "CAT": "Miscellaneous", "RESCODE": "C", "ACRESGL": 0.17, "REAL_FLV": 3600, "HSTED_FLV": 0, "NRES_FLV": 3600, "LAND_LV": 3600, "IMPRV_LV": 0, "EQUIPVAL": 0, "EQUIPCODE": "", "INVENVAL": 0, "HSDECL": "N", "HSITEVAL": 0, "VETEXAMT": 0, "EXPDESC": "", "ENDDATE": "", "STATUTE": "", "EXAMT_HS": 0, "EXAMT_NR": 0, "UVREDUC_HS": 0, "UVREDUC_NR": 0, "GLVAL_HS": 0.0, "GLVAL_NR": 36.0, "CRHOUSPCT": 0.0, "MUNGL1PCT": 36.0, "AOEGL_HS": 0.0, "AOEGL_NR": 36.0, "E911ADDR": "BEECH ST", "SHAPE_Length": 0.0014071330138877372, "SHAPE_Area": 7.881575058466389e-08}, "geometry": {"type": "MultiPolygon", "coordinates": [[[[-72.50504181299993, 44.21039448600004], [-72.50511975499995, 44.210303571000054], [-72.50564428699994, 44.210454113000026], [-72.50557556899997, 44.21057882200006], [-72.50503086399993, 44.21042626800005], [-72.50503126099994, 44.21042542400005], [-72.50504181299993, 44.21039448600004]]]]}}, {"type": "Feature", "properties": {"OBJECTID": 8084, "SPAN": "036-011-13568", "GLIST_SPAN": "036-011-13568", "MAPID": "0150-VL70.0006", "PARCID": "0150-VL70-0006", "PROPTYPE": "PARCEL", "YEAR": 2023, "GLYEAR": 2022, "TOWN": "BARRE CITY", "TNAME": "Barre City", "SOURCENAME": null, "SOURCETYPE": "UNKNOWN", "SOURCEDATE": "UNKNOWN", "EDITMETHOD": "UNKNOWN", "EDITOR": "UNKNOWN", "EDITDATE": "UNKNOWN", "MATCHSTAT": "MATCH", "EDITNOTE": "UNKNOWN", "OWNER1": "FECTEAU RESIDENTIAL INC", "OWNER2": "", "ADDRGL1": "PO BOX 703", "ADDRGL2": "", "CITYGL": "BARRE", "STGL": "VT", "ZIPGL": "05641-0703", "DESCPROP": "VAC LAND-0.1730AC", "LOCAPROP": "BEECH ST LOT 70", "CAT": "Miscellaneous", "RESCODE": "C", "ACRESGL": 0.17, "REAL_FLV": 3600, "HSTED_FLV": 0, "NRES_FLV": 3600, "LAND_LV": 3600, "IMPRV_LV": 0, "EQUIPVAL": 0, "EQUIPCODE": "", "INVENVAL": 0, "HSDECL": "N", "HSITEVAL": 0, "VETEXAMT": 0, "EXPDESC": "", "ENDDATE": "", "STATUTE": "", "EXAMT_HS": 0, "EXAMT_NR": 0, "UVREDUC_HS": 0, "UVREDUC_NR": 0, "GLVAL_HS": 0.0, "GLVAL_NR": 36.0, "CRHOUSPCT": 0.0, "MUNGL1PCT": 36.0, "AOEGL_HS": 0.0, "AOEGL_NR": 36.0, "E911ADDR": "BEECH ST", "SHAPE_Length": 0.0014213078777300459, "SHAPE_Area": 8.066418020072067e-08}, "geometry": {"type": "MultiPolygon", "coordinates": [[[[-72.50496124399996, 44.210553753000056], [-72.50503086399993, 44.21042626800005], [-72.50557556899997, 44.21057882200006], [-72.50557322399999, 44.21058177300006], [-72.50550050399994, 44.210707213000035], [-72.50550011499996, 44.21070819600004], [-72.50496124399996, 44.210553753000056]]]]}}, {"type": "Feature", "properties": {"OBJECTID": 8085, "SPAN": "036-011-13569", "GLIST_SPAN": "036-011-13569", "MAPID": "0150-VL71.0006", "PARCID": "0150-VL71-0006", "PROPTYPE": "PARCEL", "YEAR": 2023, "GLYEAR": 2022, "TOWN": "BARRE CITY", "TNAME": "Barre City", "SOURCENAME": null, "SOURCETYPE": "UNKNOWN", "SOURCEDATE": "UNKNOWN", "EDITMETHOD": "UNKNOWN", "EDITOR": "UNKNOWN", "EDITDATE": "UNKNOWN", "MATCHSTAT": "MATCH", "EDITNOTE": "UNKNOWN", "OWNER1": "FECTEAU RESIDENTIAL INC", "OWNER2": "", "ADDRGL1": "PO BOX 703", "ADDRGL2": "", "CITYGL": "BARRE", "STGL": "VT", "ZIPGL": "05641-0703", "DESCPROP": "VAC LAND-0.1730AC", "LOCAPROP": "BEECH ST LOT 71", "CAT": "Miscellaneous", "RESCODE": "C", "ACRESGL": 0.17, "REAL_FLV": 3600, "HSTED_FLV": 0, "NRES_FLV": 3600, "LAND_LV": 3600, "IMPRV_LV": 0, "EQUIPVAL": 0, "EQUIPCODE": "", "INVENVAL": 0, "HSDECL": "N", "HSITEVAL": 0, "VETEXAMT": 0, "EXPDESC": "", "ENDDATE": "", "STATUTE": "", "EXAMT_HS": 0, "EXAMT_NR": 0, "UVREDUC_HS": 0, "UVREDUC_NR": 0, "GLVAL_HS": 0.0, "GLVAL_NR": 36.0, "CRHOUSPCT": 0.0, "MUNGL1PCT": 36.0, "AOEGL_HS": 0.0, "AOEGL_NR": 36.0, "E911ADDR": "BEECH ST", "SHAPE_Length": 0.001405666233366357, "SHAPE_Area": 7.786490561477724e-08}, "geometry": {"type": "MultiPolygon", "coordinates": [[[[-72.50489285699996, 44.210678976000054], [-72.50496124399996, 44.210553753000056], [-72.50550011499996, 44.21070819600004], [-72.50543143199997, 44.21083282500007], [-72.50489285699996, 44.210678976000054]]]]}}, {"type": "Feature", "properties": {"OBJECTID": 8086, "SPAN": "036-011-13570", "GLIST_SPAN": "036-011-13570", "MAPID": "0150-VL72.0006", "PARCID": "0150-VL72-0006", "PROPTYPE": "PARCEL", "YEAR": 2023, "GLYEAR": 2022, "TOWN": "BARRE CITY", "TNAME": "Barre City", "SOURCENAME": null, "SOURCETYPE": "UNKNOWN", "SOURCEDATE": "UNKNOWN", "EDITMETHOD": "UNKNOWN", "EDITOR": "UNKNOWN", "EDITDATE": "UNKNOWN", "MATCHSTAT": "MATCH", "EDITNOTE": "UNKNOWN", "OWNER1": "FECTEAU RESIDENTIAL INC", "OWNER2": "", "ADDRGL1": "PO BOX 703", "ADDRGL2": "", "CITYGL": "BARRE", "STGL": "VT", "ZIPGL": "05641", "DESCPROP": "VAC LAND-0.1730AC", "LOCAPROP": "BEECH ST LOT 72", "CAT": "Miscellaneous", "RESCODE": "C", "ACRESGL": 0.17, "REAL_FLV": 3600, "HSTED_FLV": 0, "NRES_FLV": 3600, "LAND_LV": 3600, "IMPRV_LV": 0, "EQUIPVAL": 0, "EQUIPCODE": "", "INVENVAL": 0, "HSDECL": "N", "HSITEVAL": 0, "VETEXAMT": 0, "EXPDESC": "", "ENDDATE": "", "STATUTE": "", "EXAMT_HS": 0, "EXAMT_NR": 0, "UVREDUC_HS": 0, "UVREDUC_NR": 0, "GLVAL_HS": 0.0, "GLVAL_NR": 36.0, "CRHOUSPCT": 0.0, "MUNGL1PCT": 36.0, "AOEGL_HS": 0.0, "AOEGL_NR": 36.0, "E911ADDR": "BEECH ST", "SHAPE_Length": 0.0014073516777773575, "SHAPE_Area": 7.893643019712389e-08}, "geometry": {"type": "MultiPolygon", "coordinates": [[[[-72.50482521999999, 44.21080329000006], [-72.50489285699996, 44.210678976000054], [-72.50543143199997, 44.21083282500007], [-72.50536015099993, 44.21096216800004], [-72.50482521999999, 44.21080329000006]]]]}}, {"type": "Feature", "properties": {"OBJECTID": 8091, "SPAN": "036-011-13576", "GLIST_SPAN": "036-011-13576", "MAPID": "0150-VL73.0006", "PARCID": "0150-VL73-0006", "PROPTYPE": "PARCEL", "YEAR": 2023, "GLYEAR": 2022, "TOWN": "BARRE CITY", "TNAME": "Barre City", "SOURCENAME": null, "SOURCETYPE": "UNKNOWN", "SOURCEDATE": "UNKNOWN", "EDITMETHOD": "UNKNOWN", "EDITOR": "UNKNOWN", "EDITDATE": "UNKNOWN", "MATCHSTAT": "MATCH", "EDITNOTE": "UNKNOWN", "OWNER1": "FECTEAU RESIDENTIAL INC", "OWNER2": "", "ADDRGL1": "PO BOX 703", "ADDRGL2": "", "CITYGL": "BARRE", "STGL": "VT", "ZIPGL": "05641", "DESCPROP": "VAC LAND-.01730AC", "LOCAPROP": "BEECH ST LOT 73", "CAT": "Miscellaneous", "RESCODE": "C", "ACRESGL": 0.17, "REAL_FLV": 3600, "HSTED_FLV": 0, "NRES_FLV": 3600, "LAND_LV": 3600, "IMPRV_LV": 0, "EQUIPVAL": 0, "EQUIPCODE": "", "INVENVAL": 0, "HSDECL": "N", "HSITEVAL": 0, "VETEXAMT": 0, "EXPDESC": "", "ENDDATE": "", "STATUTE": "", "EXAMT_HS": 0, "EXAMT_NR": 0, "UVREDUC_HS": 0, "UVREDUC_NR": 0, "GLVAL_HS": 0.0, "GLVAL_NR": 36.0, "CRHOUSPCT": 0.0, "MUNGL1PCT": 36.0, "AOEGL_HS": 0.0, "AOEGL_NR": 36.0, "E911ADDR": "BEECH ST", "SHAPE_Length": 0.0014086050957055314, "SHAPE_Area": 7.972000266341825e-08}, "geometry": {"type": "MultiPolygon", "coordinates": [[[[-72.50475440099996, 44.21093283600004], [-72.50482521999999, 44.21080329000006], [-72.50536015099993, 44.21096216800004], [-72.50529016999997, 44.21108901500003], [-72.50475440099996, 44.21093283600004]]]]}}, {"type": "Feature", "properties": {"OBJECTID": 8092, "SPAN": "036-011-13577", "GLIST_SPAN": "036-011-13577", "MAPID": "1190-VL65.0002", "PARCID": "1190-VL65-0002", "PROPTYPE": "PARCEL", "YEAR": 2023, "GLYEAR": 2022, "TOWN": "BARRE CITY", "TNAME": "Barre City", "SOURCENAME": null, "SOURCETYPE": "UNKNOWN", "SOURCEDATE": "UNKNOWN", "EDITMETHOD": "UNKNOWN", "EDITOR": "UNKNOWN", "EDITDATE": "UNKNOWN", "MATCHSTAT": "MATCH", "EDITNOTE": "UNKNOWN", "OWNER1": "TAYLOR ALLAN B & PAULINE G", "OWNER2": "", "ADDRGL1": "33 LEPAGE RD", "ADDRGL2": "", "CITYGL": "BARRE", "STGL": "VT", "ZIPGL": "05641", "DESCPROP": "VAC LAND-0.1286AC", "LOCAPROP": "PINE ST LOT 65", "CAT": "Miscellaneous", "RESCODE": "S", "ACRESGL": 0.13, "REAL_FLV": 5600, "HSTED_FLV": 0, "NRES_FLV": 5600, "LAND_LV": 5600, "IMPRV_LV": 0, "EQUIPVAL": 0, "EQUIPCODE": "", "INVENVAL": 0, "HSDECL": "N", "HSITEVAL": 0, "VETEXAMT": 0, "EXPDESC": "", "ENDDATE": "", "STATUTE": "", "EXAMT_HS": 0, "EXAMT_NR": 0, "UVREDUC_HS": 0, "UVREDUC_NR": 0, "GLVAL_HS": 0.0, "GLVAL_NR": 56.0, "CRHOUSPCT": 0.0, "MUNGL1PCT": 56.0, "AOEGL_HS": 0.0, "AOEGL_NR": 56.0, "E911ADDR": "PINE ST", "SHAPE_Length": 0.0011267367040764772, "SHAPE_Area": 5.7573318271452484e-08}, "geometry": {"type": "MultiPolygon", "coordinates": [[[[-72.50544081899994, 44.209946596000066], [-72.50554187299997, 44.209831972000075], [-72.50555282199997, 44.209835345000045], [-72.50592546999997, 44.20994416800005], [-72.50592507899995, 44.20994501200005], [-72.50585510999997, 44.21006810200004], [-72.50585353499997, 44.210067640000034], [-72.50544081899994, 44.209946596000066]]]]}}, {"type": "Feature", "properties": {"OBJECTID": 8104, "SPAN": "036-011-13593", "GLIST_SPAN": "036-011-13593", "MAPID": "0150-VL88.0009", "PARCID": "0150-VL88-0009", "PROPTYPE": "PARCEL", "YEAR": 2023, "GLYEAR": 2022, "TOWN": "BARRE CITY", "TNAME": "Barre City", "SOURCENAME": null, "SOURCETYPE": "UNKNOWN", "SOURCEDATE": "UNKNOWN", "EDITMETHOD": "UNKNOWN", "EDITOR": "UNKNOWN", "EDITDATE": "UNKNOWN", "MATCHSTAT": "MATCH", "EDITNOTE": "UNKNOWN", "OWNER1": "FECTEAU RESIDENTIAL INC", "OWNER2": "", "ADDRGL1": "PO BOX 703", "ADDRGL2": "", "CITYGL": "BARRE", "STGL": "VT", "ZIPGL": "05641-0703", "DESCPROP": "VAC LAND-0.1039AC", "LOCAPROP": "BEECH ST LOT 88", "CAT": "Miscellaneous", "RESCODE": "C", "ACRESGL": 0.1, "REAL_FLV": 2400, "HSTED_FLV": 0, "NRES_FLV": 2400, "LAND_LV": 2400, "IMPRV_LV": 0, "EQUIPVAL": 0, "EQUIPCODE": "", "INVENVAL": 0, "HSDECL": "N", "HSITEVAL": 0, "VETEXAMT": 0, "EXPDESC": "", "ENDDATE": "", "STATUTE": "", "EXAMT_HS": 0, "EXAMT_NR": 0, "UVREDUC_HS": 0, "UVREDUC_NR": 0, "GLVAL_HS": 0.0, "GLVAL_NR": 24.0, "CRHOUSPCT": 0.0, "MUNGL1PCT": 24.0, "AOEGL_HS": 0.0, "AOEGL_NR": 24.0, "E911ADDR": "BEECH ST", "SHAPE_Length": 0.0009378429062128218, "SHAPE_Area": 4.5527618809914415e-08}, "geometry": {"type": "MultiPolygon", "coordinates": [[[[-72.50575309899995, 44.210630139000045], [-72.50582268799997, 44.210504839000066], [-72.50613355799999, 44.21059440000005], [-72.50606944299994, 44.210720964000075], [-72.50575935499995, 44.21063196600005], [-72.50575309899995, 44.210630139000045]]]]}}, {"type": "Feature", "properties": {"OBJECTID": 8105, "SPAN": "036-011-13594", "GLIST_SPAN": "036-011-13594", "MAPID": "0675-VL00.1111", "PARCID": "0675-VL00-1111", "PROPTYPE": "PARCEL", "YEAR": 2023, "GLYEAR": 2022, "TOWN": "BARRE CITY", "TNAME": "Barre City", "SOURCENAME": null, "SOURCETYPE": "UNKNOWN", "SOURCEDATE": "UNKNOWN", "EDITMETHOD": "UNKNOWN", "EDITOR": "UNKNOWN", "EDITDATE": "UNKNOWN", "MATCHSTAT": "MATCH", "EDITNOTE": "UNKNOWN", "OWNER1": "FECTEAU RESIDENTIAL INC", "OWNER2": "", "ADDRGL1": "PO BOX 703", "ADDRGL2": "", "CITYGL": "BARRE", "STGL": "VT", "ZIPGL": "05641-0703", "DESCPROP": "VAC LAND-0.1057AC", "LOCAPROP": "GOLDSBURY AVE LOT 111", "CAT": "Miscellaneous", "RESCODE": "C", "ACRESGL": 0.1, "REAL_FLV": 2300, "HSTED_FLV": 0, "NRES_FLV": 2300, "LAND_LV": 2300, "IMPRV_LV": 0, "EQUIPVAL": 0, "EQUIPCODE": "", "INVENVAL": 0, "HSDECL": "N", "HSITEVAL": 0, "VETEXAMT": 0, "EXPDESC": "", "ENDDATE": "", "STATUTE": "", "EXAMT_HS": 0, "EXAMT_NR": 0, "UVREDUC_HS": 0, "UVREDUC_NR": 0, "GLVAL_HS": 0.0, "GLVAL_NR": 23.0, "CRHOUSPCT": 0.0, "MUNGL1PCT": 23.0, "AOEGL_HS": 0.0, "AOEGL_NR": 23.0, "E911ADDR": "GOLDSBURY AVE", "SHAPE_Length": 0.000940686295468606, "SHAPE_Area": 4.677431302686453e-08}, "geometry": {"type": "MultiPolygon", "coordinates": [[[[-72.50613355799999, 44.21059440000005], [-72.50619923599999, 44.21046530500007], [-72.50620001799996, 44.21046586700004], [-72.50620119099995, 44.21046333500004], [-72.50650815099993, 44.210551630000055], [-72.50644716599999, 44.21068466300005], [-72.50613355799999, 44.21059440000005]]]]}}, {"type": "Feature", "properties": {"OBJECTID": 8106, "SPAN": "036-011-13595", "GLIST_SPAN": "036-011-13595", "MAPID": "0675-VL00.1121", "PARCID": "0675-VL00-1121", "PROPTYPE": "PARCEL", "YEAR": 2023, "GLYEAR": 2022, "TOWN": "BARRE CITY", "TNAME": "Barre City", "SOURCENAME": null, "SOURCETYPE": "UNKNOWN", "SOURCEDATE": "UNKNOWN", "EDITMETHOD": "UNKNOWN", "EDITOR": "UNKNOWN", "EDITDATE": "UNKNOWN", "MATCHSTAT": "MATCH", "EDITNOTE": "UNKNOWN", "OWNER1": "FECTEAU RESIDENTIAL INC", "OWNER2": "", "ADDRGL1": "PO BOX 703", "ADDRGL2": "", "CITYGL": "BARRE", "STGL": "VT", "ZIPGL": "05641-0703", "DESCPROP": "VAC LAND-0.1073AC", "LOCAPROP": "GOLDSBURY AVE LOT 112", "CAT": "Miscellaneous", "RESCODE": "C", "ACRESGL": 0.1, "REAL_FLV": 2400, "HSTED_FLV": 0, "NRES_FLV": 2400, "LAND_LV": 2400, "IMPRV_LV": 0, "EQUIPVAL": 0, "EQUIPCODE": "", "INVENVAL": 0, "HSDECL": "N", "HSITEVAL": 0, "VETEXAMT": 0, "EXPDESC": "", "ENDDATE": "", "STATUTE": "", "EXAMT_HS": 0, "EXAMT_NR": 0, "UVREDUC_HS": 0, "UVREDUC_NR": 0, "GLVAL_HS": 0.0, "GLVAL_NR": 24.0, "CRHOUSPCT": 0.0, "MUNGL1PCT": 24.0, "AOEGL_HS": 0.0, "AOEGL_NR": 24.0, "E911ADDR": "GOLDSBURY AVE", "SHAPE_Length": 0.0009408232717748183, "SHAPE_Area": 4.587067471826048e-08}, "geometry": {"type": "MultiPolygon", "coordinates": [[[[-72.50606944299994, 44.210720964000075], [-72.50613355799999, 44.21059440000005], [-72.50644716599999, 44.21068466300005], [-72.50638852699996, 44.21081249300005], [-72.50638539899995, 44.21081193100008], [-72.50606944299994, 44.210720964000075]]]]}}, {"type": "Feature", "properties": {"OBJECTID": 8107, "SPAN": "036-011-13596", "GLIST_SPAN": "036-011-13596", "MAPID": "0150-VL87.0009", "PARCID": "0150-VL87-0009", "PROPTYPE": "PARCEL", "YEAR": 2023, "GLYEAR": 2022, "TOWN": "BARRE CITY", "TNAME": "Barre City", "SOURCENAME": null, "SOURCETYPE": "UNKNOWN", "SOURCEDATE": "UNKNOWN", "EDITMETHOD": "UNKNOWN", "EDITOR": "UNKNOWN", "EDITDATE": "UNKNOWN", "MATCHSTAT": "MATCH", "EDITNOTE": "UNKNOWN", "OWNER1": "FECTEAU RESIDENTIAL INC", "OWNER2": "", "ADDRGL1": "PO BOX 703", "ADDRGL2": "", "CITYGL": "BARRE", "STGL": "VT", "ZIPGL": "05641-0703", "DESCPROP": "VAC LAND-0.106AC", "LOCAPROP": "BEECH ST LOT 87", "CAT": "Miscellaneous", "RESCODE": "C", "ACRESGL": 0.1, "REAL_FLV": 2800, "HSTED_FLV": 0, "NRES_FLV": 2800, "LAND_LV": 2800, "IMPRV_LV": 0, "EQUIPVAL": 0, "EQUIPCODE": "", "INVENVAL": 0, "HSDECL": "N", "HSITEVAL": 0, "VETEXAMT": 0, "EXPDESC": "", "ENDDATE": "", "STATUTE": "", "EXAMT_HS": 0, "EXAMT_NR": 0, "UVREDUC_HS": 0, "UVREDUC_NR": 0, "GLVAL_HS": 0.0, "GLVAL_NR": 28.0, "CRHOUSPCT": 0.0, "MUNGL1PCT": 28.0, "AOEGL_HS": 0.0, "AOEGL_NR": 28.0, "E911ADDR": "BEECH ST", "SHAPE_Length": 0.0009583494173969693, "SHAPE_Area": 4.7776348471028506e-08}, "geometry": {"type": "MultiPolygon", "coordinates": [[[[-72.50568116399995, 44.21076007800008], [-72.50575309899995, 44.210630139000045], [-72.50575935499995, 44.21063196600005], [-72.50606944299994, 44.210720964000075], [-72.50600337499998, 44.21085104500003], [-72.50568116399995, 44.21076007800008]]]]}}, {"type": "Feature", "properties": {"OBJECTID": 8108, "SPAN": "036-011-13597", "GLIST_SPAN": "036-011-13597", "MAPID": "0150-VL86.0009", "PARCID": "0150-VL86-0009", "PROPTYPE": "PARCEL", "YEAR": 2023, "GLYEAR": 2022, "TOWN": "BARRE CITY", "TNAME": "Barre City", "SOURCENAME": null, "SOURCETYPE": "UNKNOWN", "SOURCEDATE": "UNKNOWN", "EDITMETHOD": "UNKNOWN", "EDITOR": "UNKNOWN", "EDITDATE": "UNKNOWN", "MATCHSTAT": "MATCH", "EDITNOTE": "UNKNOWN", "OWNER1": "FECTEAU RESIDENTIAL INC", "OWNER2": "", "ADDRGL1": "PO BOX 703", "ADDRGL2": "", "CITYGL": "BARRE", "STGL": "VT", "ZIPGL": "05641-0703", "DESCPROP": "VAC LAND-0.1083AC", "LOCAPROP": "BEECH ST LOT 86", "CAT": "Miscellaneous", "RESCODE": "C", "ACRESGL": 0.1, "REAL_FLV": 2400, "HSTED_FLV": 0, "NRES_FLV": 2400, "LAND_LV": 2400, "IMPRV_LV": 0, "EQUIPVAL": 0, "EQUIPCODE": "", "INVENVAL": 0, "HSDECL": "N", "HSITEVAL": 0, "VETEXAMT": 0, "EXPDESC": "", "ENDDATE": "", "STATUTE": "", "EXAMT_HS": 0, "EXAMT_NR": 0, "UVREDUC_HS": 0, "UVREDUC_NR": 0, "GLVAL_HS": 0.0, "GLVAL_NR": 24.0, "CRHOUSPCT": 0.0, "MUNGL1PCT": 24.0, "AOEGL_HS": 0.0, "AOEGL_NR": 24.0, "E911ADDR": "BEECH ST", "SHAPE_Length": 0.0009648061894591229, "SHAPE_Area": 4.780388302909064e-08}, "geometry": {"type": "MultiPolygon", "coordinates": [[[[-72.50561079199997, 44.21088664300004], [-72.50568116399995, 44.21076007800008], [-72.50600337499998, 44.21085104500003], [-72.50593769599993, 44.210980422000034], [-72.50561157399994, 44.210886783000035], [-72.50561079199997, 44.21088664300004]]]]}}, {"type": "Feature", "properties": {"OBJECTID": 8109, "SPAN": "036-011-13598", "GLIST_SPAN": "036-011-13598", "MAPID": "0675-VL00.1147", "PARCID": "0675-VL00-1147", "PROPTYPE": "PARCEL", "YEAR": 2023, "GLYEAR": 2022, "TOWN": "BARRE CITY", "TNAME": "Barre City", "SOURCENAME": null, "SOURCETYPE": "UNKNOWN", "SOURCEDATE": "UNKNOWN", "EDITMETHOD": "UNKNOWN", "EDITOR": "UNKNOWN", "EDITDATE": "UNKNOWN", "MATCHSTAT": "MATCH", "EDITNOTE": "UNKNOWN", "OWNER1": "FECTEAU RESIDENTIAL INC", "OWNER2": "", "ADDRGL1": "PO BOX 703", "ADDRGL2": "", "CITYGL": "BARRE", "STGL": "VT", "ZIPGL": "05641-0703", "DESCPROP": "VAC LAND-0.1110AC", "LOCAPROP": "GOLDSBURY AVE LOT 114", "CAT": "Miscellaneous", "RESCODE": "C", "ACRESGL": 0.11, "REAL_FLV": 2400, "HSTED_FLV": 0, "NRES_FLV": 2400, "LAND_LV": 2400, "IMPRV_LV": 0, "EQUIPVAL": 0, "EQUIPCODE": "", "INVENVAL": 0, "HSDECL": "N", "HSITEVAL": 0, "VETEXAMT": 0, "EXPDESC": "", "ENDDATE": "", "STATUTE": "", "EXAMT_HS": 0, "EXAMT_NR": 0, "UVREDUC_HS": 0, "UVREDUC_NR": 0, "GLVAL_HS": 0.0, "GLVAL_NR": 24.0, "CRHOUSPCT": 0.0, "MUNGL1PCT": 24.0, "AOEGL_HS": 0.0, "AOEGL_NR": 24.0, "E911ADDR": "GOLDSBURY AVE", "SHAPE_Length": 0.0009726185808223626, "SHAPE_Area": 4.8826296595195194e-08}, "geometry": {"type": "MultiPolygon", "coordinates": [[[[-72.50593769599993, 44.210980422000034], [-72.50600337499998, 44.21085104500003], [-72.50632871499994, 44.21094299500004], [-72.50626805999997, 44.21107544900008], [-72.50593769599993, 44.210980422000034]]]]}}, {"type": "Feature", "properties": {"OBJECTID": 8110, "SPAN": "036-011-13599", "GLIST_SPAN": "036-011-13599", "MAPID": "0675-VL00.1026", "PARCID": "0675-VL00-1026", "PROPTYPE": "PARCEL", "YEAR": 2023, "GLYEAR": 2022, "TOWN": "BARRE CITY", "TNAME": "Barre City", "SOURCENAME": null, "SOURCETYPE": "UNKNOWN", "SOURCEDATE": "UNKNOWN", "EDITMETHOD": "UNKNOWN", "EDITOR": "UNKNOWN", "EDITDATE": "UNKNOWN", "MATCHSTAT": "MATCH", "EDITNOTE": "UNKNOWN", "OWNER1": "GOLDSBURY AVENUE DEVELOPMENT LLC", "OWNER2": "", "ADDRGL1": "125 NELSON ST", "ADDRGL2": "", "CITYGL": "BARRE", "STGL": "VT", "ZIPGL": "05641", "DESCPROP": "VAC LAND-0.1121AC", "LOCAPROP": "GOLDSBURY AVE LOT 102", "CAT": "Miscellaneous", "RESCODE": "C", "ACRESGL": 0.11, "REAL_FLV": 2900, "HSTED_FLV": 0, "NRES_FLV": 2900, "LAND_LV": 2900, "IMPRV_LV": 0, "EQUIPVAL": 0, "EQUIPCODE": "", "INVENVAL": 0, "HSDECL": "N", "HSITEVAL": 0, "VETEXAMT": 0, "EXPDESC": "", "ENDDATE": "", "STATUTE": "", "EXAMT_HS": 0, "EXAMT_NR": 0, "UVREDUC_HS": 0, "UVREDUC_NR": 0, "GLVAL_HS": 0.0, "GLVAL_NR": 29.0, "CRHOUSPCT": 0.0, "MUNGL1PCT": 29.0, "AOEGL_HS": 0.0, "AOEGL_NR": 29.0, "E911ADDR": "GOLDSBURY AVE", "SHAPE_Length": 0.0010373867976889288, "SHAPE_Area": 5.4249174117588364e-08}, "geometry": {"type": "MultiPolygon", "coordinates": [[[[-72.50680295699993, 44.21034827200003], [-72.50686589399999, 44.21021003700008], [-72.50722485999995, 44.21029284000008], [-72.50722329599995, 44.21029649600007], [-72.50716192199997, 44.21042826400003], [-72.50680295699993, 44.21034827200003]]]]}}, {"type": "Feature", "properties": {"OBJECTID": 8111, "SPAN": "036-011-13600", "GLIST_SPAN": "036-011-13600", "MAPID": "0675-VL00.1036", "PARCID": "0675-VL00-1036", "PROPTYPE": "PARCEL", "YEAR": 2023, "GLYEAR": 2022, "TOWN": "BARRE CITY", "TNAME": "Barre City", "SOURCENAME": null, "SOURCETYPE": "UNKNOWN", "SOURCEDATE": "UNKNOWN", "EDITMETHOD": "UNKNOWN", "EDITOR": "UNKNOWN", "EDITDATE": "UNKNOWN", "MATCHSTAT": "MATCH", "EDITNOTE": "UNKNOWN", "OWNER1": "GOLDSBURY AVENUE DEVELOPMENT LLC", "OWNER2": "", "ADDRGL1": "125 NELSON ST", "ADDRGL2": "", "CITYGL": "BARRE", "STGL": "VT", "ZIPGL": "05641", "DESCPROP": "VAC LAND-0.1107AC", "LOCAPROP": "GOLDSBURY AVE LOT 103", "CAT": "Miscellaneous", "RESCODE": "C", "ACRESGL": 0.11, "REAL_FLV": 2900, "HSTED_FLV": 0, "NRES_FLV": 2900, "LAND_LV": 2900, "IMPRV_LV": 0, "EQUIPVAL": 0, "EQUIPCODE": "", "INVENVAL": 0, "HSDECL": "N", "HSITEVAL": 0, "VETEXAMT": 0, "EXPDESC": "", "ENDDATE": "", "STATUTE": "", "EXAMT_HS": 0, "EXAMT_NR": 0, "UVREDUC_HS": 0, "UVREDUC_NR": 0, "GLVAL_HS": 0.0, "GLVAL_NR": 29.0, "CRHOUSPCT": 0.0, "MUNGL1PCT": 29.0, "AOEGL_HS": 0.0, "AOEGL_NR": 29.0, "E911ADDR": "GOLDSBURY AVE", "SHAPE_Length": 0.00102307613365313, "SHAPE_Area": 5.184398935322626e-08}, "geometry": {"type": "MultiPolygon", "coordinates": [[[[-72.50674313499997, 44.21047948000006], [-72.50680295699993, 44.21034827200003], [-72.50716192199997, 44.21042826400003], [-72.50710054799998, 44.21055946900003], [-72.50674313499997, 44.21047948000006]]]]}}, {"type": "Feature", "properties": {"OBJECTID": 8112, "SPAN": "036-011-13601", "GLIST_SPAN": "036-011-13601", "MAPID": "0675-VL00.1046", "PARCID": "0675-VL00-1046", "PROPTYPE": "PARCEL", "YEAR": 2023, "GLYEAR": 2022, "TOWN": "BARRE CITY", "TNAME": "Barre City", "SOURCENAME": null, "SOURCETYPE": "UNKNOWN", "SOURCEDATE": "UNKNOWN", "EDITMETHOD": "UNKNOWN", "EDITOR": "UNKNOWN", "EDITDATE": "UNKNOWN", "MATCHSTAT": "MATCH", "EDITNOTE": "UNKNOWN", "OWNER1": "GOLDSBURY AVENUE DEVELOPMENT LLC", "OWNER2": "", "ADDRGL1": "125 NELSON ST", "ADDRGL2": "", "CITYGL": "BARRE", "STGL": "VT", "ZIPGL": "05641", "DESCPROP": "VAC LAND-0.1093AC", "LOCAPROP": "GOLDSBURY AVE LOT 104", "CAT": "Miscellaneous", "RESCODE": "C", "ACRESGL": 0.1, "REAL_FLV": 2900, "HSTED_FLV": 0, "NRES_FLV": 2900, "LAND_LV": 2900, "IMPRV_LV": 0, "EQUIPVAL": 0, "EQUIPCODE": "", "INVENVAL": 0, "HSDECL": "N", "HSITEVAL": 0, "VETEXAMT": 0, "EXPDESC": "", "ENDDATE": "", "STATUTE": "", "EXAMT_HS": 0, "EXAMT_NR": 0, "UVREDUC_HS": 0, "UVREDUC_NR": 0, "GLVAL_HS": 0.0, "GLVAL_NR": 29.0, "CRHOUSPCT": 0.0, "MUNGL1PCT": 29.0, "AOEGL_HS": 0.0, "AOEGL_NR": 29.0, "E911ADDR": "GOLDSBURY AVE", "SHAPE_Length": 0.0010187687959351474, "SHAPE_Area": 5.1597716054714105e-08}, "geometry": {"type": "MultiPolygon", "coordinates": [[[[-72.50668271999996, 44.210611990000075], [-72.50674313499997, 44.21047948000006], [-72.50710054799998, 44.21055946900003], [-72.50703565399994, 44.21068969100003], [-72.50668271999996, 44.210611990000075]]]]}}, {"type": "Feature", "properties": {"OBJECTID": 8113, "SPAN": "036-011-13602", "GLIST_SPAN": "036-011-13602", "MAPID": "0675-VL00.1056", "PARCID": "0675-VL00-1056", "PROPTYPE": "PARCEL", "YEAR": 2023, "GLYEAR": 2022, "TOWN": "BARRE CITY", "TNAME": "Barre City", "SOURCENAME": null, "SOURCETYPE": "UNKNOWN", "SOURCEDATE": "UNKNOWN", "EDITMETHOD": "UNKNOWN", "EDITOR": "UNKNOWN", "EDITDATE": "UNKNOWN", "MATCHSTAT": "MATCH", "EDITNOTE": "UNKNOWN", "OWNER1": "GOLDSBURY AVENUE DEVELOPMENT LLC", "OWNER2": "", "ADDRGL1": "125 NELSON ST", "ADDRGL2": "", "CITYGL": "BARRE", "STGL": "VT", "ZIPGL": "05641", "DESCPROP": "VAC LAND-0.1079AC", "LOCAPROP": "GOLDSBURY AVE LOT 105", "CAT": "Miscellaneous", "RESCODE": "C", "ACRESGL": 0.1, "REAL_FLV": 2800, "HSTED_FLV": 0, "NRES_FLV": 2800, "LAND_LV": 2800, "IMPRV_LV": 0, "EQUIPVAL": 0, "EQUIPCODE": "", "INVENVAL": 0, "HSDECL": "N", "HSITEVAL": 0, "VETEXAMT": 0, "EXPDESC": "", "ENDDATE": "", "STATUTE": "", "EXAMT_HS": 0, "EXAMT_NR": 0, "UVREDUC_HS": 0, "UVREDUC_NR": 0, "GLVAL_HS": 0.0, "GLVAL_NR": 28.0, "CRHOUSPCT": 0.0, "MUNGL1PCT": 28.0, "AOEGL_HS": 0.0, "AOEGL_NR": 28.0, "E911ADDR": "GOLDSBURY AVE", "SHAPE_Length": 0.0010035475942226039, "SHAPE_Area": 4.9906118803188896e-08}, "geometry": {"type": "MultiPolygon", "coordinates": [[[[-72.50662348999998, 44.21074190100006], [-72.50668271999996, 44.210611990000075], [-72.50703565399994, 44.21068969100003], [-72.50697193199994, 44.21081752100008], [-72.50662348999998, 44.21074190100006]]]]}}, {"type": "Feature", "properties": {"OBJECTID": 8114, "SPAN": "036-011-13603", "GLIST_SPAN": "036-011-13603", "MAPID": "0675-VL00.1066", "PARCID": "0675-VL00-1066", "PROPTYPE": "PARCEL", "YEAR": 2023, "GLYEAR": 2022, "TOWN": "BARRE CITY", "TNAME": "Barre City", "SOURCENAME": null, "SOURCETYPE": "UNKNOWN", "SOURCEDATE": "UNKNOWN", "EDITMETHOD": "UNKNOWN", "EDITOR": "UNKNOWN", "EDITDATE": "UNKNOWN", "MATCHSTAT": "MATCH", "EDITNOTE": "UNKNOWN", "OWNER1": "GOLDSBURY AVENUE DEVELOPMENT LLC", "OWNER2": "", "ADDRGL1": "125 NELSON ST", "ADDRGL2": "", "CITYGL": "BARRE", "STGL": "VT", "ZIPGL": "05641", "DESCPROP": "VAC LAND-0.1065AC", "LOCAPROP": "GOLDSBURY AVE LOT 106", "CAT": "Miscellaneous", "RESCODE": "C", "ACRESGL": 0.1, "REAL_FLV": 2800, "HSTED_FLV": 0, "NRES_FLV": 2800, "LAND_LV": 2800, "IMPRV_LV": 0, "EQUIPVAL": 0, "EQUIPCODE": "", "INVENVAL": 0, "HSDECL": "N", "HSITEVAL": 0, "VETEXAMT": 0, "EXPDESC": "", "ENDDATE": "", "STATUTE": "", "EXAMT_HS": 0, "EXAMT_NR": 0, "UVREDUC_HS": 0, "UVREDUC_NR": 0, "GLVAL_HS": 0.0, "GLVAL_NR": 28.0, "CRHOUSPCT": 0.0, "MUNGL1PCT": 28.0, "AOEGL_HS": 0.0, "AOEGL_NR": 28.0, "E911ADDR": "GOLDSBURY AVE", "SHAPE_Length": 0.0009930555909150028, "SHAPE_Area": 4.9043890587882155e-08}, "geometry": {"type": "MultiPolygon", "coordinates": [[[[-72.50656491599995, 44.210870371000055], [-72.50662348999998, 44.21074190100006], [-72.50697193199994, 44.21081752100008], [-72.50690937499996, 44.21094577200006], [-72.50656491599995, 44.210870371000055]]]]}}, {"type": "Feature", "properties": {"OBJECTID": 8115, "SPAN": "036-011-13604", "GLIST_SPAN": "036-011-13604", "MAPID": "0675-VL00.1076", "PARCID": "0675-VL00-1076", "PROPTYPE": "PARCEL", "YEAR": 2023, "GLYEAR": 2022, "TOWN": "BARRE CITY", "TNAME": "Barre City", "SOURCENAME": null, "SOURCETYPE": "UNKNOWN", "SOURCEDATE": "UNKNOWN", "EDITMETHOD": "UNKNOWN", "EDITOR": "UNKNOWN", "EDITDATE": "UNKNOWN", "MATCHSTAT": "MATCH", "EDITNOTE": "UNKNOWN", "OWNER1": "GOLDSBURY AVENUE DEVELOPMENT LLC", "OWNER2": "", "ADDRGL1": "125 NELSON ST", "ADDRGL2": "", "CITYGL": "BARRE", "STGL": "VT", "ZIPGL": "05641", "DESCPROP": "VAC LAND-0.1052AC", "LOCAPROP": "GOLDSBURY AVE LOT 107", "CAT": "Miscellaneous", "RESCODE": "C", "ACRESGL": 0.1, "REAL_FLV": 2700, "HSTED_FLV": 0, "NRES_FLV": 2700, "LAND_LV": 2700, "IMPRV_LV": 0, "EQUIPVAL": 0, "EQUIPCODE": "", "INVENVAL": 0, "HSDECL": "N", "HSITEVAL": 0, "VETEXAMT": 0, "EXPDESC": "", "ENDDATE": "", "STATUTE": "", "EXAMT_HS": 0, "EXAMT_NR": 0, "UVREDUC_HS": 0, "UVREDUC_NR": 0, "GLVAL_HS": 0.0, "GLVAL_NR": 27.0, "CRHOUSPCT": 0.0, "MUNGL1PCT": 27.0, "AOEGL_HS": 0.0, "AOEGL_NR": 27.0, "E911ADDR": "GOLDSBURY AVE", "SHAPE_Length": 0.0009862400266769846, "SHAPE_Area": 4.8788555991103274e-08}, "geometry": {"type": "MultiPolygon", "coordinates": [[[[-72.50650652599995, 44.21099843800005], [-72.50656491599995, 44.210870371000055], [-72.50690937499996, 44.21094577200006], [-72.50684600299996, 44.21107584100008], [-72.50650652599995, 44.21099843800005]]]]}}, {"type": "Feature", "properties": {"OBJECTID": 8122, "SPAN": "036-011-13611", "GLIST_SPAN": "036-011-13611", "MAPID": "0980-VL95.0003", "PARCID": "0980-VL95-0003", "PROPTYPE": "PARCEL", "YEAR": 2023, "GLYEAR": 2022, "TOWN": "BARRE CITY", "TNAME": "Barre City", "SOURCENAME": null, "SOURCETYPE": "UNKNOWN", "SOURCEDATE": "UNKNOWN", "EDITMETHOD": "UNKNOWN", "EDITOR": "UNKNOWN", "EDITDATE": "UNKNOWN", "MATCHSTAT": "MATCH", "EDITNOTE": "UNKNOWN", "OWNER1": "GOLDSBURY AVENUE DEVELOPMENT LLC", "OWNER2": "", "ADDRGL1": "125 NELSON ST", "ADDRGL2": "", "CITYGL": "BARRE", "STGL": "VT", "ZIPGL": "05641", "DESCPROP": "VAC LAND-0.1055AC", "LOCAPROP": "LYON AVE LOT  95", "CAT": "Miscellaneous", "RESCODE": "C", "ACRESGL": 0.1, "REAL_FLV": 2700, "HSTED_FLV": 0, "NRES_FLV": 2700, "LAND_LV": 2700, "IMPRV_LV": 0, "EQUIPVAL": 0, "EQUIPCODE": "", "INVENVAL": 0, "HSDECL": "N", "HSITEVAL": 0, "VETEXAMT": 0, "EXPDESC": "", "ENDDATE": "", "STATUTE": "", "EXAMT_HS": 0, "EXAMT_NR": 0, "UVREDUC_HS": 0, "UVREDUC_NR": 0, "GLVAL_HS": 0.0, "GLVAL_NR": 27.0, "CRHOUSPCT": 0.0, "MUNGL1PCT": 27.0, "AOEGL_HS": 0.0, "AOEGL_NR": 27.0, "E911ADDR": "LYON AVE", "SHAPE_Length": 0.000963904460191096, "SHAPE_Area": 4.679624453449376e-08}, "geometry": {"type": "MultiPolygon", "coordinates": [[[[-72.50690937499996, 44.21094577200006], [-72.50697193199994, 44.21081752100008], [-72.50730548399997, 44.210892312000055], [-72.50723902499993, 44.21101775300008], [-72.50690937499996, 44.21094577200006]]]]}}, {"type": "Feature", "properties": {"OBJECTID": 8123, "SPAN": "036-011-13618", "GLIST_SPAN": "036-011-13618", "MAPID": "0980-VL97.0001", "PARCID": "0980-VL97-0001", "PROPTYPE": "PARCEL", "YEAR": 2023, "GLYEAR": 2022, "TOWN": "BARRE CITY", "TNAME": "Barre City", "SOURCENAME": null, "SOURCETYPE": "UNKNOWN", "SOURCEDATE": "UNKNOWN", "EDITMETHOD": "UNKNOWN", "EDITOR": "UNKNOWN", "EDITDATE": "UNKNOWN", "MATCHSTAT": "MATCH", "EDITNOTE": "UNKNOWN", "OWNER1": "MURRAY CARMEN C & CARMEN L", "OWNER2": "", "ADDRGL1": "75 COLBY ST", "ADDRGL2": "", "CITYGL": "BARRE", "STGL": "VT", "ZIPGL": "05641", "DESCPROP": "VAC LAND-0.1088AC", "LOCAPROP": "LYON AVE LOT  97", "CAT": "Miscellaneous", "RESCODE": "T", "ACRESGL": 0.1, "REAL_FLV": 4100, "HSTED_FLV": 0, "NRES_FLV": 4100, "LAND_LV": 4100, "IMPRV_LV": 0, "EQUIPVAL": 0, "EQUIPCODE": "", "INVENVAL": 0, "HSDECL": "N", "HSITEVAL": 0, "VETEXAMT": 0, "EXPDESC": "", "ENDDATE": "", "STATUTE": "", "EXAMT_HS": 0, "EXAMT_NR": 0, "UVREDUC_HS": 0, "UVREDUC_NR": 0, "GLVAL_HS": 0.0, "GLVAL_NR": 41.0, "CRHOUSPCT": 0.0, "MUNGL1PCT": 41.0, "AOEGL_HS": 0.0, "AOEGL_NR": 41.0, "E911ADDR": "LYON AVE", "SHAPE_Length": 0.0009858157500291596, "SHAPE_Area": 4.8835234295651545e-08}, "geometry": {"type": "MultiPolygon", "coordinates": [[[[-72.50703565399994, 44.21068969100003], [-72.50710054799998, 44.21055946900003], [-72.50744152699997, 44.21063566600003], [-72.50737350599996, 44.21076377900005], [-72.50703565399994, 44.21068969100003]]]]}}, {"type": "Feature", "properties": {"OBJECTID": 8124, "SPAN": "036-011-13619", "GLIST_SPAN": "036-011-13619", "MAPID": "0980-VL98.0001", "PARCID": "0980-VL98-0001", "PROPTYPE": "PARCEL", "YEAR": 2023, "GLYEAR": 2022, "TOWN": "BARRE CITY", "TNAME": "Barre City", "SOURCENAME": null, "SOURCETYPE": "UNKNOWN", "SOURCEDATE": "UNKNOWN", "EDITMETHOD": "UNKNOWN", "EDITOR": "UNKNOWN", "EDITDATE": "UNKNOWN", "MATCHSTAT": "MATCH", "EDITNOTE": "UNKNOWN", "OWNER1": "MURRAY CARMEN C & CARMEN L", "OWNER2": "", "ADDRGL1": "75 COLBY ST", "ADDRGL2": "", "CITYGL": "BARRE", "STGL": "VT", "ZIPGL": "05641", "DESCPROP": "VAC LAND-0.1104AC", "LOCAPROP": "LYON AVE LOT  98", "CAT": "Miscellaneous", "RESCODE": "T", "ACRESGL": 0.11, "REAL_FLV": 4100, "HSTED_FLV": 0, "NRES_FLV": 4100, "LAND_LV": 4100, "IMPRV_LV": 0, "EQUIPVAL": 0, "EQUIPCODE": "", "INVENVAL": 0, "HSDECL": "N", "HSITEVAL": 0, "VETEXAMT": 0, "EXPDESC": "", "ENDDATE": "", "STATUTE": "", "EXAMT_HS": 0, "EXAMT_NR": 0, "UVREDUC_HS": 0, "UVREDUC_NR": 0, "GLVAL_HS": 0.0, "GLVAL_NR": 41.0, "CRHOUSPCT": 0.0, "MUNGL1PCT": 41.0, "AOEGL_HS": 0.0, "AOEGL_NR": 41.0, "E911ADDR": "LYON AVE", "SHAPE_Length": 0.0009985644923568469, "SHAPE_Area": 5.000961132451403e-08}, "geometry": {"type": "MultiPolygon", "coordinates": [[[[-72.50710054799998, 44.21055946900003], [-72.50716192199997, 44.21042826400003], [-72.50751072099996, 44.21050600600006], [-72.50744152699997, 44.21063566600003], [-72.50710054799998, 44.21055946900003]]]]}}, {"type": "Feature", "properties": {"OBJECTID": 8125, "SPAN": "036-011-13620", "GLIST_SPAN": "036-011-13620", "MAPID": "0980-VL99.0001", "PARCID": "0980-VL99-0001", "PROPTYPE": "PARCEL", "YEAR": 2023, "GLYEAR": 2022, "TOWN": "BARRE CITY", "TNAME": "Barre City", "SOURCENAME": null, "SOURCETYPE": "UNKNOWN", "SOURCEDATE": "UNKNOWN", "EDITMETHOD": "UNKNOWN", "EDITOR": "UNKNOWN", "EDITDATE": "UNKNOWN", "MATCHSTAT": "MATCH", "EDITNOTE": "UNKNOWN", "OWNER1": "MURRAY CARMEN C & CARMEN L", "OWNER2": "", "ADDRGL1": "75 COLBY ST", "ADDRGL2": "", "CITYGL": "BARRE", "STGL": "VT", "ZIPGL": "05641", "DESCPROP": "VAC LAND-0.1121AC", "LOCAPROP": "LYON AVE LOT  99", "CAT": "Miscellaneous", "RESCODE": "T", "ACRESGL": 0.11, "REAL_FLV": 4200, "HSTED_FLV": 0, "NRES_FLV": 4200, "LAND_LV": 4200, "IMPRV_LV": 0, "EQUIPVAL": 0, "EQUIPCODE": "", "INVENVAL": 0, "HSDECL": "N", "HSITEVAL": 0, "VETEXAMT": 0, "EXPDESC": "", "ENDDATE": "", "STATUTE": "", "EXAMT_HS": 0, "EXAMT_NR": 0, "UVREDUC_HS": 0, "UVREDUC_NR": 0, "GLVAL_HS": 0.0, "GLVAL_NR": 42.0, "CRHOUSPCT": 0.0, "MUNGL1PCT": 42.0, "AOEGL_HS": 0.0, "AOEGL_NR": 42.0, "E911ADDR": "LYON AVE", "SHAPE_Length": 0.0010200758797772192, "SHAPE_Area": 5.224511928862724e-08}, "geometry": {"type": "MultiPolygon", "coordinates": [[[[-72.50722329599995, 44.21029649600007], [-72.50722485999995, 44.21029284000008], [-72.50758030599997, 44.21037466000007], [-72.50751072099996, 44.21050600600006], [-72.50716192199997, 44.21042826400003], [-72.50722329599995, 44.21029649600007]]]]}}, {"type": "Feature", "properties": {"OBJECTID": 8126, "SPAN": "036-011-13621", "GLIST_SPAN": "036-011-13621", "MAPID": "0980-VL00.1001", "PARCID": null, "PROPTYPE": "PARCEL", "YEAR": 2023, "GLYEAR": null, "TOWN": "BARRE CITY", "TNAME": null, "SOURCENAME": null, "SOURCETYPE": "UNKNOWN", "SOURCEDATE": "UNKNOWN", "EDITMETHOD": "UNKNOWN", "EDITOR": "UNKNOWN", "EDITDATE": "UNKNOWN", "MATCHSTAT": "MATCH", "EDITNOTE": "UNKNOWN", "OWNER1": null, "OWNER2": null, "ADDRGL1": null, "ADDRGL2": null, "CITYGL": null, "STGL": null, "ZIPGL": null, "DESCPROP": null, "LOCAPROP": null, "CAT": null, "RESCODE": null, "ACRESGL": null, "REAL_FLV": null, "HSTED_FLV": null, "NRES_FLV": null, "LAND_LV": null, "IMPRV_LV": null, "EQUIPVAL": null, "EQUIPCODE": null, "INVENVAL": null, "HSDECL": null, "HSITEVAL": null, "VETEXAMT": null, "EXPDESC": null, "ENDDATE": null, "STATUTE": null, "EXAMT_HS": null, "EXAMT_NR": null, "UVREDUC_HS": null, "UVREDUC_NR": null, "GLVAL_HS": null, "GLVAL_NR": null, "CRHOUSPCT": null, "MUNGL1PCT": null, "AOEGL_HS": null, "AOEGL_NR": null, "E911ADDR": null, "SHAPE_Length": 0.0010277373126322627, "SHAPE_Area": 5.2584818791837765e-08}, "geometry": {"type": "MultiPolygon", "coordinates": [[[[-72.50722485999995, 44.21029284000008], [-72.50729287999997, 44.21015811800004], [-72.50764871799998, 44.21024626600007], [-72.50758030599997, 44.21037466000007], [-72.50722485999995, 44.21029284000008]]]]}}, {"type": "Feature", "properties": {"OBJECTID": 8127, "SPAN": "036-011-13622", "GLIST_SPAN": "036-011-13622", "MAPID": "0980-VL83.0005", "PARCID": "0980-VL83-0005", "PROPTYPE": "PARCEL", "YEAR": 2023, "GLYEAR": 2022, "TOWN": "BARRE CITY", "TNAME": "Barre City", "SOURCENAME": null, "SOURCETYPE": "UNKNOWN", "SOURCEDATE": "UNKNOWN", "EDITMETHOD": "UNKNOWN", "EDITOR": "UNKNOWN", "EDITDATE": "UNKNOWN", "MATCHSTAT": "MATCH", "EDITNOTE": "UNKNOWN", "OWNER1": "GOLDSBURY AVENUE DEVELOPMENT LLC", "OWNER2": "", "ADDRGL1": "125 NELSON ST", "ADDRGL2": "", "CITYGL": "BARRE", "STGL": "VT", "ZIPGL": "05641", "DESCPROP": "VAC LAND-0.1064AC", "LOCAPROP": "LYON AVE LOT  83", "CAT": "Miscellaneous", "RESCODE": "C", "ACRESGL": 0.1, "REAL_FLV": 2800, "HSTED_FLV": 0, "NRES_FLV": 2800, "LAND_LV": 2800, "IMPRV_LV": 0, "EQUIPVAL": 0, "EQUIPCODE": "", "INVENVAL": 0, "HSDECL": "N", "HSITEVAL": 0, "VETEXAMT": 0, "EXPDESC": "", "ENDDATE": "", "STATUTE": "", "EXAMT_HS": 0, "EXAMT_NR": 0, "UVREDUC_HS": 0, "UVREDUC_NR": 0, "GLVAL_HS": 0.0, "GLVAL_NR": 28.0, "CRHOUSPCT": 0.0, "MUNGL1PCT": 28.0, "AOEGL_HS": 0.0, "AOEGL_NR": 28.0, "E911ADDR": "LYON AVE", "SHAPE_Length": 0.0009918656508272263, "SHAPE_Area": 4.935057683389421e-08}, "geometry": {"type": "MultiPolygon", "coordinates": [[[[-72.50743143899996, 44.21091620400006], [-72.50749858499995, 44.210789962000035], [-72.50783883499997, 44.21086471500007], [-72.50777589699999, 44.21099718700003], [-72.50743143899996, 44.21091620400006]]]]}}, {"type": "Feature", "properties": {"OBJECTID": 8128, "SPAN": "036-011-13623", "GLIST_SPAN": "036-011-13623", "MAPID": "0980-VL82.0005", "PARCID": "0980-VL82-0005", "PROPTYPE": "PARCEL", "YEAR": 2023, "GLYEAR": 2022, "TOWN": "BARRE CITY", "TNAME": "Barre City", "SOURCENAME": null, "SOURCETYPE": "UNKNOWN", "SOURCEDATE": "UNKNOWN", "EDITMETHOD": "UNKNOWN", "EDITOR": "UNKNOWN", "EDITDATE": "UNKNOWN", "MATCHSTAT": "MATCH", "EDITNOTE": "UNKNOWN", "OWNER1": "GOLDSBURY AVENUE DEVELOPMENT LLC", "OWNER2": "", "ADDRGL1": "125 NELSON ST", "ADDRGL2": "", "CITYGL": "BARRE", "STGL": "VT", "ZIPGL": "05641", "DESCPROP": "VAC LAND-0.1041AC", "LOCAPROP": "LYON AVE LOT  82", "CAT": "Miscellaneous", "RESCODE": "C", "ACRESGL": 0.1, "REAL_FLV": 2900, "HSTED_FLV": 0, "NRES_FLV": 2900, "LAND_LV": 2900, "IMPRV_LV": 0, "EQUIPVAL": 0, "EQUIPCODE": "", "INVENVAL": 0, "HSDECL": "N", "HSITEVAL": 0, "VETEXAMT": 0, "EXPDESC": "", "ENDDATE": "", "STATUTE": "", "EXAMT_HS": 0, "EXAMT_NR": 0, "UVREDUC_HS": 0, "UVREDUC_NR": 0, "GLVAL_HS": 0.0, "GLVAL_NR": 29.0, "CRHOUSPCT": 0.0, "MUNGL1PCT": 29.0, "AOEGL_HS": 0.0, "AOEGL_NR": 29.0, "E911ADDR": "LYON AVE", "SHAPE_Length": 0.0009793093474824055, "SHAPE_Area": 4.842450995224074e-08}, "geometry": {"type": "MultiPolygon", "coordinates": [[[[-72.50749858499995, 44.210789962000035], [-72.50756734399994, 44.21066068600004], [-72.50790020699998, 44.21073505600003], [-72.50783883499997, 44.21086471500007], [-72.50749858499995, 44.210789962000035]]]]}}, {"type": "Feature", "properties": {"OBJECTID": 4366, "SPAN": "036-011-10126", "GLIST_SPAN": "036-011-10126", "MAPID": "0995-VL00.0001", "PARCID": "0995-VL00-0001", "PROPTYPE": "PARCEL", "YEAR": 2023, "GLYEAR": 2022, "TOWN": "BARRE CITY", "TNAME": "Barre City", "SOURCENAME": null, "SOURCETYPE": "UNKNOWN", "SOURCEDATE": "UNKNOWN", "EDITMETHOD": "UNKNOWN", "EDITOR": "UNKNOWN", "EDITDATE": "UNKNOWN", "MATCHSTAT": "MATCH", "EDITNOTE": "UNKNOWN", "OWNER1": "BAILEY FRANK WENDON & EVA L & GABLE", "OWNER2": "WANDA B ESTATE C/O CRAIG GABLE", "ADDRGL1": "54 APPLE BLOSSOM RD", "ADDRGL2": "", "CITYGL": "BARRE", "STGL": "VT", "ZIPGL": "05641-8665", "DESCPROP": "VAC LAND-0.63AC", "LOCAPROP": "MAPLE AVE   &  LONG ST  & MERCHANT ST", "CAT": "Miscellaneous", "RESCODE": "S", "ACRESGL": 0.63, "REAL_FLV": 13700, "HSTED_FLV": 0, "NRES_FLV": 13700, "LAND_LV": 13700, "IMPRV_LV": 0, "EQUIPVAL": 0, "EQUIPCODE": "", "INVENVAL": 0, "HSDECL": "N", "HSITEVAL": 0, "VETEXAMT": 0, "EXPDESC": "", "ENDDATE": "", "STATUTE": "", "EXAMT_HS": 0, "EXAMT_NR": 0, "UVREDUC_HS": 0, "UVREDUC_NR": 0, "GLVAL_HS": 0.0, "GLVAL_NR": 137.0, "CRHOUSPCT": 0.0, "MUNGL1PCT": 137.0, "AOEGL_HS": 0.0, "AOEGL_NR": 137.0, "E911ADDR": "MAPLE AVE", "SHAPE_Length": 0.003136672928339049, "SHAPE_Area": 2.8645603485777036e-07}, "geometry": {"type": "MultiPolygon", "coordinates": [[[[-72.49937162499998, 44.20874035000003], [-72.49950842799996, 44.20860599900004], [-72.49958379599997, 44.208658514000035], [-72.50057828099995, 44.208126046000075], [-72.50068799599995, 44.20832895900003], [-72.49987856199994, 44.20873321600004], [-72.49959378499995, 44.20888672700005], [-72.49937162499998, 44.20874035000003]]]]}}, {"type": "Feature", "properties": {"OBJECTID": 4370, "SPAN": "036-011-10128", "GLIST_SPAN": "036-011-10128", "MAPID": "1030-0217.0000", "PARCID": "1030-0217-0000", "PROPTYPE": "PARCEL", "YEAR": 2023, "GLYEAR": 2022, "TOWN": "BARRE CITY", "TNAME": "Barre City", "SOURCENAME": null, "SOURCETYPE": "UNKNOWN", "SOURCEDATE": "UNKNOWN", "EDITMETHOD": "UNKNOWN", "EDITOR": "UNKNOWN", "EDITDATE": "UNKNOWN", "MATCHSTAT": "MATCH", "EDITNOTE": "UNKNOWN", "OWNER1": "CRESTA ANGELA", "OWNER2": "", "ADDRGL1": "217 MERCHANT ST", "ADDRGL2": "", "CITYGL": "BARRE", "STGL": "VT", "ZIPGL": "05641", "DESCPROP": "1 FAM-0.59AC", "LOCAPROP": "MERCHANT ST  217", "CAT": "Residential-1", "RESCODE": "T", "ACRESGL": 0.59, "REAL_FLV": 175700, "HSTED_FLV": 0, "NRES_FLV": 175700, "LAND_LV": 23600, "IMPRV_LV": 152100, "EQUIPVAL": 0, "EQUIPCODE": "", "INVENVAL": 0, "HSDECL": "N", "HSITEVAL": 175700, "VETEXAMT": 0, "EXPDESC": "", "ENDDATE": "", "STATUTE": "", "EXAMT_HS": 0, "EXAMT_NR": 0, "UVREDUC_HS": 0, "UVREDUC_NR": 0, "GLVAL_HS": 0.0, "GLVAL_NR": 1757.0, "CRHOUSPCT": 0.0, "MUNGL1PCT": 1757.0, "AOEGL_HS": 0.0, "AOEGL_NR": 1757.0, "E911ADDR": "217 MERCHANT ST", "SHAPE_Length": 0.0019327247046623634, "SHAPE_Area": 1.7293221768981206e-07}, "geometry": {"type": "MultiPolygon", "coordinates": [[[[-72.49848372199995, 44.20907074000007], [-72.49811010299999, 44.20855781900008], [-72.49878729499994, 44.208762867000075], [-72.49872172799996, 44.20895116500003], [-72.49866351799994, 44.20914071000004], [-72.49848372199995, 44.20907074000007]]]]}}, {"type": "Feature", "properties": {"OBJECTID": 4374, "SPAN": "036-011-10130", "GLIST_SPAN": "036-011-10130", "MAPID": "1030-0196.0000", "PARCID": "1030-0196-0000", "PROPTYPE": "PARCEL", "YEAR": 2023, "GLYEAR": 2022, "TOWN": "BARRE CITY", "TNAME": "Barre City", "SOURCENAME": null, "SOURCETYPE": "UNKNOWN", "SOURCEDATE": "UNKNOWN", "EDITMETHOD": "UNKNOWN", "EDITOR": "UNKNOWN", "EDITDATE": "UNKNOWN", "MATCHSTAT": "MATCH", "EDITNOTE": "UNKNOWN", "OWNER1": "BAILEY SPRING & GLASS", "OWNER2": "C/O CRAIG GABLE", "ADDRGL1": "54 APPLE BLOSSOM RD", "ADDRGL2": "", "CITYGL": "BARRE", "STGL": "VT", "ZIPGL": "05641", "DESCPROP": "WAREHOUSE-0.10AC", "LOCAPROP": "MERCHANT ST  196", "CAT": "Commercial", "RESCODE": "C", "ACRESGL": 0.1, "REAL_FLV": 115600, "HSTED_FLV": 0, "NRES_FLV": 115600, "LAND_LV": 15900, "IMPRV_LV": 99700, "EQUIPVAL": 0, "EQUIPCODE": "", "INVENVAL": 0, "HSDECL": "N", "HSITEVAL": 0, "VETEXAMT": 0, "EXPDESC": "", "ENDDATE": "", "STATUTE": "", "EXAMT_HS": 0, "EXAMT_NR": 0, "UVREDUC_HS": 0, "UVREDUC_NR": 0, "GLVAL_HS": 0.0, "GLVAL_NR": 1156.0, "CRHOUSPCT": 0.0, "MUNGL1PCT": 1156.0, "AOEGL_HS": 0.0, "AOEGL_NR": 1156.0, "E911ADDR": "196 MERCHANT ST", "SHAPE_Length": 0.0007449380792554546, "SHAPE_Area": 2.8627914293550712e-08}, "geometry": {"type": "MultiPolygon", "coordinates": [[[[-72.49950574499996, 44.20839990700006], [-72.49963903399998, 44.20829617600003], [-72.49975484199996, 44.20837711900003], [-72.49970130799994, 44.20841719600003], [-72.49975374899998, 44.20845570300003], [-72.49967399399998, 44.20851464200007], [-72.49950574499996, 44.20839990700006]]]]}}, {"type": "Feature", "properties": {"OBJECTID": 4376, "SPAN": "036-011-10131", "GLIST_SPAN": "036-011-10131", "MAPID": "1030-0210.0000", "PARCID": "1030-0210-0000", "PROPTYPE": "PARCEL", "YEAR": 2023, "GLYEAR": 2022, "TOWN": "BARRE CITY", "TNAME": "Barre City", "SOURCENAME": null, "SOURCETYPE": "UNKNOWN", "SOURCEDATE": "UNKNOWN", "EDITMETHOD": "UNKNOWN", "EDITOR": "UNKNOWN", "EDITDATE": "UNKNOWN", "MATCHSTAT": "MATCH", "EDITNOTE": "UNKNOWN", "OWNER1": "PARKER RENEE B & DION ZACK E", "OWNER2": "", "ADDRGL1": "210 MERCHANT ST", "ADDRGL2": "", "CITYGL": "BARRE", "STGL": "VT", "ZIPGL": "05641", "DESCPROP": "1 FAM-W/ACC APT OVER GARAGE-0.82AC", "LOCAPROP": "MERCHANT ST  210", "CAT": "Residential-1", "RESCODE": "T", "ACRESGL": 0.82, "REAL_FLV": 199800, "HSTED_FLV": 199800, "NRES_FLV": 0, "LAND_LV": 30300, "IMPRV_LV": 169500, "EQUIPVAL": 0, "EQUIPCODE": "", "INVENVAL": 0, "HSDECL": "Y", "HSITEVAL": 199800, "VETEXAMT": 0, "EXPDESC": "", "ENDDATE": "", "STATUTE": "", "EXAMT_HS": 0, "EXAMT_NR": 0, "UVREDUC_HS": 0, "UVREDUC_NR": 0, "GLVAL_HS": 1998.0, "GLVAL_NR": 0.0, "CRHOUSPCT": 0.0, "MUNGL1PCT": 1998.0, "AOEGL_HS": 1998.0, "AOEGL_NR": 0.0, "E911ADDR": "210 MERCHANT ST", "SHAPE_Length": 0.003412096642919229, "SHAPE_Area": 3.701874103182221e-07}, "geometry": {"type": "MultiPolygon", "coordinates": [[[[-72.49922506299998, 44.20835238900003], [-72.49922967499998, 44.20834425500004], [-72.49944669799999, 44.20840768900007], [-72.49961995399997, 44.208496471000046], [-72.49950842799996, 44.20860599900004], [-72.49937162499998, 44.20874035000003], [-72.49959378499995, 44.20888672700005], [-72.49904108499999, 44.20918465600005], [-72.49874207299996, 44.20952908500004], [-72.49887800799996, 44.20918398300006], [-72.49898276799996, 44.20874395000004], [-72.49918504299995, 44.208425834000025], [-72.49922506299998, 44.20835238900003]]]]}}, {"type": "Feature", "properties": {"OBJECTID": 193773, "SPAN": "039-012-10054", "GLIST_SPAN": "039-012-10054", "MAPID": "037/020.00", "PARCID": "037/020.00", "PROPTYPE": "PARCEL", "YEAR": 2022, "GLYEAR": 2022, "TOWN": "BARRE TOWN", "TNAME": "Barre Town", "SOURCENAME": null, "SOURCETYPE": "UNKNOWN", "SOURCEDATE": "UNKNOWN", "EDITMETHOD": "UNKNOWN", "EDITOR": "UNKNOWN", "EDITDATE": "UNKNOWN", "MATCHSTAT": "MATCH", "EDITNOTE": "UNKNOWN", "OWNER1": "ALLEN BURNIE B & DEBRA N LE", "OWNER2": "", "ADDRGL1": "16 EAST ST EXT", "ADDRGL2": "", "CITYGL": "BARRE", "STGL": "VT", "ZIPGL": "05641-8321", "DESCPROP": "COMBINATION 37/20 & 37/22", "LOCAPROP": "", "CAT": "Residential-1", "RESCODE": "T", "ACRESGL": 1.03, "REAL_FLV": 346300, "HSTED_FLV": 346300, "NRES_FLV": 0, "LAND_LV": 77000, "IMPRV_LV": 269300, "EQUIPVAL": 0, "EQUIPCODE": "", "INVENVAL": 0, "HSDECL": "Y", "HSITEVAL": 346300, "VETEXAMT": 0, "EXPDESC": "", "ENDDATE": "", "STATUTE": "", "EXAMT_HS": 0, "EXAMT_NR": 0, "UVREDUC_HS": 0, "UVREDUC_NR": 0, "GLVAL_HS": 3463.0, "GLVAL_NR": 0.0, "CRHOUSPCT": 0.0, "MUNGL1PCT": 3463.0, "AOEGL_HS": 3463.0, "AOEGL_NR": 0.0, "E911ADDR": "16 EAST ST EXT", "SHAPE_Length": 0.003079403132578987, "SHAPE_Area": 4.0418284510520536e-07}, "geometry": {"type": "MultiPolygon", "coordinates": [[[[-72.49236271799998, 44.206644478000044], [-72.49190644299995, 44.20653152700004], [-72.49188062999997, 44.20658257000008], [-72.49169999599997, 44.20654613700003], [-72.49167809499994, 44.20658733700003], [-72.49137039399994, 44.20651587800006], [-72.49137977999999, 44.20649619100004], [-72.49139777099998, 44.20646033300005], [-72.49141458799994, 44.20642672500003], [-72.49143062399997, 44.20639607100003], [-72.49144470399995, 44.20636893200003], [-72.49145800099996, 44.206345027000054], [-72.49146973399996, 44.20632393400007], [-72.49148068399995, 44.206305232000034], [-72.49149046099996, 44.206288639000036], [-72.49149984699994, 44.20627345300005], [-72.49150884199997, 44.20625939100006], [-72.49151783599996, 44.20624617300007], [-72.49152604899996, 44.20623323600006], [-72.49153465299997, 44.206220862000066], [-72.49154286499999, 44.20620876900006], [-72.49155107799999, 44.20619723800007], [-72.49155928999994, 44.20618598900006], [-72.49156789299997, 44.20617488100004], [-72.49157649699998, 44.20616391200008], [-72.49158549199996, 44.20615308500004], [-72.49159526699998, 44.20614211700007], [-72.49160543499994, 44.20613086800006], [-72.49161638399994, 44.20611919700008], [-72.49162811599996, 44.20610696400007], [-72.49164062899996, 44.20609430800005], [-72.49165431599994, 44.20608095100005], [-72.49166878399996, 44.20606674800007], [-72.49168442599995, 44.20605170300007], [-72.49170124099999, 44.20603567300003], [-72.49171883799994, 44.20601908100008], [-72.49173721699998, 44.20600178500007], [-72.49175285899997, 44.20598688000007], [-72.49217472299995, 44.20608914300004], [-72.49207147199996, 44.20631061800003], [-72.49247183499995, 44.206414566000035], [-72.49236271799998, 44.206644478000044]]]]}}, {"type": "Feature", "properties": {"OBJECTID": 193787, "SPAN": "039-012-10061", "GLIST_SPAN": "039-012-10061", "MAPID": "009/060.00", "PARCID": "009/060.00", "PROPTYPE": "PARCEL", "YEAR": 2022, "GLYEAR": 2022, "TOWN": "BARRE TOWN", "TNAME": "Barre Town", "SOURCENAME": null, "SOURCETYPE": "UNKNOWN", "SOURCEDATE": "UNKNOWN", "EDITMETHOD": "UNKNOWN", "EDITOR": "UNKNOWN", "EDITDATE": "UNKNOWN", "MATCHSTAT": "MATCH", "EDITNOTE": "UNKNOWN", "OWNER1": "ALLEN LANCE C & GLENDA A", "OWNER2": "", "ADDRGL1": "20 CAMELS HUMP DR", "ADDRGL2": "", "CITYGL": "BARRE", "STGL": "VT", "ZIPGL": "05641", "DESCPROP": "HSE & .62 ACRES", "LOCAPROP": "", "CAT": "Residential-1", "RESCODE": "T", "ACRESGL": 0.62, "REAL_FLV": 389670, "HSTED_FLV": 0, "NRES_FLV": 389670, "LAND_LV": 44000, "IMPRV_LV": 345670, "EQUIPVAL": 0, "EQUIPCODE": "", "INVENVAL": 0, "HSDECL": "N", "HSITEVAL": 389670, "VETEXAMT": 0, "EXPDESC": "", "ENDDATE": "", "STATUTE": "", "EXAMT_HS": 0, "EXAMT_NR": 0, "UVREDUC_HS": 0, "UVREDUC_NR": 0, "GLVAL_HS": 0.0, "GLVAL_NR": 3896.7, "CRHOUSPCT": 0.0, "MUNGL1PCT": 3896.7, "AOEGL_HS": 0.0, "AOEGL_NR": 3896.7, "E911ADDR": "20 CAMELS HUMP DR", "SHAPE_Length": 0.0021552560456048835, "SHAPE_Area": 2.7686683269413107e-07}, "geometry": {"type": "MultiPolygon", "coordinates": [[[[-72.49283078599996, 44.20624907500007], [-72.49285151499998, 44.20620576400006], [-72.49323975499993, 44.20632039600008], [-72.49297694099994, 44.20688934400005], [-72.49263520999995, 44.20689382200004], [-72.49256210399994, 44.20681478600005], [-72.49256562299996, 44.20680747400007], [-72.49257383699995, 44.20679060000003], [-72.49258204999995, 44.20677232000003], [-72.49259104599997, 44.20675291400005], [-72.49260043199996, 44.20673238400008], [-72.49261060099997, 44.206710447000034], [-72.49262155099996, 44.206687104000025], [-72.49263289299995, 44.20666263700008], [-72.49264501699997, 44.206636622000076], [-72.49265792299997, 44.20660906000006], [-72.49267200199995, 44.20657967100004], [-72.49268686399995, 44.20654845400003], [-72.49270289999998, 44.20651498600006], [-72.49272010799996, 44.20647912800007], [-72.49273848799999, 44.20644088000006], [-72.49275843499998, 44.20640010000005], [-72.49277955399998, 44.20635594600003], [-72.49280340999996, 44.20630644800008], [-72.49283078599996, 44.20624907500007]]]]}}, {"type": "Feature", "properties": {"OBJECTID": 194690, "SPAN": "039-012-11665", "GLIST_SPAN": "039-012-11665", "MAPID": "009/059.00", "PARCID": "009/059.00", "PROPTYPE": "PARCEL", "YEAR": 2022, "GLYEAR": 2022, "TOWN": "BARRE TOWN", "TNAME": "Barre Town", "SOURCENAME": null, "SOURCETYPE": "UNKNOWN", "SOURCEDATE": "UNKNOWN", "EDITMETHOD": "UNKNOWN", "EDITOR": "UNKNOWN", "EDITDATE": "UNKNOWN", "MATCHSTAT": "MATCH", "EDITNOTE": "UNKNOWN", "OWNER1": "HEBERT BEVERLY PERRIN & HOOD M P", "OWNER2": "C/O MARGARET PERRIN HOOD", "ADDRGL1": "31 ONWARD ST", "ADDRGL2": "", "CITYGL": "BARRE", "STGL": "VT", "ZIPGL": "05641", "DESCPROP": "19.2 ACRES", "LOCAPROP": "", "CAT": "Miscellaneous", "RESCODE": "S", "ACRESGL": 19.2, "REAL_FLV": 70020, "HSTED_FLV": 0, "NRES_FLV": 70020, "LAND_LV": 70020, "IMPRV_LV": 0, "EQUIPVAL": 0, "EQUIPCODE": "", "INVENVAL": 0, "HSDECL": "N", "HSITEVAL": 0, "VETEXAMT": 0, "EXPDESC": "", "ENDDATE": "", "STATUTE": "", "EXAMT_HS": 0, "EXAMT_NR": 0, "UVREDUC_HS": 0, "UVREDUC_NR": 0, "GLVAL_HS": 0.0, "GLVAL_NR": 700.2, "CRHOUSPCT": 0.0, "MUNGL1PCT": 700.2, "AOEGL_HS": 0.0, "AOEGL_NR": 700.2, "E911ADDR": "MAPLEWOOD AVE", "SHAPE_Length": 0.012468240532952557, "SHAPE_Area": 8.859204197038113e-06}, "geometry": {"type": "MultiPolygon", "coordinates": [[[[-72.49351859999996, 44.20571713800007], [-72.49380397899995, 44.205175086000054], [-72.49598808099995, 44.20570628200005], [-72.49600215599997, 44.20571036000007], [-72.49434407199993, 44.209264725000025], [-72.49209382099997, 44.20876674900006], [-72.49290576099997, 44.20704290000003], [-72.49294526399996, 44.20694601200006], [-72.49297694099994, 44.20688934400005], [-72.49323975499993, 44.20632039600008], [-72.49339110799997, 44.205978971000036], [-72.49351859999996, 44.20571713800007]]]]}}, {"type": "Feature", "properties": {"OBJECTID": 195285, "SPAN": "039-012-11116", "GLIST_SPAN": "039-012-11116", "MAPID": "009/062.00", "PARCID": "009/062.00", "PROPTYPE": "PARCEL", "YEAR": 2022, "GLYEAR": 2022, "TOWN": "BARRE TOWN", "TNAME": "Barre Town", "SOURCENAME": null, "SOURCETYPE": "UNKNOWN", "SOURCEDATE": "UNKNOWN", "EDITMETHOD": "UNKNOWN", "EDITOR": "UNKNOWN", "EDITDATE": "UNKNOWN", "MATCHSTAT": "MATCH", "EDITNOTE": "UNKNOWN", "OWNER1": "DUFF RAYMOND FRANCIS (REV TR)", "OWNER2": "DUFF CENTHY MARTIN (REV TR)", "ADDRGL1": "PO BOX 414", "ADDRGL2": "", "CITYGL": "WILLIAMSTOWN", "STGL": "VT", "ZIPGL": "05679-0414", "DESCPROP": "HSE & .66 ACRES", "LOCAPROP": "", "CAT": "Residential-1", "RESCODE": "T", "ACRESGL": 0.66, "REAL_FLV": 370720, "HSTED_FLV": 370720, "NRES_FLV": 0, "LAND_LV": 40000, "IMPRV_LV": 330720, "EQUIPVAL": 0, "EQUIPCODE": "", "INVENVAL": 0, "HSDECL": "Y", "HSITEVAL": 370720, "VETEXAMT": 0, "EXPDESC": "", "ENDDATE": "", "STATUTE": "", "EXAMT_HS": 0, "EXAMT_NR": 0, "UVREDUC_HS": 0, "UVREDUC_NR": 0, "GLVAL_HS": 3707.0, "GLVAL_NR": 0.0, "CRHOUSPCT": 0.0, "MUNGL1PCT": 3707.2, "AOEGL_HS": 3707.0, "AOEGL_NR": 0.0, "E911ADDR": "9 CAMELS HUMP DR", "SHAPE_Length": 0.0025852582433800826, "SHAPE_Area": 3.2026469352387184e-07}, "geometry": {"type": "MultiPolygon", "coordinates": [[[[-72.49207147199996, 44.20631061800003], [-72.49217472299995, 44.20608914300004], [-72.49222437799995, 44.20610067800004], [-72.49226542999997, 44.20611080600003], [-72.49238276099999, 44.20585192500005], [-72.49250634499998, 44.20559740500005], [-72.49288793499994, 44.205712178000056], [-72.49282379699997, 44.20584661000004], [-72.49276904499999, 44.20596051200005], [-72.49272328799998, 44.20605655500003], [-72.49268456899995, 44.20613712900007], [-72.49265406399996, 44.20620111100004], [-72.49257977699995, 44.20618802900003], [-72.49247183499995, 44.206414566000035], [-72.49207147199996, 44.20631061800003]]]]}}, {"type": "Feature", "properties": {"OBJECTID": 195625, "SPAN": "039-012-11347", "GLIST_SPAN": "039-012-11347", "MAPID": "009/060.02", "PARCID": "009/060.02", "PROPTYPE": "PARCEL", "YEAR": 2022, "GLYEAR": 2022, "TOWN": "BARRE TOWN", "TNAME": "Barre Town", "SOURCENAME": null, "SOURCETYPE": "UNKNOWN", "SOURCEDATE": "UNKNOWN", "EDITMETHOD": "UNKNOWN", "EDITOR": "UNKNOWN", "EDITDATE": "UNKNOWN", "MATCHSTAT": "MATCH", "EDITNOTE": "UNKNOWN", "OWNER1": "MCCANN CATHLEEN C", "OWNER2": "", "ADDRGL1": "6 CAMELS HUMP DR", "ADDRGL2": "", "CITYGL": "BARRE", "STGL": "VT", "ZIPGL": "05641-8320", "DESCPROP": "HSE & LOT (.23 ACRES)", "LOCAPROP": "", "CAT": "Residential-1", "RESCODE": "T", "ACRESGL": 0.23, "REAL_FLV": 247370, "HSTED_FLV": 247370, "NRES_FLV": 0, "LAND_LV": 44000, "IMPRV_LV": 203370, "EQUIPVAL": 0, "EQUIPCODE": "", "INVENVAL": 0, "HSDECL": "Y", "HSITEVAL": 247370, "VETEXAMT": 0, "EXPDESC": "", "ENDDATE": "", "STATUTE": "", "EXAMT_HS": 0, "EXAMT_NR": 0, "UVREDUC_HS": 0, "UVREDUC_NR": 0, "GLVAL_HS": 2474.0, "GLVAL_NR": 0.0, "CRHOUSPCT": 0.0, "MUNGL1PCT": 2473.7, "AOEGL_HS": 2474.0, "AOEGL_NR": 0.0, "E911ADDR": "6 CAMELS HUMP DR", "SHAPE_Length": 0.0013707066098561655, "SHAPE_Area": 1.1176069428062423e-07}, "geometry": {"type": "MultiPolygon", "coordinates": [[[[-72.49300638499994, 44.20588163700006], [-72.49312977099999, 44.20562651800003], [-72.49351859999996, 44.20571713800007], [-72.49339110799997, 44.205978971000036], [-72.49300638499994, 44.20588163700006]]]]}}, {"type": "Feature", "properties": {"OBJECTID": 196276, "SPAN": "039-012-10773", "GLIST_SPAN": "039-012-10773", "MAPID": "037/017.00", "PARCID": "037/017.00", "PROPTYPE": "PARCEL", "YEAR": 2022, "GLYEAR": 2022, "TOWN": "BARRE TOWN", "TNAME": "Barre Town", "SOURCENAME": null, "SOURCETYPE": "UNKNOWN", "SOURCEDATE": "UNKNOWN", "EDITMETHOD": "UNKNOWN", "EDITOR": "UNKNOWN", "EDITDATE": "UNKNOWN", "MATCHSTAT": "MATCH", "EDITNOTE": "UNKNOWN", "OWNER1": "CHRISTIE NOEL C & JEANNINE", "OWNER2": "", "ADDRGL1": "6 EAST ST EXT", "ADDRGL2": "", "CITYGL": "BARRE", "STGL": "VT", "ZIPGL": "05641-8321", "DESCPROP": "HSE & LOT (.23 ACRES)", "LOCAPROP": "", "CAT": "Residential-1", "RESCODE": "T", "ACRESGL": 0.23, "REAL_FLV": 198930, "HSTED_FLV": 198930, "NRES_FLV": 0, "LAND_LV": 45000, "IMPRV_LV": 153930, "EQUIPVAL": 0, "EQUIPCODE": "", "INVENVAL": 0, "HSDECL": "Y", "HSITEVAL": 198930, "VETEXAMT": 0, "EXPDESC": "", "ENDDATE": "", "STATUTE": "", "EXAMT_HS": 0, "EXAMT_NR": 0, "UVREDUC_HS": 0, "UVREDUC_NR": 0, "GLVAL_HS": 1989.0, "GLVAL_NR": 0.0, "CRHOUSPCT": 0.0, "MUNGL1PCT": 1989.3, "AOEGL_HS": 1989.0, "AOEGL_NR": 0.0, "E911ADDR": "6 EAST ST EXT", "SHAPE_Length": 0.0013724492472475223, "SHAPE_Area": 1.0955218000706741e-07}, "geometry": {"type": "MultiPolygon", "coordinates": [[[[-72.49212983399997, 44.20553283300006], [-72.49214977899999, 44.20549303800004], [-72.49250634499998, 44.20559740500005], [-72.49238276099999, 44.20585192500005], [-72.49198631099995, 44.20575514900003], [-72.49199530599998, 44.20574488400007], [-72.49200742799997, 44.205730120000055], [-72.49201994099997, 44.205714371000056], [-72.49203284699996, 44.205697357000076], [-72.49204575099998, 44.20567879500004], [-72.49205904799999, 44.20565854600005], [-72.49207351799998, 44.20563548500007], [-72.49208955099994, 44.205608064000046], [-72.49210793299994, 44.20557445600008], [-72.49212983399997, 44.20553283300006]]]]}}, {"type": "Feature", "properties": {"OBJECTID": 196956, "SPAN": "039-012-12776", "GLIST_SPAN": "039-012-12776", "MAPID": "037/021.00", "PARCID": "037/021.00", "PROPTYPE": "PARCEL", "YEAR": 2022, "GLYEAR": 2022, "TOWN": "BARRE TOWN", "TNAME": "Barre Town", "SOURCENAME": null, "SOURCETYPE": "UNKNOWN", "SOURCEDATE": "UNKNOWN", "EDITMETHOD": "UNKNOWN", "EDITOR": "UNKNOWN", "EDITDATE": "UNKNOWN", "MATCHSTAT": "MATCH", "EDITNOTE": "UNKNOWN", "OWNER1": "PINARD FRANCIS LE", "OWNER2": "PINARD FRANCIS L ET AL", "ADDRGL1": "103 MAPLEWOOD AVE", "ADDRGL2": "", "CITYGL": "BARRE", "STGL": "VT", "ZIPGL": "05641-3032", "DESCPROP": "HSE & LOT (.84 ACRES)", "LOCAPROP": "", "CAT": "Residential-1", "RESCODE": "T", "ACRESGL": 0.84, "REAL_FLV": 237020, "HSTED_FLV": 237020, "NRES_FLV": 0, "LAND_LV": 45000, "IMPRV_LV": 192020, "EQUIPVAL": 0, "EQUIPCODE": "", "INVENVAL": 0, "HSDECL": "Y", "HSITEVAL": 237020, "VETEXAMT": 0, "EXPDESC": "", "ENDDATE": "", "STATUTE": "", "EXAMT_HS": 0, "EXAMT_NR": 0, "UVREDUC_HS": 0, "UVREDUC_NR": 0, "GLVAL_HS": 2370.0, "GLVAL_NR": 0.0, "CRHOUSPCT": 0.0, "MUNGL1PCT": 2370.2, "AOEGL_HS": 2370.0, "AOEGL_NR": 0.0, "E911ADDR": "103 MAPLEWOOD AVE", "SHAPE_Length": 0.002703866615173978, "SHAPE_Area": 3.3397713624334867e-07}, "geometry": {"type": "MultiPolygon", "coordinates": [[[[-72.49132541499995, 44.20661051400003], [-72.49134340599994, 44.20657198500004], [-72.49136178899994, 44.20653359500005], [-72.49137039399994, 44.20651587800006], [-72.49167809499994, 44.20658733700003], [-72.49169999599997, 44.20654613700003], [-72.49188062999997, 44.20658257000008], [-72.49190644299995, 44.20653152700004], [-72.49236271799998, 44.206644478000044], [-72.49231461299996, 44.20673770800005], [-72.49230679199997, 44.20675205200007], [-72.49230092599998, 44.206764847000045], [-72.49229349399997, 44.206780597000034], [-72.49228801799995, 44.206796206000035], [-72.49227628599994, 44.206813502000045], [-72.49226650999998, 44.20683065700007], [-72.49225125799995, 44.20684795300008], [-72.49223757199996, 44.206863561000034], [-72.49220433399995, 44.20688113700004], [-72.49219260299998, 44.20688563600004], [-72.49216679699998, 44.20689154100006], [-72.49206357299994, 44.20689856400003], [-72.49204363299998, 44.20689729800006], [-72.49149780299996, 44.206895289000045], [-72.49134609699996, 44.20689443500004], [-72.49128627499994, 44.20688655500004], [-72.49127610899995, 44.20688247600003], [-72.49126008099995, 44.206871084000056], [-72.49125187099997, 44.20686138100007], [-72.49124600899995, 44.20684717700004], [-72.49123975399993, 44.20683452000003], [-72.49125931499998, 44.20676027300004], [-72.49126205299996, 44.20675324200005], [-72.49127574299996, 44.206720337000036], [-72.49129138799998, 44.206685323000045], [-72.49130781499997, 44.20664848100006], [-72.49132541499995, 44.20661051400003]]]]}}, {"type": "Feature", "properties": {"OBJECTID": 197299, "SPAN": "039-012-12521", "GLIST_SPAN": "039-012-12521", "MAPID": "009/063.00", "PARCID": "009/063.00", "PROPTYPE": "PARCEL", "YEAR": 2022, "GLYEAR": 2022, "TOWN": "BARRE TOWN", "TNAME": "Barre Town", "SOURCENAME": null, "SOURCETYPE": "UNKNOWN", "SOURCEDATE": "UNKNOWN", "EDITMETHOD": "UNKNOWN", "EDITOR": "UNKNOWN", "EDITDATE": "UNKNOWN", "MATCHSTAT": "MATCH", "EDITNOTE": "UNKNOWN", "OWNER1": "MUGFORD LIVING TRUST LE", "OWNER2": "", "ADDRGL1": "102 MAPLEWOOD AVE", "ADDRGL2": "", "CITYGL": "BARRE", "STGL": "VT", "ZIPGL": "05641-3032", "DESCPROP": "HSE & 5.98 ACRES", "LOCAPROP": "", "CAT": "Residential-1", "RESCODE": "T", "ACRESGL": 5.98, "REAL_FLV": 316980, "HSTED_FLV": 316980, "NRES_FLV": 0, "LAND_LV": 58940, "IMPRV_LV": 258040, "EQUIPVAL": 0, "EQUIPCODE": "", "INVENVAL": 0, "HSDECL": "Y", "HSITEVAL": 303040, "VETEXAMT": 0, "EXPDESC": "", "ENDDATE": "", "STATUTE": "", "EXAMT_HS": 0, "EXAMT_NR": 0, "UVREDUC_HS": 0, "UVREDUC_NR": 0, "GLVAL_HS": 3170.0, "GLVAL_NR": 0.0, "CRHOUSPCT": 0.0, "MUNGL1PCT": 3169.8, "AOEGL_HS": 3170.0, "AOEGL_NR": 0.0, "E911ADDR": "102 MAPLEWOOD AVE", "SHAPE_Length": 0.006910582453079841, "SHAPE_Area": 2.849361639821096e-06}, "geometry": {"type": "MultiPolygon", "coordinates": [[[[-72.49141958399997, 44.20703351600008], [-72.49145477299999, 44.20703309700008], [-72.49148996299994, 44.20703281900006], [-72.49152397899996, 44.20703254000006], [-72.49155760499997, 44.20703240200004], [-72.49159083999996, 44.20703226400008], [-72.49162446599996, 44.207032266000056], [-72.49165809199997, 44.20703226900008], [-72.49169249999994, 44.20703227100006], [-72.49172807999997, 44.207032414000025], [-72.49176522499994, 44.20703255700005], [-72.49180354299995, 44.20703270100006], [-72.49182856599998, 44.207032844000025], [-72.49184342399997, 44.20703298500007], [-72.49188369599995, 44.207033128000035], [-72.49192475199999, 44.20703327200005], [-72.49196580599994, 44.20703327500007], [-72.49200607899996, 44.20703327800004], [-72.49204517899994, 44.207033281000065], [-72.49208349599996, 44.20703300200006], [-72.49211985899996, 44.20703258200007], [-72.49215426599994, 44.20703202200008], [-72.49218750199998, 44.20703104100005], [-72.49219180099993, 44.20704243100005], [-72.49290576099997, 44.20704290000003], [-72.49209382099997, 44.20876674900006], [-72.49136500799995, 44.20858416800007], [-72.49052202799999, 44.20838990000004], [-72.49074423799993, 44.207629567000026], [-72.49091206599996, 44.207059634000075], [-72.49092653199995, 44.20705865000008], [-72.49095155599997, 44.20705682400006], [-72.49097736199997, 44.20705485700006], [-72.49100355999997, 44.207052891000046], [-72.49103053799996, 44.207050784000046], [-72.49105829999996, 44.20704853600006], [-72.49108684299995, 44.20704642800007], [-72.49111616799996, 44.20704432100007], [-72.49114627499995, 44.207042355000056], [-72.49117716399996, 44.20704053000003], [-72.49120922599997, 44.207038985000054], [-72.49124246099996, 44.207037581000066], [-72.49127686899999, 44.20703645900005], [-72.49131205899994, 44.20703547800008], [-72.49134763999996, 44.20703463600006], [-72.49138361199994, 44.20703393600007], [-72.49141958399997, 44.20703351600008]]]]}}, {"type": "Feature", "properties": {"OBJECTID": 197555, "SPAN": "039-012-12668", "GLIST_SPAN": "039-012-12668", "MAPID": "009/060.01", "PARCID": "009/060.01", "PROPTYPE": "PARCEL", "YEAR": 2022, "GLYEAR": 2022, "TOWN": "BARRE TOWN", "TNAME": "Barre Town", "SOURCENAME": null, "SOURCETYPE": "UNKNOWN", "SOURCEDATE": "UNKNOWN", "EDITMETHOD": "UNKNOWN", "EDITOR": "UNKNOWN", "EDITDATE": "UNKNOWN", "MATCHSTAT": "MATCH", "EDITNOTE": "UNKNOWN", "OWNER1": "PARNIGONI RONALD & MARY ANNE", "OWNER2": "", "ADDRGL1": "C/O PARNIGONI MARY ANNE", "ADDRGL2": "10 CAMELS HUMP DR", "CITYGL": "BARRE", "STGL": "VT", "ZIPGL": "05641-8320", "DESCPROP": "HSE & .31 ACRES", "LOCAPROP": "", "CAT": "Residential-1", "RESCODE": "T", "ACRESGL": 0.31, "REAL_FLV": 368160, "HSTED_FLV": 0, "NRES_FLV": 368160, "LAND_LV": 44000, "IMPRV_LV": 324160, "EQUIPVAL": 0, "EQUIPCODE": "", "INVENVAL": 0, "HSDECL": "N", "HSITEVAL": 0, "VETEXAMT": 0, "EXPDESC": "", "ENDDATE": "", "STATUTE": "", "EXAMT_HS": 0, "EXAMT_NR": 0, "UVREDUC_HS": 0, "UVREDUC_NR": 0, "GLVAL_HS": 0.0, "GLVAL_NR": 3681.6, "CRHOUSPCT": 0.0, "MUNGL1PCT": 3681.6, "AOEGL_HS": 0.0, "AOEGL_NR": 3681.6, "E911ADDR": "10 CAMELS HUMP DR", "SHAPE_Length": 0.0015343488696391422, "SHAPE_Area": 1.4483511800504984e-07}, "geometry": {"type": "MultiPolygon", "coordinates": [[[[-72.49300208299996, 44.20589063600005], [-72.49300638499994, 44.20588163700006], [-72.49339110799997, 44.205978971000036], [-72.49323975499993, 44.20632039600008], [-72.49285151499998, 44.20620576400006], [-72.49286324699995, 44.20618129700006], [-72.49290157399997, 44.20610072200003], [-72.49294772199994, 44.206004679000046], [-72.49300208299996, 44.20589063600005]]]]}}, {"type": "Feature", "properties": {"OBJECTID": 197573, "SPAN": "039-012-12678", "GLIST_SPAN": "039-012-12678", "MAPID": "037/018.00", "PARCID": "037/018.00", "PROPTYPE": "PARCEL", "YEAR": 2022, "GLYEAR": 2022, "TOWN": "BARRE TOWN", "TNAME": "Barre Town", "SOURCENAME": null, "SOURCETYPE": "UNKNOWN", "SOURCEDATE": "UNKNOWN", "EDITMETHOD": "UNKNOWN", "EDITOR": "UNKNOWN", "EDITDATE": "UNKNOWN", "MATCHSTAT": "MATCH", "EDITNOTE": "UNKNOWN", "OWNER1": "DELANEY COURTNEY", "OWNER2": "", "ADDRGL1": "C/O VAN LUVENDER BRANDON G & ANNA V", "ADDRGL2": "10 EAST ST EXT", "CITYGL": "BARRE", "STGL": "VT", "ZIPGL": "05641", "DESCPROP": "HSE & LOT (.29 ACRES)", "LOCAPROP": "", "CAT": "Residential-1", "RESCODE": "T", "ACRESGL": 0.29, "REAL_FLV": 176340, "HSTED_FLV": 0, "NRES_FLV": 176340, "LAND_LV": 40000, "IMPRV_LV": 136340, "EQUIPVAL": 0, "EQUIPCODE": "", "INVENVAL": 0, "HSDECL": "N", "HSITEVAL": 176340, "VETEXAMT": 0, "EXPDESC": "", "ENDDATE": "", "STATUTE": "", "EXAMT_HS": 0, "EXAMT_NR": 0, "UVREDUC_HS": 0, "UVREDUC_NR": 0, "GLVAL_HS": 0.0, "GLVAL_NR": 1763.4, "CRHOUSPCT": 0.0, "MUNGL1PCT": 1763.4, "AOEGL_HS": 0.0, "AOEGL_NR": 1763.4, "E911ADDR": "10 EAST ST EXT", "SHAPE_Length": 0.0015486724226735896, "SHAPE_Area": 1.3028020821400328e-07}, "geometry": {"type": "MultiPolygon", "coordinates": [[[[-72.49198279199999, 44.20575894600006], [-72.49198631099995, 44.20575514900003], [-72.49238276099999, 44.20585192500005], [-72.49226542999997, 44.20611080600003], [-72.49222437799995, 44.20610067800004], [-72.49217472299995, 44.20608914300004], [-72.49175285899997, 44.20598688000007], [-72.49175598699998, 44.20598406800008], [-72.49177475699997, 44.205966069000056], [-72.49179391799998, 44.205947930000036], [-72.49181268799998, 44.20592993200006], [-72.49183145799998, 44.205912074000025], [-72.49184944599995, 44.20589477900006], [-72.49186665099995, 44.205877764000036], [-72.49188346699998, 44.20586117200003], [-72.49189949899994, 44.205845142000044], [-72.49191514099994, 44.205829675000075], [-72.49193, 44.20581462900003], [-72.49194407799996, 44.20580014600006], [-72.49195737299993, 44.205786225000054], [-72.49197027899999, 44.205772585000034], [-72.49198279199999, 44.20575894600006]]]]}}, {"type": "Feature", "properties": {"OBJECTID": 193729, "SPAN": "039-012-10029", "GLIST_SPAN": "039-012-10029", "MAPID": "037/026.00", "PARCID": "037/026.00", "PROPTYPE": "PARCEL", "YEAR": 2022, "GLYEAR": 2022, "TOWN": "BARRE TOWN", "TNAME": "Barre Town", "SOURCENAME": null, "SOURCETYPE": "UNKNOWN", "SOURCEDATE": "UNKNOWN", "EDITMETHOD": "UNKNOWN", "EDITOR": "UNKNOWN", "EDITDATE": "UNKNOWN", "MATCHSTAT": "MATCH", "EDITNOTE": "UNKNOWN", "OWNER1": "BISSON MARK A & TINA Z", "OWNER2": "", "ADDRGL1": "9 EAST ST EXT", "ADDRGL2": "", "CITYGL": "BARRE", "STGL": "VT", "ZIPGL": "05641", "DESCPROP": "HSE & LOT (.23 ACRES)", "LOCAPROP": "", "CAT": "Residential-1", "RESCODE": "T", "ACRESGL": 0.23, "REAL_FLV": 166750, "HSTED_FLV": 166750, "NRES_FLV": 0, "LAND_LV": 40000, "IMPRV_LV": 126750, "EQUIPVAL": 0, "EQUIPCODE": "", "INVENVAL": 0, "HSDECL": "Y", "HSITEVAL": 166750, "VETEXAMT": 0, "EXPDESC": "", "ENDDATE": "", "STATUTE": "", "EXAMT_HS": 0, "EXAMT_NR": 0, "UVREDUC_HS": 0, "UVREDUC_NR": 0, "GLVAL_HS": 1668.0, "GLVAL_NR": 0.0, "CRHOUSPCT": 0.0, "MUNGL1PCT": 1667.5, "AOEGL_HS": 1668.0, "AOEGL_NR": 0.0, "E911ADDR": "9 EAST ST EXT", "SHAPE_Length": 0.0014297708581184226, "SHAPE_Area": 1.0593802142998205e-07}, "geometry": {"type": "MultiPolygon", "coordinates": [[[[-72.49138185499999, 44.20566904300006], [-72.49143699299998, 44.205614627000045], [-72.49180646299999, 44.20570451200007], [-72.49180177099998, 44.20570943300004], [-72.49178925699994, 44.205722510000044], [-72.49177557099995, 44.20573643100005], [-72.49176149399995, 44.20575077400008], [-72.49174663399998, 44.20576581900008], [-72.49173099199999, 44.205781287000036], [-72.49171456899995, 44.205797317000076], [-72.49169775299998, 44.20581390900003], [-72.49168015699996, 44.20583078300007], [-72.49166177699993, 44.205848219000075], [-72.49164339899994, 44.20586607700005], [-72.49162462899994, 44.20588393400004], [-72.49160546699994, 44.20590179200008], [-72.49158669699995, 44.20591951000006], [-72.49157261999994, 44.20593286700006], [-72.49119220199998, 44.205835387000036], [-72.49121644599995, 44.20581584200005], [-72.49124929299995, 44.20578786100003], [-72.49130403799995, 44.20574188100005], [-72.49132046199998, 44.20572782000005], [-72.49134900699994, 44.205702650000035], [-72.49138185499999, 44.20566904300006]]]]}}, {"type": "Feature", "properties": {"OBJECTID": 194628, "SPAN": "039-012-11600", "GLIST_SPAN": "039-012-11600", "MAPID": "037/049.00", "PARCID": "037/049.00", "PROPTYPE": "PARCEL", "YEAR": 2022, "GLYEAR": 2022, "TOWN": "BARRE TOWN", "TNAME": "Barre Town", "SOURCENAME": null, "SOURCETYPE": "UNKNOWN", "SOURCEDATE": "UNKNOWN", "EDITMETHOD": "UNKNOWN", "EDITOR": "UNKNOWN", "EDITDATE": "UNKNOWN", "MATCHSTAT": "MATCH", "EDITNOTE": "UNKNOWN", "OWNER1": "FINNEGAN KELLY", "OWNER2": "", "ADDRGL1": "123 CASSIE ST", "ADDRGL2": "", "CITYGL": "BARRE", "STGL": "VT", "ZIPGL": "05641-3265", "DESCPROP": "HSE & LOT (1.0 ACRES)", "LOCAPROP": "", "CAT": "Residential-1", "RESCODE": "T", "ACRESGL": 1.0, "REAL_FLV": 213920, "HSTED_FLV": 213920, "NRES_FLV": 0, "LAND_LV": 45000, "IMPRV_LV": 168920, "EQUIPVAL": 0, "EQUIPCODE": "", "INVENVAL": 0, "HSDECL": "Y", "HSITEVAL": 213920, "VETEXAMT": 0, "EXPDESC": "", "ENDDATE": "", "STATUTE": "", "EXAMT_HS": 0, "EXAMT_NR": 0, "UVREDUC_HS": 0, "UVREDUC_NR": 0, "GLVAL_HS": 2139.0, "GLVAL_NR": 0.0, "CRHOUSPCT": 0.0, "MUNGL1PCT": 2139.2, "AOEGL_HS": 2139.0, "AOEGL_NR": 0.0, "E911ADDR": "123 CASSIE ST", "SHAPE_Length": 0.002770066698955824, "SHAPE_Area": 4.6260857729934855e-07}, "geometry": {"type": "MultiPolygon", "coordinates": [[[[-72.48717739599994, 44.20823770000004], [-72.48742931899994, 44.20768985900003], [-72.48799468099998, 44.20781788700003], [-72.48818430899996, 44.20786135900005], [-72.48817413799998, 44.20788737400005], [-72.48815496899994, 44.20793504300008], [-72.48813423599995, 44.20798777500005], [-72.48811115399997, 44.208044725000036], [-72.48808689999998, 44.20810505000003], [-72.48806108099996, 44.20816790600003], [-72.48803447999995, 44.20823259000008], [-72.48800748799994, 44.20829825800007], [-72.48798010399997, 44.20836392700005], [-72.48796132699994, 44.20840822100007], [-72.48717739599994, 44.20823770000004]]]]}}, {"type": "Feature", "properties": {"OBJECTID": 195230, "SPAN": "039-012-11095", "GLIST_SPAN": "039-012-11095", "MAPID": "037/043.00", "PARCID": "037/043.00", "PROPTYPE": "PARCEL", "YEAR": 2022, "GLYEAR": 2022, "TOWN": "BARRE TOWN", "TNAME": "Barre Town", "SOURCENAME": null, "SOURCETYPE": "UNKNOWN", "SOURCEDATE": "UNKNOWN", "EDITMETHOD": "UNKNOWN", "EDITOR": "UNKNOWN", "EDITDATE": "UNKNOWN", "MATCHSTAT": "MATCH", "EDITNOTE": "UNKNOWN", "OWNER1": "DRANBAUER PAUL J & PATRICIA LE", "OWNER2": "ASHE TINA M & ROUELLE MARTIN D", "ADDRGL1": "25 GRACE AVE", "ADDRGL2": "", "CITYGL": "BARRE", "STGL": "VT", "ZIPGL": "05641-8329", "DESCPROP": "HSE & LOT (.24 ACRES)", "LOCAPROP": "", "CAT": "Residential-1", "RESCODE": "T", "ACRESGL": 0.24, "REAL_FLV": 158960, "HSTED_FLV": 158960, "NRES_FLV": 0, "LAND_LV": 40000, "IMPRV_LV": 118960, "EQUIPVAL": 0, "EQUIPCODE": "", "INVENVAL": 0, "HSDECL": "Y", "HSITEVAL": 158960, "VETEXAMT": 0, "EXPDESC": "", "ENDDATE": "", "STATUTE": "", "EXAMT_HS": 0, "EXAMT_NR": 0, "UVREDUC_HS": 0, "UVREDUC_NR": 0, "GLVAL_HS": 1590.0, "GLVAL_NR": 0.0, "CRHOUSPCT": 0.0, "MUNGL1PCT": 1589.6, "AOEGL_HS": 1590.0, "AOEGL_NR": 0.0, "E911ADDR": "25 GRACE AVE", "SHAPE_Length": 0.0014017033670771617, "SHAPE_Area": 1.1425433316890486e-07}, "geometry": {"type": "MultiPolygon", "coordinates": [[[[-72.48912491599998, 44.20652060800006], [-72.48923483399994, 44.20625540200007], [-72.48965474899995, 44.20631351800006], [-72.48964575299993, 44.206331799000054], [-72.48963049899999, 44.20636189100003], [-72.48961680899998, 44.20638874900004], [-72.48960468499996, 44.20641209200005], [-72.48959451599995, 44.20643177800008], [-72.48958591099995, 44.206447386000036], [-72.48957926099996, 44.20645990100007], [-72.48957339499998, 44.20646988400006], [-72.48956830999998, 44.20647860300005], [-72.48956322699996, 44.206486899000026], [-72.48955814099997, 44.206495758000074], [-72.48955227499994, 44.20650574200005], [-72.48954523499998, 44.20651769400007], [-72.48953702099993, 44.206532037000045], [-72.48952802599996, 44.206548489000056], [-72.48951824699998, 44.20656691000005], [-72.48951316399996, 44.20657619000008], [-72.48912491599998, 44.20652060800006]]]]}}, {"type": "Feature", "properties": {"OBJECTID": 195404, "SPAN": "039-012-12060", "GLIST_SPAN": "039-012-12060", "MAPID": "037/052.00", "PARCID": "037/052.00", "PROPTYPE": "PARCEL", "YEAR": 2022, "GLYEAR": 2022, "TOWN": "BARRE TOWN", "TNAME": "Barre Town", "SOURCENAME": null, "SOURCETYPE": "UNKNOWN", "SOURCEDATE": "UNKNOWN", "EDITMETHOD": "UNKNOWN", "EDITOR": "UNKNOWN", "EDITDATE": "UNKNOWN", "MATCHSTAT": "MATCH", "EDITNOTE": "UNKNOWN", "OWNER1": "LAROCHELLE MARCEL JR & JANET D", "OWNER2": "LAROCHELLE RJ & MARSH K", "ADDRGL1": "107 CASSIE ST", "ADDRGL2": "", "CITYGL": "BARRE", "STGL": "VT", "ZIPGL": "05641-3264", "DESCPROP": "HSE & LOT (.92 ACRES)", "LOCAPROP": "", "CAT": "Residential-1", "RESCODE": "T", "ACRESGL": 0.92, "REAL_FLV": 166300, "HSTED_FLV": 166300, "NRES_FLV": 0, "LAND_LV": 45000, "IMPRV_LV": 121300, "EQUIPVAL": 0, "EQUIPCODE": "", "INVENVAL": 0, "HSDECL": "Y", "HSITEVAL": 166300, "VETEXAMT": 0, "EXPDESC": "", "ENDDATE": "", "STATUTE": "", "EXAMT_HS": 0, "EXAMT_NR": 0, "UVREDUC_HS": 0, "UVREDUC_NR": 0, "GLVAL_HS": 1663.0, "GLVAL_NR": 0.0, "CRHOUSPCT": 0.0, "MUNGL1PCT": 1663.0, "AOEGL_HS": 1663.0, "AOEGL_NR": 0.0, "E911ADDR": "107 CASSIE ST", "SHAPE_Length": 0.0025413906655887106, "SHAPE_Area": 4.025511298347905e-07}, "geometry": {"type": "MultiPolygon", "coordinates": [[[[-72.48792731199995, 44.206477035000034], [-72.48802707399994, 44.20618595500008], [-72.48861705299998, 44.20632692000004], [-72.48861118399998, 44.206348294000065], [-72.48859905499995, 44.20639273000006], [-72.48858653499997, 44.206437728000026], [-72.48857401399994, 44.206483148000075], [-72.48856149399995, 44.206528709000054], [-72.48854897299998, 44.20657398900005], [-72.48853762599998, 44.20661462800007], [-72.48853645199995, 44.20661912800006], [-72.48852393199996, 44.206663423000066], [-72.48851180199995, 44.206706874000076], [-72.48850006399994, 44.20674906000005], [-72.48848871799999, 44.206789558000025], [-72.48847815299996, 44.20682822900005], [-72.48846797999994, 44.206864790000054], [-72.48845858899995, 44.20689882000005], [-72.48844959099995, 44.20693017800005], [-72.48844646099997, 44.20694255300003], [-72.48781698499994, 44.20680214500004], [-72.48792731199995, 44.206477035000034]]]]}}, {"type": "Feature", "properties": {"OBJECTID": 195459, "SPAN": "039-012-12085", "GLIST_SPAN": "039-012-12085", "MAPID": "037/041.00", "PARCID": "037/041.00", "PROPTYPE": "PARCEL", "YEAR": 2022, "GLYEAR": 2022, "TOWN": "BARRE TOWN", "TNAME": "Barre Town", "SOURCENAME": null, "SOURCETYPE": "UNKNOWN", "SOURCEDATE": "UNKNOWN", "EDITMETHOD": "UNKNOWN", "EDITOR": "UNKNOWN", "EDITDATE": "UNKNOWN", "MATCHSTAT": "MATCH", "EDITNOTE": "UNKNOWN", "OWNER1": "LAWRENCE JOHN E & VIVIAN J", "OWNER2": "", "ADDRGL1": "98 CASSIE ST", "ADDRGL2": "", "CITYGL": "BARRE", "STGL": "VT", "ZIPGL": "05641-3263", "DESCPROP": "HSE & LOT (.22 ACRES)", "LOCAPROP": "", "CAT": "Residential-1", "RESCODE": "T", "ACRESGL": 0.22, "REAL_FLV": 165840, "HSTED_FLV": 165840, "NRES_FLV": 0, "LAND_LV": 40000, "IMPRV_LV": 125840, "EQUIPVAL": 0, "EQUIPCODE": "", "INVENVAL": 0, "HSDECL": "Y", "HSITEVAL": 165840, "VETEXAMT": 0, "EXPDESC": "", "ENDDATE": "", "STATUTE": "", "EXAMT_HS": 0, "EXAMT_NR": 0, "UVREDUC_HS": 0, "UVREDUC_NR": 0, "GLVAL_HS": 1658.0, "GLVAL_NR": 0.0, "CRHOUSPCT": 0.0, "MUNGL1PCT": 1658.4, "AOEGL_HS": 1658.0, "AOEGL_NR": 0.0, "E911ADDR": "98 CASSIE ST", "SHAPE_Length": 0.0013208129646839098, "SHAPE_Area": 1.0492768497072211e-07}, "geometry": {"type": "MultiPolygon", "coordinates": [[[[-72.48884267799997, 44.206207412000026], [-72.48884541699994, 44.206197710000026], [-72.48923483399994, 44.20625540200007], [-72.48912491599998, 44.20652060800006], [-72.48877029499994, 44.20646924600004], [-72.48877185999999, 44.20646418300004], [-72.48878398899996, 44.20641918500007], [-72.48879650899994, 44.20637460900008], [-72.48880824699995, 44.206331017000025], [-72.48881998499996, 44.20628855000007], [-72.48883133199996, 44.206247208000036], [-72.48884267799997, 44.206207412000026]]]]}}, {"type": "Feature", "properties": {"OBJECTID": 195911, "SPAN": "039-012-10527", "GLIST_SPAN": "039-012-10527", "MAPID": "037/033.02", "PARCID": "037/033.02", "PROPTYPE": "PARCEL", "YEAR": 2022, "GLYEAR": 2022, "TOWN": "BARRE TOWN", "TNAME": "Barre Town", "SOURCENAME": null, "SOURCETYPE": "UNKNOWN", "SOURCEDATE": "UNKNOWN", "EDITMETHOD": "UNKNOWN", "EDITOR": "UNKNOWN", "EDITDATE": "UNKNOWN", "MATCHSTAT": "MATCH", "EDITNOTE": "UNKNOWN", "OWNER1": "BREER DONALD W LE", "OWNER2": "BREER MARC A & BREER MICHAEL W", "ADDRGL1": "28 GRACE AVE", "ADDRGL2": "", "CITYGL": "BARRE", "STGL": "VT", "ZIPGL": "05641-8329", "DESCPROP": "HSE & .39 ACRES", "LOCAPROP": "", "CAT": "Residential-1", "RESCODE": "T", "ACRESGL": 0.39, "REAL_FLV": 192820, "HSTED_FLV": 192820, "NRES_FLV": 0, "LAND_LV": 40000, "IMPRV_LV": 152820, "EQUIPVAL": 0, "EQUIPCODE": "", "INVENVAL": 0, "HSDECL": "Y", "HSITEVAL": 192820, "VETEXAMT": 0, "EXPDESC": "", "ENDDATE": "", "STATUTE": "", "EXAMT_HS": 0, "EXAMT_NR": 0, "UVREDUC_HS": 0, "UVREDUC_NR": 0, "GLVAL_HS": 1928.0, "GLVAL_NR": 0.0, "CRHOUSPCT": 0.0, "MUNGL1PCT": 1928.2, "AOEGL_HS": 1928.0, "AOEGL_NR": 0.0, "E911ADDR": "28 GRACE AVE", "SHAPE_Length": 0.0015624385367719272, "SHAPE_Area": 1.515307821332855e-07}, "geometry": {"type": "MultiPolygon", "coordinates": [[[[-72.48975402699995, 44.206510682000044], [-72.48975989299998, 44.20650055800007], [-72.49020326799996, 44.20657259600006], [-72.49007106199997, 44.20687183100006], [-72.48998074399998, 44.20686197900005], [-72.48991114799998, 44.20685438000004], [-72.48985914599996, 44.20684889100005], [-72.48982161099997, 44.20684495000006], [-72.48979580599996, 44.20684255700007], [-72.48977899399995, 44.20684100900007], [-72.48976765399993, 44.20684016400003], [-72.48975944399996, 44.20683974100007], [-72.48975123299994, 44.20683931900004], [-72.48974341299999, 44.206838755000035], [-72.48973520299995, 44.206838333000064], [-72.48972738299994, 44.20683776900006], [-72.48971995299996, 44.206837206000046], [-72.48971252499996, 44.206836503000034], [-72.48970548699998, 44.20683579900003], [-72.48969923199996, 44.206834954000044], [-72.48969336599998, 44.206834111000035], [-72.48968535099993, 44.20683277400008], [-72.48967655299998, 44.20683059400005], [-72.48966912499998, 44.20682834300004], [-72.48966325999999, 44.20682588100004], [-72.48965935199993, 44.20682412300005], [-72.48965641899997, 44.206822084000066], [-72.48965250999998, 44.20681948200007], [-72.48964840499997, 44.20681596600008], [-72.48964332299994, 44.20681076300008], [-72.48963921899997, 44.20680598100006], [-72.48963550499997, 44.20680127000003], [-72.48963257299994, 44.20679599600004], [-72.48963022799995, 44.20679121500007], [-72.48962807899994, 44.20678629300005], [-72.48962651599999, 44.20678235500003], [-72.48962534299994, 44.206777715000044], [-72.48962417099995, 44.20677237000007], [-72.48962378099998, 44.206766465000044], [-72.48962339199994, 44.206759573000056], [-72.48962378299996, 44.206751980000035], [-72.48962808599998, 44.20674354300007], [-72.48963903799995, 44.20672146600003], [-72.48965037999994, 44.206699248000064], [-72.48966172399997, 44.20667731200007], [-72.48967306599997, 44.20665593800004], [-72.48968362699998, 44.20663526800007], [-72.48969418599995, 44.20661600300008], [-72.48970396499993, 44.20659828600003], [-72.48971256899995, 44.20658253700003], [-72.48972, 44.20656917800005], [-72.48972625799996, 44.20655835100007], [-72.48973173299999, 44.20654907000005], [-72.48973681799998, 44.20654063300003], [-72.48974190199993, 44.20653177400004], [-72.48974776899996, 44.20652207200004], [-72.48975402699995, 44.206510682000044]]]]}}, {"type": "Feature", "properties": {"OBJECTID": 196019, "SPAN": "039-012-12234", "GLIST_SPAN": "039-012-12234", "MAPID": "037/051.00", "PARCID": "037/051.00", "PROPTYPE": "PARCEL", "YEAR": 2022, "GLYEAR": 2022, "TOWN": "BARRE TOWN", "TNAME": "Barre Town", "SOURCENAME": null, "SOURCETYPE": "UNKNOWN", "SOURCEDATE": "UNKNOWN", "EDITMETHOD": "UNKNOWN", "EDITOR": "UNKNOWN", "EDITDATE": "UNKNOWN", "MATCHSTAT": "MATCH", "EDITNOTE": "UNKNOWN", "OWNER1": "FORLOW STEPHEN B & RHONDA L", "OWNER2": "", "ADDRGL1": "109 CASSIE ST", "ADDRGL2": "", "CITYGL": "BARRE", "STGL": "VT", "ZIPGL": "05641-3265", "DESCPROP": "HSE & LOT (.47 ACRES)", "LOCAPROP": "", "CAT": "Residential-1", "RESCODE": "T", "ACRESGL": 0.47, "REAL_FLV": 281530, "HSTED_FLV": 281530, "NRES_FLV": 0, "LAND_LV": 44000, "IMPRV_LV": 237530, "EQUIPVAL": 0, "EQUIPCODE": "", "INVENVAL": 0, "HSDECL": "Y", "HSITEVAL": 281530, "VETEXAMT": 0, "EXPDESC": "", "ENDDATE": "", "STATUTE": "", "EXAMT_HS": 0, "EXAMT_NR": 0, "UVREDUC_HS": 0, "UVREDUC_NR": 0, "GLVAL_HS": 2815.0, "GLVAL_NR": 0.0, "CRHOUSPCT": 0.0, "MUNGL1PCT": 2815.3, "AOEGL_HS": 2815.0, "AOEGL_NR": 0.0, "E911ADDR": "109 CASSIE ST", "SHAPE_Length": 0.0019434425138309037, "SHAPE_Area": 2.0590966175130246e-07}, "geometry": {"type": "MultiPolygon", "coordinates": [[[[-72.48771917599998, 44.20709167800004], [-72.48781698499994, 44.20680214500004], [-72.48844646099997, 44.20694255300003], [-72.48844176499995, 44.206959287000075], [-72.48843432999996, 44.20698656600007], [-72.48842728699998, 44.20701244000003], [-72.48842063599994, 44.20703733000005], [-72.48841437499993, 44.20706193800004], [-72.48840811499997, 44.20708640700008], [-72.48840185399996, 44.20711143700004], [-72.48839559299995, 44.20713703000007], [-72.48838933199994, 44.20716332500007], [-72.48838307099999, 44.20718990300003], [-72.48837680899999, 44.207216480000056], [-72.48837093899994, 44.207242776000044], [-72.48836741699995, 44.20725669700005], [-72.48771917599998, 44.20709167800004]]]]}}, {"type": "Feature", "properties": {"OBJECTID": 196066, "SPAN": "039-012-10540", "GLIST_SPAN": "039-012-10540", "MAPID": "037/039.00", "PARCID": "037/039.00", "PROPTYPE": "PARCEL", "YEAR": 2022, "GLYEAR": 2022, "TOWN": "BARRE TOWN", "TNAME": "Barre Town", "SOURCENAME": null, "SOURCETYPE": "UNKNOWN", "SOURCEDATE": "UNKNOWN", "EDITMETHOD": "UNKNOWN", "EDITOR": "UNKNOWN", "EDITDATE": "UNKNOWN", "MATCHSTAT": "MATCH", "EDITNOTE": "UNKNOWN", "OWNER1": "BRIER YVONNE L & DOUGLAS R", "OWNER2": "", "ADDRGL1": "90 CASSIE ST", "ADDRGL2": "", "CITYGL": "BARRE", "STGL": "VT", "ZIPGL": "05641-3263", "DESCPROP": "HSE & LOT (.25 ACRES)", "LOCAPROP": "", "CAT": "Residential-1", "RESCODE": "T", "ACRESGL": 0.25, "REAL_FLV": 202040, "HSTED_FLV": 202040, "NRES_FLV": 0, "LAND_LV": 40000, "IMPRV_LV": 162040, "EQUIPVAL": 0, "EQUIPCODE": "", "INVENVAL": 0, "HSDECL": "Y", "HSITEVAL": 202040, "VETEXAMT": 0, "EXPDESC": "", "ENDDATE": "", "STATUTE": "", "EXAMT_HS": 0, "EXAMT_NR": 0, "UVREDUC_HS": 0, "UVREDUC_NR": 0, "GLVAL_HS": 2020.0, "GLVAL_NR": 0.0, "CRHOUSPCT": 0.0, "MUNGL1PCT": 2020.4, "AOEGL_HS": 2020.0, "AOEGL_NR": 0.0, "E911ADDR": "90 CASSIE ST", "SHAPE_Length": 0.001435214262498268, "SHAPE_Area": 1.2744332566606396e-07}, "geometry": {"type": "MultiPolygon", "coordinates": [[[[-72.48904414099997, 44.20565632800003], [-72.48907776699997, 44.20565225300004], [-72.48910200799997, 44.20565295800003], [-72.48912937699998, 44.20565675800003], [-72.48943081899995, 44.205703192000044], [-72.48933419299993, 44.205994274000034], [-72.48891936299998, 44.205934048000074], [-72.48892679799997, 44.205908736000026], [-72.48893853499999, 44.20586964300003], [-72.48895027199995, 44.205829427000026], [-72.48896239999993, 44.20578822500005], [-72.48897531099993, 44.20574589800003], [-72.48899330699999, 44.20568585400008], [-72.48900347499995, 44.20567587100004], [-72.48902067999995, 44.205665045000046], [-72.48904414099997, 44.20565632800003]]]]}}, {"type": "Feature", "properties": {"OBJECTID": 196164, "SPAN": "039-012-10648", "GLIST_SPAN": "039-012-10648", "MAPID": "037/042.00", "PARCID": "037/042.00", "PROPTYPE": "PARCEL", "YEAR": 2022, "GLYEAR": 2022, "TOWN": "BARRE TOWN", "TNAME": "Barre Town", "SOURCENAME": null, "SOURCETYPE": "UNKNOWN", "SOURCEDATE": "UNKNOWN", "EDITMETHOD": "UNKNOWN", "EDITOR": "UNKNOWN", "EDITDATE": "UNKNOWN", "MATCHSTAT": "MATCH", "EDITNOTE": "UNKNOWN", "OWNER1": "WAGNER TASHA & MILLER JUSTIN C", "OWNER2": "", "ADDRGL1": "102 CASSIE ST", "ADDRGL2": "", "CITYGL": "BARRE", "STGL": "VT", "ZIPGL": "05641-3263", "DESCPROP": "HSE & LOT (.20 ACRES)", "LOCAPROP": "", "CAT": "Residential-1", "RESCODE": "T", "ACRESGL": 0.2, "REAL_FLV": 187360, "HSTED_FLV": 187360, "NRES_FLV": 0, "LAND_LV": 40000, "IMPRV_LV": 147360, "EQUIPVAL": 0, "EQUIPCODE": "", "INVENVAL": 0, "HSDECL": "Y", "HSITEVAL": 187360, "VETEXAMT": 0, "EXPDESC": "", "ENDDATE": "", "STATUTE": "", "EXAMT_HS": 0, "EXAMT_NR": 0, "UVREDUC_HS": 0, "UVREDUC_NR": 0, "GLVAL_HS": 1874.0, "GLVAL_NR": 0.0, "CRHOUSPCT": 0.0, "MUNGL1PCT": 1873.6, "AOEGL_HS": 1874.0, "AOEGL_NR": 0.0, "E911ADDR": "102 CASSIE ST", "SHAPE_Length": 0.0013124860962649583, "SHAPE_Area": 1.0658560581790054e-07}, "geometry": {"type": "MultiPolygon", "coordinates": [[[[-72.48875933999994, 44.206509604000075], [-72.48877029499994, 44.20646924600004], [-72.48912491599998, 44.20652060800006], [-72.48898762399995, 44.20681140500005], [-72.48875341799999, 44.20680463200006], [-72.48871979299997, 44.20680040900004], [-72.48871001999998, 44.20679745500007], [-72.48869633499999, 44.206791689000056], [-72.48868812699999, 44.20678451600003], [-72.48868421699996, 44.20678001600004], [-72.48868539099993, 44.20677565600005], [-72.48869712899995, 44.206733470000074], [-72.48870925799997, 44.206690019000064], [-72.48872138699994, 44.206645724000055], [-72.48873390699998, 44.20660058500005], [-72.48874642799996, 44.206555165000054], [-72.48875933999994, 44.206509604000075]]]]}}, {"type": "Feature", "properties": {"OBJECTID": 196357, "SPAN": "039-012-10862", "GLIST_SPAN": "039-012-10862", "MAPID": "037/044.00", "PARCID": "037/044.00", "PROPTYPE": "PARCEL", "YEAR": 2022, "GLYEAR": 2022, "TOWN": "BARRE TOWN", "TNAME": "Barre Town", "SOURCENAME": null, "SOURCETYPE": "UNKNOWN", "SOURCEDATE": "UNKNOWN", "EDITMETHOD": "UNKNOWN", "EDITOR": "UNKNOWN", "EDITDATE": "UNKNOWN", "MATCHSTAT": "MATCH", "EDITNOTE": "UNKNOWN", "OWNER1": "CONTI NICHOLAS J & LUCINDA B", "OWNER2": "", "ADDRGL1": "5 BURNSIDE AVE", "ADDRGL2": "", "CITYGL": "BARRE", "STGL": "VT", "ZIPGL": "05641-8330", "DESCPROP": "HSE & LOT (.16 ACRES)", "LOCAPROP": "", "CAT": "Residential-1", "RESCODE": "T", "ACRESGL": 0.16, "REAL_FLV": 185480, "HSTED_FLV": 185480, "NRES_FLV": 0, "LAND_LV": 40000, "IMPRV_LV": 145480, "EQUIPVAL": 0, "EQUIPCODE": "", "INVENVAL": 0, "HSDECL": "Y", "HSITEVAL": 185480, "VETEXAMT": 0, "EXPDESC": "", "ENDDATE": "", "STATUTE": "", "EXAMT_HS": 0, "EXAMT_NR": 0, "UVREDUC_HS": 0, "UVREDUC_NR": 0, "GLVAL_HS": 1855.0, "GLVAL_NR": 0.0, "CRHOUSPCT": 0.0, "MUNGL1PCT": 1854.8, "AOEGL_HS": 1855.0, "AOEGL_NR": 0.0, "E911ADDR": "5 BURNSIDE AVE", "SHAPE_Length": 0.0014708363407409896, "SHAPE_Area": 1.344873097681906e-07}, "geometry": {"type": "MultiPolygon", "coordinates": [[[[-72.48933419299993, 44.205994274000034], [-72.48943081899995, 44.205703192000044], [-72.48971466899997, 44.20574681100004], [-72.48977644399997, 44.20575553500004], [-72.48979990199996, 44.205759897000064], [-72.48981984199997, 44.205768618000036], [-72.48983743399998, 44.20578141500005], [-72.48985541599995, 44.20579702600003], [-72.48986479699994, 44.20581573000004], [-72.48986479299998, 44.20583837100003], [-72.48984836299996, 44.205886744000054], [-72.48977521999996, 44.206055064000054], [-72.48933419299993, 44.205994274000034]]]]}}, {"type": "Feature", "properties": {"OBJECTID": 196392, "SPAN": "039-012-10900", "GLIST_SPAN": "039-012-10900", "MAPID": "037/033.01", "PARCID": "037/033.01", "PROPTYPE": "PARCEL", "YEAR": 2022, "GLYEAR": 2022, "TOWN": "BARRE TOWN", "TNAME": "Barre Town", "SOURCENAME": null, "SOURCETYPE": "UNKNOWN", "SOURCEDATE": "UNKNOWN", "EDITMETHOD": "UNKNOWN", "EDITOR": "UNKNOWN", "EDITDATE": "UNKNOWN", "MATCHSTAT": "MATCH", "EDITNOTE": "UNKNOWN", "OWNER1": "COUILLARD CHARLES A", "OWNER2": "RHONDA A.H.", "ADDRGL1": "24 GRACE AVE", "ADDRGL2": "", "CITYGL": "BARRE", "STGL": "VT", "ZIPGL": "05641-8329", "DESCPROP": "HSE & LOT (.34 ACRES)", "LOCAPROP": "", "CAT": "Residential-1", "RESCODE": "T", "ACRESGL": 0.34, "REAL_FLV": 203040, "HSTED_FLV": 203040, "NRES_FLV": 0, "LAND_LV": 40000, "IMPRV_LV": 163040, "EQUIPVAL": 0, "EQUIPCODE": "", "INVENVAL": 0, "HSDECL": "Y", "HSITEVAL": 203040, "VETEXAMT": 0, "EXPDESC": "", "ENDDATE": "", "STATUTE": "", "EXAMT_HS": 0, "EXAMT_NR": 0, "UVREDUC_HS": 0, "UVREDUC_NR": 0, "GLVAL_HS": 2030.0, "GLVAL_NR": 0.0, "CRHOUSPCT": 0.0, "MUNGL1PCT": 2030.4, "AOEGL_HS": 2030.0, "AOEGL_NR": 0.0, "E911ADDR": "24 GRACE AVE", "SHAPE_Length": 0.0015813081305651934, "SHAPE_Area": 1.4668446922311848e-07}, "geometry": {"type": "MultiPolygon", "coordinates": [[[[-72.48989561499997, 44.20622804100003], [-72.48991399799996, 44.20618937200004], [-72.49035267699998, 44.20626815900005], [-72.49020326799996, 44.20657259600006], [-72.48975989299998, 44.20650055800007], [-72.48976184899993, 44.20649704200008], [-72.48977084499995, 44.20648030900003], [-72.48978140499997, 44.20645992000004], [-72.48979392099994, 44.206435733000035], [-72.48980800199996, 44.206408313000054], [-72.48982325499998, 44.20637751700008], [-72.48984007399997, 44.206343910000044], [-72.48985767499994, 44.20630763100007], [-72.48987605899998, 44.206268961000035], [-72.48989561499997, 44.20622804100003]]]]}}, {"type": "Feature", "properties": {"OBJECTID": 196494, "SPAN": "039-012-13667", "GLIST_SPAN": "039-012-13667", "MAPID": "037/031.00", "PARCID": "037/031.00", "PROPTYPE": "PARCEL", "YEAR": 2022, "GLYEAR": 2022, "TOWN": "BARRE TOWN", "TNAME": "Barre Town", "SOURCENAME": null, "SOURCETYPE": "UNKNOWN", "SOURCEDATE": "UNKNOWN", "EDITMETHOD": "UNKNOWN", "EDITOR": "UNKNOWN", "EDITDATE": "UNKNOWN", "MATCHSTAT": "MATCH", "EDITNOTE": "UNKNOWN", "OWNER1": "PEARSON SARA", "OWNER2": "", "ADDRGL1": "10 MEADOW LANE", "ADDRGL2": "", "CITYGL": "BARRE", "STGL": "VT", "ZIPGL": "05641-8326", "DESCPROP": "HSE & LOT (.23 ACRES)", "LOCAPROP": "", "CAT": "Residential-1", "RESCODE": "T", "ACRESGL": 0.23, "REAL_FLV": 202410, "HSTED_FLV": 202410, "NRES_FLV": 0, "LAND_LV": 40000, "IMPRV_LV": 162410, "EQUIPVAL": 0, "EQUIPCODE": "", "INVENVAL": 0, "HSDECL": "Y", "HSITEVAL": 202410, "VETEXAMT": 0, "EXPDESC": "", "ENDDATE": "", "STATUTE": "", "EXAMT_HS": 0, "EXAMT_NR": 0, "UVREDUC_HS": 0, "UVREDUC_NR": 0, "GLVAL_HS": 2024.0, "GLVAL_NR": 0.0, "CRHOUSPCT": 0.0, "MUNGL1PCT": 2024.1, "AOEGL_HS": 2024.0, "AOEGL_NR": 0.0, "E911ADDR": "10 MEADOW LANE", "SHAPE_Length": 0.0014087138862032716, "SHAPE_Area": 1.0545273502321438e-07}, "geometry": {"type": "MultiPolygon", "coordinates": [[[[-72.49103937199999, 44.20552403500005], [-72.49104406399994, 44.205518410000025], [-72.49143699299998, 44.205614627000045], [-72.49138185499999, 44.20566904300006], [-72.49134900699994, 44.205702650000035], [-72.49132046199998, 44.20572782000005], [-72.49130403799995, 44.20574188100005], [-72.49124929299995, 44.20578786100003], [-72.49121644599995, 44.20581584200005], [-72.49119220199998, 44.205835387000036], [-72.49083641599998, 44.20574451600004], [-72.49084775599994, 44.205732986000044], [-72.49086613599997, 44.205714285000056], [-72.49088529699998, 44.205694177000055], [-72.49090563099998, 44.20567252300003], [-72.49092674799994, 44.20564960300004], [-72.49094864699998, 44.20562569800006], [-72.49097132799994, 44.205600950000075], [-72.49099400899996, 44.205575499000076], [-72.49101669099997, 44.20554990800008], [-72.49103937199999, 44.20552403500005]]]]}}, {"type": "Feature", "properties": {"OBJECTID": 196881, "SPAN": "039-012-12296", "GLIST_SPAN": "039-012-12296", "MAPID": "037/043.02", "PARCID": "037/043.02", "PROPTYPE": "PARCEL", "YEAR": 2022, "GLYEAR": 2022, "TOWN": "BARRE TOWN", "TNAME": "Barre Town", "SOURCENAME": null, "SOURCETYPE": "UNKNOWN", "SOURCEDATE": "UNKNOWN", "EDITMETHOD": "UNKNOWN", "EDITOR": "UNKNOWN", "EDITDATE": "UNKNOWN", "MATCHSTAT": "MATCH", "EDITNOTE": "UNKNOWN", "OWNER1": "PELKEY CHRISTOPHER E", "OWNER2": "", "ADDRGL1": "29 GRACE AVE", "ADDRGL2": "", "CITYGL": "BARRE", "STGL": "VT", "ZIPGL": "05641-8329", "DESCPROP": "HSE & LOT (.22 ACRES)", "LOCAPROP": "", "CAT": "Residential-1", "RESCODE": "T", "ACRESGL": 0.22, "REAL_FLV": 189740, "HSTED_FLV": 189740, "NRES_FLV": 0, "LAND_LV": 40000, "IMPRV_LV": 149740, "EQUIPVAL": 0, "EQUIPCODE": "", "INVENVAL": 0, "HSDECL": "Y", "HSITEVAL": 189740, "VETEXAMT": 0, "EXPDESC": "", "ENDDATE": "", "STATUTE": "", "EXAMT_HS": 0, "EXAMT_NR": 0, "UVREDUC_HS": 0, "UVREDUC_NR": 0, "GLVAL_HS": 1897.0, "GLVAL_NR": 0.0, "CRHOUSPCT": 0.0, "MUNGL1PCT": 1897.4, "AOEGL_HS": 1897.0, "AOEGL_NR": 0.0, "E911ADDR": "29 GRACE AVE", "SHAPE_Length": 0.0013646605298776597, "SHAPE_Area": 1.0659207765857679e-07}, "geometry": {"type": "MultiPolygon", "coordinates": [[[[-72.48927500399998, 44.20681818200006], [-72.48924216099994, 44.20681592900007], [-72.48922378399999, 44.20681592700004], [-72.48898762399995, 44.20681140500005], [-72.48912491599998, 44.20652060800006], [-72.48951316399996, 44.20657619000008], [-72.48950768799995, 44.206586737000066], [-72.48949634499996, 44.20660783000005], [-72.48948500199998, 44.20662976600005], [-72.48947326899997, 44.20665226400007], [-72.48946153499998, 44.206675044000065], [-72.48945918799996, 44.20667982500004], [-72.48943141999996, 44.20671511900008], [-72.48942320799995, 44.206727915000045], [-72.48939622199998, 44.20676320900003], [-72.48937471299996, 44.206792879000034], [-72.48936258999998, 44.20680145600005], [-72.48934890399994, 44.20680848500007], [-72.48931879499997, 44.20681692000005], [-72.48929924599997, 44.20681677700003], [-72.48927500399998, 44.20681818200006]]]]}}, {"type": "Feature", "properties": {"OBJECTID": 197295, "SPAN": "039-012-12518", "GLIST_SPAN": "039-012-12518", "MAPID": "037/032.00", "PARCID": "037/032.00", "PROPTYPE": "PARCEL", "YEAR": 2022, "GLYEAR": 2022, "TOWN": "BARRE TOWN", "TNAME": "Barre Town", "SOURCENAME": null, "SOURCETYPE": "UNKNOWN", "SOURCEDATE": "UNKNOWN", "EDITMETHOD": "UNKNOWN", "EDITOR": "UNKNOWN", "EDITDATE": "UNKNOWN", "MATCHSTAT": "MATCH", "EDITNOTE": "UNKNOWN", "OWNER1": "MUGFORD JUDIE E LE", "OWNER2": "MUGFORD LISA M ET AL", "ADDRGL1": "14 MEADOW LANE", "ADDRGL2": "", "CITYGL": "BARRE", "STGL": "VT", "ZIPGL": "05641-8326", "DESCPROP": "HSE & 2.09 ACRES", "LOCAPROP": "", "CAT": "Residential-1", "RESCODE": "T", "ACRESGL": 2.09, "REAL_FLV": 295870, "HSTED_FLV": 295870, "NRES_FLV": 0, "LAND_LV": 45360, "IMPRV_LV": 250510, "EQUIPVAL": 0, "EQUIPCODE": "", "INVENVAL": 0, "HSDECL": "Y", "HSITEVAL": 295510, "VETEXAMT": 0, "EXPDESC": "", "ENDDATE": "", "STATUTE": "", "EXAMT_HS": 0, "EXAMT_NR": 0, "UVREDUC_HS": 0, "UVREDUC_NR": 0, "GLVAL_HS": 2959.0, "GLVAL_NR": 0.0, "CRHOUSPCT": 0.0, "MUNGL1PCT": 2958.7, "AOEGL_HS": 2959.0, "AOEGL_NR": 0.0, "E911ADDR": "14 MEADOW LANE", "SHAPE_Length": 0.0043007423839194715, "SHAPE_Area": 1.0204331284020994e-06}, "geometry": {"type": "MultiPolygon", "coordinates": [[[[-72.49035267699998, 44.20626815900005], [-72.49050521599997, 44.20594347100007], [-72.49062993599995, 44.20598285600005], [-72.49063189099996, 44.20598004400006], [-72.49064675299996, 44.20595459200007], [-72.49065222799999, 44.20594278000004], [-72.49065926899993, 44.20592787500004], [-72.49070854399997, 44.20585981700003], [-72.49072144899998, 44.20585011500003], [-72.49073317999995, 44.20584083500006], [-72.49074530099995, 44.20583071100003], [-72.49075781499994, 44.20581974300006], [-72.49077110999997, 44.20580793200003], [-72.49078479799994, 44.20579513700005], [-72.49079965699997, 44.205781356000045], [-72.49081490799995, 44.205766452000034], [-72.49083094099996, 44.205750281000064], [-72.49083641599998, 44.20574451600004], [-72.49119220199998, 44.205835387000036], [-72.49157261999994, 44.20593286700006], [-72.49156831899995, 44.205936946000065], [-72.49155072099995, 44.20595381900006], [-72.49153351499996, 44.205970130000026], [-72.49151748299994, 44.20598573800004], [-72.49150223199996, 44.20600050300004], [-72.49148776399994, 44.20601484500003], [-72.49147368599995, 44.20602876600003], [-72.49146078099994, 44.20604240500006], [-72.49144826699995, 44.20605576400004], [-72.49143614499997, 44.206068981000044], [-72.49142480399996, 44.20608205900004], [-72.49141385399997, 44.20609527600004], [-72.49140329599999, 44.20610835300005], [-72.49139351899998, 44.20612143100004], [-72.49138374299997, 44.20613450800005], [-72.49137435699998, 44.20614758500005], [-72.49136536199995, 44.20616094400003], [-72.49136301499993, 44.20616417800005], [-72.49135597599997, 44.20617430200008], [-72.49134698199998, 44.20618808200004], [-72.49133759599994, 44.20620228400003], [-72.49132820999995, 44.20621747100006], [-72.49131764999998, 44.20623392400006], [-72.49130669999994, 44.20625206300008], [-72.49129496699999, 44.20627231200007], [-72.49128245199995, 44.20629481100008], [-72.49126876399998, 44.206319982000025], [-72.49125390199998, 44.20634824600006], [-72.49123747599998, 44.20637988500005], [-72.49122026699996, 44.20641433600008], [-72.49120188399996, 44.206450896000035], [-72.49118350299995, 44.206489145000035], [-72.49116472899993, 44.206528097000046], [-72.49114634599994, 44.20656747000004], [-72.49112835399995, 44.206606280000074], [-72.49111153699994, 44.206644107000045], [-72.49109549999997, 44.20668038600007], [-72.49108102799994, 44.206714979000026], [-72.49106811999997, 44.20674788300005], [-72.49100514999998, 44.20688245500003], [-72.49098716099996, 44.20690242200004], [-72.49097738499995, 44.20690804600008], [-72.49095509699998, 44.20691507600003], [-72.49089097199999, 44.20692463300003], [-72.49088549799995, 44.20692505400007], [-72.49086321099998, 44.206926459000044], [-72.49084209699998, 44.206927723000035], [-72.49082176499996, 44.20692870600004], [-72.49080260699998, 44.20692968900005], [-72.49078462099999, 44.206930390000025], [-72.49076741699997, 44.20693095100006], [-72.49075099499998, 44.20693137200004], [-72.49073535499997, 44.20693165200004], [-72.49072010499998, 44.206931791000045], [-72.49070563899994, 44.206931790000056], [-72.49069117199997, 44.20693178800008], [-72.49067670499994, 44.206931506000046], [-72.49066223799997, 44.20693108300003], [-72.49064737999998, 44.20693066000007], [-72.49063252199994, 44.206930096000065], [-72.49061727399999, 44.20692953200006], [-72.49060163499996, 44.20692868800006], [-72.49058560299994, 44.20692784200003], [-72.49056918199994, 44.20692685700004], [-72.49055275999996, 44.20692587100007], [-72.49053516599997, 44.20692460400005], [-72.49051757099994, 44.206923337000035], [-72.49049919499998, 44.20692192900003], [-72.49048042699997, 44.20692038100003], [-72.49046087799996, 44.206918692000045], [-72.49044054599995, 44.20691686200007], [-72.49041943299994, 44.206914751000056], [-72.49039753699998, 44.206912499000055], [-72.49037446799997, 44.20690996600007], [-72.49035061899997, 44.20690729200004], [-72.49032559499994, 44.206904337000026], [-72.49029978999994, 44.206901241000025], [-72.49028180499994, 44.20689898900008], [-72.49007106199997, 44.20687183100006], [-72.49020326799996, 44.20657259600006], [-72.49035267699998, 44.20626815900005]]]]}}, {"type": "Feature", "properties": {"OBJECTID": 197386, "SPAN": "039-012-13029", "GLIST_SPAN": "039-012-13029", "MAPID": "037/053.00", "PARCID": "037/053.00", "PROPTYPE": "PARCEL", "YEAR": 2022, "GLYEAR": 2022, "TOWN": "BARRE TOWN", "TNAME": "Barre Town", "SOURCENAME": null, "SOURCETYPE": "UNKNOWN", "SOURCEDATE": "UNKNOWN", "EDITMETHOD": "UNKNOWN", "EDITOR": "UNKNOWN", "EDITDATE": "UNKNOWN", "MATCHSTAT": "MATCH", "EDITNOTE": "UNKNOWN", "OWNER1": "ROY ALFRED G LE", "OWNER2": "BENNETT CHERYL L LE", "ADDRGL1": "95 CASSIE ST", "ADDRGL2": "", "CITYGL": "BARRE", "STGL": "VT", "ZIPGL": "05641-3263", "DESCPROP": "HSE & 1.09 ACRES", "LOCAPROP": "", "CAT": "Residential-1", "RESCODE": "T", "ACRESGL": 1.09, "REAL_FLV": 167160, "HSTED_FLV": 167160, "NRES_FLV": 0, "LAND_LV": 45000, "IMPRV_LV": 122160, "EQUIPVAL": 0, "EQUIPCODE": "", "INVENVAL": 0, "HSDECL": "Y", "HSITEVAL": 167160, "VETEXAMT": 0, "EXPDESC": "", "ENDDATE": "", "STATUTE": "", "EXAMT_HS": 0, "EXAMT_NR": 0, "UVREDUC_HS": 0, "UVREDUC_NR": 0, "GLVAL_HS": 1672.0, "GLVAL_NR": 0.0, "CRHOUSPCT": 0.0, "MUNGL1PCT": 1671.6, "AOEGL_HS": 1672.0, "AOEGL_NR": 0.0, "E911ADDR": "95 CASSIE ST", "SHAPE_Length": 0.0033918553565625326, "SHAPE_Area": 5.153201724120326e-07}, "geometry": {"type": "MultiPolygon", "coordinates": [[[[-72.48757074399998, 44.20639304400004], [-72.48775423499995, 44.20583366400007], [-72.48778083799994, 44.205756886000074], [-72.48814562199993, 44.205799815000034], [-72.48874421199997, 44.20587356200008], [-72.48874225599997, 44.20588087400006], [-72.48873090899997, 44.20591940400004], [-72.48872034599998, 44.20595695000003], [-72.48870978199994, 44.20599393200007], [-72.48869921799997, 44.206030775000045], [-72.48868904599993, 44.20606747700003], [-72.48867848099997, 44.20610460000006], [-72.48866791799998, 44.206142286000045], [-72.48865735299995, 44.20618095700007], [-72.48864639799996, 44.206220752000036], [-72.48863505199995, 44.20626209400007], [-72.48862331399994, 44.20630470200007], [-72.48861705299998, 44.20632692000004], [-72.48802707399994, 44.20618595500008], [-72.48792731199995, 44.206477035000034], [-72.48774707299998, 44.20643497000003], [-72.48757074399998, 44.20639304400004]]]]}}, {"type": "Feature", "properties": {"OBJECTID": 197484, "SPAN": "039-012-13082", "GLIST_SPAN": "039-012-13082", "MAPID": "037/033.00", "PARCID": "037/033.00", "PROPTYPE": "PARCEL", "YEAR": 2022, "GLYEAR": 2022, "TOWN": "BARRE TOWN", "TNAME": "Barre Town", "SOURCENAME": null, "SOURCETYPE": "UNKNOWN", "SOURCEDATE": "UNKNOWN", "EDITMETHOD": "UNKNOWN", "EDITOR": "UNKNOWN", "EDITDATE": "UNKNOWN", "MATCHSTAT": "MATCH", "EDITNOTE": "UNKNOWN", "OWNER1": "SALLS EDWARD L & EUNICE", "OWNER2": "", "ADDRGL1": "18 GRACE AVE", "ADDRGL2": "", "CITYGL": "BARRE", "STGL": "VT", "ZIPGL": "05641-8329", "DESCPROP": "HSE & LOT (.36 ACRES)", "LOCAPROP": "", "CAT": "Residential-1", "RESCODE": "T", "ACRESGL": 0.36, "REAL_FLV": 237650, "HSTED_FLV": 237650, "NRES_FLV": 0, "LAND_LV": 40000, "IMPRV_LV": 197650, "EQUIPVAL": 0, "EQUIPCODE": "", "INVENVAL": 0, "HSDECL": "Y", "HSITEVAL": 237650, "VETEXAMT": 0, "EXPDESC": "", "ENDDATE": "", "STATUTE": "", "EXAMT_HS": 0, "EXAMT_NR": 0, "UVREDUC_HS": 0, "UVREDUC_NR": 0, "GLVAL_HS": 2376.0, "GLVAL_NR": 0.0, "CRHOUSPCT": 0.0, "MUNGL1PCT": 2376.5, "AOEGL_HS": 2376.0, "AOEGL_NR": 0.0, "E911ADDR": "18 GRACE AVE", "SHAPE_Length": 0.001609102423215844, "SHAPE_Area": 1.6107452146648586e-07}, "geometry": {"type": "MultiPolygon", "coordinates": [[[[-72.49009078099994, 44.20586257800005], [-72.49011033099998, 44.205858361000026], [-72.49012440599995, 44.20585850200007], [-72.49018383499998, 44.20586582000004], [-72.49050521599997, 44.20594347100007], [-72.49035267699998, 44.20626815900005], [-72.48991399799996, 44.20618937200004], [-72.49002038999998, 44.205939071000046], [-72.49003251499994, 44.20591207200005], [-72.49004072799994, 44.20589787000006], [-72.49005285099997, 44.20588507400004], [-72.49006458299993, 44.20587523100005], [-72.49007670399999, 44.20586820200003], [-72.49009078099994, 44.20586257800005]]]]}}, {"type": "Feature", "properties": {"OBJECTID": 197586, "SPAN": "039-012-13135", "GLIST_SPAN": "039-012-13135", "MAPID": "037/050.00", "PARCID": "037/050.00", "PROPTYPE": "PARCEL", "YEAR": 2022, "GLYEAR": 2022, "TOWN": "BARRE TOWN", "TNAME": "Barre Town", "SOURCENAME": null, "SOURCETYPE": "UNKNOWN", "SOURCEDATE": "UNKNOWN", "EDITMETHOD": "UNKNOWN", "EDITOR": "UNKNOWN", "EDITDATE": "UNKNOWN", "MATCHSTAT": "MATCH", "EDITNOTE": "UNKNOWN", "OWNER1": "SEMPREBON JAMIE T", "OWNER2": "", "ADDRGL1": "115 CASSIE ST", "ADDRGL2": "", "CITYGL": "BARRE", "STGL": "VT", "ZIPGL": "05641-3265", "DESCPROP": "HSE & 9 ACRES", "LOCAPROP": "", "CAT": "Residential-2", "RESCODE": "T", "ACRESGL": 9.0, "REAL_FLV": 489590, "HSTED_FLV": 489590, "NRES_FLV": 0, "LAND_LV": 70500, "IMPRV_LV": 419090, "EQUIPVAL": 0, "EQUIPCODE": "", "INVENVAL": 0, "HSDECL": "Y", "HSITEVAL": 468590, "VETEXAMT": 0, "EXPDESC": "", "ENDDATE": "", "STATUTE": "", "EXAMT_HS": 0, "EXAMT_NR": 0, "UVREDUC_HS": 0, "UVREDUC_NR": 0, "GLVAL_HS": 4896.0, "GLVAL_NR": 0.0, "CRHOUSPCT": 0.0, "MUNGL1PCT": 4895.9, "AOEGL_HS": 4896.0, "AOEGL_NR": 0.0, "E911ADDR": "115 CASSIE ST", "SHAPE_Length": 0.009584487222210648, "SHAPE_Area": 4.082817241754763e-06}, "geometry": {"type": "MultiPolygon", "coordinates": [[[[-72.48524796999999, 44.205934898000066], [-72.48528630599998, 44.20585812300004], [-72.48757074399998, 44.20639304400004], [-72.48774707299998, 44.20643497000003], [-72.48792731199995, 44.206477035000034], [-72.48781698499994, 44.20680214500004], [-72.48771917599998, 44.20709167800004], [-72.48836741699995, 44.20725669700005], [-72.48836467799998, 44.20726850900007], [-72.48835919899994, 44.207293400000026], [-72.48835332999994, 44.207317164000074], [-72.48834785099996, 44.20733966300003], [-72.48834276299993, 44.20736089700006], [-72.48833728499994, 44.20738142700003], [-72.48833219899996, 44.20740125400005], [-72.48832711199998, 44.20742052000003], [-72.48832202499995, 44.207439785000076], [-72.48831693799997, 44.20745890900008], [-72.48831185199998, 44.20747845500006], [-72.48830637399993, 44.207498282000074], [-72.48830089599994, 44.20751853200005], [-72.48829502599995, 44.20753920300007], [-72.48828876599998, 44.20756057700004], [-72.48828250599996, 44.207582794000075], [-72.48827546299998, 44.20760557500006], [-72.48826802999997, 44.20762934000004], [-72.48825981299996, 44.20765422900007], [-72.48825120599997, 44.20768010300003], [-72.48824181699996, 44.207707664000054], [-72.48823086299996, 44.20773733500005], [-72.48821912599993, 44.207769676000055], [-72.48820582499997, 44.207805112000074], [-72.48819095899995, 44.207844204000025], [-72.48818430899996, 44.20786135900005], [-72.48799468099998, 44.20781788700003], [-72.48742931899994, 44.20768985900003], [-72.48469403699994, 44.20706093800004], [-72.48502420999995, 44.206384583000045], [-72.48524796999999, 44.205934898000066]]]]}}, {"type": "Feature", "properties": {"OBJECTID": 197637, "SPAN": "039-012-12712", "GLIST_SPAN": "039-012-12712", "MAPID": "037/046.00", "PARCID": "037/046.00", "PROPTYPE": "PARCEL", "YEAR": 2022, "GLYEAR": 2022, "TOWN": "BARRE TOWN", "TNAME": "Barre Town", "SOURCENAME": null, "SOURCETYPE": "UNKNOWN", "SOURCEDATE": "UNKNOWN", "EDITMETHOD": "UNKNOWN", "EDITOR": "UNKNOWN", "EDITDATE": "UNKNOWN", "MATCHSTAT": "MATCH", "EDITNOTE": "UNKNOWN", "OWNER1": "PELLON ROBERT & CAROLINE LE", "OWNER2": "", "ADDRGL1": "120 CASSIE ST", "ADDRGL2": "", "CITYGL": "BARRE", "STGL": "VT", "ZIPGL": "05641-3265", "DESCPROP": "HSE & 6 ACRES", "LOCAPROP": "", "CAT": "Residential-2", "RESCODE": "T", "ACRESGL": 6.0, "REAL_FLV": 234470, "HSTED_FLV": 234470, "NRES_FLV": 0, "LAND_LV": 68000, "IMPRV_LV": 166470, "EQUIPVAL": 0, "EQUIPCODE": "", "INVENVAL": 0, "HSDECL": "Y", "HSITEVAL": 220470, "VETEXAMT": 0, "EXPDESC": "", "ENDDATE": "", "STATUTE": "", "EXAMT_HS": 0, "EXAMT_NR": 0, "UVREDUC_HS": 0, "UVREDUC_NR": 0, "GLVAL_HS": 2345.0, "GLVAL_NR": 0.0, "CRHOUSPCT": 0.0, "MUNGL1PCT": 2344.7, "AOEGL_HS": 2345.0, "AOEGL_NR": 0.0, "E911ADDR": "120 CASSIE ST", "SHAPE_Length": 0.006860167681989498, "SHAPE_Area": 2.6384081600735724e-06}, "geometry": {"type": "MultiPolygon", "coordinates": [[[[-72.48859970299998, 44.207086566000044], [-72.48860596399999, 44.207062661000066], [-72.48861261499997, 44.207038053000076], [-72.48861926699993, 44.20701260000004], [-72.48862591799997, 44.206988555000066], [-72.48863726199994, 44.20696464900004], [-72.48865525099995, 44.20695044800004], [-72.48867753899998, 44.20693920100007], [-72.48869513499994, 44.20693639000007], [-72.48874674699994, 44.20693808300007], [-72.48888554899997, 44.20694161200004], [-72.48890588099994, 44.20694231600004], [-72.48895514599997, 44.20694400900004], [-72.48900206499997, 44.20694570100005], [-72.48904781199997, 44.20694711200008], [-72.48909277599995, 44.20694852200006], [-72.48913734899998, 44.206949792000046], [-72.48918113999997, 44.20695106200003], [-72.48922414999998, 44.206952331000025], [-72.48926676899998, 44.206953601000066], [-72.48930821399995, 44.20695487100005], [-72.48934887799999, 44.206956], [-72.48938836699995, 44.20695726900004], [-72.48942707699996, 44.20695853800004], [-72.48946500199997, 44.206959948000076], [-72.48950175599998, 44.20696135700007], [-72.48953772699997, 44.20696276700005], [-72.48957252599996, 44.20696431600004], [-72.48960615199996, 44.20696600700006], [-72.48963899499995, 44.20696769700004], [-72.48967105599996, 44.20696952900005], [-72.48970194399993, 44.20697164100005], [-72.48973205099998, 44.20697375300006], [-72.48976176599996, 44.20697600600005], [-72.48979069999996, 44.206978399000036], [-72.48981924099996, 44.20698093300007], [-72.48984739299993, 44.20698360700004], [-72.48987515399995, 44.20698642200006], [-72.48990330499998, 44.20698951800006], [-72.48993106499995, 44.20699261500005], [-72.48995921599999, 44.206995851000045], [-72.48998697699994, 44.20699922800003], [-72.49001512799998, 44.20700274700005], [-72.49004327899996, 44.207006265000075], [-72.49007142999994, 44.207009783000046], [-72.49009958099998, 44.20701344200006], [-72.49012812299998, 44.20701724000003], [-72.49015627399996, 44.20702089900004], [-72.49018481699994, 44.20702455800006], [-72.49021257599998, 44.20702807600003], [-72.49024033699999, 44.20703159400006], [-72.49026770599994, 44.20703511200003], [-72.49029429399997, 44.207038348000026], [-72.49032048899994, 44.207041444000026], [-72.49034590399998, 44.20704425900004], [-72.49037014599998, 44.20704693300007], [-72.49039360499995, 44.20704932500007], [-72.49041589099994, 44.20705143600003], [-72.49043739599995, 44.20705354800003], [-72.49045850999994, 44.20705523700008], [-72.49047844999996, 44.207056926000064], [-72.49049799899996, 44.20705847500005], [-72.49051676699997, 44.20705974200007], [-72.49053514399998, 44.20706100900003], [-72.49055312999997, 44.207062276000045], [-72.49057072399995, 44.20706326200008], [-72.49058792799997, 44.20706424800005], [-72.49060513099994, 44.20706509200005], [-72.49062194499999, 44.20706579800003], [-72.49063836599998, 44.207066361000045], [-72.49065478799997, 44.20706692500005], [-72.49067120999996, 44.20706720700008], [-72.49068763199995, 44.20706749000004], [-72.49070444399996, 44.207067632000076], [-72.49072125799995, 44.207067634000055], [-72.49073885199994, 44.20706749500005], [-72.49075644699997, 44.20706721400006], [-72.49077521499999, 44.20706679400007], [-72.49079437399996, 44.20706609200005], [-72.49081431499997, 44.207065251000074], [-72.49083503799994, 44.20706426800007], [-72.49085693399996, 44.20706314500006], [-72.49087922099994, 44.20706174000003], [-72.49090268199996, 44.207060195000054], [-72.49091206599996, 44.207059634000075], [-72.49074423799993, 44.207629567000026], [-72.49052202799999, 44.20838990000004], [-72.48990543499997, 44.20825161400006], [-72.48912893299996, 44.20807168500005], [-72.48836572699997, 44.20789822200004], [-72.48837276899997, 44.20788050300007], [-72.48838802499995, 44.207840850000025], [-72.48840132599997, 44.20780471100005], [-72.48841384499997, 44.20777166500005], [-72.48842479899997, 44.20774101000006], [-72.48843457999999, 44.20771246500004], [-72.48844357799999, 44.20768560700003], [-72.48845218499997, 44.20765973300007], [-72.48845961899997, 44.20763498400004], [-72.48846705199998, 44.20761122000005], [-72.48847370399994, 44.207588298000076], [-72.48847996499995, 44.207566221000036], [-72.48848583299997, 44.20754498800005], [-72.48849170299997, 44.20752431600005], [-72.48849718099996, 44.20750434900003], [-72.48850226699994, 44.20748480200007], [-72.48850774499994, 44.207465256000035], [-72.48851283199997, 44.207445851000045], [-72.48851791799996, 44.207426164000026], [-72.48852300599998, 44.20740591500004], [-72.48852848399997, 44.20738496200005], [-72.48853396199996, 44.20736316700004], [-72.48853944099994, 44.20734024500007], [-72.48854530999995, 44.20731605900005], [-72.48855117999994, 44.207290887000056], [-72.48855704899995, 44.20726515400003], [-72.48856291999994, 44.20723885800004], [-72.48856918099995, 44.207212422000055], [-72.48857544199996, 44.20718598500008], [-72.48858170299997, 44.207160111000064], [-72.48858757199997, 44.20713494000006], [-72.48859383299998, 44.20711047100008], [-72.48859970299998, 44.207086566000044]]]]}}, {"type": "Feature", "properties": {"OBJECTID": 197643, "SPAN": "039-012-13168", "GLIST_SPAN": "039-012-13168", "MAPID": "037/034.00", "PARCID": "037/034.00", "PROPTYPE": "PARCEL", "YEAR": 2022, "GLYEAR": 2022, "TOWN": "BARRE TOWN", "TNAME": "Barre Town", "SOURCENAME": null, "SOURCETYPE": "UNKNOWN", "SOURCEDATE": "UNKNOWN", "EDITMETHOD": "UNKNOWN", "EDITOR": "UNKNOWN", "EDITDATE": "UNKNOWN", "MATCHSTAT": "MATCH", "EDITNOTE": "UNKNOWN", "OWNER1": "SILVIA CAROL TREFFINGER", "OWNER2": "", "ADDRGL1": "221 BROWN THRUSH RD", "ADDRGL2": "", "CITYGL": "SAVANNAH", "STGL": "GA", "ZIPGL": "31419-6003", "DESCPROP": "HSE & LOT (.31 ACRES)", "LOCAPROP": "", "CAT": "Residential-1", "RESCODE": "NS", "ACRESGL": 0.31, "REAL_FLV": 209050, "HSTED_FLV": 0, "NRES_FLV": 209050, "LAND_LV": 40000, "IMPRV_LV": 169050, "EQUIPVAL": 0, "EQUIPCODE": "", "INVENVAL": 0, "HSDECL": "N", "HSITEVAL": 0, "VETEXAMT": 0, "EXPDESC": "", "ENDDATE": "", "STATUTE": "", "EXAMT_HS": 0, "EXAMT_NR": 0, "UVREDUC_HS": 0, "UVREDUC_NR": 0, "GLVAL_HS": 0.0, "GLVAL_NR": 2090.5, "CRHOUSPCT": 0.0, "MUNGL1PCT": 2090.5, "AOEGL_HS": 0.0, "AOEGL_NR": 2090.5, "E911ADDR": "16 BURNSIDE AVE", "SHAPE_Length": 0.001628390017929059, "SHAPE_Area": 1.4948766047511958e-07}, "geometry": {"type": "MultiPolygon", "coordinates": [[[[-72.49017256999997, 44.205431152000074], [-72.49017530799995, 44.20542144900003], [-72.49052209899997, 44.20550964900008], [-72.49076606399996, 44.20557815300003], [-72.49074885799996, 44.20559671400008], [-72.49072891299994, 44.205617665000034], [-72.49071053499995, 44.20563707000008], [-72.49069332799996, 44.205655068000056], [-72.49067729499995, 44.20567137900008], [-72.49066204399998, 44.20568642400008], [-72.49064835699994, 44.20570020500003], [-72.49063506099998, 44.20571257800003], [-72.49062293999998, 44.20572382700004], [-72.49061159899998, 44.20573395100007], [-72.49060143099996, 44.20574295000006], [-72.49059165599994, 44.20575096500005], [-72.49057875099999, 44.20576108900008], [-72.49057503599994, 44.20576474500007], [-72.49057053899998, 44.20576819000007], [-72.49056701999996, 44.205770932000064], [-72.49056349999995, 44.20577353300007], [-72.49055900399998, 44.20577634500006], [-72.49055235599997, 44.205779720000066], [-72.49054668699995, 44.205781898000055], [-72.49054121299997, 44.205783515000064], [-72.49053534799998, 44.205785132000074], [-72.49052889599994, 44.20578653800004], [-72.49052244499995, 44.205787943000075], [-72.49051794799993, 44.20578857600003], [-72.49051345199996, 44.205789208000056], [-72.49050875999995, 44.20578963000003], [-72.49050367699994, 44.20578991000008], [-72.49049800799997, 44.20578991000008], [-72.49049103499993, 44.20578972200008], [-72.49048275899997, 44.205789347000064], [-72.49047630799998, 44.20578885400005], [-72.49046770599995, 44.205787798000074], [-72.49046105999997, 44.20578639100006], [-72.49045441299995, 44.20578484300006], [-72.49044542099995, 44.20578259300004], [-72.49043290999998, 44.20577963900007], [-72.49041727099996, 44.20577556000006], [-72.49039733099994, 44.20577063600007], [-72.49037426399997, 44.20576472800008], [-72.49034884999998, 44.20575839700007], [-72.49032265599999, 44.205751787000054], [-72.49029606999994, 44.205745034000074], [-72.49027065599995, 44.20573856300007], [-72.49024680699995, 44.20573251400003], [-72.49022608499996, 44.205727169000056], [-72.49020927399994, 44.20572266800008], [-72.49019558899994, 44.20571915100004], [-72.49018503399998, 44.20571633800006], [-72.49017682299996, 44.20571394600006], [-72.49017056699995, 44.20571197700008], [-72.49016548499998, 44.20571028900008], [-72.49015961999999, 44.20570796800007], [-72.49015160599998, 44.20570438200008], [-72.49014515599998, 44.20570128700007], [-72.49014085399995, 44.20569889700005], [-72.49013655499994, 44.205696224000064], [-72.49013264499996, 44.20569327100003], [-72.49012873599997, 44.20569003600008], [-72.49012482699999, 44.20568637900004], [-72.49012130799997, 44.20568244100008], [-72.49011857199997, 44.205677801000036], [-72.49011622699999, 44.20567203500008], [-72.49011427299996, 44.20566472300004], [-72.49011310199995, 44.20565558200008], [-72.49011310399999, 44.205644051000036], [-72.49011388799994, 44.20562984800006], [-72.49011623699994, 44.20561241100006], [-72.49012366899996, 44.20559103700003], [-72.49013540399994, 44.20555644400008], [-72.49014596699993, 44.20552283600006], [-72.49015574699996, 44.20549063400006], [-72.49016474499996, 44.20545997900007], [-72.49017256999997, 44.205431152000074]]]]}}, {"type": "Feature", "properties": {"OBJECTID": 197685, "SPAN": "039-012-13212", "GLIST_SPAN": "039-012-13212", "MAPID": "037/040.00", "PARCID": "037/040.00", "PROPTYPE": "PARCEL", "YEAR": 2022, "GLYEAR": 2022, "TOWN": "BARRE TOWN", "TNAME": "Barre Town", "SOURCENAME": null, "SOURCETYPE": "UNKNOWN", "SOURCEDATE": "UNKNOWN", "EDITMETHOD": "UNKNOWN", "EDITOR": "UNKNOWN", "EDITDATE": "UNKNOWN", "MATCHSTAT": "MATCH", "EDITNOTE": "UNKNOWN", "OWNER1": "SOMAINI ELIZABTH L LE", "OWNER2": "", "ADDRGL1": "94 CASSIE ST", "ADDRGL2": "", "CITYGL": "BARRE", "STGL": "VT", "ZIPGL": "05641-3263", "DESCPROP": "HSE & LOT (.26 ACRES)", "LOCAPROP": "", "CAT": "Residential-1", "RESCODE": "T", "ACRESGL": 0.26, "REAL_FLV": 218500, "HSTED_FLV": 218500, "NRES_FLV": 0, "LAND_LV": 40000, "IMPRV_LV": 178500, "EQUIPVAL": 0, "EQUIPCODE": "", "INVENVAL": 0, "HSDECL": "Y", "HSITEVAL": 218500, "VETEXAMT": 0, "EXPDESC": "", "ENDDATE": "", "STATUTE": "", "EXAMT_HS": 0, "EXAMT_NR": 0, "UVREDUC_HS": 0, "UVREDUC_NR": 0, "GLVAL_HS": 2185.0, "GLVAL_NR": 0.0, "CRHOUSPCT": 0.0, "MUNGL1PCT": 2185.0, "AOEGL_HS": 2185.0, "AOEGL_NR": 0.0, "E911ADDR": "94 CASSIE ST", "SHAPE_Length": 0.0013660778698526966, "SHAPE_Area": 1.1068298270447362e-07}, "geometry": {"type": "MultiPolygon", "coordinates": [[[[-72.48891584299997, 44.205946985000026], [-72.48891936299998, 44.205934048000074], [-72.48933419299993, 44.205994274000034], [-72.48923483399994, 44.20625540200007], [-72.48884541699994, 44.206197710000026], [-72.48885324299994, 44.20616888200004], [-72.48886380599998, 44.206131337000045], [-72.48887397899995, 44.20609435400007], [-72.48888415099998, 44.20605765200003], [-72.48889471499996, 44.206021091000025], [-72.48890527799995, 44.20598424900004], [-72.48891584299997, 44.205946985000026]]]]}}, {"type": "Feature", "properties": {"OBJECTID": 197817, "SPAN": "039-012-13360", "GLIST_SPAN": "039-012-13360", "MAPID": "037/054.00", "PARCID": "037/054.00", "PROPTYPE": "PARCEL", "YEAR": 2022, "GLYEAR": 2022, "TOWN": "BARRE TOWN", "TNAME": "Barre Town", "SOURCENAME": null, "SOURCETYPE": "UNKNOWN", "SOURCEDATE": "UNKNOWN", "EDITMETHOD": "UNKNOWN", "EDITOR": "UNKNOWN", "EDITDATE": "UNKNOWN", "MATCHSTAT": "MATCH", "EDITNOTE": "UNKNOWN", "OWNER1": "TOMASI ANDY & JENNIE", "OWNER2": "", "ADDRGL1": "89 CASSIE ST", "ADDRGL2": "", "CITYGL": "BARRE", "STGL": "VT", "ZIPGL": "05641-3263", "DESCPROP": "HSE & LOT (.41 ACRES)", "LOCAPROP": "", "CAT": "Residential-1", "RESCODE": "T", "ACRESGL": 0.41, "REAL_FLV": 194340, "HSTED_FLV": 194340, "NRES_FLV": 0, "LAND_LV": 40000, "IMPRV_LV": 154340, "EQUIPVAL": 0, "EQUIPCODE": "", "INVENVAL": 0, "HSDECL": "Y", "HSITEVAL": 194340, "VETEXAMT": 0, "EXPDESC": "", "ENDDATE": "", "STATUTE": "", "EXAMT_HS": 0, "EXAMT_NR": 0, "UVREDUC_HS": 0, "UVREDUC_NR": 0, "GLVAL_HS": 1943.0, "GLVAL_NR": 0.0, "CRHOUSPCT": 0.0, "MUNGL1PCT": 1943.4, "AOEGL_HS": 1943.0, "AOEGL_NR": 0.0, "E911ADDR": "89 CASSIE ST", "SHAPE_Length": 0.001892443560189006, "SHAPE_Area": 2.0672656062542003e-07}, "geometry": {"type": "MultiPolygon", "coordinates": [[[[-72.48814562199993, 44.205799815000034], [-72.48827354599996, 44.205445035000025], [-72.48884123699997, 44.205553794000025], [-72.48883223999997, 44.205581496000036], [-72.48881776399998, 44.20562804100007], [-72.48880407199994, 44.20567317900003], [-72.48879076999998, 44.20571705300006], [-72.48877785799993, 44.20575966100006], [-72.48876572999995, 44.20580114400008], [-72.48875360099998, 44.20584164200005], [-72.48874421199997, 44.20587356200008], [-72.48814562199993, 44.205799815000034]]]]}}, {"type": "Feature", "properties": {"OBJECTID": 197866, "SPAN": "039-012-13414", "GLIST_SPAN": "039-012-13414", "MAPID": "037/043.01", "PARCID": "037/043.01", "PROPTYPE": "PARCEL", "YEAR": 2022, "GLYEAR": 2022, "TOWN": "BARRE TOWN", "TNAME": "Barre Town", "SOURCENAME": null, "SOURCETYPE": "UNKNOWN", "SOURCEDATE": "UNKNOWN", "EDITMETHOD": "UNKNOWN", "EDITOR": "UNKNOWN", "EDITDATE": "UNKNOWN", "MATCHSTAT": "MATCH", "EDITNOTE": "UNKNOWN", "OWNER1": "MACIVER JOHN & LISA", "OWNER2": "", "ADDRGL1": "21 GRACE AVE", "ADDRGL2": "", "CITYGL": "BARRE", "STGL": "VT", "ZIPGL": "05641-8329", "DESCPROP": "HSE & LOT (.24 ACRES)", "LOCAPROP": "", "CAT": "Residential-1", "RESCODE": "T", "ACRESGL": 0.24, "REAL_FLV": 162390, "HSTED_FLV": 0, "NRES_FLV": 162390, "LAND_LV": 40000, "IMPRV_LV": 122390, "EQUIPVAL": 0, "EQUIPCODE": "", "INVENVAL": 0, "HSDECL": "N", "HSITEVAL": 162390, "VETEXAMT": 0, "EXPDESC": "", "ENDDATE": "", "STATUTE": "", "EXAMT_HS": 0, "EXAMT_NR": 0, "UVREDUC_HS": 0, "UVREDUC_NR": 0, "GLVAL_HS": 0.0, "GLVAL_NR": 1623.9, "CRHOUSPCT": 0.0, "MUNGL1PCT": 1623.9, "AOEGL_HS": 0.0, "AOEGL_NR": 1623.9, "E911ADDR": "21 GRACE AVE", "SHAPE_Length": 0.0014336877855947263, "SHAPE_Area": 1.1868324515356311e-07}, "geometry": {"type": "MultiPolygon", "coordinates": [[[[-72.48923483399994, 44.20625540200007], [-72.48933419299993, 44.205994274000034], [-72.48977521999996, 44.206055064000054], [-72.48973610499996, 44.20614280900003], [-72.48971654799993, 44.20618485400007], [-72.48969777399998, 44.20622507000007], [-72.48967938999994, 44.20626303700004], [-72.48966217999998, 44.206298754000045], [-72.48965474899995, 44.20631351800006], [-72.48923483399994, 44.20625540200007]]]]}}, {"type": "Feature", "properties": {"OBJECTID": 5281, "SPAN": "036-011-10707", "GLIST_SPAN": "036-011-10707", "MAPID": "0995-0201.0000", "PARCID": "0995-0201-0000", "PROPTYPE": "PARCEL", "YEAR": 2023, "GLYEAR": 2022, "TOWN": "BARRE CITY", "TNAME": "Barre City", "SOURCENAME": null, "SOURCETYPE": "UNKNOWN", "SOURCEDATE": "UNKNOWN", "EDITMETHOD": "UNKNOWN", "EDITOR": "UNKNOWN", "EDITDATE": "UNKNOWN", "MATCHSTAT": "MATCH", "EDITNOTE": "UNKNOWN", "OWNER1": "CITY OF BARRE", "OWNER2": "", "ADDRGL1": "6 N MAIN ST", "ADDRGL2": "", "CITYGL": "BARRE", "STGL": "VT", "ZIPGL": "05641-4115", "DESCPROP": "CEMETERY BLDG/LAND-70.00AC", "LOCAPROP": "MAPLE AVE 201", "CAT": "Commercial", "RESCODE": "C", "ACRESGL": 70.0, "REAL_FLV": 250400, "HSTED_FLV": 0, "NRES_FLV": 250400, "LAND_LV": 168200, "IMPRV_LV": 82200, "EQUIPVAL": 0, "EQUIPCODE": "", "INVENVAL": 0, "HSDECL": "N", "HSITEVAL": 0, "VETEXAMT": 0, "EXPDESC": "Statutory", "ENDDATE": "", "STATUTE": "", "EXAMT_HS": 0, "EXAMT_NR": 0, "UVREDUC_HS": 0, "UVREDUC_NR": 0, "GLVAL_HS": 0.0, "GLVAL_NR": 0.0, "CRHOUSPCT": 0.0, "MUNGL1PCT": 0.0, "AOEGL_HS": 0.0, "AOEGL_NR": 0.0, "E911ADDR": "201 MAPLE AVE", "SHAPE_Length": 0.024862474314048807, "SHAPE_Area": 3.1050062102333715e-05}, "geometry": {"type": "MultiPolygon", "coordinates": [[[[-72.49376480599994, 44.21050636500007], [-72.49600215599997, 44.20571036000007], [-72.49641034199993, 44.20581303000006], [-72.49736004199997, 44.20605028800003], [-72.49753481099998, 44.20609529200004], [-72.49840554499997, 44.20631946000003], [-72.49847904999996, 44.206329022000034], [-72.49848061399996, 44.206329303000075], [-72.49848335299998, 44.206329726000035], [-72.49827656499997, 44.20680018000007], [-72.49813045399998, 44.207124340000064], [-72.49791849899998, 44.20762201600007], [-72.49770428699998, 44.20804740300008], [-72.49811010299999, 44.20855781900008], [-72.49848372199995, 44.20907074000007], [-72.49866351799994, 44.20914071000004], [-72.49865094899997, 44.20918513200007], [-72.49858183799995, 44.20945265600005], [-72.49848248299998, 44.20970145600006], [-72.49850672599996, 44.20970665900006], [-72.49842069899995, 44.209828016000074], [-72.49832724199996, 44.209976091000044], [-72.49820132699995, 44.210209665000036], [-72.49800385199995, 44.21055742300007], [-72.49791664199995, 44.210907011000074], [-72.49770743499994, 44.21117433200004], [-72.49728274399996, 44.21200611100005], [-72.49717559199996, 44.212223933000075], [-72.49692295399996, 44.212822420000066], [-72.49676456799995, 44.21311856900007], [-72.49639187799994, 44.213652926000066], [-72.49602074599994, 44.21415170400007], [-72.49576771199997, 44.21455275300008], [-72.49566446599994, 44.21469407500007], [-72.49223195199994, 44.213912590000064], [-72.49243104199996, 44.213520405000054], [-72.49285269599994, 44.21258810000006], [-72.49328371799999, 44.21168434000003], [-72.49348240899997, 44.21124054400008], [-72.49376480599994, 44.21050636500007]]]]}}, {"type": "Feature", "properties": {"OBJECTID": 195744, "SPAN": "039-012-10354", "GLIST_SPAN": "039-012-10354", "MAPID": "009/067.00", "PARCID": "009/067.00", "PROPTYPE": "PARCEL", "YEAR": 2022, "GLYEAR": 2022, "TOWN": "BARRE TOWN", "TNAME": "Barre Town", "SOURCENAME": null, "SOURCETYPE": "UNKNOWN", "SOURCEDATE": "UNKNOWN", "EDITMETHOD": "UNKNOWN", "EDITOR": "UNKNOWN", "EDITDATE": "UNKNOWN", "MATCHSTAT": "MATCH", "EDITNOTE": "UNKNOWN", "OWNER1": "BENVENUTI DAVID A & SALLY B", "OWNER2": "", "ADDRGL1": "167 CASSIE ST", "ADDRGL2": "", "CITYGL": "BARRE", "STGL": "VT", "ZIPGL": "05641-3265", "DESCPROP": "HSE & 2 ACRES", "LOCAPROP": "", "CAT": "Residential-1", "RESCODE": "T", "ACRESGL": 2.0, "REAL_FLV": 299990, "HSTED_FLV": 299990, "NRES_FLV": 0, "LAND_LV": 45070, "IMPRV_LV": 254920, "EQUIPVAL": 0, "EQUIPCODE": "", "INVENVAL": 0, "HSDECL": "Y", "HSITEVAL": 299990, "VETEXAMT": 0, "EXPDESC": "", "ENDDATE": "", "STATUTE": "", "EXAMT_HS": 0, "EXAMT_NR": 0, "UVREDUC_HS": 0, "UVREDUC_NR": 0, "GLVAL_HS": 3000.0, "GLVAL_NR": 0.0, "CRHOUSPCT": 0.0, "MUNGL1PCT": 2999.9, "AOEGL_HS": 3000.0, "AOEGL_NR": 0.0, "E911ADDR": "167 CASSIE ST", "SHAPE_Length": 0.0037643820347827146, "SHAPE_Area": 8.544835056655579e-07}, "geometry": {"type": "MultiPolygon", "coordinates": [[[[-72.48609602199997, 44.210943590000056], [-72.48610601099995, 44.210036993000074], [-72.48720983099997, 44.21012894900008], [-72.48720396399995, 44.21014146300007], [-72.48717032099995, 44.21021275600003], [-72.48713667799996, 44.21028376600003], [-72.48710342499999, 44.21035393400007], [-72.48707056499995, 44.21042241400005], [-72.48703887799996, 44.21048822200004], [-72.48700875499998, 44.21055093700005], [-72.48698019799997, 44.210610417000055], [-72.48695281499994, 44.21066680400003], [-72.48692660399996, 44.21072023800008], [-72.48690195899997, 44.210771141000066], [-72.48687848699996, 44.21081937100007], [-72.48685657899995, 44.21086535300003], [-72.48683545399996, 44.21090894400004], [-72.48681589399996, 44.210950567000054], [-72.48679711599993, 44.21099036000004], [-72.48677951099995, 44.21102860800005], [-72.48676229699998, 44.211065449000046], [-72.48674625799998, 44.21110116600005], [-72.48674430099999, 44.21110552500005], [-72.48609602199997, 44.210943590000056]]]]}}, {"type": "Feature", "properties": {"OBJECTID": 197008, "SPAN": "039-012-12806", "GLIST_SPAN": "039-012-12806", "MAPID": "009/066.07", "PARCID": "009/066.07", "PROPTYPE": "PARCEL", "YEAR": 2022, "GLYEAR": 2022, "TOWN": "BARRE TOWN", "TNAME": "Barre Town", "SOURCENAME": null, "SOURCETYPE": "UNKNOWN", "SOURCEDATE": "UNKNOWN", "EDITMETHOD": "UNKNOWN", "EDITOR": "UNKNOWN", "EDITDATE": "UNKNOWN", "MATCHSTAT": "MATCH", "EDITNOTE": "UNKNOWN", "OWNER1": "POPE ROBERT L & NANCY F", "OWNER2": "", "ADDRGL1": "46 GRAND VIEW FARM RD", "ADDRGL2": "", "CITYGL": "BARRE", "STGL": "VT", "ZIPGL": "05641-8335", "DESCPROP": "HSE & 37.83 ACRES", "LOCAPROP": "", "CAT": "Residential-2", "RESCODE": "T", "ACRESGL": 37.83, "REAL_FLV": 567630, "HSTED_FLV": 567630, "NRES_FLV": 0, "LAND_LV": 116330, "IMPRV_LV": 451300, "EQUIPVAL": 0, "EQUIPCODE": "", "INVENVAL": 0, "HSDECL": "Y", "HSITEVAL": 509800, "VETEXAMT": 0, "EXPDESC": "", "ENDDATE": "", "STATUTE": "", "EXAMT_HS": 0, "EXAMT_NR": 0, "UVREDUC_HS": 0, "UVREDUC_NR": 0, "GLVAL_HS": 5676.0, "GLVAL_NR": 0.0, "CRHOUSPCT": 0.0, "MUNGL1PCT": 5676.3, "AOEGL_HS": 5676.0, "AOEGL_NR": 0.0, "E911ADDR": "46 GRAND VIEW FARM RD", "SHAPE_Length": 0.019572278977850223, "SHAPE_Area": 1.724933432282749e-05}, "geometry": {"type": "MultiPolygon", "coordinates": [[[[-72.49289249799995, 44.21250464800005], [-72.49147045299998, 44.21217668200006], [-72.49114411799997, 44.21230223400005], [-72.49114314099995, 44.21229815600003], [-72.49114157799994, 44.21229464000004], [-72.49114040499995, 44.21229126500003], [-72.49113845099998, 44.212286764000055], [-72.49113688699998, 44.21228338900005], [-72.49113512799994, 44.21228008500003], [-72.49113336999994, 44.212276780000025], [-72.49113121899995, 44.212273476000064], [-72.49112848199997, 44.21226925600007], [-72.49112633299995, 44.21226609300004], [-72.49112398699998, 44.21226292800003], [-72.49112046799996, 44.21225885000007], [-72.49111694899995, 44.21225484200005], [-72.49111421199996, 44.212251888000026], [-72.49111127899994, 44.212249006000036], [-72.49110736999995, 44.21224520900006], [-72.49110306999995, 44.21224155200008], [-72.49109876799997, 44.21223803600003], [-72.49109427099995, 44.21223459000004], [-72.49108957999994, 44.21223121500003], [-72.49108488799999, 44.21222805000008], [-72.49107980499997, 44.212224957000046], [-72.49107589499994, 44.212222635000046], [-72.49107198499996, 44.21222052600007], [-72.49106670699996, 44.212217784000075], [-72.49106123299998, 44.212215111000035], [-72.49105712699998, 44.21221321300004], [-72.49105262999996, 44.21221152500004], [-72.49104852499994, 44.21220969600006], [-72.49104402799998, 44.21220814900005], [-72.49103953299993, 44.21220660200004], [-72.49103503599997, 44.212205125000025], [-72.49102897499995, 44.21220329600004], [-72.49102271799995, 44.21220160800004], [-72.49101646199995, 44.21220006200008], [-72.49101020599994, 44.212198725000064], [-72.49100394899995, 44.212197599000035], [-72.49099730299997, 44.21219654400005], [-72.49099104599998, 44.21219563000005], [-72.49098439799997, 44.21219492600005], [-72.49097970599996, 44.212194503000035], [-72.49097462299994, 44.21219415200005], [-72.49096953899993, 44.21219394000008], [-72.49096484699999, 44.21219379900003], [-72.49095819999997, 44.21219365800005], [-72.49095155199996, 44.21219386800004], [-72.49094490499994, 44.21219414900003], [-72.49094021299999, 44.21219436000007], [-72.49093512799993, 44.21219478100005], [-72.49093043599999, 44.212195343000076], [-72.49092535299997, 44.21219597600003], [-72.49092066099996, 44.212196608000056], [-72.49091557599996, 44.212197452000055], [-72.49090931999996, 44.21219857600005], [-72.49090462699996, 44.212199560000045], [-72.49089993499996, 44.21220061500003], [-72.49089524199997, 44.21220180900008], [-72.49089054999996, 44.21220307500005], [-72.49088448799995, 44.212204832000054], [-72.49087999199998, 44.21220630800008], [-72.49087549399997, 44.21220785400004], [-72.49087099699994, 44.21220940100005], [-72.49086649999998, 44.21221108800006], [-72.49086102499996, 44.21221354800008], [-72.49085554999994, 44.21221607900003], [-72.49084909799996, 44.21221924200006], [-72.49078536299999, 44.21220222200003], [-72.49071849899997, 44.21218506100007], [-72.49065593599994, 44.21216958700006], [-72.49059611099995, 44.212155239000026], [-72.49053863099994, 44.21214187500004], [-72.49048193499993, 44.21212907300003], [-72.49042523699995, 44.21211627100007], [-72.49036853999996, 44.21210375100003], [-72.49031223299994, 44.21209151200003], [-72.49025631699993, 44.21207941400007], [-72.49020196699996, 44.21206773800003], [-72.49014839699998, 44.212056483000026], [-72.49010773099997, 44.21204790200005], [-72.49057674899996, 44.21096992200006], [-72.48983969899996, 44.210798158000046], [-72.48904674099998, 44.21061555600005], [-72.48736191599994, 44.210228949000054], [-72.48738264899998, 44.21018507700006], [-72.48741590099996, 44.21011434700006], [-72.48744836899994, 44.210045163000075], [-72.48747966499997, 44.209978371000034], [-72.48750939599995, 44.20991439000005], [-72.48753795399995, 44.20985280000008], [-72.48756533699998, 44.20979303900003], [-72.48759193899997, 44.20973426000006], [-72.48761814799997, 44.20967590400005], [-72.48764396699994, 44.20961740800004], [-72.48767017799997, 44.20955792800004], [-72.48769638799996, 44.209496899000044], [-72.48772377199998, 44.20943376300005], [-72.48775115699993, 44.209368797000025], [-72.48777893299996, 44.20930270800005], [-72.48780709999994, 44.209235774000035], [-72.48783565699995, 44.20916841800005], [-72.48786382299994, 44.20910134400003], [-72.48789159899997, 44.20903483200004], [-72.48790528999996, 44.209002912000074], [-72.48791937399994, 44.20896944400005], [-72.48794675699997, 44.208905464000054], [-72.48797335899997, 44.20884274900004], [-72.48799995999997, 44.20878073700004], [-72.48802656099997, 44.20871900600008], [-72.48805316199997, 44.20865741600005], [-72.48807937299995, 44.208595262000074], [-72.48810636399998, 44.208532406000074], [-72.48813335699998, 44.20846842600008], [-72.48814000699997, 44.208452958000066], [-72.48965040599995, 44.20878736600008], [-72.48990543499997, 44.20825161400006], [-72.49052202799999, 44.20838990000004], [-72.49136500799995, 44.20858416800007], [-72.49209382099997, 44.20876674900006], [-72.49434407199993, 44.209264725000025], [-72.49376480799998, 44.21050636500007], [-72.49348240999996, 44.21124054400008], [-72.49328371899998, 44.21168434000003], [-72.49289249799995, 44.21250464800005]]]]}}, {"type": "Feature", "properties": {"OBJECTID": 197211, "SPAN": "039-012-12472", "GLIST_SPAN": "039-012-12472", "MAPID": "009/066.11", "PARCID": "009/066.11", "PROPTYPE": "PARCEL", "YEAR": 2022, "GLYEAR": 2022, "TOWN": "BARRE TOWN", "TNAME": "Barre Town", "SOURCENAME": null, "SOURCETYPE": "UNKNOWN", "SOURCEDATE": "UNKNOWN", "EDITMETHOD": "UNKNOWN", "EDITOR": "UNKNOWN", "EDITDATE": "UNKNOWN", "MATCHSTAT": "MATCH", "EDITNOTE": "UNKNOWN", "OWNER1": "MOORE ALAN T & IRWIN JANE E", "OWNER2": "", "ADDRGL1": "23 CHERRY ST", "ADDRGL2": "", "CITYGL": "SOMERVILLE", "STGL": "MA", "ZIPGL": "02144", "DESCPROP": "5.1 ACRES", "LOCAPROP": "", "CAT": "Miscellaneous", "RESCODE": "NS", "ACRESGL": 5.1, "REAL_FLV": 56300, "HSTED_FLV": 0, "NRES_FLV": 56300, "LAND_LV": 56300, "IMPRV_LV": 0, "EQUIPVAL": 0, "EQUIPCODE": "", "INVENVAL": 0, "HSDECL": "N", "HSITEVAL": 0, "VETEXAMT": 0, "EXPDESC": "", "ENDDATE": "", "STATUTE": "", "EXAMT_HS": 0, "EXAMT_NR": 0, "UVREDUC_HS": 0, "UVREDUC_NR": 0, "GLVAL_HS": 0.0, "GLVAL_NR": 563.0, "CRHOUSPCT": 0.0, "MUNGL1PCT": 563.0, "AOEGL_HS": 0.0, "AOEGL_NR": 563.0, "E911ADDR": "GRAND VIEW FARM RD", "SHAPE_Length": 0.006226751589514737, "SHAPE_Area": 2.255598970205423e-06}, "geometry": {"type": "MultiPolygon", "coordinates": [[[[-72.48802246299994, 44.21157956700006], [-72.48800642999998, 44.211579424000035], [-72.48799078899998, 44.211579423000046], [-72.48797514799998, 44.211579562000054], [-72.48795950699997, 44.21157984100006], [-72.48794386599997, 44.211580121000054], [-72.48792861599998, 44.21158068200003], [-72.48791375699994, 44.21158124300007], [-72.48789928799994, 44.211581945000034], [-72.48788521099993, 44.21158264600007], [-72.48787113399999, 44.21158348900008], [-72.48785705699999, 44.21158447100004], [-72.48784337099994, 44.21158559400004], [-72.48782890299998, 44.21158685900008], [-72.48781482499999, 44.211588264000056], [-72.48779996599995, 44.21158994900003], [-72.48778432399996, 44.211591776000034], [-72.48776829299999, 44.21159374300004], [-72.48775186899996, 44.21159585100003], [-72.48773505399998, 44.21159823900007], [-72.48771784799999, 44.21160062800004], [-72.48770025199997, 44.21160329800006], [-72.48768226399994, 44.21160596800007], [-72.48766427599998, 44.21160863800003], [-72.48764667899997, 44.211611308000045], [-72.48762869099994, 44.21161411800006], [-72.48761109499998, 44.21161692900006], [-72.48759349699998, 44.21161959900007], [-72.48757629199997, 44.21162226900003], [-72.48755869499996, 44.21162479800006], [-72.48754148999996, 44.21162732800008], [-72.48752428399996, 44.21162971600006], [-72.48750668699995, 44.21163196400005], [-72.48748948099995, 44.211634212000035], [-72.48747188499993, 44.21163617900004], [-72.48745428799998, 44.21163814600004], [-72.48743629999996, 44.21163983200006], [-72.48741870399994, 44.211641377000035], [-72.48740071699996, 44.211642780000034], [-72.48738272899993, 44.21164390300004], [-72.48736434999995, 44.211644886000045], [-72.48734597199996, 44.21164558700008], [-72.48732759299997, 44.21164614700007], [-72.48730882399997, 44.21164656700006], [-72.48729044599997, 44.21164670600007], [-72.48727167699997, 44.211646563000045], [-72.48725290699997, 44.21164642100007], [-72.48723413799996, 44.21164599700006], [-72.48721575899998, 44.21164529200007], [-72.48719698999997, 44.211644586000034], [-72.48717900299994, 44.21164360000006], [-72.48716101599996, 44.21164247300004], [-72.48714302899998, 44.211641205000035], [-72.48712543399995, 44.211639657000035], [-72.48710822899994, 44.211638108000045], [-72.48709102399994, 44.21163641800007], [-72.48707420999995, 44.21163458800004], [-72.48705817899997, 44.21163247700008], [-72.48704214599996, 44.211630366000065], [-72.48702650599995, 44.211628114000064], [-72.48701086499995, 44.211625722000065], [-72.48699522499999, 44.211623048000035], [-72.48697997599999, 44.211620234000065], [-72.48696433599997, 44.211617139000055], [-72.48694869499997, 44.21161376200007], [-72.48693266299995, 44.211610103000055], [-72.48691545899999, 44.21160588300006], [-72.48689669099997, 44.21160109900006], [-72.48687518599996, 44.21159561200005], [-72.48685094399997, 44.21158900100005], [-72.48682318199997, 44.21158140400007], [-72.48679111999996, 44.21157254000008], [-72.48674732799998, 44.21156058300005], [-72.48675084899998, 44.211552005000044], [-72.48676493399995, 44.21151657000007], [-72.48677862699998, 44.21148169700007], [-72.48679310399996, 44.211447246000034], [-72.48680718799994, 44.21141321600004], [-72.48682166299994, 44.21137932800008], [-72.48683574699999, 44.211345720000054], [-72.48685022299998, 44.21131225400006], [-72.48686508999998, 44.211278787000026], [-72.48687995599994, 44.211245321000035], [-72.48689482299994, 44.21121171300007], [-72.48691007899998, 44.21117782500005], [-72.48692572799996, 44.21114323300003], [-72.48694176799995, 44.211107938000055], [-72.48695858999997, 44.21107151900003], [-72.48697619499995, 44.21103369300005], [-72.48699458099998, 44.210994320000054], [-72.48701414099997, 44.21095298000006], [-72.48703487599994, 44.210909670000035], [-72.48705717299998, 44.21086397000005], [-72.48708025499997, 44.21081587900005], [-72.48710489999996, 44.21076497700005], [-72.48713110999995, 44.21071154300006], [-72.48715849399997, 44.21065501500004], [-72.48718705099998, 44.21059539400005], [-72.48721756399993, 44.21053267900004], [-72.48724925199997, 44.21046659000007], [-72.48728171999994, 44.21039796900004], [-72.48731536299994, 44.210327661000065], [-72.48734900599999, 44.21025651000008], [-72.48736191599994, 44.210228949000054], [-72.48904674099998, 44.21061555600005], [-72.48859490699994, 44.21168368700006], [-72.48855775999994, 44.211674542000026], [-72.48849989099995, 44.21166047400004], [-72.48844710499998, 44.21164795400006], [-72.48839940199997, 44.21163683900005], [-72.48835599899996, 44.21162713200005], [-72.48831728999994, 44.21161869100007], [-72.48828209899995, 44.21161151500007], [-72.48825042599998, 44.21160532400006], [-72.48822188299994, 44.21159997800004], [-72.48819568399995, 44.21159561600007], [-72.48817144099996, 44.211591816000066], [-72.48814915399998, 44.211588721000055], [-72.48812842899997, 44.21158618700008], [-72.48810887799993, 44.211584076000065], [-72.48809010899998, 44.211582527000076], [-72.48807212199995, 44.21158126000006], [-72.48805491699994, 44.211580414000025], [-72.48803849399997, 44.21157985000008], [-72.48802246299994, 44.21157956700006]]]]}}, {"type": "Feature", "properties": {"OBJECTID": 197885, "SPAN": "039-012-13439", "GLIST_SPAN": "039-012-13439", "MAPID": "037/047.00", "PARCID": "037/047.00", "PROPTYPE": "PARCEL", "YEAR": 2022, "GLYEAR": 2022, "TOWN": "BARRE TOWN", "TNAME": "Barre Town", "SOURCENAME": null, "SOURCETYPE": "UNKNOWN", "SOURCEDATE": "UNKNOWN", "EDITMETHOD": "UNKNOWN", "EDITOR": "UNKNOWN", "EDITDATE": "UNKNOWN", "MATCHSTAT": "MATCH", "EDITNOTE": "UNKNOWN", "OWNER1": "VALSANGIACOMO ORESTE V JR", "OWNER2": "& MARGARET J", "ADDRGL1": "124 CASSIE ST", "ADDRGL2": "", "CITYGL": "BARRE", "STGL": "VT", "ZIPGL": "05641-3265", "DESCPROP": "HSE & 2 ACRES", "LOCAPROP": "", "CAT": "Residential-1", "RESCODE": "T", "ACRESGL": 2.0, "REAL_FLV": 289180, "HSTED_FLV": 289180, "NRES_FLV": 0, "LAND_LV": 49500, "IMPRV_LV": 239680, "EQUIPVAL": 0, "EQUIPCODE": "", "INVENVAL": 0, "HSDECL": "Y", "HSITEVAL": 289180, "VETEXAMT": 0, "EXPDESC": "", "ENDDATE": "", "STATUTE": "", "EXAMT_HS": 0, "EXAMT_NR": 0, "UVREDUC_HS": 0, "UVREDUC_NR": 0, "GLVAL_HS": 2892.0, "GLVAL_NR": 0.0, "CRHOUSPCT": 0.0, "MUNGL1PCT": 2891.8, "AOEGL_HS": 2892.0, "AOEGL_NR": 0.0, "E911ADDR": "124 CASSIE ST", "SHAPE_Length": 0.0043189918858172706, "SHAPE_Area": 9.148206695267061e-07}, "geometry": {"type": "MultiPolygon", "coordinates": [[[[-72.48835555599999, 44.20792423600005], [-72.48836572699997, 44.20789822200004], [-72.48912893299996, 44.20807168500005], [-72.48990543499997, 44.20825161400006], [-72.48965040599995, 44.20878736600008], [-72.48814000699997, 44.208452958000066], [-72.48816074099994, 44.20840303800003], [-72.48818812399998, 44.208337089000054], [-72.48821550799994, 44.20827114000008], [-72.48824210899994, 44.208206174000054], [-72.48826792799997, 44.20814303700007], [-72.48829257299997, 44.20808257200008], [-72.48831565399996, 44.20802534000006], [-72.48833677799996, 44.20797232800004], [-72.48835555599999, 44.20792423600005]]]]}}, {"type": "Feature", "properties": {"OBJECTID": 193765, "SPAN": "039-012-10049", "GLIST_SPAN": "039-012-10049", "MAPID": "037/115.00", "PARCID": "037/115.00", "PROPTYPE": "PARCEL", "YEAR": 2022, "GLYEAR": 2022, "TOWN": "BARRE TOWN", "TNAME": "Barre Town", "SOURCENAME": null, "SOURCETYPE": "UNKNOWN", "SOURCEDATE": "UNKNOWN", "EDITMETHOD": "UNKNOWN", "EDITOR": "UNKNOWN", "EDITDATE": "UNKNOWN", "MATCHSTAT": "MATCH", "EDITNOTE": "UNKNOWN", "OWNER1": "ALGER JOHN A & TINA MARIE", "OWNER2": "", "ADDRGL1": "47 LAGUE LANE", "ADDRGL2": "", "CITYGL": "BARRE", "STGL": "VT", "ZIPGL": "05641-3219", "DESCPROP": "HSE & LOT (.29 ACRES)", "LOCAPROP": "", "CAT": "Residential-1", "RESCODE": "T", "ACRESGL": 0.29, "REAL_FLV": 199070, "HSTED_FLV": 199070, "NRES_FLV": 0, "LAND_LV": 40000, "IMPRV_LV": 159070, "EQUIPVAL": 0, "EQUIPCODE": "", "INVENVAL": 0, "HSDECL": "Y", "HSITEVAL": 199070, "VETEXAMT": 0, "EXPDESC": "", "ENDDATE": "", "STATUTE": "", "EXAMT_HS": 0, "EXAMT_NR": 0, "UVREDUC_HS": 0, "UVREDUC_NR": 0, "GLVAL_HS": 1991.0, "GLVAL_NR": 0.0, "CRHOUSPCT": 0.0, "MUNGL1PCT": 1990.7, "AOEGL_HS": 1991.0, "AOEGL_NR": 0.0, "E911ADDR": "47 LAGUE LANE", "SHAPE_Length": 0.0015024869561412696, "SHAPE_Area": 1.3073068367699264e-07}, "geometry": {"type": "MultiPolygon", "coordinates": [[[[-72.48311246999998, 44.201532100000065], [-72.48320596499997, 44.201335382000025], [-72.48366140499996, 44.201435712000034], [-72.48353739799995, 44.20169542600007], [-72.48308742999996, 44.20159748700007], [-72.48311246999998, 44.201532100000065]]]]}}, {"type": "Feature", "properties": {"OBJECTID": 193775, "SPAN": "039-012-10055", "GLIST_SPAN": "039-012-10055", "MAPID": "037/107.00", "PARCID": "037/107.00", "PROPTYPE": "PARCEL", "YEAR": 2022, "GLYEAR": 2022, "TOWN": "BARRE TOWN", "TNAME": "Barre Town", "SOURCENAME": null, "SOURCETYPE": "UNKNOWN", "SOURCEDATE": "UNKNOWN", "EDITMETHOD": "UNKNOWN", "EDITOR": "UNKNOWN", "EDITDATE": "UNKNOWN", "MATCHSTAT": "MATCH", "EDITNOTE": "UNKNOWN", "OWNER1": "ALLEN JEFFREY", "OWNER2": "", "ADDRGL1": "269 CAMP ST", "ADDRGL2": "", "CITYGL": "BARRE", "STGL": "VT", "ZIPGL": "05641", "DESCPROP": "HSE & 1.90 ACRES", "LOCAPROP": "", "CAT": "Residential-1", "RESCODE": "T", "ACRESGL": 1.9, "REAL_FLV": 150070, "HSTED_FLV": 0, "NRES_FLV": 150070, "LAND_LV": 45000, "IMPRV_LV": 105070, "EQUIPVAL": 0, "EQUIPCODE": "", "INVENVAL": 0, "HSDECL": "N", "HSITEVAL": 150070, "VETEXAMT": 0, "EXPDESC": "", "ENDDATE": "", "STATUTE": "", "EXAMT_HS": 0, "EXAMT_NR": 0, "UVREDUC_HS": 0, "UVREDUC_NR": 0, "GLVAL_HS": 0.0, "GLVAL_NR": 1500.7, "CRHOUSPCT": 0.0, "MUNGL1PCT": 1500.7, "AOEGL_HS": 0.0, "AOEGL_NR": 1500.7, "E911ADDR": "269 CAMP ST", "SHAPE_Length": 0.01056867468008582, "SHAPE_Area": 3.179157801724805e-06}, "geometry": {"type": "MultiPolygon", "coordinates": [[[[-72.48391015499993, 44.20250406500003], [-72.48398016999994, 44.20238918500007], [-72.48398447199997, 44.20238243600005], [-72.48414289999994, 44.202059305000034], [-72.48428449499994, 44.20181084300003], [-72.48436937199995, 44.20166615200003], [-72.48444407899996, 44.201542836000044], [-72.48458762199994, 44.201307170000064], [-72.48519124599994, 44.20137390600007], [-72.48605719699998, 44.20147835700004], [-72.48590660699995, 44.20177139800006], [-72.48665756899999, 44.20211264200003], [-72.48662902299998, 44.20213724700005], [-72.48659813099994, 44.20216368000007], [-72.48656489199993, 44.20219208300006], [-72.48652969799997, 44.20222231300005], [-72.48649215799998, 44.20225394900007], [-72.48645305399998, 44.20228713100005], [-72.48641199599996, 44.20232143900006], [-72.48636937099997, 44.20235687100006], [-72.48632518499994, 44.20239328700006], [-72.48627943199995, 44.20243054700006], [-72.48626066199995, 44.20244559100007], [-72.48623250699995, 44.20246836900003], [-72.48618440999996, 44.202506612000036], [-72.48613592099997, 44.20254513800006], [-72.48608704099996, 44.20258380300004], [-72.48603737899998, 44.20262246800007], [-72.48598849899997, 44.20266071200007], [-72.48593961899996, 44.202698534000035], [-72.48589777699993, 44.20273045000005], [-72.48589112999997, 44.20273565200006], [-72.48584303199993, 44.20277249000003], [-72.48579493399995, 44.20280890600003], [-72.48577851099998, 44.20282141900003], [-72.48500957299996, 44.202430668000034], [-72.48431975799997, 44.20299503900003], [-72.48429394899995, 44.20301486300008], [-72.48427791699999, 44.203027518000056], [-72.48426422899996, 44.20303749900006], [-72.48379577499998, 44.20329702500004], [-72.48327255499999, 44.20364864900006], [-72.48278999699994, 44.203978059000065], [-72.48279351899998, 44.20396638700004], [-72.48280368899998, 44.20395359200006], [-72.48302427799996, 44.20368025300007], [-72.48305830499999, 44.20363483700004], [-72.48325698999997, 44.20338849400008], [-72.48351199399997, 44.20306664300006], [-72.48375447899997, 44.20276377500005], [-72.48375662999996, 44.20276166600007], [-72.48376464599994, 44.202755198000034], [-72.48383544699993, 44.20262892800008], [-72.48390585299995, 44.20251123600008], [-72.48391015499993, 44.20250406500003]]]]}}, {"type": "Feature", "properties": {"OBJECTID": 194454, "SPAN": "039-012-11409", "GLIST_SPAN": "039-012-11409", "MAPID": "037/123.00", "PARCID": "037/123.00", "PROPTYPE": "PARCEL", "YEAR": 2022, "GLYEAR": 2022, "TOWN": "BARRE TOWN", "TNAME": "Barre Town", "SOURCENAME": null, "SOURCETYPE": "UNKNOWN", "SOURCEDATE": "UNKNOWN", "EDITMETHOD": "UNKNOWN", "EDITOR": "UNKNOWN", "EDITDATE": "UNKNOWN", "MATCHSTAT": "MATCH", "EDITNOTE": "UNKNOWN", "OWNER1": "LINDHIEM MATTHEW D & MELISSA J", "OWNER2": "", "ADDRGL1": "60 LAGUE LANE", "ADDRGL2": "", "CITYGL": "BARRE", "STGL": "VT", "ZIPGL": "05641-3218", "DESCPROP": "HSE & LOT (.23 ACRES)", "LOCAPROP": "", "CAT": "Residential-1", "RESCODE": "T", "ACRESGL": 0.23, "REAL_FLV": 171390, "HSTED_FLV": 171390, "NRES_FLV": 0, "LAND_LV": 40000, "IMPRV_LV": 131390, "EQUIPVAL": 0, "EQUIPCODE": "", "INVENVAL": 0, "HSDECL": "Y", "HSITEVAL": 171390, "VETEXAMT": 0, "EXPDESC": "", "ENDDATE": "", "STATUTE": "", "EXAMT_HS": 0, "EXAMT_NR": 0, "UVREDUC_HS": 0, "UVREDUC_NR": 0, "GLVAL_HS": 1714.0, "GLVAL_NR": 0.0, "CRHOUSPCT": 0.0, "MUNGL1PCT": 1713.9, "AOEGL_HS": 1714.0, "AOEGL_NR": 0.0, "E911ADDR": "60 LAGUE LANE", "SHAPE_Length": 0.0013404231086952612, "SHAPE_Area": 1.0880764002600208e-07}, "geometry": {"type": "MultiPolygon", "coordinates": [[[[-72.48277086899998, 44.20253314800004], [-72.48289019299995, 44.20226162200004], [-72.48293436899996, 44.20227203500008], [-72.48325689399996, 44.20234872200007], [-72.48312896999994, 44.20261870100006], [-72.48277086899998, 44.20253314800004]]]]}}, {"type": "Feature", "properties": {"OBJECTID": 194681, "SPAN": "039-012-11657", "GLIST_SPAN": "039-012-11657", "MAPID": "035/008.00", "PARCID": "035/008.00", "PROPTYPE": "PARCEL", "YEAR": 2022, "GLYEAR": 2022, "TOWN": "BARRE TOWN", "TNAME": "Barre Town", "SOURCENAME": null, "SOURCETYPE": "UNKNOWN", "SOURCEDATE": "UNKNOWN", "EDITMETHOD": "UNKNOWN", "EDITOR": "UNKNOWN", "EDITDATE": "UNKNOWN", "MATCHSTAT": "MATCH", "EDITNOTE": "UNKNOWN", "OWNER1": "MCDONALD KYLE A", "OWNER2": "", "ADDRGL1": "30 LAGUE LANE", "ADDRGL2": "", "CITYGL": "BARRE", "STGL": "VT", "ZIPGL": "05641-3218", "DESCPROP": "HSE & LOT (.28 ACRES)", "LOCAPROP": "", "CAT": "Residential-1", "RESCODE": "T", "ACRESGL": 0.28, "REAL_FLV": 183040, "HSTED_FLV": 183040, "NRES_FLV": 0, "LAND_LV": 40000, "IMPRV_LV": 143040, "EQUIPVAL": 0, "EQUIPCODE": "", "INVENVAL": 0, "HSDECL": "Y", "HSITEVAL": 183040, "VETEXAMT": 0, "EXPDESC": "", "ENDDATE": "", "STATUTE": "", "EXAMT_HS": 0, "EXAMT_NR": 0, "UVREDUC_HS": 0, "UVREDUC_NR": 0, "GLVAL_HS": 1830.0, "GLVAL_NR": 0.0, "CRHOUSPCT": 0.0, "MUNGL1PCT": 1830.4, "AOEGL_HS": 1830.0, "AOEGL_NR": 0.0, "E911ADDR": "30 LAGUE LANE", "SHAPE_Length": 0.001463057181878458, "SHAPE_Area": 1.2520098636538922e-07}, "geometry": {"type": "MultiPolygon", "coordinates": [[[[-72.48425550499996, 44.20056125700006], [-72.48437207799998, 44.200302244000056], [-72.48480639999997, 44.200406083000075], [-72.48468709099996, 44.20066804900006], [-72.48425550499996, 44.20056125700006]]]]}}, {"type": "Feature", "properties": {"OBJECTID": 194746, "SPAN": "039-012-11727", "GLIST_SPAN": "039-012-11727", "MAPID": "037/110.00", "PARCID": "037/110.00", "PROPTYPE": "PARCEL", "YEAR": 2022, "GLYEAR": 2022, "TOWN": "BARRE TOWN", "TNAME": "Barre Town", "SOURCENAME": null, "SOURCETYPE": "UNKNOWN", "SOURCEDATE": "UNKNOWN", "EDITMETHOD": "UNKNOWN", "EDITOR": "UNKNOWN", "EDITDATE": "UNKNOWN", "MATCHSTAT": "MATCH", "EDITNOTE": "UNKNOWN", "OWNER1": "ELLIOTT MARTHA", "OWNER2": "", "ADDRGL1": "44 LAGUE LANE", "ADDRGL2": "", "CITYGL": "BARRE", "STGL": "VT", "ZIPGL": "05641", "DESCPROP": "HSE & LOT (.28 ACRES)", "LOCAPROP": "", "CAT": "Residential-1", "RESCODE": "T", "ACRESGL": 0.28, "REAL_FLV": 205980, "HSTED_FLV": 205980, "NRES_FLV": 0, "LAND_LV": 40000, "IMPRV_LV": 165980, "EQUIPVAL": 0, "EQUIPCODE": "", "INVENVAL": 0, "HSDECL": "Y", "HSITEVAL": 205980, "VETEXAMT": 0, "EXPDESC": "", "ENDDATE": "", "STATUTE": "", "EXAMT_HS": 0, "EXAMT_NR": 0, "UVREDUC_HS": 0, "UVREDUC_NR": 0, "GLVAL_HS": 2060.0, "GLVAL_NR": 0.0, "CRHOUSPCT": 0.0, "MUNGL1PCT": 2059.8, "AOEGL_HS": 2060.0, "AOEGL_NR": 0.0, "E911ADDR": "44 LAGUE LANE", "SHAPE_Length": 0.0014463176138087815, "SHAPE_Area": 1.221655208429803e-07}, "geometry": {"type": "MultiPolygon", "coordinates": [[[[-72.48372269999999, 44.20174326500006], [-72.48383927799995, 44.20148467400003], [-72.48415984399998, 44.20156304600005], [-72.48419776599997, 44.20157162900006], [-72.48423333999995, 44.20158021300006], [-72.48426696099995, 44.20158753000004], [-72.48414960299993, 44.20184583900004], [-72.48372269999999, 44.20174326500006]]]]}}, {"type": "Feature", "properties": {"OBJECTID": 194808, "SPAN": "039-012-11799", "GLIST_SPAN": "039-012-11799", "MAPID": "035/012.00", "PARCID": "035/012.00", "PROPTYPE": "PARCEL", "YEAR": 2022, "GLYEAR": 2022, "TOWN": "BARRE TOWN", "TNAME": "Barre Town", "SOURCENAME": null, "SOURCETYPE": "UNKNOWN", "SOURCEDATE": "UNKNOWN", "EDITMETHOD": "UNKNOWN", "EDITOR": "UNKNOWN", "EDITDATE": "UNKNOWN", "MATCHSTAT": "MATCH", "EDITNOTE": "UNKNOWN", "OWNER1": "ROYER JODI RAE", "OWNER2": "", "ADDRGL1": "43 LAGUE LANE", "ADDRGL2": "", "CITYGL": "BARRE", "STGL": "VT", "ZIPGL": "05641-3219", "DESCPROP": "HSE & LOT (.29 ACRES)", "LOCAPROP": "", "CAT": "Residential-1", "RESCODE": "T", "ACRESGL": 0.29, "REAL_FLV": 165010, "HSTED_FLV": 165010, "NRES_FLV": 0, "LAND_LV": 40000, "IMPRV_LV": 125010, "EQUIPVAL": 0, "EQUIPCODE": "", "INVENVAL": 0, "HSDECL": "Y", "HSITEVAL": 165010, "VETEXAMT": 0, "EXPDESC": "", "ENDDATE": "", "STATUTE": "", "EXAMT_HS": 0, "EXAMT_NR": 0, "UVREDUC_HS": 0, "UVREDUC_NR": 0, "GLVAL_HS": 1650.0, "GLVAL_NR": 0.0, "CRHOUSPCT": 0.0, "MUNGL1PCT": 1650.1, "AOEGL_HS": 1650.0, "AOEGL_NR": 0.0, "E911ADDR": "43 LAGUE LANE", "SHAPE_Length": 0.0015208228232906043, "SHAPE_Area": 1.34180433628017e-07}, "geometry": {"type": "MultiPolygon", "coordinates": [[[[-72.48323022199997, 44.20127097900007], [-72.48332567199998, 44.20107187000008], [-72.48378463099993, 44.201166295000064], [-72.48372086699999, 44.20130353400003], [-72.48366140499996, 44.201435712000034], [-72.48320596499997, 44.201335382000025], [-72.48323022199997, 44.20127097900007]]]]}}, {"type": "Feature", "properties": {"OBJECTID": 194839, "SPAN": "039-012-11835", "GLIST_SPAN": "039-012-11835", "MAPID": "035/024.01", "PARCID": "035/024.01", "PROPTYPE": "PARCEL", "YEAR": 2022, "GLYEAR": 2022, "TOWN": "BARRE TOWN", "TNAME": "Barre Town", "SOURCENAME": null, "SOURCETYPE": "UNKNOWN", "SOURCEDATE": "UNKNOWN", "EDITMETHOD": "UNKNOWN", "EDITOR": "UNKNOWN", "EDITDATE": "UNKNOWN", "MATCHSTAT": "MATCH", "EDITNOTE": "UNKNOWN", "OWNER1": "JOHNSON JOHN R & ROBERTA J", "OWNER2": "", "ADDRGL1": "129 WOODLAND DR", "ADDRGL2": "", "CITYGL": "BARRE", "STGL": "VT", "ZIPGL": "05641-3316", "DESCPROP": "HSE & LOT (.29 ACRES)", "LOCAPROP": "", "CAT": "Residential-1", "RESCODE": "T", "ACRESGL": 0.29, "REAL_FLV": 179450, "HSTED_FLV": 179450, "NRES_FLV": 0, "LAND_LV": 45000, "IMPRV_LV": 134450, "EQUIPVAL": 0, "EQUIPCODE": "", "INVENVAL": 0, "HSDECL": "Y", "HSITEVAL": 179450, "VETEXAMT": 0, "EXPDESC": "", "ENDDATE": "", "STATUTE": "", "EXAMT_HS": 0, "EXAMT_NR": 0, "UVREDUC_HS": 0, "UVREDUC_NR": 0, "GLVAL_HS": 1794.0, "GLVAL_NR": 0.0, "CRHOUSPCT": 0.0, "MUNGL1PCT": 1794.5, "AOEGL_HS": 1794.0, "AOEGL_NR": 0.0, "E911ADDR": "129 WOODLAND DR", "SHAPE_Length": 0.001511852067411609, "SHAPE_Area": 1.3183516727062699e-07}, "geometry": {"type": "MultiPolygon", "coordinates": [[[[-72.48203482799994, 44.20128548500003], [-72.48215071399994, 44.20102395300006], [-72.48261105499995, 44.20113011900003], [-72.48258751299994, 44.20118032100004], [-72.48255699899994, 44.201245706000066], [-72.48252609399998, 44.20131165500004], [-72.48249479799995, 44.20137830500005], [-72.48249088599994, 44.20138618000004], [-72.48248898899993, 44.20139019100003], [-72.48203482799994, 44.20128548500003]]]]}}, {"type": "Feature", "properties": {"OBJECTID": 195061, "SPAN": "039-012-11932", "GLIST_SPAN": "039-012-11932", "MAPID": "037/095.00", "PARCID": "037/095.00", "PROPTYPE": "PARCEL", "YEAR": 2022, "GLYEAR": 2022, "TOWN": "BARRE TOWN", "TNAME": "Barre Town", "SOURCENAME": null, "SOURCETYPE": "UNKNOWN", "SOURCEDATE": "UNKNOWN", "EDITMETHOD": "UNKNOWN", "EDITOR": "UNKNOWN", "EDITDATE": "UNKNOWN", "MATCHSTAT": "MATCH", "EDITNOTE": "UNKNOWN", "OWNER1": "KNOWLTON RICHARD W", "OWNER2": "", "ADDRGL1": "23 SCENIC VIEW DR", "ADDRGL2": "", "CITYGL": "BARRE", "STGL": "VT", "ZIPGL": "05641-8307", "DESCPROP": "HSE & LOT (.64 ACRES)", "LOCAPROP": "", "CAT": "Residential-1", "RESCODE": "T", "ACRESGL": 0.64, "REAL_FLV": 272040, "HSTED_FLV": 0, "NRES_FLV": 272040, "LAND_LV": 45000, "IMPRV_LV": 227040, "EQUIPVAL": 0, "EQUIPCODE": "", "INVENVAL": 0, "HSDECL": "N", "HSITEVAL": 272040, "VETEXAMT": 0, "EXPDESC": "", "ENDDATE": "", "STATUTE": "", "EXAMT_HS": 0, "EXAMT_NR": 0, "UVREDUC_HS": 0, "UVREDUC_NR": 0, "GLVAL_HS": 0.0, "GLVAL_NR": 2720.4, "CRHOUSPCT": 0.0, "MUNGL1PCT": 2720.4, "AOEGL_HS": 0.0, "AOEGL_NR": 2720.4, "E911ADDR": "23 SCENIC VIEW DR", "SHAPE_Length": 0.0023467818337894997, "SHAPE_Area": 2.7315639168479996e-07}, "geometry": {"type": "MultiPolygon", "coordinates": [[[[-72.48216285599995, 44.202729788000056], [-72.48229978699999, 44.20242465500007], [-72.48240651199995, 44.202449141000045], [-72.48277086899998, 44.20253314800004], [-72.48312896999994, 44.20261870100006], [-72.48297054499994, 44.20291145600004], [-72.48216285599995, 44.202729788000056]]]]}}, {"type": "Feature", "properties": {"OBJECTID": 195076, "SPAN": "039-012-10148", "GLIST_SPAN": "039-012-10148", "MAPID": "035/009.00", "PARCID": "035/009.00", "PROPTYPE": "PARCEL", "YEAR": 2022, "GLYEAR": 2022, "TOWN": "BARRE TOWN", "TNAME": "Barre Town", "SOURCENAME": null, "SOURCETYPE": "UNKNOWN", "SOURCEDATE": "UNKNOWN", "EDITMETHOD": "UNKNOWN", "EDITOR": "UNKNOWN", "EDITDATE": "UNKNOWN", "MATCHSTAT": "MATCH", "EDITNOTE": "UNKNOWN", "OWNER1": "ROUTHIER BRITTANY R", "OWNER2": "", "ADDRGL1": "34 LAGUE LANE", "ADDRGL2": "", "CITYGL": "BARRE", "STGL": "VT", "ZIPGL": "05641", "DESCPROP": "HSE & LOT (.28 ACRES)", "LOCAPROP": "", "CAT": "Residential-1", "RESCODE": "T", "ACRESGL": 0.28, "REAL_FLV": 211910, "HSTED_FLV": 211910, "NRES_FLV": 0, "LAND_LV": 40000, "IMPRV_LV": 171910, "EQUIPVAL": 0, "EQUIPCODE": "", "INVENVAL": 0, "HSDECL": "Y", "HSITEVAL": 211910, "VETEXAMT": 0, "EXPDESC": "", "ENDDATE": "", "STATUTE": "", "EXAMT_HS": 0, "EXAMT_NR": 0, "UVREDUC_HS": 0, "UVREDUC_NR": 0, "GLVAL_HS": 2119.0, "GLVAL_NR": 0.0, "CRHOUSPCT": 0.0, "MUNGL1PCT": 2119.1, "AOEGL_HS": 2119.0, "AOEGL_NR": 0.0, "E911ADDR": "34 LAGUE LANE", "SHAPE_Length": 0.0014572137537486771, "SHAPE_Area": 1.239543245616984e-07}, "geometry": {"type": "MultiPolygon", "coordinates": [[[[-72.48413854099994, 44.20082097300008], [-72.48425550499996, 44.20056125700006], [-72.48468709099996, 44.20066804900006], [-72.48457403899994, 44.20092439100006], [-72.48413854099994, 44.20082097300008]]]]}}, {"type": "Feature", "properties": {"OBJECTID": 195093, "SPAN": "039-012-11943", "GLIST_SPAN": "039-012-11943", "MAPID": "037/121.00", "PARCID": "037/121.00", "PROPTYPE": "PARCEL", "YEAR": 2022, "GLYEAR": 2022, "TOWN": "BARRE TOWN", "TNAME": "Barre Town", "SOURCENAME": null, "SOURCETYPE": "UNKNOWN", "SOURCEDATE": "UNKNOWN", "EDITMETHOD": "UNKNOWN", "EDITOR": "UNKNOWN", "EDITDATE": "UNKNOWN", "MATCHSTAT": "MATCH", "EDITNOTE": "UNKNOWN", "OWNER1": "LEWIS MEGAN S", "OWNER2": "MILLER SCOTT", "ADDRGL1": "68  LAGUE LN", "ADDRGL2": "", "CITYGL": "BARRE", "STGL": "VT", "ZIPGL": "05641-3218", "DESCPROP": "HSE & LOT (.23 ACRES)", "LOCAPROP": "", "CAT": "Residential-1", "RESCODE": "T", "ACRESGL": 0.23, "REAL_FLV": 204010, "HSTED_FLV": 204010, "NRES_FLV": 0, "LAND_LV": 40000, "IMPRV_LV": 164010, "EQUIPVAL": 0, "EQUIPCODE": "", "INVENVAL": 0, "HSDECL": "Y", "HSITEVAL": 204010, "VETEXAMT": 0, "EXPDESC": "", "ENDDATE": "", "STATUTE": "", "EXAMT_HS": 0, "EXAMT_NR": 0, "UVREDUC_HS": 0, "UVREDUC_NR": 0, "GLVAL_HS": 2040.0, "GLVAL_NR": 0.0, "CRHOUSPCT": 0.0, "MUNGL1PCT": 2040.1, "AOEGL_HS": 2040.0, "AOEGL_NR": 0.0, "E911ADDR": "68 LAGUE LANE", "SHAPE_Length": 0.00132742998216198, "SHAPE_Area": 1.0727898580811929e-07}, "geometry": {"type": "MultiPolygon", "coordinates": [[[[-72.48204802199996, 44.202365273000055], [-72.48217164999994, 44.202092623000055], [-72.48229792199999, 44.20212203300008], [-72.48243357699994, 44.20215383500005], [-72.48252388299994, 44.20217508400003], [-72.48240651199995, 44.202449141000045], [-72.48229978699999, 44.20242465500007], [-72.48204802199996, 44.202365273000055]]]]}}, {"type": "Feature", "properties": {"OBJECTID": 195100, "SPAN": "039-012-11045", "GLIST_SPAN": "039-012-11045", "MAPID": "035/026.00", "PARCID": "035/026.00", "PROPTYPE": "PARCEL", "YEAR": 2022, "GLYEAR": 2022, "TOWN": "BARRE TOWN", "TNAME": "Barre Town", "SOURCENAME": null, "SOURCETYPE": "UNKNOWN", "SOURCEDATE": "UNKNOWN", "EDITMETHOD": "UNKNOWN", "EDITOR": "UNKNOWN", "EDITDATE": "UNKNOWN", "MATCHSTAT": "MATCH", "EDITNOTE": "UNKNOWN", "OWNER1": "DENTON MARGARET A.", "OWNER2": "", "ADDRGL1": "117 WOODLAND DR", "ADDRGL2": "", "CITYGL": "BARRE", "STGL": "VT", "ZIPGL": "05641-3316", "DESCPROP": "HSE & LOT (.29 ACRES)", "LOCAPROP": "", "CAT": "Residential-1", "RESCODE": "T", "ACRESGL": 0.29, "REAL_FLV": 202700, "HSTED_FLV": 202700, "NRES_FLV": 0, "LAND_LV": 45000, "IMPRV_LV": 157700, "EQUIPVAL": 0, "EQUIPCODE": "", "INVENVAL": 0, "HSDECL": "Y", "HSITEVAL": 202700, "VETEXAMT": 0, "EXPDESC": "", "ENDDATE": "", "STATUTE": "", "EXAMT_HS": 0, "EXAMT_NR": 0, "UVREDUC_HS": 0, "UVREDUC_NR": 0, "GLVAL_HS": 2027.0, "GLVAL_NR": 0.0, "CRHOUSPCT": 0.0, "MUNGL1PCT": 2027.0, "AOEGL_HS": 2027.0, "AOEGL_NR": 0.0, "E911ADDR": "117 WOODLAND DR", "SHAPE_Length": 0.0015250780109730116, "SHAPE_Area": 1.3383383781292176e-07}, "geometry": {"type": "MultiPolygon", "coordinates": [[[[-72.48238237399994, 44.20050086400005], [-72.48249820199999, 44.20023932000004], [-72.48296253499996, 44.200346413000034], [-72.48293490599997, 44.20040835000003], [-72.48290595699996, 44.20047415800008], [-72.48287700699996, 44.20053926200006], [-72.48285275199999, 44.20059480500004], [-72.48284844999995, 44.200603804000025], [-72.48284663199996, 44.200607940000054], [-72.48238237399994, 44.20050086400005]]]]}}, {"type": "Feature", "properties": {"OBJECTID": 195226, "SPAN": "039-012-11993", "GLIST_SPAN": "039-012-11993", "MAPID": "035/011.01", "PARCID": "035/011.01", "PROPTYPE": "PARCEL", "YEAR": 2022, "GLYEAR": 2022, "TOWN": "BARRE TOWN", "TNAME": "Barre Town", "SOURCENAME": null, "SOURCETYPE": "UNKNOWN", "SOURCEDATE": "UNKNOWN", "EDITMETHOD": "UNKNOWN", "EDITOR": "UNKNOWN", "EDITDATE": "UNKNOWN", "MATCHSTAT": "MATCH", "EDITNOTE": "UNKNOWN", "OWNER1": "LAGUE INC", "OWNER2": "", "ADDRGL1": "178 SCOTIA LANE", "ADDRGL2": "", "CITYGL": "BARRE", "STGL": "VT", "ZIPGL": "05641-8602", "DESCPROP": "LOT (.50 ACRES)", "LOCAPROP": "", "CAT": "Miscellaneous", "RESCODE": "C", "ACRESGL": 0.5, "REAL_FLV": 2000, "HSTED_FLV": 0, "NRES_FLV": 2000, "LAND_LV": 2000, "IMPRV_LV": 0, "EQUIPVAL": 0, "EQUIPCODE": "", "INVENVAL": 0, "HSDECL": "N", "HSITEVAL": 0, "VETEXAMT": 0, "EXPDESC": "", "ENDDATE": "", "STATUTE": "", "EXAMT_HS": 0, "EXAMT_NR": 0, "UVREDUC_HS": 0, "UVREDUC_NR": 0, "GLVAL_HS": 0.0, "GLVAL_NR": 20.0, "CRHOUSPCT": 0.0, "MUNGL1PCT": 20.0, "AOEGL_HS": 0.0, "AOEGL_NR": 20.0, "E911ADDR": "LAGUE LANE", "SHAPE_Length": 0.003805271397280973, "SHAPE_Area": 2.277244981213795e-07}, "geometry": {"type": "MultiPolygon", "coordinates": [[[[-72.48492336199996, 44.20014102300007], [-72.48504894399997, 44.19984522100003], [-72.48512846499995, 44.19985774400004], [-72.48500701299997, 44.200191939000035], [-72.48458762199994, 44.201307170000064], [-72.48444407899996, 44.201542836000044], [-72.48433463299995, 44.20145577400007], [-72.48445316199997, 44.20119240300005], [-72.48457403899994, 44.20092439100006], [-72.48468709099996, 44.20066804900006], [-72.48480639999997, 44.200406083000075], [-72.48492336199996, 44.20014102300007]]]]}}, {"type": "Feature", "properties": {"OBJECTID": 195233, "SPAN": "039-012-11995", "GLIST_SPAN": "039-012-11995", "MAPID": "037/112.01", "PARCID": "037/112.01", "PROPTYPE": "PARCEL", "YEAR": 2022, "GLYEAR": 2022, "TOWN": "BARRE TOWN", "TNAME": "Barre Town", "SOURCENAME": null, "SOURCETYPE": "UNKNOWN", "SOURCEDATE": "UNKNOWN", "EDITMETHOD": "UNKNOWN", "EDITOR": "UNKNOWN", "EDITDATE": "UNKNOWN", "MATCHSTAT": "MATCH", "EDITNOTE": "UNKNOWN", "OWNER1": "LAGUE INC", "OWNER2": "", "ADDRGL1": "178 SCOTIA LANE", "ADDRGL2": "", "CITYGL": "BARRE", "STGL": "VT", "ZIPGL": "05641-8602", "DESCPROP": "LOT (.50 +- ACRES)", "LOCAPROP": "", "CAT": "Miscellaneous", "RESCODE": "C", "ACRESGL": 0.5, "REAL_FLV": 1300, "HSTED_FLV": 0, "NRES_FLV": 1300, "LAND_LV": 1300, "IMPRV_LV": 0, "EQUIPVAL": 0, "EQUIPCODE": "", "INVENVAL": 0, "HSDECL": "N", "HSITEVAL": 0, "VETEXAMT": 0, "EXPDESC": "", "ENDDATE": "", "STATUTE": "", "EXAMT_HS": 0, "EXAMT_NR": 0, "UVREDUC_HS": 0, "UVREDUC_NR": 0, "GLVAL_HS": 0.0, "GLVAL_NR": 13.0, "CRHOUSPCT": 0.0, "MUNGL1PCT": 13.0, "AOEGL_HS": 0.0, "AOEGL_NR": 13.0, "E911ADDR": "LAGUE LANE", "SHAPE_Length": 0.002511105493574332, "SHAPE_Area": 8.311803011106944e-08}, "geometry": {"type": "MultiPolygon", "coordinates": [[[[-72.48414960299993, 44.20184583900004], [-72.48426696099995, 44.20158753000004], [-72.48436937199995, 44.20166615200003], [-72.48428449499994, 44.20181084300003], [-72.48414289999994, 44.202059305000034], [-72.48398447199997, 44.20238243600005], [-72.48398016999994, 44.20238918500007], [-72.48396140499995, 44.202385105000076], [-72.48390862699995, 44.20237216000004], [-72.48402833399996, 44.202108226000064], [-72.48414960299993, 44.20184583900004]]], [[[-72.48376073899993, 44.20274661900004], [-72.48387966199994, 44.202496748000044], [-72.48391015499993, 44.20250406500003], [-72.48390585299995, 44.20251123600008], [-72.48383544699993, 44.20262892800008], [-72.48376464599994, 44.202755198000034], [-72.48375662999996, 44.20276166600007], [-72.48376073899993, 44.20274661900004]]]]}}, {"type": "Feature", "properties": {"OBJECTID": 195277, "SPAN": "039-012-12010", "GLIST_SPAN": "039-012-12010", "MAPID": "035/027.00", "PARCID": "035/027.00", "PROPTYPE": "PARCEL", "YEAR": 2022, "GLYEAR": 2022, "TOWN": "BARRE TOWN", "TNAME": "Barre Town", "SOURCENAME": null, "SOURCETYPE": "UNKNOWN", "SOURCEDATE": "UNKNOWN", "EDITMETHOD": "UNKNOWN", "EDITOR": "UNKNOWN", "EDITDATE": "UNKNOWN", "MATCHSTAT": "MATCH", "EDITNOTE": "UNKNOWN", "OWNER1": "TARDIE EUGENE", "OWNER2": "", "ADDRGL1": "113 WOODLAND DR", "ADDRGL2": "", "CITYGL": "BARRE", "STGL": "VT", "ZIPGL": "05641", "DESCPROP": "HSE & LOT (.29 ACRES)", "LOCAPROP": "", "CAT": "Residential-1", "RESCODE": "T", "ACRESGL": 0.29, "REAL_FLV": 220710, "HSTED_FLV": 220710, "NRES_FLV": 0, "LAND_LV": 45000, "IMPRV_LV": 175710, "EQUIPVAL": 0, "EQUIPCODE": "", "INVENVAL": 0, "HSDECL": "Y", "HSITEVAL": 220710, "VETEXAMT": 0, "EXPDESC": "", "ENDDATE": "", "STATUTE": "", "EXAMT_HS": 0, "EXAMT_NR": 0, "UVREDUC_HS": 0, "UVREDUC_NR": 0, "GLVAL_HS": 2207.0, "GLVAL_NR": 0.0, "CRHOUSPCT": 0.0, "MUNGL1PCT": 2207.1, "AOEGL_HS": 2207.0, "AOEGL_NR": 0.0, "E911ADDR": "113 WOODLAND DR", "SHAPE_Length": 0.0015351223327421748, "SHAPE_Area": 1.3628688027013866e-07}, "geometry": {"type": "MultiPolygon", "coordinates": [[[[-72.48249820199999, 44.20023932000004], [-72.48261611899994, 44.19997305800007], [-72.48308017799997, 44.20008008800005], [-72.48306087499998, 44.200124309000046], [-72.48302683999998, 44.200202069000056], [-72.48299476199998, 44.20027364100008], [-72.48296972399999, 44.20033045000008], [-72.48296463799994, 44.200341699000035], [-72.48296253499996, 44.200346413000034], [-72.48249820199999, 44.20023932000004]]]]}}, {"type": "Feature", "properties": {"OBJECTID": 195294, "SPAN": "039-012-11119", "GLIST_SPAN": "039-012-11119", "MAPID": "009/114.31", "PARCID": "009/114.31", "PROPTYPE": "PARCEL", "YEAR": 2022, "GLYEAR": 2022, "TOWN": "BARRE TOWN", "TNAME": "Barre Town", "SOURCENAME": null, "SOURCETYPE": "UNKNOWN", "SOURCEDATE": "UNKNOWN", "EDITMETHOD": "UNKNOWN", "EDITOR": "UNKNOWN", "EDITDATE": "UNKNOWN", "MATCHSTAT": "MATCH", "EDITNOTE": "UNKNOWN", "OWNER1": "BADEAU RENEE D", "OWNER2": "STUPIK MARK S", "ADDRGL1": "20 COUNTRYSIDE CIRCLE", "ADDRGL2": "", "CITYGL": "BARRE", "STGL": "VT", "ZIPGL": "05641", "DESCPROP": "HSE & LOT (.50 ACRES)", "LOCAPROP": "", "CAT": "Residential-1", "RESCODE": "T", "ACRESGL": 0.5, "REAL_FLV": 300990, "HSTED_FLV": 300990, "NRES_FLV": 0, "LAND_LV": 49500, "IMPRV_LV": 251490, "EQUIPVAL": 0, "EQUIPCODE": "", "INVENVAL": 0, "HSDECL": "Y", "HSITEVAL": 300990, "VETEXAMT": 0, "EXPDESC": "", "ENDDATE": "", "STATUTE": "", "EXAMT_HS": 0, "EXAMT_NR": 0, "UVREDUC_HS": 0, "UVREDUC_NR": 0, "GLVAL_HS": 3010.0, "GLVAL_NR": 0.0, "CRHOUSPCT": 0.0, "MUNGL1PCT": 3009.9, "AOEGL_HS": 3010.0, "AOEGL_NR": 0.0, "E911ADDR": "20 COUNTRYSIDE CIRCLE", "SHAPE_Length": 0.0020498753963629525, "SHAPE_Area": 2.1100851521535415e-07}, "geometry": {"type": "MultiPolygon", "coordinates": [[[[-72.48057007599994, 44.20265345100006], [-72.48074804899994, 44.202397405000056], [-72.48142280499997, 44.20256064000006], [-72.48130622299993, 44.202793916000076], [-72.48128627199998, 44.20283370900006], [-72.48057007599994, 44.20265345100006]]]]}}, {"type": "Feature", "properties": {"OBJECTID": 195341, "SPAN": "039-012-11137", "GLIST_SPAN": "039-012-11137", "MAPID": "009/114.30", "PARCID": "009/114.30", "PROPTYPE": "PARCEL", "YEAR": 2022, "GLYEAR": 2022, "TOWN": "BARRE TOWN", "TNAME": "Barre Town", "SOURCENAME": null, "SOURCETYPE": "UNKNOWN", "SOURCEDATE": "UNKNOWN", "EDITMETHOD": "UNKNOWN", "EDITOR": "UNKNOWN", "EDITDATE": "UNKNOWN", "MATCHSTAT": "MATCH", "EDITNOTE": "UNKNOWN", "OWNER1": "HOULE RENE C & SUSAN K", "OWNER2": "", "ADDRGL1": "18 COUNTRYSIDE CIRCLE", "ADDRGL2": "", "CITYGL": "BARRE", "STGL": "VT", "ZIPGL": "05641", "DESCPROP": "HSE & LOT (.46 ACRES)", "LOCAPROP": "", "CAT": "Residential-1", "RESCODE": "T", "ACRESGL": 0.46, "REAL_FLV": 311000, "HSTED_FLV": 311000, "NRES_FLV": 0, "LAND_LV": 49500, "IMPRV_LV": 261500, "EQUIPVAL": 0, "EQUIPCODE": "", "INVENVAL": 0, "HSDECL": "Y", "HSITEVAL": 311000, "VETEXAMT": 0, "EXPDESC": "", "ENDDATE": "", "STATUTE": "", "EXAMT_HS": 0, "EXAMT_NR": 0, "UVREDUC_HS": 0, "UVREDUC_NR": 0, "GLVAL_HS": 3110.0, "GLVAL_NR": 0.0, "CRHOUSPCT": 0.0, "MUNGL1PCT": 3110.0, "AOEGL_HS": 3110.0, "AOEGL_NR": 0.0, "E911ADDR": "18 COUNTRYSIDE CIRCLE", "SHAPE_Length": 0.002035224479316757, "SHAPE_Area": 2.2221758098178024e-07}, "geometry": {"type": "MultiPolygon", "coordinates": [[[[-72.48074804899994, 44.202397405000056], [-72.48095027299996, 44.20210634800003], [-72.48131501499995, 44.20219190800003], [-72.48157655199998, 44.20225382400008], [-72.48142280499997, 44.20256064000006], [-72.48074804899994, 44.202397405000056]]]]}}, {"type": "Feature", "properties": {"OBJECTID": 195457, "SPAN": "039-012-12084", "GLIST_SPAN": "039-012-12084", "MAPID": "037/111.00", "PARCID": "037/111.00", "PROPTYPE": "PARCEL", "YEAR": 2022, "GLYEAR": 2022, "TOWN": "BARRE TOWN", "TNAME": "Barre Town", "SOURCENAME": null, "SOURCETYPE": "UNKNOWN", "SOURCEDATE": "UNKNOWN", "EDITMETHOD": "UNKNOWN", "EDITOR": "UNKNOWN", "EDITDATE": "UNKNOWN", "MATCHSTAT": "MATCH", "EDITNOTE": "UNKNOWN", "OWNER1": "LAWLOR DAVID E & PATRICIA B", "OWNER2": "", "ADDRGL1": "48 LAGUE LANE", "ADDRGL2": "", "CITYGL": "BARRE", "STGL": "VT", "ZIPGL": "05641-3218", "DESCPROP": "HSE & LOT (.28 ACRES)", "LOCAPROP": "", "CAT": "Residential-1", "RESCODE": "T", "ACRESGL": 0.28, "REAL_FLV": 219660, "HSTED_FLV": 219660, "NRES_FLV": 0, "LAND_LV": 40000, "IMPRV_LV": 179660, "EQUIPVAL": 0, "EQUIPCODE": "", "INVENVAL": 0, "HSDECL": "Y", "HSITEVAL": 219660, "VETEXAMT": 0, "EXPDESC": "", "ENDDATE": "", "STATUTE": "", "EXAMT_HS": 0, "EXAMT_NR": 0, "UVREDUC_HS": 0, "UVREDUC_NR": 0, "GLVAL_HS": 2197.0, "GLVAL_NR": 0.0, "CRHOUSPCT": 0.0, "MUNGL1PCT": 2196.6, "AOEGL_HS": 2197.0, "AOEGL_NR": 0.0, "E911ADDR": "48 LAGUE LANE", "SHAPE_Length": 0.0014526239779561, "SHAPE_Area": 1.2424696731279717e-07}, "geometry": {"type": "MultiPolygon", "coordinates": [[[[-72.48367575599997, 44.201847601000054], [-72.48372269999999, 44.20174326500006], [-72.48414960299993, 44.20184583900004], [-72.48402833399996, 44.202108226000064], [-72.48360533799996, 44.20200832300003], [-72.48367575599997, 44.201847601000054]]]]}}, {"type": "Feature", "properties": {"OBJECTID": 195495, "SPAN": "039-012-11212", "GLIST_SPAN": "039-012-11212", "MAPID": "035/020.00", "PARCID": "035/020.00", "PROPTYPE": "PARCEL", "YEAR": 2022, "GLYEAR": 2022, "TOWN": "BARRE TOWN", "TNAME": "Barre Town", "SOURCENAME": null, "SOURCETYPE": "UNKNOWN", "SOURCEDATE": "UNKNOWN", "EDITMETHOD": "UNKNOWN", "EDITOR": "UNKNOWN", "EDITDATE": "UNKNOWN", "MATCHSTAT": "MATCH", "EDITNOTE": "UNKNOWN", "OWNER1": "ENNIS KEITH R J & CHRISTINE M", "OWNER2": "", "ADDRGL1": "112 WOODLAND DR", "ADDRGL2": "", "CITYGL": "BARRE", "STGL": "VT", "ZIPGL": "05641-3317", "DESCPROP": "HSE & LOT (.29 ACRES)", "LOCAPROP": "", "CAT": "Residential-1", "RESCODE": "T", "ACRESGL": 0.29, "REAL_FLV": 180470, "HSTED_FLV": 180470, "NRES_FLV": 0, "LAND_LV": 45000, "IMPRV_LV": 135470, "EQUIPVAL": 0, "EQUIPCODE": "", "INVENVAL": 0, "HSDECL": "Y", "HSITEVAL": 180470, "VETEXAMT": 0, "EXPDESC": "", "ENDDATE": "", "STATUTE": "", "EXAMT_HS": 0, "EXAMT_NR": 0, "UVREDUC_HS": 0, "UVREDUC_NR": 0, "GLVAL_HS": 1805.0, "GLVAL_NR": 0.0, "CRHOUSPCT": 0.0, "MUNGL1PCT": 1804.7, "AOEGL_HS": 1805.0, "AOEGL_NR": 0.0, "E911ADDR": "112 WOODLAND DR", "SHAPE_Length": 0.0014924210046686744, "SHAPE_Area": 1.296184422689346e-07}, "geometry": {"type": "MultiPolygon", "coordinates": [[[[-72.48324109199996, 44.20016511600005], [-72.48326378199994, 44.20011308900007], [-72.48371217499994, 44.200214121000045], [-72.48368635499997, 44.20027585200006], [-72.48359051699998, 44.200474961000054], [-72.48314642099996, 44.20037885000005], [-72.48317458799994, 44.20031501200003], [-72.48320666599994, 44.20024329800003], [-72.48324109199996, 44.20016511600005]]]]}}, {"type": "Feature", "properties": {"OBJECTID": 195563, "SPAN": "039-012-11281", "GLIST_SPAN": "039-012-11281", "MAPID": "037/117.00", "PARCID": "037/117.00", "PROPTYPE": "PARCEL", "YEAR": 2022, "GLYEAR": 2022, "TOWN": "BARRE TOWN", "TNAME": "Barre Town", "SOURCENAME": null, "SOURCETYPE": "UNKNOWN", "SOURCEDATE": "UNKNOWN", "EDITMETHOD": "UNKNOWN", "EDITOR": "UNKNOWN", "EDITDATE": "UNKNOWN", "MATCHSTAT": "MATCH", "EDITNOTE": "UNKNOWN", "OWNER1": "FLETCHER NORMAN P JR & PAMELA", "OWNER2": "", "ADDRGL1": "132 WOODLAND DR", "ADDRGL2": "", "CITYGL": "BARRE", "STGL": "VT", "ZIPGL": "05641-3317", "DESCPROP": "HSE & LOT (.29 ACRES)", "LOCAPROP": "", "CAT": "Residential-1", "RESCODE": "T", "ACRESGL": 0.29, "REAL_FLV": 164910, "HSTED_FLV": 164910, "NRES_FLV": 0, "LAND_LV": 45000, "IMPRV_LV": 119910, "EQUIPVAL": 0, "EQUIPCODE": "", "INVENVAL": 0, "HSDECL": "Y", "HSITEVAL": 164910, "VETEXAMT": 0, "EXPDESC": "", "ENDDATE": "", "STATUTE": "", "EXAMT_HS": 0, "EXAMT_NR": 0, "UVREDUC_HS": 0, "UVREDUC_NR": 0, "GLVAL_HS": 1649.0, "GLVAL_NR": 0.0, "CRHOUSPCT": 0.0, "MUNGL1PCT": 1649.1, "AOEGL_HS": 1649.0, "AOEGL_NR": 0.0, "E911ADDR": "132 WOODLAND DR", "SHAPE_Length": 0.0014936135026502066, "SHAPE_Area": 1.2910412932381506e-07}, "geometry": {"type": "MultiPolygon", "coordinates": [[[[-72.48264137399997, 44.20148956100007], [-72.48266680299997, 44.20143584600004], [-72.48311246999998, 44.201532100000065], [-72.48308742999996, 44.20159748700007], [-72.48300448899994, 44.201794206000045], [-72.48254591999995, 44.20169359200003], [-72.48257604299994, 44.20162862800004], [-72.48260890499995, 44.20155818100005], [-72.48264137399997, 44.20148956100007]]]]}}, {"type": "Feature", "properties": {"OBJECTID": 195716, "SPAN": "039-012-10325", "GLIST_SPAN": "039-012-10325", "MAPID": "035/004.00", "PARCID": "035/004.00", "PROPTYPE": "PARCEL", "YEAR": 2022, "GLYEAR": 2022, "TOWN": "BARRE TOWN", "TNAME": "Barre Town", "SOURCENAME": null, "SOURCETYPE": "UNKNOWN", "SOURCEDATE": "UNKNOWN", "EDITMETHOD": "UNKNOWN", "EDITOR": "UNKNOWN", "EDITDATE": "UNKNOWN", "MATCHSTAT": "MATCH", "EDITNOTE": "UNKNOWN", "OWNER1": "SUGARMAN WILLIAM & NATHALIE", "OWNER2": "", "ADDRGL1": "100 ABBOTT AVE", "ADDRGL2": "", "CITYGL": "BARRE", "STGL": "VT", "ZIPGL": "05641", "DESCPROP": "HSE & 6.71 ACRES", "LOCAPROP": "", "CAT": "Residential-2", "RESCODE": "T", "ACRESGL": 6.71, "REAL_FLV": 259670, "HSTED_FLV": 259670, "NRES_FLV": 0, "LAND_LV": 65630, "IMPRV_LV": 194040, "EQUIPVAL": 0, "EQUIPCODE": "", "INVENVAL": 0, "HSDECL": "Y", "HSITEVAL": 243540, "VETEXAMT": 0, "EXPDESC": "", "ENDDATE": "", "STATUTE": "", "EXAMT_HS": 0, "EXAMT_NR": 0, "UVREDUC_HS": 0, "UVREDUC_NR": 0, "GLVAL_HS": 2597.0, "GLVAL_NR": 0.0, "CRHOUSPCT": 0.0, "MUNGL1PCT": 2596.7, "AOEGL_HS": 2597.0, "AOEGL_NR": 0.0, "E911ADDR": "100 ABBOTT AVE", "SHAPE_Length": 0.008226845830130442, "SHAPE_Area": 3.0443957243855637e-06}, "geometry": {"type": "MultiPolygon", "coordinates": [[[[-72.48458762199994, 44.201307170000064], [-72.48500701299997, 44.200191939000035], [-72.48512846499995, 44.19985774400004], [-72.48577176999999, 44.19996183600006], [-72.48596215399994, 44.19999321900008], [-72.48678546599996, 44.200126769000065], [-72.48696998899999, 44.200156322000055], [-72.48719651399995, 44.20019244200006], [-72.48689319399995, 44.20091877400006], [-72.48746539399997, 44.20102991700003], [-72.48744691199994, 44.20106974400005], [-72.48742201399995, 44.20112288300004], [-72.48740314399998, 44.20116201900004], [-72.48679464499997, 44.201044902000035], [-72.48636213199995, 44.20154111200003], [-72.48605719699998, 44.20147835700004], [-72.48519124599994, 44.20137390600007], [-72.48458762199994, 44.201307170000064]]]]}}, {"type": "Feature", "properties": {"OBJECTID": 195721, "SPAN": "039-012-10330", "GLIST_SPAN": "039-012-10330", "MAPID": "037/113.00", "PARCID": "037/113.00", "PROPTYPE": "PARCEL", "YEAR": 2022, "GLYEAR": 2022, "TOWN": "BARRE TOWN", "TNAME": "Barre Town", "SOURCENAME": null, "SOURCETYPE": "UNKNOWN", "SOURCEDATE": "UNKNOWN", "EDITMETHOD": "UNKNOWN", "EDITOR": "UNKNOWN", "EDITDATE": "UNKNOWN", "MATCHSTAT": "MATCH", "EDITNOTE": "UNKNOWN", "OWNER1": "CLARK SHERRIE L LIVING TRUST", "OWNER2": "CLARK GARY H & SHERRIE L TRUSTEES", "ADDRGL1": "55 LAGUE LANE", "ADDRGL2": "", "CITYGL": "BARRE", "STGL": "VT", "ZIPGL": "05641-3219", "DESCPROP": "COMBINATION 37/113 & 118", "LOCAPROP": "", "CAT": "Residential-1", "RESCODE": "T", "ACRESGL": 0.66, "REAL_FLV": 395080, "HSTED_FLV": 395080, "NRES_FLV": 0, "LAND_LV": 60000, "IMPRV_LV": 335080, "EQUIPVAL": 0, "EQUIPCODE": "", "INVENVAL": 0, "HSDECL": "Y", "HSITEVAL": 395080, "VETEXAMT": 0, "EXPDESC": "", "ENDDATE": "", "STATUTE": "", "EXAMT_HS": 0, "EXAMT_NR": 0, "UVREDUC_HS": 0, "UVREDUC_NR": 0, "GLVAL_HS": 3951.0, "GLVAL_NR": 0.0, "CRHOUSPCT": 0.0, "MUNGL1PCT": 3950.8, "AOEGL_HS": 3951.0, "AOEGL_NR": 0.0, "E911ADDR": "55 LAGUE LANE", "SHAPE_Length": 0.002543938910772659, "SHAPE_Area": 2.847833575544304e-07}, "geometry": {"type": "MultiPolygon", "coordinates": [[[[-72.48254200799994, 44.20170160600003], [-72.48254591999995, 44.20169359200003], [-72.48300448899994, 44.201794206000045], [-72.48297749399995, 44.201858326000036], [-72.48342120799998, 44.20196203200004], [-72.48341377399998, 44.20198045200004], [-72.48340399299997, 44.20200759200003], [-72.48331205599999, 44.202218654000035], [-72.48299383199998, 44.20214309200003], [-72.48287146899997, 44.20211410500008], [-72.48280735599997, 44.20209890800004], [-72.48264120699997, 44.20205979000008], [-72.48249225999996, 44.20202475100007], [-72.48240742699994, 44.202004911000074], [-72.48243442199998, 44.20194177500008], [-72.48247158799995, 44.20185754700003], [-72.48250718999998, 44.20177767800004], [-72.48254200799994, 44.20170160600003]]]]}}, {"type": "Feature", "properties": {"OBJECTID": 195778, "SPAN": "039-012-10389", "GLIST_SPAN": "039-012-10389", "MAPID": "037/120.00", "PARCID": "037/120.00", "PROPTYPE": "PARCEL", "YEAR": 2022, "GLYEAR": 2022, "TOWN": "BARRE TOWN", "TNAME": "Barre Town", "SOURCENAME": null, "SOURCETYPE": "UNKNOWN", "SOURCEDATE": "UNKNOWN", "EDITMETHOD": "UNKNOWN", "EDITOR": "UNKNOWN", "EDITDATE": "UNKNOWN", "MATCHSTAT": "MATCH", "EDITNOTE": "UNKNOWN", "OWNER1": "SPOONER STEVEN", "OWNER2": "", "ADDRGL1": "133 WOODLAND DR", "ADDRGL2": "", "CITYGL": "BARRE", "STGL": "VT", "ZIPGL": "05641", "DESCPROP": "HSE & LOT (.29 ACRES)", "LOCAPROP": "", "CAT": "Residential-1", "RESCODE": "T", "ACRESGL": 0.29, "REAL_FLV": 166030, "HSTED_FLV": 166030, "NRES_FLV": 0, "LAND_LV": 45000, "IMPRV_LV": 121030, "EQUIPVAL": 0, "EQUIPCODE": "", "INVENVAL": 0, "HSDECL": "Y", "HSITEVAL": 166030, "VETEXAMT": 0, "EXPDESC": "", "ENDDATE": "", "STATUTE": "", "EXAMT_HS": 0, "EXAMT_NR": 0, "UVREDUC_HS": 0, "UVREDUC_NR": 0, "GLVAL_HS": 1660.0, "GLVAL_NR": 0.0, "CRHOUSPCT": 0.0, "MUNGL1PCT": 1660.3, "AOEGL_HS": 1660.0, "AOEGL_NR": 0.0, "E911ADDR": "133 WOODLAND DR", "SHAPE_Length": 0.0014963248155623133, "SHAPE_Area": 1.2930156481322168e-07}, "geometry": {"type": "MultiPolygon", "coordinates": [[[[-72.48191995599996, 44.20154499600005], [-72.48203482799994, 44.20128548500003], [-72.48248898899993, 44.20139019100003], [-72.48246271899995, 44.201445800000045], [-72.48243024799996, 44.20151455900003], [-72.48239699599998, 44.20158542900003], [-72.48236687199994, 44.201650252000036], [-72.48200446799996, 44.20156433300008], [-72.48191995599996, 44.20154499600005]]]]}}, {"type": "Feature", "properties": {"OBJECTID": 195791, "SPAN": "039-012-10403", "GLIST_SPAN": "039-012-10403", "MAPID": "037/127.00", "PARCID": "037/127.00", "PROPTYPE": "PARCEL", "YEAR": 2022, "GLYEAR": 2022, "TOWN": "BARRE TOWN", "TNAME": "Barre Town", "SOURCENAME": null, "SOURCETYPE": "UNKNOWN", "SOURCEDATE": "UNKNOWN", "EDITMETHOD": "UNKNOWN", "EDITOR": "UNKNOWN", "EDITDATE": "UNKNOWN", "MATCHSTAT": "MATCH", "EDITNOTE": "UNKNOWN", "OWNER1": "BLAKE GREGORY A & ROXANNE L", "OWNER2": "", "ADDRGL1": "76 LAGUE LANE", "ADDRGL2": "", "CITYGL": "BARRE", "STGL": "VT", "ZIPGL": "05641-3218", "DESCPROP": "HSE & LOT (.23 ACRES)", "LOCAPROP": "", "CAT": "Residential-1", "RESCODE": "T", "ACRESGL": 0.23, "REAL_FLV": 186040, "HSTED_FLV": 186040, "NRES_FLV": 0, "LAND_LV": 40000, "IMPRV_LV": 146040, "EQUIPVAL": 0, "EQUIPCODE": "", "INVENVAL": 0, "HSDECL": "Y", "HSITEVAL": 186040, "VETEXAMT": 0, "EXPDESC": "", "ENDDATE": "", "STATUTE": "", "EXAMT_HS": 0, "EXAMT_NR": 0, "UVREDUC_HS": 0, "UVREDUC_NR": 0, "GLVAL_HS": 1860.0, "GLVAL_NR": 0.0, "CRHOUSPCT": 0.0, "MUNGL1PCT": 1860.4, "AOEGL_HS": 1860.0, "AOEGL_NR": 0.0, "E911ADDR": "76 LAGUE LANE", "SHAPE_Length": 0.0013417838034404815, "SHAPE_Area": 1.0930360788477795e-07}, "geometry": {"type": "MultiPolygon", "coordinates": [[[[-72.48131501499995, 44.20219190800003], [-72.48143473599998, 44.20191968000006], [-72.48146327399996, 44.20192643400003], [-72.48158172699993, 44.20195443800003], [-72.48169978899995, 44.20198215900007], [-72.48180065099996, 44.20200594100004], [-72.48167819599996, 44.20227521600003], [-72.48157655199998, 44.20225382400008], [-72.48131501499995, 44.20219190800003]]]]}}, {"type": "Feature", "properties": {"OBJECTID": 195965, "SPAN": "039-012-12184", "GLIST_SPAN": "039-012-12184", "MAPID": "037/094.00", "PARCID": "037/094.00", "PROPTYPE": "PARCEL", "YEAR": 2022, "GLYEAR": 2022, "TOWN": "BARRE TOWN", "TNAME": "Barre Town", "SOURCENAME": null, "SOURCETYPE": "UNKNOWN", "SOURCEDATE": "UNKNOWN", "EDITMETHOD": "UNKNOWN", "EDITOR": "UNKNOWN", "EDITDATE": "UNKNOWN", "MATCHSTAT": "MATCH", "EDITNOTE": "UNKNOWN", "OWNER1": "BENOIT STEVEN A & BONNIE A", "OWNER2": "", "ADDRGL1": "17 SCENIC VIEW DR", "ADDRGL2": "", "CITYGL": "BARRE", "STGL": "VT", "ZIPGL": "05641-8307", "DESCPROP": "HSE & LOT (.80 ACRES)", "LOCAPROP": "", "CAT": "Residential-1", "RESCODE": "T", "ACRESGL": 0.8, "REAL_FLV": 254470, "HSTED_FLV": 254470, "NRES_FLV": 0, "LAND_LV": 45000, "IMPRV_LV": 209470, "EQUIPVAL": 0, "EQUIPCODE": "", "INVENVAL": 0, "HSDECL": "Y", "HSITEVAL": 254470, "VETEXAMT": 0, "EXPDESC": "", "ENDDATE": "", "STATUTE": "", "EXAMT_HS": 0, "EXAMT_NR": 0, "UVREDUC_HS": 0, "UVREDUC_NR": 0, "GLVAL_HS": 2545.0, "GLVAL_NR": 0.0, "CRHOUSPCT": 0.0, "MUNGL1PCT": 2544.7, "AOEGL_HS": 2545.0, "AOEGL_NR": 0.0, "E911ADDR": "17 SCENIC VIEW DR", "SHAPE_Length": 0.0026889548496595197, "SHAPE_Area": 3.7785432656944784e-07}, "geometry": {"type": "MultiPolygon", "coordinates": [[[[-72.48130622299993, 44.202793916000076], [-72.48142280499997, 44.20256064000006], [-72.48157655199998, 44.20225382400008], [-72.48167819599996, 44.20227521600003], [-72.48204802199996, 44.202365273000055], [-72.48229978699999, 44.20242465500007], [-72.48216285599995, 44.202729788000056], [-72.48192477299995, 44.20267462600003], [-72.48178082399994, 44.20290860100005], [-72.48130622299993, 44.202793916000076]]]]}}, {"type": "Feature", "properties": {"OBJECTID": 195967, "SPAN": "039-012-12185", "GLIST_SPAN": "039-012-12185", "MAPID": "035/011.00", "PARCID": "035/011.00", "PROPTYPE": "PARCEL", "YEAR": 2022, "GLYEAR": 2022, "TOWN": "BARRE TOWN", "TNAME": "Barre Town", "SOURCENAME": null, "SOURCETYPE": "UNKNOWN", "SOURCEDATE": "UNKNOWN", "EDITMETHOD": "UNKNOWN", "EDITOR": "UNKNOWN", "EDITDATE": "UNKNOWN", "MATCHSTAT": "MATCH", "EDITNOTE": "UNKNOWN", "OWNER1": "LOWERY MICHAEL S & ROSEMARY", "OWNER2": "", "ADDRGL1": "40 LAGUE LANE", "ADDRGL2": "", "CITYGL": "BARRE", "STGL": "VT", "ZIPGL": "05641-3218", "DESCPROP": "HSE & LOT (.28 ACRES)", "LOCAPROP": "", "CAT": "Residential-1", "RESCODE": "T", "ACRESGL": 0.28, "REAL_FLV": 201560, "HSTED_FLV": 201560, "NRES_FLV": 0, "LAND_LV": 40000, "IMPRV_LV": 161560, "EQUIPVAL": 0, "EQUIPCODE": "", "INVENVAL": 0, "HSDECL": "Y", "HSITEVAL": 201560, "VETEXAMT": 0, "EXPDESC": "", "ENDDATE": "", "STATUTE": "", "EXAMT_HS": 0, "EXAMT_NR": 0, "UVREDUC_HS": 0, "UVREDUC_NR": 0, "GLVAL_HS": 2016.0, "GLVAL_NR": 0.0, "CRHOUSPCT": 0.0, "MUNGL1PCT": 2015.6, "AOEGL_HS": 2016.0, "AOEGL_NR": 0.0, "E911ADDR": "40 LAGUE LANE", "SHAPE_Length": 0.0014762573549043463, "SHAPE_Area": 1.2769443592876056e-07}, "geometry": {"type": "MultiPolygon", "coordinates": [[[[-72.48389834899996, 44.20135404400003], [-72.48401844499995, 44.201087578000056], [-72.48445316199997, 44.20119240300005], [-72.48433463299995, 44.20145577400007], [-72.48389834899996, 44.20135404400003]]]]}}, {"type": "Feature", "properties": {"OBJECTID": 196095, "SPAN": "039-012-10572", "GLIST_SPAN": "039-012-10572", "MAPID": "037/119.00", "PARCID": "037/119.00", "PROPTYPE": "PARCEL", "YEAR": 2022, "GLYEAR": 2022, "TOWN": "BARRE TOWN", "TNAME": "Barre Town", "SOURCENAME": null, "SOURCETYPE": "UNKNOWN", "SOURCEDATE": "UNKNOWN", "EDITMETHOD": "UNKNOWN", "EDITOR": "UNKNOWN", "EDITDATE": "UNKNOWN", "MATCHSTAT": "MATCH", "EDITNOTE": "UNKNOWN", "OWNER1": "DURHAM CARL A P & A OLIVIA", "OWNER2": "", "ADDRGL1": "63 LAGUE LANE", "ADDRGL2": "", "CITYGL": "BARRE", "STGL": "VT", "ZIPGL": "05641-3219", "DESCPROP": "HSE & LOT  (.28 ACRES)", "LOCAPROP": "", "CAT": "Residential-1", "RESCODE": "T", "ACRESGL": 0.28, "REAL_FLV": 193010, "HSTED_FLV": 193010, "NRES_FLV": 0, "LAND_LV": 40000, "IMPRV_LV": 153010, "EQUIPVAL": 0, "EQUIPCODE": "", "INVENVAL": 0, "HSDECL": "Y", "HSITEVAL": 193010, "VETEXAMT": 0, "EXPDESC": "", "ENDDATE": "", "STATUTE": "", "EXAMT_HS": 0, "EXAMT_NR": 0, "UVREDUC_HS": 0, "UVREDUC_NR": 0, "GLVAL_HS": 1930.0, "GLVAL_NR": 0.0, "CRHOUSPCT": 0.0, "MUNGL1PCT": 1930.1, "AOEGL_HS": 1930.0, "AOEGL_NR": 0.0, "E911ADDR": "63 LAGUE LANE", "SHAPE_Length": 0.0014303690717757955, "SHAPE_Area": 1.251472147374057e-07}, "geometry": {"type": "MultiPolygon", "coordinates": [[[[-72.48186519899997, 44.201878124000075], [-72.48200446799996, 44.20156433300008], [-72.48236687199994, 44.201650252000036], [-72.48236295999999, 44.20165897000004], [-72.48232774999997, 44.201735745000065], [-72.48229175799997, 44.201816317000066], [-72.48225419999994, 44.20190124800007], [-72.48222798699999, 44.201962836000064], [-72.48211031499994, 44.20193539700006], [-72.48199342599997, 44.20190809700006], [-72.48187614599993, 44.20188065700006], [-72.48186519899997, 44.201878124000075]]]]}}, {"type": "Feature", "properties": {"OBJECTID": 196182, "SPAN": "039-012-10669", "GLIST_SPAN": "039-012-10669", "MAPID": "037/122.00", "PARCID": "037/122.00", "PROPTYPE": "PARCEL", "YEAR": 2022, "GLYEAR": 2022, "TOWN": "BARRE TOWN", "TNAME": "Barre Town", "SOURCENAME": null, "SOURCETYPE": "UNKNOWN", "SOURCEDATE": "UNKNOWN", "EDITMETHOD": "UNKNOWN", "EDITOR": "UNKNOWN", "EDITDATE": "UNKNOWN", "MATCHSTAT": "MATCH", "EDITNOTE": "UNKNOWN", "OWNER1": "CAREY RICHARD C & MARYBETH D LE", "OWNER2": "CAREY IAN R & CAREY TAYLOR L", "ADDRGL1": "64 LAGUE LANE", "ADDRGL2": "", "CITYGL": "BARRE", "STGL": "VT", "ZIPGL": "05641", "DESCPROP": "HSE & LOT (.23 ACRES)", "LOCAPROP": "", "CAT": "Residential-1", "RESCODE": "T", "ACRESGL": 0.23, "REAL_FLV": 257080, "HSTED_FLV": 257080, "NRES_FLV": 0, "LAND_LV": 40000, "IMPRV_LV": 217080, "EQUIPVAL": 0, "EQUIPCODE": "", "INVENVAL": 0, "HSDECL": "Y", "HSITEVAL": 257080, "VETEXAMT": 0, "EXPDESC": "", "ENDDATE": "", "STATUTE": "", "EXAMT_HS": 0, "EXAMT_NR": 0, "UVREDUC_HS": 0, "UVREDUC_NR": 0, "GLVAL_HS": 2571.0, "GLVAL_NR": 0.0, "CRHOUSPCT": 0.0, "MUNGL1PCT": 2570.8, "AOEGL_HS": 2571.0, "AOEGL_NR": 0.0, "E911ADDR": "64 LAGUE LANE", "SHAPE_Length": 0.0013450303897336133, "SHAPE_Area": 1.0977498635566772e-07}, "geometry": {"type": "MultiPolygon", "coordinates": [[[[-72.48240651199995, 44.202449141000045], [-72.48252388299994, 44.20217508400003], [-72.48258252399995, 44.20218887300007], [-72.48274828199999, 44.202227992000076], [-72.48289019299995, 44.20226162200004], [-72.48277086899998, 44.20253314800004], [-72.48240651199995, 44.202449141000045]]]]}}, {"type": "Feature", "properties": {"OBJECTID": 196231, "SPAN": "039-012-10723", "GLIST_SPAN": "039-012-10723", "MAPID": "035/016.00", "PARCID": "035/016.00", "PROPTYPE": "PARCEL", "YEAR": 2022, "GLYEAR": 2022, "TOWN": "BARRE TOWN", "TNAME": "Barre Town", "SOURCENAME": null, "SOURCETYPE": "UNKNOWN", "SOURCEDATE": "UNKNOWN", "EDITMETHOD": "UNKNOWN", "EDITOR": "UNKNOWN", "EDITDATE": "UNKNOWN", "MATCHSTAT": "MATCH", "EDITNOTE": "UNKNOWN", "OWNER1": "CARUSO ELYSE R", "OWNER2": "", "ADDRGL1": "27 LAGUE LANE", "ADDRGL2": "", "CITYGL": "BARRE", "STGL": "VT", "ZIPGL": "05641", "DESCPROP": "HSE & LOT (.29 ACRES)", "LOCAPROP": "", "CAT": "Residential-1", "RESCODE": "T", "ACRESGL": 0.29, "REAL_FLV": 140870, "HSTED_FLV": 140870, "NRES_FLV": 0, "LAND_LV": 28000, "IMPRV_LV": 112870, "EQUIPVAL": 0, "EQUIPCODE": "", "INVENVAL": 0, "HSDECL": "Y", "HSITEVAL": 140870, "VETEXAMT": 0, "EXPDESC": "", "ENDDATE": "", "STATUTE": "", "EXAMT_HS": 0, "EXAMT_NR": 0, "UVREDUC_HS": 0, "UVREDUC_NR": 0, "GLVAL_HS": 1409.0, "GLVAL_NR": 0.0, "CRHOUSPCT": 30.0, "MUNGL1PCT": 1408.7, "AOEGL_HS": 1409.0, "AOEGL_NR": 0.0, "E911ADDR": "27 LAGUE LANE", "SHAPE_Length": 0.0014875049674081115, "SHAPE_Area": 1.2891889118099015e-07}, "geometry": {"type": "MultiPolygon", "coordinates": [[[[-72.48371217499994, 44.200214121000045], [-72.48379980299995, 44.200013745000035], [-72.48424702199998, 44.20011997900008], [-72.48416135199994, 44.20031599600003], [-72.48413162199995, 44.20038039800005], [-72.48368635499997, 44.20027585200006], [-72.48371217499994, 44.200214121000045]]]]}}, {"type": "Feature", "properties": {"OBJECTID": 196302, "SPAN": "039-012-10802", "GLIST_SPAN": "039-012-10802", "MAPID": "037/130.00", "PARCID": "037/130.00", "PROPTYPE": "PARCEL", "YEAR": 2022, "GLYEAR": 2022, "TOWN": "BARRE TOWN", "TNAME": "Barre Town", "SOURCENAME": null, "SOURCETYPE": "UNKNOWN", "SOURCEDATE": "UNKNOWN", "EDITMETHOD": "UNKNOWN", "EDITOR": "UNKNOWN", "EDITDATE": "UNKNOWN", "MATCHSTAT": "MATCH", "EDITNOTE": "UNKNOWN", "OWNER1": "MURRAY CHRISTOPHER & GAGNON LINDSEY", "OWNER2": "", "ADDRGL1": "75 LAGUE LANE", "ADDRGL2": "", "CITYGL": "BARRE", "STGL": "VT", "ZIPGL": "05641-3244", "DESCPROP": "HSE & LOT (.23 ACRES)", "LOCAPROP": "", "CAT": "Residential-1", "RESCODE": "T", "ACRESGL": 0.23, "REAL_FLV": 159300, "HSTED_FLV": 159300, "NRES_FLV": 0, "LAND_LV": 40000, "IMPRV_LV": 119300, "EQUIPVAL": 0, "EQUIPCODE": "", "INVENVAL": 0, "HSDECL": "Y", "HSITEVAL": 159300, "VETEXAMT": 0, "EXPDESC": "", "ENDDATE": "", "STATUTE": "", "EXAMT_HS": 0, "EXAMT_NR": 0, "UVREDUC_HS": 0, "UVREDUC_NR": 0, "GLVAL_HS": 1593.0, "GLVAL_NR": 0.0, "CRHOUSPCT": 0.0, "MUNGL1PCT": 1593.0, "AOEGL_HS": 1593.0, "AOEGL_NR": 0.0, "E911ADDR": "75 LAGUE LANE", "SHAPE_Length": 0.0013099297432288201, "SHAPE_Area": 1.0343228746956909e-07}, "geometry": {"type": "MultiPolygon", "coordinates": [[[[-72.48114001699997, 44.20170658600006], [-72.48124878599998, 44.20144884100006], [-72.48161603299997, 44.20153296500007], [-72.48149928499998, 44.201792004000026], [-72.48140389699995, 44.20176934800003], [-72.48128583599998, 44.20174134500007], [-72.48116855599994, 44.20171334100007], [-72.48114001699997, 44.20170658600006]]]]}}, {"type": "Feature", "properties": {"OBJECTID": 196310, "SPAN": "039-012-10810", "GLIST_SPAN": "039-012-10810", "MAPID": "035/014.00", "PARCID": "035/014.00", "PROPTYPE": "PARCEL", "YEAR": 2022, "GLYEAR": 2022, "TOWN": "BARRE TOWN", "TNAME": "Barre Town", "SOURCENAME": null, "SOURCETYPE": "UNKNOWN", "SOURCEDATE": "UNKNOWN", "EDITMETHOD": "UNKNOWN", "EDITOR": "UNKNOWN", "EDITDATE": "UNKNOWN", "MATCHSTAT": "MATCH", "EDITNOTE": "UNKNOWN", "OWNER1": "COATES TINA L", "OWNER2": "", "ADDRGL1": "35 LAGUE LANE", "ADDRGL2": "", "CITYGL": "BARRE", "STGL": "VT", "ZIPGL": "05641-3219", "DESCPROP": "HSE & LOT (.29 ACRES)", "LOCAPROP": "", "CAT": "Residential-1", "RESCODE": "T", "ACRESGL": 0.29, "REAL_FLV": 232760, "HSTED_FLV": 232760, "NRES_FLV": 0, "LAND_LV": 40000, "IMPRV_LV": 192760, "EQUIPVAL": 0, "EQUIPCODE": "", "INVENVAL": 0, "HSDECL": "Y", "HSITEVAL": 232760, "VETEXAMT": 0, "EXPDESC": "", "ENDDATE": "", "STATUTE": "", "EXAMT_HS": 0, "EXAMT_NR": 0, "UVREDUC_HS": 0, "UVREDUC_NR": 0, "GLVAL_HS": 2328.0, "GLVAL_NR": 0.0, "CRHOUSPCT": 0.0, "MUNGL1PCT": 2327.6, "AOEGL_HS": 2328.0, "AOEGL_NR": 0.0, "E911ADDR": "35 LAGUE LANE", "SHAPE_Length": 0.0014948432574006095, "SHAPE_Area": 1.2926345192364354e-07}, "geometry": {"type": "MultiPolygon", "coordinates": [[[[-72.48347901999995, 44.200741005000054], [-72.48356664899995, 44.200542175000066], [-72.48401582799994, 44.20064531700007], [-72.48400878699994, 44.200661066000066], [-72.48400096399996, 44.20067554800005], [-72.48398414199994, 44.200713937000046], [-72.48396223399999, 44.20076835400005], [-72.48390042599993, 44.20090446900008], [-72.48344928999995, 44.20080554700007], [-72.48347901999995, 44.200741005000054]]]]}}, {"type": "Feature", "properties": {"OBJECTID": 196408, "SPAN": "039-012-10917", "GLIST_SPAN": "039-012-10917", "MAPID": "037/129.00", "PARCID": "037/129.00", "PROPTYPE": "PARCEL", "YEAR": 2022, "GLYEAR": 2022, "TOWN": "BARRE TOWN", "TNAME": "Barre Town", "SOURCENAME": null, "SOURCETYPE": "UNKNOWN", "SOURCEDATE": "UNKNOWN", "EDITMETHOD": "UNKNOWN", "EDITOR": "UNKNOWN", "EDITDATE": "UNKNOWN", "MATCHSTAT": "MATCH", "EDITNOTE": "UNKNOWN", "OWNER1": "COUTURE RICHARD & MARIETTA", "OWNER2": "", "ADDRGL1": "27 WILDWOOD DR", "ADDRGL2": "", "CITYGL": "BARRE", "STGL": "VT", "ZIPGL": "05641-3246", "DESCPROP": "HSE & LOT (.29 ACRES)", "LOCAPROP": "", "CAT": "Residential-1", "RESCODE": "T", "ACRESGL": 0.29, "REAL_FLV": 197040, "HSTED_FLV": 197040, "NRES_FLV": 0, "LAND_LV": 45000, "IMPRV_LV": 152040, "EQUIPVAL": 0, "EQUIPCODE": "", "INVENVAL": 0, "HSDECL": "Y", "HSITEVAL": 197040, "VETEXAMT": 0, "EXPDESC": "", "ENDDATE": "", "STATUTE": "", "EXAMT_HS": 0, "EXAMT_NR": 0, "UVREDUC_HS": 0, "UVREDUC_NR": 0, "GLVAL_HS": 1970.0, "GLVAL_NR": 0.0, "CRHOUSPCT": 0.0, "MUNGL1PCT": 1970.4, "AOEGL_HS": 1970.0, "AOEGL_NR": 0.0, "E911ADDR": "27 WILDWOOD DR", "SHAPE_Length": 0.001482188309571063, "SHAPE_Area": 1.253465160068182e-07}, "geometry": {"type": "MultiPolygon", "coordinates": [[[[-72.48049771899997, 44.201552777000074], [-72.48061117799995, 44.20130698600008], [-72.48106934999998, 44.20140662500006], [-72.48094572499997, 44.20166000800003], [-72.48049771899997, 44.201552777000074]]]]}}, {"type": "Feature", "properties": {"OBJECTID": 196861, "SPAN": "039-012-12285", "GLIST_SPAN": "039-012-12285", "MAPID": "037/112.00", "PARCID": "037/112.00", "PROPTYPE": "PARCEL", "YEAR": 2022, "GLYEAR": 2022, "TOWN": "BARRE TOWN", "TNAME": "Barre Town", "SOURCENAME": null, "SOURCETYPE": "UNKNOWN", "SOURCEDATE": "UNKNOWN", "EDITMETHOD": "UNKNOWN", "EDITOR": "UNKNOWN", "EDITDATE": "UNKNOWN", "MATCHSTAT": "MATCH", "EDITNOTE": "UNKNOWN", "OWNER1": "METZLER ADAM", "OWNER2": "", "ADDRGL1": "52 LAGUE LANE", "ADDRGL2": "", "CITYGL": "BARRE", "STGL": "VT", "ZIPGL": "05641", "DESCPROP": "HSE & LOT (.28 ACRES)", "LOCAPROP": "", "CAT": "Residential-1", "RESCODE": "T", "ACRESGL": 0.28, "REAL_FLV": 166630, "HSTED_FLV": 166630, "NRES_FLV": 0, "LAND_LV": 40000, "IMPRV_LV": 126630, "EQUIPVAL": 0, "EQUIPCODE": "", "INVENVAL": 0, "HSDECL": "Y", "HSITEVAL": 166630, "VETEXAMT": 0, "EXPDESC": "", "ENDDATE": "", "STATUTE": "", "EXAMT_HS": 0, "EXAMT_NR": 0, "UVREDUC_HS": 0, "UVREDUC_NR": 0, "GLVAL_HS": 1666.0, "GLVAL_NR": 0.0, "CRHOUSPCT": 0.0, "MUNGL1PCT": 1666.3, "AOEGL_HS": 1666.0, "AOEGL_NR": 0.0, "E911ADDR": "52 LAGUE LANE", "SHAPE_Length": 0.0014407331565939084, "SHAPE_Area": 1.2242178059221476e-07}, "geometry": {"type": "MultiPolygon", "coordinates": [[[[-72.48349071299998, 44.20227057000005], [-72.48360533799996, 44.20200832300003], [-72.48402833399996, 44.202108226000064], [-72.48390862699995, 44.20237216000004], [-72.48349071299998, 44.20227057000005]]]]}}, {"type": "Feature", "properties": {"OBJECTID": 197012, "SPAN": "039-012-12813", "GLIST_SPAN": "039-012-12813", "MAPID": "035/021.00", "PARCID": "035/021.00", "PROPTYPE": "PARCEL", "YEAR": 2022, "GLYEAR": 2022, "TOWN": "BARRE TOWN", "TNAME": "Barre Town", "SOURCENAME": null, "SOURCETYPE": "UNKNOWN", "SOURCEDATE": "UNKNOWN", "EDITMETHOD": "UNKNOWN", "EDITOR": "UNKNOWN", "EDITDATE": "UNKNOWN", "MATCHSTAT": "MATCH", "EDITNOTE": "UNKNOWN", "OWNER1": "MORRIS NATHAN & CHRISTINA R", "OWNER2": "", "ADDRGL1": "116 WOODLAND DR", "ADDRGL2": "", "CITYGL": "BARRE", "STGL": "VT", "ZIPGL": "05641-3317", "DESCPROP": "HSE & LOT (.29 ACRES)", "LOCAPROP": "", "CAT": "Residential-1", "RESCODE": "T", "ACRESGL": 0.29, "REAL_FLV": 165150, "HSTED_FLV": 165150, "NRES_FLV": 0, "LAND_LV": 45000, "IMPRV_LV": 120150, "EQUIPVAL": 0, "EQUIPCODE": "", "INVENVAL": 0, "HSDECL": "Y", "HSITEVAL": 165150, "VETEXAMT": 0, "EXPDESC": "", "ENDDATE": "", "STATUTE": "", "EXAMT_HS": 0, "EXAMT_NR": 0, "UVREDUC_HS": 0, "UVREDUC_NR": 0, "GLVAL_HS": 1652.0, "GLVAL_NR": 0.0, "CRHOUSPCT": 0.0, "MUNGL1PCT": 1651.5, "AOEGL_HS": 1652.0, "AOEGL_NR": 0.0, "E911ADDR": "116 WOODLAND DR", "SHAPE_Length": 0.0014913624603932754, "SHAPE_Area": 1.29977127296298e-07}, "geometry": {"type": "MultiPolygon", "coordinates": [[[[-72.48314446399996, 44.200383069000054], [-72.48314642099996, 44.20037885000005], [-72.48359051699998, 44.200474961000054], [-72.48356664899995, 44.200542175000066], [-72.48347901999995, 44.200741005000054], [-72.48302944999995, 44.20064208000008], [-72.48305683399997, 44.20058049200003], [-72.48308578399997, 44.20051538700005], [-72.48311473299998, 44.200449580000054], [-72.48314446399996, 44.200383069000054]]]]}}, {"type": "Feature", "properties": {"OBJECTID": 197064, "SPAN": "039-012-12840", "GLIST_SPAN": "039-012-12840", "MAPID": "037/126.00", "PARCID": "037/126.00", "PROPTYPE": "PARCEL", "YEAR": 2022, "GLYEAR": 2022, "TOWN": "BARRE TOWN", "TNAME": "Barre Town", "SOURCENAME": null, "SOURCETYPE": "UNKNOWN", "SOURCEDATE": "UNKNOWN", "EDITMETHOD": "UNKNOWN", "EDITOR": "UNKNOWN", "EDITDATE": "UNKNOWN", "MATCHSTAT": "MATCH", "EDITNOTE": "UNKNOWN", "OWNER1": "CICIO CAMERON", "OWNER2": "", "ADDRGL1": "72 LAGUE LANE", "ADDRGL2": "", "CITYGL": "BARRE", "STGL": "VT", "ZIPGL": "05641-3218", "DESCPROP": "HSE & LOT (.23 ACRES)", "LOCAPROP": "", "CAT": "Residential-1", "RESCODE": "T", "ACRESGL": 0.23, "REAL_FLV": 186460, "HSTED_FLV": 186460, "NRES_FLV": 0, "LAND_LV": 40000, "IMPRV_LV": 146460, "EQUIPVAL": 0, "EQUIPCODE": "", "INVENVAL": 0, "HSDECL": "Y", "HSITEVAL": 186460, "VETEXAMT": 0, "EXPDESC": "", "ENDDATE": "", "STATUTE": "", "EXAMT_HS": 0, "EXAMT_NR": 0, "UVREDUC_HS": 0, "UVREDUC_NR": 0, "GLVAL_HS": 1865.0, "GLVAL_NR": 0.0, "CRHOUSPCT": 0.0, "MUNGL1PCT": 1864.6, "AOEGL_HS": 1865.0, "AOEGL_NR": 0.0, "E911ADDR": "72 LAGUE LANE", "SHAPE_Length": 0.0013568043366153281, "SHAPE_Area": 1.1124052740076854e-07}, "geometry": {"type": "MultiPolygon", "coordinates": [[[[-72.48167819599996, 44.20227521600003], [-72.48180065099996, 44.20200594100004], [-72.48181746099993, 44.20200988100004], [-72.48193474199996, 44.202037321000034], [-72.48205202299994, 44.202064620000044], [-72.48217164999994, 44.202092623000055], [-72.48204802199996, 44.202365273000055], [-72.48167819599996, 44.20227521600003]]]]}}, {"type": "Feature", "properties": {"OBJECTID": 197136, "SPAN": "039-012-12883", "GLIST_SPAN": "039-012-12883", "MAPID": "037/114.00", "PARCID": "037/114.00", "PROPTYPE": "PARCEL", "YEAR": 2022, "GLYEAR": 2022, "TOWN": "BARRE TOWN", "TNAME": "Barre Town", "SOURCENAME": null, "SOURCETYPE": "UNKNOWN", "SOURCEDATE": "UNKNOWN", "EDITMETHOD": "UNKNOWN", "EDITOR": "UNKNOWN", "EDITDATE": "UNKNOWN", "MATCHSTAT": "MATCH", "EDITNOTE": "UNKNOWN", "OWNER1": "ROBERTS DANIEL R JR & CARRIE A", "OWNER2": "", "ADDRGL1": "51 LAGUE LANE", "ADDRGL2": "", "CITYGL": "BARRE", "STGL": "VT", "ZIPGL": "05641", "DESCPROP": "HSE & LOT (.29 ACRES)", "LOCAPROP": "", "CAT": "Residential-1", "RESCODE": "T", "ACRESGL": 0.29, "REAL_FLV": 232720, "HSTED_FLV": 232720, "NRES_FLV": 0, "LAND_LV": 40000, "IMPRV_LV": 192720, "EQUIPVAL": 0, "EQUIPCODE": "", "INVENVAL": 0, "HSDECL": "Y", "HSITEVAL": 232720, "VETEXAMT": 0, "EXPDESC": "", "ENDDATE": "", "STATUTE": "", "EXAMT_HS": 0, "EXAMT_NR": 0, "UVREDUC_HS": 0, "UVREDUC_NR": 0, "GLVAL_HS": 2327.0, "GLVAL_NR": 0.0, "CRHOUSPCT": 0.0, "MUNGL1PCT": 2327.2, "AOEGL_HS": 2327.0, "AOEGL_NR": 0.0, "E911ADDR": "51 LAGUE LANE", "SHAPE_Length": 0.001490067069140775, "SHAPE_Area": 1.2934601287956694e-07}, "geometry": {"type": "MultiPolygon", "coordinates": [[[[-72.48300448899994, 44.201794206000045], [-72.48308742999996, 44.20159748700007], [-72.48353739799995, 44.20169542600007], [-72.48343685599997, 44.20192786200005], [-72.48342120799998, 44.20196203200004], [-72.48297749399995, 44.201858326000036], [-72.48300448899994, 44.201794206000045]]]]}}, {"type": "Feature", "properties": {"OBJECTID": 197314, "SPAN": "039-012-12992", "GLIST_SPAN": "039-012-12992", "MAPID": "035/015.00", "PARCID": "035/015.00", "PROPTYPE": "PARCEL", "YEAR": 2022, "GLYEAR": 2022, "TOWN": "BARRE TOWN", "TNAME": "Barre Town", "SOURCENAME": null, "SOURCETYPE": "UNKNOWN", "SOURCEDATE": "UNKNOWN", "EDITMETHOD": "UNKNOWN", "EDITOR": "UNKNOWN", "EDITDATE": "UNKNOWN", "MATCHSTAT": "MATCH", "EDITNOTE": "UNKNOWN", "OWNER1": "LUNNA JAY P", "OWNER2": "TIBBITTS JESSICA E", "ADDRGL1": "31 LAGUE LANE", "ADDRGL2": "", "CITYGL": "BARRE", "STGL": "VT", "ZIPGL": "05641", "DESCPROP": "HSE & LOT (.29 ACRES)", "LOCAPROP": "", "CAT": "Residential-1", "RESCODE": "T", "ACRESGL": 0.29, "REAL_FLV": 209660, "HSTED_FLV": 209660, "NRES_FLV": 0, "LAND_LV": 40000, "IMPRV_LV": 169660, "EQUIPVAL": 0, "EQUIPCODE": "", "INVENVAL": 0, "HSDECL": "Y", "HSITEVAL": 209660, "VETEXAMT": 40000, "EXPDESC": "", "ENDDATE": "", "STATUTE": "", "EXAMT_HS": 0, "EXAMT_NR": 0, "UVREDUC_HS": 0, "UVREDUC_NR": 0, "GLVAL_HS": 1697.0, "GLVAL_NR": 0.0, "CRHOUSPCT": 0.0, "MUNGL1PCT": 1696.6, "AOEGL_HS": 1997.0, "AOEGL_NR": 0.0, "E911ADDR": "31 LAGUE LANE", "SHAPE_Length": 0.0014996640518350436, "SHAPE_Area": 1.3186411234140627e-07}, "geometry": {"type": "MultiPolygon", "coordinates": [[[[-72.48359051699998, 44.200474961000054], [-72.48368635499997, 44.20027585200006], [-72.48413162199995, 44.20038039800005], [-72.48401582799994, 44.20064531700007], [-72.48356664899995, 44.200542175000066], [-72.48359051699998, 44.200474961000054]]]]}}, {"type": "Feature", "properties": {"OBJECTID": 197342, "SPAN": "039-012-13007", "GLIST_SPAN": "039-012-13007", "MAPID": "037/124.00", "PARCID": "037/124.00", "PROPTYPE": "PARCEL", "YEAR": 2022, "GLYEAR": 2022, "TOWN": "BARRE TOWN", "TNAME": "Barre Town", "SOURCENAME": null, "SOURCETYPE": "UNKNOWN", "SOURCEDATE": "UNKNOWN", "EDITMETHOD": "UNKNOWN", "EDITOR": "UNKNOWN", "EDITDATE": "UNKNOWN", "MATCHSTAT": "MATCH", "EDITNOTE": "UNKNOWN", "OWNER1": "HOSKING ALAN J", "OWNER2": "", "ADDRGL1": "56 LAGUE LANE", "ADDRGL2": "", "CITYGL": "BARRE", "STGL": "VT", "ZIPGL": "05641", "DESCPROP": "HSE & LOT (.28 ACRES)", "LOCAPROP": "", "CAT": "Residential-1", "RESCODE": "T", "ACRESGL": 0.28, "REAL_FLV": 165060, "HSTED_FLV": 165060, "NRES_FLV": 0, "LAND_LV": 40000, "IMPRV_LV": 125060, "EQUIPVAL": 0, "EQUIPCODE": "", "INVENVAL": 0, "HSDECL": "Y", "HSITEVAL": 165060, "VETEXAMT": 0, "EXPDESC": "", "ENDDATE": "", "STATUTE": "", "EXAMT_HS": 0, "EXAMT_NR": 0, "UVREDUC_HS": 0, "UVREDUC_NR": 0, "GLVAL_HS": 1651.0, "GLVAL_NR": 0.0, "CRHOUSPCT": 0.0, "MUNGL1PCT": 1650.6, "AOEGL_HS": 1651.0, "AOEGL_NR": 0.0, "E911ADDR": "56 LAGUE LANE", "SHAPE_Length": 0.0014861683586142895, "SHAPE_Area": 1.294008473421565e-07}, "geometry": {"type": "MultiPolygon", "coordinates": [[[[-72.48332131399997, 44.202663588000064], [-72.48344219899997, 44.20239276400008], [-72.48387966199994, 44.202496748000044], [-72.48376073899993, 44.20274661900004], [-72.48375662999996, 44.20276166600007], [-72.48375447899997, 44.20276377500005], [-72.48332131399997, 44.202663588000064]]]]}}, {"type": "Feature", "properties": {"OBJECTID": 197461, "SPAN": "039-012-12612", "GLIST_SPAN": "039-012-12612", "MAPID": "035/024.00", "PARCID": "035/024.00", "PROPTYPE": "PARCEL", "YEAR": 2022, "GLYEAR": 2022, "TOWN": "BARRE TOWN", "TNAME": "Barre Town", "SOURCENAME": null, "SOURCETYPE": "UNKNOWN", "SOURCEDATE": "UNKNOWN", "EDITMETHOD": "UNKNOWN", "EDITOR": "UNKNOWN", "EDITDATE": "UNKNOWN", "MATCHSTAT": "MATCH", "EDITNOTE": "UNKNOWN", "OWNER1": "O'CONNOR MARGARET E REV TR", "OWNER2": "MARGARET O'CONNOR-TRUSTEE", "ADDRGL1": "125 WOODLAND DR", "ADDRGL2": "", "CITYGL": "BARRE", "STGL": "VT", "ZIPGL": "05641-3316", "DESCPROP": "HSE & LOT (.29 ACRES)", "LOCAPROP": "", "CAT": "Residential-1", "RESCODE": "T", "ACRESGL": 0.29, "REAL_FLV": 163300, "HSTED_FLV": 163300, "NRES_FLV": 0, "LAND_LV": 45000, "IMPRV_LV": 118300, "EQUIPVAL": 0, "EQUIPCODE": "", "INVENVAL": 0, "HSDECL": "Y", "HSITEVAL": 163300, "VETEXAMT": 0, "EXPDESC": "", "ENDDATE": "", "STATUTE": "", "EXAMT_HS": 0, "EXAMT_NR": 0, "UVREDUC_HS": 0, "UVREDUC_NR": 0, "GLVAL_HS": 1633.0, "GLVAL_NR": 0.0, "CRHOUSPCT": 0.0, "MUNGL1PCT": 1633.0, "AOEGL_HS": 1633.0, "AOEGL_NR": 0.0, "E911ADDR": "125 WOODLAND DR", "SHAPE_Length": 0.0015210588571417715, "SHAPE_Area": 1.3325627477854814e-07}, "geometry": {"type": "MultiPolygon", "coordinates": [[[[-72.48215071399994, 44.20102395300006], [-72.48226654399997, 44.20076240900005], [-72.48273024599996, 44.200869357000045], [-72.48270604899994, 44.200922717000026], [-72.48267709999993, 44.20098655600003], [-72.48264775799998, 44.20105081600008], [-72.48261802699994, 44.20111535800004], [-72.48261646199995, 44.20111859200006], [-72.48261105499995, 44.20113011900003], [-72.48215071399994, 44.20102395300006]]]]}}, {"type": "Feature", "properties": {"OBJECTID": 197483, "SPAN": "039-012-12625", "GLIST_SPAN": "039-012-12625", "MAPID": "037/131.00", "PARCID": "037/131.00", "PROPTYPE": "PARCEL", "YEAR": 2022, "GLYEAR": 2022, "TOWN": "BARRE TOWN", "TNAME": "Barre Town", "SOURCENAME": null, "SOURCETYPE": "UNKNOWN", "SOURCEDATE": "UNKNOWN", "EDITMETHOD": "UNKNOWN", "EDITOR": "UNKNOWN", "EDITDATE": "UNKNOWN", "MATCHSTAT": "MATCH", "EDITNOTE": "UNKNOWN", "OWNER1": "FUNK WILLIAM IV & JAMIE C", "OWNER2": "", "ADDRGL1": "71 LAGUE LANE", "ADDRGL2": "", "CITYGL": "BARRE", "STGL": "VT", "ZIPGL": "05641-3219", "DESCPROP": "HSE & LOT (.26 ACRES)", "LOCAPROP": "", "CAT": "Residential-1", "RESCODE": "T", "ACRESGL": 0.26, "REAL_FLV": 169220, "HSTED_FLV": 169220, "NRES_FLV": 0, "LAND_LV": 40000, "IMPRV_LV": 129220, "EQUIPVAL": 0, "EQUIPCODE": "", "INVENVAL": 0, "HSDECL": "Y", "HSITEVAL": 169220, "VETEXAMT": 0, "EXPDESC": "", "ENDDATE": "", "STATUTE": "", "EXAMT_HS": 0, "EXAMT_NR": 0, "UVREDUC_HS": 0, "UVREDUC_NR": 0, "GLVAL_HS": 1692.0, "GLVAL_NR": 0.0, "CRHOUSPCT": 0.0, "MUNGL1PCT": 1692.2, "AOEGL_HS": 1692.0, "AOEGL_NR": 0.0, "E911ADDR": "71 LAGUE LANE", "SHAPE_Length": 0.0014328476653678707, "SHAPE_Area": 1.198850999895776e-07}, "geometry": {"type": "MultiPolygon", "coordinates": [[[[-72.48149928499998, 44.201792004000026], [-72.48161603299997, 44.20153296500007], [-72.48172767999995, 44.20155551100004], [-72.48174958899995, 44.201506015000064], [-72.48191995599996, 44.20154499600005], [-72.48200446799996, 44.20156433300008], [-72.48186519899997, 44.201878124000075], [-72.48175847399995, 44.20185307600008], [-72.48164041199993, 44.20182535400005], [-72.48152234999998, 44.20179735100004], [-72.48149928499998, 44.201792004000026]]]]}}, {"type": "Feature", "properties": {"OBJECTID": 197519, "SPAN": "039-012-12645", "GLIST_SPAN": "039-012-12645", "MAPID": "035/025.00", "PARCID": "035/025.00", "PROPTYPE": "PARCEL", "YEAR": 2022, "GLYEAR": 2022, "TOWN": "BARRE TOWN", "TNAME": "Barre Town", "SOURCENAME": null, "SOURCETYPE": "UNKNOWN", "SOURCEDATE": "UNKNOWN", "EDITMETHOD": "UNKNOWN", "EDITOR": "UNKNOWN", "EDITDATE": "UNKNOWN", "MATCHSTAT": "MATCH", "EDITNOTE": "UNKNOWN", "OWNER1": "MATTER PATRICIA L", "OWNER2": "", "ADDRGL1": "121 WOODLAND DR", "ADDRGL2": "", "CITYGL": "BARRE", "STGL": "VT", "ZIPGL": "05641", "DESCPROP": "HSE & LOT (.29 ACRES)", "LOCAPROP": "", "CAT": "Residential-1", "RESCODE": "T", "ACRESGL": 0.29, "REAL_FLV": 191010, "HSTED_FLV": 191010, "NRES_FLV": 0, "LAND_LV": 45000, "IMPRV_LV": 146010, "EQUIPVAL": 0, "EQUIPCODE": "", "INVENVAL": 0, "HSDECL": "Y", "HSITEVAL": 191010, "VETEXAMT": 0, "EXPDESC": "", "ENDDATE": "", "STATUTE": "", "EXAMT_HS": 0, "EXAMT_NR": 0, "UVREDUC_HS": 0, "UVREDUC_NR": 0, "GLVAL_HS": 1910.0, "GLVAL_NR": 0.0, "CRHOUSPCT": 0.0, "MUNGL1PCT": 1910.1, "AOEGL_HS": 1910.0, "AOEGL_NR": 0.0, "E911ADDR": "121 WOODLAND DR", "SHAPE_Length": 0.0015245239203857442, "SHAPE_Area": 1.3380751865889798e-07}, "geometry": {"type": "MultiPolygon", "coordinates": [[[[-72.48226654399997, 44.20076240900005], [-72.48238237399994, 44.20050086400005], [-72.48284663199996, 44.200607940000054], [-72.48282028199998, 44.20066792400007], [-72.48279172299993, 44.20073176300008], [-72.48276355599995, 44.200795321000044], [-72.48273578099997, 44.20085709800003], [-72.48273024599996, 44.200869357000045], [-72.48226654399997, 44.20076240900005]]]]}}, {"type": "Feature", "properties": {"OBJECTID": 197534, "SPAN": "039-012-13105", "GLIST_SPAN": "039-012-13105", "MAPID": "035/022.00", "PARCID": "035/022.00", "PROPTYPE": "PARCEL", "YEAR": 2022, "GLYEAR": 2022, "TOWN": "BARRE TOWN", "TNAME": "Barre Town", "SOURCENAME": null, "SOURCETYPE": "UNKNOWN", "SOURCEDATE": "UNKNOWN", "EDITMETHOD": "UNKNOWN", "EDITOR": "UNKNOWN", "EDITDATE": "UNKNOWN", "MATCHSTAT": "MATCH", "EDITNOTE": "UNKNOWN", "OWNER1": "THIBAULT RICHARD B & KATHLEEN F", "OWNER2": "", "ADDRGL1": "120 WOODLAND DR", "ADDRGL2": "", "CITYGL": "BARRE", "STGL": "VT", "ZIPGL": "05641-3317", "DESCPROP": "HSE & LOT (.29 ACRES)", "LOCAPROP": "", "CAT": "Residential-1", "RESCODE": "T", "ACRESGL": 0.29, "REAL_FLV": 194930, "HSTED_FLV": 194930, "NRES_FLV": 0, "LAND_LV": 45000, "IMPRV_LV": 149930, "EQUIPVAL": 0, "EQUIPCODE": "", "INVENVAL": 0, "HSDECL": "Y", "HSITEVAL": 194930, "VETEXAMT": 0, "EXPDESC": "", "ENDDATE": "", "STATUTE": "", "EXAMT_HS": 0, "EXAMT_NR": 0, "UVREDUC_HS": 0, "UVREDUC_NR": 0, "GLVAL_HS": 1949.0, "GLVAL_NR": 0.0, "CRHOUSPCT": 0.0, "MUNGL1PCT": 1949.3, "AOEGL_HS": 1949.0, "AOEGL_NR": 0.0, "E911ADDR": "120 WOODLAND DR", "SHAPE_Length": 0.001500133453838905, "SHAPE_Area": 1.3072302161419224e-07}, "geometry": {"type": "MultiPolygon", "coordinates": [[[[-72.48302827699996, 44.20064503300006], [-72.48302944999995, 44.20064208000008], [-72.48347901999995, 44.200741005000054], [-72.48344928999995, 44.20080554700007], [-72.48335774899994, 44.20100746900005], [-72.48291169699996, 44.20090685800005], [-72.48291443499994, 44.200900811000054], [-72.48294338399995, 44.20083697300004], [-72.48297155099993, 44.20077313300004], [-72.48300010999998, 44.20070915300005], [-72.48302827699996, 44.20064503300006]]]]}}, {"type": "Feature", "properties": {"OBJECTID": 197614, "SPAN": "039-012-13150", "GLIST_SPAN": "039-012-13150", "MAPID": "035/010.00", "PARCID": "035/010.00", "PROPTYPE": "PARCEL", "YEAR": 2022, "GLYEAR": 2022, "TOWN": "BARRE TOWN", "TNAME": "Barre Town", "SOURCENAME": null, "SOURCETYPE": "UNKNOWN", "SOURCEDATE": "UNKNOWN", "EDITMETHOD": "UNKNOWN", "EDITOR": "UNKNOWN", "EDITDATE": "UNKNOWN", "MATCHSTAT": "MATCH", "EDITNOTE": "UNKNOWN", "OWNER1": "MORAN CHRISTOPHER J & KAREN L", "OWNER2": "", "ADDRGL1": "38 LAGUE LANE", "ADDRGL2": "", "CITYGL": "BARRE", "STGL": "VT", "ZIPGL": "05641-3218", "DESCPROP": "HSE & LOT (.28 ACRES)", "LOCAPROP": "", "CAT": "Residential-1", "RESCODE": "T", "ACRESGL": 0.28, "REAL_FLV": 207370, "HSTED_FLV": 207370, "NRES_FLV": 0, "LAND_LV": 40000, "IMPRV_LV": 167370, "EQUIPVAL": 0, "EQUIPCODE": "", "INVENVAL": 0, "HSDECL": "Y", "HSITEVAL": 207370, "VETEXAMT": 0, "EXPDESC": "", "ENDDATE": "", "STATUTE": "", "EXAMT_HS": 0, "EXAMT_NR": 0, "UVREDUC_HS": 0, "UVREDUC_NR": 0, "GLVAL_HS": 2074.0, "GLVAL_NR": 0.0, "CRHOUSPCT": 0.0, "MUNGL1PCT": 2073.7, "AOEGL_HS": 2074.0, "AOEGL_NR": 0.0, "E911ADDR": "38 LAGUE LANE", "SHAPE_Length": 0.0014812015109535023, "SHAPE_Area": 1.288531682664e-07}, "geometry": {"type": "MultiPolygon", "coordinates": [[[[-72.48401844499995, 44.201087578000056], [-72.48413854099994, 44.20082097300008], [-72.48457403899994, 44.20092439100006], [-72.48445316199997, 44.20119240300005], [-72.48401844499995, 44.201087578000056]]]]}}, {"type": "Feature", "properties": {"OBJECTID": 197665, "SPAN": "039-012-13191", "GLIST_SPAN": "039-012-13191", "MAPID": "035/013.00", "PARCID": "035/013.00", "PROPTYPE": "PARCEL", "YEAR": 2022, "GLYEAR": 2022, "TOWN": "BARRE TOWN", "TNAME": "Barre Town", "SOURCENAME": null, "SOURCETYPE": "UNKNOWN", "SOURCEDATE": "UNKNOWN", "EDITMETHOD": "UNKNOWN", "EDITOR": "UNKNOWN", "EDITDATE": "UNKNOWN", "MATCHSTAT": "MATCH", "EDITNOTE": "UNKNOWN", "OWNER1": "MCDOUGAL RICKY G & CYNTHIA A", "OWNER2": "", "ADDRGL1": "39 LAGUE LANE", "ADDRGL2": "", "CITYGL": "BARRE", "STGL": "VT", "ZIPGL": "05641-3219", "DESCPROP": "HSE & LOT (.29 ACRES)", "LOCAPROP": "", "CAT": "Residential-1", "RESCODE": "T", "ACRESGL": 0.29, "REAL_FLV": 180310, "HSTED_FLV": 180310, "NRES_FLV": 0, "LAND_LV": 40000, "IMPRV_LV": 140310, "EQUIPVAL": 0, "EQUIPCODE": "", "INVENVAL": 0, "HSDECL": "Y", "HSITEVAL": 180310, "VETEXAMT": 0, "EXPDESC": "", "ENDDATE": "", "STATUTE": "", "EXAMT_HS": 0, "EXAMT_NR": 0, "UVREDUC_HS": 0, "UVREDUC_NR": 0, "GLVAL_HS": 1803.0, "GLVAL_NR": 0.0, "CRHOUSPCT": 0.0, "MUNGL1PCT": 1803.1, "AOEGL_HS": 1803.0, "AOEGL_NR": 0.0, "E911ADDR": "39 LAGUE LANE", "SHAPE_Length": 0.0015103651818251756, "SHAPE_Area": 1.3144802733459725e-07}, "geometry": {"type": "MultiPolygon", "coordinates": [[[[-72.48335774899994, 44.20100746900005], [-72.48344928999995, 44.20080554700007], [-72.48390042599993, 44.20090446900008], [-72.48378463099993, 44.201166295000064], [-72.48332567199998, 44.20107187000008], [-72.48335774899994, 44.20100746900005]]]]}}, {"type": "Feature", "properties": {"OBJECTID": 197749, "SPAN": "039-012-13285", "GLIST_SPAN": "039-012-13285", "MAPID": "037/116.00", "PARCID": "037/116.00", "PROPTYPE": "PARCEL", "YEAR": 2022, "GLYEAR": 2022, "TOWN": "BARRE TOWN", "TNAME": "Barre Town", "SOURCENAME": null, "SOURCETYPE": "UNKNOWN", "SOURCEDATE": "UNKNOWN", "EDITMETHOD": "UNKNOWN", "EDITOR": "UNKNOWN", "EDITDATE": "UNKNOWN", "MATCHSTAT": "MATCH", "EDITNOTE": "UNKNOWN", "OWNER1": "KALDENBERG MICHAEL A & MADISON P", "OWNER2": "", "ADDRGL1": "128 WOODLAND DR", "ADDRGL2": "", "CITYGL": "BARRE", "STGL": "VT", "ZIPGL": "05641", "DESCPROP": "HSE & LOT (.29 ACRES)", "LOCAPROP": "", "CAT": "Residential-1", "RESCODE": "T", "ACRESGL": 0.29, "REAL_FLV": 194940, "HSTED_FLV": 194940, "NRES_FLV": 0, "LAND_LV": 45000, "IMPRV_LV": 149940, "EQUIPVAL": 0, "EQUIPCODE": "", "INVENVAL": 0, "HSDECL": "Y", "HSITEVAL": 194940, "VETEXAMT": 0, "EXPDESC": "", "ENDDATE": "", "STATUTE": "", "EXAMT_HS": 0, "EXAMT_NR": 0, "UVREDUC_HS": 0, "UVREDUC_NR": 0, "GLVAL_HS": 1949.0, "GLVAL_NR": 0.0, "CRHOUSPCT": 0.0, "MUNGL1PCT": 1949.4, "AOEGL_HS": 1949.0, "AOEGL_NR": 0.0, "E911ADDR": "128 WOODLAND DR", "SHAPE_Length": 0.0014839453961635607, "SHAPE_Area": 1.2833455165515725e-07}, "geometry": {"type": "MultiPolygon", "coordinates": [[[[-72.48276655899997, 44.201223380000044], [-72.48279003099998, 44.20117289900003], [-72.48323022199997, 44.20127097900007], [-72.48320596499997, 44.201335382000025], [-72.48311246999998, 44.201532100000065], [-72.48266680299997, 44.20143584600004], [-72.48267345299996, 44.20142206700007], [-72.48270474899994, 44.201355275000026], [-72.48273604499997, 44.201289046000056], [-72.48276655899997, 44.201223380000044]]]]}}, {"type": "Feature", "properties": {"OBJECTID": 197961, "SPAN": "039-012-13527", "GLIST_SPAN": "039-012-13527", "MAPID": "035/007.00", "PARCID": "035/007.00", "PROPTYPE": "PARCEL", "YEAR": 2022, "GLYEAR": 2022, "TOWN": "BARRE TOWN", "TNAME": "Barre Town", "SOURCENAME": null, "SOURCETYPE": "UNKNOWN", "SOURCEDATE": "UNKNOWN", "EDITMETHOD": "UNKNOWN", "EDITOR": "UNKNOWN", "EDITDATE": "UNKNOWN", "MATCHSTAT": "MATCH", "EDITNOTE": "UNKNOWN", "OWNER1": "MORRIS PROPERTIES LLC", "OWNER2": "", "ADDRGL1": "891 US RTE 2", "ADDRGL2": "", "CITYGL": "BERLIN", "STGL": "VT", "ZIPGL": "05602", "DESCPROP": "HSE & LOT (.28 ACRES)", "LOCAPROP": "", "CAT": "Residential-1", "RESCODE": "T", "ACRESGL": 0.28, "REAL_FLV": 190840, "HSTED_FLV": 0, "NRES_FLV": 190840, "LAND_LV": 40000, "IMPRV_LV": 150840, "EQUIPVAL": 0, "EQUIPCODE": "", "INVENVAL": 0, "HSDECL": "N", "HSITEVAL": 190840, "VETEXAMT": 0, "EXPDESC": "", "ENDDATE": "", "STATUTE": "", "EXAMT_HS": 0, "EXAMT_NR": 0, "UVREDUC_HS": 0, "UVREDUC_NR": 0, "GLVAL_HS": 0.0, "GLVAL_NR": 1908.4, "CRHOUSPCT": 0.0, "MUNGL1PCT": 1908.4, "AOEGL_HS": 0.0, "AOEGL_NR": 1908.4, "E911ADDR": "26 LAGUE LANE", "SHAPE_Length": 0.0014725694527402654, "SHAPE_Area": 1.2744035750307717e-07}, "geometry": {"type": "MultiPolygon", "coordinates": [[[[-72.48437207799998, 44.200302244000056], [-72.48449217099994, 44.20003563800003], [-72.48492336199996, 44.20014102300007], [-72.48480639999997, 44.200406083000075], [-72.48437207799998, 44.200302244000056]]]]}}, {"type": "Feature", "properties": {"OBJECTID": 197990, "SPAN": "039-012-13559", "GLIST_SPAN": "039-012-13559", "MAPID": "037/128.00", "PARCID": "037/128.00", "PROPTYPE": "PARCEL", "YEAR": 2022, "GLYEAR": 2022, "TOWN": "BARRE TOWN", "TNAME": "Barre Town", "SOURCENAME": null, "SOURCETYPE": "UNKNOWN", "SOURCEDATE": "UNKNOWN", "EDITMETHOD": "UNKNOWN", "EDITOR": "UNKNOWN", "EDITDATE": "UNKNOWN", "MATCHSTAT": "MATCH", "EDITNOTE": "UNKNOWN", "OWNER1": "WEST CHRISTOPHER S & HEATHER M", "OWNER2": "", "ADDRGL1": "50 COBBLE HILL MEADOWS", "ADDRGL2": "", "CITYGL": "BARRE", "STGL": "VT", "ZIPGL": "05641", "DESCPROP": "HSE & LOT (.23 ACRES)", "LOCAPROP": "", "CAT": "Residential-1", "RESCODE": "T", "ACRESGL": 0.23, "REAL_FLV": 180330, "HSTED_FLV": 0, "NRES_FLV": 180330, "LAND_LV": 40000, "IMPRV_LV": 140330, "EQUIPVAL": 0, "EQUIPCODE": "", "INVENVAL": 0, "HSDECL": "N", "HSITEVAL": 180330, "VETEXAMT": 0, "EXPDESC": "", "ENDDATE": "", "STATUTE": "", "EXAMT_HS": 0, "EXAMT_NR": 0, "UVREDUC_HS": 0, "UVREDUC_NR": 0, "GLVAL_HS": 0.0, "GLVAL_NR": 1803.3, "CRHOUSPCT": 0.0, "MUNGL1PCT": 1803.3, "AOEGL_HS": 0.0, "AOEGL_NR": 1803.3, "E911ADDR": "80 LAGUE LANE", "SHAPE_Length": 0.0013453541138974765, "SHAPE_Area": 1.0978492610977596e-07}, "geometry": {"type": "MultiPolygon", "coordinates": [[[[-72.48095027299996, 44.20210634800003], [-72.48106999499998, 44.201832996000064], [-72.48110869699997, 44.201842283000076], [-72.48122675899998, 44.20187028700008], [-72.48134482099994, 44.201898431000075], [-72.48143473599998, 44.20191968000006], [-72.48131501499995, 44.20219190800003], [-72.48095027299996, 44.20210634800003]]]]}}, {"type": "Feature", "properties": {"OBJECTID": 198024, "SPAN": "039-012-13594", "GLIST_SPAN": "039-012-13594", "MAPID": "035/023.00", "PARCID": "035/023.00", "PROPTYPE": "PARCEL", "YEAR": 2022, "GLYEAR": 2022, "TOWN": "BARRE TOWN", "TNAME": "Barre Town", "SOURCENAME": null, "SOURCETYPE": "UNKNOWN", "SOURCEDATE": "UNKNOWN", "EDITMETHOD": "UNKNOWN", "EDITOR": "UNKNOWN", "EDITDATE": "UNKNOWN", "MATCHSTAT": "MATCH", "EDITNOTE": "UNKNOWN", "OWNER1": "ELLIOTT JOSHUA & FATIMA", "OWNER2": "", "ADDRGL1": "124 WOODLAND DR", "ADDRGL2": "", "CITYGL": "BARRE", "STGL": "VT", "ZIPGL": "05641", "DESCPROP": "HSE & LOT (.29 ACRES)", "LOCAPROP": "", "CAT": "Residential-1", "RESCODE": "T", "ACRESGL": 0.29, "REAL_FLV": 205070, "HSTED_FLV": 205070, "NRES_FLV": 0, "LAND_LV": 45000, "IMPRV_LV": 160070, "EQUIPVAL": 0, "EQUIPCODE": "", "INVENVAL": 0, "HSDECL": "Y", "HSITEVAL": 205070, "VETEXAMT": 0, "EXPDESC": "", "ENDDATE": "", "STATUTE": "", "EXAMT_HS": 0, "EXAMT_NR": 0, "UVREDUC_HS": 0, "UVREDUC_NR": 0, "GLVAL_HS": 2051.0, "GLVAL_NR": 0.0, "CRHOUSPCT": 0.0, "MUNGL1PCT": 2050.7, "AOEGL_HS": 2051.0, "AOEGL_NR": 0.0, "E911ADDR": "124 WOODLAND DR", "SHAPE_Length": 0.0014935415812550598, "SHAPE_Area": 1.2948651718058782e-07}, "geometry": {"type": "MultiPolygon", "coordinates": [[[[-72.48288548499994, 44.20096479100005], [-72.48291169699996, 44.20090685800005], [-72.48335774899994, 44.20100746900005], [-72.48332567199998, 44.20107187000008], [-72.48323022199997, 44.20127097900007], [-72.48279003099998, 44.20117289900003], [-72.48279707299997, 44.20115813500007], [-72.48282680399996, 44.201093453000055], [-72.48285653599999, 44.20102891100004], [-72.48288548499994, 44.20096479100005]]]]}}, {"type": "Feature", "properties": {"OBJECTID": 194452, "SPAN": "039-012-11405", "GLIST_SPAN": "039-012-11405", "MAPID": "009/117.02", "PARCID": "009/117.02", "PROPTYPE": "PARCEL", "YEAR": 2022, "GLYEAR": 2022, "TOWN": "BARRE TOWN", "TNAME": "Barre Town", "SOURCENAME": null, "SOURCETYPE": "UNKNOWN", "SOURCEDATE": "UNKNOWN", "EDITMETHOD": "UNKNOWN", "EDITOR": "UNKNOWN", "EDITDATE": "UNKNOWN", "MATCHSTAT": "MATCH", "EDITNOTE": "UNKNOWN", "OWNER1": "GARCIA-RYAN FARAH", "OWNER2": "GARCIA-RYAN CHARISMA", "ADDRGL1": "6 SUGAR WOODS RD", "ADDRGL2": "", "CITYGL": "BARRE", "STGL": "VT", "ZIPGL": "05641-8800", "DESCPROP": "HSE & 2.1 ACRES", "LOCAPROP": "", "CAT": "Residential-1", "RESCODE": "T", "ACRESGL": 2.1, "REAL_FLV": 395440, "HSTED_FLV": 395440, "NRES_FLV": 0, "LAND_LV": 49900, "IMPRV_LV": 345540, "EQUIPVAL": 0, "EQUIPCODE": "", "INVENVAL": 0, "HSDECL": "Y", "HSITEVAL": 395040, "VETEXAMT": 0, "EXPDESC": "", "ENDDATE": "", "STATUTE": "", "EXAMT_HS": 0, "EXAMT_NR": 0, "UVREDUC_HS": 0, "UVREDUC_NR": 0, "GLVAL_HS": 3954.0, "GLVAL_NR": 0.0, "CRHOUSPCT": 0.0, "MUNGL1PCT": 3954.4, "AOEGL_HS": 3954.0, "AOEGL_NR": 0.0, "E911ADDR": "6 SUGAR WOODS RD", "SHAPE_Length": 0.004072534287143993, "SHAPE_Area": 9.552204794887065e-07}, "geometry": {"type": "MultiPolygon", "coordinates": [[[[-72.47479181699998, 44.20298700600006], [-72.47476132099996, 44.20298685800003], [-72.47473082599998, 44.202986993000025], [-72.47470032999996, 44.20298740700008], [-72.47467022599994, 44.20298782300006], [-72.47464129299993, 44.20298851900003], [-72.47461314299994, 44.20298921700004], [-72.47458616499995, 44.20299019400005], [-72.47456075199995, 44.20299117300004], [-72.47454315799996, 44.202992014000074], [-72.47498575099996, 44.20203460500005], [-72.47602560699994, 44.20229934100007], [-72.47599274299995, 44.20235586500007], [-72.47595205399995, 44.202426168000045], [-72.47590940899994, 44.20249872100004], [-72.47586558999996, 44.20257380500004], [-72.47582059799998, 44.202650435000066], [-72.47577482199995, 44.202727768000045], [-72.47572943799997, 44.20280439900006], [-72.47568483699996, 44.20287962200007], [-72.47564140999998, 44.20295203400008], [-72.47559993899995, 44.20302079000004], [-72.47556081599998, 44.203084766000075], [-72.47555572899995, 44.20309320200005], [-72.47552171899997, 44.20308433500003], [-72.47547402499998, 44.20307265400004], [-72.47542945899994, 44.20306237800003], [-72.47538762799996, 44.203053229000034], [-72.47534892599998, 44.20304520500008], [-72.47531256799994, 44.203038166000056], [-72.47527894699994, 44.20303197100003], [-72.47524767199997, 44.20302648100005], [-72.47521874199998, 44.20302155200005], [-72.47519137599994, 44.20301704600007], [-72.47516518299994, 44.20301296300005], [-72.47514016299994, 44.20300944100006], [-72.47511553199996, 44.20300606100005], [-72.47509090299997, 44.20300310300007], [-72.47506666399994, 44.20300056600007], [-72.47504203299997, 44.20299817000006], [-72.47501701199997, 44.20299591400004], [-72.47499120899994, 44.20299408100004], [-72.47496462399994, 44.20299238800004], [-72.47493725599998, 44.20299083400005], [-72.47490949899998, 44.202989563000074], [-72.47488134899999, 44.20298857200004], [-72.47485202599995, 44.20298786300003], [-72.47482231299995, 44.202987294000025], [-72.47479181699998, 44.20298700600006]]]]}}, {"type": "Feature", "properties": {"OBJECTID": 195137, "SPAN": "039-012-11957", "GLIST_SPAN": "039-012-11957", "MAPID": "009/114.28", "PARCID": "009/114.28", "PROPTYPE": "PARCEL", "YEAR": 2022, "GLYEAR": 2022, "TOWN": "BARRE TOWN", "TNAME": "Barre Town", "SOURCENAME": null, "SOURCETYPE": "UNKNOWN", "SOURCEDATE": "UNKNOWN", "EDITMETHOD": "UNKNOWN", "EDITOR": "UNKNOWN", "EDITDATE": "UNKNOWN", "MATCHSTAT": "MATCH", "EDITNOTE": "UNKNOWN", "OWNER1": "MILNE JAMES R & JEAN S LE", "OWNER2": "", "ADDRGL1": "14 COUNTRYSIDE CIRCLE", "ADDRGL2": "", "CITYGL": "BARRE", "STGL": "VT", "ZIPGL": "05641", "DESCPROP": "HSE & LOT (.72 ACRES)", "LOCAPROP": "", "CAT": "Residential-1", "RESCODE": "T", "ACRESGL": 0.72, "REAL_FLV": 300870, "HSTED_FLV": 300870, "NRES_FLV": 0, "LAND_LV": 49500, "IMPRV_LV": 251370, "EQUIPVAL": 0, "EQUIPCODE": "", "INVENVAL": 0, "HSDECL": "Y", "HSITEVAL": 300870, "VETEXAMT": 0, "EXPDESC": "", "ENDDATE": "", "STATUTE": "", "EXAMT_HS": 0, "EXAMT_NR": 0, "UVREDUC_HS": 0, "UVREDUC_NR": 0, "GLVAL_HS": 3009.0, "GLVAL_NR": 0.0, "CRHOUSPCT": 0.0, "MUNGL1PCT": 3008.7, "AOEGL_HS": 3009.0, "AOEGL_NR": 0.0, "E911ADDR": "14 COUNTRYSIDE CIRCLE", "SHAPE_Length": 0.0022863771151207775, "SHAPE_Area": 3.0817670029203763e-07}, "geometry": {"type": "MultiPolygon", "coordinates": [[[[-72.47932026499996, 44.202326422000056], [-72.47955579999996, 44.20182457800007], [-72.479901, 44.20188524800005], [-72.48002628299997, 44.20252187400007], [-72.47986834499994, 44.202483596000036], [-72.47932026499996, 44.202326422000056]]]]}}, {"type": "Feature", "properties": {"OBJECTID": 195339, "SPAN": "039-012-11136", "GLIST_SPAN": "039-012-11136", "MAPID": "009/114.27", "PARCID": "009/114.27", "PROPTYPE": "PARCEL", "YEAR": 2022, "GLYEAR": 2022, "TOWN": "BARRE TOWN", "TNAME": "Barre Town", "SOURCENAME": null, "SOURCETYPE": "UNKNOWN", "SOURCEDATE": "UNKNOWN", "EDITMETHOD": "UNKNOWN", "EDITOR": "UNKNOWN", "EDITDATE": "UNKNOWN", "MATCHSTAT": "MATCH", "EDITNOTE": "UNKNOWN", "OWNER1": "MURNER RAHNE H & KRISTIN J", "OWNER2": "", "ADDRGL1": "12 COUNTRYSIDE CIRCLE", "ADDRGL2": "", "CITYGL": "BARRE", "STGL": "VT", "ZIPGL": "05641", "DESCPROP": "HSE & LOT (.39 ACRES)", "LOCAPROP": "", "CAT": "Residential-1", "RESCODE": "T", "ACRESGL": 0.39, "REAL_FLV": 336770, "HSTED_FLV": 336770, "NRES_FLV": 0, "LAND_LV": 49500, "IMPRV_LV": 287270, "EQUIPVAL": 0, "EQUIPCODE": "", "INVENVAL": 0, "HSDECL": "Y", "HSITEVAL": 336770, "VETEXAMT": 40000, "EXPDESC": "", "ENDDATE": "", "STATUTE": "", "EXAMT_HS": 0, "EXAMT_NR": 0, "UVREDUC_HS": 0, "UVREDUC_NR": 0, "GLVAL_HS": 2968.0, "GLVAL_NR": 0.0, "CRHOUSPCT": 0.0, "MUNGL1PCT": 2967.7, "AOEGL_HS": 3268.0, "AOEGL_NR": 0.0, "E911ADDR": "12 COUNTRYSIDE CIRCLE", "SHAPE_Length": 0.001809962253970855, "SHAPE_Area": 1.874251376471419e-07}, "geometry": {"type": "MultiPolygon", "coordinates": [[[[-72.47917588999996, 44.20263450200008], [-72.47932026499996, 44.202326422000056], [-72.47986834499994, 44.202483596000036], [-72.47973453399999, 44.20277747600005], [-72.47917588999996, 44.20263450200008]]]]}}, {"type": "Feature", "properties": {"OBJECTID": 196162, "SPAN": "039-012-10646", "GLIST_SPAN": "039-012-10646", "MAPID": "037/125.00", "PARCID": "037/125.00", "PROPTYPE": "PARCEL", "YEAR": 2022, "GLYEAR": 2022, "TOWN": "BARRE TOWN", "TNAME": "Barre Town", "SOURCENAME": null, "SOURCETYPE": "UNKNOWN", "SOURCEDATE": "UNKNOWN", "EDITMETHOD": "UNKNOWN", "EDITOR": "UNKNOWN", "EDITDATE": "UNKNOWN", "MATCHSTAT": "MATCH", "EDITNOTE": "UNKNOWN", "OWNER1": "MCDERMOTT MAURICE J", "OWNER2": "", "ADDRGL1": "84 LAGUE LANE", "ADDRGL2": "", "CITYGL": "BARRE", "STGL": "VT", "ZIPGL": "05641", "DESCPROP": "HSE & LOT (.29 ACRES)", "LOCAPROP": "", "CAT": "Residential-1", "RESCODE": "T", "ACRESGL": 0.29, "REAL_FLV": 223710, "HSTED_FLV": 223710, "NRES_FLV": 0, "LAND_LV": 40000, "IMPRV_LV": 183710, "EQUIPVAL": 0, "EQUIPCODE": "", "INVENVAL": 0, "HSDECL": "Y", "HSITEVAL": 223710, "VETEXAMT": 0, "EXPDESC": "", "ENDDATE": "", "STATUTE": "", "EXAMT_HS": 0, "EXAMT_NR": 0, "UVREDUC_HS": 0, "UVREDUC_NR": 0, "GLVAL_HS": 2237.0, "GLVAL_NR": 0.0, "CRHOUSPCT": 0.0, "MUNGL1PCT": 2237.1, "AOEGL_HS": 2237.0, "AOEGL_NR": 0.0, "E911ADDR": "84 LAGUE LANE", "SHAPE_Length": 0.0015347398591557346, "SHAPE_Area": 1.3822490337131828e-07}, "geometry": {"type": "MultiPolygon", "coordinates": [[[[-72.48043003599997, 44.201690014000064], [-72.48043473099995, 44.201680734000035], [-72.48088703899998, 44.20178909100008], [-72.48076223199996, 44.20206455200008], [-72.48031070499997, 44.20195731900003], [-72.48043003599997, 44.201690014000064]]]]}}, {"type": "Feature", "properties": {"OBJECTID": 197073, "SPAN": "039-012-12401", "GLIST_SPAN": "039-012-12401", "MAPID": "009/114.29", "PARCID": "009/114.29", "PROPTYPE": "PARCEL", "YEAR": 2022, "GLYEAR": 2022, "TOWN": "BARRE TOWN", "TNAME": "Barre Town", "SOURCENAME": null, "SOURCETYPE": "UNKNOWN", "SOURCEDATE": "UNKNOWN", "EDITMETHOD": "UNKNOWN", "EDITOR": "UNKNOWN", "EDITDATE": "UNKNOWN", "MATCHSTAT": "MATCH", "EDITNOTE": "UNKNOWN", "OWNER1": "MILANESE REV JOHN M", "OWNER2": "", "ADDRGL1": "C/O CHURCH DEREME", "ADDRGL2": "16 COUNTRYSIDE CIRCLE", "CITYGL": "BARRE", "STGL": "VT", "ZIPGL": "05641-0069", "DESCPROP": "HSE & LOT (.87 ACRES)", "LOCAPROP": "", "CAT": "Residential-1", "RESCODE": "T", "ACRESGL": 0.87, "REAL_FLV": 457320, "HSTED_FLV": 457320, "NRES_FLV": 0, "LAND_LV": 49500, "IMPRV_LV": 407820, "EQUIPVAL": 0, "EQUIPCODE": "", "INVENVAL": 0, "HSDECL": "Y", "HSITEVAL": 457320, "VETEXAMT": 0, "EXPDESC": "", "ENDDATE": "", "STATUTE": "", "EXAMT_HS": 0, "EXAMT_NR": 0, "UVREDUC_HS": 0, "UVREDUC_NR": 0, "GLVAL_HS": 4573.0, "GLVAL_NR": 0.0, "CRHOUSPCT": 0.0, "MUNGL1PCT": 4573.2, "AOEGL_HS": 4573.0, "AOEGL_NR": 0.0, "E911ADDR": "16 COUNTRYSIDE CIRCLE", "SHAPE_Length": 0.002576104250324751, "SHAPE_Area": 3.9010348726896465e-07}, "geometry": {"type": "MultiPolygon", "coordinates": [[[[-72.48002628299997, 44.20252187400007], [-72.479901, 44.20188524800005], [-72.48031070499997, 44.20195731900003], [-72.48076223199996, 44.20206455200008], [-72.48040861799996, 44.20261447000007], [-72.48002628299997, 44.20252187400007]]]]}}, {"type": "Feature", "properties": {"OBJECTID": 193803, "SPAN": "039-012-10073", "GLIST_SPAN": "039-012-10073", "MAPID": "037/089.00", "PARCID": "037/089.00", "PROPTYPE": "PARCEL", "YEAR": 2022, "GLYEAR": 2022, "TOWN": "BARRE TOWN", "TNAME": "Barre Town", "SOURCENAME": null, "SOURCETYPE": "UNKNOWN", "SOURCEDATE": "UNKNOWN", "EDITMETHOD": "UNKNOWN", "EDITOR": "UNKNOWN", "EDITDATE": "UNKNOWN", "MATCHSTAT": "MATCH", "EDITNOTE": "UNKNOWN", "OWNER1": "WINTERS II CHARLES B & KIMBALL JULIE B", "OWNER2": "", "ADDRGL1": "8 SCENIC VIEW DR", "ADDRGL2": "", "CITYGL": "BARRE", "STGL": "VT", "ZIPGL": "05641", "DESCPROP": "HSE & LOT (.35 ACRES)", "LOCAPROP": "", "CAT": "Residential-1", "RESCODE": "T", "ACRESGL": 0.35, "REAL_FLV": 261030, "HSTED_FLV": 261030, "NRES_FLV": 0, "LAND_LV": 45000, "IMPRV_LV": 216030, "EQUIPVAL": 0, "EQUIPCODE": "", "INVENVAL": 0, "HSDECL": "Y", "HSITEVAL": 261030, "VETEXAMT": 0, "EXPDESC": "", "ENDDATE": "", "STATUTE": "", "EXAMT_HS": 0, "EXAMT_NR": 0, "UVREDUC_HS": 0, "UVREDUC_NR": 0, "GLVAL_HS": 2610.0, "GLVAL_NR": 0.0, "CRHOUSPCT": 0.0, "MUNGL1PCT": 2610.3, "AOEGL_HS": 2610.0, "AOEGL_NR": 0.0, "E911ADDR": "8 SCENIC VIEW DR", "SHAPE_Length": 0.001606254479584619, "SHAPE_Area": 1.5216716809398592e-07}, "geometry": {"type": "MultiPolygon", "coordinates": [[[[-72.48177876299997, 44.20325748700003], [-72.48180301599996, 44.20321600700004], [-72.48219630599993, 44.20330536500006], [-72.48195535999997, 44.20365702700008], [-72.48159764499997, 44.20356879900004], [-72.48160351299998, 44.20355839400003], [-72.48162189799996, 44.203526897000074], [-72.48164263199999, 44.20349132300004], [-72.48166571099995, 44.20345124900007], [-72.48169152899999, 44.20340681600004], [-72.48171969399993, 44.20335872700008], [-72.48174864099997, 44.203308529000026], [-72.48177876299997, 44.20325748700003]]]]}}, {"type": "Feature", "properties": {"OBJECTID": 194548, "SPAN": "039-012-11509", "GLIST_SPAN": "039-012-11509", "MAPID": "037/091.00", "PARCID": "037/091.00", "PROPTYPE": "PARCEL", "YEAR": 2022, "GLYEAR": 2022, "TOWN": "BARRE TOWN", "TNAME": "Barre Town", "SOURCENAME": null, "SOURCETYPE": "UNKNOWN", "SOURCEDATE": "UNKNOWN", "EDITMETHOD": "UNKNOWN", "EDITOR": "UNKNOWN", "EDITDATE": "UNKNOWN", "MATCHSTAT": "MATCH", "EDITNOTE": "UNKNOWN", "OWNER1": "ELY KENNETH H & CATHIE L", "OWNER2": "", "ADDRGL1": "1 SCENIC VIEW DR", "ADDRGL2": "", "CITYGL": "BARRE", "STGL": "VT", "ZIPGL": "05641-8307", "DESCPROP": "HSE & LOT (.30 ACRES)", "LOCAPROP": "", "CAT": "Residential-1", "RESCODE": "T", "ACRESGL": 0.3, "REAL_FLV": 279270, "HSTED_FLV": 279270, "NRES_FLV": 0, "LAND_LV": 45000, "IMPRV_LV": 234270, "EQUIPVAL": 0, "EQUIPCODE": "", "INVENVAL": 0, "HSDECL": "Y", "HSITEVAL": 279270, "VETEXAMT": 0, "EXPDESC": "", "ENDDATE": "", "STATUTE": "", "EXAMT_HS": 0, "EXAMT_NR": 0, "UVREDUC_HS": 0, "UVREDUC_NR": 0, "GLVAL_HS": 2793.0, "GLVAL_NR": 0.0, "CRHOUSPCT": 0.0, "MUNGL1PCT": 2792.7, "AOEGL_HS": 2793.0, "AOEGL_NR": 0.0, "E911ADDR": "1 SCENIC VIEW DR", "SHAPE_Length": 0.001526445218562966, "SHAPE_Area": 1.3603981037898958e-07}, "geometry": {"type": "MultiPolygon", "coordinates": [[[[-72.48096938199996, 44.20346927500003], [-72.48097642399995, 44.203455355000074], [-72.48140059799994, 44.203557095000065], [-72.48139864199999, 44.20356033000007], [-72.48138573299997, 44.20358310800003], [-72.48137438799995, 44.20360363800006], [-72.48136421699996, 44.203622479000046], [-72.48135482799995, 44.20364019700003], [-72.48134622199996, 44.203656789000036], [-72.48133839699994, 44.203672537000045], [-72.48133135499995, 44.203687864000074], [-72.48132470299998, 44.203702769000074], [-72.48131844199997, 44.203717674000075], [-72.48131257399996, 44.20373243900008], [-72.48130670399996, 44.203747484000075], [-72.48130122499998, 44.20376309300008], [-72.48129574699993, 44.203778982000074], [-72.48129104999998, 44.20379529300004], [-72.48128635299997, 44.203812027000026], [-72.48128204699998, 44.203828901000065], [-72.48127813199994, 44.203845916000034], [-72.48127734899998, 44.20385013500004], [-72.48116123699998, 44.20382128800003], [-72.48083714599994, 44.203740235000055], [-72.48096938199996, 44.20346927500003]]]]}}, {"type": "Feature", "properties": {"OBJECTID": 194603, "SPAN": "039-012-11574", "GLIST_SPAN": "039-012-11574", "MAPID": "037/084.00", "PARCID": "037/084.00", "PROPTYPE": "PARCEL", "YEAR": 2022, "GLYEAR": 2022, "TOWN": "BARRE TOWN", "TNAME": "Barre Town", "SOURCENAME": null, "SOURCETYPE": "UNKNOWN", "SOURCEDATE": "UNKNOWN", "EDITMETHOD": "UNKNOWN", "EDITOR": "UNKNOWN", "EDITDATE": "UNKNOWN", "MATCHSTAT": "MATCH", "EDITNOTE": "UNKNOWN", "OWNER1": "MACKIN JAMES & BROOK MELODY", "OWNER2": "", "ADDRGL1": "17 SESAME ST", "ADDRGL2": "", "CITYGL": "BARRE", "STGL": "VT", "ZIPGL": "05641", "DESCPROP": "HSE & LOT (.29 ACRES)", "LOCAPROP": "", "CAT": "Residential-1", "RESCODE": "T", "ACRESGL": 0.29, "REAL_FLV": 206540, "HSTED_FLV": 206540, "NRES_FLV": 0, "LAND_LV": 45000, "IMPRV_LV": 161540, "EQUIPVAL": 0, "EQUIPCODE": "", "INVENVAL": 0, "HSDECL": "Y", "HSITEVAL": 206540, "VETEXAMT": 0, "EXPDESC": "", "ENDDATE": "", "STATUTE": "", "EXAMT_HS": 0, "EXAMT_NR": 0, "UVREDUC_HS": 0, "UVREDUC_NR": 0, "GLVAL_HS": 2065.0, "GLVAL_NR": 0.0, "CRHOUSPCT": 0.0, "MUNGL1PCT": 2065.4, "AOEGL_HS": 2065.0, "AOEGL_NR": 0.0, "E911ADDR": "17 SESAME ST", "SHAPE_Length": 0.00157102242159891, "SHAPE_Area": 1.4450385521610022e-07}, "geometry": {"type": "MultiPolygon", "coordinates": [[[[-72.48107430299996, 44.20425284700008], [-72.48121709799995, 44.203978936000055], [-72.48135236499996, 44.20401256800005], [-72.48155291999996, 44.20406238000004], [-72.48167450499994, 44.204092494000065], [-72.48153131899994, 44.204375827000035], [-72.48116930299994, 44.204278878000025], [-72.48113763499998, 44.20427170100004], [-72.48110401399998, 44.20426297700004], [-72.48109033199995, 44.20425861500007], [-72.48107430299996, 44.20425284700008]]]]}}, {"type": "Feature", "properties": {"OBJECTID": 194667, "SPAN": "039-012-11643", "GLIST_SPAN": "039-012-11643", "MAPID": "037/080.00", "PARCID": "037/080.00", "PROPTYPE": "PARCEL", "YEAR": 2022, "GLYEAR": 2022, "TOWN": "BARRE TOWN", "TNAME": "Barre Town", "SOURCENAME": null, "SOURCETYPE": "UNKNOWN", "SOURCEDATE": "UNKNOWN", "EDITMETHOD": "UNKNOWN", "EDITOR": "UNKNOWN", "EDITDATE": "UNKNOWN", "MATCHSTAT": "MATCH", "EDITNOTE": "UNKNOWN", "OWNER1": "BROWN BRIGETTE A & BROWN SHEILA L", "OWNER2": "", "ADDRGL1": "333 CAMP ST", "ADDRGL2": "", "CITYGL": "BARRE", "STGL": "VT", "ZIPGL": "05641", "DESCPROP": "HSE & LOT (.97 ACRES)", "LOCAPROP": "", "CAT": "Residential-1", "RESCODE": "T", "ACRESGL": 0.97, "REAL_FLV": 328850, "HSTED_FLV": 328850, "NRES_FLV": 0, "LAND_LV": 45000, "IMPRV_LV": 283850, "EQUIPVAL": 0, "EQUIPCODE": "", "INVENVAL": 0, "HSDECL": "Y", "HSITEVAL": 328850, "VETEXAMT": 0, "EXPDESC": "", "ENDDATE": "", "STATUTE": "", "EXAMT_HS": 0, "EXAMT_NR": 0, "UVREDUC_HS": 0, "UVREDUC_NR": 0, "GLVAL_HS": 3288.0, "GLVAL_NR": 0.0, "CRHOUSPCT": 0.0, "MUNGL1PCT": 3288.5, "AOEGL_HS": 3288.0, "AOEGL_NR": 0.0, "E911ADDR": "333 CAMP ST", "SHAPE_Length": 0.00295078269354181, "SHAPE_Area": 4.5390602074734107e-07}, "geometry": {"type": "MultiPolygon", "coordinates": [[[[-72.48127066699993, 44.20519646300005], [-72.48164220199999, 44.20487379300005], [-72.48178840599996, 44.20495130000006], [-72.48250066199995, 44.20534065700008], [-72.48247328499997, 44.20536666900006], [-72.48242009599994, 44.205417003000036], [-72.48236495099997, 44.20546972900007], [-72.48230745999996, 44.20552442200005], [-72.48224918599993, 44.20558038200005], [-72.48219012999994, 44.20563704300008], [-72.48215493099997, 44.20567078700003], [-72.48127066699993, 44.20519646300005]]]]}}, {"type": "Feature", "properties": {"OBJECTID": 194669, "SPAN": "039-012-11645", "GLIST_SPAN": "039-012-11645", "MAPID": "037/081.00", "PARCID": "037/081.00", "PROPTYPE": "PARCEL", "YEAR": 2022, "GLYEAR": 2022, "TOWN": "BARRE TOWN", "TNAME": "Barre Town", "SOURCENAME": null, "SOURCETYPE": "UNKNOWN", "SOURCEDATE": "UNKNOWN", "EDITMETHOD": "UNKNOWN", "EDITOR": "UNKNOWN", "EDITDATE": "UNKNOWN", "MATCHSTAT": "MATCH", "EDITNOTE": "UNKNOWN", "OWNER1": "DUNN TIMOTHY J & KATHLEEN M", "OWNER2": "", "ADDRGL1": "329 CAMP ST", "ADDRGL2": "", "CITYGL": "BARRE", "STGL": "VT", "ZIPGL": "05641-3257", "DESCPROP": "HSE & LOT (.78 ACRES)", "LOCAPROP": "", "CAT": "Residential-1", "RESCODE": "T", "ACRESGL": 0.78, "REAL_FLV": 213310, "HSTED_FLV": 213310, "NRES_FLV": 0, "LAND_LV": 45000, "IMPRV_LV": 168310, "EQUIPVAL": 0, "EQUIPCODE": "", "INVENVAL": 0, "HSDECL": "Y", "HSITEVAL": 213310, "VETEXAMT": 0, "EXPDESC": "", "ENDDATE": "", "STATUTE": "", "EXAMT_HS": 0, "EXAMT_NR": 0, "UVREDUC_HS": 0, "UVREDUC_NR": 0, "GLVAL_HS": 2133.0, "GLVAL_NR": 0.0, "CRHOUSPCT": 0.0, "MUNGL1PCT": 2133.1, "AOEGL_HS": 2133.0, "AOEGL_NR": 0.0, "E911ADDR": "329 CAMP ST", "SHAPE_Length": 0.0025810865028962782, "SHAPE_Area": 3.745743795814088e-07}, "geometry": {"type": "MultiPolygon", "coordinates": [[[[-72.48178840599996, 44.20495130000006], [-72.48218183599994, 44.204617522000035], [-72.48233155499997, 44.20470501200003], [-72.48284834399993, 44.20500940000005], [-72.48284169599998, 44.20501586900008], [-72.48280806199995, 44.20504919100006], [-72.48277286299998, 44.20508307600005], [-72.48273610099994, 44.20511808600003], [-72.48269816399994, 44.20515450100004], [-72.48265788199996, 44.20519246400005], [-72.48261564399996, 44.20523239500005], [-72.48257066699995, 44.20527457500003], [-72.48252334599994, 44.205319286000076], [-72.48250066199995, 44.20534065700008], [-72.48178840599996, 44.20495130000006]]]]}}, {"type": "Feature", "properties": {"OBJECTID": 194880, "SPAN": "039-012-10964", "GLIST_SPAN": "039-012-10964", "MAPID": "037/100.00", "PARCID": "037/100.00", "PROPTYPE": "PARCEL", "YEAR": 2022, "GLYEAR": 2022, "TOWN": "BARRE TOWN", "TNAME": "Barre Town", "SOURCENAME": null, "SOURCETYPE": "UNKNOWN", "SOURCEDATE": "UNKNOWN", "EDITMETHOD": "UNKNOWN", "EDITOR": "UNKNOWN", "EDITDATE": "UNKNOWN", "MATCHSTAT": "MATCH", "EDITNOTE": "UNKNOWN", "OWNER1": "MARTIN JANE", "OWNER2": "", "ADDRGL1": "315 CAMP ST", "ADDRGL2": "", "CITYGL": "BARRE", "STGL": "VT", "ZIPGL": "05641-3256", "DESCPROP": "HSE & LOT (.59 ACRES)", "LOCAPROP": "", "CAT": "Residential-1", "RESCODE": "T", "ACRESGL": 0.59, "REAL_FLV": 191210, "HSTED_FLV": 191210, "NRES_FLV": 0, "LAND_LV": 40000, "IMPRV_LV": 151210, "EQUIPVAL": 0, "EQUIPCODE": "", "INVENVAL": 0, "HSDECL": "Y", "HSITEVAL": 191210, "VETEXAMT": 0, "EXPDESC": "", "ENDDATE": "", "STATUTE": "", "EXAMT_HS": 0, "EXAMT_NR": 0, "UVREDUC_HS": 0, "UVREDUC_NR": 0, "GLVAL_HS": 1912.0, "GLVAL_NR": 0.0, "CRHOUSPCT": 0.0, "MUNGL1PCT": 1912.1, "AOEGL_HS": 1912.0, "AOEGL_NR": 0.0, "E911ADDR": "315 CAMP ST", "SHAPE_Length": 0.0028539944131126594, "SHAPE_Area": 3.5239491222084756e-07}, "geometry": {"type": "MultiPolygon", "coordinates": [[[[-72.48247724699996, 44.20387198100008], [-72.48248350499995, 44.203862419000075], [-72.48278999699994, 44.203978059000065], [-72.48304213899996, 44.204110986000046], [-72.48354680399996, 44.20442141600006], [-72.48353820099999, 44.20442760200007], [-72.48348931899994, 44.20446317300008], [-72.483442, 44.20449776000004], [-72.48339663699994, 44.204531221000025], [-72.48335361999995, 44.204563559000064], [-72.48332311699994, 44.20458647500004], [-72.48323320199995, 44.20455074400007], [-72.48314836999998, 44.20451641900007], [-72.48307604599995, 44.204486737000025], [-72.48301466999999, 44.204460993000055], [-72.48296267599994, 44.204438768000045], [-72.48291810999996, 44.20441921400004], [-72.48287979899999, 44.20440163100005], [-72.48284539699995, 44.20438559400003], [-72.48281373299994, 44.20437054300004], [-72.48278480499994, 44.20435605400007], [-72.48275782999997, 44.20434241000004], [-72.48273281099995, 44.20432946900007], [-72.48270935599999, 44.20431694900003], [-72.48268785699997, 44.20430513300005], [-72.48266713699996, 44.204293740000026], [-72.48264798299994, 44.20428276900003], [-72.48262921899999, 44.20427207900008], [-72.48261162799997, 44.20426181000005], [-72.48259442799997, 44.20425182400004], [-72.48257761899998, 44.204242117000035], [-72.48256120099995, 44.204232552000065], [-72.48254517299995, 44.20422326900007], [-72.48252914599993, 44.20421412700006], [-72.48251272799996, 44.204205124000055], [-72.48249630899994, 44.20419626200004], [-72.48247949899996, 44.20418754000008], [-72.48246229899996, 44.20417882000004], [-72.48244470799995, 44.20417037900006], [-72.48242633399997, 44.204161799000076], [-72.48240717899995, 44.20415335800004], [-72.48238724099997, 44.204144918000054], [-72.48236652199995, 44.20413647700008], [-72.48235440299999, 44.20413197600004], [-72.48237435799996, 44.20408219700005], [-72.48239626799995, 44.20403002900008], [-72.48241582999998, 44.20398658000005], [-72.48243343399997, 44.20395030200007], [-72.48244908199996, 44.20392007000004], [-72.48246355599997, 44.20389447800005], [-72.48247724699996, 44.20387198100008]]]]}}, {"type": "Feature", "properties": {"OBJECTID": 194932, "SPAN": "039-012-10980", "GLIST_SPAN": "039-012-10980", "MAPID": "037/065.01", "PARCID": "037/065.01", "PROPTYPE": "PARCEL", "YEAR": 2022, "GLYEAR": 2022, "TOWN": "BARRE TOWN", "TNAME": "Barre Town", "SOURCENAME": null, "SOURCETYPE": "UNKNOWN", "SOURCEDATE": "UNKNOWN", "EDITMETHOD": "UNKNOWN", "EDITOR": "UNKNOWN", "EDITDATE": "UNKNOWN", "MATCHSTAT": "MATCH", "EDITNOTE": "UNKNOWN", "OWNER1": "YACAVONI MITCHELL B", "OWNER2": "", "ADDRGL1": "312 CAMP ST", "ADDRGL2": "", "CITYGL": "BARRE", "STGL": "VT", "ZIPGL": "05641-3250", "DESCPROP": "HSE & 1.52 ACRES", "LOCAPROP": "", "CAT": "Residential-1", "RESCODE": "T", "ACRESGL": 1.52, "REAL_FLV": 214410, "HSTED_FLV": 214410, "NRES_FLV": 0, "LAND_LV": 45000, "IMPRV_LV": 169410, "EQUIPVAL": 0, "EQUIPCODE": "", "INVENVAL": 0, "HSDECL": "Y", "HSITEVAL": 214410, "VETEXAMT": 0, "EXPDESC": "", "ENDDATE": "", "STATUTE": "", "EXAMT_HS": 0, "EXAMT_NR": 0, "UVREDUC_HS": 0, "UVREDUC_NR": 0, "GLVAL_HS": 2144.0, "GLVAL_NR": 0.0, "CRHOUSPCT": 0.0, "MUNGL1PCT": 2144.1, "AOEGL_HS": 2144.0, "AOEGL_NR": 0.0, "E911ADDR": "312 CAMP ST", "SHAPE_Length": 0.004588361471903597, "SHAPE_Area": 7.195087182060431e-07}, "geometry": {"type": "MultiPolygon", "coordinates": [[[[-72.48410283299995, 44.20421351200008], [-72.48410908999995, 44.204209013000025], [-72.48562350399999, 44.20517881300003], [-72.48546194799997, 44.205503633000035], [-72.48498032799995, 44.205207277000056], [-72.48375948699999, 44.20446011800004], [-72.48377395599994, 44.20444957300003], [-72.48382713999996, 44.20441147100007], [-72.48388110599996, 44.20437266700003], [-72.48393585399998, 44.20433330000003], [-72.48399138299999, 44.20429351100006], [-72.48404691299999, 44.20425344100005], [-72.48410283299995, 44.20421351200008]]]]}}, {"type": "Feature", "properties": {"OBJECTID": 195157, "SPAN": "039-012-11963", "GLIST_SPAN": "039-012-11963", "MAPID": "037/102.00", "PARCID": "037/102.00", "PROPTYPE": "PARCEL", "YEAR": 2022, "GLYEAR": 2022, "TOWN": "BARRE TOWN", "TNAME": "Barre Town", "SOURCENAME": null, "SOURCETYPE": "UNKNOWN", "SOURCEDATE": "UNKNOWN", "EDITMETHOD": "UNKNOWN", "EDITOR": "UNKNOWN", "EDITDATE": "UNKNOWN", "MATCHSTAT": "MATCH", "EDITNOTE": "UNKNOWN", "OWNER1": "WHITE ROBERT M & MANDY A", "OWNER2": "", "ADDRGL1": "303 CAMP ST", "ADDRGL2": "", "CITYGL": "BARRE", "STGL": "VT", "ZIPGL": "05641-3256", "DESCPROP": "HSE & 1.15 ACRES", "LOCAPROP": "", "CAT": "Residential-1", "RESCODE": "T", "ACRESGL": 1.15, "REAL_FLV": 284710, "HSTED_FLV": 284710, "NRES_FLV": 0, "LAND_LV": 45000, "IMPRV_LV": 239710, "EQUIPVAL": 0, "EQUIPCODE": "", "INVENVAL": 0, "HSDECL": "Y", "HSITEVAL": 284710, "VETEXAMT": 0, "EXPDESC": "", "ENDDATE": "", "STATUTE": "", "EXAMT_HS": 0, "EXAMT_NR": 0, "UVREDUC_HS": 0, "UVREDUC_NR": 0, "GLVAL_HS": 2847.0, "GLVAL_NR": 0.0, "CRHOUSPCT": 0.0, "MUNGL1PCT": 2847.1, "AOEGL_HS": 2847.0, "AOEGL_NR": 0.0, "E911ADDR": "303 CAMP ST", "SHAPE_Length": 0.002997918503494412, "SHAPE_Area": 4.953462075734791e-07}, "geometry": {"type": "MultiPolygon", "coordinates": [[[[-72.48327255499999, 44.20364864900006], [-72.48379577499998, 44.20329702500004], [-72.48454516199996, 44.203709297000046], [-72.48449354399997, 44.203745852000054], [-72.48444309799999, 44.20378170400005], [-72.48439265299999, 44.203817134000076], [-72.48434220799999, 44.203852564000044], [-72.48429176299999, 44.203888136000046], [-72.48424053499997, 44.20392426900003], [-72.48418852599997, 44.20396124600006], [-72.48413495099999, 44.20399920600005], [-72.48408059499997, 44.20403801100008], [-72.48402545599998, 44.20407737800008], [-72.48401294299998, 44.20408623600008], [-72.48391755999995, 44.20402969100007], [-72.48327255499999, 44.20364864900006]]]]}}, {"type": "Feature", "properties": {"OBJECTID": 195343, "SPAN": "039-012-11138", "GLIST_SPAN": "039-012-11138", "MAPID": "009/114.32", "PARCID": "009/114.32", "PROPTYPE": "PARCEL", "YEAR": 2022, "GLYEAR": 2022, "TOWN": "BARRE TOWN", "TNAME": "Barre Town", "SOURCENAME": null, "SOURCETYPE": "UNKNOWN", "SOURCEDATE": "UNKNOWN", "EDITMETHOD": "UNKNOWN", "EDITOR": "UNKNOWN", "EDITDATE": "UNKNOWN", "MATCHSTAT": "MATCH", "EDITNOTE": "UNKNOWN", "OWNER1": "BRULEIGH CASSANDRA M & RYAN C", "OWNER2": "", "ADDRGL1": "C/O AUSTIN STEVEN E & GINA", "ADDRGL2": "22 COUNTRYSIDE CIRCLE", "CITYGL": "BARRE", "STGL": "VT", "ZIPGL": "05641", "DESCPROP": "HSE & LOT (.60 ACRES)", "LOCAPROP": "", "CAT": "Residential-1", "RESCODE": "T", "ACRESGL": 0.6, "REAL_FLV": 366910, "HSTED_FLV": 0, "NRES_FLV": 366910, "LAND_LV": 49500, "IMPRV_LV": 317410, "EQUIPVAL": 0, "EQUIPCODE": "", "INVENVAL": 0, "HSDECL": "N", "HSITEVAL": 366910, "VETEXAMT": 0, "EXPDESC": "", "ENDDATE": "", "STATUTE": "", "EXAMT_HS": 0, "EXAMT_NR": 0, "UVREDUC_HS": 0, "UVREDUC_NR": 0, "GLVAL_HS": 0.0, "GLVAL_NR": 3669.1, "CRHOUSPCT": 0.0, "MUNGL1PCT": 3669.1, "AOEGL_HS": 0.0, "AOEGL_NR": 3669.1, "E911ADDR": "22 COUNTRYSIDE CIRCLE", "SHAPE_Length": 0.0022195948354697052, "SHAPE_Area": 2.722104000866035e-07}, "geometry": {"type": "MultiPolygon", "coordinates": [[[[-72.48041630999995, 44.20299809200003], [-72.48057007599994, 44.20265345100006], [-72.48128627199998, 44.20283370900006], [-72.48111374399997, 44.203176521000046], [-72.48041630999995, 44.20299809200003]]]]}}, {"type": "Feature", "properties": {"OBJECTID": 195345, "SPAN": "039-012-11139", "GLIST_SPAN": "039-012-11139", "MAPID": "009/114.33", "PARCID": "009/114.33", "PROPTYPE": "PARCEL", "YEAR": 2022, "GLYEAR": 2022, "TOWN": "BARRE TOWN", "TNAME": "Barre Town", "SOURCENAME": null, "SOURCETYPE": "UNKNOWN", "SOURCEDATE": "UNKNOWN", "EDITMETHOD": "UNKNOWN", "EDITOR": "UNKNOWN", "EDITDATE": "UNKNOWN", "MATCHSTAT": "MATCH", "EDITNOTE": "UNKNOWN", "OWNER1": "PREDDY JOSEPH P & LUANN", "OWNER2": "", "ADDRGL1": "26 COUNTRYSIDE CIRCLE", "ADDRGL2": "", "CITYGL": "BARRE", "STGL": "VT", "ZIPGL": "05641", "DESCPROP": "HSE & LOT (.48 ACRES)", "LOCAPROP": "", "CAT": "Residential-1", "RESCODE": "T", "ACRESGL": 0.48, "REAL_FLV": 333760, "HSTED_FLV": 333760, "NRES_FLV": 0, "LAND_LV": 49500, "IMPRV_LV": 284260, "EQUIPVAL": 0, "EQUIPCODE": "", "INVENVAL": 0, "HSDECL": "Y", "HSITEVAL": 333760, "VETEXAMT": 0, "EXPDESC": "", "ENDDATE": "", "STATUTE": "", "EXAMT_HS": 0, "EXAMT_NR": 0, "UVREDUC_HS": 0, "UVREDUC_NR": 0, "GLVAL_HS": 3338.0, "GLVAL_NR": 0.0, "CRHOUSPCT": 0.0, "MUNGL1PCT": 3337.6, "AOEGL_HS": 3338.0, "AOEGL_NR": 0.0, "E911ADDR": "26 COUNTRYSIDE CIRCLE", "SHAPE_Length": 0.0020811636892419908, "SHAPE_Area": 2.2895060822649953e-07}, "geometry": {"type": "MultiPolygon", "coordinates": [[[[-72.48028289099994, 44.20329661400007], [-72.48041630999995, 44.20299809200003], [-72.48111374399997, 44.203176521000046], [-72.48111022399996, 44.20318327000007], [-72.48097642399995, 44.203455355000074], [-72.48096938199996, 44.20346927500003], [-72.48028289099994, 44.20329661400007]]]]}}, {"type": "Feature", "properties": {"OBJECTID": 195699, "SPAN": "039-012-10308", "GLIST_SPAN": "039-012-10308", "MAPID": "037/066.00", "PARCID": "037/066.00", "PROPTYPE": "PARCEL", "YEAR": 2022, "GLYEAR": 2022, "TOWN": "BARRE TOWN", "TNAME": "Barre Town", "SOURCENAME": null, "SOURCETYPE": "UNKNOWN", "SOURCEDATE": "UNKNOWN", "EDITMETHOD": "UNKNOWN", "EDITOR": "UNKNOWN", "EDITDATE": "UNKNOWN", "MATCHSTAT": "MATCH", "EDITNOTE": "UNKNOWN", "OWNER1": "BEAUDIN TERESA D", "OWNER2": "", "ADDRGL1": "318 CAMP ST", "ADDRGL2": "", "CITYGL": "BARRE", "STGL": "VT", "ZIPGL": "05641-3250", "DESCPROP": "HSE & 2.07 ACRES", "LOCAPROP": "", "CAT": "Residential-1", "RESCODE": "T", "ACRESGL": 2.07, "REAL_FLV": 235350, "HSTED_FLV": 235350, "NRES_FLV": 0, "LAND_LV": 45280, "IMPRV_LV": 190070, "EQUIPVAL": 0, "EQUIPCODE": "", "INVENVAL": 0, "HSDECL": "Y", "HSITEVAL": 235070, "VETEXAMT": 0, "EXPDESC": "", "ENDDATE": "", "STATUTE": "", "EXAMT_HS": 0, "EXAMT_NR": 0, "UVREDUC_HS": 0, "UVREDUC_NR": 0, "GLVAL_HS": 2354.0, "GLVAL_NR": 0.0, "CRHOUSPCT": 0.0, "MUNGL1PCT": 2353.5, "AOEGL_HS": 2354.0, "AOEGL_NR": 0.0, "E911ADDR": "318 CAMP ST", "SHAPE_Length": 0.00520635431516412, "SHAPE_Area": 1.000036217543442e-06}, "geometry": {"type": "MultiPolygon", "coordinates": [[[[-72.48372233699996, 44.204486831000054], [-72.48375948699999, 44.20446011800004], [-72.48498032799995, 44.205207277000056], [-72.48546194799997, 44.205503633000035], [-72.48528630599998, 44.20585812300004], [-72.48524796999999, 44.205934898000066], [-72.48497979399997, 44.205767380000054], [-72.48335708399998, 44.20476029100007], [-72.48337585599995, 44.20474538800005], [-72.48341183399998, 44.20471698700004], [-72.48344976699997, 44.20468774200003], [-72.48349004699998, 44.20465737400008], [-72.48353228199994, 44.20462574000004], [-72.48357725299996, 44.204592699000045], [-72.48362378999997, 44.20455853500005], [-72.48367228099994, 44.20452310500008], [-72.48372233699996, 44.204486831000054]]]]}}, {"type": "Feature", "properties": {"OBJECTID": 195881, "SPAN": "039-012-10461", "GLIST_SPAN": "039-012-10461", "MAPID": "037/079.00", "PARCID": "037/079.00", "PROPTYPE": "PARCEL", "YEAR": 2022, "GLYEAR": 2022, "TOWN": "BARRE TOWN", "TNAME": "Barre Town", "SOURCENAME": null, "SOURCETYPE": "UNKNOWN", "SOURCEDATE": "UNKNOWN", "EDITMETHOD": "UNKNOWN", "EDITOR": "UNKNOWN", "EDITDATE": "UNKNOWN", "MATCHSTAT": "MATCH", "EDITNOTE": "UNKNOWN", "OWNER1": "BONAMICO PIERO A ET AL TRUST", "OWNER2": "", "ADDRGL1": "341 CAMP ST", "ADDRGL2": "", "CITYGL": "BARRE", "STGL": "VT", "ZIPGL": "05641", "DESCPROP": "HSE & 2.0 ACRES", "LOCAPROP": "", "CAT": "Residential-1", "RESCODE": "T", "ACRESGL": 2.0, "REAL_FLV": 356730, "HSTED_FLV": 0, "NRES_FLV": 356730, "LAND_LV": 47720, "IMPRV_LV": 309010, "EQUIPVAL": 0, "EQUIPCODE": "", "INVENVAL": 0, "HSDECL": "N", "HSITEVAL": 356730, "VETEXAMT": 0, "EXPDESC": "", "ENDDATE": "", "STATUTE": "", "EXAMT_HS": 0, "EXAMT_NR": 0, "UVREDUC_HS": 0, "UVREDUC_NR": 0, "GLVAL_HS": 0.0, "GLVAL_NR": 3567.3, "CRHOUSPCT": 0.0, "MUNGL1PCT": 3567.3, "AOEGL_HS": 0.0, "AOEGL_NR": 3567.3, "E911ADDR": "341 CAMP ST", "SHAPE_Length": 0.006063907361993586, "SHAPE_Area": 9.62255448623564e-07}, "geometry": {"type": "MultiPolygon", "coordinates": [[[[-72.48151276799996, 44.20493297500008], [-72.48200788299994, 44.204505839000035], [-72.48213063999998, 44.20453904500005], [-72.48218183599994, 44.204617522000035], [-72.48178840599996, 44.20495130000006], [-72.48164220199999, 44.20487379300005], [-72.48127066699993, 44.20519646300005], [-72.48215493099997, 44.20567078700003], [-72.48213107299995, 44.205693987000075], [-72.48207240799996, 44.205750368000054], [-72.48201530699998, 44.205805905000034], [-72.48196016099996, 44.20585975500006], [-72.48190618899997, 44.205912340000054], [-72.48185377999994, 44.205963659000076], [-72.48180254499994, 44.20601385300006], [-72.48175209199997, 44.206063064000034], [-72.48170242099997, 44.20611171100006], [-72.48165275099996, 44.20615965700006], [-72.48161715899994, 44.206193822000046], [-72.48073045799998, 44.20598766200004], [-72.48090221899997, 44.20562825700006], [-72.48108571399996, 44.20524663600003], [-72.48151276799996, 44.20493297500008]]]]}}, {"type": "Feature", "properties": {"OBJECTID": 196152, "SPAN": "039-012-10640", "GLIST_SPAN": "039-012-10640", "MAPID": "037/064.00", "PARCID": "037/064.00", "PROPTYPE": "PARCEL", "YEAR": 2022, "GLYEAR": 2022, "TOWN": "BARRE TOWN", "TNAME": "Barre Town", "SOURCENAME": null, "SOURCETYPE": "UNKNOWN", "SOURCEDATE": "UNKNOWN", "EDITMETHOD": "UNKNOWN", "EDITOR": "UNKNOWN", "EDITDATE": "UNKNOWN", "MATCHSTAT": "MATCH", "EDITNOTE": "UNKNOWN", "OWNER1": "TROMBLEY JASON & LYFORD KELSEY", "OWNER2": "", "ADDRGL1": "300 CAMP ST", "ADDRGL2": "", "CITYGL": "BARRE", "STGL": "VT", "ZIPGL": "05641", "DESCPROP": "HSE & 1.21 ACRES", "LOCAPROP": "", "CAT": "Residential-1", "RESCODE": "T", "ACRESGL": 1.21, "REAL_FLV": 247410, "HSTED_FLV": 247410, "NRES_FLV": 0, "LAND_LV": 45000, "IMPRV_LV": 202410, "EQUIPVAL": 0, "EQUIPCODE": "", "INVENVAL": 0, "HSDECL": "Y", "HSITEVAL": 247410, "VETEXAMT": 0, "EXPDESC": "", "ENDDATE": "", "STATUTE": "", "EXAMT_HS": 0, "EXAMT_NR": 0, "UVREDUC_HS": 0, "UVREDUC_NR": 0, "GLVAL_HS": 2474.0, "GLVAL_NR": 0.0, "CRHOUSPCT": 0.0, "MUNGL1PCT": 2474.1, "AOEGL_HS": 2474.0, "AOEGL_NR": 0.0, "E911ADDR": "300 CAMP ST", "SHAPE_Length": 0.0037904888033781373, "SHAPE_Area": 5.74313015099662e-07}, "geometry": {"type": "MultiPolygon", "coordinates": [[[[-72.48478521599998, 44.20372929700005], [-72.48481806399997, 44.203705537000076], [-72.48544038499995, 44.20415716000008], [-72.48594895999997, 44.20451932900005], [-72.48578701499997, 44.20484696200003], [-72.48446220999995, 44.20395818900005], [-72.48447433199993, 44.20394961300008], [-72.48452477799998, 44.20391418300005], [-72.48457522199993, 44.20387861200004], [-72.48462605899994, 44.203842619000056], [-72.48467767699998, 44.20380592300006], [-72.48473085899997, 44.203768102000026], [-72.48478521599998, 44.20372929700005]]]]}}, {"type": "Feature", "properties": {"OBJECTID": 196163, "SPAN": "039-012-10647", "GLIST_SPAN": "039-012-10647", "MAPID": "037/090.00", "PARCID": "037/090.00", "PROPTYPE": "PARCEL", "YEAR": 2022, "GLYEAR": 2022, "TOWN": "BARRE TOWN", "TNAME": "Barre Town", "SOURCENAME": null, "SOURCETYPE": "UNKNOWN", "SOURCEDATE": "UNKNOWN", "EDITMETHOD": "UNKNOWN", "EDITOR": "UNKNOWN", "EDITDATE": "UNKNOWN", "MATCHSTAT": "MATCH", "EDITNOTE": "UNKNOWN", "OWNER1": "CAMPBELL ALEXANDER R & DIANE G", "OWNER2": "", "ADDRGL1": "2 SCENIC VIEW DR", "ADDRGL2": "", "CITYGL": "BARRE", "STGL": "VT", "ZIPGL": "05641-8307", "DESCPROP": "HSE & LOT (.27 ACRES)", "LOCAPROP": "", "CAT": "Residential-1", "RESCODE": "T", "ACRESGL": 0.27, "REAL_FLV": 227770, "HSTED_FLV": 227770, "NRES_FLV": 0, "LAND_LV": 45000, "IMPRV_LV": 182770, "EQUIPVAL": 0, "EQUIPCODE": "", "INVENVAL": 0, "HSDECL": "Y", "HSITEVAL": 227770, "VETEXAMT": 40000, "EXPDESC": "", "ENDDATE": "", "STATUTE": "", "EXAMT_HS": 0, "EXAMT_NR": 0, "UVREDUC_HS": 0, "UVREDUC_NR": 0, "GLVAL_HS": 1878.0, "GLVAL_NR": 0.0, "CRHOUSPCT": 0.0, "MUNGL1PCT": 1877.7, "AOEGL_HS": 2178.0, "AOEGL_NR": 0.0, "E911ADDR": "2 SCENIC VIEW DR", "SHAPE_Length": 0.0014405135438536954, "SHAPE_Area": 1.2836115571984947e-07}, "geometry": {"type": "MultiPolygon", "coordinates": [[[[-72.48158747399998, 44.20358651600003], [-72.48159764499997, 44.20356879900004], [-72.48195535999997, 44.20365702700008], [-72.48190959599998, 44.20372072300006], [-72.48180551599995, 44.20398128100004], [-72.48177072299995, 44.20397269800003], [-72.48161473399995, 44.20393400100005], [-72.48145991999996, 44.203895586000044], [-72.48146227099994, 44.20387927400003], [-72.48146501199994, 44.20386563400007], [-72.48146814499995, 44.20385171300006], [-72.48147166699994, 44.20383765100007], [-72.48147558099998, 44.20382344800004], [-72.48147988699998, 44.203809387000035], [-72.48148458299994, 44.203795607000075], [-72.48148927899996, 44.203781967000054], [-72.48149436499995, 44.20376888900006], [-72.48149945199998, 44.20375623500007], [-72.48150453799997, 44.20374357900005], [-72.48151040799996, 44.20373064200004], [-72.48151666799998, 44.20371714300006], [-72.48152370999998, 44.20370308200006], [-72.48153153399994, 44.20368775600008], [-72.48154053099995, 44.20367130500006], [-72.48155031099998, 44.203653306000035], [-72.48156126499998, 44.203633480000065], [-72.48157339099998, 44.20361140400007], [-72.48158747399998, 44.20358651600003]]]]}}, {"type": "Feature", "properties": {"OBJECTID": 196382, "SPAN": "039-012-10889", "GLIST_SPAN": "039-012-10889", "MAPID": "037/099.00", "PARCID": "037/099.00", "PROPTYPE": "PARCEL", "YEAR": 2022, "GLYEAR": 2022, "TOWN": "BARRE TOWN", "TNAME": "Barre Town", "SOURCENAME": null, "SOURCETYPE": "UNKNOWN", "SOURCEDATE": "UNKNOWN", "EDITMETHOD": "UNKNOWN", "EDITOR": "UNKNOWN", "EDITDATE": "UNKNOWN", "MATCHSTAT": "MATCH", "EDITNOTE": "UNKNOWN", "OWNER1": "WIBLE JASMINE & GIANPAOLO B", "OWNER2": "", "ADDRGL1": "43 SCENIC VIEW DR", "ADDRGL2": "", "CITYGL": "BARRE", "STGL": "VT", "ZIPGL": "05641", "DESCPROP": "HSE & LOT (.29 ACRES)", "LOCAPROP": "", "CAT": "Residential-1", "RESCODE": "T", "ACRESGL": 0.29, "REAL_FLV": 312170, "HSTED_FLV": 312170, "NRES_FLV": 0, "LAND_LV": 45000, "IMPRV_LV": 267170, "EQUIPVAL": 0, "EQUIPCODE": "", "INVENVAL": 0, "HSDECL": "Y", "HSITEVAL": 312170, "VETEXAMT": 0, "EXPDESC": "", "ENDDATE": "", "STATUTE": "", "EXAMT_HS": 0, "EXAMT_NR": 0, "UVREDUC_HS": 0, "UVREDUC_NR": 0, "GLVAL_HS": 3122.0, "GLVAL_NR": 0.0, "CRHOUSPCT": 0.0, "MUNGL1PCT": 3121.7, "AOEGL_HS": 3122.0, "AOEGL_NR": 0.0, "E911ADDR": "43 SCENIC VIEW DR", "SHAPE_Length": 0.0014223763318872698, "SHAPE_Area": 1.200460700632928e-07}, "geometry": {"type": "MultiPolygon", "coordinates": [[[[-72.48268611199995, 44.20358387500005], [-72.48270253999993, 44.20356166000005], [-72.48302427799996, 44.20368025300007], [-72.48280368899998, 44.20395359200006], [-72.48279351899998, 44.20396638700004], [-72.48278999699994, 44.203978059000065], [-72.48248350499995, 44.203862419000075], [-72.48249093799996, 44.20385103000007], [-72.48250462699997, 44.20383078200007], [-72.48251870799999, 44.20381081700003], [-72.48253318099995, 44.203790850000075], [-72.48254765199994, 44.20377088400005], [-72.48256290699999, 44.203750495000065], [-72.48257855199995, 44.20372940400006], [-72.48259497999999, 44.20370747000004], [-72.48261218899995, 44.20368455000005], [-72.48263018099993, 44.20366050600006], [-72.48264856399999, 44.20363547900007], [-72.48266733799994, 44.20360988700003], [-72.48268611199995, 44.20358387500005]]]]}}, {"type": "Feature", "properties": {"OBJECTID": 196410, "SPAN": "039-012-10919", "GLIST_SPAN": "039-012-10919", "MAPID": "037/083.00", "PARCID": "037/083.00", "PROPTYPE": "PARCEL", "YEAR": 2022, "GLYEAR": 2022, "TOWN": "BARRE TOWN", "TNAME": "Barre Town", "SOURCENAME": null, "SOURCETYPE": "UNKNOWN", "SOURCEDATE": "UNKNOWN", "EDITMETHOD": "UNKNOWN", "EDITOR": "UNKNOWN", "EDITDATE": "UNKNOWN", "MATCHSTAT": "MATCH", "EDITNOTE": "UNKNOWN", "OWNER1": "COUTURE ROGER A LE", "OWNER2": "COUTURE RICHARD A ET AL", "ADDRGL1": "9 SESAME ST", "ADDRGL2": "", "CITYGL": "BARRE", "STGL": "VT", "ZIPGL": "05641-8311", "DESCPROP": "HSE & LOT (.36 ACRES)", "LOCAPROP": "", "CAT": "Residential-1", "RESCODE": "T", "ACRESGL": 0.36, "REAL_FLV": 196910, "HSTED_FLV": 196910, "NRES_FLV": 0, "LAND_LV": 45000, "IMPRV_LV": 151910, "EQUIPVAL": 0, "EQUIPCODE": "", "INVENVAL": 0, "HSDECL": "Y", "HSITEVAL": 196910, "VETEXAMT": 0, "EXPDESC": "", "ENDDATE": "", "STATUTE": "", "EXAMT_HS": 0, "EXAMT_NR": 0, "UVREDUC_HS": 0, "UVREDUC_NR": 0, "GLVAL_HS": 1969.0, "GLVAL_NR": 0.0, "CRHOUSPCT": 0.0, "MUNGL1PCT": 1969.1, "AOEGL_HS": 1969.0, "AOEGL_NR": 0.0, "E911ADDR": "9 SESAME ST", "SHAPE_Length": 0.0017158497979402343, "SHAPE_Area": 1.717386116215293e-07}, "geometry": {"type": "MultiPolygon", "coordinates": [[[[-72.48197426199994, 44.20449303800007], [-72.48212526699996, 44.20420661000003], [-72.48215966999999, 44.204216460000055], [-72.48218938199994, 44.20422546400005], [-72.48221479399996, 44.204233765000026], [-72.48223746799994, 44.20424136200006], [-72.48225740499998, 44.204248678000056], [-72.48227577999995, 44.20425571200008], [-72.48229337099997, 44.20426274600004], [-72.48230978999999, 44.20426978000006], [-72.48232581899998, 44.204276813000035], [-72.48234067399994, 44.20428370600007], [-72.48235552899996, 44.20429088000003], [-72.48236999199997, 44.204298195000035], [-72.48238406499996, 44.20430565000004], [-72.48239852999995, 44.20431338600008], [-72.48241299299997, 44.20432140400004], [-72.48242784799999, 44.20432984400003], [-72.48244348399999, 44.20433856500006], [-72.48245912099998, 44.204347848000054], [-72.48247593099995, 44.204357413000025], [-72.48249313099996, 44.20436754100007], [-72.48251150299996, 44.204378090000034], [-72.48253065799997, 44.20438920300006], [-72.48255098599998, 44.20440073700007], [-72.48257287699994, 44.20441283400004], [-72.48259593999995, 44.204425635000064], [-72.48262095899997, 44.20443899700007], [-72.48263346899995, 44.204445468000074], [-72.48233155499997, 44.20470501200003], [-72.48218183599994, 44.204617522000035], [-72.48213063999998, 44.20453904500005], [-72.48200788299994, 44.204505839000035], [-72.48197426199994, 44.20449303800007]]]]}}, {"type": "Feature", "properties": {"OBJECTID": 196434, "SPAN": "039-012-10944", "GLIST_SPAN": "039-012-10944", "MAPID": "037/085.00", "PARCID": "037/085.00", "PROPTYPE": "PARCEL", "YEAR": 2022, "GLYEAR": 2022, "TOWN": "BARRE TOWN", "TNAME": "Barre Town", "SOURCENAME": null, "SOURCETYPE": "UNKNOWN", "SOURCEDATE": "UNKNOWN", "EDITMETHOD": "UNKNOWN", "EDITOR": "UNKNOWN", "EDITDATE": "UNKNOWN", "MATCHSTAT": "MATCH", "EDITNOTE": "UNKNOWN", "OWNER1": "CROSBY SUSAN MARIE", "OWNER2": "", "ADDRGL1": "38 SCENIC VIEW DR", "ADDRGL2": "", "CITYGL": "BARRE", "STGL": "VT", "ZIPGL": "05641-8307", "DESCPROP": "HSE & LOT (.31 ACRES)", "LOCAPROP": "", "CAT": "Residential-1", "RESCODE": "T", "ACRESGL": 0.31, "REAL_FLV": 163630, "HSTED_FLV": 163630, "NRES_FLV": 0, "LAND_LV": 45000, "IMPRV_LV": 118630, "EQUIPVAL": 0, "EQUIPCODE": "", "INVENVAL": 0, "HSDECL": "Y", "HSITEVAL": 163630, "VETEXAMT": 0, "EXPDESC": "", "ENDDATE": "", "STATUTE": "", "EXAMT_HS": 0, "EXAMT_NR": 0, "UVREDUC_HS": 0, "UVREDUC_NR": 0, "GLVAL_HS": 1636.0, "GLVAL_NR": 0.0, "CRHOUSPCT": 0.0, "MUNGL1PCT": 1636.3, "AOEGL_HS": 1636.0, "AOEGL_NR": 0.0, "E911ADDR": "38 SCENIC VIEW DR", "SHAPE_Length": 0.00151533024193874, "SHAPE_Area": 1.389195758846482e-07}, "geometry": {"type": "MultiPolygon", "coordinates": [[[[-72.48190959599998, 44.20372072300006], [-72.48195535999997, 44.20365702700008], [-72.48234786999996, 44.20375271200004], [-72.48233574399995, 44.20377042900003], [-72.48232048999995, 44.20379250500008], [-72.48230562599997, 44.203815846000055], [-72.48228958699997, 44.20384143700005], [-72.48227315799994, 44.20387068400004], [-72.48225555399995, 44.203904290000025], [-72.48223677599998, 44.20394352200003], [-72.48221603899998, 44.20398964300006], [-72.48219334599997, 44.204043779000074], [-72.48218043499998, 44.204076402000055], [-72.48215189499996, 44.204068523000046], [-72.48210419999998, 44.20405585900005], [-72.48204907699994, 44.20404178800004], [-72.48198026999995, 44.20402462100003], [-72.48188996099998, 44.20400224700006], [-72.48180551599995, 44.20398128100004], [-72.48190959599998, 44.20372072300006]]]]}}, {"type": "Feature", "properties": {"OBJECTID": 196435, "SPAN": "039-012-10945", "GLIST_SPAN": "039-012-10945", "MAPID": "037/075.00", "PARCID": "037/075.00", "PROPTYPE": "PARCEL", "YEAR": 2022, "GLYEAR": 2022, "TOWN": "BARRE TOWN", "TNAME": "Barre Town", "SOURCENAME": null, "SOURCETYPE": "UNKNOWN", "SOURCEDATE": "UNKNOWN", "EDITMETHOD": "UNKNOWN", "EDITOR": "UNKNOWN", "EDITDATE": "UNKNOWN", "MATCHSTAT": "MATCH", "EDITNOTE": "UNKNOWN", "OWNER1": "SALLS EDWARD H & BOBBY JO H", "OWNER2": "", "ADDRGL1": "36 LISA DR", "ADDRGL2": "", "CITYGL": "BARRE", "STGL": "VT", "ZIPGL": "05641-8317", "DESCPROP": "HSE & LOT (.80 ACRES)", "LOCAPROP": "", "CAT": "Residential-1", "RESCODE": "T", "ACRESGL": 0.8, "REAL_FLV": 216280, "HSTED_FLV": 216280, "NRES_FLV": 0, "LAND_LV": 45000, "IMPRV_LV": 171280, "EQUIPVAL": 0, "EQUIPCODE": "", "INVENVAL": 0, "HSDECL": "Y", "HSITEVAL": 216280, "VETEXAMT": 0, "EXPDESC": "", "ENDDATE": "", "STATUTE": "", "EXAMT_HS": 0, "EXAMT_NR": 0, "UVREDUC_HS": 0, "UVREDUC_NR": 0, "GLVAL_HS": 2163.0, "GLVAL_NR": 0.0, "CRHOUSPCT": 0.0, "MUNGL1PCT": 2162.8, "AOEGL_HS": 2163.0, "AOEGL_NR": 0.0, "E911ADDR": "36 LISA DR", "SHAPE_Length": 0.0027531305085018998, "SHAPE_Area": 3.702454684067089e-07}, "geometry": {"type": "MultiPolygon", "coordinates": [[[[-72.48114074099993, 44.20434117000008], [-72.48116930299994, 44.204278878000025], [-72.48153131899994, 44.204375827000035], [-72.48197426199994, 44.20449303800007], [-72.48200788299994, 44.204505839000035], [-72.48151276799996, 44.20493297500008], [-72.48096504599994, 44.20479282400004], [-72.48109649799994, 44.204538598000056], [-72.48111917599994, 44.20453508600008], [-72.48114693699995, 44.20452721600003], [-72.48117039999994, 44.20451414100006], [-72.48119073599997, 44.204500504000066], [-72.48120246999997, 44.20448419400003], [-72.48121029499998, 44.204469008000046], [-72.48121968299995, 44.20445326000004], [-72.48122203799994, 44.20442583800008], [-72.48121774299995, 44.20440727500005], [-72.48121110099999, 44.20439250900006], [-72.48120054899994, 44.20437858500003], [-72.48117944299997, 44.20435959800005], [-72.48115989699994, 44.20434918800004], [-72.48114074099993, 44.20434117000008]]]]}}, {"type": "Feature", "properties": {"OBJECTID": 196498, "SPAN": "039-012-13673", "GLIST_SPAN": "039-012-13673", "MAPID": "037/074.00", "PARCID": "037/074.00", "PROPTYPE": "PARCEL", "YEAR": 2022, "GLYEAR": 2022, "TOWN": "BARRE TOWN", "TNAME": "Barre Town", "SOURCENAME": null, "SOURCETYPE": "UNKNOWN", "SOURCEDATE": "UNKNOWN", "EDITMETHOD": "UNKNOWN", "EDITOR": "UNKNOWN", "EDITDATE": "UNKNOWN", "MATCHSTAT": "MATCH", "EDITNOTE": "UNKNOWN", "OWNER1": "EDMUNDS KYLE", "OWNER2": "", "ADDRGL1": "39 LISA DR", "ADDRGL2": "", "CITYGL": "BARRE", "STGL": "VT", "ZIPGL": "05641", "DESCPROP": "HSE & LOT (.32 ACRES)", "LOCAPROP": "", "CAT": "Residential-1", "RESCODE": "T", "ACRESGL": 0.32, "REAL_FLV": 220210, "HSTED_FLV": 220210, "NRES_FLV": 0, "LAND_LV": 45000, "IMPRV_LV": 175210, "EQUIPVAL": 0, "EQUIPCODE": "", "INVENVAL": 0, "HSDECL": "Y", "HSITEVAL": 220210, "VETEXAMT": 0, "EXPDESC": "", "ENDDATE": "", "STATUTE": "", "EXAMT_HS": 0, "EXAMT_NR": 0, "UVREDUC_HS": 0, "UVREDUC_NR": 0, "GLVAL_HS": 2202.0, "GLVAL_NR": 0.0, "CRHOUSPCT": 0.0, "MUNGL1PCT": 2202.1, "AOEGL_HS": 2202.0, "AOEGL_NR": 0.0, "E911ADDR": "39 LISA DR", "SHAPE_Length": 0.0015851676023847252, "SHAPE_Area": 1.5087015311829585e-07}, "geometry": {"type": "MultiPolygon", "coordinates": [[[[-72.48047681599996, 44.204470713000035], [-72.48064348299994, 44.20413465100006], [-72.48099924099995, 44.204232725000054], [-72.48103481799996, 44.20424271600007], [-72.48104654599996, 44.20424567100008], [-72.48099099299998, 44.20435323800007], [-72.48098923199996, 44.20435562900008], [-72.48098258399995, 44.20436026900006], [-72.48097573999996, 44.20436596300004], [-72.48097104699997, 44.20437053200004], [-72.48096791799998, 44.20437376600006], [-72.48096517999994, 44.20437714000008], [-72.48096244199996, 44.204380796000066], [-72.48095970399999, 44.204384452000056], [-72.48095735699997, 44.20438824900003], [-72.48095461799994, 44.20439232600006], [-72.48095227099998, 44.204396263000035], [-72.48094992399996, 44.20440048100005], [-72.48094757699994, 44.204404700000055], [-72.48094522999997, 44.20440891800007], [-72.48094288199997, 44.20441327700007], [-72.48094053499995, 44.20441819800004], [-72.48093818699994, 44.20442424500004], [-72.48093466599994, 44.20443197800006], [-72.48093075299994, 44.20444196200003], [-72.48092566599996, 44.20445447600008], [-72.48091940499995, 44.20447050700005], [-72.48088770899994, 44.20455332900008], [-72.48087362499996, 44.20458060800007], [-72.48047681599996, 44.204470713000035]]]]}}, {"type": "Feature", "properties": {"OBJECTID": 196636, "SPAN": "039-012-13956", "GLIST_SPAN": "039-012-13956", "MAPID": "037/077.00", "PARCID": "037/077.00", "PROPTYPE": "PARCEL", "YEAR": 2022, "GLYEAR": 2022, "TOWN": "BARRE TOWN", "TNAME": "Barre Town", "SOURCENAME": null, "SOURCETYPE": "UNKNOWN", "SOURCEDATE": "UNKNOWN", "EDITMETHOD": "UNKNOWN", "EDITOR": "UNKNOWN", "EDITDATE": "UNKNOWN", "MATCHSTAT": "MATCH", "EDITNOTE": "UNKNOWN", "OWNER1": "FUNDIS KATHRYN L", "OWNER2": "MELKONIAN DAVID A", "ADDRGL1": "24 LISA DR", "ADDRGL2": "", "CITYGL": "BARRE", "STGL": "VT", "ZIPGL": "05641", "DESCPROP": "MHL & LOT (.33 ACRES)", "LOCAPROP": "", "CAT": "Mobile Home/la", "RESCODE": "T", "ACRESGL": 0.33, "REAL_FLV": 171370, "HSTED_FLV": 171370, "NRES_FLV": 0, "LAND_LV": 45000, "IMPRV_LV": 126370, "EQUIPVAL": 0, "EQUIPCODE": "", "INVENVAL": 0, "HSDECL": "Y", "HSITEVAL": 171370, "VETEXAMT": 0, "EXPDESC": "", "ENDDATE": "", "STATUTE": "", "EXAMT_HS": 0, "EXAMT_NR": 0, "UVREDUC_HS": 0, "UVREDUC_NR": 0, "GLVAL_HS": 1714.0, "GLVAL_NR": 0.0, "CRHOUSPCT": 0.0, "MUNGL1PCT": 1713.7, "AOEGL_HS": 1714.0, "AOEGL_NR": 0.0, "E911ADDR": "24 LISA DR", "SHAPE_Length": 0.0015035297625544848, "SHAPE_Area": 1.3633773506901053e-07}, "geometry": {"type": "MultiPolygon", "coordinates": [[[[-72.48057929299995, 44.20553904800005], [-72.48077295299998, 44.20516446000005], [-72.48108571399996, 44.20524663600003], [-72.48090221899997, 44.20562825700006], [-72.48057929299995, 44.20553904800005]]]]}}, {"type": "Feature", "properties": {"OBJECTID": 196656, "SPAN": "039-012-14041", "GLIST_SPAN": "039-012-14041", "MAPID": "037/092.00", "PARCID": "037/092.00", "PROPTYPE": "PARCEL", "YEAR": 2022, "GLYEAR": 2022, "TOWN": "BARRE TOWN", "TNAME": "Barre Town", "SOURCENAME": null, "SOURCETYPE": "UNKNOWN", "SOURCEDATE": "UNKNOWN", "EDITMETHOD": "UNKNOWN", "EDITOR": "UNKNOWN", "EDITDATE": "UNKNOWN", "MATCHSTAT": "MATCH", "EDITNOTE": "UNKNOWN", "OWNER1": "FOSTER JARON & MEGAN", "OWNER2": "", "ADDRGL1": "5 SCENIC VIEW DR", "ADDRGL2": "", "CITYGL": "BARRE", "STGL": "VT", "ZIPGL": "05641", "DESCPROP": "HSE & LOT (.31 ACRES)", "LOCAPROP": "", "CAT": "Residential-1", "RESCODE": "T", "ACRESGL": 0.31, "REAL_FLV": 269090, "HSTED_FLV": 269090, "NRES_FLV": 0, "LAND_LV": 45000, "IMPRV_LV": 224090, "EQUIPVAL": 0, "EQUIPCODE": "", "INVENVAL": 0, "HSDECL": "Y", "HSITEVAL": 269090, "VETEXAMT": 0, "EXPDESC": "", "ENDDATE": "", "STATUTE": "", "EXAMT_HS": 0, "EXAMT_NR": 0, "UVREDUC_HS": 0, "UVREDUC_NR": 0, "GLVAL_HS": 2691.0, "GLVAL_NR": 0.0, "CRHOUSPCT": 0.0, "MUNGL1PCT": 2690.9, "AOEGL_HS": 2691.0, "AOEGL_NR": 0.0, "E911ADDR": "5 SCENIC VIEW DR", "SHAPE_Length": 0.0014997011350014078, "SHAPE_Area": 1.3108370469915828e-07}, "geometry": {"type": "MultiPolygon", "coordinates": [[[[-72.48097642399995, 44.203455355000074], [-72.48111022399996, 44.20318327000007], [-72.48155276899996, 44.20329373200008], [-72.48154533599995, 44.20330624600007], [-72.48151756299995, 44.20335433500003], [-72.48149135299997, 44.20339890900004], [-72.48146827399995, 44.20343898300007], [-72.48144753999998, 44.20347483900008], [-72.48142915499994, 44.20350661600003], [-72.48141311599994, 44.20353502000006], [-72.48140059799994, 44.203557095000065], [-72.48097642399995, 44.203455355000074]]]]}}, {"type": "Feature", "properties": {"OBJECTID": 196754, "SPAN": "039-012-14249", "GLIST_SPAN": "039-012-14249", "MAPID": "037/062.00", "PARCID": "037/062.00", "PROPTYPE": "PARCEL", "YEAR": 2022, "GLYEAR": 2022, "TOWN": "BARRE TOWN", "TNAME": "Barre Town", "SOURCENAME": null, "SOURCETYPE": "UNKNOWN", "SOURCEDATE": "UNKNOWN", "EDITMETHOD": "UNKNOWN", "EDITOR": "UNKNOWN", "EDITDATE": "UNKNOWN", "MATCHSTAT": "MATCH", "EDITNOTE": "UNKNOWN", "OWNER1": "DOLE J LOVEJOY", "OWNER2": "", "ADDRGL1": "288 CAMP ST", "ADDRGL2": "", "CITYGL": "BARRE", "STGL": "VT", "ZIPGL": "05641", "DESCPROP": "HSE & LOT (.38 ACRES)", "LOCAPROP": "", "CAT": "Residential-1", "RESCODE": "T", "ACRESGL": 0.38, "REAL_FLV": 201470, "HSTED_FLV": 201470, "NRES_FLV": 0, "LAND_LV": 40000, "IMPRV_LV": 161470, "EQUIPVAL": 0, "EQUIPCODE": "", "INVENVAL": 0, "HSDECL": "Y", "HSITEVAL": 201470, "VETEXAMT": 0, "EXPDESC": "", "ENDDATE": "", "STATUTE": "", "EXAMT_HS": 0, "EXAMT_NR": 0, "UVREDUC_HS": 0, "UVREDUC_NR": 0, "GLVAL_HS": 2015.0, "GLVAL_NR": 0.0, "CRHOUSPCT": 0.0, "MUNGL1PCT": 2014.7, "AOEGL_HS": 2015.0, "AOEGL_NR": 0.0, "E911ADDR": "288 CAMP ST", "SHAPE_Length": 0.0022901558809215765, "SHAPE_Area": 1.741326024509333e-07}, "geometry": {"type": "MultiPolygon", "coordinates": [[[[-72.48561930999995, 44.20313273900007], [-72.48564433699994, 44.20311460200003], [-72.48637728399996, 44.20365398400003], [-72.48629865999999, 44.20381273800007], [-72.48548166399996, 44.20323073700007], [-72.48550199799996, 44.20321625500003], [-72.48556143599995, 44.20317407600004], [-72.48561930999995, 44.20313273900007]]]]}}, {"type": "Feature", "properties": {"OBJECTID": 196819, "SPAN": "039-012-12487", "GLIST_SPAN": "039-012-14428", "MAPID": "037/087.00", "PARCID": "900/500.00", "PROPTYPE": "PARCEL", "YEAR": 2022, "GLYEAR": 2022, "TOWN": "BARRE TOWN", "TNAME": "Barre Town", "SOURCENAME": null, "SOURCETYPE": "UNKNOWN", "SOURCEDATE": "UNKNOWN", "EDITMETHOD": "UNKNOWN", "EDITOR": "UNKNOWN", "EDITDATE": "UNKNOWN", "MATCHSTAT": "MATCH", "EDITNOTE": "UNKNOWN", "OWNER1": "BARRE DRAFTING & GRANITE SALES", "OWNER2": "C/O DANA MORISSETTE", "ADDRGL1": "28 SCENIC VIEW DR", "ADDRGL2": "", "CITYGL": "BARRE", "STGL": "VT", "ZIPGL": "05641", "DESCPROP": "MEMORIAL DRAFTING & DESIGN (37/87)", "LOCAPROP": "", "CAT": "", "RESCODE": "", "ACRESGL": 0.0, "REAL_FLV": 0, "HSTED_FLV": 0, "NRES_FLV": 0, "LAND_LV": 0, "IMPRV_LV": 0, "EQUIPVAL": 1500, "EQUIPCODE": "E", "INVENVAL": 0, "HSDECL": "N", "HSITEVAL": 0, "VETEXAMT": 0, "EXPDESC": "Grandfathered", "ENDDATE": "", "STATUTE": "", "EXAMT_HS": 0, "EXAMT_NR": 0, "UVREDUC_HS": 0, "UVREDUC_NR": 0, "GLVAL_HS": 0.0, "GLVAL_NR": 0.0, "CRHOUSPCT": 0.0, "MUNGL1PCT": 0.0, "AOEGL_HS": 0.0, "AOEGL_NR": 0.0, "E911ADDR": "28 SCENIC VIEW DR", "SHAPE_Length": 0.0016689580268672139, "SHAPE_Area": 1.652396537131895e-07}, "geometry": {"type": "MultiPolygon", "coordinates": [[[[-72.48223463599999, 44.203256012000054], [-72.48245289399995, 44.202935565000075], [-72.48277776699996, 44.20301197300006], [-72.48281334299998, 44.203020697000056], [-72.48284109899998, 44.20302787300005], [-72.48287081099994, 44.20303378300008], [-72.48261774999997, 44.20338657000008], [-72.48261305699998, 44.20339303800006], [-72.48260679899994, 44.20340119300005], [-72.48223463599999, 44.203256012000054]]]]}}, {"type": "Feature", "properties": {"OBJECTID": 196847, "SPAN": "039-012-12278", "GLIST_SPAN": "039-012-12278", "MAPID": "037/088.00", "PARCID": "037/088.00", "PROPTYPE": "PARCEL", "YEAR": 2022, "GLYEAR": 2022, "TOWN": "BARRE TOWN", "TNAME": "Barre Town", "SOURCENAME": null, "SOURCETYPE": "UNKNOWN", "SOURCEDATE": "UNKNOWN", "EDITMETHOD": "UNKNOWN", "EDITOR": "UNKNOWN", "EDITDATE": "UNKNOWN", "MATCHSTAT": "MATCH", "EDITNOTE": "UNKNOWN", "OWNER1": "MARINEAU MARK F & SHEILA LE", "OWNER2": "MABE KAREN ET AL", "ADDRGL1": "18 SCENIC VIEW DR", "ADDRGL2": "", "CITYGL": "BARRE", "STGL": "VT", "ZIPGL": "05641-8307", "DESCPROP": "HSE & LOT (.37 ACRES) INC.", "LOCAPROP": "", "CAT": "Residential-1", "RESCODE": "T", "ACRESGL": 0.37, "REAL_FLV": 321940, "HSTED_FLV": 243320, "NRES_FLV": 78620, "LAND_LV": 45000, "IMPRV_LV": 276940, "EQUIPVAL": 0, "EQUIPCODE": "", "INVENVAL": 0, "HSDECL": "Y", "HSITEVAL": 243320, "VETEXAMT": 0, "EXPDESC": "", "ENDDATE": "", "STATUTE": "", "EXAMT_HS": 0, "EXAMT_NR": 0, "UVREDUC_HS": 0, "UVREDUC_NR": 0, "GLVAL_HS": 2433.0, "GLVAL_NR": 786.2, "CRHOUSPCT": 0.0, "MUNGL1PCT": 3219.4, "AOEGL_HS": 2433.0, "AOEGL_NR": 786.2, "E911ADDR": "18 SCENIC VIEW DR", "SHAPE_Length": 0.0017236692024805284, "SHAPE_Area": 1.747309136172427e-07}, "geometry": {"type": "MultiPolygon", "coordinates": [[[[-72.48199312099996, 44.20290891500008], [-72.48203732099995, 44.20283945500006], [-72.48233209099999, 44.20290896800003], [-72.48245289399995, 44.202935565000075], [-72.48223463599999, 44.203256012000054], [-72.48219630599993, 44.20330536500006], [-72.48180301599996, 44.20321600700004], [-72.48180849199997, 44.20320686800005], [-72.48181866299996, 44.20318802600008], [-72.48183430999995, 44.20316257500008], [-72.48191449699993, 44.20303504300006], [-72.48192857999999, 44.20300959100007], [-72.48197708399994, 44.20293310000005], [-72.48199312099996, 44.20290891500008]]]]}}, {"type": "Feature", "properties": {"OBJECTID": 196866, "SPAN": "039-012-12730", "GLIST_SPAN": "039-012-12730", "MAPID": "037/101.00", "PARCID": "037/101.00", "PROPTYPE": "PARCEL", "YEAR": 2022, "GLYEAR": 2022, "TOWN": "BARRE TOWN", "TNAME": "Barre Town", "SOURCENAME": null, "SOURCETYPE": "UNKNOWN", "SOURCEDATE": "UNKNOWN", "EDITMETHOD": "UNKNOWN", "EDITOR": "UNKNOWN", "EDITDATE": "UNKNOWN", "MATCHSTAT": "MATCH", "EDITNOTE": "UNKNOWN", "OWNER1": "BITZER DAVID", "OWNER2": "", "ADDRGL1": "309 CAMP ST", "ADDRGL2": "", "CITYGL": "BARRE", "STGL": "VT", "ZIPGL": "05641", "DESCPROP": "HSE & 1.01 ACRES", "LOCAPROP": "", "CAT": "Residential-1", "RESCODE": "T", "ACRESGL": 1.01, "REAL_FLV": 174560, "HSTED_FLV": 0, "NRES_FLV": 174560, "LAND_LV": 45000, "IMPRV_LV": 129560, "EQUIPVAL": 0, "EQUIPCODE": "", "INVENVAL": 0, "HSDECL": "N", "HSITEVAL": 174560, "VETEXAMT": 0, "EXPDESC": "", "ENDDATE": "", "STATUTE": "", "EXAMT_HS": 0, "EXAMT_NR": 0, "UVREDUC_HS": 0, "UVREDUC_NR": 0, "GLVAL_HS": 0.0, "GLVAL_NR": 1745.6, "CRHOUSPCT": 0.0, "MUNGL1PCT": 1745.6, "AOEGL_HS": 0.0, "AOEGL_NR": 1745.6, "E911ADDR": "309 CAMP ST", "SHAPE_Length": 0.0028959748676548186, "SHAPE_Area": 4.520350955968433e-07}, "geometry": {"type": "MultiPolygon", "coordinates": [[[[-72.48278999699994, 44.203978059000065], [-72.48327255499999, 44.20364864900006], [-72.48391755999995, 44.20402969100007], [-72.48401294299998, 44.20408623600008], [-72.48396953599996, 44.20411716700005], [-72.48391400699995, 44.20415723600007], [-72.48385808499995, 44.204197306000026], [-72.48380255499995, 44.20423723500005], [-72.48374780799998, 44.20427660200005], [-72.48369345099997, 44.204315406000035], [-72.48364065799996, 44.20435364800005], [-72.48358864799997, 44.20439104700006], [-72.48354680399996, 44.20442141600006], [-72.48304213899996, 44.204110986000046], [-72.48278999699994, 44.203978059000065]]]]}}, {"type": "Feature", "properties": {"OBJECTID": 197118, "SPAN": "039-012-12874", "GLIST_SPAN": "039-012-12874", "MAPID": "037/103.00", "PARCID": "037/103.00", "PROPTYPE": "PARCEL", "YEAR": 2022, "GLYEAR": 2022, "TOWN": "BARRE TOWN", "TNAME": "Barre Town", "SOURCENAME": null, "SOURCETYPE": "UNKNOWN", "SOURCEDATE": "UNKNOWN", "EDITMETHOD": "UNKNOWN", "EDITOR": "UNKNOWN", "EDITDATE": "UNKNOWN", "MATCHSTAT": "MATCH", "EDITNOTE": "UNKNOWN", "OWNER1": "SEMPREBON JEAN", "OWNER2": "", "ADDRGL1": "295 CAMP ST", "ADDRGL2": "", "CITYGL": "BARRE", "STGL": "VT", "ZIPGL": "05641", "DESCPROP": "HSE & LOT (.80 ACRES)", "LOCAPROP": "", "CAT": "Residential-1", "RESCODE": "T", "ACRESGL": 0.8, "REAL_FLV": 244120, "HSTED_FLV": 244120, "NRES_FLV": 0, "LAND_LV": 45000, "IMPRV_LV": 199120, "EQUIPVAL": 0, "EQUIPCODE": "", "INVENVAL": 0, "HSDECL": "Y", "HSITEVAL": 244120, "VETEXAMT": 0, "EXPDESC": "", "ENDDATE": "", "STATUTE": "", "EXAMT_HS": 0, "EXAMT_NR": 0, "UVREDUC_HS": 0, "UVREDUC_NR": 0, "GLVAL_HS": 2441.0, "GLVAL_NR": 0.0, "CRHOUSPCT": 0.0, "MUNGL1PCT": 2441.2, "AOEGL_HS": 2441.0, "AOEGL_NR": 0.0, "E911ADDR": "295 CAMP ST", "SHAPE_Length": 0.002704156565156771, "SHAPE_Area": 3.7736877372776625e-07}, "geometry": {"type": "MultiPolygon", "coordinates": [[[[-72.48379577499998, 44.20329702500004], [-72.48426422899996, 44.20303749900006], [-72.48431934799999, 44.20306900700007], [-72.48496710099994, 44.20340588700003], [-72.48494090099996, 44.20342486800007], [-72.48488107099996, 44.203468032000046], [-72.48482202299994, 44.20351049200008], [-72.48476414899994, 44.20355224900004], [-72.48470744599996, 44.20359316300005], [-72.48465191699995, 44.203633093000064], [-72.48459756299997, 44.20367175800004], [-72.48454516199996, 44.203709297000046], [-72.48379577499998, 44.20329702500004]]]]}}, {"type": "Feature", "properties": {"OBJECTID": 197237, "SPAN": "039-012-12487", "GLIST_SPAN": "039-012-12487", "MAPID": "037/087.00", "PARCID": "037/087.00", "PROPTYPE": "PARCEL", "YEAR": 2022, "GLYEAR": 2022, "TOWN": "BARRE TOWN", "TNAME": "Barre Town", "SOURCENAME": null, "SOURCETYPE": "UNKNOWN", "SOURCEDATE": "UNKNOWN", "EDITMETHOD": "UNKNOWN", "EDITOR": "UNKNOWN", "EDITDATE": "UNKNOWN", "MATCHSTAT": "MATCH", "EDITNOTE": "UNKNOWN", "OWNER1": "MORISSETTE DANA P & SHIRLEY M", "OWNER2": "", "ADDRGL1": "28 SCENIC VIEW DR", "ADDRGL2": "", "CITYGL": "BARRE", "STGL": "VT", "ZIPGL": "05641-8307", "DESCPROP": "HSE & LOT (.33 ACRES)", "LOCAPROP": "", "CAT": "Residential-1", "RESCODE": "T", "ACRESGL": 0.33, "REAL_FLV": 262520, "HSTED_FLV": 262520, "NRES_FLV": 0, "LAND_LV": 45000, "IMPRV_LV": 217520, "EQUIPVAL": 0, "EQUIPCODE": "", "INVENVAL": 0, "HSDECL": "Y", "HSITEVAL": 262520, "VETEXAMT": 0, "EXPDESC": "", "ENDDATE": "", "STATUTE": "", "EXAMT_HS": 0, "EXAMT_NR": 0, "UVREDUC_HS": 0, "UVREDUC_NR": 0, "GLVAL_HS": 2625.0, "GLVAL_NR": 0.0, "CRHOUSPCT": 0.0, "MUNGL1PCT": 2625.2, "AOEGL_HS": 2625.0, "AOEGL_NR": 0.0, "E911ADDR": "28 SCENIC VIEW DR", "SHAPE_Length": 0.0016689580268672139, "SHAPE_Area": 1.652396537131895e-07}, "geometry": {"type": "MultiPolygon", "coordinates": [[[[-72.48223463599999, 44.203256012000054], [-72.48245289399995, 44.202935565000075], [-72.48277776699996, 44.20301197300006], [-72.48281334299998, 44.203020697000056], [-72.48284109899998, 44.20302787300005], [-72.48287081099994, 44.20303378300008], [-72.48261774999997, 44.20338657000008], [-72.48261305699998, 44.20339303800006], [-72.48260679899994, 44.20340119300005], [-72.48223463599999, 44.203256012000054]]]]}}, {"type": "Feature", "properties": {"OBJECTID": 197301, "SPAN": "039-012-12522", "GLIST_SPAN": "039-012-12522", "MAPID": "037/063.00", "PARCID": "037/063.00", "PROPTYPE": "PARCEL", "YEAR": 2022, "GLYEAR": 2022, "TOWN": "BARRE TOWN", "TNAME": "Barre Town", "SOURCENAME": null, "SOURCETYPE": "UNKNOWN", "SOURCEDATE": "UNKNOWN", "EDITMETHOD": "UNKNOWN", "EDITOR": "UNKNOWN", "EDITDATE": "UNKNOWN", "MATCHSTAT": "MATCH", "EDITNOTE": "UNKNOWN", "OWNER1": "MULCAHY MARTHA JEAN LE", "OWNER2": "", "ADDRGL1": "292 CAMP ST", "ADDRGL2": "", "CITYGL": "BARRE", "STGL": "VT", "ZIPGL": "05641-3247", "DESCPROP": "HSE & 1.95 ACRES", "LOCAPROP": "", "CAT": "Residential-1", "RESCODE": "T", "ACRESGL": 1.95, "REAL_FLV": 260700, "HSTED_FLV": 260700, "NRES_FLV": 0, "LAND_LV": 45000, "IMPRV_LV": 215700, "EQUIPVAL": 0, "EQUIPCODE": "", "INVENVAL": 0, "HSDECL": "Y", "HSITEVAL": 260700, "VETEXAMT": 0, "EXPDESC": "", "ENDDATE": "", "STATUTE": "", "EXAMT_HS": 0, "EXAMT_NR": 0, "UVREDUC_HS": 0, "UVREDUC_NR": 0, "GLVAL_HS": 2607.0, "GLVAL_NR": 0.0, "CRHOUSPCT": 0.0, "MUNGL1PCT": 2607.0, "AOEGL_HS": 2607.0, "AOEGL_NR": 0.0, "E911ADDR": "292 CAMP ST", "SHAPE_Length": 0.0040007377471200705, "SHAPE_Area": 9.316106799762171e-07}, "geometry": {"type": "MultiPolygon", "coordinates": [[[[-72.48544177799994, 44.20325913800008], [-72.48548166399996, 44.20323073700007], [-72.48629865999999, 44.20381273800007], [-72.48594895999997, 44.20451932900005], [-72.48544038499995, 44.20415716000008], [-72.48481806399997, 44.203705537000076], [-72.48484074399994, 44.20368922700004], [-72.48489744599993, 44.20364831300003], [-72.48495571199999, 44.20360641500008], [-72.48501436899994, 44.20356395400006], [-72.48507419799995, 44.20352093200006], [-72.48513481099997, 44.203477486000054], [-72.48519581299996, 44.20343390100004], [-72.48525720699996, 44.20339003500004], [-72.48531899099999, 44.20334616800005], [-72.48538038499998, 44.20330258200005], [-72.48544177799994, 44.20325913800008]]]]}}, {"type": "Feature", "properties": {"OBJECTID": 197362, "SPAN": "039-012-13017", "GLIST_SPAN": "039-012-13017", "MAPID": "037/084.01", "PARCID": "037/084.01", "PROPTYPE": "PARCEL", "YEAR": 2022, "GLYEAR": 2022, "TOWN": "BARRE TOWN", "TNAME": "Barre Town", "SOURCENAME": null, "SOURCETYPE": "UNKNOWN", "SOURCEDATE": "UNKNOWN", "EDITMETHOD": "UNKNOWN", "EDITOR": "UNKNOWN", "EDITDATE": "UNKNOWN", "MATCHSTAT": "MATCH", "EDITNOTE": "UNKNOWN", "OWNER1": "LEPPANEN TRAVIS W", "OWNER2": "HICKS HEATHER J", "ADDRGL1": "43 LISA DR", "ADDRGL2": "", "CITYGL": "BARRE", "STGL": "VT", "ZIPGL": "05641-8318", "DESCPROP": "HSE & LOT (.28 ACRES)", "LOCAPROP": "", "CAT": "Residential-1", "RESCODE": "T", "ACRESGL": 0.28, "REAL_FLV": 180570, "HSTED_FLV": 180570, "NRES_FLV": 0, "LAND_LV": 45000, "IMPRV_LV": 135570, "EQUIPVAL": 0, "EQUIPCODE": "", "INVENVAL": 0, "HSDECL": "Y", "HSITEVAL": 180570, "VETEXAMT": 0, "EXPDESC": "", "ENDDATE": "", "STATUTE": "", "EXAMT_HS": 0, "EXAMT_NR": 0, "UVREDUC_HS": 0, "UVREDUC_NR": 0, "GLVAL_HS": 1806.0, "GLVAL_NR": 0.0, "CRHOUSPCT": 0.0, "MUNGL1PCT": 1805.7, "AOEGL_HS": 1806.0, "AOEGL_NR": 0.0, "E911ADDR": "43 LISA DR", "SHAPE_Length": 0.0015088380443933611, "SHAPE_Area": 1.3376255392913717e-07}, "geometry": {"type": "MultiPolygon", "coordinates": [[[[-72.48076946199996, 44.203877472000045], [-72.48077415599994, 44.20386833200007], [-72.48109942199994, 44.203949667000074], [-72.48121709799995, 44.203978936000055], [-72.48107430299996, 44.20425284700008], [-72.48104654599996, 44.20424567100008], [-72.48103481799996, 44.20424271600007], [-72.48099924099995, 44.204232725000054], [-72.48064348299994, 44.20413465100006], [-72.48076594099996, 44.20388478400008], [-72.48076946199996, 44.203877472000045]]]]}}, {"type": "Feature", "properties": {"OBJECTID": 197481, "SPAN": "039-012-12624", "GLIST_SPAN": "039-012-12624", "MAPID": "037/104.00", "PARCID": "037/104.00", "PROPTYPE": "PARCEL", "YEAR": 2022, "GLYEAR": 2022, "TOWN": "BARRE TOWN", "TNAME": "Barre Town", "SOURCENAME": null, "SOURCETYPE": "UNKNOWN", "SOURCEDATE": "UNKNOWN", "EDITMETHOD": "UNKNOWN", "EDITOR": "UNKNOWN", "EDITDATE": "UNKNOWN", "MATCHSTAT": "MATCH", "EDITNOTE": "UNKNOWN", "OWNER1": "LONGFELLOW THOMAS C & CORINNE", "OWNER2": "", "ADDRGL1": "289 CAMP ST", "ADDRGL2": "", "CITYGL": "BARRE", "STGL": "VT", "ZIPGL": "05641-3255", "DESCPROP": "HSE & 1.81 ACRES", "LOCAPROP": "", "CAT": "Residential-1", "RESCODE": "T", "ACRESGL": 1.81, "REAL_FLV": 384950, "HSTED_FLV": 384950, "NRES_FLV": 0, "LAND_LV": 45000, "IMPRV_LV": 339950, "EQUIPVAL": 0, "EQUIPCODE": "", "INVENVAL": 0, "HSDECL": "Y", "HSITEVAL": 384950, "VETEXAMT": 0, "EXPDESC": "", "ENDDATE": "", "STATUTE": "", "EXAMT_HS": 0, "EXAMT_NR": 0, "UVREDUC_HS": 0, "UVREDUC_NR": 0, "GLVAL_HS": 3850.0, "GLVAL_NR": 0.0, "CRHOUSPCT": 0.0, "MUNGL1PCT": 3849.5, "AOEGL_HS": 3850.0, "AOEGL_NR": 0.0, "E911ADDR": "289 CAMP ST", "SHAPE_Length": 0.0036173423048537256, "SHAPE_Area": 7.356888028394857e-07}, "geometry": {"type": "MultiPolygon", "coordinates": [[[[-72.48431975799997, 44.20299503900003], [-72.48500957299996, 44.202430668000034], [-72.48577851099998, 44.20282141900003], [-72.48574644499996, 44.20284546200003], [-72.48569717399994, 44.202882299000066], [-72.48564672999998, 44.20291955700003], [-72.48559511199994, 44.20295752000004], [-72.48554154099998, 44.20299646600006], [-72.48548601299996, 44.20303653600007], [-72.48542852999998, 44.203077732000054], [-72.48536948299994, 44.20311977000006], [-72.48530926299998, 44.20316251200006], [-72.48524786899998, 44.203205816000036], [-72.48518647599997, 44.20324954300003], [-72.48512469199994, 44.203293409000025], [-72.48506290699999, 44.20333741600007], [-72.48500151199994, 44.203381282000066], [-72.48496710099994, 44.20340588700003], [-72.48431934799999, 44.20306900700007], [-72.48426422899996, 44.20303749900006], [-72.48427791699999, 44.203027518000056], [-72.48429394899995, 44.20301486300008], [-72.48431975799997, 44.20299503900003]]]]}}, {"type": "Feature", "properties": {"OBJECTID": 197567, "SPAN": "039-012-12675", "GLIST_SPAN": "039-012-12675", "MAPID": "037/065.00", "PARCID": "037/065.00", "PROPTYPE": "PARCEL", "YEAR": 2022, "GLYEAR": 2022, "TOWN": "BARRE TOWN", "TNAME": "Barre Town", "SOURCENAME": null, "SOURCETYPE": "UNKNOWN", "SOURCEDATE": "UNKNOWN", "EDITMETHOD": "UNKNOWN", "EDITOR": "UNKNOWN", "EDITDATE": "UNKNOWN", "MATCHSTAT": "MATCH", "EDITNOTE": "UNKNOWN", "OWNER1": "CROWTHER WILLIAM C IV", "OWNER2": "JOYAL MARIE MICHELE DOYON", "ADDRGL1": "306 CAMP ST", "ADDRGL2": "", "CITYGL": "BARRE", "STGL": "VT", "ZIPGL": "05641-3250", "DESCPROP": "HSE & 1.37 ACRES", "LOCAPROP": "", "CAT": "Residential-1", "RESCODE": "T", "ACRESGL": 1.37, "REAL_FLV": 244020, "HSTED_FLV": 244020, "NRES_FLV": 0, "LAND_LV": 45000, "IMPRV_LV": 199020, "EQUIPVAL": 0, "EQUIPCODE": "", "INVENVAL": 0, "HSDECL": "Y", "HSITEVAL": 244020, "VETEXAMT": 0, "EXPDESC": "", "ENDDATE": "", "STATUTE": "", "EXAMT_HS": 0, "EXAMT_NR": 0, "UVREDUC_HS": 0, "UVREDUC_NR": 0, "GLVAL_HS": 2440.0, "GLVAL_NR": 0.0, "CRHOUSPCT": 0.0, "MUNGL1PCT": 2440.2, "AOEGL_HS": 2440.0, "AOEGL_NR": 0.0, "E911ADDR": "306 CAMP ST", "SHAPE_Length": 0.0041967195881273504, "SHAPE_Area": 6.537500080236779e-07}, "geometry": {"type": "MultiPolygon", "coordinates": [[[[-72.48442388699993, 44.20398518400003], [-72.48446220999995, 44.20395818900005], [-72.48578701499997, 44.20484696200003], [-72.48562350399999, 44.20517881300003], [-72.48410908999995, 44.204209013000025], [-72.48415836299995, 44.20417372300005], [-72.48421350199999, 44.204134356000054], [-72.48426785699996, 44.20409583300005], [-72.48432103999994, 44.204058013000065], [-72.48437305099998, 44.204021176000026], [-72.48442388699993, 44.20398518400003]]]]}}, {"type": "Feature", "properties": {"OBJECTID": 197569, "SPAN": "039-012-12676", "GLIST_SPAN": "039-012-12676", "MAPID": "037/076.00", "PARCID": "037/076.00", "PROPTYPE": "PARCEL", "YEAR": 2022, "GLYEAR": 2022, "TOWN": "BARRE TOWN", "TNAME": "Barre Town", "SOURCENAME": null, "SOURCETYPE": "UNKNOWN", "SOURCEDATE": "UNKNOWN", "EDITMETHOD": "UNKNOWN", "EDITOR": "UNKNOWN", "EDITDATE": "UNKNOWN", "MATCHSTAT": "MATCH", "EDITNOTE": "UNKNOWN", "OWNER1": "PATERSON JAMES L & SHEILA M", "OWNER2": "", "ADDRGL1": "C/O PATERSON JAMES L & SHEILA M LE", "ADDRGL2": "28 LISA DR", "CITYGL": "BARRE", "STGL": "VT", "ZIPGL": "05641-8317", "DESCPROP": "HSE & LOT (.04 ACRES)", "LOCAPROP": "", "CAT": "Residential-1", "RESCODE": "T", "ACRESGL": 0.04, "REAL_FLV": 255880, "HSTED_FLV": 255880, "NRES_FLV": 0, "LAND_LV": 45000, "IMPRV_LV": 210880, "EQUIPVAL": 0, "EQUIPCODE": "", "INVENVAL": 0, "HSDECL": "Y", "HSITEVAL": 255880, "VETEXAMT": 0, "EXPDESC": "", "ENDDATE": "", "STATUTE": "", "EXAMT_HS": 0, "EXAMT_NR": 0, "UVREDUC_HS": 0, "UVREDUC_NR": 0, "GLVAL_HS": 2559.0, "GLVAL_NR": 0.0, "CRHOUSPCT": 0.0, "MUNGL1PCT": 2558.8, "AOEGL_HS": 2559.0, "AOEGL_NR": 0.0, "E911ADDR": "28 LISA DR", "SHAPE_Length": 0.0018369570374463275, "SHAPE_Area": 1.818348783711325e-07}, "geometry": {"type": "MultiPolygon", "coordinates": [[[[-72.48077295299998, 44.20516446000005], [-72.48096504599994, 44.20479282400004], [-72.48151276799996, 44.20493297500008], [-72.48108571399996, 44.20524663600003], [-72.48077295299998, 44.20516446000005]]]]}}, {"type": "Feature", "properties": {"OBJECTID": 197582, "SPAN": "039-012-13133", "GLIST_SPAN": "039-012-13133", "MAPID": "037/083.01", "PARCID": "037/083.01", "PROPTYPE": "PARCEL", "YEAR": 2022, "GLYEAR": 2022, "TOWN": "BARRE TOWN", "TNAME": "Barre Town", "SOURCENAME": null, "SOURCETYPE": "UNKNOWN", "SOURCEDATE": "UNKNOWN", "EDITMETHOD": "UNKNOWN", "EDITOR": "UNKNOWN", "EDITDATE": "UNKNOWN", "MATCHSTAT": "MATCH", "EDITNOTE": "UNKNOWN", "OWNER1": "SELL JOHN E & WENDY L", "OWNER2": "", "ADDRGL1": "15 SESAME ST", "ADDRGL2": "", "CITYGL": "BARRE", "STGL": "VT", "ZIPGL": "05641-8311", "DESCPROP": "HSE & LOT (.33 ACRES)", "LOCAPROP": "", "CAT": "Residential-1", "RESCODE": "T", "ACRESGL": 0.33, "REAL_FLV": 271650, "HSTED_FLV": 271650, "NRES_FLV": 0, "LAND_LV": 45000, "IMPRV_LV": 226650, "EQUIPVAL": 0, "EQUIPCODE": "", "INVENVAL": 0, "HSDECL": "Y", "HSITEVAL": 271650, "VETEXAMT": 0, "EXPDESC": "", "ENDDATE": "", "STATUTE": "", "EXAMT_HS": 0, "EXAMT_NR": 0, "UVREDUC_HS": 0, "UVREDUC_NR": 0, "GLVAL_HS": 2716.0, "GLVAL_NR": 0.0, "CRHOUSPCT": 0.0, "MUNGL1PCT": 2716.5, "AOEGL_HS": 2716.0, "AOEGL_NR": 0.0, "E911ADDR": "15 SESAME ST", "SHAPE_Length": 0.0015644419717163204, "SHAPE_Area": 1.4473645475831843e-07}, "geometry": {"type": "MultiPolygon", "coordinates": [[[[-72.48153131899994, 44.204375827000035], [-72.48167450499994, 44.204092494000065], [-72.48170929899999, 44.204101077000075], [-72.48182853899993, 44.20413062700004], [-72.48191845699995, 44.20415286000008], [-72.48198648199997, 44.204169886000045], [-72.48204004099995, 44.20418367600007], [-72.48208578199996, 44.204195636000065], [-72.48212526699996, 44.20420661000003], [-72.48197426199994, 44.20449303800007], [-72.48153131899994, 44.204375827000035]]]]}}, {"type": "Feature", "properties": {"OBJECTID": 197702, "SPAN": "039-012-13231", "GLIST_SPAN": "039-012-13231", "MAPID": "037/097.00", "PARCID": "037/097.00", "PROPTYPE": "PARCEL", "YEAR": 2022, "GLYEAR": 2022, "TOWN": "BARRE TOWN", "TNAME": "Barre Town", "SOURCENAME": null, "SOURCETYPE": "UNKNOWN", "SOURCEDATE": "UNKNOWN", "EDITMETHOD": "UNKNOWN", "EDITOR": "UNKNOWN", "EDITDATE": "UNKNOWN", "MATCHSTAT": "MATCH", "EDITNOTE": "UNKNOWN", "OWNER1": "FECCIA JOBY", "OWNER2": "", "ADDRGL1": "33 SCENIC VIEW DR", "ADDRGL2": "", "CITYGL": "BARRE", "STGL": "VT", "ZIPGL": "05641-8307", "DESCPROP": "HSE & LOT (.27 ACRES)", "LOCAPROP": "", "CAT": "Residential-1", "RESCODE": "T", "ACRESGL": 0.27, "REAL_FLV": 228490, "HSTED_FLV": 0, "NRES_FLV": 228490, "LAND_LV": 45000, "IMPRV_LV": 183490, "EQUIPVAL": 0, "EQUIPCODE": "", "INVENVAL": 0, "HSDECL": "N", "HSITEVAL": 228490, "VETEXAMT": 40000, "EXPDESC": "", "ENDDATE": "", "STATUTE": "", "EXAMT_HS": 0, "EXAMT_NR": 0, "UVREDUC_HS": 0, "UVREDUC_NR": 0, "GLVAL_HS": 0.0, "GLVAL_NR": 1884.9, "CRHOUSPCT": 0.0, "MUNGL1PCT": 1884.9, "AOEGL_HS": 0.0, "AOEGL_NR": 2184.9, "E911ADDR": "33 SCENIC VIEW DR", "SHAPE_Length": 0.0014976879176457577, "SHAPE_Area": 1.311737664665489e-07}, "geometry": {"type": "MultiPolygon", "coordinates": [[[[-72.48292978299997, 44.203260337000074], [-72.48313981499996, 44.20297687100003], [-72.48351199399997, 44.20306664300006], [-72.48325698999997, 44.20338849400008], [-72.48292978299997, 44.203260337000074]]]]}}, {"type": "Feature", "properties": {"OBJECTID": 197758, "SPAN": "039-012-13294", "GLIST_SPAN": "039-012-13294", "MAPID": "037/082.00", "PARCID": "037/082.00", "PROPTYPE": "PARCEL", "YEAR": 2022, "GLYEAR": 2022, "TOWN": "BARRE TOWN", "TNAME": "Barre Town", "SOURCENAME": null, "SOURCETYPE": "UNKNOWN", "SOURCEDATE": "UNKNOWN", "EDITMETHOD": "UNKNOWN", "EDITOR": "UNKNOWN", "EDITDATE": "UNKNOWN", "MATCHSTAT": "MATCH", "EDITNOTE": "UNKNOWN", "OWNER1": "DESSUREAU ROBIN", "OWNER2": "", "ADDRGL1": "323 CAMP ST", "ADDRGL2": "", "CITYGL": "BARRE", "STGL": "VT", "ZIPGL": "05641-3257", "DESCPROP": "HSE & LOT (.50 ACRES)", "LOCAPROP": "", "CAT": "Residential-1", "RESCODE": "T", "ACRESGL": 0.5, "REAL_FLV": 168970, "HSTED_FLV": 168970, "NRES_FLV": 0, "LAND_LV": 40000, "IMPRV_LV": 128970, "EQUIPVAL": 0, "EQUIPCODE": "", "INVENVAL": 0, "HSDECL": "Y", "HSITEVAL": 168970, "VETEXAMT": 0, "EXPDESC": "", "ENDDATE": "", "STATUTE": "", "EXAMT_HS": 0, "EXAMT_NR": 0, "UVREDUC_HS": 0, "UVREDUC_NR": 0, "GLVAL_HS": 1690.0, "GLVAL_NR": 0.0, "CRHOUSPCT": 0.0, "MUNGL1PCT": 1689.7, "AOEGL_HS": 1690.0, "AOEGL_NR": 0.0, "E911ADDR": "323 CAMP ST", "SHAPE_Length": 0.002077598761213849, "SHAPE_Area": 2.3941286931835927e-07}, "geometry": {"type": "MultiPolygon", "coordinates": [[[[-72.48233155499997, 44.20470501200003], [-72.48263346899995, 44.204445468000074], [-72.48264793299995, 44.204452923000076], [-72.48267686199995, 44.20446755200004], [-72.48270774399998, 44.20448302600005], [-72.48274136299995, 44.204499062000025], [-72.48277771999994, 44.204516082000055], [-72.48281837699994, 44.204534651000074], [-72.48286528899996, 44.20455504900008], [-72.48291884599996, 44.204578119000075], [-72.48298178699997, 44.20460442500007], [-72.48305567299997, 44.204634670000075], [-72.48314128799996, 44.20466927600006], [-72.48319210999995, 44.20468953400007], [-72.48316512499997, 44.204711607000036], [-72.48313149299997, 44.20474014900003], [-72.48309864199996, 44.20476883200007], [-72.48306618299995, 44.204797935000045], [-72.48303450399999, 44.20482760200008], [-72.48300282699995, 44.20485769100003], [-72.48297114799993, 44.20488834200006], [-72.48293946999996, 44.20491941500006], [-72.48290739999999, 44.20495105100008], [-72.48287493799995, 44.204983249000065], [-72.48284834399993, 44.20500940000005], [-72.48233155499997, 44.20470501200003]]]]}}, {"type": "Feature", "properties": {"OBJECTID": 197796, "SPAN": "039-012-13334", "GLIST_SPAN": "039-012-13334", "MAPID": "037/096.00", "PARCID": "037/096.00", "PROPTYPE": "PARCEL", "YEAR": 2022, "GLYEAR": 2022, "TOWN": "BARRE TOWN", "TNAME": "Barre Town", "SOURCENAME": null, "SOURCETYPE": "UNKNOWN", "SOURCEDATE": "UNKNOWN", "EDITMETHOD": "UNKNOWN", "EDITOR": "UNKNOWN", "EDITDATE": "UNKNOWN", "MATCHSTAT": "MATCH", "EDITNOTE": "UNKNOWN", "OWNER1": "HEDDING TIMOTHY L & DIANE M", "OWNER2": "", "ADDRGL1": "29 SCENIC VIEW DR", "ADDRGL2": "", "CITYGL": "BARRE", "STGL": "VT", "ZIPGL": "05641-8307", "DESCPROP": "HSE & LOT (.33 ACRES)", "LOCAPROP": "", "CAT": "Residential-1", "RESCODE": "T", "ACRESGL": 0.33, "REAL_FLV": 208270, "HSTED_FLV": 208270, "NRES_FLV": 0, "LAND_LV": 45000, "IMPRV_LV": 163270, "EQUIPVAL": 0, "EQUIPCODE": "", "INVENVAL": 0, "HSDECL": "Y", "HSITEVAL": 208270, "VETEXAMT": 0, "EXPDESC": "", "ENDDATE": "", "STATUTE": "", "EXAMT_HS": 0, "EXAMT_NR": 0, "UVREDUC_HS": 0, "UVREDUC_NR": 0, "GLVAL_HS": 2083.0, "GLVAL_NR": 0.0, "CRHOUSPCT": 0.0, "MUNGL1PCT": 2082.7, "AOEGL_HS": 2083.0, "AOEGL_NR": 0.0, "E911ADDR": "29 SCENIC VIEW DR", "SHAPE_Length": 0.0015774933504740622, "SHAPE_Area": 1.441772229497137e-07}, "geometry": {"type": "MultiPolygon", "coordinates": [[[[-72.48315389699997, 44.20295268600006], [-72.48332131399997, 44.202663588000064], [-72.48375447899997, 44.20276377500005], [-72.48351199399997, 44.20306664300006], [-72.48313981499996, 44.20297687100003], [-72.48315389699997, 44.20295268600006]]]]}}, {"type": "Feature", "properties": {"OBJECTID": 197864, "SPAN": "039-012-13412", "GLIST_SPAN": "039-012-13412", "MAPID": "037/098.00", "PARCID": "037/098.00", "PROPTYPE": "PARCEL", "YEAR": 2022, "GLYEAR": 2022, "TOWN": "BARRE TOWN", "TNAME": "Barre Town", "SOURCENAME": null, "SOURCETYPE": "UNKNOWN", "SOURCEDATE": "UNKNOWN", "EDITMETHOD": "UNKNOWN", "EDITOR": "UNKNOWN", "EDITDATE": "UNKNOWN", "MATCHSTAT": "MATCH", "EDITNOTE": "UNKNOWN", "OWNER1": "MARTIN DAVID E & CHRISTINE E", "OWNER2": "", "ADDRGL1": "39 SCENIC VIEW DR", "ADDRGL2": "", "CITYGL": "BARRE", "STGL": "VT", "ZIPGL": "05641", "DESCPROP": "HSE & LOT (.29 ACRES)", "LOCAPROP": "", "CAT": "Residential-1", "RESCODE": "T", "ACRESGL": 0.29, "REAL_FLV": 256420, "HSTED_FLV": 256420, "NRES_FLV": 0, "LAND_LV": 45000, "IMPRV_LV": 211420, "EQUIPVAL": 0, "EQUIPCODE": "", "INVENVAL": 0, "HSDECL": "Y", "HSITEVAL": 256420, "VETEXAMT": 0, "EXPDESC": "", "ENDDATE": "", "STATUTE": "", "EXAMT_HS": 0, "EXAMT_NR": 0, "UVREDUC_HS": 0, "UVREDUC_NR": 0, "GLVAL_HS": 2564.0, "GLVAL_NR": 0.0, "CRHOUSPCT": 0.0, "MUNGL1PCT": 2564.2, "AOEGL_HS": 2564.0, "AOEGL_NR": 0.0, "E911ADDR": "39 SCENIC VIEW DR", "SHAPE_Length": 0.0014449707488130583, "SHAPE_Area": 1.246813346691115e-07}, "geometry": {"type": "MultiPolygon", "coordinates": [[[[-72.48292078699995, 44.20327228900004], [-72.48292978299997, 44.203260337000074], [-72.48325698999997, 44.20338849400008], [-72.48305830499999, 44.20363483700004], [-72.48302427799996, 44.20368025300007], [-72.48270253999993, 44.20356166000005], [-72.48270527799997, 44.20355786300007], [-72.48272405299997, 44.20353185100004], [-72.48274282699998, 44.20350640000004], [-72.48276120899999, 44.203481372000056], [-72.48277920099997, 44.20345732800007], [-72.48279641099998, 44.203434128000026], [-72.48281322899999, 44.203411911000046], [-72.48282965699997, 44.20339068000004], [-72.48284490999998, 44.20337043300003], [-72.48285977199998, 44.20335116900003], [-72.48287346199999, 44.203333171000054], [-72.48288675999999, 44.20331629800006], [-72.48289888399995, 44.20330055000005], [-72.48291022699993, 44.20328592700008], [-72.48292078699995, 44.20327228900004]]]]}}, {"type": "Feature", "properties": {"OBJECTID": 197878, "SPAN": "039-012-13428", "GLIST_SPAN": "039-012-13428", "MAPID": "037/093.00", "PARCID": "037/093.00", "PROPTYPE": "PARCEL", "YEAR": 2022, "GLYEAR": 2022, "TOWN": "BARRE TOWN", "TNAME": "Barre Town", "SOURCENAME": null, "SOURCETYPE": "UNKNOWN", "SOURCEDATE": "UNKNOWN", "EDITMETHOD": "UNKNOWN", "EDITOR": "UNKNOWN", "EDITDATE": "UNKNOWN", "MATCHSTAT": "MATCH", "EDITNOTE": "UNKNOWN", "OWNER1": "LACROIX CHRISTOPHER A", "OWNER2": "WELSH CHELSEA", "ADDRGL1": "9 SCENIC VIEW DR", "ADDRGL2": "", "CITYGL": "BARRE", "STGL": "VT", "ZIPGL": "05641", "DESCPROP": "HSE & LOT (.49 ACRES)", "LOCAPROP": "", "CAT": "Residential-1", "RESCODE": "T", "ACRESGL": 0.49, "REAL_FLV": 231240, "HSTED_FLV": 231240, "NRES_FLV": 0, "LAND_LV": 45000, "IMPRV_LV": 186240, "EQUIPVAL": 0, "EQUIPCODE": "", "INVENVAL": 0, "HSDECL": "Y", "HSITEVAL": 231240, "VETEXAMT": 0, "EXPDESC": "", "ENDDATE": "", "STATUTE": "", "EXAMT_HS": 0, "EXAMT_NR": 0, "UVREDUC_HS": 0, "UVREDUC_NR": 0, "GLVAL_HS": 2312.0, "GLVAL_NR": 0.0, "CRHOUSPCT": 0.0, "MUNGL1PCT": 2312.4, "AOEGL_HS": 2312.0, "AOEGL_NR": 0.0, "E911ADDR": "9 SCENIC VIEW DR", "SHAPE_Length": 0.0018278910123167523, "SHAPE_Area": 2.0104182954671982e-07}, "geometry": {"type": "MultiPolygon", "coordinates": [[[[-72.48128627199998, 44.20283370900006], [-72.48130622299993, 44.202793916000076], [-72.48178082399994, 44.20290860100005], [-72.48177143599997, 44.20292378700003], [-72.48175500699995, 44.20295036200008], [-72.48173662299996, 44.20298143600007], [-72.48171471699999, 44.203017714000055], [-72.48169007299998, 44.20305919400005], [-72.48166308199995, 44.20310517300004], [-72.48163452499995, 44.203154106000056], [-72.48160479599994, 44.203204725000035], [-72.48157467599998, 44.20325590700003], [-72.48155276899996, 44.20329373200008], [-72.48111022399996, 44.20318327000007], [-72.48111374399997, 44.203176521000046], [-72.48128627199998, 44.20283370900006]]]]}}, {"type": "Feature", "properties": {"OBJECTID": 198032, "SPAN": "039-012-13603", "GLIST_SPAN": "039-012-13603", "MAPID": "037/086.00", "PARCID": "037/086.00", "PROPTYPE": "PARCEL", "YEAR": 2022, "GLYEAR": 2022, "TOWN": "BARRE TOWN", "TNAME": "Barre Town", "SOURCENAME": null, "SOURCETYPE": "UNKNOWN", "SOURCEDATE": "UNKNOWN", "EDITMETHOD": "UNKNOWN", "EDITOR": "UNKNOWN", "EDITDATE": "UNKNOWN", "MATCHSTAT": "MATCH", "EDITNOTE": "UNKNOWN", "OWNER1": "LAROCHE MICHELYNE W", "OWNER2": "INTERVIVOS TRUST", "ADDRGL1": "34 SCENIC VIEW DR", "ADDRGL2": "", "CITYGL": "BARRE", "STGL": "VT", "ZIPGL": "05641-8307", "DESCPROP": "HSE & LOT (.37 ACRES)", "LOCAPROP": "", "CAT": "Residential-1", "RESCODE": "T", "ACRESGL": 0.37, "REAL_FLV": 330890, "HSTED_FLV": 0, "NRES_FLV": 330890, "LAND_LV": 45000, "IMPRV_LV": 285890, "EQUIPVAL": 0, "EQUIPCODE": "", "INVENVAL": 0, "HSDECL": "N", "HSITEVAL": 330890, "VETEXAMT": 0, "EXPDESC": "", "ENDDATE": "", "STATUTE": "", "EXAMT_HS": 0, "EXAMT_NR": 0, "UVREDUC_HS": 0, "UVREDUC_NR": 0, "GLVAL_HS": 0.0, "GLVAL_NR": 3308.9, "CRHOUSPCT": 0.0, "MUNGL1PCT": 3308.9, "AOEGL_HS": 0.0, "AOEGL_NR": 3308.9, "E911ADDR": "34 SCENIC VIEW DR", "SHAPE_Length": 0.0017288584847332971, "SHAPE_Area": 1.771169082497375e-07}, "geometry": {"type": "MultiPolygon", "coordinates": [[[[-72.48219630599993, 44.20330536500006], [-72.48223463599999, 44.203256012000054], [-72.48260679899994, 44.20340119300005], [-72.48259467299994, 44.203417503000026], [-72.48257589899998, 44.20344281300004], [-72.48255712499997, 44.20346854400003], [-72.48253795999995, 44.20349469800004], [-72.48251918599993, 44.203520850000075], [-72.48250001999997, 44.203546722000056], [-72.48248163699998, 44.203572172000065], [-72.48246325299993, 44.203596779000065], [-72.48244565299996, 44.20362054100008], [-72.48242883399996, 44.20364317900004], [-72.48241279799998, 44.20366497300006], [-72.48239676099996, 44.203686205000054], [-72.48238111599994, 44.20370701500008], [-72.48236586199994, 44.20372796500004], [-72.48235060699994, 44.20374891600005], [-72.48234786999996, 44.20375271200004], [-72.48195535999997, 44.20365702700008], [-72.48219630599993, 44.20330536500006]]]]}}, {"type": "Feature", "properties": {"OBJECTID": 193785, "SPAN": "039-012-10060", "GLIST_SPAN": "039-012-10060", "MAPID": "009/114.04", "PARCID": "009/114.04", "PROPTYPE": "PARCEL", "YEAR": 2022, "GLYEAR": 2022, "TOWN": "BARRE TOWN", "TNAME": "Barre Town", "SOURCENAME": null, "SOURCETYPE": "UNKNOWN", "SOURCEDATE": "UNKNOWN", "EDITMETHOD": "UNKNOWN", "EDITOR": "UNKNOWN", "EDITDATE": "UNKNOWN", "MATCHSTAT": "MATCH", "EDITNOTE": "UNKNOWN", "OWNER1": "BELLAVANCE ROLAND J & LUCINDA F", "OWNER2": "", "ADDRGL1": "9 COUNTRYSIDE DR", "ADDRGL2": "", "CITYGL": "BARRE", "STGL": "VT", "ZIPGL": "05641", "DESCPROP": "HSE & 1.28 ACRES", "LOCAPROP": "", "CAT": "Residential-1", "RESCODE": "T", "ACRESGL": 1.28, "REAL_FLV": 461590, "HSTED_FLV": 461590, "NRES_FLV": 0, "LAND_LV": 54000, "IMPRV_LV": 407590, "EQUIPVAL": 0, "EQUIPCODE": "", "INVENVAL": 0, "HSDECL": "Y", "HSITEVAL": 461590, "VETEXAMT": 0, "EXPDESC": "", "ENDDATE": "", "STATUTE": "", "EXAMT_HS": 0, "EXAMT_NR": 0, "UVREDUC_HS": 0, "UVREDUC_NR": 0, "GLVAL_HS": 4616.0, "GLVAL_NR": 0.0, "CRHOUSPCT": 0.0, "MUNGL1PCT": 4615.9, "AOEGL_HS": 4616.0, "AOEGL_NR": 0.0, "E911ADDR": "9 COUNTRYSIDE DR", "SHAPE_Length": 0.003073137276418111, "SHAPE_Area": 5.888940544831633e-07}, "geometry": {"type": "MultiPolygon", "coordinates": [[[[-72.47546814799995, 44.20498639900006], [-72.47581523299993, 44.20429629200004], [-72.47641763199994, 44.204542650000064], [-72.47655912199997, 44.20465756900006], [-72.47634348099996, 44.20518514400004], [-72.47546814799995, 44.20498639900006]]]]}}]}