{"type": "FeatureCollection", "features": [{"type": "Feature", "properties": {"OBJECTID": 5344, "SPAN": "036-011-11060", "GLIST_SPAN": "036-011-11060", "MAPID": "0398-0009.0000", "PARCID": "0398-0009-0000", "PROPTYPE": "PARCEL", "YEAR": 2023, "GLYEAR": 2022, "TOWN": "BARRE CITY", "TNAME": "Barre City", "SOURCENAME": null, "SOURCETYPE": "UNKNOWN", "SOURCEDATE": "UNKNOWN", "EDITMETHOD": "UNKNOWN", "EDITOR": "UNKNOWN", "EDITDATE": "UNKNOWN", "MATCHSTAT": "MATCH", "EDITNOTE": "UNKNOWN", "OWNER1": "BOVA LISA M", "OWNER2": "", "ADDRGL1": "29 PARK ST", "ADDRGL2": "", "CITYGL": "BARRE", "STGL": "VT", "ZIPGL": "05641", "DESCPROP": "3 APTS-0.13AC", "LOCAPROP": "COLLEGE ST   9", "CAT": "Residential-1", "RESCODE": "T", "ACRESGL": 0.13, "REAL_FLV": 144000, "HSTED_FLV": 0, "NRES_FLV": 144000, "LAND_LV": 14700, "IMPRV_LV": 129300, "EQUIPVAL": 0, "EQUIPCODE": "", "INVENVAL": 0, "HSDECL": "N", "HSITEVAL": 0, "VETEXAMT": 0, "EXPDESC": "", "ENDDATE": "", "STATUTE": "", "EXAMT_HS": 0, "EXAMT_NR": 0, "UVREDUC_HS": 0, "UVREDUC_NR": 0, "GLVAL_HS": 0.0, "GLVAL_NR": 1440.0, "CRHOUSPCT": 0.0, "MUNGL1PCT": 1440.0, "AOEGL_HS": 0.0, "AOEGL_NR": 1440.0, "E911ADDR": "9 COLLEGE ST", "SHAPE_Length": 0.0010538530066077786, "SHAPE_Area": 6.320853082177271e-08}, "geometry": {"type": "MultiPolygon", "coordinates": [[[[-72.49674340199994, 44.19406497600005], [-72.49679415799994, 44.19388604400007], [-72.49712916299995, 44.19394314400006], [-72.49712290799994, 44.19396199000005], [-72.49710531499994, 44.19401514500004], [-72.49707460099995, 44.19412632500007], [-72.49674340199994, 44.19406497600005]]]]}}, {"type": "Feature", "properties": {"OBJECTID": 5358, "SPAN": "036-011-10282", "GLIST_SPAN": "036-011-10282", "MAPID": "0300-0008.0000", "PARCID": "0300-0008-0000", "PROPTYPE": "PARCEL", "YEAR": 2023, "GLYEAR": 2022, "TOWN": "BARRE CITY", "TNAME": "Barre City", "SOURCENAME": null, "SOURCETYPE": "UNKNOWN", "SOURCEDATE": "UNKNOWN", "EDITMETHOD": "UNKNOWN", "EDITOR": "UNKNOWN", "EDITDATE": "UNKNOWN", "MATCHSTAT": "MATCH", "EDITNOTE": "UNKNOWN", "OWNER1": "TOWN CECCHINELLI MARY ELLEN", "OWNER2": "", "ADDRGL1": "8 CAMP ST", "ADDRGL2": "", "CITYGL": "BARRE", "STGL": "VT", "ZIPGL": "05641-3901", "DESCPROP": "1 FAM-0.22AC", "LOCAPROP": "CAMP ST   8", "CAT": "Residential-1", "RESCODE": "T", "ACRESGL": 0.22, "REAL_FLV": 161800, "HSTED_FLV": 161800, "NRES_FLV": 0, "LAND_LV": 30800, "IMPRV_LV": 131000, "EQUIPVAL": 0, "EQUIPCODE": "", "INVENVAL": 0, "HSDECL": "Y", "HSITEVAL": 161800, "VETEXAMT": 0, "EXPDESC": "", "ENDDATE": "", "STATUTE": "", "EXAMT_HS": 0, "EXAMT_NR": 0, "UVREDUC_HS": 0, "UVREDUC_NR": 0, "GLVAL_HS": 1618.0, "GLVAL_NR": 0.0, "CRHOUSPCT": 0.0, "MUNGL1PCT": 1618.0, "AOEGL_HS": 1618.0, "AOEGL_NR": 0.0, "E911ADDR": "8 CAMP ST", "SHAPE_Length": 0.0013646271736078251, "SHAPE_Area": 9.127870170776083e-08}, "geometry": {"type": "MultiPolygon", "coordinates": [[[[-72.49153627099997, 44.19217339900007], [-72.49154839299996, 44.19214569700006], [-72.49154956499996, 44.19214611800004], [-72.49193966199994, 44.192294927000034], [-72.49194083499998, 44.19229534900006], [-72.49194200699998, 44.19229577100003], [-72.49194122499995, 44.19229689500003], [-72.49200141999995, 44.19232418100006], [-72.49194629399994, 44.192390974000034], [-72.49195880299999, 44.19239519300004], [-72.49192908499998, 44.19246620600006], [-72.49147213699996, 44.19235381500005], [-72.49146588299993, 44.19235170500008], [-72.49147800599997, 44.192324143000064], [-72.49153627099997, 44.19217339900007]]]]}}, {"type": "Feature", "properties": {"OBJECTID": 5379, "SPAN": "036-011-11071", "GLIST_SPAN": "036-011-11071", "MAPID": "1530-0028.0000", "PARCID": "1530-0028-0000", "PROPTYPE": "PARCEL", "YEAR": 2023, "GLYEAR": 2022, "TOWN": "BARRE CITY", "TNAME": "Barre City", "SOURCENAME": null, "SOURCETYPE": "UNKNOWN", "SOURCEDATE": "UNKNOWN", "EDITMETHOD": "UNKNOWN", "EDITOR": "UNKNOWN", "EDITDATE": "UNKNOWN", "MATCHSTAT": "MATCH", "EDITNOTE": "UNKNOWN", "OWNER1": "MCARDLE JOHN V", "OWNER2": "", "ADDRGL1": "28 WEBSTER ST", "ADDRGL2": "", "CITYGL": "BARRE", "STGL": "VT", "ZIPGL": "05641", "DESCPROP": "2 APTS-0.15AC", "LOCAPROP": "WEBSTER ST  28", "CAT": "Residential-1", "RESCODE": "T", "ACRESGL": 0.15, "REAL_FLV": 175800, "HSTED_FLV": 175800, "NRES_FLV": 0, "LAND_LV": 19500, "IMPRV_LV": 156300, "EQUIPVAL": 0, "EQUIPCODE": "", "INVENVAL": 0, "HSDECL": "Y", "HSITEVAL": 175800, "VETEXAMT": 0, "EXPDESC": "", "ENDDATE": "", "STATUTE": "", "EXAMT_HS": 0, "EXAMT_NR": 0, "UVREDUC_HS": 0, "UVREDUC_NR": 0, "GLVAL_HS": 1758.0, "GLVAL_NR": 0.0, "CRHOUSPCT": 0.0, "MUNGL1PCT": 1758.0, "AOEGL_HS": 1758.0, "AOEGL_NR": 0.0, "E911ADDR": "28 WEBSTER ST", "SHAPE_Length": 0.001038950015789142, "SHAPE_Area": 6.505551334015098e-08}, "geometry": {"type": "MultiPolygon", "coordinates": [[[[-72.49392736699997, 44.19247687600006], [-72.49409977399995, 44.192272700000046], [-72.49433372699997, 44.19238185000006], [-72.49412593499994, 44.19258108900004], [-72.49407355499994, 44.19256575800006], [-72.49407159999998, 44.192564633000075], [-72.49394417499997, 44.19248629900005], [-72.49394339299994, 44.19248587700008], [-72.49392736699997, 44.19247687600006]]]]}}, {"type": "Feature", "properties": {"OBJECTID": 5399, "SPAN": "036-011-10289", "GLIST_SPAN": "036-011-10289", "MAPID": "0790-0063.0000", "PARCID": "0790-0063-0000", "PROPTYPE": "PARCEL", "YEAR": 2023, "GLYEAR": 2022, "TOWN": "BARRE CITY", "TNAME": "Barre City", "SOURCENAME": null, "SOURCETYPE": "UNKNOWN", "SOURCEDATE": "UNKNOWN", "EDITMETHOD": "UNKNOWN", "EDITOR": "UNKNOWN", "EDITDATE": "UNKNOWN", "MATCHSTAT": "MATCH", "EDITNOTE": "UNKNOWN", "OWNER1": "BEVINGTON MARIE R - LIFE ESTATE;", "OWNER2": "BEVINGTON; JOSEE C; CURTIS H IV ET AL", "ADDRGL1": "138 SO MAIN ST APT 1", "ADDRGL2": "", "CITYGL": "BARRE", "STGL": "VT", "ZIPGL": "05641", "DESCPROP": "4 APTS-0.14AC", "LOCAPROP": "HILL ST  63", "CAT": "Residential-1", "RESCODE": "T", "ACRESGL": 0.14, "REAL_FLV": 205580, "HSTED_FLV": 0, "NRES_FLV": 205580, "LAND_LV": 14820, "IMPRV_LV": 190760, "EQUIPVAL": 0, "EQUIPCODE": "", "INVENVAL": 0, "HSDECL": "N", "HSITEVAL": 205580, "VETEXAMT": 0, "EXPDESC": "", "ENDDATE": "", "STATUTE": "", "EXAMT_HS": 0, "EXAMT_NR": 0, "UVREDUC_HS": 0, "UVREDUC_NR": 0, "GLVAL_HS": 0.0, "GLVAL_NR": 2055.8, "CRHOUSPCT": 0.0, "MUNGL1PCT": 2055.8, "AOEGL_HS": 0.0, "AOEGL_NR": 2055.8, "E911ADDR": "63 HILL ST", "SHAPE_Length": 0.0010537613938736347, "SHAPE_Area": 6.86281130060886e-08}, "geometry": {"type": "MultiPolygon", "coordinates": [[[[-72.49615196599996, 44.19273065800007], [-72.49644748899993, 44.192722090000075], [-72.49642818199999, 44.19295600500004], [-72.49616480199995, 44.19298838000003], [-72.49615196599996, 44.19273065800007]]]]}}, {"type": "Feature", "properties": {"OBJECTID": 5420, "SPAN": "036-011-11085", "GLIST_SPAN": "036-011-11085", "MAPID": "1515-0135.0000", "PARCID": "1515-0135-0000", "PROPTYPE": "PARCEL", "YEAR": 2023, "GLYEAR": 2022, "TOWN": "BARRE CITY", "TNAME": "Barre City", "SOURCENAME": null, "SOURCETYPE": "UNKNOWN", "SOURCEDATE": "UNKNOWN", "EDITMETHOD": "UNKNOWN", "EDITOR": "UNKNOWN", "EDITDATE": "UNKNOWN", "MATCHSTAT": "MATCH", "EDITNOTE": "UNKNOWN", "OWNER1": "135 WASHINGTON STREET LLC", "OWNER2": "C/O HENEY REALTORS", "ADDRGL1": "73 MAIN ST STE 17", "ADDRGL2": "", "CITYGL": "MONTPELIER", "STGL": "VT", "ZIPGL": "05602", "DESCPROP": "OFFICES-& APT 0.17AC", "LOCAPROP": "WASHINGTON ST 135", "CAT": "Commercial", "RESCODE": "C", "ACRESGL": 0.17, "REAL_FLV": 174300, "HSTED_FLV": 0, "NRES_FLV": 174300, "LAND_LV": 19900, "IMPRV_LV": 154400, "EQUIPVAL": 0, "EQUIPCODE": "", "INVENVAL": 0, "HSDECL": "N", "HSITEVAL": 0, "VETEXAMT": 0, "EXPDESC": "", "ENDDATE": "", "STATUTE": "", "EXAMT_HS": 0, "EXAMT_NR": 0, "UVREDUC_HS": 0, "UVREDUC_NR": 0, "GLVAL_HS": 0.0, "GLVAL_NR": 1743.0, "CRHOUSPCT": 0.0, "MUNGL1PCT": 1743.0, "AOEGL_HS": 0.0, "AOEGL_NR": 1743.0, "E911ADDR": "135 WASHINGTON ST", "SHAPE_Length": 0.0010590624654513339, "SHAPE_Area": 6.976220675122867e-08}, "geometry": {"type": "MultiPolygon", "coordinates": [[[[-72.49437371599998, 44.193105066000044], [-72.49452500899997, 44.19296613700004], [-72.49471537499994, 44.19301606800008], [-72.49471654699994, 44.19301648900006], [-72.49472825299995, 44.19325991000005], [-72.49463990599997, 44.19327551500004], [-72.49437019699997, 44.193108722000034], [-72.49437371599998, 44.193105066000044]]]]}}, {"type": "Feature", "properties": {"OBJECTID": 5430, "SPAN": "036-011-11089", "GLIST_SPAN": "036-011-11089", "MAPID": "0398-0026.0000", "PARCID": "0398-0026-0000", "PROPTYPE": "PARCEL", "YEAR": 2023, "GLYEAR": 2022, "TOWN": "BARRE CITY", "TNAME": "Barre City", "SOURCENAME": null, "SOURCETYPE": "UNKNOWN", "SOURCEDATE": "UNKNOWN", "EDITMETHOD": "UNKNOWN", "EDITOR": "UNKNOWN", "EDITDATE": "UNKNOWN", "MATCHSTAT": "MATCH", "EDITNOTE": "UNKNOWN", "OWNER1": "ENGLAND STEPHEN M & LISA M", "OWNER2": "", "ADDRGL1": "26 COLLEGE ST", "ADDRGL2": "", "CITYGL": "BARRE", "STGL": "VT", "ZIPGL": "05641-3112", "DESCPROP": "1 FAM-0.16AC", "LOCAPROP": "COLLEGE ST  26", "CAT": "Residential-1", "RESCODE": "T", "ACRESGL": 0.16, "REAL_FLV": 137700, "HSTED_FLV": 137700, "NRES_FLV": 0, "LAND_LV": 17800, "IMPRV_LV": 119900, "EQUIPVAL": 0, "EQUIPCODE": "", "INVENVAL": 0, "HSDECL": "Y", "HSITEVAL": 137700, "VETEXAMT": 0, "EXPDESC": "", "ENDDATE": "", "STATUTE": "", "EXAMT_HS": 0, "EXAMT_NR": 0, "UVREDUC_HS": 0, "UVREDUC_NR": 0, "GLVAL_HS": 1377.0, "GLVAL_NR": 0.0, "CRHOUSPCT": 0.0, "MUNGL1PCT": 1377.0, "AOEGL_HS": 1377.0, "AOEGL_NR": 0.0, "E911ADDR": "26 COLLEGE ST", "SHAPE_Length": 0.0012138421848039756, "SHAPE_Area": 7.136002177852156e-08}, "geometry": {"type": "MultiPolygon", "coordinates": [[[[-72.49650535099994, 44.19306111100008], [-72.49695599099994, 44.19300644200007], [-72.49688488299995, 44.19322005200007], [-72.49688331899995, 44.19322553600006], [-72.49647521699995, 44.19317504000003], [-72.49650535099994, 44.19306111100008]]]]}}, {"type": "Feature", "properties": {"OBJECTID": 5499, "SPAN": "036-011-10312", "GLIST_SPAN": "036-011-10312", "MAPID": "0955-0014.0000", "PARCID": "0955-0014-0000", "PROPTYPE": "PARCEL", "YEAR": 2023, "GLYEAR": 2022, "TOWN": "BARRE CITY", "TNAME": "Barre City", "SOURCENAME": null, "SOURCETYPE": "UNKNOWN", "SOURCEDATE": "UNKNOWN", "EDITMETHOD": "UNKNOWN", "EDITOR": "UNKNOWN", "EDITDATE": "UNKNOWN", "MATCHSTAT": "MATCH", "EDITNOTE": "UNKNOWN", "OWNER1": "MCCABE MARK S - TRUSTEE: THE MARK", "OWNER2": "MCCABE REVOCABLE TRUST DATED", "ADDRGL1": "32 SCHOOL ST  # 3", "ADDRGL2": "", "CITYGL": "MONTPELIER", "STGL": "VT", "ZIPGL": "05602", "DESCPROP": "4 APTS-2 BLDGS (2APTS EA)-0.14AC", "LOCAPROP": "LIBERTY ST  14 & 16", "CAT": "Residential-1", "RESCODE": "S", "ACRESGL": 0.14, "REAL_FLV": 184200, "HSTED_FLV": 0, "NRES_FLV": 184200, "LAND_LV": 13300, "IMPRV_LV": 170900, "EQUIPVAL": 0, "EQUIPCODE": "", "INVENVAL": 0, "HSDECL": "N", "HSITEVAL": 0, "VETEXAMT": 0, "EXPDESC": "", "ENDDATE": "", "STATUTE": "", "EXAMT_HS": 0, "EXAMT_NR": 0, "UVREDUC_HS": 0, "UVREDUC_NR": 0, "GLVAL_HS": 0.0, "GLVAL_NR": 1842.0, "CRHOUSPCT": 0.0, "MUNGL1PCT": 1842.0, "AOEGL_HS": 0.0, "AOEGL_NR": 1842.0, "E911ADDR": "1416 LIBERTY ST", "SHAPE_Length": 0.0010329001851373386, "SHAPE_Area": 6.119504613630884e-08}, "geometry": {"type": "MultiPolygon", "coordinates": [[[[-72.49560034599995, 44.193499710000026], [-72.49567424099996, 44.193317886000045], [-72.49570003999997, 44.19332070000007], [-72.49574186699994, 44.19332534200004], [-72.49597797299998, 44.193351507000045], [-72.49593769599994, 44.19353867600006], [-72.49563552799998, 44.193503649000036], [-72.49560034599995, 44.193499710000026]]]]}}, {"type": "Feature", "properties": {"OBJECTID": 5533, "SPAN": "036-011-10757", "GLIST_SPAN": "036-011-10757", "MAPID": "0300-0006.0000", "PARCID": "0300-0006-0000", "PROPTYPE": "PARCEL", "YEAR": 2023, "GLYEAR": 2022, "TOWN": "BARRE CITY", "TNAME": "Barre City", "SOURCENAME": null, "SOURCETYPE": "UNKNOWN", "SOURCEDATE": "UNKNOWN", "EDITMETHOD": "UNKNOWN", "EDITOR": "UNKNOWN", "EDITDATE": "UNKNOWN", "MATCHSTAT": "MATCH", "EDITNOTE": "UNKNOWN", "OWNER1": "CLARK DONALD G & BRENDA E-LIFE ESTATE;", "OWNER2": "CLARK STEPHEN L & POWERS KAREN L", "ADDRGL1": "6 CAMP ST", "ADDRGL2": "", "CITYGL": "BARRE", "STGL": "VT", "ZIPGL": "05641", "DESCPROP": "1 FAM-0.13AC", "LOCAPROP": "CAMP ST   6", "CAT": "Residential-1", "RESCODE": "T", "ACRESGL": 0.13, "REAL_FLV": 121000, "HSTED_FLV": 121000, "NRES_FLV": 0, "LAND_LV": 19600, "IMPRV_LV": 101400, "EQUIPVAL": 0, "EQUIPCODE": "", "INVENVAL": 0, "HSDECL": "Y", "HSITEVAL": 121000, "VETEXAMT": 0, "EXPDESC": "", "ENDDATE": "", "STATUTE": "", "EXAMT_HS": 0, "EXAMT_NR": 0, "UVREDUC_HS": 0, "UVREDUC_NR": 0, "GLVAL_HS": 1210.0, "GLVAL_NR": 0.0, "CRHOUSPCT": 0.0, "MUNGL1PCT": 1210.0, "AOEGL_HS": 1210.0, "AOEGL_NR": 0.0, "E911ADDR": "6 CAMP ST", "SHAPE_Length": 0.0011223226846481138, "SHAPE_Area": 5.283399167660333e-08}, "geometry": {"type": "MultiPolygon", "coordinates": [[[[-72.49154839299996, 44.19214569700006], [-72.49161017299997, 44.19201604600005], [-72.49161173699997, 44.19201674900006], [-72.49186306899998, 44.19212406300005], [-72.49184742999995, 44.192143187000056], [-72.49199595999994, 44.19222771200003], [-72.49198853199994, 44.192236853000054], [-72.49198071299998, 44.19224683600004], [-72.49194200699998, 44.19229577100003], [-72.49194083499998, 44.19229534900006], [-72.49193966199994, 44.192294927000034], [-72.49154956499996, 44.19214611800004], [-72.49154839299996, 44.19214569700006]]]]}}, {"type": "Feature", "properties": {"OBJECTID": 5542, "SPAN": "036-011-10325", "GLIST_SPAN": "036-011-10325", "MAPID": "1530-0052.0000", "PARCID": "1530-0052-0000", "PROPTYPE": "PARCEL", "YEAR": 2023, "GLYEAR": 2022, "TOWN": "BARRE CITY", "TNAME": "Barre City", "SOURCENAME": null, "SOURCETYPE": "UNKNOWN", "SOURCEDATE": "UNKNOWN", "EDITMETHOD": "UNKNOWN", "EDITOR": "UNKNOWN", "EDITDATE": "UNKNOWN", "MATCHSTAT": "MATCH", "EDITNOTE": "UNKNOWN", "OWNER1": "SMYTHE-BLACKBURN BRANDI", "OWNER2": "", "ADDRGL1": "52 WEBSTER ST", "ADDRGL2": "", "CITYGL": "BARRE", "STGL": "VT", "ZIPGL": "05641", "DESCPROP": "1 FAM-0.13AC", "LOCAPROP": "WEBSTER ST  52", "CAT": "Residential-1", "RESCODE": "T", "ACRESGL": 0.13, "REAL_FLV": 134700, "HSTED_FLV": 134700, "NRES_FLV": 0, "LAND_LV": 17200, "IMPRV_LV": 117500, "EQUIPVAL": 0, "EQUIPCODE": "", "INVENVAL": 0, "HSDECL": "Y", "HSITEVAL": 134700, "VETEXAMT": 0, "EXPDESC": "", "ENDDATE": "", "STATUTE": "", "EXAMT_HS": 0, "EXAMT_NR": 0, "UVREDUC_HS": 0, "UVREDUC_NR": 0, "GLVAL_HS": 1347.0, "GLVAL_NR": 0.0, "CRHOUSPCT": 0.0, "MUNGL1PCT": 1347.0, "AOEGL_HS": 1347.0, "AOEGL_NR": 0.0, "E911ADDR": "52 WEBSTER ST", "SHAPE_Length": 0.0009830237886627627, "SHAPE_Area": 5.892753558624934e-08}, "geometry": {"type": "MultiPolygon", "coordinates": [[[[-72.49349505899994, 44.19222879200004], [-72.49363579999994, 44.192060473000026], [-72.49387462699997, 44.19217045400006], [-72.49371785799997, 44.192355226000075], [-72.49371629399997, 44.19235705300008], [-72.49356541599997, 44.19227140500004], [-72.49352437299996, 44.192248763000066], [-72.49352359099998, 44.192248059000065], [-72.49352202799997, 44.192246934000025], [-72.49351733699996, 44.19224496500004], [-72.49349505899994, 44.19222879200004]]]]}}, {"type": "Feature", "properties": {"OBJECTID": 5549, "SPAN": "036-011-10766", "GLIST_SPAN": "036-011-10766", "MAPID": "1515-0147.0000", "PARCID": "1515-0147-0000", "PROPTYPE": "PARCEL", "YEAR": 2023, "GLYEAR": 2022, "TOWN": "BARRE CITY", "TNAME": "Barre City", "SOURCENAME": null, "SOURCETYPE": "UNKNOWN", "SOURCEDATE": "UNKNOWN", "EDITMETHOD": "UNKNOWN", "EDITOR": "UNKNOWN", "EDITDATE": "UNKNOWN", "MATCHSTAT": "MATCH", "EDITNOTE": "UNKNOWN", "OWNER1": "GOSSELIN MICHELLE M & GOSSELIN JOSHUA A", "OWNER2": "", "ADDRGL1": "147 WASHINGTON ST APT 1", "ADDRGL2": "", "CITYGL": "BARRE", "STGL": "VT", "ZIPGL": "05641-4324", "DESCPROP": "2 APTS-0.12AC", "LOCAPROP": "WASHINGTON ST 147", "CAT": "Residential-1", "RESCODE": "T", "ACRESGL": 0.12, "REAL_FLV": 192000, "HSTED_FLV": 102900, "NRES_FLV": 89100, "LAND_LV": 13800, "IMPRV_LV": 178200, "EQUIPVAL": 0, "EQUIPCODE": "", "INVENVAL": 0, "HSDECL": "Y", "HSITEVAL": 102900, "VETEXAMT": 0, "EXPDESC": "", "ENDDATE": "", "STATUTE": "", "EXAMT_HS": 0, "EXAMT_NR": 0, "UVREDUC_HS": 0, "UVREDUC_NR": 0, "GLVAL_HS": 1029.0, "GLVAL_NR": 891.0, "CRHOUSPCT": 0.0, "MUNGL1PCT": 1920.0, "AOEGL_HS": 1029.0, "AOEGL_NR": 891.0, "E911ADDR": "147 WASHINGTON ST", "SHAPE_Length": 0.0010563674800415732, "SHAPE_Area": 5.528586247255019e-08}, "geometry": {"type": "MultiPolygon", "coordinates": [[[[-72.49378115599995, 44.192614399000036], [-72.49388397099995, 44.192533264000076], [-72.49389256999996, 44.19253748400007], [-72.49394417499997, 44.19248629900005], [-72.49407159999998, 44.192564633000075], [-72.49385540899993, 44.19279299500005], [-72.49365527999998, 44.192672610000045], [-72.49365176099997, 44.19267064200005], [-72.49373580899999, 44.192639849000045], [-72.49378115599995, 44.192614399000036]]]]}}, {"type": "Feature", "properties": {"OBJECTID": 5555, "SPAN": "036-011-10769", "GLIST_SPAN": "036-011-10769", "MAPID": "0340-0007.0000", "PARCID": "0340-0007-0000", "PROPTYPE": "PARCEL", "YEAR": 2023, "GLYEAR": 2022, "TOWN": "BARRE CITY", "TNAME": "Barre City", "SOURCENAME": null, "SOURCETYPE": "UNKNOWN", "SOURCEDATE": "UNKNOWN", "EDITMETHOD": "UNKNOWN", "EDITOR": "UNKNOWN", "EDITDATE": "UNKNOWN", "MATCHSTAT": "MATCH", "EDITNOTE": "UNKNOWN", "OWNER1": "GRENIER ZENDA RAE", "OWNER2": "", "ADDRGL1": "1401 SUMMERWOOD CT", "ADDRGL2": "", "CITYGL": "SPRING HILL", "STGL": "FL", "ZIPGL": "34606-4457", "DESCPROP": "1 FAM-0.17AC", "LOCAPROP": "CHARLES ST   7", "CAT": "Residential-1", "RESCODE": "NS", "ACRESGL": 0.17, "REAL_FLV": 150100, "HSTED_FLV": 0, "NRES_FLV": 150100, "LAND_LV": 22100, "IMPRV_LV": 128000, "EQUIPVAL": 0, "EQUIPCODE": "", "INVENVAL": 0, "HSDECL": "N", "HSITEVAL": 150100, "VETEXAMT": 0, "EXPDESC": "", "ENDDATE": "", "STATUTE": "", "EXAMT_HS": 0, "EXAMT_NR": 0, "UVREDUC_HS": 0, "UVREDUC_NR": 0, "GLVAL_HS": 0.0, "GLVAL_NR": 1501.0, "CRHOUSPCT": 0.0, "MUNGL1PCT": 1501.0, "AOEGL_HS": 0.0, "AOEGL_NR": 1501.0, "E911ADDR": "7 CHARLES ST", "SHAPE_Length": 0.0012790512606679588, "SHAPE_Area": 7.761559880107901e-08}, "geometry": {"type": "MultiPolygon", "coordinates": [[[[-72.49192908499998, 44.19246620600006], [-72.49195880299999, 44.19239519300004], [-72.49240597299996, 44.19254400400007], [-72.49240519099999, 44.192545832000064], [-72.49235357499998, 44.19267956200008], [-72.49188841699998, 44.19256435900007], [-72.49192908499998, 44.19246620600006]]]]}}, {"type": "Feature", "properties": {"OBJECTID": 5560, "SPAN": "036-011-10334", "GLIST_SPAN": "036-011-10334", "MAPID": "0955-0009.0000", "PARCID": "0955-0009-0000", "PROPTYPE": "PARCEL", "YEAR": 2023, "GLYEAR": 2022, "TOWN": "BARRE CITY", "TNAME": "Barre City", "SOURCENAME": null, "SOURCETYPE": "UNKNOWN", "SOURCEDATE": "UNKNOWN", "EDITMETHOD": "UNKNOWN", "EDITOR": "UNKNOWN", "EDITDATE": "UNKNOWN", "MATCHSTAT": "MATCH", "EDITNOTE": "UNKNOWN", "OWNER1": "9LIBERTY LLC", "OWNER2": "", "ADDRGL1": "9 LIBERTY ST", "ADDRGL2": "", "CITYGL": "BARRE", "STGL": "VT", "ZIPGL": "05641", "DESCPROP": "1 FAM-0.11AC", "LOCAPROP": "LIBERTY ST   9", "CAT": "Residential-1", "RESCODE": "C", "ACRESGL": 0.11, "REAL_FLV": 122350, "HSTED_FLV": 0, "NRES_FLV": 122350, "LAND_LV": 12900, "IMPRV_LV": 109450, "EQUIPVAL": 0, "EQUIPCODE": "", "INVENVAL": 0, "HSDECL": "N", "HSITEVAL": 122350, "VETEXAMT": 0, "EXPDESC": "", "ENDDATE": "", "STATUTE": "", "EXAMT_HS": 0, "EXAMT_NR": 0, "UVREDUC_HS": 0, "UVREDUC_NR": 0, "GLVAL_HS": 0.0, "GLVAL_NR": 1223.5, "CRHOUSPCT": 0.0, "MUNGL1PCT": 1223.5, "AOEGL_HS": 0.0, "AOEGL_NR": 1223.5, "E911ADDR": "9 LIBERTY ST", "SHAPE_Length": 0.0009288688394236223, "SHAPE_Area": 5.2216338812924715e-08}, "geometry": {"type": "MultiPolygon", "coordinates": [[[[-72.49608819399998, 44.19357861800006], [-72.49608858399995, 44.19357777400006], [-72.49635791799994, 44.193607033000035], [-72.49632859199994, 44.19372346800003], [-72.49632781099996, 44.19372571800005], [-72.49630982399998, 44.193796733000056], [-72.49604557099997, 44.19376958400005], [-72.49604635299994, 44.19376564600003], [-72.49608819399998, 44.19357861800006]]]]}}, {"type": "Feature", "properties": {"OBJECTID": 5687, "SPAN": "036-011-11198", "GLIST_SPAN": "036-011-11198", "MAPID": "0398-0014.0000", "PARCID": "0398-0014-0000", "PROPTYPE": "PARCEL", "YEAR": 2023, "GLYEAR": 2022, "TOWN": "BARRE CITY", "TNAME": "Barre City", "SOURCENAME": null, "SOURCETYPE": "UNKNOWN", "SOURCEDATE": "UNKNOWN", "EDITMETHOD": "UNKNOWN", "EDITOR": "UNKNOWN", "EDITDATE": "UNKNOWN", "MATCHSTAT": "MATCH", "EDITNOTE": "UNKNOWN", "OWNER1": "FONDRY CONSTANCE E - LIFE ESTATE;", "OWNER2": "FONDRY GAIL", "ADDRGL1": "14 COLLEGE ST APT 1", "ADDRGL2": "", "CITYGL": "BARRE", "STGL": "VT", "ZIPGL": "05641", "DESCPROP": "2 APTS-0.16AC", "LOCAPROP": "COLLEGE ST  14", "CAT": "Residential-1", "RESCODE": "T", "ACRESGL": 0.16, "REAL_FLV": 184700, "HSTED_FLV": 184700, "NRES_FLV": 0, "LAND_LV": 23800, "IMPRV_LV": 160900, "EQUIPVAL": 0, "EQUIPCODE": "", "INVENVAL": 0, "HSDECL": "Y", "HSITEVAL": 184700, "VETEXAMT": 0, "EXPDESC": "", "ENDDATE": "", "STATUTE": "", "EXAMT_HS": 0, "EXAMT_NR": 0, "UVREDUC_HS": 0, "UVREDUC_NR": 0, "GLVAL_HS": 1847.0, "GLVAL_NR": 0.0, "CRHOUSPCT": 0.0, "MUNGL1PCT": 1847.0, "AOEGL_HS": 1847.0, "AOEGL_NR": 0.0, "E911ADDR": "14 COLLEGE ST", "SHAPE_Length": 0.0011581935297214692, "SHAPE_Area": 7.475303252119131e-08}, "geometry": {"type": "MultiPolygon", "coordinates": [[[[-72.49637629499995, 44.193535316000066], [-72.49637668699995, 44.19353390900005], [-72.49675938099995, 44.19359860800006], [-72.49670190799998, 44.19378085400007], [-72.49669995199997, 44.19378718200005], [-72.49632859199994, 44.19372346800003], [-72.49635791799994, 44.193607033000035], [-72.49637629499995, 44.193535316000066]]]]}}, {"type": "Feature", "properties": {"OBJECTID": 5690, "SPAN": "036-011-11201", "GLIST_SPAN": "036-011-11201", "MAPID": "1515-0102.0000", "PARCID": "1515-0102-0000", "PROPTYPE": "PARCEL", "YEAR": 2023, "GLYEAR": 2022, "TOWN": "BARRE CITY", "TNAME": "Barre City", "SOURCENAME": null, "SOURCETYPE": "UNKNOWN", "SOURCEDATE": "UNKNOWN", "EDITMETHOD": "UNKNOWN", "EDITOR": "UNKNOWN", "EDITDATE": "UNKNOWN", "MATCHSTAT": "MATCH", "EDITNOTE": "UNKNOWN", "OWNER1": "THOMPSON DANIEL P & PATRICIA B", "OWNER2": "", "ADDRGL1": "248 LOOMIS LANE", "ADDRGL2": "", "CITYGL": "ST ALBANS", "STGL": "VT", "ZIPGL": "05478", "DESCPROP": "3 APTS-0.14AC", "LOCAPROP": "WASHINGTON ST 102", "CAT": "Residential-1", "RESCODE": "S", "ACRESGL": 0.14, "REAL_FLV": 215140, "HSTED_FLV": 0, "NRES_FLV": 215140, "LAND_LV": 11730, "IMPRV_LV": 203410, "EQUIPVAL": 0, "EQUIPCODE": "", "INVENVAL": 0, "HSDECL": "N", "HSITEVAL": 0, "VETEXAMT": 0, "EXPDESC": "", "ENDDATE": "", "STATUTE": "", "EXAMT_HS": 0, "EXAMT_NR": 0, "UVREDUC_HS": 0, "UVREDUC_NR": 0, "GLVAL_HS": 0.0, "GLVAL_NR": 2151.4, "CRHOUSPCT": 0.0, "MUNGL1PCT": 2151.4, "AOEGL_HS": 0.0, "AOEGL_NR": 2151.4, "E911ADDR": "102 WASHINGTON ST", "SHAPE_Length": 0.0010285383539558766, "SHAPE_Area": 6.136813764475174e-08}, "geometry": {"type": "MultiPolygon", "coordinates": [[[[-72.49593567299996, 44.19454230800005], [-72.49615107999995, 44.19433995700007], [-72.49634301199995, 44.194445432000066], [-72.49612369599998, 44.19464778200006], [-72.49593567299996, 44.19454230800005]]]]}}, {"type": "Feature", "properties": {"OBJECTID": 5770, "SPAN": "036-011-11223", "GLIST_SPAN": "036-011-11223", "MAPID": "0955-0007.0000", "PARCID": "0955-0007-0000", "PROPTYPE": "PARCEL", "YEAR": 2023, "GLYEAR": 2022, "TOWN": "BARRE CITY", "TNAME": "Barre City", "SOURCENAME": null, "SOURCETYPE": "UNKNOWN", "SOURCEDATE": "UNKNOWN", "EDITMETHOD": "UNKNOWN", "EDITOR": "UNKNOWN", "EDITDATE": "UNKNOWN", "MATCHSTAT": "MATCH", "EDITNOTE": "UNKNOWN", "OWNER1": "BALLARD SAMUEL D & SMITH NICOLE L", "OWNER2": "", "ADDRGL1": "7 LIBERTY ST", "ADDRGL2": "", "CITYGL": "BARRE", "STGL": "VT", "ZIPGL": "05641-3129", "DESCPROP": "1 FAM-0.08AC", "LOCAPROP": "LIBERTY ST   7", "CAT": "Residential-1", "RESCODE": "T", "ACRESGL": 0.08, "REAL_FLV": 153000, "HSTED_FLV": 153000, "NRES_FLV": 0, "LAND_LV": 11600, "IMPRV_LV": 141400, "EQUIPVAL": 0, "EQUIPCODE": "", "INVENVAL": 0, "HSDECL": "Y", "HSITEVAL": 153000, "VETEXAMT": 0, "EXPDESC": "", "ENDDATE": "", "STATUTE": "", "EXAMT_HS": 0, "EXAMT_NR": 0, "UVREDUC_HS": 0, "UVREDUC_NR": 0, "GLVAL_HS": 1530.0, "GLVAL_NR": 0.0, "CRHOUSPCT": 0.0, "MUNGL1PCT": 1530.0, "AOEGL_HS": 1530.0, "AOEGL_NR": 0.0, "E911ADDR": "7 LIBERTY ST", "SHAPE_Length": 0.0008190338651455591, "SHAPE_Area": 3.644105832221517e-08}, "geometry": {"type": "MultiPolygon", "coordinates": [[[[-72.49601585299996, 44.19390486300006], [-72.49604557099997, 44.19376958400005], [-72.49630982399998, 44.193796733000056], [-72.49630943399995, 44.193798842000035], [-72.49630434399995, 44.19392245100005], [-72.49601585299996, 44.19390486300006]]]]}}, {"type": "Feature", "properties": {"OBJECTID": 6004, "SPAN": "036-011-11271", "GLIST_SPAN": "036-011-11271", "MAPID": "0790-0069.0000", "PARCID": "0790-0069-0000", "PROPTYPE": "PARCEL", "YEAR": 2023, "GLYEAR": 2022, "TOWN": "BARRE CITY", "TNAME": "Barre City", "SOURCENAME": null, "SOURCETYPE": "UNKNOWN", "SOURCEDATE": "UNKNOWN", "EDITMETHOD": "UNKNOWN", "EDITOR": "UNKNOWN", "EDITDATE": "UNKNOWN", "MATCHSTAT": "MATCH", "EDITNOTE": "UNKNOWN", "OWNER1": "GAGNE BRENT & SUSAN", "OWNER2": "", "ADDRGL1": "69 HILL ST APT 1", "ADDRGL2": "", "CITYGL": "BARRE", "STGL": "VT", "ZIPGL": "05641", "DESCPROP": "2 APTS-0.15AC", "LOCAPROP": "HILL ST  69", "CAT": "Residential-1", "RESCODE": "T", "ACRESGL": 0.15, "REAL_FLV": 150450, "HSTED_FLV": 86640, "NRES_FLV": 63810, "LAND_LV": 16700, "IMPRV_LV": 133750, "EQUIPVAL": 0, "EQUIPCODE": "", "INVENVAL": 0, "HSDECL": "Y", "HSITEVAL": 86640, "VETEXAMT": 0, "EXPDESC": "", "ENDDATE": "", "STATUTE": "", "EXAMT_HS": 0, "EXAMT_NR": 0, "UVREDUC_HS": 0, "UVREDUC_NR": 0, "GLVAL_HS": 866.0, "GLVAL_NR": 638.1, "CRHOUSPCT": 0.0, "MUNGL1PCT": 1504.5, "AOEGL_HS": 866.0, "AOEGL_NR": 638.1, "E911ADDR": "69 HILL ST", "SHAPE_Length": 0.0010679213507454423, "SHAPE_Area": 6.951772026090787e-08}, "geometry": {"type": "MultiPolygon", "coordinates": [[[[-72.49576301599996, 44.19277564400005], [-72.49576692499994, 44.19277550400005], [-72.49576653299994, 44.192776207000065], [-72.49586502299996, 44.19303299000006], [-72.49586697799998, 44.19303509900004], [-72.49561914099996, 44.19308374600007], [-72.49552182499997, 44.19281177500005], [-72.49576301599996, 44.19277564400005]]]]}}, {"type": "Feature", "properties": {"OBJECTID": 6041, "SPAN": "036-011-11310", "GLIST_SPAN": "036-011-11310", "MAPID": "0790-0081.0000", "PARCID": "0790-0081-0000", "PROPTYPE": "PARCEL", "YEAR": 2023, "GLYEAR": 2022, "TOWN": "BARRE CITY", "TNAME": "Barre City", "SOURCENAME": null, "SOURCETYPE": "UNKNOWN", "SOURCEDATE": "UNKNOWN", "EDITMETHOD": "UNKNOWN", "EDITOR": "UNKNOWN", "EDITDATE": "UNKNOWN", "MATCHSTAT": "MATCH", "EDITNOTE": "UNKNOWN", "OWNER1": "GAGNE BRENT & SUSAN W", "OWNER2": "", "ADDRGL1": "69 HILL ST", "ADDRGL2": "", "CITYGL": "BARRE", "STGL": "VT", "ZIPGL": "05641", "DESCPROP": "2 APTS-0.22AC", "LOCAPROP": "HILL ST  81", "CAT": "Residential-1", "RESCODE": "T", "ACRESGL": 0.22, "REAL_FLV": 151200, "HSTED_FLV": 0, "NRES_FLV": 151200, "LAND_LV": 23100, "IMPRV_LV": 128100, "EQUIPVAL": 0, "EQUIPCODE": "", "INVENVAL": 0, "HSDECL": "N", "HSITEVAL": 0, "VETEXAMT": 0, "EXPDESC": "", "ENDDATE": "", "STATUTE": "", "EXAMT_HS": 0, "EXAMT_NR": 0, "UVREDUC_HS": 0, "UVREDUC_NR": 0, "GLVAL_HS": 0.0, "GLVAL_NR": 1512.0, "CRHOUSPCT": 0.0, "MUNGL1PCT": 1512.0, "AOEGL_HS": 0.0, "AOEGL_NR": 1512.0, "E911ADDR": "81 HILL ST", "SHAPE_Length": 0.0012790987426709248, "SHAPE_Area": 1.0054100473375661e-07}, "geometry": {"type": "MultiPolygon", "coordinates": [[[[-72.49497650999996, 44.192883331000075], [-72.49529197199996, 44.19284284400004], [-72.49540023099996, 44.19312676800007], [-72.49507264699997, 44.193191160000026], [-72.49507225599996, 44.19318820700005], [-72.49497572899998, 44.19288361100007], [-72.49497650999996, 44.192883331000075]]]]}}, {"type": "Feature", "properties": {"OBJECTID": 6101, "SPAN": "036-011-11371", "GLIST_SPAN": "036-011-11371", "MAPID": "1515-0155.0000", "PARCID": "1515-0155-0000", "PROPTYPE": "PARCEL", "YEAR": 2023, "GLYEAR": 2022, "TOWN": "BARRE CITY", "TNAME": "Barre City", "SOURCENAME": null, "SOURCETYPE": "UNKNOWN", "SOURCEDATE": "UNKNOWN", "EDITMETHOD": "UNKNOWN", "EDITOR": "UNKNOWN", "EDITDATE": "UNKNOWN", "MATCHSTAT": "MATCH", "EDITNOTE": "UNKNOWN", "OWNER1": "P & G REAL ESTATE LLC", "OWNER2": "", "ADDRGL1": "155 WASHINGTON ST", "ADDRGL2": "", "CITYGL": "BARRE", "STGL": "VT", "ZIPGL": "05641-9782", "DESCPROP": "COM-MARKET-0.22AC", "LOCAPROP": "WASHINGTON ST 155", "CAT": "Commercial", "RESCODE": "C", "ACRESGL": 0.22, "REAL_FLV": 309600, "HSTED_FLV": 0, "NRES_FLV": 309600, "LAND_LV": 40600, "IMPRV_LV": 269000, "EQUIPVAL": 0, "EQUIPCODE": "", "INVENVAL": 0, "HSDECL": "N", "HSITEVAL": 0, "VETEXAMT": 0, "EXPDESC": "", "ENDDATE": "", "STATUTE": "", "EXAMT_HS": 0, "EXAMT_NR": 0, "UVREDUC_HS": 0, "UVREDUC_NR": 0, "GLVAL_HS": 0.0, "GLVAL_NR": 3096.0, "CRHOUSPCT": 0.0, "MUNGL1PCT": 3096.0, "AOEGL_HS": 0.0, "AOEGL_NR": 3096.0, "E911ADDR": "155 WASHINGTON ST", "SHAPE_Length": 0.0013174302421437374, "SHAPE_Area": 1.0362803903738854e-07}, "geometry": {"type": "MultiPolygon", "coordinates": [[[[-72.49322027299996, 44.19207746500007], [-72.49322300999995, 44.19207507500005], [-72.493232, 44.19208154300003], [-72.49349232199995, 44.192226824000045], [-72.49349505899994, 44.19222879200004], [-72.49351733699996, 44.19224496500004], [-72.49352202799997, 44.192246934000025], [-72.49352124599994, 44.19224791800008], [-72.49345947699999, 44.19231232100003], [-72.49330857299998, 44.192460107000045], [-72.49299313899996, 44.192276012000036], [-72.49322027299996, 44.19207746500007]]]]}}, {"type": "Feature", "properties": {"OBJECTID": 6140, "SPAN": "036-011-11412", "GLIST_SPAN": "036-011-11412", "MAPID": "0790-0123.0000", "PARCID": "0790-0123-0000", "PROPTYPE": "PARCEL", "YEAR": 2023, "GLYEAR": 2022, "TOWN": "BARRE CITY", "TNAME": "Barre City", "SOURCENAME": null, "SOURCETYPE": "UNKNOWN", "SOURCEDATE": "UNKNOWN", "EDITMETHOD": "UNKNOWN", "EDITOR": "UNKNOWN", "EDITDATE": "UNKNOWN", "MATCHSTAT": "MATCH", "EDITNOTE": "UNKNOWN", "OWNER1": "123 HILL STREET LLC", "OWNER2": "", "ADDRGL1": "76 STATE FOREST RD", "ADDRGL2": "", "CITYGL": "WASHINGTON", "STGL": "VT", "ZIPGL": "05675", "DESCPROP": "3 APTS-0.80AC", "LOCAPROP": "HILL ST 123", "CAT": "Residential-1", "RESCODE": "C", "ACRESGL": 0.8, "REAL_FLV": 189550, "HSTED_FLV": 0, "NRES_FLV": 189550, "LAND_LV": 48380, "IMPRV_LV": 141170, "EQUIPVAL": 0, "EQUIPCODE": "", "INVENVAL": 0, "HSDECL": "N", "HSITEVAL": 102000, "VETEXAMT": 0, "EXPDESC": "", "ENDDATE": "", "STATUTE": "", "EXAMT_HS": 0, "EXAMT_NR": 0, "UVREDUC_HS": 0, "UVREDUC_NR": 0, "GLVAL_HS": 0.0, "GLVAL_NR": 1895.5, "CRHOUSPCT": 0.0, "MUNGL1PCT": 1895.5, "AOEGL_HS": 0.0, "AOEGL_NR": 1895.5, "E911ADDR": "123 HILL ST", "SHAPE_Length": 0.0024944946980087345, "SHAPE_Area": 3.6275115740810106e-07}, "geometry": {"type": "MultiPolygon", "coordinates": [[[[-72.49147205999998, 44.192890857000066], [-72.49158438899997, 44.19263035500006], [-72.49182749099998, 44.19269378100006], [-72.49183406299994, 44.19269541600005], [-72.49185947199999, 44.19270174600007], [-72.49202360999993, 44.19274333200008], [-72.49230195799998, 44.192813854000065], [-72.49219989699998, 44.19307850100006], [-72.49214280599995, 44.19322657400005], [-72.49214202299999, 44.193228684000076], [-72.49205055299996, 44.193216162000056], [-72.49169014599994, 44.19316452700008], [-72.49138016399996, 44.193122035000044], [-72.49137429999996, 44.19312133200003], [-72.49147205999998, 44.192890857000066]]]]}}, {"type": "Feature", "properties": {"OBJECTID": 6166, "SPAN": "036-011-11439", "GLIST_SPAN": "036-011-11439", "MAPID": "0955-0041.0000", "PARCID": "0955-0041-0000", "PROPTYPE": "PARCEL", "YEAR": 2023, "GLYEAR": 2022, "TOWN": "BARRE CITY", "TNAME": "Barre City", "SOURCENAME": null, "SOURCETYPE": "UNKNOWN", "SOURCEDATE": "UNKNOWN", "EDITMETHOD": "UNKNOWN", "EDITOR": "UNKNOWN", "EDITDATE": "UNKNOWN", "MATCHSTAT": "MATCH", "EDITNOTE": "UNKNOWN", "OWNER1": "WENTWORTH LINDA GAY", "OWNER2": "", "ADDRGL1": "41 LIBERTY ST", "ADDRGL2": "", "CITYGL": "BARRE", "STGL": "VT", "ZIPGL": "05641", "DESCPROP": "1 FAM-0.15AC", "LOCAPROP": "LIBERTY ST  41", "CAT": "Residential-1", "RESCODE": "T", "ACRESGL": 0.15, "REAL_FLV": 153800, "HSTED_FLV": 153800, "NRES_FLV": 0, "LAND_LV": 16700, "IMPRV_LV": 137100, "EQUIPVAL": 0, "EQUIPCODE": "", "INVENVAL": 0, "HSDECL": "Y", "HSITEVAL": 153800, "VETEXAMT": 0, "EXPDESC": "", "ENDDATE": "", "STATUTE": "", "EXAMT_HS": 0, "EXAMT_NR": 0, "UVREDUC_HS": 0, "UVREDUC_NR": 0, "GLVAL_HS": 1538.0, "GLVAL_NR": 0.0, "CRHOUSPCT": 0.0, "MUNGL1PCT": 1538.0, "AOEGL_HS": 1538.0, "AOEGL_NR": 0.0, "E911ADDR": "41 LIBERTY ST", "SHAPE_Length": 0.0010614675233879052, "SHAPE_Area": 6.548984799521497e-08}, "geometry": {"type": "MultiPolygon", "coordinates": [[[[-72.49614300199994, 44.19233817700007], [-72.49648034799998, 44.19232946900007], [-72.49646391899995, 44.192525498000066], [-72.49645961899995, 44.192526342000065], [-72.49614220699993, 44.19253308200007], [-72.49613244699998, 44.19233845800005], [-72.49614300199994, 44.19233817700007]]]]}}, {"type": "Feature", "properties": {"OBJECTID": 6183, "SPAN": "036-011-11455", "GLIST_SPAN": "036-011-11455", "MAPID": "1055-0016.0000", "PARCID": "1055-0016-0000", "PROPTYPE": "PARCEL", "YEAR": 2023, "GLYEAR": 2022, "TOWN": "BARRE CITY", "TNAME": "Barre City", "SOURCENAME": null, "SOURCETYPE": "UNKNOWN", "SOURCEDATE": "UNKNOWN", "EDITMETHOD": "UNKNOWN", "EDITOR": "UNKNOWN", "EDITDATE": "UNKNOWN", "MATCHSTAT": "MATCH", "EDITNOTE": "UNKNOWN", "OWNER1": "M & S PROPERTIES LLC", "OWNER2": "", "ADDRGL1": "4 PARK ST", "ADDRGL2": "", "CITYGL": "BARRE", "STGL": "VT", "ZIPGL": "05641", "DESCPROP": "4 APTS-0.18AC", "LOCAPROP": "MT VERNON PL  16", "CAT": "Residential-1", "RESCODE": "C", "ACRESGL": 0.18, "REAL_FLV": 171070, "HSTED_FLV": 0, "NRES_FLV": 171070, "LAND_LV": 17730, "IMPRV_LV": 153340, "EQUIPVAL": 0, "EQUIPCODE": "", "INVENVAL": 0, "HSDECL": "N", "HSITEVAL": 171070, "VETEXAMT": 0, "EXPDESC": "", "ENDDATE": "", "STATUTE": "", "EXAMT_HS": 0, "EXAMT_NR": 0, "UVREDUC_HS": 0, "UVREDUC_NR": 0, "GLVAL_HS": 0.0, "GLVAL_NR": 1710.7, "CRHOUSPCT": 0.0, "MUNGL1PCT": 1710.7, "AOEGL_HS": 0.0, "AOEGL_NR": 1710.7, "E911ADDR": "16 MT VERNON PL", "SHAPE_Length": 0.001175475092593011, "SHAPE_Area": 7.931157285373091e-08}, "geometry": {"type": "MultiPolygon", "coordinates": [[[[-72.49436046699998, 44.19266744400005], [-72.49458681799996, 44.192456519000075], [-72.49475998499997, 44.19248929200006], [-72.49474199299993, 44.192602916000055], [-72.49471031199994, 44.192800772000055], [-72.49470757599994, 44.19279964700007], [-72.49451369599996, 44.192723139000066], [-72.49451174099994, 44.192722436000054], [-72.49436046699998, 44.19266744400005]]]]}}, {"type": "Feature", "properties": {"OBJECTID": 6191, "SPAN": "036-011-11464", "GLIST_SPAN": "036-011-11464", "MAPID": "1110-0007.0000", "PARCID": "1110-0007-0000", "PROPTYPE": "PARCEL", "YEAR": 2023, "GLYEAR": 2022, "TOWN": "BARRE CITY", "TNAME": "Barre City", "SOURCENAME": null, "SOURCETYPE": "UNKNOWN", "SOURCEDATE": "UNKNOWN", "EDITMETHOD": "UNKNOWN", "EDITOR": "UNKNOWN", "EDITDATE": "UNKNOWN", "MATCHSTAT": "MATCH", "EDITNOTE": "UNKNOWN", "OWNER1": "CORKINS CAITLIN E", "OWNER2": "", "ADDRGL1": "7 ORANGE ST", "ADDRGL2": "", "CITYGL": "BARRE", "STGL": "VT", "ZIPGL": "05641", "DESCPROP": "1 FAM-0.19AC", "LOCAPROP": "ORANGE ST   7", "CAT": "Residential-1", "RESCODE": "T", "ACRESGL": 0.19, "REAL_FLV": 126030, "HSTED_FLV": 126030, "NRES_FLV": 0, "LAND_LV": 23920, "IMPRV_LV": 102110, "EQUIPVAL": 0, "EQUIPCODE": "", "INVENVAL": 0, "HSDECL": "Y", "HSITEVAL": 126030, "VETEXAMT": 0, "EXPDESC": "", "ENDDATE": "", "STATUTE": "", "EXAMT_HS": 0, "EXAMT_NR": 0, "UVREDUC_HS": 0, "UVREDUC_NR": 0, "GLVAL_HS": 1260.0, "GLVAL_NR": 0.0, "CRHOUSPCT": 0.0, "MUNGL1PCT": 1260.3, "AOEGL_HS": 1260.0, "AOEGL_NR": 0.0, "E911ADDR": "7 ORANGE ST", "SHAPE_Length": 0.0012188334781969659, "SHAPE_Area": 8.668621251315863e-08}, "geometry": {"type": "MultiPolygon", "coordinates": [[[[-72.49565637499995, 44.19173572700004], [-72.49567553199995, 44.19170324400005], [-72.49568256799995, 44.19170352500004], [-72.49594016499998, 44.19174670600006], [-72.49590693499994, 44.19180225200006], [-72.49587057699995, 44.19186384300008], [-72.49575329399994, 44.19206127500007], [-72.49550859699997, 44.19198659400007], [-72.49550977099994, 44.191984766000076], [-72.49561845399995, 44.19179999100004], [-72.49561884399998, 44.19179942800008], [-72.49565637499995, 44.19173572700004]]]]}}, {"type": "Feature", "properties": {"OBJECTID": 6197, "SPAN": "036-011-11470", "GLIST_SPAN": "036-011-11470", "MAPID": "1110-0008.0000", "PARCID": "1110-0008-0000", "PROPTYPE": "PARCEL", "YEAR": 2023, "GLYEAR": 2022, "TOWN": "BARRE CITY", "TNAME": "Barre City", "SOURCENAME": null, "SOURCETYPE": "UNKNOWN", "SOURCEDATE": "UNKNOWN", "EDITMETHOD": "UNKNOWN", "EDITOR": "UNKNOWN", "EDITDATE": "UNKNOWN", "MATCHSTAT": "MATCH", "EDITNOTE": "UNKNOWN", "OWNER1": "TERWAY TIMOTHY M & COLLETT AMBER M", "OWNER2": "", "ADDRGL1": "8 ORANGE ST", "ADDRGL2": "", "CITYGL": "BARRE", "STGL": "VT", "ZIPGL": "05641", "DESCPROP": "1 FAM-0.24AC", "LOCAPROP": "ORANGE ST   8", "CAT": "Residential-1", "RESCODE": "T", "ACRESGL": 0.24, "REAL_FLV": 154900, "HSTED_FLV": 154900, "NRES_FLV": 0, "LAND_LV": 28600, "IMPRV_LV": 126300, "EQUIPVAL": 0, "EQUIPCODE": "", "INVENVAL": 0, "HSDECL": "Y", "HSITEVAL": 154900, "VETEXAMT": 0, "EXPDESC": "", "ENDDATE": "", "STATUTE": "", "EXAMT_HS": 0, "EXAMT_NR": 0, "UVREDUC_HS": 0, "UVREDUC_NR": 0, "GLVAL_HS": 1549.0, "GLVAL_NR": 0.0, "CRHOUSPCT": 0.0, "MUNGL1PCT": 1549.0, "AOEGL_HS": 1549.0, "AOEGL_NR": 0.0, "E911ADDR": "8 ORANGE ST", "SHAPE_Length": 0.001489388158577055, "SHAPE_Area": 1.0524299004224442e-07}, "geometry": {"type": "MultiPolygon", "coordinates": [[[[-72.49524939199995, 44.19249114200005], [-72.49531507999995, 44.19228302100004], [-72.49525605499997, 44.19226923800005], [-72.49525761899997, 44.192266706000055], [-72.49535731199995, 44.19209107200004], [-72.49560435399997, 44.192166737000036], [-72.49560357299998, 44.19216800300006], [-72.49551169899996, 44.19232381000006], [-72.49558284199998, 44.19233787600007], [-72.49558596899993, 44.192341673000044], [-72.49557345999995, 44.19233886000006], [-72.49550855499996, 44.19253896400005], [-72.49550816499993, 44.19253980900004], [-72.49524939199995, 44.19249114200005]]]]}}, {"type": "Feature", "properties": {"OBJECTID": 6211, "SPAN": "036-011-11484", "GLIST_SPAN": "036-011-11484", "MAPID": "1515-0121.0000", "PARCID": "1515-0121-0000", "PROPTYPE": "PARCEL", "YEAR": 2023, "GLYEAR": 2022, "TOWN": "BARRE CITY", "TNAME": "Barre City", "SOURCENAME": null, "SOURCETYPE": "UNKNOWN", "SOURCEDATE": "UNKNOWN", "EDITMETHOD": "UNKNOWN", "EDITOR": "UNKNOWN", "EDITDATE": "UNKNOWN", "MATCHSTAT": "MATCH", "EDITNOTE": "UNKNOWN", "OWNER1": "DOLE LINDA LEE & MASSEY JOHN JR & STACEY", "OWNER2": "C/O JULIE R DALLEY", "ADDRGL1": "121 WASHINGTON ST", "ADDRGL2": "", "CITYGL": "BARRE", "STGL": "VT", "ZIPGL": "05641", "DESCPROP": "1 FAM-0.11AC", "LOCAPROP": "WASHINGTON ST 121", "CAT": "Residential-1", "RESCODE": "T", "ACRESGL": 0.11, "REAL_FLV": 102500, "HSTED_FLV": 0, "NRES_FLV": 102500, "LAND_LV": 10800, "IMPRV_LV": 91700, "EQUIPVAL": 0, "EQUIPCODE": "", "INVENVAL": 0, "HSDECL": "N", "HSITEVAL": 102500, "VETEXAMT": 0, "EXPDESC": "", "ENDDATE": "", "STATUTE": "", "EXAMT_HS": 0, "EXAMT_NR": 0, "UVREDUC_HS": 0, "UVREDUC_NR": 0, "GLVAL_HS": 0.0, "GLVAL_NR": 1025.0, "CRHOUSPCT": 0.0, "MUNGL1PCT": 1025.0, "AOEGL_HS": 0.0, "AOEGL_NR": 1025.0, "E911ADDR": "121 WASHINGTON ST", "SHAPE_Length": 0.0009462302728310971, "SHAPE_Area": 5.3178242733918823e-08}, "geometry": {"type": "MultiPolygon", "coordinates": [[[[-72.49550611499996, 44.19379276600006], [-72.49569298099993, 44.19363274400007], [-72.49588647299998, 44.193750453000064], [-72.49570507999994, 44.19391103900006], [-72.49550806999997, 44.19379389200003], [-72.49550611499996, 44.19379276600006]]]]}}, {"type": "Feature", "properties": {"OBJECTID": 6221, "SPAN": "036-011-11496", "GLIST_SPAN": "036-011-11496", "MAPID": "0398-0006.0000", "PARCID": "0398-0006-0000", "PROPTYPE": "PARCEL", "YEAR": 2023, "GLYEAR": 2022, "TOWN": "BARRE CITY", "TNAME": "Barre City", "SOURCENAME": null, "SOURCETYPE": "UNKNOWN", "SOURCEDATE": "UNKNOWN", "EDITMETHOD": "UNKNOWN", "EDITOR": "UNKNOWN", "EDITDATE": "UNKNOWN", "MATCHSTAT": "MATCH", "EDITNOTE": "UNKNOWN", "OWNER1": "HAWTHORNE MARY HELEN & WHEELER ELLEN", "OWNER2": "", "ADDRGL1": "6 COLLEGE ST", "ADDRGL2": "", "CITYGL": "BARRE", "STGL": "VT", "ZIPGL": "05641", "DESCPROP": "1 FAM-0.05AC", "LOCAPROP": "COLLEGE ST   6", "CAT": "Residential-1", "RESCODE": "T", "ACRESGL": 0.05, "REAL_FLV": 109600, "HSTED_FLV": 109600, "NRES_FLV": 0, "LAND_LV": 8100, "IMPRV_LV": 101500, "EQUIPVAL": 0, "EQUIPCODE": "", "INVENVAL": 0, "HSDECL": "Y", "HSITEVAL": 109600, "VETEXAMT": 0, "EXPDESC": "", "ENDDATE": "", "STATUTE": "", "EXAMT_HS": 0, "EXAMT_NR": 0, "UVREDUC_HS": 0, "UVREDUC_NR": 0, "GLVAL_HS": 1096.0, "GLVAL_NR": 0.0, "CRHOUSPCT": 0.0, "MUNGL1PCT": 1096.0, "AOEGL_HS": 1096.0, "AOEGL_NR": 0.0, "E911ADDR": "6 COLLEGE ST", "SHAPE_Length": 0.0007465355716984102, "SHAPE_Area": 3.285301010659037e-08}, "geometry": {"type": "MultiPolygon", "coordinates": [[[[-72.49635007499995, 44.194033122000064], [-72.49638252399996, 44.193927657000074], [-72.49663583399996, 44.19397294600003], [-72.49663856699993, 44.19397378800005], [-72.49663778999997, 44.19397575800008], [-72.49661107099996, 44.19406212900003], [-72.49655973299997, 44.19408960100003], [-72.49637274599996, 44.19406125100005], [-72.49635007499995, 44.194033122000064]]]]}}, {"type": "Feature", "properties": {"OBJECTID": 6239, "SPAN": "036-011-11512", "GLIST_SPAN": "036-011-11512", "MAPID": "1515-0119.0000", "PARCID": "1515-0119-0000", "PROPTYPE": "PARCEL", "YEAR": 2023, "GLYEAR": 2022, "TOWN": "BARRE CITY", "TNAME": "Barre City", "SOURCENAME": null, "SOURCETYPE": "UNKNOWN", "SOURCEDATE": "UNKNOWN", "EDITMETHOD": "UNKNOWN", "EDITOR": "UNKNOWN", "EDITDATE": "UNKNOWN", "MATCHSTAT": "MATCH", "EDITNOTE": "UNKNOWN", "OWNER1": "HEBERT BRIAN R", "OWNER2": "", "ADDRGL1": "119 WASHINGTON ST", "ADDRGL2": "", "CITYGL": "BARRE", "STGL": "VT", "ZIPGL": "05641", "DESCPROP": "1 FAM-0.03AC", "LOCAPROP": "WASHINGTON ST 119", "CAT": "Residential-1", "RESCODE": "T", "ACRESGL": 0.03, "REAL_FLV": 61210, "HSTED_FLV": 61210, "NRES_FLV": 0, "LAND_LV": 4050, "IMPRV_LV": 57160, "EQUIPVAL": 0, "EQUIPCODE": "", "INVENVAL": 0, "HSDECL": "Y", "HSITEVAL": 61210, "VETEXAMT": 0, "EXPDESC": "", "ENDDATE": "", "STATUTE": "", "EXAMT_HS": 0, "EXAMT_NR": 0, "UVREDUC_HS": 0, "UVREDUC_NR": 0, "GLVAL_HS": 612.0, "GLVAL_NR": 0.0, "CRHOUSPCT": 0.0, "MUNGL1PCT": 612.1, "AOEGL_HS": 612.0, "AOEGL_NR": 0.0, "E911ADDR": "119 WASHINGTON ST", "SHAPE_Length": 0.0006534840348079836, "SHAPE_Area": 1.9113794790682455e-08}, "geometry": {"type": "MultiPolygon", "coordinates": [[[[-72.49570507999994, 44.19391103900006], [-72.49588647299998, 44.193750453000064], [-72.49589194599997, 44.19375368800007], [-72.49589116399994, 44.193757625000046], [-72.49583993699997, 44.19399443400005], [-72.49572306099998, 44.19392172700003], [-72.49570507999994, 44.19391103900006]]]]}}, {"type": "Feature", "properties": {"OBJECTID": 6258, "SPAN": "036-011-11539", "GLIST_SPAN": "036-011-11539", "MAPID": "1110-0018.0000", "PARCID": "1110-0018-0000", "PROPTYPE": "PARCEL", "YEAR": 2023, "GLYEAR": 2022, "TOWN": "BARRE CITY", "TNAME": "Barre City", "SOURCENAME": null, "SOURCETYPE": "UNKNOWN", "SOURCEDATE": "UNKNOWN", "EDITMETHOD": "UNKNOWN", "EDITOR": "UNKNOWN", "EDITDATE": "UNKNOWN", "MATCHSTAT": "MATCH", "EDITNOTE": "UNKNOWN", "OWNER1": "HIGBY SUSAN M & WASKOW MARK S AS", "OWNER2": "CO-TRUSTEES OF THE SUSAN M HIGBY TRUST", "ADDRGL1": "18 ORANGE ST", "ADDRGL2": "", "CITYGL": "BARRE", "STGL": "VT", "ZIPGL": "05641", "DESCPROP": "1 FAM-0.24AC", "LOCAPROP": "ORANGE ST  18", "CAT": "Residential-1", "RESCODE": "T", "ACRESGL": 0.24, "REAL_FLV": 163300, "HSTED_FLV": 163300, "NRES_FLV": 0, "LAND_LV": 28600, "IMPRV_LV": 134700, "EQUIPVAL": 0, "EQUIPCODE": "", "INVENVAL": 0, "HSDECL": "Y", "HSITEVAL": 163300, "VETEXAMT": 0, "EXPDESC": "", "ENDDATE": "", "STATUTE": "", "EXAMT_HS": 0, "EXAMT_NR": 0, "UVREDUC_HS": 0, "UVREDUC_NR": 0, "GLVAL_HS": 1633.0, "GLVAL_NR": 0.0, "CRHOUSPCT": 0.0, "MUNGL1PCT": 1633.0, "AOEGL_HS": 1633.0, "AOEGL_NR": 0.0, "E911ADDR": "18 ORANGE ST", "SHAPE_Length": 0.0014401506844765118, "SHAPE_Area": 1.0418522011552469e-07}, "geometry": {"type": "MultiPolygon", "coordinates": [[[[-72.49504262799996, 44.19222071400003], [-72.49515092299998, 44.19202778300007], [-72.49535731199995, 44.19209107200004], [-72.49525761899997, 44.192266706000055], [-72.49525605499997, 44.19226923800005], [-72.49531507999995, 44.19228302100004], [-72.49524939199995, 44.19249114200005], [-72.49498319299994, 44.19244238400006], [-72.49505943699995, 44.192226480000045], [-72.49504184599994, 44.19222197900007], [-72.49504262799996, 44.19222071400003]]]]}}, {"type": "Feature", "properties": {"OBJECTID": 6364, "SPAN": "036-011-11644", "GLIST_SPAN": "036-011-11644", "MAPID": "1515-0099.0000", "PARCID": "1515-0099-0000", "PROPTYPE": "PARCEL", "YEAR": 2023, "GLYEAR": 2022, "TOWN": "BARRE CITY", "TNAME": "Barre City", "SOURCENAME": null, "SOURCETYPE": "UNKNOWN", "SOURCEDATE": "UNKNOWN", "EDITMETHOD": "UNKNOWN", "EDITOR": "UNKNOWN", "EDITDATE": "UNKNOWN", "MATCHSTAT": "MATCH", "EDITNOTE": "UNKNOWN", "OWNER1": "J & C BERWICK LLC", "OWNER2": "", "ADDRGL1": "PO BOX 272", "ADDRGL2": "", "CITYGL": "PEACHAM", "STGL": "VT", "ZIPGL": "05862", "DESCPROP": "2 APTS-0.20AC", "LOCAPROP": "WASHINGTON ST  99", "CAT": "Residential-1", "RESCODE": "C", "ACRESGL": 0.2, "REAL_FLV": 181700, "HSTED_FLV": 0, "NRES_FLV": 181700, "LAND_LV": 17800, "IMPRV_LV": 163900, "EQUIPVAL": 0, "EQUIPCODE": "", "INVENVAL": 0, "HSDECL": "N", "HSITEVAL": 0, "VETEXAMT": 0, "EXPDESC": "", "ENDDATE": "", "STATUTE": "", "EXAMT_HS": 0, "EXAMT_NR": 0, "UVREDUC_HS": 0, "UVREDUC_NR": 0, "GLVAL_HS": 0.0, "GLVAL_NR": 1817.0, "CRHOUSPCT": 0.0, "MUNGL1PCT": 1817.0, "AOEGL_HS": 0.0, "AOEGL_NR": 1817.0, "E911ADDR": "99 WASHINGTON ST", "SHAPE_Length": 0.0011810150443821127, "SHAPE_Area": 8.92802299307048e-08}, "geometry": {"type": "MultiPolygon", "coordinates": [[[[-72.49662046199995, 44.194418119000034], [-72.49669582299998, 44.19420164700006], [-72.49684431899993, 44.19423292500005], [-72.49701141999998, 44.19430437200003], [-72.49700738899998, 44.19431890200008], [-72.49703448599996, 44.19433333600006], [-72.49684374699996, 44.19456186600007], [-72.49663298699994, 44.19444820000007], [-72.49662841399999, 44.19444481100004], [-72.49662464899995, 44.19444094100004], [-72.49662178899996, 44.19443668900004], [-72.49661990499999, 44.194432164000034], [-72.49661904599998, 44.19442748000006], [-72.49661923199994, 44.194422759000076], [-72.49662046199995, 44.194418119000034]]]]}}, {"type": "Feature", "properties": {"OBJECTID": 6471, "SPAN": "036-011-11749", "GLIST_SPAN": "036-011-11749", "MAPID": "1515-0168.0000", "PARCID": "1515-0168-0000", "PROPTYPE": "PARCEL", "YEAR": 2023, "GLYEAR": 2022, "TOWN": "BARRE CITY", "TNAME": "Barre City", "SOURCENAME": null, "SOURCETYPE": "UNKNOWN", "SOURCEDATE": "UNKNOWN", "EDITMETHOD": "UNKNOWN", "EDITOR": "UNKNOWN", "EDITDATE": "UNKNOWN", "MATCHSTAT": "MATCH", "EDITNOTE": "UNKNOWN", "OWNER1": "ROWELL JASON C & JENNIFER", "OWNER2": "", "ADDRGL1": "168 WASHINGTON ST  UNIT 4", "ADDRGL2": "", "CITYGL": "BARRE", "STGL": "VT", "ZIPGL": "05641", "DESCPROP": "4 APTS-0.43AC", "LOCAPROP": "WASHINGTON ST 168", "CAT": "Residential-1", "RESCODE": "T", "ACRESGL": 0.43, "REAL_FLV": 202830, "HSTED_FLV": 0, "NRES_FLV": 202830, "LAND_LV": 26460, "IMPRV_LV": 176370, "EQUIPVAL": 0, "EQUIPCODE": "", "INVENVAL": 0, "HSDECL": "N", "HSITEVAL": 77270, "VETEXAMT": 0, "EXPDESC": "", "ENDDATE": "", "STATUTE": "", "EXAMT_HS": 0, "EXAMT_NR": 0, "UVREDUC_HS": 0, "UVREDUC_NR": 0, "GLVAL_HS": 0.0, "GLVAL_NR": 2028.3, "CRHOUSPCT": 0.0, "MUNGL1PCT": 2028.3, "AOEGL_HS": 0.0, "AOEGL_NR": 2028.3, "E911ADDR": "168 WASHINGTON ST", "SHAPE_Length": 0.0018080934985421873, "SHAPE_Area": 1.938324697280342e-07}, "geometry": {"type": "MultiPolygon", "coordinates": [[[[-72.49218284099999, 44.19199049300005], [-72.49218557899997, 44.191986977000056], [-72.49253149599997, 44.19219118600006], [-72.49247948999994, 44.19232660400007], [-72.49240597299996, 44.19254400400007], [-72.49195880299999, 44.19239519300004], [-72.49194629399994, 44.192390974000034], [-72.49200141999995, 44.19232418100006], [-72.49194122499995, 44.19229689500003], [-72.49194200699998, 44.19229577100003], [-72.49198071299998, 44.19224683600004], [-72.49198853199994, 44.192236853000054], [-72.49199595999994, 44.19222771200003], [-72.49218284099999, 44.19199049300005]]]]}}, {"type": "Feature", "properties": {"OBJECTID": 6476, "SPAN": "036-011-11754", "GLIST_SPAN": "036-011-11754", "MAPID": "1515-0149.0000", "PARCID": "1515-0149-0000", "PROPTYPE": "PARCEL", "YEAR": 2023, "GLYEAR": 2022, "TOWN": "BARRE CITY", "TNAME": "Barre City", "SOURCENAME": null, "SOURCETYPE": "UNKNOWN", "SOURCEDATE": "UNKNOWN", "EDITMETHOD": "UNKNOWN", "EDITOR": "UNKNOWN", "EDITDATE": "UNKNOWN", "MATCHSTAT": "MATCH", "EDITNOTE": "UNKNOWN", "OWNER1": "LACROIX TERRENCE A & MARTHA A", "OWNER2": "", "ADDRGL1": "149 WASHINGTON ST", "ADDRGL2": "", "CITYGL": "BARRE", "STGL": "VT", "ZIPGL": "05641", "DESCPROP": "1 FAM-0.08AC", "LOCAPROP": "WASHINGTON ST 149", "CAT": "Residential-1", "RESCODE": "T", "ACRESGL": 0.08, "REAL_FLV": 95090, "HSTED_FLV": 95090, "NRES_FLV": 0, "LAND_LV": 11640, "IMPRV_LV": 83450, "EQUIPVAL": 0, "EQUIPCODE": "", "INVENVAL": 0, "HSDECL": "Y", "HSITEVAL": 95090, "VETEXAMT": 0, "EXPDESC": "", "ENDDATE": "", "STATUTE": "", "EXAMT_HS": 0, "EXAMT_NR": 0, "UVREDUC_HS": 0, "UVREDUC_NR": 0, "GLVAL_HS": 951.0, "GLVAL_NR": 0.0, "CRHOUSPCT": 0.0, "MUNGL1PCT": 950.9, "AOEGL_HS": 951.0, "AOEGL_NR": 0.0, "E911ADDR": "149 WASHINGTON ST", "SHAPE_Length": 0.0008981350329062706, "SHAPE_Area": 3.9903553073670126e-08}, "geometry": {"type": "MultiPolygon", "coordinates": [[[[-72.49359234799994, 44.19263407600005], [-72.49380189499993, 44.19240557300003], [-72.49392736699997, 44.19247687600006], [-72.49394339299994, 44.19248587700008], [-72.49394417499997, 44.19248629900005], [-72.49389256999996, 44.19253748400007], [-72.49388397099995, 44.192533264000076], [-72.49378115599995, 44.192614399000036], [-72.49373580899999, 44.192639849000045], [-72.49365176099997, 44.19267064200005], [-72.49359234799994, 44.19263407600005]]]]}}, {"type": "Feature", "properties": {"OBJECTID": 6490, "SPAN": "036-011-11768", "GLIST_SPAN": "036-011-11768", "MAPID": "1515-0109.0000", "PARCID": "1515-0109-0000", "PROPTYPE": "PARCEL", "YEAR": 2023, "GLYEAR": 2022, "TOWN": "BARRE CITY", "TNAME": "Barre City", "SOURCENAME": null, "SOURCETYPE": "UNKNOWN", "SOURCEDATE": "UNKNOWN", "EDITMETHOD": "UNKNOWN", "EDITOR": "UNKNOWN", "EDITDATE": "UNKNOWN", "MATCHSTAT": "MATCH", "EDITNOTE": "UNKNOWN", "OWNER1": "LAFRANCE NELSON G & SCHUBACH CHERYL", "OWNER2": "", "ADDRGL1": "112 WASHINGTON ST", "ADDRGL2": "", "CITYGL": "BARRE", "STGL": "VT", "ZIPGL": "05641", "DESCPROP": "3 APTS-0.16AC", "LOCAPROP": "WASHINGTON ST 109", "CAT": "Residential-1", "RESCODE": "T", "ACRESGL": 0.16, "REAL_FLV": 167200, "HSTED_FLV": 0, "NRES_FLV": 167200, "LAND_LV": 14100, "IMPRV_LV": 153100, "EQUIPVAL": 0, "EQUIPCODE": "", "INVENVAL": 0, "HSDECL": "N", "HSITEVAL": 0, "VETEXAMT": 0, "EXPDESC": "", "ENDDATE": "", "STATUTE": "", "EXAMT_HS": 0, "EXAMT_NR": 0, "UVREDUC_HS": 0, "UVREDUC_NR": 0, "GLVAL_HS": 0.0, "GLVAL_NR": 1672.0, "CRHOUSPCT": 0.0, "MUNGL1PCT": 1672.0, "AOEGL_HS": 0.0, "AOEGL_NR": 1672.0, "E911ADDR": "109 WASHINGTON ST", "SHAPE_Length": 0.0011717189407892223, "SHAPE_Area": 8.372751819281656e-08}, "geometry": {"type": "MultiPolygon", "coordinates": [[[[-72.49599278299996, 44.19401159500006], [-72.49601585299996, 44.19390486300006], [-72.49630434399995, 44.19392245100005], [-72.49637939799999, 44.19392709300007], [-72.49638252399996, 44.193927657000074], [-72.49635007499995, 44.194033122000064], [-72.49637274599996, 44.19406125100005], [-72.49621089699997, 44.194206929000075], [-72.49597948799999, 44.19407445400003], [-72.49599278299996, 44.19401159500006]]]]}}, {"type": "Feature", "properties": {"OBJECTID": 6492, "SPAN": "036-011-11771", "GLIST_SPAN": "036-011-11771", "MAPID": "1515-0103.0000", "PARCID": "1515-0103-0000", "PROPTYPE": "PARCEL", "YEAR": 2023, "GLYEAR": 2022, "TOWN": "BARRE CITY", "TNAME": "Barre City", "SOURCENAME": null, "SOURCETYPE": "UNKNOWN", "SOURCEDATE": "UNKNOWN", "EDITMETHOD": "UNKNOWN", "EDITOR": "UNKNOWN", "EDITDATE": "UNKNOWN", "MATCHSTAT": "MATCH", "EDITNOTE": "UNKNOWN", "OWNER1": "LAFRANCE NELSON G & CHERYL A", "OWNER2": "", "ADDRGL1": "112 WASHINGTON ST", "ADDRGL2": "", "CITYGL": "BARRE", "STGL": "VT", "ZIPGL": "05641", "DESCPROP": "5 APTS-0.27AC", "LOCAPROP": "WASHINGTON ST 103", "CAT": "Commercial Apt", "RESCODE": "T", "ACRESGL": 0.27, "REAL_FLV": 162400, "HSTED_FLV": 0, "NRES_FLV": 162400, "LAND_LV": 19300, "IMPRV_LV": 143100, "EQUIPVAL": 0, "EQUIPCODE": "", "INVENVAL": 0, "HSDECL": "N", "HSITEVAL": 0, "VETEXAMT": 0, "EXPDESC": "", "ENDDATE": "", "STATUTE": "", "EXAMT_HS": 0, "EXAMT_NR": 0, "UVREDUC_HS": 0, "UVREDUC_NR": 0, "GLVAL_HS": 0.0, "GLVAL_NR": 1624.0, "CRHOUSPCT": 0.0, "MUNGL1PCT": 1624.0, "AOEGL_HS": 0.0, "AOEGL_NR": 1624.0, "E911ADDR": "103 WASHINGTON ST", "SHAPE_Length": 0.0011108310470812478, "SHAPE_Area": 6.967425322652032e-08}, "geometry": {"type": "MultiPolygon", "coordinates": [[[[-72.49621089699997, 44.194206929000075], [-72.49637274599996, 44.19406125100005], [-72.49655973299997, 44.19408960100003], [-72.49661107099996, 44.19406212900003], [-72.49653456799996, 44.19430945700003], [-72.49648100699994, 44.19435937800006], [-72.49647710499994, 44.19436274800006], [-72.49621167899994, 44.19420749500006], [-72.49621089699997, 44.194206929000075]]]]}}, {"type": "Feature", "properties": {"OBJECTID": 6493, "SPAN": "036-011-11772", "GLIST_SPAN": "036-011-11772", "MAPID": "1515-0112.0000", "PARCID": "1515-0112-0000", "PROPTYPE": "PARCEL", "YEAR": 2023, "GLYEAR": 2022, "TOWN": "BARRE CITY", "TNAME": "Barre City", "SOURCENAME": null, "SOURCETYPE": "UNKNOWN", "SOURCEDATE": "UNKNOWN", "EDITMETHOD": "UNKNOWN", "EDITOR": "UNKNOWN", "EDITDATE": "UNKNOWN", "MATCHSTAT": "MATCH", "EDITNOTE": "UNKNOWN", "OWNER1": "LAFRANCE NELSON G & CHERYL A", "OWNER2": "", "ADDRGL1": "112 WASHINGTON ST", "ADDRGL2": "", "CITYGL": "BARRE", "STGL": "VT", "ZIPGL": "05641", "DESCPROP": "1 FAM-0.35AC", "LOCAPROP": "WASHINGTON ST 112", "CAT": "Residential-1", "RESCODE": "T", "ACRESGL": 0.35, "REAL_FLV": 197000, "HSTED_FLV": 197000, "NRES_FLV": 0, "LAND_LV": 22800, "IMPRV_LV": 174200, "EQUIPVAL": 0, "EQUIPCODE": "", "INVENVAL": 0, "HSDECL": "Y", "HSITEVAL": 197000, "VETEXAMT": 0, "EXPDESC": "", "ENDDATE": "", "STATUTE": "", "EXAMT_HS": 0, "EXAMT_NR": 0, "UVREDUC_HS": 0, "UVREDUC_NR": 0, "GLVAL_HS": 1970.0, "GLVAL_NR": 0.0, "CRHOUSPCT": 0.0, "MUNGL1PCT": 1970.0, "AOEGL_HS": 1970.0, "AOEGL_NR": 0.0, "E911ADDR": "112 WASHINGTON ST", "SHAPE_Length": 0.0017421726021846567, "SHAPE_Area": 1.5906978677041336e-07}, "geometry": {"type": "MultiPolygon", "coordinates": [[[[-72.49517887299999, 44.19442387300006], [-72.49561164299996, 44.194020581000075], [-72.49585399799997, 44.19416318300006], [-72.49585477999995, 44.19416360500003], [-72.49562881699995, 44.19437467300003], [-72.49542826499999, 44.19456183600005], [-72.49517887299999, 44.19442387300006]]]]}}, {"type": "Feature", "properties": {"OBJECTID": 6513, "SPAN": "036-011-11793", "GLIST_SPAN": "036-011-11793", "MAPID": "1110-0040.0000", "PARCID": "1110-0040-0000", "PROPTYPE": "PARCEL", "YEAR": 2023, "GLYEAR": 2022, "TOWN": "BARRE CITY", "TNAME": "Barre City", "SOURCENAME": null, "SOURCETYPE": "UNKNOWN", "SOURCEDATE": "UNKNOWN", "EDITMETHOD": "UNKNOWN", "EDITOR": "UNKNOWN", "EDITDATE": "UNKNOWN", "MATCHSTAT": "MATCH", "EDITNOTE": "UNKNOWN", "OWNER1": "BLOUIN LYNDA", "OWNER2": "", "ADDRGL1": "40 ORANGE ST APT 2", "ADDRGL2": "", "CITYGL": "BARRE", "STGL": "VT", "ZIPGL": "05641", "DESCPROP": "2 APTS-0.29AC", "LOCAPROP": "ORANGE ST  40", "CAT": "Residential-1", "RESCODE": "T", "ACRESGL": 0.29, "REAL_FLV": 174580, "HSTED_FLV": 104930, "NRES_FLV": 69650, "LAND_LV": 30540, "IMPRV_LV": 144040, "EQUIPVAL": 0, "EQUIPCODE": "", "INVENVAL": 0, "HSDECL": "Y", "HSITEVAL": 104930, "VETEXAMT": 0, "EXPDESC": "", "ENDDATE": "", "STATUTE": "", "EXAMT_HS": 0, "EXAMT_NR": 0, "UVREDUC_HS": 0, "UVREDUC_NR": 0, "GLVAL_HS": 1049.0, "GLVAL_NR": 696.5, "CRHOUSPCT": 0.0, "MUNGL1PCT": 1745.8, "AOEGL_HS": 1049.0, "AOEGL_NR": 696.5, "E911ADDR": "40 ORANGE ST", "SHAPE_Length": 0.0015356967478107636, "SHAPE_Area": 1.309651526833124e-07}, "geometry": {"type": "MultiPolygon", "coordinates": [[[[-72.49391098999996, 44.192079473000035], [-72.49402202399995, 44.19189483900004], [-72.49413110199998, 44.19171386200003], [-72.49443911899994, 44.19180879800007], [-72.49443755499993, 44.19181062700005], [-72.49431713999996, 44.19201129100003], [-72.49431596699998, 44.19201283800004], [-72.49426083999998, 44.19211253700007], [-72.49425888699994, 44.19211099100005], [-72.49418422799994, 44.19207765800007], [-72.49412558399996, 44.19217356100006], [-72.49412323799999, 44.19217693600007], [-72.49400870999995, 44.192124196000066], [-72.49391098999996, 44.192079473000035]]]]}}, {"type": "Feature", "properties": {"OBJECTID": 6515, "SPAN": "036-011-11795", "GLIST_SPAN": "036-011-11795", "MAPID": "0790-0121.0000", "PARCID": "0790-0121-0000", "PROPTYPE": "PARCEL", "YEAR": 2023, "GLYEAR": 2022, "TOWN": "BARRE CITY", "TNAME": "Barre City", "SOURCENAME": null, "SOURCETYPE": "UNKNOWN", "SOURCEDATE": "UNKNOWN", "EDITMETHOD": "UNKNOWN", "EDITOR": "UNKNOWN", "EDITDATE": "UNKNOWN", "MATCHSTAT": "MATCH", "EDITNOTE": "UNKNOWN", "OWNER1": "LANCE CECILA TRUSTEE OF THE", "OWNER2": "LANCE FAMILY REVOCABLE TRUST", "ADDRGL1": "C/O BUSINESS IND GROUP", "ADDRGL2": "PO BOX 305", "CITYGL": "NORTHFIELD", "STGL": "VT", "ZIPGL": "05663-0305", "DESCPROP": "10 APTS-0.56AC", "LOCAPROP": "HILL ST 121", "CAT": "Commercial Apt", "RESCODE": "S", "ACRESGL": 0.56, "REAL_FLV": 312100, "HSTED_FLV": 0, "NRES_FLV": 312100, "LAND_LV": 42900, "IMPRV_LV": 269200, "EQUIPVAL": 0, "EQUIPCODE": "", "INVENVAL": 0, "HSDECL": "N", "HSITEVAL": 0, "VETEXAMT": 0, "EXPDESC": "", "ENDDATE": "", "STATUTE": "", "EXAMT_HS": 0, "EXAMT_NR": 0, "UVREDUC_HS": 0, "UVREDUC_NR": 0, "GLVAL_HS": 0.0, "GLVAL_NR": 3121.0, "CRHOUSPCT": 0.0, "MUNGL1PCT": 3121.0, "AOEGL_HS": 0.0, "AOEGL_NR": 3121.0, "E911ADDR": "121 HILL ST", "SHAPE_Length": 0.0019923243644495246, "SHAPE_Area": 2.410835822243582e-07}, "geometry": {"type": "MultiPolygon", "coordinates": [[[[-72.49230504799993, 44.19310508600006], [-72.49249014999998, 44.19262413700005], [-72.49266355999998, 44.192675645000065], [-72.49277456099998, 44.192800807000026], [-72.49277495299998, 44.19280136900005], [-72.49283827399995, 44.192843280000034], [-72.49269945799995, 44.19320481400007], [-72.49266309299998, 44.19329959300006], [-72.49225186699994, 44.19324359700005], [-72.49230504799993, 44.19310508600006]]]]}}, {"type": "Feature", "properties": {"OBJECTID": 6538, "SPAN": "036-011-11820", "GLIST_SPAN": "036-011-11820", "MAPID": "0398-0018.0000", "PARCID": "0398-0018-0000", "PROPTYPE": "PARCEL", "YEAR": 2023, "GLYEAR": 2022, "TOWN": "BARRE CITY", "TNAME": "Barre City", "SOURCENAME": null, "SOURCETYPE": "UNKNOWN", "SOURCEDATE": "UNKNOWN", "EDITMETHOD": "UNKNOWN", "EDITOR": "UNKNOWN", "EDITDATE": "UNKNOWN", "MATCHSTAT": "MATCH", "EDITNOTE": "UNKNOWN", "OWNER1": "LAPERLE PAUL & JAN C", "OWNER2": "", "ADDRGL1": "19 BUENA VISTA CIR", "ADDRGL2": "", "CITYGL": "BARRE", "STGL": "VT", "ZIPGL": "05641", "DESCPROP": "2 APTS-0.17AC", "LOCAPROP": "COLLEGE ST  18", "CAT": "Residential-1", "RESCODE": "S", "ACRESGL": 0.17, "REAL_FLV": 126820, "HSTED_FLV": 0, "NRES_FLV": 126820, "LAND_LV": 18900, "IMPRV_LV": 107920, "EQUIPVAL": 0, "EQUIPCODE": "", "INVENVAL": 0, "HSDECL": "N", "HSITEVAL": 76310, "VETEXAMT": 0, "EXPDESC": "", "ENDDATE": "", "STATUTE": "", "EXAMT_HS": 0, "EXAMT_NR": 0, "UVREDUC_HS": 0, "UVREDUC_NR": 0, "GLVAL_HS": 0.0, "GLVAL_NR": 1268.2, "CRHOUSPCT": 0.0, "MUNGL1PCT": 1268.2, "AOEGL_HS": 0.0, "AOEGL_NR": 1268.2, "E911ADDR": "18 COLLEGE ST", "SHAPE_Length": 0.001176908336262409, "SHAPE_Area": 7.599992448316403e-08}, "geometry": {"type": "MultiPolygon", "coordinates": [[[[-72.49640679299995, 44.19342098900006], [-72.49642673399995, 44.193347162000066], [-72.49682076399995, 44.19341242300004], [-72.49676993799994, 44.19356471800006], [-72.49675938099995, 44.19359860800006], [-72.49637668699995, 44.19353390900005], [-72.49640053699994, 44.19344405100003], [-72.49640679299995, 44.19342098900006]]]]}}, {"type": "Feature", "properties": {"OBJECTID": 6551, "SPAN": "036-011-11833", "GLIST_SPAN": "036-011-11833", "MAPID": "1515-0145.0000", "PARCID": "1515-0145-0000", "PROPTYPE": "PARCEL", "YEAR": 2023, "GLYEAR": 2022, "TOWN": "BARRE CITY", "TNAME": "Barre City", "SOURCENAME": null, "SOURCETYPE": "UNKNOWN", "SOURCEDATE": "UNKNOWN", "EDITMETHOD": "UNKNOWN", "EDITOR": "UNKNOWN", "EDITDATE": "UNKNOWN", "MATCHSTAT": "MATCH", "EDITNOTE": "UNKNOWN", "OWNER1": "LAROSE JOANNE K", "OWNER2": "", "ADDRGL1": "145 WASHINGTON ST", "ADDRGL2": "", "CITYGL": "BARRE", "STGL": "VT", "ZIPGL": "05641", "DESCPROP": "1 FAM-0.13AC", "LOCAPROP": "WASHINGTON ST 145", "CAT": "Residential-1", "RESCODE": "T", "ACRESGL": 0.13, "REAL_FLV": 117500, "HSTED_FLV": 117500, "NRES_FLV": 0, "LAND_LV": 14700, "IMPRV_LV": 102800, "EQUIPVAL": 0, "EQUIPCODE": "", "INVENVAL": 0, "HSDECL": "Y", "HSITEVAL": 117500, "VETEXAMT": 0, "EXPDESC": "", "ENDDATE": "", "STATUTE": "", "EXAMT_HS": 0, "EXAMT_NR": 0, "UVREDUC_HS": 0, "UVREDUC_NR": 0, "GLVAL_HS": 1175.0, "GLVAL_NR": 0.0, "CRHOUSPCT": 0.0, "MUNGL1PCT": 1175.0, "AOEGL_HS": 1175.0, "AOEGL_NR": 0.0, "E911ADDR": "145 WASHINGTON ST", "SHAPE_Length": 0.0010806666246419411, "SHAPE_Area": 6.40520099956813e-08}, "geometry": {"type": "MultiPolygon", "coordinates": [[[[-72.49385540899993, 44.19279299500005], [-72.49407159999998, 44.192564633000075], [-72.49407355499994, 44.19256575800006], [-72.49412593499994, 44.19258108900004], [-72.49427603499998, 44.19263678300007], [-72.49401488699993, 44.192889050000076], [-72.49401371399995, 44.19288820500003], [-72.49385540899993, 44.19279299500005]]]]}}, {"type": "Feature", "properties": {"OBJECTID": 6557, "SPAN": "036-011-11839", "GLIST_SPAN": "036-011-11839", "MAPID": "0800-0029.0000", "PARCID": "0800-0029-0000", "PROPTYPE": "PARCEL", "YEAR": 2023, "GLYEAR": 2022, "TOWN": "BARRE CITY", "TNAME": "Barre City", "SOURCENAME": null, "SOURCETYPE": "UNKNOWN", "SOURCEDATE": "UNKNOWN", "EDITMETHOD": "UNKNOWN", "EDITOR": "UNKNOWN", "EDITDATE": "UNKNOWN", "MATCHSTAT": "MATCH", "EDITNOTE": "UNKNOWN", "OWNER1": "LAUZON PAUL AND BARBARA HOME TRUST", "OWNER2": "W/LIFE ESTATE CO-TRUSTEES:MARY VIENS &", "ADDRGL1": "GAIL WASHBURN", "ADDRGL2": "29 HILLTOP AVE", "CITYGL": "BARRE", "STGL": "VT", "ZIPGL": "05641", "DESCPROP": "1 FAM-0.22AC", "LOCAPROP": "HILLTOP AVE  29", "CAT": "Residential-1", "RESCODE": "T", "ACRESGL": 0.22, "REAL_FLV": 160500, "HSTED_FLV": 160500, "NRES_FLV": 0, "LAND_LV": 23100, "IMPRV_LV": 137400, "EQUIPVAL": 0, "EQUIPCODE": "", "INVENVAL": 0, "HSDECL": "Y", "HSITEVAL": 160500, "VETEXAMT": 0, "EXPDESC": "", "ENDDATE": "", "STATUTE": "", "EXAMT_HS": 0, "EXAMT_NR": 0, "UVREDUC_HS": 0, "UVREDUC_NR": 0, "GLVAL_HS": 1605.0, "GLVAL_NR": 0.0, "CRHOUSPCT": 0.0, "MUNGL1PCT": 1605.0, "AOEGL_HS": 1605.0, "AOEGL_NR": 0.0, "E911ADDR": "29 HILLTOP AVE", "SHAPE_Length": 0.0013473486702745526, "SHAPE_Area": 1.0569687780885347e-07}, "geometry": {"type": "MultiPolygon", "coordinates": [[[[-72.49673765199998, 44.19259122500006], [-72.49673884499998, 44.19256936100004], [-72.49669753499995, 44.19257057500005], [-72.49645963699999, 44.19257756300004], [-72.49646391899995, 44.192525498000066], [-72.49648034799998, 44.19232946900007], [-72.49648034799998, 44.192328485000075], [-72.49648269499994, 44.19230092200007], [-72.49648699599999, 44.192300782000075], [-72.49683865099996, 44.192291640000064], [-72.49683900899998, 44.19229800900007], [-72.49685442499998, 44.192586805000076], [-72.49673765199998, 44.19259122500006]]]]}}, {"type": "Feature", "properties": {"OBJECTID": 6558, "SPAN": "036-011-11840", "GLIST_SPAN": "036-011-11840", "MAPID": "1110-0001.0000", "PARCID": "1110-0001-0000", "PROPTYPE": "PARCEL", "YEAR": 2023, "GLYEAR": 2022, "TOWN": "BARRE CITY", "TNAME": "Barre City", "SOURCENAME": null, "SOURCETYPE": "UNKNOWN", "SOURCEDATE": "UNKNOWN", "EDITMETHOD": "UNKNOWN", "EDITOR": "UNKNOWN", "EDITDATE": "UNKNOWN", "MATCHSTAT": "MATCH", "EDITNOTE": "UNKNOWN", "OWNER1": "LAUZON THOMAS J & KAREN", "OWNER2": "", "ADDRGL1": "125 NELSON ST", "ADDRGL2": "", "CITYGL": "BARRE", "STGL": "VT", "ZIPGL": "05641", "DESCPROP": "2 APTS-0.15AC", "LOCAPROP": "ORANGE ST   1", "CAT": "Residential-1", "RESCODE": "T", "ACRESGL": 0.15, "REAL_FLV": 97950, "HSTED_FLV": 0, "NRES_FLV": 97950, "LAND_LV": 18510, "IMPRV_LV": 79440, "EQUIPVAL": 0, "EQUIPCODE": "", "INVENVAL": 0, "HSDECL": "N", "HSITEVAL": 0, "VETEXAMT": 0, "EXPDESC": "", "ENDDATE": "", "STATUTE": "", "EXAMT_HS": 0, "EXAMT_NR": 0, "UVREDUC_HS": 0, "UVREDUC_NR": 0, "GLVAL_HS": 0.0, "GLVAL_NR": 979.5, "CRHOUSPCT": 0.0, "MUNGL1PCT": 979.5, "AOEGL_HS": 0.0, "AOEGL_NR": 979.5, "E911ADDR": "1 ORANGE ST", "SHAPE_Length": 0.0012109464320572113, "SHAPE_Area": 6.545131247585504e-08}, "geometry": {"type": "MultiPolygon", "coordinates": [[[[-72.49575329399994, 44.19206127500007], [-72.49587057699995, 44.19186384300008], [-72.49590693499994, 44.19180225200006], [-72.49594016499998, 44.19174670600006], [-72.49605117799996, 44.19176456900004], [-72.49605898599998, 44.19191222400008], [-72.49599487999996, 44.19189337900008], [-72.49599292599999, 44.19189281600006], [-72.49599331599995, 44.19189492500004], [-72.49601010899994, 44.19213961100007], [-72.49575329399994, 44.19206127500007]]]]}}, {"type": "Feature", "properties": {"OBJECTID": 6612, "SPAN": "036-011-11897", "GLIST_SPAN": "036-011-11897", "MAPID": "0800-0028.0000", "PARCID": "0800-0028-0000", "PROPTYPE": "PARCEL", "YEAR": 2023, "GLYEAR": 2022, "TOWN": "BARRE CITY", "TNAME": "Barre City", "SOURCENAME": null, "SOURCETYPE": "UNKNOWN", "SOURCEDATE": "UNKNOWN", "EDITMETHOD": "UNKNOWN", "EDITOR": "UNKNOWN", "EDITDATE": "UNKNOWN", "MATCHSTAT": "MATCH", "EDITNOTE": "UNKNOWN", "OWNER1": "LETOURNEAU ALFRED H & KEPNES-LETOURNEAU", "OWNER2": "REBECCA J", "ADDRGL1": "2 TANGLEWOOD DR", "ADDRGL2": "", "CITYGL": "BARRE", "STGL": "VT", "ZIPGL": "05641", "DESCPROP": "1 FAM-0.09AC", "LOCAPROP": "HILLTOP AVE  28", "CAT": "Residential-1", "RESCODE": "T", "ACRESGL": 0.09, "REAL_FLV": 118380, "HSTED_FLV": 118380, "NRES_FLV": 0, "LAND_LV": 12060, "IMPRV_LV": 106320, "EQUIPVAL": 0, "EQUIPCODE": "", "INVENVAL": 0, "HSDECL": "Y", "HSITEVAL": 118380, "VETEXAMT": 0, "EXPDESC": "", "ENDDATE": "", "STATUTE": "", "EXAMT_HS": 0, "EXAMT_NR": 0, "UVREDUC_HS": 0, "UVREDUC_NR": 0, "GLVAL_HS": 1184.0, "GLVAL_NR": 0.0, "CRHOUSPCT": 0.0, "MUNGL1PCT": 1183.8, "AOEGL_HS": 1184.0, "AOEGL_NR": 0.0, "E911ADDR": "28 HILLTOP AVE", "SHAPE_Length": 0.0008003830287094755, "SHAPE_Area": 3.9838035647901216e-08}, "geometry": {"type": "MultiPolygon", "coordinates": [[[[-72.49697129199996, 44.19244289400007], [-72.49715777299997, 44.19243833100006], [-72.49715972599995, 44.19245478400006], [-72.49716363299996, 44.19249064300004], [-72.49718160699996, 44.19264476700005], [-72.49698319899994, 44.192650109000056], [-72.49697740499994, 44.19254302400003], [-72.49697129199996, 44.19244289400007]]]]}}, {"type": "Feature", "properties": {"OBJECTID": 6674, "SPAN": "036-011-11963", "GLIST_SPAN": "036-011-11963", "MAPID": "0790-0074.0000", "PARCID": "0790-0074-0000", "PROPTYPE": "PARCEL", "YEAR": 2023, "GLYEAR": 2022, "TOWN": "BARRE CITY", "TNAME": "Barre City", "SOURCENAME": null, "SOURCETYPE": "UNKNOWN", "SOURCEDATE": "UNKNOWN", "EDITMETHOD": "UNKNOWN", "EDITOR": "UNKNOWN", "EDITDATE": "UNKNOWN", "MATCHSTAT": "MATCH", "EDITNOTE": "UNKNOWN", "OWNER1": "STACY THOMAS E & TINA S", "OWNER2": "", "ADDRGL1": "PO BOX 124", "ADDRGL2": "", "CITYGL": "E BARRE", "STGL": "VT", "ZIPGL": "05649-0124", "DESCPROP": "1 FAM-0.11AC", "LOCAPROP": "HILL ST  74", "CAT": "Residential-1", "RESCODE": "S", "ACRESGL": 0.11, "REAL_FLV": 40500, "HSTED_FLV": 0, "NRES_FLV": 40500, "LAND_LV": 12900, "IMPRV_LV": 27600, "EQUIPVAL": 0, "EQUIPCODE": "", "INVENVAL": 0, "HSDECL": "N", "HSITEVAL": 40500, "VETEXAMT": 0, "EXPDESC": "", "ENDDATE": "", "STATUTE": "", "EXAMT_HS": 0, "EXAMT_NR": 0, "UVREDUC_HS": 0, "UVREDUC_NR": 0, "GLVAL_HS": 0.0, "GLVAL_NR": 405.0, "CRHOUSPCT": 0.0, "MUNGL1PCT": 405.0, "AOEGL_HS": 0.0, "AOEGL_NR": 405.0, "E911ADDR": "74 HILL ST", "SHAPE_Length": 0.000977360070812115, "SHAPE_Area": 6.334592735565353e-08}, "geometry": {"type": "MultiPolygon", "coordinates": [[[[-72.49538516699994, 44.193245887000046], [-72.49563007799998, 44.19319624500008], [-72.49567424099996, 44.193317886000045], [-72.49560034599995, 44.193499710000026], [-72.49559995499999, 44.193500554000025], [-72.49558275399994, 44.193515741000056], [-72.49543513099997, 44.19346041000006], [-72.49538516699994, 44.193245887000046]]]]}}, {"type": "Feature", "properties": {"OBJECTID": 6689, "SPAN": "036-011-11979", "GLIST_SPAN": "036-011-11979", "MAPID": "1110-0022.0000", "PARCID": "1110-0022-0000", "PROPTYPE": "PARCEL", "YEAR": 2023, "GLYEAR": 2022, "TOWN": "BARRE CITY", "TNAME": "Barre City", "SOURCENAME": null, "SOURCETYPE": "UNKNOWN", "SOURCEDATE": "UNKNOWN", "EDITMETHOD": "UNKNOWN", "EDITOR": "UNKNOWN", "EDITDATE": "UNKNOWN", "MATCHSTAT": "MATCH", "EDITNOTE": "UNKNOWN", "OWNER1": "MAIOLA PALMIRA; LIFE ESTATE;", "OWNER2": "MAIOLA JOHN & HARDING MELANIE", "ADDRGL1": "22 ORANGE ST", "ADDRGL2": "", "CITYGL": "BARRE", "STGL": "VT", "ZIPGL": "05641", "DESCPROP": "1 FAM-0.10AC+-0.13AC LOT", "LOCAPROP": "ORANGE ST  22", "CAT": "Residential-1", "RESCODE": "T", "ACRESGL": 0.23, "REAL_FLV": 146780, "HSTED_FLV": 0, "NRES_FLV": 146780, "LAND_LV": 30000, "IMPRV_LV": 116780, "EQUIPVAL": 0, "EQUIPCODE": "", "INVENVAL": 0, "HSDECL": "N", "HSITEVAL": 146780, "VETEXAMT": 0, "EXPDESC": "", "ENDDATE": "", "STATUTE": "", "EXAMT_HS": 0, "EXAMT_NR": 0, "UVREDUC_HS": 0, "UVREDUC_NR": 0, "GLVAL_HS": 0.0, "GLVAL_NR": 1467.8, "CRHOUSPCT": 0.0, "MUNGL1PCT": 1467.8, "AOEGL_HS": 0.0, "AOEGL_NR": 1467.8, "E911ADDR": "22 ORANGE ST", "SHAPE_Length": 0.0014344226746855159, "SHAPE_Area": 1.0762859923846078e-07}, "geometry": {"type": "MultiPolygon", "coordinates": [[[[-72.49479675399994, 44.19221423400006], [-72.49481161199998, 44.19216937500005], [-72.49482841999998, 44.192170642000065], [-72.49494922499997, 44.19196589900008], [-72.49511496199995, 44.19201681200008], [-72.49515092299998, 44.19202778300007], [-72.49504262799996, 44.19222071400003], [-72.49504184599994, 44.19222197900007], [-72.49505943699995, 44.192226480000045], [-72.49498319299994, 44.19244238400006], [-72.49472793999996, 44.19239324500006], [-72.49472832999999, 44.192391979000035], [-72.49472872199993, 44.19239029200003], [-72.49479636199999, 44.19221549900004], [-72.49479675399994, 44.19221423400006]]]]}}, {"type": "Feature", "properties": {"OBJECTID": 6690, "SPAN": "036-011-11981", "GLIST_SPAN": "036-011-11981", "MAPID": "1110-0034.0000", "PARCID": "1110-0034-0000", "PROPTYPE": "PARCEL", "YEAR": 2023, "GLYEAR": 2022, "TOWN": "BARRE CITY", "TNAME": "Barre City", "SOURCENAME": null, "SOURCETYPE": "UNKNOWN", "SOURCEDATE": "UNKNOWN", "EDITMETHOD": "UNKNOWN", "EDITOR": "UNKNOWN", "EDITDATE": "UNKNOWN", "MATCHSTAT": "MATCH", "EDITNOTE": "UNKNOWN", "OWNER1": "MAIOLA MELANIE I & HARDY KEVIN", "OWNER2": "", "ADDRGL1": "34 ORANGE ST", "ADDRGL2": "", "CITYGL": "BARRE", "STGL": "VT", "ZIPGL": "05641", "DESCPROP": "1 FAM-0.23AC", "LOCAPROP": "ORANGE ST  34", "CAT": "Residential-1", "RESCODE": "T", "ACRESGL": 0.23, "REAL_FLV": 141590, "HSTED_FLV": 141590, "NRES_FLV": 0, "LAND_LV": 28000, "IMPRV_LV": 113590, "EQUIPVAL": 0, "EQUIPCODE": "", "INVENVAL": 0, "HSDECL": "Y", "HSITEVAL": 141590, "VETEXAMT": 0, "EXPDESC": "", "ENDDATE": "", "STATUTE": "", "EXAMT_HS": 0, "EXAMT_NR": 0, "UVREDUC_HS": 0, "UVREDUC_NR": 0, "GLVAL_HS": 1416.0, "GLVAL_NR": 0.0, "CRHOUSPCT": 0.0, "MUNGL1PCT": 1415.9, "AOEGL_HS": 1416.0, "AOEGL_NR": 0.0, "E911ADDR": "34 ORANGE ST", "SHAPE_Length": 0.0010584540242806126, "SHAPE_Area": 6.81961253091554e-08}, "geometry": {"type": "MultiPolygon", "coordinates": [[[[-72.49431713999996, 44.19201129100003], [-72.49443755499993, 44.19181062700005], [-72.49470961099996, 44.19189206000004], [-72.49458254999996, 44.192114100000026], [-72.49431713999996, 44.19201129100003]]]]}}, {"type": "Feature", "properties": {"OBJECTID": 6761, "SPAN": "036-011-12057", "GLIST_SPAN": "036-011-12057", "MAPID": "0200-0005.0000", "PARCID": "0200-0005-0000", "PROPTYPE": "PARCEL", "YEAR": 2023, "GLYEAR": 2022, "TOWN": "BARRE CITY", "TNAME": "Barre City", "SOURCENAME": null, "SOURCETYPE": "UNKNOWN", "SOURCEDATE": "UNKNOWN", "EDITMETHOD": "UNKNOWN", "EDITOR": "UNKNOWN", "EDITDATE": "UNKNOWN", "MATCHSTAT": "MATCH", "EDITNOTE": "UNKNOWN", "OWNER1": "J & C LLC", "OWNER2": "", "ADDRGL1": "455 CAMP ST", "ADDRGL2": "", "CITYGL": "BARRE", "STGL": "VT", "ZIPGL": "05641", "DESCPROP": "2 APTS-0.13AC", "LOCAPROP": "BOLSTER AVE   5", "CAT": "Residential-1", "RESCODE": "C", "ACRESGL": 0.13, "REAL_FLV": 174860, "HSTED_FLV": 0, "NRES_FLV": 174860, "LAND_LV": 17150, "IMPRV_LV": 157710, "EQUIPVAL": 0, "EQUIPCODE": "", "INVENVAL": 0, "HSDECL": "N", "HSITEVAL": 99790, "VETEXAMT": 0, "EXPDESC": "", "ENDDATE": "", "STATUTE": "", "EXAMT_HS": 0, "EXAMT_NR": 0, "UVREDUC_HS": 0, "UVREDUC_NR": 0, "GLVAL_HS": 0.0, "GLVAL_NR": 1748.6, "CRHOUSPCT": 0.0, "MUNGL1PCT": 1748.6, "AOEGL_HS": 0.0, "AOEGL_NR": 1748.6, "E911ADDR": "5 BOLSTER AVE", "SHAPE_Length": 0.0010220530156978451, "SHAPE_Area": 6.165473734434132e-08}, "geometry": {"type": "MultiPolygon", "coordinates": [[[[-72.49542826499999, 44.19456183600005], [-72.49562881699995, 44.19437467300003], [-72.49583599299996, 44.19448689800004], [-72.49563465899996, 44.19467603000004], [-72.49542826499999, 44.19456183600005]]]]}}, {"type": "Feature", "properties": {"OBJECTID": 6797, "SPAN": "036-011-12093", "GLIST_SPAN": "036-011-12093", "MAPID": "0790-0057.0000", "PARCID": "0790-0057-0000", "PROPTYPE": "PARCEL", "YEAR": 2023, "GLYEAR": 2022, "TOWN": "BARRE CITY", "TNAME": "Barre City", "SOURCENAME": null, "SOURCETYPE": "UNKNOWN", "SOURCEDATE": "UNKNOWN", "EDITMETHOD": "UNKNOWN", "EDITOR": "UNKNOWN", "EDITDATE": "UNKNOWN", "MATCHSTAT": "MATCH", "EDITNOTE": "UNKNOWN", "OWNER1": "AMARAL MARIA", "OWNER2": "", "ADDRGL1": "57 HILL ST", "ADDRGL2": "", "CITYGL": "BARRE", "STGL": "VT", "ZIPGL": "05641", "DESCPROP": "1 FAM-0.19AC", "LOCAPROP": "HILL ST  57", "CAT": "Residential-1", "RESCODE": "T", "ACRESGL": 0.19, "REAL_FLV": 157690, "HSTED_FLV": 157690, "NRES_FLV": 0, "LAND_LV": 20500, "IMPRV_LV": 137190, "EQUIPVAL": 0, "EQUIPCODE": "", "INVENVAL": 0, "HSDECL": "Y", "HSITEVAL": 157690, "VETEXAMT": 0, "EXPDESC": "", "ENDDATE": "", "STATUTE": "", "EXAMT_HS": 0, "EXAMT_NR": 0, "UVREDUC_HS": 0, "UVREDUC_NR": 0, "GLVAL_HS": 1577.0, "GLVAL_NR": 0.0, "CRHOUSPCT": 0.0, "MUNGL1PCT": 1576.9, "AOEGL_HS": 1577.0, "AOEGL_NR": 0.0, "E911ADDR": "57 HILL ST", "SHAPE_Length": 0.0012631329631383088, "SHAPE_Area": 9.654339753930523e-08}, "geometry": {"type": "MultiPolygon", "coordinates": [[[[-72.49645963699999, 44.19257756300004], [-72.49669753499995, 44.19257057500005], [-72.49672114799995, 44.19291999200004], [-72.49642818199999, 44.19295600500004], [-72.49644748899993, 44.192722090000075], [-72.49645805099993, 44.19259581000006], [-72.49645922399998, 44.192582592000065], [-72.49645963699999, 44.19257756300004]]]]}}, {"type": "Feature", "properties": {"OBJECTID": 6831, "SPAN": "036-011-12528", "GLIST_SPAN": "036-011-12528", "MAPID": "1515-0150.0000", "PARCID": "1515-0150-0000", "PROPTYPE": "PARCEL", "YEAR": 2023, "GLYEAR": 2022, "TOWN": "BARRE CITY", "TNAME": "Barre City", "SOURCENAME": null, "SOURCETYPE": "UNKNOWN", "SOURCEDATE": "UNKNOWN", "EDITMETHOD": "UNKNOWN", "EDITOR": "UNKNOWN", "EDITDATE": "UNKNOWN", "MATCHSTAT": "MATCH", "EDITNOTE": "UNKNOWN", "OWNER1": "150 WASHINGTON ST LLC", "OWNER2": "", "ADDRGL1": "4 BLACKWELL ST", "ADDRGL2": "", "CITYGL": "BARRE", "STGL": "VT", "ZIPGL": "05641-4001", "DESCPROP": "6 APTS-0.32AC", "LOCAPROP": "WASHINGTON ST 150", "CAT": "Commercial Apt", "RESCODE": "C", "ACRESGL": 0.32, "REAL_FLV": 239300, "HSTED_FLV": 0, "NRES_FLV": 239300, "LAND_LV": 26700, "IMPRV_LV": 212600, "EQUIPVAL": 0, "EQUIPCODE": "", "INVENVAL": 0, "HSDECL": "N", "HSITEVAL": 0, "VETEXAMT": 0, "EXPDESC": "", "ENDDATE": "", "STATUTE": "", "EXAMT_HS": 0, "EXAMT_NR": 0, "UVREDUC_HS": 0, "UVREDUC_NR": 0, "GLVAL_HS": 0.0, "GLVAL_NR": 2393.0, "CRHOUSPCT": 0.0, "MUNGL1PCT": 2393.0, "AOEGL_HS": 0.0, "AOEGL_NR": 2393.0, "E911ADDR": "150 WASHINGTON ST", "SHAPE_Length": 0.0015989857121960498, "SHAPE_Area": 1.5603799278655287e-07}, "geometry": {"type": "MultiPolygon", "coordinates": [[[[-72.49277456099998, 44.192800807000026], [-72.49306542699998, 44.192506921000074], [-72.49340040799996, 44.19270536100004], [-72.49319476199997, 44.19297520600003], [-72.49304505199996, 44.19291880700007], [-72.49284257299996, 44.192846092000025], [-72.49283827399995, 44.192843280000034], [-72.49277495299998, 44.19280136900005], [-72.49277456099998, 44.192800807000026]]]]}}, {"type": "Feature", "properties": {"OBJECTID": 6834, "SPAN": "036-011-12529", "GLIST_SPAN": "036-011-12529", "MAPID": "1515-0148.0000", "PARCID": "1515-0148-0000", "PROPTYPE": "PARCEL", "YEAR": 2023, "GLYEAR": 2022, "TOWN": "BARRE CITY", "TNAME": "Barre City", "SOURCENAME": null, "SOURCETYPE": "UNKNOWN", "SOURCEDATE": "UNKNOWN", "EDITMETHOD": "UNKNOWN", "EDITOR": "UNKNOWN", "EDITDATE": "UNKNOWN", "MATCHSTAT": "MATCH", "EDITNOTE": "UNKNOWN", "OWNER1": "GREGG-HOY ANITA J", "OWNER2": "", "ADDRGL1": "148 WASHINGTON ST APT 1", "ADDRGL2": "", "CITYGL": "BARRE", "STGL": "VT", "ZIPGL": "05641", "DESCPROP": "3 APTS-0.31AC", "LOCAPROP": "WASHINGTON ST 148", "CAT": "Residential-1", "RESCODE": "T", "ACRESGL": 0.31, "REAL_FLV": 158000, "HSTED_FLV": 76800, "NRES_FLV": 81200, "LAND_LV": 26600, "IMPRV_LV": 131400, "EQUIPVAL": 0, "EQUIPCODE": "", "INVENVAL": 0, "HSDECL": "Y", "HSITEVAL": 76800, "VETEXAMT": 0, "EXPDESC": "", "ENDDATE": "", "STATUTE": "", "EXAMT_HS": 0, "EXAMT_NR": 0, "UVREDUC_HS": 0, "UVREDUC_NR": 0, "GLVAL_HS": 768.0, "GLVAL_NR": 812.0, "CRHOUSPCT": 0.0, "MUNGL1PCT": 1580.0, "AOEGL_HS": 768.0, "AOEGL_NR": 812.0, "E911ADDR": "148 WASHINGTON ST", "SHAPE_Length": 0.0014638685685795397, "SHAPE_Area": 1.2661451730631133e-07}, "geometry": {"type": "MultiPolygon", "coordinates": [[[[-72.49319476199997, 44.19297520600003], [-72.49340040799996, 44.19270536100004], [-72.49340236199998, 44.19270648600008], [-72.49372991699994, 44.19290422200004], [-72.49372952599998, 44.192905206000034], [-72.49364662899995, 44.19314665300004], [-72.49364310999994, 44.193144403000076], [-72.49319476199997, 44.19297520600003]]]]}}, {"type": "Feature", "properties": {"OBJECTID": 6835, "SPAN": "036-011-12946", "GLIST_SPAN": "036-011-12946", "MAPID": "1530-0037.0000", "PARCID": "1530-0037-0000", "PROPTYPE": "PARCEL", "YEAR": 2023, "GLYEAR": 2022, "TOWN": "BARRE CITY", "TNAME": "Barre City", "SOURCENAME": null, "SOURCETYPE": "UNKNOWN", "SOURCEDATE": "UNKNOWN", "EDITMETHOD": "UNKNOWN", "EDITOR": "UNKNOWN", "EDITDATE": "UNKNOWN", "MATCHSTAT": "MATCH", "EDITNOTE": "UNKNOWN", "OWNER1": "JEAN ANNICK & CARR NEIL M", "OWNER2": "", "ADDRGL1": "37 WEBSTER ST", "ADDRGL2": "", "CITYGL": "BARRE", "STGL": "VT", "ZIPGL": "05641", "DESCPROP": "1 FAM-0.26AC", "LOCAPROP": "WEBSTER ST  37", "CAT": "Residential-1", "RESCODE": "T", "ACRESGL": 0.26, "REAL_FLV": 137940, "HSTED_FLV": 137940, "NRES_FLV": 0, "LAND_LV": 29750, "IMPRV_LV": 108190, "EQUIPVAL": 0, "EQUIPCODE": "", "INVENVAL": 0, "HSDECL": "Y", "HSITEVAL": 137940, "VETEXAMT": 0, "EXPDESC": "", "ENDDATE": "", "STATUTE": "", "EXAMT_HS": 0, "EXAMT_NR": 0, "UVREDUC_HS": 0, "UVREDUC_NR": 0, "GLVAL_HS": 1379.0, "GLVAL_NR": 0.0, "CRHOUSPCT": 0.0, "MUNGL1PCT": 1379.4, "AOEGL_HS": 1379.0, "AOEGL_NR": 0.0, "E911ADDR": "37 WEBSTER ST", "SHAPE_Length": 0.0015601652556454567, "SHAPE_Area": 1.197409772951811e-07}, "geometry": {"type": "MultiPolygon", "coordinates": [[[[-72.49431596699998, 44.19201283800004], [-72.49431713999996, 44.19201129100003], [-72.49458254999996, 44.192114100000026], [-72.49461147599999, 44.192124086000035], [-72.49461108399998, 44.19212633600006], [-72.49458918999994, 44.19216978700007], [-72.49479675399994, 44.19221423400006], [-72.49479636199999, 44.19221549900004], [-72.49472872199993, 44.19239029200003], [-72.49472832999999, 44.192391979000035], [-72.49472793999996, 44.19239324500006], [-72.49449848499995, 44.19234950100008], [-72.49449692099995, 44.19234921900005], [-72.49424871099995, 44.19223488000006], [-72.49420415099996, 44.19221434600007], [-72.49420532299996, 44.192212658000074], [-72.49426083999998, 44.19211253700007], [-72.49431596699998, 44.19201283800004]]]]}}, {"type": "Feature", "properties": {"OBJECTID": 6882, "SPAN": "036-011-12543", "GLIST_SPAN": "036-011-12543", "MAPID": "0790-0065.0000", "PARCID": "0790-0065-0000", "PROPTYPE": "PARCEL", "YEAR": 2023, "GLYEAR": 2022, "TOWN": "BARRE CITY", "TNAME": "Barre City", "SOURCENAME": null, "SOURCETYPE": "UNKNOWN", "SOURCEDATE": "UNKNOWN", "EDITMETHOD": "UNKNOWN", "EDITOR": "UNKNOWN", "EDITDATE": "UNKNOWN", "MATCHSTAT": "MATCH", "EDITNOTE": "UNKNOWN", "OWNER1": "RESLER LYNNZIE JEAN", "OWNER2": "", "ADDRGL1": "65 HILL ST", "ADDRGL2": "", "CITYGL": "BARRE", "STGL": "VT", "ZIPGL": "05641", "DESCPROP": "1 FAM-0.16AC", "LOCAPROP": "HILL ST  65", "CAT": "Residential-1", "RESCODE": "S", "ACRESGL": 0.16, "REAL_FLV": 186400, "HSTED_FLV": 0, "NRES_FLV": 186400, "LAND_LV": 17800, "IMPRV_LV": 168600, "EQUIPVAL": 0, "EQUIPCODE": "", "INVENVAL": 0, "HSDECL": "N", "HSITEVAL": 186400, "VETEXAMT": 0, "EXPDESC": "", "ENDDATE": "", "STATUTE": "", "EXAMT_HS": 0, "EXAMT_NR": 0, "UVREDUC_HS": 0, "UVREDUC_NR": 0, "GLVAL_HS": 0.0, "GLVAL_NR": 1864.0, "CRHOUSPCT": 0.0, "MUNGL1PCT": 1864.0, "AOEGL_HS": 0.0, "AOEGL_NR": 1864.0, "E911ADDR": "65 HILL ST", "SHAPE_Length": 0.0010707539811812652, "SHAPE_Area": 7.231673335119591e-08}, "geometry": {"type": "MultiPolygon", "coordinates": [[[[-72.49578764799998, 44.192684099000076], [-72.49578764899996, 44.192682131000026], [-72.49602765999998, 44.19272657600004], [-72.49604132299999, 44.19300079300007], [-72.49586697799998, 44.19303509900004], [-72.49586502299996, 44.19303299000006], [-72.49576653299994, 44.192776207000065], [-72.49576692499994, 44.19277550400005], [-72.49578725799995, 44.192684943000074], [-72.49578764799998, 44.192684099000076]]]]}}, {"type": "Feature", "properties": {"OBJECTID": 6901, "SPAN": "036-011-12130", "GLIST_SPAN": "036-011-12130", "MAPID": "1515-0125.0000", "PARCID": "1515-0125-0000", "PROPTYPE": "PARCEL", "YEAR": 2023, "GLYEAR": 2022, "TOWN": "BARRE CITY", "TNAME": "Barre City", "SOURCENAME": null, "SOURCETYPE": "UNKNOWN", "SOURCEDATE": "UNKNOWN", "EDITMETHOD": "UNKNOWN", "EDITOR": "UNKNOWN", "EDITDATE": "UNKNOWN", "MATCHSTAT": "MATCH", "EDITNOTE": "UNKNOWN", "OWNER1": "SNS PROPERTIES LLC", "OWNER2": "", "ADDRGL1": "222 LIGHTHOUSE HILL ROAD", "ADDRGL2": "", "CITYGL": "WILLIAMSTOWN", "STGL": "VT", "ZIPGL": "05679", "DESCPROP": "2 APTS-0.13AC", "LOCAPROP": "WASHINGTON ST 125", "CAT": "Residential-1", "RESCODE": "C", "ACRESGL": 0.13, "REAL_FLV": 120500, "HSTED_FLV": 0, "NRES_FLV": 120500, "LAND_LV": 14700, "IMPRV_LV": 105800, "EQUIPVAL": 0, "EQUIPCODE": "", "INVENVAL": 0, "HSDECL": "N", "HSITEVAL": 0, "VETEXAMT": 0, "EXPDESC": "", "ENDDATE": "", "STATUTE": "", "EXAMT_HS": 0, "EXAMT_NR": 0, "UVREDUC_HS": 0, "UVREDUC_NR": 0, "GLVAL_HS": 0.0, "GLVAL_NR": 1205.0, "CRHOUSPCT": 0.0, "MUNGL1PCT": 1205.0, "AOEGL_HS": 0.0, "AOEGL_NR": 1205.0, "E911ADDR": "125 WASHINGTON ST", "SHAPE_Length": 0.0009178073770369491, "SHAPE_Area": 4.5876027871581556e-08}, "geometry": {"type": "MultiPolygon", "coordinates": [[[[-72.49539286899994, 44.19349405200006], [-72.49543304099996, 44.19345962600005], [-72.49543513099997, 44.19346041000006], [-72.49558275399994, 44.193515741000056], [-72.49555108899995, 44.193546395000055], [-72.49557532399996, 44.19356102100005], [-72.49538689399998, 44.19372090400003], [-72.49523483699994, 44.19362921100003], [-72.49523679199996, 44.19362780400007], [-72.49539125099994, 44.19349543900006], [-72.49539286899994, 44.19349405200006]]]]}}, {"type": "Feature", "properties": {"OBJECTID": 6939, "SPAN": "036-011-12557", "GLIST_SPAN": "036-011-12557", "MAPID": "0398-0023.0000", "PARCID": "0398-0023-0000", "PROPTYPE": "PARCEL", "YEAR": 2023, "GLYEAR": 2022, "TOWN": "BARRE CITY", "TNAME": "Barre City", "SOURCENAME": null, "SOURCETYPE": "UNKNOWN", "SOURCEDATE": "UNKNOWN", "EDITMETHOD": "UNKNOWN", "EDITOR": "UNKNOWN", "EDITDATE": "UNKNOWN", "MATCHSTAT": "MATCH", "EDITNOTE": "UNKNOWN", "OWNER1": "REED FRANCIS A & CHERYL C", "OWNER2": "", "ADDRGL1": "23 COLLEGE ST", "ADDRGL2": "", "CITYGL": "BARRE", "STGL": "VT", "ZIPGL": "05641", "DESCPROP": "1 FAM-0.15AC", "LOCAPROP": "COLLEGE ST  23", "CAT": "Residential-1", "RESCODE": "T", "ACRESGL": 0.15, "REAL_FLV": 130290, "HSTED_FLV": 130290, "NRES_FLV": 0, "LAND_LV": 16700, "IMPRV_LV": 113590, "EQUIPVAL": 0, "EQUIPCODE": "", "INVENVAL": 0, "HSDECL": "Y", "HSITEVAL": 130290, "VETEXAMT": 0, "EXPDESC": "", "ENDDATE": "", "STATUTE": "", "EXAMT_HS": 0, "EXAMT_NR": 0, "UVREDUC_HS": 0, "UVREDUC_NR": 0, "GLVAL_HS": 1303.0, "GLVAL_NR": 0.0, "CRHOUSPCT": 0.0, "MUNGL1PCT": 1302.9, "AOEGL_HS": 1303.0, "AOEGL_NR": 0.0, "E911ADDR": "23 COLLEGE ST", "SHAPE_Length": 0.001084174134511421, "SHAPE_Area": 6.719143739751007e-08}, "geometry": {"type": "MultiPolygon", "coordinates": [[[[-72.49690832099998, 44.193530690000046], [-72.49697048499996, 44.193341272000055], [-72.49731056999997, 44.19339893600005], [-72.49728672199996, 44.19347079400006], [-72.49724879899998, 44.19358413600003], [-72.49690832099998, 44.193530690000046]]]]}}, {"type": "Feature", "properties": {"OBJECTID": 6952, "SPAN": "036-011-12144", "GLIST_SPAN": "036-011-12144", "MAPID": "1530-VL00.0002", "PARCID": "1530-VL00-0002", "PROPTYPE": "PARCEL", "YEAR": 2023, "GLYEAR": 2022, "TOWN": "BARRE CITY", "TNAME": "Barre City", "SOURCENAME": null, "SOURCETYPE": "UNKNOWN", "SOURCEDATE": "UNKNOWN", "EDITMETHOD": "UNKNOWN", "EDITOR": "UNKNOWN", "EDITDATE": "UNKNOWN", "MATCHSTAT": "MATCH", "EDITNOTE": "UNKNOWN", "OWNER1": "MINOLI DENNIS", "OWNER2": "", "ADDRGL1": "39 LEPAGE RD", "ADDRGL2": "", "CITYGL": "BARRE", "STGL": "VT", "ZIPGL": "05641", "DESCPROP": "SMALL GARAGE ON LAND-0.02AC", "LOCAPROP": "WEBSTER ST  43", "CAT": "Commercial", "RESCODE": "S", "ACRESGL": 0.02, "REAL_FLV": 8900, "HSTED_FLV": 0, "NRES_FLV": 8900, "LAND_LV": 3780, "IMPRV_LV": 5120, "EQUIPVAL": 0, "EQUIPCODE": "", "INVENVAL": 0, "HSDECL": "N", "HSITEVAL": 0, "VETEXAMT": 0, "EXPDESC": "", "ENDDATE": "", "STATUTE": "", "EXAMT_HS": 0, "EXAMT_NR": 0, "UVREDUC_HS": 0, "UVREDUC_NR": 0, "GLVAL_HS": 0.0, "GLVAL_NR": 89.0, "CRHOUSPCT": 0.0, "MUNGL1PCT": 89.0, "AOEGL_HS": 0.0, "AOEGL_NR": 89.0, "E911ADDR": "43 WEBSTER ST", "SHAPE_Length": 0.0004064561708793346, "SHAPE_Area": 1.0069225549807916e-08}, "geometry": {"type": "MultiPolygon", "coordinates": [[[[-72.49412558399996, 44.19217356100006], [-72.49418422799994, 44.19207765800007], [-72.49425888699994, 44.19211099100005], [-72.49426083999998, 44.19211253700007], [-72.49420532299996, 44.192212658000074], [-72.49420415099996, 44.19221434600007], [-72.49412323799999, 44.19217693600007], [-72.49412558399996, 44.19217356100006]]]]}}, {"type": "Feature", "properties": {"OBJECTID": 7083, "SPAN": "036-011-13072", "GLIST_SPAN": "036-011-13072", "MAPID": "0398-0005.0000", "PARCID": "0398-0005-0000", "PROPTYPE": "PARCEL", "YEAR": 2023, "GLYEAR": 2022, "TOWN": "BARRE CITY", "TNAME": "Barre City", "SOURCENAME": null, "SOURCETYPE": "UNKNOWN", "SOURCEDATE": "UNKNOWN", "EDITMETHOD": "UNKNOWN", "EDITOR": "UNKNOWN", "EDITDATE": "UNKNOWN", "MATCHSTAT": "MATCH", "EDITNOTE": "UNKNOWN", "OWNER1": "RUSSELL ZACHARY E", "OWNER2": "", "ADDRGL1": "5 COLLEGE ST", "ADDRGL2": "", "CITYGL": "BARRE", "STGL": "VT", "ZIPGL": "05641", "DESCPROP": "1 FAM-0.12AC", "LOCAPROP": "COLLEGE ST   5", "CAT": "Residential-1", "RESCODE": "T", "ACRESGL": 0.12, "REAL_FLV": 157900, "HSTED_FLV": 157900, "NRES_FLV": 0, "LAND_LV": 13800, "IMPRV_LV": 144100, "EQUIPVAL": 0, "EQUIPCODE": "", "INVENVAL": 0, "HSDECL": "Y", "HSITEVAL": 157900, "VETEXAMT": 0, "EXPDESC": "", "ENDDATE": "", "STATUTE": "", "EXAMT_HS": 0, "EXAMT_NR": 0, "UVREDUC_HS": 0, "UVREDUC_NR": 0, "GLVAL_HS": 1579.0, "GLVAL_NR": 0.0, "CRHOUSPCT": 0.0, "MUNGL1PCT": 1579.0, "AOEGL_HS": 1579.0, "AOEGL_NR": 0.0, "E911ADDR": "5 COLLEGE ST", "SHAPE_Length": 0.0010039934432795185, "SHAPE_Area": 5.258685866651526e-08}, "geometry": {"type": "MultiPolygon", "coordinates": [[[[-72.49669582299998, 44.19420164700006], [-72.49674340199994, 44.19406497600005], [-72.49707460099995, 44.19412632500007], [-72.49705057699998, 44.19418923500007], [-72.49705018799995, 44.19419022100004], [-72.49701141999998, 44.19430437200003], [-72.49684431899993, 44.19423292500005], [-72.49669582299998, 44.19420164700006]]]]}}, {"type": "Feature", "properties": {"OBJECTID": 7137, "SPAN": "036-011-12609", "GLIST_SPAN": "036-011-12609", "MAPID": "0800-0025.0000", "PARCID": "0800-0025-0000", "PROPTYPE": "PARCEL", "YEAR": 2023, "GLYEAR": 2022, "TOWN": "BARRE CITY", "TNAME": "Barre City", "SOURCENAME": null, "SOURCETYPE": "UNKNOWN", "SOURCEDATE": "UNKNOWN", "EDITMETHOD": "UNKNOWN", "EDITOR": "UNKNOWN", "EDITDATE": "UNKNOWN", "MATCHSTAT": "MATCH", "EDITNOTE": "UNKNOWN", "OWNER1": "BURNS AMY L & BASLOCK DANIEL M", "OWNER2": "C/O KOURI TRACY & THOMASSON DANIEL", "ADDRGL1": "25 HILLTOP AVE", "ADDRGL2": "", "CITYGL": "BARRE", "STGL": "VT", "ZIPGL": "05641", "DESCPROP": "1 FAM-0.29AC", "LOCAPROP": "HILLTOP AVE  25", "CAT": "Residential-1", "RESCODE": "T", "ACRESGL": 0.29, "REAL_FLV": 148030, "HSTED_FLV": 0, "NRES_FLV": 148030, "LAND_LV": 26180, "IMPRV_LV": 121850, "EQUIPVAL": 0, "EQUIPCODE": "", "INVENVAL": 0, "HSDECL": "N", "HSITEVAL": 148030, "VETEXAMT": 0, "EXPDESC": "", "ENDDATE": "", "STATUTE": "", "EXAMT_HS": 0, "EXAMT_NR": 0, "UVREDUC_HS": 0, "UVREDUC_NR": 0, "GLVAL_HS": 0.0, "GLVAL_NR": 1480.3, "CRHOUSPCT": 0.0, "MUNGL1PCT": 1480.3, "AOEGL_HS": 0.0, "AOEGL_NR": 1480.3, "E911ADDR": "25 HILLTOP AVE", "SHAPE_Length": 0.0015357331753900244, "SHAPE_Area": 1.3929426300038715e-07}, "geometry": {"type": "MultiPolygon", "coordinates": [[[[-72.49651907399993, 44.19187581700004], [-72.49651868299998, 44.191873427000075], [-72.49651985599996, 44.19187370900005], [-72.49672781099997, 44.19192321500003], [-72.49672976399995, 44.19192363600007], [-72.49673523699994, 44.191925043000026], [-72.49687165899996, 44.19195879600005], [-72.49687282999997, 44.19197538900005], [-72.49687359099994, 44.19198564700008], [-72.49687712799994, 44.19203332700005], [-72.49688806799998, 44.19218489700006], [-72.49683273499994, 44.19218649100003], [-72.49683865099996, 44.192291640000064], [-72.49648699599999, 44.192300782000075], [-72.49648269499994, 44.19230092200007], [-72.49648848399994, 44.19224636100006], [-72.49649521099997, 44.19218293900008], [-72.49649638499994, 44.19216634600008], [-72.49649834099995, 44.19213653400004], [-72.49650616499997, 44.192029941000044], [-72.49650616499997, 44.19202684800007], [-72.49651907399993, 44.19187581700004]]]]}}, {"type": "Feature", "properties": {"OBJECTID": 7139, "SPAN": "036-011-13100", "GLIST_SPAN": "036-011-13100", "MAPID": "1515-0097.0000", "PARCID": "1515-0097-0000", "PROPTYPE": "PARCEL", "YEAR": 2023, "GLYEAR": 2022, "TOWN": "BARRE CITY", "TNAME": "Barre City", "SOURCENAME": null, "SOURCETYPE": "UNKNOWN", "SOURCEDATE": "UNKNOWN", "EDITMETHOD": "UNKNOWN", "EDITOR": "UNKNOWN", "EDITDATE": "UNKNOWN", "MATCHSTAT": "MATCH", "EDITNOTE": "UNKNOWN", "OWNER1": "MOPAR APARTMENTS LLC", "OWNER2": "", "ADDRGL1": "PO BOX 206", "ADDRGL2": "", "CITYGL": "WINOOSKI", "STGL": "VT", "ZIPGL": "05404-0206", "DESCPROP": "7 APTS-0.21AC", "LOCAPROP": "WASHINGTON ST  97", "CAT": "Commercial Apt", "RESCODE": "C", "ACRESGL": 0.21, "REAL_FLV": 314800, "HSTED_FLV": 0, "NRES_FLV": 314800, "LAND_LV": 24600, "IMPRV_LV": 290200, "EQUIPVAL": 0, "EQUIPCODE": "", "INVENVAL": 0, "HSDECL": "N", "HSITEVAL": 0, "VETEXAMT": 0, "EXPDESC": "", "ENDDATE": "", "STATUTE": "", "EXAMT_HS": 0, "EXAMT_NR": 0, "UVREDUC_HS": 0, "UVREDUC_NR": 0, "GLVAL_HS": 0.0, "GLVAL_NR": 3148.0, "CRHOUSPCT": 0.0, "MUNGL1PCT": 3148.0, "AOEGL_HS": 0.0, "AOEGL_NR": 3148.0, "E911ADDR": "97 WASHINGTON ST", "SHAPE_Length": 0.001293144975185274, "SHAPE_Area": 1.0278983108929094e-07}, "geometry": {"type": "MultiPolygon", "coordinates": [[[[-72.49684374699996, 44.19456186600007], [-72.49703448599996, 44.19433333600006], [-72.49726165899995, 44.194454879000034], [-72.49730152999996, 44.19450114600005], [-72.49722138099997, 44.19474526700003], [-72.49721708099997, 44.19474315700006], [-72.49684374699996, 44.19456186600007]]]]}}, {"type": "Feature", "properties": {"OBJECTID": 7149, "SPAN": "036-011-13105", "GLIST_SPAN": "036-011-13105", "MAPID": "1515-0176.0000", "PARCID": "1515-0176-0000", "PROPTYPE": "PARCEL", "YEAR": 2023, "GLYEAR": 2022, "TOWN": "BARRE CITY", "TNAME": "Barre City", "SOURCENAME": null, "SOURCETYPE": "UNKNOWN", "SOURCEDATE": "UNKNOWN", "EDITMETHOD": "UNKNOWN", "EDITOR": "UNKNOWN", "EDITDATE": "UNKNOWN", "MATCHSTAT": "MATCH", "EDITNOTE": "UNKNOWN", "OWNER1": "KOALENZ-ROSA KIMBERLIE J", "OWNER2": "", "ADDRGL1": "176 WASHINGTON ST", "ADDRGL2": "", "CITYGL": "BARRE", "STGL": "VT", "ZIPGL": "05641", "DESCPROP": "1 FAM-0.11AC", "LOCAPROP": "WASHINGTON ST 176", "CAT": "Residential-1", "RESCODE": "T", "ACRESGL": 0.11, "REAL_FLV": 122960, "HSTED_FLV": 122960, "NRES_FLV": 0, "LAND_LV": 12900, "IMPRV_LV": 110060, "EQUIPVAL": 0, "EQUIPCODE": "", "INVENVAL": 0, "HSDECL": "Y", "HSITEVAL": 122960, "VETEXAMT": 40000, "EXPDESC": "", "ENDDATE": "", "STATUTE": "", "EXAMT_HS": 0, "EXAMT_NR": 0, "UVREDUC_HS": 0, "UVREDUC_NR": 0, "GLVAL_HS": 830.0, "GLVAL_NR": 0.0, "CRHOUSPCT": 0.0, "MUNGL1PCT": 829.6, "AOEGL_HS": 1130.0, "AOEGL_NR": 0.0, "E911ADDR": "176 WASHINGTON ST", "SHAPE_Length": 0.0009588167670512644, "SHAPE_Area": 5.190432595406196e-08}, "geometry": {"type": "MultiPolygon", "coordinates": [[[[-72.49204252199996, 44.191901750000056], [-72.49204603999993, 44.19189767200004], [-72.49204721299998, 44.19189823500005], [-72.49218557899997, 44.191986977000056], [-72.49218284099999, 44.19199049300005], [-72.49199595999994, 44.19222771200003], [-72.49184742999995, 44.192143187000056], [-72.49186306899998, 44.19212406300005], [-72.49204212999996, 44.191902312000025], [-72.49204252199996, 44.191901750000056]]]]}}, {"type": "Feature", "properties": {"OBJECTID": 7151, "SPAN": "036-011-13106", "GLIST_SPAN": "036-011-13106", "MAPID": "1515-0169.0000", "PARCID": "1515-0169-0000", "PROPTYPE": "PARCEL", "YEAR": 2023, "GLYEAR": 2022, "TOWN": "BARRE CITY", "TNAME": "Barre City", "SOURCENAME": null, "SOURCETYPE": "UNKNOWN", "SOURCEDATE": "UNKNOWN", "EDITMETHOD": "UNKNOWN", "EDITOR": "UNKNOWN", "EDITDATE": "UNKNOWN", "MATCHSTAT": "MATCH", "EDITNOTE": "UNKNOWN", "OWNER1": "WESCO INC", "OWNER2": "", "ADDRGL1": "32 SAN REMO DR", "ADDRGL2": "", "CITYGL": "S BURLINGTON", "STGL": "VT", "ZIPGL": "05403", "DESCPROP": "SERVICE STATION-0.41AC", "LOCAPROP": "WASHINGTON ST 169", "CAT": "Commercial", "RESCODE": "C", "ACRESGL": 0.41, "REAL_FLV": 430900, "HSTED_FLV": 0, "NRES_FLV": 430900, "LAND_LV": 29000, "IMPRV_LV": 401900, "EQUIPVAL": 0, "EQUIPCODE": "", "INVENVAL": 0, "HSDECL": "N", "HSITEVAL": 0, "VETEXAMT": 0, "EXPDESC": "", "ENDDATE": "", "STATUTE": "", "EXAMT_HS": 0, "EXAMT_NR": 0, "UVREDUC_HS": 0, "UVREDUC_NR": 0, "GLVAL_HS": 0.0, "GLVAL_NR": 4309.0, "CRHOUSPCT": 0.0, "MUNGL1PCT": 4309.0, "AOEGL_HS": 0.0, "AOEGL_NR": 4309.0, "E911ADDR": "169 WASHINGTON ST", "SHAPE_Length": 0.002036271333898234, "SHAPE_Area": 1.918747935583048e-07}, "geometry": {"type": "MultiPolygon", "coordinates": [[[[-72.49264102599994, 44.19156696500005], [-72.49264180799997, 44.19156612100005], [-72.49289118899998, 44.19164193300003], [-72.49292402299994, 44.19165191900004], [-72.49292480499997, 44.19165220000008], [-72.49301119099994, 44.19167569000007], [-72.49301236299993, 44.191675831000055], [-72.49290407399997, 44.191770605000045], [-72.49297012999995, 44.19181068600005], [-72.49296270299999, 44.19181799800003], [-72.49283369299997, 44.19193175500004], [-72.49283525699997, 44.19193302000008], [-72.49293805399998, 44.19199855800008], [-72.49281803599996, 44.19210584700005], [-72.49278988599997, 44.19215309500004], [-72.49278949399996, 44.192155625000055], [-72.49259210499997, 44.19204170800003], [-72.49243419399994, 44.19195057300004], [-72.49239158899996, 44.19192582100004], [-72.49256047899996, 44.191746254000066], [-72.49264102599994, 44.19156696500005]]]]}}, {"type": "Feature", "properties": {"OBJECTID": 7188, "SPAN": "036-011-13126", "GLIST_SPAN": "036-011-13126", "MAPID": "0955-0038.0000", "PARCID": "0955-0038-0000", "PROPTYPE": "PARCEL", "YEAR": 2023, "GLYEAR": 2022, "TOWN": "BARRE CITY", "TNAME": "Barre City", "SOURCENAME": null, "SOURCETYPE": "UNKNOWN", "SOURCEDATE": "UNKNOWN", "EDITMETHOD": "UNKNOWN", "EDITOR": "UNKNOWN", "EDITDATE": "UNKNOWN", "MATCHSTAT": "MATCH", "EDITNOTE": "UNKNOWN", "OWNER1": "STACY THOMAS E & TINA", "OWNER2": "", "ADDRGL1": "PO BOX 124", "ADDRGL2": "", "CITYGL": "E BARRE", "STGL": "VT", "ZIPGL": "05649-0124", "DESCPROP": "1 FAM-0.10AC", "LOCAPROP": "LIBERTY ST  38", "CAT": "Residential-1", "RESCODE": "S", "ACRESGL": 0.1, "REAL_FLV": 116500, "HSTED_FLV": 0, "NRES_FLV": 116500, "LAND_LV": 12500, "IMPRV_LV": 104000, "EQUIPVAL": 0, "EQUIPCODE": "", "INVENVAL": 0, "HSDECL": "N", "HSITEVAL": 116500, "VETEXAMT": 0, "EXPDESC": "", "ENDDATE": "", "STATUTE": "", "EXAMT_HS": 0, "EXAMT_NR": 0, "UVREDUC_HS": 0, "UVREDUC_NR": 0, "GLVAL_HS": 0.0, "GLVAL_NR": 1165.0, "CRHOUSPCT": 0.0, "MUNGL1PCT": 1165.0, "AOEGL_HS": 0.0, "AOEGL_NR": 1165.0, "E911ADDR": "38 LIBERTY ST", "SHAPE_Length": 0.0008491879022612901, "SHAPE_Area": 4.402629028437062e-08}, "geometry": {"type": "MultiPolygon", "coordinates": [[[[-72.49576381099996, 44.19258819300006], [-72.49583262299996, 44.192397087000074], [-72.49600891599994, 44.192436609000026], [-72.49601165299998, 44.192437453000025], [-72.49602180299996, 44.192637139000055], [-72.49576381099996, 44.19258819300006]]]]}}, {"type": "Feature", "properties": {"OBJECTID": 7194, "SPAN": "036-011-13129", "GLIST_SPAN": "036-011-13129", "MAPID": "0340-0009.0000", "PARCID": "0340-0009-0000", "PROPTYPE": "PARCEL", "YEAR": 2023, "GLYEAR": 2022, "TOWN": "BARRE CITY", "TNAME": "Barre City", "SOURCENAME": null, "SOURCETYPE": "UNKNOWN", "SOURCEDATE": "UNKNOWN", "EDITMETHOD": "UNKNOWN", "EDITOR": "UNKNOWN", "EDITDATE": "UNKNOWN", "MATCHSTAT": "MATCH", "EDITNOTE": "UNKNOWN", "OWNER1": "FRATTINI JONATHAN & DANIELLE MARIE", "OWNER2": "", "ADDRGL1": "9 CHARLES ST", "ADDRGL2": "", "CITYGL": "BARRE", "STGL": "VT", "ZIPGL": "05641", "DESCPROP": "1 FAM-0.11AC", "LOCAPROP": "CHARLES ST   9", "CAT": "Residential-1", "RESCODE": "T", "ACRESGL": 0.11, "REAL_FLV": 136700, "HSTED_FLV": 136700, "NRES_FLV": 0, "LAND_LV": 15100, "IMPRV_LV": 121600, "EQUIPVAL": 0, "EQUIPCODE": "", "INVENVAL": 0, "HSDECL": "Y", "HSITEVAL": 136700, "VETEXAMT": 0, "EXPDESC": "", "ENDDATE": "", "STATUTE": "", "EXAMT_HS": 0, "EXAMT_NR": 0, "UVREDUC_HS": 0, "UVREDUC_NR": 0, "GLVAL_HS": 1367.0, "GLVAL_NR": 0.0, "CRHOUSPCT": 0.0, "MUNGL1PCT": 1367.0, "AOEGL_HS": 1367.0, "AOEGL_NR": 0.0, "E911ADDR": "9 CHARLES ST", "SHAPE_Length": 0.0012476156264266205, "SHAPE_Area": 6.806219899509993e-08}, "geometry": {"type": "MultiPolygon", "coordinates": [[[[-72.49183437699998, 44.19269465800005], [-72.49188841699998, 44.19256435900007], [-72.49235357499998, 44.19267956200008], [-72.49230195799998, 44.192813854000065], [-72.49202360999993, 44.19274333200008], [-72.49185947199999, 44.19270174600007], [-72.49183406299994, 44.19269541600005], [-72.49183437699998, 44.19269465800005]]]]}}, {"type": "Feature", "properties": {"OBJECTID": 7206, "SPAN": "036-011-13135", "GLIST_SPAN": "036-011-13135", "MAPID": "1055-0014.0000", "PARCID": "1055-0014-0000", "PROPTYPE": "PARCEL", "YEAR": 2023, "GLYEAR": 2022, "TOWN": "BARRE CITY", "TNAME": "Barre City", "SOURCENAME": null, "SOURCETYPE": "UNKNOWN", "SOURCEDATE": "UNKNOWN", "EDITMETHOD": "UNKNOWN", "EDITOR": "UNKNOWN", "EDITDATE": "UNKNOWN", "MATCHSTAT": "MATCH", "EDITNOTE": "UNKNOWN", "OWNER1": "WILBUR ESTHER M - LIFE ESTATE;", "OWNER2": "BICKNELL REBECCA POA", "ADDRGL1": "10518 VT ROUTE 25", "ADDRGL2": "", "CITYGL": "E CORINTH", "STGL": "VT", "ZIPGL": "05040", "DESCPROP": "1 FAM-0.06AC", "LOCAPROP": "MT VERNON PL  14", "CAT": "Residential-1", "RESCODE": "T", "ACRESGL": 0.06, "REAL_FLV": 90300, "HSTED_FLV": 0, "NRES_FLV": 90300, "LAND_LV": 14400, "IMPRV_LV": 75900, "EQUIPVAL": 0, "EQUIPCODE": "", "INVENVAL": 0, "HSDECL": "N", "HSITEVAL": 90300, "VETEXAMT": 0, "EXPDESC": "", "ENDDATE": "", "STATUTE": "", "EXAMT_HS": 0, "EXAMT_NR": 0, "UVREDUC_HS": 0, "UVREDUC_NR": 0, "GLVAL_HS": 0.0, "GLVAL_NR": 903.0, "CRHOUSPCT": 0.0, "MUNGL1PCT": 903.0, "AOEGL_HS": 0.0, "AOEGL_NR": 903.0, "E911ADDR": "14 MT VERNON PL", "SHAPE_Length": 0.00074139193432369, "SHAPE_Area": 2.4454488583382046e-08}, "geometry": {"type": "MultiPolygon", "coordinates": [[[[-72.49450274999998, 44.192728060000036], [-72.49451174099994, 44.192722436000054], [-72.49451369599996, 44.192723139000066], [-72.49470757599994, 44.19279964700007], [-72.49471031199994, 44.192800772000055], [-72.49470796299994, 44.192839022000044], [-72.49471108499995, 44.19290314600005], [-72.49450586899997, 44.19281946500007], [-72.49450469499999, 44.192819185000076], [-72.49442143599998, 44.19279485200008], [-72.49450274999998, 44.192728060000036]]]]}}, {"type": "Feature", "properties": {"OBJECTID": 7216, "SPAN": "036-011-13140", "GLIST_SPAN": "036-011-13140", "MAPID": "0790-0073.0000", "PARCID": "0790-0073-0000", "PROPTYPE": "PARCEL", "YEAR": 2023, "GLYEAR": 2022, "TOWN": "BARRE CITY", "TNAME": "Barre City", "SOURCENAME": null, "SOURCETYPE": "UNKNOWN", "SOURCEDATE": "UNKNOWN", "EDITMETHOD": "UNKNOWN", "EDITOR": "UNKNOWN", "EDITDATE": "UNKNOWN", "MATCHSTAT": "MATCH", "EDITNOTE": "UNKNOWN", "OWNER1": "WILKIN FRANCIS E & SUSAN J", "OWNER2": "", "ADDRGL1": "73 HILL ST", "ADDRGL2": "", "CITYGL": "BARRE", "STGL": "VT", "ZIPGL": "05641", "DESCPROP": "1 FAM-0.14AC", "LOCAPROP": "HILL ST  73", "CAT": "Residential-1", "RESCODE": "T", "ACRESGL": 0.14, "REAL_FLV": 143460, "HSTED_FLV": 143460, "NRES_FLV": 0, "LAND_LV": 15600, "IMPRV_LV": 127860, "EQUIPVAL": 0, "EQUIPCODE": "", "INVENVAL": 0, "HSDECL": "Y", "HSITEVAL": 143460, "VETEXAMT": 0, "EXPDESC": "", "ENDDATE": "", "STATUTE": "", "EXAMT_HS": 0, "EXAMT_NR": 0, "UVREDUC_HS": 0, "UVREDUC_NR": 0, "GLVAL_HS": 1435.0, "GLVAL_NR": 0.0, "CRHOUSPCT": 0.0, "MUNGL1PCT": 1434.6, "AOEGL_HS": 1435.0, "AOEGL_NR": 0.0, "E911ADDR": "73 HILL ST", "SHAPE_Length": 0.0010477626428146093, "SHAPE_Area": 6.616999351661809e-08}, "geometry": {"type": "MultiPolygon", "coordinates": [[[[-72.49551830799999, 44.19281233800007], [-72.49552182499997, 44.19281177500005], [-72.49561914099996, 44.19308374600007], [-72.49540023099996, 44.19312676800007], [-72.49529197199996, 44.19284284400004], [-72.49529588099995, 44.19284228200007], [-72.49537093499998, 44.19283216000008], [-72.49551830799999, 44.19281233800007]]]]}}, {"type": "Feature", "properties": {"OBJECTID": 7300, "SPAN": "036-011-13183", "GLIST_SPAN": "036-011-13183", "MAPID": "0790-0113.0000", "PARCID": "0790-0113-0000", "PROPTYPE": "PARCEL", "YEAR": 2023, "GLYEAR": 2022, "TOWN": "BARRE CITY", "TNAME": "Barre City", "SOURCENAME": null, "SOURCETYPE": "UNKNOWN", "SOURCEDATE": "UNKNOWN", "EDITMETHOD": "UNKNOWN", "EDITOR": "UNKNOWN", "EDITDATE": "UNKNOWN", "MATCHSTAT": "MATCH", "EDITNOTE": "UNKNOWN", "OWNER1": "WOLTERS ALFRED C & CORALEE - LIFE ESTATE", "OWNER2": "RINICELLA HONEY L", "ADDRGL1": "113 HILL ST", "ADDRGL2": "", "CITYGL": "BARRE", "STGL": "VT", "ZIPGL": "05641", "DESCPROP": "1 FAM-0.22AC", "LOCAPROP": "HILL ST 113", "CAT": "Residential-1", "RESCODE": "T", "ACRESGL": 0.22, "REAL_FLV": 125420, "HSTED_FLV": 125420, "NRES_FLV": 0, "LAND_LV": 30800, "IMPRV_LV": 94620, "EQUIPVAL": 0, "EQUIPCODE": "", "INVENVAL": 0, "HSDECL": "Y", "HSITEVAL": 125420, "VETEXAMT": 0, "EXPDESC": "", "ENDDATE": "", "STATUTE": "", "EXAMT_HS": 0, "EXAMT_NR": 0, "UVREDUC_HS": 0, "UVREDUC_NR": 0, "GLVAL_HS": 1254.0, "GLVAL_NR": 0.0, "CRHOUSPCT": 0.0, "MUNGL1PCT": 1254.2, "AOEGL_HS": 1254.0, "AOEGL_NR": 0.0, "E911ADDR": "113 HILL ST", "SHAPE_Length": 0.0013786641978491272, "SHAPE_Area": 1.0300621095284695e-07}, "geometry": {"type": "MultiPolygon", "coordinates": [[[[-72.49269945799995, 44.19320481400007], [-72.49283827399995, 44.192843280000034], [-72.49284257299996, 44.192846092000025], [-72.49304505199996, 44.19291880700007], [-72.49291757699996, 44.19325995200006], [-72.49289098599996, 44.19333054400005], [-72.49266309299998, 44.19329959300006], [-72.49269945799995, 44.19320481400007]]]]}}, {"type": "Feature", "properties": {"OBJECTID": 7303, "SPAN": "036-011-12652", "GLIST_SPAN": "036-011-12652", "MAPID": "0955-0024.0000", "PARCID": "0955-0024-0000", "PROPTYPE": "PARCEL", "YEAR": 2023, "GLYEAR": 2022, "TOWN": "BARRE CITY", "TNAME": "Barre City", "SOURCENAME": null, "SOURCETYPE": "UNKNOWN", "SOURCEDATE": "UNKNOWN", "EDITMETHOD": "UNKNOWN", "EDITOR": "UNKNOWN", "EDITDATE": "UNKNOWN", "MATCHSTAT": "MATCH", "EDITNOTE": "UNKNOWN", "OWNER1": "ROY DAVID P & VICKI A - ENHANCED LIFE", "OWNER2": "ESTATE: RHODES SARA", "ADDRGL1": "24 LIBERTY  APT 1", "ADDRGL2": "", "CITYGL": "BARRE", "STGL": "VT", "ZIPGL": "05641", "DESCPROP": "1 FAM/2 APTS-2 BLDGS-0.14AC", "LOCAPROP": "LIBERTY ST  20 & 24", "CAT": "Residential-1", "RESCODE": "T", "ACRESGL": 0.14, "REAL_FLV": 199600, "HSTED_FLV": 99600, "NRES_FLV": 100000, "LAND_LV": 15600, "IMPRV_LV": 184000, "EQUIPVAL": 0, "EQUIPCODE": "", "INVENVAL": 0, "HSDECL": "Y", "HSITEVAL": 99600, "VETEXAMT": 0, "EXPDESC": "", "ENDDATE": "", "STATUTE": "", "EXAMT_HS": 0, "EXAMT_NR": 0, "UVREDUC_HS": 0, "UVREDUC_NR": 0, "GLVAL_HS": 996.0, "GLVAL_NR": 1000.0, "CRHOUSPCT": 0.0, "MUNGL1PCT": 1996.0, "AOEGL_HS": 996.0, "AOEGL_NR": 1000.0, "E911ADDR": "24 LIBERTY ST", "SHAPE_Length": 0.0010798941243276169, "SHAPE_Area": 6.222687320787424e-08}, "geometry": {"type": "MultiPolygon", "coordinates": [[[[-72.49602763299998, 44.193118636000065], [-72.49602880699996, 44.193118354000035], [-72.49597797299998, 44.193351507000045], [-72.49574186699994, 44.19332534200004], [-72.49570003999997, 44.19332070000007], [-72.49567424099996, 44.193317886000045], [-72.49563007799998, 44.19319624500008], [-72.49575946899995, 44.19317093800004], [-72.49602763299998, 44.193118636000065]]]]}}, {"type": "Feature", "properties": {"OBJECTID": 7308, "SPAN": "036-011-13188", "GLIST_SPAN": "036-011-13188", "MAPID": "0955-0053.0000", "PARCID": "0955-0053-0000", "PROPTYPE": "PARCEL", "YEAR": 2023, "GLYEAR": 2022, "TOWN": "BARRE CITY", "TNAME": "Barre City", "SOURCENAME": null, "SOURCETYPE": "UNKNOWN", "SOURCEDATE": "UNKNOWN", "EDITMETHOD": "UNKNOWN", "EDITOR": "UNKNOWN", "EDITDATE": "UNKNOWN", "MATCHSTAT": "MATCH", "EDITNOTE": "UNKNOWN", "OWNER1": "STONE JOSEPH T & DIANA L", "OWNER2": "", "ADDRGL1": "53 LIBERTY ST", "ADDRGL2": "", "CITYGL": "BARRE", "STGL": "VT", "ZIPGL": "05641", "DESCPROP": "1 FAM-0.26AC", "LOCAPROP": "LIBERTY ST  53", "CAT": "Residential-1", "RESCODE": "T", "ACRESGL": 0.26, "REAL_FLV": 159600, "HSTED_FLV": 159600, "NRES_FLV": 0, "LAND_LV": 25500, "IMPRV_LV": 134100, "EQUIPVAL": 0, "EQUIPCODE": "", "INVENVAL": 0, "HSDECL": "Y", "HSITEVAL": 159600, "VETEXAMT": 0, "EXPDESC": "", "ENDDATE": "", "STATUTE": "", "EXAMT_HS": 0, "EXAMT_NR": 0, "UVREDUC_HS": 0, "UVREDUC_NR": 0, "GLVAL_HS": 1596.0, "GLVAL_NR": 0.0, "CRHOUSPCT": 0.0, "MUNGL1PCT": 1596.0, "AOEGL_HS": 1596.0, "AOEGL_NR": 0.0, "E911ADDR": "53 LIBERTY ST", "SHAPE_Length": 0.0015390885868963866, "SHAPE_Area": 1.3277892556165616e-07}, "geometry": {"type": "MultiPolygon", "coordinates": [[[[-72.49605898599998, 44.19191222400008], [-72.49605117799996, 44.19176456900004], [-72.49607893199999, 44.19176907000008], [-72.49611176699995, 44.19177427400007], [-72.49641196999994, 44.19184740900005], [-72.49651868299998, 44.191873427000075], [-72.49651907399993, 44.19187581700004], [-72.49650616499997, 44.19202684800007], [-72.49650616499997, 44.192029941000044], [-72.49649834099995, 44.19213653400004], [-72.49612854999998, 44.19214650600003], [-72.49612855099997, 44.19214270900005], [-72.49611566499993, 44.191933461000076], [-72.49611566599998, 44.191928820000044], [-72.49605898599998, 44.19191222400008]]]]}}, {"type": "Feature", "properties": {"OBJECTID": 7370, "SPAN": "036-011-12673", "GLIST_SPAN": "036-011-12673", "MAPID": "1515-0161.0000", "PARCID": "1515-0161-0000", "PROPTYPE": "PARCEL", "YEAR": 2023, "GLYEAR": 2022, "TOWN": "BARRE CITY", "TNAME": "Barre City", "SOURCENAME": null, "SOURCETYPE": "UNKNOWN", "SOURCEDATE": "UNKNOWN", "EDITMETHOD": "UNKNOWN", "EDITOR": "UNKNOWN", "EDITDATE": "UNKNOWN", "MATCHSTAT": "MATCH", "EDITNOTE": "UNKNOWN", "OWNER1": "RH WASHINGTON ST LLC", "OWNER2": "", "ADDRGL1": "186 COLD SPRING RD", "ADDRGL2": "", "CITYGL": "SYOSSET", "STGL": "NY", "ZIPGL": "11791", "DESCPROP": "6 APTS-0.16AC", "LOCAPROP": "WASHINGTON ST 161", "CAT": "Commercial Apt", "RESCODE": "C", "ACRESGL": 0.16, "REAL_FLV": 177040, "HSTED_FLV": 0, "NRES_FLV": 177040, "LAND_LV": 16910, "IMPRV_LV": 160130, "EQUIPVAL": 0, "EQUIPCODE": "", "INVENVAL": 0, "HSDECL": "N", "HSITEVAL": 0, "VETEXAMT": 0, "EXPDESC": "", "ENDDATE": "", "STATUTE": "", "EXAMT_HS": 0, "EXAMT_NR": 0, "UVREDUC_HS": 0, "UVREDUC_NR": 0, "GLVAL_HS": 0.0, "GLVAL_NR": 1770.4, "CRHOUSPCT": 0.0, "MUNGL1PCT": 1770.4, "AOEGL_HS": 0.0, "AOEGL_NR": 1770.4, "E911ADDR": "161 WASHINGTON ST", "SHAPE_Length": 0.0013353916181967384, "SHAPE_Area": 7.854490060667336e-08}, "geometry": {"type": "MultiPolygon", "coordinates": [[[[-72.49296270299999, 44.19181799800003], [-72.49297012999995, 44.19181068600005], [-72.49320074299999, 44.191951043000074], [-72.49320621499999, 44.19195441800008], [-72.49320426099996, 44.191956247000064], [-72.49289111999997, 44.19222144400004], [-72.49279262099998, 44.19215745300005], [-72.49278949399996, 44.192155625000055], [-72.49278988599997, 44.19215309500004], [-72.49281803599996, 44.19210584700005], [-72.49293805399998, 44.19199855800008], [-72.49283525699997, 44.19193302000008], [-72.49283369299997, 44.19193175500004], [-72.49296270299999, 44.19181799800003]]]]}}, {"type": "Feature", "properties": {"OBJECTID": 7419, "SPAN": "036-011-12273", "GLIST_SPAN": "036-011-12273", "MAPID": "1515-0141.0000", "PARCID": "1515-0141-0000", "PROPTYPE": "PARCEL", "YEAR": 2023, "GLYEAR": 2022, "TOWN": "BARRE CITY", "TNAME": "Barre City", "SOURCENAME": null, "SOURCETYPE": "UNKNOWN", "SOURCEDATE": "UNKNOWN", "EDITMETHOD": "UNKNOWN", "EDITOR": "UNKNOWN", "EDITDATE": "UNKNOWN", "MATCHSTAT": "MATCH", "EDITNOTE": "UNKNOWN", "OWNER1": "NEWTON MARTHA A", "OWNER2": "", "ADDRGL1": "141 WASHINGTON ST", "ADDRGL2": "", "CITYGL": "BARRE", "STGL": "VT", "ZIPGL": "05641", "DESCPROP": "1 FAM-0.11AC", "LOCAPROP": "WASHINGTON ST 141", "CAT": "Residential-1", "RESCODE": "T", "ACRESGL": 0.11, "REAL_FLV": 135400, "HSTED_FLV": 135400, "NRES_FLV": 0, "LAND_LV": 12900, "IMPRV_LV": 122500, "EQUIPVAL": 0, "EQUIPCODE": "", "INVENVAL": 0, "HSDECL": "Y", "HSITEVAL": 135400, "VETEXAMT": 0, "EXPDESC": "", "ENDDATE": "", "STATUTE": "", "EXAMT_HS": 0, "EXAMT_NR": 0, "UVREDUC_HS": 0, "UVREDUC_NR": 0, "GLVAL_HS": 1354.0, "GLVAL_NR": 0.0, "CRHOUSPCT": 0.0, "MUNGL1PCT": 1354.0, "AOEGL_HS": 1354.0, "AOEGL_NR": 0.0, "E911ADDR": "141 WASHINGTON ST", "SHAPE_Length": 0.0010598407604880456, "SHAPE_Area": 4.901411635187212e-08}, "geometry": {"type": "MultiPolygon", "coordinates": [[[[-72.49441948099997, 44.19279639900003], [-72.49442143599998, 44.19279485200008], [-72.49450469499999, 44.192819185000076], [-72.49450352299993, 44.19282059000005], [-72.49441282699996, 44.19289455400008], [-72.49452188199996, 44.19296529300004], [-72.49452500899997, 44.19296613700004], [-72.49437371599998, 44.193105066000044], [-72.49437019699997, 44.193108722000034], [-72.49419586399995, 44.19300099600008], [-72.49419899199995, 44.19299860500007], [-72.49441948099997, 44.19279639900003]]]]}}, {"type": "Feature", "properties": {"OBJECTID": 7438, "SPAN": "036-011-12692", "GLIST_SPAN": "036-011-12692", "MAPID": "1515-0116.0000", "PARCID": "1515-0116-0000", "PROPTYPE": "PARCEL", "YEAR": 2023, "GLYEAR": 2022, "TOWN": "BARRE CITY", "TNAME": "Barre City", "SOURCENAME": null, "SOURCETYPE": "UNKNOWN", "SOURCEDATE": "UNKNOWN", "EDITMETHOD": "UNKNOWN", "EDITOR": "UNKNOWN", "EDITDATE": "UNKNOWN", "MATCHSTAT": "MATCH", "EDITNOTE": "UNKNOWN", "OWNER1": "DELIDUKA BENNET", "OWNER2": "", "ADDRGL1": "116 WASHINGTON ST", "ADDRGL2": "", "CITYGL": "BARRE", "STGL": "VT", "ZIPGL": "05641", "DESCPROP": "1 FAM-0.50AC", "LOCAPROP": "WASHINGTON ST 116", "CAT": "Residential-1", "RESCODE": "T", "ACRESGL": 0.5, "REAL_FLV": 156780, "HSTED_FLV": 0, "NRES_FLV": 156780, "LAND_LV": 27000, "IMPRV_LV": 129780, "EQUIPVAL": 0, "EQUIPCODE": "", "INVENVAL": 0, "HSDECL": "N", "HSITEVAL": 156780, "VETEXAMT": 0, "EXPDESC": "", "ENDDATE": "", "STATUTE": "", "EXAMT_HS": 0, "EXAMT_NR": 0, "UVREDUC_HS": 0, "UVREDUC_NR": 0, "GLVAL_HS": 0.0, "GLVAL_NR": 1567.8, "CRHOUSPCT": 0.0, "MUNGL1PCT": 1567.8, "AOEGL_HS": 0.0, "AOEGL_NR": 1567.8, "E911ADDR": "116 WASHINGTON ST", "SHAPE_Length": 0.002210078511874015, "SHAPE_Area": 2.1964591503097535e-07}, "geometry": {"type": "MultiPolygon", "coordinates": [[[[-72.49535990799995, 44.19387615100004], [-72.49536264499994, 44.19387404200006], [-72.49536733599996, 44.193876714000055], [-72.49561164299996, 44.194020581000075], [-72.49517887299999, 44.19442387300006], [-72.49499981999998, 44.194590505000065], [-72.49477779299997, 44.19445774600007], [-72.49535990799995, 44.19387615100004]]]]}}, {"type": "Feature", "properties": {"OBJECTID": 7634, "SPAN": "036-011-12330", "GLIST_SPAN": "036-011-12330", "MAPID": "1055-0013.0000", "PARCID": "1055-0013-0000", "PROPTYPE": "PARCEL", "YEAR": 2023, "GLYEAR": 2022, "TOWN": "BARRE CITY", "TNAME": "Barre City", "SOURCENAME": null, "SOURCETYPE": "UNKNOWN", "SOURCEDATE": "UNKNOWN", "EDITMETHOD": "UNKNOWN", "EDITOR": "UNKNOWN", "EDITDATE": "UNKNOWN", "MATCHSTAT": "MATCH", "EDITNOTE": "UNKNOWN", "OWNER1": "PAULGER DIANE M - LIFE ESTATE; C/O DOUSE", "OWNER2": "DOUSE JASON R; GUAZZONI AMANDA & ORVIS", "ADDRGL1": "RENEE", "ADDRGL2": "260 CODLING RD", "CITYGL": "E MONTPELIER", "STGL": "VT", "ZIPGL": "05651", "DESCPROP": "3 APTS-0.29AC", "LOCAPROP": "MT VERNON PL  13", "CAT": "Residential-1", "RESCODE": "T", "ACRESGL": 0.29, "REAL_FLV": 181500, "HSTED_FLV": 181500, "NRES_FLV": 0, "LAND_LV": 34900, "IMPRV_LV": 146600, "EQUIPVAL": 0, "EQUIPCODE": "", "INVENVAL": 0, "HSDECL": "Y", "HSITEVAL": 181500, "VETEXAMT": 0, "EXPDESC": "", "ENDDATE": "", "STATUTE": "", "EXAMT_HS": 0, "EXAMT_NR": 0, "UVREDUC_HS": 0, "UVREDUC_NR": 0, "GLVAL_HS": 1815.0, "GLVAL_NR": 0.0, "CRHOUSPCT": 0.0, "MUNGL1PCT": 1815.0, "AOEGL_HS": 1815.0, "AOEGL_NR": 0.0, "E911ADDR": "13 MT VERNON PL", "SHAPE_Length": 0.0017508167647749444, "SHAPE_Area": 1.275263738886872e-07}, "geometry": {"type": "MultiPolygon", "coordinates": [[[[-72.49483657399998, 44.192801200000076], [-72.49486277699998, 44.19264862400007], [-72.49486629599994, 44.192649749000054], [-72.49513053999993, 44.19272190100003], [-72.49517902399998, 44.192569185000025], [-72.49549721299996, 44.19262826000005], [-72.49537093499998, 44.19283216000008], [-72.49529588099995, 44.19284228200007], [-72.49529197199996, 44.19284284400004], [-72.49497650999996, 44.192883331000075], [-72.49497572899998, 44.19288361100007], [-72.49482953399996, 44.19284423000005], [-72.49482836099997, 44.192843949000064], [-72.49483657399998, 44.192801200000076]]]]}}, {"type": "Feature", "properties": {"OBJECTID": 7670, "SPAN": "036-011-12345", "GLIST_SPAN": "036-011-12345", "MAPID": "1110-0002.0000", "PARCID": "1110-0002-0000", "PROPTYPE": "PARCEL", "YEAR": 2023, "GLYEAR": 2022, "TOWN": "BARRE CITY", "TNAME": "Barre City", "SOURCENAME": null, "SOURCETYPE": "UNKNOWN", "SOURCEDATE": "UNKNOWN", "EDITMETHOD": "UNKNOWN", "EDITOR": "UNKNOWN", "EDITDATE": "UNKNOWN", "MATCHSTAT": "MATCH", "EDITNOTE": "UNKNOWN", "OWNER1": "LANDRY BENJAMIN R & BUTTS JENNIFER", "OWNER2": "", "ADDRGL1": "2 ORANGE ST", "ADDRGL2": "", "CITYGL": "BARRE", "STGL": "VT", "ZIPGL": "05641", "DESCPROP": "1 FAM-0.08AC", "LOCAPROP": "ORANGE ST   2", "CAT": "Residential-1", "RESCODE": "T", "ACRESGL": 0.08, "REAL_FLV": 117100, "HSTED_FLV": 0, "NRES_FLV": 117100, "LAND_LV": 13600, "IMPRV_LV": 103500, "EQUIPVAL": 0, "EQUIPCODE": "", "INVENVAL": 0, "HSDECL": "N", "HSITEVAL": 117100, "VETEXAMT": 0, "EXPDESC": "", "ENDDATE": "", "STATUTE": "", "EXAMT_HS": 0, "EXAMT_NR": 0, "UVREDUC_HS": 0, "UVREDUC_NR": 0, "GLVAL_HS": 0.0, "GLVAL_NR": 1171.0, "CRHOUSPCT": 0.0, "MUNGL1PCT": 1171.0, "AOEGL_HS": 0.0, "AOEGL_NR": 1171.0, "E911ADDR": "2 ORANGE ST", "SHAPE_Length": 0.0007147164607610481, "SHAPE_Area": 3.015653193345475e-08}, "geometry": {"type": "MultiPolygon", "coordinates": [[[[-72.49577320699996, 44.19238372600006], [-72.49585647799995, 44.19224380900005], [-72.49600423499999, 44.192283047000046], [-72.49601165299998, 44.192437453000025], [-72.49600891599994, 44.192436609000026], [-72.49583262299996, 44.192397087000074], [-72.49577320699996, 44.19238372600006]]]]}}, {"type": "Feature", "properties": {"OBJECTID": 7675, "SPAN": "036-011-12763", "GLIST_SPAN": "036-011-12763", "MAPID": "0398-0024.0000", "PARCID": "0398-0024-0000", "PROPTYPE": "PARCEL", "YEAR": 2023, "GLYEAR": 2022, "TOWN": "BARRE CITY", "TNAME": "Barre City", "SOURCENAME": null, "SOURCETYPE": "UNKNOWN", "SOURCEDATE": "UNKNOWN", "EDITMETHOD": "UNKNOWN", "EDITOR": "UNKNOWN", "EDITDATE": "UNKNOWN", "MATCHSTAT": "MATCH", "EDITNOTE": "UNKNOWN", "OWNER1": "SHADROUI JOSEPH G & BOWLING LARRY D AS", "OWNER2": "TRUSTEES-THE SHADROUI-BOWLING TRUST W/LE", "ADDRGL1": "24 COLLEGE ST", "ADDRGL2": "", "CITYGL": "BARRE", "STGL": "VT", "ZIPGL": "05641", "DESCPROP": "1 FAM-0.16AC", "LOCAPROP": "COLLEGE ST  24", "CAT": "Residential-1", "RESCODE": "T", "ACRESGL": 0.16, "REAL_FLV": 180300, "HSTED_FLV": 180300, "NRES_FLV": 0, "LAND_LV": 17800, "IMPRV_LV": 162500, "EQUIPVAL": 0, "EQUIPCODE": "", "INVENVAL": 0, "HSDECL": "Y", "HSITEVAL": 180300, "VETEXAMT": 0, "EXPDESC": "", "ENDDATE": "", "STATUTE": "", "EXAMT_HS": 0, "EXAMT_NR": 0, "UVREDUC_HS": 0, "UVREDUC_NR": 0, "GLVAL_HS": 1803.0, "GLVAL_NR": 0.0, "CRHOUSPCT": 0.0, "MUNGL1PCT": 1803.0, "AOEGL_HS": 1803.0, "AOEGL_NR": 0.0, "E911ADDR": "24 COLLEGE ST", "SHAPE_Length": 0.0011865143566683627, "SHAPE_Area": 7.520904124328422e-08}, "geometry": {"type": "MultiPolygon", "coordinates": [[[[-72.49644628299995, 44.19327783500006], [-72.49647521699995, 44.19317504000003], [-72.49688331899995, 44.19322553600006], [-72.49682076399995, 44.19341242300004], [-72.49642673399995, 44.193347162000066], [-72.49642712399998, 44.19334533400007], [-72.49644628299995, 44.19327783500006]]]]}}, {"type": "Feature", "properties": {"OBJECTID": 7676, "SPAN": "036-011-12350", "GLIST_SPAN": "036-011-12350", "MAPID": "1515-0153.0000", "PARCID": "1515-0153-0000", "PROPTYPE": "PARCEL", "YEAR": 2023, "GLYEAR": 2022, "TOWN": "BARRE CITY", "TNAME": "Barre City", "SOURCENAME": null, "SOURCETYPE": "UNKNOWN", "SOURCEDATE": "UNKNOWN", "EDITMETHOD": "UNKNOWN", "EDITOR": "UNKNOWN", "EDITDATE": "UNKNOWN", "MATCHSTAT": "MATCH", "EDITNOTE": "UNKNOWN", "OWNER1": "P & G REAL ESTATE LLC", "OWNER2": "", "ADDRGL1": "155 WASHINGTON ST", "ADDRGL2": "", "CITYGL": "BARRE", "STGL": "VT", "ZIPGL": "05641", "DESCPROP": "PARKING LOT-0.23AC", "LOCAPROP": "WASHINGTON ST 153", "CAT": "Commercial", "RESCODE": "C", "ACRESGL": 0.23, "REAL_FLV": 44300, "HSTED_FLV": 0, "NRES_FLV": 44300, "LAND_LV": 44300, "IMPRV_LV": 0, "EQUIPVAL": 0, "EQUIPCODE": "", "INVENVAL": 0, "HSDECL": "N", "HSITEVAL": 0, "VETEXAMT": 0, "EXPDESC": "", "ENDDATE": "", "STATUTE": "", "EXAMT_HS": 0, "EXAMT_NR": 0, "UVREDUC_HS": 0, "UVREDUC_NR": 0, "GLVAL_HS": 0.0, "GLVAL_NR": 443.0, "CRHOUSPCT": 0.0, "MUNGL1PCT": 443.0, "AOEGL_HS": 0.0, "AOEGL_NR": 443.0, "E911ADDR": "153 WASHINGTON ST", "SHAPE_Length": 0.0012663486730217094, "SHAPE_Area": 9.71122577737011e-08}, "geometry": {"type": "MultiPolygon", "coordinates": [[[[-72.49352124599994, 44.19224791800008], [-72.49352202799997, 44.192246934000025], [-72.49352359099998, 44.192248059000065], [-72.49352437299996, 44.192248763000066], [-72.49356541599997, 44.19227140500004], [-72.49371629399997, 44.19235705300008], [-72.49380189499993, 44.19240557300003], [-72.49359234799994, 44.19263407600005], [-72.49332029899995, 44.19246742000007], [-72.49331052799994, 44.19246137400006], [-72.49330974599997, 44.192460811000046], [-72.49330857299998, 44.192460107000045], [-72.49345947699999, 44.19231232100003], [-72.49352124599994, 44.19224791800008]]]]}}, {"type": "Feature", "properties": {"OBJECTID": 7691, "SPAN": "036-011-12771", "GLIST_SPAN": "036-011-12771", "MAPID": "1530-0006.0000", "PARCID": "1530-0006-0000", "PROPTYPE": "PARCEL", "YEAR": 2023, "GLYEAR": 2022, "TOWN": "BARRE CITY", "TNAME": "Barre City", "SOURCENAME": null, "SOURCETYPE": "UNKNOWN", "SOURCEDATE": "UNKNOWN", "EDITMETHOD": "UNKNOWN", "EDITOR": "UNKNOWN", "EDITDATE": "UNKNOWN", "MATCHSTAT": "MATCH", "EDITNOTE": "UNKNOWN", "OWNER1": "CHARISSAKIS JOHN & KIRA", "OWNER2": "", "ADDRGL1": "20 PERRY ST APT 1", "ADDRGL2": "", "CITYGL": "BARRE", "STGL": "VT", "ZIPGL": "05641-4389", "DESCPROP": "2 APTS-0.12AC", "LOCAPROP": "WEBSTER ST   6", "CAT": "Residential-1", "RESCODE": "T", "ACRESGL": 0.12, "REAL_FLV": 172300, "HSTED_FLV": 0, "NRES_FLV": 172300, "LAND_LV": 16100, "IMPRV_LV": 156200, "EQUIPVAL": 0, "EQUIPCODE": "", "INVENVAL": 0, "HSDECL": "N", "HSITEVAL": 94200, "VETEXAMT": 0, "EXPDESC": "", "ENDDATE": "", "STATUTE": "", "EXAMT_HS": 0, "EXAMT_NR": 0, "UVREDUC_HS": 0, "UVREDUC_NR": 0, "GLVAL_HS": 0.0, "GLVAL_NR": 1723.0, "CRHOUSPCT": 0.0, "MUNGL1PCT": 1723.0, "AOEGL_HS": 0.0, "AOEGL_NR": 1723.0, "E911ADDR": "6 WEBSTER ST", "SHAPE_Length": 0.0010309948096428843, "SHAPE_Area": 5.111407348319349e-08}, "geometry": {"type": "MultiPolygon", "coordinates": [[[[-72.49537093499998, 44.19283216000008], [-72.49549721299996, 44.19262826000005], [-72.49578764899996, 44.192682131000026], [-72.49578764799998, 44.192684099000076], [-72.49578725799995, 44.192684943000074], [-72.49576692499994, 44.19277550400005], [-72.49576301599996, 44.19277564400005], [-72.49552182499997, 44.19281177500005], [-72.49551830799999, 44.19281233800007], [-72.49537093499998, 44.19283216000008]]]]}}, {"type": "Feature", "properties": {"OBJECTID": 7752, "SPAN": "036-011-12389", "GLIST_SPAN": "036-011-12389", "MAPID": "1110-0028.0000", "PARCID": "1110-0028-0000", "PROPTYPE": "PARCEL", "YEAR": 2023, "GLYEAR": 2022, "TOWN": "BARRE CITY", "TNAME": "Barre City", "SOURCENAME": null, "SOURCETYPE": "UNKNOWN", "SOURCEDATE": "UNKNOWN", "EDITMETHOD": "UNKNOWN", "EDITOR": "UNKNOWN", "EDITDATE": "UNKNOWN", "MATCHSTAT": "MATCH", "EDITNOTE": "UNKNOWN", "OWNER1": "CALDER JACQUELINE", "OWNER2": "C/O HEMMERICK JACOB M & LIOTTA LISA C", "ADDRGL1": "27 CAMP ST", "ADDRGL2": "", "CITYGL": "BARRE", "STGL": "VT", "ZIPGL": "05641", "DESCPROP": "1 FAM-0.14AC", "LOCAPROP": "ORANGE ST  28", "CAT": "Residential-1", "RESCODE": "T", "ACRESGL": 0.14, "REAL_FLV": 157990, "HSTED_FLV": 157990, "NRES_FLV": 0, "LAND_LV": 18200, "IMPRV_LV": 139790, "EQUIPVAL": 0, "EQUIPCODE": "", "INVENVAL": 0, "HSDECL": "Y", "HSITEVAL": 157990, "VETEXAMT": 0, "EXPDESC": "", "ENDDATE": "", "STATUTE": "", "EXAMT_HS": 0, "EXAMT_NR": 0, "UVREDUC_HS": 0, "UVREDUC_NR": 0, "GLVAL_HS": 1580.0, "GLVAL_NR": 0.0, "CRHOUSPCT": 0.0, "MUNGL1PCT": 1579.9, "AOEGL_HS": 1580.0, "AOEGL_NR": 0.0, "E911ADDR": "28 ORANGE ST", "SHAPE_Length": 0.001102205022730082, "SHAPE_Area": 7.059651574129696e-08}, "geometry": {"type": "MultiPolygon", "coordinates": [[[[-72.49458918999994, 44.19216978700007], [-72.49461108399998, 44.19212633600006], [-72.49461147599999, 44.192124086000035], [-72.49458254999996, 44.192114100000026], [-72.49470961099996, 44.19189206000004], [-72.49471391199995, 44.19189332700006], [-72.49494922499997, 44.19196589900008], [-72.49482841999998, 44.192170642000065], [-72.49481161199998, 44.19216937500005], [-72.49479675399994, 44.19221423400006], [-72.49458918999994, 44.19216978700007]]]]}}, {"type": "Feature", "properties": {"OBJECTID": 7807, "SPAN": "036-011-12829", "GLIST_SPAN": "036-011-12829", "MAPID": "1530-0001.0000", "PARCID": "1530-0001-0000", "PROPTYPE": "PARCEL", "YEAR": 2023, "GLYEAR": 2022, "TOWN": "BARRE CITY", "TNAME": "Barre City", "SOURCENAME": null, "SOURCETYPE": "UNKNOWN", "SOURCEDATE": "UNKNOWN", "EDITMETHOD": "UNKNOWN", "EDITOR": "UNKNOWN", "EDITDATE": "UNKNOWN", "MATCHSTAT": "MATCH", "EDITNOTE": "UNKNOWN", "OWNER1": "SOMERVILLE STEVEN A & SARAH C", "OWNER2": "", "ADDRGL1": "PO BOX 515", "ADDRGL2": "", "CITYGL": "BARRE", "STGL": "VT", "ZIPGL": "05641-0515", "DESCPROP": "2 APTS-0.12AC", "LOCAPROP": "WEBSTER ST   1", "CAT": "Residential-1", "RESCODE": "S", "ACRESGL": 0.12, "REAL_FLV": 142370, "HSTED_FLV": 0, "NRES_FLV": 142370, "LAND_LV": 16100, "IMPRV_LV": 126270, "EQUIPVAL": 0, "EQUIPCODE": "", "INVENVAL": 0, "HSDECL": "N", "HSITEVAL": 0, "VETEXAMT": 0, "EXPDESC": "", "ENDDATE": "", "STATUTE": "", "EXAMT_HS": 0, "EXAMT_NR": 0, "UVREDUC_HS": 0, "UVREDUC_NR": 0, "GLVAL_HS": 0.0, "GLVAL_NR": 1423.7, "CRHOUSPCT": 0.0, "MUNGL1PCT": 1423.7, "AOEGL_HS": 0.0, "AOEGL_NR": 1423.7, "E911ADDR": "1 WEBSTER ST", "SHAPE_Length": 0.0009402243350369044, "SHAPE_Area": 5.402407974891825e-08}, "geometry": {"type": "MultiPolygon", "coordinates": [[[[-72.49550855499996, 44.19253896400005], [-72.49557345999995, 44.19233886000006], [-72.49558596899993, 44.192341673000044], [-72.49577320699996, 44.19238372600006], [-72.49583262299996, 44.192397087000074], [-72.49576381099996, 44.19258819300006], [-72.49551402799995, 44.19254093400008], [-72.49551285599995, 44.19254065200005], [-72.49550816499993, 44.19253980900004], [-72.49550855499996, 44.19253896400005]]]]}}, {"type": "Feature", "properties": {"OBJECTID": 7821, "SPAN": "036-011-12836", "GLIST_SPAN": "036-011-12836", "MAPID": "1515-0140.0000", "PARCID": "1515-0140-0000", "PROPTYPE": "PARCEL", "YEAR": 2023, "GLYEAR": 2022, "TOWN": "BARRE CITY", "TNAME": "Barre City", "SOURCENAME": null, "SOURCETYPE": "UNKNOWN", "SOURCEDATE": "UNKNOWN", "EDITMETHOD": "UNKNOWN", "EDITOR": "UNKNOWN", "EDITDATE": "UNKNOWN", "MATCHSTAT": "MATCH", "EDITNOTE": "UNKNOWN", "OWNER1": "FIELD SARAH L : LIFE ESTATE; MCINTYRE", "OWNER2": "MATTHEW F & MCINTYRE JULIA A", "ADDRGL1": "65 PRESTON RD", "ADDRGL2": "", "CITYGL": "ORANGE", "STGL": "VT", "ZIPGL": "05641", "DESCPROP": "3 APTS-0.50AC", "LOCAPROP": "WASHINGTON ST 140", "CAT": "Residential-1", "RESCODE": "S", "ACRESGL": 0.5, "REAL_FLV": 215100, "HSTED_FLV": 0, "NRES_FLV": 215100, "LAND_LV": 27500, "IMPRV_LV": 187600, "EQUIPVAL": 0, "EQUIPCODE": "", "INVENVAL": 0, "HSDECL": "N", "HSITEVAL": 0, "VETEXAMT": 0, "EXPDESC": "", "ENDDATE": "", "STATUTE": "", "EXAMT_HS": 0, "EXAMT_NR": 0, "UVREDUC_HS": 0, "UVREDUC_NR": 0, "GLVAL_HS": 0.0, "GLVAL_NR": 2151.0, "CRHOUSPCT": 0.0, "MUNGL1PCT": 2151.0, "AOEGL_HS": 0.0, "AOEGL_NR": 2151.0, "E911ADDR": "140 WASHINGTON ST", "SHAPE_Length": 0.0021978227252143203, "SHAPE_Area": 2.1309321954358566e-07}, "geometry": {"type": "MultiPolygon", "coordinates": [[[[-72.49372952599998, 44.192905206000034], [-72.49372991699994, 44.19290422200004], [-72.49440653299996, 44.19331262900005], [-72.49357271699995, 44.19342311500003], [-72.49355238999993, 44.19342044200005], [-72.49355395399994, 44.19341636400003], [-72.49364662899995, 44.19314665300004], [-72.49372952599998, 44.192905206000034]]]]}}, {"type": "Feature", "properties": {"OBJECTID": 7842, "SPAN": "036-011-12435", "GLIST_SPAN": "036-011-12435", "MAPID": "0398-0008.0000", "PARCID": "0398-0008-0000", "PROPTYPE": "PARCEL", "YEAR": 2023, "GLYEAR": 2022, "TOWN": "BARRE CITY", "TNAME": "Barre City", "SOURCENAME": null, "SOURCETYPE": "UNKNOWN", "SOURCEDATE": "UNKNOWN", "EDITMETHOD": "UNKNOWN", "EDITOR": "UNKNOWN", "EDITDATE": "UNKNOWN", "MATCHSTAT": "MATCH", "EDITNOTE": "UNKNOWN", "OWNER1": "WAKEFIELD SARAH ANNE", "OWNER2": "", "ADDRGL1": "8 COLLEGE ST", "ADDRGL2": "", "CITYGL": "BARRE", "STGL": "VT", "ZIPGL": "05641", "DESCPROP": "1 FAM-0.16AC", "LOCAPROP": "COLLEGE ST   8", "CAT": "Residential-1", "RESCODE": "T", "ACRESGL": 0.16, "REAL_FLV": 112100, "HSTED_FLV": 0, "NRES_FLV": 112100, "LAND_LV": 17800, "IMPRV_LV": 94300, "EQUIPVAL": 0, "EQUIPCODE": "", "INVENVAL": 0, "HSDECL": "N", "HSITEVAL": 112100, "VETEXAMT": 0, "EXPDESC": "", "ENDDATE": "", "STATUTE": "", "EXAMT_HS": 0, "EXAMT_NR": 0, "UVREDUC_HS": 0, "UVREDUC_NR": 0, "GLVAL_HS": 0.0, "GLVAL_NR": 1121.0, "CRHOUSPCT": 0.0, "MUNGL1PCT": 1121.0, "AOEGL_HS": 0.0, "AOEGL_NR": 1121.0, "E911ADDR": "8 COLLEGE ST", "SHAPE_Length": 0.0011132873090286672, "SHAPE_Area": 7.028907863114094e-08}, "geometry": {"type": "MultiPolygon", "coordinates": [[[[-72.49632781099996, 44.19372571800005], [-72.49632859199994, 44.19372346800003], [-72.49669995199997, 44.19378718200005], [-72.49663856699993, 44.19397378800005], [-72.49663583399996, 44.19397294600003], [-72.49638252399996, 44.193927657000074], [-72.49637939799999, 44.19392709300007], [-72.49630434399995, 44.19392245100005], [-72.49630943399995, 44.193798842000035], [-72.49630982399998, 44.193796733000056], [-72.49632781099996, 44.19372571800005]]]]}}, {"type": "Feature", "properties": {"OBJECTID": 7843, "SPAN": "036-011-12848", "GLIST_SPAN": "036-011-12848", "MAPID": "0955-0023.0000", "PARCID": "0955-0023-0000", "PROPTYPE": "PARCEL", "YEAR": 2023, "GLYEAR": 2022, "TOWN": "BARRE CITY", "TNAME": "Barre City", "SOURCENAME": null, "SOURCETYPE": "UNKNOWN", "SOURCEDATE": "UNKNOWN", "EDITMETHOD": "UNKNOWN", "EDITOR": "UNKNOWN", "EDITDATE": "UNKNOWN", "MATCHSTAT": "MATCH", "EDITNOTE": "UNKNOWN", "OWNER1": "KENDALL JOHN A", "OWNER2": "", "ADDRGL1": "23 LIBERTY ST", "ADDRGL2": "", "CITYGL": "BARRE", "STGL": "VT", "ZIPGL": "05641", "DESCPROP": "1 FAM-0.13AC", "LOCAPROP": "LIBERTY ST  23", "CAT": "Residential-1", "RESCODE": "T", "ACRESGL": 0.13, "REAL_FLV": 141860, "HSTED_FLV": 141860, "NRES_FLV": 0, "LAND_LV": 13970, "IMPRV_LV": 127890, "EQUIPVAL": 0, "EQUIPCODE": "", "INVENVAL": 0, "HSDECL": "Y", "HSITEVAL": 141860, "VETEXAMT": 0, "EXPDESC": "", "ENDDATE": "", "STATUTE": "", "EXAMT_HS": 0, "EXAMT_NR": 0, "UVREDUC_HS": 0, "UVREDUC_NR": 0, "GLVAL_HS": 1419.0, "GLVAL_NR": 0.0, "CRHOUSPCT": 0.0, "MUNGL1PCT": 1418.6, "AOEGL_HS": 1419.0, "AOEGL_NR": 0.0, "E911ADDR": "23 LIBERTY ST", "SHAPE_Length": 0.0009816770730337139, "SHAPE_Area": 5.484423856232129e-08}, "geometry": {"type": "MultiPolygon", "coordinates": [[[[-72.49618891899996, 44.19309949700005], [-72.49650535099994, 44.19306111100008], [-72.49647521699995, 44.19317504000003], [-72.49644628299995, 44.19327783500006], [-72.49616053199998, 44.19324773200003], [-72.49616092399998, 44.19324688900008], [-72.49618891899996, 44.19309949700005]]]]}}, {"type": "Feature", "properties": {"OBJECTID": 7863, "SPAN": "036-011-12859", "GLIST_SPAN": "036-011-12859", "MAPID": "0790-0083.0000", "PARCID": "0790-0083-0000", "PROPTYPE": "PARCEL", "YEAR": 2023, "GLYEAR": 2022, "TOWN": "BARRE CITY", "TNAME": "Barre City", "SOURCENAME": null, "SOURCETYPE": "UNKNOWN", "SOURCEDATE": "UNKNOWN", "EDITMETHOD": "UNKNOWN", "EDITOR": "UNKNOWN", "EDITDATE": "UNKNOWN", "MATCHSTAT": "MATCH", "EDITNOTE": "UNKNOWN", "OWNER1": "DEFELICIBUS PAUL L", "OWNER2": "", "ADDRGL1": "83 HILL ST APT 1", "ADDRGL2": "", "CITYGL": "BARRE", "STGL": "VT", "ZIPGL": "05641", "DESCPROP": "3 APTS-0.15AC", "LOCAPROP": "HILL ST  83", "CAT": "Residential-1", "RESCODE": "T", "ACRESGL": 0.15, "REAL_FLV": 155900, "HSTED_FLV": 0, "NRES_FLV": 155900, "LAND_LV": 14200, "IMPRV_LV": 141700, "EQUIPVAL": 0, "EQUIPCODE": "", "INVENVAL": 0, "HSDECL": "N", "HSITEVAL": 88600, "VETEXAMT": 40000, "EXPDESC": "", "ENDDATE": "", "STATUTE": "", "EXAMT_HS": 0, "EXAMT_NR": 0, "UVREDUC_HS": 0, "UVREDUC_NR": 0, "GLVAL_HS": 0.0, "GLVAL_NR": 1159.0, "CRHOUSPCT": 0.0, "MUNGL1PCT": 1159.0, "AOEGL_HS": 0.0, "AOEGL_NR": 1459.0, "E911ADDR": "83 HILL ST", "SHAPE_Length": 0.0010983574206081732, "SHAPE_Area": 6.564117402443769e-08}, "geometry": {"type": "MultiPolygon", "coordinates": [[[[-72.49482836099997, 44.192845215000034], [-72.49482836099997, 44.192843949000064], [-72.49482953399996, 44.19284423000005], [-72.49497572899998, 44.19288361100007], [-72.49507225599996, 44.19318820700005], [-72.49507264699997, 44.193191160000026], [-72.49484591799995, 44.19323572800005], [-72.49482836099997, 44.192845215000034]]]]}}, {"type": "Feature", "properties": {"OBJECTID": 7877, "SPAN": "036-011-12866", "GLIST_SPAN": "036-011-12866", "MAPID": "0300-0012.0000", "PARCID": "0300-0012-0000", "PROPTYPE": "PARCEL", "YEAR": 2023, "GLYEAR": 2022, "TOWN": "BARRE CITY", "TNAME": "Barre City", "SOURCENAME": null, "SOURCETYPE": "UNKNOWN", "SOURCEDATE": "UNKNOWN", "EDITMETHOD": "UNKNOWN", "EDITOR": "UNKNOWN", "EDITDATE": "UNKNOWN", "MATCHSTAT": "MATCH", "EDITNOTE": "UNKNOWN", "OWNER1": "ANDERSON CHERYL A - LE: STONE F SCOTT", "OWNER2": "TRUSTEES OF THE STONE FAMILY TRUST", "ADDRGL1": "12 CAMP ST  APT 1", "ADDRGL2": "", "CITYGL": "BARRE", "STGL": "VT", "ZIPGL": "05641", "DESCPROP": "2 APTS-0.25AC", "LOCAPROP": "CAMP ST  12", "CAT": "Residential-1", "RESCODE": "T", "ACRESGL": 0.25, "REAL_FLV": 140570, "HSTED_FLV": 140570, "NRES_FLV": 0, "LAND_LV": 31660, "IMPRV_LV": 108910, "EQUIPVAL": 0, "EQUIPCODE": "", "INVENVAL": 0, "HSDECL": "Y", "HSITEVAL": 140570, "VETEXAMT": 0, "EXPDESC": "", "ENDDATE": "", "STATUTE": "", "EXAMT_HS": 0, "EXAMT_NR": 0, "UVREDUC_HS": 0, "UVREDUC_NR": 0, "GLVAL_HS": 1406.0, "GLVAL_NR": 0.0, "CRHOUSPCT": 0.0, "MUNGL1PCT": 1405.7, "AOEGL_HS": 1406.0, "AOEGL_NR": 0.0, "E911ADDR": "12 CAMP ST", "SHAPE_Length": 0.0014501223340032282, "SHAPE_Area": 1.1619273400780377e-07}, "geometry": {"type": "MultiPolygon", "coordinates": [[[[-72.49136812599994, 44.19257472600003], [-72.49146588299993, 44.19235170500008], [-72.49147213699996, 44.19235381500005], [-72.49192908499998, 44.19246620600006], [-72.49188841699998, 44.19256435900007], [-72.49183437699998, 44.19269465800005], [-72.49183406299994, 44.19269541600005], [-72.49182749099998, 44.19269378100006], [-72.49158438899997, 44.19263035500006], [-72.49158162399993, 44.19262983600004], [-72.49137186399997, 44.19257568800003], [-72.49136890699998, 44.192574868000065], [-72.49136812599994, 44.19257472600003]]]]}}, {"type": "Feature", "properties": {"OBJECTID": 7878, "SPAN": "036-011-12455", "GLIST_SPAN": "036-011-12455", "MAPID": "1515-0108.0000", "PARCID": "1515-0108-0000", "PROPTYPE": "PARCEL", "YEAR": 2023, "GLYEAR": 2022, "TOWN": "BARRE CITY", "TNAME": "Barre City", "SOURCENAME": null, "SOURCETYPE": "UNKNOWN", "SOURCEDATE": "UNKNOWN", "EDITMETHOD": "UNKNOWN", "EDITOR": "UNKNOWN", "EDITDATE": "UNKNOWN", "MATCHSTAT": "MATCH", "EDITNOTE": "UNKNOWN", "OWNER1": "HEALEY CURTIS & ALLYSON", "OWNER2": "", "ADDRGL1": "108 WASHINGTON ST", "ADDRGL2": "", "CITYGL": "BARRE", "STGL": "VT", "ZIPGL": "05641", "DESCPROP": "APT/OFFICE-0.14AC", "LOCAPROP": "WASHINGTON ST 108", "CAT": "Commercial", "RESCODE": "T", "ACRESGL": 0.14, "REAL_FLV": 148100, "HSTED_FLV": 0, "NRES_FLV": 148100, "LAND_LV": 12400, "IMPRV_LV": 135700, "EQUIPVAL": 0, "EQUIPCODE": "", "INVENVAL": 0, "HSDECL": "N", "HSITEVAL": 148100, "VETEXAMT": 0, "EXPDESC": "", "ENDDATE": "", "STATUTE": "", "EXAMT_HS": 0, "EXAMT_NR": 0, "UVREDUC_HS": 0, "UVREDUC_NR": 0, "GLVAL_HS": 0.0, "GLVAL_NR": 1481.0, "CRHOUSPCT": 0.0, "MUNGL1PCT": 1481.0, "AOEGL_HS": 0.0, "AOEGL_NR": 1481.0, "E911ADDR": "108 WASHINGTON ST", "SHAPE_Length": 0.0010787579380866059, "SHAPE_Area": 6.811809354346022e-08}, "geometry": {"type": "MultiPolygon", "coordinates": [[[[-72.49562881699995, 44.19437467300003], [-72.49585477999995, 44.19416360500003], [-72.49605570099999, 44.194280330000026], [-72.49583599299996, 44.19448689800004], [-72.49562881699995, 44.19437467300003]]]]}}, {"type": "Feature", "properties": {"OBJECTID": 7881, "SPAN": "036-011-12868", "GLIST_SPAN": "036-011-12868", "MAPID": "0790-0078.0000", "PARCID": "0790-0078-0000", "PROPTYPE": "PARCEL", "YEAR": 2023, "GLYEAR": 2022, "TOWN": "BARRE CITY", "TNAME": "Barre City", "SOURCENAME": null, "SOURCETYPE": "UNKNOWN", "SOURCEDATE": "UNKNOWN", "EDITMETHOD": "UNKNOWN", "EDITOR": "UNKNOWN", "EDITDATE": "UNKNOWN", "MATCHSTAT": "MATCH", "EDITNOTE": "UNKNOWN", "OWNER1": "STONE WILLIAM C & SUZANNE C", "OWNER2": "C/O 133 WASHINGTON LLC", "ADDRGL1": "32 RAILROAD ST", "ADDRGL2": "", "CITYGL": "ORLEANS", "STGL": "VT", "ZIPGL": "05860", "DESCPROP": "3 APTS-0.34AC", "LOCAPROP": "HILL ST  78", "CAT": "Residential-1", "RESCODE": "C", "ACRESGL": 0.34, "REAL_FLV": 126800, "HSTED_FLV": 0, "NRES_FLV": 126800, "LAND_LV": 24300, "IMPRV_LV": 102500, "EQUIPVAL": 0, "EQUIPCODE": "", "INVENVAL": 0, "HSDECL": "N", "HSITEVAL": 0, "VETEXAMT": 0, "EXPDESC": "", "ENDDATE": "", "STATUTE": "", "EXAMT_HS": 0, "EXAMT_NR": 0, "UVREDUC_HS": 0, "UVREDUC_NR": 0, "GLVAL_HS": 0.0, "GLVAL_NR": 1268.0, "CRHOUSPCT": 0.0, "MUNGL1PCT": 1268.0, "AOEGL_HS": 0.0, "AOEGL_NR": 1268.0, "E911ADDR": "78 HILL ST", "SHAPE_Length": 0.0008553884984348203, "SHAPE_Area": 4.156202011756127e-08}, "geometry": {"type": "MultiPolygon", "coordinates": [[[[-72.49539125099994, 44.19349543900006], [-72.49518101999996, 44.19336780200007], [-72.49514346299998, 44.19329024800004], [-72.49514535499998, 44.19328988600006], [-72.49537792299998, 44.19324735600003], [-72.49538516699994, 44.193245887000046], [-72.49543513099997, 44.19346041000006], [-72.49543304099996, 44.19345962600005], [-72.49539286899994, 44.19349405200006], [-72.49539125099994, 44.19349543900006]]]]}}, {"type": "Feature", "properties": {"OBJECTID": 7883, "SPAN": "036-011-12869", "GLIST_SPAN": "036-011-12869", "MAPID": "1515-0133.0000", "PARCID": "1515-0133-0000", "PROPTYPE": "PARCEL", "YEAR": 2023, "GLYEAR": 2022, "TOWN": "BARRE CITY", "TNAME": "Barre City", "SOURCENAME": null, "SOURCETYPE": "UNKNOWN", "SOURCEDATE": "UNKNOWN", "EDITMETHOD": "UNKNOWN", "EDITOR": "UNKNOWN", "EDITDATE": "UNKNOWN", "MATCHSTAT": "MATCH", "EDITNOTE": "UNKNOWN", "OWNER1": "STONE WILLIAM C & SUZANNE C", "OWNER2": "C/O 133 WASHINGTON LLC", "ADDRGL1": "32 RAILROAD ST", "ADDRGL2": "", "CITYGL": "ORLEANS", "STGL": "VT", "ZIPGL": "05860", "DESCPROP": "SERVICE STATION-0.19AC", "LOCAPROP": "WASHINGTON ST 133", "CAT": "Commercial", "RESCODE": "C", "ACRESGL": 0.19, "REAL_FLV": 94200, "HSTED_FLV": 0, "NRES_FLV": 94200, "LAND_LV": 21400, "IMPRV_LV": 72800, "EQUIPVAL": 0, "EQUIPCODE": "", "INVENVAL": 0, "HSDECL": "N", "HSITEVAL": 0, "VETEXAMT": 0, "EXPDESC": "", "ENDDATE": "", "STATUTE": "", "EXAMT_HS": 0, "EXAMT_NR": 0, "UVREDUC_HS": 0, "UVREDUC_NR": 0, "GLVAL_HS": 0.0, "GLVAL_NR": 942.0, "CRHOUSPCT": 0.0, "MUNGL1PCT": 942.0, "AOEGL_HS": 0.0, "AOEGL_NR": 942.0, "E911ADDR": "133 WASHINGTON ST", "SHAPE_Length": 0.0014010320574816412, "SHAPE_Area": 9.094281361819903e-08}, "geometry": {"type": "MultiPolygon", "coordinates": [[[[-72.49480525299998, 44.19335483500004], [-72.49514346299998, 44.19329024800004], [-72.49518101999996, 44.19336780200007], [-72.49539125099994, 44.19349543900006], [-72.49523679199996, 44.19362780400007], [-72.49523483699994, 44.19362921100003], [-72.49523288299997, 44.19362808600005], [-72.49480603399996, 44.19337283400006], [-72.49480407799996, 44.193371709000075], [-72.49480525299998, 44.19335483500004]]]]}}, {"type": "Feature", "properties": {"OBJECTID": 7930, "SPAN": "036-011-12482", "GLIST_SPAN": "036-011-12482", "MAPID": "0955-0019.0000", "PARCID": "0955-0019-0000", "PROPTYPE": "PARCEL", "YEAR": 2023, "GLYEAR": 2022, "TOWN": "BARRE CITY", "TNAME": "Barre City", "SOURCENAME": null, "SOURCETYPE": "UNKNOWN", "SOURCEDATE": "UNKNOWN", "EDITMETHOD": "UNKNOWN", "EDITOR": "UNKNOWN", "EDITDATE": "UNKNOWN", "MATCHSTAT": "MATCH", "EDITNOTE": "UNKNOWN", "OWNER1": "THOMES ASHLEY LOUISE & ROOT WILL", "OWNER2": "PRISTINE", "ADDRGL1": "19 LIBERTY ST # 2", "ADDRGL2": "", "CITYGL": "BARRE", "STGL": "VT", "ZIPGL": "05641", "DESCPROP": "2 APTS-0.11AC", "LOCAPROP": "LIBERTY ST  19", "CAT": "Residential-1", "RESCODE": "T", "ACRESGL": 0.11, "REAL_FLV": 143000, "HSTED_FLV": 143000, "NRES_FLV": 0, "LAND_LV": 12900, "IMPRV_LV": 130100, "EQUIPVAL": 0, "EQUIPCODE": "", "INVENVAL": 0, "HSDECL": "Y", "HSITEVAL": 143000, "VETEXAMT": 0, "EXPDESC": "", "ENDDATE": "", "STATUTE": "", "EXAMT_HS": 0, "EXAMT_NR": 0, "UVREDUC_HS": 0, "UVREDUC_NR": 0, "GLVAL_HS": 1430.0, "GLVAL_NR": 0.0, "CRHOUSPCT": 0.0, "MUNGL1PCT": 1430.0, "AOEGL_HS": 1430.0, "AOEGL_NR": 0.0, "E911ADDR": "19 LIBERTY ST", "SHAPE_Length": 0.0009089885626529625, "SHAPE_Area": 4.8062151129987664e-08}, "geometry": {"type": "MultiPolygon", "coordinates": [[[[-72.49612416799994, 44.19341521400003], [-72.49616053199998, 44.19324773200003], [-72.49644628299995, 44.19327783500006], [-72.49642712399998, 44.19334533400007], [-72.49642673399995, 44.193347162000066], [-72.49640679299995, 44.19342098900006], [-72.49640053699994, 44.19344405100003], [-72.49612416799994, 44.19341521400003]]]]}}, {"type": "Feature", "properties": {"OBJECTID": 7936, "SPAN": "036-011-12485", "GLIST_SPAN": "036-011-12485", "MAPID": "0955-0035.0000", "PARCID": "0955-0035-0000", "PROPTYPE": "PARCEL", "YEAR": 2023, "GLYEAR": 2022, "TOWN": "BARRE CITY", "TNAME": "Barre City", "SOURCENAME": null, "SOURCETYPE": "UNKNOWN", "SOURCEDATE": "UNKNOWN", "EDITMETHOD": "UNKNOWN", "EDITOR": "UNKNOWN", "EDITDATE": "UNKNOWN", "MATCHSTAT": "MATCH", "EDITNOTE": "UNKNOWN", "OWNER1": "POTVIN PETER C & LAREENE S", "OWNER2": "C/O POTVIN PETER CB III & SHERROL", "ADDRGL1": "35 LIBERTY ST APT 1", "ADDRGL2": "", "CITYGL": "BARRE", "STGL": "VT", "ZIPGL": "05641", "DESCPROP": "2 FAM-0.13AC", "LOCAPROP": "LIBERTY ST  35", "CAT": "Residential-1", "RESCODE": "T", "ACRESGL": 0.13, "REAL_FLV": 130200, "HSTED_FLV": 130200, "NRES_FLV": 0, "LAND_LV": 14700, "IMPRV_LV": 115500, "EQUIPVAL": 0, "EQUIPCODE": "", "INVENVAL": 0, "HSDECL": "Y", "HSITEVAL": 130200, "VETEXAMT": 0, "EXPDESC": "", "ENDDATE": "", "STATUTE": "", "EXAMT_HS": 0, "EXAMT_NR": 0, "UVREDUC_HS": 0, "UVREDUC_NR": 0, "GLVAL_HS": 1302.0, "GLVAL_NR": 0.0, "CRHOUSPCT": 0.0, "MUNGL1PCT": 1302.0, "AOEGL_HS": 1302.0, "AOEGL_NR": 0.0, "E911ADDR": "35 LIBERTY ST", "SHAPE_Length": 0.0010126072386572264, "SHAPE_Area": 6.068042987174671e-08}, "geometry": {"type": "MultiPolygon", "coordinates": [[[[-72.49645961899995, 44.192526342000065], [-72.49646391899995, 44.192525498000066], [-72.49645963699999, 44.19257756300004], [-72.49645922399998, 44.192582592000065], [-72.49645805099993, 44.19259581000006], [-72.49644748899993, 44.192722090000075], [-72.49615196599996, 44.19273065800007], [-72.49614220699993, 44.19253308200007], [-72.49645961899995, 44.192526342000065]]]]}}, {"type": "Feature", "properties": {"OBJECTID": 7996, "SPAN": "036-011-12517", "GLIST_SPAN": "036-011-12517", "MAPID": "0955-0012.0000", "PARCID": "0955-0012-0000", "PROPTYPE": "PARCEL", "YEAR": 2023, "GLYEAR": 2022, "TOWN": "BARRE CITY", "TNAME": "Barre City", "SOURCENAME": null, "SOURCETYPE": "UNKNOWN", "SOURCEDATE": "UNKNOWN", "EDITMETHOD": "UNKNOWN", "EDITOR": "UNKNOWN", "EDITDATE": "UNKNOWN", "MATCHSTAT": "MATCH", "EDITNOTE": "UNKNOWN", "OWNER1": "KEENE BRYANT", "OWNER2": "", "ADDRGL1": "12 LIBERTY ST", "ADDRGL2": "", "CITYGL": "BARRE", "STGL": "VT", "ZIPGL": "05641", "DESCPROP": "1 FAM-0.11AC", "LOCAPROP": "LIBERTY ST  12", "CAT": "Residential-1", "RESCODE": "T", "ACRESGL": 0.11, "REAL_FLV": 118130, "HSTED_FLV": 118130, "NRES_FLV": 0, "LAND_LV": 12900, "IMPRV_LV": 105230, "EQUIPVAL": 0, "EQUIPCODE": "", "INVENVAL": 0, "HSDECL": "Y", "HSITEVAL": 118130, "VETEXAMT": 0, "EXPDESC": "", "ENDDATE": "", "STATUTE": "", "EXAMT_HS": 0, "EXAMT_NR": 0, "UVREDUC_HS": 0, "UVREDUC_NR": 0, "GLVAL_HS": 1181.0, "GLVAL_NR": 0.0, "CRHOUSPCT": 0.0, "MUNGL1PCT": 1181.3, "AOEGL_HS": 1181.0, "AOEGL_NR": 0.0, "E911ADDR": "12 LIBERTY ST", "SHAPE_Length": 0.0010263084941685276, "SHAPE_Area": 5.0263495891149143e-08}, "geometry": {"type": "MultiPolygon", "coordinates": [[[[-72.49559995499999, 44.193500554000025], [-72.49560034599995, 44.193499710000026], [-72.49563552799998, 44.193503649000036], [-72.49593769599994, 44.19353867600006], [-72.49589194599997, 44.19375368800007], [-72.49588647299998, 44.193750453000064], [-72.49569298099993, 44.19363274400007], [-72.49557923299994, 44.19356341200006], [-72.49557532399996, 44.19356102100005], [-72.49555108899995, 44.193546395000055], [-72.49558275399994, 44.193515741000056], [-72.49559995499999, 44.193500554000025]]]]}}, {"type": "Feature", "properties": {"OBJECTID": 4052, "SPAN": "036-011-10382", "GLIST_SPAN": "036-011-10382", "MAPID": "1595-0018.0000", "PARCID": "1595-0018-0000", "PROPTYPE": "PARCEL", "YEAR": 2023, "GLYEAR": 2022, "TOWN": "BARRE CITY", "TNAME": "Barre City", "SOURCENAME": null, "SOURCETYPE": "UNKNOWN", "SOURCEDATE": "UNKNOWN", "EDITMETHOD": "UNKNOWN", "EDITOR": "UNKNOWN", "EDITDATE": "UNKNOWN", "MATCHSTAT": "MATCH", "EDITNOTE": "UNKNOWN", "OWNER1": "GAVIN JAMES A", "OWNER2": "", "ADDRGL1": "18 WOODLAND DR", "ADDRGL2": "", "CITYGL": "BARRE", "STGL": "VT", "ZIPGL": "05641", "DESCPROP": "1 FAM-0.29AC", "LOCAPROP": "WOODLAND DR  18", "CAT": "Residential-1", "RESCODE": "T", "ACRESGL": 0.29, "REAL_FLV": 198040, "HSTED_FLV": 198040, "NRES_FLV": 0, "LAND_LV": 34550, "IMPRV_LV": 163490, "EQUIPVAL": 0, "EQUIPCODE": "", "INVENVAL": 0, "HSDECL": "Y", "HSITEVAL": 198040, "VETEXAMT": 0, "EXPDESC": "", "ENDDATE": "", "STATUTE": "", "EXAMT_HS": 0, "EXAMT_NR": 0, "UVREDUC_HS": 0, "UVREDUC_NR": 0, "GLVAL_HS": 1980.0, "GLVAL_NR": 0.0, "CRHOUSPCT": 0.0, "MUNGL1PCT": 1980.4, "AOEGL_HS": 1980.0, "AOEGL_NR": 0.0, "E911ADDR": "18 WOODLAND DR", "SHAPE_Length": 0.0016307111460983838, "SHAPE_Area": 1.5487985915041154e-07}, "geometry": {"type": "MultiPolygon", "coordinates": [[[[-72.48591355899998, 44.19392136100004], [-72.48602307599998, 44.193660376000025], [-72.48651239599997, 44.19375696800006], [-72.48639792499995, 44.19402409200006], [-72.48639574999999, 44.19402916900003], [-72.48638657999999, 44.19405056800008], [-72.48590052599997, 44.19395234700005], [-72.48591167799998, 44.19392583200005], [-72.48591355899998, 44.19392136100004]]]]}}, {"type": "Feature", "properties": {"OBJECTID": 4139, "SPAN": "036-011-10006", "GLIST_SPAN": "036-011-10006", "MAPID": "1155-0047.0000", "PARCID": "1155-0047-0000", "PROPTYPE": "PARCEL", "YEAR": 2023, "GLYEAR": 2022, "TOWN": "BARRE CITY", "TNAME": "Barre City", "SOURCENAME": null, "SOURCETYPE": "UNKNOWN", "SOURCEDATE": "UNKNOWN", "EDITMETHOD": "UNKNOWN", "EDITOR": "UNKNOWN", "EDITDATE": "UNKNOWN", "MATCHSTAT": "MATCH", "EDITNOTE": "UNKNOWN", "OWNER1": "ABRAHAM MICHAEL P & LOREEN A L; LIFE EST", "OWNER2": "SULLIVAN KIRA APRAHAMIAN; ABRAHAM ET AL", "ADDRGL1": "47 PATTERSON ST", "ADDRGL2": "", "CITYGL": "BARRE", "STGL": "VT", "ZIPGL": "05641", "DESCPROP": "1 FAM-0.21AC", "LOCAPROP": "PATTERSON ST  47", "CAT": "Residential-1", "RESCODE": "T", "ACRESGL": 0.21, "REAL_FLV": 132830, "HSTED_FLV": 132830, "NRES_FLV": 0, "LAND_LV": 29600, "IMPRV_LV": 103230, "EQUIPVAL": 0, "EQUIPCODE": "", "INVENVAL": 0, "HSDECL": "Y", "HSITEVAL": 132830, "VETEXAMT": 0, "EXPDESC": "", "ENDDATE": "", "STATUTE": "", "EXAMT_HS": 0, "EXAMT_NR": 0, "UVREDUC_HS": 0, "UVREDUC_NR": 0, "GLVAL_HS": 1328.0, "GLVAL_NR": 0.0, "CRHOUSPCT": 0.0, "MUNGL1PCT": 1328.3, "AOEGL_HS": 1328.0, "AOEGL_NR": 0.0, "E911ADDR": "47 PATTERSON ST", "SHAPE_Length": 0.0013203798191245223, "SHAPE_Area": 9.489780049546198e-08}, "geometry": {"type": "MultiPolygon", "coordinates": [[[[-72.48973891899993, 44.192169455000055], [-72.48979522199994, 44.19209000700005], [-72.49019039999996, 44.19221758800006], [-72.49018961799999, 44.192218713000045], [-72.49011884499998, 44.192337534000046], [-72.49007348799995, 44.19241149800007], [-72.48973850499993, 44.19230768800003], [-72.48973615999995, 44.19230698500007], [-72.48965485599996, 44.19228686800005], [-72.48973813699996, 44.19217057900005], [-72.48973891899993, 44.192169455000055]]]]}}, {"type": "Feature", "properties": {"OBJECTID": 4192, "SPAN": "036-011-10450", "GLIST_SPAN": "036-011-10450", "MAPID": "1595-VL00.0002", "PARCID": "1595-VL00-0002", "PROPTYPE": "PARCEL", "YEAR": 2023, "GLYEAR": 2022, "TOWN": "BARRE CITY", "TNAME": "Barre City", "SOURCENAME": null, "SOURCETYPE": "UNKNOWN", "SOURCEDATE": "UNKNOWN", "EDITMETHOD": "UNKNOWN", "EDITOR": "UNKNOWN", "EDITDATE": "UNKNOWN", "MATCHSTAT": "MATCH", "EDITNOTE": "UNKNOWN", "OWNER1": "SEWELL GREGORY B", "OWNER2": "", "ADDRGL1": "13 WOODLAND DR", "ADDRGL2": "", "CITYGL": "BARRE", "STGL": "VT", "ZIPGL": "05641", "DESCPROP": "VAC LAND-0.2870ACAC", "LOCAPROP": "WOODLAND DR    LOT 55", "CAT": "Miscellaneous", "RESCODE": "T", "ACRESGL": 0.29, "REAL_FLV": 22700, "HSTED_FLV": 0, "NRES_FLV": 22700, "LAND_LV": 22700, "IMPRV_LV": 0, "EQUIPVAL": 0, "EQUIPCODE": "", "INVENVAL": 0, "HSDECL": "N", "HSITEVAL": 0, "VETEXAMT": 0, "EXPDESC": "", "ENDDATE": "", "STATUTE": "", "EXAMT_HS": 0, "EXAMT_NR": 0, "UVREDUC_HS": 0, "UVREDUC_NR": 0, "GLVAL_HS": 0.0, "GLVAL_NR": 227.0, "CRHOUSPCT": 0.0, "MUNGL1PCT": 227.0, "AOEGL_HS": 0.0, "AOEGL_NR": 227.0, "E911ADDR": "WOODLAND DR", "SHAPE_Length": 0.001529586216059278, "SHAPE_Area": 1.3048499134792197e-07}, "geometry": {"type": "MultiPolygon", "coordinates": [[[[-72.48613583599996, 44.19339959300004], [-72.48624162799996, 44.193154924000055], [-72.48669243899997, 44.19324632000007], [-72.48672812199999, 44.19325355400008], [-72.48662173599996, 44.193501817000026], [-72.48613688999995, 44.19339981400003], [-72.48613583599996, 44.19339959300004]]]]}}, {"type": "Feature", "properties": {"OBJECTID": 4246, "SPAN": "036-011-10477", "GLIST_SPAN": "036-011-10477", "MAPID": "0165-0010.0000", "PARCID": "0165-0010-0000", "PROPTYPE": "PARCEL", "YEAR": 2023, "GLYEAR": 2022, "TOWN": "BARRE CITY", "TNAME": "Barre City", "SOURCENAME": null, "SOURCETYPE": "UNKNOWN", "SOURCEDATE": "UNKNOWN", "EDITMETHOD": "UNKNOWN", "EDITOR": "VCGI", "EDITDATE": "20231019", "MATCHSTAT": "MATCH", "EDITNOTE": "Updated SPAN per 2022 Grand List and AxisGIS app", "OWNER1": "BLANCHARD ROBERT L", "OWNER2": "", "ADDRGL1": "10 BERKELEY ST", "ADDRGL2": "", "CITYGL": "BARRE", "STGL": "VT", "ZIPGL": "05641", "DESCPROP": "1 FAM-0.24AC & .15AC & .16AC", "LOCAPROP": "BERKELEY ST  10", "CAT": "Residential-1", "RESCODE": "T", "ACRESGL": 0.52, "REAL_FLV": 227000, "HSTED_FLV": 227000, "NRES_FLV": 0, "LAND_LV": 49400, "IMPRV_LV": 177600, "EQUIPVAL": 0, "EQUIPCODE": "", "INVENVAL": 0, "HSDECL": "Y", "HSITEVAL": 227000, "VETEXAMT": 0, "EXPDESC": "", "ENDDATE": "", "STATUTE": "", "EXAMT_HS": 0, "EXAMT_NR": 0, "UVREDUC_HS": 0, "UVREDUC_NR": 0, "GLVAL_HS": 2270.0, "GLVAL_NR": 0.0, "CRHOUSPCT": 0.0, "MUNGL1PCT": 2270.0, "AOEGL_HS": 2270.0, "AOEGL_NR": 0.0, "E911ADDR": "10 BERKELEY ST", "SHAPE_Length": 0.0015104653570432093, "SHAPE_Area": 1.0819525672182499e-07}, "geometry": {"type": "MultiPolygon", "coordinates": [[[[-72.48992410899996, 44.19346337600007], [-72.48998968999996, 44.19326831200004], [-72.49024885099993, 44.193328662000056], [-72.49042240699998, 44.19336889400006], [-72.49054202099995, 44.19339449800003], [-72.49048605199994, 44.19350685500007], [-72.49048590099994, 44.193507158000045], [-72.49045438499996, 44.193570425000075], [-72.49036452299998, 44.19355156000006], [-72.49036256799997, 44.19355113800003], [-72.48996815699996, 44.19347024600006], [-72.48995056599995, 44.193466588000035], [-72.48993102099996, 44.19346391400006], [-72.48992593999998, 44.193463773000076], [-72.48992398799999, 44.193463734000034], [-72.48992410899996, 44.19346337600007]]]]}}, {"type": "Feature", "properties": {"OBJECTID": 4321, "SPAN": "036-011-10102", "GLIST_SPAN": "036-011-10102", "MAPID": "0790-0166.0000", "PARCID": "0790-0166-0000", "PROPTYPE": "PARCEL", "YEAR": 2023, "GLYEAR": 2022, "TOWN": "BARRE CITY", "TNAME": "Barre City", "SOURCENAME": null, "SOURCETYPE": "UNKNOWN", "SOURCEDATE": "UNKNOWN", "EDITMETHOD": "UNKNOWN", "EDITOR": "UNKNOWN", "EDITDATE": "UNKNOWN", "MATCHSTAT": "MATCH", "EDITNOTE": "UNKNOWN", "OWNER1": "AYER DAVID & KATHRYN", "OWNER2": "", "ADDRGL1": "166 HILL ST", "ADDRGL2": "", "CITYGL": "BARRE", "STGL": "VT", "ZIPGL": "05641", "DESCPROP": "2 - 1 FAM-0.21AC", "LOCAPROP": "HILL ST 166 & 164", "CAT": "Residential-1", "RESCODE": "T", "ACRESGL": 0.21, "REAL_FLV": 194700, "HSTED_FLV": 0, "NRES_FLV": 194700, "LAND_LV": 29600, "IMPRV_LV": 165100, "EQUIPVAL": 0, "EQUIPCODE": "", "INVENVAL": 0, "HSDECL": "N", "HSITEVAL": 119900, "VETEXAMT": 0, "EXPDESC": "", "ENDDATE": "", "STATUTE": "", "EXAMT_HS": 0, "EXAMT_NR": 0, "UVREDUC_HS": 0, "UVREDUC_NR": 0, "GLVAL_HS": 0.0, "GLVAL_NR": 1947.0, "CRHOUSPCT": 0.0, "MUNGL1PCT": 1947.0, "AOEGL_HS": 0.0, "AOEGL_NR": 1947.0, "E911ADDR": "166164 HILL ST", "SHAPE_Length": 0.0012319681387420464, "SHAPE_Area": 9.341102694695179e-08}, "geometry": {"type": "MultiPolygon", "coordinates": [[[[-72.48941156199999, 44.19315112000004], [-72.48951363599997, 44.19287846000003], [-72.48951519899998, 44.19287874100007], [-72.48983103899997, 44.192940504000035], [-72.48972896599997, 44.19321569500005], [-72.48941156199999, 44.19315112000004]]]]}}, {"type": "Feature", "properties": {"OBJECTID": 4455, "SPAN": "036-011-10850", "GLIST_SPAN": "036-011-10850", "MAPID": "0300-0011.0000", "PARCID": "0300-0011-0000", "PROPTYPE": "PARCEL", "YEAR": 2023, "GLYEAR": 2022, "TOWN": "BARRE CITY", "TNAME": "Barre City", "SOURCENAME": null, "SOURCETYPE": "UNKNOWN", "SOURCEDATE": "UNKNOWN", "EDITMETHOD": "UNKNOWN", "EDITOR": "UNKNOWN", "EDITDATE": "UNKNOWN", "MATCHSTAT": "MATCH", "EDITNOTE": "UNKNOWN", "OWNER1": "HOPKINS LIZA", "OWNER2": "", "ADDRGL1": "11 CAMP ST", "ADDRGL2": "", "CITYGL": "BARRE", "STGL": "VT", "ZIPGL": "05641", "DESCPROP": "1 FAM-0.31AC", "LOCAPROP": "CAMP ST  11", "CAT": "Residential-1", "RESCODE": "T", "ACRESGL": 0.31, "REAL_FLV": 127680, "HSTED_FLV": 127680, "NRES_FLV": 0, "LAND_LV": 35400, "IMPRV_LV": 92280, "EQUIPVAL": 0, "EQUIPCODE": "", "INVENVAL": 0, "HSDECL": "Y", "HSITEVAL": 127680, "VETEXAMT": 0, "EXPDESC": "", "ENDDATE": "", "STATUTE": "", "EXAMT_HS": 0, "EXAMT_NR": 0, "UVREDUC_HS": 0, "UVREDUC_NR": 0, "GLVAL_HS": 1277.0, "GLVAL_NR": 0.0, "CRHOUSPCT": 0.0, "MUNGL1PCT": 1276.8, "AOEGL_HS": 1277.0, "AOEGL_NR": 0.0, "E911ADDR": "11 CAMP ST", "SHAPE_Length": 0.0016152050270051195, "SHAPE_Area": 1.3775862935356406e-07}, "geometry": {"type": "MultiPolygon", "coordinates": [[[[-72.49083148199998, 44.19216940700005], [-72.49083265399997, 44.19216673500006], [-72.49083421799997, 44.19216715700003], [-72.49136543199995, 44.19228574500005], [-72.49136816799995, 44.192286307000074], [-72.49137012299997, 44.19228658800006], [-72.49135291699997, 44.19232596200004], [-72.49126532599996, 44.192526204000046], [-72.49072668599996, 44.192390319000026], [-72.49075835799994, 44.19232858700008], [-72.49081701299997, 44.192200343000025], [-72.49081896899997, 44.192196687000035], [-72.49083148199998, 44.19216940700005]]]]}}, {"type": "Feature", "properties": {"OBJECTID": 4518, "SPAN": "036-011-10885", "GLIST_SPAN": "036-011-10885", "MAPID": "0790-0205.0000", "PARCID": "0790-0205-0000", "PROPTYPE": "PARCEL", "YEAR": 2023, "GLYEAR": 2022, "TOWN": "BARRE CITY", "TNAME": "Barre City", "SOURCENAME": null, "SOURCETYPE": "UNKNOWN", "SOURCEDATE": "UNKNOWN", "EDITMETHOD": "UNKNOWN", "EDITOR": "UNKNOWN", "EDITDATE": "UNKNOWN", "MATCHSTAT": "MATCH", "EDITNOTE": "UNKNOWN", "OWNER1": "VIENS GREGORY P & WEEDEN BRITTANY E", "OWNER2": "", "ADDRGL1": "205 HILL ST", "ADDRGL2": "", "CITYGL": "BARRE", "STGL": "VT", "ZIPGL": "05641", "DESCPROP": "1 FAM-0.51AC", "LOCAPROP": "HILL ST 205", "CAT": "Residential-1", "RESCODE": "T", "ACRESGL": 0.51, "REAL_FLV": 192300, "HSTED_FLV": 192300, "NRES_FLV": 0, "LAND_LV": 44900, "IMPRV_LV": 147400, "EQUIPVAL": 0, "EQUIPCODE": "", "INVENVAL": 0, "HSDECL": "Y", "HSITEVAL": 192300, "VETEXAMT": 0, "EXPDESC": "", "ENDDATE": "", "STATUTE": "", "EXAMT_HS": 0, "EXAMT_NR": 0, "UVREDUC_HS": 0, "UVREDUC_NR": 0, "GLVAL_HS": 1923.0, "GLVAL_NR": 0.0, "CRHOUSPCT": 0.0, "MUNGL1PCT": 1923.0, "AOEGL_HS": 1923.0, "AOEGL_NR": 0.0, "E911ADDR": "205 HILL ST", "SHAPE_Length": 0.0019218750354458268, "SHAPE_Area": 2.105048471408679e-07}, "geometry": {"type": "MultiPolygon", "coordinates": [[[[-72.48716563699998, 44.19222455100004], [-72.48725869199995, 44.19205473800008], [-72.48780436699997, 44.19214465500005], [-72.48780358499994, 44.19214620200006], [-72.48763425499999, 44.19248185300006], [-72.48763269099999, 44.192483681000056], [-72.48718277699999, 44.192430897000065], [-72.48706042499998, 44.19241654100006], [-72.48716563699998, 44.19222455100004]]]]}}, {"type": "Feature", "properties": {"OBJECTID": 4521, "SPAN": "036-011-10887", "GLIST_SPAN": "036-011-10887", "MAPID": "0300-0053.0000", "PARCID": "0300-0053-0000", "PROPTYPE": "PARCEL", "YEAR": 2023, "GLYEAR": 2022, "TOWN": "BARRE CITY", "TNAME": "Barre City", "SOURCENAME": null, "SOURCETYPE": "UNKNOWN", "SOURCEDATE": "UNKNOWN", "EDITMETHOD": "UNKNOWN", "EDITOR": "UNKNOWN", "EDITDATE": "UNKNOWN", "MATCHSTAT": "MATCH", "EDITNOTE": "UNKNOWN", "OWNER1": "WEAR DAVID & KIMBERLY & GUINAN KATRINA", "OWNER2": "", "ADDRGL1": "1 HUNTINGTON COURT", "ADDRGL2": "", "CITYGL": "LANCASTER", "STGL": "NY", "ZIPGL": "14086", "DESCPROP": "1 FAM-0.72AC", "LOCAPROP": "CAMP ST  53", "CAT": "Residential-1", "RESCODE": "T", "ACRESGL": 0.72, "REAL_FLV": 215200, "HSTED_FLV": 215200, "NRES_FLV": 0, "LAND_LV": 63700, "IMPRV_LV": 151500, "EQUIPVAL": 0, "EQUIPCODE": "", "INVENVAL": 0, "HSDECL": "Y", "HSITEVAL": 215200, "VETEXAMT": 0, "EXPDESC": "", "ENDDATE": "", "STATUTE": "", "EXAMT_HS": 0, "EXAMT_NR": 0, "UVREDUC_HS": 0, "UVREDUC_NR": 0, "GLVAL_HS": 2152.0, "GLVAL_NR": 0.0, "CRHOUSPCT": 0.0, "MUNGL1PCT": 2152.0, "AOEGL_HS": 2152.0, "AOEGL_NR": 0.0, "E911ADDR": "53 CAMP ST", "SHAPE_Length": 0.002442023225557265, "SHAPE_Area": 3.3558082672440356e-07}, "geometry": {"type": "MultiPolygon", "coordinates": [[[[-72.48991145999997, 44.19355742800008], [-72.48992240499996, 44.19355531900004], [-72.48992983299996, 44.193556726000054], [-72.49031290999994, 44.193636352000055], [-72.49069090499995, 44.19371232100008], [-72.49069286099996, 44.19371302400003], [-72.49069442399997, 44.19371316400003], [-72.49069950499995, 44.193714431000046], [-72.49070927799994, 44.19371780700004], [-72.49071396799997, 44.19372118200005], [-72.49071553099998, 44.19372638500005], [-72.49071396599999, 44.19373383800007], [-72.49070927399998, 44.193741009000064], [-72.49053448199999, 44.194087352000054], [-72.49052900799995, 44.194095367000045], [-72.49052548999998, 44.19409888200005], [-72.49051767099996, 44.19410127100008], [-72.49050438099994, 44.19409845800004], [-72.49048483599995, 44.19409508100006], [-72.49015359099997, 44.194024382000066], [-72.49014670899999, 44.194022913000026], [-72.48978239199994, 44.19395130300006], [-72.48977340199997, 44.19394820800005], [-72.48976441099995, 44.19394342700008], [-72.48976089499996, 44.19393850400007], [-72.48975894099993, 44.19393147400007], [-72.48976089799999, 44.19391853600007], [-72.48982782399997, 44.19375163400008], [-72.48989464699997, 44.193584989000044], [-72.48990090399997, 44.19356825500006], [-72.48990794199995, 44.19355967700005], [-72.48991145999997, 44.19355742800008]]]]}}, {"type": "Feature", "properties": {"OBJECTID": 4536, "SPAN": "036-011-10895", "GLIST_SPAN": "036-011-10895", "MAPID": "1070-0086.0000", "PARCID": "1070-0086-0000", "PROPTYPE": "PARCEL", "YEAR": 2023, "GLYEAR": 2022, "TOWN": "BARRE CITY", "TNAME": "Barre City", "SOURCENAME": null, "SOURCETYPE": "UNKNOWN", "SOURCEDATE": "UNKNOWN", "EDITMETHOD": "UNKNOWN", "EDITOR": "UNKNOWN", "EDITDATE": "UNKNOWN", "MATCHSTAT": "MATCH", "EDITNOTE": "UNKNOWN", "OWNER1": "D'AGOSTINO GREGORY P & MARY L - LIFE EST", "OWNER2": "D'AGOSTINO NICHOLAS G; D'AGOSTINO ET AL", "ADDRGL1": "PO BOX 202", "ADDRGL2": "", "CITYGL": "BARRE", "STGL": "VT", "ZIPGL": "05641-0202", "DESCPROP": "1 FAM-0.73AC", "LOCAPROP": "NELSON ST  86", "CAT": "Residential-1", "RESCODE": "T", "ACRESGL": 0.73, "REAL_FLV": 313800, "HSTED_FLV": 272900, "NRES_FLV": 40900, "LAND_LV": 59000, "IMPRV_LV": 254800, "EQUIPVAL": 0, "EQUIPCODE": "", "INVENVAL": 0, "HSDECL": "Y", "HSITEVAL": 272900, "VETEXAMT": 0, "EXPDESC": "", "ENDDATE": "", "STATUTE": "", "EXAMT_HS": 0, "EXAMT_NR": 0, "UVREDUC_HS": 0, "UVREDUC_NR": 0, "GLVAL_HS": 2729.0, "GLVAL_NR": 409.0, "CRHOUSPCT": 0.0, "MUNGL1PCT": 3138.0, "AOEGL_HS": 2729.0, "AOEGL_NR": 409.0, "E911ADDR": "86 NELSON ST", "SHAPE_Length": 0.0024519999917319633, "SHAPE_Area": 3.3235323745233425e-07}, "geometry": {"type": "MultiPolygon", "coordinates": [[[[-72.48863709999995, 44.19355885400006], [-72.48872119499998, 44.193300115000056], [-72.48872510399997, 44.19330124000004], [-72.48901436299997, 44.19336412700005], [-72.48901625599996, 44.19336452500005], [-72.48929614099995, 44.193423180000025], [-72.48950844999996, 44.19346767300004], [-72.48951665799996, 44.19346950200003], [-72.48939994399996, 44.19385287700004], [-72.48939614799997, 44.19386534600005], [-72.48859622999998, 44.193685335000055], [-72.48863709999995, 44.19355885400006]]]]}}, {"type": "Feature", "properties": {"OBJECTID": 4548, "SPAN": "036-011-10902", "GLIST_SPAN": "036-011-10902", "MAPID": "1070-0050.0000", "PARCID": "1070-0050-0000", "PROPTYPE": "PARCEL", "YEAR": 2023, "GLYEAR": 2022, "TOWN": "BARRE CITY", "TNAME": "Barre City", "SOURCENAME": null, "SOURCETYPE": "UNKNOWN", "SOURCEDATE": "UNKNOWN", "EDITMETHOD": "UNKNOWN", "EDITOR": "UNKNOWN", "EDITDATE": "UNKNOWN", "MATCHSTAT": "MATCH", "EDITNOTE": "UNKNOWN", "OWNER1": "MORRIS ELIZABETH WENTWORTH & CURLEY", "OWNER2": "JOSHUA JAMES", "ADDRGL1": "50 NELSON ST", "ADDRGL2": "", "CITYGL": "BARRE", "STGL": "VT", "ZIPGL": "05641", "DESCPROP": "1 FAM-0.29AC+0.32AC & .19AC LOTS", "LOCAPROP": "NELSON ST  50", "CAT": "Residential-1", "RESCODE": "T", "ACRESGL": 0.29, "REAL_FLV": 357100, "HSTED_FLV": 357100, "NRES_FLV": 0, "LAND_LV": 107500, "IMPRV_LV": 249600, "EQUIPVAL": 0, "EQUIPCODE": "", "INVENVAL": 0, "HSDECL": "Y", "HSITEVAL": 357100, "VETEXAMT": 0, "EXPDESC": "", "ENDDATE": "", "STATUTE": "", "EXAMT_HS": 0, "EXAMT_NR": 0, "UVREDUC_HS": 0, "UVREDUC_NR": 0, "GLVAL_HS": 3571.0, "GLVAL_NR": 0.0, "CRHOUSPCT": 0.0, "MUNGL1PCT": 3571.0, "AOEGL_HS": 3571.0, "AOEGL_NR": 0.0, "E911ADDR": "50 NELSON ST", "SHAPE_Length": 0.0037306682039319737, "SHAPE_Area": 3.7359708658265017e-07}, "geometry": {"type": "MultiPolygon", "coordinates": [[[[-72.48849276599998, 44.19200579000005], [-72.48849315799998, 44.19200438400003], [-72.48900596799996, 44.19226037000004], [-72.48887185599995, 44.19243613700007], [-72.48887029199994, 44.192438528000025], [-72.48878700999995, 44.192547502000025], [-72.48874008999996, 44.19260866900004], [-72.48836444099999, 44.19256686700004], [-72.48836522399995, 44.19256363200003], [-72.48842195399999, 44.19231529700005], [-72.48849041899996, 44.19201507100007], [-72.48849276599998, 44.19200579000005]]], [[[-72.48893905399996, 44.19263287600006], [-72.48912125899994, 44.192388771000026], [-72.48915957799994, 44.19233182200003], [-72.48920180499994, 44.19227810700005], [-72.48920414999998, 44.192275014000074], [-72.48920727799998, 44.192275436000045], [-72.48960909999994, 44.19240062800003], [-72.48961261899996, 44.192401191000044], [-72.48958758899994, 44.19246897000005], [-72.48958602599998, 44.192468408000025], [-72.48946407199998, 44.19242775500004], [-72.48945351399993, 44.19244575400006], [-72.48930375299994, 44.192701957000054], [-72.48925762799996, 44.19269379600007], [-72.48893905399996, 44.19263287600006]]]]}}, {"type": "Feature", "properties": {"OBJECTID": 4573, "SPAN": "036-011-10915", "GLIST_SPAN": "036-011-10915", "MAPID": "1155-0051.0000", "PARCID": "1155-0051-0000", "PROPTYPE": "PARCEL", "YEAR": 2023, "GLYEAR": 2022, "TOWN": "BARRE CITY", "TNAME": "Barre City", "SOURCENAME": null, "SOURCETYPE": "UNKNOWN", "SOURCEDATE": "UNKNOWN", "EDITMETHOD": "UNKNOWN", "EDITOR": "UNKNOWN", "EDITDATE": "UNKNOWN", "MATCHSTAT": "MATCH", "EDITNOTE": "UNKNOWN", "OWNER1": "DUKE HEATHER", "OWNER2": "", "ADDRGL1": "51 PATTERSON ST", "ADDRGL2": "", "CITYGL": "BARRE", "STGL": "VT", "ZIPGL": "05641", "DESCPROP": "1 FAM-0.17AC", "LOCAPROP": "PATTERSON ST  51", "CAT": "Residential-1", "RESCODE": "T", "ACRESGL": 0.17, "REAL_FLV": 149830, "HSTED_FLV": 149830, "NRES_FLV": 0, "LAND_LV": 25200, "IMPRV_LV": 124630, "EQUIPVAL": 0, "EQUIPCODE": "", "INVENVAL": 0, "HSDECL": "Y", "HSITEVAL": 149830, "VETEXAMT": 0, "EXPDESC": "", "ENDDATE": "", "STATUTE": "", "EXAMT_HS": 0, "EXAMT_NR": 0, "UVREDUC_HS": 0, "UVREDUC_NR": 0, "GLVAL_HS": 1498.0, "GLVAL_NR": 0.0, "CRHOUSPCT": 0.0, "MUNGL1PCT": 1498.3, "AOEGL_HS": 1498.0, "AOEGL_NR": 0.0, "E911ADDR": "51 PATTERSON ST", "SHAPE_Length": 0.001260505048700633, "SHAPE_Area": 8.33254301655442e-08}, "geometry": {"type": "MultiPolygon", "coordinates": [[[[-72.48961261899996, 44.192401191000044], [-72.48965485599996, 44.19228686800005], [-72.48973615999995, 44.19230698500007], [-72.48973850499993, 44.19230768800003], [-72.49007348799995, 44.19241149800007], [-72.48998902399995, 44.192587411000034], [-72.48966380999997, 44.19249330500003], [-72.48966928499993, 44.19248135200007], [-72.48966693899996, 44.192480930000045], [-72.48958758899994, 44.19246897000005], [-72.48961261899996, 44.192401191000044]]]]}}, {"type": "Feature", "properties": {"OBJECTID": 4632, "SPAN": "036-011-10947", "GLIST_SPAN": "036-011-10947", "MAPID": "1070-0043.0000", "PARCID": "1070-0043-0000", "PROPTYPE": "PARCEL", "YEAR": 2023, "GLYEAR": 2022, "TOWN": "BARRE CITY", "TNAME": "Barre City", "SOURCENAME": null, "SOURCETYPE": "UNKNOWN", "SOURCEDATE": "UNKNOWN", "EDITMETHOD": "UNKNOWN", "EDITOR": "UNKNOWN", "EDITDATE": "UNKNOWN", "MATCHSTAT": "MATCH", "EDITNOTE": "UNKNOWN", "OWNER1": "PATTERSON JOHN E & GLORIA D", "OWNER2": "", "ADDRGL1": "43 NELSON ST", "ADDRGL2": "", "CITYGL": "BARRE", "STGL": "VT", "ZIPGL": "05641-3931", "DESCPROP": "1 FAM-0.38AC", "LOCAPROP": "NELSON ST  43", "CAT": "Residential-1", "RESCODE": "T", "ACRESGL": 0.38, "REAL_FLV": 216900, "HSTED_FLV": 0, "NRES_FLV": 216900, "LAND_LV": 42300, "IMPRV_LV": 174600, "EQUIPVAL": 0, "EQUIPCODE": "", "INVENVAL": 0, "HSDECL": "N", "HSITEVAL": 216900, "VETEXAMT": 0, "EXPDESC": "", "ENDDATE": "", "STATUTE": "", "EXAMT_HS": 0, "EXAMT_NR": 0, "UVREDUC_HS": 0, "UVREDUC_NR": 0, "GLVAL_HS": 0.0, "GLVAL_NR": 2169.0, "CRHOUSPCT": 0.0, "MUNGL1PCT": 2169.0, "AOEGL_HS": 0.0, "AOEGL_NR": 2169.0, "E911ADDR": "43 NELSON ST", "SHAPE_Length": 0.0018130216713793004, "SHAPE_Area": 1.809403875254257e-07}, "geometry": {"type": "MultiPolygon", "coordinates": [[[[-72.48861477799994, 44.19173482100007], [-72.48861634299993, 44.19173088300005], [-72.48861712399997, 44.191731305000076], [-72.48918543499997, 44.19201556100006], [-72.48911818399995, 44.19210710100003], [-72.48900792199998, 44.19225769800005], [-72.48900596799996, 44.19226037000004], [-72.48849315799998, 44.19200438400003], [-72.48861243199997, 44.19174171100008], [-72.48861477799994, 44.19173482100007]]]]}}, {"type": "Feature", "properties": {"OBJECTID": 4681, "SPAN": "036-011-10646", "GLIST_SPAN": "036-011-10646", "MAPID": "1595-0006.0000", "PARCID": "1595-0006-0000", "PROPTYPE": "PARCEL", "YEAR": 2023, "GLYEAR": 2022, "TOWN": "BARRE CITY", "TNAME": "Barre City", "SOURCENAME": null, "SOURCETYPE": "UNKNOWN", "SOURCEDATE": "UNKNOWN", "EDITMETHOD": "UNKNOWN", "EDITOR": "UNKNOWN", "EDITDATE": "UNKNOWN", "MATCHSTAT": "MATCH", "EDITNOTE": "UNKNOWN", "OWNER1": "WOLFF MICHAEL CLARK & TERESA A", "OWNER2": "", "ADDRGL1": "6 WOODLAND DR", "ADDRGL2": "", "CITYGL": "BARRE", "STGL": "VT", "ZIPGL": "05641", "DESCPROP": "1 FAM-O.38AC", "LOCAPROP": "WOODLAND DR   6", "CAT": "Residential-1", "RESCODE": "T", "ACRESGL": 0.38, "REAL_FLV": 177900, "HSTED_FLV": 177900, "NRES_FLV": 0, "LAND_LV": 38000, "IMPRV_LV": 139900, "EQUIPVAL": 0, "EQUIPCODE": "", "INVENVAL": 0, "HSDECL": "Y", "HSITEVAL": 177900, "VETEXAMT": 40000, "EXPDESC": "", "ENDDATE": "", "STATUTE": "", "EXAMT_HS": 0, "EXAMT_NR": 0, "UVREDUC_HS": 0, "UVREDUC_NR": 0, "GLVAL_HS": 1379.0, "GLVAL_NR": 0.0, "CRHOUSPCT": 0.0, "MUNGL1PCT": 1379.0, "AOEGL_HS": 1679.0, "AOEGL_NR": 0.0, "E911ADDR": "6 WOODLAND DR", "SHAPE_Length": 0.0017178616014126508, "SHAPE_Area": 1.75803620008164e-07}, "geometry": {"type": "MultiPolygon", "coordinates": [[[[-72.48637472099995, 44.19284057200008], [-72.48637722999996, 44.19283462400006], [-72.48661199399999, 44.192864222000026], [-72.48677065499999, 44.19288422400007], [-72.48686439999994, 44.192896043000076], [-72.48686326399996, 44.19289902600008], [-72.48676327299995, 44.193161340000074], [-72.48676261699995, 44.193163061000064], [-72.48672812199999, 44.19325355400008], [-72.48669243899997, 44.19324632000007], [-72.48624162799996, 44.193154924000055], [-72.48624992499998, 44.193135737000034], [-72.48625070699995, 44.193134471000064], [-72.48637472099995, 44.19284057200008]]]]}}, {"type": "Feature", "properties": {"OBJECTID": 4737, "SPAN": "036-011-10679", "GLIST_SPAN": "036-011-10679", "MAPID": "0300-0070.0000", "PARCID": "0300-0070-0000", "PROPTYPE": "PARCEL", "YEAR": 2023, "GLYEAR": 2022, "TOWN": "BARRE CITY", "TNAME": "Barre City", "SOURCENAME": null, "SOURCETYPE": "UNKNOWN", "SOURCEDATE": "UNKNOWN", "EDITMETHOD": "UNKNOWN", "EDITOR": "UNKNOWN", "EDITDATE": "UNKNOWN", "MATCHSTAT": "MATCH", "EDITNOTE": "UNKNOWN", "OWNER1": "CITY OF BARRE", "OWNER2": "", "ADDRGL1": "6 N MAIN ST", "ADDRGL2": "", "CITYGL": "BARRE", "STGL": "VT", "ZIPGL": "05641-4115", "DESCPROP": "PLAYGROUND W/SHED-LINCOLN SCHOOL-2.00AC", "LOCAPROP": "CAMP ST  70", "CAT": "Commercial", "RESCODE": "C", "ACRESGL": 2.0, "REAL_FLV": 102000, "HSTED_FLV": 0, "NRES_FLV": 102000, "LAND_LV": 97400, "IMPRV_LV": 4600, "EQUIPVAL": 0, "EQUIPCODE": "", "INVENVAL": 0, "HSDECL": "N", "HSITEVAL": 0, "VETEXAMT": 0, "EXPDESC": "Statutory", "ENDDATE": "", "STATUTE": "", "EXAMT_HS": 0, "EXAMT_NR": 0, "UVREDUC_HS": 0, "UVREDUC_NR": 0, "GLVAL_HS": 0.0, "GLVAL_NR": 0.0, "CRHOUSPCT": 0.0, "MUNGL1PCT": 0.0, "AOEGL_HS": 0.0, "AOEGL_NR": 0.0, "E911ADDR": "70 CAMP ST", "SHAPE_Length": 0.004015267201956977, "SHAPE_Area": 9.254567641372811e-07}, "geometry": {"type": "MultiPolygon", "coordinates": [[[[-72.49029585099998, 44.194965291000074], [-72.49086777599996, 44.19383643500004], [-72.49169905699995, 44.19412554000007], [-72.49128231999998, 44.19477546400003], [-72.49112173899994, 44.19499405300007], [-72.49029585099998, 44.194965291000074]]]]}}, {"type": "Feature", "properties": {"OBJECTID": 4752, "SPAN": "036-011-11006", "GLIST_SPAN": "036-011-11006", "MAPID": "0300-0020.0000", "PARCID": "0300-0020-0000", "PROPTYPE": "PARCEL", "YEAR": 2023, "GLYEAR": 2022, "TOWN": "BARRE CITY", "TNAME": "Barre City", "SOURCENAME": null, "SOURCETYPE": "UNKNOWN", "SOURCEDATE": "UNKNOWN", "EDITMETHOD": "UNKNOWN", "EDITOR": "UNKNOWN", "EDITDATE": "UNKNOWN", "MATCHSTAT": "MATCH", "EDITNOTE": "UNKNOWN", "OWNER1": "DONOVAN BRUCE E", "OWNER2": "", "ADDRGL1": "20 CAMP ST", "ADDRGL2": "", "CITYGL": "BARRE", "STGL": "VT", "ZIPGL": "05641", "DESCPROP": "1 FAM-0.14AC", "LOCAPROP": "CAMP ST  20", "CAT": "Residential-1", "RESCODE": "T", "ACRESGL": 0.14, "REAL_FLV": 170270, "HSTED_FLV": 170270, "NRES_FLV": 0, "LAND_LV": 20800, "IMPRV_LV": 149470, "EQUIPVAL": 0, "EQUIPCODE": "", "INVENVAL": 0, "HSDECL": "Y", "HSITEVAL": 170270, "VETEXAMT": 0, "EXPDESC": "", "ENDDATE": "", "STATUTE": "", "EXAMT_HS": 0, "EXAMT_NR": 0, "UVREDUC_HS": 0, "UVREDUC_NR": 0, "GLVAL_HS": 1703.0, "GLVAL_NR": 0.0, "CRHOUSPCT": 0.0, "MUNGL1PCT": 1702.7, "AOEGL_HS": 1703.0, "AOEGL_NR": 0.0, "E911ADDR": "20 CAMP ST", "SHAPE_Length": 0.0010146326437678894, "SHAPE_Area": 6.243831873145374e-08}, "geometry": {"type": "MultiPolygon", "coordinates": [[[[-72.49130008499998, 44.192735595000045], [-72.49136812599994, 44.19257472600003], [-72.49136890699998, 44.192574868000065], [-72.49137186399997, 44.19257568800003], [-72.49158162399993, 44.19262983600004], [-72.49158438899997, 44.19263035500006], [-72.49147205999998, 44.192890857000066], [-72.49132599399996, 44.19285352300005], [-72.49131383199995, 44.19285041400008], [-72.49127778899998, 44.19284120200007], [-72.49125550699995, 44.19283557500006], [-72.49130008499998, 44.192735595000045]]]]}}, {"type": "Feature", "properties": {"OBJECTID": 5537, "SPAN": "036-011-10759", "GLIST_SPAN": "036-011-10759", "MAPID": "0300-0009.0000", "PARCID": "0300-0009-0000", "PROPTYPE": "PARCEL", "YEAR": 2023, "GLYEAR": 2022, "TOWN": "BARRE CITY", "TNAME": "Barre City", "SOURCENAME": null, "SOURCETYPE": "UNKNOWN", "SOURCEDATE": "UNKNOWN", "EDITMETHOD": "UNKNOWN", "EDITOR": "UNKNOWN", "EDITDATE": "UNKNOWN", "MATCHSTAT": "MATCH", "EDITNOTE": "UNKNOWN", "OWNER1": "CAMBEL AYSE EMEL", "OWNER2": "", "ADDRGL1": "9 CAMP ST", "ADDRGL2": "", "CITYGL": "BARRE", "STGL": "VT", "ZIPGL": "05641", "DESCPROP": "1 FAM-0.28AC", "LOCAPROP": "CAMP ST   9", "CAT": "Residential-1", "RESCODE": "T", "ACRESGL": 0.28, "REAL_FLV": 167320, "HSTED_FLV": 167320, "NRES_FLV": 0, "LAND_LV": 34600, "IMPRV_LV": 132720, "EQUIPVAL": 0, "EQUIPCODE": "", "INVENVAL": 0, "HSDECL": "Y", "HSITEVAL": 167320, "VETEXAMT": 0, "EXPDESC": "", "ENDDATE": "", "STATUTE": "", "EXAMT_HS": 0, "EXAMT_NR": 0, "UVREDUC_HS": 0, "UVREDUC_NR": 0, "GLVAL_HS": 1673.0, "GLVAL_NR": 0.0, "CRHOUSPCT": 0.0, "MUNGL1PCT": 1673.2, "AOEGL_HS": 1673.0, "AOEGL_NR": 0.0, "E911ADDR": "9 CAMP ST", "SHAPE_Length": 0.0014975037782847078, "SHAPE_Area": 1.0994422138403104e-07}, "geometry": {"type": "MultiPolygon", "coordinates": [[[[-72.49083382799995, 44.19216392300007], [-72.49093514299994, 44.19197405400007], [-72.49144911099995, 44.192104768000036], [-72.49137911599996, 44.192266621000044], [-72.49137168699997, 44.19228335400004], [-72.49137012299997, 44.19228658800006], [-72.49136816799995, 44.192286307000074], [-72.49136543199995, 44.19228574500005], [-72.49083421799997, 44.19216715700003], [-72.49083265399997, 44.19216673500006], [-72.49083382799995, 44.19216392300007]]]]}}, {"type": "Feature", "properties": {"OBJECTID": 5540, "SPAN": "036-011-10324", "GLIST_SPAN": "036-011-10324", "MAPID": "1155-0036.0000", "PARCID": "1155-0036-0000", "PROPTYPE": "PARCEL", "YEAR": 2023, "GLYEAR": 2022, "TOWN": "BARRE CITY", "TNAME": "Barre City", "SOURCENAME": null, "SOURCETYPE": "UNKNOWN", "SOURCEDATE": "UNKNOWN", "EDITMETHOD": "UNKNOWN", "EDITOR": "UNKNOWN", "EDITDATE": "UNKNOWN", "MATCHSTAT": "MATCH", "EDITNOTE": "UNKNOWN", "OWNER1": "MOORE BENJAMIN T & JESSICA D", "OWNER2": "", "ADDRGL1": "36 PATTERSON ST", "ADDRGL2": "", "CITYGL": "BARRE", "STGL": "VT", "ZIPGL": "05641", "DESCPROP": "1 FAM-0.23AC", "LOCAPROP": "PATTERSON ST  36", "CAT": "Residential-1", "RESCODE": "T", "ACRESGL": 0.23, "REAL_FLV": 156570, "HSTED_FLV": 156570, "NRES_FLV": 0, "LAND_LV": 32000, "IMPRV_LV": 124570, "EQUIPVAL": 0, "EQUIPCODE": "", "INVENVAL": 0, "HSDECL": "Y", "HSITEVAL": 156570, "VETEXAMT": 0, "EXPDESC": "", "ENDDATE": "", "STATUTE": "", "EXAMT_HS": 0, "EXAMT_NR": 0, "UVREDUC_HS": 0, "UVREDUC_NR": 0, "GLVAL_HS": 1566.0, "GLVAL_NR": 0.0, "CRHOUSPCT": 0.0, "MUNGL1PCT": 1565.7, "AOEGL_HS": 1566.0, "AOEGL_NR": 0.0, "E911ADDR": "36 PATTERSON ST", "SHAPE_Length": 0.0013761648017227, "SHAPE_Area": 1.1121066571209503e-07}, "geometry": {"type": "MultiPolygon", "coordinates": [[[[-72.49025563999999, 44.19245468500003], [-72.49025681399996, 44.19245327900006], [-72.49026384899997, 44.19245609200004], [-72.49050228299996, 44.19255258000004], [-72.49033022799995, 44.19291017200004], [-72.49006286099996, 44.19284813400003], [-72.49006403299995, 44.19284700900005], [-72.49025563999999, 44.19245468500003]]]]}}, {"type": "Feature", "properties": {"OBJECTID": 5602, "SPAN": "036-011-11148", "GLIST_SPAN": "036-011-11148", "MAPID": "0790-0204.0000", "PARCID": "0790-0204-0000", "PROPTYPE": "PARCEL", "YEAR": 2023, "GLYEAR": 2022, "TOWN": "BARRE CITY", "TNAME": "Barre City", "SOURCENAME": null, "SOURCETYPE": "UNKNOWN", "SOURCEDATE": "UNKNOWN", "EDITMETHOD": "UNKNOWN", "EDITOR": "UNKNOWN", "EDITDATE": "UNKNOWN", "MATCHSTAT": "MATCH", "EDITNOTE": "UNKNOWN", "OWNER1": "FELCH LESTER H J JR & LISA", "OWNER2": "", "ADDRGL1": "204 HILL ST", "ADDRGL2": "", "CITYGL": "BARRE", "STGL": "VT", "ZIPGL": "05641", "DESCPROP": "1 FAM-2.15AC", "LOCAPROP": "HILL ST 204", "CAT": "Residential-1", "RESCODE": "T", "ACRESGL": 2.15, "REAL_FLV": 231200, "HSTED_FLV": 231200, "NRES_FLV": 0, "LAND_LV": 50600, "IMPRV_LV": 180600, "EQUIPVAL": 0, "EQUIPCODE": "", "INVENVAL": 0, "HSDECL": "Y", "HSITEVAL": 225100, "VETEXAMT": 0, "EXPDESC": "", "ENDDATE": "", "STATUTE": "", "EXAMT_HS": 0, "EXAMT_NR": 0, "UVREDUC_HS": 0, "UVREDUC_NR": 0, "GLVAL_HS": 2312.0, "GLVAL_NR": 0.0, "CRHOUSPCT": 0.0, "MUNGL1PCT": 2312.0, "AOEGL_HS": 2312.0, "AOEGL_NR": 0.0, "E911ADDR": "204 HILL ST", "SHAPE_Length": 0.005002812340205208, "SHAPE_Area": 9.78926624016048e-07}, "geometry": {"type": "MultiPolygon", "coordinates": [[[[-72.48672812199999, 44.19325355400008], [-72.48676261699995, 44.193163061000064], [-72.48676327299995, 44.193161340000074], [-72.48696827699996, 44.19318586000003], [-72.48700631699995, 44.19319041000006], [-72.48711680799994, 44.19292786300008], [-72.48726120799995, 44.192584741000076], [-72.48751522499998, 44.19261271200003], [-72.48778020999998, 44.19264188900007], [-72.48782615299996, 44.19264694900005], [-72.48775001799999, 44.193004880000046], [-72.48771252799997, 44.19318112700006], [-72.48740654399995, 44.19314939800006], [-72.48738986299998, 44.19320204500008], [-72.48734749199997, 44.19333577300006], [-72.48709325499993, 44.19413814100005], [-72.48706630899994, 44.194133720000025], [-72.48639792499995, 44.19402409200006], [-72.48651239599997, 44.19375696800006], [-72.48662173599996, 44.193501817000026], [-72.48672812199999, 44.19325355400008]]]]}}, {"type": "Feature", "properties": {"OBJECTID": 5680, "SPAN": "036-011-11191", "GLIST_SPAN": "036-011-11191", "MAPID": "1520-0032.0000", "PARCID": "1520-0032-0000", "PROPTYPE": "PARCEL", "YEAR": 2023, "GLYEAR": 2022, "TOWN": "BARRE CITY", "TNAME": "Barre City", "SOURCENAME": null, "SOURCETYPE": "UNKNOWN", "SOURCEDATE": "UNKNOWN", "EDITMETHOD": "UNKNOWN", "EDITOR": "UNKNOWN", "EDITDATE": "UNKNOWN", "MATCHSTAT": "MATCH", "EDITNOTE": "UNKNOWN", "OWNER1": "FLORY ALFRED J", "OWNER2": "", "ADDRGL1": "32 WATERMAN ST", "ADDRGL2": "", "CITYGL": "BARRE", "STGL": "VT", "ZIPGL": "05641", "DESCPROP": "1 FAM-0.45AC", "LOCAPROP": "WATERMAN ST  32", "CAT": "Residential-1", "RESCODE": "T", "ACRESGL": 0.45, "REAL_FLV": 186800, "HSTED_FLV": 186800, "NRES_FLV": 0, "LAND_LV": 35800, "IMPRV_LV": 151000, "EQUIPVAL": 0, "EQUIPCODE": "", "INVENVAL": 0, "HSDECL": "Y", "HSITEVAL": 186800, "VETEXAMT": 0, "EXPDESC": "", "ENDDATE": "", "STATUTE": "", "EXAMT_HS": 0, "EXAMT_NR": 0, "UVREDUC_HS": 0, "UVREDUC_NR": 0, "GLVAL_HS": 1868.0, "GLVAL_NR": 0.0, "CRHOUSPCT": 0.0, "MUNGL1PCT": 1868.0, "AOEGL_HS": 1868.0, "AOEGL_NR": 0.0, "E911ADDR": "32 WATERMAN ST", "SHAPE_Length": 0.00215847133771062, "SHAPE_Area": 2.1272552448417742e-07}, "geometry": {"type": "MultiPolygon", "coordinates": [[[[-72.48716182099997, 44.191726792000054], [-72.48716299299997, 44.19172468200003], [-72.48739868999996, 44.191791083000055], [-72.48791346999997, 44.19193598100003], [-72.48780436699997, 44.19214465500005], [-72.48725869199995, 44.19205473800008], [-72.48725673899997, 44.19205445600005], [-72.48700032399995, 44.19198144300003], [-72.48698977299995, 44.191978911000035], [-72.48700071799993, 44.19197075500006], [-72.48702261299997, 44.191950930000075], [-72.48703942399999, 44.191935182000066], [-72.48706718699998, 44.19189820100007], [-72.48709142999996, 44.19186192300003], [-72.48716182099997, 44.191726792000054]]]]}}, {"type": "Feature", "properties": {"OBJECTID": 5811, "SPAN": "036-011-11247", "GLIST_SPAN": "036-011-11247", "MAPID": "1070-0044.0000", "PARCID": "1070-0044-0000", "PROPTYPE": "PARCEL", "YEAR": 2023, "GLYEAR": 2022, "TOWN": "BARRE CITY", "TNAME": "Barre City", "SOURCENAME": null, "SOURCETYPE": "UNKNOWN", "SOURCEDATE": "UNKNOWN", "EDITMETHOD": "UNKNOWN", "EDITOR": "UNKNOWN", "EDITDATE": "UNKNOWN", "MATCHSTAT": "MATCH", "EDITNOTE": "UNKNOWN", "OWNER1": "FRIOT EDWIN H & ANITA A", "OWNER2": "", "ADDRGL1": "44 NELSON ST", "ADDRGL2": "", "CITYGL": "BARRE", "STGL": "VT", "ZIPGL": "05641", "DESCPROP": "1 FAM-0.24AC", "LOCAPROP": "NELSON ST  44", "CAT": "Residential-1", "RESCODE": "T", "ACRESGL": 0.24, "REAL_FLV": 149300, "HSTED_FLV": 149300, "NRES_FLV": 0, "LAND_LV": 36800, "IMPRV_LV": 112500, "EQUIPVAL": 0, "EQUIPCODE": "", "INVENVAL": 0, "HSDECL": "Y", "HSITEVAL": 149300, "VETEXAMT": 0, "EXPDESC": "", "ENDDATE": "", "STATUTE": "", "EXAMT_HS": 0, "EXAMT_NR": 0, "UVREDUC_HS": 0, "UVREDUC_NR": 0, "GLVAL_HS": 1493.0, "GLVAL_NR": 0.0, "CRHOUSPCT": 0.0, "MUNGL1PCT": 1493.0, "AOEGL_HS": 1493.0, "AOEGL_NR": 0.0, "E911ADDR": "44 NELSON ST", "SHAPE_Length": 0.0013692280553331986, "SHAPE_Area": 1.060121899914935e-07}, "geometry": {"type": "MultiPolygon", "coordinates": [[[[-72.48925302299995, 44.192221019000044], [-72.48938830799995, 44.19203611100005], [-72.48973813699996, 44.19217057900005], [-72.48965485599996, 44.19228686800005], [-72.48961261899996, 44.192401191000044], [-72.48960909999994, 44.19240062800003], [-72.48920727799998, 44.192275436000045], [-72.48920414999998, 44.192275014000074], [-72.48925302299995, 44.192221019000044]]]]}}, {"type": "Feature", "properties": {"OBJECTID": 6050, "SPAN": "036-011-11319", "GLIST_SPAN": "036-011-11319", "MAPID": "0790-0209.0000", "PARCID": "0790-0209-0000", "PROPTYPE": "PARCEL", "YEAR": 2023, "GLYEAR": 2022, "TOWN": "BARRE CITY", "TNAME": "Barre City", "SOURCENAME": null, "SOURCETYPE": "UNKNOWN", "SOURCEDATE": "UNKNOWN", "EDITMETHOD": "UNKNOWN", "EDITOR": "UNKNOWN", "EDITDATE": "UNKNOWN", "MATCHSTAT": "MATCH", "EDITNOTE": "UNKNOWN", "OWNER1": "DUBUQUE ALFRED D", "OWNER2": "", "ADDRGL1": "209 HILL ST", "ADDRGL2": "", "CITYGL": "BARRE", "STGL": "VT", "ZIPGL": "05641", "DESCPROP": "1 FAM-0.16AC", "LOCAPROP": "HILL ST 209", "CAT": "Residential-1", "RESCODE": "T", "ACRESGL": 0.16, "REAL_FLV": 147400, "HSTED_FLV": 134300, "NRES_FLV": 13100, "LAND_LV": 23700, "IMPRV_LV": 123700, "EQUIPVAL": 0, "EQUIPCODE": "", "INVENVAL": 0, "HSDECL": "Y", "HSITEVAL": 134300, "VETEXAMT": 0, "EXPDESC": "", "ENDDATE": "", "STATUTE": "", "EXAMT_HS": 0, "EXAMT_NR": 0, "UVREDUC_HS": 0, "UVREDUC_NR": 0, "GLVAL_HS": 1343.0, "GLVAL_NR": 131.0, "CRHOUSPCT": 0.0, "MUNGL1PCT": 1474.0, "AOEGL_HS": 1343.0, "AOEGL_NR": 131.0, "E911ADDR": "209 HILL ST", "SHAPE_Length": 0.001087783480715325, "SHAPE_Area": 7.096341792777396e-08}, "geometry": {"type": "MultiPolygon", "coordinates": [[[[-72.48675325299996, 44.19207914900005], [-72.48680204799996, 44.19206866600007], [-72.48670007799996, 44.192374560000076], [-72.48646353699996, 44.192347005000045], [-72.48645806699994, 44.19234320700008], [-72.48644751299997, 44.19233139200003], [-72.48643852699996, 44.192318733000036], [-72.48643423199997, 44.19230580000004], [-72.48643188899996, 44.192294967000066], [-72.48643423599998, 44.192285827000035], [-72.48643501899994, 44.19228203500006], [-72.48645769899997, 44.19224181200008], [-72.48647411899998, 44.19221242500004], [-72.48648585399997, 44.192193865000036], [-72.48650344899994, 44.192175587000065], [-72.48652182099994, 44.19215772800004], [-72.48655896999998, 44.192130313000064], [-72.48659024199998, 44.192114004000075], [-72.48661955999995, 44.19210641600006], [-72.48665865299995, 44.19209432100007], [-72.48670790699998, 44.192086034000056], [-72.48675325299996, 44.19207914900005]]]]}}, {"type": "Feature", "properties": {"OBJECTID": 6099, "SPAN": "036-011-11369", "GLIST_SPAN": "036-011-11369", "MAPID": "1155-0030.0000", "PARCID": "1155-0030-0000", "PROPTYPE": "PARCEL", "YEAR": 2023, "GLYEAR": 2022, "TOWN": "BARRE CITY", "TNAME": "Barre City", "SOURCENAME": null, "SOURCETYPE": "UNKNOWN", "SOURCEDATE": "UNKNOWN", "EDITMETHOD": "UNKNOWN", "EDITOR": "UNKNOWN", "EDITDATE": "UNKNOWN", "MATCHSTAT": "MATCH", "EDITNOTE": "UNKNOWN", "OWNER1": "ZISKE WALTER P & CLARK ZISKE VIRGINIA L", "OWNER2": "", "ADDRGL1": "30 PATTERSON ST", "ADDRGL2": "", "CITYGL": "BARRE", "STGL": "VT", "ZIPGL": "05641", "DESCPROP": "1 FAM-0.19AC", "LOCAPROP": "PATTERSON ST  30", "CAT": "Residential-1", "RESCODE": "T", "ACRESGL": 0.19, "REAL_FLV": 154060, "HSTED_FLV": 154060, "NRES_FLV": 0, "LAND_LV": 27330, "IMPRV_LV": 126730, "EQUIPVAL": 0, "EQUIPCODE": "", "INVENVAL": 0, "HSDECL": "Y", "HSITEVAL": 154060, "VETEXAMT": 0, "EXPDESC": "", "ENDDATE": "", "STATUTE": "", "EXAMT_HS": 0, "EXAMT_NR": 0, "UVREDUC_HS": 0, "UVREDUC_NR": 0, "GLVAL_HS": 1541.0, "GLVAL_NR": 0.0, "CRHOUSPCT": 0.0, "MUNGL1PCT": 1540.6, "AOEGL_HS": 1541.0, "AOEGL_NR": 0.0, "E911ADDR": "30 PATTERSON ST", "SHAPE_Length": 0.001191276267718302, "SHAPE_Area": 8.403284471761997e-08}, "geometry": {"type": "MultiPolygon", "coordinates": [[[[-72.49046482599994, 44.192125221000026], [-72.49052230099994, 44.19203635100007], [-72.49052503799999, 44.19203874300007], [-72.49081193199999, 44.19219739000005], [-72.49081701299997, 44.192200343000025], [-72.49075835799994, 44.19232858700008], [-72.49072668599996, 44.192390319000026], [-72.49037333399997, 44.19225613400005], [-72.49037372499998, 44.19225557200008], [-72.49042142499997, 44.19218737300008], [-72.49046482599994, 44.192125221000026]]]]}}, {"type": "Feature", "properties": {"OBJECTID": 6102, "SPAN": "036-011-11372", "GLIST_SPAN": "036-011-11372", "MAPID": "1070-0100.0000", "PARCID": "1070-0100-0000", "PROPTYPE": "PARCEL", "YEAR": 2023, "GLYEAR": 2022, "TOWN": "BARRE CITY", "TNAME": "Barre City", "SOURCENAME": null, "SOURCETYPE": "UNKNOWN", "SOURCEDATE": "UNKNOWN", "EDITMETHOD": "UNKNOWN", "EDITOR": "UNKNOWN", "EDITDATE": "UNKNOWN", "MATCHSTAT": "MATCH", "EDITNOTE": "UNKNOWN", "OWNER1": "GORMSEN PAUL J - LIFE EST;", "OWNER2": "ABARE CHRISTINE", "ADDRGL1": "100 NELSON ST", "ADDRGL2": "", "CITYGL": "BARRE", "STGL": "VT", "ZIPGL": "05641", "DESCPROP": "1 FAM-0.74AC", "LOCAPROP": "NELSON ST 100", "CAT": "Residential-1", "RESCODE": "T", "ACRESGL": 0.74, "REAL_FLV": 317300, "HSTED_FLV": 317300, "NRES_FLV": 0, "LAND_LV": 59400, "IMPRV_LV": 257900, "EQUIPVAL": 0, "EQUIPCODE": "", "INVENVAL": 0, "HSDECL": "Y", "HSITEVAL": 317300, "VETEXAMT": 0, "EXPDESC": "", "ENDDATE": "", "STATUTE": "", "EXAMT_HS": 0, "EXAMT_NR": 0, "UVREDUC_HS": 0, "UVREDUC_NR": 0, "GLVAL_HS": 3173.0, "GLVAL_NR": 0.0, "CRHOUSPCT": 0.0, "MUNGL1PCT": 3173.0, "AOEGL_HS": 3173.0, "AOEGL_NR": 0.0, "E911ADDR": "100 NELSON ST", "SHAPE_Length": 0.0024690291409090823, "SHAPE_Area": 3.3719418817740265e-07}, "geometry": {"type": "MultiPolygon", "coordinates": [[[[-72.48846851699994, 44.19408055200006], [-72.48859622999998, 44.193685335000055], [-72.48939614799997, 44.19386534600005], [-72.48936763499995, 44.193959], [-72.48927728099994, 44.19425416000007], [-72.48927454499994, 44.194253598000046], [-72.48847320799996, 44.19408167800003], [-72.48846851699994, 44.19408055200006]]]]}}, {"type": "Feature", "properties": {"OBJECTID": 6251, "SPAN": "036-011-11526", "GLIST_SPAN": "036-011-11526", "MAPID": "1070-0032.0000", "PARCID": "1070-0032-0000", "PROPTYPE": "PARCEL", "YEAR": 2023, "GLYEAR": 2022, "TOWN": "BARRE CITY", "TNAME": "Barre City", "SOURCENAME": null, "SOURCETYPE": "UNKNOWN", "SOURCEDATE": "UNKNOWN", "EDITMETHOD": "UNKNOWN", "EDITOR": "UNKNOWN", "EDITDATE": "UNKNOWN", "MATCHSTAT": "MATCH", "EDITNOTE": "UNKNOWN", "OWNER1": "DAVIS HEATHER B", "OWNER2": "", "ADDRGL1": "32 NELSON ST", "ADDRGL2": "", "CITYGL": "BARRE", "STGL": "VT", "ZIPGL": "05641", "DESCPROP": "1 FAM & ACC APT IN CARRIAGE HSE-0.17AC", "LOCAPROP": "NELSON ST  32", "CAT": "Residential-1", "RESCODE": "T", "ACRESGL": 0.17, "REAL_FLV": 252500, "HSTED_FLV": 0, "NRES_FLV": 252500, "LAND_LV": 28400, "IMPRV_LV": 224100, "EQUIPVAL": 0, "EQUIPCODE": "", "INVENVAL": 0, "HSDECL": "N", "HSITEVAL": 205300, "VETEXAMT": 0, "EXPDESC": "", "ENDDATE": "", "STATUTE": "", "EXAMT_HS": 0, "EXAMT_NR": 0, "UVREDUC_HS": 0, "UVREDUC_NR": 0, "GLVAL_HS": 0.0, "GLVAL_NR": 2525.0, "CRHOUSPCT": 0.0, "MUNGL1PCT": 2525.0, "AOEGL_HS": 0.0, "AOEGL_NR": 2525.0, "E911ADDR": "32 NELSON ST", "SHAPE_Length": 0.0011758581382979995, "SHAPE_Area": 7.82174533788658e-08}, "geometry": {"type": "MultiPolygon", "coordinates": [[[[-72.48938830799995, 44.19203611100005], [-72.48952124499993, 44.19185457800006], [-72.48985856299998, 44.19200015400003], [-72.48985739099999, 44.19200198200008], [-72.48979522199994, 44.19209000700005], [-72.48973891899993, 44.192169455000055], [-72.48973813699996, 44.19217057900005], [-72.48938830799995, 44.19203611100005]]]]}}, {"type": "Feature", "properties": {"OBJECTID": 6449, "SPAN": "036-011-11727", "GLIST_SPAN": "036-011-11727", "MAPID": "0300-0007.0000", "PARCID": "0300-0007-0000", "PROPTYPE": "PARCEL", "YEAR": 2023, "GLYEAR": 2022, "TOWN": "BARRE CITY", "TNAME": "Barre City", "SOURCENAME": null, "SOURCETYPE": "UNKNOWN", "SOURCEDATE": "UNKNOWN", "EDITMETHOD": "UNKNOWN", "EDITOR": "UNKNOWN", "EDITDATE": "UNKNOWN", "MATCHSTAT": "MATCH", "EDITNOTE": "UNKNOWN", "OWNER1": "THOMPSON FRANK & IBEY ELAINE", "OWNER2": "", "ADDRGL1": "7 CAMP ST", "ADDRGL2": "", "CITYGL": "BARRE", "STGL": "VT", "ZIPGL": "05641-3902", "DESCPROP": "1 FAM-0.41AC", "LOCAPROP": "CAMP ST   7", "CAT": "Residential-1", "RESCODE": "T", "ACRESGL": 0.41, "REAL_FLV": 213990, "HSTED_FLV": 213990, "NRES_FLV": 0, "LAND_LV": 38670, "IMPRV_LV": 175320, "EQUIPVAL": 0, "EQUIPCODE": "", "INVENVAL": 0, "HSDECL": "Y", "HSITEVAL": 213990, "VETEXAMT": 0, "EXPDESC": "", "ENDDATE": "", "STATUTE": "", "EXAMT_HS": 0, "EXAMT_NR": 0, "UVREDUC_HS": 0, "UVREDUC_NR": 0, "GLVAL_HS": 2140.0, "GLVAL_NR": 0.0, "CRHOUSPCT": 0.0, "MUNGL1PCT": 2139.9, "AOEGL_HS": 2140.0, "AOEGL_NR": 0.0, "E911ADDR": "7 CAMP ST", "SHAPE_Length": 0.002078655385810968, "SHAPE_Area": 1.9093150349646004e-07}, "geometry": {"type": "MultiPolygon", "coordinates": [[[[-72.49077486999994, 44.19172278100007], [-72.49084980399994, 44.19164589500008], [-72.49085258099996, 44.191647024000076], [-72.49117058499996, 44.19177626600003], [-72.49154651699996, 44.19187519900004], [-72.49144911099995, 44.192104768000036], [-72.49093514299994, 44.19197405400007], [-72.49095037799998, 44.191941204000045], [-72.49068949699995, 44.19182929300007], [-72.49069823999997, 44.19181896200007], [-72.49077486999994, 44.19172278100007]]]]}}, {"type": "Feature", "properties": {"OBJECTID": 6459, "SPAN": "036-011-11737", "GLIST_SPAN": "036-011-11737", "MAPID": "1155-0027.0000", "PARCID": "1155-0027-0000", "PROPTYPE": "PARCEL", "YEAR": 2023, "GLYEAR": 2022, "TOWN": "BARRE CITY", "TNAME": "Barre City", "SOURCENAME": null, "SOURCETYPE": "UNKNOWN", "SOURCEDATE": "UNKNOWN", "EDITMETHOD": "UNKNOWN", "EDITOR": "UNKNOWN", "EDITDATE": "UNKNOWN", "MATCHSTAT": "MATCH", "EDITNOTE": "UNKNOWN", "OWNER1": "TROJBOM MATS L & JENNIFER F", "OWNER2": "", "ADDRGL1": "27 PATTERSON ST", "ADDRGL2": "", "CITYGL": "BARRE", "STGL": "VT", "ZIPGL": "05641", "DESCPROP": "1 FAM-0.40AC", "LOCAPROP": "PATTERSON ST  27", "CAT": "Residential-1", "RESCODE": "T", "ACRESGL": 0.4, "REAL_FLV": 220700, "HSTED_FLV": 220700, "NRES_FLV": 0, "LAND_LV": 38400, "IMPRV_LV": 182300, "EQUIPVAL": 0, "EQUIPCODE": "", "INVENVAL": 0, "HSDECL": "Y", "HSITEVAL": 220700, "VETEXAMT": 0, "EXPDESC": "", "ENDDATE": "", "STATUTE": "", "EXAMT_HS": 0, "EXAMT_NR": 0, "UVREDUC_HS": 0, "UVREDUC_NR": 0, "GLVAL_HS": 2207.0, "GLVAL_NR": 0.0, "CRHOUSPCT": 0.0, "MUNGL1PCT": 2207.0, "AOEGL_HS": 2207.0, "AOEGL_NR": 0.0, "E911ADDR": "27 PATTERSON ST", "SHAPE_Length": 0.00176239070806564, "SHAPE_Area": 1.8501624890433027e-07}, "geometry": {"type": "MultiPolygon", "coordinates": [[[[-72.48999149699995, 44.19182790200006], [-72.49010058099998, 44.19169347500008], [-72.49045666199999, 44.19184172200005], [-72.49045470799996, 44.19184411300006], [-72.49031864599993, 44.192028178000044], [-72.49031825399999, 44.19202930300003], [-72.49019039999996, 44.19221758800006], [-72.48979522199994, 44.19209000700005], [-72.48985739099999, 44.19200198200008], [-72.48985856299998, 44.19200015400003], [-72.48994184299994, 44.191892162000045], [-72.48999071599997, 44.19182860500007], [-72.48999149699995, 44.19182790200006]]]]}}, {"type": "Feature", "properties": {"OBJECTID": 6470, "SPAN": "036-011-11748", "GLIST_SPAN": "036-011-11748", "MAPID": "1070-0099.0000", "PARCID": "1070-0099-0000", "PROPTYPE": "PARCEL", "YEAR": 2023, "GLYEAR": 2022, "TOWN": "BARRE CITY", "TNAME": "Barre City", "SOURCENAME": null, "SOURCETYPE": "UNKNOWN", "SOURCEDATE": "UNKNOWN", "EDITMETHOD": "UNKNOWN", "EDITOR": "UNKNOWN", "EDITDATE": "UNKNOWN", "MATCHSTAT": "MATCH", "EDITNOTE": "UNKNOWN", "OWNER1": "TWOMBLY OLIVER L & CONTE CHRISTINA G", "OWNER2": "", "ADDRGL1": "99 NELSON STREET", "ADDRGL2": "", "CITYGL": "BARRE", "STGL": "VT", "ZIPGL": "05641-3311", "DESCPROP": "1 FAM-3.66AC", "LOCAPROP": "NELSON ST  99", "CAT": "Residential-1", "RESCODE": "T", "ACRESGL": 3.66, "REAL_FLV": 411800, "HSTED_FLV": 411800, "NRES_FLV": 0, "LAND_LV": 82900, "IMPRV_LV": 328900, "EQUIPVAL": 0, "EQUIPCODE": "", "INVENVAL": 0, "HSDECL": "Y", "HSITEVAL": 411300, "VETEXAMT": 0, "EXPDESC": "", "ENDDATE": "", "STATUTE": "", "EXAMT_HS": 0, "EXAMT_NR": 0, "UVREDUC_HS": 0, "UVREDUC_NR": 0, "GLVAL_HS": 4118.0, "GLVAL_NR": 0.0, "CRHOUSPCT": 0.0, "MUNGL1PCT": 4118.0, "AOEGL_HS": 4118.0, "AOEGL_NR": 0.0, "E911ADDR": "99 NELSON ST", "SHAPE_Length": 0.005570790146887593, "SHAPE_Area": 1.6663466035225412e-06}, "geometry": {"type": "MultiPolygon", "coordinates": [[[[-72.48738986299998, 44.19320204500008], [-72.48740654399995, 44.19314939800006], [-72.48771252799997, 44.19318112700006], [-72.48775001799999, 44.193004880000046], [-72.48782615299996, 44.19264694900005], [-72.48790398199998, 44.19265507000006], [-72.48871131599998, 44.19273930300005], [-72.48846270599995, 44.19351868200005], [-72.48820848399998, 44.19432105100003], [-72.48819319999996, 44.194318545000044], [-72.48709325499993, 44.19413814100005], [-72.48734749199997, 44.19333577300006], [-72.48738986299998, 44.19320204500008]]]]}}, {"type": "Feature", "properties": {"OBJECTID": 6482, "SPAN": "036-011-11760", "GLIST_SPAN": "036-011-11760", "MAPID": "0165-0060.0000", "PARCID": "0165-0060-0000", "PROPTYPE": "PARCEL", "YEAR": 2023, "GLYEAR": 2022, "TOWN": "BARRE CITY", "TNAME": "Barre City", "SOURCENAME": null, "SOURCETYPE": "UNKNOWN", "SOURCEDATE": "UNKNOWN", "EDITMETHOD": "UNKNOWN", "EDITOR": "UNKNOWN", "EDITDATE": "UNKNOWN", "MATCHSTAT": "MATCH", "EDITNOTE": "UNKNOWN", "OWNER1": "SCOTT ELIZABETH & DAVIS ZACHARY", "OWNER2": "C/O SCOTT ELIZABETH A & DAVIS ZACHARY T", "ADDRGL1": "AS CO-TRUSTEES OF THE ZACHARY T DAVIS &", "ADDRGL2": "60 BERKELEY ST", "CITYGL": "BARRE", "STGL": "VT", "ZIPGL": "05641", "DESCPROP": "1 FAM-0.26AC", "LOCAPROP": "BERKELEY ST  60", "CAT": "Residential-1", "RESCODE": "T", "ACRESGL": 0.26, "REAL_FLV": 198590, "HSTED_FLV": 0, "NRES_FLV": 198590, "LAND_LV": 39260, "IMPRV_LV": 159330, "EQUIPVAL": 0, "EQUIPCODE": "", "INVENVAL": 0, "HSDECL": "N", "HSITEVAL": 198590, "VETEXAMT": 0, "EXPDESC": "", "ENDDATE": "", "STATUTE": "", "EXAMT_HS": 0, "EXAMT_NR": 0, "UVREDUC_HS": 0, "UVREDUC_NR": 0, "GLVAL_HS": 0.0, "GLVAL_NR": 1985.9, "CRHOUSPCT": 0.0, "MUNGL1PCT": 1985.9, "AOEGL_HS": 0.0, "AOEGL_NR": 1985.9, "E911ADDR": "60 BERKELEY ST", "SHAPE_Length": 0.0017675142834259478, "SHAPE_Area": 1.253495757044232e-07}, "geometry": {"type": "MultiPolygon", "coordinates": [[[[-72.48980851199997, 44.19436924000007], [-72.48993052699996, 44.19407506600004], [-72.48993521699998, 44.194076051000025], [-72.49048716599998, 44.19418705000004], [-72.49043202999997, 44.19429532500004], [-72.49038823299998, 44.194380540000054], [-72.48998991099995, 44.19427742900007], [-72.48993594599995, 44.19438809400003], [-72.48993555399994, 44.194388798000034], [-72.48993281899999, 44.19438865600006], [-72.48980851199997, 44.19436924000007]]]]}}, {"type": "Feature", "properties": {"OBJECTID": 6630, "SPAN": "036-011-11917", "GLIST_SPAN": "036-011-11917", "MAPID": "0790-0160.0000", "PARCID": "0790-0160-0000", "PROPTYPE": "PARCEL", "YEAR": 2023, "GLYEAR": 2022, "TOWN": "BARRE CITY", "TNAME": "Barre City", "SOURCENAME": null, "SOURCETYPE": "UNKNOWN", "SOURCEDATE": "UNKNOWN", "EDITMETHOD": "UNKNOWN", "EDITOR": "UNKNOWN", "EDITDATE": "UNKNOWN", "MATCHSTAT": "MATCH", "EDITNOTE": "UNKNOWN", "OWNER1": "STARR RYAN & JANELLE", "OWNER2": "", "ADDRGL1": "160 HILL ST", "ADDRGL2": "", "CITYGL": "BARRE", "STGL": "VT", "ZIPGL": "05641", "DESCPROP": "1 FAM-0.34AC", "LOCAPROP": "HILL ST 160", "CAT": "Residential-1", "RESCODE": "T", "ACRESGL": 0.34, "REAL_FLV": 181500, "HSTED_FLV": 181500, "NRES_FLV": 0, "LAND_LV": 36000, "IMPRV_LV": 145500, "EQUIPVAL": 0, "EQUIPCODE": "", "INVENVAL": 0, "HSDECL": "Y", "HSITEVAL": 181500, "VETEXAMT": 0, "EXPDESC": "", "ENDDATE": "", "STATUTE": "", "EXAMT_HS": 0, "EXAMT_NR": 0, "UVREDUC_HS": 0, "UVREDUC_NR": 0, "GLVAL_HS": 1815.0, "GLVAL_NR": 0.0, "CRHOUSPCT": 0.0, "MUNGL1PCT": 1815.0, "AOEGL_HS": 1815.0, "AOEGL_NR": 0.0, "E911ADDR": "160 HILL ST", "SHAPE_Length": 0.0016779407941523454, "SHAPE_Area": 1.5605052231121032e-07}, "geometry": {"type": "MultiPolygon", "coordinates": [[[[-72.48972896599997, 44.19321569500005], [-72.48983103899997, 44.192940504000035], [-72.49010387899995, 44.19300296500006], [-72.49037671999997, 44.19306556500004], [-72.49024885099993, 44.193328662000056], [-72.48998968999996, 44.19326831200004], [-72.48998773599999, 44.19326789000007], [-72.48973013799997, 44.19321597700008], [-72.48972896599997, 44.19321569500005]]]]}}, {"type": "Feature", "properties": {"OBJECTID": 6665, "SPAN": "036-011-11954", "GLIST_SPAN": "036-011-11954", "MAPID": "1520-0036.0000", "PARCID": "1520-0036-0000", "PROPTYPE": "PARCEL", "YEAR": 2023, "GLYEAR": 2022, "TOWN": "BARRE CITY", "TNAME": "Barre City", "SOURCENAME": null, "SOURCETYPE": "UNKNOWN", "SOURCEDATE": "UNKNOWN", "EDITMETHOD": "UNKNOWN", "EDITOR": "UNKNOWN", "EDITDATE": "UNKNOWN", "MATCHSTAT": "MATCH", "EDITNOTE": "UNKNOWN", "OWNER1": "LYNCH DAVID E & EVA M", "OWNER2": "", "ADDRGL1": "36 WATERMAN ST", "ADDRGL2": "", "CITYGL": "BARRE", "STGL": "VT", "ZIPGL": "05641", "DESCPROP": "1 FAM-0.14AC", "LOCAPROP": "WATERMAN ST  36", "CAT": "Residential-1", "RESCODE": "T", "ACRESGL": 0.14, "REAL_FLV": 131560, "HSTED_FLV": 131560, "NRES_FLV": 0, "LAND_LV": 21840, "IMPRV_LV": 109720, "EQUIPVAL": 0, "EQUIPCODE": "", "INVENVAL": 0, "HSDECL": "Y", "HSITEVAL": 131560, "VETEXAMT": 0, "EXPDESC": "", "ENDDATE": "", "STATUTE": "", "EXAMT_HS": 0, "EXAMT_NR": 0, "UVREDUC_HS": 0, "UVREDUC_NR": 0, "GLVAL_HS": 1316.0, "GLVAL_NR": 0.0, "CRHOUSPCT": 0.0, "MUNGL1PCT": 1315.6, "AOEGL_HS": 1316.0, "AOEGL_NR": 0.0, "E911ADDR": "36 WATERMAN ST", "SHAPE_Length": 0.0010888373710305843, "SHAPE_Area": 6.862944075018483e-08}, "geometry": {"type": "MultiPolygon", "coordinates": [[[[-72.48697530799996, 44.19198987900006], [-72.48698977299995, 44.191978911000035], [-72.48700032399995, 44.19198144300003], [-72.48725673899997, 44.19205445600005], [-72.48725869199995, 44.19205473800008], [-72.48716563699998, 44.19222455100004], [-72.48682395699996, 44.19216447500003], [-72.48685528399994, 44.19205539600006], [-72.48688109099999, 44.19204485200004], [-72.48691392599994, 44.19202966900008], [-72.48694558999995, 44.192008857000076], [-72.48697530799996, 44.19198987900006]]]]}}, {"type": "Feature", "properties": {"OBJECTID": 6673, "SPAN": "036-011-11962", "GLIST_SPAN": "036-011-11962", "MAPID": "0790-0207.0000", "PARCID": "0790-0207-0000", "PROPTYPE": "PARCEL", "YEAR": 2023, "GLYEAR": 2022, "TOWN": "BARRE CITY", "TNAME": "Barre City", "SOURCENAME": null, "SOURCETYPE": "UNKNOWN", "SOURCEDATE": "UNKNOWN", "EDITMETHOD": "UNKNOWN", "EDITOR": "UNKNOWN", "EDITDATE": "UNKNOWN", "MATCHSTAT": "MATCH", "EDITNOTE": "UNKNOWN", "OWNER1": "REES LILA", "OWNER2": "", "ADDRGL1": "207 HILL ST APT 1", "ADDRGL2": "", "CITYGL": "BARRE", "STGL": "VT", "ZIPGL": "05641-3510", "DESCPROP": "1 FAM & ACC APT-0.19AC", "LOCAPROP": "HILL ST 207", "CAT": "Residential-1", "RESCODE": "T", "ACRESGL": 0.19, "REAL_FLV": 151600, "HSTED_FLV": 106600, "NRES_FLV": 45000, "LAND_LV": 23200, "IMPRV_LV": 128400, "EQUIPVAL": 0, "EQUIPCODE": "", "INVENVAL": 0, "HSDECL": "Y", "HSITEVAL": 106600, "VETEXAMT": 0, "EXPDESC": "", "ENDDATE": "", "STATUTE": "", "EXAMT_HS": 0, "EXAMT_NR": 0, "UVREDUC_HS": 0, "UVREDUC_NR": 0, "GLVAL_HS": 1066.0, "GLVAL_NR": 450.0, "CRHOUSPCT": 0.0, "MUNGL1PCT": 1516.0, "AOEGL_HS": 1066.0, "AOEGL_NR": 450.0, "E911ADDR": "207 HILL ST", "SHAPE_Length": 0.0014194296180780677, "SHAPE_Area": 8.734330942983585e-08}, "geometry": {"type": "MultiPolygon", "coordinates": [[[[-72.48680204799996, 44.19206866600007], [-72.48685528399994, 44.19205539600006], [-72.48682395699996, 44.19216447500003], [-72.48716563699998, 44.19222455100004], [-72.48706042499998, 44.19241654100006], [-72.48670007799996, 44.192374560000076], [-72.48680204799996, 44.19206866600007]]]]}}, {"type": "Feature", "properties": {"OBJECTID": 6701, "SPAN": "036-011-11992", "GLIST_SPAN": "036-011-11992", "MAPID": "0790-0210.0000", "PARCID": "0790-0210-0000", "PROPTYPE": "PARCEL", "YEAR": 2023, "GLYEAR": 2022, "TOWN": "BARRE CITY", "TNAME": "Barre City", "SOURCENAME": null, "SOURCETYPE": "UNKNOWN", "SOURCEDATE": "UNKNOWN", "EDITMETHOD": "UNKNOWN", "EDITOR": "UNKNOWN", "EDITDATE": "UNKNOWN", "MATCHSTAT": "MATCH", "EDITNOTE": "UNKNOWN", "OWNER1": "FAIR RENEE", "OWNER2": "", "ADDRGL1": "210 HILL ST", "ADDRGL2": "", "CITYGL": "BARRE", "STGL": "VT", "ZIPGL": "05641", "DESCPROP": "1 FAM-0.38AC", "LOCAPROP": "HILL ST 210", "CAT": "Residential-1", "RESCODE": "T", "ACRESGL": 0.38, "REAL_FLV": 196000, "HSTED_FLV": 196000, "NRES_FLV": 0, "LAND_LV": 39500, "IMPRV_LV": 156500, "EQUIPVAL": 0, "EQUIPCODE": "", "INVENVAL": 0, "HSDECL": "Y", "HSITEVAL": 196000, "VETEXAMT": 0, "EXPDESC": "", "ENDDATE": "", "STATUTE": "", "EXAMT_HS": 0, "EXAMT_NR": 0, "UVREDUC_HS": 0, "UVREDUC_NR": 0, "GLVAL_HS": 1960.0, "GLVAL_NR": 0.0, "CRHOUSPCT": 0.0, "MUNGL1PCT": 1960.0, "AOEGL_HS": 1960.0, "AOEGL_NR": 0.0, "E911ADDR": "210 HILL ST", "SHAPE_Length": 0.001997824503614544, "SHAPE_Area": 1.928371832008145e-07}, "geometry": {"type": "MultiPolygon", "coordinates": [[[[-72.48677527299998, 44.19287319400007], [-72.48691213599994, 44.19254630300003], [-72.48700718899994, 44.19255677000007], [-72.48721537099993, 44.192579694000074], [-72.48726120799995, 44.192584741000076], [-72.48711680799994, 44.19292786300008], [-72.48700631699995, 44.19319041000006], [-72.48696827699996, 44.19318586000003], [-72.48676327299995, 44.193161340000074], [-72.48686326399996, 44.19289902600008], [-72.48686439999994, 44.192896043000076], [-72.48677065499999, 44.19288422400007], [-72.48677527299998, 44.19287319400007]]]]}}, {"type": "Feature", "properties": {"OBJECTID": 6734, "SPAN": "036-011-12027", "GLIST_SPAN": "036-011-12027", "MAPID": "0300-0027.0000", "PARCID": "0300-0027-0000", "PROPTYPE": "PARCEL", "YEAR": 2023, "GLYEAR": 2022, "TOWN": "BARRE CITY", "TNAME": "Barre City", "SOURCENAME": null, "SOURCETYPE": "UNKNOWN", "SOURCEDATE": "UNKNOWN", "EDITMETHOD": "UNKNOWN", "EDITOR": "UNKNOWN", "EDITDATE": "UNKNOWN", "MATCHSTAT": "MATCH", "EDITNOTE": "UNKNOWN", "OWNER1": "HEMMERICK JACOB MYERS & LIOTTA LISA C", "OWNER2": "", "ADDRGL1": "27 CAMP ST", "ADDRGL2": "", "CITYGL": "BARRE", "STGL": "VT", "ZIPGL": "05641", "DESCPROP": "1 FAM-0.28AC & 0.13AC", "LOCAPROP": "CAMP ST  27", "CAT": "Residential-1", "RESCODE": "T", "ACRESGL": 0.41, "REAL_FLV": 189900, "HSTED_FLV": 189900, "NRES_FLV": 0, "LAND_LV": 42600, "IMPRV_LV": 147300, "EQUIPVAL": 0, "EQUIPCODE": "", "INVENVAL": 0, "HSDECL": "Y", "HSITEVAL": 189900, "VETEXAMT": 0, "EXPDESC": "", "ENDDATE": "", "STATUTE": "", "EXAMT_HS": 0, "EXAMT_NR": 0, "UVREDUC_HS": 0, "UVREDUC_NR": 0, "GLVAL_HS": 1899.0, "GLVAL_NR": 0.0, "CRHOUSPCT": 0.0, "MUNGL1PCT": 1899.0, "AOEGL_HS": 1899.0, "AOEGL_NR": 0.0, "E911ADDR": "27 CAMP ST", "SHAPE_Length": 0.0022847183777413706, "SHAPE_Area": 1.6424220488531465e-07}, "geometry": {"type": "MultiPolygon", "coordinates": [[[[-72.49060033199999, 44.192972772000076], [-72.49071881799995, 44.192706299000065], [-72.49114410499993, 44.19280884900007], [-72.49103461199996, 44.193073353000045], [-72.49060033199999, 44.192972772000076]]], [[[-72.49122209399997, 44.193101624000064], [-72.49132599399996, 44.19285352300005], [-72.49147205999998, 44.192890857000066], [-72.49137429999996, 44.19312133200003], [-72.49122209399997, 44.193101624000064]]]]}}, {"type": "Feature", "properties": {"OBJECTID": 6810, "SPAN": "036-011-12934", "GLIST_SPAN": "036-011-12934", "MAPID": "0790-0167.0000", "PARCID": "0790-0167-0000", "PROPTYPE": "PARCEL", "YEAR": 2023, "GLYEAR": 2022, "TOWN": "BARRE CITY", "TNAME": "Barre City", "SOURCENAME": null, "SOURCETYPE": "UNKNOWN", "SOURCEDATE": "UNKNOWN", "EDITMETHOD": "UNKNOWN", "EDITOR": "UNKNOWN", "EDITDATE": "UNKNOWN", "MATCHSTAT": "MATCH", "EDITNOTE": "UNKNOWN", "OWNER1": "HARTIGAN MICHAEL ERIC & AVERILL ALYSE M", "OWNER2": "", "ADDRGL1": "167 HILL ST", "ADDRGL2": "", "CITYGL": "BARRE", "STGL": "VT", "ZIPGL": "05641-3910", "DESCPROP": "1 FAM-0.15AC", "LOCAPROP": "HILL ST 167", "CAT": "Residential-1", "RESCODE": "T", "ACRESGL": 0.15, "REAL_FLV": 151600, "HSTED_FLV": 151600, "NRES_FLV": 0, "LAND_LV": 22300, "IMPRV_LV": 129300, "EQUIPVAL": 0, "EQUIPCODE": "", "INVENVAL": 0, "HSDECL": "Y", "HSITEVAL": 151600, "VETEXAMT": 0, "EXPDESC": "", "ENDDATE": "", "STATUTE": "", "EXAMT_HS": 0, "EXAMT_NR": 0, "UVREDUC_HS": 0, "UVREDUC_NR": 0, "GLVAL_HS": 1516.0, "GLVAL_NR": 0.0, "CRHOUSPCT": 0.0, "MUNGL1PCT": 1516.0, "AOEGL_HS": 1516.0, "AOEGL_NR": 0.0, "E911ADDR": "167 HILL ST", "SHAPE_Length": 0.0010702353166341006, "SHAPE_Area": 6.660564186823192e-08}, "geometry": {"type": "MultiPolygon", "coordinates": [[[[-72.48945351399993, 44.19244575400006], [-72.48946407199998, 44.19242775500004], [-72.48958602599998, 44.192468408000025], [-72.48958758899994, 44.19246897000005], [-72.48966693899996, 44.192480930000045], [-72.48966928499993, 44.19248135200007], [-72.48966380999997, 44.19249330500003], [-72.48954962199997, 44.192745573000025], [-72.48930375299994, 44.192701957000054], [-72.48945351399993, 44.19244575400006]]]]}}, {"type": "Feature", "properties": {"OBJECTID": 6920, "SPAN": "036-011-12135", "GLIST_SPAN": "036-011-12135", "MAPID": "0790-0163.0000", "PARCID": "0790-0163-0000", "PROPTYPE": "PARCEL", "YEAR": 2023, "GLYEAR": 2022, "TOWN": "BARRE CITY", "TNAME": "Barre City", "SOURCENAME": null, "SOURCETYPE": "UNKNOWN", "SOURCEDATE": "UNKNOWN", "EDITMETHOD": "UNKNOWN", "EDITOR": "UNKNOWN", "EDITDATE": "UNKNOWN", "MATCHSTAT": "MATCH", "EDITNOTE": "UNKNOWN", "OWNER1": "REYNOLDS JOHN RICHARD & REYNOLDS JOANNE", "OWNER2": "MEMBRINO", "ADDRGL1": "163 HILL ST", "ADDRGL2": "", "CITYGL": "BARRE", "STGL": "VT", "ZIPGL": "05641", "DESCPROP": "1 FAM-0.23AC", "LOCAPROP": "HILL ST 163", "CAT": "Residential-1", "RESCODE": "T", "ACRESGL": 0.23, "REAL_FLV": 152600, "HSTED_FLV": 152600, "NRES_FLV": 0, "LAND_LV": 32000, "IMPRV_LV": 120600, "EQUIPVAL": 0, "EQUIPCODE": "", "INVENVAL": 0, "HSDECL": "Y", "HSITEVAL": 152600, "VETEXAMT": 0, "EXPDESC": "", "ENDDATE": "", "STATUTE": "", "EXAMT_HS": 0, "EXAMT_NR": 0, "UVREDUC_HS": 0, "UVREDUC_NR": 0, "GLVAL_HS": 1526.0, "GLVAL_NR": 0.0, "CRHOUSPCT": 0.0, "MUNGL1PCT": 1526.0, "AOEGL_HS": 1526.0, "AOEGL_NR": 0.0, "E911ADDR": "163 HILL ST", "SHAPE_Length": 0.00140958635161358, "SHAPE_Area": 1.0207489522730221e-07}, "geometry": {"type": "MultiPolygon", "coordinates": [[[[-72.49033022799995, 44.19291017200004], [-72.49050228299996, 44.19255258000004], [-72.49063791699996, 44.19260743500007], [-72.49065786099999, 44.19255962400007], [-72.49065864299996, 44.19255990500005], [-72.49072548299995, 44.19257819200004], [-72.49068833399997, 44.19266846900007], [-72.49073250399994, 44.192676067000036], [-72.49071881799995, 44.192706299000065], [-72.49060033199999, 44.192972772000076], [-72.49033139999995, 44.19291045300008], [-72.49033022799995, 44.19291017200004]]]]}}, {"type": "Feature", "properties": {"OBJECTID": 6941, "SPAN": "036-011-12140", "GLIST_SPAN": "036-011-12140", "MAPID": "0790-0148.0000", "PARCID": "0790-0148-0000", "PROPTYPE": "PARCEL", "YEAR": 2023, "GLYEAR": 2022, "TOWN": "BARRE CITY", "TNAME": "Barre City", "SOURCENAME": null, "SOURCETYPE": "UNKNOWN", "SOURCEDATE": "UNKNOWN", "EDITMETHOD": "UNKNOWN", "EDITOR": "UNKNOWN", "EDITDATE": "UNKNOWN", "MATCHSTAT": "MATCH", "EDITNOTE": "UNKNOWN", "OWNER1": "MILNE JAMES D & TOOHEY DONNA L", "OWNER2": "", "ADDRGL1": "PO BOX 134", "ADDRGL2": "", "CITYGL": "W DANVILLE", "STGL": "VT", "ZIPGL": "05873-0134", "DESCPROP": "2 APTS-0.20AC", "LOCAPROP": "HILL ST 148", "CAT": "Residential-1", "RESCODE": "S", "ACRESGL": 0.2, "REAL_FLV": 157700, "HSTED_FLV": 0, "NRES_FLV": 157700, "LAND_LV": 29800, "IMPRV_LV": 127900, "EQUIPVAL": 0, "EQUIPCODE": "", "INVENVAL": 0, "HSDECL": "N", "HSITEVAL": 0, "VETEXAMT": 0, "EXPDESC": "", "ENDDATE": "", "STATUTE": "", "EXAMT_HS": 0, "EXAMT_NR": 0, "UVREDUC_HS": 0, "UVREDUC_NR": 0, "GLVAL_HS": 0.0, "GLVAL_NR": 1577.0, "CRHOUSPCT": 0.0, "MUNGL1PCT": 1577.0, "AOEGL_HS": 0.0, "AOEGL_NR": 1577.0, "E911ADDR": "148 HILL ST", "SHAPE_Length": 0.001255999677091408, "SHAPE_Area": 9.572115556931133e-08}, "geometry": {"type": "MultiPolygon", "coordinates": [[[[-72.49024885099993, 44.193328662000056], [-72.49037671999997, 44.19306556500004], [-72.49067184299997, 44.19313351100004], [-72.49070350399995, 44.19314082600005], [-72.49070467799999, 44.19314110700003], [-72.49059948899998, 44.19335625300005], [-72.49057720099995, 44.19340209500007], [-72.49054202099995, 44.19339449800003], [-72.49042240699998, 44.19336889400006], [-72.49024885099993, 44.193328662000056]]]]}}, {"type": "Feature", "properties": {"OBJECTID": 6971, "SPAN": "036-011-13011", "GLIST_SPAN": "036-011-13011", "MAPID": "0300-0071.0000", "PARCID": "0300-0071-0000", "PROPTYPE": "PARCEL", "YEAR": 2023, "GLYEAR": 2022, "TOWN": "BARRE CITY", "TNAME": "Barre City", "SOURCENAME": null, "SOURCETYPE": "UNKNOWN", "SOURCEDATE": "UNKNOWN", "EDITMETHOD": "UNKNOWN", "EDITOR": "UNKNOWN", "EDITDATE": "UNKNOWN", "MATCHSTAT": "MATCH", "EDITNOTE": "UNKNOWN", "OWNER1": "BEDARD SARAH A", "OWNER2": "", "ADDRGL1": "71 CAMP ST", "ADDRGL2": "", "CITYGL": "BARRE", "STGL": "VT", "ZIPGL": "05641", "DESCPROP": "2 APTS-0.25AC", "LOCAPROP": "CAMP ST  71", "CAT": "Residential-1", "RESCODE": "T", "ACRESGL": 0.25, "REAL_FLV": 183600, "HSTED_FLV": 108500, "NRES_FLV": 75100, "LAND_LV": 33300, "IMPRV_LV": 150300, "EQUIPVAL": 0, "EQUIPCODE": "", "INVENVAL": 0, "HSDECL": "Y", "HSITEVAL": 108500, "VETEXAMT": 0, "EXPDESC": "", "ENDDATE": "", "STATUTE": "", "EXAMT_HS": 0, "EXAMT_NR": 0, "UVREDUC_HS": 0, "UVREDUC_NR": 0, "GLVAL_HS": 1085.0, "GLVAL_NR": 751.0, "CRHOUSPCT": 0.0, "MUNGL1PCT": 1836.0, "AOEGL_HS": 1085.0, "AOEGL_NR": 751.0, "E911ADDR": "71 CAMP ST", "SHAPE_Length": 0.0013940051618377542, "SHAPE_Area": 1.147567401093481e-07}, "geometry": {"type": "MultiPolygon", "coordinates": [[[[-72.48993594599995, 44.19438809400003], [-72.48998991099995, 44.19427742900007], [-72.49038823299998, 44.194380540000054], [-72.49030181499995, 44.19454914100004], [-72.49025840799999, 44.19463519900006], [-72.48986203799996, 44.194535461000044], [-72.48993555399994, 44.194388798000034], [-72.48993594599995, 44.19438809400003]]]]}}, {"type": "Feature", "properties": {"OBJECTID": 7023, "SPAN": "036-011-12162", "GLIST_SPAN": "036-011-12162", "MAPID": "0165-0044.0000", "PARCID": "0165-0044-0000", "PROPTYPE": "PARCEL", "YEAR": 2023, "GLYEAR": 2022, "TOWN": "BARRE CITY", "TNAME": "Barre City", "SOURCENAME": null, "SOURCETYPE": "UNKNOWN", "SOURCEDATE": "UNKNOWN", "EDITMETHOD": "UNKNOWN", "EDITOR": "UNKNOWN", "EDITDATE": "UNKNOWN", "MATCHSTAT": "MATCH", "EDITNOTE": "UNKNOWN", "OWNER1": "MORRIS JAMES P & DEBRA L", "OWNER2": "", "ADDRGL1": "44 BERKELEY ST", "ADDRGL2": "", "CITYGL": "BARRE", "STGL": "VT", "ZIPGL": "05641", "DESCPROP": "1 FAM-0.38AC", "LOCAPROP": "BERKELEY ST  44", "CAT": "Residential-1", "RESCODE": "T", "ACRESGL": 0.38, "REAL_FLV": 188900, "HSTED_FLV": 188900, "NRES_FLV": 0, "LAND_LV": 38100, "IMPRV_LV": 150800, "EQUIPVAL": 0, "EQUIPCODE": "", "INVENVAL": 0, "HSDECL": "Y", "HSITEVAL": 188900, "VETEXAMT": 0, "EXPDESC": "", "ENDDATE": "", "STATUTE": "", "EXAMT_HS": 0, "EXAMT_NR": 0, "UVREDUC_HS": 0, "UVREDUC_NR": 0, "GLVAL_HS": 1889.0, "GLVAL_NR": 0.0, "CRHOUSPCT": 0.0, "MUNGL1PCT": 1889.0, "AOEGL_HS": 1889.0, "AOEGL_NR": 0.0, "E911ADDR": "44 BERKELEY ST", "SHAPE_Length": 0.001745485148824129, "SHAPE_Area": 1.742970954938272e-07}, "geometry": {"type": "MultiPolygon", "coordinates": [[[[-72.48927728099994, 44.19425416000007], [-72.48936763499995, 44.193959], [-72.48967683399997, 44.19402005900008], [-72.48970263299998, 44.19402498300008], [-72.48972530499998, 44.19403047000003], [-72.48993052699996, 44.19407506600004], [-72.48980851199997, 44.19436924000007], [-72.48980655599996, 44.19436895800004], [-72.48927728099994, 44.19425416000007]]]]}}, {"type": "Feature", "properties": {"OBJECTID": 7046, "SPAN": "036-011-13054", "GLIST_SPAN": "036-011-13054", "MAPID": "0300-0033.0000", "PARCID": "0300-0033-0000", "PROPTYPE": "PARCEL", "YEAR": 2023, "GLYEAR": 2022, "TOWN": "BARRE CITY", "TNAME": "Barre City", "SOURCENAME": null, "SOURCETYPE": "UNKNOWN", "SOURCEDATE": "UNKNOWN", "EDITMETHOD": "UNKNOWN", "EDITOR": "UNKNOWN", "EDITDATE": "UNKNOWN", "MATCHSTAT": "MATCH", "EDITNOTE": "UNKNOWN", "OWNER1": "HUGO BRANDON & KRISTINE", "OWNER2": "", "ADDRGL1": "33 CAMP ST", "ADDRGL2": "", "CITYGL": "BARRE", "STGL": "VT", "ZIPGL": "05641", "DESCPROP": "1 FAM-0.14AC", "LOCAPROP": "CAMP ST  33", "CAT": "Residential-1", "RESCODE": "T", "ACRESGL": 0.14, "REAL_FLV": 150600, "HSTED_FLV": 150600, "NRES_FLV": 0, "LAND_LV": 20800, "IMPRV_LV": 129800, "EQUIPVAL": 0, "EQUIPCODE": "", "INVENVAL": 0, "HSDECL": "Y", "HSITEVAL": 150600, "VETEXAMT": 0, "EXPDESC": "", "ENDDATE": "", "STATUTE": "", "EXAMT_HS": 0, "EXAMT_NR": 0, "UVREDUC_HS": 0, "UVREDUC_NR": 0, "GLVAL_HS": 1506.0, "GLVAL_NR": 0.0, "CRHOUSPCT": 0.0, "MUNGL1PCT": 1506.0, "AOEGL_HS": 1506.0, "AOEGL_NR": 0.0, "E911ADDR": "33 CAMP ST", "SHAPE_Length": 0.0010288212874306544, "SHAPE_Area": 6.387473254941035e-08}, "geometry": {"type": "MultiPolygon", "coordinates": [[[[-72.49059948899998, 44.19335625300005], [-72.49070467799999, 44.19314110700003], [-72.49097634599997, 44.19320652000005], [-72.49097556399994, 44.19320848800004], [-72.49086803399996, 44.19341505600005], [-72.49059948899998, 44.19335625300005]]]]}}, {"type": "Feature", "properties": {"OBJECTID": 7056, "SPAN": "036-011-12171", "GLIST_SPAN": "036-011-12171", "MAPID": "0165-0036.0000", "PARCID": "0165-0036-0000", "PROPTYPE": "PARCEL", "YEAR": 2023, "GLYEAR": 2022, "TOWN": "BARRE CITY", "TNAME": "Barre City", "SOURCENAME": null, "SOURCETYPE": "UNKNOWN", "SOURCEDATE": "UNKNOWN", "EDITMETHOD": "UNKNOWN", "EDITOR": "UNKNOWN", "EDITDATE": "UNKNOWN", "MATCHSTAT": "MATCH", "EDITNOTE": "UNKNOWN", "OWNER1": "PRESCOTT EMILY G", "OWNER2": "", "ADDRGL1": "36 BERKELEY ST", "ADDRGL2": "", "CITYGL": "BARRE", "STGL": "VT", "ZIPGL": "05641-3601", "DESCPROP": "1 FAM-0.29AC", "LOCAPROP": "BERKELEY ST  36", "CAT": "Residential-1", "RESCODE": "T", "ACRESGL": 0.29, "REAL_FLV": 210270, "HSTED_FLV": 0, "NRES_FLV": 210270, "LAND_LV": 40050, "IMPRV_LV": 170220, "EQUIPVAL": 0, "EQUIPCODE": "", "INVENVAL": 0, "HSDECL": "N", "HSITEVAL": 210270, "VETEXAMT": 0, "EXPDESC": "", "ENDDATE": "", "STATUTE": "", "EXAMT_HS": 0, "EXAMT_NR": 0, "UVREDUC_HS": 0, "UVREDUC_NR": 0, "GLVAL_HS": 0.0, "GLVAL_NR": 2102.7, "CRHOUSPCT": 0.0, "MUNGL1PCT": 2102.7, "AOEGL_HS": 0.0, "AOEGL_NR": 2102.7, "E911ADDR": "36 BERKELEY ST", "SHAPE_Length": 0.0016921281321007583, "SHAPE_Area": 1.3151079682869055e-07}, "geometry": {"type": "MultiPolygon", "coordinates": [[[[-72.48939994399996, 44.19385287700004], [-72.48951665799996, 44.19346950200003], [-72.48962337199998, 44.19349327700007], [-72.48978207499994, 44.193528729000036], [-72.48978754699993, 44.19353027600005], [-72.48977464199999, 44.19355868100007], [-72.48964089299994, 44.19389040100003], [-72.48963033499996, 44.193916555000044], [-72.48962720499998, 44.193929774000026], [-72.48962642099997, 44.193940602000055], [-72.48962876499996, 44.19395241500007], [-72.48963071699995, 44.19396043000006], [-72.48963423499998, 44.19396844600004], [-72.48964087699994, 44.19398124300005], [-72.48964713099997, 44.19398813400005], [-72.48965612099994, 44.19399727600006], [-72.48966862799995, 44.194006699000056], [-72.48968504499999, 44.19401598200005], [-72.48970263299998, 44.19402498300008], [-72.48967683399997, 44.19402005900008], [-72.48936763499995, 44.193959], [-72.48939614799997, 44.19386534600005], [-72.48939994399996, 44.19385287700004]]]]}}, {"type": "Feature", "properties": {"OBJECTID": 7101, "SPAN": "036-011-13080", "GLIST_SPAN": "036-011-13080", "MAPID": "0790-0201.0000", "PARCID": "0790-0201-0000", "PROPTYPE": "PARCEL", "YEAR": 2023, "GLYEAR": 2022, "TOWN": "BARRE CITY", "TNAME": "Barre City", "SOURCENAME": null, "SOURCETYPE": "UNKNOWN", "SOURCEDATE": "UNKNOWN", "EDITMETHOD": "UNKNOWN", "EDITOR": "UNKNOWN", "EDITDATE": "UNKNOWN", "MATCHSTAT": "MATCH", "EDITNOTE": "UNKNOWN", "OWNER1": "WASHINGTON COUNTY MENTAL HEALTH", "OWNER2": "SERVICES INC", "ADDRGL1": "PO BOX 647", "ADDRGL2": "", "CITYGL": "MONTPELIER", "STGL": "VT", "ZIPGL": "05602-0647", "DESCPROP": "GROUP HOME-0.88AC", "LOCAPROP": "HILL ST 201", "CAT": "Commercial Apt", "RESCODE": "C", "ACRESGL": 0.88, "REAL_FLV": 305500, "HSTED_FLV": 0, "NRES_FLV": 305500, "LAND_LV": 54700, "IMPRV_LV": 250800, "EQUIPVAL": 0, "EQUIPCODE": "", "INVENVAL": 0, "HSDECL": "N", "HSITEVAL": 0, "VETEXAMT": 0, "EXPDESC": "", "ENDDATE": "", "STATUTE": "", "EXAMT_HS": 0, "EXAMT_NR": 0, "UVREDUC_HS": 0, "UVREDUC_NR": 0, "GLVAL_HS": 0.0, "GLVAL_NR": 3055.0, "CRHOUSPCT": 0.0, "MUNGL1PCT": 3055.0, "AOEGL_HS": 0.0, "AOEGL_NR": 3055.0, "E911ADDR": "201 HILL ST", "SHAPE_Length": 0.002559509525761361, "SHAPE_Area": 3.984509616909826e-07}, "geometry": {"type": "MultiPolygon", "coordinates": [[[[-72.48791346999997, 44.19193598100003], [-72.48794240799998, 44.19187748400003], [-72.48794318999995, 44.19187776600006], [-72.48798110599995, 44.19188578500007], [-72.48798657799995, 44.19188691100004], [-72.48834501399995, 44.19196991700005], [-72.48849315799998, 44.19200438400003], [-72.48849276599998, 44.19200579000005], [-72.48849041899996, 44.19201507100007], [-72.48842195399999, 44.19231529700005], [-72.48836522399995, 44.19256363200003], [-72.48836444099999, 44.19256686700004], [-72.48793250599994, 44.19251872800004], [-72.48763269099999, 44.192483681000056], [-72.48763425499999, 44.19248185300006], [-72.48780358499994, 44.19214620200006], [-72.48780436699997, 44.19214465500005], [-72.48791346999997, 44.19193598100003]]]]}}, {"type": "Feature", "properties": {"OBJECTID": 7239, "SPAN": "036-011-12636", "GLIST_SPAN": "036-011-12636", "MAPID": "0790-0165.0000", "PARCID": "0790-0165-0000", "PROPTYPE": "PARCEL", "YEAR": 2023, "GLYEAR": 2022, "TOWN": "BARRE CITY", "TNAME": "Barre City", "SOURCENAME": null, "SOURCETYPE": "UNKNOWN", "SOURCEDATE": "UNKNOWN", "EDITMETHOD": "UNKNOWN", "EDITOR": "UNKNOWN", "EDITDATE": "UNKNOWN", "MATCHSTAT": "MATCH", "EDITNOTE": "UNKNOWN", "OWNER1": "MITCHELL III JOSEPH", "OWNER2": "", "ADDRGL1": "165 HILL ST", "ADDRGL2": "", "CITYGL": "BARRE", "STGL": "VT", "ZIPGL": "05641", "DESCPROP": "1 FAM-0.34AC", "LOCAPROP": "HILL ST 165", "CAT": "Residential-1", "RESCODE": "T", "ACRESGL": 0.34, "REAL_FLV": 162580, "HSTED_FLV": 162580, "NRES_FLV": 0, "LAND_LV": 36000, "IMPRV_LV": 126580, "EQUIPVAL": 0, "EQUIPCODE": "", "INVENVAL": 0, "HSDECL": "Y", "HSITEVAL": 162580, "VETEXAMT": 0, "EXPDESC": "", "ENDDATE": "", "STATUTE": "", "EXAMT_HS": 0, "EXAMT_NR": 0, "UVREDUC_HS": 0, "UVREDUC_NR": 0, "GLVAL_HS": 1626.0, "GLVAL_NR": 0.0, "CRHOUSPCT": 0.0, "MUNGL1PCT": 1625.8, "AOEGL_HS": 1626.0, "AOEGL_NR": 0.0, "E911ADDR": "165 HILL ST", "SHAPE_Length": 0.0011998380928521068, "SHAPE_Area": 8.648494137037223e-08}, "geometry": {"type": "MultiPolygon", "coordinates": [[[[-72.48954962199997, 44.192745573000025], [-72.48966380999997, 44.19249330500003], [-72.48998902399995, 44.192587411000034], [-72.48988539799996, 44.192807197000036], [-72.48955118599997, 44.192745855000055], [-72.48954962199997, 44.192745573000025]]]]}}, {"type": "Feature", "properties": {"OBJECTID": 7337, "SPAN": "036-011-13202", "GLIST_SPAN": "036-011-13202", "MAPID": "1155-0032.0000", "PARCID": "1155-0032-0000", "PROPTYPE": "PARCEL", "YEAR": 2023, "GLYEAR": 2022, "TOWN": "BARRE CITY", "TNAME": "Barre City", "SOURCENAME": null, "SOURCETYPE": "UNKNOWN", "SOURCEDATE": "UNKNOWN", "EDITMETHOD": "UNKNOWN", "EDITOR": "UNKNOWN", "EDITDATE": "UNKNOWN", "MATCHSTAT": "MATCH", "EDITNOTE": "UNKNOWN", "OWNER1": "ROBLES JESSICA", "OWNER2": "", "ADDRGL1": "32 PATTERSON ST", "ADDRGL2": "", "CITYGL": "BARRE", "STGL": "VT", "ZIPGL": "05641", "DESCPROP": "1 FAM-0.19AC", "LOCAPROP": "PATTERSON ST  32", "CAT": "Residential-1", "RESCODE": "T", "ACRESGL": 0.19, "REAL_FLV": 154810, "HSTED_FLV": 154810, "NRES_FLV": 0, "LAND_LV": 27330, "IMPRV_LV": 127480, "EQUIPVAL": 0, "EQUIPCODE": "", "INVENVAL": 0, "HSDECL": "Y", "HSITEVAL": 154810, "VETEXAMT": 0, "EXPDESC": "", "ENDDATE": "", "STATUTE": "", "EXAMT_HS": 0, "EXAMT_NR": 0, "UVREDUC_HS": 0, "UVREDUC_NR": 0, "GLVAL_HS": 1548.0, "GLVAL_NR": 0.0, "CRHOUSPCT": 0.0, "MUNGL1PCT": 1548.1, "AOEGL_HS": 1548.0, "AOEGL_NR": 0.0, "E911ADDR": "32 PATTERSON ST", "SHAPE_Length": 0.001252686708352588, "SHAPE_Area": 9.085049177942802e-08}, "geometry": {"type": "MultiPolygon", "coordinates": [[[[-72.49037255199994, 44.19225739900003], [-72.49037333399997, 44.19225613400005], [-72.49072668599996, 44.192390319000026], [-72.49065786099999, 44.19255962400007], [-72.49063791699996, 44.19260743500007], [-72.49050228299996, 44.19255258000004], [-72.49026384899997, 44.19245609200004], [-72.49025681399996, 44.19245327900006], [-72.49027597199995, 44.19242360900006], [-72.49033110599999, 44.19232658300007], [-72.49037255199994, 44.19225739900003]]]]}}, {"type": "Feature", "properties": {"OBJECTID": 7378, "SPAN": "036-011-13214", "GLIST_SPAN": "036-011-13214", "MAPID": "1070-0030.0000", "PARCID": "1070-0030-0000", "PROPTYPE": "PARCEL", "YEAR": 2023, "GLYEAR": 2022, "TOWN": "BARRE CITY", "TNAME": "Barre City", "SOURCENAME": null, "SOURCETYPE": "UNKNOWN", "SOURCEDATE": "UNKNOWN", "EDITMETHOD": "UNKNOWN", "EDITOR": "UNKNOWN", "EDITDATE": "UNKNOWN", "MATCHSTAT": "MATCH", "EDITNOTE": "UNKNOWN", "OWNER1": "TAPPER MARK L & NOEL SUSANNAH K", "OWNER2": "", "ADDRGL1": "30 NELSON ST", "ADDRGL2": "", "CITYGL": "BARRE", "STGL": "VT", "ZIPGL": "05641", "DESCPROP": "1 FAM-0.18AC", "LOCAPROP": "NELSON ST  30", "CAT": "Residential-1", "RESCODE": "T", "ACRESGL": 0.18, "REAL_FLV": 174000, "HSTED_FLV": 174000, "NRES_FLV": 0, "LAND_LV": 29600, "IMPRV_LV": 144400, "EQUIPVAL": 0, "EQUIPCODE": "", "INVENVAL": 0, "HSDECL": "Y", "HSITEVAL": 174000, "VETEXAMT": 0, "EXPDESC": "", "ENDDATE": "", "STATUTE": "", "EXAMT_HS": 0, "EXAMT_NR": 0, "UVREDUC_HS": 0, "UVREDUC_NR": 0, "GLVAL_HS": 1740.0, "GLVAL_NR": 0.0, "CRHOUSPCT": 0.0, "MUNGL1PCT": 1740.0, "AOEGL_HS": 1740.0, "AOEGL_NR": 0.0, "E911ADDR": "30 NELSON ST", "SHAPE_Length": 0.0011817999156763471, "SHAPE_Area": 7.972341277661444e-08}, "geometry": {"type": "MultiPolygon", "coordinates": [[[[-72.48952202699996, 44.191853594000065], [-72.48965378999998, 44.191672623000045], [-72.48999149699995, 44.19182790200006], [-72.48999071599997, 44.19182860500007], [-72.48994184299994, 44.191892162000045], [-72.48985856299998, 44.19200015400003], [-72.48952124499993, 44.19185457800006], [-72.48952202699996, 44.191853594000065]]]]}}, {"type": "Feature", "properties": {"OBJECTID": 7547, "SPAN": "036-011-12307", "GLIST_SPAN": "036-011-12307", "MAPID": "0300-0017.0000", "PARCID": "0300-0017-0000", "PROPTYPE": "PARCEL", "YEAR": 2023, "GLYEAR": 2022, "TOWN": "BARRE CITY", "TNAME": "Barre City", "SOURCENAME": null, "SOURCETYPE": "UNKNOWN", "SOURCEDATE": "UNKNOWN", "EDITMETHOD": "UNKNOWN", "EDITOR": "UNKNOWN", "EDITDATE": "UNKNOWN", "MATCHSTAT": "MATCH", "EDITNOTE": "UNKNOWN", "OWNER1": "KAMASAKI JEFFREY K & ANNA A", "OWNER2": "C/O BIPM", "ADDRGL1": "PO BOX 383", "ADDRGL2": "", "CITYGL": "S BARRE", "STGL": "VT", "ZIPGL": "05670-0383", "DESCPROP": "1 FAM-0.22AC", "LOCAPROP": "CAMP ST  17", "CAT": "Residential-1", "RESCODE": "NS", "ACRESGL": 0.22, "REAL_FLV": 140800, "HSTED_FLV": 0, "NRES_FLV": 140800, "LAND_LV": 30800, "IMPRV_LV": 110000, "EQUIPVAL": 0, "EQUIPCODE": "", "INVENVAL": 0, "HSDECL": "N", "HSITEVAL": 0, "VETEXAMT": 0, "EXPDESC": "", "ENDDATE": "", "STATUTE": "", "EXAMT_HS": 0, "EXAMT_NR": 0, "UVREDUC_HS": 0, "UVREDUC_NR": 0, "GLVAL_HS": 0.0, "GLVAL_NR": 1408.0, "CRHOUSPCT": 0.0, "MUNGL1PCT": 1408.0, "AOEGL_HS": 0.0, "AOEGL_NR": 1408.0, "E911ADDR": "17 CAMP ST", "SHAPE_Length": 0.0014782987301108052, "SHAPE_Area": 1.0220164113507687e-07}, "geometry": {"type": "MultiPolygon", "coordinates": [[[[-72.49065786099999, 44.19255962400007], [-72.49072668599996, 44.192390319000026], [-72.49126532599996, 44.192526204000046], [-72.49118907399998, 44.192700149000075], [-72.49118868399995, 44.192700853000076], [-72.49072548299995, 44.19257819200004], [-72.49065864299996, 44.19255990500005], [-72.49065786099999, 44.19255962400007]]]]}}, {"type": "Feature", "properties": {"OBJECTID": 7636, "SPAN": "036-011-12746", "GLIST_SPAN": "036-011-12746", "MAPID": "0790-0168.0000", "PARCID": "0790-0168-0000", "PROPTYPE": "PARCEL", "YEAR": 2023, "GLYEAR": 2022, "TOWN": "BARRE CITY", "TNAME": "Barre City", "SOURCENAME": null, "SOURCETYPE": "UNKNOWN", "SOURCEDATE": "UNKNOWN", "EDITMETHOD": "UNKNOWN", "EDITOR": "UNKNOWN", "EDITDATE": "UNKNOWN", "MATCHSTAT": "MATCH", "EDITNOTE": "UNKNOWN", "OWNER1": "SEIBERT FRANK MICHAEL", "OWNER2": "", "ADDRGL1": "168 HILL ST", "ADDRGL2": "", "CITYGL": "BARRE", "STGL": "VT", "ZIPGL": "05641", "DESCPROP": "1 FAM-0.3871AC/0.2044AC/0.1837AC&0.1837A", "LOCAPROP": "HILL ST 168", "CAT": "Residential-1", "RESCODE": "T", "ACRESGL": 0.96, "REAL_FLV": 208600, "HSTED_FLV": 208600, "NRES_FLV": 0, "LAND_LV": 53900, "IMPRV_LV": 154700, "EQUIPVAL": 0, "EQUIPCODE": "", "INVENVAL": 0, "HSDECL": "Y", "HSITEVAL": 208600, "VETEXAMT": 0, "EXPDESC": "", "ENDDATE": "", "STATUTE": "", "EXAMT_HS": 0, "EXAMT_NR": 0, "UVREDUC_HS": 0, "UVREDUC_NR": 0, "GLVAL_HS": 2086.0, "GLVAL_NR": 0.0, "CRHOUSPCT": 0.0, "MUNGL1PCT": 2086.0, "AOEGL_HS": 2086.0, "AOEGL_NR": 0.0, "E911ADDR": "168 HILL ST", "SHAPE_Length": 0.003025182081447771, "SHAPE_Area": 4.4409979609693616e-07}, "geometry": {"type": "MultiPolygon", "coordinates": [[[[-72.48880553599997, 44.19303193700006], [-72.48889681199995, 44.19276491800008], [-72.48951363599997, 44.19287846000003], [-72.48941156199999, 44.19315112000004], [-72.48972896599997, 44.19321569500005], [-72.48962337199998, 44.19349327700007], [-72.48951665799996, 44.19346950200003], [-72.48950844999996, 44.19346767300004], [-72.48929614099995, 44.193423180000025], [-72.48901625599996, 44.19336452500005], [-72.48901436299997, 44.19336412700005], [-72.48872510399997, 44.19330124000004], [-72.48872119499998, 44.193300115000056], [-72.48880528999996, 44.19303265700006], [-72.48880553599997, 44.19303193700006]]]]}}, {"type": "Feature", "properties": {"OBJECTID": 7785, "SPAN": "036-011-12818", "GLIST_SPAN": "036-011-12818", "MAPID": "0300-0021.0000", "PARCID": "0300-0021-0000", "PROPTYPE": "PARCEL", "YEAR": 2023, "GLYEAR": 2022, "TOWN": "BARRE CITY", "TNAME": "Barre City", "SOURCENAME": null, "SOURCETYPE": "UNKNOWN", "SOURCEDATE": "UNKNOWN", "EDITMETHOD": "UNKNOWN", "EDITOR": "UNKNOWN", "EDITDATE": "UNKNOWN", "MATCHSTAT": "MATCH", "EDITNOTE": "UNKNOWN", "OWNER1": "DWYER EMILY B & ATKINS MARK", "OWNER2": "", "ADDRGL1": "21 CAMP ST", "ADDRGL2": "", "CITYGL": "BARRE", "STGL": "VT", "ZIPGL": "05641", "DESCPROP": "1 FAM-0.11AC", "LOCAPROP": "CAMP ST  21", "CAT": "Residential-1", "RESCODE": "T", "ACRESGL": 0.11, "REAL_FLV": 96500, "HSTED_FLV": 96500, "NRES_FLV": 0, "LAND_LV": 17200, "IMPRV_LV": 79300, "EQUIPVAL": 0, "EQUIPCODE": "", "INVENVAL": 0, "HSDECL": "Y", "HSITEVAL": 96500, "VETEXAMT": 40000, "EXPDESC": "", "ENDDATE": "", "STATUTE": "", "EXAMT_HS": 0, "EXAMT_NR": 0, "UVREDUC_HS": 0, "UVREDUC_NR": 0, "GLVAL_HS": 565.0, "GLVAL_NR": 0.0, "CRHOUSPCT": 0.0, "MUNGL1PCT": 565.0, "AOEGL_HS": 865.0, "AOEGL_NR": 0.0, "E911ADDR": "21 CAMP ST", "SHAPE_Length": 0.001209104135115717, "SHAPE_Area": 5.668785722645557e-08}, "geometry": {"type": "MultiPolygon", "coordinates": [[[[-72.49068833399997, 44.19266846900007], [-72.49072548299995, 44.19257819200004], [-72.49118868399995, 44.192700853000076], [-72.49114410499993, 44.19280884900007], [-72.49071881799995, 44.192706299000065], [-72.49073250399994, 44.192676067000036], [-72.49068833399997, 44.19266846900007]]]]}}, {"type": "Feature", "properties": {"OBJECTID": 7800, "SPAN": "036-011-12413", "GLIST_SPAN": "036-011-12413", "MAPID": "1155-0024.0000", "PARCID": "1155-0024-0000", "PROPTYPE": "PARCEL", "YEAR": 2023, "GLYEAR": 2022, "TOWN": "BARRE CITY", "TNAME": "Barre City", "SOURCENAME": null, "SOURCETYPE": "UNKNOWN", "SOURCEDATE": "UNKNOWN", "EDITMETHOD": "UNKNOWN", "EDITOR": "UNKNOWN", "EDITDATE": "UNKNOWN", "MATCHSTAT": "MATCH", "EDITNOTE": "UNKNOWN", "OWNER1": "GREENE PATRICIA A", "OWNER2": "", "ADDRGL1": "24 PATTERSON ST", "ADDRGL2": "", "CITYGL": "BARRE", "STGL": "VT", "ZIPGL": "05641", "DESCPROP": "1 FAM-0.18AC", "LOCAPROP": "PATTERSON ST  24", "CAT": "Residential-1", "RESCODE": "T", "ACRESGL": 0.18, "REAL_FLV": 159170, "HSTED_FLV": 159170, "NRES_FLV": 0, "LAND_LV": 26270, "IMPRV_LV": 132900, "EQUIPVAL": 0, "EQUIPCODE": "", "INVENVAL": 0, "HSDECL": "Y", "HSITEVAL": 159170, "VETEXAMT": 0, "EXPDESC": "", "ENDDATE": "", "STATUTE": "", "EXAMT_HS": 0, "EXAMT_NR": 0, "UVREDUC_HS": 0, "UVREDUC_NR": 0, "GLVAL_HS": 1592.0, "GLVAL_NR": 0.0, "CRHOUSPCT": 0.0, "MUNGL1PCT": 1591.7, "AOEGL_HS": 1592.0, "AOEGL_NR": 0.0, "E911ADDR": "24 PATTERSON ST", "SHAPE_Length": 0.0011789807037823285, "SHAPE_Area": 8.600648491691786e-08}, "geometry": {"type": "MultiPolygon", "coordinates": [[[[-72.49059697899997, 44.191938624000045], [-72.49068949699995, 44.19182929300007], [-72.49095037799998, 44.191941204000045], [-72.49093514299994, 44.19197405400007], [-72.49083382799995, 44.19216392300007], [-72.49083265399997, 44.19216673500006], [-72.49083148199998, 44.19216940700005], [-72.49081896899997, 44.192196687000035], [-72.49081701299997, 44.192200343000025], [-72.49081193199999, 44.19219739000005], [-72.49052503799999, 44.19203874300007], [-72.49052230099994, 44.19203635100007], [-72.49059697899997, 44.191938624000045]]]]}}, {"type": "Feature", "properties": {"OBJECTID": 7823, "SPAN": "036-011-12837", "GLIST_SPAN": "036-011-12837", "MAPID": "1595-0002.0000", "PARCID": "1595-0002-0000", "PROPTYPE": "PARCEL", "YEAR": 2023, "GLYEAR": 2022, "TOWN": "BARRE CITY", "TNAME": "Barre City", "SOURCENAME": null, "SOURCETYPE": "UNKNOWN", "SOURCEDATE": "UNKNOWN", "EDITMETHOD": "UNKNOWN", "EDITOR": "UNKNOWN", "EDITDATE": "UNKNOWN", "MATCHSTAT": "MATCH", "EDITNOTE": "UNKNOWN", "OWNER1": "SPARGO LARRY J & DURKEE SANDRA JEANNE", "OWNER2": "", "ADDRGL1": "2 WOODLAND DR", "ADDRGL2": "", "CITYGL": "BARRE", "STGL": "VT", "ZIPGL": "05641", "DESCPROP": "1 FAM-0.29AC", "LOCAPROP": "WOODLAND DR   2", "CAT": "Residential-1", "RESCODE": "T", "ACRESGL": 0.29, "REAL_FLV": 150170, "HSTED_FLV": 150170, "NRES_FLV": 0, "LAND_LV": 34810, "IMPRV_LV": 115360, "EQUIPVAL": 0, "EQUIPCODE": "", "INVENVAL": 0, "HSDECL": "Y", "HSITEVAL": 150170, "VETEXAMT": 0, "EXPDESC": "", "ENDDATE": "", "STATUTE": "", "EXAMT_HS": 0, "EXAMT_NR": 0, "UVREDUC_HS": 0, "UVREDUC_NR": 0, "GLVAL_HS": 1502.0, "GLVAL_NR": 0.0, "CRHOUSPCT": 0.0, "MUNGL1PCT": 1501.7, "AOEGL_HS": 1502.0, "AOEGL_NR": 0.0, "E911ADDR": "2 WOODLAND DR", "SHAPE_Length": 0.0015097096873818308, "SHAPE_Area": 1.382622566378338e-07}, "geometry": {"type": "MultiPolygon", "coordinates": [[[[-72.48653464599994, 44.19250774400007], [-72.48654250699997, 44.19250559900007], [-72.48675317199996, 44.19252879800007], [-72.48691213599994, 44.19254630300003], [-72.48677527299998, 44.19287319400007], [-72.48677065499999, 44.19288422400007], [-72.48661199399999, 44.192864222000026], [-72.48637722999996, 44.19283462400006], [-72.48638290499997, 44.19282117700004], [-72.48649789299998, 44.19254795900008], [-72.48650336699995, 44.19253797500005], [-72.48651392399995, 44.19252560100006], [-72.48652291799993, 44.19251350800005], [-72.48653464599994, 44.19250774400007]]]]}}, {"type": "Feature", "properties": {"OBJECTID": 8139, "SPAN": "036-011-13724", "GLIST_SPAN": "036-011-13724", "MAPID": "1595-VL00.0003", "PARCID": "1595-VL00-0003", "PROPTYPE": "PARCEL", "YEAR": 2023, "GLYEAR": 2022, "TOWN": "BARRE CITY", "TNAME": "Barre City", "SOURCENAME": null, "SOURCETYPE": "UNKNOWN", "SOURCEDATE": "UNKNOWN", "EDITMETHOD": "UNKNOWN", "EDITOR": "UNKNOWN", "EDITDATE": "UNKNOWN", "MATCHSTAT": "MATCH", "EDITNOTE": "UNKNOWN", "OWNER1": "SEWELL GREGORY B", "OWNER2": "", "ADDRGL1": "13 WOODLAND DR", "ADDRGL2": "", "CITYGL": "BARRE", "STGL": "VT", "ZIPGL": "05641", "DESCPROP": "VAC LAND-0.2870AC", "LOCAPROP": "WOODLAND DR    LOT 54", "CAT": "Miscellaneous", "RESCODE": "T", "ACRESGL": 0.29, "REAL_FLV": 22400, "HSTED_FLV": 0, "NRES_FLV": 22400, "LAND_LV": 22400, "IMPRV_LV": 0, "EQUIPVAL": 0, "EQUIPCODE": "", "INVENVAL": 0, "HSDECL": "N", "HSITEVAL": 0, "VETEXAMT": 0, "EXPDESC": "", "ENDDATE": "", "STATUTE": "", "EXAMT_HS": 0, "EXAMT_NR": 0, "UVREDUC_HS": 0, "UVREDUC_NR": 0, "GLVAL_HS": 0.0, "GLVAL_NR": 224.0, "CRHOUSPCT": 0.0, "MUNGL1PCT": 224.0, "AOEGL_HS": 0.0, "AOEGL_NR": 224.0, "E911ADDR": "WOODLAND DR", "SHAPE_Length": 0.001557008229346126, "SHAPE_Area": 1.36826727372525e-07}, "geometry": {"type": "MultiPolygon", "coordinates": [[[[-72.48602307599998, 44.193660376000025], [-72.48613583599996, 44.19339959300004], [-72.48613688999995, 44.19339981400003], [-72.48662173599996, 44.193501817000026], [-72.48651239599997, 44.19375696800006], [-72.48602307599998, 44.193660376000025]]]]}}, {"type": "Feature", "properties": {"OBJECTID": 184116, "SPAN": null, "GLIST_SPAN": null, "MAPID": "0165-0010.0002", "PARCID": null, "PROPTYPE": "PARCEL", "YEAR": 2023, "GLYEAR": null, "TOWN": "BARRE CITY", "TNAME": null, "SOURCENAME": null, "SOURCETYPE": "UNKNOWN", "SOURCEDATE": "UNKNOWN", "EDITMETHOD": "UNKNOWN", "EDITOR": "UNKNOWN", "EDITDATE": "UNKNOWN", "MATCHSTAT": "UNMATCHED", "EDITNOTE": "UNKNOWN", "OWNER1": null, "OWNER2": null, "ADDRGL1": null, "ADDRGL2": null, "CITYGL": null, "STGL": null, "ZIPGL": null, "DESCPROP": null, "LOCAPROP": null, "CAT": null, "RESCODE": null, "ACRESGL": null, "REAL_FLV": null, "HSTED_FLV": null, "NRES_FLV": null, "LAND_LV": null, "IMPRV_LV": null, "EQUIPVAL": null, "EQUIPCODE": null, "INVENVAL": null, "HSDECL": null, "HSITEVAL": null, "VETEXAMT": null, "EXPDESC": null, "ENDDATE": null, "STATUTE": null, "EXAMT_HS": null, "EXAMT_NR": null, "UVREDUC_HS": null, "UVREDUC_NR": null, "GLVAL_HS": null, "GLVAL_NR": null, "CRHOUSPCT": null, "MUNGL1PCT": null, "AOEGL_HS": null, "AOEGL_NR": null, "E911ADDR": null, "SHAPE_Length": 0.0010977448757453175, "SHAPE_Area": 7.308065312202861e-08}, "geometry": {"type": "MultiPolygon", "coordinates": [[[[-72.48962337199998, 44.19349327700007], [-72.48972896599997, 44.19321569500005], [-72.48973013799997, 44.19321597700008], [-72.48998773599999, 44.19326789000007], [-72.48998968999996, 44.19326831200004], [-72.48992410899996, 44.19346337600007], [-72.48992398799999, 44.193463734000034], [-72.48991890299999, 44.19346363200003], [-72.48990248499996, 44.19346489600008], [-72.48988880299999, 44.19346545700006], [-72.48987121199997, 44.19346897100007], [-72.48985713899998, 44.19347276700006], [-72.48984228299997, 44.193478672000026], [-72.48983055499997, 44.19348528000006], [-72.48982077999995, 44.193491608000045], [-72.48981257099996, 44.19349793500004], [-72.48980357799996, 44.19350721500007], [-72.48979536799999, 44.19351719900004], [-72.48978754699993, 44.19353027600005], [-72.48978207499994, 44.193528729000036], [-72.48962337199998, 44.19349327700007]]]]}}, {"type": "Feature", "properties": {"OBJECTID": 184184, "SPAN": null, "GLIST_SPAN": null, "MAPID": "0165-0010.0001", "PARCID": null, "PROPTYPE": "PARCEL", "YEAR": 2023, "GLYEAR": null, "TOWN": "BARRE CITY", "TNAME": null, "SOURCENAME": null, "SOURCETYPE": "UNKNOWN", "SOURCEDATE": "UNKNOWN", "EDITMETHOD": "UNKNOWN", "EDITOR": "UNKNOWN", "EDITDATE": "UNKNOWN", "MATCHSTAT": "UNMATCHED", "EDITNOTE": "UNKNOWN", "OWNER1": null, "OWNER2": null, "ADDRGL1": null, "ADDRGL2": null, "CITYGL": null, "STGL": null, "ZIPGL": null, "DESCPROP": null, "LOCAPROP": null, "CAT": null, "RESCODE": null, "ACRESGL": null, "REAL_FLV": null, "HSTED_FLV": null, "NRES_FLV": null, "LAND_LV": null, "IMPRV_LV": null, "EQUIPVAL": null, "EQUIPCODE": null, "INVENVAL": null, "HSDECL": null, "HSITEVAL": null, "VETEXAMT": null, "EXPDESC": null, "ENDDATE": null, "STATUTE": null, "EXAMT_HS": null, "EXAMT_NR": null, "UVREDUC_HS": null, "UVREDUC_NR": null, "GLVAL_HS": null, "GLVAL_NR": null, "CRHOUSPCT": null, "MUNGL1PCT": null, "AOEGL_HS": null, "AOEGL_NR": null, "E911ADDR": null, "SHAPE_Length": 0.0011110268644581947, "SHAPE_Area": 7.21963336537842e-08}, "geometry": {"type": "MultiPolygon", "coordinates": [[[[-72.49048605199994, 44.19350685500007], [-72.49054202099995, 44.19339449800003], [-72.49057720099995, 44.19340209500007], [-72.49059948899998, 44.19335625300005], [-72.49086803399996, 44.19341505600005], [-72.49084535399999, 44.19345836600007], [-72.49084457199996, 44.193459491000056], [-72.49076714799997, 44.19361670300003], [-72.49076401999997, 44.193621765000046], [-72.49075932799997, 44.19362753000007], [-72.49075580899995, 44.19363160700004], [-72.49074994599994, 44.19363329400005], [-72.49073978199993, 44.19363174700004], [-72.49072101999997, 44.19362640200006], [-72.49045438499996, 44.193570425000075], [-72.49048590099994, 44.193507158000045], [-72.49048605199994, 44.19350685500007]]]]}}, {"type": "Feature", "properties": {"OBJECTID": 4219, "SPAN": "036-011-10048", "GLIST_SPAN": "036-011-10048", "MAPID": "1230-0084.0000", "PARCID": "1230-0084-0000", "PROPTYPE": "PARCEL", "YEAR": 2023, "GLYEAR": 2022, "TOWN": "BARRE CITY", "TNAME": "Barre City", "SOURCENAME": null, "SOURCETYPE": "UNKNOWN", "SOURCEDATE": "UNKNOWN", "EDITMETHOD": "UNKNOWN", "EDITOR": "UNKNOWN", "EDITDATE": "UNKNOWN", "MATCHSTAT": "MATCH", "EDITNOTE": "UNKNOWN", "OWNER1": "BELROSE JEFFREY S & KIRSTEN R", "OWNER2": "", "ADDRGL1": "6 ETHEL COURT", "ADDRGL2": "", "CITYGL": "ST ALBANS", "STGL": "VT", "ZIPGL": "05478", "DESCPROP": "4 APTS-0.20AC", "LOCAPROP": "PROSPECT ST  84", "CAT": "Residential-1", "RESCODE": "S", "ACRESGL": 0.2, "REAL_FLV": 145190, "HSTED_FLV": 0, "NRES_FLV": 145190, "LAND_LV": 11490, "IMPRV_LV": 133700, "EQUIPVAL": 0, "EQUIPCODE": "", "INVENVAL": 0, "HSDECL": "N", "HSITEVAL": 145190, "VETEXAMT": 0, "EXPDESC": "", "ENDDATE": "", "STATUTE": "", "EXAMT_HS": 0, "EXAMT_NR": 0, "UVREDUC_HS": 0, "UVREDUC_NR": 0, "GLVAL_HS": 0.0, "GLVAL_NR": 1451.9, "CRHOUSPCT": 0.0, "MUNGL1PCT": 1451.9, "AOEGL_HS": 0.0, "AOEGL_NR": 1451.9, "E911ADDR": "84 PROSPECT ST", "SHAPE_Length": 0.0013701950867986254, "SHAPE_Area": 8.841109622361588e-08}, "geometry": {"type": "MultiPolygon", "coordinates": [[[[-72.50364458799999, 44.195901451000054], [-72.50387426199995, 44.19588279300007], [-72.50389440299995, 44.19606435700007], [-72.50370613099994, 44.19607450500007], [-72.50339758199993, 44.196091135000074], [-72.50335257099994, 44.195952506000026], [-72.50334796499999, 44.195938358000035], [-72.50364302499997, 44.19590173200004], [-72.50364458799999, 44.195901451000054]]]]}}, {"type": "Feature", "properties": {"OBJECTID": 4285, "SPAN": "036-011-10082", "GLIST_SPAN": "036-011-10082", "MAPID": "0375-0002.0000", "PARCID": "0375-0002-0000", "PROPTYPE": "PARCEL", "YEAR": 2023, "GLYEAR": 2022, "TOWN": "BARRE CITY", "TNAME": "Barre City", "SOURCENAME": null, "SOURCETYPE": "UNKNOWN", "SOURCEDATE": "UNKNOWN", "EDITMETHOD": "UNKNOWN", "EDITOR": "UNKNOWN", "EDITDATE": "UNKNOWN", "MATCHSTAT": "MATCH", "EDITNOTE": "UNKNOWN", "OWNER1": "LINDGREN EDWARD T - LIFE ESTATE:", "OWNER2": "CHU REBECCA & LINDGREN KATHERINE", "ADDRGL1": "2 CLEVELAND AVE", "ADDRGL2": "", "CITYGL": "BARRE", "STGL": "VT", "ZIPGL": "05641", "DESCPROP": "1 FAM-0.35AC", "LOCAPROP": "CLEVELAND AVE   2", "CAT": "Residential-1", "RESCODE": "T", "ACRESGL": 0.35, "REAL_FLV": 151500, "HSTED_FLV": 151500, "NRES_FLV": 0, "LAND_LV": 15300, "IMPRV_LV": 136200, "EQUIPVAL": 0, "EQUIPCODE": "", "INVENVAL": 0, "HSDECL": "Y", "HSITEVAL": 151500, "VETEXAMT": 40000, "EXPDESC": "", "ENDDATE": "", "STATUTE": "", "EXAMT_HS": 0, "EXAMT_NR": 0, "UVREDUC_HS": 0, "UVREDUC_NR": 0, "GLVAL_HS": 1115.0, "GLVAL_NR": 0.0, "CRHOUSPCT": 0.0, "MUNGL1PCT": 1115.0, "AOEGL_HS": 1415.0, "AOEGL_NR": 0.0, "E911ADDR": "2 CLEVELAND AVE", "SHAPE_Length": 0.0017953371236340628, "SHAPE_Area": 1.5662437948504962e-07}, "geometry": {"type": "MultiPolygon", "coordinates": [[[[-72.50778920099998, 44.19622903700008], [-72.50778646299995, 44.19622819300008], [-72.50773721799999, 44.196309900000074], [-72.50773604499994, 44.196309478000046], [-72.50762853599997, 44.19627897000004], [-72.50766136599998, 44.19621638900003], [-72.50765823799998, 44.19621540600008], [-72.50766331999995, 44.196210061000045], [-72.50769693099994, 44.19613960700008], [-72.50779346199994, 44.19593836700005], [-72.50792051699995, 44.195973656000035], [-72.50829816299995, 44.19607797100008], [-72.50821022899999, 44.19624518000006], [-72.50816332999995, 44.19633391600007], [-72.50815942099996, 44.19633279100003], [-72.50778920099998, 44.19622903700008]]]]}}, {"type": "Feature", "properties": {"OBJECTID": 4289, "SPAN": "036-011-10084", "GLIST_SPAN": "036-011-10084", "MAPID": "0695-0002.0000", "PARCID": "0695-0002-0000", "PROPTYPE": "PARCEL", "YEAR": 2023, "GLYEAR": 2022, "TOWN": "BARRE CITY", "TNAME": "Barre City", "SOURCENAME": null, "SOURCETYPE": "UNKNOWN", "SOURCEDATE": "UNKNOWN", "EDITMETHOD": "UNKNOWN", "EDITOR": "UNKNOWN", "EDITDATE": "UNKNOWN", "MATCHSTAT": "MATCH", "EDITNOTE": "UNKNOWN", "OWNER1": "NORMANDY PAUL A JR & SARELLA J", "OWNER2": "", "ADDRGL1": "2 GRANT AVE", "ADDRGL2": "", "CITYGL": "BARRE", "STGL": "VT", "ZIPGL": "05641", "DESCPROP": "1 FAM-0.05AC", "LOCAPROP": "GRANT AVE   2", "CAT": "Residential-1", "RESCODE": "T", "ACRESGL": 0.05, "REAL_FLV": 73450, "HSTED_FLV": 73450, "NRES_FLV": 0, "LAND_LV": 6870, "IMPRV_LV": 66580, "EQUIPVAL": 0, "EQUIPCODE": "", "INVENVAL": 0, "HSDECL": "Y", "HSITEVAL": 73450, "VETEXAMT": 0, "EXPDESC": "", "ENDDATE": "", "STATUTE": "", "EXAMT_HS": 0, "EXAMT_NR": 0, "UVREDUC_HS": 0, "UVREDUC_NR": 0, "GLVAL_HS": 734.0, "GLVAL_NR": 0.0, "CRHOUSPCT": 0.0, "MUNGL1PCT": 734.5, "AOEGL_HS": 734.0, "AOEGL_NR": 0.0, "E911ADDR": "2 GRANT AVE", "SHAPE_Length": 0.0006305199701347595, "SHAPE_Area": 2.3433833989681468e-08}, "geometry": {"type": "MultiPolygon", "coordinates": [[[[-72.50768138699993, 44.19685889900006], [-72.50774235699998, 44.196745692000036], [-72.50791476199998, 44.196791664000045], [-72.50792101699994, 44.19679278900003], [-72.50785926599997, 44.196909652000045], [-72.50774550199998, 44.19687689400007], [-72.50768412299993, 44.19685960100003], [-72.50768138699993, 44.19685889900006]]]]}}, {"type": "Feature", "properties": {"OBJECTID": 4373, "SPAN": "036-011-10543", "GLIST_SPAN": "036-011-10543", "MAPID": "0260-0032.0000", "PARCID": "0260-0032-0000", "PROPTYPE": "PARCEL", "YEAR": 2023, "GLYEAR": 2022, "TOWN": "BARRE CITY", "TNAME": "Barre City", "SOURCENAME": null, "SOURCETYPE": "UNKNOWN", "SOURCEDATE": "UNKNOWN", "EDITMETHOD": "UNKNOWN", "EDITOR": "UNKNOWN", "EDITDATE": "UNKNOWN", "MATCHSTAT": "MATCH", "EDITNOTE": "UNKNOWN", "OWNER1": "CAPITAL CANDY COMPANY INC", "OWNER2": "", "ADDRGL1": "PO BOX 767", "ADDRGL2": "", "CITYGL": "BARRE", "STGL": "VT", "ZIPGL": "05641-0767", "DESCPROP": "WHOLESALE-2.00AC", "LOCAPROP": "BURNHAM ST  32", "CAT": "Commercial", "RESCODE": "C", "ACRESGL": 2.0, "REAL_FLV": 729200, "HSTED_FLV": 0, "NRES_FLV": 729200, "LAND_LV": 53200, "IMPRV_LV": 676000, "EQUIPVAL": 0, "EQUIPCODE": "", "INVENVAL": 0, "HSDECL": "N", "HSITEVAL": 0, "VETEXAMT": 0, "EXPDESC": "", "ENDDATE": "", "STATUTE": "", "EXAMT_HS": 0, "EXAMT_NR": 0, "UVREDUC_HS": 0, "UVREDUC_NR": 0, "GLVAL_HS": 0.0, "GLVAL_NR": 7292.0, "CRHOUSPCT": 0.0, "MUNGL1PCT": 7292.0, "AOEGL_HS": 0.0, "AOEGL_NR": 7292.0, "E911ADDR": "32 BURNHAM ST", "SHAPE_Length": 0.007208284912636516, "SHAPE_Area": 9.699246682215166e-07}, "geometry": {"type": "MultiPolygon", "coordinates": [[[[-72.50598129999997, 44.19751683800007], [-72.50597895199996, 44.19749208800005], [-72.50597777799999, 44.19747619800006], [-72.50597152299997, 44.19747507300008], [-72.50596878199997, 44.19744005800004], [-72.50595624899995, 44.197211967000044], [-72.50576427999994, 44.19698346300004], [-72.50576232499998, 44.196981073000075], [-72.50573182399995, 44.19689712200005], [-72.50573143299994, 44.19689599700007], [-72.50571696399999, 44.196852826000054], [-72.50572126499998, 44.196850717000075], [-72.50574354699995, 44.19684734100008], [-72.50623884699996, 44.19677095600008], [-72.50628457699997, 44.196689251000066], [-72.50632483699997, 44.196634405000054], [-72.50633734499996, 44.196617530000026], [-72.50658322099997, 44.19646606400005], [-72.50658986699995, 44.196461283000076], [-72.50660081399997, 44.19647056300005], [-72.50662778999998, 44.19649545200008], [-72.50664577499998, 44.19651513800005], [-72.50665867899994, 44.196537497000065], [-72.50667353599994, 44.196555215000046], [-72.50669464899994, 44.19657757200008], [-72.50670481399999, 44.19658924300006], [-72.50670833199996, 44.19659360300005], [-72.50671967199997, 44.196607664000055], [-72.50674312899997, 44.196622148000074], [-72.50676853999994, 44.19663452100008], [-72.50679004299997, 44.19664787800008], [-72.50681115599997, 44.19666700200003], [-72.50683148599995, 44.19668247000004], [-72.50685142499998, 44.196703703000026], [-72.50687058399996, 44.19672718500004], [-72.50688074999994, 44.19674687200006], [-72.50689326299994, 44.196772887000066], [-72.50690342899998, 44.19679158900004], [-72.50691985099996, 44.19681732300006], [-72.50693588199994, 44.19684629000005], [-72.50694370299993, 44.19686288300005], [-72.50694839499994, 44.196874695000076], [-72.50693865299996, 44.19713133400006], [-72.50683118899997, 44.19750624300008], [-72.50682767299998, 44.19751876000004], [-72.50676981299995, 44.19750512200005], [-72.50671039299993, 44.19751904700007], [-72.50668029099995, 44.197526081000035], [-72.50650202999998, 44.197567856000035], [-72.50644456399993, 44.197581359000026], [-72.50619631899997, 44.197564638000074], [-72.50598129999997, 44.19751683800007]]], [[[-72.50647819599999, 44.19768612200005], [-72.50645982199995, 44.197685842000055], [-72.50641994599994, 44.19768598500008], [-72.50636482499993, 44.19768430000005], [-72.50632846699995, 44.19768036500005], [-72.50629328199994, 44.197675023000045], [-72.50624715099997, 44.19766504100005], [-72.50617599899994, 44.19765112300007], [-72.50611852999998, 44.197633549000045], [-72.50606536199996, 44.19761667700004], [-72.50599420899994, 44.19759530600004], [-72.50598091699999, 44.19759165000005], [-72.50596058799994, 44.197586166000065], [-72.50592110199995, 44.19757449700006], [-72.50588708999999, 44.19756606100003], [-72.50584643199994, 44.19755720400008], [-72.50582453999994, 44.197553268000036], [-72.50574478899995, 44.19755256900004], [-72.50571546799995, 44.19755482000005], [-72.50565448299994, 44.19756326100003], [-72.50560522699993, 44.19757338800008], [-72.50557160699998, 44.19758154500005], [-72.50552391399998, 44.19759364200007], [-72.50549537699999, 44.19759968900007], [-72.50546918399994, 44.19760489400005], [-72.50543908299994, 44.19760573900004], [-72.50541015399995, 44.19760588100007], [-72.50538161499998, 44.19760419500005], [-72.50532453799997, 44.197598010000036], [-72.50525729599997, 44.19758324800006], [-72.50518585799995, 44.19756178200004], [-72.50518340799994, 44.197561033000056], [-72.50526754299995, 44.197559356000056], [-72.50578544399997, 44.19753175400007], [-72.50597974199997, 44.19757660300007], [-72.50617091399994, 44.19762088900006], [-72.50644691599996, 44.19763859300008], [-72.50676434699994, 44.19756305900006], [-72.50678662999997, 44.197569387000044], [-72.50675692399994, 44.19761157500005], [-72.50675184299996, 44.19761888800008], [-72.50671119899994, 44.19773715500003], [-72.50669595099998, 44.19773040600006], [-72.50665294699996, 44.19771704900006], [-72.50658648699994, 44.19770341200007], [-72.50652823699994, 44.19769357200005], [-72.50647819599999, 44.19768612200005]]]]}}, {"type": "Feature", "properties": {"OBJECTID": 4450, "SPAN": "036-011-10848", "GLIST_SPAN": "036-011-10848", "MAPID": "0260-0036.0000", "PARCID": "0260-0036-0000", "PROPTYPE": "PARCEL", "YEAR": 2023, "GLYEAR": 2022, "TOWN": "BARRE CITY", "TNAME": "Barre City", "SOURCENAME": null, "SOURCETYPE": "UNKNOWN", "SOURCEDATE": "UNKNOWN", "EDITMETHOD": "UNKNOWN", "EDITOR": "UNKNOWN", "EDITDATE": "UNKNOWN", "MATCHSTAT": "MATCH", "EDITNOTE": "UNKNOWN", "OWNER1": "CAPITAL CANDY COMPANY INC", "OWNER2": "", "ADDRGL1": "PO BOX 767", "ADDRGL2": "", "CITYGL": "BARRE", "STGL": "VT", "ZIPGL": "05641-0767", "DESCPROP": "WAREHOUSE COLD STORAGE-3.57AC", "LOCAPROP": "BURNHAM ST  36", "CAT": "Commercial", "RESCODE": "C", "ACRESGL": 3.57, "REAL_FLV": 936500, "HSTED_FLV": 0, "NRES_FLV": 936500, "LAND_LV": 92500, "IMPRV_LV": 844000, "EQUIPVAL": 0, "EQUIPCODE": "", "INVENVAL": 0, "HSDECL": "N", "HSITEVAL": 0, "VETEXAMT": 0, "EXPDESC": "", "ENDDATE": "", "STATUTE": "", "EXAMT_HS": 0, "EXAMT_NR": 0, "UVREDUC_HS": 0, "UVREDUC_NR": 0, "GLVAL_HS": 0.0, "GLVAL_NR": 9365.0, "CRHOUSPCT": 0.0, "MUNGL1PCT": 9365.0, "AOEGL_HS": 0.0, "AOEGL_NR": 9365.0, "E911ADDR": "36 BURNHAM ST", "SHAPE_Length": 0.007234048930748324, "SHAPE_Area": 1.793627552416871e-06}, "geometry": {"type": "MultiPolygon", "coordinates": [[[[-72.50560199799997, 44.196508866000045], [-72.50548586199994, 44.19617306200007], [-72.50525166399996, 44.19579156100008], [-72.50525009999996, 44.19578945200004], [-72.50524775399998, 44.195786217000034], [-72.50542678899996, 44.195704929000044], [-72.50557496199997, 44.195838233000075], [-72.50581067399997, 44.19570237800008], [-72.50586110099994, 44.19567340700007], [-72.50614919199995, 44.19550759700007], [-72.50624022199997, 44.19558436300008], [-72.50623950399995, 44.19558324800005], [-72.50623055599993, 44.19557459200007], [-72.50621917299998, 44.19555821700004], [-72.50620705199998, 44.195540218000076], [-72.50620509599997, 44.19552362500008], [-72.50620665899999, 44.19551237500008], [-72.50621330299998, 44.19550506200005], [-72.50668633199996, 44.19563736200007], [-72.50668750599993, 44.195637643000055], [-72.50656127699995, 44.19599806900004], [-72.50686932199994, 44.195970911000074], [-72.50687401299996, 44.19597147300004], [-72.50697135899998, 44.196015060000036], [-72.50704720299996, 44.19604880500003], [-72.50728215399994, 44.196105181000064], [-72.50765823799998, 44.19621540600008], [-72.50766136599998, 44.19621638900003], [-72.50762853599997, 44.19627897000004], [-72.50773604499994, 44.196309478000046], [-72.50773721799999, 44.196309900000074], [-72.50773643599996, 44.196311165000054], [-72.50773565399999, 44.19631172800007], [-72.50756210099996, 44.196454051000046], [-72.50756131899993, 44.196454473000074], [-72.50745538699994, 44.19652155700004], [-72.50745421399995, 44.19652226000005], [-72.50732794999993, 44.19656698700004], [-72.50738192499995, 44.19677974700005], [-72.50671185099998, 44.19659107100006], [-72.50670481399999, 44.19658924300006], [-72.50669464899994, 44.19657757200008], [-72.50667353599994, 44.196555215000046], [-72.50665867899994, 44.196537497000065], [-72.50664577499998, 44.19651513800005], [-72.50662778999998, 44.19649545200008], [-72.50660081399997, 44.19647056300005], [-72.50658986699995, 44.196461283000076], [-72.50658322099997, 44.19646606400005], [-72.50633734499996, 44.196617530000026], [-72.50632483699997, 44.196634405000054], [-72.50628457699997, 44.196689251000066], [-72.50623884699996, 44.19677095600008], [-72.50574354699995, 44.19684734100008], [-72.50572126499998, 44.196850717000075], [-72.50571696399999, 44.196852826000054], [-72.50563914799994, 44.19662052000007], [-72.50560238999998, 44.19651027300006], [-72.50560199799997, 44.196508866000045]]]]}}, {"type": "Feature", "properties": {"OBJECTID": 4532, "SPAN": "036-011-10893", "GLIST_SPAN": "036-011-10893", "MAPID": "1037-0031.0000", "PARCID": "1037-0031-0000", "PROPTYPE": "PARCEL", "YEAR": 2023, "GLYEAR": 2022, "TOWN": "BARRE CITY", "TNAME": "Barre City", "SOURCENAME": null, "SOURCETYPE": "UNKNOWN", "SOURCEDATE": "UNKNOWN", "EDITMETHOD": "UNKNOWN", "EDITOR": "UNKNOWN", "EDITDATE": "UNKNOWN", "MATCHSTAT": "MATCH", "EDITNOTE": "UNKNOWN", "OWNER1": "METRO DEVELOPMENT ONE LLC", "OWNER2": "", "ADDRGL1": "125 NELSON ST", "ADDRGL2": "", "CITYGL": "BARRE", "STGL": "VT", "ZIPGL": "05641", "DESCPROP": "VAC LAND-0.11AC", "LOCAPROP": "METRO WAY  31", "CAT": "Miscellaneous", "RESCODE": "C", "ACRESGL": 0.11, "REAL_FLV": 13800, "HSTED_FLV": 0, "NRES_FLV": 13800, "LAND_LV": 13800, "IMPRV_LV": 0, "EQUIPVAL": 0, "EQUIPCODE": "", "INVENVAL": 0, "HSDECL": "N", "HSITEVAL": 0, "VETEXAMT": 0, "EXPDESC": "", "ENDDATE": "", "STATUTE": "", "EXAMT_HS": 0, "EXAMT_NR": 0, "UVREDUC_HS": 0, "UVREDUC_NR": 0, "GLVAL_HS": 0.0, "GLVAL_NR": 138.0, "CRHOUSPCT": 0.0, "MUNGL1PCT": 138.0, "AOEGL_HS": 0.0, "AOEGL_NR": 138.0, "E911ADDR": "31 METRO WAY", "SHAPE_Length": 0.0011251014890889133, "SHAPE_Area": 4.8946896574769944e-08}, "geometry": {"type": "MultiPolygon", "coordinates": [[[[-72.50322988199997, 44.197077500000034], [-72.50322070099998, 44.196734339000045], [-72.50322465699998, 44.19673058700005], [-72.50322829999999, 44.19673451800003], [-72.50323611899995, 44.196743096000034], [-72.50324902099999, 44.19676081500006], [-72.50326465999996, 44.19678950100007], [-72.50328186199994, 44.19681228200005], [-72.50329710899996, 44.19683745300006], [-72.50330961999998, 44.19685320200006], [-72.50332799499995, 44.19687317100005], [-72.50334363299999, 44.19689201400007], [-72.50335927199995, 44.19691071600005], [-72.50336787299995, 44.196926044000065], [-72.50337842799996, 44.196934903000056], [-72.50339602099996, 44.19694151200008], [-72.50341400299999, 44.19693996400008], [-72.50342924999995, 44.19696232300004], [-72.50346248199997, 44.19699396200008], [-72.50349102099995, 44.19701885200004], [-72.50351252399997, 44.19703825700003], [-72.50352425199998, 44.19705049100003], [-72.50353598099997, 44.197065819000045], [-72.50353480799998, 44.19706652200006], [-72.50322988199997, 44.197077500000034]]]]}}, {"type": "Feature", "properties": {"OBJECTID": 4588, "SPAN": "036-011-10923", "GLIST_SPAN": "036-011-10923", "MAPID": "1230-0102.0000", "PARCID": "1230-0102-0000", "PROPTYPE": "PARCEL", "YEAR": 2023, "GLYEAR": 2022, "TOWN": "BARRE CITY", "TNAME": "Barre City", "SOURCENAME": null, "SOURCETYPE": "UNKNOWN", "SOURCEDATE": "UNKNOWN", "EDITMETHOD": "UNKNOWN", "EDITOR": "UNKNOWN", "EDITDATE": "UNKNOWN", "MATCHSTAT": "MATCH", "EDITNOTE": "UNKNOWN", "OWNER1": "MCGREGOR DEREK W & TASIOPOULOS", "OWNER2": "ATHENA P", "ADDRGL1": "102 PROSPECT ST", "ADDRGL2": "", "CITYGL": "BARRE", "STGL": "VT", "ZIPGL": "05641", "DESCPROP": "1 FAM-0.87AC", "LOCAPROP": "PROSPECT ST 102", "CAT": "Residential-1", "RESCODE": "T", "ACRESGL": 0.87, "REAL_FLV": 93100, "HSTED_FLV": 93100, "NRES_FLV": 0, "LAND_LV": 27600, "IMPRV_LV": 65500, "EQUIPVAL": 0, "EQUIPCODE": "", "INVENVAL": 0, "HSDECL": "Y", "HSITEVAL": 93100, "VETEXAMT": 0, "EXPDESC": "", "ENDDATE": "", "STATUTE": "", "EXAMT_HS": 0, "EXAMT_NR": 0, "UVREDUC_HS": 0, "UVREDUC_NR": 0, "GLVAL_HS": 931.0, "GLVAL_NR": 0.0, "CRHOUSPCT": 0.0, "MUNGL1PCT": 931.0, "AOEGL_HS": 931.0, "AOEGL_NR": 0.0, "E911ADDR": "102 PROSPECT ST", "SHAPE_Length": 0.002812321652583036, "SHAPE_Area": 3.7840784650895635e-07}, "geometry": {"type": "MultiPolygon", "coordinates": [[[[-72.50443883899999, 44.194499122000025], [-72.50451555399997, 44.19441243500006], [-72.50451634099994, 44.194412759000045], [-72.50452507399996, 44.19441624900003], [-72.50464138899997, 44.19446296700005], [-72.50482606499997, 44.194528766000076], [-72.50503119899997, 44.19459782800004], [-72.50514249599996, 44.194635779000066], [-72.50499278199999, 44.19471608200007], [-72.50441815899995, 44.19502365000005], [-72.50432160799994, 44.19508299700004], [-72.50431926199997, 44.19508018400006], [-72.50396075699996, 44.19459448300006], [-72.50396036699993, 44.19459377900006], [-72.50443766599994, 44.194499404000055], [-72.50443883899999, 44.194499122000025]]]]}}, {"type": "Feature", "properties": {"OBJECTID": 4783, "SPAN": "036-011-10672", "GLIST_SPAN": "036-011-10672", "MAPID": "0245-VL00.0001", "PARCID": "0245-VL00-0001", "PROPTYPE": "PARCEL", "YEAR": 2023, "GLYEAR": 2022, "TOWN": "BARRE CITY", "TNAME": "Barre City", "SOURCENAME": null, "SOURCETYPE": "UNKNOWN", "SOURCEDATE": "UNKNOWN", "EDITMETHOD": "UNKNOWN", "EDITOR": "UNKNOWN", "EDITDATE": "UNKNOWN", "MATCHSTAT": "MATCH", "EDITNOTE": "UNKNOWN", "OWNER1": "CITY OF BARRE", "OWNER2": "", "ADDRGL1": "6 N MAIN ST", "ADDRGL2": "", "CITYGL": "BARRE", "STGL": "VT", "ZIPGL": "05641-4115", "DESCPROP": "VAC LAND-0.06AC", "LOCAPROP": "BROOKLYN ST    ENTRANCE", "CAT": "Miscellaneous", "RESCODE": "C", "ACRESGL": 0.06, "REAL_FLV": 2610, "HSTED_FLV": 0, "NRES_FLV": 2610, "LAND_LV": 2610, "IMPRV_LV": 0, "EQUIPVAL": 0, "EQUIPCODE": "", "INVENVAL": 0, "HSDECL": "N", "HSITEVAL": 0, "VETEXAMT": 0, "EXPDESC": "Statutory", "ENDDATE": "", "STATUTE": "", "EXAMT_HS": 0, "EXAMT_NR": 0, "UVREDUC_HS": 0, "UVREDUC_NR": 0, "GLVAL_HS": 0.0, "GLVAL_NR": 0.0, "CRHOUSPCT": 0.0, "MUNGL1PCT": 0.0, "AOEGL_HS": 0.0, "AOEGL_NR": 0.0, "E911ADDR": "BROOKLYN ST", "SHAPE_Length": 0.0015856174278138686, "SHAPE_Area": 3.0820847216505846e-08}, "geometry": {"type": "MultiPolygon", "coordinates": [[[[-72.50276853299994, 44.19599541200006], [-72.50284085299995, 44.19596559800004], [-72.50285570899996, 44.19598542500006], [-72.50315012799996, 44.196230462000074], [-72.50317962799994, 44.196282592000045], [-72.50328184699998, 44.19653905000007], [-72.50327950099995, 44.19653595600005], [-72.50325760799996, 44.196509942000034], [-72.50323102199997, 44.196466771000075], [-72.50319153399994, 44.19638830400004], [-72.50315751999995, 44.19631391400003], [-72.50315126499999, 44.19630829000005], [-72.50314344599997, 44.19630140000004], [-72.50312037899994, 44.19628030700005], [-72.50310044199995, 44.19626483900004], [-72.50306955699995, 44.19624205900004], [-72.50303593599995, 44.196211263000066], [-72.50301169699998, 44.196185669000045], [-72.50299449499994, 44.19616359200006], [-72.50298237699997, 44.19614910800004], [-72.50296165599997, 44.196128859000055], [-72.50294679999996, 44.19611690600004], [-72.50293311799999, 44.196105516000046], [-72.50291161599995, 44.19608892300005], [-72.50286783099995, 44.19605939300004], [-72.50282404599994, 44.19603042600005], [-72.50277478799995, 44.19599906800005], [-72.50276853299994, 44.19599541200006]]]]}}, {"type": "Feature", "properties": {"OBJECTID": 4800, "SPAN": "036-011-10675", "GLIST_SPAN": "036-011-10675", "MAPID": "0260-0004.0000", "PARCID": "0260-0004-0000", "PROPTYPE": "PARCEL", "YEAR": 2023, "GLYEAR": 2022, "TOWN": "BARRE CITY", "TNAME": "Barre City", "SOURCENAME": null, "SOURCETYPE": "UNKNOWN", "SOURCEDATE": "UNKNOWN", "EDITMETHOD": "UNKNOWN", "EDITOR": "UNKNOWN", "EDITDATE": "UNKNOWN", "MATCHSTAT": "MATCH", "EDITNOTE": "UNKNOWN", "OWNER1": "CITY OF BARRE", "OWNER2": "", "ADDRGL1": "6 N MAIN ST", "ADDRGL2": "", "CITYGL": "BARRE", "STGL": "VT", "ZIPGL": "05641-4115", "DESCPROP": "CITY YARD & BUILDINGS-2.70AC", "LOCAPROP": "BURNHAM ST   4 & 6", "CAT": "Commercial", "RESCODE": "C", "ACRESGL": 2.7, "REAL_FLV": 1446100, "HSTED_FLV": 0, "NRES_FLV": 1446100, "LAND_LV": 57040, "IMPRV_LV": 1389060, "EQUIPVAL": 0, "EQUIPCODE": "", "INVENVAL": 0, "HSDECL": "N", "HSITEVAL": 0, "VETEXAMT": 0, "EXPDESC": "Statutory", "ENDDATE": "", "STATUTE": "", "EXAMT_HS": 0, "EXAMT_NR": 0, "UVREDUC_HS": 0, "UVREDUC_NR": 0, "GLVAL_HS": 0.0, "GLVAL_NR": 0.0, "CRHOUSPCT": 0.0, "MUNGL1PCT": 0.0, "AOEGL_HS": 0.0, "AOEGL_NR": 0.0, "E911ADDR": "46 BURNHAM ST", "SHAPE_Length": 0.005940735475870113, "SHAPE_Area": 1.1814600543302954e-06}, "geometry": {"type": "MultiPolygon", "coordinates": [[[[-72.50395660299995, 44.196772183000064], [-72.50412351699998, 44.19659724100006], [-72.50412586299996, 44.196594850000054], [-72.50423883299999, 44.19647433200004], [-72.50424156899999, 44.19647264400004], [-72.50444914199994, 44.19634635600005], [-72.50460276899997, 44.19626985000008], [-72.50445225499993, 44.19615454500007], [-72.50457890999996, 44.19609604000004], [-72.50524501799998, 44.19578748300006], [-72.50524775399998, 44.195786217000034], [-72.50525009999996, 44.19578945200004], [-72.50525166399996, 44.19579156100008], [-72.50548586199994, 44.19617306200007], [-72.50560199799997, 44.196508866000045], [-72.50559887099996, 44.19650900700003], [-72.50550739499994, 44.19651576100006], [-72.50540301799998, 44.19652350000007], [-72.50540184499994, 44.196523220000074], [-72.50536627199995, 44.196529127000076], [-72.50530176899997, 44.19653967700003], [-72.50494798499994, 44.19659763000004], [-72.50492492199999, 44.19662434900005], [-72.50487449799994, 44.19668369500005], [-72.50487293399993, 44.19668580500007], [-72.50486863299994, 44.19668791300006], [-72.50484634499998, 44.196616197000026], [-72.50474001499998, 44.19664151300003], [-72.50477794399995, 44.19676554200004], [-72.50496016699998, 44.19736332600007], [-72.50456414099995, 44.19721273400006], [-72.50439720799994, 44.19715255300008], [-72.50414387799998, 44.19706045500004], [-72.50382330699995, 44.19693756100003], [-72.50376388299998, 44.19691], [-72.50376544699998, 44.19690887500008], [-72.50395503999994, 44.19677387000007], [-72.50395660299995, 44.196772183000064]]]]}}, {"type": "Feature", "properties": {"OBJECTID": 4804, "SPAN": "036-011-10676", "GLIST_SPAN": "036-011-10676", "MAPID": "0260-0010.0000", "PARCID": "0260-0010-0000", "PROPTYPE": "PARCEL", "YEAR": 2023, "GLYEAR": 2022, "TOWN": "BARRE CITY", "TNAME": "Barre City", "SOURCENAME": null, "SOURCETYPE": "UNKNOWN", "SOURCEDATE": "UNKNOWN", "EDITMETHOD": "UNKNOWN", "EDITOR": "UNKNOWN", "EDITDATE": "UNKNOWN", "MATCHSTAT": "MATCH", "EDITNOTE": "UNKNOWN", "OWNER1": "CITY OF BARRE", "OWNER2": "", "ADDRGL1": "6 N MAIN ST", "ADDRGL2": "", "CITYGL": "BARRE", "STGL": "VT", "ZIPGL": "05641-4115", "DESCPROP": "CITY GARAGE-0.60AC", "LOCAPROP": "BURNHAM ST  10 & 14", "CAT": "Commercial", "RESCODE": "C", "ACRESGL": 0.6, "REAL_FLV": 107500, "HSTED_FLV": 0, "NRES_FLV": 107500, "LAND_LV": 25000, "IMPRV_LV": 82500, "EQUIPVAL": 0, "EQUIPCODE": "", "INVENVAL": 0, "HSDECL": "N", "HSITEVAL": 0, "VETEXAMT": 0, "EXPDESC": "Statutory", "ENDDATE": "", "STATUTE": "", "EXAMT_HS": 0, "EXAMT_NR": 0, "UVREDUC_HS": 0, "UVREDUC_NR": 0, "GLVAL_HS": 0.0, "GLVAL_NR": 0.0, "CRHOUSPCT": 0.0, "MUNGL1PCT": 0.0, "AOEGL_HS": 0.0, "AOEGL_NR": 0.0, "E911ADDR": "10 BURNHAM ST", "SHAPE_Length": 0.001997544332832378, "SHAPE_Area": 2.0761755450914642e-07}, "geometry": {"type": "MultiPolygon", "coordinates": [[[[-72.50516849199994, 44.19686832100007], [-72.50507310399996, 44.196857075000025], [-72.50493002599995, 44.19687761300003], [-72.50492806999995, 44.19687789400007], [-72.50492767999998, 44.19687648800004], [-72.50488740299994, 44.19674711600004], [-72.50486863299994, 44.19668791300006], [-72.50487293399993, 44.19668580500007], [-72.50487449799994, 44.19668369500005], [-72.50492492199999, 44.19662434900005], [-72.50494798499994, 44.19659763000004], [-72.50530176899997, 44.19653967700003], [-72.50536627199995, 44.196529127000076], [-72.50540184499994, 44.196523220000074], [-72.50540301799998, 44.19652350000007], [-72.50544094999998, 44.19665385700006], [-72.50545541899999, 44.19670419900007], [-72.50553673799999, 44.19676733600005], [-72.50554064799996, 44.19677028900003], [-72.50553595699995, 44.19677127400007], [-72.50550898299997, 44.19677690000003], [-72.50554066299998, 44.196927928000036], [-72.50554105299994, 44.19692933400006], [-72.50517592999995, 44.196988272000056], [-72.50517632099996, 44.19698377200007], [-72.50516849199994, 44.19686832100007]]]]}}, {"type": "Feature", "properties": {"OBJECTID": 4840, "SPAN": "036-011-10695", "GLIST_SPAN": "036-011-10695", "MAPID": "0740-VL00.0001", "PARCID": "0740-VL00-0001", "PROPTYPE": "PARCEL", "YEAR": 2023, "GLYEAR": 2022, "TOWN": "BARRE CITY", "TNAME": "Barre City", "SOURCENAME": null, "SOURCETYPE": "UNKNOWN", "SOURCEDATE": "UNKNOWN", "EDITMETHOD": "UNKNOWN", "EDITOR": "UNKNOWN", "EDITDATE": "UNKNOWN", "MATCHSTAT": "MATCH", "EDITNOTE": "UNKNOWN", "OWNER1": "CITY OF BARRE", "OWNER2": "", "ADDRGL1": "6 N MAIN ST", "ADDRGL2": "", "CITYGL": "BARRE", "STGL": "VT", "ZIPGL": "05641-4115", "DESCPROP": "VAC LAND-0.50AC", "LOCAPROP": "HANCOCK PL  LOT 2 & PART", "CAT": "Miscellaneous", "RESCODE": "C", "ACRESGL": 0.5, "REAL_FLV": 18230, "HSTED_FLV": 0, "NRES_FLV": 18230, "LAND_LV": 18230, "IMPRV_LV": 0, "EQUIPVAL": 0, "EQUIPCODE": "", "INVENVAL": 0, "HSDECL": "N", "HSITEVAL": 0, "VETEXAMT": 0, "EXPDESC": "Statutory", "ENDDATE": "", "STATUTE": "", "EXAMT_HS": 0, "EXAMT_NR": 0, "UVREDUC_HS": 0, "UVREDUC_NR": 0, "GLVAL_HS": 0.0, "GLVAL_NR": 0.0, "CRHOUSPCT": 0.0, "MUNGL1PCT": 0.0, "AOEGL_HS": 0.0, "AOEGL_NR": 0.0, "E911ADDR": "HANCOCK ST", "SHAPE_Length": 0.00176747563838153, "SHAPE_Area": 1.7960789444319198e-07}, "geometry": {"type": "MultiPolygon", "coordinates": [[[[-72.50654507099995, 44.194381459000056], [-72.50655234399994, 44.19433453600004], [-72.50655598399999, 44.19433607600007], [-72.50670397899995, 44.19438804200007], [-72.50694107599998, 44.19447129500003], [-72.50694342199995, 44.19447199700005], [-72.50685665799995, 44.19464047000008], [-72.50676325099994, 44.19482159900008], [-72.50671009899997, 44.194929460000026], [-72.50671009899997, 44.19493044500007], [-72.50670149799998, 44.19492861800006], [-72.50665302399995, 44.19491835500003], [-72.50654239099998, 44.19489628300005], [-72.50643449599994, 44.19487716400005], [-72.50645911199996, 44.194763118000026], [-72.50646380199998, 44.19475369500003], [-72.50647318199998, 44.194733023000026], [-72.50648373299998, 44.19470574200005], [-72.50648959299997, 44.19467044500004], [-72.50649349999998, 44.19465244400004], [-72.50650287899998, 44.194621787000074], [-72.50650912899994, 44.194582694000076], [-72.50651381599994, 44.19454430400003], [-72.50652123999998, 44.194517725000026], [-72.50652162899996, 44.194499585000074], [-72.50653139799994, 44.19446836600008], [-72.50653491299994, 44.19443363100004], [-72.50654507099995, 44.194381459000056]]]]}}, {"type": "Feature", "properties": {"OBJECTID": 4842, "SPAN": "036-011-10696", "GLIST_SPAN": "036-011-10696", "MAPID": "0755-VL00.0001", "PARCID": "0755-VL00-0001", "PROPTYPE": "PARCEL", "YEAR": 2023, "GLYEAR": 2022, "TOWN": "BARRE CITY", "TNAME": "Barre City", "SOURCENAME": null, "SOURCETYPE": "UNKNOWN", "SOURCEDATE": "UNKNOWN", "EDITMETHOD": "UNKNOWN", "EDITOR": "UNKNOWN", "EDITDATE": "UNKNOWN", "MATCHSTAT": "MATCH", "EDITNOTE": "UNKNOWN", "OWNER1": "CITY OF BARRE", "OWNER2": "", "ADDRGL1": "6 N MAIN ST", "ADDRGL2": "", "CITYGL": "BARRE", "STGL": "VT", "ZIPGL": "05641-4115", "DESCPROP": "VAC LAND-0.50AC", "LOCAPROP": "HARRISON AVE  (OFF)", "CAT": "Miscellaneous", "RESCODE": "C", "ACRESGL": 0.5, "REAL_FLV": 940, "HSTED_FLV": 0, "NRES_FLV": 940, "LAND_LV": 940, "IMPRV_LV": 0, "EQUIPVAL": 0, "EQUIPCODE": "", "INVENVAL": 0, "HSDECL": "N", "HSITEVAL": 0, "VETEXAMT": 0, "EXPDESC": "Statutory", "ENDDATE": "", "STATUTE": "", "EXAMT_HS": 0, "EXAMT_NR": 0, "UVREDUC_HS": 0, "UVREDUC_NR": 0, "GLVAL_HS": 0.0, "GLVAL_NR": 0.0, "CRHOUSPCT": 0.0, "MUNGL1PCT": 0.0, "AOEGL_HS": 0.0, "AOEGL_NR": 0.0, "E911ADDR": "HARRISON AVE", "SHAPE_Length": 0.0022685894736026555, "SHAPE_Area": 2.5471158542476957e-07}, "geometry": {"type": "MultiPolygon", "coordinates": [[[[-72.50642863599995, 44.194909368000026], [-72.50643449599994, 44.19487716400005], [-72.50654239099998, 44.19489628300005], [-72.50665302399995, 44.19491835500003], [-72.50670149799998, 44.19492861800006], [-72.50670188899994, 44.19493171100004], [-72.50671050299997, 44.195050679000076], [-72.50672616299994, 44.19525936300005], [-72.50670702999997, 44.19544541000005], [-72.50669882899996, 44.19552612800004], [-72.50668750599993, 44.195637643000055], [-72.50668633199996, 44.19563736200007], [-72.50621330299998, 44.19550506200005], [-72.50621877599997, 44.19550267100004], [-72.50624379399994, 44.19549563900006], [-72.50627467699996, 44.195488184000055], [-72.50630008499996, 44.19547721400005], [-72.50631689399995, 44.195464978000075], [-72.50633252799997, 44.19544627500005], [-72.50635441799994, 44.19542475800006], [-72.50636575099998, 44.195400851000045], [-72.50637200299997, 44.19537793000006], [-72.50637082799994, 44.19534839800008], [-72.50636769999994, 44.195338133000064], [-72.50635597099995, 44.19532589900007], [-72.50634267799995, 44.19531493200003], [-72.50632782199995, 44.19529890100006], [-72.50630866299997, 44.195268387000056], [-72.50629732499993, 44.19525685600007], [-72.50628989499995, 44.195238576000065], [-72.50628676499997, 44.19520735700007], [-72.50628754399997, 44.195184436000034], [-72.50629066999994, 44.19516685700006], [-72.50629301399994, 44.19515406100004], [-72.50629965799999, 44.19513535700003], [-72.50631411899997, 44.195116091000045], [-72.50632584499994, 44.195102028000065], [-72.50633600699996, 44.195086278000076], [-72.50636180499998, 44.19506251100006], [-72.50639307599994, 44.19503466500004], [-72.50640831799996, 44.19499824300004], [-72.50641105299997, 44.194988962000025], [-72.50641261599998, 44.194982493000055], [-72.50641769499998, 44.194951134000064], [-72.50642863599995, 44.194909368000026]]]]}}, {"type": "Feature", "properties": {"OBJECTID": 4844, "SPAN": "036-011-10697", "GLIST_SPAN": "036-011-10697", "MAPID": "0755-VL00.0002", "PARCID": "0755-VL00-0002", "PROPTYPE": "PARCEL", "YEAR": 2023, "GLYEAR": 2022, "TOWN": "BARRE CITY", "TNAME": "Barre City", "SOURCENAME": null, "SOURCETYPE": "UNKNOWN", "SOURCEDATE": "UNKNOWN", "EDITMETHOD": "UNKNOWN", "EDITOR": "UNKNOWN", "EDITDATE": "UNKNOWN", "MATCHSTAT": "MATCH", "EDITNOTE": "UNKNOWN", "OWNER1": "CITY OF BARRE", "OWNER2": "", "ADDRGL1": "6 N MAIN ST", "ADDRGL2": "", "CITYGL": "BARRE", "STGL": "VT", "ZIPGL": "05641-4115", "DESCPROP": "VAC LAND-0.04AC", "LOCAPROP": "HARRISON AVE  (END OF)", "CAT": "Miscellaneous", "RESCODE": "C", "ACRESGL": 0.04, "REAL_FLV": 70, "HSTED_FLV": 0, "NRES_FLV": 70, "LAND_LV": 70, "IMPRV_LV": 0, "EQUIPVAL": 0, "EQUIPCODE": "", "INVENVAL": 0, "HSDECL": "N", "HSITEVAL": 0, "VETEXAMT": 0, "EXPDESC": "Statutory", "ENDDATE": "", "STATUTE": "", "EXAMT_HS": 0, "EXAMT_NR": 0, "UVREDUC_HS": 0, "UVREDUC_NR": 0, "GLVAL_HS": 0.0, "GLVAL_NR": 0.0, "CRHOUSPCT": 0.0, "MUNGL1PCT": 0.0, "AOEGL_HS": 0.0, "AOEGL_NR": 0.0, "E911ADDR": "HARRISON AVE", "SHAPE_Length": 0.0006075796814647631, "SHAPE_Area": 2.1785759910574758e-08}, "geometry": {"type": "MultiPolygon", "coordinates": [[[[-72.50727579099998, 44.195220095000025], [-72.50732933199998, 44.19511490700006], [-72.50742862699997, 44.19515582100007], [-72.50750141699996, 44.195185812000034], [-72.50750102899997, 44.195186525000054], [-72.50750064999994, 44.19518724400007], [-72.50744886599995, 44.195288008000034], [-72.50727468999997, 44.19522209400003], [-72.50727500899995, 44.19522150200004], [-72.50727579099998, 44.195220095000025]]]]}}, {"type": "Feature", "properties": {"OBJECTID": 4854, "SPAN": "036-011-11027", "GLIST_SPAN": "036-011-11027", "MAPID": "0375-0006.0000", "PARCID": "0375-0006-0000", "PROPTYPE": "PARCEL", "YEAR": 2023, "GLYEAR": 2022, "TOWN": "BARRE CITY", "TNAME": "Barre City", "SOURCENAME": null, "SOURCETYPE": "UNKNOWN", "SOURCEDATE": "UNKNOWN", "EDITMETHOD": "UNKNOWN", "EDITOR": "UNKNOWN", "EDITDATE": "UNKNOWN", "MATCHSTAT": "MATCH", "EDITNOTE": "UNKNOWN", "OWNER1": "DAYTON CHRISTOPHER W & AMANDA R", "OWNER2": "", "ADDRGL1": "6 CLEVELAND AVE", "ADDRGL2": "", "CITYGL": "BARRE", "STGL": "VT", "ZIPGL": "05641", "DESCPROP": "1 FAM-0.26AC", "LOCAPROP": "CLEVELAND AVE   6", "CAT": "Residential-1", "RESCODE": "T", "ACRESGL": 0.26, "REAL_FLV": 132860, "HSTED_FLV": 132860, "NRES_FLV": 0, "LAND_LV": 19030, "IMPRV_LV": 113830, "EQUIPVAL": 0, "EQUIPCODE": "", "INVENVAL": 0, "HSDECL": "Y", "HSITEVAL": 132860, "VETEXAMT": 0, "EXPDESC": "", "ENDDATE": "", "STATUTE": "", "EXAMT_HS": 0, "EXAMT_NR": 0, "UVREDUC_HS": 0, "UVREDUC_NR": 0, "GLVAL_HS": 1329.0, "GLVAL_NR": 0.0, "CRHOUSPCT": 0.0, "MUNGL1PCT": 1328.6, "AOEGL_HS": 1329.0, "AOEGL_NR": 0.0, "E911ADDR": "6 CLEVELAND AVE", "SHAPE_Length": 0.0013890107888552957, "SHAPE_Area": 1.1688555715720877e-07}, "geometry": {"type": "MultiPolygon", "coordinates": [[[[-72.50741620899998, 44.195839816000046], [-72.50741713899998, 44.19583830900007], [-72.50779346199994, 44.19593836700005], [-72.50769693099994, 44.19613960700008], [-72.50766331999995, 44.196210061000045], [-72.50765823799998, 44.19621540600008], [-72.50728215399994, 44.196105181000064], [-72.50728332699998, 44.19610250900007], [-72.50741620899998, 44.195839816000046]]]]}}, {"type": "Feature", "properties": {"OBJECTID": 5277, "SPAN": "036-011-10706", "GLIST_SPAN": "036-011-10706", "MAPID": "0960-0010.0000", "PARCID": "0960-0010-0000", "PROPTYPE": "PARCEL", "YEAR": 2023, "GLYEAR": 2022, "TOWN": "BARRE CITY", "TNAME": "Barre City", "SOURCENAME": null, "SOURCETYPE": "UNKNOWN", "SOURCEDATE": "UNKNOWN", "EDITMETHOD": "UNKNOWN", "EDITOR": "UNKNOWN", "EDITDATE": "UNKNOWN", "MATCHSTAT": "MATCH", "EDITNOTE": "UNKNOWN", "OWNER1": "CITY OF BARRE", "OWNER2": "", "ADDRGL1": "6 N MAIN ST", "ADDRGL2": "", "CITYGL": "BARRE", "STGL": "VT", "ZIPGL": "05641-4115", "DESCPROP": "PLAY AREA-GARFIELD-0.42AC", "LOCAPROP": "LINCOLN AVE  10  LOTS 11-12-PT RR BED", "CAT": "Miscellaneous", "RESCODE": "C", "ACRESGL": 0.42, "REAL_FLV": 14720, "HSTED_FLV": 0, "NRES_FLV": 14720, "LAND_LV": 14720, "IMPRV_LV": 0, "EQUIPVAL": 0, "EQUIPCODE": "", "INVENVAL": 0, "HSDECL": "N", "HSITEVAL": 0, "VETEXAMT": 0, "EXPDESC": "Statutory", "ENDDATE": "", "STATUTE": "", "EXAMT_HS": 0, "EXAMT_NR": 0, "UVREDUC_HS": 0, "UVREDUC_NR": 0, "GLVAL_HS": 0.0, "GLVAL_NR": 0.0, "CRHOUSPCT": 0.0, "MUNGL1PCT": 0.0, "AOEGL_HS": 0.0, "AOEGL_NR": 0.0, "E911ADDR": "10 LINCOLN AVE", "SHAPE_Length": 0.001967721374256354, "SHAPE_Area": 2.223090703351877e-07}, "geometry": {"type": "MultiPolygon", "coordinates": [[[[-72.50781833699995, 44.19485092200006], [-72.50782107399993, 44.19484853100005], [-72.50818856799998, 44.19509150500005], [-72.50806663699996, 44.19532340100005], [-72.50806545899997, 44.195325369000045], [-72.50800839599998, 44.19543224800003], [-72.50800775599998, 44.19543192100008], [-72.50800449399998, 44.19543028000004], [-72.50789190199998, 44.19536770800005], [-72.50783443099994, 44.19533466300004], [-72.50773630099997, 44.19528953200006], [-72.50763035299997, 44.19523610400006], [-72.50750141699996, 44.195185812000034], [-72.50742862699997, 44.19515582100007], [-72.50743254199995, 44.195152445000076], [-72.50753924899993, 44.19506933100007], [-72.50781833699995, 44.19485092200006]]]]}}, {"type": "Feature", "properties": {"OBJECTID": 5329, "SPAN": "036-011-10713", "GLIST_SPAN": "036-011-10713", "MAPID": "1035-VL00.0002", "PARCID": "1035-VL00-0002", "PROPTYPE": "PARCEL", "YEAR": 2023, "GLYEAR": 2022, "TOWN": "BARRE CITY", "TNAME": "Barre City", "SOURCENAME": null, "SOURCETYPE": "UNKNOWN", "SOURCEDATE": "UNKNOWN", "EDITMETHOD": "UNKNOWN", "EDITOR": "UNKNOWN", "EDITDATE": "UNKNOWN", "MATCHSTAT": "MATCH", "EDITNOTE": "UNKNOWN", "OWNER1": "CITY OF BARRE", "OWNER2": "", "ADDRGL1": "6 N MAIN ST", "ADDRGL2": "", "CITYGL": "BARRE", "STGL": "VT", "ZIPGL": "05641-4115", "DESCPROP": "PARKING LOT-0.98AC", "LOCAPROP": "MERCHANTS ROW    PARKING LOT", "CAT": "Commercial", "RESCODE": "C", "ACRESGL": 0.98, "REAL_FLV": 294600, "HSTED_FLV": 0, "NRES_FLV": 294600, "LAND_LV": 294600, "IMPRV_LV": 0, "EQUIPVAL": 0, "EQUIPCODE": "", "INVENVAL": 0, "HSDECL": "N", "HSITEVAL": 0, "VETEXAMT": 0, "EXPDESC": "Statutory", "ENDDATE": "", "STATUTE": "", "EXAMT_HS": 0, "EXAMT_NR": 0, "UVREDUC_HS": 0, "UVREDUC_NR": 0, "GLVAL_HS": 0.0, "GLVAL_NR": 0.0, "CRHOUSPCT": 0.0, "MUNGL1PCT": 0.0, "AOEGL_HS": 0.0, "AOEGL_NR": 0.0, "E911ADDR": "MERCHANTS ROW", "SHAPE_Length": 0.0038151181747918066, "SHAPE_Area": 4.3299561410914845e-07}, "geometry": {"type": "MultiPolygon", "coordinates": [[[[-72.50320248599996, 44.19797412200006], [-72.50304550299995, 44.197908667000036], [-72.50303289499993, 44.19790352900003], [-72.50290036599995, 44.19784250200007], [-72.50285188799995, 44.19781972200008], [-72.50282334799994, 44.19779947200004], [-72.50277526299993, 44.19777444300007], [-72.50275024199993, 44.19775264700007], [-72.50272091999994, 44.19773071000003], [-72.50268768999996, 44.19769794600006], [-72.50265563199997, 44.19766911900007], [-72.50263608399996, 44.19764999500006], [-72.50262200999998, 44.19763157300008], [-72.50258838599996, 44.19756182400005], [-72.50255789099998, 44.197502341000074], [-72.50245623999996, 44.197320939000065], [-72.50240658699994, 44.19722053400005], [-72.50220367999998, 44.19683621400003], [-72.50220172399997, 44.19682876100006], [-72.50214139199994, 44.196584750000056], [-72.50244986899997, 44.19655565100004], [-72.50246011999997, 44.196615148000035], [-72.50246051099998, 44.196616273000075], [-72.50247221899997, 44.19664951800007], [-72.50252736799996, 44.19680611300004], [-72.50253870599994, 44.19684295700006], [-72.50254926299993, 44.196870800000056], [-72.50256138199995, 44.196900190000065], [-72.50257272099998, 44.19692339300008], [-72.50259813299994, 44.19697092300004], [-72.50271698499995, 44.19717609000003], [-72.50282293699996, 44.197366773000056], [-72.50299236499995, 44.19766175900003], [-72.50300942799998, 44.19769146900006], [-72.50302650399993, 44.19771428100006], [-72.50314079199995, 44.19786696400007], [-72.50321116599997, 44.197964555000055], [-72.50321193299999, 44.19796561800007], [-72.50321203399994, 44.19796558200005], [-72.50322750699996, 44.19798455500006], [-72.50320248599996, 44.19797412200006]]]]}}, {"type": "Feature", "properties": {"OBJECTID": 5331, "SPAN": "036-011-11056", "GLIST_SPAN": "036-011-11056", "MAPID": "0695-0004.0000", "PARCID": "0695-0004-0000", "PROPTYPE": "PARCEL", "YEAR": 2023, "GLYEAR": 2022, "TOWN": "BARRE CITY", "TNAME": "Barre City", "SOURCENAME": null, "SOURCETYPE": "UNKNOWN", "SOURCEDATE": "UNKNOWN", "EDITMETHOD": "UNKNOWN", "EDITOR": "UNKNOWN", "EDITDATE": "UNKNOWN", "MATCHSTAT": "MATCH", "EDITNOTE": "UNKNOWN", "OWNER1": "DURANLEAU NANCY T", "OWNER2": "", "ADDRGL1": "4 GRANT AVE", "ADDRGL2": "", "CITYGL": "BARRE", "STGL": "VT", "ZIPGL": "05641", "DESCPROP": "1 FAM-0.07AC", "LOCAPROP": "GRANT AVE   4", "CAT": "Residential-1", "RESCODE": "T", "ACRESGL": 0.07, "REAL_FLV": 98560, "HSTED_FLV": 98560, "NRES_FLV": 0, "LAND_LV": 7000, "IMPRV_LV": 91560, "EQUIPVAL": 0, "EQUIPCODE": "", "INVENVAL": 0, "HSDECL": "Y", "HSITEVAL": 98560, "VETEXAMT": 0, "EXPDESC": "", "ENDDATE": "", "STATUTE": "", "EXAMT_HS": 0, "EXAMT_NR": 0, "UVREDUC_HS": 0, "UVREDUC_NR": 0, "GLVAL_HS": 986.0, "GLVAL_NR": 0.0, "CRHOUSPCT": 0.0, "MUNGL1PCT": 985.6, "AOEGL_HS": 986.0, "AOEGL_NR": 0.0, "E911ADDR": "4 GRANT AVE", "SHAPE_Length": 0.0007629755767374952, "SHAPE_Area": 3.3136747928540515e-08}, "geometry": {"type": "MultiPolygon", "coordinates": [[[[-72.50774507499995, 44.19661055200004], [-72.50774898399999, 44.19660478700007], [-72.50797963999997, 44.196670020000056], [-72.50798511299996, 44.19667156700007], [-72.50792101699994, 44.19679278900003], [-72.50791476199998, 44.196791664000045], [-72.50774235699998, 44.196745692000036], [-72.50768879799995, 44.19673135200003], [-72.50774507499995, 44.19661055200004]]]]}}, {"type": "Feature", "properties": {"OBJECTID": 5406, "SPAN": "036-011-10728", "GLIST_SPAN": "036-011-10728", "MAPID": "1230-VL00.0012", "PARCID": "1230-VL00-0012", "PROPTYPE": "PARCEL", "YEAR": 2023, "GLYEAR": 2022, "TOWN": "BARRE CITY", "TNAME": "Barre City", "SOURCENAME": null, "SOURCETYPE": "UNKNOWN", "SOURCEDATE": "UNKNOWN", "EDITMETHOD": "UNKNOWN", "EDITOR": "UNKNOWN", "EDITDATE": "UNKNOWN", "MATCHSTAT": "MATCH", "EDITNOTE": "UNKNOWN", "OWNER1": "CITY OF BARRE", "OWNER2": "", "ADDRGL1": "6 N MAIN ST", "ADDRGL2": "", "CITYGL": "BARRE", "STGL": "VT", "ZIPGL": "05641-4115", "DESCPROP": "VAC LAND-0.51AC", "LOCAPROP": "PROSPECT ST   (SM PCE OF RR ROW)", "CAT": "Miscellaneous", "RESCODE": "C", "ACRESGL": 0.51, "REAL_FLV": 12310, "HSTED_FLV": 0, "NRES_FLV": 12310, "LAND_LV": 12310, "IMPRV_LV": 0, "EQUIPVAL": 0, "EQUIPCODE": "", "INVENVAL": 0, "HSDECL": "N", "HSITEVAL": 0, "VETEXAMT": 0, "EXPDESC": "Statutory", "ENDDATE": "", "STATUTE": "", "EXAMT_HS": 0, "EXAMT_NR": 0, "UVREDUC_HS": 0, "UVREDUC_NR": 0, "GLVAL_HS": 0.0, "GLVAL_NR": 0.0, "CRHOUSPCT": 0.0, "MUNGL1PCT": 0.0, "AOEGL_HS": 0.0, "AOEGL_NR": 0.0, "E911ADDR": "PROSPECT ST", "SHAPE_Length": 0.002766568031731126, "SHAPE_Area": 2.530564959942952e-07}, "geometry": {"type": "MultiPolygon", "coordinates": [[[[-72.50535594099995, 44.19468948800005], [-72.50551268899994, 44.19460524600004], [-72.50552207099997, 44.194606933000046], [-72.50555530099996, 44.19461551000006], [-72.50562644899998, 44.194631678000064], [-72.50573395199996, 44.19465473500003], [-72.50584849299997, 44.194675964000055], [-72.50594231399998, 44.194694662000074], [-72.50605763599998, 44.19471546800003], [-72.50615184899993, 44.19473008800003], [-72.50632111699997, 44.19475018800006], [-72.50645911199996, 44.194763118000026], [-72.50643449599994, 44.19487716400005], [-72.50642863599995, 44.194909368000026], [-72.50641769499998, 44.194951134000064], [-72.50641261599998, 44.194982493000055], [-72.50641105299997, 44.194988962000025], [-72.50638368899996, 44.19498910400006], [-72.50630276899994, 44.194979827000054], [-72.50621207499995, 44.19496984800003], [-72.50612294399997, 44.19495663400005], [-72.50602521299999, 44.19494018600005], [-72.50591301799994, 44.19492317700008], [-72.50580590499999, 44.19490532300006], [-72.50572263899994, 44.19488971800007], [-72.50568276499996, 44.194882267000025], [-72.50556196799994, 44.19485639800007], [-72.50544156399997, 44.19483081000004], [-72.50539347999995, 44.19481703100007], [-72.50535438799994, 44.19480578300005], [-72.50521482699997, 44.19477161900005], [-72.50520583599996, 44.19477007200004], [-72.50529144199999, 44.19472394300004], [-72.50535594099995, 44.19468948800005]]]]}}, {"type": "Feature", "properties": {"OBJECTID": 5547, "SPAN": "036-011-10765", "GLIST_SPAN": "036-011-10765", "MAPID": "1230-0051.0000", "PARCID": "1230-0051-0000", "PROPTYPE": "PARCEL", "YEAR": 2023, "GLYEAR": 2022, "TOWN": "BARRE CITY", "TNAME": "Barre City", "SOURCENAME": null, "SOURCETYPE": "UNKNOWN", "SOURCEDATE": "UNKNOWN", "EDITMETHOD": "UNKNOWN", "EDITOR": "UNKNOWN", "EDITDATE": "UNKNOWN", "MATCHSTAT": "MATCH", "EDITNOTE": "UNKNOWN", "OWNER1": "51 PROSPECT LLC", "OWNER2": "", "ADDRGL1": "254 INDUSTRIAL LANE", "ADDRGL2": "", "CITYGL": "BARRE", "STGL": "VT", "ZIPGL": "05641", "DESCPROP": "PARKING LOT-0.79AC", "LOCAPROP": "PROSPECT ST  51", "CAT": "Commercial", "RESCODE": "C", "ACRESGL": 0.79, "REAL_FLV": 83400, "HSTED_FLV": 0, "NRES_FLV": 83400, "LAND_LV": 83400, "IMPRV_LV": 0, "EQUIPVAL": 0, "EQUIPCODE": "", "INVENVAL": 0, "HSDECL": "N", "HSITEVAL": 83400, "VETEXAMT": 0, "EXPDESC": "", "ENDDATE": "", "STATUTE": "", "EXAMT_HS": 0, "EXAMT_NR": 0, "UVREDUC_HS": 0, "UVREDUC_NR": 0, "GLVAL_HS": 0.0, "GLVAL_NR": 834.0, "CRHOUSPCT": 0.0, "MUNGL1PCT": 834.0, "AOEGL_HS": 0.0, "AOEGL_NR": 834.0, "E911ADDR": "51 PROSPECT ST", "SHAPE_Length": 0.0015763462055960616, "SHAPE_Area": 1.3598884101952318e-07}, "geometry": {"type": "MultiPolygon", "coordinates": [[[[-72.50267879899997, 44.19674314800005], [-72.50263604599996, 44.19655186800003], [-72.50269592299998, 44.196563823000076], [-72.50275411799998, 44.19657949800006], [-72.50281018299995, 44.19659877500004], [-72.50288446699994, 44.196620781000036], [-72.50296060199997, 44.196639223000034], [-72.50303825899994, 44.19665402100003], [-72.50318600099996, 44.19667448200005], [-72.50318646799997, 44.19667517700003], [-72.50322048099997, 44.196726081000065], [-72.50322465699998, 44.19673058700005], [-72.50322070099998, 44.196734339000045], [-72.50298844699995, 44.19695463900007], [-72.50295398799994, 44.19698732400008], [-72.50282879199995, 44.19692138000005], [-72.50267879899997, 44.19674314800005]]]]}}, {"type": "Feature", "properties": {"OBJECTID": 5666, "SPAN": "036-011-10808", "GLIST_SPAN": "036-011-10808", "MAPID": "0225-0041.0000", "PARCID": "0225-0041-0000", "PROPTYPE": "PARCEL", "YEAR": 2023, "GLYEAR": 2022, "TOWN": "BARRE CITY", "TNAME": "Barre City", "SOURCENAME": null, "SOURCETYPE": "UNKNOWN", "SOURCEDATE": "UNKNOWN", "EDITMETHOD": "UNKNOWN", "EDITOR": "UNKNOWN", "EDITDATE": "UNKNOWN", "MATCHSTAT": "MATCH", "EDITNOTE": "UNKNOWN", "OWNER1": "CREATING HOMES LLC", "OWNER2": "", "ADDRGL1": "71 LOWER SUNNYBROOK RD", "ADDRGL2": "", "CITYGL": "MIDDLESEX", "STGL": "VT", "ZIPGL": "05602", "DESCPROP": "1 FAM-0.06AC", "LOCAPROP": "BRANCH ST  41", "CAT": "Residential-1", "RESCODE": "S", "ACRESGL": 0.06, "REAL_FLV": 67690, "HSTED_FLV": 0, "NRES_FLV": 67690, "LAND_LV": 5670, "IMPRV_LV": 62020, "EQUIPVAL": 0, "EQUIPCODE": "", "INVENVAL": 0, "HSDECL": "N", "HSITEVAL": 0, "VETEXAMT": 0, "EXPDESC": "", "ENDDATE": "", "STATUTE": "", "EXAMT_HS": 0, "EXAMT_NR": 0, "UVREDUC_HS": 0, "UVREDUC_NR": 0, "GLVAL_HS": 0.0, "GLVAL_NR": 676.9, "CRHOUSPCT": 0.0, "MUNGL1PCT": 676.9, "AOEGL_HS": 0.0, "AOEGL_NR": 676.9, "E911ADDR": "41 BRANCH ST", "SHAPE_Length": 0.0006819945996838528, "SHAPE_Area": 2.6579384278289485e-08}, "geometry": {"type": "MultiPolygon", "coordinates": [[[[-72.50288535099997, 44.19458368700003], [-72.50289121399999, 44.194582843000035], [-72.50293382999996, 44.19470124700007], [-72.50292874799999, 44.19470307600005], [-72.50273720099995, 44.194736971000054], [-72.50273172799996, 44.19473992400003], [-72.50267543099994, 44.19462208300007], [-72.50267660399999, 44.19462137900007], [-72.50288535099997, 44.19458368700003]]]]}}, {"type": "Feature", "properties": {"OBJECTID": 5669, "SPAN": "036-011-11181", "GLIST_SPAN": "036-011-11181", "MAPID": "0225-0039.0000", "PARCID": "0225-0039-0000", "PROPTYPE": "PARCEL", "YEAR": 2023, "GLYEAR": 2022, "TOWN": "BARRE CITY", "TNAME": "Barre City", "SOURCENAME": null, "SOURCETYPE": "UNKNOWN", "SOURCEDATE": "UNKNOWN", "EDITMETHOD": "UNKNOWN", "EDITOR": "UNKNOWN", "EDITDATE": "UNKNOWN", "MATCHSTAT": "MATCH", "EDITNOTE": "UNKNOWN", "OWNER1": "FLOOD VIRGINIA", "OWNER2": "", "ADDRGL1": "39 BRANCH ST", "ADDRGL2": "", "CITYGL": "BARRE", "STGL": "VT", "ZIPGL": "05641", "DESCPROP": "1 FAM-0.05AC", "LOCAPROP": "BRANCH ST  39", "CAT": "Residential-1", "RESCODE": "T", "ACRESGL": 0.05, "REAL_FLV": 82400, "HSTED_FLV": 82400, "NRES_FLV": 0, "LAND_LV": 4500, "IMPRV_LV": 77900, "EQUIPVAL": 0, "EQUIPCODE": "", "INVENVAL": 0, "HSDECL": "Y", "HSITEVAL": 82400, "VETEXAMT": 0, "EXPDESC": "", "ENDDATE": "", "STATUTE": "", "EXAMT_HS": 0, "EXAMT_NR": 0, "UVREDUC_HS": 0, "UVREDUC_NR": 0, "GLVAL_HS": 824.0, "GLVAL_NR": 0.0, "CRHOUSPCT": 0.0, "MUNGL1PCT": 824.0, "AOEGL_HS": 824.0, "AOEGL_NR": 0.0, "E911ADDR": "39 BRANCH ST", "SHAPE_Length": 0.0006648257474384499, "SHAPE_Area": 2.6543628880357887e-08}, "geometry": {"type": "MultiPolygon", "coordinates": [[[[-72.50292874799999, 44.19470307600005], [-72.50293382999996, 44.19470124700007], [-72.50298348299998, 44.19483891600004], [-72.50291468199998, 44.19485593300004], [-72.50287676399995, 44.19486521600004], [-72.50287441899997, 44.19486634100008], [-72.50276339599998, 44.19480643800006], [-72.50273172799996, 44.19473992400003], [-72.50273720099995, 44.194736971000054], [-72.50292874799999, 44.19470307600005]]]]}}, {"type": "Feature", "properties": {"OBJECTID": 5696, "SPAN": "036-011-11207", "GLIST_SPAN": "036-011-11207", "MAPID": "1230-0070.0000", "PARCID": "1230-0070-0000", "PROPTYPE": "PARCEL", "YEAR": 2023, "GLYEAR": 2022, "TOWN": "BARRE CITY", "TNAME": "Barre City", "SOURCENAME": null, "SOURCETYPE": "UNKNOWN", "SOURCEDATE": "UNKNOWN", "EDITMETHOD": "UNKNOWN", "EDITOR": "UNKNOWN", "EDITDATE": "UNKNOWN", "MATCHSTAT": "MATCH", "EDITNOTE": "UNKNOWN", "OWNER1": "FORD BARBARA", "OWNER2": "", "ADDRGL1": "70 PROSPECT ST", "ADDRGL2": "", "CITYGL": "BARRE", "STGL": "VT", "ZIPGL": "05641", "DESCPROP": "3 APTS-0.22AC", "LOCAPROP": "PROSPECT ST  70", "CAT": "Residential-1", "RESCODE": "T", "ACRESGL": 0.22, "REAL_FLV": 136700, "HSTED_FLV": 54000, "NRES_FLV": 82700, "LAND_LV": 12200, "IMPRV_LV": 124500, "EQUIPVAL": 0, "EQUIPCODE": "", "INVENVAL": 0, "HSDECL": "Y", "HSITEVAL": 54000, "VETEXAMT": 0, "EXPDESC": "", "ENDDATE": "", "STATUTE": "", "EXAMT_HS": 0, "EXAMT_NR": 0, "UVREDUC_HS": 0, "UVREDUC_NR": 0, "GLVAL_HS": 540.0, "GLVAL_NR": 827.0, "CRHOUSPCT": 0.0, "MUNGL1PCT": 1367.0, "AOEGL_HS": 540.0, "AOEGL_NR": 827.0, "E911ADDR": "70 PROSPECT ST", "SHAPE_Length": 0.0013771878546893544, "SHAPE_Area": 1.2392430551022751e-07}, "geometry": {"type": "MultiPolygon", "coordinates": [[[[-72.50339758199993, 44.196091135000074], [-72.50370613099994, 44.19607450500007], [-72.50370831999999, 44.196083557000065], [-72.50377518699997, 44.196382380000045], [-72.50377596999994, 44.19638772400003], [-72.50374078799996, 44.196423021000044], [-72.50371381599996, 44.196450725000034], [-72.50369153399998, 44.196466616000066], [-72.50367042499994, 44.19648419500004], [-72.50366026199998, 44.19649094500005], [-72.50363680699996, 44.19650079000007], [-72.50362038799994, 44.19650810300004], [-72.50360631499996, 44.196512744000074], [-72.50359067799997, 44.19651569700005], [-72.50357777699998, 44.19651724400006], [-72.50356683099994, 44.19651780700008], [-72.50355002199996, 44.19651766700008], [-72.50352851999997, 44.196512606000056], [-72.50351679199997, 44.19650810600007], [-72.50350467299995, 44.19650093400003], [-72.50349450899995, 44.196493341000064], [-72.50348825299994, 44.19648448200007], [-72.50348395199995, 44.19647787300005], [-72.50347925999995, 44.19646817000006], [-72.50340222699998, 44.196104941000044], [-72.50340183599997, 44.19610423800003], [-72.50339758199993, 44.196091135000074]]]]}}, {"type": "Feature", "properties": {"OBJECTID": 6037, "SPAN": "036-011-11306", "GLIST_SPAN": "036-011-11306", "MAPID": "1230-0074.0000", "PARCID": "1230-0074-0000", "PROPTYPE": "PARCEL", "YEAR": 2023, "GLYEAR": 2022, "TOWN": "BARRE CITY", "TNAME": "Barre City", "SOURCENAME": null, "SOURCETYPE": "UNKNOWN", "SOURCEDATE": "UNKNOWN", "EDITMETHOD": "UNKNOWN", "EDITOR": "UNKNOWN", "EDITDATE": "UNKNOWN", "MATCHSTAT": "MATCH", "EDITNOTE": "UNKNOWN", "OWNER1": "GAUTHIER WENDELL N JR", "OWNER2": "", "ADDRGL1": "74 PROSPECT ST", "ADDRGL2": "", "CITYGL": "BARRE", "STGL": "VT", "ZIPGL": "05641-4728", "DESCPROP": "1 FAM-0.13AC", "LOCAPROP": "PROSPECT ST  74", "CAT": "Residential-1", "RESCODE": "T", "ACRESGL": 0.13, "REAL_FLV": 67150, "HSTED_FLV": 67150, "NRES_FLV": 0, "LAND_LV": 7720, "IMPRV_LV": 59430, "EQUIPVAL": 0, "EQUIPCODE": "", "INVENVAL": 0, "HSDECL": "Y", "HSITEVAL": 67150, "VETEXAMT": 0, "EXPDESC": "", "ENDDATE": "", "STATUTE": "", "EXAMT_HS": 0, "EXAMT_NR": 0, "UVREDUC_HS": 0, "UVREDUC_NR": 0, "GLVAL_HS": 672.0, "GLVAL_NR": 0.0, "CRHOUSPCT": 0.0, "MUNGL1PCT": 671.5, "AOEGL_HS": 672.0, "AOEGL_NR": 0.0, "E911ADDR": "74 PROSPECT ST", "SHAPE_Length": 0.000885665573859182, "SHAPE_Area": 4.287436792508164e-08}, "geometry": {"type": "MultiPolygon", "coordinates": [[[[-72.50370613099994, 44.19607450500007], [-72.50389440299995, 44.19606435700007], [-72.50391049899997, 44.196239941000044], [-72.50379824999999, 44.19636508200006], [-72.50377596999994, 44.19638772400003], [-72.50377518699997, 44.196382380000045], [-72.50370831999999, 44.196083557000065], [-72.50370613099994, 44.19607450500007]]]]}}, {"type": "Feature", "properties": {"OBJECTID": 6106, "SPAN": "C-21020-6", "GLIST_SPAN": "036-011-11376", "MAPID": null, "PARCID": "1230-0028-0000", "PROPTYPE": "PARCEL", "YEAR": 2023, "GLYEAR": 2022, "TOWN": "BARRE CITY", "TNAME": "Barre City", "SOURCENAME": null, "SOURCETYPE": "UNKNOWN", "SOURCEDATE": "UNKNOWN", "EDITMETHOD": "UNKNOWN", "EDITOR": "UNKNOWN", "EDITDATE": "UNKNOWN", "MATCHSTAT": "MATCH", "EDITNOTE": "UNKNOWN", "OWNER1": "GOSSELIN GARY J & JEAN G", "OWNER2": "", "ADDRGL1": "2159 LOWERY RD", "ADDRGL2": "", "CITYGL": "BARRE", "STGL": "VT", "ZIPGL": "05641-9179", "DESCPROP": "BAR/ROOMS-0.39AC", "LOCAPROP": "PROSPECT ST  28", "CAT": "Commercial", "RESCODE": "S", "ACRESGL": 0.39, "REAL_FLV": 290400, "HSTED_FLV": 0, "NRES_FLV": 290400, "LAND_LV": 59400, "IMPRV_LV": 231000, "EQUIPVAL": 0, "EQUIPCODE": "", "INVENVAL": 0, "HSDECL": "N", "HSITEVAL": 0, "VETEXAMT": 0, "EXPDESC": "", "ENDDATE": "", "STATUTE": "", "EXAMT_HS": 0, "EXAMT_NR": 0, "UVREDUC_HS": 0, "UVREDUC_NR": 0, "GLVAL_HS": 0.0, "GLVAL_NR": 2904.0, "CRHOUSPCT": 0.0, "MUNGL1PCT": 2904.0, "AOEGL_HS": 0.0, "AOEGL_NR": 2904.0, "E911ADDR": "28 PROSPECT ST", "SHAPE_Length": 0.002409860638134221, "SHAPE_Area": 2.0698933710362144e-07}, "geometry": {"type": "MultiPolygon", "coordinates": [[[[-72.50231466099996, 44.19575734600005], [-72.50233811699997, 44.19575453300007], [-72.50237056399999, 44.195801782000046], [-72.50241747699994, 44.19584959300005], [-72.50246360799997, 44.19589782600008], [-72.50251052099998, 44.195941840000046], [-72.50255586999998, 44.19598022900004], [-72.50260903699996, 44.19602551000003], [-72.50271419999996, 44.19610467800004], [-72.50279004199996, 44.196169644000065], [-72.50284203699994, 44.196215908000056], [-72.50288621399994, 44.196255001000054], [-72.50290927899994, 44.196277500000065], [-72.50293156399994, 44.19630309300004], [-72.50294915599994, 44.196323764000056], [-72.50296207599996, 44.19634082700003], [-72.50301143499996, 44.196408864000034], [-72.50301209999998, 44.19640968400006], [-72.50303868499998, 44.19643794800004], [-72.50307465199995, 44.19648618100007], [-72.50308872699998, 44.19650544600006], [-72.50309107299995, 44.196508821000066], [-72.50298695399994, 44.196506957000054], [-72.50292330499997, 44.19650041700004], [-72.50280812999995, 44.196474253000076], [-72.50269598399996, 44.19644808900006], [-72.50261717999996, 44.19643064600007], [-72.50252226799995, 44.19639422700004], [-72.50249529099995, 44.19630943100003], [-72.50239793899993, 44.19603620200007], [-72.50236705299994, 44.195959843000026], [-72.50234007599994, 44.19589853200006], [-72.50231231899994, 44.19584073600004], [-72.50228260699998, 44.195783222000045], [-72.50226775099998, 44.19576100300003], [-72.50231466099996, 44.19575734600005]]]]}}, {"type": "Feature", "properties": {"OBJECTID": 6201, "SPAN": "036-011-11474", "GLIST_SPAN": "036-011-11474", "MAPID": "0260-0020.0000", "PARCID": "0260-0020-0000", "PROPTYPE": "PARCEL", "YEAR": 2023, "GLYEAR": 2022, "TOWN": "BARRE CITY", "TNAME": "Barre City", "SOURCENAME": null, "SOURCETYPE": "UNKNOWN", "SOURCEDATE": "UNKNOWN", "EDITMETHOD": "UNKNOWN", "EDITOR": "UNKNOWN", "EDITDATE": "UNKNOWN", "MATCHSTAT": "MATCH", "EDITNOTE": "UNKNOWN", "OWNER1": "CAPITAL CANDY COMPANY INC", "OWNER2": "", "ADDRGL1": "PO BOX 767", "ADDRGL2": "", "CITYGL": "BARRE", "STGL": "VT", "ZIPGL": "05641-0767", "DESCPROP": "COMMERCIAL GENERAL-0.5499AC", "LOCAPROP": "BURNHAM ST  20", "CAT": "Commercial", "RESCODE": "C", "ACRESGL": 0.55, "REAL_FLV": 121800, "HSTED_FLV": 0, "NRES_FLV": 121800, "LAND_LV": 24100, "IMPRV_LV": 97700, "EQUIPVAL": 0, "EQUIPCODE": "", "INVENVAL": 0, "HSDECL": "N", "HSITEVAL": 0, "VETEXAMT": 0, "EXPDESC": "", "ENDDATE": "", "STATUTE": "", "EXAMT_HS": 0, "EXAMT_NR": 0, "UVREDUC_HS": 0, "UVREDUC_NR": 0, "GLVAL_HS": 0.0, "GLVAL_NR": 1218.0, "CRHOUSPCT": 0.0, "MUNGL1PCT": 1218.0, "AOEGL_HS": 0.0, "AOEGL_NR": 1218.0, "E911ADDR": "20 BURNHAM ST", "SHAPE_Length": 0.003004433884426762, "SHAPE_Area": 2.3318031823091944e-07}, "geometry": {"type": "MultiPolygon", "coordinates": [[[[-72.50519236299994, 44.197157161000064], [-72.50510831299994, 44.197148868000056], [-72.50510713999995, 44.197148868000056], [-72.50505123699998, 44.19714619900003], [-72.50502621699997, 44.19714423100004], [-72.50501370699999, 44.197143950000054], [-72.50501331599997, 44.197143107000045], [-72.50499337899998, 44.19714240400003], [-72.50500041199996, 44.19710767000004], [-72.50499923899997, 44.197104436000075], [-72.50500432099994, 44.197104154000044], [-72.50517789199995, 44.19707616300008], [-72.50516772099996, 44.19698953900007], [-72.50517592999995, 44.196988272000056], [-72.50554105299994, 44.19692933400006], [-72.50554066299998, 44.196927928000036], [-72.50550898299997, 44.19677690000003], [-72.50553595699995, 44.19677127400007], [-72.50554064799996, 44.19677028900003], [-72.50553673799999, 44.19676733600005], [-72.50555900899997, 44.19664471100003], [-72.50555509899993, 44.19663472700006], [-72.50550739499994, 44.19651576100006], [-72.50559887099996, 44.19650900700003], [-72.50560199799997, 44.196508866000045], [-72.50560238999998, 44.19651027300006], [-72.50563914799994, 44.19662052000007], [-72.50571696399999, 44.196852826000054], [-72.50573143299994, 44.19689599700007], [-72.50573182399995, 44.19689712200005], [-72.50576232499998, 44.196981073000075], [-72.50576427999994, 44.19698346300004], [-72.50595624899995, 44.197211967000044], [-72.50583545199999, 44.19721563000007], [-72.50570878999997, 44.19721240200005], [-72.50556727199995, 44.19720439300005], [-72.50543474399996, 44.197192587000075], [-72.50532840899996, 44.197176701000046], [-72.50526585899996, 44.197163626000076], [-72.50519236299994, 44.197157161000064]]]]}}, {"type": "Feature", "properties": {"OBJECTID": 6246, "SPAN": "036-011-11519", "GLIST_SPAN": "036-011-11519", "MAPID": "0375-0007.0000", "PARCID": "0375-0007-0000", "PROPTYPE": "PARCEL", "YEAR": 2023, "GLYEAR": 2022, "TOWN": "BARRE CITY", "TNAME": "Barre City", "SOURCENAME": null, "SOURCETYPE": "UNKNOWN", "SOURCEDATE": "UNKNOWN", "EDITMETHOD": "UNKNOWN", "EDITOR": "UNKNOWN", "EDITDATE": "UNKNOWN", "MATCHSTAT": "MATCH", "EDITNOTE": "UNKNOWN", "OWNER1": "GAMBLER MICHAEL", "OWNER2": "", "ADDRGL1": "7 CLEVELAND AVE", "ADDRGL2": "", "CITYGL": "BARRE", "STGL": "VT", "ZIPGL": "05641", "DESCPROP": "1 FAM-0.38AC", "LOCAPROP": "CLEVELAND AVE   7", "CAT": "Residential-1", "RESCODE": "T", "ACRESGL": 0.38, "REAL_FLV": 91920, "HSTED_FLV": 91920, "NRES_FLV": 0, "LAND_LV": 21050, "IMPRV_LV": 70870, "EQUIPVAL": 0, "EQUIPCODE": "", "INVENVAL": 0, "HSDECL": "Y", "HSITEVAL": 91920, "VETEXAMT": 0, "EXPDESC": "", "ENDDATE": "", "STATUTE": "", "EXAMT_HS": 0, "EXAMT_NR": 0, "UVREDUC_HS": 0, "UVREDUC_NR": 0, "GLVAL_HS": 919.0, "GLVAL_NR": 0.0, "CRHOUSPCT": 0.0, "MUNGL1PCT": 919.2, "AOEGL_HS": 919.0, "AOEGL_NR": 0.0, "E911ADDR": "7 CLEVELAND AVE", "SHAPE_Length": 0.0020699059269411904, "SHAPE_Area": 2.66210187255583e-07}, "geometry": {"type": "MultiPolygon", "coordinates": [[[[-72.50750102899997, 44.195186525000054], [-72.50750141699996, 44.195185812000034], [-72.50763035299997, 44.19523610400006], [-72.50773630099997, 44.19528953200006], [-72.50783443099994, 44.19533466300004], [-72.50789190199998, 44.19536770800005], [-72.50800449399998, 44.19543028000004], [-72.50800775599998, 44.19543192100008], [-72.50800839599998, 44.19543224800003], [-72.50794860499997, 44.195544469000026], [-72.50781299099998, 44.19579858700007], [-72.50726343299993, 44.195648790000064], [-72.50738092199998, 44.19542021400008], [-72.50744886599995, 44.195288008000034], [-72.50750064999994, 44.19518724400007], [-72.50750102899997, 44.195186525000054]]]]}}, {"type": "Feature", "properties": {"OBJECTID": 6247, "SPAN": "036-011-11522", "GLIST_SPAN": "036-011-11522", "MAPID": "0245-0021.0000", "PARCID": "0245-0021-0000", "PROPTYPE": "PARCEL", "YEAR": 2023, "GLYEAR": 2022, "TOWN": "BARRE CITY", "TNAME": "Barre City", "SOURCENAME": null, "SOURCETYPE": "UNKNOWN", "SOURCEDATE": "UNKNOWN", "EDITMETHOD": "UNKNOWN", "EDITOR": "UNKNOWN", "EDITDATE": "UNKNOWN", "MATCHSTAT": "MATCH", "EDITNOTE": "UNKNOWN", "OWNER1": "HEITMANN II RICHARD H II", "OWNER2": "", "ADDRGL1": "21 BROOKLYN ST", "ADDRGL2": "", "CITYGL": "BARRE", "STGL": "VT", "ZIPGL": "05641", "DESCPROP": "1 FAM-0.22AC", "LOCAPROP": "BROOKLYN ST  21", "CAT": "Residential-1", "RESCODE": "T", "ACRESGL": 0.22, "REAL_FLV": 84700, "HSTED_FLV": 84700, "NRES_FLV": 0, "LAND_LV": 13500, "IMPRV_LV": 71200, "EQUIPVAL": 0, "EQUIPCODE": "", "INVENVAL": 0, "HSDECL": "Y", "HSITEVAL": 84700, "VETEXAMT": 0, "EXPDESC": "", "ENDDATE": "", "STATUTE": "", "EXAMT_HS": 0, "EXAMT_NR": 0, "UVREDUC_HS": 0, "UVREDUC_NR": 0, "GLVAL_HS": 847.0, "GLVAL_NR": 0.0, "CRHOUSPCT": 0.0, "MUNGL1PCT": 847.0, "AOEGL_HS": 847.0, "AOEGL_NR": 0.0, "E911ADDR": "21 BROOKLYN ST", "SHAPE_Length": 0.001351761573320165, "SHAPE_Area": 1.073095702374683e-07}, "geometry": {"type": "MultiPolygon", "coordinates": [[[[-72.50244715599996, 44.19510034900003], [-72.50288771799995, 44.19502510500007], [-72.50288849999998, 44.195026933000065], [-72.50295965599997, 44.19521522600007], [-72.50258633499993, 44.19536190600007], [-72.50249837299998, 44.19524955000003], [-72.50244715599996, 44.19510034900003]]]]}}, {"type": "Feature", "properties": {"OBJECTID": 6335, "SPAN": "036-011-11615", "GLIST_SPAN": "036-011-11615", "MAPID": "0375-0010.0000", "PARCID": "0375-0010-0000", "PROPTYPE": "PARCEL", "YEAR": 2023, "GLYEAR": 2022, "TOWN": "BARRE CITY", "TNAME": "Barre City", "SOURCENAME": null, "SOURCETYPE": "UNKNOWN", "SOURCEDATE": "UNKNOWN", "EDITMETHOD": "UNKNOWN", "EDITOR": "UNKNOWN", "EDITDATE": "UNKNOWN", "MATCHSTAT": "MATCH", "EDITNOTE": "UNKNOWN", "OWNER1": "HUTCHINS MARK & SUZANNE", "OWNER2": "", "ADDRGL1": "10 CLEVELAND AVE", "ADDRGL2": "", "CITYGL": "BARRE", "STGL": "VT", "ZIPGL": "05641", "DESCPROP": "1 FAM-0.20AC", "LOCAPROP": "CLEVELAND AVE  10", "CAT": "Residential-1", "RESCODE": "T", "ACRESGL": 0.2, "REAL_FLV": 157000, "HSTED_FLV": 157000, "NRES_FLV": 0, "LAND_LV": 15900, "IMPRV_LV": 141100, "EQUIPVAL": 0, "EQUIPCODE": "", "INVENVAL": 0, "HSDECL": "Y", "HSITEVAL": 157000, "VETEXAMT": 0, "EXPDESC": "", "ENDDATE": "", "STATUTE": "", "EXAMT_HS": 0, "EXAMT_NR": 0, "UVREDUC_HS": 0, "UVREDUC_NR": 0, "GLVAL_HS": 1570.0, "GLVAL_NR": 0.0, "CRHOUSPCT": 0.0, "MUNGL1PCT": 1570.0, "AOEGL_HS": 1570.0, "AOEGL_NR": 0.0, "E911ADDR": "10 CLEVELAND AVE", "SHAPE_Length": 0.0012384831228642017, "SHAPE_Area": 9.51979629933609e-08}, "geometry": {"type": "MultiPolygon", "coordinates": [[[[-72.50711044299999, 44.195754882000074], [-72.50711049699999, 44.195754617000034], [-72.50718907399994, 44.19577570600006], [-72.50741777199994, 44.19583728400005], [-72.50741713899998, 44.19583830900007], [-72.50741620899998, 44.195839816000046], [-72.50728332699998, 44.19610250900007], [-72.50728215399994, 44.196105181000064], [-72.50704720299996, 44.19604880500003], [-72.50697135899998, 44.196015060000036], [-72.50697253099997, 44.19601281000007], [-72.50711010599997, 44.19575658600007], [-72.50711044299999, 44.195754882000074]]]]}}, {"type": "Feature", "properties": {"OBJECTID": 6389, "SPAN": "036-011-11670", "GLIST_SPAN": "036-011-11670", "MAPID": "0365-0012.0000", "PARCID": "0365-0012-0000", "PROPTYPE": "PARCEL", "YEAR": 2023, "GLYEAR": 2022, "TOWN": "BARRE CITY", "TNAME": "Barre City", "SOURCENAME": null, "SOURCETYPE": "UNKNOWN", "SOURCEDATE": "UNKNOWN", "EDITMETHOD": "UNKNOWN", "EDITOR": "UNKNOWN", "EDITDATE": "UNKNOWN", "MATCHSTAT": "MATCH", "EDITNOTE": "UNKNOWN", "OWNER1": "BARDEN EDWIN MICHAEL", "OWNER2": "", "ADDRGL1": "12 CLARK ST", "ADDRGL2": "", "CITYGL": "BARRE", "STGL": "VT", "ZIPGL": "05641", "DESCPROP": "2 APTS-0.15AC", "LOCAPROP": "CLARK ST  12", "CAT": "Residential-1", "RESCODE": "T", "ACRESGL": 0.15, "REAL_FLV": 132400, "HSTED_FLV": 73400, "NRES_FLV": 59000, "LAND_LV": 12400, "IMPRV_LV": 120000, "EQUIPVAL": 0, "EQUIPCODE": "", "INVENVAL": 0, "HSDECL": "Y", "HSITEVAL": 73400, "VETEXAMT": 0, "EXPDESC": "", "ENDDATE": "", "STATUTE": "", "EXAMT_HS": 0, "EXAMT_NR": 0, "UVREDUC_HS": 0, "UVREDUC_NR": 0, "GLVAL_HS": 734.0, "GLVAL_NR": 590.0, "CRHOUSPCT": 0.0, "MUNGL1PCT": 1324.0, "AOEGL_HS": 734.0, "AOEGL_NR": 590.0, "E911ADDR": "12 CLARK ST", "SHAPE_Length": 0.0010885875684056858, "SHAPE_Area": 6.999194438574835e-08}, "geometry": {"type": "MultiPolygon", "coordinates": [[[[-72.50498071399994, 44.19530417100003], [-72.50522150799998, 44.195170990000065], [-72.50542128399996, 44.19535097900007], [-72.50518205299994, 44.19548472300005], [-72.50509878099996, 44.19540977400004], [-72.50509643499998, 44.195407524000075], [-72.50502254499997, 44.195341435000046], [-72.50498071399994, 44.19530417100003]]]]}}, {"type": "Feature", "properties": {"OBJECTID": 6427, "SPAN": "036-011-11705", "GLIST_SPAN": "036-011-11705", "MAPID": "0225-0035.0000", "PARCID": "0225-0035-0000", "PROPTYPE": "PARCEL", "YEAR": 2023, "GLYEAR": 2022, "TOWN": "BARRE CITY", "TNAME": "Barre City", "SOURCENAME": null, "SOURCETYPE": "UNKNOWN", "SOURCEDATE": "UNKNOWN", "EDITMETHOD": "UNKNOWN", "EDITOR": "UNKNOWN", "EDITDATE": "UNKNOWN", "MATCHSTAT": "MATCH", "EDITNOTE": "UNKNOWN", "OWNER1": "KELLEY SUSAN ILENE", "OWNER2": "", "ADDRGL1": "35 BRANCH ST APT 1", "ADDRGL2": "", "CITYGL": "BARRE", "STGL": "VT", "ZIPGL": "05641", "DESCPROP": "3 APTS-0.10AC", "LOCAPROP": "BRANCH ST  35", "CAT": "Residential-1", "RESCODE": "T", "ACRESGL": 0.1, "REAL_FLV": 130500, "HSTED_FLV": 130500, "NRES_FLV": 0, "LAND_LV": 7300, "IMPRV_LV": 123200, "EQUIPVAL": 0, "EQUIPCODE": "", "INVENVAL": 0, "HSDECL": "Y", "HSITEVAL": 130500, "VETEXAMT": 0, "EXPDESC": "", "ENDDATE": "", "STATUTE": "", "EXAMT_HS": 0, "EXAMT_NR": 0, "UVREDUC_HS": 0, "UVREDUC_NR": 0, "GLVAL_HS": 1305.0, "GLVAL_NR": 0.0, "CRHOUSPCT": 0.0, "MUNGL1PCT": 1305.0, "AOEGL_HS": 1305.0, "AOEGL_NR": 0.0, "E911ADDR": "35 BRANCH ST", "SHAPE_Length": 0.000895081688872409, "SHAPE_Area": 4.5701537456000944e-08}, "geometry": {"type": "MultiPolygon", "coordinates": [[[[-72.50298348299998, 44.19483891600004], [-72.50315939299998, 44.19479911500008], [-72.50315978399993, 44.194800100000066], [-72.50321960299993, 44.194961112000044], [-72.50300577399997, 44.195000212000025], [-72.50296355499995, 44.195009635000076], [-72.50287441899997, 44.19486634100008], [-72.50287676399995, 44.19486521600004], [-72.50291468199998, 44.19485593300004], [-72.50298348299998, 44.19483891600004]]]]}}, {"type": "Feature", "properties": {"OBJECTID": 6494, "SPAN": "036-011-11773", "GLIST_SPAN": "036-011-11773", "MAPID": "0225-0019.0000", "PARCID": "0225-0019-0000", "PROPTYPE": "PARCEL", "YEAR": 2023, "GLYEAR": 2022, "TOWN": "BARRE CITY", "TNAME": "Barre City", "SOURCENAME": null, "SOURCETYPE": "UNKNOWN", "SOURCEDATE": "UNKNOWN", "EDITMETHOD": "UNKNOWN", "EDITOR": "UNKNOWN", "EDITDATE": "UNKNOWN", "MATCHSTAT": "MATCH", "EDITNOTE": "UNKNOWN", "OWNER1": "STACY THOMAS E & TINA S", "OWNER2": "", "ADDRGL1": "PO BOX 124", "ADDRGL2": "", "CITYGL": "E BARRE", "STGL": "VT", "ZIPGL": "05649-0124", "DESCPROP": "2 APTS-0.27AC", "LOCAPROP": "BRANCH ST  19", "CAT": "Residential-1", "RESCODE": "S", "ACRESGL": 0.27, "REAL_FLV": 134900, "HSTED_FLV": 0, "NRES_FLV": 134900, "LAND_LV": 13500, "IMPRV_LV": 121400, "EQUIPVAL": 0, "EQUIPCODE": "", "INVENVAL": 0, "HSDECL": "N", "HSITEVAL": 0, "VETEXAMT": 0, "EXPDESC": "", "ENDDATE": "", "STATUTE": "", "EXAMT_HS": 0, "EXAMT_NR": 0, "UVREDUC_HS": 0, "UVREDUC_NR": 0, "GLVAL_HS": 0.0, "GLVAL_NR": 1349.0, "CRHOUSPCT": 0.0, "MUNGL1PCT": 1349.0, "AOEGL_HS": 0.0, "AOEGL_NR": 1349.0, "E911ADDR": "19 BRANCH ST", "SHAPE_Length": 0.0015986627030103613, "SHAPE_Area": 1.2586981398973024e-07}, "geometry": {"type": "MultiPolygon", "coordinates": [[[[-72.50353979699997, 44.19550447300003], [-72.50373838199994, 44.19546635800003], [-72.50379588199996, 44.195636086000036], [-72.50383847299997, 44.195705274000034], [-72.50383651799996, 44.195705274000034], [-72.50369109599995, 44.195717795000064], [-72.50355795399997, 44.19572684900004], [-72.50356441699995, 44.19574006700003], [-72.50330056999996, 44.19579275900003], [-72.50330017799996, 44.19579149400005], [-72.50321611799995, 44.195566779000046], [-72.50353979699997, 44.19550447300003]]]]}}, {"type": "Feature", "properties": {"OBJECTID": 6595, "SPAN": "036-011-11879", "GLIST_SPAN": "036-011-11879", "MAPID": "0375-0014.0000", "PARCID": "0375-0014-0000", "PROPTYPE": "PARCEL", "YEAR": 2023, "GLYEAR": 2022, "TOWN": "BARRE CITY", "TNAME": "Barre City", "SOURCENAME": null, "SOURCETYPE": "UNKNOWN", "SOURCEDATE": "UNKNOWN", "EDITMETHOD": "UNKNOWN", "EDITOR": "UNKNOWN", "EDITDATE": "UNKNOWN", "MATCHSTAT": "MATCH", "EDITNOTE": "UNKNOWN", "OWNER1": "LEHOUX EDMOND F - LIFE ESTATE;", "OWNER2": "C/O DOYLE LINDA F & SAVOIE SUSAN", "ADDRGL1": "LINDA DOYLE", "ADDRGL2": "144 WEST COBLE HILL RD", "CITYGL": "BARRE", "STGL": "VT", "ZIPGL": "05641", "DESCPROP": "3 APTS-0.25AC", "LOCAPROP": "CLEVELAND AVE  14", "CAT": "Residential-1", "RESCODE": "T", "ACRESGL": 0.25, "REAL_FLV": 158200, "HSTED_FLV": 74700, "NRES_FLV": 83500, "LAND_LV": 18600, "IMPRV_LV": 139600, "EQUIPVAL": 0, "EQUIPCODE": "", "INVENVAL": 0, "HSDECL": "Y", "HSITEVAL": 74700, "VETEXAMT": 0, "EXPDESC": "", "ENDDATE": "", "STATUTE": "", "EXAMT_HS": 0, "EXAMT_NR": 0, "UVREDUC_HS": 0, "UVREDUC_NR": 0, "GLVAL_HS": 747.0, "GLVAL_NR": 835.0, "CRHOUSPCT": 0.0, "MUNGL1PCT": 1582.0, "AOEGL_HS": 747.0, "AOEGL_NR": 835.0, "E911ADDR": "14 CLEVELAND AVE", "SHAPE_Length": 0.0018055701643374467, "SHAPE_Area": 1.6892585665450661e-07}, "geometry": {"type": "MultiPolygon", "coordinates": [[[[-72.50687401299996, 44.19597147300004], [-72.50686932199994, 44.195970911000074], [-72.50656127699995, 44.19599806900004], [-72.50668750599993, 44.195637643000055], [-72.50669882899996, 44.19552612800004], [-72.50705418899997, 44.19562440300007], [-72.50705920099995, 44.19562620600004], [-72.50703031099994, 44.195680725000045], [-72.50700611699995, 44.195726499000045], [-72.50711049699999, 44.195754617000034], [-72.50711044299999, 44.195754882000074], [-72.50711010599997, 44.19575658600007], [-72.50697253099997, 44.19601281000007], [-72.50697135899998, 44.196015060000036], [-72.50687401299996, 44.19597147300004]]]]}}, {"type": "Feature", "properties": {"OBJECTID": 6668, "SPAN": "036-011-11957", "GLIST_SPAN": "036-011-11957", "MAPID": "0805-0006.0000", "PARCID": "0805-0006-0000", "PROPTYPE": "PARCEL", "YEAR": 2023, "GLYEAR": 2022, "TOWN": "BARRE CITY", "TNAME": "Barre City", "SOURCENAME": null, "SOURCETYPE": "UNKNOWN", "SOURCEDATE": "UNKNOWN", "EDITMETHOD": "UNKNOWN", "EDITOR": "UNKNOWN", "EDITDATE": "UNKNOWN", "MATCHSTAT": "MATCH", "EDITNOTE": "UNKNOWN", "OWNER1": "6 HOOKER LLC & SKIBA DANIEL", "OWNER2": "", "ADDRGL1": "8 HARRINGTON AVE  APT 2", "ADDRGL2": "", "CITYGL": "BARRE", "STGL": "VT", "ZIPGL": "05641", "DESCPROP": "3 APTS-0.20AC", "LOCAPROP": "HOOKER AVE   6", "CAT": "Residential-1", "RESCODE": "T", "ACRESGL": 0.2, "REAL_FLV": 117200, "HSTED_FLV": 0, "NRES_FLV": 117200, "LAND_LV": 8600, "IMPRV_LV": 108600, "EQUIPVAL": 0, "EQUIPCODE": "", "INVENVAL": 0, "HSDECL": "N", "HSITEVAL": 0, "VETEXAMT": 0, "EXPDESC": "", "ENDDATE": "", "STATUTE": "", "EXAMT_HS": 0, "EXAMT_NR": 0, "UVREDUC_HS": 0, "UVREDUC_NR": 0, "GLVAL_HS": 0.0, "GLVAL_NR": 1172.0, "CRHOUSPCT": 0.0, "MUNGL1PCT": 1172.0, "AOEGL_HS": 0.0, "AOEGL_NR": 1172.0, "E911ADDR": "6 HOOKER AVE", "SHAPE_Length": 0.00173520372285691, "SHAPE_Area": 1.4396284265101532e-07}, "geometry": {"type": "MultiPolygon", "coordinates": [[[[-72.50347841199994, 44.19533136700005], [-72.50345886299993, 44.19528566500003], [-72.50335136199993, 44.19530760500004], [-72.50335096999999, 44.195305777000044], [-72.50327746599999, 44.195103], [-72.50327707599996, 44.195102156000075], [-72.50323758699994, 44.19500498600007], [-72.50324149599999, 44.19500315800008], [-72.50353937199998, 44.19494450900004], [-72.50367152299998, 44.19529240800006], [-72.50373525499998, 44.19545960800008], [-72.50373525499998, 44.19546045100003], [-72.50373838199994, 44.19546635800003], [-72.50353979699997, 44.19550447300003], [-72.50348075799997, 44.19533741400005], [-72.50347841199994, 44.19533136700005]]]]}}, {"type": "Feature", "properties": {"OBJECTID": 6722, "SPAN": "036-011-12015", "GLIST_SPAN": "036-011-12015", "MAPID": "1230-0113.0000", "PARCID": "1230-0113-0000", "PROPTYPE": "PARCEL", "YEAR": 2023, "GLYEAR": 2022, "TOWN": "BARRE CITY", "TNAME": "Barre City", "SOURCENAME": null, "SOURCETYPE": "UNKNOWN", "SOURCEDATE": "UNKNOWN", "EDITMETHOD": "UNKNOWN", "EDITOR": "UNKNOWN", "EDITDATE": "UNKNOWN", "MATCHSTAT": "MATCH", "EDITNOTE": "UNKNOWN", "OWNER1": "MARTIN JEREMY J & AMY K", "OWNER2": "", "ADDRGL1": "113 PROSPECT ST", "ADDRGL2": "", "CITYGL": "BARRE", "STGL": "VT", "ZIPGL": "05641", "DESCPROP": "1 FAM-0.29AC", "LOCAPROP": "PROSPECT ST 113", "CAT": "Residential-1", "RESCODE": "T", "ACRESGL": 0.29, "REAL_FLV": 155090, "HSTED_FLV": 155090, "NRES_FLV": 0, "LAND_LV": 17630, "IMPRV_LV": 137460, "EQUIPVAL": 0, "EQUIPCODE": "", "INVENVAL": 0, "HSDECL": "Y", "HSITEVAL": 155090, "VETEXAMT": 0, "EXPDESC": "", "ENDDATE": "", "STATUTE": "", "EXAMT_HS": 0, "EXAMT_NR": 0, "UVREDUC_HS": 0, "UVREDUC_NR": 0, "GLVAL_HS": 1551.0, "GLVAL_NR": 0.0, "CRHOUSPCT": 0.0, "MUNGL1PCT": 1550.9, "AOEGL_HS": 1551.0, "AOEGL_NR": 0.0, "E911ADDR": "113 PROSPECT ST", "SHAPE_Length": 0.001518566477852955, "SHAPE_Area": 9.984717319118747e-08}, "geometry": {"type": "MultiPolygon", "coordinates": [[[[-72.50503892199998, 44.19485965700005], [-72.50520583599996, 44.19477007200004], [-72.50521482699997, 44.19477161900005], [-72.50535438799994, 44.19480578300005], [-72.50539347999995, 44.19481703100007], [-72.50544156399997, 44.19483081000004], [-72.50556196799994, 44.19485639800007], [-72.50568276499996, 44.194882267000025], [-72.50572263899994, 44.19488971800007], [-72.50554907799994, 44.19495891400004], [-72.50527388199998, 44.195068191000075], [-72.50527231899997, 44.19506917600006], [-72.50503892199998, 44.19485965700005]]]]}}, {"type": "Feature", "properties": {"OBJECTID": 6737, "SPAN": "036-011-12031", "GLIST_SPAN": "036-011-12031", "MAPID": "0365-0014.0000", "PARCID": "0365-0014-0000", "PROPTYPE": "PARCEL", "YEAR": 2023, "GLYEAR": 2022, "TOWN": "BARRE CITY", "TNAME": "Barre City", "SOURCENAME": null, "SOURCETYPE": "UNKNOWN", "SOURCEDATE": "UNKNOWN", "EDITMETHOD": "UNKNOWN", "EDITOR": "UNKNOWN", "EDITDATE": "UNKNOWN", "MATCHSTAT": "MATCH", "EDITNOTE": "UNKNOWN", "OWNER1": "BURROWS JUDY A", "OWNER2": "", "ADDRGL1": "14 CLARK ST", "ADDRGL2": "", "CITYGL": "BARRE", "STGL": "VT", "ZIPGL": "05641", "DESCPROP": "1 FAM-0.32AC", "LOCAPROP": "CLARK ST  14", "CAT": "Residential-1", "RESCODE": "T", "ACRESGL": 0.32, "REAL_FLV": 138980, "HSTED_FLV": 138980, "NRES_FLV": 0, "LAND_LV": 18190, "IMPRV_LV": 120790, "EQUIPVAL": 0, "EQUIPCODE": "", "INVENVAL": 0, "HSDECL": "Y", "HSITEVAL": 138980, "VETEXAMT": 0, "EXPDESC": "", "ENDDATE": "", "STATUTE": "", "EXAMT_HS": 0, "EXAMT_NR": 0, "UVREDUC_HS": 0, "UVREDUC_NR": 0, "GLVAL_HS": 1390.0, "GLVAL_NR": 0.0, "CRHOUSPCT": 0.0, "MUNGL1PCT": 1389.8, "AOEGL_HS": 1390.0, "AOEGL_NR": 0.0, "E911ADDR": "14 CLARK ST", "SHAPE_Length": 0.0016990373244209537, "SHAPE_Area": 1.553957515610702e-07}, "geometry": {"type": "MultiPolygon", "coordinates": [[[[-72.50518205299994, 44.19548472300005], [-72.50542128399996, 44.19535097900007], [-72.50552918699998, 44.195448286000044], [-72.50554716999994, 44.19545855000007], [-72.50556124299999, 44.19546192400003], [-72.50557844399998, 44.19546431400005], [-72.50559173499994, 44.19546332900006], [-72.50560658999996, 44.195462203000034], [-72.50561362699995, 44.19546107700006], [-72.50562261799996, 44.19545601500005], [-72.50586110099994, 44.19567340700007], [-72.50581067399997, 44.19570237800008], [-72.50557496199997, 44.195838233000075], [-72.50542678899996, 44.195704929000044], [-72.50518205299994, 44.19548472300005]]]]}}, {"type": "Feature", "properties": {"OBJECTID": 6741, "SPAN": "036-011-12035", "GLIST_SPAN": "036-011-12035", "MAPID": "0365-0007.0000", "PARCID": "0365-0007-0000", "PROPTYPE": "PARCEL", "YEAR": 2023, "GLYEAR": 2022, "TOWN": "BARRE CITY", "TNAME": "Barre City", "SOURCENAME": null, "SOURCETYPE": "UNKNOWN", "SOURCEDATE": "UNKNOWN", "EDITMETHOD": "UNKNOWN", "EDITOR": "UNKNOWN", "EDITDATE": "UNKNOWN", "MATCHSTAT": "MATCH", "EDITNOTE": "UNKNOWN", "OWNER1": "CAMPOS DAVID A SR TRUSTEE OF THE", "OWNER2": "DAVID A CAMPOS REVOCABLE TRUST U/A 2/21/", "ADDRGL1": "1013 TOMPKINS DR", "ADDRGL2": "", "CITYGL": "PORT ORANGE", "STGL": "FL", "ZIPGL": "32129", "DESCPROP": "3 APTS-0.59AC", "LOCAPROP": "CLARK ST   7", "CAT": "Residential-1", "RESCODE": "NS", "ACRESGL": 0.59, "REAL_FLV": 175600, "HSTED_FLV": 0, "NRES_FLV": 175600, "LAND_LV": 26200, "IMPRV_LV": 149400, "EQUIPVAL": 0, "EQUIPCODE": "", "INVENVAL": 0, "HSDECL": "N", "HSITEVAL": 72700, "VETEXAMT": 0, "EXPDESC": "", "ENDDATE": "", "STATUTE": "", "EXAMT_HS": 0, "EXAMT_NR": 0, "UVREDUC_HS": 0, "UVREDUC_NR": 0, "GLVAL_HS": 0.0, "GLVAL_NR": 1756.0, "CRHOUSPCT": 0.0, "MUNGL1PCT": 1756.0, "AOEGL_HS": 0.0, "AOEGL_NR": 1756.0, "E911ADDR": "7 CLARK ST", "SHAPE_Length": 0.003282008776433534, "SHAPE_Area": 5.231644055111117e-07}, "geometry": {"type": "MultiPolygon", "coordinates": [[[[-72.50586110099994, 44.19567340700007], [-72.50562261799996, 44.19545601500005], [-72.50562418199996, 44.19545503100005], [-72.50563004399999, 44.19544898300006], [-72.50563551599998, 44.195442093000054], [-72.50563825299997, 44.19543407700007], [-72.50564059699997, 44.19542451400008], [-72.50564176899996, 44.19541748300003], [-72.50564098599995, 44.195409046000066], [-72.50563746799997, 44.195399906000034], [-72.50563003899998, 44.19539048400003], [-72.50532978799998, 44.19512078200006], [-72.50527231899997, 44.19506917600006], [-72.50527388199998, 44.195068191000075], [-72.50554907799994, 44.19495891400004], [-72.50572263899994, 44.19488971800007], [-72.50580590499999, 44.19490532300006], [-72.50591301799994, 44.19492317700008], [-72.50602521299999, 44.19494018600005], [-72.50612294399997, 44.19495663400005], [-72.50621207499995, 44.19496984800003], [-72.50630276899994, 44.194979827000054], [-72.50638368899996, 44.19498910400006], [-72.50641105299997, 44.194988962000025], [-72.50640831799996, 44.19499824300004], [-72.50639307599994, 44.19503466500004], [-72.50636180499998, 44.19506251100006], [-72.50633600699996, 44.195086278000076], [-72.50632584499994, 44.195102028000065], [-72.50631411899997, 44.195116091000045], [-72.50629965799999, 44.19513535700003], [-72.50629301399994, 44.19515406100004], [-72.50629066999994, 44.19516685700006], [-72.50628754399997, 44.195184436000034], [-72.50628676499997, 44.19520735700007], [-72.50628989499995, 44.195238576000065], [-72.50629732499993, 44.19525685600007], [-72.50630866299997, 44.195268387000056], [-72.50632782199995, 44.19529890100006], [-72.50634267799995, 44.19531493200003], [-72.50635597099995, 44.19532589900007], [-72.50636769999994, 44.195338133000064], [-72.50637082799994, 44.19534839800008], [-72.50637200299997, 44.19537793000006], [-72.50636575099998, 44.195400851000045], [-72.50635441799994, 44.19542475800006], [-72.50633252799997, 44.19544627500005], [-72.50631689399995, 44.195464978000075], [-72.50630008499996, 44.19547721400005], [-72.50627467699996, 44.195488184000055], [-72.50624379399994, 44.19549563900006], [-72.50621877599997, 44.19550267100004], [-72.50621330299998, 44.19550506200005], [-72.50620665899999, 44.19551237500008], [-72.50620509599997, 44.19552362500008], [-72.50620705199998, 44.195540218000076], [-72.50621917299998, 44.19555821700004], [-72.50623055599993, 44.19557459200007], [-72.50623950399995, 44.19558324800005], [-72.50624022199997, 44.19558436300008], [-72.50614919199995, 44.19550759700007], [-72.50586110099994, 44.19567340700007]]]]}}, {"type": "Feature", "properties": {"OBJECTID": 6816, "SPAN": "036-011-12937", "GLIST_SPAN": "036-011-12937", "MAPID": "0985-0033.0000", "PARCID": "0985-0033-0000", "PROPTYPE": "PARCEL", "YEAR": 2023, "GLYEAR": 2022, "TOWN": "BARRE CITY", "TNAME": "Barre City", "SOURCENAME": null, "SOURCETYPE": "UNKNOWN", "SOURCEDATE": "UNKNOWN", "EDITMETHOD": "UNKNOWN", "EDITOR": "UNKNOWN", "EDITDATE": "UNKNOWN", "MATCHSTAT": "MATCH", "EDITNOTE": "UNKNOWN", "OWNER1": "THYGESEN JASON E", "OWNER2": "", "ADDRGL1": "43 WESTWOOD PKWY", "ADDRGL2": "", "CITYGL": "BARRE", "STGL": "VT", "ZIPGL": "05641-5220", "DESCPROP": "1 FAM-0.42AC", "LOCAPROP": "MADISON AVE  33  & HAYES COURT LOT", "CAT": "Residential-1", "RESCODE": "T", "ACRESGL": 0.42, "REAL_FLV": 132290, "HSTED_FLV": 132290, "NRES_FLV": 0, "LAND_LV": 20710, "IMPRV_LV": 111580, "EQUIPVAL": 0, "EQUIPCODE": "", "INVENVAL": 0, "HSDECL": "Y", "HSITEVAL": 132290, "VETEXAMT": 0, "EXPDESC": "", "ENDDATE": "", "STATUTE": "", "EXAMT_HS": 0, "EXAMT_NR": 0, "UVREDUC_HS": 0, "UVREDUC_NR": 0, "GLVAL_HS": 1323.0, "GLVAL_NR": 0.0, "CRHOUSPCT": 0.0, "MUNGL1PCT": 1322.9, "AOEGL_HS": 1323.0, "AOEGL_NR": 0.0, "E911ADDR": "33 MADISON AVE", "SHAPE_Length": 0.0027863342394975135, "SHAPE_Area": 2.06047529168242e-07}, "geometry": {"type": "MultiPolygon", "coordinates": [[[[-72.50690342899998, 44.19679158900004], [-72.50689326299994, 44.196772887000066], [-72.50688074999994, 44.19674687200006], [-72.50687058399996, 44.19672718500004], [-72.50685142499998, 44.196703703000026], [-72.50683148599995, 44.19668247000004], [-72.50681115599997, 44.19666700200003], [-72.50679004299997, 44.19664787800008], [-72.50676853999994, 44.19663452100008], [-72.50674312899997, 44.196622148000074], [-72.50671967199997, 44.196607664000055], [-72.50670833199996, 44.19659360300005], [-72.50670481399999, 44.19658924300006], [-72.50671185099998, 44.19659107100006], [-72.50738192499995, 44.19677974700005], [-72.50732794999993, 44.19656698700004], [-72.50745421399995, 44.19652226000005], [-72.50745538699994, 44.19652155700004], [-72.50764030199997, 44.19657399700003], [-72.50763678499999, 44.196576950000065], [-72.50750780799996, 44.196813348000035], [-72.50759655199994, 44.19683738800006], [-72.50749610799994, 44.19702850300007], [-72.50694839499994, 44.196874695000076], [-72.50694370299993, 44.19686288300005], [-72.50693588199994, 44.19684629000005], [-72.50691985099996, 44.19681732300006], [-72.50690342899998, 44.19679158900004]]]]}}, {"type": "Feature", "properties": {"OBJECTID": 6823, "SPAN": "036-011-12526", "GLIST_SPAN": "036-011-12526", "MAPID": "1230-0090.0000", "PARCID": "1230-0090-0000", "PROPTYPE": "PARCEL", "YEAR": 2023, "GLYEAR": 2022, "TOWN": "BARRE CITY", "TNAME": "Barre City", "SOURCENAME": null, "SOURCETYPE": "UNKNOWN", "SOURCEDATE": "UNKNOWN", "EDITMETHOD": "UNKNOWN", "EDITOR": "UNKNOWN", "EDITDATE": "UNKNOWN", "MATCHSTAT": "MATCH", "EDITNOTE": "UNKNOWN", "OWNER1": "QUADROS DAMARTIN E", "OWNER2": "", "ADDRGL1": "408 BECKLEY HILL RD", "ADDRGL2": "", "CITYGL": "BARRE", "STGL": "VT", "ZIPGL": "05641", "DESCPROP": "3 APTS-0.08AC", "LOCAPROP": "PROSPECT ST  90", "CAT": "Residential-1", "RESCODE": "S", "ACRESGL": 0.08, "REAL_FLV": 90000, "HSTED_FLV": 0, "NRES_FLV": 90000, "LAND_LV": 6800, "IMPRV_LV": 83200, "EQUIPVAL": 0, "EQUIPCODE": "", "INVENVAL": 0, "HSDECL": "N", "HSITEVAL": 90000, "VETEXAMT": 0, "EXPDESC": "", "ENDDATE": "", "STATUTE": "", "EXAMT_HS": 0, "EXAMT_NR": 0, "UVREDUC_HS": 0, "UVREDUC_NR": 0, "GLVAL_HS": 0.0, "GLVAL_NR": 900.0, "CRHOUSPCT": 0.0, "MUNGL1PCT": 900.0, "AOEGL_HS": 0.0, "AOEGL_NR": 900.0, "E911ADDR": "90 PROSPECT ST", "SHAPE_Length": 0.0008889943194148639, "SHAPE_Area": 4.610076180160435e-08}, "geometry": {"type": "MultiPolygon", "coordinates": [[[[-72.50383651799996, 44.195705274000034], [-72.50383847299997, 44.195705274000034], [-72.50387426199995, 44.19588279300007], [-72.50364458799999, 44.195901451000054], [-72.50364302499997, 44.19590173200004], [-72.50364263299997, 44.19590004500003], [-72.50356441699995, 44.19574006700003], [-72.50355795399997, 44.19572684900004], [-72.50369109599995, 44.195717795000064], [-72.50383651799996, 44.195705274000034]]]]}}, {"type": "Feature", "properties": {"OBJECTID": 6843, "SPAN": "036-011-12115", "GLIST_SPAN": "036-011-12115", "MAPID": "0245-0015.0000", "PARCID": "0245-0015-0000", "PROPTYPE": "PARCEL", "YEAR": 2023, "GLYEAR": 2022, "TOWN": "BARRE CITY", "TNAME": "Barre City", "SOURCENAME": null, "SOURCETYPE": "UNKNOWN", "SOURCEDATE": "UNKNOWN", "EDITMETHOD": "UNKNOWN", "EDITOR": "UNKNOWN", "EDITDATE": "UNKNOWN", "MATCHSTAT": "MATCH", "EDITNOTE": "UNKNOWN", "OWNER1": "METIVIER CLAUDE H -TRUSTEE OF THE CLAUDE", "OWNER2": "H METIVIER REVOCABLE LIVING TRUST W/LE", "ADDRGL1": "7 WESTWOOD PKY", "ADDRGL2": "", "CITYGL": "BARRE", "STGL": "VT", "ZIPGL": "05641", "DESCPROP": "2 APTS-0.13AC", "LOCAPROP": "BROOKLYN ST  15", "CAT": "Residential-1", "RESCODE": "T", "ACRESGL": 0.13, "REAL_FLV": 96500, "HSTED_FLV": 0, "NRES_FLV": 96500, "LAND_LV": 8600, "IMPRV_LV": 87900, "EQUIPVAL": 0, "EQUIPCODE": "", "INVENVAL": 0, "HSDECL": "N", "HSITEVAL": 0, "VETEXAMT": 0, "EXPDESC": "", "ENDDATE": "", "STATUTE": "", "EXAMT_HS": 0, "EXAMT_NR": 0, "UVREDUC_HS": 0, "UVREDUC_NR": 0, "GLVAL_HS": 0.0, "GLVAL_NR": 965.0, "CRHOUSPCT": 0.0, "MUNGL1PCT": 965.0, "AOEGL_HS": 0.0, "AOEGL_NR": 965.0, "E911ADDR": "15 BROOKLYN ST", "SHAPE_Length": 0.0010928044302802318, "SHAPE_Area": 6.306519058798509e-08}, "geometry": {"type": "MultiPolygon", "coordinates": [[[[-72.50258633499993, 44.19536190600007], [-72.50295965599997, 44.19521522600007], [-72.50296004699999, 44.19521649200004], [-72.50301791099997, 44.19537300500008], [-72.50269501699995, 44.195500700000025], [-72.50269423499998, 44.19549971500004], [-72.50258633499993, 44.19536190600007]]]]}}, {"type": "Feature", "properties": {"OBJECTID": 6855, "SPAN": "036-011-12118", "GLIST_SPAN": "036-011-12118", "MAPID": "0245-0011.0000", "PARCID": "0245-0011-0000", "PROPTYPE": "PARCEL", "YEAR": 2023, "GLYEAR": 2022, "TOWN": "BARRE CITY", "TNAME": "Barre City", "SOURCENAME": null, "SOURCETYPE": "UNKNOWN", "SOURCEDATE": "UNKNOWN", "EDITMETHOD": "UNKNOWN", "EDITOR": "UNKNOWN", "EDITDATE": "UNKNOWN", "MATCHSTAT": "MATCH", "EDITNOTE": "UNKNOWN", "OWNER1": "METIVIER SYLVAIN J", "OWNER2": "", "ADDRGL1": "2780 COUNTRY CLUB RD", "ADDRGL2": "", "CITYGL": "BARRE", "STGL": "VT", "ZIPGL": "05641-8315", "DESCPROP": "2 APTS-0.15AC", "LOCAPROP": "BROOKLYN ST  11", "CAT": "Residential-1", "RESCODE": "S", "ACRESGL": 0.15, "REAL_FLV": 111600, "HSTED_FLV": 0, "NRES_FLV": 111600, "LAND_LV": 13000, "IMPRV_LV": 98600, "EQUIPVAL": 0, "EQUIPCODE": "", "INVENVAL": 0, "HSDECL": "N", "HSITEVAL": 62300, "VETEXAMT": 0, "EXPDESC": "", "ENDDATE": "", "STATUTE": "", "EXAMT_HS": 0, "EXAMT_NR": 0, "UVREDUC_HS": 0, "UVREDUC_NR": 0, "GLVAL_HS": 0.0, "GLVAL_NR": 1116.0, "CRHOUSPCT": 0.0, "MUNGL1PCT": 1116.0, "AOEGL_HS": 0.0, "AOEGL_NR": 1116.0, "E911ADDR": "11 BROOKLYN ST", "SHAPE_Length": 0.0010812130764766335, "SHAPE_Area": 7.016114361472727e-08}, "geometry": {"type": "MultiPolygon", "coordinates": [[[[-72.50269501699995, 44.195500700000025], [-72.50301791099997, 44.19537300500008], [-72.50307616599997, 44.19553022100007], [-72.50309571499997, 44.195584782000026], [-72.50283927599997, 44.19568407000003], [-72.50280096299997, 44.19563921100007], [-72.50269501699995, 44.195500700000025]]]]}}, {"type": "Feature", "properties": {"OBJECTID": 6868, "SPAN": "036-011-12962", "GLIST_SPAN": "036-011-12962", "MAPID": "1230-0075.0000", "PARCID": "1230-0075-0000", "PROPTYPE": "PARCEL", "YEAR": 2023, "GLYEAR": 2022, "TOWN": "BARRE CITY", "TNAME": "Barre City", "SOURCENAME": null, "SOURCETYPE": "UNKNOWN", "SOURCEDATE": "UNKNOWN", "EDITMETHOD": "UNKNOWN", "EDITOR": "UNKNOWN", "EDITDATE": "UNKNOWN", "MATCHSTAT": "MATCH", "EDITNOTE": "UNKNOWN", "OWNER1": "SEVENTY FOUR SOUTH MAIN LIMITED COMPANY", "OWNER2": "", "ADDRGL1": "PO BOX 283", "ADDRGL2": "", "CITYGL": "BARRE", "STGL": "VT", "ZIPGL": "05641-0283", "DESCPROP": "6 APTS-0.34AC", "LOCAPROP": "PROSPECT ST  75", "CAT": "Commercial Apt", "RESCODE": "C", "ACRESGL": 0.34, "REAL_FLV": 160700, "HSTED_FLV": 0, "NRES_FLV": 160700, "LAND_LV": 14200, "IMPRV_LV": 146500, "EQUIPVAL": 0, "EQUIPCODE": "", "INVENVAL": 0, "HSDECL": "N", "HSITEVAL": 0, "VETEXAMT": 0, "EXPDESC": "", "ENDDATE": "", "STATUTE": "", "EXAMT_HS": 0, "EXAMT_NR": 0, "UVREDUC_HS": 0, "UVREDUC_NR": 0, "GLVAL_HS": 0.0, "GLVAL_NR": 1607.0, "CRHOUSPCT": 0.0, "MUNGL1PCT": 1607.0, "AOEGL_HS": 0.0, "AOEGL_NR": 1607.0, "E911ADDR": "75 PROSPECT ST", "SHAPE_Length": 0.0017061822584887782, "SHAPE_Area": 1.530868759208575e-07}, "geometry": {"type": "MultiPolygon", "coordinates": [[[[-72.50400921599999, 44.19636741700003], [-72.50404395499999, 44.19630218100008], [-72.50407009999998, 44.196234900000036], [-72.50408742199994, 44.196166160000075], [-72.50409577099998, 44.19609655900007], [-72.50409507599994, 44.19602670100005], [-72.50408533999996, 44.19595719200004], [-72.50408594399994, 44.195957545000056], [-72.50408907099995, 44.19595937300005], [-72.50444209099999, 44.19615510800003], [-72.50444560899996, 44.19615778000008], [-72.50445147299996, 44.19615496700004], [-72.50445225499993, 44.19615454500007], [-72.50460276899997, 44.19626985000008], [-72.50444914199994, 44.19634635600005], [-72.50424156899999, 44.19647264400004], [-72.50423765899995, 44.196470816000044], [-72.50400921599999, 44.19636741700003]]]]}}, {"type": "Feature", "properties": {"OBJECTID": 6877, "SPAN": "036-011-12124", "GLIST_SPAN": "036-011-12124", "MAPID": "0985-0025.0000", "PARCID": "0985-0025-0000", "PROPTYPE": "PARCEL", "YEAR": 2023, "GLYEAR": 2022, "TOWN": "BARRE CITY", "TNAME": "Barre City", "SOURCENAME": null, "SOURCETYPE": "UNKNOWN", "SOURCEDATE": "UNKNOWN", "EDITMETHOD": "UNKNOWN", "EDITOR": "UNKNOWN", "EDITDATE": "UNKNOWN", "MATCHSTAT": "MATCH", "EDITNOTE": "UNKNOWN", "OWNER1": "CLARK JOHN & TOWNSEND JAMES", "OWNER2": "", "ADDRGL1": "24 PELLOQUIN RD", "ADDRGL2": "", "CITYGL": "GRANITEVILLE", "STGL": "VT", "ZIPGL": "05654", "DESCPROP": "1 FAM-0.07AC", "LOCAPROP": "MADISON AVE  25", "CAT": "Residential-1", "RESCODE": "S", "ACRESGL": 0.07, "REAL_FLV": 101270, "HSTED_FLV": 0, "NRES_FLV": 101270, "LAND_LV": 8320, "IMPRV_LV": 92950, "EQUIPVAL": 0, "EQUIPCODE": "", "INVENVAL": 0, "HSDECL": "N", "HSITEVAL": 101270, "VETEXAMT": 0, "EXPDESC": "", "ENDDATE": "", "STATUTE": "", "EXAMT_HS": 0, "EXAMT_NR": 0, "UVREDUC_HS": 0, "UVREDUC_NR": 0, "GLVAL_HS": 0.0, "GLVAL_NR": 1012.7, "CRHOUSPCT": 0.0, "MUNGL1PCT": 1012.7, "AOEGL_HS": 0.0, "AOEGL_NR": 1012.7, "E911ADDR": "25 MADISON AVE", "SHAPE_Length": 0.0007246986700116899, "SHAPE_Area": 3.1059068273198283e-08}, "geometry": {"type": "MultiPolygon", "coordinates": [[[[-72.50765951799997, 44.19703946100003], [-72.50774550199998, 44.19687689400007], [-72.50785926599997, 44.196909652000045], [-72.50788819499996, 44.19691921300006], [-72.50780104099994, 44.197079389000066], [-72.50778657899997, 44.19710610800007], [-72.50764466699997, 44.197068149000074], [-72.50765951799997, 44.19703946100003]]]]}}, {"type": "Feature", "properties": {"OBJECTID": 6908, "SPAN": "036-011-12982", "GLIST_SPAN": "036-011-12982", "MAPID": "0225-0023.0000", "PARCID": "0225-0023-0000", "PROPTYPE": "PARCEL", "YEAR": 2023, "GLYEAR": 2022, "TOWN": "BARRE CITY", "TNAME": "Barre City", "SOURCENAME": null, "SOURCETYPE": "UNKNOWN", "SOURCEDATE": "UNKNOWN", "EDITMETHOD": "UNKNOWN", "EDITOR": "UNKNOWN", "EDITDATE": "UNKNOWN", "MATCHSTAT": "MATCH", "EDITNOTE": "UNKNOWN", "OWNER1": "STONEWALL PROPERTIES OF BRANCH", "OWNER2": "STREET LLC", "ADDRGL1": "3920 BALD EAGLE LAKE RD", "ADDRGL2": "", "CITYGL": "HOLLY", "STGL": "MI", "ZIPGL": "48442-8720", "DESCPROP": "3 APTS-0.13AC", "LOCAPROP": "BRANCH ST  23", "CAT": "Residential-1", "RESCODE": "C", "ACRESGL": 0.13, "REAL_FLV": 129600, "HSTED_FLV": 0, "NRES_FLV": 129600, "LAND_LV": 8600, "IMPRV_LV": 121000, "EQUIPVAL": 0, "EQUIPCODE": "", "INVENVAL": 0, "HSDECL": "N", "HSITEVAL": 0, "VETEXAMT": 0, "EXPDESC": "", "ENDDATE": "", "STATUTE": "", "EXAMT_HS": 0, "EXAMT_NR": 0, "UVREDUC_HS": 0, "UVREDUC_NR": 0, "GLVAL_HS": 0.0, "GLVAL_NR": 1296.0, "CRHOUSPCT": 0.0, "MUNGL1PCT": 1296.0, "AOEGL_HS": 0.0, "AOEGL_NR": 1296.0, "E911ADDR": "23 BRANCH ST", "SHAPE_Length": 0.0011226789035627869, "SHAPE_Area": 7.56730664905194e-08}, "geometry": {"type": "MultiPolygon", "coordinates": [[[[-72.50335136199993, 44.19530760500004], [-72.50345886299993, 44.19528566500003], [-72.50347841199994, 44.19533136700005], [-72.50348075799997, 44.19533741400005], [-72.50353979699997, 44.19550447300003], [-72.50321611799995, 44.195566779000046], [-72.50313557699997, 44.195351627000036], [-72.50335136199993, 44.19530760500004]]]]}}, {"type": "Feature", "properties": {"OBJECTID": 6910, "SPAN": "036-011-12983", "GLIST_SPAN": "036-011-12983", "MAPID": "0225-0027.0000", "PARCID": "0225-0027-0000", "PROPTYPE": "PARCEL", "YEAR": 2023, "GLYEAR": 2022, "TOWN": "BARRE CITY", "TNAME": "Barre City", "SOURCENAME": null, "SOURCETYPE": "UNKNOWN", "SOURCEDATE": "UNKNOWN", "EDITMETHOD": "UNKNOWN", "EDITOR": "UNKNOWN", "EDITDATE": "UNKNOWN", "MATCHSTAT": "MATCH", "EDITNOTE": "UNKNOWN", "OWNER1": "STONEWALL PROPERTIES OF BRANCH", "OWNER2": "STREET LLC", "ADDRGL1": "3920 BALD EAGLE LAKE RD", "ADDRGL2": "", "CITYGL": "HOLLY", "STGL": "MI", "ZIPGL": "48442-8720", "DESCPROP": "4 APTS-0.10AC", "LOCAPROP": "BRANCH ST  27", "CAT": "Residential-1", "RESCODE": "C", "ACRESGL": 0.1, "REAL_FLV": 156320, "HSTED_FLV": 0, "NRES_FLV": 156320, "LAND_LV": 7280, "IMPRV_LV": 149040, "EQUIPVAL": 0, "EQUIPCODE": "", "INVENVAL": 0, "HSDECL": "N", "HSITEVAL": 0, "VETEXAMT": 0, "EXPDESC": "", "ENDDATE": "", "STATUTE": "", "EXAMT_HS": 0, "EXAMT_NR": 0, "UVREDUC_HS": 0, "UVREDUC_NR": 0, "GLVAL_HS": 0.0, "GLVAL_NR": 1563.2, "CRHOUSPCT": 0.0, "MUNGL1PCT": 1563.2, "AOEGL_HS": 0.0, "AOEGL_NR": 1563.2, "E911ADDR": "27 BRANCH ST", "SHAPE_Length": 0.0008777292712522575, "SHAPE_Area": 4.763548317577662e-08}, "geometry": {"type": "MultiPolygon", "coordinates": [[[[-72.50306011799995, 44.19514688100003], [-72.50327746599999, 44.195103], [-72.50335096999999, 44.195305777000044], [-72.50335136199993, 44.19530760500004], [-72.50313557699997, 44.195351627000036], [-72.50306011799995, 44.19514688100003]]]]}}, {"type": "Feature", "properties": {"OBJECTID": 6912, "SPAN": "036-011-12984", "GLIST_SPAN": "036-011-12984", "MAPID": "0225-0031.0000", "PARCID": "0225-0031-0000", "PROPTYPE": "PARCEL", "YEAR": 2023, "GLYEAR": 2022, "TOWN": "BARRE CITY", "TNAME": "Barre City", "SOURCENAME": null, "SOURCETYPE": "UNKNOWN", "SOURCEDATE": "UNKNOWN", "EDITMETHOD": "UNKNOWN", "EDITOR": "UNKNOWN", "EDITDATE": "UNKNOWN", "MATCHSTAT": "MATCH", "EDITNOTE": "UNKNOWN", "OWNER1": "STONEWALL PROPERTIES OF BRANCH", "OWNER2": "STREET LLC", "ADDRGL1": "3920 BALD EAGLE LAKE RD", "ADDRGL2": "", "CITYGL": "HOLLY", "STGL": "MI", "ZIPGL": "48442-8720", "DESCPROP": "2 APTS-0.11AC", "LOCAPROP": "BRANCH ST  31", "CAT": "Residential-1", "RESCODE": "C", "ACRESGL": 0.11, "REAL_FLV": 115350, "HSTED_FLV": 0, "NRES_FLV": 115350, "LAND_LV": 7150, "IMPRV_LV": 108200, "EQUIPVAL": 0, "EQUIPCODE": "", "INVENVAL": 0, "HSDECL": "N", "HSITEVAL": 0, "VETEXAMT": 0, "EXPDESC": "", "ENDDATE": "", "STATUTE": "", "EXAMT_HS": 0, "EXAMT_NR": 0, "UVREDUC_HS": 0, "UVREDUC_NR": 0, "GLVAL_HS": 0.0, "GLVAL_NR": 1153.5, "CRHOUSPCT": 0.0, "MUNGL1PCT": 1153.5, "AOEGL_HS": 0.0, "AOEGL_NR": 1153.5, "E911ADDR": "31 BRANCH ST", "SHAPE_Length": 0.0007487550163632467, "SHAPE_Area": 3.343678013683933e-08}, "geometry": {"type": "MultiPolygon", "coordinates": [[[[-72.50300577399997, 44.195000212000025], [-72.50321960299993, 44.194961112000044], [-72.50323758699994, 44.19500498600007], [-72.50327707599996, 44.195102156000075], [-72.50327746599999, 44.195103], [-72.50306011799995, 44.19514688100003], [-72.50300577399997, 44.195000212000025]]]]}}, {"type": "Feature", "properties": {"OBJECTID": 7027, "SPAN": "036-011-12163", "GLIST_SPAN": "036-011-12163", "MAPID": "1230-0067.0000", "PARCID": "1230-0067-0000", "PROPTYPE": "PARCEL", "YEAR": 2023, "GLYEAR": 2022, "TOWN": "BARRE CITY", "TNAME": "Barre City", "SOURCENAME": null, "SOURCETYPE": "UNKNOWN", "SOURCEDATE": "UNKNOWN", "EDITMETHOD": "UNKNOWN", "EDITOR": "UNKNOWN", "EDITDATE": "UNKNOWN", "MATCHSTAT": "MATCH", "EDITNOTE": "UNKNOWN", "OWNER1": "FRANCOIS ISMINA", "OWNER2": "", "ADDRGL1": "67 PROSPECT ST", "ADDRGL2": "", "CITYGL": "BARRE", "STGL": "VT", "ZIPGL": "05641", "DESCPROP": "2 APTS/GAR-0.11AC", "LOCAPROP": "PROSPECT ST  67", "CAT": "Residential-1", "RESCODE": "T", "ACRESGL": 0.11, "REAL_FLV": 137300, "HSTED_FLV": 96300, "NRES_FLV": 41000, "LAND_LV": 7500, "IMPRV_LV": 129800, "EQUIPVAL": 0, "EQUIPCODE": "", "INVENVAL": 0, "HSDECL": "Y", "HSITEVAL": 96300, "VETEXAMT": 0, "EXPDESC": "", "ENDDATE": "", "STATUTE": "", "EXAMT_HS": 0, "EXAMT_NR": 0, "UVREDUC_HS": 0, "UVREDUC_NR": 0, "GLVAL_HS": 963.0, "GLVAL_NR": 410.0, "CRHOUSPCT": 0.0, "MUNGL1PCT": 1373.0, "AOEGL_HS": 963.0, "AOEGL_NR": 410.0, "E911ADDR": "67 PROSPECT ST", "SHAPE_Length": 0.0009479155407175927, "SHAPE_Area": 5.188824707029979e-08}, "geometry": {"type": "MultiPolygon", "coordinates": [[[[-72.50390654599994, 44.19649923400004], [-72.50390889199997, 44.19649642100006], [-72.50412117099995, 44.19659260000003], [-72.50412586299996, 44.196594850000054], [-72.50412351699998, 44.19659724100006], [-72.50395660299995, 44.196772183000064], [-72.50376699399999, 44.19665026800004], [-72.50374744699997, 44.196637613000064], [-72.50376191199996, 44.19663030000004], [-72.50378927599996, 44.19661300200005], [-72.50382132999994, 44.19658642300004], [-72.50383774799997, 44.19656997000004], [-72.50385299199996, 44.196554923000065], [-72.50390654599994, 44.19649923400004]]]]}}, {"type": "Feature", "properties": {"OBJECTID": 7152, "SPAN": "036-011-12195", "GLIST_SPAN": "036-011-12195", "MAPID": "0565-0001.0000", "PARCID": "0565-0001-0000", "PROPTYPE": "PARCEL", "YEAR": 2023, "GLYEAR": 2022, "TOWN": "BARRE CITY", "TNAME": "Barre City", "SOURCENAME": null, "SOURCETYPE": "UNKNOWN", "SOURCEDATE": "UNKNOWN", "EDITMETHOD": "UNKNOWN", "EDITOR": "UNKNOWN", "EDITDATE": "UNKNOWN", "MATCHSTAT": "MATCH", "EDITNOTE": "UNKNOWN", "OWNER1": "BLAISDELL THAD K & MARTHA", "OWNER2": "", "ADDRGL1": "131 TAPLIN RD", "ADDRGL2": "", "CITYGL": "BARRE", "STGL": "VT", "ZIPGL": "05641-9786", "DESCPROP": "6 APTS-0.31AC", "LOCAPROP": "FAIRVIEW ST   1", "CAT": "Commercial Apt", "RESCODE": "S", "ACRESGL": 0.31, "REAL_FLV": 224400, "HSTED_FLV": 0, "NRES_FLV": 224400, "LAND_LV": 35400, "IMPRV_LV": 189000, "EQUIPVAL": 0, "EQUIPCODE": "", "INVENVAL": 0, "HSDECL": "N", "HSITEVAL": 0, "VETEXAMT": 0, "EXPDESC": "", "ENDDATE": "", "STATUTE": "", "EXAMT_HS": 0, "EXAMT_NR": 0, "UVREDUC_HS": 0, "UVREDUC_NR": 0, "GLVAL_HS": 0.0, "GLVAL_NR": 2244.0, "CRHOUSPCT": 0.0, "MUNGL1PCT": 2244.0, "AOEGL_HS": 0.0, "AOEGL_NR": 2244.0, "E911ADDR": "1 FAIRVIEW ST", "SHAPE_Length": 0.0019854925767272464, "SHAPE_Area": 2.1054049820953537e-07}, "geometry": {"type": "MultiPolygon", "coordinates": [[[[-72.50394047499998, 44.19527861800003], [-72.50384428599995, 44.19492481200007], [-72.50379620399997, 44.19493226700007], [-72.50378251899997, 44.194899924000026], [-72.50376961799998, 44.19487151800007], [-72.50376844399995, 44.19486308100005], [-72.50373559299999, 44.194638084000076], [-72.50373950199997, 44.194637381000064], [-72.50396036699993, 44.19459377900006], [-72.50396075699996, 44.19459448300006], [-72.50431926199997, 44.19508018400006], [-72.50432160799994, 44.19508299700004], [-72.50395532999994, 44.19527960200003], [-72.50394829399994, 44.195280024000056], [-72.50394360199994, 44.19527946100004], [-72.50394047499998, 44.19527861800003]]]]}}, {"type": "Feature", "properties": {"OBJECTID": 7157, "SPAN": "036-011-12196", "GLIST_SPAN": "036-011-12196", "MAPID": "1230-0101.0000", "PARCID": "1230-0101-0000", "PROPTYPE": "PARCEL", "YEAR": 2023, "GLYEAR": 2022, "TOWN": "BARRE CITY", "TNAME": "Barre City", "SOURCENAME": null, "SOURCETYPE": "UNKNOWN", "SOURCEDATE": "UNKNOWN", "EDITMETHOD": "UNKNOWN", "EDITOR": "UNKNOWN", "EDITDATE": "UNKNOWN", "MATCHSTAT": "MATCH", "EDITNOTE": "UNKNOWN", "OWNER1": "F & G BARRE LLC", "OWNER2": "", "ADDRGL1": "1491 BLUSH HILL RD", "ADDRGL2": "", "CITYGL": "WATERBURY", "STGL": "VT", "ZIPGL": "05676", "DESCPROP": "4 APTS-0.25AC", "LOCAPROP": "PROSPECT ST 101", "CAT": "Residential-1", "RESCODE": "C", "ACRESGL": 0.25, "REAL_FLV": 203700, "HSTED_FLV": 0, "NRES_FLV": 203700, "LAND_LV": 24800, "IMPRV_LV": 178900, "EQUIPVAL": 0, "EQUIPCODE": "", "INVENVAL": 0, "HSDECL": "N", "HSITEVAL": 0, "VETEXAMT": 0, "EXPDESC": "", "ENDDATE": "", "STATUTE": "", "EXAMT_HS": 0, "EXAMT_NR": 0, "UVREDUC_HS": 0, "UVREDUC_NR": 0, "GLVAL_HS": 0.0, "GLVAL_NR": 2037.0, "CRHOUSPCT": 0.0, "MUNGL1PCT": 2037.0, "AOEGL_HS": 0.0, "AOEGL_NR": 2037.0, "E911ADDR": "101 PROSPECT ST", "SHAPE_Length": 0.0020310087948921824, "SHAPE_Area": 1.1939528448168396e-07}, "geometry": {"type": "MultiPolygon", "coordinates": [[[[-72.50467150899993, 44.19546969900006], [-72.50463319299996, 44.195389404000025], [-72.50439276399999, 44.19521349300004], [-72.50439002699994, 44.19521138300007], [-72.50438885499995, 44.195210821000046], [-72.50445139999994, 44.19517889700006], [-72.50462185299995, 44.19533849800007], [-72.50462380599998, 44.19533751400007], [-72.50467696899995, 44.195309387000066], [-72.50450690799994, 44.19514894200006], [-72.50469336699996, 44.195046982000065], [-72.50498071399994, 44.19530417100003], [-72.50502254499997, 44.195341435000046], [-72.50484546699994, 44.19543973800006], [-72.50482865599997, 44.195428348000064], [-72.50480559299996, 44.19543439600005], [-72.50473913799993, 44.195451836000075], [-72.50467150899993, 44.19546969900006]]]]}}, {"type": "Feature", "properties": {"OBJECTID": 7164, "SPAN": "036-011-13113", "GLIST_SPAN": "036-011-13113", "MAPID": "1230-0107.0000", "PARCID": "1230-0107-0000", "PROPTYPE": "PARCEL", "YEAR": 2023, "GLYEAR": 2022, "TOWN": "BARRE CITY", "TNAME": "Barre City", "SOURCENAME": null, "SOURCETYPE": "UNKNOWN", "SOURCEDATE": "UNKNOWN", "EDITMETHOD": "UNKNOWN", "EDITOR": "UNKNOWN", "EDITDATE": "UNKNOWN", "MATCHSTAT": "MATCH", "EDITNOTE": "UNKNOWN", "OWNER1": "EASTERN FRONT HOLDINGS LLC", "OWNER2": "", "ADDRGL1": "437 LONESOME TRAIL", "ADDRGL2": "", "CITYGL": "WATERBURY", "STGL": "VT", "ZIPGL": "05676", "DESCPROP": "4 APTS-0.22AC", "LOCAPROP": "PROSPECT ST 107", "CAT": "Residential-1", "RESCODE": "C", "ACRESGL": 0.22, "REAL_FLV": 454600, "HSTED_FLV": 0, "NRES_FLV": 454600, "LAND_LV": 25000, "IMPRV_LV": 429600, "EQUIPVAL": 0, "EQUIPCODE": "", "INVENVAL": 0, "HSDECL": "N", "HSITEVAL": 454600, "VETEXAMT": 0, "EXPDESC": "", "ENDDATE": "", "STATUTE": "", "EXAMT_HS": 0, "EXAMT_NR": 0, "UVREDUC_HS": 0, "UVREDUC_NR": 0, "GLVAL_HS": 0.0, "GLVAL_NR": 4546.0, "CRHOUSPCT": 0.0, "MUNGL1PCT": 4546.0, "AOEGL_HS": 0.0, "AOEGL_NR": 4546.0, "E911ADDR": "107 PROSPECT ST", "SHAPE_Length": 0.0013215979136630912, "SHAPE_Area": 1.0026972237072039e-07}, "geometry": {"type": "MultiPolygon", "coordinates": [[[[-72.50469336699996, 44.195046982000065], [-72.50493650699997, 44.19491408300007], [-72.50522150799998, 44.195170990000065], [-72.50498071399994, 44.19530417100003], [-72.50469336699996, 44.195046982000065]]]]}}, {"type": "Feature", "properties": {"OBJECTID": 7168, "SPAN": "036-011-13115", "GLIST_SPAN": "036-011-13115", "MAPID": "0655-L001.0000", "PARCID": "0655-L001-0000", "PROPTYPE": "PARCEL", "YEAR": 2023, "GLYEAR": 2022, "TOWN": "BARRE CITY", "TNAME": "Barre City", "SOURCENAME": null, "SOURCETYPE": "UNKNOWN", "SOURCEDATE": "UNKNOWN", "EDITMETHOD": "UNKNOWN", "EDITOR": "UNKNOWN", "EDITDATE": "UNKNOWN", "MATCHSTAT": "MATCH", "EDITNOTE": "UNKNOWN", "OWNER1": "CITY OF BARRE", "OWNER2": "", "ADDRGL1": "6 N MAIN ST", "ADDRGL2": "", "CITYGL": "BARRE", "STGL": "VT", "ZIPGL": "05641-4115", "DESCPROP": "VAC LAND-0.25AC", "LOCAPROP": "GARFIELD AVE  BETW PROSPECT & LINCOLN", "CAT": "Miscellaneous", "RESCODE": "C", "ACRESGL": 0.25, "REAL_FLV": 2330, "HSTED_FLV": 0, "NRES_FLV": 2330, "LAND_LV": 2330, "IMPRV_LV": 0, "EQUIPVAL": 0, "EQUIPCODE": "", "INVENVAL": 0, "HSDECL": "N", "HSITEVAL": 0, "VETEXAMT": 0, "EXPDESC": "Statutory", "ENDDATE": "", "STATUTE": "", "EXAMT_HS": 0, "EXAMT_NR": 0, "UVREDUC_HS": 0, "UVREDUC_NR": 0, "GLVAL_HS": 0.0, "GLVAL_NR": 0.0, "CRHOUSPCT": 0.0, "MUNGL1PCT": 0.0, "AOEGL_HS": 0.0, "AOEGL_NR": 0.0, "E911ADDR": "GARFIELD AVE", "SHAPE_Length": 0.0019347627659746381, "SHAPE_Area": 1.1399354012618648e-07}, "geometry": {"type": "MultiPolygon", "coordinates": [[[[-72.50781872799996, 44.19484712500008], [-72.50745827399999, 44.19461216700006], [-72.50776279799999, 44.19462635000008], [-72.50792152299994, 44.194730682000056], [-72.50797742999998, 44.19476766200006], [-72.50826399599998, 44.19495185800008], [-72.50818856799998, 44.19509150500005], [-72.50782107399993, 44.19484853100005], [-72.50781872799996, 44.19484712500008]]]]}}, {"type": "Feature", "properties": {"OBJECTID": 7170, "SPAN": "036-011-13116", "GLIST_SPAN": "036-011-13116", "MAPID": "0655-L002.0000", "PARCID": "0655-L002-0000", "PROPTYPE": "PARCEL", "YEAR": 2023, "GLYEAR": 2022, "TOWN": "BARRE CITY", "TNAME": "Barre City", "SOURCENAME": null, "SOURCETYPE": "UNKNOWN", "SOURCEDATE": "UNKNOWN", "EDITMETHOD": "UNKNOWN", "EDITOR": "UNKNOWN", "EDITDATE": "UNKNOWN", "MATCHSTAT": "MATCH", "EDITNOTE": "UNKNOWN", "OWNER1": "CITY OF BARRE", "OWNER2": "", "ADDRGL1": "6 N MAIN ST", "ADDRGL2": "", "CITYGL": "BARRE", "STGL": "VT", "ZIPGL": "05641-4115", "DESCPROP": "VAC LAND-1.46AC", "LOCAPROP": "GARFIELD AVE  GRANT/CLEVELAND ETC", "CAT": "Miscellaneous", "RESCODE": "C", "ACRESGL": 1.46, "REAL_FLV": 4390, "HSTED_FLV": 0, "NRES_FLV": 4390, "LAND_LV": 4390, "IMPRV_LV": 0, "EQUIPVAL": 0, "EQUIPCODE": "", "INVENVAL": 0, "HSDECL": "N", "HSITEVAL": 0, "VETEXAMT": 0, "EXPDESC": "Statutory", "ENDDATE": "", "STATUTE": "", "EXAMT_HS": 0, "EXAMT_NR": 0, "UVREDUC_HS": 0, "UVREDUC_NR": 0, "GLVAL_HS": 0.0, "GLVAL_NR": 0.0, "CRHOUSPCT": 0.0, "MUNGL1PCT": 0.0, "AOEGL_HS": 0.0, "AOEGL_NR": 0.0, "E911ADDR": "GARFIELD AVE", "SHAPE_Length": 0.009106422707957923, "SHAPE_Area": 6.479194942216068e-07}, "geometry": {"type": "MultiPolygon", "coordinates": [[[[-72.50803123099996, 44.196583815000054], [-72.50816332999995, 44.19633391600007], [-72.50821022899999, 44.19624518000006], [-72.50829816299995, 44.19607797100008], [-72.50792051699995, 44.195973656000035], [-72.50779346199994, 44.19593836700005], [-72.50741713899998, 44.19583830900007], [-72.50741777199994, 44.19583728400005], [-72.50718907399994, 44.19577570600006], [-72.50711049699999, 44.195754617000034], [-72.50700611699995, 44.195726499000045], [-72.50703031099994, 44.195680725000045], [-72.50705920099995, 44.19562620600004], [-72.50709796299998, 44.19555338500004], [-72.50710968799996, 44.19553172800005], [-72.50721130399995, 44.195339911000076], [-72.50727468999997, 44.19522209400003], [-72.50744886599995, 44.195288008000034], [-72.50738092199998, 44.19542021400008], [-72.50726343299993, 44.195648790000064], [-72.50781299099998, 44.19579858700007], [-72.50794860499997, 44.195544469000026], [-72.50800839599998, 44.19543224800003], [-72.50806545899997, 44.195325369000045], [-72.50806663699996, 44.19532340100005], [-72.50818856799998, 44.19509150500005], [-72.50833869599995, 44.19519218000005], [-72.50815740599995, 44.19553162900007], [-72.50798930299999, 44.19584638600003], [-72.50852097799998, 44.19599189400003], [-72.50853935399994, 44.196009891000074], [-72.50840178699997, 44.19627329100007], [-72.50830290799996, 44.196461734000025], [-72.50867247699995, 44.19656177200005], [-72.50866698399994, 44.196575075000055], [-72.50865640699993, 44.19660068500008], [-72.50864990499997, 44.19661642900007], [-72.50827594199995, 44.19651249900005], [-72.50820442099996, 44.19664638000006], [-72.50816924699996, 44.19671219400004], [-72.50813524399996, 44.196775899000045], [-72.50806489399997, 44.196906967000075], [-72.50843160399995, 44.19700861200005], [-72.50839955399994, 44.19706275100003], [-72.50834044799996, 44.19704615900008], [-72.50799927099996, 44.196950392000076], [-72.50788819499996, 44.19691921300006], [-72.50785926599997, 44.196909652000045], [-72.50792101699994, 44.19679278900003], [-72.50798511299996, 44.19667156700007], [-72.50803123099996, 44.196583815000054]]]]}}, {"type": "Feature", "properties": {"OBJECTID": 7173, "SPAN": "036-011-12200", "GLIST_SPAN": "036-011-12200", "MAPID": "0892-0006.0000", "PARCID": "0892-0006-0000", "PROPTYPE": "PARCEL", "YEAR": 2023, "GLYEAR": 2022, "TOWN": "BARRE CITY", "TNAME": "Barre City", "SOURCENAME": null, "SOURCETYPE": "UNKNOWN", "SOURCEDATE": "UNKNOWN", "EDITMETHOD": "UNKNOWN", "EDITOR": "UNKNOWN", "EDITDATE": "UNKNOWN", "MATCHSTAT": "MATCH", "EDITNOTE": "UNKNOWN", "OWNER1": "F & G BARRE LLC", "OWNER2": "", "ADDRGL1": "1491 BLUSH HILL RD", "ADDRGL2": "", "CITYGL": "WATERBURY", "STGL": "VT", "ZIPGL": "05676", "DESCPROP": "2 APTS-0.05AC", "LOCAPROP": "KENT PL   6", "CAT": "Residential-1", "RESCODE": "C", "ACRESGL": 0.05, "REAL_FLV": 135300, "HSTED_FLV": 0, "NRES_FLV": 135300, "LAND_LV": 6700, "IMPRV_LV": 128600, "EQUIPVAL": 0, "EQUIPCODE": "", "INVENVAL": 0, "HSDECL": "N", "HSITEVAL": 0, "VETEXAMT": 0, "EXPDESC": "", "ENDDATE": "", "STATUTE": "", "EXAMT_HS": 0, "EXAMT_NR": 0, "UVREDUC_HS": 0, "UVREDUC_NR": 0, "GLVAL_HS": 0.0, "GLVAL_NR": 1353.0, "CRHOUSPCT": 0.0, "MUNGL1PCT": 1353.0, "AOEGL_HS": 0.0, "AOEGL_NR": 1353.0, "E911ADDR": "6 KENT AV", "SHAPE_Length": 0.0010279241008124382, "SHAPE_Area": 3.8571746511244504e-08}, "geometry": {"type": "MultiPolygon", "coordinates": [[[[-72.50473913799993, 44.195451836000075], [-72.50480559299996, 44.19543439600005], [-72.50482865599997, 44.195428348000064], [-72.50484546699994, 44.19543973800006], [-72.50502254499997, 44.195341435000046], [-72.50509643499998, 44.195407524000075], [-72.50509878099996, 44.19540977400004], [-72.50472624699995, 44.19558557000005], [-72.50472546499998, 44.195581633000074], [-72.50467150899993, 44.19546969900006], [-72.50473913799993, 44.195451836000075]]]]}}, {"type": "Feature", "properties": {"OBJECTID": 7184, "SPAN": "036-011-12621", "GLIST_SPAN": "036-011-12621", "MAPID": "0905-0006.0000", "PARCID": "0905-0006-0000", "PROPTYPE": "PARCEL", "YEAR": 2023, "GLYEAR": 2022, "TOWN": "BARRE CITY", "TNAME": "Barre City", "SOURCENAME": null, "SOURCETYPE": "UNKNOWN", "SOURCEDATE": "UNKNOWN", "EDITMETHOD": "UNKNOWN", "EDITOR": "UNKNOWN", "EDITDATE": "UNKNOWN", "MATCHSTAT": "MATCH", "EDITNOTE": "UNKNOWN", "OWNER1": "PATON BRIAN & ELIZABETH", "OWNER2": "", "ADDRGL1": "6 KINNEY PL APT 1", "ADDRGL2": "", "CITYGL": "BARRE", "STGL": "VT", "ZIPGL": "05641", "DESCPROP": "2 APTS-0.63AC", "LOCAPROP": "KINNEY PL   6", "CAT": "Residential-1", "RESCODE": "T", "ACRESGL": 0.63, "REAL_FLV": 141000, "HSTED_FLV": 136900, "NRES_FLV": 4100, "LAND_LV": 27100, "IMPRV_LV": 113900, "EQUIPVAL": 0, "EQUIPCODE": "", "INVENVAL": 0, "HSDECL": "Y", "HSITEVAL": 136900, "VETEXAMT": 0, "EXPDESC": "", "ENDDATE": "", "STATUTE": "", "EXAMT_HS": 0, "EXAMT_NR": 0, "UVREDUC_HS": 0, "UVREDUC_NR": 0, "GLVAL_HS": 1369.0, "GLVAL_NR": 41.0, "CRHOUSPCT": 0.0, "MUNGL1PCT": 1410.0, "AOEGL_HS": 1369.0, "AOEGL_NR": 41.0, "E911ADDR": "6 KINNEY PL", "SHAPE_Length": 0.002098431958390727, "SHAPE_Area": 2.7615692700543825e-07}, "geometry": {"type": "MultiPolygon", "coordinates": [[[[-72.50427510199995, 44.19528043400004], [-72.50438885499995, 44.195210821000046], [-72.50439002699994, 44.19521138300007], [-72.50439276399999, 44.19521349300004], [-72.50463319299996, 44.195389404000025], [-72.50467150899993, 44.19546969900006], [-72.50472546499998, 44.195581633000074], [-72.50472624699995, 44.19558557000005], [-72.50407733899993, 44.19588821800005], [-72.50407186599995, 44.195890889000054], [-72.50406834899997, 44.195893702000035], [-72.50405387899997, 44.195817625000075], [-72.50404957799998, 44.19580820300007], [-72.50404449399997, 44.19578725100007], [-72.50404019299998, 44.19576165800004], [-72.50403432699994, 44.19573254900007], [-72.50402572499996, 44.195705830000065], [-72.50402064099995, 44.19567601800003], [-72.50402064099995, 44.19566701800005], [-72.50402181199996, 44.19565365900007], [-72.50402102899994, 44.195633831000066], [-72.50402259099997, 44.195614987000056], [-72.50402962599998, 44.19558503500008], [-72.50403509699998, 44.19555775300006], [-72.50404330499998, 44.19553047200003], [-72.50405307599993, 44.195508534000055], [-72.50406401999999, 44.19548955000005], [-72.50408825399995, 44.195451580000054], [-72.50409607199998, 44.19544061100004], [-72.50410467199998, 44.19543048600008], [-72.50411757099994, 44.19541122000004], [-72.50414649699997, 44.195380141000044], [-72.50416877699996, 44.19535609400003], [-72.50419770399998, 44.195332749000045], [-72.50422389399995, 44.195311092000054], [-72.50427510199995, 44.19528043400004]]]]}}, {"type": "Feature", "properties": {"OBJECTID": 7187, "SPAN": "036-011-12622", "GLIST_SPAN": "036-011-12622", "MAPID": "0905-0012.0000", "PARCID": "0905-0012-0000", "PROPTYPE": "PARCEL", "YEAR": 2023, "GLYEAR": 2022, "TOWN": "BARRE CITY", "TNAME": "Barre City", "SOURCENAME": null, "SOURCETYPE": "UNKNOWN", "SOURCEDATE": "UNKNOWN", "EDITMETHOD": "UNKNOWN", "EDITOR": "UNKNOWN", "EDITDATE": "UNKNOWN", "MATCHSTAT": "MATCH", "EDITNOTE": "UNKNOWN", "OWNER1": "PATON BRIAN & ELIZABETH", "OWNER2": "", "ADDRGL1": "6 KINNEY PL APT 1", "ADDRGL2": "", "CITYGL": "BARRE", "STGL": "VT", "ZIPGL": "05641", "DESCPROP": "3 APTS-1.07AC", "LOCAPROP": "KINNEY PL  12", "CAT": "Residential-1", "RESCODE": "T", "ACRESGL": 1.07, "REAL_FLV": 175000, "HSTED_FLV": 0, "NRES_FLV": 175000, "LAND_LV": 33200, "IMPRV_LV": 141800, "EQUIPVAL": 0, "EQUIPCODE": "", "INVENVAL": 0, "HSDECL": "N", "HSITEVAL": 175000, "VETEXAMT": 0, "EXPDESC": "", "ENDDATE": "", "STATUTE": "", "EXAMT_HS": 0, "EXAMT_NR": 0, "UVREDUC_HS": 0, "UVREDUC_NR": 0, "GLVAL_HS": 0.0, "GLVAL_NR": 1750.0, "CRHOUSPCT": 0.0, "MUNGL1PCT": 1750.0, "AOEGL_HS": 0.0, "AOEGL_NR": 1750.0, "E911ADDR": "12 KINNEY PL", "SHAPE_Length": 0.003138558145506011, "SHAPE_Area": 4.553528058241197e-07}, "geometry": {"type": "MultiPolygon", "coordinates": [[[[-72.50408533999996, 44.19595719200004], [-72.50406834899997, 44.195893702000035], [-72.50407186599995, 44.195890889000054], [-72.50407733899993, 44.19588821800005], [-72.50472624699995, 44.19558557000005], [-72.50509878099996, 44.19540977400004], [-72.50518205299994, 44.19548472300005], [-72.50542678899996, 44.195704929000044], [-72.50524775399998, 44.195786217000034], [-72.50524501799998, 44.19578748300006], [-72.50457890999996, 44.19609604000004], [-72.50445225499993, 44.19615454500007], [-72.50445147299996, 44.19615496700004], [-72.50444560899996, 44.19615778000008], [-72.50444209099999, 44.19615510800003], [-72.50408907099995, 44.19595937300005], [-72.50408594399994, 44.195957545000056], [-72.50408533999996, 44.19595719200004]]]]}}, {"type": "Feature", "properties": {"OBJECTID": 7205, "SPAN": "036-011-12208", "GLIST_SPAN": "036-011-12208", "MAPID": "0655-0009.0000", "PARCID": "0655-0009-0000", "PROPTYPE": "PARCEL", "YEAR": 2023, "GLYEAR": 2022, "TOWN": "BARRE CITY", "TNAME": "Barre City", "SOURCENAME": null, "SOURCETYPE": "UNKNOWN", "SOURCEDATE": "UNKNOWN", "EDITMETHOD": "UNKNOWN", "EDITOR": "UNKNOWN", "EDITDATE": "UNKNOWN", "MATCHSTAT": "MATCH", "EDITNOTE": "UNKNOWN", "OWNER1": "MARTIN CAROL M", "OWNER2": "", "ADDRGL1": "9 GARFIELD AVE", "ADDRGL2": "", "CITYGL": "BARRE", "STGL": "VT", "ZIPGL": "05641", "DESCPROP": "1 FAM-0.64AC", "LOCAPROP": "GARFIELD AVE   9", "CAT": "Residential-1", "RESCODE": "T", "ACRESGL": 0.64, "REAL_FLV": 108120, "HSTED_FLV": 108120, "NRES_FLV": 0, "LAND_LV": 25980, "IMPRV_LV": 82140, "EQUIPVAL": 0, "EQUIPCODE": "", "INVENVAL": 0, "HSDECL": "Y", "HSITEVAL": 108120, "VETEXAMT": 0, "EXPDESC": "", "ENDDATE": "", "STATUTE": "", "EXAMT_HS": 0, "EXAMT_NR": 0, "UVREDUC_HS": 0, "UVREDUC_NR": 0, "GLVAL_HS": 1081.0, "GLVAL_NR": 0.0, "CRHOUSPCT": 0.0, "MUNGL1PCT": 1081.2, "AOEGL_HS": 1081.0, "AOEGL_NR": 0.0, "E911ADDR": "9 GARFIELD AVE", "SHAPE_Length": 0.0026805721805621507, "SHAPE_Area": 3.373046547054983e-07}, "geometry": {"type": "MultiPolygon", "coordinates": [[[[-72.50676325099994, 44.19482159900008], [-72.50685665799995, 44.19464047000008], [-72.50686056799998, 44.194641173000036], [-72.50726869699997, 44.194757303000074], [-72.50727182499998, 44.19475814700007], [-72.50745514599998, 44.19461343300003], [-72.50745631799998, 44.19461202600007], [-72.50745827399999, 44.19461216700006], [-72.50781872799996, 44.19484712500008], [-72.50782107399993, 44.19484853100005], [-72.50781833699995, 44.19485092200006], [-72.50753924899993, 44.19506933100007], [-72.50743254199995, 44.195152445000076], [-72.50742862699997, 44.19515582100007], [-72.50732933199998, 44.19511490700006], [-72.50732933399996, 44.195113218000074], [-72.50727968399997, 44.19509353400008], [-72.50714363999998, 44.19505219900003], [-72.50702127899996, 44.19501311300007], [-72.50690790899995, 44.194980917000066], [-72.50676482899996, 44.19494197300003], [-72.50671009899997, 44.19493044500007], [-72.50671009899997, 44.194929460000026], [-72.50676325099994, 44.19482159900008]]]]}}, {"type": "Feature", "properties": {"OBJECTID": 7211, "SPAN": "036-011-12628", "GLIST_SPAN": "036-011-12628", "MAPID": "1230-0071.0000", "PARCID": "1230-0071-0000", "PROPTYPE": "PARCEL", "YEAR": 2023, "GLYEAR": 2022, "TOWN": "BARRE CITY", "TNAME": "Barre City", "SOURCENAME": null, "SOURCETYPE": "UNKNOWN", "SOURCEDATE": "UNKNOWN", "EDITMETHOD": "UNKNOWN", "EDITOR": "UNKNOWN", "EDITDATE": "UNKNOWN", "MATCHSTAT": "MATCH", "EDITNOTE": "UNKNOWN", "OWNER1": "ROSS CHERIE L", "OWNER2": "", "ADDRGL1": "15 FROST AVENUE", "ADDRGL2": "", "CITYGL": "WEST YARMOUTH", "STGL": "MA", "ZIPGL": "02673", "DESCPROP": "2 APTS-0.08AC", "LOCAPROP": "PROSPECT ST  71", "CAT": "Residential-1", "RESCODE": "NS", "ACRESGL": 0.08, "REAL_FLV": 110160, "HSTED_FLV": 0, "NRES_FLV": 110160, "LAND_LV": 5810, "IMPRV_LV": 104350, "EQUIPVAL": 0, "EQUIPCODE": "", "INVENVAL": 0, "HSDECL": "N", "HSITEVAL": 57980, "VETEXAMT": 0, "EXPDESC": "", "ENDDATE": "", "STATUTE": "", "EXAMT_HS": 0, "EXAMT_NR": 0, "UVREDUC_HS": 0, "UVREDUC_NR": 0, "GLVAL_HS": 0.0, "GLVAL_NR": 1101.6, "CRHOUSPCT": 0.0, "MUNGL1PCT": 1101.6, "AOEGL_HS": 0.0, "AOEGL_NR": 1101.6, "E911ADDR": "71 PROSPECT ST", "SHAPE_Length": 0.0008253986012185902, "SHAPE_Area": 3.8772195280258033e-08}, "geometry": {"type": "MultiPolygon", "coordinates": [[[[-72.50390889199997, 44.19649642100006], [-72.50391103999993, 44.19649397100005], [-72.50396438999996, 44.19643240600004], [-72.50400921599999, 44.19636741700003], [-72.50423765899995, 44.196470816000044], [-72.50424156899999, 44.19647264400004], [-72.50423883299999, 44.19647433200004], [-72.50412586299996, 44.196594850000054], [-72.50412117099995, 44.19659260000003], [-72.50390889199997, 44.19649642100006]]]]}}, {"type": "Feature", "properties": {"OBJECTID": 7271, "SPAN": "036-011-12226", "GLIST_SPAN": "036-011-12226", "MAPID": "1230-0059.0000", "PARCID": "1230-0059-0000", "PROPTYPE": "PARCEL", "YEAR": 2023, "GLYEAR": 2022, "TOWN": "BARRE CITY", "TNAME": "Barre City", "SOURCENAME": null, "SOURCETYPE": "UNKNOWN", "SOURCEDATE": "UNKNOWN", "EDITMETHOD": "UNKNOWN", "EDITOR": "UNKNOWN", "EDITDATE": "UNKNOWN", "MATCHSTAT": "MATCH", "EDITNOTE": "UNKNOWN", "OWNER1": "ALDEN PETER RAYMOND & WRIGHT KIMBERLEY", "OWNER2": "", "ADDRGL1": "1117 GALENA ST", "ADDRGL2": "", "CITYGL": "FAIRBANKS", "STGL": "AK", "ZIPGL": "99709", "DESCPROP": "3 APTS-0.11AC", "LOCAPROP": "PROSPECT ST  59", "CAT": "Residential-1", "RESCODE": "NS", "ACRESGL": 0.11, "REAL_FLV": 159100, "HSTED_FLV": 0, "NRES_FLV": 159100, "LAND_LV": 9100, "IMPRV_LV": 150000, "EQUIPVAL": 0, "EQUIPCODE": "", "INVENVAL": 0, "HSDECL": "N", "HSITEVAL": 0, "VETEXAMT": 0, "EXPDESC": "", "ENDDATE": "", "STATUTE": "", "EXAMT_HS": 0, "EXAMT_NR": 0, "UVREDUC_HS": 0, "UVREDUC_NR": 0, "GLVAL_HS": 0.0, "GLVAL_NR": 1591.0, "CRHOUSPCT": 0.0, "MUNGL1PCT": 1591.0, "AOEGL_HS": 0.0, "AOEGL_NR": 1591.0, "E911ADDR": "59 PROSPECT ST", "SHAPE_Length": 0.0009728192946740089, "SHAPE_Area": 5.677283048323171e-08}, "geometry": {"type": "MultiPolygon", "coordinates": [[[[-72.50372594699996, 44.19664858200008], [-72.50374744699997, 44.196637613000064], [-72.50376699399999, 44.19665026800004], [-72.50395660299995, 44.196772183000064], [-72.50395503999994, 44.19677387000007], [-72.50376544699998, 44.19690887500008], [-72.50376388299998, 44.19691], [-72.50373925499997, 44.19689411100006], [-72.50369273099994, 44.196862331000034], [-72.50366641099998, 44.196840371000064], [-72.50358998999997, 44.19676001100004], [-72.50358027199997, 44.196745227000065], [-72.50357355199998, 44.19672960400004], [-72.50356996299996, 44.196713455000065], [-72.50356957899999, 44.196697103000076], [-72.50359772499996, 44.19668978900006], [-72.50362626199995, 44.19668528900007], [-72.50365753599993, 44.19667797500006], [-72.50369623799997, 44.19666250500006], [-72.50372594699996, 44.19664858200008]]]]}}, {"type": "Feature", "properties": {"OBJECTID": 7280, "SPAN": "036-011-13173", "GLIST_SPAN": "036-011-13173", "MAPID": "0985-0031.0000", "PARCID": "0985-0031-0000", "PROPTYPE": "PARCEL", "YEAR": 2023, "GLYEAR": 2022, "TOWN": "BARRE CITY", "TNAME": "Barre City", "SOURCENAME": null, "SOURCETYPE": "UNKNOWN", "SOURCEDATE": "UNKNOWN", "EDITMETHOD": "UNKNOWN", "EDITOR": "UNKNOWN", "EDITDATE": "UNKNOWN", "MATCHSTAT": "MATCH", "EDITNOTE": "UNKNOWN", "OWNER1": "MILEY CATHERINE A", "OWNER2": "", "ADDRGL1": "PO BOX 803", "ADDRGL2": "", "CITYGL": "BARRE", "STGL": "VT", "ZIPGL": "05641-0803", "DESCPROP": "1 FAM-0.16AC", "LOCAPROP": "MADISON AVE  31", "CAT": "Residential-1", "RESCODE": "T", "ACRESGL": 0.16, "REAL_FLV": 61418, "HSTED_FLV": 61418, "NRES_FLV": 0, "LAND_LV": 12430, "IMPRV_LV": 48988, "EQUIPVAL": 0, "EQUIPCODE": "", "INVENVAL": 0, "HSDECL": "Y", "HSITEVAL": 61418, "VETEXAMT": 0, "EXPDESC": "", "ENDDATE": "", "STATUTE": "", "EXAMT_HS": 0, "EXAMT_NR": 0, "UVREDUC_HS": 0, "UVREDUC_NR": 0, "GLVAL_HS": 614.0, "GLVAL_NR": 0.0, "CRHOUSPCT": 30.0, "MUNGL1PCT": 614.18, "AOEGL_HS": 614.0, "AOEGL_NR": 0.0, "E911ADDR": "31 MADISON AVE", "SHAPE_Length": 0.0014555092963022148, "SHAPE_Area": 7.142839154075504e-08}, "geometry": {"type": "MultiPolygon", "coordinates": [[[[-72.50763678499999, 44.196576950000065], [-72.50764030199997, 44.19657399700003], [-72.50774898399999, 44.19660478700007], [-72.50774507499995, 44.19661055200004], [-72.50768879799995, 44.19673135200003], [-72.50774235699998, 44.196745692000036], [-72.50768138699993, 44.19685889900006], [-72.50768412299993, 44.19685960100003], [-72.50774550199998, 44.19687689400007], [-72.50765951799997, 44.19703946100003], [-72.50764466699997, 44.197068149000074], [-72.50749610799994, 44.19702850300007], [-72.50759655199994, 44.19683738800006], [-72.50750780799996, 44.196813348000035], [-72.50763678499999, 44.196576950000065]]]]}}, {"type": "Feature", "properties": {"OBJECTID": 7306, "SPAN": "036-011-13187", "GLIST_SPAN": "036-011-13187", "MAPID": "0245-0005.0000", "PARCID": "0245-0005-0000", "PROPTYPE": "PARCEL", "YEAR": 2023, "GLYEAR": 2022, "TOWN": "BARRE CITY", "TNAME": "Barre City", "SOURCENAME": null, "SOURCETYPE": "UNKNOWN", "SOURCEDATE": "UNKNOWN", "EDITMETHOD": "UNKNOWN", "EDITOR": "UNKNOWN", "EDITDATE": "UNKNOWN", "MATCHSTAT": "MATCH", "EDITNOTE": "UNKNOWN", "OWNER1": "HOLT AMY", "OWNER2": "", "ADDRGL1": "5 BROOKLYN ST", "ADDRGL2": "", "CITYGL": "BARRE", "STGL": "VT", "ZIPGL": "05641", "DESCPROP": "1 FAM-0.13AC", "LOCAPROP": "BROOKLYN ST   5", "CAT": "Residential-1", "RESCODE": "T", "ACRESGL": 0.13, "REAL_FLV": 84680, "HSTED_FLV": 84680, "NRES_FLV": 0, "LAND_LV": 8580, "IMPRV_LV": 76100, "EQUIPVAL": 0, "EQUIPCODE": "", "INVENVAL": 0, "HSDECL": "Y", "HSITEVAL": 84680, "VETEXAMT": 40000, "EXPDESC": "", "ENDDATE": "", "STATUTE": "", "EXAMT_HS": 0, "EXAMT_NR": 0, "UVREDUC_HS": 0, "UVREDUC_NR": 0, "GLVAL_HS": 447.0, "GLVAL_NR": 0.0, "CRHOUSPCT": 0.0, "MUNGL1PCT": 446.8, "AOEGL_HS": 747.0, "AOEGL_NR": 0.0, "E911ADDR": "5 BROOKLYN ST", "SHAPE_Length": 0.0011144226452018571, "SHAPE_Area": 7.404194844748122e-08}, "geometry": {"type": "MultiPolygon", "coordinates": [[[[-72.50283927599997, 44.19568407000003], [-72.50309571499997, 44.195584782000026], [-72.50317742999994, 44.195814418000055], [-72.50317782099995, 44.19581540300004], [-72.50320088899997, 44.19589176100004], [-72.50307384299998, 44.195960670000034], [-72.50306680699998, 44.19596474900004], [-72.50300816499998, 44.195908501000076], [-72.50300699199994, 44.19590765700008], [-72.50284005799995, 44.195685053000034], [-72.50283927599997, 44.19568407000003]]]]}}, {"type": "Feature", "properties": {"OBJECTID": 7466, "SPAN": "036-011-13268", "GLIST_SPAN": "036-011-13268", "MAPID": "1230-0145.0000", "PARCID": "1230-0145-0000", "PROPTYPE": "PARCEL", "YEAR": 2023, "GLYEAR": 2022, "TOWN": "BARRE CITY", "TNAME": "Barre City", "SOURCENAME": null, "SOURCETYPE": "UNKNOWN", "SOURCEDATE": "UNKNOWN", "EDITMETHOD": "UNKNOWN", "EDITOR": "UNKNOWN", "EDITDATE": "UNKNOWN", "MATCHSTAT": "MATCH", "EDITNOTE": "UNKNOWN", "OWNER1": "MAURICE MARC P & TAMMY L", "OWNER2": "", "ADDRGL1": "145 PROSPECT ST", "ADDRGL2": "", "CITYGL": "BARRE", "STGL": "VT", "ZIPGL": "05641", "DESCPROP": "1 FAM-0.20AC", "LOCAPROP": "PROSPECT ST 145", "CAT": "Residential-1", "RESCODE": "T", "ACRESGL": 0.2, "REAL_FLV": 160780, "HSTED_FLV": 160780, "NRES_FLV": 0, "LAND_LV": 11540, "IMPRV_LV": 149240, "EQUIPVAL": 0, "EQUIPCODE": "", "INVENVAL": 0, "HSDECL": "Y", "HSITEVAL": 160780, "VETEXAMT": 0, "EXPDESC": "", "ENDDATE": "", "STATUTE": "", "EXAMT_HS": 0, "EXAMT_NR": 0, "UVREDUC_HS": 0, "UVREDUC_NR": 0, "GLVAL_HS": 1608.0, "GLVAL_NR": 0.0, "CRHOUSPCT": 0.0, "MUNGL1PCT": 1607.8, "AOEGL_HS": 1608.0, "AOEGL_NR": 0.0, "E911ADDR": "145 PROSPECT ST", "SHAPE_Length": 0.0013881693145484045, "SHAPE_Area": 9.029927193154182e-08}, "geometry": {"type": "MultiPolygon", "coordinates": [[[[-72.50685665799995, 44.19464047000008], [-72.50694342199995, 44.19447199700005], [-72.50738975099995, 44.19459431900003], [-72.50745436399995, 44.19461202700006], [-72.50745631799998, 44.19461202600007], [-72.50745514599998, 44.19461343300003], [-72.50727182499998, 44.19475814700007], [-72.50726869699997, 44.194757303000074], [-72.50686056799998, 44.194641173000036], [-72.50685665799995, 44.19464047000008]]]]}}, {"type": "Feature", "properties": {"OBJECTID": 7487, "SPAN": "036-011-13282", "GLIST_SPAN": "036-011-13282", "MAPID": "0245-VL00.0004", "PARCID": "0245-VL00-0004", "PROPTYPE": "PARCEL", "YEAR": 2023, "GLYEAR": 2022, "TOWN": "BARRE CITY", "TNAME": "Barre City", "SOURCENAME": null, "SOURCETYPE": "UNKNOWN", "SOURCEDATE": "UNKNOWN", "EDITMETHOD": "UNKNOWN", "EDITOR": "UNKNOWN", "EDITDATE": "UNKNOWN", "MATCHSTAT": "MATCH", "EDITNOTE": "UNKNOWN", "OWNER1": "CROSIER JOSEPH A TRUSTEE OF THE JOSEPH", "OWNER2": "A CROSIER REVOCABLE LIVING TRUST/LE", "ADDRGL1": "121 BROOKLYN ST", "ADDRGL2": "", "CITYGL": "BARRE", "STGL": "VT", "ZIPGL": "05641", "DESCPROP": "VAC LAND-0.05AC", "LOCAPROP": "BROOKLYN ST    NEXT TO 12 BROOKLYN", "CAT": "Miscellaneous", "RESCODE": "C", "ACRESGL": 0.05, "REAL_FLV": 3940, "HSTED_FLV": 0, "NRES_FLV": 3940, "LAND_LV": 3940, "IMPRV_LV": 0, "EQUIPVAL": 0, "EQUIPCODE": "", "INVENVAL": 0, "HSDECL": "N", "HSITEVAL": 0, "VETEXAMT": 0, "EXPDESC": "", "ENDDATE": "", "STATUTE": "", "EXAMT_HS": 0, "EXAMT_NR": 0, "UVREDUC_HS": 0, "UVREDUC_NR": 0, "GLVAL_HS": 0.0, "GLVAL_NR": 39.4, "CRHOUSPCT": 0.0, "MUNGL1PCT": 39.4, "AOEGL_HS": 0.0, "AOEGL_NR": 39.4, "E911ADDR": "BROOKLYN ST", "SHAPE_Length": 0.0008700426493460201, "SHAPE_Area": 3.714182584099832e-08}, "geometry": {"type": "MultiPolygon", "coordinates": [[[[-72.50252973899995, 44.19575492400003], [-72.50264029699997, 44.19570741700005], [-72.50284007099998, 44.19596461300006], [-72.50284085299995, 44.19596559800004], [-72.50276853299994, 44.19599541200006], [-72.50275524099999, 44.19598767800005], [-72.50272670299995, 44.19597010100006], [-72.50268878199995, 44.19594253900004], [-72.50264108799996, 44.19590780600004], [-72.50260863999995, 44.195874057000026], [-72.50255586199995, 44.195798403000026], [-72.50252973899995, 44.19575492400003]]]]}}, {"type": "Feature", "properties": {"OBJECTID": 7498, "SPAN": "036-011-13288", "GLIST_SPAN": "036-011-13288", "MAPID": "0245-L001.0000", "PARCID": "0245-L001-0000", "PROPTYPE": "PARCEL", "YEAR": 2023, "GLYEAR": 2022, "TOWN": "BARRE CITY", "TNAME": "Barre City", "SOURCENAME": null, "SOURCETYPE": "UNKNOWN", "SOURCEDATE": "UNKNOWN", "EDITMETHOD": "UNKNOWN", "EDITOR": "UNKNOWN", "EDITDATE": "UNKNOWN", "MATCHSTAT": "MATCH", "EDITNOTE": "UNKNOWN", "OWNER1": "CITY OF BARRE", "OWNER2": "", "ADDRGL1": "6 N MAIN ST", "ADDRGL2": "", "CITYGL": "BARRE", "STGL": "VT", "ZIPGL": "05641-4115", "DESCPROP": "VL-BTWN BRANCH/BROOKLYN-0.05AC", "LOCAPROP": "BROOKLYN ST   1", "CAT": "Miscellaneous", "RESCODE": "C", "ACRESGL": 0.05, "REAL_FLV": 4730, "HSTED_FLV": 0, "NRES_FLV": 4730, "LAND_LV": 4730, "IMPRV_LV": 0, "EQUIPVAL": 0, "EQUIPCODE": "", "INVENVAL": 0, "HSDECL": "N", "HSITEVAL": 0, "VETEXAMT": 0, "EXPDESC": "Statutory", "ENDDATE": "", "STATUTE": "", "EXAMT_HS": 0, "EXAMT_NR": 0, "UVREDUC_HS": 0, "UVREDUC_NR": 0, "GLVAL_HS": 0.0, "GLVAL_NR": 0.0, "CRHOUSPCT": 0.0, "MUNGL1PCT": 0.0, "AOEGL_HS": 0.0, "AOEGL_NR": 0.0, "E911ADDR": "1 BROOKLYN ST", "SHAPE_Length": 0.0010787980529616873, "SHAPE_Area": 2.749449663528822e-08}, "geometry": {"type": "MultiPolygon", "coordinates": [[[[-72.50307384299998, 44.195960670000034], [-72.50320088899997, 44.19589176100004], [-72.50323998799996, 44.196019868000064], [-72.50324037999997, 44.196020571000076], [-72.50327595899995, 44.19612097500004], [-72.50333240099997, 44.19633599700006], [-72.50325477799998, 44.19616435000006], [-72.50306680699998, 44.19596474900004], [-72.50307384299998, 44.195960670000034]]]]}}, {"type": "Feature", "properties": {"OBJECTID": 7540, "SPAN": "036-011-12305", "GLIST_SPAN": "036-011-12305", "MAPID": "0755-0010.0000", "PARCID": "0755-0010-0000", "PROPTYPE": "PARCEL", "YEAR": 2023, "GLYEAR": 2022, "TOWN": "BARRE CITY", "TNAME": "Barre City", "SOURCENAME": null, "SOURCETYPE": "UNKNOWN", "SOURCEDATE": "UNKNOWN", "EDITMETHOD": "UNKNOWN", "EDITOR": "UNKNOWN", "EDITDATE": "UNKNOWN", "MATCHSTAT": "MATCH", "EDITNOTE": "UNKNOWN", "OWNER1": "BRAMLITT HAROLD R & BRITTANY L", "OWNER2": "", "ADDRGL1": "10 HARRISON AVE", "ADDRGL2": "", "CITYGL": "BARRE", "STGL": "VT", "ZIPGL": "05641", "DESCPROP": "1 FAM-0.62AC", "LOCAPROP": "HARRISON AVE 10", "CAT": "Residential-1", "RESCODE": "T", "ACRESGL": 0.62, "REAL_FLV": 186800, "HSTED_FLV": 186800, "NRES_FLV": 0, "LAND_LV": 26900, "IMPRV_LV": 159900, "EQUIPVAL": 0, "EQUIPCODE": "", "INVENVAL": 0, "HSDECL": "Y", "HSITEVAL": 186800, "VETEXAMT": 0, "EXPDESC": "", "ENDDATE": "", "STATUTE": "", "EXAMT_HS": 0, "EXAMT_NR": 0, "UVREDUC_HS": 0, "UVREDUC_NR": 0, "GLVAL_HS": 1868.0, "GLVAL_NR": 0.0, "CRHOUSPCT": 0.0, "MUNGL1PCT": 1868.0, "AOEGL_HS": 1868.0, "AOEGL_NR": 0.0, "E911ADDR": "10 HARRISON AVE", "SHAPE_Length": 0.002208743101798749, "SHAPE_Area": 2.9060240324542875e-07}, "geometry": {"type": "MultiPolygon", "coordinates": [[[[-72.50670188899994, 44.19493171100004], [-72.50670149799998, 44.19492861800006], [-72.50671009899997, 44.19493044500007], [-72.50676482899996, 44.19494197300003], [-72.50690790899995, 44.194980917000066], [-72.50702127899996, 44.19501311300007], [-72.50714363999998, 44.19505219900003], [-72.50727968399997, 44.19509353400008], [-72.50732933399996, 44.195113218000074], [-72.50732933199998, 44.19511490700006], [-72.50727579099998, 44.195220095000025], [-72.50727500899995, 44.19522150200004], [-72.50727468999997, 44.19522209400003], [-72.50721130399995, 44.195339911000076], [-72.50710968799996, 44.19553172800005], [-72.50709796299998, 44.19555338500004], [-72.50705920099995, 44.19562620600004], [-72.50705418899997, 44.19562440300007], [-72.50669882899996, 44.19552612800004], [-72.50670702999997, 44.19544541000005], [-72.50672616299994, 44.19525936300005], [-72.50671050299997, 44.195050679000076], [-72.50670188899994, 44.19493171100004]]]]}}, {"type": "Feature", "properties": {"OBJECTID": 7561, "SPAN": "036-011-12725", "GLIST_SPAN": "036-011-12725", "MAPID": "0805-0018.0000", "PARCID": "0805-0018-0000", "PROPTYPE": "PARCEL", "YEAR": 2023, "GLYEAR": 2022, "TOWN": "BARRE CITY", "TNAME": "Barre City", "SOURCENAME": null, "SOURCETYPE": "UNKNOWN", "SOURCEDATE": "UNKNOWN", "EDITMETHOD": "UNKNOWN", "EDITOR": "UNKNOWN", "EDITDATE": "UNKNOWN", "MATCHSTAT": "MATCH", "EDITNOTE": "UNKNOWN", "OWNER1": "SAYERS STEVEN A & KELLEY SUSAN I", "OWNER2": "", "ADDRGL1": "35 BRANCH ST APT 1", "ADDRGL2": "", "CITYGL": "BARRE", "STGL": "VT", "ZIPGL": "05641", "DESCPROP": "2 APTS-0.27AC", "LOCAPROP": "HOOKER AVE  18", "CAT": "Residential-1", "RESCODE": "T", "ACRESGL": 0.27, "REAL_FLV": 125000, "HSTED_FLV": 0, "NRES_FLV": 125000, "LAND_LV": 11600, "IMPRV_LV": 113400, "EQUIPVAL": 0, "EQUIPCODE": "", "INVENVAL": 0, "HSDECL": "N", "HSITEVAL": 68300, "VETEXAMT": 0, "EXPDESC": "", "ENDDATE": "", "STATUTE": "", "EXAMT_HS": 0, "EXAMT_NR": 0, "UVREDUC_HS": 0, "UVREDUC_NR": 0, "GLVAL_HS": 0.0, "GLVAL_NR": 1250.0, "CRHOUSPCT": 0.0, "MUNGL1PCT": 1250.0, "AOEGL_HS": 0.0, "AOEGL_NR": 1250.0, "E911ADDR": "18 HOOKER AVE", "SHAPE_Length": 0.0014757475909202347, "SHAPE_Area": 1.2822688028571376e-07}, "geometry": {"type": "MultiPolygon", "coordinates": [[[[-72.50355694599995, 44.19465271400003], [-72.50360698299994, 44.19464188500007], [-72.50361167499995, 44.19466621200007], [-72.50361245699997, 44.19467071200006], [-72.50365273599994, 44.194922287000054], [-72.50358237499995, 44.194936075000044], [-72.50353937199998, 44.19494450900004], [-72.50324149599999, 44.19500315800008], [-72.50323758699994, 44.19500498600007], [-72.50321960299993, 44.194961112000044], [-72.50315978399993, 44.194800100000066], [-72.50315939299998, 44.19479911500008], [-72.50313671599997, 44.19473428800006], [-72.50348032799997, 44.194668326000055], [-72.50348384499995, 44.19466762300004], [-72.50355694599995, 44.19465271400003]]]]}}, {"type": "Feature", "properties": {"OBJECTID": 7779, "SPAN": "036-011-12815", "GLIST_SPAN": "036-011-12815", "MAPID": "0260-0008.0000", "PARCID": "0260-0008-0000", "PROPTYPE": "PARCEL", "YEAR": 2023, "GLYEAR": 2022, "TOWN": "BARRE CITY", "TNAME": "Barre City", "SOURCENAME": null, "SOURCETYPE": "UNKNOWN", "SOURCEDATE": "UNKNOWN", "EDITMETHOD": "UNKNOWN", "EDITOR": "UNKNOWN", "EDITDATE": "UNKNOWN", "MATCHSTAT": "MATCH", "EDITNOTE": "UNKNOWN", "OWNER1": "P & G CUSTOM SANDBLAST INC", "OWNER2": "", "ADDRGL1": "8 BURNHAM ST", "ADDRGL2": "", "CITYGL": "BARRE", "STGL": "VT", "ZIPGL": "05641", "DESCPROP": "GRANITE PLANT-0.07AC", "LOCAPROP": "BURNHAM ST   8", "CAT": "Industrial", "RESCODE": "C", "ACRESGL": 0.07, "REAL_FLV": 48950, "HSTED_FLV": 0, "NRES_FLV": 48950, "LAND_LV": 9850, "IMPRV_LV": 39100, "EQUIPVAL": 0, "EQUIPCODE": "", "INVENVAL": 0, "HSDECL": "N", "HSITEVAL": 0, "VETEXAMT": 0, "EXPDESC": "", "ENDDATE": "", "STATUTE": "", "EXAMT_HS": 0, "EXAMT_NR": 0, "UVREDUC_HS": 0, "UVREDUC_NR": 0, "GLVAL_HS": 0.0, "GLVAL_NR": 489.5, "CRHOUSPCT": 0.0, "MUNGL1PCT": 489.5, "AOEGL_HS": 0.0, "AOEGL_NR": 489.5, "E911ADDR": "8 BURNHAM ST", "SHAPE_Length": 0.0007179109812199805, "SHAPE_Area": 3.1527395804787786e-08}, "geometry": {"type": "MultiPolygon", "coordinates": [[[[-72.50493002599995, 44.19687761300003], [-72.50507310399996, 44.196857075000025], [-72.50516849199994, 44.19686832100007], [-72.50517632099996, 44.19698377200007], [-72.50517592999995, 44.196988272000056], [-72.50516772099996, 44.19698953900007], [-72.50497616699994, 44.19702034300008], [-72.50497303999998, 44.19702062500005], [-72.50492806999995, 44.19687789400007], [-72.50493002599995, 44.19687761300003]]]]}}, {"type": "Feature", "properties": {"OBJECTID": 7832, "SPAN": "C-21020-6", "GLIST_SPAN": "036-011-12430", "MAPID": null, "PARCID": "1230-0050-0000", "PROPTYPE": "PARCEL", "YEAR": 2023, "GLYEAR": 2022, "TOWN": "BARRE CITY", "TNAME": "Barre City", "SOURCENAME": null, "SOURCETYPE": "UNKNOWN", "SOURCEDATE": "UNKNOWN", "EDITMETHOD": "UNKNOWN", "EDITOR": "UNKNOWN", "EDITDATE": "UNKNOWN", "MATCHSTAT": "MATCH", "EDITNOTE": "UNKNOWN", "OWNER1": "MOROS PHILIP G & MUELLER BETH A", "OWNER2": "", "ADDRGL1": "13 PLEASANT ST", "ADDRGL2": "", "CITYGL": "BARRE", "STGL": "VT", "ZIPGL": "05641", "DESCPROP": "RETAIL-0.11AC", "LOCAPROP": "PROSPECT ST  50", "CAT": "Commercial", "RESCODE": "T", "ACRESGL": 0.11, "REAL_FLV": 86900, "HSTED_FLV": 0, "NRES_FLV": 86900, "LAND_LV": 21800, "IMPRV_LV": 65100, "EQUIPVAL": 0, "EQUIPCODE": "", "INVENVAL": 0, "HSDECL": "N", "HSITEVAL": 0, "VETEXAMT": 0, "EXPDESC": "", "ENDDATE": "", "STATUTE": "", "EXAMT_HS": 0, "EXAMT_NR": 0, "UVREDUC_HS": 0, "UVREDUC_NR": 0, "GLVAL_HS": 0.0, "GLVAL_NR": 869.0, "CRHOUSPCT": 0.0, "MUNGL1PCT": 869.0, "AOEGL_HS": 0.0, "AOEGL_NR": 869.0, "E911ADDR": "50 PROSPECT ST", "SHAPE_Length": 0.002409860638134221, "SHAPE_Area": 2.0698933710362144e-07}, "geometry": {"type": "MultiPolygon", "coordinates": [[[[-72.50231466099996, 44.19575734600005], [-72.50233811699997, 44.19575453300007], [-72.50237056399999, 44.195801782000046], [-72.50241747699994, 44.19584959300005], [-72.50246360799997, 44.19589782600008], [-72.50251052099998, 44.195941840000046], [-72.50255586999998, 44.19598022900004], [-72.50260903699996, 44.19602551000003], [-72.50271419999996, 44.19610467800004], [-72.50279004199996, 44.196169644000065], [-72.50284203699994, 44.196215908000056], [-72.50288621399994, 44.196255001000054], [-72.50290927899994, 44.196277500000065], [-72.50293156399994, 44.19630309300004], [-72.50294915599994, 44.196323764000056], [-72.50296207599996, 44.19634082700003], [-72.50301143499996, 44.196408864000034], [-72.50301209999998, 44.19640968400006], [-72.50303868499998, 44.19643794800004], [-72.50307465199995, 44.19648618100007], [-72.50308872699998, 44.19650544600006], [-72.50309107299995, 44.196508821000066], [-72.50298695399994, 44.196506957000054], [-72.50292330499997, 44.19650041700004], [-72.50280812999995, 44.196474253000076], [-72.50269598399996, 44.19644808900006], [-72.50261717999996, 44.19643064600007], [-72.50252226799995, 44.19639422700004], [-72.50249529099995, 44.19630943100003], [-72.50239793899993, 44.19603620200007], [-72.50236705299994, 44.195959843000026], [-72.50234007599994, 44.19589853200006], [-72.50231231899994, 44.19584073600004], [-72.50228260699998, 44.195783222000045], [-72.50226775099998, 44.19576100300003], [-72.50231466099996, 44.19575734600005]]]]}}, {"type": "Feature", "properties": {"OBJECTID": 7875, "SPAN": "036-011-12865", "GLIST_SPAN": "036-011-12865", "MAPID": "0225-0011.0000", "PARCID": "0225-0011-0000", "PROPTYPE": "PARCEL", "YEAR": 2023, "GLYEAR": 2022, "TOWN": "BARRE CITY", "TNAME": "Barre City", "SOURCENAME": null, "SOURCETYPE": "UNKNOWN", "SOURCEDATE": "UNKNOWN", "EDITMETHOD": "UNKNOWN", "EDITOR": "UNKNOWN", "EDITDATE": "UNKNOWN", "MATCHSTAT": "MATCH", "EDITNOTE": "UNKNOWN", "OWNER1": "BELROSE JEFFREY S & KIRSTEN R", "OWNER2": "", "ADDRGL1": "6 ETHEL COURT", "ADDRGL2": "", "CITYGL": "ST ALBANS", "STGL": "VT", "ZIPGL": "05478", "DESCPROP": "3 APTS-0.07AC", "LOCAPROP": "BRANCH ST  11", "CAT": "Residential-1", "RESCODE": "S", "ACRESGL": 0.07, "REAL_FLV": 142900, "HSTED_FLV": 0, "NRES_FLV": 142900, "LAND_LV": 6600, "IMPRV_LV": 136300, "EQUIPVAL": 0, "EQUIPCODE": "", "INVENVAL": 0, "HSDECL": "N", "HSITEVAL": 142900, "VETEXAMT": 0, "EXPDESC": "", "ENDDATE": "", "STATUTE": "", "EXAMT_HS": 0, "EXAMT_NR": 0, "UVREDUC_HS": 0, "UVREDUC_NR": 0, "GLVAL_HS": 0.0, "GLVAL_NR": 1429.0, "CRHOUSPCT": 0.0, "MUNGL1PCT": 1429.0, "AOEGL_HS": 0.0, "AOEGL_NR": 1429.0, "E911ADDR": "11 BRANCH ST", "SHAPE_Length": 0.0008993072454795523, "SHAPE_Area": 4.57812036090566e-08}, "geometry": {"type": "MultiPolygon", "coordinates": [[[[-72.50330056999996, 44.19579275900003], [-72.50356441699995, 44.19574006700003], [-72.50364263299997, 44.19590004500003], [-72.50364302499997, 44.19590173200004], [-72.50334796499999, 44.195938358000035], [-72.50330056999996, 44.19579275900003]]]]}}, {"type": "Feature", "properties": {"OBJECTID": 7951, "SPAN": "036-011-12903", "GLIST_SPAN": "036-011-12903", "MAPID": "0695-0006.0000", "PARCID": "0695-0006-0000", "PROPTYPE": "PARCEL", "YEAR": 2023, "GLYEAR": 2022, "TOWN": "BARRE CITY", "TNAME": "Barre City", "SOURCENAME": null, "SOURCETYPE": "UNKNOWN", "SOURCEDATE": "UNKNOWN", "EDITMETHOD": "UNKNOWN", "EDITOR": "UNKNOWN", "EDITDATE": "UNKNOWN", "MATCHSTAT": "MATCH", "EDITNOTE": "UNKNOWN", "OWNER1": "MCAVOY NANCY J - LIFE ESTATE;", "OWNER2": "PINARDI ERIC J & PINARDI JARED", "ADDRGL1": "6 GRANT AVE", "ADDRGL2": "", "CITYGL": "BARRE", "STGL": "VT", "ZIPGL": "05641", "DESCPROP": "1 FAM-0.27AC", "LOCAPROP": "GRANT AVE   6", "CAT": "Residential-1", "RESCODE": "T", "ACRESGL": 0.27, "REAL_FLV": 167400, "HSTED_FLV": 167400, "NRES_FLV": 0, "LAND_LV": 20200, "IMPRV_LV": 147200, "EQUIPVAL": 0, "EQUIPCODE": "", "INVENVAL": 0, "HSDECL": "Y", "HSITEVAL": 167400, "VETEXAMT": 0, "EXPDESC": "", "ENDDATE": "", "STATUTE": "", "EXAMT_HS": 0, "EXAMT_NR": 0, "UVREDUC_HS": 0, "UVREDUC_NR": 0, "GLVAL_HS": 1674.0, "GLVAL_NR": 0.0, "CRHOUSPCT": 0.0, "MUNGL1PCT": 1674.0, "AOEGL_HS": 1674.0, "AOEGL_NR": 0.0, "E911ADDR": "6 GRANT AVE", "SHAPE_Length": 0.0014831451698292056, "SHAPE_Area": 1.1800968950927514e-07}, "geometry": {"type": "MultiPolygon", "coordinates": [[[[-72.50773721799999, 44.196309900000074], [-72.50778646299995, 44.19622819300008], [-72.50778920099998, 44.19622903700008], [-72.50815942099996, 44.19633279100003], [-72.50816332999995, 44.19633391600007], [-72.50803123099996, 44.196583815000054], [-72.50756366499996, 44.19645475300007], [-72.50756210099996, 44.196454051000046], [-72.50773565399999, 44.19631172800007], [-72.50773643599996, 44.196311165000054], [-72.50773721799999, 44.196309900000074]]]]}}, {"type": "Feature", "properties": {"OBJECTID": 8061, "SPAN": "036-011-13450", "GLIST_SPAN": "036-011-13450", "MAPID": "0985-VL00.0000", "PARCID": "0985-VL00-0000", "PROPTYPE": "PARCEL", "YEAR": 2023, "GLYEAR": 2022, "TOWN": "BARRE CITY", "TNAME": "Barre City", "SOURCENAME": null, "SOURCETYPE": "UNKNOWN", "SOURCEDATE": "UNKNOWN", "EDITMETHOD": "UNKNOWN", "EDITOR": "UNKNOWN", "EDITDATE": "UNKNOWN", "MATCHSTAT": "MATCH", "EDITNOTE": "UNKNOWN", "OWNER1": "GREEN MOUNTAIN POWER CORPORATION", "OWNER2": "", "ADDRGL1": "163 ACORN LN", "ADDRGL2": "", "CITYGL": "COLCHESTER", "STGL": "VT", "ZIPGL": "054456", "DESCPROP": "VAC LAND-1.66AC", "LOCAPROP": "MADISON AVE BURNHAM ST & GRANITE ST (OFF", "CAT": "Miscellaneous", "RESCODE": "C", "ACRESGL": 1.66, "REAL_FLV": 26800, "HSTED_FLV": 0, "NRES_FLV": 26800, "LAND_LV": 26800, "IMPRV_LV": 0, "EQUIPVAL": 0, "EQUIPCODE": "", "INVENVAL": 0, "HSDECL": "N", "HSITEVAL": 0, "VETEXAMT": 0, "EXPDESC": "", "ENDDATE": "", "STATUTE": "", "EXAMT_HS": 0, "EXAMT_NR": 0, "UVREDUC_HS": 0, "UVREDUC_NR": 0, "GLVAL_HS": 0.0, "GLVAL_NR": 268.0, "CRHOUSPCT": 0.0, "MUNGL1PCT": 268.0, "AOEGL_HS": 0.0, "AOEGL_NR": 268.0, "E911ADDR": "MADISON AVE", "SHAPE_Length": 0.004257224648655365, "SHAPE_Area": 6.657034232142722e-07}, "geometry": {"type": "MultiPolygon", "coordinates": [[[[-72.50693865299996, 44.19713133400006], [-72.50694839499994, 44.196874695000076], [-72.50749610799994, 44.19702850300007], [-72.50764466699997, 44.197068149000074], [-72.50778657899997, 44.19710610800007], [-72.50773107999999, 44.19720876700006], [-72.50818225099994, 44.19746157700007], [-72.50852784599994, 44.19753228500008], [-72.50802979899998, 44.19755468100004], [-72.50746296199998, 44.19769379600007], [-72.50688240499994, 44.197531834000074], [-72.50682767299998, 44.19751876000004], [-72.50683118899997, 44.19750624300008], [-72.50693865299996, 44.19713133400006]]]]}}, {"type": "Feature", "properties": {"OBJECTID": 8153, "SPAN": "036-011-13789", "GLIST_SPAN": "036-011-13789", "MAPID": "0260-0012.0000", "PARCID": "0260-0012-0000", "PROPTYPE": "PARCEL", "YEAR": 2023, "GLYEAR": 2022, "TOWN": "BARRE CITY", "TNAME": "Barre City", "SOURCENAME": null, "SOURCETYPE": "UNKNOWN", "SOURCEDATE": "UNKNOWN", "EDITMETHOD": "UNKNOWN", "EDITOR": "UNKNOWN", "EDITDATE": "UNKNOWN", "MATCHSTAT": "MATCH", "EDITNOTE": "UNKNOWN", "OWNER1": "CITY OF BARRE", "OWNER2": "", "ADDRGL1": "6 N MAIN ST", "ADDRGL2": "", "CITYGL": "BARRE", "STGL": "VT", "ZIPGL": "05641", "DESCPROP": "GARAGE-0.05AC", "LOCAPROP": "BURNHAM ST  12", "CAT": "Industrial", "RESCODE": "C", "ACRESGL": 0.05, "REAL_FLV": 19900, "HSTED_FLV": 0, "NRES_FLV": 19900, "LAND_LV": 900, "IMPRV_LV": 19000, "EQUIPVAL": 0, "EQUIPCODE": "", "INVENVAL": 0, "HSDECL": "N", "HSITEVAL": 0, "VETEXAMT": 0, "EXPDESC": "Statutory", "ENDDATE": "", "STATUTE": "", "EXAMT_HS": 0, "EXAMT_NR": 0, "UVREDUC_HS": 0, "UVREDUC_NR": 0, "GLVAL_HS": 0.0, "GLVAL_NR": 0.0, "CRHOUSPCT": 0.0, "MUNGL1PCT": 0.0, "AOEGL_HS": 0.0, "AOEGL_NR": 0.0, "E911ADDR": "12 BURNHAM ST", "SHAPE_Length": 0.0006592863611490169, "SHAPE_Area": 2.353012192371253e-08}, "geometry": {"type": "MultiPolygon", "coordinates": [[[[-72.50540301799998, 44.19652350000007], [-72.50550739499994, 44.19651576100006], [-72.50555509899993, 44.19663472700006], [-72.50555900899997, 44.19664471100003], [-72.50553673799999, 44.19676733600005], [-72.50545541899999, 44.19670419900007], [-72.50544094999998, 44.19665385700006], [-72.50540301799998, 44.19652350000007]]]]}}, {"type": "Feature", "properties": {"OBJECTID": 8156, "SPAN": "036-011-13805", "GLIST_SPAN": "036-011-13805", "MAPID": "0765-VL00.0001", "PARCID": "0765-VL00-0001", "PROPTYPE": "PARCEL", "YEAR": 2023, "GLYEAR": 2022, "TOWN": "BARRE CITY", "TNAME": "Barre City", "SOURCENAME": null, "SOURCETYPE": "UNKNOWN", "SOURCEDATE": "UNKNOWN", "EDITMETHOD": "UNKNOWN", "EDITOR": "UNKNOWN", "EDITDATE": "UNKNOWN", "MATCHSTAT": "MATCH", "EDITNOTE": "UNKNOWN", "OWNER1": "CITY OF BARRE", "OWNER2": "", "ADDRGL1": "6 N MAIN ST", "ADDRGL2": "", "CITYGL": "BARRE", "STGL": "VT", "ZIPGL": "05641", "DESCPROP": "CITY STREET-0.1028AC", "LOCAPROP": "HAYES CT", "CAT": "Miscellaneous", "RESCODE": "C", "ACRESGL": 0.1, "REAL_FLV": 68300, "HSTED_FLV": 0, "NRES_FLV": 68300, "LAND_LV": 68300, "IMPRV_LV": 0, "EQUIPVAL": 0, "EQUIPCODE": "", "INVENVAL": 0, "HSDECL": "N", "HSITEVAL": 0, "VETEXAMT": 0, "EXPDESC": "Statutory", "ENDDATE": "", "STATUTE": "", "EXAMT_HS": 0, "EXAMT_NR": 0, "UVREDUC_HS": 0, "UVREDUC_NR": 0, "GLVAL_HS": 0.0, "GLVAL_NR": 0.0, "CRHOUSPCT": 0.0, "MUNGL1PCT": 0.0, "AOEGL_HS": 0.0, "AOEGL_NR": 0.0, "E911ADDR": "HAYES COURT", "SHAPE_Length": 0.0012627305799504914, "SHAPE_Area": 4.942666801766239e-08}, "geometry": {"type": "MultiPolygon", "coordinates": [[[[-72.50756131899993, 44.196454473000074], [-72.50756210099996, 44.196454051000046], [-72.50756366499996, 44.19645475300007], [-72.50803123099996, 44.196583815000054], [-72.50798511299996, 44.19667156700007], [-72.50797963999997, 44.196670020000056], [-72.50774898399999, 44.19660478700007], [-72.50764030199997, 44.19657399700003], [-72.50745538699994, 44.19652155700004], [-72.50756131899993, 44.196454473000074]]]]}}, {"type": "Feature", "properties": {"OBJECTID": 184149, "SPAN": null, "GLIST_SPAN": null, "MAPID": null, "PARCID": null, "PROPTYPE": "PARCEL", "YEAR": 2023, "GLYEAR": null, "TOWN": "BARRE CITY", "TNAME": null, "SOURCENAME": null, "SOURCETYPE": "UNKNOWN", "SOURCEDATE": "UNKNOWN", "EDITMETHOD": "UNKNOWN", "EDITOR": "UNKNOWN", "EDITDATE": "UNKNOWN", "MATCHSTAT": "UNMATCHED", "EDITNOTE": "UNKNOWN", "OWNER1": null, "OWNER2": null, "ADDRGL1": null, "ADDRGL2": null, "CITYGL": null, "STGL": null, "ZIPGL": null, "DESCPROP": null, "LOCAPROP": null, "CAT": null, "RESCODE": null, "ACRESGL": null, "REAL_FLV": null, "HSTED_FLV": null, "NRES_FLV": null, "LAND_LV": null, "IMPRV_LV": null, "EQUIPVAL": null, "EQUIPCODE": null, "INVENVAL": null, "HSDECL": null, "HSITEVAL": null, "VETEXAMT": null, "EXPDESC": null, "ENDDATE": null, "STATUTE": null, "EXAMT_HS": null, "EXAMT_NR": null, "UVREDUC_HS": null, "UVREDUC_NR": null, "GLVAL_HS": null, "GLVAL_NR": null, "CRHOUSPCT": null, "MUNGL1PCT": null, "AOEGL_HS": null, "AOEGL_NR": null, "E911ADDR": null, "SHAPE_Length": 0.0009917531164849041, "SHAPE_Area": 1.331626807578993e-08}, "geometry": {"type": "MultiPolygon", "coordinates": [[[[-72.50379234699994, 44.19537189700003], [-72.50365273599994, 44.194922287000054], [-72.50384314099995, 44.19534471400004], [-72.50379234699994, 44.19537189700003]]]]}}, {"type": "Feature", "properties": {"OBJECTID": 184154, "SPAN": null, "GLIST_SPAN": null, "MAPID": null, "PARCID": null, "PROPTYPE": "PARCEL", "YEAR": 2023, "GLYEAR": null, "TOWN": "BARRE CITY", "TNAME": null, "SOURCENAME": null, "SOURCETYPE": "UNKNOWN", "SOURCEDATE": "UNKNOWN", "EDITMETHOD": "UNKNOWN", "EDITOR": "UNKNOWN", "EDITDATE": "UNKNOWN", "MATCHSTAT": "UNMATCHED", "EDITNOTE": "UNKNOWN", "OWNER1": null, "OWNER2": null, "ADDRGL1": null, "ADDRGL2": null, "CITYGL": null, "STGL": null, "ZIPGL": null, "DESCPROP": null, "LOCAPROP": null, "CAT": null, "RESCODE": null, "ACRESGL": null, "REAL_FLV": null, "HSTED_FLV": null, "NRES_FLV": null, "LAND_LV": null, "IMPRV_LV": null, "EQUIPVAL": null, "EQUIPCODE": null, "INVENVAL": null, "HSDECL": null, "HSITEVAL": null, "VETEXAMT": null, "EXPDESC": null, "ENDDATE": null, "STATUTE": null, "EXAMT_HS": null, "EXAMT_NR": null, "UVREDUC_HS": null, "UVREDUC_NR": null, "GLVAL_HS": null, "GLVAL_NR": null, "CRHOUSPCT": null, "MUNGL1PCT": null, "AOEGL_HS": null, "AOEGL_NR": null, "E911ADDR": null, "SHAPE_Length": 0.0005530875155400459, "SHAPE_Area": 1.6472515455497568e-08}, "geometry": {"type": "MultiPolygon", "coordinates": [[[[-72.50497616699994, 44.19702034300008], [-72.50516772099996, 44.19698953900007], [-72.50517789199995, 44.19707616300008], [-72.50500432099994, 44.197104154000044], [-72.50499923899997, 44.197104436000075], [-72.50497303999998, 44.19702062500005], [-72.50497616699994, 44.19702034300008]]]]}}, {"type": "Feature", "properties": {"OBJECTID": 184166, "SPAN": null, "GLIST_SPAN": null, "MAPID": null, "PARCID": null, "PROPTYPE": "PARCEL", "YEAR": 2023, "GLYEAR": null, "TOWN": "BARRE CITY", "TNAME": null, "SOURCENAME": null, "SOURCETYPE": "UNKNOWN", "SOURCEDATE": "UNKNOWN", "EDITMETHOD": "UNKNOWN", "EDITOR": "UNKNOWN", "EDITDATE": "UNKNOWN", "MATCHSTAT": "UNMATCHED", "EDITNOTE": "UNKNOWN", "OWNER1": null, "OWNER2": null, "ADDRGL1": null, "ADDRGL2": null, "CITYGL": null, "STGL": null, "ZIPGL": null, "DESCPROP": null, "LOCAPROP": null, "CAT": null, "RESCODE": null, "ACRESGL": null, "REAL_FLV": null, "HSTED_FLV": null, "NRES_FLV": null, "LAND_LV": null, "IMPRV_LV": null, "EQUIPVAL": null, "EQUIPCODE": null, "INVENVAL": null, "HSDECL": null, "HSITEVAL": null, "VETEXAMT": null, "EXPDESC": null, "ENDDATE": null, "STATUTE": null, "EXAMT_HS": null, "EXAMT_NR": null, "UVREDUC_HS": null, "UVREDUC_NR": null, "GLVAL_HS": null, "GLVAL_NR": null, "CRHOUSPCT": null, "MUNGL1PCT": null, "AOEGL_HS": null, "AOEGL_NR": null, "E911ADDR": null, "SHAPE_Length": 0.0014782209032046857, "SHAPE_Area": 2.509331135539436e-08}, "geometry": {"type": "MultiPolygon", "coordinates": [[[[-72.50296696599997, 44.19704510100007], [-72.50280303299996, 44.196948373000055], [-72.50267544099995, 44.19678382200004], [-72.50257838899995, 44.196543527000074], [-72.50263416899998, 44.19655154600008], [-72.50263604599996, 44.19655186800003], [-72.50267879899997, 44.19674314800005], [-72.50282879199995, 44.19692138000005], [-72.50295398799994, 44.19698732400008], [-72.50298844699995, 44.19695463900007], [-72.50303346099997, 44.19698227900005], [-72.50296696599997, 44.19704510100007]]]]}}, {"type": "Feature", "properties": {"OBJECTID": 184182, "SPAN": null, "GLIST_SPAN": null, "MAPID": null, "PARCID": null, "PROPTYPE": "PARCEL", "YEAR": 2023, "GLYEAR": null, "TOWN": "BARRE CITY", "TNAME": null, "SOURCENAME": null, "SOURCETYPE": "UNKNOWN", "SOURCEDATE": "UNKNOWN", "EDITMETHOD": "UNKNOWN", "EDITOR": "UNKNOWN", "EDITDATE": "UNKNOWN", "MATCHSTAT": "UNMATCHED", "EDITNOTE": "UNKNOWN", "OWNER1": null, "OWNER2": null, "ADDRGL1": null, "ADDRGL2": null, "CITYGL": null, "STGL": null, "ZIPGL": null, "DESCPROP": null, "LOCAPROP": null, "CAT": null, "RESCODE": null, "ACRESGL": null, "REAL_FLV": null, "HSTED_FLV": null, "NRES_FLV": null, "LAND_LV": null, "IMPRV_LV": null, "EQUIPVAL": null, "EQUIPCODE": null, "INVENVAL": null, "HSDECL": null, "HSITEVAL": null, "VETEXAMT": null, "EXPDESC": null, "ENDDATE": null, "STATUTE": null, "EXAMT_HS": null, "EXAMT_NR": null, "UVREDUC_HS": null, "UVREDUC_NR": null, "GLVAL_HS": null, "GLVAL_NR": null, "CRHOUSPCT": null, "MUNGL1PCT": null, "AOEGL_HS": null, "AOEGL_NR": null, "E911ADDR": null, "SHAPE_Length": 0.0007916379298594323, "SHAPE_Area": 9.446744316423272e-09}, "geometry": {"type": "MultiPolygon", "coordinates": [[[[-72.50379620399997, 44.19493226700007], [-72.50384428599995, 44.19492481200007], [-72.50394047499998, 44.19527861800003], [-72.50393617499998, 44.195276368000066], [-72.50379620399997, 44.19493226700007]]]]}}, {"type": "Feature", "properties": {"OBJECTID": 4063, "SPAN": "036-011-10384", "GLIST_SPAN": "036-011-10384", "MAPID": "1050-0014.0000", "PARCID": "1050-0014-0000", "PROPTYPE": "PARCEL", "YEAR": 2023, "GLYEAR": 2022, "TOWN": "BARRE CITY", "TNAME": "Barre City", "SOURCENAME": null, "SOURCETYPE": "UNKNOWN", "SOURCEDATE": "UNKNOWN", "EDITMETHOD": "UNKNOWN", "EDITOR": "UNKNOWN", "EDITDATE": "UNKNOWN", "MATCHSTAT": "MATCH", "EDITNOTE": "UNKNOWN", "OWNER1": "BOUCHER GUY F - LIFE ESTATE;", "OWNER2": "BOUCHER KEITH J PETER A & BRUCE F", "ADDRGL1": "14 MOUNT ST APT 1", "ADDRGL2": "", "CITYGL": "BARRE", "STGL": "VT", "ZIPGL": "05641-3121", "DESCPROP": "3 APTS-0.08AC", "LOCAPROP": "MOUNT ST  14", "CAT": "Residential-1", "RESCODE": "T", "ACRESGL": 0.08, "REAL_FLV": 120380, "HSTED_FLV": 46370, "NRES_FLV": 74010, "LAND_LV": 8250, "IMPRV_LV": 112130, "EQUIPVAL": 0, "EQUIPCODE": "", "INVENVAL": 0, "HSDECL": "Y", "HSITEVAL": 46370, "VETEXAMT": 0, "EXPDESC": "", "ENDDATE": "", "STATUTE": "", "EXAMT_HS": 0, "EXAMT_NR": 0, "UVREDUC_HS": 0, "UVREDUC_NR": 0, "GLVAL_HS": 464.0, "GLVAL_NR": 740.1, "CRHOUSPCT": 0.0, "MUNGL1PCT": 1203.8, "AOEGL_HS": 464.0, "AOEGL_NR": 740.1, "E911ADDR": "14 MOUNT ST", "SHAPE_Length": 0.000773325497173109, "SHAPE_Area": 3.582202373019926e-08}, "geometry": {"type": "MultiPolygon", "coordinates": [[[[-72.49747409199995, 44.19618485400008], [-72.49758412399996, 44.196043176000046], [-72.49777678799995, 44.19611715100007], [-72.49775485899994, 44.196145382000054], [-72.49775450499999, 44.196145837000074], [-72.49765676899995, 44.196262975000025], [-72.49747409199995, 44.19618485400008]]]]}}, {"type": "Feature", "properties": {"OBJECTID": 4120, "SPAN": "036-011-10413", "GLIST_SPAN": "036-011-10413", "MAPID": "1345-0036.0000", "PARCID": "1345-0036-0000", "PROPTYPE": "PARCEL", "YEAR": 2023, "GLYEAR": 2022, "TOWN": "BARRE CITY", "TNAME": "Barre City", "SOURCENAME": null, "SOURCETYPE": "UNKNOWN", "SOURCEDATE": "UNKNOWN", "EDITMETHOD": "UNKNOWN", "EDITOR": "UNKNOWN", "EDITDATE": "UNKNOWN", "MATCHSTAT": "MATCH", "EDITNOTE": "UNKNOWN", "OWNER1": "BRASSARD PAUL H", "OWNER2": "", "ADDRGL1": "268 US RTE 302", "ADDRGL2": "", "CITYGL": "E BARRE", "STGL": "VT", "ZIPGL": "05649", "DESCPROP": "3 APTS/STORE-0.23AC", "LOCAPROP": "S MAIN ST  36", "CAT": "Commercial", "RESCODE": "S", "ACRESGL": 0.23, "REAL_FLV": 170700, "HSTED_FLV": 0, "NRES_FLV": 170700, "LAND_LV": 30100, "IMPRV_LV": 140600, "EQUIPVAL": 0, "EQUIPCODE": "", "INVENVAL": 0, "HSDECL": "N", "HSITEVAL": 0, "VETEXAMT": 0, "EXPDESC": "", "ENDDATE": "", "STATUTE": "", "EXAMT_HS": 0, "EXAMT_NR": 0, "UVREDUC_HS": 0, "UVREDUC_NR": 0, "GLVAL_HS": 0.0, "GLVAL_NR": 1707.0, "CRHOUSPCT": 0.0, "MUNGL1PCT": 1707.0, "AOEGL_HS": 0.0, "AOEGL_NR": 1707.0, "E911ADDR": "36 S MAIN ST", "SHAPE_Length": 0.0014715958303574948, "SHAPE_Area": 1.05529870547481e-07}, "geometry": {"type": "MultiPolygon", "coordinates": [[[[-72.50039483299997, 44.194550535000076], [-72.50089246699997, 44.19448542400005], [-72.50094211499999, 44.19468707800007], [-72.50040226199997, 44.19473489300003], [-72.50039952499998, 44.19473419000008], [-72.50036356099997, 44.19472561300006], [-72.50036121499994, 44.194725050000045], [-72.50039405099994, 44.19455152000006], [-72.50039483299997, 44.194550535000076]]]]}}, {"type": "Feature", "properties": {"OBJECTID": 4122, "SPAN": "036-011-10414", "GLIST_SPAN": "036-011-10414", "MAPID": "1355-0005.0000", "PARCID": "1355-0005-0000", "PROPTYPE": "PARCEL", "YEAR": 2023, "GLYEAR": 2022, "TOWN": "BARRE CITY", "TNAME": "Barre City", "SOURCENAME": null, "SOURCETYPE": "UNKNOWN", "SOURCEDATE": "UNKNOWN", "EDITMETHOD": "UNKNOWN", "EDITOR": "UNKNOWN", "EDITDATE": "UNKNOWN", "MATCHSTAT": "MATCH", "EDITNOTE": "UNKNOWN", "OWNER1": "5 SPAULDING STREET BARRE LLC", "OWNER2": "", "ADDRGL1": "384 WEST STREET", "ADDRGL2": "", "CITYGL": "BRAINTREE", "STGL": "VT", "ZIPGL": "05060", "DESCPROP": "6 APTS-0.05AC", "LOCAPROP": "SPAULDING ST   5", "CAT": "Commercial Apt", "RESCODE": "C", "ACRESGL": 0.05, "REAL_FLV": 155900, "HSTED_FLV": 0, "NRES_FLV": 155900, "LAND_LV": 6800, "IMPRV_LV": 149100, "EQUIPVAL": 0, "EQUIPCODE": "", "INVENVAL": 0, "HSDECL": "N", "HSITEVAL": 0, "VETEXAMT": 0, "EXPDESC": "", "ENDDATE": "", "STATUTE": "", "EXAMT_HS": 0, "EXAMT_NR": 0, "UVREDUC_HS": 0, "UVREDUC_NR": 0, "GLVAL_HS": 0.0, "GLVAL_NR": 1559.0, "CRHOUSPCT": 0.0, "MUNGL1PCT": 1559.0, "AOEGL_HS": 0.0, "AOEGL_NR": 1559.0, "E911ADDR": "5 SPAULDING ST", "SHAPE_Length": 0.0006230945369118582, "SHAPE_Area": 2.37426763662101e-08}, "geometry": {"type": "MultiPolygon", "coordinates": [[[[-72.49997498999994, 44.196080101000064], [-72.49997663799996, 44.19607677600004], [-72.50012191399998, 44.19611304700004], [-72.50011903699993, 44.19611936200005], [-72.50005658799995, 44.19625641500005], [-72.50005448499996, 44.196255919000066], [-72.50002720399993, 44.19624948500007], [-72.49990553399994, 44.19622079100003], [-72.49997144499997, 44.196087282000065], [-72.49997498999994, 44.196080101000064]]]]}}, {"type": "Feature", "properties": {"OBJECTID": 4228, "SPAN": "036-011-10468", "GLIST_SPAN": "036-011-10468", "MAPID": "1355-0051.0000", "PARCID": "1355-0051-0000", "PROPTYPE": "PARCEL", "YEAR": 2023, "GLYEAR": 2022, "TOWN": "BARRE CITY", "TNAME": "Barre City", "SOURCENAME": null, "SOURCETYPE": "UNKNOWN", "SOURCEDATE": "UNKNOWN", "EDITMETHOD": "UNKNOWN", "EDITOR": "UNKNOWN", "EDITDATE": "UNKNOWN", "MATCHSTAT": "MATCH", "EDITNOTE": "UNKNOWN", "OWNER1": "56 SPAULDING STREET LLC", "OWNER2": "", "ADDRGL1": "PO BOX 766", "ADDRGL2": "", "CITYGL": "BARRE", "STGL": "VT", "ZIPGL": "05641-0766", "DESCPROP": "DET GARAGE-0.05AC", "LOCAPROP": "SPAULDING ST  51", "CAT": "Residential-1", "RESCODE": "C", "ACRESGL": 0.05, "REAL_FLV": 13230, "HSTED_FLV": 0, "NRES_FLV": 13230, "LAND_LV": 6750, "IMPRV_LV": 6480, "EQUIPVAL": 0, "EQUIPCODE": "", "INVENVAL": 0, "HSDECL": "N", "HSITEVAL": 0, "VETEXAMT": 0, "EXPDESC": "", "ENDDATE": "", "STATUTE": "", "EXAMT_HS": 0, "EXAMT_NR": 0, "UVREDUC_HS": 0, "UVREDUC_NR": 0, "GLVAL_HS": 0.0, "GLVAL_NR": 132.3, "CRHOUSPCT": 0.0, "MUNGL1PCT": 132.3, "AOEGL_HS": 0.0, "AOEGL_NR": 132.3, "E911ADDR": "51 SPAULDING ST", "SHAPE_Length": 0.0006171588783019204, "SHAPE_Area": 2.182167777978532e-08}, "geometry": {"type": "MultiPolygon", "coordinates": [[[[-72.49876315699998, 44.194525499000065], [-72.49876550199997, 44.19452324900004], [-72.49889763099998, 44.19455292200007], [-72.49889919399999, 44.194553625000026], [-72.49889880399996, 44.19455460900008], [-72.49884016399994, 44.194674561000056], [-72.49883820899998, 44.19467849800003], [-72.49868536199995, 44.19469255900003], [-72.49868614299999, 44.194690027000036], [-72.49876315699998, 44.194525499000065]]]]}}, {"type": "Feature", "properties": {"OBJECTID": 4230, "SPAN": "036-011-10469", "GLIST_SPAN": "036-011-10469", "MAPID": "1355-0056.0000", "PARCID": "1355-0056-0000", "PROPTYPE": "PARCEL", "YEAR": 2023, "GLYEAR": 2022, "TOWN": "BARRE CITY", "TNAME": "Barre City", "SOURCENAME": null, "SOURCETYPE": "UNKNOWN", "SOURCEDATE": "UNKNOWN", "EDITMETHOD": "UNKNOWN", "EDITOR": "UNKNOWN", "EDITDATE": "UNKNOWN", "MATCHSTAT": "MATCH", "EDITNOTE": "UNKNOWN", "OWNER1": "56 SPAULDING STREET LLC", "OWNER2": "", "ADDRGL1": "PO BOX 766", "ADDRGL2": "", "CITYGL": "BARRE", "STGL": "VT", "ZIPGL": "05641-0766", "DESCPROP": "4 APTS-0.13AC", "LOCAPROP": "SPAULDING ST  56", "CAT": "Residential-1", "RESCODE": "C", "ACRESGL": 0.13, "REAL_FLV": 193210, "HSTED_FLV": 0, "NRES_FLV": 193210, "LAND_LV": 11640, "IMPRV_LV": 181570, "EQUIPVAL": 0, "EQUIPCODE": "", "INVENVAL": 0, "HSDECL": "N", "HSITEVAL": 193210, "VETEXAMT": 0, "EXPDESC": "", "ENDDATE": "", "STATUTE": "", "EXAMT_HS": 0, "EXAMT_NR": 0, "UVREDUC_HS": 0, "UVREDUC_NR": 0, "GLVAL_HS": 0.0, "GLVAL_NR": 1932.1, "CRHOUSPCT": 0.0, "MUNGL1PCT": 1932.1, "AOEGL_HS": 0.0, "AOEGL_NR": 1932.1, "E911ADDR": "56 SPAULDING ST", "SHAPE_Length": 0.001108999707572586, "SHAPE_Area": 6.562762510234055e-08}, "geometry": {"type": "MultiPolygon", "coordinates": [[[[-72.49871467799994, 44.194784808000065], [-72.49890036399995, 44.194766670000035], [-72.49901646499995, 44.19479620200008], [-72.49901451099998, 44.19479774900003], [-72.49889488799994, 44.194945543000074], [-72.49885931299997, 44.194989418000034], [-72.49880966599994, 44.19501754200007], [-72.49854306399999, 44.194885071000044], [-72.49871467799994, 44.194784808000065]]]]}}, {"type": "Feature", "properties": {"OBJECTID": 4257, "SPAN": "036-011-10067", "GLIST_SPAN": "036-011-10067", "MAPID": "1355-0031.0000", "PARCID": "1355-0031-0000", "PROPTYPE": "PARCEL", "YEAR": 2023, "GLYEAR": 2022, "TOWN": "BARRE CITY", "TNAME": "Barre City", "SOURCENAME": null, "SOURCETYPE": "UNKNOWN", "SOURCEDATE": "UNKNOWN", "EDITMETHOD": "UNKNOWN", "EDITOR": "UNKNOWN", "EDITDATE": "UNKNOWN", "MATCHSTAT": "MATCH", "EDITNOTE": "UNKNOWN", "OWNER1": "ARCHER HAL", "OWNER2": "", "ADDRGL1": "31 SPAULDING ST", "ADDRGL2": "", "CITYGL": "BARRE", "STGL": "VT", "ZIPGL": "05641", "DESCPROP": "1 FAM-0.14AC", "LOCAPROP": "SPAULDING ST  31", "CAT": "Residential-1", "RESCODE": "T", "ACRESGL": 0.14, "REAL_FLV": 140310, "HSTED_FLV": 140310, "NRES_FLV": 0, "LAND_LV": 13000, "IMPRV_LV": 127310, "EQUIPVAL": 0, "EQUIPCODE": "", "INVENVAL": 0, "HSDECL": "Y", "HSITEVAL": 140310, "VETEXAMT": 0, "EXPDESC": "", "ENDDATE": "", "STATUTE": "", "EXAMT_HS": 0, "EXAMT_NR": 0, "UVREDUC_HS": 0, "UVREDUC_NR": 0, "GLVAL_HS": 1403.0, "GLVAL_NR": 0.0, "CRHOUSPCT": 0.0, "MUNGL1PCT": 1403.1, "AOEGL_HS": 1403.0, "AOEGL_NR": 0.0, "E911ADDR": "31 SPAULDING ST", "SHAPE_Length": 0.001082200126232371, "SHAPE_Area": 7.148543059700305e-08}, "geometry": {"type": "MultiPolygon", "coordinates": [[[[-72.49966460299999, 44.194864970000026], [-72.49978500599997, 44.194614942000044], [-72.49993355399994, 44.19464883200004], [-72.50003831899994, 44.19467231600004], [-72.49991830799996, 44.19492895500008], [-72.49966460299999, 44.194864970000026]]]]}}, {"type": "Feature", "properties": {"OBJECTID": 4424, "SPAN": "036-011-10835", "GLIST_SPAN": "036-011-10835", "MAPID": "0895-0031.0000", "PARCID": "0895-0031-0000", "PROPTYPE": "PARCEL", "YEAR": 2023, "GLYEAR": 2022, "TOWN": "BARRE CITY", "TNAME": "Barre City", "SOURCENAME": null, "SOURCETYPE": "UNKNOWN", "SOURCEDATE": "UNKNOWN", "EDITMETHOD": "UNKNOWN", "EDITOR": "UNKNOWN", "EDITDATE": "UNKNOWN", "MATCHSTAT": "MATCH", "EDITNOTE": "UNKNOWN", "OWNER1": "DESROCHERS PATRICIA J", "OWNER2": "", "ADDRGL1": "31 KING ST", "ADDRGL2": "", "CITYGL": "BARRE", "STGL": "VT", "ZIPGL": "05641", "DESCPROP": "1 FAM-0.17AC", "LOCAPROP": "KING ST  31", "CAT": "Residential-1", "RESCODE": "T", "ACRESGL": 0.17, "REAL_FLV": 137700, "HSTED_FLV": 103000, "NRES_FLV": 34700, "LAND_LV": 20950, "IMPRV_LV": 116750, "EQUIPVAL": 0, "EQUIPCODE": "", "INVENVAL": 0, "HSDECL": "Y", "HSITEVAL": 103000, "VETEXAMT": 0, "EXPDESC": "", "ENDDATE": "", "STATUTE": "", "EXAMT_HS": 0, "EXAMT_NR": 0, "UVREDUC_HS": 0, "UVREDUC_NR": 0, "GLVAL_HS": 1030.0, "GLVAL_NR": 347.0, "CRHOUSPCT": 0.0, "MUNGL1PCT": 1377.0, "AOEGL_HS": 1030.0, "AOEGL_NR": 347.0, "E911ADDR": "31 KING ST", "SHAPE_Length": 0.0013536185587761736, "SHAPE_Area": 1.1475768807411579e-07}, "geometry": {"type": "MultiPolygon", "coordinates": [[[[-72.49993355399994, 44.19464883200004], [-72.50001056499997, 44.19446236500005], [-72.50001290999995, 44.19446278700008], [-72.50003128199995, 44.194421584000054], [-72.50005004599996, 44.19437897500006], [-72.50005356499997, 44.19437925600005], [-72.50035417699996, 44.194443240000055], [-72.50035417699996, 44.194444083000064], [-72.50037606899997, 44.19449738000003], [-72.50039600599996, 44.19454912900005], [-72.50039483299997, 44.194550535000076], [-72.50039405099994, 44.19455152000006], [-72.50036121499994, 44.194725050000045], [-72.50035769799996, 44.19474347100004], [-72.50029749699996, 44.19473039400003], [-72.50003831899994, 44.19467231600004], [-72.49993355399994, 44.19464883200004]]]]}}, {"type": "Feature", "properties": {"OBJECTID": 4483, "SPAN": "036-011-10864", "GLIST_SPAN": "036-011-10864", "MAPID": "0245-0016.0000", "PARCID": "0245-0016-0000", "PROPTYPE": "PARCEL", "YEAR": 2023, "GLYEAR": 2022, "TOWN": "BARRE CITY", "TNAME": "Barre City", "SOURCENAME": null, "SOURCETYPE": "UNKNOWN", "SOURCEDATE": "UNKNOWN", "EDITMETHOD": "UNKNOWN", "EDITOR": "UNKNOWN", "EDITDATE": "UNKNOWN", "MATCHSTAT": "MATCH", "EDITNOTE": "UNKNOWN", "OWNER1": "CROSIER JOSEPH A TRUSTEE OF THE JOSEPH", "OWNER2": "A CROSIER REVOCABLE LIVING TRUST/LE", "ADDRGL1": "121 BROOKLYN ST", "ADDRGL2": "", "CITYGL": "BARRE", "STGL": "VT", "ZIPGL": "05641", "DESCPROP": "OB/SHED-0.05 & .07AC", "LOCAPROP": "BROOKLYN ST  16", "CAT": "Residential-1", "RESCODE": "T", "ACRESGL": 0.12, "REAL_FLV": 33800, "HSTED_FLV": 0, "NRES_FLV": 33800, "LAND_LV": 12200, "IMPRV_LV": 21600, "EQUIPVAL": 0, "EQUIPCODE": "", "INVENVAL": 0, "HSDECL": "N", "HSITEVAL": 33800, "VETEXAMT": 0, "EXPDESC": "", "ENDDATE": "", "STATUTE": "", "EXAMT_HS": 0, "EXAMT_NR": 0, "UVREDUC_HS": 0, "UVREDUC_NR": 0, "GLVAL_HS": 0.0, "GLVAL_NR": 338.0, "CRHOUSPCT": 0.0, "MUNGL1PCT": 338.0, "AOEGL_HS": 0.0, "AOEGL_NR": 338.0, "E911ADDR": "16 BROOKLYN ST", "SHAPE_Length": 0.001209415128215355, "SHAPE_Area": 5.360751012799672e-08}, "geometry": {"type": "MultiPolygon", "coordinates": [[[[-72.50225014299997, 44.195348273000036], [-72.50233262599994, 44.19531072500007], [-72.50252457799996, 44.19556173400008], [-72.50253239699998, 44.19557185900004], [-72.50263951499994, 44.19570601200007], [-72.50264029699997, 44.19570741700005], [-72.50252973899995, 44.19575492400003], [-72.50252927699995, 44.19575410700003], [-72.50251715799999, 44.19573371700005], [-72.50249643799998, 44.195713186000035], [-72.50247141799997, 44.19568717100003], [-72.50244014199995, 44.195651594000026], [-72.50240884099998, 44.19560773000006], [-72.50240769499999, 44.195606173000044], [-72.50239557499998, 44.195584659000076], [-72.50236898999998, 44.195540925000046], [-72.50234279699998, 44.19547961300003], [-72.50225014299997, 44.195348273000036]]]]}}, {"type": "Feature", "properties": {"OBJECTID": 4508, "SPAN": "036-011-10166", "GLIST_SPAN": "036-011-10166", "MAPID": "1515-0076.0000", "PARCID": "1515-0076-0000", "PROPTYPE": "PARCEL", "YEAR": 2023, "GLYEAR": 2022, "TOWN": "BARRE CITY", "TNAME": "Barre City", "SOURCENAME": null, "SOURCETYPE": "UNKNOWN", "SOURCEDATE": "UNKNOWN", "EDITMETHOD": "UNKNOWN", "EDITOR": "UNKNOWN", "EDITDATE": "UNKNOWN", "MATCHSTAT": "MATCH", "EDITNOTE": "UNKNOWN", "OWNER1": "BARNETT BERNARD A & JACKIE ANN (WILSON)", "OWNER2": "", "ADDRGL1": "76 WASHINGTON ST", "ADDRGL2": "", "CITYGL": "BARRE", "STGL": "VT", "ZIPGL": "05641", "DESCPROP": "1 FAM-0.19AC", "LOCAPROP": "WASHINGTON ST  76", "CAT": "Residential-1", "RESCODE": "T", "ACRESGL": 0.19, "REAL_FLV": 166000, "HSTED_FLV": 166000, "NRES_FLV": 0, "LAND_LV": 17000, "IMPRV_LV": 149000, "EQUIPVAL": 0, "EQUIPCODE": "", "INVENVAL": 0, "HSDECL": "Y", "HSITEVAL": 166000, "VETEXAMT": 0, "EXPDESC": "", "ENDDATE": "", "STATUTE": "", "EXAMT_HS": 0, "EXAMT_NR": 0, "UVREDUC_HS": 0, "UVREDUC_NR": 0, "GLVAL_HS": 1660.0, "GLVAL_NR": 0.0, "CRHOUSPCT": 0.0, "MUNGL1PCT": 1660.0, "AOEGL_HS": 1660.0, "AOEGL_NR": 0.0, "E911ADDR": "76 WASHINGTON ST", "SHAPE_Length": 0.0013978005022048145, "SHAPE_Area": 1.0576941991395183e-07}, "geometry": {"type": "MultiPolygon", "coordinates": [[[[-72.49754463499994, 44.195546267000054], [-72.49785229999998, 44.19526207200005], [-72.49805557399998, 44.19537274700008], [-72.49774543199999, 44.19569212600004], [-72.49751344199996, 44.19557515900004], [-72.49751480099997, 44.195573900000056], [-72.49754463499994, 44.195546267000054]]]]}}, {"type": "Feature", "properties": {"OBJECTID": 4546, "SPAN": "036-011-10175", "GLIST_SPAN": "036-011-10175", "MAPID": "0350-0035.0000", "PARCID": "0350-0035-0000", "PROPTYPE": "PARCEL", "YEAR": 2023, "GLYEAR": 2022, "TOWN": "BARRE CITY", "TNAME": "Barre City", "SOURCENAME": null, "SOURCETYPE": "UNKNOWN", "SOURCEDATE": "UNKNOWN", "EDITMETHOD": "UNKNOWN", "EDITOR": "UNKNOWN", "EDITDATE": "UNKNOWN", "MATCHSTAT": "MATCH", "EDITNOTE": "UNKNOWN", "OWNER1": "BARRE CONGREGATIONAL CHURCH", "OWNER2": "", "ADDRGL1": "35 CHURCH ST", "ADDRGL2": "", "CITYGL": "BARRE", "STGL": "VT", "ZIPGL": "05641", "DESCPROP": "CHURCH-0.33AC", "LOCAPROP": "CHURCH ST  35", "CAT": "Commercial", "RESCODE": "C", "ACRESGL": 0.33, "REAL_FLV": 2005700, "HSTED_FLV": 0, "NRES_FLV": 2005700, "LAND_LV": 105700, "IMPRV_LV": 1900000, "EQUIPVAL": 0, "EQUIPCODE": "", "INVENVAL": 0, "HSDECL": "N", "HSITEVAL": 0, "VETEXAMT": 0, "EXPDESC": "Statutory", "ENDDATE": "", "STATUTE": "", "EXAMT_HS": 0, "EXAMT_NR": 0, "UVREDUC_HS": 0, "UVREDUC_NR": 0, "GLVAL_HS": 0.0, "GLVAL_NR": 0.0, "CRHOUSPCT": 0.0, "MUNGL1PCT": 0.0, "AOEGL_HS": 0.0, "AOEGL_NR": 0.0, "E911ADDR": "35 CHURCH ST", "SHAPE_Length": 0.001616044278831028, "SHAPE_Area": 1.5607624259159746e-07}, "geometry": {"type": "MultiPolygon", "coordinates": [[[[-72.50049253199995, 44.19627451500003], [-72.50048792399997, 44.19623662400005], [-72.50071625999993, 44.19622086100003], [-72.50071905599998, 44.196253512000055], [-72.50081137099994, 44.19624594900006], [-72.50087645199994, 44.19659751900008], [-72.50087922499995, 44.19660842300004], [-72.50044939199995, 44.196638231000065], [-72.50044851599995, 44.196638138000026], [-72.50042821599999, 44.19628022300003], [-72.50043731799997, 44.19627950800003], [-72.50049253199995, 44.19627451500003]]]]}}, {"type": "Feature", "properties": {"OBJECTID": 4551, "SPAN": "036-011-10176", "GLIST_SPAN": "036-011-10176", "MAPID": "1345-0017.0000", "PARCID": "1345-0017-0000", "PROPTYPE": "PARCEL", "YEAR": 2023, "GLYEAR": 2022, "TOWN": "BARRE CITY", "TNAME": "Barre City", "SOURCENAME": null, "SOURCETYPE": "UNKNOWN", "SOURCEDATE": "UNKNOWN", "EDITMETHOD": "UNKNOWN", "EDITOR": "UNKNOWN", "EDITDATE": "UNKNOWN", "MATCHSTAT": "MATCH", "EDITNOTE": "UNKNOWN", "OWNER1": "BARRE EVANGELICAL FREE CHURCH", "OWNER2": "", "ADDRGL1": "PO BOX 277", "ADDRGL2": "", "CITYGL": "BARRE", "STGL": "VT", "ZIPGL": "05641-0277", "DESCPROP": "CHURCH-0.57AC", "LOCAPROP": "S MAIN ST  17", "CAT": "Commercial", "RESCODE": "C", "ACRESGL": 0.57, "REAL_FLV": 851900, "HSTED_FLV": 0, "NRES_FLV": 851900, "LAND_LV": 136800, "IMPRV_LV": 715100, "EQUIPVAL": 0, "EQUIPCODE": "", "INVENVAL": 0, "HSDECL": "N", "HSITEVAL": 0, "VETEXAMT": 0, "EXPDESC": "Statutory", "ENDDATE": "", "STATUTE": "", "EXAMT_HS": 0, "EXAMT_NR": 0, "UVREDUC_HS": 0, "UVREDUC_NR": 0, "GLVAL_HS": 0.0, "GLVAL_NR": 0.0, "CRHOUSPCT": 0.0, "MUNGL1PCT": 0.0, "AOEGL_HS": 0.0, "AOEGL_NR": 0.0, "E911ADDR": "17 S MAIN ST", "SHAPE_Length": 0.0025888959615089865, "SHAPE_Area": 2.75466487635217e-07}, "geometry": {"type": "MultiPolygon", "coordinates": [[[[-72.50152929299998, 44.19558298600003], [-72.50149801899994, 44.19556864200007], [-72.50130959599994, 44.195586786000035], [-72.50130607699998, 44.19556484800006], [-72.50129942999996, 44.19553672400008], [-72.50127167299996, 44.19540172500007], [-72.50126228999994, 44.19535995900003], [-72.50126189799994, 44.19535855400005], [-72.50183068499996, 44.19529864000003], [-72.50190574499999, 44.195392997000056], [-72.50200621599998, 44.19553671400007], [-72.50201559799996, 44.195549791000076], [-72.50208753099997, 44.195647242000064], [-72.50214460799998, 44.195726412000056], [-72.50218174899999, 44.19577816100008], [-72.50218917999996, 44.19590851900006], [-72.50195149899997, 44.19592596100006], [-72.50195149899997, 44.19592174200005], [-72.50192021999999, 44.195762416000036], [-72.50188190899996, 44.195744698000055], [-72.50152929299998, 44.19558298600003]]]]}}, {"type": "Feature", "properties": {"OBJECTID": 4554, "SPAN": "036-011-10177", "GLIST_SPAN": "036-011-10177", "MAPID": "0350-0051.0000", "PARCID": "0350-0051-0000", "PROPTYPE": "PARCEL", "YEAR": 2023, "GLYEAR": 2022, "TOWN": "BARRE CITY", "TNAME": "Barre City", "SOURCENAME": null, "SOURCETYPE": "UNKNOWN", "SOURCEDATE": "UNKNOWN", "EDITMETHOD": "UNKNOWN", "EDITOR": "UNKNOWN", "EDITDATE": "UNKNOWN", "MATCHSTAT": "MATCH", "EDITNOTE": "UNKNOWN", "OWNER1": "51 CHURCH STREET LLC", "OWNER2": "", "ADDRGL1": "PO BOX 544", "ADDRGL2": "", "CITYGL": "BARRE", "STGL": "VT", "ZIPGL": "05641-0544", "DESCPROP": "OFFICES-0.20AC", "LOCAPROP": "CHURCH ST  51", "CAT": "Commercial", "RESCODE": "C", "ACRESGL": 0.2, "REAL_FLV": 270000, "HSTED_FLV": 0, "NRES_FLV": 270000, "LAND_LV": 64000, "IMPRV_LV": 206000, "EQUIPVAL": 0, "EQUIPCODE": "", "INVENVAL": 0, "HSDECL": "N", "HSITEVAL": 0, "VETEXAMT": 0, "EXPDESC": "Non-Approved (Voted)", "ENDDATE": "7/1/2030 0:00:00", "STATUTE": "2741", "EXAMT_HS": 0, "EXAMT_NR": 10000, "UVREDUC_HS": 0, "UVREDUC_NR": 0, "GLVAL_HS": 0.0, "GLVAL_NR": 2600.0, "CRHOUSPCT": 0.0, "MUNGL1PCT": 2600.0, "AOEGL_HS": 0.0, "AOEGL_NR": 2700.0, "E911ADDR": "51 CHURCH ST", "SHAPE_Length": 0.0012636995279337912, "SHAPE_Area": 9.542642764197791e-08}, "geometry": {"type": "MultiPolygon", "coordinates": [[[[-72.50034613399998, 44.19623448700003], [-72.50042448699998, 44.196231064000074], [-72.50042524599996, 44.19624020300006], [-72.50042688799994, 44.196263497000075], [-72.50042821599999, 44.19628022300003], [-72.50044851599995, 44.196638138000026], [-72.50015430099995, 44.19660962900008], [-72.50015185999996, 44.19660902100003], [-72.50015318699997, 44.196601240000064], [-72.50016564399994, 44.196528185000034], [-72.50019061999996, 44.196381709000036], [-72.50020708099999, 44.196348346000036], [-72.50025115599993, 44.19625902000007], [-72.50025520899999, 44.19623845900003], [-72.50026738699995, 44.19623792700003], [-72.50034613399998, 44.19623448700003]]]]}}, {"type": "Feature", "properties": {"OBJECTID": 4556, "SPAN": "036-011-10603", "GLIST_SPAN": "036-011-10603", "MAPID": "1355-L025.0000", "PARCID": "1355-L025-0000", "PROPTYPE": "PARCEL", "YEAR": 2023, "GLYEAR": 2022, "TOWN": "BARRE CITY", "TNAME": "Barre City", "SOURCENAME": null, "SOURCETYPE": "UNKNOWN", "SOURCEDATE": "UNKNOWN", "EDITMETHOD": "UNKNOWN", "EDITOR": "UNKNOWN", "EDITDATE": "UNKNOWN", "MATCHSTAT": "MATCH", "EDITNOTE": "UNKNOWN", "OWNER1": "DOWNSTREET HOUSING AND COMMUNITY", "OWNER2": "DEVELOPMENT INC", "ADDRGL1": "22 KEITH AV  STE 100", "ADDRGL2": "", "CITYGL": "BARRE", "STGL": "VT", "ZIPGL": "05641", "DESCPROP": "LAND ONLY-0.14AC", "LOCAPROP": "SPAULDING ST  25", "CAT": "Residential-1", "RESCODE": "C", "ACRESGL": 0.14, "REAL_FLV": 13000, "HSTED_FLV": 13000, "NRES_FLV": 0, "LAND_LV": 13000, "IMPRV_LV": 0, "EQUIPVAL": 0, "EQUIPCODE": "", "INVENVAL": 0, "HSDECL": "Y", "HSITEVAL": 13000, "VETEXAMT": 0, "EXPDESC": "", "ENDDATE": "", "STATUTE": "", "EXAMT_HS": 0, "EXAMT_NR": 0, "UVREDUC_HS": 0, "UVREDUC_NR": 0, "GLVAL_HS": 130.0, "GLVAL_NR": 0.0, "CRHOUSPCT": 0.0, "MUNGL1PCT": 130.0, "AOEGL_HS": 130.0, "AOEGL_NR": 0.0, "E911ADDR": "25 SPAULDING ST", "SHAPE_Length": 0.0017012235966270628, "SHAPE_Area": 5.272707701030173e-08}, "geometry": {"type": "MultiPolygon", "coordinates": [[[[-72.50016771299994, 44.19499181400005], [-72.49991830799996, 44.19492895500008], [-72.50003831899994, 44.19467231600004], [-72.50029749699996, 44.19473039400003], [-72.50016771299994, 44.19499181400005]], [[-72.50021168699993, 44.194776825000076], [-72.50009274299998, 44.19475543200008], [-72.50000948299999, 44.19491802300007], [-72.50012545299995, 44.194937278000054], [-72.50021168699993, 44.194776825000076]]]]}}, {"type": "Feature", "properties": {"OBJECTID": 4578, "SPAN": "036-011-10183", "GLIST_SPAN": "036-011-10183", "MAPID": "1345-0016.0000", "PARCID": "1345-0016-0000", "PROPTYPE": "PARCEL", "YEAR": 2023, "GLYEAR": 2022, "TOWN": "BARRE CITY", "TNAME": "Barre City", "SOURCENAME": null, "SOURCETYPE": "UNKNOWN", "SOURCEDATE": "UNKNOWN", "EDITMETHOD": "UNKNOWN", "EDITOR": "UNKNOWN", "EDITDATE": "UNKNOWN", "MATCHSTAT": "MATCH", "EDITNOTE": "UNKNOWN", "OWNER1": "BARRE HOUSING AUTHORITY", "OWNER2": "TILDEN HOUSE", "ADDRGL1": "30 WASHINGTON ST  STE 1", "ADDRGL2": "", "CITYGL": "BARRE", "STGL": "VT", "ZIPGL": "05641", "DESCPROP": "77 APTS-0.62AC", "LOCAPROP": "S MAIN ST  16", "CAT": "Commercial Apt", "RESCODE": "C", "ACRESGL": 0.62, "REAL_FLV": 6550500, "HSTED_FLV": 0, "NRES_FLV": 6550500, "LAND_LV": 296300, "IMPRV_LV": 6254200, "EQUIPVAL": 0, "EQUIPCODE": "", "INVENVAL": 0, "HSDECL": "N", "HSITEVAL": 0, "VETEXAMT": 0, "EXPDESC": "Statutory", "ENDDATE": "", "STATUTE": "", "EXAMT_HS": 0, "EXAMT_NR": 0, "UVREDUC_HS": 0, "UVREDUC_NR": 0, "GLVAL_HS": 0.0, "GLVAL_NR": 0.0, "CRHOUSPCT": 0.0, "MUNGL1PCT": 0.0, "AOEGL_HS": 0.0, "AOEGL_NR": 0.0, "E911ADDR": "16 S MAIN ST", "SHAPE_Length": 0.0027743772874108535, "SHAPE_Area": 2.8207733079339834e-07}, "geometry": {"type": "MultiPolygon", "coordinates": [[[[-72.50045578799995, 44.19601013100004], [-72.50045658799996, 44.19596616200005], [-72.50030887699995, 44.19596623500007], [-72.50018876999997, 44.19596629500006], [-72.50002905199995, 44.19596211900006], [-72.50011572199998, 44.195724323000036], [-72.50045889399996, 44.19570559700003], [-72.50046073699997, 44.195747148000066], [-72.50113193299995, 44.19571316100007], [-72.50117522899995, 44.195982093000055], [-72.50117335899995, 44.19598216600008], [-72.50045578799995, 44.19601013100004]]]]}}, {"type": "Feature", "properties": {"OBJECTID": 4652, "SPAN": "036-011-10202", "GLIST_SPAN": "036-011-10202", "MAPID": "1345-0037.0000", "PARCID": "1345-0037-0000", "PROPTYPE": "PARCEL", "YEAR": 2023, "GLYEAR": 2022, "TOWN": "BARRE CITY", "TNAME": "Barre City", "SOURCENAME": null, "SOURCETYPE": "UNKNOWN", "SOURCEDATE": "UNKNOWN", "EDITMETHOD": "UNKNOWN", "EDITOR": "UNKNOWN", "EDITDATE": "UNKNOWN", "MATCHSTAT": "MATCH", "EDITNOTE": "UNKNOWN", "OWNER1": "A & B PROPERTIES DEVELOPMENT CORP", "OWNER2": "C/O JON BRIGATI", "ADDRGL1": "1117 WEBSTER RD", "ADDRGL2": "", "CITYGL": "SHELBURNE", "STGL": "VT", "ZIPGL": "05482", "DESCPROP": "5 APTS-0.18AC", "LOCAPROP": "S MAIN ST  37", "CAT": "Commercial Apt", "RESCODE": "C", "ACRESGL": 0.18, "REAL_FLV": 172600, "HSTED_FLV": 0, "NRES_FLV": 172600, "LAND_LV": 14400, "IMPRV_LV": 158200, "EQUIPVAL": 0, "EQUIPCODE": "", "INVENVAL": 0, "HSDECL": "N", "HSITEVAL": 0, "VETEXAMT": 0, "EXPDESC": "", "ENDDATE": "", "STATUTE": "", "EXAMT_HS": 0, "EXAMT_NR": 0, "UVREDUC_HS": 0, "UVREDUC_NR": 0, "GLVAL_HS": 0.0, "GLVAL_NR": 1726.0, "CRHOUSPCT": 0.0, "MUNGL1PCT": 1726.0, "AOEGL_HS": 0.0, "AOEGL_NR": 1726.0, "E911ADDR": "37 S MAIN ST", "SHAPE_Length": 0.0015377017065198004, "SHAPE_Area": 7.3289670419553e-08}, "geometry": {"type": "MultiPolygon", "coordinates": [[[[-72.50104296499995, 44.194320893000054], [-72.50104218299998, 44.19431892400007], [-72.50104648399997, 44.19432314300008], [-72.50112271299997, 44.19443057800004], [-72.50118565299994, 44.19452606200008], [-72.50121809899997, 44.19456627900007], [-72.50126266399997, 44.19461943500005], [-72.50129667499994, 44.19465473100007], [-72.50131426599995, 44.194672731000026], [-72.50135531399997, 44.19471646400007], [-72.50138306899998, 44.19474641700003], [-72.50141942599998, 44.19478002500006], [-72.50145617299995, 44.19481686800003], [-72.50147180999994, 44.19483458600007], [-72.50116650399997, 44.194862294000075], [-72.50114343799999, 44.19474571600006], [-72.50112154499993, 44.19462084200006], [-72.50111294399994, 44.19458835900008], [-72.50104296499995, 44.194320893000054]]]]}}, {"type": "Feature", "properties": {"OBJECTID": 4656, "SPAN": "036-011-10203", "GLIST_SPAN": "036-011-10203", "MAPID": "1515-0080.0000", "PARCID": "1515-0080-0000", "PROPTYPE": "PARCEL", "YEAR": 2023, "GLYEAR": 2022, "TOWN": "BARRE CITY", "TNAME": "Barre City", "SOURCENAME": null, "SOURCETYPE": "UNKNOWN", "SOURCEDATE": "UNKNOWN", "EDITMETHOD": "UNKNOWN", "EDITOR": "UNKNOWN", "EDITDATE": "UNKNOWN", "MATCHSTAT": "MATCH", "EDITNOTE": "UNKNOWN", "OWNER1": "BCB ENTERPRISES LLC", "OWNER2": "", "ADDRGL1": "PO BOX 456", "ADDRGL2": "", "CITYGL": "COLCHESTER", "STGL": "VT", "ZIPGL": "05446-0456", "DESCPROP": "5 APTS-0.44AC", "LOCAPROP": "WASHINGTON ST  80", "CAT": "Commercial Apt", "RESCODE": "C", "ACRESGL": 0.44, "REAL_FLV": 325200, "HSTED_FLV": 0, "NRES_FLV": 325200, "LAND_LV": 32600, "IMPRV_LV": 292600, "EQUIPVAL": 0, "EQUIPCODE": "", "INVENVAL": 0, "HSDECL": "N", "HSITEVAL": 0, "VETEXAMT": 0, "EXPDESC": "", "ENDDATE": "", "STATUTE": "", "EXAMT_HS": 0, "EXAMT_NR": 0, "UVREDUC_HS": 0, "UVREDUC_NR": 0, "GLVAL_HS": 0.0, "GLVAL_NR": 3252.0, "CRHOUSPCT": 0.0, "MUNGL1PCT": 3252.0, "AOEGL_HS": 0.0, "AOEGL_NR": 3252.0, "E911ADDR": "80 WASHINGTON ST", "SHAPE_Length": 0.001936076193952908, "SHAPE_Area": 2.0172307393866694e-07}, "geometry": {"type": "MultiPolygon", "coordinates": [[[[-72.49724597899996, 44.19538651200003], [-72.49755403599994, 44.195099646000074], [-72.49785229999998, 44.19526207200005], [-72.49754463499994, 44.195546267000054], [-72.49751480099997, 44.195573900000056], [-72.49751344199996, 44.19557515900004], [-72.49739099599998, 44.19568857500008], [-72.49739021499994, 44.19568815300005], [-72.49709273099995, 44.19552769400008], [-72.49724285199994, 44.195389324000075], [-72.49724597899996, 44.19538651200003]]]]}}, {"type": "Feature", "properties": {"OBJECTID": 4733, "SPAN": "036-011-10661", "GLIST_SPAN": "036-011-10661", "MAPID": "1515-0046.0000", "PARCID": "1515-0046-0000", "PROPTYPE": "PARCEL", "YEAR": 2023, "GLYEAR": 2022, "TOWN": "BARRE CITY", "TNAME": "Barre City", "SOURCENAME": null, "SOURCETYPE": "UNKNOWN", "SOURCEDATE": "UNKNOWN", "EDITMETHOD": "UNKNOWN", "EDITOR": "UNKNOWN", "EDITDATE": "UNKNOWN", "MATCHSTAT": "MATCH", "EDITNOTE": "UNKNOWN", "OWNER1": "CITI PROPERTIES LLC", "OWNER2": "", "ADDRGL1": "407 BARRE ST", "ADDRGL2": "", "CITYGL": "MONTPELIER", "STGL": "VT", "ZIPGL": "05602", "DESCPROP": "11 APTS/OFFICES-0.21AC", "LOCAPROP": "WASHINGTON ST  46", "CAT": "Commercial Apt", "RESCODE": "C", "ACRESGL": 0.21, "REAL_FLV": 455600, "HSTED_FLV": 0, "NRES_FLV": 455600, "LAND_LV": 51400, "IMPRV_LV": 404200, "EQUIPVAL": 0, "EQUIPCODE": "", "INVENVAL": 0, "HSDECL": "N", "HSITEVAL": 0, "VETEXAMT": 0, "EXPDESC": "", "ENDDATE": "", "STATUTE": "", "EXAMT_HS": 0, "EXAMT_NR": 0, "UVREDUC_HS": 0, "UVREDUC_NR": 0, "GLVAL_HS": 0.0, "GLVAL_NR": 4556.0, "CRHOUSPCT": 0.0, "MUNGL1PCT": 4556.0, "AOEGL_HS": 0.0, "AOEGL_NR": 4556.0, "E911ADDR": "46 WASHINGTON ST", "SHAPE_Length": 0.0014969173509883802, "SHAPE_Area": 9.703950505568141e-08}, "geometry": {"type": "MultiPolygon", "coordinates": [[[[-72.49918912499999, 44.19719499900003], [-72.49948897199994, 44.19672236500003], [-72.49967309999994, 44.19676314700007], [-72.49935448999997, 44.19724337400004], [-72.49918912499999, 44.19719499900003]]]]}}, {"type": "Feature", "properties": {"OBJECTID": 5340, "SPAN": "036-011-10722", "GLIST_SPAN": "036-011-10722", "MAPID": "1145-VL00.0002", "PARCID": "1145-VL00-0002", "PROPTYPE": "PARCEL", "YEAR": 2023, "GLYEAR": 2022, "TOWN": "BARRE CITY", "TNAME": "Barre City", "SOURCENAME": null, "SOURCETYPE": "UNKNOWN", "SOURCEDATE": "UNKNOWN", "EDITMETHOD": "UNKNOWN", "EDITOR": "UNKNOWN", "EDITDATE": "UNKNOWN", "MATCHSTAT": "MATCH", "EDITNOTE": "UNKNOWN", "OWNER1": "CITY OF BARRE", "OWNER2": "", "ADDRGL1": "6 N MAIN ST", "ADDRGL2": "", "CITYGL": "BARRE", "STGL": "VT", "ZIPGL": "05641-4115", "DESCPROP": "PARK ST PARK-BANDSTAND-CURRIER-1.13AC", "LOCAPROP": "PARK ST    CURRIER PARK", "CAT": "Commercial", "RESCODE": "C", "ACRESGL": 1.13, "REAL_FLV": 100000, "HSTED_FLV": 0, "NRES_FLV": 100000, "LAND_LV": 96700, "IMPRV_LV": 3300, "EQUIPVAL": 0, "EQUIPCODE": "", "INVENVAL": 0, "HSDECL": "N", "HSITEVAL": 0, "VETEXAMT": 0, "EXPDESC": "Statutory", "ENDDATE": "", "STATUTE": "", "EXAMT_HS": 0, "EXAMT_NR": 0, "UVREDUC_HS": 0, "UVREDUC_NR": 0, "GLVAL_HS": 0.0, "GLVAL_NR": 0.0, "CRHOUSPCT": 0.0, "MUNGL1PCT": 0.0, "AOEGL_HS": 0.0, "AOEGL_NR": 0.0, "E911ADDR": "PARK ST", "SHAPE_Length": 0.0029653769612998774, "SHAPE_Area": 5.063951441374428e-07}, "geometry": {"type": "MultiPolygon", "coordinates": [[[[-72.49708472599997, 44.19707213700008], [-72.49745571999995, 44.196603294000056], [-72.49827548699994, 44.196938558000056], [-72.49791670499997, 44.197402649000026], [-72.49768177899995, 44.19730856700005], [-72.49708472599997, 44.19707213700008]]]]}}, {"type": "Feature", "properties": {"OBJECTID": 5355, "SPAN": "036-011-10716", "GLIST_SPAN": "036-011-10716", "MAPID": "1095-0006.0000", "PARCID": "1095-0006-0000", "PROPTYPE": "PARCEL", "YEAR": 2023, "GLYEAR": 2022, "TOWN": "BARRE CITY", "TNAME": "Barre City", "SOURCENAME": null, "SOURCETYPE": "UNKNOWN", "SOURCEDATE": "UNKNOWN", "EDITMETHOD": "UNKNOWN", "EDITOR": "UNKNOWN", "EDITDATE": "UNKNOWN", "MATCHSTAT": "MATCH", "EDITNOTE": "UNKNOWN", "OWNER1": "CITY OF BARRE", "OWNER2": "", "ADDRGL1": "6 N MAIN ST", "ADDRGL2": "", "CITYGL": "BARRE", "STGL": "VT", "ZIPGL": "05641-4115", "DESCPROP": "CITY HALL-0.29AC", "LOCAPROP": "N MAIN ST    6", "CAT": "Commercial", "RESCODE": "C", "ACRESGL": 0.29, "REAL_FLV": 4283200, "HSTED_FLV": 0, "NRES_FLV": 4283200, "LAND_LV": 192500, "IMPRV_LV": 4090700, "EQUIPVAL": 0, "EQUIPCODE": "", "INVENVAL": 0, "HSDECL": "N", "HSITEVAL": 0, "VETEXAMT": 0, "EXPDESC": "Statutory", "ENDDATE": "", "STATUTE": "", "EXAMT_HS": 0, "EXAMT_NR": 0, "UVREDUC_HS": 0, "UVREDUC_NR": 0, "GLVAL_HS": 0.0, "GLVAL_NR": 0.0, "CRHOUSPCT": 0.0, "MUNGL1PCT": 0.0, "AOEGL_HS": 0.0, "AOEGL_NR": 0.0, "E911ADDR": "6 N MAIN ST", "SHAPE_Length": 0.0015169264430176972, "SHAPE_Area": 1.348282077625505e-07}, "geometry": {"type": "MultiPolygon", "coordinates": [[[[-72.50202714799997, 44.196597567000026], [-72.50203714999998, 44.19659653800005], [-72.50210400999998, 44.196870613000044], [-72.50209939299998, 44.19687137900007], [-72.50164935999999, 44.196946136000065], [-72.50164249799997, 44.19692587700007], [-72.50155709299997, 44.19667374800008], [-72.50164075099997, 44.19665841900007], [-72.50197968499998, 44.19660244600004], [-72.50202714799997, 44.196597567000026]]]]}}, {"type": "Feature", "properties": {"OBJECTID": 5365, "SPAN": "036-011-10718", "GLIST_SPAN": "036-011-10718", "MAPID": "1095-VL00.0012", "PARCID": "1095-VL00-0012", "PROPTYPE": "PARCEL", "YEAR": 2023, "GLYEAR": 2022, "TOWN": "BARRE CITY", "TNAME": "Barre City", "SOURCENAME": null, "SOURCETYPE": "UNKNOWN", "SOURCEDATE": "UNKNOWN", "EDITMETHOD": "UNKNOWN", "EDITOR": "UNKNOWN", "EDITDATE": "UNKNOWN", "MATCHSTAT": "MATCH", "EDITNOTE": "UNKNOWN", "OWNER1": "CITY OF BARRE", "OWNER2": "", "ADDRGL1": "6 N MAIN ST", "ADDRGL2": "", "CITYGL": "BARRE", "STGL": "VT", "ZIPGL": "05641-4115", "DESCPROP": "PARK-GAZEBO-CITY HALL-0.53AC", "LOCAPROP": "N MAIN ST", "CAT": "Commercial", "RESCODE": "C", "ACRESGL": 0.53, "REAL_FLV": 464100, "HSTED_FLV": 0, "NRES_FLV": 464100, "LAND_LV": 445300, "IMPRV_LV": 18800, "EQUIPVAL": 0, "EQUIPCODE": "", "INVENVAL": 0, "HSDECL": "N", "HSITEVAL": 0, "VETEXAMT": 0, "EXPDESC": "Statutory", "ENDDATE": "", "STATUTE": "", "EXAMT_HS": 0, "EXAMT_NR": 0, "UVREDUC_HS": 0, "UVREDUC_NR": 0, "GLVAL_HS": 0.0, "GLVAL_NR": 0.0, "CRHOUSPCT": 0.0, "MUNGL1PCT": 0.0, "AOEGL_HS": 0.0, "AOEGL_NR": 0.0, "E911ADDR": "N MAIN ST", "SHAPE_Length": 0.002199506962148052, "SHAPE_Area": 2.3375476642496462e-07}, "geometry": {"type": "MultiPolygon", "coordinates": [[[[-72.50056841999998, 44.19677140600004], [-72.50129515699996, 44.19673230700005], [-72.50129750299999, 44.196732447000045], [-72.50129867499999, 44.196737932000076], [-72.50136396999994, 44.197116350000044], [-72.50136631499998, 44.19713013000006], [-72.50136396999994, 44.19714067700005], [-72.50136006099996, 44.197148552000044], [-72.50135419699996, 44.19715881800005], [-72.50135067899998, 44.19716402100005], [-72.50134286099996, 44.19717119300003], [-72.50133230499995, 44.19717766200006], [-72.50131940499995, 44.19718399000004], [-72.50130689499997, 44.19718694300008], [-72.50129203999995, 44.19718961500007], [-72.50127874799995, 44.19719172500004], [-72.50126780199997, 44.19719327200005], [-72.50125138299995, 44.19719327200005], [-72.50124004499997, 44.19719256900004], [-72.50123144499997, 44.19719116300007], [-72.50122401799996, 44.19718919400003], [-72.50121580699994, 44.19718638100005], [-72.50120994399998, 44.197181741000065], [-72.50053597499993, 44.19685029600004], [-72.50051955499998, 44.196838624000065], [-72.50051408199994, 44.196829765000075], [-72.50050899899998, 44.19681570300003], [-72.50051017299995, 44.19680445300003], [-72.50051603599996, 44.19679376500005], [-72.50052268199994, 44.19678771900004], [-72.50053753799995, 44.19677970300006], [-72.50055630199995, 44.196774359000074], [-72.50056841999998, 44.19677140600004]]]]}}, {"type": "Feature", "properties": {"OBJECTID": 5461, "SPAN": "036-011-10739", "GLIST_SPAN": "036-011-10739", "MAPID": "1345-0008.0000", "PARCID": "1345-0008-0000", "PROPTYPE": "PARCEL", "YEAR": 2023, "GLYEAR": 2022, "TOWN": "BARRE CITY", "TNAME": "Barre City", "SOURCENAME": null, "SOURCETYPE": "UNKNOWN", "SOURCEDATE": "UNKNOWN", "EDITMETHOD": "UNKNOWN", "EDITOR": "UNKNOWN", "EDITDATE": "UNKNOWN", "MATCHSTAT": "MATCH", "EDITNOTE": "UNKNOWN", "OWNER1": "VALERIE BRODY LLC", "OWNER2": "", "ADDRGL1": "8 S MAIN ST", "ADDRGL2": "", "CITYGL": "BARRE", "STGL": "VT", "ZIPGL": "05641-4115", "DESCPROP": "RESTAURANT-BB INN-0.4AC", "LOCAPROP": "S MAIN ST   8", "CAT": "Commercial", "RESCODE": "C", "ACRESGL": 0.53, "REAL_FLV": 557400, "HSTED_FLV": 0, "NRES_FLV": 557400, "LAND_LV": 108900, "IMPRV_LV": 448500, "EQUIPVAL": 0, "EQUIPCODE": "", "INVENVAL": 0, "HSDECL": "N", "HSITEVAL": 557400, "VETEXAMT": 0, "EXPDESC": "", "ENDDATE": "", "STATUTE": "", "EXAMT_HS": 0, "EXAMT_NR": 0, "UVREDUC_HS": 0, "UVREDUC_NR": 0, "GLVAL_HS": 0.0, "GLVAL_NR": 5574.0, "CRHOUSPCT": 0.0, "MUNGL1PCT": 5574.0, "AOEGL_HS": 0.0, "AOEGL_NR": 5574.0, "E911ADDR": "8 S MAIN ST", "SHAPE_Length": 0.0025092372248289698, "SHAPE_Area": 2.2490158959329555e-07}, "geometry": {"type": "MultiPolygon", "coordinates": [[[[-72.50042524599996, 44.19624020300006], [-72.50042448699998, 44.196231064000074], [-72.50034613399998, 44.19623448700003], [-72.50026738699995, 44.19623792700003], [-72.50025520899999, 44.19623845900003], [-72.50027069699996, 44.19615990300008], [-72.50027251999995, 44.19615065200003], [-72.50027808599998, 44.19612241500005], [-72.50030706999996, 44.19597539500006], [-72.50030887699995, 44.19596623500007], [-72.50045658799996, 44.19596616200005], [-72.50045578799995, 44.19601013100004], [-72.50117335899995, 44.19598216600008], [-72.50117522899995, 44.195982093000055], [-72.50117677799994, 44.19599171700003], [-72.50121832699995, 44.19620824300006], [-72.50121925299999, 44.196213070000056], [-72.50082312899997, 44.19624512200005], [-72.50081137099994, 44.19624594900006], [-72.50071905599998, 44.196253512000055], [-72.50071625999993, 44.19622086100003], [-72.50048792399997, 44.19623662400005], [-72.50049253199995, 44.19627451500003], [-72.50043731799997, 44.19627950800003], [-72.50042821599999, 44.19628022300003], [-72.50042688799994, 44.196263497000075], [-72.50042524599996, 44.19624020300006]]]]}}, {"type": "Feature", "properties": {"OBJECTID": 5508, "SPAN": "036-011-10747", "GLIST_SPAN": "036-011-10747", "MAPID": "1515-0060.000A", "PARCID": "1515-0060-000A", "PROPTYPE": "PARCEL", "YEAR": 2023, "GLYEAR": 2022, "TOWN": "BARRE CITY", "TNAME": "Barre City", "SOURCENAME": null, "SOURCETYPE": "UNKNOWN", "SOURCEDATE": "UNKNOWN", "EDITMETHOD": "UNKNOWN", "EDITOR": "UNKNOWN", "EDITDATE": "UNKNOWN", "MATCHSTAT": "MATCH", "EDITNOTE": "UNKNOWN", "OWNER1": "CITY OF BARRE", "OWNER2": "", "ADDRGL1": "6 N MAIN ST", "ADDRGL2": "", "CITYGL": "BARRE", "STGL": "VT", "ZIPGL": "05641-4115", "DESCPROP": "MONUMENT-0.08AC", "LOCAPROP": "WASHINGTON ST    LAND FR SPAULDNG GRDED", "CAT": "Commercial", "RESCODE": "C", "ACRESGL": 0.08, "REAL_FLV": 60800, "HSTED_FLV": 0, "NRES_FLV": 60800, "LAND_LV": 60800, "IMPRV_LV": 0, "EQUIPVAL": 0, "EQUIPCODE": "", "INVENVAL": 0, "HSDECL": "N", "HSITEVAL": 0, "VETEXAMT": 0, "EXPDESC": "Statutory", "ENDDATE": "", "STATUTE": "", "EXAMT_HS": 0, "EXAMT_NR": 0, "UVREDUC_HS": 0, "UVREDUC_NR": 0, "GLVAL_HS": 0.0, "GLVAL_NR": 0.0, "CRHOUSPCT": 0.0, "MUNGL1PCT": 0.0, "AOEGL_HS": 0.0, "AOEGL_NR": 0.0, "E911ADDR": "WASHINGTON ST", "SHAPE_Length": 0.0009692188664364729, "SHAPE_Area": 3.646612670350984e-08}, "geometry": {"type": "MultiPolygon", "coordinates": [[[[-72.49895934599994, 44.19648472000006], [-72.49906147199994, 44.19635606200006], [-72.49917017399997, 44.19638024000005], [-72.49929383499995, 44.19639795900008], [-72.49929395999999, 44.196397079000064], [-72.49929412499995, 44.19639568900004], [-72.49929425499994, 44.19639429600005], [-72.49929435099995, 44.19639290200007], [-72.49929441399996, 44.196391507000044], [-72.49929444399999, 44.196390112000074], [-72.49929443899998, 44.19638871700005], [-72.49929439999994, 44.19638732200008], [-72.49929432799996, 44.19638592700005], [-72.49929422099996, 44.19638453300007], [-72.49929408099996, 44.19638314100007], [-72.49929390699998, 44.19638175100005], [-72.49929369999995, 44.19638036400005], [-72.49929345799995, 44.19637897900003], [-72.49929318399995, 44.19637759700004], [-72.49929287499998, 44.19637621900006], [-72.49929253399995, 44.196374846000026], [-72.49929215999998, 44.196373476000076], [-72.49929175099999, 44.19637211200006], [-72.49929130999993, 44.19637075300005], [-72.49929083599994, 44.19636939900005], [-72.49929032999995, 44.19636805300007], [-72.49928979099997, 44.19636671200004], [-72.49928921899993, 44.19636537800005], [-72.49928861499995, 44.196364052000035], [-72.49928797799998, 44.19636273400005], [-72.49928730999994, 44.19636142300004], [-72.49928661099995, 44.196360121000055], [-72.49928587999995, 44.196358829000076], [-72.49928510599995, 44.19635753100005], [-72.49931692499996, 44.196386164000046], [-72.49932029599995, 44.19638919800008], [-72.49900263799998, 44.19658273200008], [-72.49895934599994, 44.19648472000006]]]]}}, {"type": "Feature", "properties": {"OBJECTID": 5539, "SPAN": "036-011-10760", "GLIST_SPAN": "036-011-10760", "MAPID": "1145-0002.0000", "PARCID": "1145-0002-0000", "PROPTYPE": "PARCEL", "YEAR": 2023, "GLYEAR": 2022, "TOWN": "BARRE CITY", "TNAME": "Barre City", "SOURCENAME": null, "SOURCETYPE": "UNKNOWN", "SOURCEDATE": "UNKNOWN", "EDITMETHOD": "UNKNOWN", "EDITOR": "UNKNOWN", "EDITDATE": "UNKNOWN", "MATCHSTAT": "MATCH", "EDITNOTE": "UNKNOWN", "OWNER1": "WOLLENSAK ASSOCIATES REALTY TRUST LLC", "OWNER2": "", "ADDRGL1": "2 PARK ST STE 1", "ADDRGL2": "", "CITYGL": "BARRE", "STGL": "VT", "ZIPGL": "05641", "DESCPROP": "4 APTS/OFFICE-0.16AC", "LOCAPROP": "PARK ST   2", "CAT": "Commercial", "RESCODE": "C", "ACRESGL": 0.16, "REAL_FLV": 218200, "HSTED_FLV": 0, "NRES_FLV": 218200, "LAND_LV": 35900, "IMPRV_LV": 182300, "EQUIPVAL": 0, "EQUIPCODE": "", "INVENVAL": 0, "HSDECL": "N", "HSITEVAL": 0, "VETEXAMT": 0, "EXPDESC": "", "ENDDATE": "", "STATUTE": "", "EXAMT_HS": 0, "EXAMT_NR": 0, "UVREDUC_HS": 0, "UVREDUC_NR": 0, "GLVAL_HS": 0.0, "GLVAL_NR": 2182.0, "CRHOUSPCT": 0.0, "MUNGL1PCT": 2182.0, "AOEGL_HS": 0.0, "AOEGL_NR": 2182.0, "E911ADDR": "2 PARK ST", "SHAPE_Length": 0.0011448219318673293, "SHAPE_Area": 6.832646000334708e-08}, "geometry": {"type": "MultiPolygon", "coordinates": [[[[-72.49852650199995, 44.19688744900003], [-72.49869772999995, 44.19682853000006], [-72.49896473399997, 44.19693976700006], [-72.49888224399996, 44.197100498000054], [-72.49848584399996, 44.19693933800005], [-72.49852650199995, 44.19688744900003]]]]}}, {"type": "Feature", "properties": {"OBJECTID": 5564, "SPAN": "036-011-10336", "GLIST_SPAN": "036-011-10336", "MAPID": "1050-0011.0000", "PARCID": "1050-0011-0000", "PROPTYPE": "PARCEL", "YEAR": 2023, "GLYEAR": 2022, "TOWN": "BARRE CITY", "TNAME": "Barre City", "SOURCENAME": null, "SOURCETYPE": "UNKNOWN", "SOURCEDATE": "UNKNOWN", "EDITMETHOD": "UNKNOWN", "EDITOR": "UNKNOWN", "EDITDATE": "UNKNOWN", "MATCHSTAT": "MATCH", "EDITNOTE": "UNKNOWN", "OWNER1": "BLAKLEY JOSEPH E & XIOMARA Y", "OWNER2": "", "ADDRGL1": "101 S MAIN ST  # 1", "ADDRGL2": "", "CITYGL": "BARRE", "STGL": "VT", "ZIPGL": "05641", "DESCPROP": "2 APTS-0.27AC", "LOCAPROP": "MOUNT ST  11", "CAT": "Residential-1", "RESCODE": "T", "ACRESGL": 0.27, "REAL_FLV": 92690, "HSTED_FLV": 0, "NRES_FLV": 92690, "LAND_LV": 20370, "IMPRV_LV": 72320, "EQUIPVAL": 0, "EQUIPCODE": "", "INVENVAL": 0, "HSDECL": "N", "HSITEVAL": 0, "VETEXAMT": 0, "EXPDESC": "", "ENDDATE": "", "STATUTE": "", "EXAMT_HS": 0, "EXAMT_NR": 0, "UVREDUC_HS": 0, "UVREDUC_NR": 0, "GLVAL_HS": 0.0, "GLVAL_NR": 926.9, "CRHOUSPCT": 0.0, "MUNGL1PCT": 926.9, "AOEGL_HS": 0.0, "AOEGL_NR": 926.9, "E911ADDR": "11 MOUNT ST", "SHAPE_Length": 0.002046466199718052, "SHAPE_Area": 1.373601083227354e-07}, "geometry": {"type": "MultiPolygon", "coordinates": [[[[-72.49709194999997, 44.19552839700003], [-72.49709273099995, 44.19552769400008], [-72.49739021499994, 44.19568815300005], [-72.49739099599998, 44.19568857500008], [-72.49722132899996, 44.195845226000074], [-72.49750259199999, 44.195973741000046], [-72.49746134199995, 44.196026276000055], [-72.49715955999994, 44.195903301000044], [-72.49712828699995, 44.19589064500008], [-72.49679092799994, 44.19575310600004], [-72.49709194999997, 44.19552839700003]]]]}}, {"type": "Feature", "properties": {"OBJECTID": 5578, "SPAN": "036-011-10780", "GLIST_SPAN": "036-011-10780", "MAPID": "1345-0029.0000", "PARCID": "1345-0029-0000", "PROPTYPE": "PARCEL", "YEAR": 2023, "GLYEAR": 2022, "TOWN": "BARRE CITY", "TNAME": "Barre City", "SOURCENAME": null, "SOURCETYPE": "UNKNOWN", "SOURCEDATE": "UNKNOWN", "EDITMETHOD": "UNKNOWN", "EDITOR": "UNKNOWN", "EDITDATE": "UNKNOWN", "MATCHSTAT": "MATCH", "EDITNOTE": "UNKNOWN", "OWNER1": "SEVENTY-FOUR SOUTH MAIN LIMITED COMPANY", "OWNER2": "", "ADDRGL1": "PO BOX 283", "ADDRGL2": "", "CITYGL": "BARRE", "STGL": "VT", "ZIPGL": "05641-0283", "DESCPROP": "6 APTS-0.21AC", "LOCAPROP": "S MAIN ST  29", "CAT": "Commercial Apt", "RESCODE": "C", "ACRESGL": 0.21, "REAL_FLV": 154000, "HSTED_FLV": 0, "NRES_FLV": 154000, "LAND_LV": 41700, "IMPRV_LV": 112300, "EQUIPVAL": 0, "EQUIPCODE": "", "INVENVAL": 0, "HSDECL": "N", "HSITEVAL": 0, "VETEXAMT": 0, "EXPDESC": "", "ENDDATE": "", "STATUTE": "", "EXAMT_HS": 0, "EXAMT_NR": 0, "UVREDUC_HS": 0, "UVREDUC_NR": 0, "GLVAL_HS": 0.0, "GLVAL_NR": 1540.0, "CRHOUSPCT": 0.0, "MUNGL1PCT": 1540.0, "AOEGL_HS": 0.0, "AOEGL_NR": 1540.0, "E911ADDR": "29 S MAIN ST", "SHAPE_Length": 0.0013063959589127714, "SHAPE_Area": 8.929129040827964e-08}, "geometry": {"type": "MultiPolygon", "coordinates": [[[[-72.50118448799998, 44.19495988600005], [-72.50154452199996, 44.19492388200007], [-72.50158087799997, 44.19496902100008], [-72.50161684399995, 44.195016974000055], [-72.50166844699999, 44.19508278500007], [-72.50170089499994, 44.19512328500008], [-72.50122436599997, 44.19516857100007], [-72.50122397599995, 44.195165899000074], [-72.50118800699994, 44.194978167000045], [-72.50118448799998, 44.19495988600005]]]]}}, {"type": "Feature", "properties": {"OBJECTID": 5613, "SPAN": "036-011-11154", "GLIST_SPAN": "036-011-11154", "MAPID": "1355-L001.0000", "PARCID": "1355-L001-0000", "PROPTYPE": "PARCEL", "YEAR": 2023, "GLYEAR": 2022, "TOWN": "BARRE CITY", "TNAME": "Barre City", "SOURCENAME": null, "SOURCETYPE": "UNKNOWN", "SOURCEDATE": "UNKNOWN", "EDITMETHOD": "UNKNOWN", "EDITOR": "UNKNOWN", "EDITDATE": "UNKNOWN", "MATCHSTAT": "MATCH", "EDITNOTE": "UNKNOWN", "OWNER1": "FIELD C N", "OWNER2": "", "ADDRGL1": "UNKNOWN", "ADDRGL2": "", "CITYGL": "BARRE", "STGL": "VT", "ZIPGL": "05641", "DESCPROP": "VAC LAND-0.02AC", "LOCAPROP": "SPAULDING ST    DRIVE BET 56 & 58", "CAT": "Miscellaneous", "RESCODE": "T", "ACRESGL": 0.02, "REAL_FLV": 750, "HSTED_FLV": 0, "NRES_FLV": 750, "LAND_LV": 750, "IMPRV_LV": 0, "EQUIPVAL": 0, "EQUIPCODE": "", "INVENVAL": 0, "HSDECL": "N", "HSITEVAL": 0, "VETEXAMT": 0, "EXPDESC": "", "ENDDATE": "", "STATUTE": "", "EXAMT_HS": 0, "EXAMT_NR": 0, "UVREDUC_HS": 0, "UVREDUC_NR": 0, "GLVAL_HS": 0.0, "GLVAL_NR": 7.5, "CRHOUSPCT": 0.0, "MUNGL1PCT": 7.5, "AOEGL_HS": 0.0, "AOEGL_NR": 7.5, "E911ADDR": "SPAULDING ST", "SHAPE_Length": 0.000964942723158363, "SHAPE_Area": 1.392014190896015e-08}, "geometry": {"type": "MultiPolygon", "coordinates": [[[[-72.49875571899997, 44.195024713000066], [-72.49851061599998, 44.19490574200006], [-72.49850944399998, 44.19490489800006], [-72.49854306399999, 44.194885071000044], [-72.49880966599994, 44.19501754200007], [-72.49885931299997, 44.194989418000034], [-72.49889488799994, 44.194945543000074], [-72.49892342399994, 44.19496059000005], [-72.49888628599996, 44.19500685500003], [-72.49881161899998, 44.195051713000055], [-72.49875571899997, 44.195024713000066]]]]}}, {"type": "Feature", "properties": {"OBJECTID": 5627, "SPAN": "036-011-11160", "GLIST_SPAN": "036-011-11160", "MAPID": "1515-0024.0000", "PARCID": "1515-0024-0000", "PROPTYPE": "PARCEL", "YEAR": 2023, "GLYEAR": 2022, "TOWN": "BARRE CITY", "TNAME": "Barre City", "SOURCENAME": null, "SOURCETYPE": "UNKNOWN", "SOURCEDATE": "UNKNOWN", "EDITMETHOD": "UNKNOWN", "EDITOR": "UNKNOWN", "EDITDATE": "UNKNOWN", "MATCHSTAT": "MATCH", "EDITNOTE": "UNKNOWN", "OWNER1": "FIRST BAPTIST CHURCH", "OWNER2": "", "ADDRGL1": "24 WASHINGTON ST", "ADDRGL2": "", "CITYGL": "BARRE", "STGL": "VT", "ZIPGL": "05641", "DESCPROP": "CHURCH-0.20AC", "LOCAPROP": "WASHINGTON ST  24", "CAT": "Commercial", "RESCODE": "C", "ACRESGL": 0.2, "REAL_FLV": 1241400, "HSTED_FLV": 0, "NRES_FLV": 1241400, "LAND_LV": 70600, "IMPRV_LV": 1170800, "EQUIPVAL": 0, "EQUIPCODE": "", "INVENVAL": 0, "HSDECL": "N", "HSITEVAL": 0, "VETEXAMT": 0, "EXPDESC": "Statutory", "ENDDATE": "", "STATUTE": "", "EXAMT_HS": 0, "EXAMT_NR": 0, "UVREDUC_HS": 0, "UVREDUC_NR": 0, "GLVAL_HS": 0.0, "GLVAL_NR": 0.0, "CRHOUSPCT": 0.0, "MUNGL1PCT": 0.0, "AOEGL_HS": 0.0, "AOEGL_NR": 0.0, "E911ADDR": "24 WASHINGTON ST", "SHAPE_Length": 0.00124018305802169, "SHAPE_Area": 8.884496187890347e-08}, "geometry": {"type": "MultiPolygon", "coordinates": [[[[-72.50012158999994, 44.197306903000026], [-72.50036709399996, 44.19702931100005], [-72.50038703099995, 44.19703831100003], [-72.50059344299996, 44.19713238700007], [-72.50035849599993, 44.197408995000046], [-72.50014621799994, 44.19731759000007], [-72.50012158999994, 44.197306903000026]]]]}}, {"type": "Feature", "properties": {"OBJECTID": 5646, "SPAN": "036-011-10363", "GLIST_SPAN": "036-011-10363", "MAPID": "1230-0016.0000", "PARCID": "1230-0016-0000", "PROPTYPE": "PARCEL", "YEAR": 2023, "GLYEAR": 2022, "TOWN": "BARRE CITY", "TNAME": "Barre City", "SOURCENAME": null, "SOURCETYPE": "UNKNOWN", "SOURCEDATE": "UNKNOWN", "EDITMETHOD": "UNKNOWN", "EDITOR": "UNKNOWN", "EDITDATE": "UNKNOWN", "MATCHSTAT": "MATCH", "EDITNOTE": "UNKNOWN", "OWNER1": "16 PROSPECT STREET LLC", "OWNER2": "", "ADDRGL1": "125 NELSON ST", "ADDRGL2": "", "CITYGL": "BARRE", "STGL": "VT", "ZIPGL": "05641", "DESCPROP": "WHOLESALE-0.41AC", "LOCAPROP": "PROSPECT ST  16", "CAT": "Commercial", "RESCODE": "C", "ACRESGL": 0.41, "REAL_FLV": 199500, "HSTED_FLV": 0, "NRES_FLV": 199500, "LAND_LV": 53000, "IMPRV_LV": 146500, "EQUIPVAL": 0, "EQUIPCODE": "", "INVENVAL": 0, "HSDECL": "N", "HSITEVAL": 0, "VETEXAMT": 0, "EXPDESC": "", "ENDDATE": "", "STATUTE": "", "EXAMT_HS": 0, "EXAMT_NR": 0, "UVREDUC_HS": 0, "UVREDUC_NR": 0, "GLVAL_HS": 0.0, "GLVAL_NR": 1995.0, "CRHOUSPCT": 0.0, "MUNGL1PCT": 1995.0, "AOEGL_HS": 0.0, "AOEGL_NR": 1995.0, "E911ADDR": "16 PROSPECT ST", "SHAPE_Length": 0.001914512002246186, "SHAPE_Area": 2.0321634007911036e-07}, "geometry": {"type": "MultiPolygon", "coordinates": [[[[-72.50192375199998, 44.19614533500004], [-72.50192882899995, 44.19601708600004], [-72.50193156299997, 44.19592736700008], [-72.50195149899997, 44.19592596100006], [-72.50218917999996, 44.19590851900006], [-72.50219739599999, 44.19605462700008], [-72.50231545499997, 44.19605110900005], [-72.50244017299997, 44.196394088000034], [-72.50244134699994, 44.19639788500007], [-72.50243430999996, 44.196398448000025], [-72.50241437199998, 44.19640055700006], [-72.50235897799996, 44.19640553900007], [-72.50221421899994, 44.19641856100003], [-72.50221304599995, 44.196419123000055], [-72.50202031999999, 44.19643811100008], [-72.50194760699998, 44.19644598700006], [-72.50194682499995, 44.19644331500007], [-72.50191554299994, 44.19619483400004], [-72.50192297099994, 44.196193005000055], [-72.50192375199998, 44.19614631800005], [-72.50192375199998, 44.19614533500004]]]]}}, {"type": "Feature", "properties": {"OBJECTID": 5778, "SPAN": "036-011-11233", "GLIST_SPAN": "036-011-11233", "MAPID": "1050-0007.0000", "PARCID": "1050-0007-0000", "PROPTYPE": "PARCEL", "YEAR": 2023, "GLYEAR": 2022, "TOWN": "BARRE CITY", "TNAME": "Barre City", "SOURCENAME": null, "SOURCETYPE": "UNKNOWN", "SOURCEDATE": "UNKNOWN", "EDITMETHOD": "UNKNOWN", "EDITOR": "UNKNOWN", "EDITDATE": "UNKNOWN", "MATCHSTAT": "MATCH", "EDITNOTE": "UNKNOWN", "OWNER1": "M & K PROPERTIES LLC", "OWNER2": "", "ADDRGL1": "PO BOX 68", "ADDRGL2": "", "CITYGL": "GRANITEVILLE", "STGL": "VT", "ZIPGL": "05654-0068", "DESCPROP": "3 APTS-0.14AC", "LOCAPROP": "MOUNT ST   7", "CAT": "Residential-1", "RESCODE": "C", "ACRESGL": 0.14, "REAL_FLV": 149740, "HSTED_FLV": 0, "NRES_FLV": 149740, "LAND_LV": 13000, "IMPRV_LV": 136740, "EQUIPVAL": 0, "EQUIPCODE": "", "INVENVAL": 0, "HSDECL": "N", "HSITEVAL": 0, "VETEXAMT": 0, "EXPDESC": "", "ENDDATE": "", "STATUTE": "", "EXAMT_HS": 0, "EXAMT_NR": 0, "UVREDUC_HS": 0, "UVREDUC_NR": 0, "GLVAL_HS": 0.0, "GLVAL_NR": 1497.4, "CRHOUSPCT": 0.0, "MUNGL1PCT": 1497.4, "AOEGL_HS": 0.0, "AOEGL_NR": 1497.4, "E911ADDR": "7 MOUNT ST", "SHAPE_Length": 0.0010286392529017638, "SHAPE_Area": 5.778696703890835e-08}, "geometry": {"type": "MultiPolygon", "coordinates": [[[[-72.49722132899996, 44.195845226000074], [-72.49739099599998, 44.19568857500008], [-72.49762515399993, 44.19581598500008], [-72.49751138999994, 44.19593326300003], [-72.49752741799995, 44.195942122000076], [-72.49750259199999, 44.195973741000046], [-72.49722132899996, 44.195845226000074]]]]}}, {"type": "Feature", "properties": {"OBJECTID": 6138, "SPAN": "036-011-11410", "GLIST_SPAN": "036-011-11410", "MAPID": "1355-0052.0000", "PARCID": "1355-0052-0000", "PROPTYPE": "PARCEL", "YEAR": 2023, "GLYEAR": 2022, "TOWN": "BARRE CITY", "TNAME": "Barre City", "SOURCENAME": null, "SOURCETYPE": "UNKNOWN", "SOURCEDATE": "UNKNOWN", "EDITMETHOD": "UNKNOWN", "EDITOR": "UNKNOWN", "EDITDATE": "UNKNOWN", "MATCHSTAT": "MATCH", "EDITNOTE": "UNKNOWN", "OWNER1": "GRAY LAURIE A", "OWNER2": "", "ADDRGL1": "52 SPAULDING ST", "ADDRGL2": "", "CITYGL": "BARRE", "STGL": "VT", "ZIPGL": "05641", "DESCPROP": "2 APTS-0.07AC", "LOCAPROP": "SPAULDING ST  52", "CAT": "Residential-1", "RESCODE": "T", "ACRESGL": 0.07, "REAL_FLV": 192600, "HSTED_FLV": 192600, "NRES_FLV": 0, "LAND_LV": 9400, "IMPRV_LV": 183200, "EQUIPVAL": 0, "EQUIPCODE": "", "INVENVAL": 0, "HSDECL": "Y", "HSITEVAL": 192600, "VETEXAMT": 0, "EXPDESC": "", "ENDDATE": "", "STATUTE": "", "EXAMT_HS": 0, "EXAMT_NR": 0, "UVREDUC_HS": 0, "UVREDUC_NR": 0, "GLVAL_HS": 1926.0, "GLVAL_NR": 0.0, "CRHOUSPCT": 0.0, "MUNGL1PCT": 1926.0, "AOEGL_HS": 1926.0, "AOEGL_NR": 0.0, "E911ADDR": "52 SPAULDING ST", "SHAPE_Length": 0.0008615057900920666, "SHAPE_Area": 4.662567256606027e-08}, "geometry": {"type": "MultiPolygon", "coordinates": [[[[-72.49901451099998, 44.19479774900003], [-72.49901646499995, 44.19479620200008], [-72.49921544099993, 44.194846968000036], [-72.49921465899996, 44.19484865600003], [-72.49912552699993, 44.19503849800003], [-72.49903639799999, 44.195023450000065], [-72.49903444299997, 44.19502246500008], [-72.49892655099995, 44.19496227700006], [-72.49892459699998, 44.19496129400005], [-72.49892342399994, 44.19496059000005], [-72.49889488799994, 44.194945543000074], [-72.49901451099998, 44.19479774900003]]]]}}, {"type": "Feature", "properties": {"OBJECTID": 6168, "SPAN": "036-011-11441", "GLIST_SPAN": "036-011-11441", "MAPID": "1345-0025.0000", "PARCID": "1345-0025-0000", "PROPTYPE": "PARCEL", "YEAR": 2023, "GLYEAR": 2022, "TOWN": "BARRE CITY", "TNAME": "Barre City", "SOURCENAME": null, "SOURCETYPE": "UNKNOWN", "SOURCEDATE": "UNKNOWN", "EDITMETHOD": "UNKNOWN", "EDITOR": "UNKNOWN", "EDITDATE": "UNKNOWN", "MATCHSTAT": "MATCH", "EDITNOTE": "UNKNOWN", "OWNER1": "GROLEAU MARCEL G ESTATE", "OWNER2": "", "ADDRGL1": "65 MANSFIELD LN", "ADDRGL2": "", "CITYGL": "BARRE", "STGL": "VT", "ZIPGL": "05641-4479", "DESCPROP": "3 APTS-OFFICE-0.20AC", "LOCAPROP": "S MAIN ST  25", "CAT": "Commercial", "RESCODE": "T", "ACRESGL": 0.2, "REAL_FLV": 202250, "HSTED_FLV": 0, "NRES_FLV": 202250, "LAND_LV": 70700, "IMPRV_LV": 131550, "EQUIPVAL": 0, "EQUIPCODE": "", "INVENVAL": 0, "HSDECL": "N", "HSITEVAL": 118500, "VETEXAMT": 0, "EXPDESC": "", "ENDDATE": "", "STATUTE": "", "EXAMT_HS": 0, "EXAMT_NR": 0, "UVREDUC_HS": 0, "UVREDUC_NR": 0, "GLVAL_HS": 0.0, "GLVAL_NR": 2022.5, "CRHOUSPCT": 0.0, "MUNGL1PCT": 2022.5, "AOEGL_HS": 0.0, "AOEGL_NR": 2022.5, "E911ADDR": "25 S MAIN ST", "SHAPE_Length": 0.0014625106170200728, "SHAPE_Area": 9.959838093876245e-08}, "geometry": {"type": "MultiPolygon", "coordinates": [[[[-72.50122436599997, 44.19516857100007], [-72.50170089499994, 44.19512328500008], [-72.50170480399998, 44.19512820600005], [-72.50178064599999, 44.19523564100007], [-72.50183068499996, 44.19529864000003], [-72.50126189799994, 44.19535855400005], [-72.50122436599997, 44.19516857100007]]]]}}, {"type": "Feature", "properties": {"OBJECTID": 6180, "SPAN": "036-011-11452", "GLIST_SPAN": "036-011-11452", "MAPID": "1050-0005.0000", "PARCID": "1050-0005-0000", "PROPTYPE": "PARCEL", "YEAR": 2023, "GLYEAR": 2022, "TOWN": "BARRE CITY", "TNAME": "Barre City", "SOURCENAME": null, "SOURCETYPE": "UNKNOWN", "SOURCEDATE": "UNKNOWN", "EDITMETHOD": "UNKNOWN", "EDITOR": "UNKNOWN", "EDITDATE": "UNKNOWN", "MATCHSTAT": "MATCH", "EDITNOTE": "UNKNOWN", "OWNER1": "GUYETT DOUGLAS L & DIANAH L", "OWNER2": "", "ADDRGL1": "5 MOUNT STREET APT 1", "ADDRGL2": "", "CITYGL": "BARRE", "STGL": "VT", "ZIPGL": "05641", "DESCPROP": "2 APTS-0.11AC", "LOCAPROP": "MOUNT ST   5", "CAT": "Residential-1", "RESCODE": "T", "ACRESGL": 0.11, "REAL_FLV": 120500, "HSTED_FLV": 0, "NRES_FLV": 120500, "LAND_LV": 10700, "IMPRV_LV": 109800, "EQUIPVAL": 0, "EQUIPCODE": "", "INVENVAL": 0, "HSDECL": "N", "HSITEVAL": 65600, "VETEXAMT": 0, "EXPDESC": "", "ENDDATE": "", "STATUTE": "", "EXAMT_HS": 0, "EXAMT_NR": 0, "UVREDUC_HS": 0, "UVREDUC_NR": 0, "GLVAL_HS": 0.0, "GLVAL_NR": 1205.0, "CRHOUSPCT": 0.0, "MUNGL1PCT": 1205.0, "AOEGL_HS": 0.0, "AOEGL_NR": 1205.0, "E911ADDR": "5 MOUNT ST", "SHAPE_Length": 0.0008659371154527675, "SHAPE_Area": 4.248035742191202e-08}, "geometry": {"type": "MultiPolygon", "coordinates": [[[[-72.49739099599998, 44.19568857500008], [-72.49751344199996, 44.19557515900004], [-72.49774543199999, 44.19569212600004], [-72.49762515399993, 44.19581598500008], [-72.49739099599998, 44.19568857500008]]]]}}, {"type": "Feature", "properties": {"OBJECTID": 6234, "SPAN": "036-011-11508", "GLIST_SPAN": "036-011-11508", "MAPID": "1355-0055.0000", "PARCID": "1355-0055-0000", "PROPTYPE": "PARCEL", "YEAR": 2023, "GLYEAR": 2022, "TOWN": "BARRE CITY", "TNAME": "Barre City", "SOURCENAME": null, "SOURCETYPE": "UNKNOWN", "SOURCEDATE": "UNKNOWN", "EDITMETHOD": "UNKNOWN", "EDITOR": "UNKNOWN", "EDITDATE": "UNKNOWN", "MATCHSTAT": "MATCH", "EDITNOTE": "UNKNOWN", "OWNER1": "HEATH HERBERT B JR & TINA MARIE HEATH", "OWNER2": "TRUSTEES OF THE HERBERT B HEATH JR 2001", "ADDRGL1": "4 CHERRY ST", "ADDRGL2": "", "CITYGL": "BARRE", "STGL": "VT", "ZIPGL": "05641", "DESCPROP": "3 APTS-OFFICE-0.19AC", "LOCAPROP": "SPAULDING ST  55", "CAT": "Commercial", "RESCODE": "S", "ACRESGL": 0.19, "REAL_FLV": 175230, "HSTED_FLV": 0, "NRES_FLV": 175230, "LAND_LV": 17080, "IMPRV_LV": 158150, "EQUIPVAL": 0, "EQUIPCODE": "", "INVENVAL": 0, "HSDECL": "N", "HSITEVAL": 0, "VETEXAMT": 0, "EXPDESC": "", "ENDDATE": "", "STATUTE": "", "EXAMT_HS": 0, "EXAMT_NR": 0, "UVREDUC_HS": 0, "UVREDUC_NR": 0, "GLVAL_HS": 0.0, "GLVAL_NR": 1752.3, "CRHOUSPCT": 0.0, "MUNGL1PCT": 1752.3, "AOEGL_HS": 0.0, "AOEGL_NR": 1752.3, "E911ADDR": "55 SPAULDING ST", "SHAPE_Length": 0.0013346717899950433, "SHAPE_Area": 8.946604581404806e-08}, "geometry": {"type": "MultiPolygon", "coordinates": [[[[-72.49848169899997, 44.19450735500004], [-72.49850515499998, 44.194464606000054], [-72.49850749999996, 44.194465309000066], [-72.49873110199997, 44.194515514000045], [-72.49873462099998, 44.194516358000044], [-72.49876550199997, 44.19452324900004], [-72.49876315699998, 44.194525499000065], [-72.49868614299999, 44.194690027000036], [-72.49868536199995, 44.19469255900003], [-72.49866112499996, 44.194694809000055], [-72.49864118699998, 44.19470676100008], [-72.49838396099994, 44.194861022000055], [-72.49837184299997, 44.19486819400004], [-72.49835620599998, 44.194874663000064], [-72.49834447799998, 44.19487789600004], [-72.49833079599995, 44.19487663100006], [-72.49831594099999, 44.19487213000008], [-72.49830929599995, 44.194867490000036], [-72.49830499599994, 44.19485891200003], [-72.49830695099996, 44.19485089600005], [-72.49830695099996, 44.194849771000065], [-72.49831555199995, 44.19483444300005], [-72.49848169899997, 44.19450735500004]]]]}}, {"type": "Feature", "properties": {"OBJECTID": 6245, "SPAN": "036-011-11518", "GLIST_SPAN": "036-011-11518", "MAPID": "1515-0040.0000", "PARCID": "1515-0040-0000", "PROPTYPE": "PARCEL", "YEAR": 2023, "GLYEAR": 2022, "TOWN": "BARRE CITY", "TNAME": "Barre City", "SOURCENAME": null, "SOURCETYPE": "UNKNOWN", "SOURCEDATE": "UNKNOWN", "EDITMETHOD": "UNKNOWN", "EDITOR": "UNKNOWN", "EDITDATE": "UNKNOWN", "MATCHSTAT": "MATCH", "EDITNOTE": "UNKNOWN", "OWNER1": "HEDDING METHODIST CHURCH", "OWNER2": "", "ADDRGL1": "40 WASHINGTON ST", "ADDRGL2": "", "CITYGL": "BARRE", "STGL": "VT", "ZIPGL": "05641", "DESCPROP": "CHURCH/LAND .54AC & .13AC&.12AC & .05AC", "LOCAPROP": "WASHINGTON ST  40", "CAT": "Commercial", "RESCODE": "C", "ACRESGL": 0.84, "REAL_FLV": 2867000, "HSTED_FLV": 0, "NRES_FLV": 2867000, "LAND_LV": 268300, "IMPRV_LV": 2598700, "EQUIPVAL": 0, "EQUIPCODE": "", "INVENVAL": 0, "HSDECL": "N", "HSITEVAL": 0, "VETEXAMT": 0, "EXPDESC": "Statutory", "ENDDATE": "", "STATUTE": "", "EXAMT_HS": 0, "EXAMT_NR": 0, "UVREDUC_HS": 0, "UVREDUC_NR": 0, "GLVAL_HS": 0.0, "GLVAL_NR": 0.0, "CRHOUSPCT": 0.0, "MUNGL1PCT": 0.0, "AOEGL_HS": 0.0, "AOEGL_NR": 0.0, "E911ADDR": "40 WASHINGTON ST", "SHAPE_Length": 0.002234615480491835, "SHAPE_Area": 2.5500524785185444e-07}, "geometry": {"type": "MultiPolygon", "coordinates": [[[[-72.49960477899998, 44.197074170000064], [-72.49980493599998, 44.196777173000044], [-72.50012627999996, 44.19692004700005], [-72.50012354299997, 44.19692229700007], [-72.49966771499999, 44.19753921300003], [-72.49957780099999, 44.19750658800007], [-72.49939093499995, 44.19744190000006], [-72.49936356999996, 44.197432338000056], [-72.49960477899998, 44.197074170000064]]]]}}, {"type": "Feature", "properties": {"OBJECTID": 6295, "SPAN": "036-011-11572", "GLIST_SPAN": "036-011-11572", "MAPID": "0015-0003.0000", "PARCID": "0015-0003-0000", "PROPTYPE": "PARCEL", "YEAR": 2023, "GLYEAR": 2022, "TOWN": "BARRE CITY", "TNAME": "Barre City", "SOURCENAME": null, "SOURCETYPE": "UNKNOWN", "SOURCEDATE": "UNKNOWN", "EDITMETHOD": "UNKNOWN", "EDITOR": "UNKNOWN", "EDITDATE": "UNKNOWN", "MATCHSTAT": "MATCH", "EDITNOTE": "UNKNOWN", "OWNER1": "SEVENTY FOUR SOUTH MAIN LIMITED COMPANY", "OWNER2": "", "ADDRGL1": "PO BOX 283", "ADDRGL2": "", "CITYGL": "BARRE", "STGL": "VT", "ZIPGL": "05641-0283", "DESCPROP": "6 APTS-0.25AC", "LOCAPROP": "ACADEMY ST   3", "CAT": "Commercial Apt", "RESCODE": "C", "ACRESGL": 0.25, "REAL_FLV": 332900, "HSTED_FLV": 0, "NRES_FLV": 332900, "LAND_LV": 50400, "IMPRV_LV": 282500, "EQUIPVAL": 0, "EQUIPCODE": "", "INVENVAL": 0, "HSDECL": "N", "HSITEVAL": 0, "VETEXAMT": 0, "EXPDESC": "", "ENDDATE": "", "STATUTE": "", "EXAMT_HS": 0, "EXAMT_NR": 0, "UVREDUC_HS": 0, "UVREDUC_NR": 0, "GLVAL_HS": 0.0, "GLVAL_NR": 3329.0, "CRHOUSPCT": 0.0, "MUNGL1PCT": 3329.0, "AOEGL_HS": 0.0, "AOEGL_NR": 3329.0, "E911ADDR": "3 ACADEMY ST", "SHAPE_Length": 0.0018649050451731214, "SHAPE_Area": 1.693593816558096e-07}, "geometry": {"type": "MultiPolygon", "coordinates": [[[[-72.49809865999998, 44.19670331800006], [-72.49834850499997, 44.196388762000026], [-72.49890654199999, 44.19661810700006], [-72.49835367799994, 44.19680748400003], [-72.49809865999998, 44.19670331800006]]]]}}, {"type": "Feature", "properties": {"OBJECTID": 6296, "SPAN": "036-011-11573", "GLIST_SPAN": "036-011-11573", "MAPID": "0015-0005.0000", "PARCID": "0015-0005-0000", "PROPTYPE": "PARCEL", "YEAR": 2023, "GLYEAR": 2022, "TOWN": "BARRE CITY", "TNAME": "Barre City", "SOURCENAME": null, "SOURCETYPE": "UNKNOWN", "SOURCEDATE": "UNKNOWN", "EDITMETHOD": "UNKNOWN", "EDITOR": "UNKNOWN", "EDITDATE": "UNKNOWN", "MATCHSTAT": "MATCH", "EDITNOTE": "UNKNOWN", "OWNER1": "HOOKER AND WHITCOMB FUNERAL SERVICE INC", "OWNER2": "", "ADDRGL1": "7 ACADEMY ST", "ADDRGL2": "", "CITYGL": "BARRE", "STGL": "VT", "ZIPGL": "05641", "DESCPROP": "1 FAM  & FUNERAL HOME W/2 APTS-0.27AC", "LOCAPROP": "ACADEMY ST   5 & 7", "CAT": "Commercial", "RESCODE": "C", "ACRESGL": 0.27, "REAL_FLV": 386100, "HSTED_FLV": 0, "NRES_FLV": 386100, "LAND_LV": 51900, "IMPRV_LV": 334200, "EQUIPVAL": 0, "EQUIPCODE": "", "INVENVAL": 0, "HSDECL": "N", "HSITEVAL": 0, "VETEXAMT": 0, "EXPDESC": "", "ENDDATE": "", "STATUTE": "", "EXAMT_HS": 0, "EXAMT_NR": 0, "UVREDUC_HS": 0, "UVREDUC_NR": 0, "GLVAL_HS": 0.0, "GLVAL_NR": 3861.0, "CRHOUSPCT": 0.0, "MUNGL1PCT": 3861.0, "AOEGL_HS": 0.0, "AOEGL_NR": 3861.0, "E911ADDR": "5 ACADEMY ST", "SHAPE_Length": 0.0014543551603088422, "SHAPE_Area": 1.2562515143700487e-07}, "geometry": {"type": "MultiPolygon", "coordinates": [[[[-72.49779731599995, 44.19657813500004], [-72.49804898099995, 44.19626455300005], [-72.49834850499997, 44.196388762000026], [-72.49809865999998, 44.19670331800006], [-72.49779731599995, 44.19657813500004]]]]}}, {"type": "Feature", "properties": {"OBJECTID": 6297, "SPAN": "036-011-11574", "GLIST_SPAN": "036-011-11574", "MAPID": "0015-0009.0000", "PARCID": "0015-0009-0000", "PROPTYPE": "PARCEL", "YEAR": 2023, "GLYEAR": 2022, "TOWN": "BARRE CITY", "TNAME": "Barre City", "SOURCENAME": null, "SOURCETYPE": "UNKNOWN", "SOURCEDATE": "UNKNOWN", "EDITMETHOD": "UNKNOWN", "EDITOR": "UNKNOWN", "EDITDATE": "UNKNOWN", "MATCHSTAT": "MATCH", "EDITNOTE": "UNKNOWN", "OWNER1": "HOOKER AND WHITCOMB FUNERAL SERVICE INC", "OWNER2": "", "ADDRGL1": "7 ACADEMY ST", "ADDRGL2": "", "CITYGL": "BARRE", "STGL": "VT", "ZIPGL": "05641", "DESCPROP": "ADDITION & GARAGE-0.52AC", "LOCAPROP": "ACADEMY ST   9 & 11", "CAT": "Commercial", "RESCODE": "C", "ACRESGL": 0.52, "REAL_FLV": 236900, "HSTED_FLV": 0, "NRES_FLV": 236900, "LAND_LV": 66500, "IMPRV_LV": 170400, "EQUIPVAL": 0, "EQUIPCODE": "", "INVENVAL": 0, "HSDECL": "N", "HSITEVAL": 0, "VETEXAMT": 0, "EXPDESC": "", "ENDDATE": "", "STATUTE": "", "EXAMT_HS": 0, "EXAMT_NR": 0, "UVREDUC_HS": 0, "UVREDUC_NR": 0, "GLVAL_HS": 0.0, "GLVAL_NR": 2369.0, "CRHOUSPCT": 0.0, "MUNGL1PCT": 2369.0, "AOEGL_HS": 0.0, "AOEGL_NR": 2369.0, "E911ADDR": "9 ACADEMY ST", "SHAPE_Length": 0.0014449919831499521, "SHAPE_Area": 1.2343678344223617e-07}, "geometry": {"type": "MultiPolygon", "coordinates": [[[[-72.49765676899995, 44.196262975000025], [-72.49775450499999, 44.196145837000074], [-72.49792637599995, 44.19621362400005], [-72.49804898099995, 44.19626455300005], [-72.49779731599995, 44.19657813500004], [-72.49749765399997, 44.19645365700006], [-72.49765676899995, 44.196262975000025]]]]}}, {"type": "Feature", "properties": {"OBJECTID": 6313, "SPAN": "036-011-11592", "GLIST_SPAN": "036-011-11592", "MAPID": "1095-0036.0000", "PARCID": "1095-0036-0000", "PROPTYPE": "PARCEL", "YEAR": 2023, "GLYEAR": 2022, "TOWN": "BARRE CITY", "TNAME": "Barre City", "SOURCENAME": null, "SOURCETYPE": "UNKNOWN", "SOURCEDATE": "UNKNOWN", "EDITMETHOD": "UNKNOWN", "EDITOR": "UNKNOWN", "EDITDATE": "UNKNOWN", "MATCHSTAT": "MATCH", "EDITNOTE": "UNKNOWN", "OWNER1": "HOWARD BANK N.A. THE C/O TD BANK", "OWNER2": "380 WELLINGTON ST TOWER B 12TH FLOOR", "ADDRGL1": "LONDON", "ADDRGL2": "", "CITYGL": "ONTARIO", "STGL": "CANADA", "ZIPGL": "N6A 4S4", "DESCPROP": "BANK-0.33AC", "LOCAPROP": "N MAIN ST   36", "CAT": "Commercial", "RESCODE": "C", "ACRESGL": 0.33, "REAL_FLV": 1560400, "HSTED_FLV": 0, "NRES_FLV": 1560400, "LAND_LV": 228300, "IMPRV_LV": 1332100, "EQUIPVAL": 0, "EQUIPCODE": "", "INVENVAL": 0, "HSDECL": "N", "HSITEVAL": 0, "VETEXAMT": 0, "EXPDESC": "", "ENDDATE": "", "STATUTE": "", "EXAMT_HS": 0, "EXAMT_NR": 0, "UVREDUC_HS": 0, "UVREDUC_NR": 0, "GLVAL_HS": 0.0, "GLVAL_NR": 15604.0, "CRHOUSPCT": 0.0, "MUNGL1PCT": 15604.0, "AOEGL_HS": 0.0, "AOEGL_NR": 15604.0, "E911ADDR": "36 N MAIN ST", "SHAPE_Length": 0.001643711904285326, "SHAPE_Area": 1.5174193700791692e-07}, "geometry": {"type": "MultiPolygon", "coordinates": [[[[-72.50219955599994, 44.19705427200006], [-72.50220370299996, 44.197053563000054], [-72.50222090499994, 44.19708506200004], [-72.50229323299999, 44.19722174700007], [-72.50234640399998, 44.197323278000056], [-72.50234200699998, 44.19732404000007], [-72.50217037999994, 44.19735385900003], [-72.50216088899998, 44.197355508000044], [-72.50180730999995, 44.19741694100003], [-72.50180261799994, 44.19740639500003], [-72.50179963799997, 44.19739676200004], [-72.50177212299997, 44.19730781800007], [-72.50177173199995, 44.197306411000056], [-72.50176532699999, 44.19728755600005], [-72.50171425999997, 44.19713724200005], [-72.50219955599994, 44.19705427200006]]]]}}, {"type": "Feature", "properties": {"OBJECTID": 6329, "SPAN": "036-011-11609", "GLIST_SPAN": "036-011-11609", "MAPID": "1515-0083.0000", "PARCID": "1515-0083-0000", "PROPTYPE": "PARCEL", "YEAR": 2023, "GLYEAR": 2022, "TOWN": "BARRE CITY", "TNAME": "Barre City", "SOURCENAME": null, "SOURCETYPE": "UNKNOWN", "SOURCEDATE": "UNKNOWN", "EDITMETHOD": "UNKNOWN", "EDITOR": "UNKNOWN", "EDITDATE": "UNKNOWN", "MATCHSTAT": "MATCH", "EDITNOTE": "UNKNOWN", "OWNER1": "83 WASHINGTON STREET LLC", "OWNER2": "", "ADDRGL1": "125 NELSON ST", "ADDRGL2": "", "CITYGL": "BARRE", "STGL": "VT", "ZIPGL": "05641", "DESCPROP": "RESTAURANT/APT-0.52AC", "LOCAPROP": "WASHINGTON ST  83", "CAT": "Commercial", "RESCODE": "C", "ACRESGL": 0.52, "REAL_FLV": 217100, "HSTED_FLV": 0, "NRES_FLV": 217100, "LAND_LV": 89800, "IMPRV_LV": 127300, "EQUIPVAL": 0, "EQUIPCODE": "", "INVENVAL": 0, "HSDECL": "N", "HSITEVAL": 0, "VETEXAMT": 0, "EXPDESC": "", "ENDDATE": "", "STATUTE": "", "EXAMT_HS": 0, "EXAMT_NR": 0, "UVREDUC_HS": 0, "UVREDUC_NR": 0, "GLVAL_HS": 0.0, "GLVAL_NR": 2171.0, "CRHOUSPCT": 0.0, "MUNGL1PCT": 2171.0, "AOEGL_HS": 0.0, "AOEGL_NR": 2171.0, "E911ADDR": "83 WASHINGTON ST", "SHAPE_Length": 0.0019408002429784441, "SHAPE_Area": 2.2999132911685363e-07}, "geometry": {"type": "MultiPolygon", "coordinates": [[[[-72.49791252699998, 44.194531392000044], [-72.49791291899999, 44.194530127000064], [-72.49824748599997, 44.19469528800005], [-72.49824792699997, 44.19469550600007], [-72.49811187899996, 44.19496550100007], [-72.49800906199994, 44.19516321700007], [-72.49800788899995, 44.19516532600005], [-72.49756029799994, 44.194924429000025], [-72.49755873399994, 44.194923585000026], [-72.49756029799994, 44.19492203800007], [-72.49791252699998, 44.194531392000044]]]]}}, {"type": "Feature", "properties": {"OBJECTID": 6351, "SPAN": "036-011-11631", "GLIST_SPAN": "036-011-11631", "MAPID": "0350-0133.0000", "PARCID": "0350-0133-0000", "PROPTYPE": "PARCEL", "YEAR": 2023, "GLYEAR": 2022, "TOWN": "BARRE CITY", "TNAME": "Barre City", "SOURCENAME": null, "SOURCETYPE": "UNKNOWN", "SOURCEDATE": "UNKNOWN", "EDITMETHOD": "UNKNOWN", "EDITOR": "UNKNOWN", "EDITDATE": "UNKNOWN", "MATCHSTAT": "MATCH", "EDITNOTE": "UNKNOWN", "OWNER1": "T & R PROPERTIES LLC", "OWNER2": "", "ADDRGL1": "PO BOX 731", "ADDRGL2": "", "CITYGL": "COLCHESTER", "STGL": "VT", "ZIPGL": "05446-0731", "DESCPROP": "5 APTS-0.08AC", "LOCAPROP": "CHURCH ST 133", "CAT": "Commercial Apt", "RESCODE": "C", "ACRESGL": 0.08, "REAL_FLV": 168500, "HSTED_FLV": 0, "NRES_FLV": 168500, "LAND_LV": 12900, "IMPRV_LV": 155600, "EQUIPVAL": 0, "EQUIPCODE": "", "INVENVAL": 0, "HSDECL": "N", "HSITEVAL": 0, "VETEXAMT": 0, "EXPDESC": "", "ENDDATE": "", "STATUTE": "", "EXAMT_HS": 0, "EXAMT_NR": 0, "UVREDUC_HS": 0, "UVREDUC_NR": 0, "GLVAL_HS": 0.0, "GLVAL_NR": 1685.0, "CRHOUSPCT": 0.0, "MUNGL1PCT": 1685.0, "AOEGL_HS": 0.0, "AOEGL_NR": 1685.0, "E911ADDR": "133 CHURCH ST", "SHAPE_Length": 0.0007632075455220785, "SHAPE_Area": 3.453670129806526e-08}, "geometry": {"type": "MultiPolygon", "coordinates": [[[[-72.49906089699994, 44.19733927800007], [-72.49917544299996, 44.19719092100007], [-72.49918912499999, 44.19719499900003], [-72.49935448999997, 44.19724337400004], [-72.49925480099995, 44.197400310000035], [-72.49906089699994, 44.19733927800007]]]]}}, {"type": "Feature", "properties": {"OBJECTID": 6465, "SPAN": "036-011-11743", "GLIST_SPAN": "036-011-11743", "MAPID": "1515-0070.0000", "PARCID": "1515-0070-0000", "PROPTYPE": "PARCEL", "YEAR": 2023, "GLYEAR": 2022, "TOWN": "BARRE CITY", "TNAME": "Barre City", "SOURCENAME": null, "SOURCETYPE": "UNKNOWN", "SOURCEDATE": "UNKNOWN", "EDITMETHOD": "UNKNOWN", "EDITOR": "UNKNOWN", "EDITDATE": "UNKNOWN", "MATCHSTAT": "MATCH", "EDITNOTE": "UNKNOWN", "OWNER1": "CARYN LAWRENCE ENTERPRISES LLC", "OWNER2": "", "ADDRGL1": "70 WASHINGTON ST", "ADDRGL2": "", "CITYGL": "BARRE", "STGL": "VT", "ZIPGL": "05641", "DESCPROP": "RES & B & B-0.27AC", "LOCAPROP": "WASHINGTON ST  70", "CAT": "Commercial", "RESCODE": "C", "ACRESGL": 0.27, "REAL_FLV": 289900, "HSTED_FLV": 0, "NRES_FLV": 289900, "LAND_LV": 21400, "IMPRV_LV": 268500, "EQUIPVAL": 0, "EQUIPCODE": "", "INVENVAL": 0, "HSDECL": "N", "HSITEVAL": 69700, "VETEXAMT": 0, "EXPDESC": "", "ENDDATE": "", "STATUTE": "", "EXAMT_HS": 0, "EXAMT_NR": 0, "UVREDUC_HS": 0, "UVREDUC_NR": 0, "GLVAL_HS": 0.0, "GLVAL_NR": 2899.0, "CRHOUSPCT": 0.0, "MUNGL1PCT": 2899.0, "AOEGL_HS": 0.0, "AOEGL_NR": 2899.0, "E911ADDR": "70 WASHINGTON ST", "SHAPE_Length": 0.0014553639748036964, "SHAPE_Area": 1.201459799802798e-07}, "geometry": {"type": "MultiPolygon", "coordinates": [[[[-72.49783000599996, 44.19576289300005], [-72.49816629299994, 44.19542270800008], [-72.49837349899997, 44.195556417000034], [-72.49809678699995, 44.19589123900005], [-72.49808683699996, 44.195886452000025], [-72.49783000599996, 44.19576289300005]]]]}}, {"type": "Feature", "properties": {"OBJECTID": 6466, "SPAN": "036-011-11744", "GLIST_SPAN": "036-011-11744", "MAPID": "0015-0017.0000", "PARCID": "0015-0017-0000", "PROPTYPE": "PARCEL", "YEAR": 2023, "GLYEAR": 2022, "TOWN": "BARRE CITY", "TNAME": "Barre City", "SOURCENAME": null, "SOURCETYPE": "UNKNOWN", "SOURCEDATE": "UNKNOWN", "EDITMETHOD": "UNKNOWN", "EDITOR": "UNKNOWN", "EDITDATE": "UNKNOWN", "MATCHSTAT": "MATCH", "EDITNOTE": "UNKNOWN", "OWNER1": "CORRIGAN EDWARD J & MARY G", "OWNER2": "", "ADDRGL1": "PO BOX 151", "ADDRGL2": "", "CITYGL": "NORTHFIELD FALLS", "STGL": "VT", "ZIPGL": "05664-0151", "DESCPROP": "5 APTS-0.30AC", "LOCAPROP": "ACADEMY ST  17", "CAT": "Commercial Apt", "RESCODE": "S", "ACRESGL": 0.3, "REAL_FLV": 297500, "HSTED_FLV": 0, "NRES_FLV": 297500, "LAND_LV": 30800, "IMPRV_LV": 266700, "EQUIPVAL": 0, "EQUIPCODE": "", "INVENVAL": 0, "HSDECL": "N", "HSITEVAL": 0, "VETEXAMT": 0, "EXPDESC": "", "ENDDATE": "", "STATUTE": "", "EXAMT_HS": 0, "EXAMT_NR": 0, "UVREDUC_HS": 0, "UVREDUC_NR": 0, "GLVAL_HS": 0.0, "GLVAL_NR": 2975.0, "CRHOUSPCT": 0.0, "MUNGL1PCT": 2975.0, "AOEGL_HS": 0.0, "AOEGL_NR": 2975.0, "E911ADDR": "17 ACADEMY ST", "SHAPE_Length": 0.001527199693502267, "SHAPE_Area": 1.3925240213021963e-07}, "geometry": {"type": "MultiPolygon", "coordinates": [[[[-72.49687690699994, 44.196204229000045], [-72.49712828699995, 44.19589064500008], [-72.49715955999994, 44.195903301000044], [-72.49746134199995, 44.196026276000055], [-72.49746017599995, 44.19602776100004], [-72.49721466099999, 44.196340503000044], [-72.49721270499998, 44.196342611000034], [-72.49719550499998, 44.196333190000075], [-72.49687690699994, 44.196204229000045]]]]}}, {"type": "Feature", "properties": {"OBJECTID": 6553, "SPAN": "036-011-11835", "GLIST_SPAN": "036-011-11835", "MAPID": "1095-0014.0000", "PARCID": "1095-0014-0000", "PROPTYPE": "PARCEL", "YEAR": 2023, "GLYEAR": 2022, "TOWN": "BARRE CITY", "TNAME": "Barre City", "SOURCENAME": null, "SOURCETYPE": "UNKNOWN", "SOURCEDATE": "UNKNOWN", "EDITMETHOD": "UNKNOWN", "EDITOR": "UNKNOWN", "EDITDATE": "UNKNOWN", "MATCHSTAT": "MATCH", "EDITNOTE": "UNKNOWN", "OWNER1": "GRANITE CITY DEVELOPERS LLC", "OWNER2": "", "ADDRGL1": "254 INDUSTRIAL LANE", "ADDRGL2": "", "CITYGL": "BARRE", "STGL": "VT", "ZIPGL": "05641", "DESCPROP": "RETAIL/OFFICES-0.21AC", "LOCAPROP": "N MAIN ST   14", "CAT": "Commercial", "RESCODE": "C", "ACRESGL": 0.21, "REAL_FLV": 2125000, "HSTED_FLV": 0, "NRES_FLV": 2125000, "LAND_LV": 386300, "IMPRV_LV": 1738700, "EQUIPVAL": 0, "EQUIPCODE": "", "INVENVAL": 0, "HSDECL": "N", "HSITEVAL": 0, "VETEXAMT": 0, "EXPDESC": "Non-Approved (Voted)", "ENDDATE": "6/30/2023 0:00:00", "STATUTE": "2741", "EXAMT_HS": 0, "EXAMT_NR": 1506400, "UVREDUC_HS": 0, "UVREDUC_NR": 0, "GLVAL_HS": 0.0, "GLVAL_NR": 6186.0, "CRHOUSPCT": 0.0, "MUNGL1PCT": 6186.0, "AOEGL_HS": 0.0, "AOEGL_NR": 21250.0, "E911ADDR": "14 N MAIN ST", "SHAPE_Length": 0.0013676633878377845, "SHAPE_Area": 9.478857404735978e-08}, "geometry": {"type": "MultiPolygon", "coordinates": [[[[-72.50209939299998, 44.19687137900007], [-72.50210400999998, 44.196870613000044], [-72.50210439999995, 44.19687230000005], [-72.50220370299996, 44.197053563000054], [-72.50219955599994, 44.19705427200006], [-72.50171425999997, 44.19713724200005], [-72.50170736899997, 44.197116950000066], [-72.50164935999999, 44.196946136000065], [-72.50209939299998, 44.19687137900007]]]]}}, {"type": "Feature", "properties": {"OBJECTID": 6561, "SPAN": "036-011-11843", "GLIST_SPAN": "036-011-11843", "MAPID": "1515-0055.0000", "PARCID": "1515-0055-0000", "PROPTYPE": "PARCEL", "YEAR": 2023, "GLYEAR": 2022, "TOWN": "BARRE CITY", "TNAME": "Barre City", "SOURCENAME": null, "SOURCETYPE": "UNKNOWN", "SOURCEDATE": "UNKNOWN", "EDITMETHOD": "UNKNOWN", "EDITOR": "UNKNOWN", "EDITDATE": "UNKNOWN", "MATCHSTAT": "MATCH", "EDITNOTE": "UNKNOWN", "OWNER1": "VERMONT STATE OF; DEPARTMENT OF BUILDING", "OWNER2": "& GENERAL SERVICES - COMMISSIONERS OFFIC", "ADDRGL1": "2 GOVERNOR AIKEN AVE", "ADDRGL2": "", "CITYGL": "MONTPELIER", "STGL": "VT", "ZIPGL": "05633", "DESCPROP": "VAC LAND-0.07AC", "LOCAPROP": "WASHINGTON ST  55", "CAT": "Miscellaneous", "RESCODE": "T", "ACRESGL": 0.07, "REAL_FLV": 7000, "HSTED_FLV": 0, "NRES_FLV": 7000, "LAND_LV": 7000, "IMPRV_LV": 0, "EQUIPVAL": 0, "EQUIPCODE": "", "INVENVAL": 0, "HSDECL": "N", "HSITEVAL": 0, "VETEXAMT": 0, "EXPDESC": "", "ENDDATE": "", "STATUTE": "", "EXAMT_HS": 0, "EXAMT_NR": 0, "UVREDUC_HS": 0, "UVREDUC_NR": 0, "GLVAL_HS": 0.0, "GLVAL_NR": 0.0, "CRHOUSPCT": 0.0, "MUNGL1PCT": 0.0, "AOEGL_HS": 0.0, "AOEGL_NR": 0.0, "E911ADDR": "55 WASHINGTON ST", "SHAPE_Length": 0.0007344983008677526, "SHAPE_Area": 2.997949004938726e-08}, "geometry": {"type": "MultiPolygon", "coordinates": [[[[-72.49950744299997, 44.19628316100005], [-72.49957546399997, 44.19623942700008], [-72.49975724499996, 44.196261365000055], [-72.49966146699995, 44.19644023800004], [-72.49947890599998, 44.196304817000055], [-72.49947616899993, 44.196303270000044], [-72.49950744299997, 44.19628316100005]]]]}}, {"type": "Feature", "properties": {"OBJECTID": 6723, "SPAN": "036-011-12016", "GLIST_SPAN": "036-011-12016", "MAPID": "1515-0084.0000", "PARCID": "1515-0084-0000", "PROPTYPE": "PARCEL", "YEAR": 2023, "GLYEAR": 2022, "TOWN": "BARRE CITY", "TNAME": "Barre City", "SOURCENAME": null, "SOURCETYPE": "UNKNOWN", "SOURCEDATE": "UNKNOWN", "EDITMETHOD": "UNKNOWN", "EDITOR": "UNKNOWN", "EDITDATE": "UNKNOWN", "MATCHSTAT": "MATCH", "EDITNOTE": "UNKNOWN", "OWNER1": "MARTIN PALMER E & NADINE M", "OWNER2": "", "ADDRGL1": "84 WASHINGTON ST", "ADDRGL2": "", "CITYGL": "BARRE", "STGL": "VT", "ZIPGL": "05641", "DESCPROP": "2 APTS-0.44AC", "LOCAPROP": "WASHINGTON ST  84", "CAT": "Residential-1", "RESCODE": "T", "ACRESGL": 0.44, "REAL_FLV": 164270, "HSTED_FLV": 164270, "NRES_FLV": 0, "LAND_LV": 24670, "IMPRV_LV": 139600, "EQUIPVAL": 0, "EQUIPCODE": "", "INVENVAL": 0, "HSDECL": "Y", "HSITEVAL": 164270, "VETEXAMT": 0, "EXPDESC": "", "ENDDATE": "", "STATUTE": "", "EXAMT_HS": 0, "EXAMT_NR": 0, "UVREDUC_HS": 0, "UVREDUC_NR": 0, "GLVAL_HS": 1643.0, "GLVAL_NR": 0.0, "CRHOUSPCT": 0.0, "MUNGL1PCT": 1642.7, "AOEGL_HS": 1643.0, "AOEGL_NR": 0.0, "E911ADDR": "84 WASHINGTON ST", "SHAPE_Length": 0.0019548665955808698, "SHAPE_Area": 2.0651945457036634e-07}, "geometry": {"type": "MultiPolygon", "coordinates": [[[[-72.49724951799993, 44.19493764100008], [-72.49725069099998, 44.194936375000054], [-72.49755325399997, 44.19509908400005], [-72.49755403599994, 44.195099646000074], [-72.49724597899996, 44.19538651200003], [-72.49724285199994, 44.195389324000075], [-72.49709273099995, 44.19552769400008], [-72.49709155799997, 44.195526991000065], [-72.49678508499994, 44.195365828000035], [-72.49724951799993, 44.19493764100008]]]]}}, {"type": "Feature", "properties": {"OBJECTID": 6731, "SPAN": "036-011-12024", "GLIST_SPAN": "036-011-12024", "MAPID": "0015-0002.0000", "PARCID": "0015-0002-0000", "PROPTYPE": "PARCEL", "YEAR": 2023, "GLYEAR": 2022, "TOWN": "BARRE CITY", "TNAME": "Barre City", "SOURCENAME": null, "SOURCETYPE": "UNKNOWN", "SOURCEDATE": "UNKNOWN", "EDITMETHOD": "UNKNOWN", "EDITOR": "UNKNOWN", "EDITDATE": "UNKNOWN", "MATCHSTAT": "MATCH", "EDITNOTE": "UNKNOWN", "OWNER1": "MASONIC BUILDING ASSOCIATION OF BARRE", "OWNER2": "VERMONT", "ADDRGL1": "2 ACADEMY ST", "ADDRGL2": "", "CITYGL": "BARRE", "STGL": "VT", "ZIPGL": "05641", "DESCPROP": "MASONIC TEMPLE-0.81AC", "LOCAPROP": "ACADEMY ST   2", "CAT": "Commercial", "RESCODE": "C", "ACRESGL": 0.81, "REAL_FLV": 341200, "HSTED_FLV": 0, "NRES_FLV": 341200, "LAND_LV": 71700, "IMPRV_LV": 269500, "EQUIPVAL": 0, "EQUIPCODE": "", "INVENVAL": 0, "HSDECL": "N", "HSITEVAL": 0, "VETEXAMT": 0, "EXPDESC": "", "ENDDATE": "", "STATUTE": "", "EXAMT_HS": 0, "EXAMT_NR": 0, "UVREDUC_HS": 0, "UVREDUC_NR": 0, "GLVAL_HS": 0.0, "GLVAL_NR": 3412.0, "CRHOUSPCT": 0.0, "MUNGL1PCT": 3412.0, "AOEGL_HS": 0.0, "AOEGL_NR": 3412.0, "E911ADDR": "2 ACADEMY ST", "SHAPE_Length": 0.003092943691249218, "SHAPE_Area": 3.359643231863187e-07}, "geometry": {"type": "MultiPolygon", "coordinates": [[[[-72.49880297499993, 44.197253319000026], [-72.49888224399996, 44.197100498000054], [-72.49896473399997, 44.19693976700006], [-72.49869772999995, 44.19682853000006], [-72.49909882599997, 44.196690441000044], [-72.49917036699998, 44.19665191000007], [-72.49943815499995, 44.19649525700004], [-72.49969656499997, 44.19672779500007], [-72.49967309999994, 44.19676314700007], [-72.49948897199994, 44.19672236500003], [-72.49918912499999, 44.19719499900003], [-72.49917544299996, 44.19719092100007], [-72.49906089699994, 44.19733927800007], [-72.49903939599994, 44.19735840300007], [-72.49879975499994, 44.19725968300003], [-72.49880297499993, 44.197253319000026]]]]}}, {"type": "Feature", "properties": {"OBJECTID": 6766, "SPAN": "036-011-12062", "GLIST_SPAN": "036-011-12062", "MAPID": "1355-0023.0000", "PARCID": "1355-0023-0000", "PROPTYPE": "PARCEL", "YEAR": 2023, "GLYEAR": 2022, "TOWN": "BARRE CITY", "TNAME": "Barre City", "SOURCENAME": null, "SOURCETYPE": "UNKNOWN", "SOURCEDATE": "UNKNOWN", "EDITMETHOD": "UNKNOWN", "EDITOR": "UNKNOWN", "EDITDATE": "UNKNOWN", "MATCHSTAT": "MATCH", "EDITNOTE": "UNKNOWN", "OWNER1": "MCDOWELL GEORGE C & SUSAN W", "OWNER2": "", "ADDRGL1": "23 SPAULDING ST", "ADDRGL2": "", "CITYGL": "BARRE", "STGL": "VT", "ZIPGL": "05641", "DESCPROP": "2 APTS-0.46AC", "LOCAPROP": "SPAULDING ST  23", "CAT": "Residential-1", "RESCODE": "T", "ACRESGL": 0.46, "REAL_FLV": 213300, "HSTED_FLV": 159400, "NRES_FLV": 53900, "LAND_LV": 20000, "IMPRV_LV": 193300, "EQUIPVAL": 0, "EQUIPCODE": "", "INVENVAL": 0, "HSDECL": "Y", "HSITEVAL": 159400, "VETEXAMT": 0, "EXPDESC": "", "ENDDATE": "", "STATUTE": "", "EXAMT_HS": 0, "EXAMT_NR": 0, "UVREDUC_HS": 0, "UVREDUC_NR": 0, "GLVAL_HS": 1594.0, "GLVAL_NR": 539.0, "CRHOUSPCT": 0.0, "MUNGL1PCT": 2133.0, "AOEGL_HS": 1594.0, "AOEGL_NR": 539.0, "E911ADDR": "23 SPAULDING ST", "SHAPE_Length": 0.0020959452545557212, "SHAPE_Area": 1.4132120782962383e-07}, "geometry": {"type": "MultiPolygon", "coordinates": [[[[-72.50016771299994, 44.19499181400005], [-72.50029749699996, 44.19473039400003], [-72.50035769799996, 44.19474347100004], [-72.50036121499994, 44.194725050000045], [-72.50036356099997, 44.19472561300006], [-72.50039952499998, 44.19473419000008], [-72.50040226199997, 44.19473489300003], [-72.50057387399994, 44.19477651700004], [-72.50056488399997, 44.194796204000056], [-72.50033072699995, 44.195318763000046], [-72.50032290899998, 44.195336060000045], [-72.50021791599994, 44.195551470000055], [-72.50017643799998, 44.195553407000034], [-72.50027717199998, 44.19527109200004], [-72.50019116899995, 44.19499771900007], [-72.50016771299994, 44.19499181400005]]]]}}, {"type": "Feature", "properties": {"OBJECTID": 6847, "SPAN": "036-011-12116", "GLIST_SPAN": "036-011-12116", "MAPID": "0245-0027.0000", "PARCID": "0245-0027-0000", "PROPTYPE": "PARCEL", "YEAR": 2023, "GLYEAR": 2022, "TOWN": "BARRE CITY", "TNAME": "Barre City", "SOURCENAME": null, "SOURCETYPE": "UNKNOWN", "SOURCEDATE": "UNKNOWN", "EDITMETHOD": "UNKNOWN", "EDITOR": "UNKNOWN", "EDITDATE": "UNKNOWN", "MATCHSTAT": "MATCH", "EDITNOTE": "UNKNOWN", "OWNER1": "GRANT AUSTIN", "OWNER2": "", "ADDRGL1": "PO BOX 735", "ADDRGL2": "", "CITYGL": "HARDWICK", "STGL": "VT", "ZIPGL": "05843-0735", "DESCPROP": "FORMER RESIDENTIAL CARE HOME?-0.14AC & 0", "LOCAPROP": "BROOKLYN ST  27", "CAT": "Residential-1", "RESCODE": "T", "ACRESGL": 0.24, "REAL_FLV": 112890, "HSTED_FLV": 0, "NRES_FLV": 112890, "LAND_LV": 11380, "IMPRV_LV": 101510, "EQUIPVAL": 0, "EQUIPCODE": "", "INVENVAL": 0, "HSDECL": "N", "HSITEVAL": 0, "VETEXAMT": 0, "EXPDESC": "", "ENDDATE": "", "STATUTE": "", "EXAMT_HS": 0, "EXAMT_NR": 0, "UVREDUC_HS": 0, "UVREDUC_NR": 0, "GLVAL_HS": 0.0, "GLVAL_NR": 1128.9, "CRHOUSPCT": 0.0, "MUNGL1PCT": 1128.9, "AOEGL_HS": 0.0, "AOEGL_NR": 1128.9, "E911ADDR": "27 BROOKLYN ST", "SHAPE_Length": 0.002274771458321127, "SHAPE_Area": 1.2652304381467637e-07}, "geometry": {"type": "MultiPolygon", "coordinates": [[[[-72.50239242099997, 44.19494018000006], [-72.50276066199996, 44.19487337500004], [-72.50276457099994, 44.194875625000066], [-72.50284862099994, 44.19492104400007], [-72.50288771799995, 44.19502510500007], [-72.50244715599996, 44.19510034900003], [-72.50239242099997, 44.19494018000006]]], [[[-72.50201010699993, 44.195005156000036], [-72.50220869099996, 44.19497252700006], [-72.50226420799999, 44.19512988300005], [-72.50231972499995, 44.19529385000004], [-72.50233262599994, 44.19531072500007], [-72.50225014299997, 44.195348273000036], [-72.50219502099998, 44.195272759000034], [-72.50212035099997, 44.19515421500006], [-72.50209845799998, 44.19512327800004], [-72.50207343899996, 44.19509909100003], [-72.50205545599994, 44.19507701300006], [-72.50204294599996, 44.195062248000056], [-72.50202457199998, 44.195032436000076], [-72.50201010699993, 44.195005156000036]]]]}}, {"type": "Feature", "properties": {"OBJECTID": 6851, "SPAN": "036-011-12117", "GLIST_SPAN": "036-011-12117", "MAPID": "0245-0031.0000", "PARCID": "0245-0031-0000", "PROPTYPE": "PARCEL", "YEAR": 2023, "GLYEAR": 2022, "TOWN": "BARRE CITY", "TNAME": "Barre City", "SOURCENAME": null, "SOURCETYPE": "UNKNOWN", "SOURCEDATE": "UNKNOWN", "EDITMETHOD": "UNKNOWN", "EDITOR": "UNKNOWN", "EDITDATE": "UNKNOWN", "MATCHSTAT": "MATCH", "EDITNOTE": "UNKNOWN", "OWNER1": "HISCOCK II BENJAMIN E & DAVIS-HISCOCK", "OWNER2": "SAMANTHA E", "ADDRGL1": "", "ADDRGL2": "349 SIERRA LAVIN RD", "CITYGL": "BARRE", "STGL": "VT", "ZIPGL": "05641", "DESCPROP": "4 APTS-0.35AC & 0.3050AC", "LOCAPROP": "BROOKLYN ST  31", "CAT": "Residential-1", "RESCODE": "S", "ACRESGL": 0.63, "REAL_FLV": 120600, "HSTED_FLV": 0, "NRES_FLV": 120600, "LAND_LV": 23000, "IMPRV_LV": 97600, "EQUIPVAL": 0, "EQUIPCODE": "", "INVENVAL": 0, "HSDECL": "N", "HSITEVAL": 0, "VETEXAMT": 0, "EXPDESC": "", "ENDDATE": "", "STATUTE": "", "EXAMT_HS": 0, "EXAMT_NR": 0, "UVREDUC_HS": 0, "UVREDUC_NR": 0, "GLVAL_HS": 0.0, "GLVAL_NR": 1206.0, "CRHOUSPCT": 0.0, "MUNGL1PCT": 1206.0, "AOEGL_HS": 0.0, "AOEGL_NR": 1206.0, "E911ADDR": "31 BROOKLYN ST", "SHAPE_Length": 0.0032409083746531876, "SHAPE_Area": 2.744801230613417e-07}, "geometry": {"type": "MultiPolygon", "coordinates": [[[[-72.50171025999998, 44.194522680000034], [-72.50209648099997, 44.19447654900006], [-72.50220830099994, 44.19497182300006], [-72.50220869099996, 44.19497252700006], [-72.50201010699993, 44.195005156000036], [-72.50198977799994, 44.19497154700008], [-72.50196006599998, 44.194918391000044], [-72.50183144899995, 44.194716036000045], [-72.50171025999998, 44.194522680000034]]], [[[-72.50228568299997, 44.19445404500004], [-72.50241741899998, 44.19443632400004], [-72.50252101599995, 44.19452322700005], [-72.50257222999994, 44.19464205300005], [-72.50270436799997, 44.194841033000046], [-72.50276066199996, 44.19487337500004], [-72.50239242099997, 44.19494018000006], [-72.50228490099994, 44.19445432600003], [-72.50228568299997, 44.19445404500004]]]]}}, {"type": "Feature", "properties": {"OBJECTID": 6932, "SPAN": "036-011-12555", "GLIST_SPAN": "036-011-12555", "MAPID": "1515-0039.0000", "PARCID": "1515-0039-0000", "PROPTYPE": "PARCEL", "YEAR": 2023, "GLYEAR": 2022, "TOWN": "BARRE CITY", "TNAME": "Barre City", "SOURCENAME": null, "SOURCETYPE": "UNKNOWN", "SOURCEDATE": "UNKNOWN", "EDITMETHOD": "UNKNOWN", "EDITOR": "UNKNOWN", "EDITDATE": "UNKNOWN", "MATCHSTAT": "MATCH", "EDITNOTE": "UNKNOWN", "OWNER1": "RECTOR WARDENS & VESTRYMEN OF THE", "OWNER2": "CHURCH OF THE GOOD SHEPHERD", "ADDRGL1": "39 WASHINGTON ST", "ADDRGL2": "", "CITYGL": "BARRE", "STGL": "VT", "ZIPGL": "05641", "DESCPROP": "EPISCOPAL CHURCH-0.50AC", "LOCAPROP": "WASHINGTON ST  39", "CAT": "Commercial", "RESCODE": "C", "ACRESGL": 0.5, "REAL_FLV": 1684800, "HSTED_FLV": 0, "NRES_FLV": 1684800, "LAND_LV": 160100, "IMPRV_LV": 1524700, "EQUIPVAL": 0, "EQUIPCODE": "", "INVENVAL": 0, "HSDECL": "N", "HSITEVAL": 0, "VETEXAMT": 0, "EXPDESC": "Statutory", "ENDDATE": "", "STATUTE": "", "EXAMT_HS": 0, "EXAMT_NR": 0, "UVREDUC_HS": 0, "UVREDUC_NR": 0, "GLVAL_HS": 0.0, "GLVAL_NR": 0.0, "CRHOUSPCT": 0.0, "MUNGL1PCT": 0.0, "AOEGL_HS": 0.0, "AOEGL_NR": 0.0, "E911ADDR": "39 WASHINGTON ST", "SHAPE_Length": 0.0016618015265745466, "SHAPE_Area": 1.2530391301491503e-07}, "geometry": {"type": "MultiPolygon", "coordinates": [[[[-72.49983680099996, 44.196361195000065], [-72.49984715799997, 44.19634180200006], [-72.49985518699998, 44.19632743300008], [-72.49998083299994, 44.19635545700004], [-72.50002367999997, 44.196257539000044], [-72.50002720399993, 44.19624948500007], [-72.50005448499996, 44.196255919000066], [-72.50005658799995, 44.19625641500005], [-72.50011903699993, 44.19611936200005], [-72.50012191399998, 44.19611304700004], [-72.50027251999995, 44.19615065200003], [-72.50027069699996, 44.19615990300008], [-72.50025520899999, 44.19623845900003], [-72.50025115599993, 44.19625902000007], [-72.50020708099999, 44.196348346000036], [-72.50019061999996, 44.196381709000036], [-72.50016564399994, 44.196528185000034], [-72.50015318699997, 44.196601240000064], [-72.50015185999996, 44.19660902100003], [-72.49989924899995, 44.19654482300007], [-72.49977199799997, 44.19650001900004], [-72.49976414099996, 44.19649725200003], [-72.49983680099996, 44.196361195000065]]]]}}, {"type": "Feature", "properties": {"OBJECTID": 6936, "SPAN": "036-011-12996", "GLIST_SPAN": "036-011-12996", "MAPID": "1345-0003.0000", "PARCID": "1345-0003-0000", "PROPTYPE": "PARCEL", "YEAR": 2023, "GLYEAR": 2022, "TOWN": "BARRE CITY", "TNAME": "Barre City", "SOURCENAME": null, "SOURCETYPE": "UNKNOWN", "SOURCEDATE": "UNKNOWN", "EDITMETHOD": "UNKNOWN", "EDITOR": "UNKNOWN", "EDITDATE": "UNKNOWN", "MATCHSTAT": "MATCH", "EDITNOTE": "UNKNOWN", "OWNER1": "UNITED STATES OF AMERICA", "OWNER2": "", "ADDRGL1": "3 S MAIN ST", "ADDRGL2": "", "CITYGL": "BARRE", "STGL": "VT", "ZIPGL": "05641", "DESCPROP": "US POST OFFICE-0.58AC", "LOCAPROP": "S MAIN ST   3", "CAT": "Commercial", "RESCODE": "C", "ACRESGL": 0.58, "REAL_FLV": 23331800, "HSTED_FLV": 0, "NRES_FLV": 23331800, "LAND_LV": 489600, "IMPRV_LV": 22842200, "EQUIPVAL": 0, "EQUIPCODE": "", "INVENVAL": 0, "HSDECL": "N", "HSITEVAL": 0, "VETEXAMT": 0, "EXPDESC": "Statutory", "ENDDATE": "", "STATUTE": "", "EXAMT_HS": 0, "EXAMT_NR": 0, "UVREDUC_HS": 0, "UVREDUC_NR": 0, "GLVAL_HS": 0.0, "GLVAL_NR": 0.0, "CRHOUSPCT": 0.0, "MUNGL1PCT": 0.0, "AOEGL_HS": 0.0, "AOEGL_NR": 0.0, "E911ADDR": "3 S MAIN ST", "SHAPE_Length": 0.002118645809661469, "SHAPE_Area": 2.716606610517591e-07}, "geometry": {"type": "MultiPolygon", "coordinates": [[[[-72.50137801599993, 44.195967875000065], [-72.50193156299997, 44.19592736700008], [-72.50192882899995, 44.19601708600004], [-72.50192375199998, 44.19614533500004], [-72.50192375199998, 44.19614631800005], [-72.50192297099994, 44.196193005000055], [-72.50191554299994, 44.19619483400004], [-72.50194682499995, 44.19644331500007], [-72.50194760699998, 44.19644598700006], [-72.50192845299995, 44.196446269000035], [-72.50148514299997, 44.19652516600007], [-72.50141906799996, 44.196196529000076], [-72.50137801599993, 44.195967875000065]]]]}}, {"type": "Feature", "properties": {"OBJECTID": 6938, "SPAN": "036-011-12997", "GLIST_SPAN": "036-011-12997", "MAPID": "0350-0019.0000", "PARCID": "0350-0019-0000", "PROPTYPE": "PARCEL", "YEAR": 2023, "GLYEAR": 2022, "TOWN": "BARRE CITY", "TNAME": "Barre City", "SOURCENAME": null, "SOURCETYPE": "UNKNOWN", "SOURCEDATE": "UNKNOWN", "EDITMETHOD": "UNKNOWN", "EDITOR": "UNKNOWN", "EDITDATE": "UNKNOWN", "MATCHSTAT": "MATCH", "EDITNOTE": "UNKNOWN", "OWNER1": "UNIVERSALIST CHURCH", "OWNER2": "", "ADDRGL1": "PO BOX 764", "ADDRGL2": "", "CITYGL": "BARRE", "STGL": "VT", "ZIPGL": "05641-0764", "DESCPROP": "UNIVERSALIST CHURCH/PARSONAGE-0.32AC", "LOCAPROP": "CHURCH ST  1 & 19", "CAT": "Commercial", "RESCODE": "C", "ACRESGL": 0.32, "REAL_FLV": 1595000, "HSTED_FLV": 0, "NRES_FLV": 1595000, "LAND_LV": 102500, "IMPRV_LV": 1492500, "EQUIPVAL": 0, "EQUIPCODE": "", "INVENVAL": 0, "HSDECL": "N", "HSITEVAL": 0, "VETEXAMT": 0, "EXPDESC": "Statutory", "ENDDATE": "", "STATUTE": "", "EXAMT_HS": 0, "EXAMT_NR": 0, "UVREDUC_HS": 0, "UVREDUC_NR": 0, "GLVAL_HS": 0.0, "GLVAL_NR": 0.0, "CRHOUSPCT": 0.0, "MUNGL1PCT": 0.0, "AOEGL_HS": 0.0, "AOEGL_NR": 0.0, "E911ADDR": "1 CHURCH ST", "SHAPE_Length": 0.0015360714625687047, "SHAPE_Area": 1.5089640646729492e-07}, "geometry": {"type": "MultiPolygon", "coordinates": [[[[-72.50081137099994, 44.19624594900006], [-72.50082312899997, 44.19624512200005], [-72.50121925299999, 44.196213070000056], [-72.50122014099998, 44.196217696000076], [-72.50128123999997, 44.19653617300003], [-72.50128086299998, 44.196543992000045], [-72.50127874599997, 44.19655166500007], [-72.50127493999997, 44.19655899300005], [-72.50126954599995, 44.196565786000065], [-72.50126270499999, 44.196571866000056], [-72.50125459399999, 44.19657707600004], [-72.50124542299994, 44.19658128000003], [-72.50123543299998, 44.19658436900005], [-72.50088173399996, 44.19660825400007], [-72.50087922499995, 44.19660842300004], [-72.50087645199994, 44.19659751900008], [-72.50081137099994, 44.19624594900006]]]]}}, {"type": "Feature", "properties": {"OBJECTID": 6944, "SPAN": "036-011-13000", "GLIST_SPAN": "036-011-13000", "MAPID": "1345-0020.0000", "PARCID": "1345-0020-0000", "PROPTYPE": "PARCEL", "YEAR": 2023, "GLYEAR": 2022, "TOWN": "BARRE CITY", "TNAME": "Barre City", "SOURCENAME": null, "SOURCETYPE": "UNKNOWN", "SOURCEDATE": "UNKNOWN", "EDITMETHOD": "UNKNOWN", "EDITOR": "UNKNOWN", "EDITDATE": "UNKNOWN", "MATCHSTAT": "MATCH", "EDITNOTE": "UNKNOWN", "OWNER1": "BARRE PHARMACY LLC", "OWNER2": "", "ADDRGL1": "58 SUNFLOWER CIRCLE", "ADDRGL2": "", "CITYGL": "WAPPINGERS FALLS", "STGL": "NY", "ZIPGL": "12590-7132", "DESCPROP": "RETAIL/REST-1.03AC", "LOCAPROP": "S MAIN ST  20", "CAT": "Commercial", "RESCODE": "C", "ACRESGL": 1.03, "REAL_FLV": 430300, "HSTED_FLV": 0, "NRES_FLV": 430300, "LAND_LV": 115900, "IMPRV_LV": 314400, "EQUIPVAL": 0, "EQUIPCODE": "", "INVENVAL": 0, "HSDECL": "N", "HSITEVAL": 0, "VETEXAMT": 0, "EXPDESC": "", "ENDDATE": "", "STATUTE": "", "EXAMT_HS": 0, "EXAMT_NR": 0, "UVREDUC_HS": 0, "UVREDUC_NR": 0, "GLVAL_HS": 0.0, "GLVAL_NR": 4303.0, "CRHOUSPCT": 0.0, "MUNGL1PCT": 4303.0, "AOEGL_HS": 0.0, "AOEGL_NR": 4303.0, "E911ADDR": "20 S MAIN ST", "SHAPE_Length": 0.0027676251083713966, "SHAPE_Area": 4.463709005068709e-07}, "geometry": {"type": "MultiPolygon", "coordinates": [[[[-72.50033072699995, 44.195318763000046], [-72.50056488399997, 44.194796204000056], [-72.50097769199994, 44.19488929500005], [-72.50098433699998, 44.19489056000003], [-72.50107973099995, 44.195427461000065], [-72.50108403199994, 44.19545389800004], [-72.50108917899996, 44.19548374500005], [-72.50109380599997, 44.19551056900008], [-72.50021791599994, 44.195551470000055], [-72.50032290899998, 44.195336060000045], [-72.50033072699995, 44.195318763000046]]]]}}, {"type": "Feature", "properties": {"OBJECTID": 6981, "SPAN": "036-011-12151", "GLIST_SPAN": "036-011-12151", "MAPID": "1355-0019.0000", "PARCID": "1355-0019-0000", "PROPTYPE": "PARCEL", "YEAR": 2023, "GLYEAR": 2022, "TOWN": "BARRE CITY", "TNAME": "Barre City", "SOURCENAME": null, "SOURCETYPE": "UNKNOWN", "SOURCEDATE": "UNKNOWN", "EDITMETHOD": "UNKNOWN", "EDITOR": "UNKNOWN", "EDITDATE": "UNKNOWN", "MATCHSTAT": "MATCH", "EDITNOTE": "UNKNOWN", "OWNER1": "MOLLA-SARACCO SANDRA L & MOLLA JOHN S &", "OWNER2": "MOLLA GEORGE A", "ADDRGL1": "PO BOX 205", "ADDRGL2": "", "CITYGL": "STOCKHOLM", "STGL": "NJ", "ZIPGL": "07460-0205", "DESCPROP": "3 APTS-0.10AC", "LOCAPROP": "SPAULDING ST  19", "CAT": "Residential-1", "RESCODE": "NS", "ACRESGL": 0.1, "REAL_FLV": 88870, "HSTED_FLV": 0, "NRES_FLV": 88870, "LAND_LV": 9360, "IMPRV_LV": 79510, "EQUIPVAL": 0, "EQUIPCODE": "", "INVENVAL": 0, "HSDECL": "N", "HSITEVAL": 88870, "VETEXAMT": 0, "EXPDESC": "", "ENDDATE": "", "STATUTE": "", "EXAMT_HS": 0, "EXAMT_NR": 0, "UVREDUC_HS": 0, "UVREDUC_NR": 0, "GLVAL_HS": 0.0, "GLVAL_NR": 888.7, "CRHOUSPCT": 0.0, "MUNGL1PCT": 888.7, "AOEGL_HS": 0.0, "AOEGL_NR": 888.7, "E911ADDR": "19 SPAULDING ST", "SHAPE_Length": 0.0008989046746925403, "SHAPE_Area": 4.448379136995522e-08}, "geometry": {"type": "MultiPolygon", "coordinates": [[[[-72.50002659199998, 44.19596886800008], [-72.50002905199995, 44.19596211900006], [-72.50018876999997, 44.19596629500006], [-72.50030887699995, 44.19596623500007], [-72.50030706999996, 44.19597539500006], [-72.50027808599998, 44.19612241500005], [-72.50027251999995, 44.19615065200003], [-72.50012191399998, 44.19611304700004], [-72.49997663799996, 44.19607677600004], [-72.50002659199998, 44.19596886800008]]]]}}, {"type": "Feature", "properties": {"OBJECTID": 6985, "SPAN": "036-011-12152", "GLIST_SPAN": "036-011-12152", "MAPID": "1355-0045.0000", "PARCID": "1355-0045-0000", "PROPTYPE": "PARCEL", "YEAR": 2023, "GLYEAR": 2022, "TOWN": "BARRE CITY", "TNAME": "Barre City", "SOURCENAME": null, "SOURCETYPE": "UNKNOWN", "SOURCEDATE": "UNKNOWN", "EDITMETHOD": "UNKNOWN", "EDITOR": "UNKNOWN", "EDITDATE": "UNKNOWN", "MATCHSTAT": "MATCH", "EDITNOTE": "UNKNOWN", "OWNER1": "MOLLA-SARACCO SANDRA L & MOLLA JOHN S &", "OWNER2": "JOHN S & MOLLA GEORGE A", "ADDRGL1": "PO BOX 205", "ADDRGL2": "", "CITYGL": "STOCKHOLM", "STGL": "NJ", "ZIPGL": "07460-0205", "DESCPROP": "2 APTS-0.11AC", "LOCAPROP": "SPAULDING ST  45", "CAT": "Residential-1", "RESCODE": "NS", "ACRESGL": 0.11, "REAL_FLV": 121000, "HSTED_FLV": 0, "NRES_FLV": 121000, "LAND_LV": 10200, "IMPRV_LV": 110800, "EQUIPVAL": 0, "EQUIPCODE": "", "INVENVAL": 0, "HSDECL": "N", "HSITEVAL": 0, "VETEXAMT": 0, "EXPDESC": "", "ENDDATE": "", "STATUTE": "", "EXAMT_HS": 0, "EXAMT_NR": 0, "UVREDUC_HS": 0, "UVREDUC_NR": 0, "GLVAL_HS": 0.0, "GLVAL_NR": 1210.0, "CRHOUSPCT": 0.0, "MUNGL1PCT": 1210.0, "AOEGL_HS": 0.0, "AOEGL_NR": 1210.0, "E911ADDR": "45 SPAULDING ST", "SHAPE_Length": 0.0009513613962281679, "SHAPE_Area": 5.4409674422417426e-08}, "geometry": {"type": "MultiPolygon", "coordinates": [[[[-72.49904734899997, 44.19471042200007], [-72.49916423499997, 44.19447164300004], [-72.49931082799998, 44.19450637800003], [-72.49936750999996, 44.19451987900004], [-72.49924984199998, 44.19476062600006], [-72.49924124199998, 44.19475837600004], [-72.49904734899997, 44.19471042200007]]]]}}, {"type": "Feature", "properties": {"OBJECTID": 6989, "SPAN": "036-011-12153", "GLIST_SPAN": "036-011-12153", "MAPID": "1355-0047.0000", "PARCID": "1355-0047-0000", "PROPTYPE": "PARCEL", "YEAR": 2023, "GLYEAR": 2022, "TOWN": "BARRE CITY", "TNAME": "Barre City", "SOURCENAME": null, "SOURCETYPE": "UNKNOWN", "SOURCEDATE": "UNKNOWN", "EDITMETHOD": "UNKNOWN", "EDITOR": "UNKNOWN", "EDITDATE": "UNKNOWN", "MATCHSTAT": "MATCH", "EDITNOTE": "UNKNOWN", "OWNER1": "MOLLA-SARACCO SANDRA L & MOLLA JOHN S &", "OWNER2": "MOLLA GEORGE A", "ADDRGL1": "PO BOX 205", "ADDRGL2": "", "CITYGL": "STOCKHOLM", "STGL": "NJ", "ZIPGL": "07460-0205", "DESCPROP": "6 APTS-0.11AC", "LOCAPROP": "SPAULDING ST  47", "CAT": "Commercial Apt", "RESCODE": "NS", "ACRESGL": 0.11, "REAL_FLV": 163950, "HSTED_FLV": 0, "NRES_FLV": 163950, "LAND_LV": 9680, "IMPRV_LV": 154270, "EQUIPVAL": 0, "EQUIPCODE": "", "INVENVAL": 0, "HSDECL": "N", "HSITEVAL": 163950, "VETEXAMT": 0, "EXPDESC": "", "ENDDATE": "", "STATUTE": "", "EXAMT_HS": 0, "EXAMT_NR": 0, "UVREDUC_HS": 0, "UVREDUC_NR": 0, "GLVAL_HS": 0.0, "GLVAL_NR": 1639.5, "CRHOUSPCT": 0.0, "MUNGL1PCT": 1639.5, "AOEGL_HS": 0.0, "AOEGL_NR": 1639.5, "E911ADDR": "47 SPAULDING ST", "SHAPE_Length": 0.0009681331560326355, "SHAPE_Area": 5.385785585855959e-08}, "geometry": {"type": "MultiPolygon", "coordinates": [[[[-72.49904734899997, 44.19471042200007], [-72.49889684699997, 44.19467315400004], [-72.49883820899998, 44.19467849800003], [-72.49884016399994, 44.194674561000056], [-72.49889880399996, 44.19455460900008], [-72.49889919399999, 44.194553625000026], [-72.49896135199998, 44.194426501000066], [-72.49904930699995, 44.19444436200007], [-72.49905321599994, 44.19444520500008], [-72.49916423499997, 44.19447164300004], [-72.49904734899997, 44.19471042200007]]]]}}, {"type": "Feature", "properties": {"OBJECTID": 6997, "SPAN": "036-011-13027", "GLIST_SPAN": "036-011-13027", "MAPID": "1515-0060.0000", "PARCID": "1515-0060-0000", "PROPTYPE": "PARCEL", "YEAR": 2023, "GLYEAR": 2022, "TOWN": "BARRE CITY", "TNAME": "Barre City", "SOURCENAME": null, "SOURCETYPE": "UNKNOWN", "SOURCEDATE": "UNKNOWN", "EDITMETHOD": "UNKNOWN", "EDITOR": "UNKNOWN", "EDITDATE": "UNKNOWN", "MATCHSTAT": "MATCH", "EDITNOTE": "UNKNOWN", "OWNER1": "VERMONT HISTORICAL SOCIETY INC", "OWNER2": "ATTN: MS. GAINOR DAVIS", "ADDRGL1": "60 WASHINGTON ST", "ADDRGL2": "", "CITYGL": "BARRE", "STGL": "VT", "ZIPGL": "05641-4209", "DESCPROP": "VT HISTORICAL SOCIETY-1.5AC", "LOCAPROP": "WASHINGTON ST  60", "CAT": "Commercial", "RESCODE": "C", "ACRESGL": 1.5, "REAL_FLV": 5068700, "HSTED_FLV": 0, "NRES_FLV": 5068700, "LAND_LV": 181800, "IMPRV_LV": 4886900, "EQUIPVAL": 0, "EQUIPCODE": "", "INVENVAL": 0, "HSDECL": "N", "HSITEVAL": 0, "VETEXAMT": 0, "EXPDESC": "Statutory", "ENDDATE": "", "STATUTE": "", "EXAMT_HS": 0, "EXAMT_NR": 0, "UVREDUC_HS": 0, "UVREDUC_NR": 0, "GLVAL_HS": 0.0, "GLVAL_NR": 0.0, "CRHOUSPCT": 0.0, "MUNGL1PCT": 0.0, "AOEGL_HS": 0.0, "AOEGL_NR": 0.0, "E911ADDR": "60 WASHINGTON ST", "SHAPE_Length": 0.004100046446222458, "SHAPE_Area": 7.028634570257208e-07}, "geometry": {"type": "MultiPolygon", "coordinates": [[[[-72.49834850499997, 44.196388762000026], [-72.49804898099995, 44.19626455300005], [-72.49792637599995, 44.19621362400005], [-72.49775450499999, 44.196145837000074], [-72.49775485899994, 44.196145382000054], [-72.49777678799995, 44.19611715100007], [-72.49782135599997, 44.196059637000076], [-72.49798114599997, 44.19613288700003], [-72.49801336899998, 44.19604172500004], [-72.49809678699995, 44.19589123900005], [-72.49837349899997, 44.195556417000034], [-72.49844908599994, 44.19560519300006], [-72.49928510599995, 44.19635753100005], [-72.49928587999995, 44.196358829000076], [-72.49928661099995, 44.196360121000055], [-72.49928730999994, 44.19636142300004], [-72.49928797799998, 44.19636273400005], [-72.49928861499995, 44.196364052000035], [-72.49928921899993, 44.19636537800005], [-72.49928979099997, 44.19636671200004], [-72.49929032999995, 44.19636805300007], [-72.49929083599994, 44.19636939900005], [-72.49929130999993, 44.19637075300005], [-72.49929175099999, 44.19637211200006], [-72.49929215999998, 44.196373476000076], [-72.49929253399995, 44.196374846000026], [-72.49929287499998, 44.19637621900006], [-72.49929318399995, 44.19637759700004], [-72.49929345799995, 44.19637897900003], [-72.49929369999995, 44.19638036400005], [-72.49929390699998, 44.19638175100005], [-72.49929408099996, 44.19638314100007], [-72.49929422099996, 44.19638453300007], [-72.49929432799996, 44.19638592700005], [-72.49929439999994, 44.19638732200008], [-72.49929443899998, 44.19638871700005], [-72.49929444399999, 44.196390112000074], [-72.49929441399996, 44.196391507000044], [-72.49929435099995, 44.19639290200007], [-72.49929425499994, 44.19639429600005], [-72.49929412499995, 44.19639568900004], [-72.49929395999999, 44.196397079000064], [-72.49929383499995, 44.19639795900008], [-72.49917017399997, 44.19638024000005], [-72.49906147199994, 44.19635606200006], [-72.49895934599994, 44.19648472000006], [-72.49900263799998, 44.19658273200008], [-72.49898461399994, 44.19658936700006], [-72.49890654199999, 44.19661810700006], [-72.49834850499997, 44.196388762000026]]]]}}, {"type": "Feature", "properties": {"OBJECTID": 6999, "SPAN": "036-011-13028", "GLIST_SPAN": "036-011-13028", "MAPID": "1050-0008.0000", "PARCID": "1050-0008-0000", "PROPTYPE": "PARCEL", "YEAR": 2023, "GLYEAR": 2022, "TOWN": "BARRE CITY", "TNAME": "Barre City", "SOURCENAME": null, "SOURCETYPE": "UNKNOWN", "SOURCEDATE": "UNKNOWN", "EDITMETHOD": "UNKNOWN", "EDITOR": "UNKNOWN", "EDITDATE": "UNKNOWN", "MATCHSTAT": "MATCH", "EDITNOTE": "UNKNOWN", "OWNER1": "M & K PROPERTIES LLC", "OWNER2": "", "ADDRGL1": "PO BOX 68", "ADDRGL2": "", "CITYGL": "GRANITEVILLE", "STGL": "VT", "ZIPGL": "05654-0068", "DESCPROP": "2 APTS-0.10AC", "LOCAPROP": "MOUNT ST   8", "CAT": "Residential-1", "RESCODE": "C", "ACRESGL": 0.1, "REAL_FLV": 121770, "HSTED_FLV": 0, "NRES_FLV": 121770, "LAND_LV": 10190, "IMPRV_LV": 111580, "EQUIPVAL": 0, "EQUIPCODE": "", "INVENVAL": 0, "HSDECL": "N", "HSITEVAL": 0, "VETEXAMT": 0, "EXPDESC": "", "ENDDATE": "", "STATUTE": "", "EXAMT_HS": 0, "EXAMT_NR": 0, "UVREDUC_HS": 0, "UVREDUC_NR": 0, "GLVAL_HS": 0.0, "GLVAL_NR": 1217.7, "CRHOUSPCT": 0.0, "MUNGL1PCT": 1217.7, "AOEGL_HS": 0.0, "AOEGL_NR": 1217.7, "E911ADDR": "8 MOUNT ST", "SHAPE_Length": 0.0010849936843181447, "SHAPE_Area": 5.0827156539151366e-08}, "geometry": {"type": "MultiPolygon", "coordinates": [[[[-72.49798114599997, 44.19613288700003], [-72.49782135599997, 44.196059637000076], [-72.49777678799995, 44.19611715100007], [-72.49758412399996, 44.196043176000046], [-72.49769843699994, 44.19589598600004], [-72.49799602499996, 44.19603393800003], [-72.49801336899998, 44.19604172500004], [-72.49798114599997, 44.19613288700003]]]]}}, {"type": "Feature", "properties": {"OBJECTID": 7067, "SPAN": "036-011-12591", "GLIST_SPAN": "036-011-12591", "MAPID": "0015-0013.0000", "PARCID": "0015-0013-0000", "PROPTYPE": "PARCEL", "YEAR": 2023, "GLYEAR": 2022, "TOWN": "BARRE CITY", "TNAME": "Barre City", "SOURCENAME": null, "SOURCETYPE": "UNKNOWN", "SOURCEDATE": "UNKNOWN", "EDITMETHOD": "UNKNOWN", "EDITOR": "UNKNOWN", "EDITDATE": "UNKNOWN", "MATCHSTAT": "MATCH", "EDITNOTE": "UNKNOWN", "OWNER1": "M & K PROPERTIES LLC", "OWNER2": "", "ADDRGL1": "PO BOX 68", "ADDRGL2": "", "CITYGL": "GRANITEVILLE", "STGL": "VT", "ZIPGL": "05654-0068", "DESCPROP": "3 APTS-0.10AC", "LOCAPROP": "ACADEMY ST  13", "CAT": "Residential-1", "RESCODE": "C", "ACRESGL": 0.1, "REAL_FLV": 144100, "HSTED_FLV": 0, "NRES_FLV": 144100, "LAND_LV": 13370, "IMPRV_LV": 130730, "EQUIPVAL": 0, "EQUIPCODE": "", "INVENVAL": 0, "HSDECL": "N", "HSITEVAL": 0, "VETEXAMT": 0, "EXPDESC": "", "ENDDATE": "", "STATUTE": "", "EXAMT_HS": 0, "EXAMT_NR": 0, "UVREDUC_HS": 0, "UVREDUC_NR": 0, "GLVAL_HS": 0.0, "GLVAL_NR": 1441.0, "CRHOUSPCT": 0.0, "MUNGL1PCT": 1441.0, "AOEGL_HS": 0.0, "AOEGL_NR": 1441.0, "E911ADDR": "13 ACADEMY ST", "SHAPE_Length": 0.0008867686769881944, "SHAPE_Area": 4.649433811212723e-08}, "geometry": {"type": "MultiPolygon", "coordinates": [[[[-72.49732123699994, 44.19638166900006], [-72.49747409199995, 44.19618485400008], [-72.49765676899995, 44.196262975000025], [-72.49749765399997, 44.19645365700006], [-72.49732123699994, 44.19638166900006]]]]}}, {"type": "Feature", "properties": {"OBJECTID": 7069, "SPAN": "036-011-13063", "GLIST_SPAN": "036-011-13063", "MAPID": "1355-0003.0000", "PARCID": "1355-0003-0000", "PROPTYPE": "PARCEL", "YEAR": 2023, "GLYEAR": 2022, "TOWN": "BARRE CITY", "TNAME": "Barre City", "SOURCENAME": null, "SOURCETYPE": "UNKNOWN", "SOURCEDATE": "UNKNOWN", "EDITMETHOD": "UNKNOWN", "EDITOR": "UNKNOWN", "EDITDATE": "UNKNOWN", "MATCHSTAT": "MATCH", "EDITNOTE": "UNKNOWN", "OWNER1": "CRITERION CORPORATION", "OWNER2": "C/O STEVEN PORPORA", "ADDRGL1": "14 BEAUX ARTS LANE", "ADDRGL2": "", "CITYGL": "HUNTINGTON", "STGL": "NY", "ZIPGL": "11743", "DESCPROP": "3 APTS-0.04AC", "LOCAPROP": "SPAULDING ST   3", "CAT": "Residential-1", "RESCODE": "C", "ACRESGL": 0.04, "REAL_FLV": 109920, "HSTED_FLV": 0, "NRES_FLV": 109920, "LAND_LV": 4850, "IMPRV_LV": 105070, "EQUIPVAL": 0, "EQUIPCODE": "", "INVENVAL": 0, "HSDECL": "N", "HSITEVAL": 109920, "VETEXAMT": 0, "EXPDESC": "", "ENDDATE": "", "STATUTE": "", "EXAMT_HS": 0, "EXAMT_NR": 0, "UVREDUC_HS": 0, "UVREDUC_NR": 0, "GLVAL_HS": 0.0, "GLVAL_NR": 1099.2, "CRHOUSPCT": 0.0, "MUNGL1PCT": 1099.2, "AOEGL_HS": 0.0, "AOEGL_NR": 1099.2, "E911ADDR": "3 SPAULDING ST", "SHAPE_Length": 0.0004873451427438337, "SHAPE_Area": 1.4525588959343059e-08}, "geometry": {"type": "MultiPolygon", "coordinates": [[[[-72.49990188799995, 44.19622817800007], [-72.49990553399994, 44.19622079100003], [-72.50002720399993, 44.19624948500007], [-72.50002367999997, 44.196257539000044], [-72.49998083299994, 44.19635545700004], [-72.49985518699998, 44.19632743300008], [-72.49990188799995, 44.19622817800007]]]]}}, {"type": "Feature", "properties": {"OBJECTID": 7117, "SPAN": "036-011-12604", "GLIST_SPAN": "036-011-12604", "MAPID": "1345-0028.0000", "PARCID": "1345-0028-0000", "PROPTYPE": "PARCEL", "YEAR": 2023, "GLYEAR": 2022, "TOWN": "BARRE CITY", "TNAME": "Barre City", "SOURCENAME": null, "SOURCETYPE": "UNKNOWN", "SOURCEDATE": "UNKNOWN", "EDITMETHOD": "UNKNOWN", "EDITOR": "UNKNOWN", "EDITDATE": "UNKNOWN", "MATCHSTAT": "MATCH", "EDITNOTE": "UNKNOWN", "OWNER1": "BLAISDELL THAD & MARTHA A", "OWNER2": "", "ADDRGL1": "131 TAPLIN RD", "ADDRGL2": "", "CITYGL": "BARRE", "STGL": "VT", "ZIPGL": "05641-9786", "DESCPROP": "6 APTS-0.22AC", "LOCAPROP": "S MAIN ST  28", "CAT": "Commercial Apt", "RESCODE": "S", "ACRESGL": 0.22, "REAL_FLV": 187700, "HSTED_FLV": 0, "NRES_FLV": 187700, "LAND_LV": 63800, "IMPRV_LV": 123900, "EQUIPVAL": 0, "EQUIPCODE": "", "INVENVAL": 0, "HSDECL": "N", "HSITEVAL": 0, "VETEXAMT": 0, "EXPDESC": "", "ENDDATE": "", "STATUTE": "", "EXAMT_HS": 0, "EXAMT_NR": 0, "UVREDUC_HS": 0, "UVREDUC_NR": 0, "GLVAL_HS": 0.0, "GLVAL_NR": 1877.0, "CRHOUSPCT": 0.0, "MUNGL1PCT": 1877.0, "AOEGL_HS": 0.0, "AOEGL_NR": 1877.0, "E911ADDR": "28 S MAIN ST", "SHAPE_Length": 0.0013783927951110885, "SHAPE_Area": 5.99221829436859e-08}, "geometry": {"type": "MultiPolygon", "coordinates": [[[[-72.50040226199997, 44.19473489300003], [-72.50094211499999, 44.19468707800007], [-72.50094250699993, 44.19468918700005], [-72.50095736199995, 44.19473699900004], [-72.50096400799998, 44.19476287400005], [-72.50096674499997, 44.19478298400003], [-72.50097260899997, 44.19481448300007], [-72.50097964599996, 44.194865529000026], [-72.50098433699998, 44.19489056000003], [-72.50097769199994, 44.19488929500005], [-72.50056488399997, 44.194796204000056], [-72.50057387399994, 44.19477651700004], [-72.50040226199997, 44.19473489300003]]]]}}, {"type": "Feature", "properties": {"OBJECTID": 7118, "SPAN": "036-011-13089", "GLIST_SPAN": "036-011-13089", "MAPID": "1515-0030.0000", "PARCID": "1515-0030-0000", "PROPTYPE": "PARCEL", "YEAR": 2023, "GLYEAR": 2022, "TOWN": "BARRE CITY", "TNAME": "Barre City", "SOURCENAME": null, "SOURCETYPE": "UNKNOWN", "SOURCEDATE": "UNKNOWN", "EDITMETHOD": "UNKNOWN", "EDITOR": "UNKNOWN", "EDITDATE": "UNKNOWN", "MATCHSTAT": "MATCH", "EDITNOTE": "UNKNOWN", "OWNER1": "30 WASHINGTON STREET LLC", "OWNER2": "", "ADDRGL1": "125 NELSON ST", "ADDRGL2": "", "CITYGL": "BARRE", "STGL": "VT", "ZIPGL": "05641", "DESCPROP": "2 APTS/2 OFFICES-0.47AC", "LOCAPROP": "WASHINGTON ST  30", "CAT": "Commercial", "RESCODE": "C", "ACRESGL": 0.47, "REAL_FLV": 333300, "HSTED_FLV": 0, "NRES_FLV": 333300, "LAND_LV": 154600, "IMPRV_LV": 178700, "EQUIPVAL": 0, "EQUIPCODE": "", "INVENVAL": 0, "HSDECL": "N", "HSITEVAL": 0, "VETEXAMT": 0, "EXPDESC": "", "ENDDATE": "", "STATUTE": "", "EXAMT_HS": 0, "EXAMT_NR": 0, "UVREDUC_HS": 0, "UVREDUC_NR": 0, "GLVAL_HS": 0.0, "GLVAL_NR": 3333.0, "CRHOUSPCT": 0.0, "MUNGL1PCT": 3333.0, "AOEGL_HS": 0.0, "AOEGL_NR": 3333.0, "E911ADDR": "30 WASHINGTON ST", "SHAPE_Length": 0.002111969163560235, "SHAPE_Area": 1.9834551485283576e-07}, "geometry": {"type": "MultiPolygon", "coordinates": [[[[-72.50012354299997, 44.19692229700007], [-72.50012627999996, 44.19692004700005], [-72.50017201899993, 44.19694043700008], [-72.50036709399996, 44.19702931100005], [-72.50012158999994, 44.197306903000026], [-72.50014621799994, 44.19731759000007], [-72.50010282599999, 44.19741855800004], [-72.49995114299998, 44.19764032100005], [-72.49987608399994, 44.197614728000076], [-72.49987530199996, 44.197614446000046], [-72.49975762999998, 44.19757169700006], [-72.49966771499999, 44.19753921300003], [-72.50012354299997, 44.19692229700007]]]]}}, {"type": "Feature", "properties": {"OBJECTID": 7171, "SPAN": "036-011-12618", "GLIST_SPAN": "036-011-12618", "MAPID": "1355-0025.0000", "PARCID": "1355-0025-0000", "PROPTYPE": "PARCEL", "YEAR": 2023, "GLYEAR": 2022, "TOWN": "BARRE CITY", "TNAME": "Barre City", "SOURCENAME": null, "SOURCETYPE": "UNKNOWN", "SOURCEDATE": "UNKNOWN", "EDITMETHOD": "UNKNOWN", "EDITOR": "UNKNOWN", "EDITDATE": "UNKNOWN", "MATCHSTAT": "MATCH", "EDITNOTE": "UNKNOWN", "OWNER1": "LEWIS SHARI", "OWNER2": "", "ADDRGL1": "25 SPAULDING ST", "ADDRGL2": "", "CITYGL": "BARRE", "STGL": "VT", "ZIPGL": "05641", "DESCPROP": "1 FAM-BLDNGS ONLY", "LOCAPROP": "SPAULDING ST  25", "CAT": "Residential-1", "RESCODE": "T", "ACRESGL": 0.14, "REAL_FLV": 60200, "HSTED_FLV": 60200, "NRES_FLV": 0, "LAND_LV": 0, "IMPRV_LV": 60200, "EQUIPVAL": 0, "EQUIPCODE": "", "INVENVAL": 0, "HSDECL": "Y", "HSITEVAL": 60200, "VETEXAMT": 0, "EXPDESC": "", "ENDDATE": "", "STATUTE": "", "EXAMT_HS": 0, "EXAMT_NR": 0, "UVREDUC_HS": 0, "UVREDUC_NR": 0, "GLVAL_HS": 602.0, "GLVAL_NR": 0.0, "CRHOUSPCT": 30.0, "MUNGL1PCT": 602.0, "AOEGL_HS": 602.0, "AOEGL_NR": 0.0, "E911ADDR": "25 SPAULDING ST", "SHAPE_Length": 0.0006032372414975589, "SHAPE_Area": 2.0694287572580507e-08}, "geometry": {"type": "MultiPolygon", "coordinates": [[[[-72.50000948299999, 44.19491802300007], [-72.50009274299998, 44.19475543200008], [-72.50021168699993, 44.194776825000076], [-72.50012545299995, 44.194937278000054], [-72.50000948299999, 44.19491802300007]]]]}}, {"type": "Feature", "properties": {"OBJECTID": 7293, "SPAN": "036-011-13179", "GLIST_SPAN": "036-011-13179", "MAPID": "1145-0004.0000", "PARCID": "1145-0004-0000", "PROPTYPE": "PARCEL", "YEAR": 2023, "GLYEAR": 2022, "TOWN": "BARRE CITY", "TNAME": "Barre City", "SOURCENAME": null, "SOURCETYPE": "UNKNOWN", "SOURCEDATE": "UNKNOWN", "EDITMETHOD": "UNKNOWN", "EDITOR": "UNKNOWN", "EDITDATE": "UNKNOWN", "MATCHSTAT": "MATCH", "EDITNOTE": "UNKNOWN", "OWNER1": "WOLFE WARREN K JR & NANCY B - LIFE EST;", "OWNER2": "WOLFE ADAM B & WOLFE MEGAN C", "ADDRGL1": "4 PARK ST", "ADDRGL2": "", "CITYGL": "BARRE", "STGL": "VT", "ZIPGL": "05641", "DESCPROP": "2 APTS-0.17AC", "LOCAPROP": "PARK ST   4", "CAT": "Residential-1", "RESCODE": "T", "ACRESGL": 0.17, "REAL_FLV": 164200, "HSTED_FLV": 164200, "NRES_FLV": 0, "LAND_LV": 16100, "IMPRV_LV": 148100, "EQUIPVAL": 0, "EQUIPCODE": "", "INVENVAL": 0, "HSDECL": "Y", "HSITEVAL": 164200, "VETEXAMT": 0, "EXPDESC": "", "ENDDATE": "", "STATUTE": "", "EXAMT_HS": 0, "EXAMT_NR": 0, "UVREDUC_HS": 0, "UVREDUC_NR": 0, "GLVAL_HS": 1642.0, "GLVAL_NR": 0.0, "CRHOUSPCT": 0.0, "MUNGL1PCT": 1642.0, "AOEGL_HS": 1642.0, "AOEGL_NR": 0.0, "E911ADDR": "4 PARK ST", "SHAPE_Length": 0.0012522264605232323, "SHAPE_Area": 7.892486682960734e-08}, "geometry": {"type": "MultiPolygon", "coordinates": [[[[-72.49837286099995, 44.19708361700003], [-72.49848584399996, 44.19693933800005], [-72.49888224399996, 44.197100498000054], [-72.49880297499993, 44.197253319000026], [-72.49879975499994, 44.19725968300003], [-72.49874658799996, 44.19723774500005], [-72.49860311599997, 44.197178542000074], [-72.49860086299998, 44.197177613000065], [-72.49837286099995, 44.19708361700003]]]]}}, {"type": "Feature", "properties": {"OBJECTID": 7368, "SPAN": "036-011-12672", "GLIST_SPAN": "036-011-12672", "MAPID": "1145-0006.0000", "PARCID": "1145-0006-0000", "PROPTYPE": "PARCEL", "YEAR": 2023, "GLYEAR": 2022, "TOWN": "BARRE CITY", "TNAME": "Barre City", "SOURCENAME": null, "SOURCETYPE": "UNKNOWN", "SOURCEDATE": "UNKNOWN", "EDITMETHOD": "UNKNOWN", "EDITOR": "UNKNOWN", "EDITDATE": "UNKNOWN", "MATCHSTAT": "MATCH", "EDITNOTE": "UNKNOWN", "OWNER1": "RUSSELL PHILIP & RITTER JOSEPHINE", "OWNER2": "", "ADDRGL1": "3427 RTE 30", "ADDRGL2": "", "CITYGL": "SUDBURY", "STGL": "VT", "ZIPGL": "05733", "DESCPROP": "4 APTS-0.23AC", "LOCAPROP": "PARK ST   6", "CAT": "Residential-1", "RESCODE": "S", "ACRESGL": 0.23, "REAL_FLV": 182900, "HSTED_FLV": 0, "NRES_FLV": 182900, "LAND_LV": 22800, "IMPRV_LV": 160100, "EQUIPVAL": 0, "EQUIPCODE": "", "INVENVAL": 0, "HSDECL": "N", "HSITEVAL": 0, "VETEXAMT": 0, "EXPDESC": "", "ENDDATE": "", "STATUTE": "", "EXAMT_HS": 0, "EXAMT_NR": 0, "UVREDUC_HS": 0, "UVREDUC_NR": 0, "GLVAL_HS": 0.0, "GLVAL_NR": 1829.0, "CRHOUSPCT": 0.0, "MUNGL1PCT": 1829.0, "AOEGL_HS": 0.0, "AOEGL_NR": 1829.0, "E911ADDR": "6 PARK ST", "SHAPE_Length": 0.001020746227646619, "SHAPE_Area": 6.073152844455e-08}, "geometry": {"type": "MultiPolygon", "coordinates": [[[[-72.49822117399998, 44.19727809800003], [-72.49837286099995, 44.19708361700003], [-72.49860086299998, 44.197177613000065], [-72.49860311599997, 44.197178542000074], [-72.49852531999994, 44.197274305000064], [-72.49853666599995, 44.19727889700005], [-72.49846784899995, 44.19738019400006], [-72.49822117399998, 44.19727809800003]]]]}}, {"type": "Feature", "properties": {"OBJECTID": 7410, "SPAN": "036-011-12685", "GLIST_SPAN": "036-011-12685", "MAPID": "1345-0018.0000", "PARCID": "1345-0018-0000", "PROPTYPE": "PARCEL", "YEAR": 2023, "GLYEAR": 2022, "TOWN": "BARRE CITY", "TNAME": "Barre City", "SOURCENAME": null, "SOURCETYPE": "UNKNOWN", "SOURCEDATE": "UNKNOWN", "EDITMETHOD": "UNKNOWN", "EDITOR": "UNKNOWN", "EDITDATE": "UNKNOWN", "MATCHSTAT": "MATCH", "EDITNOTE": "UNKNOWN", "OWNER1": "LAWRENCE DAVID", "OWNER2": "", "ADDRGL1": "PO BOX 52", "ADDRGL2": "", "CITYGL": "E BARRE", "STGL": "VT", "ZIPGL": "05649-0052", "DESCPROP": "RETAIL & APT -0.40AC", "LOCAPROP": "S MAIN ST  18", "CAT": "Commercial", "RESCODE": "S", "ACRESGL": 0.4, "REAL_FLV": 259200, "HSTED_FLV": 0, "NRES_FLV": 259200, "LAND_LV": 106000, "IMPRV_LV": 153200, "EQUIPVAL": 0, "EQUIPCODE": "", "INVENVAL": 0, "HSDECL": "N", "HSITEVAL": 0, "VETEXAMT": 0, "EXPDESC": "", "ENDDATE": "", "STATUTE": "", "EXAMT_HS": 0, "EXAMT_NR": 0, "UVREDUC_HS": 0, "UVREDUC_NR": 0, "GLVAL_HS": 0.0, "GLVAL_NR": 2592.0, "CRHOUSPCT": 0.0, "MUNGL1PCT": 2592.0, "AOEGL_HS": 0.0, "AOEGL_NR": 2592.0, "E911ADDR": "18 S MAIN ST", "SHAPE_Length": 0.002363227212364663, "SHAPE_Area": 1.8662051779840427e-07}, "geometry": {"type": "MultiPolygon", "coordinates": [[[[-72.50046073699997, 44.195747148000066], [-72.50045889399996, 44.19570559700003], [-72.50011572199998, 44.195724323000036], [-72.50011611399998, 44.19572333800005], [-72.50017435999996, 44.19555923100006], [-72.50017643799998, 44.195553407000034], [-72.50021791599994, 44.195551470000055], [-72.50109380599997, 44.19551056900008], [-72.50113139799998, 44.19571031300006], [-72.50113187499994, 44.19571284800003], [-72.50113193299995, 44.19571316100007], [-72.50046073699997, 44.195747148000066]]]]}}, {"type": "Feature", "properties": {"OBJECTID": 7422, "SPAN": "036-011-13240", "GLIST_SPAN": "036-011-13240", "MAPID": "1175-0005.0000", "PARCID": "1175-0005-0000", "PROPTYPE": "PARCEL", "YEAR": 2023, "GLYEAR": 2022, "TOWN": "BARRE CITY", "TNAME": "Barre City", "SOURCENAME": null, "SOURCETYPE": "UNKNOWN", "SOURCEDATE": "UNKNOWN", "EDITMETHOD": "UNKNOWN", "EDITOR": "UNKNOWN", "EDITDATE": "UNKNOWN", "MATCHSTAT": "MATCH", "EDITNOTE": "UNKNOWN", "OWNER1": "VERMONT STATE OF DEPT OF BUILDINGS &", "OWNER2": "GENERAL SERVICES", "ADDRGL1": "133 STATE ST  5TH FLR", "ADDRGL2": "", "CITYGL": "MONTPELIER", "STGL": "VT", "ZIPGL": "05633-5801", "DESCPROP": "STATE OFFICES 3.4 AC", "LOCAPROP": "PERRY ST   5", "CAT": "Commercial", "RESCODE": "C", "ACRESGL": 3.4, "REAL_FLV": 8196400, "HSTED_FLV": 0, "NRES_FLV": 8196400, "LAND_LV": 819600, "IMPRV_LV": 7376800, "EQUIPVAL": 0, "EQUIPCODE": "", "INVENVAL": 0, "HSDECL": "N", "HSITEVAL": 0, "VETEXAMT": 0, "EXPDESC": "", "ENDDATE": "", "STATUTE": "", "EXAMT_HS": 0, "EXAMT_NR": 0, "UVREDUC_HS": 0, "UVREDUC_NR": 0, "GLVAL_HS": 0.0, "GLVAL_NR": 0.0, "CRHOUSPCT": 0.0, "MUNGL1PCT": 0.0, "AOEGL_HS": 0.0, "AOEGL_NR": 0.0, "E911ADDR": "5 PERRY ST", "SHAPE_Length": 0.005563949156508818, "SHAPE_Area": 1.5374483966007987e-06}, "geometry": {"type": "MultiPolygon", "coordinates": [[[[-72.49944802199997, 44.19628695700004], [-72.49934599199997, 44.19618331700008], [-72.49890269099996, 44.195752724000045], [-72.49874436999994, 44.19560900500005], [-72.49867595999996, 44.19555655100004], [-72.49860168699996, 44.19550311300003], [-72.49853757699998, 44.19545558100003], [-72.49836713799994, 44.195361784000056], [-72.49819357299998, 44.195265032000066], [-72.49819513599994, 44.195263485000055], [-72.49837887599995, 44.19500108300008], [-72.49838082899998, 44.19500220800006], [-72.49860794999995, 44.19514367900007], [-72.49860873199998, 44.19514410100004], [-72.49867948799994, 44.195086727000046], [-72.49868339799997, 44.195089118000055], [-72.49884758099995, 44.195181509000065], [-72.49901020599998, 44.19504285600004], [-72.49903366099994, 44.19502330900008], [-72.49903444299997, 44.19502246500008], [-72.49903639799999, 44.195023450000065], [-72.49912552699993, 44.19503849800003], [-72.49921465899996, 44.19484865600003], [-72.49921544099993, 44.194846968000036], [-72.49932411499998, 44.194874672000026], [-72.49932646099995, 44.19487523500004], [-72.49977757799996, 44.19498886100007], [-72.50008171199994, 44.19506536000006], [-72.50008288399994, 44.195069860000046], [-72.50014660499994, 44.19527221700008], [-72.50003636599996, 44.19557849600005], [-72.49990931499997, 44.19595719600005], [-72.49990188799995, 44.19596844600005], [-72.49990149699994, 44.19596929000005], [-72.49986123199994, 44.19604536700007], [-72.49986083999994, 44.19604649200005], [-72.49975724499996, 44.196261365000055], [-72.49957546399997, 44.19623942700008], [-72.49950744299997, 44.19628316100005], [-72.49947616899993, 44.196303270000044], [-72.49944802199997, 44.19628695700004]]]]}}, {"type": "Feature", "properties": {"OBJECTID": 7500, "SPAN": "036-011-12294", "GLIST_SPAN": "036-011-12294", "MAPID": "1345-0033.0000", "PARCID": "1345-0033-0000", "PROPTYPE": "PARCEL", "YEAR": 2023, "GLYEAR": 2022, "TOWN": "BARRE CITY", "TNAME": "Barre City", "SOURCENAME": null, "SOURCETYPE": "UNKNOWN", "SOURCEDATE": "UNKNOWN", "EDITMETHOD": "UNKNOWN", "EDITOR": "UNKNOWN", "EDITDATE": "UNKNOWN", "MATCHSTAT": "MATCH", "EDITNOTE": "UNKNOWN", "OWNER1": "FLIBOTTE ARTHUR W & JARELLE M", "OWNER2": "C/O HOWARD-PERUSSE TREVOR WAYNE/SHIRLEY", "ADDRGL1": "ALYSSA", "ADDRGL2": "33 S MAIN ST", "CITYGL": "BARRE", "STGL": "VT", "ZIPGL": "05641", "DESCPROP": "1 FAM-0.07AC", "LOCAPROP": "S MAIN ST  33", "CAT": "Residential-1", "RESCODE": "T", "ACRESGL": 0.07, "REAL_FLV": 111800, "HSTED_FLV": 111800, "NRES_FLV": 0, "LAND_LV": 11100, "IMPRV_LV": 100700, "EQUIPVAL": 0, "EQUIPCODE": "", "INVENVAL": 0, "HSDECL": "Y", "HSITEVAL": 111800, "VETEXAMT": 0, "EXPDESC": "", "ENDDATE": "", "STATUTE": "", "EXAMT_HS": 0, "EXAMT_NR": 0, "UVREDUC_HS": 0, "UVREDUC_NR": 0, "GLVAL_HS": 1118.0, "GLVAL_NR": 0.0, "CRHOUSPCT": 0.0, "MUNGL1PCT": 1118.0, "AOEGL_HS": 1118.0, "AOEGL_NR": 0.0, "E911ADDR": "33 S MAIN ST", "SHAPE_Length": 0.0008828352956493293, "SHAPE_Area": 3.253781347178063e-08}, "geometry": {"type": "MultiPolygon", "coordinates": [[[[-72.50116650399997, 44.194862294000075], [-72.50147180999994, 44.19483458600007], [-72.50148197399994, 44.19484625800004], [-72.50153396699994, 44.19491108500006], [-72.50154452199996, 44.19492388200007], [-72.50118448799998, 44.19495988600005], [-72.50116689599997, 44.19486299600004], [-72.50116650399997, 44.194862294000075]]]]}}, {"type": "Feature", "properties": {"OBJECTID": 7681, "SPAN": "036-011-12766", "GLIST_SPAN": "036-011-12766", "MAPID": "1355-0037.0000", "PARCID": "1355-0037-0000", "PROPTYPE": "PARCEL", "YEAR": 2023, "GLYEAR": 2022, "TOWN": "BARRE CITY", "TNAME": "Barre City", "SOURCENAME": null, "SOURCETYPE": "UNKNOWN", "SOURCEDATE": "UNKNOWN", "EDITMETHOD": "UNKNOWN", "EDITOR": "UNKNOWN", "EDITDATE": "UNKNOWN", "MATCHSTAT": "MATCH", "EDITNOTE": "UNKNOWN", "OWNER1": "MONTES QUINN A", "OWNER2": "", "ADDRGL1": "37 SPAULDING ST", "ADDRGL2": "", "CITYGL": "BARRE", "STGL": "VT", "ZIPGL": "05641", "DESCPROP": "1 FAM-0.20AC", "LOCAPROP": "SPAULDING ST  37", "CAT": "Residential-1", "RESCODE": "T", "ACRESGL": 0.2, "REAL_FLV": 157220, "HSTED_FLV": 157220, "NRES_FLV": 0, "LAND_LV": 17750, "IMPRV_LV": 139470, "EQUIPVAL": 0, "EQUIPCODE": "", "INVENVAL": 0, "HSDECL": "Y", "HSITEVAL": 157220, "VETEXAMT": 0, "EXPDESC": "", "ENDDATE": "", "STATUTE": "", "EXAMT_HS": 0, "EXAMT_NR": 0, "UVREDUC_HS": 0, "UVREDUC_NR": 0, "GLVAL_HS": 1572.0, "GLVAL_NR": 0.0, "CRHOUSPCT": 0.0, "MUNGL1PCT": 1572.2, "AOEGL_HS": 1572.0, "AOEGL_NR": 0.0, "E911ADDR": "37 SPAULDING ST", "SHAPE_Length": 0.001283686605368803, "SHAPE_Area": 9.82874060433305e-08}, "geometry": {"type": "MultiPolygon", "coordinates": [[[[-72.49930574299998, 44.19477468900004], [-72.49942731999994, 44.19453422200007], [-72.49968219599998, 44.19459131700006], [-72.49968414999995, 44.19459173900003], [-72.49978500599997, 44.194614942000044], [-72.49966460299999, 44.194864970000026], [-72.49930574299998, 44.19477468900004]]]]}}, {"type": "Feature", "properties": {"OBJECTID": 7722, "SPAN": "036-011-12374", "GLIST_SPAN": "036-011-12374", "MAPID": "1355-0054.0000", "PARCID": "1355-0054-0000", "PROPTYPE": "PARCEL", "YEAR": 2023, "GLYEAR": 2022, "TOWN": "BARRE CITY", "TNAME": "Barre City", "SOURCENAME": null, "SOURCETYPE": "UNKNOWN", "SOURCEDATE": "UNKNOWN", "EDITMETHOD": "UNKNOWN", "EDITOR": "UNKNOWN", "EDITDATE": "UNKNOWN", "MATCHSTAT": "MATCH", "EDITNOTE": "UNKNOWN", "OWNER1": "TRUSTEES OF THE DIOCESE OF VERMONT THE", "OWNER2": "", "ADDRGL1": "PO BOX 726", "ADDRGL2": "", "CITYGL": "BARRE", "STGL": "VT", "ZIPGL": "05641", "DESCPROP": "1 FAM-0.07AC", "LOCAPROP": "SPAULDING ST  54", "CAT": "Residential-1", "RESCODE": "C", "ACRESGL": 0.07, "REAL_FLV": 119400, "HSTED_FLV": 0, "NRES_FLV": 119400, "LAND_LV": 8800, "IMPRV_LV": 110600, "EQUIPVAL": 0, "EQUIPCODE": "", "INVENVAL": 0, "HSDECL": "N", "HSITEVAL": 0, "VETEXAMT": 0, "EXPDESC": "Statutory", "ENDDATE": "", "STATUTE": "", "EXAMT_HS": 0, "EXAMT_NR": 0, "UVREDUC_HS": 0, "UVREDUC_NR": 0, "GLVAL_HS": 0.0, "GLVAL_NR": 0.0, "CRHOUSPCT": 0.0, "MUNGL1PCT": 0.0, "AOEGL_HS": 0.0, "AOEGL_NR": 0.0, "E911ADDR": "54 SPAULDING ST", "SHAPE_Length": 0.0008722621295947806, "SHAPE_Area": 3.455974548233071e-08}, "geometry": {"type": "MultiPolygon", "coordinates": [[[[-72.49867948799994, 44.195086727000046], [-72.49875259199996, 44.195027666000044], [-72.49875571899997, 44.195024713000066], [-72.49881161899998, 44.195051713000055], [-72.49888628599996, 44.19500685500003], [-72.49892342399994, 44.19496059000005], [-72.49892459699998, 44.19496129400005], [-72.49892655099995, 44.19496227700006], [-72.49903444299997, 44.19502246500008], [-72.49903366099994, 44.19502330900008], [-72.49901020599998, 44.19504285600004], [-72.49884758099995, 44.195181509000065], [-72.49868339799997, 44.195089118000055], [-72.49867948799994, 44.195086727000046]]]]}}, {"type": "Feature", "properties": {"OBJECTID": 7727, "SPAN": "036-011-12789", "GLIST_SPAN": "036-011-12789", "MAPID": "1345-0015.0000", "PARCID": "1345-0015-0000", "PROPTYPE": "PARCEL", "YEAR": 2023, "GLYEAR": 2022, "TOWN": "BARRE CITY", "TNAME": "Barre City", "SOURCENAME": null, "SOURCETYPE": "UNKNOWN", "SOURCEDATE": "UNKNOWN", "EDITMETHOD": "UNKNOWN", "EDITOR": "UNKNOWN", "EDITDATE": "UNKNOWN", "MATCHSTAT": "MATCH", "EDITNOTE": "UNKNOWN", "OWNER1": "JOE REALTY LC & NOVA ENTERPRISES LC", "OWNER2": "", "ADDRGL1": "32 REMO DR", "ADDRGL2": "", "CITYGL": "S BURLINGTON", "STGL": "VT", "ZIPGL": "05403", "DESCPROP": "CONVEN/GAS-0.37AC", "LOCAPROP": "S MAIN ST  15", "CAT": "Commercial", "RESCODE": "C", "ACRESGL": 0.37, "REAL_FLV": 460000, "HSTED_FLV": 0, "NRES_FLV": 460000, "LAND_LV": 103700, "IMPRV_LV": 356300, "EQUIPVAL": 0, "EQUIPCODE": "", "INVENVAL": 0, "HSDECL": "N", "HSITEVAL": 0, "VETEXAMT": 0, "EXPDESC": "", "ENDDATE": "", "STATUTE": "", "EXAMT_HS": 0, "EXAMT_NR": 0, "UVREDUC_HS": 0, "UVREDUC_NR": 0, "GLVAL_HS": 0.0, "GLVAL_NR": 4600.0, "CRHOUSPCT": 0.0, "MUNGL1PCT": 4600.0, "AOEGL_HS": 0.0, "AOEGL_NR": 4600.0, "E911ADDR": "15 S MAIN ST", "SHAPE_Length": 0.0017826249522142359, "SHAPE_Area": 1.799213837005104e-07}, "geometry": {"type": "MultiPolygon", "coordinates": [[[[-72.50130959599994, 44.195586786000035], [-72.50149801899994, 44.19556864200007], [-72.50152929299998, 44.19558298600003], [-72.50188190899996, 44.195744698000055], [-72.50192021999999, 44.195762416000036], [-72.50195149899997, 44.19592174200005], [-72.50195149899997, 44.19592596100006], [-72.50193156299997, 44.19592736700008], [-72.50137801599993, 44.195967875000065], [-72.50134556499995, 44.19578267400004], [-72.50131272299996, 44.19560464400007], [-72.50130959599994, 44.195586786000035]]]]}}, {"type": "Feature", "properties": {"OBJECTID": 7803, "SPAN": "036-011-12827", "GLIST_SPAN": "036-011-12827", "MAPID": "1050-0004.0000", "PARCID": "1050-0004-0000", "PROPTYPE": "PARCEL", "YEAR": 2023, "GLYEAR": 2022, "TOWN": "BARRE CITY", "TNAME": "Barre City", "SOURCENAME": null, "SOURCETYPE": "UNKNOWN", "SOURCEDATE": "UNKNOWN", "EDITMETHOD": "UNKNOWN", "EDITOR": "UNKNOWN", "EDITDATE": "UNKNOWN", "MATCHSTAT": "MATCH", "EDITNOTE": "UNKNOWN", "OWNER1": "LAPRADE CHAD", "OWNER2": "", "ADDRGL1": "269 E COBBLE HILL RD", "ADDRGL2": "", "CITYGL": "BARRE", "STGL": "VT", "ZIPGL": "05641-9627", "DESCPROP": "2 APTS-0.12AC", "LOCAPROP": "MOUNT ST   4", "CAT": "Residential-1", "RESCODE": "S", "ACRESGL": 0.12, "REAL_FLV": 132380, "HSTED_FLV": 0, "NRES_FLV": 132380, "LAND_LV": 11500, "IMPRV_LV": 120880, "EQUIPVAL": 0, "EQUIPCODE": "", "INVENVAL": 0, "HSDECL": "N", "HSITEVAL": 71940, "VETEXAMT": 0, "EXPDESC": "", "ENDDATE": "", "STATUTE": "", "EXAMT_HS": 0, "EXAMT_NR": 0, "UVREDUC_HS": 0, "UVREDUC_NR": 0, "GLVAL_HS": 0.0, "GLVAL_NR": 1323.8, "CRHOUSPCT": 0.0, "MUNGL1PCT": 1323.8, "AOEGL_HS": 0.0, "AOEGL_NR": 1323.8, "E911ADDR": "4 MOUNT ST", "SHAPE_Length": 0.001002275980710412, "SHAPE_Area": 5.600925552140536e-08}, "geometry": {"type": "MultiPolygon", "coordinates": [[[[-72.49769843699994, 44.19589598600004], [-72.49783000599996, 44.19576289300005], [-72.49808683699996, 44.195886452000025], [-72.49809678699995, 44.19589123900005], [-72.49801336899998, 44.19604172500004], [-72.49799602499996, 44.19603393800003], [-72.49769843699994, 44.19589598600004]]]]}}, {"type": "Feature", "properties": {"OBJECTID": 7854, "SPAN": "036-011-12443", "GLIST_SPAN": "036-011-12443", "MAPID": "1175-0020.0000", "PARCID": "1175-0020-0000", "PROPTYPE": "PARCEL", "YEAR": 2023, "GLYEAR": 2022, "TOWN": "BARRE CITY", "TNAME": "Barre City", "SOURCENAME": null, "SOURCETYPE": "UNKNOWN", "SOURCEDATE": "UNKNOWN", "EDITMETHOD": "UNKNOWN", "EDITOR": "UNKNOWN", "EDITDATE": "UNKNOWN", "MATCHSTAT": "MATCH", "EDITNOTE": "UNKNOWN", "OWNER1": "20 PERRY STREET LLC", "OWNER2": "", "ADDRGL1": "20 PERRY STREET   APT 1", "ADDRGL2": "", "CITYGL": "BARRE", "STGL": "VT", "ZIPGL": "05641", "DESCPROP": "4 APTS-0.13AC", "LOCAPROP": "PERRY ST  20", "CAT": "Residential-1", "RESCODE": "C", "ACRESGL": 0.13, "REAL_FLV": 181930, "HSTED_FLV": 0, "NRES_FLV": 181930, "LAND_LV": 11060, "IMPRV_LV": 170870, "EQUIPVAL": 0, "EQUIPCODE": "", "INVENVAL": 0, "HSDECL": "N", "HSITEVAL": 0, "VETEXAMT": 0, "EXPDESC": "", "ENDDATE": "", "STATUTE": "", "EXAMT_HS": 0, "EXAMT_NR": 0, "UVREDUC_HS": 0, "UVREDUC_NR": 0, "GLVAL_HS": 0.0, "GLVAL_NR": 1819.3, "CRHOUSPCT": 0.0, "MUNGL1PCT": 1819.3, "AOEGL_HS": 0.0, "AOEGL_NR": 1819.3, "E911ADDR": "20 PERRY ST", "SHAPE_Length": 0.0011058763459739214, "SHAPE_Area": 6.249051007636526e-08}, "geometry": {"type": "MultiPolygon", "coordinates": [[[[-72.49793333699995, 44.19444723300006], [-72.49794223299995, 44.19441111700007], [-72.49794314299999, 44.19441135900007], [-72.49833823199998, 44.194516633000035], [-72.49824748599997, 44.19469528800005], [-72.49791291899999, 44.194530127000064], [-72.49791307199996, 44.194529500000044], [-72.49793333699995, 44.19444723300006]]]]}}, {"type": "Feature", "properties": {"OBJECTID": 7974, "SPAN": "036-011-12506", "GLIST_SPAN": "036-011-12506", "MAPID": "1515-0085.0000", "PARCID": "1515-0085-0000", "PROPTYPE": "PARCEL", "YEAR": 2023, "GLYEAR": 2022, "TOWN": "BARRE CITY", "TNAME": "Barre City", "SOURCENAME": null, "SOURCETYPE": "UNKNOWN", "SOURCEDATE": "UNKNOWN", "EDITMETHOD": "UNKNOWN", "EDITOR": "UNKNOWN", "EDITDATE": "UNKNOWN", "MATCHSTAT": "MATCH", "EDITNOTE": "UNKNOWN", "OWNER1": "PROFESSIONAL ARTS BUILDING INC", "OWNER2": "C/O MARGARET & MICHAEL CACCAVO", "ADDRGL1": "85 WASHINGTON ST", "ADDRGL2": "", "CITYGL": "BARRE", "STGL": "VT", "ZIPGL": "05641", "DESCPROP": "OFFICES-0.32AC", "LOCAPROP": "WASHINGTON ST  85", "CAT": "Commercial", "RESCODE": "C", "ACRESGL": 0.32, "REAL_FLV": 305450, "HSTED_FLV": 0, "NRES_FLV": 305450, "LAND_LV": 64870, "IMPRV_LV": 240580, "EQUIPVAL": 0, "EQUIPCODE": "", "INVENVAL": 0, "HSDECL": "N", "HSITEVAL": 0, "VETEXAMT": 0, "EXPDESC": "", "ENDDATE": "", "STATUTE": "", "EXAMT_HS": 0, "EXAMT_NR": 0, "UVREDUC_HS": 0, "UVREDUC_NR": 0, "GLVAL_HS": 0.0, "GLVAL_NR": 3054.5, "CRHOUSPCT": 0.0, "MUNGL1PCT": 3054.5, "AOEGL_HS": 0.0, "AOEGL_NR": 3054.5, "E911ADDR": "85 WASHINGTON ST", "SHAPE_Length": 0.0016789310912943265, "SHAPE_Area": 1.654664042061076e-07}, "geometry": {"type": "MultiPolygon", "coordinates": [[[[-72.49745633599997, 44.194404821000035], [-72.49745672599994, 44.19440383800003], [-72.49745868199994, 44.194403978000025], [-72.49757321699997, 44.19443576100008], [-72.49791291899999, 44.194530127000064], [-72.49791252699998, 44.194531392000044], [-72.49756029799994, 44.19492203800007], [-72.49755873399994, 44.194923585000026], [-72.49733436499997, 44.19481062600005], [-72.49739417199999, 44.19460324000005], [-72.49745633599997, 44.194404821000035]]]]}}, {"type": "Feature", "properties": {"OBJECTID": 7994, "SPAN": "036-011-12516", "GLIST_SPAN": "036-011-12516", "MAPID": "1355-0058.0000", "PARCID": "1355-0058-0000", "PROPTYPE": "PARCEL", "YEAR": 2023, "GLYEAR": 2022, "TOWN": "BARRE CITY", "TNAME": "Barre City", "SOURCENAME": null, "SOURCETYPE": "UNKNOWN", "SOURCEDATE": "UNKNOWN", "EDITMETHOD": "UNKNOWN", "EDITOR": "UNKNOWN", "EDITDATE": "UNKNOWN", "MATCHSTAT": "MATCH", "EDITNOTE": "UNKNOWN", "OWNER1": "EARLE CAROLINE S & HAIGH PAUL M", "OWNER2": "", "ADDRGL1": "58 SPAULDING ST", "ADDRGL2": "", "CITYGL": "BARRE", "STGL": "VT", "ZIPGL": "05641", "DESCPROP": "1 FAM-0.10AC", "LOCAPROP": "SPAULDING ST  58", "CAT": "Residential-1", "RESCODE": "T", "ACRESGL": 0.1, "REAL_FLV": 172900, "HSTED_FLV": 172900, "NRES_FLV": 0, "LAND_LV": 10400, "IMPRV_LV": 162500, "EQUIPVAL": 0, "EQUIPCODE": "", "INVENVAL": 0, "HSDECL": "Y", "HSITEVAL": 172900, "VETEXAMT": 0, "EXPDESC": "", "ENDDATE": "", "STATUTE": "", "EXAMT_HS": 0, "EXAMT_NR": 0, "UVREDUC_HS": 0, "UVREDUC_NR": 0, "GLVAL_HS": 1729.0, "GLVAL_NR": 0.0, "CRHOUSPCT": 0.0, "MUNGL1PCT": 1729.0, "AOEGL_HS": 1729.0, "AOEGL_NR": 0.0, "E911ADDR": "58 SPAULDING ST", "SHAPE_Length": 0.0008989594202172623, "SHAPE_Area": 4.4940358171862124e-08}, "geometry": {"type": "MultiPolygon", "coordinates": [[[[-72.49840272199998, 44.19496733400007], [-72.49850944399998, 44.19490489800006], [-72.49851061599998, 44.19490574200006], [-72.49875571899997, 44.195024713000066], [-72.49875259199996, 44.195027666000044], [-72.49867948799994, 44.195086727000046], [-72.49860873199998, 44.19514410100004], [-72.49860794999995, 44.19514367900007], [-72.49838082899998, 44.19500220800006], [-72.49837887599995, 44.19500108300008], [-72.49840272199998, 44.19496733400007]]]]}}, {"type": "Feature", "properties": {"OBJECTID": 8042, "SPAN": "036-011-13416", "GLIST_SPAN": "036-011-13416", "MAPID": "1345-VL00.0002", "PARCID": "1345-VL00-0002", "PROPTYPE": "ROW_RAIL", "YEAR": 2023, "GLYEAR": 2022, "TOWN": "BARRE CITY", "TNAME": "Barre City", "SOURCENAME": null, "SOURCETYPE": "UNKNOWN", "SOURCEDATE": "UNKNOWN", "EDITMETHOD": "UNKNOWN", "EDITOR": "UNKNOWN", "EDITDATE": "UNKNOWN", "MATCHSTAT": "EXEMPT", "EDITNOTE": "UNKNOWN", "OWNER1": "VERMONT STATE OF", "OWNER2": "C/O AGENCY OF TRANSPORTATION", "ADDRGL1": "NATIONAL LIFE BLDG  DRAWER 33", "ADDRGL2": "", "CITYGL": "MONTPELIER", "STGL": "VT", "ZIPGL": "05633-0001", "DESCPROP": "RR LAND-0.61AC", "LOCAPROP": "S MAIN ST   (OFF) TO PROSPECT ST", "CAT": "Miscellaneous", "RESCODE": "C", "ACRESGL": 0.61, "REAL_FLV": 40100, "HSTED_FLV": 0, "NRES_FLV": 40100, "LAND_LV": 40100, "IMPRV_LV": 0, "EQUIPVAL": 0, "EQUIPCODE": "", "INVENVAL": 0, "HSDECL": "N", "HSITEVAL": 0, "VETEXAMT": 0, "EXPDESC": "", "ENDDATE": "", "STATUTE": "", "EXAMT_HS": 0, "EXAMT_NR": 0, "UVREDUC_HS": 0, "UVREDUC_NR": 0, "GLVAL_HS": 0.0, "GLVAL_NR": 0.0, "CRHOUSPCT": 0.0, "MUNGL1PCT": 0.0, "AOEGL_HS": 0.0, "AOEGL_NR": 0.0, "E911ADDR": "S MAIN ST", "SHAPE_Length": 0.005856487726439041, "SHAPE_Area": 3.2177080274916766e-07}, "geometry": {"type": "MultiPolygon", "coordinates": [[[[-72.50244017299997, 44.196394088000034], [-72.50231545499997, 44.19605110900005], [-72.50219739599999, 44.19605462700008], [-72.50218917999996, 44.19590851900006], [-72.50218174899999, 44.19577816100008], [-72.50214460799998, 44.195726412000056], [-72.50208753099997, 44.195647242000064], [-72.50201559799996, 44.195549791000076], [-72.50200621599998, 44.19553671400007], [-72.50190574499999, 44.195392997000056], [-72.50183068499996, 44.19529864000003], [-72.50178064599999, 44.19523564100007], [-72.50170480399998, 44.19512820600005], [-72.50170089499994, 44.19512328500008], [-72.50166844699999, 44.19508278500007], [-72.50161684399995, 44.195016974000055], [-72.50158087799997, 44.19496902100008], [-72.50154452199996, 44.19492388200007], [-72.50153396699994, 44.19491108500006], [-72.50148197399994, 44.19484625800004], [-72.50147180999994, 44.19483458600007], [-72.50145617299995, 44.19481686800003], [-72.50141942599998, 44.19478002500006], [-72.50138306899998, 44.19474641700003], [-72.50135531399997, 44.19471646400007], [-72.50131426599995, 44.194672731000026], [-72.50129667499994, 44.19465473100007], [-72.50126266399997, 44.19461943500005], [-72.50121809899997, 44.19456627900007], [-72.50118565299994, 44.19452606200008], [-72.50112271299997, 44.19443057800004], [-72.50104648399997, 44.19432314300008], [-72.50104218299998, 44.19431892400007], [-72.50098979699999, 44.19411853500003], [-72.50098940699996, 44.19411727000005], [-72.50099370599997, 44.19411937900003], [-72.50102263499997, 44.19416001900004], [-72.50118525899995, 44.19440723500003], [-72.50124663499997, 44.19449273300006], [-72.50128338199994, 44.19453632600005], [-72.50133615599998, 44.19459777800006], [-72.50137173099995, 44.19463715200004], [-72.50149252599994, 44.19476216600003], [-72.50163716499998, 44.194760194000025], [-72.50166022899998, 44.19475920900004], [-72.50179275499994, 44.194952285000056], [-72.50192293699996, 44.19513354600008], [-72.50208283099994, 44.195387088000075], [-72.50219894099996, 44.195572568000046], [-72.50223217099995, 44.19562459900004], [-72.50226970099999, 44.19567114500006], [-72.50230175799999, 44.19570939400006], [-72.50233420699993, 44.195749189000026], [-72.50233811699997, 44.19575453300007], [-72.50231466099996, 44.19575734600005], [-72.50226775099998, 44.19576100300003], [-72.50228260699998, 44.195783222000045], [-72.50231231899994, 44.19584073600004], [-72.50234007599994, 44.19589853200006], [-72.50236705299994, 44.195959843000026], [-72.50239793899993, 44.19603620200007], [-72.50249529099995, 44.19630943100003], [-72.50252226799995, 44.19639422700004], [-72.50252031399998, 44.19639422700004], [-72.50249920399995, 44.196394930000054], [-72.50247613899995, 44.19639619700007], [-72.50245268299994, 44.196396900000025], [-72.50244134699994, 44.19639788500007], [-72.50244017299997, 44.196394088000034]]]]}}, {"type": "Feature", "properties": {"OBJECTID": 8147, "SPAN": "036-011-13772", "GLIST_SPAN": "036-011-13772", "MAPID": "0895-1355.0001", "PARCID": "0895-1355-0001", "PROPTYPE": "PARCEL", "YEAR": 2023, "GLYEAR": 2022, "TOWN": "BARRE CITY", "TNAME": "Barre City", "SOURCENAME": null, "SOURCETYPE": "UNKNOWN", "SOURCEDATE": "UNKNOWN", "EDITMETHOD": "UNKNOWN", "EDITOR": "UNKNOWN", "EDITDATE": "UNKNOWN", "MATCHSTAT": "MATCH", "EDITNOTE": "UNKNOWN", "OWNER1": "PHELPS WA; PHELPS ND; STAFFORD WI &", "OWNER2": "TROW JOHN & BATCHELDER ELLEN F", "ADDRGL1": "UNKNOWN", "ADDRGL2": "", "CITYGL": "", "STGL": "", "ZIPGL": "", "DESCPROP": "UNACCEPTED ST-INACTIVE-0.034AC", "LOCAPROP": "GUY ST  NORTHERLY HALF", "CAT": "Miscellaneous", "RESCODE": "NS", "ACRESGL": 0.03, "REAL_FLV": 7900, "HSTED_FLV": 0, "NRES_FLV": 7900, "LAND_LV": 7900, "IMPRV_LV": 0, "EQUIPVAL": 0, "EQUIPCODE": "", "INVENVAL": 0, "HSDECL": "N", "HSITEVAL": 0, "VETEXAMT": 0, "EXPDESC": "", "ENDDATE": "", "STATUTE": "", "EXAMT_HS": 0, "EXAMT_NR": 0, "UVREDUC_HS": 0, "UVREDUC_NR": 0, "GLVAL_HS": 0.0, "GLVAL_NR": 79.0, "CRHOUSPCT": 0.0, "MUNGL1PCT": 79.0, "AOEGL_HS": 0.0, "AOEGL_NR": 79.0, "E911ADDR": "GUY ST", "SHAPE_Length": 0.0006565666400775753, "SHAPE_Area": 1.561943665334522e-08}, "geometry": {"type": "MultiPolygon", "coordinates": [[[[-72.49924984199998, 44.19476062600006], [-72.49936750999996, 44.19451987900004], [-72.49942731999994, 44.19453422200007], [-72.49930574299998, 44.19477468900004], [-72.49924984199998, 44.19476062600006]]]]}}, {"type": "Feature", "properties": {"OBJECTID": 184155, "SPAN": null, "GLIST_SPAN": null, "MAPID": "00PP-33787A.0000", "PARCID": null, "PROPTYPE": "PARCEL", "YEAR": 2023, "GLYEAR": null, "TOWN": "BARRE CITY", "TNAME": null, "SOURCENAME": null, "SOURCETYPE": "UNKNOWN", "SOURCEDATE": "UNKNOWN", "EDITMETHOD": "UNKNOWN", "EDITOR": "UNKNOWN", "EDITDATE": "UNKNOWN", "MATCHSTAT": "UNMATCHED", "EDITNOTE": "UNKNOWN", "OWNER1": null, "OWNER2": null, "ADDRGL1": null, "ADDRGL2": null, "CITYGL": null, "STGL": null, "ZIPGL": null, "DESCPROP": null, "LOCAPROP": null, "CAT": null, "RESCODE": null, "ACRESGL": null, "REAL_FLV": null, "HSTED_FLV": null, "NRES_FLV": null, "LAND_LV": null, "IMPRV_LV": null, "EQUIPVAL": null, "EQUIPCODE": null, "INVENVAL": null, "HSDECL": null, "HSITEVAL": null, "VETEXAMT": null, "EXPDESC": null, "ENDDATE": null, "STATUTE": null, "EXAMT_HS": null, "EXAMT_NR": null, "UVREDUC_HS": null, "UVREDUC_NR": null, "GLVAL_HS": null, "GLVAL_NR": null, "CRHOUSPCT": null, "MUNGL1PCT": null, "AOEGL_HS": null, "AOEGL_NR": null, "E911ADDR": null, "SHAPE_Length": 4.650578719746064e-05, "SHAPE_Area": 1.650442893954986e-10}, "geometry": {"type": "MultiPolygon", "coordinates": [[[[-72.50207657099998, 44.196632485000066], [-72.50207772299996, 44.196632485000066], [-72.50207886499999, 44.196632597000075], [-72.50207997499996, 44.19663281700008], [-72.50208103499995, 44.19663314300004], [-72.50208202299996, 44.19663356900003], [-72.50208292399998, 44.19663408500003], [-72.50208371899998, 44.19663468500005], [-72.50208439599999, 44.19663535500007], [-72.50208494099996, 44.19663608500008], [-72.50208534499995, 44.19663686100006], [-72.50208560199997, 44.19663766900004], [-72.50208570499996, 44.19663849400007], [-72.50208565199995, 44.19663932200007], [-72.50208544599997, 44.19664013800008], [-72.50208508899993, 44.19664092600004], [-72.50208458899994, 44.196641672000055], [-72.50208395299995, 44.19664236300008], [-72.50208319399997, 44.196642987000075], [-72.50208232599994, 44.19664353100006], [-72.50208136399993, 44.19664398800006], [-72.50208032599994, 44.196644347000074], [-72.50207922999994, 44.19664460200005], [-72.50207809599993, 44.19664474900003], [-72.50207619999998, 44.19664474900003], [-72.50207506499999, 44.19664460200005], [-72.50207396899998, 44.196644347000074], [-72.50207293099999, 44.19664398800006], [-72.50207196899999, 44.19664353200005], [-72.50207110099996, 44.196642987000075], [-72.50207034299996, 44.19664236400007], [-72.50206970699998, 44.196641672000055], [-72.50206920599999, 44.19664092600004], [-72.50206884899995, 44.19664013800008], [-72.50206864299997, 44.19663932200007], [-72.50206858999996, 44.19663849400007], [-72.50206869299996, 44.19663766900004], [-72.50206894899998, 44.19663686100006], [-72.50206935299997, 44.19663608500008], [-72.50206989799995, 44.19663535500007], [-72.50207057499995, 44.19663468500005], [-72.50207137099994, 44.19663408500003], [-72.50207227099997, 44.19663356900003], [-72.50207325999997, 44.19663314300004], [-72.50207431899997, 44.19663281700008], [-72.50207542999993, 44.196632597000075], [-72.50207657099998, 44.196632485000066]]]]}}, {"type": "Feature", "properties": {"OBJECTID": 184167, "SPAN": null, "GLIST_SPAN": null, "MAPID": "00PP-33786A.0000", "PARCID": null, "PROPTYPE": "PARCEL", "YEAR": 2023, "GLYEAR": null, "TOWN": "BARRE CITY", "TNAME": null, "SOURCENAME": null, "SOURCETYPE": "UNKNOWN", "SOURCEDATE": "UNKNOWN", "EDITMETHOD": "UNKNOWN", "EDITOR": "UNKNOWN", "EDITDATE": "UNKNOWN", "MATCHSTAT": "UNMATCHED", "EDITNOTE": "UNKNOWN", "OWNER1": null, "OWNER2": null, "ADDRGL1": null, "ADDRGL2": null, "CITYGL": null, "STGL": null, "ZIPGL": null, "DESCPROP": null, "LOCAPROP": null, "CAT": null, "RESCODE": null, "ACRESGL": null, "REAL_FLV": null, "HSTED_FLV": null, "NRES_FLV": null, "LAND_LV": null, "IMPRV_LV": null, "EQUIPVAL": null, "EQUIPCODE": null, "INVENVAL": null, "HSDECL": null, "HSITEVAL": null, "VETEXAMT": null, "EXPDESC": null, "ENDDATE": null, "STATUTE": null, "EXAMT_HS": null, "EXAMT_NR": null, "UVREDUC_HS": null, "UVREDUC_NR": null, "GLVAL_HS": null, "GLVAL_NR": null, "CRHOUSPCT": null, "MUNGL1PCT": null, "AOEGL_HS": null, "AOEGL_NR": null, "E911ADDR": null, "SHAPE_Length": 4.650563378039166e-05, "SHAPE_Area": 1.6504404301090322e-10}, "geometry": {"type": "MultiPolygon", "coordinates": [[[[-72.50207708299996, 44.19661554000004], [-72.50207823399995, 44.19661554000004], [-72.50207937599998, 44.19661565200005], [-72.50208048699994, 44.19661587200005], [-72.50208154599994, 44.19661619800007], [-72.50208253499994, 44.19661662400006], [-72.50208343499997, 44.19661714000006], [-72.50208423099997, 44.19661773900003], [-72.50208490799997, 44.19661841000004], [-72.50208545399994, 44.19661914000005], [-72.50208585799999, 44.19661991600003], [-72.50208611299996, 44.19662072400007], [-72.50208621599995, 44.19662154900004], [-72.50208616299994, 44.19662237700004], [-72.50208595699996, 44.19662319300005], [-72.50208559999999, 44.19662398100007], [-72.50208509999999, 44.19662472700003], [-72.50208446399995, 44.19662541800005], [-72.50208370599995, 44.19662604200005], [-72.50208283699999, 44.196626586000036], [-72.50208187499999, 44.196627043000035], [-72.50208083699994, 44.19662740200005], [-72.50207974099999, 44.19662765700008], [-72.50207860699999, 44.19662780400006], [-72.50207671099997, 44.19662780400006], [-72.50207557799996, 44.19662765700008], [-72.50207447999998, 44.19662740200005], [-72.50207344199998, 44.196627043000035], [-72.50207247999998, 44.196626587000026], [-72.50207161199995, 44.19662604200005], [-72.50207085399995, 44.19662541800005], [-72.50207021799997, 44.19662472700003], [-72.50206971799997, 44.19662398100007], [-72.50206936099994, 44.19662319300005], [-72.50206915499996, 44.19662237700004], [-72.50206910199995, 44.19662154900004], [-72.50206920499994, 44.19662072400007], [-72.50206945999997, 44.19661991600003], [-72.50206986399996, 44.19661914000005], [-72.50207040999999, 44.19661841000004], [-72.50207108599994, 44.19661774000008], [-72.50207188199994, 44.19661714000006], [-72.50207278299996, 44.19661662400006], [-72.50207377199996, 44.19661619800007], [-72.50207482999997, 44.19661587200005], [-72.50207594099999, 44.19661565200005], [-72.50207708299996, 44.19661554000004]]]]}}, {"type": "Feature", "properties": {"OBJECTID": 4103, "SPAN": "036-011-10405", "GLIST_SPAN": "036-011-10405", "MAPID": "1095-0210.0000", "PARCID": "1095-0210-0000", "PROPTYPE": "PARCEL", "YEAR": 2023, "GLYEAR": 2022, "TOWN": "BARRE CITY", "TNAME": "Barre City", "SOURCENAME": null, "SOURCETYPE": "UNKNOWN", "SOURCEDATE": "UNKNOWN", "EDITMETHOD": "UNKNOWN", "EDITOR": "UNKNOWN", "EDITDATE": "UNKNOWN", "MATCHSTAT": "MATCH", "EDITNOTE": "UNKNOWN", "OWNER1": "210 NORTH MAIN PROPERTIES LLC", "OWNER2": "", "ADDRGL1": "29 STAGE COACH RD", "ADDRGL2": "", "CITYGL": "BARRE", "STGL": "VT", "ZIPGL": "05641-9631", "DESCPROP": "RESTAURANT-0.06AC", "LOCAPROP": "N MAIN ST  210", "CAT": "Commercial", "RESCODE": "C", "ACRESGL": 0.06, "REAL_FLV": 363400, "HSTED_FLV": 0, "NRES_FLV": 363400, "LAND_LV": 47400, "IMPRV_LV": 316000, "EQUIPVAL": 0, "EQUIPCODE": "", "INVENVAL": 0, "HSDECL": "N", "HSITEVAL": 0, "VETEXAMT": 0, "EXPDESC": "", "ENDDATE": "", "STATUTE": "", "EXAMT_HS": 0, "EXAMT_NR": 0, "UVREDUC_HS": 0, "UVREDUC_NR": 0, "GLVAL_HS": 0.0, "GLVAL_NR": 3634.0, "CRHOUSPCT": 0.0, "MUNGL1PCT": 3634.0, "AOEGL_HS": 0.0, "AOEGL_NR": 3634.0, "E911ADDR": "210 N MAIN ST", "SHAPE_Length": 0.0008314897517474109, "SHAPE_Area": 2.917971084114599e-08}, "geometry": {"type": "MultiPolygon", "coordinates": [[[[-72.50370063399998, 44.19886167300007], [-72.50367056299996, 44.19883817700003], [-72.50366339499993, 44.19884419500005], [-72.50364786099993, 44.19883130200003], [-72.50366578299997, 44.19882098700003], [-72.50377071299994, 44.19875853900004], [-72.50387845899996, 44.19885020400005], [-72.50383544799996, 44.19887599200007], [-72.50378526799994, 44.19890865700006], [-72.50366579399997, 44.19899203700004], [-72.50359229899993, 44.19893566600007], [-72.50370063399998, 44.19886167300007]]]]}}, {"type": "Feature", "properties": {"OBJECTID": 4155, "SPAN": "036-011-10014", "GLIST_SPAN": "036-011-10014", "MAPID": "0543-0016.0000", "PARCID": "0543-0016-0000", "PROPTYPE": "PARCEL", "YEAR": 2023, "GLYEAR": 2022, "TOWN": "BARRE CITY", "TNAME": "Barre City", "SOURCENAME": null, "SOURCETYPE": "UNKNOWN", "SOURCEDATE": "UNKNOWN", "EDITMETHOD": "UNKNOWN", "EDITOR": "UNKNOWN", "EDITDATE": "UNKNOWN", "MATCHSTAT": "MATCH", "EDITNOTE": "UNKNOWN", "OWNER1": "CITY OF BARRE", "OWNER2": "", "ADDRGL1": "6 N MAIN ST", "ADDRGL2": "", "CITYGL": "BARRE", "STGL": "VT", "ZIPGL": "05641", "DESCPROP": "VAC LAND-0.05AC", "LOCAPROP": "ENTERPRISE ALY  16", "CAT": "Commercial", "RESCODE": "C", "ACRESGL": 0.05, "REAL_FLV": 34000, "HSTED_FLV": 0, "NRES_FLV": 34000, "LAND_LV": 34000, "IMPRV_LV": 0, "EQUIPVAL": 0, "EQUIPCODE": "", "INVENVAL": 0, "HSDECL": "N", "HSITEVAL": 0, "VETEXAMT": 0, "EXPDESC": "Statutory", "ENDDATE": "", "STATUTE": "", "EXAMT_HS": 0, "EXAMT_NR": 0, "UVREDUC_HS": 0, "UVREDUC_NR": 0, "GLVAL_HS": 0.0, "GLVAL_NR": 0.0, "CRHOUSPCT": 0.0, "MUNGL1PCT": 0.0, "AOEGL_HS": 0.0, "AOEGL_NR": 0.0, "E911ADDR": "16 ENTERPRISE ALY", "SHAPE_Length": 0.0006844931913647671, "SHAPE_Area": 2.6935095777509604e-08}, "geometry": {"type": "MultiPolygon", "coordinates": [[[[-72.50523903299995, 44.19925220300007], [-72.50526067099997, 44.19922808100006], [-72.50527560799998, 44.19923616600005], [-72.50531361599997, 44.199256741000056], [-72.50541891399996, 44.199341599000036], [-72.50543648999997, 44.199355740000044], [-72.50542867099995, 44.19936263200003], [-72.50536147899999, 44.19942272000003], [-72.50535947899994, 44.19942450900004], [-72.50533617399998, 44.19941430200004], [-72.50516204399997, 44.19933803500004], [-72.50523903299995, 44.19925220300007]]]]}}, {"type": "Feature", "properties": {"OBJECTID": 4309, "SPAN": "036-011-10095", "GLIST_SPAN": "036-011-10095", "MAPID": "1095-0214.0000", "PARCID": "1095-0214-0000", "PROPTYPE": "PARCEL", "YEAR": 2023, "GLYEAR": 2022, "TOWN": "BARRE CITY", "TNAME": "Barre City", "SOURCENAME": null, "SOURCETYPE": "UNKNOWN", "SOURCEDATE": "UNKNOWN", "EDITMETHOD": "UNKNOWN", "EDITOR": "UNKNOWN", "EDITDATE": "UNKNOWN", "MATCHSTAT": "MATCH", "EDITNOTE": "UNKNOWN", "OWNER1": "AUBUCHON REALTY COMPANY INC", "OWNER2": "", "ADDRGL1": "73 JUNCTION SQUARE DRIVE", "ADDRGL2": "", "CITYGL": "CONCORD", "STGL": "MA", "ZIPGL": "01472", "DESCPROP": "HARDWARE STORE-0.15AC", "LOCAPROP": "N MAIN ST  214", "CAT": "Commercial", "RESCODE": "C", "ACRESGL": 0.15, "REAL_FLV": 356100, "HSTED_FLV": 0, "NRES_FLV": 356100, "LAND_LV": 90600, "IMPRV_LV": 265500, "EQUIPVAL": 0, "EQUIPCODE": "", "INVENVAL": 0, "HSDECL": "N", "HSITEVAL": 0, "VETEXAMT": 0, "EXPDESC": "", "ENDDATE": "", "STATUTE": "", "EXAMT_HS": 0, "EXAMT_NR": 0, "UVREDUC_HS": 0, "UVREDUC_NR": 0, "GLVAL_HS": 0.0, "GLVAL_NR": 3561.0, "CRHOUSPCT": 0.0, "MUNGL1PCT": 3561.0, "AOEGL_HS": 0.0, "AOEGL_NR": 3561.0, "E911ADDR": "214 N MAIN ST", "SHAPE_Length": 0.0010591160176160364, "SHAPE_Area": 6.619659288986323e-08}, "geometry": {"type": "MultiPolygon", "coordinates": [[[[-72.50385179399996, 44.199128502000065], [-72.50405301899997, 44.19898749500004], [-72.50428234399999, 44.19914528400005], [-72.50405299799996, 44.199294992000034], [-72.50385179399996, 44.199128502000065]]]]}}, {"type": "Feature", "properties": {"OBJECTID": 4313, "SPAN": "036-011-10097", "GLIST_SPAN": "036-011-10097", "MAPID": "1095-0219.0000", "PARCID": "1095-0219-0000", "PROPTYPE": "PARCEL", "YEAR": 2023, "GLYEAR": 2022, "TOWN": "BARRE CITY", "TNAME": "Barre City", "SOURCENAME": null, "SOURCETYPE": "UNKNOWN", "SOURCEDATE": "UNKNOWN", "EDITMETHOD": "UNKNOWN", "EDITOR": "UNKNOWN", "EDITDATE": "UNKNOWN", "MATCHSTAT": "MATCH", "EDITNOTE": "UNKNOWN", "OWNER1": "DEW BARRE CITY PLACE LLC", "OWNER2": "", "ADDRGL1": "277 BLAIR PARK RD  STE 130", "ADDRGL2": "", "CITYGL": "WILLISTON", "STGL": "VT", "ZIPGL": "05495", "DESCPROP": "COMMERCIAL-0.76AC", "LOCAPROP": "N MAIN ST  219", "CAT": "Commercial", "RESCODE": "C", "ACRESGL": 0.76, "REAL_FLV": 8000000, "HSTED_FLV": 0, "NRES_FLV": 8000000, "LAND_LV": 1393100, "IMPRV_LV": 6606900, "EQUIPVAL": 0, "EQUIPCODE": "", "INVENVAL": 0, "HSDECL": "N", "HSITEVAL": 0, "VETEXAMT": 0, "EXPDESC": "Non-Approved (Voted)", "ENDDATE": "6/30/2024 0:00:00", "STATUTE": "2741", "EXAMT_HS": 0, "EXAMT_NR": 1269967, "UVREDUC_HS": 0, "UVREDUC_NR": 0, "GLVAL_HS": 0.0, "GLVAL_NR": 67300.33, "CRHOUSPCT": 0.0, "MUNGL1PCT": 67300.33, "AOEGL_HS": 0.0, "AOEGL_NR": 80000.0, "E911ADDR": "219 N MAIN ST", "SHAPE_Length": 0.0029245992280453347, "SHAPE_Area": 3.3192757039456924e-07}, "geometry": {"type": "MultiPolygon", "coordinates": [[[[-72.50285112999995, 44.19954617900004], [-72.50312606399996, 44.19938232900006], [-72.50313224999996, 44.19937864000008], [-72.50313344599994, 44.19937792800005], [-72.50352692299998, 44.19914362500003], [-72.50378659599994, 44.19934506700008], [-72.50345003099994, 44.19955585800005], [-72.50343088699998, 44.19953800500008], [-72.50326625699995, 44.19963586400007], [-72.50346349699998, 44.19979718700006], [-72.50322323899996, 44.19995337800003], [-72.50322295899997, 44.19995314600004], [-72.50278233499995, 44.19958784900007], [-72.50283456999995, 44.19955620700006], [-72.50284363999998, 44.199550714000054], [-72.50285112999995, 44.19954617900004]]]]}}, {"type": "Feature", "properties": {"OBJECTID": 4510, "SPAN": "036-011-10586", "GLIST_SPAN": "036-011-10586", "MAPID": "1095-0201.0000", "PARCID": "1095-0201-0000", "PROPTYPE": "PARCEL", "YEAR": 2023, "GLYEAR": 2022, "TOWN": "BARRE CITY", "TNAME": "Barre City", "SOURCENAME": null, "SOURCETYPE": "UNKNOWN", "SOURCEDATE": "UNKNOWN", "EDITMETHOD": "UNKNOWN", "EDITOR": "UNKNOWN", "EDITDATE": "UNKNOWN", "MATCHSTAT": "MATCH", "EDITNOTE": "UNKNOWN", "OWNER1": "STUDIO PLACE ARTS INCORPORATED", "OWNER2": "", "ADDRGL1": "201 N MAIN ST", "ADDRGL2": "", "CITYGL": "BARRE", "STGL": "VT", "ZIPGL": "05641", "DESCPROP": "COM-STUDIO ARTS-0.14AC", "LOCAPROP": "N MAIN ST  201", "CAT": "Commercial", "RESCODE": "C", "ACRESGL": 0.14, "REAL_FLV": 390000, "HSTED_FLV": 0, "NRES_FLV": 390000, "LAND_LV": 85300, "IMPRV_LV": 304700, "EQUIPVAL": 0, "EQUIPCODE": "", "INVENVAL": 0, "HSDECL": "N", "HSITEVAL": 0, "VETEXAMT": 0, "EXPDESC": "Partial-Statutory", "ENDDATE": "", "STATUTE": "", "EXAMT_HS": 0, "EXAMT_NR": 234000, "UVREDUC_HS": 0, "UVREDUC_NR": 0, "GLVAL_HS": 0.0, "GLVAL_NR": 1560.0, "CRHOUSPCT": 0.0, "MUNGL1PCT": 1560.0, "AOEGL_HS": 0.0, "AOEGL_NR": 1560.0, "E911ADDR": "201 N MAIN ST", "SHAPE_Length": 0.0012172374228556443, "SHAPE_Area": 6.578523680157987e-08}, "geometry": {"type": "MultiPolygon", "coordinates": [[[[-72.50334862899996, 44.19908041800005], [-72.50340298999998, 44.199048832000074], [-72.50351023499996, 44.19913086100007], [-72.50352692299998, 44.19914362500003], [-72.50313344599994, 44.19937792800005], [-72.50312237899993, 44.19936946200005], [-72.50311532799998, 44.19936353200006], [-72.50302103099995, 44.199283249000075], [-72.50305545499998, 44.199262651000026], [-72.50305082099999, 44.199258126000075], [-72.50334862899996, 44.19908041800005]]]]}}, {"type": "Feature", "properties": {"OBJECTID": 4529, "SPAN": "036-011-10892", "GLIST_SPAN": "036-011-10892", "MAPID": "1037-0021.0000", "PARCID": "1037-0021-0000", "PROPTYPE": "PARCEL", "YEAR": 2023, "GLYEAR": 2022, "TOWN": "BARRE CITY", "TNAME": "Barre City", "SOURCENAME": null, "SOURCETYPE": "UNKNOWN", "SOURCEDATE": "UNKNOWN", "EDITMETHOD": "UNKNOWN", "EDITOR": "UNKNOWN", "EDITDATE": "UNKNOWN", "MATCHSTAT": "MATCH", "EDITNOTE": "UNKNOWN", "OWNER1": "METRO DEVELOPMENT ONE LLC", "OWNER2": "", "ADDRGL1": "125 NELSON ST", "ADDRGL2": "", "CITYGL": "BARRE", "STGL": "VT", "ZIPGL": "05641", "DESCPROP": "OFFICES/HSNG-4.83AC", "LOCAPROP": "METRO WAY  21", "CAT": "Commercial", "RESCODE": "C", "ACRESGL": 4.83, "REAL_FLV": 1593500, "HSTED_FLV": 0, "NRES_FLV": 1593500, "LAND_LV": 809600, "IMPRV_LV": 783900, "EQUIPVAL": 0, "EQUIPCODE": "", "INVENVAL": 0, "HSDECL": "N", "HSITEVAL": 0, "VETEXAMT": 0, "EXPDESC": "", "ENDDATE": "", "STATUTE": "", "EXAMT_HS": 0, "EXAMT_NR": 0, "UVREDUC_HS": 0, "UVREDUC_NR": 0, "GLVAL_HS": 0.0, "GLVAL_NR": 15935.0, "CRHOUSPCT": 0.0, "MUNGL1PCT": 15935.0, "AOEGL_HS": 0.0, "AOEGL_NR": 15935.0, "E911ADDR": "21 METRO WAY", "SHAPE_Length": 0.007584566993874571, "SHAPE_Area": 2.099436557039918e-06}, "geometry": {"type": "MultiPolygon", "coordinates": [[[[-72.50467004199999, 44.198696023000025], [-72.50455330299997, 44.19860926900003], [-72.50423623299997, 44.198387095000044], [-72.50398328199998, 44.19818193400005], [-72.50373775899999, 44.19796678900008], [-72.50353953899997, 44.19773251600003], [-72.50336673299995, 44.197511742000074], [-72.50321074099998, 44.19733582600003], [-72.50320917699997, 44.197334279000074], [-72.50320878599996, 44.19733357600006], [-72.50317476599997, 44.19716736000004], [-72.50296696599997, 44.19704510100007], [-72.50303346099997, 44.19698227900005], [-72.50298844699995, 44.19695463900007], [-72.50322070099998, 44.196734339000045], [-72.50322988199997, 44.197077500000034], [-72.50353480799998, 44.19706652200006], [-72.50353598099997, 44.197065819000045], [-72.50358875899997, 44.19710631700008], [-72.50359110399995, 44.19710828600006], [-72.50363606399998, 44.19713725200006], [-72.50368610499999, 44.197162985000034], [-72.50369822299996, 44.19716903200003], [-72.50371307899997, 44.19717507800004], [-72.50375842799997, 44.19719321700006], [-72.50378618599996, 44.197201935000066], [-72.50381863399997, 44.19721712100005], [-72.50385069099997, 44.197230760000025], [-72.50388704899996, 44.19724552500003], [-72.50392731599999, 44.19726282000005], [-72.50398009299994, 44.19727899000003], [-72.50408369299998, 44.19732412600007], [-72.50414780699998, 44.19734043600005], [-72.50418142799998, 44.19735070100006], [-72.50424945199995, 44.19737530700007], [-72.50429206499996, 44.19738472700004], [-72.50434796899998, 44.19739653800008], [-72.50439214599999, 44.19740722300003], [-72.50445039499994, 44.19742592400007], [-72.50449769999994, 44.197442376000026], [-72.50455868799997, 44.197474154000076], [-72.50463062199998, 44.197494120000044], [-72.50467284399997, 44.19750888400006], [-72.50471584799999, 44.197526882000034], [-72.50475220499999, 44.19754220800007], [-72.50477487999996, 44.197550222000075], [-72.50482883099994, 44.19757131400007], [-72.50487183499996, 44.19759015500006], [-72.50490936699998, 44.19760984100003], [-72.50493556099997, 44.19762671500007], [-72.50496683699998, 44.197644713000045], [-72.50499654999999, 44.19765849300006], [-72.50502899799994, 44.19767185200004], [-72.50506105499994, 44.197681834000036], [-72.50511148799995, 44.197696035000035], [-72.50514471699995, 44.19769997100008], [-72.50517872899997, 44.19770165700004], [-72.50524948799995, 44.19770587200003], [-72.50529327299995, 44.19770544800008], [-72.50535894999996, 44.197702211000035], [-72.50540625299993, 44.19769869300006], [-72.50544495499997, 44.19769770700003], [-72.50549186699999, 44.197694470000044], [-72.50553916999996, 44.19768870300004], [-72.50557513599995, 44.197680966000064], [-72.50560836399995, 44.19767716800004], [-72.50565214799997, 44.197672244000046], [-72.50568342299994, 44.19766957100006], [-72.50572290699995, 44.19766464700007], [-72.50575379099996, 44.19766281700004], [-72.50579053799999, 44.19766365900006], [-72.50580031299995, 44.197664221000025], [-72.50581715999994, 44.19766810800007], [-72.50561677499996, 44.19799626100007], [-72.50527040199995, 44.198434759000065], [-72.50523044799996, 44.19848355900007], [-72.50518325199994, 44.198528887000066], [-72.50512938899993, 44.198570191000044], [-72.50506951999995, 44.19860696600006], [-72.50500437399995, 44.198638764000066], [-72.50493474799998, 44.198665195000046], [-72.50486149199997, 44.19868593500007], [-72.50478550299994, 44.198700734000056], [-72.50469678599995, 44.198716137000076], [-72.50467137399994, 44.19869701300007], [-72.50467004199999, 44.198696023000025]]]]}}, {"type": "Feature", "properties": {"OBJECTID": 4534, "SPAN": "036-011-10894", "GLIST_SPAN": "036-011-10894", "MAPID": "1590-0003.0000", "PARCID": "1590-0003-0000", "PROPTYPE": "PARCEL", "YEAR": 2023, "GLYEAR": 2022, "TOWN": "BARRE CITY", "TNAME": "Barre City", "SOURCENAME": null, "SOURCETYPE": "UNKNOWN", "SOURCEDATE": "UNKNOWN", "EDITMETHOD": "UNKNOWN", "EDITOR": "UNKNOWN", "EDITDATE": "UNKNOWN", "MATCHSTAT": "MATCH", "EDITNOTE": "UNKNOWN", "OWNER1": "METRO DEVELOPMENT LLC", "OWNER2": "", "ADDRGL1": "125 NELSON ST", "ADDRGL2": "", "CITYGL": "BARRE", "STGL": "VT", "ZIPGL": "05641", "DESCPROP": "PARKING LOT-0.43AC", "LOCAPROP": "WILLIAMS LN   3", "CAT": "Commercial", "RESCODE": "C", "ACRESGL": 0.43, "REAL_FLV": 66500, "HSTED_FLV": 0, "NRES_FLV": 66500, "LAND_LV": 19700, "IMPRV_LV": 46800, "EQUIPVAL": 0, "EQUIPCODE": "", "INVENVAL": 0, "HSDECL": "N", "HSITEVAL": 66500, "VETEXAMT": 0, "EXPDESC": "", "ENDDATE": "", "STATUTE": "", "EXAMT_HS": 0, "EXAMT_NR": 0, "UVREDUC_HS": 0, "UVREDUC_NR": 0, "GLVAL_HS": 0.0, "GLVAL_NR": 665.0, "CRHOUSPCT": 0.0, "MUNGL1PCT": 665.0, "AOEGL_HS": 0.0, "AOEGL_NR": 665.0, "E911ADDR": "3 WILLIAMS LN", "SHAPE_Length": 0.0018757014799790344, "SHAPE_Area": 1.9377296991690445e-07}, "geometry": {"type": "MultiPolygon", "coordinates": [[[[-72.50500668999996, 44.19870125300008], [-72.50507247099995, 44.198674588000074], [-72.50513400999995, 44.19864311500004], [-72.50519063299998, 44.19860718100006], [-72.50524171499995, 44.198567180000055], [-72.50528669599998, 44.19852355200004], [-72.50532508099997, 44.198476775000074], [-72.50532643099996, 44.198474969000074], [-72.50573208799995, 44.19888314800005], [-72.50567957699997, 44.198915089000025], [-72.50544438999998, 44.19905814300006], [-72.50544277599994, 44.19905912400003], [-72.50500668999996, 44.19870125300008]]]]}}, {"type": "Feature", "properties": {"OBJECTID": 4558, "SPAN": "036-011-10178", "GLIST_SPAN": "036-011-10178", "MAPID": "0685-0046.0000", "PARCID": "0685-0046-0000", "PROPTYPE": "PARCEL", "YEAR": 2023, "GLYEAR": 2022, "TOWN": "BARRE CITY", "TNAME": "Barre City", "SOURCENAME": null, "SOURCETYPE": "UNKNOWN", "SOURCEDATE": "UNKNOWN", "EDITMETHOD": "UNKNOWN", "EDITOR": "UNKNOWN", "EDITDATE": "UNKNOWN", "MATCHSTAT": "MATCH", "EDITNOTE": "UNKNOWN", "OWNER1": "BARRE HISTORICAL SOCIETY INC", "OWNER2": "", "ADDRGL1": "PO BOX 496", "ADDRGL2": "", "CITYGL": "BARRE", "STGL": "VT", "ZIPGL": "05641-0496", "DESCPROP": "LABOR HALL & RISE UP BAKERY-0.45AC", "LOCAPROP": "GRANITE ST  46 & 48", "CAT": "Commercial", "RESCODE": "C", "ACRESGL": 0.45, "REAL_FLV": 1240500, "HSTED_FLV": 0, "NRES_FLV": 1240500, "LAND_LV": 69200, "IMPRV_LV": 1171300, "EQUIPVAL": 0, "EQUIPCODE": "", "INVENVAL": 0, "HSDECL": "N", "HSITEVAL": 0, "VETEXAMT": 0, "EXPDESC": "Statutory", "ENDDATE": "", "STATUTE": "", "EXAMT_HS": 0, "EXAMT_NR": 0, "UVREDUC_HS": 0, "UVREDUC_NR": 0, "GLVAL_HS": 0.0, "GLVAL_NR": 0.0, "CRHOUSPCT": 0.0, "MUNGL1PCT": 0.0, "AOEGL_HS": 0.0, "AOEGL_NR": 0.0, "E911ADDR": "46 GRANITE ST", "SHAPE_Length": 0.0020797424436325685, "SHAPE_Area": 2.1874668979951832e-07}, "geometry": {"type": "MultiPolygon", "coordinates": [[[[-72.50648858699998, 44.198413807000065], [-72.50652556899996, 44.19832511300007], [-72.50665810899994, 44.19842185500005], [-72.50664677299994, 44.19843310500005], [-72.50715230499998, 44.19881107100008], [-72.50713979499994, 44.19881894700006], [-72.50686419999994, 44.19899193100008], [-72.50686224599997, 44.19899319700005], [-72.50639060099996, 44.198620549000054], [-72.50648858699998, 44.198413807000065]]]]}}, {"type": "Feature", "properties": {"OBJECTID": 4565, "SPAN": "036-011-10911", "GLIST_SPAN": "036-011-10911", "MAPID": "1265-0009.0000", "PARCID": "1265-0009-0000", "PROPTYPE": "PARCEL", "YEAR": 2023, "GLYEAR": 2022, "TOWN": "BARRE CITY", "TNAME": "Barre City", "SOURCENAME": null, "SOURCETYPE": "UNKNOWN", "SOURCEDATE": "UNKNOWN", "EDITMETHOD": "UNKNOWN", "EDITOR": "UNKNOWN", "EDITDATE": "UNKNOWN", "MATCHSTAT": "MATCH", "EDITNOTE": "UNKNOWN", "OWNER1": "PATRY WILLYJANE", "OWNER2": "", "ADDRGL1": "23 TREMONT ST", "ADDRGL2": "", "CITYGL": "BARRE", "STGL": "VT", "ZIPGL": "05641-3020", "DESCPROP": "1 FAM-0.07AC", "LOCAPROP": "RIVER ST   9", "CAT": "Residential-1", "RESCODE": "T", "ACRESGL": 0.07, "REAL_FLV": 62440, "HSTED_FLV": 0, "NRES_FLV": 62440, "LAND_LV": 6550, "IMPRV_LV": 55890, "EQUIPVAL": 0, "EQUIPCODE": "", "INVENVAL": 0, "HSDECL": "N", "HSITEVAL": 0, "VETEXAMT": 0, "EXPDESC": "", "ENDDATE": "", "STATUTE": "", "EXAMT_HS": 0, "EXAMT_NR": 0, "UVREDUC_HS": 0, "UVREDUC_NR": 0, "GLVAL_HS": 0.0, "GLVAL_NR": 624.4, "CRHOUSPCT": 0.0, "MUNGL1PCT": 624.4, "AOEGL_HS": 0.0, "AOEGL_NR": 624.4, "E911ADDR": "9 RIVER ST", "SHAPE_Length": 0.000706569272838411, "SHAPE_Area": 2.988053978799547e-08}, "geometry": {"type": "MultiPolygon", "coordinates": [[[[-72.507988, 44.19777630700003], [-72.50799151799998, 44.19777602500005], [-72.50815532299998, 44.19779752900007], [-72.50815258699998, 44.197803013000055], [-72.50806934399998, 44.19798892400007], [-72.50793876699998, 44.19796530900004], [-72.507988, 44.19777630700003]]]]}}, {"type": "Feature", "properties": {"OBJECTID": 4655, "SPAN": "036-011-10958", "GLIST_SPAN": "036-011-10958", "MAPID": "1095-0185.0000", "PARCID": "1095-0185-0000", "PROPTYPE": "PARCEL", "YEAR": 2023, "GLYEAR": 2022, "TOWN": "BARRE CITY", "TNAME": "Barre City", "SOURCENAME": null, "SOURCETYPE": "UNKNOWN", "SOURCEDATE": "UNKNOWN", "EDITMETHOD": "UNKNOWN", "EDITOR": "UNKNOWN", "EDITDATE": "UNKNOWN", "MATCHSTAT": "MATCH", "EDITNOTE": "UNKNOWN", "OWNER1": "LAWRENCE HOLDINGS LLC", "OWNER2": "", "ADDRGL1": "471 CROSSTOWN RD", "ADDRGL2": "", "CITYGL": "BERLIN", "STGL": "VT", "ZIPGL": "05602", "DESCPROP": "9 APTS/OR OFFICES.RETAIL-0.46AC", "LOCAPROP": "N MAIN ST  185", "CAT": "Commercial", "RESCODE": "S", "ACRESGL": 0.46, "REAL_FLV": 497600, "HSTED_FLV": 0, "NRES_FLV": 497600, "LAND_LV": 197100, "IMPRV_LV": 300500, "EQUIPVAL": 0, "EQUIPCODE": "", "INVENVAL": 0, "HSDECL": "N", "HSITEVAL": 0, "VETEXAMT": 0, "EXPDESC": "", "ENDDATE": "", "STATUTE": "", "EXAMT_HS": 0, "EXAMT_NR": 0, "UVREDUC_HS": 0, "UVREDUC_NR": 0, "GLVAL_HS": 0.0, "GLVAL_NR": 4976.0, "CRHOUSPCT": 0.0, "MUNGL1PCT": 4976.0, "AOEGL_HS": 0.0, "AOEGL_NR": 4976.0, "E911ADDR": "185 N MAIN ST", "SHAPE_Length": 0.00216869239476437, "SHAPE_Area": 2.0796437129490433e-07}, "geometry": {"type": "MultiPolygon", "coordinates": [[[[-72.50250433499997, 44.19927983500003], [-72.50259469599996, 44.19921887300006], [-72.50279144599995, 44.19910120800006], [-72.50280652999999, 44.199092187000076], [-72.50317300199998, 44.19887331800004], [-72.50339243099995, 44.199040774000025], [-72.50340298999998, 44.199048832000074], [-72.50334862899996, 44.19908041800005], [-72.50305082099999, 44.199258126000075], [-72.50305545499998, 44.199262651000026], [-72.50302103099995, 44.199283249000075], [-72.50300812199998, 44.19927193900003], [-72.50300369199994, 44.19927436300003], [-72.50300354699993, 44.199274443000036], [-72.50286844299995, 44.19934838000006], [-72.50272776899999, 44.19945794600005], [-72.50271349499997, 44.19944658400004], [-72.50270936199996, 44.19944329400005], [-72.50262217599999, 44.19937389100005], [-72.50250433499997, 44.19927983500003]]]]}}, {"type": "Feature", "properties": {"OBJECTID": 4658, "SPAN": "036-011-10959", "GLIST_SPAN": "036-011-10959", "MAPID": "1095-0207.0000", "PARCID": "1095-0207-0000", "PROPTYPE": "PARCEL", "YEAR": 2023, "GLYEAR": 2022, "TOWN": "BARRE CITY", "TNAME": "Barre City", "SOURCENAME": null, "SOURCETYPE": "UNKNOWN", "SOURCEDATE": "UNKNOWN", "EDITMETHOD": "UNKNOWN", "EDITOR": "UNKNOWN", "EDITDATE": "UNKNOWN", "MATCHSTAT": "MATCH", "EDITNOTE": "UNKNOWN", "OWNER1": "LAWRENCE HOLDINGS LLC", "OWNER2": "", "ADDRGL1": "471 CROSSTOWN RD", "ADDRGL2": "", "CITYGL": "BERLIN", "STGL": "VT", "ZIPGL": "05602", "DESCPROP": "WAREHOUSE-0.12AC", "LOCAPROP": "N MAIN ST  207", "CAT": "Commercial", "RESCODE": "S", "ACRESGL": 0.12, "REAL_FLV": 97700, "HSTED_FLV": 0, "NRES_FLV": 97700, "LAND_LV": 40800, "IMPRV_LV": 56900, "EQUIPVAL": 0, "EQUIPCODE": "", "INVENVAL": 0, "HSDECL": "N", "HSITEVAL": 0, "VETEXAMT": 0, "EXPDESC": "", "ENDDATE": "", "STATUTE": "", "EXAMT_HS": 0, "EXAMT_NR": 0, "UVREDUC_HS": 0, "UVREDUC_NR": 0, "GLVAL_HS": 0.0, "GLVAL_NR": 977.0, "CRHOUSPCT": 0.0, "MUNGL1PCT": 977.0, "AOEGL_HS": 0.0, "AOEGL_NR": 977.0, "E911ADDR": "207 N MAIN ST", "SHAPE_Length": 0.0009875392641283832, "SHAPE_Area": 5.2184473610265025e-08}, "geometry": {"type": "MultiPolygon", "coordinates": [[[[-72.50300369199994, 44.19927436300003], [-72.50300812199998, 44.19927193900003], [-72.50302103099995, 44.199283249000075], [-72.50311532799998, 44.19936353200006], [-72.50312237899993, 44.19936946200005], [-72.50313344599994, 44.19937792800005], [-72.50313224999996, 44.19937864000008], [-72.50312606399996, 44.19938232900006], [-72.50285112999995, 44.19954617900004], [-72.50284363999998, 44.199550714000054], [-72.50283189499999, 44.19954135800003], [-72.50282630299995, 44.19953690300008], [-72.50282579099996, 44.199536495000075], [-72.50273306599996, 44.199462708000055], [-72.50272776899999, 44.19945794600005], [-72.50286844299995, 44.19934838000006], [-72.50300354699993, 44.199274443000036], [-72.50300369199994, 44.19927436300003]]]]}}, {"type": "Feature", "properties": {"OBJECTID": 4664, "SPAN": "036-011-10205", "GLIST_SPAN": "036-011-10205", "MAPID": "1095-0237.0000", "PARCID": "1095-0237-0000", "PROPTYPE": "PARCEL", "YEAR": 2023, "GLYEAR": 2022, "TOWN": "BARRE CITY", "TNAME": "Barre City", "SOURCENAME": null, "SOURCETYPE": "UNKNOWN", "SOURCEDATE": "UNKNOWN", "EDITMETHOD": "UNKNOWN", "EDITOR": "UNKNOWN", "EDITDATE": "UNKNOWN", "MATCHSTAT": "MATCH", "EDITNOTE": "UNKNOWN", "OWNER1": "BASHARA PARAMOUNT THEATER LLC", "OWNER2": "", "ADDRGL1": "PO BOX 99", "ADDRGL2": "", "CITYGL": "MONTPELIER", "STGL": "VT", "ZIPGL": "05601-0099", "DESCPROP": "THEATER/RET/OFFICES-0.29AC", "LOCAPROP": "N MAIN ST  237", "CAT": "Commercial", "RESCODE": "C", "ACRESGL": 0.29, "REAL_FLV": 535500, "HSTED_FLV": 0, "NRES_FLV": 535500, "LAND_LV": 176800, "IMPRV_LV": 358700, "EQUIPVAL": 0, "EQUIPCODE": "", "INVENVAL": 0, "HSDECL": "N", "HSITEVAL": 0, "VETEXAMT": 0, "EXPDESC": "", "ENDDATE": "", "STATUTE": "", "EXAMT_HS": 0, "EXAMT_NR": 0, "UVREDUC_HS": 0, "UVREDUC_NR": 0, "GLVAL_HS": 0.0, "GLVAL_NR": 5355.0, "CRHOUSPCT": 0.0, "MUNGL1PCT": 5355.0, "AOEGL_HS": 0.0, "AOEGL_NR": 5355.0, "E911ADDR": "237 N MAIN ST", "SHAPE_Length": 0.001681472516979351, "SHAPE_Area": 1.2873272665301166e-07}, "geometry": {"type": "MultiPolygon", "coordinates": [[[[-72.50326625699995, 44.19963586400007], [-72.50343088699998, 44.19953800500008], [-72.50345003099994, 44.19955585800005], [-72.50378659599994, 44.19934506700008], [-72.50384645399998, 44.199388827000064], [-72.50396179099994, 44.199479878000034], [-72.50346431099996, 44.199796658000025], [-72.50346349699998, 44.19979718700006], [-72.50326625699995, 44.19963586400007]]]]}}, {"type": "Feature", "properties": {"OBJECTID": 4674, "SPAN": "036-011-10967", "GLIST_SPAN": "036-011-10967", "MAPID": "0465-0009.0000", "PARCID": "0465-0009-0000", "PROPTYPE": "PARCEL", "YEAR": 2023, "GLYEAR": 2022, "TOWN": "BARRE CITY", "TNAME": "Barre City", "SOURCENAME": null, "SOURCETYPE": "UNKNOWN", "SOURCEDATE": "UNKNOWN", "EDITMETHOD": "UNKNOWN", "EDITOR": "UNKNOWN", "EDITDATE": "UNKNOWN", "MATCHSTAT": "MATCH", "EDITNOTE": "UNKNOWN", "OWNER1": "CITY OF BARRE", "OWNER2": "", "ADDRGL1": "6 N MAIN ST", "ADDRGL2": "", "CITYGL": "BARRE", "STGL": "VT", "ZIPGL": "05641", "DESCPROP": "VAC LAND-0.09AC", "LOCAPROP": "DEPOT SQ   9", "CAT": "Miscellaneous", "RESCODE": "C", "ACRESGL": 0.09, "REAL_FLV": 42300, "HSTED_FLV": 0, "NRES_FLV": 42300, "LAND_LV": 42300, "IMPRV_LV": 0, "EQUIPVAL": 0, "EQUIPCODE": "", "INVENVAL": 0, "HSDECL": "N", "HSITEVAL": 0, "VETEXAMT": 0, "EXPDESC": "Statutory", "ENDDATE": "", "STATUTE": "", "EXAMT_HS": 0, "EXAMT_NR": 0, "UVREDUC_HS": 0, "UVREDUC_NR": 0, "GLVAL_HS": 0.0, "GLVAL_NR": 0.0, "CRHOUSPCT": 0.0, "MUNGL1PCT": 0.0, "AOEGL_HS": 0.0, "AOEGL_NR": 0.0, "E911ADDR": "9 DEPOT SQ", "SHAPE_Length": 0.0013588649715091706, "SHAPE_Area": 5.4037590894040555e-08}, "geometry": {"type": "MultiPolygon", "coordinates": [[[[-72.50471078799995, 44.19919671900004], [-72.50460823999998, 44.199164593000035], [-72.50458728299998, 44.19917911200008], [-72.50453137699998, 44.19916012900006], [-72.50446921399998, 44.19913032000005], [-72.50440196899996, 44.19909376000004], [-72.50435427099995, 44.19906155900003], [-72.50431321999997, 44.199037936000025], [-72.50431195699997, 44.19903709000005], [-72.50424230599998, 44.19899044700003], [-72.50417139099994, 44.19894295800003], [-72.50414336099993, 44.198924188000035], [-72.50425568999998, 44.19884547300006], [-72.50471078799995, 44.19919671900004]]]]}}, {"type": "Feature", "properties": {"OBJECTID": 4684, "SPAN": "036-011-10972", "GLIST_SPAN": "036-011-10972", "MAPID": "0685-0051.0000", "PARCID": "0685-0051-0000", "PROPTYPE": "PARCEL", "YEAR": 2023, "GLYEAR": 2022, "TOWN": "BARRE CITY", "TNAME": "Barre City", "SOURCENAME": null, "SOURCETYPE": "UNKNOWN", "SOURCEDATE": "UNKNOWN", "EDITMETHOD": "UNKNOWN", "EDITOR": "UNKNOWN", "EDITDATE": "UNKNOWN", "MATCHSTAT": "MATCH", "EDITNOTE": "UNKNOWN", "OWNER1": "DESSUREAU MACHINE INC", "OWNER2": "", "ADDRGL1": "P O BOX 402", "ADDRGL2": "", "CITYGL": "BARRE", "STGL": "VT", "ZIPGL": "05641-0402", "DESCPROP": "2 APTS-0.22AC", "LOCAPROP": "GRANITE ST  51", "CAT": "Residential-1", "RESCODE": "C", "ACRESGL": 0.22, "REAL_FLV": 167600, "HSTED_FLV": 0, "NRES_FLV": 167600, "LAND_LV": 23400, "IMPRV_LV": 144200, "EQUIPVAL": 0, "EQUIPCODE": "", "INVENVAL": 0, "HSDECL": "N", "HSITEVAL": 0, "VETEXAMT": 0, "EXPDESC": "", "ENDDATE": "", "STATUTE": "", "EXAMT_HS": 0, "EXAMT_NR": 0, "UVREDUC_HS": 0, "UVREDUC_NR": 0, "GLVAL_HS": 0.0, "GLVAL_NR": 1676.0, "CRHOUSPCT": 0.0, "MUNGL1PCT": 1676.0, "AOEGL_HS": 0.0, "AOEGL_NR": 1676.0, "E911ADDR": "51 GRANITE ST", "SHAPE_Length": 0.0014958828840824852, "SHAPE_Area": 8.47037419722266e-08}, "geometry": {"type": "MultiPolygon", "coordinates": [[[[-72.50718203299994, 44.19895225500005], [-72.50732471599997, 44.19886393500008], [-72.50732510799997, 44.19886562200003], [-72.50744279299994, 44.19895786400008], [-72.50759450299995, 44.19914572700003], [-72.50733688999998, 44.19930127400005], [-72.50732555299999, 44.199308306000034], [-72.50731878699997, 44.19931265800005], [-72.50724750999996, 44.19926840100004], [-72.50720967999996, 44.199236400000075], [-72.50738847299993, 44.19912253800004], [-72.50718320599998, 44.19895310000004], [-72.50718203299994, 44.19895225500005]]]]}}, {"type": "Feature", "properties": {"OBJECTID": 4686, "SPAN": "036-011-10973", "GLIST_SPAN": "036-011-10973", "MAPID": "0685-0053.0000", "PARCID": "0685-0053-0000", "PROPTYPE": "PARCEL", "YEAR": 2023, "GLYEAR": 2022, "TOWN": "BARRE CITY", "TNAME": "Barre City", "SOURCENAME": null, "SOURCETYPE": "UNKNOWN", "SOURCEDATE": "UNKNOWN", "EDITMETHOD": "UNKNOWN", "EDITOR": "UNKNOWN", "EDITDATE": "UNKNOWN", "MATCHSTAT": "MATCH", "EDITNOTE": "UNKNOWN", "OWNER1": "DESSUREAU MACHINE INC", "OWNER2": "", "ADDRGL1": "P O BOX 402", "ADDRGL2": "", "CITYGL": "BARRE", "STGL": "VT", "ZIPGL": "05641-0402", "DESCPROP": "MACHINE SHOP-1.78AC", "LOCAPROP": "GRANITE ST  53", "CAT": "Industrial", "RESCODE": "C", "ACRESGL": 1.78, "REAL_FLV": 343100, "HSTED_FLV": 0, "NRES_FLV": 343100, "LAND_LV": 78300, "IMPRV_LV": 264800, "EQUIPVAL": 0, "EQUIPCODE": "", "INVENVAL": 0, "HSDECL": "N", "HSITEVAL": 0, "VETEXAMT": 0, "EXPDESC": "", "ENDDATE": "", "STATUTE": "", "EXAMT_HS": 0, "EXAMT_NR": 0, "UVREDUC_HS": 0, "UVREDUC_NR": 0, "GLVAL_HS": 0.0, "GLVAL_NR": 3431.0, "CRHOUSPCT": 0.0, "MUNGL1PCT": 3431.0, "AOEGL_HS": 0.0, "AOEGL_NR": 3431.0, "E911ADDR": "53 GRANITE ST", "SHAPE_Length": 0.00535143626097834, "SHAPE_Area": 1.060653688304234e-06}, "geometry": {"type": "MultiPolygon", "coordinates": [[[[-72.50759450299995, 44.19914572700003], [-72.50744279299994, 44.19895786400008], [-72.50732510799997, 44.19886562200003], [-72.50732471599997, 44.19886393500008], [-72.50746818199997, 44.19877505100004], [-72.50747013299997, 44.19875100400003], [-72.50757411499995, 44.19868504500005], [-72.50757606999997, 44.198683920000065], [-72.50749318299995, 44.19862219100003], [-72.50749318199996, 44.198620926000046], [-72.50749865099993, 44.19858323900007], [-72.50760616999997, 44.19866760600007], [-72.50819448699997, 44.19830194300005], [-72.50819644099994, 44.198300818000064], [-72.50824999499997, 44.19826565900007], [-72.50825429399998, 44.198261580000064], [-72.50828830699999, 44.198265234000075], [-72.50835164099993, 44.19827943200005], [-72.50837588099995, 44.198288149000064], [-72.50843217999994, 44.19831345800003], [-72.50846580199999, 44.198324283000034], [-72.50848925899999, 44.198332297000036], [-72.50851975499995, 44.19834537200006], [-72.50854829499997, 44.19836519800003], [-72.50857566399998, 44.19838460200003], [-72.50859951499996, 44.198402600000065], [-72.50861632699997, 44.19842256800007], [-72.50863509799996, 44.19845898700004], [-72.50866403499998, 44.19850904700007], [-72.50868202399994, 44.19854771800004], [-72.50870978799998, 44.19859749700004], [-72.50872034899999, 44.19863757300004], [-72.50873403899993, 44.19868425900006], [-72.50875828699998, 44.19874416300007], [-72.50877432199997, 44.198790005000035], [-72.50878488399997, 44.19883008200003], [-72.50879779199994, 44.19888478300004], [-72.50879623499998, 44.198929502000055], [-72.50880171499995, 44.19897675200008], [-72.50880641499998, 44.19903032900004], [-72.50880407699998, 44.19908742200005], [-72.50880916999995, 44.19915014000003], [-72.50880722299996, 44.19920948400005], [-72.50880136799998, 44.199263624000025], [-72.50879980599996, 44.19927909200004], [-72.50878846699999, 44.19927164000006], [-72.50871300799997, 44.19921975600005], [-72.50844283199996, 44.19900040300007], [-72.50838927199999, 44.19898859500006], [-72.50825243799994, 44.198958652000044], [-72.50820201599998, 44.19903543600003], [-72.50807967699996, 44.19922275600004], [-72.50797648799994, 44.19937646400007], [-72.50789222499998, 44.199556521000034], [-72.50750557999999, 44.199428639000075], [-72.50731878699997, 44.19931265800005], [-72.50732555299999, 44.199308306000034], [-72.50733688999998, 44.19930127400005], [-72.50759450299995, 44.19914572700003]]]]}}, {"type": "Feature", "properties": {"OBJECTID": 4695, "SPAN": "036-011-10978", "GLIST_SPAN": "036-011-10978", "MAPID": "1095-0248.0000", "PARCID": "1095-0248-0000", "PROPTYPE": "PARCEL", "YEAR": 2023, "GLYEAR": 2022, "TOWN": "BARRE CITY", "TNAME": "Barre City", "SOURCENAME": null, "SOURCETYPE": "UNKNOWN", "SOURCEDATE": "UNKNOWN", "EDITMETHOD": "UNKNOWN", "EDITOR": "UNKNOWN", "EDITDATE": "UNKNOWN", "MATCHSTAT": "MATCH", "EDITNOTE": "UNKNOWN", "OWNER1": "NICHOLSON HOLDINGS LLC", "OWNER2": "C/O MANRIQUEZ ELIZABETH", "ADDRGL1": "115 ORANGE ST", "ADDRGL2": "", "CITYGL": "BARRE", "STGL": "VT", "ZIPGL": "05641", "DESCPROP": "RESTAURANT/2ND FLR OFFICE SPACE-0.07A", "LOCAPROP": "N MAIN ST  248", "CAT": "Commercial", "RESCODE": "T", "ACRESGL": 0.07, "REAL_FLV": 287400, "HSTED_FLV": 0, "NRES_FLV": 287400, "LAND_LV": 42700, "IMPRV_LV": 244700, "EQUIPVAL": 0, "EQUIPCODE": "", "INVENVAL": 0, "HSDECL": "N", "HSITEVAL": 0, "VETEXAMT": 0, "EXPDESC": "", "ENDDATE": "", "STATUTE": "", "EXAMT_HS": 0, "EXAMT_NR": 0, "UVREDUC_HS": 0, "UVREDUC_NR": 0, "GLVAL_HS": 0.0, "GLVAL_NR": 2874.0, "CRHOUSPCT": 0.0, "MUNGL1PCT": 2874.0, "AOEGL_HS": 0.0, "AOEGL_NR": 2874.0, "E911ADDR": "248 N MAIN ST", "SHAPE_Length": 0.0009543303376585307, "SHAPE_Area": 3.2685779887313246e-08}, "geometry": {"type": "MultiPolygon", "coordinates": [[[[-72.50430985399998, 44.19949096400006], [-72.50460265799995, 44.19928225500007], [-72.50470509499996, 44.19929921700003], [-72.50469023999995, 44.19932017100007], [-72.50467929499996, 44.19933817100008], [-72.50438380899993, 44.19953783100004], [-72.50430985399998, 44.19949096400006]]]]}}, {"type": "Feature", "properties": {"OBJECTID": 4702, "SPAN": "036-011-10215", "GLIST_SPAN": "036-011-10215", "MAPID": "1095-0162.0000", "PARCID": "1095-0162-0000", "PROPTYPE": "PARCEL", "YEAR": 2023, "GLYEAR": 2022, "TOWN": "BARRE CITY", "TNAME": "Barre City", "SOURCENAME": null, "SOURCETYPE": "UNKNOWN", "SOURCEDATE": "UNKNOWN", "EDITMETHOD": "UNKNOWN", "EDITOR": "UNKNOWN", "EDITDATE": "UNKNOWN", "MATCHSTAT": "MATCH", "EDITNOTE": "UNKNOWN", "OWNER1": "162 NORTH MAIN STREET LLC", "OWNER2": "", "ADDRGL1": "PO BOX 766", "ADDRGL2": "", "CITYGL": "BARRE", "STGL": "VT", "ZIPGL": "05641-0766", "DESCPROP": "20 APTS/4RET/5OFF-0.26AC", "LOCAPROP": "N MAIN ST  162", "CAT": "Commercial Apt", "RESCODE": "C", "ACRESGL": 0.26, "REAL_FLV": 1518500, "HSTED_FLV": 0, "NRES_FLV": 1518500, "LAND_LV": 173400, "IMPRV_LV": 1345100, "EQUIPVAL": 0, "EQUIPCODE": "", "INVENVAL": 0, "HSDECL": "N", "HSITEVAL": 0, "VETEXAMT": 0, "EXPDESC": "", "ENDDATE": "", "STATUTE": "", "EXAMT_HS": 0, "EXAMT_NR": 0, "UVREDUC_HS": 0, "UVREDUC_NR": 0, "GLVAL_HS": 0.0, "GLVAL_NR": 15185.0, "CRHOUSPCT": 0.0, "MUNGL1PCT": 15185.0, "AOEGL_HS": 0.0, "AOEGL_NR": 15185.0, "E911ADDR": "162 N MAIN ST", "SHAPE_Length": 0.001513167741330844, "SHAPE_Area": 1.3735299279936905e-07}, "geometry": {"type": "MultiPolygon", "coordinates": [[[[-72.50309938499998, 44.198070114000075], [-72.50313050799997, 44.19805098000006], [-72.50314159899995, 44.19805689200007], [-72.50324090499998, 44.19815799400004], [-72.50336433999996, 44.19828772000005], [-72.50303399099994, 44.19850427000006], [-72.50303074299995, 44.19850492900008], [-72.50280032799998, 44.198328023000045], [-72.50279875799998, 44.19832689800006], [-72.50276279399998, 44.19829975500005], [-72.50276814999995, 44.198296096000036], [-72.50309742399998, 44.19807109100003], [-72.50309938499998, 44.198070114000075]]]]}}, {"type": "Feature", "properties": {"OBJECTID": 4827, "SPAN": "036-011-10249", "GLIST_SPAN": "036-011-10249", "MAPID": "1095-0171.0000", "PARCID": "1095-0171-0000", "PROPTYPE": "PARCEL", "YEAR": 2023, "GLYEAR": 2022, "TOWN": "BARRE CITY", "TNAME": "Barre City", "SOURCENAME": null, "SOURCETYPE": "UNKNOWN", "SOURCEDATE": "UNKNOWN", "EDITMETHOD": "UNKNOWN", "EDITOR": "UNKNOWN", "EDITDATE": "UNKNOWN", "MATCHSTAT": "MATCH", "EDITNOTE": "UNKNOWN", "OWNER1": "355 ROUTE 302 LLC", "OWNER2": "C/O HONEY BROOK PROPERTIES LLC", "ADDRGL1": "77 JALBERT RD", "ADDRGL2": "", "CITYGL": "BARRE", "STGL": "VT", "ZIPGL": "05641", "DESCPROP": "RETAIL & APT -0.12AC", "LOCAPROP": "N MAIN ST  171", "CAT": "Commercial", "RESCODE": "C", "ACRESGL": 0.12, "REAL_FLV": 200000, "HSTED_FLV": 0, "NRES_FLV": 200000, "LAND_LV": 85000, "IMPRV_LV": 115000, "EQUIPVAL": 0, "EQUIPCODE": "", "INVENVAL": 0, "HSDECL": "N", "HSITEVAL": 0, "VETEXAMT": 0, "EXPDESC": "", "ENDDATE": "", "STATUTE": "", "EXAMT_HS": 0, "EXAMT_NR": 0, "UVREDUC_HS": 0, "UVREDUC_NR": 0, "GLVAL_HS": 0.0, "GLVAL_NR": 2000.0, "CRHOUSPCT": 0.0, "MUNGL1PCT": 2000.0, "AOEGL_HS": 0.0, "AOEGL_NR": 2000.0, "E911ADDR": "171 N MAIN ST", "SHAPE_Length": 0.0012027716782231092, "SHAPE_Area": 6.597814281204406e-08}, "geometry": {"type": "MultiPolygon", "coordinates": [[[[-72.50268366599994, 44.19898785200007], [-72.50304601999994, 44.198779038000055], [-72.50306426499998, 44.19879066900006], [-72.50316299599996, 44.19886571300003], [-72.50317300199998, 44.19887331800004], [-72.50280652999999, 44.199092187000076], [-72.50279144599995, 44.19910120800006], [-72.50278026199999, 44.19909212400006], [-72.50266645899995, 44.19899968200008], [-72.50268366599994, 44.19898785200007]]]]}}, {"type": "Feature", "properties": {"OBJECTID": 4828, "SPAN": "036-011-10693", "GLIST_SPAN": "036-011-10693", "MAPID": "0685-0073.0000", "PARCID": "0685-0073-0000", "PROPTYPE": "PARCEL", "YEAR": 2023, "GLYEAR": 2022, "TOWN": "BARRE CITY", "TNAME": "Barre City", "SOURCENAME": null, "SOURCETYPE": "UNKNOWN", "SOURCEDATE": "UNKNOWN", "EDITMETHOD": "UNKNOWN", "EDITOR": "UNKNOWN", "EDITDATE": "UNKNOWN", "MATCHSTAT": "MATCH", "EDITNOTE": "UNKNOWN", "OWNER1": "CITY OF BARRE", "OWNER2": "", "ADDRGL1": "6 N MAIN ST", "ADDRGL2": "", "CITYGL": "BARRE", "STGL": "VT", "ZIPGL": "05641-4115", "DESCPROP": "PARK-LAVOIE-0.07AC", "LOCAPROP": "GRANITE ST  73", "CAT": "Miscellaneous", "RESCODE": "C", "ACRESGL": 0.07, "REAL_FLV": 4420, "HSTED_FLV": 0, "NRES_FLV": 4420, "LAND_LV": 4420, "IMPRV_LV": 0, "EQUIPVAL": 0, "EQUIPCODE": "", "INVENVAL": 0, "HSDECL": "N", "HSITEVAL": 0, "VETEXAMT": 0, "EXPDESC": "Statutory", "ENDDATE": "", "STATUTE": "", "EXAMT_HS": 0, "EXAMT_NR": 0, "UVREDUC_HS": 0, "UVREDUC_NR": 0, "GLVAL_HS": 0.0, "GLVAL_NR": 0.0, "CRHOUSPCT": 0.0, "MUNGL1PCT": 0.0, "AOEGL_HS": 0.0, "AOEGL_NR": 0.0, "E911ADDR": "73 GRANITE ST", "SHAPE_Length": 0.0007903695293554296, "SHAPE_Area": 3.7187104882895595e-08}, "geometry": {"type": "MultiPolygon", "coordinates": [[[[-72.50758771799997, 44.19806180000006], [-72.50761388899997, 44.197893331000046], [-72.50761623499994, 44.19789431500004], [-72.50785901799998, 44.19797642300006], [-72.50778632199996, 44.19811395800008], [-72.50767450899997, 44.19808457600004], [-72.50759983699999, 44.19806320600003], [-72.50758771799997, 44.19806180000006]]]]}}, {"type": "Feature", "properties": {"OBJECTID": 4847, "SPAN": "036-011-10260", "GLIST_SPAN": "036-011-10260", "MAPID": "1095-0224.0000", "PARCID": "1095-0224-0000", "PROPTYPE": "PARCEL", "YEAR": 2023, "GLYEAR": 2022, "TOWN": "BARRE CITY", "TNAME": "Barre City", "SOURCENAME": null, "SOURCETYPE": "UNKNOWN", "SOURCEDATE": "UNKNOWN", "EDITMETHOD": "UNKNOWN", "EDITOR": "UNKNOWN", "EDITDATE": "UNKNOWN", "MATCHSTAT": "MATCH", "EDITNOTE": "UNKNOWN", "OWNER1": "BENOIT PROPERTIES INC", "OWNER2": "", "ADDRGL1": "254 INDUSTRIAL LANE-BERLIN", "ADDRGL2": "", "CITYGL": "BARRE", "STGL": "VT", "ZIPGL": "05641", "DESCPROP": "RETAIL-0.14AC", "LOCAPROP": "N MAIN ST  224", "CAT": "Commercial", "RESCODE": "C", "ACRESGL": 0.14, "REAL_FLV": 418600, "HSTED_FLV": 0, "NRES_FLV": 418600, "LAND_LV": 85400, "IMPRV_LV": 333200, "EQUIPVAL": 0, "EQUIPCODE": "", "INVENVAL": 0, "HSDECL": "N", "HSITEVAL": 0, "VETEXAMT": 0, "EXPDESC": "", "ENDDATE": "", "STATUTE": "", "EXAMT_HS": 0, "EXAMT_NR": 0, "UVREDUC_HS": 0, "UVREDUC_NR": 0, "GLVAL_HS": 0.0, "GLVAL_NR": 4186.0, "CRHOUSPCT": 0.0, "MUNGL1PCT": 4186.0, "AOEGL_HS": 0.0, "AOEGL_NR": 4186.0, "E911ADDR": "224 N MAIN ST", "SHAPE_Length": 0.0010974923898860404, "SHAPE_Area": 6.481003167081322e-08}, "geometry": {"type": "MultiPolygon", "coordinates": [[[[-72.50405299799996, 44.199294992000034], [-72.50428234399999, 44.19914528400005], [-72.50437982099999, 44.199217529000066], [-72.50451235599996, 44.199267304000045], [-72.50423088799994, 44.19944084400004], [-72.50405299799996, 44.199294992000034]]]]}}, {"type": "Feature", "properties": {"OBJECTID": 5482, "SPAN": "036-011-11106", "GLIST_SPAN": "036-011-11106", "MAPID": "0685-0033.0000", "PARCID": "0685-0033-0000", "PROPTYPE": "PARCEL", "YEAR": 2023, "GLYEAR": 2022, "TOWN": "BARRE CITY", "TNAME": "Barre City", "SOURCENAME": null, "SOURCETYPE": "UNKNOWN", "SOURCEDATE": "UNKNOWN", "EDITMETHOD": "UNKNOWN", "EDITOR": "UNKNOWN", "EDITDATE": "UNKNOWN", "MATCHSTAT": "MATCH", "EDITNOTE": "UNKNOWN", "OWNER1": "MUNROE ADAM & KESSLER AGATHA", "OWNER2": "", "ADDRGL1": "35 BREER RD", "ADDRGL2": "", "CITYGL": "BARRE", "STGL": "VT", "ZIPGL": "05461-8675", "DESCPROP": "3 APTS-0.12AC", "LOCAPROP": "GRANITE ST  33", "CAT": "Residential-1", "RESCODE": "S", "ACRESGL": 0.12, "REAL_FLV": 179800, "HSTED_FLV": 0, "NRES_FLV": 179800, "LAND_LV": 18700, "IMPRV_LV": 161100, "EQUIPVAL": 0, "EQUIPCODE": "", "INVENVAL": 0, "HSDECL": "N", "HSITEVAL": 0, "VETEXAMT": 0, "EXPDESC": "", "ENDDATE": "", "STATUTE": "", "EXAMT_HS": 0, "EXAMT_NR": 0, "UVREDUC_HS": 0, "UVREDUC_NR": 0, "GLVAL_HS": 0.0, "GLVAL_NR": 1798.0, "CRHOUSPCT": 0.0, "MUNGL1PCT": 1798.0, "AOEGL_HS": 0.0, "AOEGL_NR": 1798.0, "E911ADDR": "33 GRANITE ST", "SHAPE_Length": 0.0010807335817415763, "SHAPE_Area": 4.61884197681526e-08}, "geometry": {"type": "MultiPolygon", "coordinates": [[[[-72.50649019199994, 44.19938132400006], [-72.50658813599995, 44.19932242300007], [-72.50687918399996, 44.199570797000035], [-72.50672482299996, 44.19966052900003], [-72.50666671299996, 44.199593606000064], [-72.50669427299994, 44.19954871500005], [-72.50652211799996, 44.19940741900007], [-72.50650325199996, 44.19939280500006], [-72.50649019199994, 44.19938132400006]]]]}}, {"type": "Feature", "properties": {"OBJECTID": 5527, "SPAN": "036-011-10754", "GLIST_SPAN": "036-011-10754", "MAPID": "1590-VL00.0001", "PARCID": "1590-VL00-0001", "PROPTYPE": "PARCEL", "YEAR": 2023, "GLYEAR": 2022, "TOWN": "BARRE CITY", "TNAME": "Barre City", "SOURCENAME": null, "SOURCETYPE": "UNKNOWN", "SOURCEDATE": "UNKNOWN", "EDITMETHOD": "UNKNOWN", "EDITOR": "UNKNOWN", "EDITDATE": "UNKNOWN", "MATCHSTAT": "MATCH", "EDITNOTE": "UNKNOWN", "OWNER1": "CITY OF BARRE", "OWNER2": "", "ADDRGL1": "6 N MAIN ST", "ADDRGL2": "", "CITYGL": "BARRE", "STGL": "VT", "ZIPGL": "05641-4115", "DESCPROP": "VAC LAND-0.03AC", "LOCAPROP": "WILLIAMS LN RDWAY", "CAT": "Miscellaneous", "RESCODE": "C", "ACRESGL": 0.03, "REAL_FLV": 420, "HSTED_FLV": 0, "NRES_FLV": 420, "LAND_LV": 420, "IMPRV_LV": 0, "EQUIPVAL": 0, "EQUIPCODE": "", "INVENVAL": 0, "HSDECL": "N", "HSITEVAL": 0, "VETEXAMT": 0, "EXPDESC": "Statutory", "ENDDATE": "", "STATUTE": "", "EXAMT_HS": 0, "EXAMT_NR": 0, "UVREDUC_HS": 0, "UVREDUC_NR": 0, "GLVAL_HS": 0.0, "GLVAL_NR": 0.0, "CRHOUSPCT": 0.0, "MUNGL1PCT": 0.0, "AOEGL_HS": 0.0, "AOEGL_NR": 0.0, "E911ADDR": "WILLIAMS LN", "SHAPE_Length": 0.0008754200396460497, "SHAPE_Area": 1.8685491759264375e-08}, "geometry": {"type": "MultiPolygon", "coordinates": [[[[-72.50561677499996, 44.19799626100007], [-72.50581715999994, 44.19766810800007], [-72.50584175299997, 44.19767378100005], [-72.50586011599995, 44.19767794900008], [-72.50566626399996, 44.19801907500005], [-72.50561677499996, 44.19799626100007]]]]}}, {"type": "Feature", "properties": {"OBJECTID": 5572, "SPAN": "036-011-10340", "GLIST_SPAN": "036-011-10340", "MAPID": "1265-0001.0000", "PARCID": "1265-0001-0000", "PROPTYPE": "PARCEL", "YEAR": 2023, "GLYEAR": 2022, "TOWN": "BARRE CITY", "TNAME": "Barre City", "SOURCENAME": null, "SOURCETYPE": "UNKNOWN", "SOURCEDATE": "UNKNOWN", "EDITMETHOD": "UNKNOWN", "EDITOR": "UNKNOWN", "EDITDATE": "UNKNOWN", "MATCHSTAT": "MATCH", "EDITNOTE": "UNKNOWN", "OWNER1": "SCOTT LINDSAY", "OWNER2": "", "ADDRGL1": "1 RIVER ST", "ADDRGL2": "", "CITYGL": "BARRE", "STGL": "VT", "ZIPGL": "05641", "DESCPROP": "1 FAM-0.14AC", "LOCAPROP": "RIVER ST   1", "CAT": "Residential-1", "RESCODE": "T", "ACRESGL": 0.14, "REAL_FLV": 100400, "HSTED_FLV": 100400, "NRES_FLV": 0, "LAND_LV": 15700, "IMPRV_LV": 84700, "EQUIPVAL": 0, "EQUIPCODE": "", "INVENVAL": 0, "HSDECL": "Y", "HSITEVAL": 100400, "VETEXAMT": 0, "EXPDESC": "", "ENDDATE": "", "STATUTE": "", "EXAMT_HS": 0, "EXAMT_NR": 0, "UVREDUC_HS": 0, "UVREDUC_NR": 0, "GLVAL_HS": 1004.0, "GLVAL_NR": 0.0, "CRHOUSPCT": 0.0, "MUNGL1PCT": 1004.0, "AOEGL_HS": 1004.0, "AOEGL_NR": 0.0, "E911ADDR": "1 RIVER ST", "SHAPE_Length": 0.0014373244470493468, "SHAPE_Area": 6.380055744540141e-08}, "geometry": {"type": "MultiPolygon", "coordinates": [[[[-72.50788718499996, 44.19812548200008], [-72.50783597099996, 44.19811789200003], [-72.50780117799997, 44.19811789500005], [-72.50778632199996, 44.19811395800008], [-72.50785901799998, 44.19797642300006], [-72.50761623499994, 44.19789431500004], [-72.50761388899997, 44.197893331000046], [-72.50762326299997, 44.197831878000045], [-72.50782341699994, 44.19778813100004], [-72.50782419999996, 44.19779488100005], [-72.50787504199997, 44.19795378100008], [-72.50793876699998, 44.19796530900004], [-72.50806934399998, 44.19798892400007], [-72.50803885999994, 44.19805726900006], [-72.50800173099998, 44.198140661000025], [-72.50800094999994, 44.19814206800004], [-72.50799547599996, 44.19814108400004], [-72.50794308899998, 44.19813054100007], [-72.50788718499996, 44.19812548200008]]]]}}, {"type": "Feature", "properties": {"OBJECTID": 5601, "SPAN": "036-011-10351", "GLIST_SPAN": "036-011-10351", "MAPID": "1095-0200.0000", "PARCID": "1095-0200-0000", "PROPTYPE": "PARCEL", "YEAR": 2023, "GLYEAR": 2022, "TOWN": "BARRE CITY", "TNAME": "Barre City", "SOURCENAME": null, "SOURCETYPE": "UNKNOWN", "SOURCEDATE": "UNKNOWN", "EDITMETHOD": "UNKNOWN", "EDITOR": "UNKNOWN", "EDITDATE": "UNKNOWN", "MATCHSTAT": "MATCH", "EDITNOTE": "UNKNOWN", "OWNER1": "BOISVERT KARL & MARY ELLEN - LIFE ESTATE", "OWNER2": "BOISVERT ROSS & BOISVERT MEGAN", "ADDRGL1": "200 N MAIN ST", "ADDRGL2": "", "CITYGL": "BARRE", "STGL": "VT", "ZIPGL": "05641", "DESCPROP": "RETAIL-0.05AC", "LOCAPROP": "N MAIN ST  200", "CAT": "Commercial", "RESCODE": "T", "ACRESGL": 0.05, "REAL_FLV": 198400, "HSTED_FLV": 0, "NRES_FLV": 198400, "LAND_LV": 33800, "IMPRV_LV": 164600, "EQUIPVAL": 0, "EQUIPCODE": "", "INVENVAL": 0, "HSDECL": "N", "HSITEVAL": 0, "VETEXAMT": 0, "EXPDESC": "", "ENDDATE": "", "STATUTE": "", "EXAMT_HS": 0, "EXAMT_NR": 0, "UVREDUC_HS": 0, "UVREDUC_NR": 0, "GLVAL_HS": 0.0, "GLVAL_NR": 1984.0, "CRHOUSPCT": 0.0, "MUNGL1PCT": 1984.0, "AOEGL_HS": 0.0, "AOEGL_NR": 1984.0, "E911ADDR": "200 N MAIN ST", "SHAPE_Length": 0.0008196045802191282, "SHAPE_Area": 2.5778734347377347e-08}, "geometry": {"type": "MultiPolygon", "coordinates": [[[[-72.50348943399996, 44.19885676900003], [-72.50371226599998, 44.19870547600004], [-72.50377071299994, 44.19875853900004], [-72.50366578299997, 44.19882098700003], [-72.50364786099993, 44.19883130200003], [-72.50366339499993, 44.19884419500005], [-72.50367056299996, 44.19883817700003], [-72.50370063399998, 44.19886167300007], [-72.50359229899993, 44.19893566600007], [-72.50348943399996, 44.19885676900003]]]]}}, {"type": "Feature", "properties": {"OBJECTID": 5835, "SPAN": "036-011-11261", "GLIST_SPAN": "036-011-11261", "MAPID": "0685-0027.0000", "PARCID": "0685-0027-0000", "PROPTYPE": "PARCEL", "YEAR": 2023, "GLYEAR": 2022, "TOWN": "BARRE CITY", "TNAME": "Barre City", "SOURCENAME": null, "SOURCETYPE": "UNKNOWN", "SOURCEDATE": "UNKNOWN", "EDITMETHOD": "UNKNOWN", "EDITOR": "UNKNOWN", "EDITDATE": "UNKNOWN", "MATCHSTAT": "MATCH", "EDITNOTE": "UNKNOWN", "OWNER1": "HARRY AND LLOYDS LLC", "OWNER2": "", "ADDRGL1": "15 W PATTERSON ST", "ADDRGL2": "", "CITYGL": "BARRE", "STGL": "VT", "ZIPGL": "05641", "DESCPROP": "2 APTS/RETAIL-0.11AC", "LOCAPROP": "GRANITE ST  27", "CAT": "Commercial", "RESCODE": "C", "ACRESGL": 0.11, "REAL_FLV": 99250, "HSTED_FLV": 0, "NRES_FLV": 99250, "LAND_LV": 9580, "IMPRV_LV": 89670, "EQUIPVAL": 0, "EQUIPCODE": "", "INVENVAL": 0, "HSDECL": "N", "HSITEVAL": 0, "VETEXAMT": 0, "EXPDESC": "", "ENDDATE": "", "STATUTE": "", "EXAMT_HS": 0, "EXAMT_NR": 0, "UVREDUC_HS": 0, "UVREDUC_NR": 0, "GLVAL_HS": 0.0, "GLVAL_NR": 992.5, "CRHOUSPCT": 0.0, "MUNGL1PCT": 992.5, "AOEGL_HS": 0.0, "AOEGL_NR": 992.5, "E911ADDR": "27 GRANITE ST", "SHAPE_Length": 0.0009171144804943151, "SHAPE_Area": 4.685219433099985e-08}, "geometry": {"type": "MultiPolygon", "coordinates": [[[[-72.50641471499995, 44.199727678000045], [-72.50635460199999, 44.19968039100007], [-72.50634470699998, 44.19968565500005], [-72.50618808399997, 44.19956299800003], [-72.50635209599994, 44.199464368000065], [-72.50655816299997, 44.19964134700007], [-72.50641555199996, 44.19972678500005], [-72.50641471499995, 44.199727678000045]]]]}}, {"type": "Feature", "properties": {"OBJECTID": 5837, "SPAN": "036-011-11262", "GLIST_SPAN": "036-011-11262", "MAPID": "0685-0045.0000", "PARCID": "0685-0045-0000", "PROPTYPE": "PARCEL", "YEAR": 2023, "GLYEAR": 2022, "TOWN": "BARRE CITY", "TNAME": "Barre City", "SOURCENAME": null, "SOURCETYPE": "UNKNOWN", "SOURCEDATE": "UNKNOWN", "EDITMETHOD": "UNKNOWN", "EDITOR": "UNKNOWN", "EDITDATE": "UNKNOWN", "MATCHSTAT": "MATCH", "EDITNOTE": "UNKNOWN", "OWNER1": "TAYLOR THERESE", "OWNER2": "", "ADDRGL1": "45 GRANITE ST APT 2", "ADDRGL2": "", "CITYGL": "BARRE", "STGL": "VT", "ZIPGL": "05641", "DESCPROP": "3 APTS-0.20AC", "LOCAPROP": "GRANITE ST  45", "CAT": "Residential-1", "RESCODE": "T", "ACRESGL": 0.2, "REAL_FLV": 160300, "HSTED_FLV": 77400, "NRES_FLV": 82900, "LAND_LV": 22000, "IMPRV_LV": 138300, "EQUIPVAL": 0, "EQUIPCODE": "", "INVENVAL": 0, "HSDECL": "Y", "HSITEVAL": 77400, "VETEXAMT": 0, "EXPDESC": "", "ENDDATE": "", "STATUTE": "", "EXAMT_HS": 0, "EXAMT_NR": 0, "UVREDUC_HS": 0, "UVREDUC_NR": 0, "GLVAL_HS": 774.0, "GLVAL_NR": 829.0, "CRHOUSPCT": 0.0, "MUNGL1PCT": 1603.0, "AOEGL_HS": 774.0, "AOEGL_NR": 829.0, "E911ADDR": "45 GRANITE ST", "SHAPE_Length": 0.0013212705301022705, "SHAPE_Area": 9.116454400809217e-08}, "geometry": {"type": "MultiPolygon", "coordinates": [[[[-72.50694279299995, 44.19910063000003], [-72.50694389299997, 44.199099948000026], [-72.50722664799997, 44.19933995200006], [-72.50728451399993, 44.19938719800007], [-72.50709786799996, 44.199500690000036], [-72.50676257999999, 44.19921482600006], [-72.50676140799999, 44.199214263000044], [-72.50692324799996, 44.19911286400003], [-72.50693731799998, 44.199104143000056], [-72.50694279299995, 44.19910063000003]]]]}}, {"type": "Feature", "properties": {"OBJECTID": 6002, "SPAN": "036-011-11268", "GLIST_SPAN": "036-011-11268", "MAPID": "0642-0020.0000", "PARCID": "0642-0020-0000", "PROPTYPE": "PARCEL", "YEAR": 2023, "GLYEAR": 2022, "TOWN": "BARRE CITY", "TNAME": "Barre City", "SOURCENAME": null, "SOURCETYPE": "UNKNOWN", "SOURCEDATE": "UNKNOWN", "EDITMETHOD": "UNKNOWN", "EDITOR": "UNKNOWN", "EDITDATE": "UNKNOWN", "MATCHSTAT": "MATCH", "EDITNOTE": "UNKNOWN", "OWNER1": "CAPSTONE COMMUNITY ACTION INC", "OWNER2": "ATTN: DAVE FOWLER", "ADDRGL1": "20 GABLE PL", "ADDRGL2": "", "CITYGL": "BARRE", "STGL": "VT", "ZIPGL": "05641", "DESCPROP": "COMMUNITY ACTION BLDG-2.04AC", "LOCAPROP": "GABLE PL  20", "CAT": "Commercial", "RESCODE": "C", "ACRESGL": 2.04, "REAL_FLV": 3416400, "HSTED_FLV": 0, "NRES_FLV": 3416400, "LAND_LV": 358100, "IMPRV_LV": 3058300, "EQUIPVAL": 0, "EQUIPCODE": "", "INVENVAL": 0, "HSDECL": "N", "HSITEVAL": 0, "VETEXAMT": 0, "EXPDESC": "Statutory", "ENDDATE": "", "STATUTE": "", "EXAMT_HS": 0, "EXAMT_NR": 0, "UVREDUC_HS": 0, "UVREDUC_NR": 0, "GLVAL_HS": 0.0, "GLVAL_NR": 0.0, "CRHOUSPCT": 0.0, "MUNGL1PCT": 0.0, "AOEGL_HS": 0.0, "AOEGL_NR": 0.0, "E911ADDR": "20 GABLE PL", "SHAPE_Length": 0.005553580424041474, "SHAPE_Area": 9.02089349315666e-07}, "geometry": {"type": "MultiPolygon", "coordinates": [[[[-72.50714156999999, 44.200389521000034], [-72.50612767799998, 44.199599324000076], [-72.50618808399997, 44.19956299800003], [-72.50634470699998, 44.19968565500005], [-72.50635460199999, 44.19968039100007], [-72.50641471499995, 44.199727678000045], [-72.50641555199996, 44.19972678500005], [-72.50655816299997, 44.19964134700007], [-72.50663849599994, 44.19971071200007], [-72.50672482299996, 44.19966052900003], [-72.50687918399996, 44.199570797000035], [-72.50697142499996, 44.19964761600005], [-72.50714687799996, 44.19954247700008], [-72.50709786799996, 44.199500690000036], [-72.50728451399993, 44.19938719800007], [-72.50722664799997, 44.19933995200006], [-72.50694389299997, 44.199099948000026], [-72.50699556899997, 44.19906786000007], [-72.50699673999998, 44.19906701600007], [-72.50699962399995, 44.19906522900004], [-72.50710043699996, 44.199148482000055], [-72.50720967999996, 44.199236400000075], [-72.50724750999996, 44.19926840100004], [-72.50731878699997, 44.19931265800005], [-72.50750557999999, 44.199428639000075], [-72.50789222499998, 44.199556521000034], [-72.50780071399998, 44.19975823500005], [-72.50775891499995, 44.20001006600006], [-72.50775548699994, 44.20003071600007], [-72.50714156999999, 44.200389521000034]]]]}}, {"type": "Feature", "properties": {"OBJECTID": 6029, "SPAN": "036-011-11298", "GLIST_SPAN": "036-011-11298", "MAPID": "1590-0033.0000", "PARCID": "1590-0033-0000", "PROPTYPE": "PARCEL", "YEAR": 2023, "GLYEAR": 2022, "TOWN": "BARRE CITY", "TNAME": "Barre City", "SOURCENAME": null, "SOURCETYPE": "UNKNOWN", "SOURCEDATE": "UNKNOWN", "EDITMETHOD": "UNKNOWN", "EDITOR": "UNKNOWN", "EDITDATE": "UNKNOWN", "MATCHSTAT": "MATCH", "EDITNOTE": "UNKNOWN", "OWNER1": "GAS COMPANY OF VERMONT INC", "OWNER2": "C/O FRANK STARK", "ADDRGL1": "232 E 63RD ST", "ADDRGL2": "", "CITYGL": "NEW YORK", "STGL": "NY", "ZIPGL": "10021", "DESCPROP": "FRMER GAS PLNT-0.87AC", "LOCAPROP": "WILLIAMS LN  33", "CAT": "Commercial", "RESCODE": "C", "ACRESGL": 0.87, "REAL_FLV": 100, "HSTED_FLV": 0, "NRES_FLV": 100, "LAND_LV": 100, "IMPRV_LV": 0, "EQUIPVAL": 0, "EQUIPCODE": "", "INVENVAL": 0, "HSDECL": "N", "HSITEVAL": 0, "VETEXAMT": 0, "EXPDESC": "", "ENDDATE": "", "STATUTE": "", "EXAMT_HS": 0, "EXAMT_NR": 0, "UVREDUC_HS": 0, "UVREDUC_NR": 0, "GLVAL_HS": 0.0, "GLVAL_NR": 1.0, "CRHOUSPCT": 0.0, "MUNGL1PCT": 1.0, "AOEGL_HS": 0.0, "AOEGL_NR": 1.0, "E911ADDR": "33 WILLIAMS LN", "SHAPE_Length": 0.002668981686954428, "SHAPE_Area": 4.0172704861475917e-07}, "geometry": {"type": "MultiPolygon", "coordinates": [[[[-72.50566626399996, 44.19801907500005], [-72.50586011599995, 44.19767794900008], [-72.50588944799995, 44.19768460600005], [-72.50593518799997, 44.19769515100006], [-72.50600008499998, 44.19771230400005], [-72.50608531099994, 44.197732408000036], [-72.50614981799998, 44.19775378000003], [-72.50617991999997, 44.19776348200003], [-72.50623660799994, 44.19778119700004], [-72.50627413899997, 44.197792023000034], [-72.50630697899999, 44.19780074000005], [-72.50633473499994, 44.197804535000046], [-72.50635936499998, 44.19780594000008], [-72.50637734799994, 44.19780692300003], [-72.50640236799995, 44.19780776500005], [-72.50644067999997, 44.19780860700007], [-72.50648407299997, 44.197811417000025], [-72.50652746799994, 44.19781296200006], [-72.50657086199993, 44.19782153700004], [-72.50659314699993, 44.19782786400003], [-72.50660761099994, 44.197831378000046], [-72.50660409499994, 44.197841363000066], [-72.50657557499994, 44.19801841000003], [-72.50657518499997, 44.198020238000026], [-72.50653572699997, 44.19826070700003], [-72.50652556899996, 44.19832511300007], [-72.50648858699998, 44.198413807000065], [-72.50566589399995, 44.198019577000025], [-72.50566626399996, 44.19801907500005]]]]}}, {"type": "Feature", "properties": {"OBJECTID": 6107, "SPAN": "036-011-11377", "GLIST_SPAN": "036-011-11377", "MAPID": "1095-0136.0000", "PARCID": "1095-0136-0000", "PROPTYPE": "PARCEL", "YEAR": 2023, "GLYEAR": 2022, "TOWN": "BARRE CITY", "TNAME": "Barre City", "SOURCENAME": null, "SOURCETYPE": "UNKNOWN", "SOURCEDATE": "UNKNOWN", "EDITMETHOD": "UNKNOWN", "EDITOR": "UNKNOWN", "EDITDATE": "UNKNOWN", "MATCHSTAT": "MATCH", "EDITNOTE": "UNKNOWN", "OWNER1": "ROCK SOLID PROPERTIES LLC", "OWNER2": "", "ADDRGL1": "136 N MAIN ST    STE 8", "ADDRGL2": "", "CITYGL": "BARRE", "STGL": "VT", "ZIPGL": "05641", "DESCPROP": "RETAIL-0.16AC", "LOCAPROP": "N MAIN ST  136", "CAT": "Commercial", "RESCODE": "C", "ACRESGL": 0.16, "REAL_FLV": 321600, "HSTED_FLV": 0, "NRES_FLV": 321600, "LAND_LV": 96200, "IMPRV_LV": 225400, "EQUIPVAL": 0, "EQUIPCODE": "", "INVENVAL": 0, "HSDECL": "N", "HSITEVAL": 0, "VETEXAMT": 0, "EXPDESC": "", "ENDDATE": "", "STATUTE": "", "EXAMT_HS": 0, "EXAMT_NR": 0, "UVREDUC_HS": 0, "UVREDUC_NR": 0, "GLVAL_HS": 0.0, "GLVAL_NR": 3216.0, "CRHOUSPCT": 0.0, "MUNGL1PCT": 3216.0, "AOEGL_HS": 0.0, "AOEGL_NR": 3216.0, "E911ADDR": "136 N MAIN ST", "SHAPE_Length": 0.0011419118644515139, "SHAPE_Area": 4.979046076727237e-08}, "geometry": {"type": "MultiPolygon", "coordinates": [[[[-72.50276279399998, 44.19829975500005], [-72.50265254599998, 44.19821707300008], [-72.50267046699997, 44.198219651000045], [-72.50267597799996, 44.19821600900008], [-72.50298004999996, 44.19801247400005], [-72.50300807499997, 44.197993309000026], [-72.50304833699994, 44.19801524800005], [-72.50311722599997, 44.19804385600003], [-72.50313050799997, 44.19805098000006], [-72.50309938499998, 44.198070114000075], [-72.50309742399998, 44.19807109100003], [-72.50276814999995, 44.198296096000036], [-72.50276279399998, 44.19829975500005]]]]}}, {"type": "Feature", "properties": {"OBJECTID": 6314, "SPAN": "036-011-11593", "GLIST_SPAN": "036-011-11593", "MAPID": "1095-0240.0000", "PARCID": "1095-0240-0000", "PROPTYPE": "PARCEL", "YEAR": 2023, "GLYEAR": 2022, "TOWN": "BARRE CITY", "TNAME": "Barre City", "SOURCENAME": null, "SOURCETYPE": "UNKNOWN", "SOURCEDATE": "UNKNOWN", "EDITMETHOD": "UNKNOWN", "EDITOR": "UNKNOWN", "EDITDATE": "UNKNOWN", "MATCHSTAT": "MATCH", "EDITNOTE": "UNKNOWN", "OWNER1": "240 NO MAIN LLC", "OWNER2": "C/O MANRIQUEZ ELIZABETH", "ADDRGL1": "115 ORANGE ST", "ADDRGL2": "", "CITYGL": "BARRE", "STGL": "VT", "ZIPGL": "05641", "DESCPROP": "FORMER DINER-0.05AC", "LOCAPROP": "N MAIN ST  240", "CAT": "Commercial", "RESCODE": "C", "ACRESGL": 0.05, "REAL_FLV": 29300, "HSTED_FLV": 0, "NRES_FLV": 29300, "LAND_LV": 29300, "IMPRV_LV": 0, "EQUIPVAL": 0, "EQUIPCODE": "", "INVENVAL": 0, "HSDECL": "N", "HSITEVAL": 29300, "VETEXAMT": 0, "EXPDESC": "", "ENDDATE": "", "STATUTE": "", "EXAMT_HS": 0, "EXAMT_NR": 0, "UVREDUC_HS": 0, "UVREDUC_NR": 0, "GLVAL_HS": 0.0, "GLVAL_NR": 293.0, "CRHOUSPCT": 0.0, "MUNGL1PCT": 293.0, "AOEGL_HS": 0.0, "AOEGL_NR": 293.0, "E911ADDR": "240 N MAIN ST", "SHAPE_Length": 0.000875300946022167, "SHAPE_Area": 2.5517744271024942e-08}, "geometry": {"type": "MultiPolygon", "coordinates": [[[[-72.50423088799994, 44.19944084400004], [-72.50451235599996, 44.199267304000045], [-72.50460265799995, 44.19928225500007], [-72.50430985399998, 44.19949096400006], [-72.50423088799994, 44.19944084400004]]]]}}, {"type": "Feature", "properties": {"OBJECTID": 6562, "SPAN": "036-011-11844", "GLIST_SPAN": "036-011-11844", "MAPID": "1265-0005.0000", "PARCID": "1265-0005-0000", "PROPTYPE": "PARCEL", "YEAR": 2023, "GLYEAR": 2022, "TOWN": "BARRE CITY", "TNAME": "Barre City", "SOURCENAME": null, "SOURCETYPE": "UNKNOWN", "SOURCEDATE": "UNKNOWN", "EDITMETHOD": "UNKNOWN", "EDITOR": "UNKNOWN", "EDITDATE": "UNKNOWN", "MATCHSTAT": "MATCH", "EDITNOTE": "UNKNOWN", "OWNER1": "WEST AMY", "OWNER2": "", "ADDRGL1": "5 RIVER ST", "ADDRGL2": "", "CITYGL": "BARRE", "STGL": "VT", "ZIPGL": "05641", "DESCPROP": "1 FAM-0.04AC", "LOCAPROP": "RIVER ST   5", "CAT": "Residential-1", "RESCODE": "T", "ACRESGL": 0.04, "REAL_FLV": 58500, "HSTED_FLV": 58500, "NRES_FLV": 0, "LAND_LV": 3990, "IMPRV_LV": 54510, "EQUIPVAL": 0, "EQUIPCODE": "", "INVENVAL": 0, "HSDECL": "Y", "HSITEVAL": 58500, "VETEXAMT": 0, "EXPDESC": "", "ENDDATE": "", "STATUTE": "", "EXAMT_HS": 0, "EXAMT_NR": 0, "UVREDUC_HS": 0, "UVREDUC_NR": 0, "GLVAL_HS": 585.0, "GLVAL_NR": 0.0, "CRHOUSPCT": 0.0, "MUNGL1PCT": 585.0, "AOEGL_HS": 585.0, "AOEGL_NR": 0.0, "E911ADDR": "5 RIVER ST", "SHAPE_Length": 0.0005987064773823026, "SHAPE_Area": 2.035203161690611e-08}, "geometry": {"type": "MultiPolygon", "coordinates": [[[[-72.50782341699994, 44.19778813100004], [-72.507988, 44.19777630700003], [-72.50793876699998, 44.19796530900004], [-72.50787504199997, 44.19795378100008], [-72.50782419999996, 44.19779488100005], [-72.50782341699994, 44.19778813100004]]]]}}, {"type": "Feature", "properties": {"OBJECTID": 6563, "SPAN": "036-011-11845", "GLIST_SPAN": "036-011-11845", "MAPID": "0685-0047.0000", "PARCID": "0685-0047-0000", "PROPTYPE": "PARCEL", "YEAR": 2023, "GLYEAR": 2022, "TOWN": "BARRE CITY", "TNAME": "Barre City", "SOURCENAME": null, "SOURCETYPE": "UNKNOWN", "SOURCEDATE": "UNKNOWN", "EDITMETHOD": "UNKNOWN", "EDITOR": "UNKNOWN", "EDITDATE": "UNKNOWN", "MATCHSTAT": "MATCH", "EDITNOTE": "UNKNOWN", "OWNER1": "KISH JOHN & PAMELA", "OWNER2": "", "ADDRGL1": "34 BEACON ST", "ADDRGL2": "", "CITYGL": "BARRE", "STGL": "VT", "ZIPGL": "05641", "DESCPROP": "3 APTS-0.13AC", "LOCAPROP": "GRANITE ST  47", "CAT": "Residential-1", "RESCODE": "T", "ACRESGL": 0.13, "REAL_FLV": 72400, "HSTED_FLV": 0, "NRES_FLV": 72400, "LAND_LV": 13800, "IMPRV_LV": 58600, "EQUIPVAL": 0, "EQUIPCODE": "", "INVENVAL": 0, "HSDECL": "N", "HSITEVAL": 0, "VETEXAMT": 0, "EXPDESC": "", "ENDDATE": "", "STATUTE": "", "EXAMT_HS": 0, "EXAMT_NR": 0, "UVREDUC_HS": 0, "UVREDUC_NR": 0, "GLVAL_HS": 0.0, "GLVAL_NR": 724.0, "CRHOUSPCT": 0.0, "MUNGL1PCT": 724.0, "AOEGL_HS": 0.0, "AOEGL_NR": 724.0, "E911ADDR": "47 GRANITE ST", "SHAPE_Length": 0.0009651137612847576, "SHAPE_Area": 5.458095374916688e-08}, "geometry": {"type": "MultiPolygon", "coordinates": [[[[-72.50699962399995, 44.19906522900004], [-72.50718203299994, 44.19895225500005], [-72.50718320599998, 44.19895310000004], [-72.50738847299993, 44.19912253800004], [-72.50720967999996, 44.199236400000075], [-72.50710043699996, 44.199148482000055], [-72.50699962399995, 44.19906522900004]]]]}}, {"type": "Feature", "properties": {"OBJECTID": 6633, "SPAN": "036-011-11920", "GLIST_SPAN": "036-011-11920", "MAPID": "1095-0276.0000", "PARCID": "1095-0276-0000", "PROPTYPE": "PARCEL", "YEAR": 2023, "GLYEAR": 2022, "TOWN": "BARRE CITY", "TNAME": "Barre City", "SOURCENAME": null, "SOURCETYPE": "UNKNOWN", "SOURCEDATE": "UNKNOWN", "EDITMETHOD": "UNKNOWN", "EDITOR": "UNKNOWN", "EDITDATE": "UNKNOWN", "MATCHSTAT": "MATCH", "EDITNOTE": "UNKNOWN", "OWNER1": "ZHANG & JIANG LLC", "OWNER2": "", "ADDRGL1": "173 DAY LANE", "ADDRGL2": "", "CITYGL": "WILLISTON", "STGL": "VT", "ZIPGL": "05495", "DESCPROP": "RESTAURANT-0.17AC", "LOCAPROP": "N MAIN ST  276", "CAT": "Commercial", "RESCODE": "C", "ACRESGL": 0.17, "REAL_FLV": 394800, "HSTED_FLV": 0, "NRES_FLV": 394800, "LAND_LV": 63500, "IMPRV_LV": 331300, "EQUIPVAL": 0, "EQUIPCODE": "", "INVENVAL": 0, "HSDECL": "N", "HSITEVAL": 0, "VETEXAMT": 0, "EXPDESC": "", "ENDDATE": "", "STATUTE": "", "EXAMT_HS": 0, "EXAMT_NR": 0, "UVREDUC_HS": 0, "UVREDUC_NR": 0, "GLVAL_HS": 0.0, "GLVAL_NR": 3948.0, "CRHOUSPCT": 0.0, "MUNGL1PCT": 3948.0, "AOEGL_HS": 0.0, "AOEGL_NR": 3948.0, "E911ADDR": "276 N MAIN ST", "SHAPE_Length": 0.0011900572161994464, "SHAPE_Area": 8.259008699049838e-08}, "geometry": {"type": "MultiPolygon", "coordinates": [[[[-72.50464257899995, 44.19974401300004], [-72.50492404499994, 44.19955683100005], [-72.50510677099999, 44.19968645700004], [-72.50512265899994, 44.19969772800005], [-72.50485214099996, 44.199907831000075], [-72.50483698999994, 44.19989598800004], [-72.50464257899995, 44.19974401300004]]]]}}, {"type": "Feature", "properties": {"OBJECTID": 6664, "SPAN": "036-011-11953", "GLIST_SPAN": "036-011-11953", "MAPID": "0685-0044.0000", "PARCID": "0685-0044-0000", "PROPTYPE": "PARCEL", "YEAR": 2023, "GLYEAR": 2022, "TOWN": "BARRE CITY", "TNAME": "Barre City", "SOURCENAME": null, "SOURCETYPE": "UNKNOWN", "SOURCEDATE": "UNKNOWN", "EDITMETHOD": "UNKNOWN", "EDITOR": "UNKNOWN", "EDITDATE": "UNKNOWN", "MATCHSTAT": "MATCH", "EDITNOTE": "UNKNOWN", "OWNER1": "44 GRANITE STREET LLC", "OWNER2": "", "ADDRGL1": "4 BLACKWELL ST", "ADDRGL2": "", "CITYGL": "BARRE", "STGL": "VT", "ZIPGL": "05641-4001", "DESCPROP": "11 APTS-0.26AC", "LOCAPROP": "GRANITE ST  44", "CAT": "Commercial Apt", "RESCODE": "C", "ACRESGL": 0.26, "REAL_FLV": 303600, "HSTED_FLV": 0, "NRES_FLV": 303600, "LAND_LV": 37100, "IMPRV_LV": 266500, "EQUIPVAL": 0, "EQUIPCODE": "", "INVENVAL": 0, "HSDECL": "N", "HSITEVAL": 0, "VETEXAMT": 0, "EXPDESC": "", "ENDDATE": "", "STATUTE": "", "EXAMT_HS": 0, "EXAMT_NR": 0, "UVREDUC_HS": 0, "UVREDUC_NR": 0, "GLVAL_HS": 0.0, "GLVAL_NR": 3036.0, "CRHOUSPCT": 0.0, "MUNGL1PCT": 3036.0, "AOEGL_HS": 0.0, "AOEGL_NR": 3036.0, "E911ADDR": "44 GRANITE ST", "SHAPE_Length": 0.0015355209630908858, "SHAPE_Area": 1.1943571699124043e-07}, "geometry": {"type": "MultiPolygon", "coordinates": [[[[-72.50634645099996, 44.19871370200008], [-72.50639060099996, 44.198620549000054], [-72.50686224599997, 44.19899319700005], [-72.50667460599993, 44.199107394000066], [-72.50665424499994, 44.199119806000056], [-72.50629429899993, 44.19882374000008], [-72.50634645099996, 44.19871370200008]]]]}}, {"type": "Feature", "properties": {"OBJECTID": 6817, "SPAN": "036-011-12108", "GLIST_SPAN": "036-011-12108", "MAPID": "0685-0065.0000", "PARCID": "0685-0065-0000", "PROPTYPE": "PARCEL", "YEAR": 2023, "GLYEAR": 2022, "TOWN": "BARRE CITY", "TNAME": "Barre City", "SOURCENAME": null, "SOURCETYPE": "UNKNOWN", "SOURCEDATE": "UNKNOWN", "EDITMETHOD": "UNKNOWN", "EDITOR": "UNKNOWN", "EDITDATE": "UNKNOWN", "MATCHSTAT": "MATCH", "EDITNOTE": "UNKNOWN", "OWNER1": "AIRGAS USA LLC", "OWNER2": "", "ADDRGL1": "PO BOX 3064", "ADDRGL2": "", "CITYGL": "TULSA", "STGL": "OK", "ZIPGL": "74101-3064", "DESCPROP": "COMMERCIAL-0.29AC", "LOCAPROP": "GRANITE ST  65", "CAT": "Commercial", "RESCODE": "C", "ACRESGL": 0.29, "REAL_FLV": 334400, "HSTED_FLV": 0, "NRES_FLV": 334400, "LAND_LV": 44100, "IMPRV_LV": 290300, "EQUIPVAL": 0, "EQUIPCODE": "", "INVENVAL": 0, "HSDECL": "N", "HSITEVAL": 0, "VETEXAMT": 0, "EXPDESC": "", "ENDDATE": "", "STATUTE": "", "EXAMT_HS": 0, "EXAMT_NR": 0, "UVREDUC_HS": 0, "UVREDUC_NR": 0, "GLVAL_HS": 0.0, "GLVAL_NR": 3344.0, "CRHOUSPCT": 0.0, "MUNGL1PCT": 3344.0, "AOEGL_HS": 0.0, "AOEGL_NR": 3344.0, "E911ADDR": "65 GRANITE ST", "SHAPE_Length": 0.001981101208703591, "SHAPE_Area": 1.7699050675198853e-07}, "geometry": {"type": "MultiPolygon", "coordinates": [[[[-72.50752833599995, 44.19838045800003], [-72.50755294399994, 44.19821452000008], [-72.50755333499995, 44.198211566000055], [-72.50757249099996, 44.19821465900003], [-72.50771518699997, 44.19823560200007], [-72.50777812799998, 44.19824206700008], [-72.50783364199998, 44.198245016000044], [-72.50789658399998, 44.19825035500003], [-72.50800370199994, 44.19825020700006], [-72.50808267099995, 44.19824949900004], [-72.50812528299997, 44.19825174600004], [-72.50822810199998, 44.19825891000005], [-72.50825429399998, 44.198261580000064], [-72.50824999499997, 44.19826565900007], [-72.50819644099994, 44.198300818000064], [-72.50819448699997, 44.19830194300005], [-72.50760616999997, 44.19866760600007], [-72.50749865099993, 44.19858323900007], [-72.50752833599995, 44.19838045800003]]]]}}, {"type": "Feature", "properties": {"OBJECTID": 6862, "SPAN": "036-011-12537", "GLIST_SPAN": "036-011-12537", "MAPID": "1095-0172.0000", "PARCID": "1095-0172-0000", "PROPTYPE": "PARCEL", "YEAR": 2023, "GLYEAR": 2022, "TOWN": "BARRE CITY", "TNAME": "Barre City", "SOURCENAME": null, "SOURCETYPE": "UNKNOWN", "SOURCEDATE": "UNKNOWN", "EDITMETHOD": "UNKNOWN", "EDITOR": "UNKNOWN", "EDITDATE": "UNKNOWN", "MATCHSTAT": "MATCH", "EDITNOTE": "UNKNOWN", "OWNER1": "QUINLEN BLOCK ASSOCIATES", "OWNER2": "", "ADDRGL1": "PO BOX 625", "ADDRGL2": "", "CITYGL": "BARRE", "STGL": "VT", "ZIPGL": "05641-0625", "DESCPROP": "RETAIL-0.09AC", "LOCAPROP": "N MAIN ST  172", "CAT": "Commercial", "RESCODE": "C", "ACRESGL": 0.09, "REAL_FLV": 423000, "HSTED_FLV": 0, "NRES_FLV": 423000, "LAND_LV": 49200, "IMPRV_LV": 373800, "EQUIPVAL": 0, "EQUIPCODE": "", "INVENVAL": 0, "HSDECL": "N", "HSITEVAL": 0, "VETEXAMT": 0, "EXPDESC": "", "ENDDATE": "", "STATUTE": "", "EXAMT_HS": 0, "EXAMT_NR": 0, "UVREDUC_HS": 0, "UVREDUC_NR": 0, "GLVAL_HS": 0.0, "GLVAL_NR": 4230.0, "CRHOUSPCT": 0.0, "MUNGL1PCT": 4230.0, "AOEGL_HS": 0.0, "AOEGL_NR": 4230.0, "E911ADDR": "172 N MAIN ST", "SHAPE_Length": 0.0009356950246992074, "SHAPE_Area": 4.274931251592614e-08}, "geometry": {"type": "MultiPolygon", "coordinates": [[[[-72.50317173499997, 44.19861305900008], [-72.50307633699998, 44.19853993600003], [-72.50308709099994, 44.198546812000075], [-72.50309236999993, 44.19854333200004], [-72.50334839899995, 44.19837466000007], [-72.50340935299994, 44.19841841700003], [-72.50343013099996, 44.198433332000036], [-72.50342264799997, 44.19843842500006], [-72.50341957999996, 44.198440504000075], [-72.50342036199999, 44.19844106700003], [-72.50344957199997, 44.19846879500005], [-72.50321509899999, 44.198630998000056], [-72.50320997099993, 44.19863454700004], [-72.50317173499997, 44.19861305900008]]]]}}, {"type": "Feature", "properties": {"OBJECTID": 6921, "SPAN": "036-011-12988", "GLIST_SPAN": "036-011-12988", "MAPID": "0685-0030.0000", "PARCID": "0685-0030-0000", "PROPTYPE": "PARCEL", "YEAR": 2023, "GLYEAR": 2022, "TOWN": "BARRE CITY", "TNAME": "Barre City", "SOURCENAME": null, "SOURCETYPE": "UNKNOWN", "SOURCEDATE": "UNKNOWN", "EDITMETHOD": "UNKNOWN", "EDITOR": "UNKNOWN", "EDITDATE": "UNKNOWN", "MATCHSTAT": "MATCH", "EDITNOTE": "UNKNOWN", "OWNER1": "RESOURCE: A NONPROFIT COMMUNITY", "OWNER2": "ENTERPRISE INC", "ADDRGL1": "329 HARVEST LN   STE 200", "ADDRGL2": "", "CITYGL": "WILLISTON", "STGL": "VT", "ZIPGL": "05495", "DESCPROP": "COMMERCIAL RECYCLE & OFFICE-0.60AC", "LOCAPROP": "GRANITE ST  30", "CAT": "Commercial", "RESCODE": "C", "ACRESGL": 0.6, "REAL_FLV": 2086700, "HSTED_FLV": 0, "NRES_FLV": 2086700, "LAND_LV": 132500, "IMPRV_LV": 1954200, "EQUIPVAL": 0, "EQUIPCODE": "", "INVENVAL": 0, "HSDECL": "N", "HSITEVAL": 0, "VETEXAMT": 0, "EXPDESC": "Statutory", "ENDDATE": "", "STATUTE": "", "EXAMT_HS": 0, "EXAMT_NR": 0, "UVREDUC_HS": 0, "UVREDUC_NR": 0, "GLVAL_HS": 0.0, "GLVAL_NR": 0.0, "CRHOUSPCT": 0.0, "MUNGL1PCT": 0.0, "AOEGL_HS": 0.0, "AOEGL_NR": 0.0, "E911ADDR": "30 GRANITE ST", "SHAPE_Length": 0.0021614937124318306, "SHAPE_Area": 2.8756951603251825e-07}, "geometry": {"type": "MultiPolygon", "coordinates": [[[[-72.50567957699997, 44.198915089000025], [-72.50573208799995, 44.19888314800005], [-72.50576199399995, 44.19886495700007], [-72.50583872999994, 44.198907708000036], [-72.50602192199995, 44.19887942500003], [-72.50643860799994, 44.19925102500008], [-72.50604415399994, 44.19948528600003], [-72.50601209899997, 44.19950441200007], [-72.50599677799994, 44.199513753000076], [-72.50575699399997, 44.19931698000005], [-72.50567957699997, 44.198915089000025]]]]}}, {"type": "Feature", "properties": {"OBJECTID": 6977, "SPAN": "036-011-13017", "GLIST_SPAN": "036-011-13017", "MAPID": "0685-0031.0000", "PARCID": "0685-0031-0000", "PROPTYPE": "PARCEL", "YEAR": 2023, "GLYEAR": 2022, "TOWN": "BARRE CITY", "TNAME": "Barre City", "SOURCENAME": null, "SOURCETYPE": "UNKNOWN", "SOURCEDATE": "UNKNOWN", "EDITMETHOD": "UNKNOWN", "EDITOR": "UNKNOWN", "EDITDATE": "UNKNOWN", "MATCHSTAT": "MATCH", "EDITNOTE": "UNKNOWN", "OWNER1": "VELANDER MARLENE F - LIFE USE:", "OWNER2": "VELANDER LORI & VELANDER LARRY", "ADDRGL1": "674 VINE-BERLIN", "ADDRGL2": "", "CITYGL": "BARRE", "STGL": "VT", "ZIPGL": "05641", "DESCPROP": "2 APTS-0.11AC", "LOCAPROP": "GRANITE ST  31", "CAT": "Residential-1", "RESCODE": "S", "ACRESGL": 0.11, "REAL_FLV": 150270, "HSTED_FLV": 0, "NRES_FLV": 150270, "LAND_LV": 11990, "IMPRV_LV": 138280, "EQUIPVAL": 0, "EQUIPCODE": "", "INVENVAL": 0, "HSDECL": "N", "HSITEVAL": 150270, "VETEXAMT": 0, "EXPDESC": "", "ENDDATE": "", "STATUTE": "", "EXAMT_HS": 0, "EXAMT_NR": 0, "UVREDUC_HS": 0, "UVREDUC_NR": 0, "GLVAL_HS": 0.0, "GLVAL_NR": 1502.7, "CRHOUSPCT": 0.0, "MUNGL1PCT": 1502.7, "AOEGL_HS": 0.0, "AOEGL_NR": 1502.7, "E911ADDR": "31 GRANITE ST", "SHAPE_Length": 0.0010440409069260742, "SHAPE_Area": 5.3424475173362344e-08}, "geometry": {"type": "MultiPolygon", "coordinates": [[[[-72.50635209599994, 44.199464368000065], [-72.50649019199994, 44.19938132400006], [-72.50650325199996, 44.19939280500006], [-72.50652211799996, 44.19940741900007], [-72.50669427299994, 44.19954871500005], [-72.50666671299996, 44.199593606000064], [-72.50672482299996, 44.19966052900003], [-72.50663849599994, 44.19971071200007], [-72.50655816299997, 44.19964134700007], [-72.50635209599994, 44.199464368000065]]]]}}, {"type": "Feature", "properties": {"OBJECTID": 6990, "SPAN": "036-011-13024", "GLIST_SPAN": "036-011-13024", "MAPID": "0465-VL00.0001", "PARCID": "0465-VL00-0001", "PROPTYPE": "PARCEL", "YEAR": 2023, "GLYEAR": 2022, "TOWN": "BARRE CITY", "TNAME": "Barre City", "SOURCENAME": null, "SOURCETYPE": "UNKNOWN", "SOURCEDATE": "UNKNOWN", "EDITMETHOD": "UNKNOWN", "EDITOR": "UNKNOWN", "EDITDATE": "UNKNOWN", "MATCHSTAT": "MATCH", "EDITNOTE": "UNKNOWN", "OWNER1": "CITY OF BARRE", "OWNER2": "", "ADDRGL1": "6 N MAIN ST", "ADDRGL2": "", "CITYGL": "BARRE", "STGL": "VT", "ZIPGL": "05641", "DESCPROP": "PARKING LOT-0.50AC", "LOCAPROP": "DEPOT SQ     OFF PKNG", "CAT": "Commercial", "RESCODE": "C", "ACRESGL": 0.5, "REAL_FLV": 232900, "HSTED_FLV": 0, "NRES_FLV": 232900, "LAND_LV": 232900, "IMPRV_LV": 0, "EQUIPVAL": 0, "EQUIPCODE": "", "INVENVAL": 0, "HSDECL": "N", "HSITEVAL": 0, "VETEXAMT": 0, "EXPDESC": "Statutory", "ENDDATE": "", "STATUTE": "", "EXAMT_HS": 0, "EXAMT_NR": 0, "UVREDUC_HS": 0, "UVREDUC_NR": 0, "GLVAL_HS": 0.0, "GLVAL_NR": 0.0, "CRHOUSPCT": 0.0, "MUNGL1PCT": 0.0, "AOEGL_HS": 0.0, "AOEGL_NR": 0.0, "E911ADDR": "DEPOT SQ", "SHAPE_Length": 0.0027319254330436843, "SHAPE_Area": 2.2813072767275897e-07}, "geometry": {"type": "MultiPolygon", "coordinates": [[[[-72.50475261099996, 44.199209808000035], [-72.50471078799995, 44.19919671900004], [-72.50425568999998, 44.19884547300006], [-72.50423226999999, 44.19882739800005], [-72.50414233699996, 44.19875650100005], [-72.50421306799996, 44.19877380200006], [-72.50428612899998, 44.19878502000006], [-72.50436051499997, 44.19879000100008], [-72.50443520099998, 44.19878867700004], [-72.50450915399995, 44.19878106400006], [-72.50458135899999, 44.19876726800004], [-72.50458837999997, 44.19877220600006], [-72.50472556499994, 44.19886386200005], [-72.50531361599997, 44.199256741000056], [-72.50527560799998, 44.19923616600005], [-72.50526067099997, 44.19922808100006], [-72.50521386099996, 44.19920274100008], [-72.50519446799996, 44.19922436000007], [-72.50510953899999, 44.19931904300006], [-72.50510775399994, 44.19932103200006], [-72.50493913199995, 44.19926822300005], [-72.50475496299998, 44.19921054400004], [-72.50475261099996, 44.199209808000035]]]]}}, {"type": "Feature", "properties": {"OBJECTID": 6992, "SPAN": "036-011-13025", "GLIST_SPAN": "036-011-13025", "MAPID": "0465-0056.0000", "PARCID": "0465-0056-0000", "PROPTYPE": "PARCEL", "YEAR": 2023, "GLYEAR": 2022, "TOWN": "BARRE CITY", "TNAME": "Barre City", "SOURCENAME": null, "SOURCETYPE": "UNKNOWN", "SOURCEDATE": "UNKNOWN", "EDITMETHOD": "UNKNOWN", "EDITOR": "VCGI", "EDITDATE": "20231019", "MATCHSTAT": "MATCH", "EDITNOTE": "Updated SPAN per 2022 Grand List and AxisGIS app", "OWNER1": "VERMONT GRANITE MUSEUM OF BARRE INC", "OWNER2": "", "ADDRGL1": "PO BOX 282", "ADDRGL2": "", "CITYGL": "BARRE", "STGL": "VT", "ZIPGL": "05641-0282", "DESCPROP": "BANK BRANCH/HEALTH-0.24AC", "LOCAPROP": "DEPOT SQ  56", "CAT": "Commercial", "RESCODE": "C", "ACRESGL": 0.72, "REAL_FLV": 341200, "HSTED_FLV": 0, "NRES_FLV": 341200, "LAND_LV": 167000, "IMPRV_LV": 174200, "EQUIPVAL": 0, "EQUIPCODE": "", "INVENVAL": 0, "HSDECL": "N", "HSITEVAL": 0, "VETEXAMT": 0, "EXPDESC": "", "ENDDATE": "", "STATUTE": "", "EXAMT_HS": 0, "EXAMT_NR": 0, "UVREDUC_HS": 0, "UVREDUC_NR": 0, "GLVAL_HS": 0.0, "GLVAL_NR": 3412.0, "CRHOUSPCT": 0.0, "MUNGL1PCT": 3412.0, "AOEGL_HS": 0.0, "AOEGL_NR": 3412.0, "E911ADDR": "56 DEPOT SQ", "SHAPE_Length": 0.001527200574942293, "SHAPE_Area": 1.1002349424693779e-07}, "geometry": {"type": "MultiPolygon", "coordinates": [[[[-72.50414233699996, 44.19875650100005], [-72.50406361499995, 44.19869574300003], [-72.50406349699995, 44.198695652000026], [-72.50392458499994, 44.19858859900006], [-72.50412926399997, 44.19844227100003], [-72.50433241599995, 44.198588406000056], [-72.50456544999997, 44.19875603400004], [-72.50456836099994, 44.198758129000055], [-72.50458135899999, 44.19876726800004], [-72.50450915399995, 44.19878106400006], [-72.50443520099998, 44.19878867700004], [-72.50436051499997, 44.19879000100008], [-72.50428612899998, 44.19878502000006], [-72.50421306799996, 44.19877380200006], [-72.50414233699996, 44.19875650100005]]]]}}, {"type": "Feature", "properties": {"OBJECTID": 7003, "SPAN": "036-011-13030", "GLIST_SPAN": "036-011-13030", "MAPID": "1095-0292.0000", "PARCID": "1095-0292-0000", "PROPTYPE": "PARCEL", "YEAR": 2023, "GLYEAR": 2022, "TOWN": "BARRE CITY", "TNAME": "Barre City", "SOURCENAME": null, "SOURCETYPE": "UNKNOWN", "SOURCEDATE": "UNKNOWN", "EDITMETHOD": "UNKNOWN", "EDITOR": "UNKNOWN", "EDITDATE": "UNKNOWN", "MATCHSTAT": "MATCH", "EDITNOTE": "UNKNOWN", "OWNER1": "CHITTENDEN BANK C/O M & T BANK", "OWNER2": "CORPORATE SERVICES - 18TH FLOOR", "ADDRGL1": "ONE M & T PLAZA", "ADDRGL2": "", "CITYGL": "BUFFALO", "STGL": "NY", "ZIPGL": "14203", "DESCPROP": "CHITTENDEN BANK-BLDNG ONLY", "LOCAPROP": "N MAIN ST  292", "CAT": "Commercial", "RESCODE": "C", "ACRESGL": 0.0, "REAL_FLV": 996500, "HSTED_FLV": 0, "NRES_FLV": 996500, "LAND_LV": 0, "IMPRV_LV": 996500, "EQUIPVAL": 0, "EQUIPCODE": "", "INVENVAL": 0, "HSDECL": "N", "HSITEVAL": 0, "VETEXAMT": 0, "EXPDESC": "", "ENDDATE": "", "STATUTE": "", "EXAMT_HS": 0, "EXAMT_NR": 0, "UVREDUC_HS": 0, "UVREDUC_NR": 0, "GLVAL_HS": 0.0, "GLVAL_NR": 9965.0, "CRHOUSPCT": 0.0, "MUNGL1PCT": 9965.0, "AOEGL_HS": 0.0, "AOEGL_NR": 9965.0, "E911ADDR": "292 N MAIN ST", "SHAPE_Length": 0.0010539499231100838, "SHAPE_Area": 6.486851878741731e-08}, "geometry": {"type": "MultiPolygon", "coordinates": [[[[-72.50490103899995, 44.199870403000034], [-72.50511231799999, 44.19973286800007], [-72.50533033299996, 44.19991622500004], [-72.50512911399994, 44.200036871000066], [-72.50490103899995, 44.199870403000034]]]]}}, {"type": "Feature", "properties": {"OBJECTID": 7011, "SPAN": "036-011-13035", "GLIST_SPAN": "036-011-13035", "MAPID": "1030-0015.0000", "PARCID": "1030-0015-0000", "PROPTYPE": "PARCEL", "YEAR": 2023, "GLYEAR": 2022, "TOWN": "BARRE CITY", "TNAME": "Barre City", "SOURCENAME": null, "SOURCETYPE": "UNKNOWN", "SOURCEDATE": "UNKNOWN", "EDITMETHOD": "UNKNOWN", "EDITOR": "UNKNOWN", "EDITDATE": "UNKNOWN", "MATCHSTAT": "MATCH", "EDITNOTE": "UNKNOWN", "OWNER1": "VERMONT STATE OF DEPT OF BUILDINGS &", "OWNER2": "GENERAL SERV DRAWER 33", "ADDRGL1": "2 GOVERNOR AIKEN AVE", "ADDRGL2": "", "CITYGL": "MONTPELIER", "STGL": "VT", "ZIPGL": "05633-5801", "DESCPROP": "PARKING LOT-0.49AC", "LOCAPROP": "MERCHANT ST    15", "CAT": "Commercial", "RESCODE": "C", "ACRESGL": 0.49, "REAL_FLV": 219700, "HSTED_FLV": 0, "NRES_FLV": 219700, "LAND_LV": 219700, "IMPRV_LV": 0, "EQUIPVAL": 0, "EQUIPCODE": "", "INVENVAL": 0, "HSDECL": "N", "HSITEVAL": 0, "VETEXAMT": 0, "EXPDESC": "", "ENDDATE": "", "STATUTE": "", "EXAMT_HS": 0, "EXAMT_NR": 0, "UVREDUC_HS": 0, "UVREDUC_NR": 0, "GLVAL_HS": 0.0, "GLVAL_NR": 0.0, "CRHOUSPCT": 0.0, "MUNGL1PCT": 0.0, "AOEGL_HS": 0.0, "AOEGL_NR": 0.0, "E911ADDR": "15 MERCHANT ST", "SHAPE_Length": 0.002001730407417296, "SHAPE_Area": 2.2213878872119464e-07}, "geometry": {"type": "MultiPolygon", "coordinates": [[[[-72.50263708399996, 44.19967583000005], [-72.50278233499995, 44.19958784900007], [-72.50322295899997, 44.19995314600004], [-72.50322323899996, 44.19995337800003], [-72.50322313899994, 44.19995344300003], [-72.50291994599996, 44.200173834000054], [-72.50270057499995, 44.20000498700006], [-72.50255213099996, 44.19988099400007], [-72.50241593999993, 44.19978002100004], [-72.50262716599997, 44.199680503000025], [-72.50263708399996, 44.19967583000005]]]]}}, {"type": "Feature", "properties": {"OBJECTID": 7014, "SPAN": "036-011-13036", "GLIST_SPAN": "036-011-13036", "MAPID": "1095-0255.0000", "PARCID": "1095-0255-0000", "PROPTYPE": "PARCEL", "YEAR": 2023, "GLYEAR": 2022, "TOWN": "BARRE CITY", "TNAME": "Barre City", "SOURCENAME": null, "SOURCETYPE": "UNKNOWN", "SOURCEDATE": "UNKNOWN", "EDITMETHOD": "UNKNOWN", "EDITOR": "UNKNOWN", "EDITDATE": "UNKNOWN", "MATCHSTAT": "MATCH", "EDITNOTE": "UNKNOWN", "OWNER1": "VERMONT STATE OF DEPT OF BUILDINGS &", "OWNER2": "GENERAL SERVICES", "ADDRGL1": "133 STATE ST  5TH FLR", "ADDRGL2": "", "CITYGL": "MONTPELIER", "STGL": "VT", "ZIPGL": "05633-5801", "DESCPROP": "COURT HOUSE/OFFICES-1.01AC", "LOCAPROP": "N MAIN ST  255", "CAT": "Commercial", "RESCODE": "C", "ACRESGL": 1.01, "REAL_FLV": 8200800, "HSTED_FLV": 0, "NRES_FLV": 8200800, "LAND_LV": 615800, "IMPRV_LV": 7585000, "EQUIPVAL": 0, "EQUIPCODE": "", "INVENVAL": 0, "HSDECL": "N", "HSITEVAL": 0, "VETEXAMT": 0, "EXPDESC": "", "ENDDATE": "", "STATUTE": "", "EXAMT_HS": 0, "EXAMT_NR": 0, "UVREDUC_HS": 0, "UVREDUC_NR": 0, "GLVAL_HS": 0.0, "GLVAL_NR": 0.0, "CRHOUSPCT": 0.0, "MUNGL1PCT": 0.0, "AOEGL_HS": 0.0, "AOEGL_NR": 0.0, "E911ADDR": "255 N MAIN ST", "SHAPE_Length": 0.002887837001043602, "SHAPE_Area": 4.488155014019424e-07}, "geometry": {"type": "MultiPolygon", "coordinates": [[[[-72.50355088399994, 44.19984613200006], [-72.50404051599998, 44.199538360000076], [-72.50436756899995, 44.19978591600005], [-72.50389024699996, 44.200199084000076], [-72.50373114499996, 44.20041241600006], [-72.50371516499996, 44.20040462700007], [-72.50348026599994, 44.20027218100006], [-72.50337861399998, 44.20018851400005], [-72.50322923599998, 44.20006611500003], [-72.50355088399994, 44.19984613200006]]]]}}, {"type": "Feature", "properties": {"OBJECTID": 7020, "SPAN": "036-011-13040", "GLIST_SPAN": "036-011-13040", "MAPID": "1590-0001.0000", "PARCID": "1590-0001-0000", "PROPTYPE": "PARCEL", "YEAR": 2023, "GLYEAR": 2022, "TOWN": "BARRE CITY", "TNAME": "Barre City", "SOURCENAME": null, "SOURCETYPE": "UNKNOWN", "SOURCEDATE": "UNKNOWN", "EDITMETHOD": "UNKNOWN", "EDITOR": "UNKNOWN", "EDITDATE": "UNKNOWN", "MATCHSTAT": "MATCH", "EDITNOTE": "UNKNOWN", "OWNER1": "VERMONT STATE OF", "OWNER2": "C/O AGENCY OF TRANSPORTATION", "ADDRGL1": "NATIONAL LIFE BLDG DRAWER 33", "ADDRGL2": "", "CITYGL": "MONTPELIER", "STGL": "VT", "ZIPGL": "05633-0001", "DESCPROP": "STORAGE BLDG-0.91AC", "LOCAPROP": "WILLIAMS LN   1  (BEHIND SCALE HOUSE)", "CAT": "Commercial", "RESCODE": "C", "ACRESGL": 0.91, "REAL_FLV": 124900, "HSTED_FLV": 0, "NRES_FLV": 124900, "LAND_LV": 47700, "IMPRV_LV": 77200, "EQUIPVAL": 0, "EQUIPCODE": "", "INVENVAL": 0, "HSDECL": "N", "HSITEVAL": 0, "VETEXAMT": 0, "EXPDESC": "", "ENDDATE": "", "STATUTE": "", "EXAMT_HS": 0, "EXAMT_NR": 0, "UVREDUC_HS": 0, "UVREDUC_NR": 0, "GLVAL_HS": 0.0, "GLVAL_NR": 0.0, "CRHOUSPCT": 0.0, "MUNGL1PCT": 0.0, "AOEGL_HS": 0.0, "AOEGL_NR": 0.0, "E911ADDR": "1 WILLIAMS LN", "SHAPE_Length": 0.0033421222016021875, "SHAPE_Area": 3.596502111868752e-07}, "geometry": {"type": "MultiPolygon", "coordinates": [[[[-72.50494404399996, 44.19871335800008], [-72.50500668999996, 44.19870125300008], [-72.50544277599994, 44.19905912400003], [-72.50575699399997, 44.19931698000005], [-72.50599677799994, 44.199513753000076], [-72.50572784599996, 44.19967772900003], [-72.50572593299995, 44.19967612500005], [-72.50572152899997, 44.19967242900003], [-72.50570204199994, 44.199656075000064], [-72.50555737899998, 44.19953500500003], [-72.50535947899994, 44.19942450900004], [-72.50536147899999, 44.19942272000003], [-72.50542867099995, 44.19936263200003], [-72.50543648999997, 44.199355740000044], [-72.50541891399996, 44.199341599000036], [-72.50531361599997, 44.199256741000056], [-72.50472556499994, 44.19886386200005], [-72.50473629599998, 44.19885647000007], [-72.50494404399996, 44.19871335800008]]]]}}, {"type": "Feature", "properties": {"OBJECTID": 7185, "SPAN": "036-011-12203", "GLIST_SPAN": "036-011-12203", "MAPID": "1095-0260.0000", "PARCID": "1095-0260-0000", "PROPTYPE": "PARCEL", "YEAR": 2023, "GLYEAR": 2022, "TOWN": "BARRE CITY", "TNAME": "Barre City", "SOURCENAME": null, "SOURCETYPE": "UNKNOWN", "SOURCEDATE": "UNKNOWN", "EDITMETHOD": "UNKNOWN", "EDITOR": "UNKNOWN", "EDITDATE": "UNKNOWN", "MATCHSTAT": "MATCH", "EDITNOTE": "UNKNOWN", "OWNER1": "THE HOUSING FOUNDATION INC", "OWNER2": "C/O ALLIANCE PROPERTY MANAGEMENT INC", "ADDRGL1": "41 OLD PUMP RD", "ADDRGL2": "", "CITYGL": "JERICHO", "STGL": "VT", "ZIPGL": "05465", "DESCPROP": "16 APTS/OFFICES -0.31AC", "LOCAPROP": "N MAIN ST  260", "CAT": "Commercial Apt", "RESCODE": "C", "ACRESGL": 0.31, "REAL_FLV": 635600, "HSTED_FLV": 0, "NRES_FLV": 635600, "LAND_LV": 89600, "IMPRV_LV": 546000, "EQUIPVAL": 0, "EQUIPCODE": "", "INVENVAL": 0, "HSDECL": "N", "HSITEVAL": 0, "VETEXAMT": 0, "EXPDESC": "Qualified Housing Units", "ENDDATE": "", "STATUTE": "", "EXAMT_HS": 0, "EXAMT_NR": 42600, "UVREDUC_HS": 0, "UVREDUC_NR": 0, "GLVAL_HS": 0.0, "GLVAL_NR": 5930.0, "CRHOUSPCT": 0.0, "MUNGL1PCT": 6356.0, "AOEGL_HS": 0.0, "AOEGL_NR": 5930.0, "E911ADDR": "260 N MAIN ST", "SHAPE_Length": 0.0016320543687488693, "SHAPE_Area": 1.3109208769500328e-07}, "geometry": {"type": "MultiPolygon", "coordinates": [[[[-72.50469023999995, 44.19932017100007], [-72.50470509499996, 44.19929921700003], [-72.50476140799998, 44.19930252700004], [-72.50482761999996, 44.19931407200005], [-72.50489583699994, 44.19932705900004], [-72.50496405499996, 44.19934293400007], [-72.50502825999996, 44.19936169500005], [-72.50505172299995, 44.19936868000008], [-72.50507767199997, 44.199376405000066], [-72.50506125299995, 44.19939468600006], [-72.50490371099994, 44.19949706700004], [-72.50458940499993, 44.19969887500008], [-72.50438380899993, 44.19953783100004], [-72.50467929499996, 44.19933817100008], [-72.50469023999995, 44.19932017100007]]]]}}, {"type": "Feature", "properties": {"OBJECTID": 7284, "SPAN": "036-011-13175", "GLIST_SPAN": "036-011-13175", "MAPID": "1095-0124.0000", "PARCID": "1095-0124-0000", "PROPTYPE": "PARCEL", "YEAR": 2023, "GLYEAR": 2022, "TOWN": "BARRE CITY", "TNAME": "Barre City", "SOURCENAME": null, "SOURCETYPE": "UNKNOWN", "SOURCEDATE": "UNKNOWN", "EDITMETHOD": "UNKNOWN", "EDITOR": "UNKNOWN", "EDITDATE": "UNKNOWN", "MATCHSTAT": "MATCH", "EDITNOTE": "UNKNOWN", "OWNER1": "MAGNAN PROPERTIES LLC", "OWNER2": "", "ADDRGL1": "124 N MAIN ST STE 1", "ADDRGL2": "", "CITYGL": "BARRE", "STGL": "VT", "ZIPGL": "05641", "DESCPROP": "RETAIL-0.10AC", "LOCAPROP": "N MAIN ST  124", "CAT": "Commercial", "RESCODE": "C", "ACRESGL": 0.1, "REAL_FLV": 399800, "HSTED_FLV": 0, "NRES_FLV": 399800, "LAND_LV": 45300, "IMPRV_LV": 354500, "EQUIPVAL": 0, "EQUIPCODE": "", "INVENVAL": 0, "HSDECL": "N", "HSITEVAL": 0, "VETEXAMT": 0, "EXPDESC": "", "ENDDATE": "", "STATUTE": "", "EXAMT_HS": 0, "EXAMT_NR": 0, "UVREDUC_HS": 0, "UVREDUC_NR": 0, "GLVAL_HS": 0.0, "GLVAL_NR": 3998.0, "CRHOUSPCT": 0.0, "MUNGL1PCT": 3998.0, "AOEGL_HS": 0.0, "AOEGL_NR": 3998.0, "E911ADDR": "124 N MAIN ST", "SHAPE_Length": 0.0010266402936673037, "SHAPE_Area": 4.9186360599420775e-08}, "geometry": {"type": "MultiPolygon", "coordinates": [[[[-72.50283001499997, 44.19795030700004], [-72.50283119099998, 44.197950168000034], [-72.50294246799996, 44.19799674800004], [-72.50298004999996, 44.19801247400005], [-72.50267597799996, 44.19821600900008], [-72.50267046699997, 44.198219651000045], [-72.50265254599998, 44.19821707300008], [-72.50254581499996, 44.19813692100007], [-72.50255132499996, 44.19813330100004], [-72.50283001499997, 44.19795030700004]]]]}}, {"type": "Feature", "properties": {"OBJECTID": 7287, "SPAN": "036-011-12230", "GLIST_SPAN": "036-011-12230", "MAPID": "1095-9292.0000", "PARCID": "1095-9292-0000", "PROPTYPE": "PARCEL", "YEAR": 2023, "GLYEAR": 2022, "TOWN": "BARRE CITY", "TNAME": "Barre City", "SOURCENAME": null, "SOURCETYPE": "UNKNOWN", "SOURCEDATE": "UNKNOWN", "EDITMETHOD": "UNKNOWN", "EDITOR": "UNKNOWN", "EDITDATE": "UNKNOWN", "MATCHSTAT": "MATCH", "EDITNOTE": "UNKNOWN", "OWNER1": "292 NORTH MAIN ST LLC", "OWNER2": "", "ADDRGL1": "500 WESTOVER DR  # 15417", "ADDRGL2": "", "CITYGL": "SANFORD", "STGL": "NC", "ZIPGL": "27330", "DESCPROP": "LAND-0.65AC", "LOCAPROP": "N MAIN ST  292  (LAND ONLY)", "CAT": "Commercial", "RESCODE": "C", "ACRESGL": 0.65, "REAL_FLV": 396000, "HSTED_FLV": 0, "NRES_FLV": 396000, "LAND_LV": 396000, "IMPRV_LV": 0, "EQUIPVAL": 0, "EQUIPCODE": "", "INVENVAL": 0, "HSDECL": "N", "HSITEVAL": 0, "VETEXAMT": 0, "EXPDESC": "", "ENDDATE": "", "STATUTE": "", "EXAMT_HS": 0, "EXAMT_NR": 0, "UVREDUC_HS": 0, "UVREDUC_NR": 0, "GLVAL_HS": 0.0, "GLVAL_NR": 3960.0, "CRHOUSPCT": 0.0, "MUNGL1PCT": 3960.0, "AOEGL_HS": 0.0, "AOEGL_NR": 3960.0, "E911ADDR": "292 N MAIN ST", "SHAPE_Length": 0.003493679406726447, "SHAPE_Area": 2.0100525236400837e-07}, "geometry": {"type": "MultiPolygon", "coordinates": [[[[-72.50506831599995, 44.20007740300008], [-72.50485214099996, 44.199907831000075], [-72.50512265899994, 44.19969772800005], [-72.50510677099999, 44.19968645700004], [-72.50492404499994, 44.19955683100005], [-72.50492469299996, 44.19955641800004], [-72.50512028999998, 44.19943152800005], [-72.50514726199998, 44.19940072900005], [-72.50528980099995, 44.19947260400005], [-72.50529700299995, 44.199476236000066], [-72.50529603999996, 44.19947713500005], [-72.50528840299995, 44.19948425200005], [-72.50539709199995, 44.199545700000044], [-72.50548075999995, 44.19960447700004], [-72.50552963299998, 44.19964145800003], [-72.50564183699998, 44.19972190300007], [-72.50564887899998, 44.19972695200005], [-72.50564536199994, 44.199729062000074], [-72.50536428499998, 44.19990907300007], [-72.50508320699998, 44.20008908500006], [-72.50506831599995, 44.20007740300008]], [[-72.50533033299996, 44.19991622500004], [-72.50511231799999, 44.19973286800007], [-72.50490103899995, 44.199870403000034], [-72.50512911399994, 44.200036871000066], [-72.50533033299996, 44.19991622500004]]]]}}, {"type": "Feature", "properties": {"OBJECTID": 7379, "SPAN": "036-011-12263", "GLIST_SPAN": "036-011-12263", "MAPID": "1095-0188.0000", "PARCID": "1095-0188-0000", "PROPTYPE": "PARCEL", "YEAR": 2023, "GLYEAR": 2022, "TOWN": "BARRE CITY", "TNAME": "Barre City", "SOURCENAME": null, "SOURCETYPE": "UNKNOWN", "SOURCEDATE": "UNKNOWN", "EDITMETHOD": "UNKNOWN", "EDITOR": "UNKNOWN", "EDITDATE": "UNKNOWN", "MATCHSTAT": "MATCH", "EDITNOTE": "UNKNOWN", "OWNER1": "NELSON ROBERT A & LINDA S", "OWNER2": "", "ADDRGL1": "179 JALBERT RD", "ADDRGL2": "", "CITYGL": "BARRE", "STGL": "VT", "ZIPGL": "05641", "DESCPROP": "3 APTS/OFFICE/RETAIL-0.12AC", "LOCAPROP": "N MAIN ST  188", "CAT": "Commercial", "RESCODE": "S", "ACRESGL": 0.12, "REAL_FLV": 455400, "HSTED_FLV": 0, "NRES_FLV": 455400, "LAND_LV": 76100, "IMPRV_LV": 379300, "EQUIPVAL": 0, "EQUIPCODE": "", "INVENVAL": 0, "HSDECL": "N", "HSITEVAL": 0, "VETEXAMT": 0, "EXPDESC": "", "ENDDATE": "", "STATUTE": "", "EXAMT_HS": 0, "EXAMT_NR": 0, "UVREDUC_HS": 0, "UVREDUC_NR": 0, "GLVAL_HS": 0.0, "GLVAL_NR": 4554.0, "CRHOUSPCT": 0.0, "MUNGL1PCT": 4554.0, "AOEGL_HS": 0.0, "AOEGL_NR": 4554.0, "E911ADDR": "188 N MAIN ST", "SHAPE_Length": 0.0009625561549796967, "SHAPE_Area": 5.4775738203537355e-08}, "geometry": {"type": "MultiPolygon", "coordinates": [[[[-72.50332709799994, 44.19872314700007], [-72.50355862499998, 44.19857059900005], [-72.50367017099995, 44.19866852100006], [-72.50371226599998, 44.19870547600004], [-72.50348943399996, 44.19885676900003], [-72.50344262799996, 44.19882086400003], [-72.50332632299995, 44.19872357200006], [-72.50332709799994, 44.19872314700007]]]]}}, {"type": "Feature", "properties": {"OBJECTID": 7386, "SPAN": "036-011-12265", "GLIST_SPAN": "036-011-12265", "MAPID": "1095-0180.0000", "PARCID": "1095-0180-0000", "PROPTYPE": "PARCEL", "YEAR": 2023, "GLYEAR": 2022, "TOWN": "BARRE CITY", "TNAME": "Barre City", "SOURCENAME": null, "SOURCETYPE": "UNKNOWN", "SOURCEDATE": "UNKNOWN", "EDITMETHOD": "UNKNOWN", "EDITOR": "UNKNOWN", "EDITDATE": "UNKNOWN", "MATCHSTAT": "MATCH", "EDITNOTE": "UNKNOWN", "OWNER1": "NELSON ROBERT A & LINDA S", "OWNER2": "", "ADDRGL1": "179 JALBERT RD", "ADDRGL2": "", "CITYGL": "BARRE", "STGL": "VT", "ZIPGL": "05641", "DESCPROP": "8 APTS/RETAIL-0.11 AC", "LOCAPROP": "N MAIN ST  180", "CAT": "Commercial Apt", "RESCODE": "S", "ACRESGL": 0.11, "REAL_FLV": 435300, "HSTED_FLV": 0, "NRES_FLV": 435300, "LAND_LV": 85300, "IMPRV_LV": 350000, "EQUIPVAL": 0, "EQUIPCODE": "", "INVENVAL": 0, "HSDECL": "N", "HSITEVAL": 0, "VETEXAMT": 0, "EXPDESC": "", "ENDDATE": "", "STATUTE": "", "EXAMT_HS": 0, "EXAMT_NR": 0, "UVREDUC_HS": 0, "UVREDUC_NR": 0, "GLVAL_HS": 0.0, "GLVAL_NR": 4353.0, "CRHOUSPCT": 0.0, "MUNGL1PCT": 4353.0, "AOEGL_HS": 0.0, "AOEGL_NR": 4353.0, "E911ADDR": "180 N MAIN ST", "SHAPE_Length": 0.0008652027101005848, "SHAPE_Area": 4.0411067031990616e-08}, "geometry": {"type": "MultiPolygon", "coordinates": [[[[-72.50321509899999, 44.198630998000056], [-72.50344957199997, 44.19846879500005], [-72.50351836699997, 44.19853409700005], [-72.50353413599998, 44.19854906300003], [-72.50353569399994, 44.198550469000054], [-72.50355862499998, 44.19857059900005], [-72.50332709799994, 44.19872314700007], [-72.50332632299995, 44.19872357200006], [-72.50320997099993, 44.19863454700004], [-72.50321509899999, 44.198630998000056]]]]}}, {"type": "Feature", "properties": {"OBJECTID": 7401, "SPAN": "036-011-13228", "GLIST_SPAN": "036-011-13228", "MAPID": "0465-0056.000A", "PARCID": "0465-0056-000A", "PROPTYPE": "PARCEL", "YEAR": 2023, "GLYEAR": 2022, "TOWN": "BARRE CITY", "TNAME": "Barre City", "SOURCENAME": null, "SOURCETYPE": "UNKNOWN", "SOURCEDATE": "UNKNOWN", "EDITMETHOD": "UNKNOWN", "EDITOR": "UNKNOWN", "EDITDATE": "UNKNOWN", "MATCHSTAT": "MATCH", "EDITNOTE": "UNKNOWN", "OWNER1": "VERMONT GRANITE MUSEUM OF BARRE INC", "OWNER2": "", "ADDRGL1": "PO BOX 282", "ADDRGL2": "", "CITYGL": "BARRE", "STGL": "VT", "ZIPGL": "05641", "DESCPROP": "SO PARKING LOT LEASED-0.48AC", "LOCAPROP": "DEPOT SQ/MERCHANTS ROW  OFF", "CAT": "Commercial", "RESCODE": "C", "ACRESGL": 0.0, "REAL_FLV": 126700, "HSTED_FLV": 0, "NRES_FLV": 126700, "LAND_LV": 126700, "IMPRV_LV": 0, "EQUIPVAL": 0, "EQUIPCODE": "", "INVENVAL": 0, "HSDECL": "N", "HSITEVAL": 0, "VETEXAMT": 0, "EXPDESC": "Statutory", "ENDDATE": "", "STATUTE": "", "EXAMT_HS": 0, "EXAMT_NR": 0, "UVREDUC_HS": 0, "UVREDUC_NR": 0, "GLVAL_HS": 0.0, "GLVAL_NR": 0.0, "CRHOUSPCT": 0.0, "MUNGL1PCT": 0.0, "AOEGL_HS": 0.0, "AOEGL_NR": 0.0, "E911ADDR": "56 DEPOT SQ", "SHAPE_Length": 0.0023439431852752936, "SHAPE_Area": 2.172279389775767e-07}, "geometry": {"type": "MultiPolygon", "coordinates": [[[[-72.50392458499994, 44.19858859900006], [-72.50349108399996, 44.198252740000044], [-72.50347221699997, 44.19826524200005], [-72.50327211599995, 44.19800914600006], [-72.50322891999997, 44.19798628700005], [-72.50322750699996, 44.19798455500006], [-72.50321203399994, 44.19796558200005], [-72.50342387899997, 44.19789008600003], [-72.50387818999997, 44.198246736000044], [-72.50406972199994, 44.19839709300004], [-72.50410543099997, 44.198425127000064], [-72.50412926399997, 44.19844227100003], [-72.50392458499994, 44.19858859900006]]]]}}, {"type": "Feature", "properties": {"OBJECTID": 7632, "SPAN": "036-011-13446", "GLIST_SPAN": "036-011-13446", "MAPID": "0260-0045.0000", "PARCID": "0260-0045-0000", "PROPTYPE": "PARCEL", "YEAR": 2023, "GLYEAR": 2022, "TOWN": "BARRE CITY", "TNAME": "Barre City", "SOURCENAME": null, "SOURCETYPE": "UNKNOWN", "SOURCEDATE": "UNKNOWN", "EDITMETHOD": "UNKNOWN", "EDITOR": "UNKNOWN", "EDITDATE": "UNKNOWN", "MATCHSTAT": "MATCH", "EDITNOTE": "UNKNOWN", "OWNER1": "GREEN MOUNTAIN POWER CORPORATION", "OWNER2": "", "ADDRGL1": "163 ACORN LN", "ADDRGL2": "", "CITYGL": "COLCHESTER", "STGL": "VT", "ZIPGL": "05446", "DESCPROP": "LAND/UTILITY SUBSTATION-0.60AC", "LOCAPROP": "BURNHAM ST  45", "CAT": "Miscellaneous", "RESCODE": "C", "ACRESGL": 0.6, "REAL_FLV": 43200, "HSTED_FLV": 0, "NRES_FLV": 43200, "LAND_LV": 43200, "IMPRV_LV": 0, "EQUIPVAL": 0, "EQUIPCODE": "", "INVENVAL": 0, "HSDECL": "N", "HSITEVAL": 0, "VETEXAMT": 0, "EXPDESC": "", "ENDDATE": "", "STATUTE": "", "EXAMT_HS": 0, "EXAMT_NR": 0, "UVREDUC_HS": 0, "UVREDUC_NR": 0, "GLVAL_HS": 0.0, "GLVAL_NR": 432.0, "CRHOUSPCT": 0.0, "MUNGL1PCT": 432.0, "AOEGL_HS": 0.0, "AOEGL_NR": 432.0, "E911ADDR": "45 BURNHAM ST", "SHAPE_Length": 0.001883103225172396, "SHAPE_Area": 1.6484010356199356e-07}, "geometry": {"type": "MultiPolygon", "coordinates": [[[[-72.50675692399994, 44.19761157500005], [-72.50678662999997, 44.197569387000044], [-72.50693909899996, 44.19761212700007], [-72.50695043799993, 44.197615220000046], [-72.50695903799993, 44.19761775100005], [-72.50744381399994, 44.19775271900005], [-72.50740357999996, 44.19801442200003], [-72.50738637799998, 44.19800950100006], [-72.50736448499998, 44.19800458000003], [-72.50732617199998, 44.197994177000055], [-72.50727026699997, 44.19798011800003], [-72.50720458799998, 44.197967326000025], [-72.50715415299999, 44.197939907000034], [-72.50711935799995, 44.19791769100004], [-72.50706305899996, 44.19788591300005], [-72.50697470199998, 44.19784345100004], [-72.50692778699994, 44.19781968800004], [-72.50688087299994, 44.197799160000045], [-72.50683278499997, 44.19778271000007], [-72.50677844299997, 44.19776443100005], [-72.50673191899995, 44.19774615400007], [-72.50671119899994, 44.19773715500003], [-72.50675184299996, 44.19761888800008], [-72.50675692399994, 44.19761157500005]]]]}}, {"type": "Feature", "properties": {"OBJECTID": 7770, "SPAN": "036-011-12398", "GLIST_SPAN": "036-011-12398", "MAPID": "0685-0058.0000", "PARCID": "0685-0058-0000", "PROPTYPE": "PARCEL", "YEAR": 2023, "GLYEAR": 2022, "TOWN": "BARRE CITY", "TNAME": "Barre City", "SOURCENAME": null, "SOURCETYPE": "UNKNOWN", "SOURCEDATE": "UNKNOWN", "EDITMETHOD": "UNKNOWN", "EDITOR": "UNKNOWN", "EDITDATE": "UNKNOWN", "MATCHSTAT": "MATCH", "EDITNOTE": "UNKNOWN", "OWNER1": "PEPIN GRANITE COMPANY INC", "OWNER2": "", "ADDRGL1": "BOX 566", "ADDRGL2": "", "CITYGL": "BARRE", "STGL": "VT", "ZIPGL": "05641-0566", "DESCPROP": "GRANITE PLANT-1.08AC", "LOCAPROP": "GRANITE ST  58", "CAT": "Industrial", "RESCODE": "C", "ACRESGL": 1.08, "REAL_FLV": 356300, "HSTED_FLV": 0, "NRES_FLV": 356300, "LAND_LV": 31300, "IMPRV_LV": 325000, "EQUIPVAL": 0, "EQUIPCODE": "", "INVENVAL": 0, "HSDECL": "N", "HSITEVAL": 0, "VETEXAMT": 0, "EXPDESC": "", "ENDDATE": "", "STATUTE": "", "EXAMT_HS": 0, "EXAMT_NR": 0, "UVREDUC_HS": 0, "UVREDUC_NR": 0, "GLVAL_HS": 0.0, "GLVAL_NR": 3563.0, "CRHOUSPCT": 0.0, "MUNGL1PCT": 3563.0, "AOEGL_HS": 0.0, "AOEGL_NR": 3563.0, "E911ADDR": "58 GRANITE ST", "SHAPE_Length": 0.0028651973476870604, "SHAPE_Area": 5.032486968606398e-07}, "geometry": {"type": "MultiPolygon", "coordinates": [[[[-72.50660409499994, 44.197841363000066], [-72.50660761099994, 44.197831378000046], [-72.50663888699995, 44.197839111000064], [-72.50671981499994, 44.197867091000035], [-72.50676985699994, 44.19788593100003], [-72.50689535299995, 44.197937814000056], [-72.50693835799996, 44.197954124000034], [-72.50700325699995, 44.19798702500003], [-72.50705134599997, 44.19801261600003], [-72.50708379499997, 44.198031177000075], [-72.50712680199996, 44.198055502000045], [-72.50715690599998, 44.19807181200008], [-72.50718818299998, 44.19808376300006], [-72.50723235999999, 44.19809852600008], [-72.50726402799995, 44.19811230500005], [-72.50730585999997, 44.19812889600007], [-72.50734651899995, 44.19814422200005], [-72.50737427799999, 44.19815364100003], [-72.50739382599994, 44.19816024900007], [-72.50739265299995, 44.198166859000025], [-72.50737742099994, 44.19828231200006], [-72.50733757499995, 44.19851589000007], [-72.50733718299995, 44.19851687500005], [-72.50732585899993, 44.19861432700003], [-72.50732155999998, 44.198629234000066], [-72.50731335299997, 44.198652157000026], [-72.50730162799994, 44.198678173000076], [-72.50728560199997, 44.19870447000005], [-72.50727387599994, 44.19872190900003], [-72.50725589499996, 44.19874215900006], [-72.50722305899995, 44.19876634900004], [-72.50717067699998, 44.19879953900005], [-72.50668938699994, 44.19844491500004], [-72.50665810899994, 44.19842185500005], [-72.50652556899996, 44.19832511300007], [-72.50653572699997, 44.19826070700003], [-72.50657518499997, 44.198020238000026], [-72.50657557499994, 44.19801841000003], [-72.50660409499994, 44.197841363000066]]]]}}, {"type": "Feature", "properties": {"OBJECTID": 7792, "SPAN": "036-011-12409", "GLIST_SPAN": "036-011-12409", "MAPID": "0685-0037.0000", "PARCID": "0685-0037-0000", "PROPTYPE": "PARCEL", "YEAR": 2023, "GLYEAR": 2022, "TOWN": "BARRE CITY", "TNAME": "Barre City", "SOURCENAME": null, "SOURCETYPE": "UNKNOWN", "SOURCEDATE": "UNKNOWN", "EDITMETHOD": "UNKNOWN", "EDITOR": "UNKNOWN", "EDITDATE": "UNKNOWN", "MATCHSTAT": "MATCH", "EDITNOTE": "UNKNOWN", "OWNER1": "DODGE KEVIN", "OWNER2": "", "ADDRGL1": "37 GRANITE ST  APT 1", "ADDRGL2": "", "CITYGL": "BARRE", "STGL": "VT", "ZIPGL": "05641", "DESCPROP": "3 APTS-0.21AC", "LOCAPROP": "GRANITE ST  37", "CAT": "Residential-1", "RESCODE": "T", "ACRESGL": 0.21, "REAL_FLV": 172300, "HSTED_FLV": 85300, "NRES_FLV": 87000, "LAND_LV": 30400, "IMPRV_LV": 141900, "EQUIPVAL": 0, "EQUIPCODE": "", "INVENVAL": 0, "HSDECL": "Y", "HSITEVAL": 85300, "VETEXAMT": 0, "EXPDESC": "", "ENDDATE": "", "STATUTE": "", "EXAMT_HS": 0, "EXAMT_NR": 0, "UVREDUC_HS": 0, "UVREDUC_NR": 0, "GLVAL_HS": 853.0, "GLVAL_NR": 870.0, "CRHOUSPCT": 0.0, "MUNGL1PCT": 1723.0, "AOEGL_HS": 853.0, "AOEGL_NR": 870.0, "E911ADDR": "37 GRANITE ST", "SHAPE_Length": 0.0014177781717733856, "SHAPE_Area": 9.831924449329413e-08}, "geometry": {"type": "MultiPolygon", "coordinates": [[[[-72.50659174999998, 44.19932016300004], [-72.50676140799999, 44.199214263000044], [-72.50676257999999, 44.19921482600006], [-72.50709786799996, 44.199500690000036], [-72.50714687799996, 44.19954247700008], [-72.50697142499996, 44.19964761600005], [-72.50687918399996, 44.199570797000035], [-72.50658813599995, 44.19932242300007], [-72.50658861999995, 44.19932213100003], [-72.50659174999998, 44.19932016300004]]]]}}, {"type": "Feature", "properties": {"OBJECTID": 7824, "SPAN": "036-011-12426", "GLIST_SPAN": "036-011-12426", "MAPID": "1095-0168.0000", "PARCID": "1095-0168-0000", "PROPTYPE": "PARCEL", "YEAR": 2023, "GLYEAR": 2022, "TOWN": "BARRE CITY", "TNAME": "Barre City", "SOURCENAME": null, "SOURCETYPE": "UNKNOWN", "SOURCEDATE": "UNKNOWN", "EDITMETHOD": "UNKNOWN", "EDITOR": "UNKNOWN", "EDITDATE": "UNKNOWN", "MATCHSTAT": "MATCH", "EDITNOTE": "UNKNOWN", "OWNER1": "AUDET DAVID & LISA", "OWNER2": "C/O 168 NORTH MAIN STREET BARRE LLC", "ADDRGL1": "PO BOX 766", "ADDRGL2": "", "CITYGL": "BARRE", "STGL": "VT", "ZIPGL": "05641-0766", "DESCPROP": "COMMERCIAL-0.04AC", "LOCAPROP": "N MAIN ST  168", "CAT": "Commercial", "RESCODE": "C", "ACRESGL": 0.04, "REAL_FLV": 111000, "HSTED_FLV": 0, "NRES_FLV": 111000, "LAND_LV": 27400, "IMPRV_LV": 83600, "EQUIPVAL": 0, "EQUIPCODE": "", "INVENVAL": 0, "HSDECL": "N", "HSITEVAL": 0, "VETEXAMT": 0, "EXPDESC": "", "ENDDATE": "", "STATUTE": "", "EXAMT_HS": 0, "EXAMT_NR": 0, "UVREDUC_HS": 0, "UVREDUC_NR": 0, "GLVAL_HS": 0.0, "GLVAL_NR": 1110.0, "CRHOUSPCT": 0.0, "MUNGL1PCT": 1110.0, "AOEGL_HS": 0.0, "AOEGL_NR": 1110.0, "E911ADDR": "168 N MAIN ST", "SHAPE_Length": 0.0009157431803767138, "SHAPE_Area": 2.424700032114801e-08}, "geometry": {"type": "MultiPolygon", "coordinates": [[[[-72.50303399099994, 44.19850427000006], [-72.50336433999996, 44.19828772000005], [-72.50338363599997, 44.198307975000034], [-72.50340041599998, 44.198325614000055], [-72.50334431199997, 44.19836347700004], [-72.50334060299997, 44.19836597500006], [-72.50333825699994, 44.198367380000036], [-72.50334839899995, 44.19837466000007], [-72.50309236999993, 44.19854333200004], [-72.50308709099994, 44.198546812000075], [-72.50307633699998, 44.19853993600003], [-72.50303399099994, 44.19850427000006]]]]}}, {"type": "Feature", "properties": {"OBJECTID": 8035, "SPAN": "036-011-13408", "GLIST_SPAN": "036-011-13408", "MAPID": "1590-0001.0001", "PARCID": "1590-0001-0001", "PROPTYPE": "PARCEL", "YEAR": 2023, "GLYEAR": 2022, "TOWN": "BARRE CITY", "TNAME": "Barre City", "SOURCENAME": null, "SOURCETYPE": "UNKNOWN", "SOURCEDATE": "UNKNOWN", "EDITMETHOD": "UNKNOWN", "EDITOR": "UNKNOWN", "EDITDATE": "UNKNOWN", "MATCHSTAT": "MATCH", "EDITNOTE": "UNKNOWN", "OWNER1": "VERMONT STATE OF", "OWNER2": "C/O AGENCY OF TRANSPORTATION", "ADDRGL1": "NATIONAL LIFE BLDG DRAWER 33", "ADDRGL2": "", "CITYGL": "MONTPELIER", "STGL": "VT", "ZIPGL": "05633-0001", "DESCPROP": "RR TRACK LOT-1.5AC", "LOCAPROP": "METRO WAY (OFF)", "CAT": "Miscellaneous", "RESCODE": "C", "ACRESGL": 1.5, "REAL_FLV": 61800, "HSTED_FLV": 0, "NRES_FLV": 61800, "LAND_LV": 61800, "IMPRV_LV": 0, "EQUIPVAL": 0, "EQUIPCODE": "", "INVENVAL": 0, "HSDECL": "N", "HSITEVAL": 0, "VETEXAMT": 0, "EXPDESC": "", "ENDDATE": "", "STATUTE": "", "EXAMT_HS": 0, "EXAMT_NR": 0, "UVREDUC_HS": 0, "UVREDUC_NR": 0, "GLVAL_HS": 0.0, "GLVAL_NR": 0.0, "CRHOUSPCT": 0.0, "MUNGL1PCT": 0.0, "AOEGL_HS": 0.0, "AOEGL_NR": 0.0, "E911ADDR": "METRO WAY", "SHAPE_Length": 0.006601771661671234, "SHAPE_Area": 6.490330879446708e-07}, "geometry": {"type": "MultiPolygon", "coordinates": [[[[-72.50387818999997, 44.198246736000044], [-72.50342387899997, 44.19789008600003], [-72.50321203399994, 44.19796558200005], [-72.50321193299999, 44.19796561800007], [-72.50321116599997, 44.197964555000055], [-72.50314079199995, 44.19786696400007], [-72.50302650399993, 44.19771428100006], [-72.50300942799998, 44.19769146900006], [-72.50299236499995, 44.19766175900003], [-72.50282293699996, 44.197366773000056], [-72.50271698499995, 44.19717609000003], [-72.50259813299994, 44.19697092300004], [-72.50257272099998, 44.19692339300008], [-72.50256138199995, 44.196900190000065], [-72.50254926299993, 44.196870800000056], [-72.50253870599994, 44.19684295700006], [-72.50252736799996, 44.19680611300004], [-72.50247221899997, 44.19664951800007], [-72.50246051099998, 44.196616273000075], [-72.50246011999997, 44.196615148000035], [-72.50244986899997, 44.19655565100004], [-72.50257838899995, 44.196543527000074], [-72.50267544099995, 44.19678382200004], [-72.50280303299996, 44.196948373000055], [-72.50296696599997, 44.19704510100007], [-72.50317476599997, 44.19716736000004], [-72.50320878599996, 44.19733357600006], [-72.50320917699997, 44.197334279000074], [-72.50321074099998, 44.19733582600003], [-72.50336673299995, 44.197511742000074], [-72.50353953899997, 44.19773251600003], [-72.50373775899999, 44.19796678900008], [-72.50398328199998, 44.19818193400005], [-72.50423623299997, 44.198387095000044], [-72.50455330299997, 44.19860926900003], [-72.50467004199999, 44.198696023000025], [-72.50458223499999, 44.19874965500003], [-72.50456836099994, 44.198758129000055], [-72.50456544999997, 44.19875603400004], [-72.50433241599995, 44.198588406000056], [-72.50412926399997, 44.19844227100003], [-72.50410543099997, 44.198425127000064], [-72.50406972199994, 44.19839709300004], [-72.50387818999997, 44.198246736000044]]]]}}, {"type": "Feature", "properties": {"OBJECTID": 8056, "SPAN": "036-011-13439", "GLIST_SPAN": "036-011-13439", "MAPID": "1590-0011.0000", "PARCID": "1590-0011-0000", "PROPTYPE": "PARCEL", "YEAR": 2023, "GLYEAR": 2022, "TOWN": "BARRE CITY", "TNAME": "Barre City", "SOURCENAME": null, "SOURCETYPE": "UNKNOWN", "SOURCEDATE": "UNKNOWN", "EDITMETHOD": "UNKNOWN", "EDITOR": "UNKNOWN", "EDITDATE": "UNKNOWN", "MATCHSTAT": "MATCH", "EDITNOTE": "UNKNOWN", "OWNER1": "METRO DEVELOPMENT LLC", "OWNER2": "", "ADDRGL1": "125 NELSON ST", "ADDRGL2": "", "CITYGL": "BARRE", "STGL": "VT", "ZIPGL": "05641", "DESCPROP": "PROPANE TANK & LAND-0.47AC", "LOCAPROP": "WILLIAMS LN  11", "CAT": "Commercial", "RESCODE": "C", "ACRESGL": 0.47, "REAL_FLV": 143900, "HSTED_FLV": 0, "NRES_FLV": 143900, "LAND_LV": 19700, "IMPRV_LV": 124200, "EQUIPVAL": 0, "EQUIPCODE": "", "INVENVAL": 0, "HSDECL": "N", "HSITEVAL": 0, "VETEXAMT": 0, "EXPDESC": "", "ENDDATE": "", "STATUTE": "", "EXAMT_HS": 0, "EXAMT_NR": 0, "UVREDUC_HS": 0, "UVREDUC_NR": 0, "GLVAL_HS": 0.0, "GLVAL_NR": 1439.0, "CRHOUSPCT": 0.0, "MUNGL1PCT": 1439.0, "AOEGL_HS": 0.0, "AOEGL_NR": 1439.0, "E911ADDR": "11 WILLIAMS LN", "SHAPE_Length": 0.002334499734028981, "SHAPE_Area": 1.7513115267925423e-07}, "geometry": {"type": "MultiPolygon", "coordinates": [[[[-72.50559555499996, 44.198114718000056], [-72.50566589399995, 44.198019577000025], [-72.50648858699998, 44.198413807000065], [-72.50639060099996, 44.198620549000054], [-72.50634645099996, 44.19871370200008], [-72.50586743099996, 44.19824360800004], [-72.50559555499996, 44.198114718000056]]]]}}, {"type": "Feature", "properties": {"OBJECTID": 8057, "SPAN": "036-011-13440", "GLIST_SPAN": "036-011-13440", "MAPID": "1590-0007.0000", "PARCID": "1590-0007-0000", "PROPTYPE": "PARCEL", "YEAR": 2023, "GLYEAR": 2022, "TOWN": "BARRE CITY", "TNAME": "Barre City", "SOURCENAME": null, "SOURCETYPE": "UNKNOWN", "SOURCEDATE": "UNKNOWN", "EDITMETHOD": "UNKNOWN", "EDITOR": "UNKNOWN", "EDITDATE": "UNKNOWN", "MATCHSTAT": "MATCH", "EDITNOTE": "UNKNOWN", "OWNER1": "METRO DEVELOPMENT LLC", "OWNER2": "", "ADDRGL1": "125 NELSON ST", "ADDRGL2": "", "CITYGL": "BARRE", "STGL": "VT", "ZIPGL": "05641", "DESCPROP": "PARKING LOT-1.24AC", "LOCAPROP": "WILLIAMS LN   7", "CAT": "Commercial", "RESCODE": "C", "ACRESGL": 1.24, "REAL_FLV": 80700, "HSTED_FLV": 0, "NRES_FLV": 80700, "LAND_LV": 30900, "IMPRV_LV": 49800, "EQUIPVAL": 0, "EQUIPCODE": "", "INVENVAL": 0, "HSDECL": "N", "HSITEVAL": 0, "VETEXAMT": 0, "EXPDESC": "", "ENDDATE": "", "STATUTE": "", "EXAMT_HS": 0, "EXAMT_NR": 0, "UVREDUC_HS": 0, "UVREDUC_NR": 0, "GLVAL_HS": 0.0, "GLVAL_NR": 807.0, "CRHOUSPCT": 0.0, "MUNGL1PCT": 807.0, "AOEGL_HS": 0.0, "AOEGL_NR": 807.0, "E911ADDR": "7 WILLIAMS LN", "SHAPE_Length": 0.003703964355481736, "SHAPE_Area": 5.657781193066208e-07}, "geometry": {"type": "MultiPolygon", "coordinates": [[[[-72.50643860799994, 44.19925102500008], [-72.50602192199995, 44.19887942500003], [-72.50583872999994, 44.198907708000036], [-72.50576199399995, 44.19886495700007], [-72.50573208799995, 44.19888314800005], [-72.50532643099996, 44.198474969000074], [-72.50559555499996, 44.198114718000056], [-72.50586743099996, 44.19824360800004], [-72.50634645099996, 44.19871370200008], [-72.50629429899993, 44.19882374000008], [-72.50665424499994, 44.199119806000056], [-72.50645334599994, 44.199242266000056], [-72.50645217299996, 44.19924296800008], [-72.50643860799994, 44.19925102500008]]]]}}, {"type": "Feature", "properties": {"OBJECTID": 8138, "SPAN": "036-011-13645", "GLIST_SPAN": "036-011-13645", "MAPID": "0543-00RD.0000", "PARCID": "0543-00RD-0000", "PROPTYPE": "PARCEL", "YEAR": 2023, "GLYEAR": 2022, "TOWN": "BARRE CITY", "TNAME": "Barre City", "SOURCENAME": null, "SOURCETYPE": "UNKNOWN", "SOURCEDATE": "UNKNOWN", "EDITMETHOD": "UNKNOWN", "EDITOR": "UNKNOWN", "EDITDATE": "UNKNOWN", "MATCHSTAT": "MATCH", "EDITNOTE": "UNKNOWN", "OWNER1": "CITY OF BARRE", "OWNER2": "", "ADDRGL1": "6 N MAIN ST", "ADDRGL2": "", "CITYGL": "BARRE", "STGL": "VT", "ZIPGL": "05641", "DESCPROP": "RDWY-0.3708AC", "LOCAPROP": "ENTERPRISE ALY", "CAT": "Miscellaneous", "RESCODE": "C", "ACRESGL": 0.37, "REAL_FLV": 184200, "HSTED_FLV": 0, "NRES_FLV": 184200, "LAND_LV": 184200, "IMPRV_LV": 0, "EQUIPVAL": 0, "EQUIPCODE": "", "INVENVAL": 0, "HSDECL": "N", "HSITEVAL": 0, "VETEXAMT": 0, "EXPDESC": "Statutory", "ENDDATE": "", "STATUTE": "", "EXAMT_HS": 0, "EXAMT_NR": 0, "UVREDUC_HS": 0, "UVREDUC_NR": 0, "GLVAL_HS": 0.0, "GLVAL_NR": 0.0, "CRHOUSPCT": 0.0, "MUNGL1PCT": 0.0, "AOEGL_HS": 0.0, "AOEGL_NR": 0.0, "E911ADDR": "ENTERPRISE ALY", "SHAPE_Length": 0.0037940621531736725, "SHAPE_Area": 1.6176459979656148e-07}, "geometry": {"type": "MultiPolygon", "coordinates": [[[[-72.50437982099999, 44.199217529000066], [-72.50428234399999, 44.19914528400005], [-72.50405301899997, 44.19898749500004], [-72.50405392199997, 44.19898686200003], [-72.50413955899995, 44.198926852000056], [-72.50414336099993, 44.198924188000035], [-72.50417139099994, 44.19894295800003], [-72.50424230599998, 44.19899044700003], [-72.50431195699997, 44.19903709000005], [-72.50431321999997, 44.199037936000025], [-72.50435427099995, 44.19906155900003], [-72.50440196899996, 44.19909376000004], [-72.50446921399998, 44.19913032000005], [-72.50453137699998, 44.19916012900006], [-72.50458728299998, 44.19917911200008], [-72.50460823999998, 44.199164593000035], [-72.50471078799995, 44.19919671900004], [-72.50475261099996, 44.199209808000035], [-72.50475496299998, 44.19921054400004], [-72.50493913199995, 44.19926822300005], [-72.50510775399994, 44.19932103200006], [-72.50514502699997, 44.199332705000074], [-72.50516204399997, 44.19933803500004], [-72.50533617399998, 44.19941430200004], [-72.50535947899994, 44.19942450900004], [-72.50555737899998, 44.19953500500003], [-72.50570204199994, 44.199656075000064], [-72.50572152899997, 44.19967242900003], [-72.50572593299995, 44.19967612500005], [-72.50572784599996, 44.19967772900003], [-72.50564887899998, 44.19972695200005], [-72.50564183699998, 44.19972190300007], [-72.50552963299998, 44.19964145800003], [-72.50548075999995, 44.19960447700004], [-72.50539709199995, 44.199545700000044], [-72.50528840299995, 44.19948425200005], [-72.50529603999996, 44.19947713500005], [-72.50529700299995, 44.199476236000066], [-72.50528980099995, 44.19947260400005], [-72.50514726199998, 44.19940072900005], [-72.50513295399998, 44.199395681000055], [-72.50512190299997, 44.19939178200008], [-72.50508549099999, 44.19937893500003], [-72.50507767199997, 44.199376405000066], [-72.50505172299995, 44.19936868000008], [-72.50502825999996, 44.19936169500005], [-72.50496405499996, 44.19934293400007], [-72.50489583699994, 44.19932705900004], [-72.50482761999996, 44.19931407200005], [-72.50476140799998, 44.19930252700004], [-72.50470509499996, 44.19929921700003], [-72.50460265799995, 44.19928225500007], [-72.50451235599996, 44.199267304000045], [-72.50437982099999, 44.199217529000066]]]]}}, {"type": "Feature", "properties": {"OBJECTID": 8144, "SPAN": "036-011-13766", "GLIST_SPAN": "036-011-13766", "MAPID": "0434-RD00.0001", "PARCID": "0434-RD00-0001", "PROPTYPE": "ROW_ROAD", "YEAR": 2023, "GLYEAR": 2022, "TOWN": "BARRE CITY", "TNAME": "Barre City", "SOURCENAME": null, "SOURCETYPE": "UNKNOWN", "SOURCEDATE": "UNKNOWN", "EDITMETHOD": "UNKNOWN", "EDITOR": "UNKNOWN", "EDITDATE": "UNKNOWN", "MATCHSTAT": "EXEMPT", "EDITNOTE": "UNKNOWN", "OWNER1": "CITY OF BARRE", "OWNER2": "", "ADDRGL1": "6 N MAIN ST", "ADDRGL2": "", "CITYGL": "BARRE", "STGL": "VT", "ZIPGL": "05641", "DESCPROP": "ROADWAY-0.0169AC", "LOCAPROP": "CREAMERY COURT EXT FKA WEST ST EXT", "CAT": "Miscellaneous", "RESCODE": "C", "ACRESGL": 0.02, "REAL_FLV": 18200, "HSTED_FLV": 0, "NRES_FLV": 18200, "LAND_LV": 18200, "IMPRV_LV": 0, "EQUIPVAL": 0, "EQUIPCODE": "", "INVENVAL": 0, "HSDECL": "N", "HSITEVAL": 0, "VETEXAMT": 0, "EXPDESC": "Statutory", "ENDDATE": "", "STATUTE": "", "EXAMT_HS": 0, "EXAMT_NR": 0, "UVREDUC_HS": 0, "UVREDUC_NR": 0, "GLVAL_HS": 0.0, "GLVAL_NR": 0.0, "CRHOUSPCT": 0.0, "MUNGL1PCT": 0.0, "AOEGL_HS": 0.0, "AOEGL_NR": 0.0, "E911ADDR": "CREAMERY CT EXT", "SHAPE_Length": 0.00041673239506804724, "SHAPE_Area": 7.936092788036295e-09}, "geometry": {"type": "MultiPolygon", "coordinates": [[[[-72.50519446799996, 44.19922436000007], [-72.50521386099996, 44.19920274100008], [-72.50526067099997, 44.19922808100006], [-72.50523903299995, 44.19925220300007], [-72.50516204399997, 44.19933803500004], [-72.50514502699997, 44.199332705000074], [-72.50510775399994, 44.19932103200006], [-72.50510953899999, 44.19931904300006], [-72.50519446799996, 44.19922436000007]]]]}}, {"type": "Feature", "properties": {"OBJECTID": 8150, "SPAN": "036-011-13781", "GLIST_SPAN": "036-011-13781", "MAPID": "0270-0001.0000", "PARCID": "0270-0001-0000", "PROPTYPE": "PARCEL", "YEAR": 2023, "GLYEAR": 2022, "TOWN": "BARRE CITY", "TNAME": "Barre City", "SOURCENAME": null, "SOURCETYPE": "UNKNOWN", "SOURCEDATE": "UNKNOWN", "EDITMETHOD": "UNKNOWN", "EDITOR": "UNKNOWN", "EDITDATE": "UNKNOWN", "MATCHSTAT": "MATCH", "EDITNOTE": "UNKNOWN", "OWNER1": "LAWRENCE HOLDINGS LLC", "OWNER2": "", "ADDRGL1": "471 CROSSTOWN RD", "ADDRGL2": "", "CITYGL": "BERLIN", "STGL": "VT", "ZIPGL": "05602", "DESCPROP": "VAC LAND-0.0646AC", "LOCAPROP": "BUZZELL PL", "CAT": "Miscellaneous", "RESCODE": "S", "ACRESGL": 0.06, "REAL_FLV": 17800, "HSTED_FLV": 0, "NRES_FLV": 17800, "LAND_LV": 17800, "IMPRV_LV": 0, "EQUIPVAL": 0, "EQUIPCODE": "", "INVENVAL": 0, "HSDECL": "N", "HSITEVAL": 0, "VETEXAMT": 0, "EXPDESC": "", "ENDDATE": "", "STATUTE": "", "EXAMT_HS": 0, "EXAMT_NR": 0, "UVREDUC_HS": 0, "UVREDUC_NR": 0, "GLVAL_HS": 0.0, "GLVAL_NR": 178.0, "CRHOUSPCT": 0.0, "MUNGL1PCT": 178.0, "AOEGL_HS": 0.0, "AOEGL_NR": 178.0, "E911ADDR": "BUZZELL PL", "SHAPE_Length": 0.0007652159341561646, "SHAPE_Area": 2.8654926185474077e-08}, "geometry": {"type": "MultiPolygon", "coordinates": [[[[-72.50272324799994, 44.199469014000044], [-72.50273306599996, 44.199462708000055], [-72.50282579099996, 44.199536495000075], [-72.50282630299995, 44.19953690300008], [-72.50283189499999, 44.19954135800003], [-72.50284363999998, 44.199550714000054], [-72.50283456999995, 44.19955620700006], [-72.50278233499995, 44.19958784900007], [-72.50263708399996, 44.19967583000005], [-72.50258213599994, 44.19963678000005], [-72.50262185499997, 44.19961344300003], [-72.50256624499997, 44.199569868000026], [-72.50272324799994, 44.199469014000044]]]]}}, {"type": "Feature", "properties": {"OBJECTID": 8152, "SPAN": "036-011-13788", "GLIST_SPAN": "036-011-13788", "MAPID": "0260-0032.0001", "PARCID": "0260-0032-0001", "PROPTYPE": "PARCEL", "YEAR": 2023, "GLYEAR": 2022, "TOWN": "BARRE CITY", "TNAME": "Barre City", "SOURCENAME": null, "SOURCETYPE": "UNKNOWN", "SOURCEDATE": "UNKNOWN", "EDITMETHOD": "UNKNOWN", "EDITOR": "UNKNOWN", "EDITDATE": "UNKNOWN", "MATCHSTAT": "MATCH", "EDITNOTE": "UNKNOWN", "OWNER1": "CAPITAL CANDY COMPANY INC", "OWNER2": "", "ADDRGL1": "PO BOX 767", "ADDRGL2": "", "CITYGL": "BARRE", "STGL": "VT", "ZIPGL": "05641-0767", "DESCPROP": "CARPORT-0.51AC", "LOCAPROP": "BURNHAM ST LOT ADJ 32", "CAT": "Commercial", "RESCODE": "C", "ACRESGL": 0.51, "REAL_FLV": 31100, "HSTED_FLV": 0, "NRES_FLV": 31100, "LAND_LV": 31100, "IMPRV_LV": 0, "EQUIPVAL": 0, "EQUIPCODE": "", "INVENVAL": 0, "HSDECL": "N", "HSITEVAL": 0, "VETEXAMT": 0, "EXPDESC": "", "ENDDATE": "", "STATUTE": "", "EXAMT_HS": 0, "EXAMT_NR": 0, "UVREDUC_HS": 0, "UVREDUC_NR": 0, "GLVAL_HS": 0.0, "GLVAL_NR": 311.0, "CRHOUSPCT": 0.0, "MUNGL1PCT": 311.0, "AOEGL_HS": 0.0, "AOEGL_NR": 311.0, "E911ADDR": "BURNHAM ST", "SHAPE_Length": 0.0023643231727689326, "SHAPE_Area": 2.3493179523037157e-07}, "geometry": {"type": "MultiPolygon", "coordinates": [[[[-72.50577136199996, 44.19744527100005], [-72.50573226799997, 44.197444148000045], [-72.50569630299998, 44.197444853000036], [-72.50568144699997, 44.19744429100007], [-72.50531084399995, 44.19746793400003], [-72.50529051599995, 44.19746821700005], [-72.50527253299998, 44.19746906100005], [-72.50525493999999, 44.19746821800004], [-72.50523343899994, 44.19746371900004], [-72.50520880899995, 44.197456970000076], [-72.50519082499994, 44.19744923700006], [-72.50517205999995, 44.19743953500006], [-72.50514977599994, 44.197426317000065], [-72.50513179199999, 44.19741211500008], [-72.50511497999997, 44.19739805300003], [-72.50510520599994, 44.19738750600004], [-72.50509738599999, 44.19737260100004], [-72.50508604699996, 44.19735418000005], [-72.50508135499996, 44.19734419500003], [-72.50501644399998, 44.19715056000007], [-72.50501370699999, 44.197143950000054], [-72.50502621699997, 44.19714423100004], [-72.50505123699998, 44.19714619900003], [-72.50510713999995, 44.197148868000056], [-72.50510831299994, 44.197148868000056], [-72.50519236299994, 44.197157161000064], [-72.50526585899996, 44.197163626000076], [-72.50532840899996, 44.197176701000046], [-72.50543474399996, 44.197192587000075], [-72.50556727199995, 44.19720439300005], [-72.50570878999997, 44.19721240200005], [-72.50583545199999, 44.19721563000007], [-72.50595624899995, 44.197211967000044], [-72.50596878199997, 44.19744005800004], [-72.50597152299997, 44.19747507300008], [-72.50590818999996, 44.19746312400008], [-72.50586323199997, 44.197455672000046], [-72.50585736799997, 44.19745468900004], [-72.50583547599996, 44.19745117400004], [-72.50579755399997, 44.197448645000065], [-72.50577136199996, 44.19744527100005]]]]}}, {"type": "Feature", "properties": {"OBJECTID": 8158, "SPAN": "036-011-13816", "GLIST_SPAN": "036-011-13816", "MAPID": "1035-VL00.0003", "PARCID": "1035-VL00-0003", "PROPTYPE": "PARCEL", "YEAR": 2023, "GLYEAR": 2022, "TOWN": "BARRE CITY", "TNAME": "Barre City", "SOURCENAME": null, "SOURCETYPE": "UNKNOWN", "SOURCEDATE": "UNKNOWN", "EDITMETHOD": "UNKNOWN", "EDITOR": "UNKNOWN", "EDITDATE": "UNKNOWN", "MATCHSTAT": "MATCH", "EDITNOTE": "UNKNOWN", "OWNER1": "CITY OF BARRE", "OWNER2": "", "ADDRGL1": "6 N MAIN ST", "ADDRGL2": "", "CITYGL": "BARRE", "STGL": "VT", "ZIPGL": "05641", "DESCPROP": "ROADWAY-0.67AC", "LOCAPROP": "MERCHANTS ROW  RDWY BETWEEN DEPOT/PROSPE", "CAT": "Miscellaneous", "RESCODE": "C", "ACRESGL": 0.67, "REAL_FLV": 269700, "HSTED_FLV": 0, "NRES_FLV": 269700, "LAND_LV": 269700, "IMPRV_LV": 0, "EQUIPVAL": 0, "EQUIPCODE": "", "INVENVAL": 0, "HSDECL": "N", "HSITEVAL": 0, "VETEXAMT": 0, "EXPDESC": "Statutory", "ENDDATE": "", "STATUTE": "", "EXAMT_HS": 0, "EXAMT_NR": 0, "UVREDUC_HS": 0, "UVREDUC_NR": 0, "GLVAL_HS": 0.0, "GLVAL_NR": 0.0, "CRHOUSPCT": 0.0, "MUNGL1PCT": 0.0, "AOEGL_HS": 0.0, "AOEGL_NR": 0.0, "E911ADDR": "MERCHANTS ROW", "SHAPE_Length": 0.00638541021650305, "SHAPE_Area": 3.2477493887032766e-07}, "geometry": {"type": "MultiPolygon", "coordinates": [[[[-72.50304833699994, 44.19801524800005], [-72.50300807499997, 44.197993309000026], [-72.50298004999996, 44.19801247400005], [-72.50294246799996, 44.19799674800004], [-72.50283119099998, 44.197950168000034], [-72.50284247899998, 44.19794218800007], [-72.50285308199994, 44.19793469600006], [-72.50282792899998, 44.19792303200006], [-72.50280577699994, 44.197912760000065], [-72.50276433699997, 44.197890261000055], [-72.50273657999998, 44.19787099700005], [-72.50270256699997, 44.197850466000034], [-72.50267441899996, 44.19782881100008], [-72.50267363699999, 44.197828249000054], [-72.50265381999998, 44.197812741000064], [-72.50264470699994, 44.197805609000056], [-72.50260678499995, 44.19777284400004], [-72.50260600299998, 44.19777214100003], [-72.50258980299998, 44.19775415000004], [-72.50258371799998, 44.19774739200005], [-72.50256565199999, 44.19772538800004], [-72.50256143199994, 44.19772025200007], [-72.50255752799995, 44.19771561500005], [-72.50255123699998, 44.197707018000074], [-72.50253601899993, 44.197686221000026], [-72.50244923099996, 44.19752000500006], [-72.50244561899996, 44.197513178000065], [-72.50243710799998, 44.197497088000034], [-72.50234757699997, 44.19732510500006], [-72.50234640399998, 44.197323278000056], [-72.50229323299999, 44.19722174700007], [-72.50222090499994, 44.19708506200004], [-72.50220370299996, 44.197053563000054], [-72.50210439999995, 44.19687230000005], [-72.50210400999998, 44.196870613000044], [-72.50203714999998, 44.19659653800005], [-72.50214139199994, 44.196584750000056], [-72.50220172399997, 44.19682876100006], [-72.50220367999998, 44.19683621400003], [-72.50240658699994, 44.19722053400005], [-72.50245623999996, 44.197320939000065], [-72.50255789099998, 44.197502341000074], [-72.50258838599996, 44.19756182400005], [-72.50262200999998, 44.19763157300008], [-72.50263608399996, 44.19764999500006], [-72.50265563199997, 44.19766911900007], [-72.50268768999996, 44.19769794600006], [-72.50272091999994, 44.19773071000003], [-72.50275024199993, 44.19775264700007], [-72.50277526299993, 44.19777444300007], [-72.50282334799994, 44.19779947200004], [-72.50285188799995, 44.19781972200008], [-72.50290036599995, 44.19784250200007], [-72.50303289499993, 44.19790352900003], [-72.50304550299995, 44.197908667000036], [-72.50320248599996, 44.19797412200006], [-72.50322750699996, 44.19798455500006], [-72.50322891999997, 44.19798628700005], [-72.50327211599995, 44.19800914600006], [-72.50347221699997, 44.19826524200005], [-72.50374487499994, 44.19858435300006], [-72.50389480799998, 44.19875537900003], [-72.50392666199997, 44.19879171200006], [-72.50387845899996, 44.19885020400005], [-72.50377071299994, 44.19875853900004], [-72.50371226599998, 44.19870547600004], [-72.50367017099995, 44.19866852100006], [-72.50355862499998, 44.19857059900005], [-72.50353569399994, 44.198550469000054], [-72.50353413599998, 44.19854906300003], [-72.50351836699997, 44.19853409700005], [-72.50344957199997, 44.19846879500005], [-72.50342036199999, 44.19844106700003], [-72.50341957999996, 44.198440504000075], [-72.50342264799997, 44.19843842500006], [-72.50343013099996, 44.198433332000036], [-72.50340935299994, 44.19841841700003], [-72.50334839899995, 44.19837466000007], [-72.50333825699994, 44.198367380000036], [-72.50334060299997, 44.19836597500006], [-72.50334431199997, 44.19836347700004], [-72.50340041599998, 44.198325614000055], [-72.50338363599997, 44.198307975000034], [-72.50336433999996, 44.19828772000005], [-72.50324090499998, 44.19815799400004], [-72.50314159899995, 44.19805689200007], [-72.50313050799997, 44.19805098000006], [-72.50311722599997, 44.19804385600003], [-72.50304833699994, 44.19801524800005]], [[-72.50207937599998, 44.19661565200005], [-72.50207823399995, 44.19661554000004], [-72.50207708299996, 44.19661554000004], [-72.50207594099999, 44.19661565200005], [-72.50207482999997, 44.19661587200005], [-72.50207377199996, 44.19661619800007], [-72.50207278299996, 44.19661662400006], [-72.50207188199994, 44.19661714000006], [-72.50207108599994, 44.19661774000008], [-72.50207040999999, 44.19661841000004], [-72.50206986399996, 44.19661914000005], [-72.50206945999997, 44.19661991600003], [-72.50206920499994, 44.19662072400007], [-72.50206910199995, 44.19662154900004], [-72.50206915499996, 44.19662237700004], [-72.50206936099994, 44.19662319300005], [-72.50206971799997, 44.19662398100007], [-72.50207021799997, 44.19662472700003], [-72.50207085399995, 44.19662541800005], [-72.50207161199995, 44.19662604200005], [-72.50207247999998, 44.196626587000026], [-72.50207344199998, 44.196627043000035], [-72.50207447999998, 44.19662740200005], [-72.50207557799996, 44.19662765700008], [-72.50207671099997, 44.19662780400006], [-72.50207860699999, 44.19662780400006], [-72.50207974099999, 44.19662765700008], [-72.50208083699994, 44.19662740200005], [-72.50208187499999, 44.196627043000035], [-72.50208283699999, 44.196626586000036], [-72.50208370599995, 44.19662604200005], [-72.50208446399995, 44.19662541800005], [-72.50208509999999, 44.19662472700003], [-72.50208559999999, 44.19662398100007], [-72.50208595699996, 44.19662319300005], [-72.50208616299994, 44.19662237700004], [-72.50208621599995, 44.19662154900004], [-72.50208611299996, 44.19662072400007], [-72.50208585799999, 44.19661991600003], [-72.50208545399994, 44.19661914000005], [-72.50208490799997, 44.19661841000004], [-72.50208423099997, 44.19661773900003], [-72.50208343499997, 44.19661714000006], [-72.50208253499994, 44.19661662400006], [-72.50208154599994, 44.19661619800007], [-72.50208048699994, 44.19661587200005], [-72.50207937599998, 44.19661565200005]], [[-72.50207886499999, 44.196632597000075], [-72.50207772299996, 44.196632485000066], [-72.50207657099998, 44.196632485000066], [-72.50207542999993, 44.196632597000075], [-72.50207431899997, 44.19663281700008], [-72.50207325999997, 44.19663314300004], [-72.50207227099997, 44.19663356900003], [-72.50207137099994, 44.19663408500003], [-72.50207057499995, 44.19663468500005], [-72.50206989799995, 44.19663535500007], [-72.50206935299997, 44.19663608500008], [-72.50206894899998, 44.19663686100006], [-72.50206869299996, 44.19663766900004], [-72.50206858999996, 44.19663849400007], [-72.50206864299997, 44.19663932200007], [-72.50206884899995, 44.19664013800008], [-72.50206920599999, 44.19664092600004], [-72.50206970699998, 44.196641672000055], [-72.50207034299996, 44.19664236400007], [-72.50207110099996, 44.196642987000075], [-72.50207196899999, 44.19664353200005], [-72.50207293099999, 44.19664398800006], [-72.50207396899998, 44.196644347000074], [-72.50207506499999, 44.19664460200005], [-72.50207619999998, 44.19664474900003], [-72.50207809599993, 44.19664474900003], [-72.50207922999994, 44.19664460200005], [-72.50208032599994, 44.196644347000074], [-72.50208136399993, 44.19664398800006], [-72.50208232599994, 44.19664353100006], [-72.50208319399997, 44.196642987000075], [-72.50208395299995, 44.19664236300008], [-72.50208458899994, 44.196641672000055], [-72.50208508899993, 44.19664092600004], [-72.50208544599997, 44.19664013800008], [-72.50208565199995, 44.19663932200007], [-72.50208570499996, 44.19663849400007], [-72.50208560199997, 44.19663766900004], [-72.50208534499995, 44.19663686100006], [-72.50208494099996, 44.19663608500008], [-72.50208439599999, 44.19663535500007], [-72.50208371899998, 44.19663468500005], [-72.50208292399998, 44.19663408500003], [-72.50208202299996, 44.19663356900003], [-72.50208103499995, 44.19663314300004], [-72.50207997499996, 44.19663281700008], [-72.50207886499999, 44.196632597000075]]]]}}, {"type": "Feature", "properties": {"OBJECTID": 8159, "SPAN": "036-011-13817", "GLIST_SPAN": "036-011-13817", "MAPID": "1035-VL00.0004", "PARCID": "1035-VL00-0004", "PROPTYPE": "PARCEL", "YEAR": 2023, "GLYEAR": 2022, "TOWN": "BARRE CITY", "TNAME": "Barre City", "SOURCENAME": null, "SOURCETYPE": "UNKNOWN", "SOURCEDATE": "UNKNOWN", "EDITMETHOD": "UNKNOWN", "EDITOR": "UNKNOWN", "EDITDATE": "UNKNOWN", "MATCHSTAT": "MATCH", "EDITNOTE": "UNKNOWN", "OWNER1": "CITY OF BARRE", "OWNER2": "", "ADDRGL1": "6 N MAIN ST", "ADDRGL2": "", "CITYGL": "BARRE", "STGL": "VT", "ZIPGL": "05641", "DESCPROP": "MINI PARKING LOT-0.14AC", "LOCAPROP": "MERCHANTS ROW    MINI PARKING LOT", "CAT": "Commercial", "RESCODE": "C", "ACRESGL": 0.14, "REAL_FLV": 42100, "HSTED_FLV": 0, "NRES_FLV": 42100, "LAND_LV": 42100, "IMPRV_LV": 0, "EQUIPVAL": 0, "EQUIPCODE": "", "INVENVAL": 0, "HSDECL": "N", "HSITEVAL": 0, "VETEXAMT": 0, "EXPDESC": "Statutory", "ENDDATE": "", "STATUTE": "", "EXAMT_HS": 0, "EXAMT_NR": 0, "UVREDUC_HS": 0, "UVREDUC_NR": 0, "GLVAL_HS": 0.0, "GLVAL_NR": 0.0, "CRHOUSPCT": 0.0, "MUNGL1PCT": 0.0, "AOEGL_HS": 0.0, "AOEGL_NR": 0.0, "E911ADDR": "MERCHANTS ROW", "SHAPE_Length": 0.0016092653774846559, "SHAPE_Area": 6.62276245148573e-08}, "geometry": {"type": "MultiPolygon", "coordinates": [[[[-72.50347221699997, 44.19826524200005], [-72.50349108399996, 44.198252740000044], [-72.50392458499994, 44.19858859900006], [-72.50406349699995, 44.198695652000026], [-72.50406361499995, 44.19869574300003], [-72.50392666199997, 44.19879171200006], [-72.50389480799998, 44.19875537900003], [-72.50374487499994, 44.19858435300006], [-72.50347221699997, 44.19826524200005]]]]}}, {"type": "Feature", "properties": {"OBJECTID": 8163, "SPAN": "036-011-13823", "GLIST_SPAN": "036-011-13823", "MAPID": "1590-0003.0001", "PARCID": "1590-0003-0001", "PROPTYPE": "PARCEL", "YEAR": 2023, "GLYEAR": 2022, "TOWN": "BARRE CITY", "TNAME": "Barre City", "SOURCENAME": null, "SOURCETYPE": "UNKNOWN", "SOURCEDATE": "UNKNOWN", "EDITMETHOD": "UNKNOWN", "EDITOR": "UNKNOWN", "EDITDATE": "UNKNOWN", "MATCHSTAT": "MATCH", "EDITNOTE": "UNKNOWN", "OWNER1": "RESOURCE; A NONPROFIT COMMUNITY", "OWNER2": "ENTERPRISE INC", "ADDRGL1": "329 HARVEST LN   STE 200", "ADDRGL2": "", "CITYGL": "WILLISTON", "STGL": "VT", "ZIPGL": "05495", "DESCPROP": "VAC LAND-0.11AC", "LOCAPROP": "WILLIAMS LN   3-01", "CAT": "Commercial", "RESCODE": "C", "ACRESGL": 0.11, "REAL_FLV": 49900, "HSTED_FLV": 0, "NRES_FLV": 49900, "LAND_LV": 49900, "IMPRV_LV": 0, "EQUIPVAL": 0, "EQUIPCODE": "", "INVENVAL": 0, "HSDECL": "N", "HSITEVAL": 49900, "VETEXAMT": 0, "EXPDESC": "Statutory", "ENDDATE": "", "STATUTE": "", "EXAMT_HS": 0, "EXAMT_NR": 0, "UVREDUC_HS": 0, "UVREDUC_NR": 0, "GLVAL_HS": 0.0, "GLVAL_NR": 0.0, "CRHOUSPCT": 0.0, "MUNGL1PCT": 0.0, "AOEGL_HS": 0.0, "AOEGL_NR": 0.0, "E911ADDR": "WILLIAMS LN", "SHAPE_Length": 0.0010929211304447999, "SHAPE_Area": 5.31593887908356e-08}, "geometry": {"type": "MultiPolygon", "coordinates": [[[[-72.50544438999998, 44.19905814300006], [-72.50567957699997, 44.198915089000025], [-72.50575699399997, 44.19931698000005], [-72.50544277599994, 44.19905912400003], [-72.50544438999998, 44.19905814300006]]]]}}, {"type": "Feature", "properties": {"OBJECTID": 184130, "SPAN": null, "GLIST_SPAN": null, "MAPID": null, "PARCID": null, "PROPTYPE": "PARCEL", "YEAR": 2023, "GLYEAR": null, "TOWN": "BARRE CITY", "TNAME": null, "SOURCENAME": null, "SOURCETYPE": "UNKNOWN", "SOURCEDATE": "UNKNOWN", "EDITMETHOD": "UNKNOWN", "EDITOR": "UNKNOWN", "EDITDATE": "UNKNOWN", "MATCHSTAT": "UNMATCHED", "EDITNOTE": "UNKNOWN", "OWNER1": null, "OWNER2": null, "ADDRGL1": null, "ADDRGL2": null, "CITYGL": null, "STGL": null, "ZIPGL": null, "DESCPROP": null, "LOCAPROP": null, "CAT": null, "RESCODE": null, "ACRESGL": null, "REAL_FLV": null, "HSTED_FLV": null, "NRES_FLV": null, "LAND_LV": null, "IMPRV_LV": null, "EQUIPVAL": null, "EQUIPCODE": null, "INVENVAL": null, "HSDECL": null, "HSITEVAL": null, "VETEXAMT": null, "EXPDESC": null, "ENDDATE": null, "STATUTE": null, "EXAMT_HS": null, "EXAMT_NR": null, "UVREDUC_HS": null, "UVREDUC_NR": null, "GLVAL_HS": null, "GLVAL_NR": null, "CRHOUSPCT": null, "MUNGL1PCT": null, "AOEGL_HS": null, "AOEGL_NR": null, "E911ADDR": null, "SHAPE_Length": 0.001305555799758305, "SHAPE_Area": 1.1407492145541516e-08}, "geometry": {"type": "MultiPolygon", "coordinates": [[[[-72.50664677299994, 44.19843310500005], [-72.50665810899994, 44.19842185500005], [-72.50668938699994, 44.19844491500004], [-72.50717067699998, 44.19879953900005], [-72.50715230499998, 44.19881107100008], [-72.50664677299994, 44.19843310500005]]]]}}, {"type": "Feature", "properties": {"OBJECTID": 184156, "SPAN": null, "GLIST_SPAN": null, "MAPID": null, "PARCID": null, "PROPTYPE": "ROW_ROAD", "YEAR": 2023, "GLYEAR": null, "TOWN": "BARRE CITY", "TNAME": null, "SOURCENAME": null, "SOURCETYPE": "UNKNOWN", "SOURCEDATE": "UNKNOWN", "EDITMETHOD": "UNKNOWN", "EDITOR": "VCGI", "EDITDATE": "20231019", "MATCHSTAT": "EXEMPT", "EDITNOTE": "Updated property type to road right-of-way", "OWNER1": null, "OWNER2": null, "ADDRGL1": null, "ADDRGL2": null, "CITYGL": null, "STGL": null, "ZIPGL": null, "DESCPROP": null, "LOCAPROP": null, "CAT": null, "RESCODE": null, "ACRESGL": null, "REAL_FLV": null, "HSTED_FLV": null, "NRES_FLV": null, "LAND_LV": null, "IMPRV_LV": null, "EQUIPVAL": null, "EQUIPCODE": null, "INVENVAL": null, "HSDECL": null, "HSITEVAL": null, "VETEXAMT": null, "EXPDESC": null, "ENDDATE": null, "STATUTE": null, "EXAMT_HS": null, "EXAMT_NR": null, "UVREDUC_HS": null, "UVREDUC_NR": null, "GLVAL_HS": null, "GLVAL_NR": null, "CRHOUSPCT": null, "MUNGL1PCT": null, "AOEGL_HS": null, "AOEGL_NR": null, "E911ADDR": null, "SHAPE_Length": 0.002907766555490678, "SHAPE_Area": 9.78748661511781e-08}, "geometry": {"type": "MultiPolygon", "coordinates": [[[[-72.50458135899999, 44.19876726800004], [-72.50456836099994, 44.198758129000055], [-72.50458223499999, 44.19874965500003], [-72.50467004199999, 44.198696023000025], [-72.50467137399994, 44.19869701300007], [-72.50469678599995, 44.198716137000076], [-72.50478550299994, 44.198700734000056], [-72.50486149199997, 44.19868593500007], [-72.50493474799998, 44.198665195000046], [-72.50500437399995, 44.198638764000066], [-72.50506951999995, 44.19860696600006], [-72.50512938899993, 44.198570191000044], [-72.50518325199994, 44.198528887000066], [-72.50523044799996, 44.19848355900007], [-72.50527040199995, 44.198434759000065], [-72.50561677499996, 44.19799626100007], [-72.50566626399996, 44.19801907500005], [-72.50566589399995, 44.198019577000025], [-72.50559555499996, 44.198114718000056], [-72.50532643099996, 44.198474969000074], [-72.50532508099997, 44.198476775000074], [-72.50528669599998, 44.19852355200004], [-72.50524171499995, 44.198567180000055], [-72.50519063299998, 44.19860718100006], [-72.50513400999995, 44.19864311500004], [-72.50507247099995, 44.198674588000074], [-72.50500668999996, 44.19870125300008], [-72.50494404399996, 44.19871335800008], [-72.50473629599998, 44.19885647000007], [-72.50472556499994, 44.19886386200005], [-72.50458837999997, 44.19877220600006], [-72.50458135899999, 44.19876726800004]]]]}}, {"type": "Feature", "properties": {"OBJECTID": 4112, "SPAN": "036-011-10409", "GLIST_SPAN": "036-011-10409", "MAPID": "1535-0010.0000", "PARCID": "1535-0010-0000", "PROPTYPE": "PARCEL", "YEAR": 2023, "GLYEAR": 2022, "TOWN": "BARRE CITY", "TNAME": "Barre City", "SOURCENAME": null, "SOURCETYPE": "UNKNOWN", "SOURCEDATE": "UNKNOWN", "EDITMETHOD": "UNKNOWN", "EDITOR": "UNKNOWN", "EDITDATE": "UNKNOWN", "MATCHSTAT": "MATCH", "EDITNOTE": "UNKNOWN", "OWNER1": "CITY OF BARRE", "OWNER2": "", "ADDRGL1": "6 N MAIN ST", "ADDRGL2": "", "CITYGL": "BARRE", "STGL": "VT", "ZIPGL": "05641-4115", "DESCPROP": "VAC LAND-0.17AC", "LOCAPROP": "WELLINGTON ST  10", "CAT": "Miscellaneous", "RESCODE": "C", "ACRESGL": 0.17, "REAL_FLV": 8980, "HSTED_FLV": 0, "NRES_FLV": 8980, "LAND_LV": 8980, "IMPRV_LV": 0, "EQUIPVAL": 0, "EQUIPCODE": "", "INVENVAL": 0, "HSDECL": "N", "HSITEVAL": 0, "VETEXAMT": 0, "EXPDESC": "Statutory", "ENDDATE": "", "STATUTE": "", "EXAMT_HS": 0, "EXAMT_NR": 0, "UVREDUC_HS": 0, "UVREDUC_NR": 0, "GLVAL_HS": 0.0, "GLVAL_NR": 0.0, "CRHOUSPCT": 0.0, "MUNGL1PCT": 0.0, "AOEGL_HS": 0.0, "AOEGL_NR": 0.0, "E911ADDR": "10 WELLINGTON ST", "SHAPE_Length": 0.0013551547187237902, "SHAPE_Area": 8.943287713806989e-08}, "geometry": {"type": "MultiPolygon", "coordinates": [[[[-72.50023535999998, 44.199637600000074], [-72.50031003099997, 44.199551960000065], [-72.50051958099993, 44.199685833000046], [-72.50049338699995, 44.19971423900006], [-72.50066736199994, 44.19992545500003], [-72.50066540599994, 44.19992658000007], [-72.50048908899998, 44.200031065000076], [-72.50048439799997, 44.200033595000036], [-72.50048283399997, 44.200031065000076], [-72.50038392199997, 44.199872722000066], [-72.50037023899995, 44.19985219200004], [-72.50027171899995, 44.19970256800008], [-72.50024826199996, 44.19966474000006], [-72.50023535999998, 44.199637600000074]]]]}}, {"type": "Feature", "properties": {"OBJECTID": 4128, "SPAN": "036-011-10417", "GLIST_SPAN": "036-011-10417", "MAPID": "0870-0037.0000", "PARCID": "0870-0037-0000", "PROPTYPE": "PARCEL", "YEAR": 2023, "GLYEAR": 2022, "TOWN": "BARRE CITY", "TNAME": "Barre City", "SOURCENAME": null, "SOURCETYPE": "UNKNOWN", "SOURCEDATE": "UNKNOWN", "EDITMETHOD": "UNKNOWN", "EDITOR": "UNKNOWN", "EDITDATE": "UNKNOWN", "MATCHSTAT": "MATCH", "EDITNOTE": "UNKNOWN", "OWNER1": "BRASSARD WILLIAM E & PAMELA A TRUSTEES", "OWNER2": "OF THE BRASSARD FAMILY TRUST W/LE", "ADDRGL1": "14 AYERS ST APT 1", "ADDRGL2": "", "CITYGL": "BARRE", "STGL": "VT", "ZIPGL": "05641", "DESCPROP": "8 APTS-0.17AC", "LOCAPROP": "JEFFERSON ST  37", "CAT": "Commercial Apt", "RESCODE": "T", "ACRESGL": 0.17, "REAL_FLV": 174700, "HSTED_FLV": 0, "NRES_FLV": 174700, "LAND_LV": 14080, "IMPRV_LV": 160620, "EQUIPVAL": 0, "EQUIPCODE": "", "INVENVAL": 0, "HSDECL": "N", "HSITEVAL": 0, "VETEXAMT": 0, "EXPDESC": "", "ENDDATE": "", "STATUTE": "", "EXAMT_HS": 0, "EXAMT_NR": 0, "UVREDUC_HS": 0, "UVREDUC_NR": 0, "GLVAL_HS": 0.0, "GLVAL_NR": 1747.0, "CRHOUSPCT": 0.0, "MUNGL1PCT": 1747.0, "AOEGL_HS": 0.0, "AOEGL_NR": 1747.0, "E911ADDR": "37 JEFFERSON ST", "SHAPE_Length": 0.0011564192060517172, "SHAPE_Area": 7.665845931165845e-08}, "geometry": {"type": "MultiPolygon", "coordinates": [[[[-72.49947380799995, 44.19801437900003], [-72.49951055599996, 44.19795967700003], [-72.49985106299994, 44.198078646000056], [-72.49972596199996, 44.19826384700008], [-72.49972322499997, 44.19826258200004], [-72.49950664499994, 44.198183690000064], [-72.49939249199997, 44.19814192500007], [-72.49947263599995, 44.198016067000026], [-72.49947380799995, 44.19801437900003]]]]}}, {"type": "Feature", "properties": {"OBJECTID": 4135, "SPAN": "036-011-10004", "GLIST_SPAN": "036-011-10004", "MAPID": "0890-0031.0000", "PARCID": "0890-0031-0000", "PROPTYPE": "PARCEL", "YEAR": 2023, "GLYEAR": 2022, "TOWN": "BARRE CITY", "TNAME": "Barre City", "SOURCENAME": null, "SOURCETYPE": "UNKNOWN", "SOURCEDATE": "UNKNOWN", "EDITMETHOD": "UNKNOWN", "EDITOR": "UNKNOWN", "EDITDATE": "UNKNOWN", "MATCHSTAT": "MATCH", "EDITNOTE": "UNKNOWN", "OWNER1": "DOWNSTREET HOUSING AND COMMUNITY", "OWNER2": "DEVELOPEMENT INC", "ADDRGL1": "22 KEITH AVE", "ADDRGL2": "", "CITYGL": "BARRE", "STGL": "VT", "ZIPGL": "05641", "DESCPROP": "3 APTS/BTY SHOP-0.10AC", "LOCAPROP": "KEITH AVE  31", "CAT": "Commercial", "RESCODE": "C", "ACRESGL": 0.1, "REAL_FLV": 156100, "HSTED_FLV": 0, "NRES_FLV": 156100, "LAND_LV": 40600, "IMPRV_LV": 115500, "EQUIPVAL": 0, "EQUIPCODE": "", "INVENVAL": 0, "HSDECL": "N", "HSITEVAL": 0, "VETEXAMT": 0, "EXPDESC": "", "ENDDATE": "", "STATUTE": "", "EXAMT_HS": 0, "EXAMT_NR": 0, "UVREDUC_HS": 0, "UVREDUC_NR": 0, "GLVAL_HS": 0.0, "GLVAL_NR": 1561.0, "CRHOUSPCT": 0.0, "MUNGL1PCT": 1561.0, "AOEGL_HS": 0.0, "AOEGL_NR": 1561.0, "E911ADDR": "31 KEITH AVE", "SHAPE_Length": 0.0008686405310273889, "SHAPE_Area": 4.403637474893813e-08}, "geometry": {"type": "MultiPolygon", "coordinates": [[[[-72.50080105399996, 44.198994103000075], [-72.50093866399999, 44.19883716600003], [-72.50114821199998, 44.19899325700004], [-72.50100121899999, 44.199090710000064], [-72.50080105399996, 44.198994103000075]]]]}}, {"type": "Feature", "properties": {"OBJECTID": 4164, "SPAN": "036-011-10435", "GLIST_SPAN": "036-011-10435", "MAPID": "1085-0002.0000", "PARCID": "1085-0002-0000", "PROPTYPE": "PARCEL", "YEAR": 2023, "GLYEAR": 2022, "TOWN": "BARRE CITY", "TNAME": "Barre City", "SOURCENAME": null, "SOURCETYPE": "UNKNOWN", "SOURCEDATE": "UNKNOWN", "EDITMETHOD": "UNKNOWN", "EDITOR": "UNKNOWN", "EDITDATE": "UNKNOWN", "MATCHSTAT": "MATCH", "EDITNOTE": "UNKNOWN", "OWNER1": "ALLEN BEVERLY", "OWNER2": "", "ADDRGL1": "2 NORTH ST", "ADDRGL2": "", "CITYGL": "BARRE", "STGL": "VT", "ZIPGL": "05641", "DESCPROP": "OFFICES-0.16AC", "LOCAPROP": "NORTH ST   2", "CAT": "Commercial", "RESCODE": "T", "ACRESGL": 0.16, "REAL_FLV": 163800, "HSTED_FLV": 163800, "NRES_FLV": 0, "LAND_LV": 20800, "IMPRV_LV": 143000, "EQUIPVAL": 0, "EQUIPCODE": "", "INVENVAL": 0, "HSDECL": "Y", "HSITEVAL": 163800, "VETEXAMT": 0, "EXPDESC": "", "ENDDATE": "", "STATUTE": "", "EXAMT_HS": 0, "EXAMT_NR": 0, "UVREDUC_HS": 0, "UVREDUC_NR": 0, "GLVAL_HS": 1638.0, "GLVAL_NR": 0.0, "CRHOUSPCT": 0.0, "MUNGL1PCT": 1638.0, "AOEGL_HS": 1638.0, "AOEGL_NR": 0.0, "E911ADDR": "2 NORTH  ST", "SHAPE_Length": 0.0011534303497284073, "SHAPE_Area": 8.018035361517937e-08}, "geometry": {"type": "MultiPolygon", "coordinates": [[[[-72.49738399599994, 44.197624278000035], [-72.49755442199995, 44.197404608000056], [-72.49782922199995, 44.19751581000003], [-72.49766877999997, 44.19772334100003], [-72.49765583999994, 44.19774007800004], [-72.49738399599994, 44.197624278000035]]]]}}, {"type": "Feature", "properties": {"OBJECTID": 4165, "SPAN": "036-011-10019", "GLIST_SPAN": "036-011-10019", "MAPID": "1440-0083.0000", "PARCID": "1440-0083-0000", "PROPTYPE": "PARCEL", "YEAR": 2023, "GLYEAR": 2022, "TOWN": "BARRE CITY", "TNAME": "Barre City", "SOURCENAME": null, "SOURCETYPE": "UNKNOWN", "SOURCEDATE": "UNKNOWN", "EDITMETHOD": "UNKNOWN", "EDITOR": "UNKNOWN", "EDITDATE": "UNKNOWN", "MATCHSTAT": "MATCH", "EDITNOTE": "UNKNOWN", "OWNER1": "AJA EUSEBIO JOSEPH JR", "OWNER2": "", "ADDRGL1": "83 TREMONT ST", "ADDRGL2": "", "CITYGL": "BARRE", "STGL": "VT", "ZIPGL": "05641", "DESCPROP": "1 FAM-0.21AC", "LOCAPROP": "TREMONT ST  83", "CAT": "Residential-1", "RESCODE": "T", "ACRESGL": 0.21, "REAL_FLV": 138100, "HSTED_FLV": 138100, "NRES_FLV": 0, "LAND_LV": 19980, "IMPRV_LV": 118120, "EQUIPVAL": 0, "EQUIPCODE": "", "INVENVAL": 0, "HSDECL": "Y", "HSITEVAL": 138100, "VETEXAMT": 0, "EXPDESC": "", "ENDDATE": "", "STATUTE": "", "EXAMT_HS": 0, "EXAMT_NR": 0, "UVREDUC_HS": 0, "UVREDUC_NR": 0, "GLVAL_HS": 1381.0, "GLVAL_NR": 0.0, "CRHOUSPCT": 0.0, "MUNGL1PCT": 1381.0, "AOEGL_HS": 1381.0, "AOEGL_NR": 0.0, "E911ADDR": "83 TREMONT ST", "SHAPE_Length": 0.001281059982540521, "SHAPE_Area": 9.250552452055144e-08}, "geometry": {"type": "MultiPolygon", "coordinates": [[[[-72.49739081699994, 44.19976019400008], [-72.49762266299996, 44.19943142200003], [-72.49784549999998, 44.19951439300007], [-72.49784706399998, 44.19951495600003], [-72.49761209099995, 44.19984260500007], [-72.49739941799999, 44.19976342900003], [-72.49739081699994, 44.19976019400008]]]]}}, {"type": "Feature", "properties": {"OBJECTID": 4175, "SPAN": "036-011-10024", "GLIST_SPAN": "036-011-10024", "MAPID": "1515-0006.0000", "PARCID": "1515-0006-0000", "PROPTYPE": "PARCEL", "YEAR": 2023, "GLYEAR": 2022, "TOWN": "BARRE CITY", "TNAME": "Barre City", "SOURCENAME": null, "SOURCETYPE": "UNKNOWN", "SOURCEDATE": "UNKNOWN", "EDITMETHOD": "UNKNOWN", "EDITOR": "UNKNOWN", "EDITDATE": "UNKNOWN", "MATCHSTAT": "MATCH", "EDITNOTE": "UNKNOWN", "OWNER1": "ALDRICH PUBLIC LIBRARY", "OWNER2": "", "ADDRGL1": "6 WASHINGTON ST", "ADDRGL2": "", "CITYGL": "BARRE", "STGL": "VT", "ZIPGL": "05641", "DESCPROP": "LIBRARY/PKNG LOT-0.76AC", "LOCAPROP": "WASHINGTON ST   6", "CAT": "Commercial", "RESCODE": "C", "ACRESGL": 0.76, "REAL_FLV": 3242300, "HSTED_FLV": 0, "NRES_FLV": 3242300, "LAND_LV": 243300, "IMPRV_LV": 2999000, "EQUIPVAL": 0, "EQUIPCODE": "", "INVENVAL": 0, "HSDECL": "N", "HSITEVAL": 0, "VETEXAMT": 0, "EXPDESC": "Statutory", "ENDDATE": "", "STATUTE": "", "EXAMT_HS": 0, "EXAMT_NR": 0, "UVREDUC_HS": 0, "UVREDUC_NR": 0, "GLVAL_HS": 0.0, "GLVAL_NR": 0.0, "CRHOUSPCT": 0.0, "MUNGL1PCT": 0.0, "AOEGL_HS": 0.0, "AOEGL_NR": 0.0, "E911ADDR": "6 WASHINGTON ST", "SHAPE_Length": 0.002365958176622834, "SHAPE_Area": 3.334377492980023e-07}, "geometry": {"type": "MultiPolygon", "coordinates": [[[[-72.50080884899995, 44.19722927600003], [-72.50080962999994, 44.197227729000076], [-72.50120799299998, 44.19740336400008], [-72.50100862599999, 44.19794322100006], [-72.50061143399995, 44.19784295900007], [-72.50038117199995, 44.19779106900006], [-72.50037999899996, 44.19779064800008], [-72.50080884899995, 44.19722927600003]]]]}}, {"type": "Feature", "properties": {"OBJECTID": 4212, "SPAN": "036-011-10460", "GLIST_SPAN": "036-011-10460", "MAPID": "0080-0010.0000", "PARCID": "0080-0010-0000", "PROPTYPE": "PARCEL", "YEAR": 2023, "GLYEAR": 2022, "TOWN": "BARRE CITY", "TNAME": "Barre City", "SOURCENAME": null, "SOURCETYPE": "UNKNOWN", "SOURCEDATE": "UNKNOWN", "EDITMETHOD": "UNKNOWN", "EDITOR": "UNKNOWN", "EDITDATE": "UNKNOWN", "MATCHSTAT": "MATCH", "EDITNOTE": "UNKNOWN", "OWNER1": "KERSHAW ROBERT E", "OWNER2": "", "ADDRGL1": "10 AVERILL ST", "ADDRGL2": "", "CITYGL": "BARRE", "STGL": "VT", "ZIPGL": "05641", "DESCPROP": "1 FAM-0.26AC", "LOCAPROP": "AVERILL ST  10", "CAT": "Residential-1", "RESCODE": "T", "ACRESGL": 0.26, "REAL_FLV": 191900, "HSTED_FLV": 0, "NRES_FLV": 191900, "LAND_LV": 25500, "IMPRV_LV": 166400, "EQUIPVAL": 0, "EQUIPCODE": "", "INVENVAL": 0, "HSDECL": "N", "HSITEVAL": 191900, "VETEXAMT": 0, "EXPDESC": "", "ENDDATE": "", "STATUTE": "", "EXAMT_HS": 0, "EXAMT_NR": 0, "UVREDUC_HS": 0, "UVREDUC_NR": 0, "GLVAL_HS": 0.0, "GLVAL_NR": 1919.0, "CRHOUSPCT": 0.0, "MUNGL1PCT": 1919.0, "AOEGL_HS": 0.0, "AOEGL_NR": 1919.0, "E911ADDR": "10 AVERILL ST", "SHAPE_Length": 0.001519685302238152, "SHAPE_Area": 1.2815828066654694e-07}, "geometry": {"type": "MultiPolygon", "coordinates": [[[[-72.49866181399995, 44.19877880300004], [-72.49888583199998, 44.19833963800005], [-72.49915127899999, 44.19843948300007], [-72.49916559599995, 44.198444823000045], [-72.49900384499995, 44.198673917000065], [-72.49887952699999, 44.19884999400006], [-72.49887878499999, 44.198849962000054], [-72.49884477399996, 44.19884447700008], [-72.49884045699997, 44.19884416200006], [-72.49882561699997, 44.198838711000064], [-72.49880685199997, 44.19882985100003], [-72.49870051699997, 44.19879300700006], [-72.49866103199997, 44.19878035000005], [-72.49866181399995, 44.19877880300004]]]]}}, {"type": "Feature", "properties": {"OBJECTID": 4216, "SPAN": "036-011-10462", "GLIST_SPAN": "036-011-10462", "MAPID": "0870-0014.0000", "PARCID": "0870-0014-0000", "PROPTYPE": "PARCEL", "YEAR": 2023, "GLYEAR": 2022, "TOWN": "BARRE CITY", "TNAME": "Barre City", "SOURCENAME": null, "SOURCETYPE": "UNKNOWN", "SOURCEDATE": "UNKNOWN", "EDITMETHOD": "UNKNOWN", "EDITOR": "UNKNOWN", "EDITDATE": "UNKNOWN", "MATCHSTAT": "MATCH", "EDITNOTE": "UNKNOWN", "OWNER1": "MODERN PRINTING LLC", "OWNER2": "", "ADDRGL1": "14 JEFFERSON ST", "ADDRGL2": "", "CITYGL": "BARRE", "STGL": "VT", "ZIPGL": "05641", "DESCPROP": "PRINTING CO-0.23AC", "LOCAPROP": "JEFFERSON ST  14", "CAT": "Industrial", "RESCODE": "C", "ACRESGL": 0.23, "REAL_FLV": 415600, "HSTED_FLV": 0, "NRES_FLV": 415600, "LAND_LV": 58000, "IMPRV_LV": 357600, "EQUIPVAL": 0, "EQUIPCODE": "", "INVENVAL": 0, "HSDECL": "N", "HSITEVAL": 0, "VETEXAMT": 0, "EXPDESC": "", "ENDDATE": "", "STATUTE": "", "EXAMT_HS": 0, "EXAMT_NR": 0, "UVREDUC_HS": 0, "UVREDUC_NR": 0, "GLVAL_HS": 0.0, "GLVAL_NR": 4156.0, "CRHOUSPCT": 0.0, "MUNGL1PCT": 4156.0, "AOEGL_HS": 0.0, "AOEGL_NR": 4156.0, "E911ADDR": "14 JEFFERSON ST", "SHAPE_Length": 0.0013906780585940701, "SHAPE_Area": 1.11475430047042e-07}, "geometry": {"type": "MultiPolygon", "coordinates": [[[[-72.50005786799994, 44.19807175500006], [-72.50018492299995, 44.19789386600007], [-72.50056569599997, 44.197975849000045], [-72.50056764999994, 44.19797627100007], [-72.50056725999997, 44.19797697400003], [-72.50039603099998, 44.198180035000064], [-72.50039094799996, 44.19818664400003], [-72.50033621699998, 44.19825090900008], [-72.50001369299997, 44.19813812900003], [-72.50005786799994, 44.19807175500006]]]]}}, {"type": "Feature", "properties": {"OBJECTID": 4221, "SPAN": "036-011-10049", "GLIST_SPAN": "036-011-10049", "MAPID": "1405-0037.0000", "PARCID": "1405-0037-0000", "PROPTYPE": "PARCEL", "YEAR": 2023, "GLYEAR": 2022, "TOWN": "BARRE CITY", "TNAME": "Barre City", "SOURCENAME": null, "SOURCETYPE": "UNKNOWN", "SOURCEDATE": "UNKNOWN", "EDITMETHOD": "UNKNOWN", "EDITOR": "UNKNOWN", "EDITDATE": "UNKNOWN", "MATCHSTAT": "MATCH", "EDITNOTE": "UNKNOWN", "OWNER1": "CENTRAL VERMONT RENTALS LLC", "OWNER2": "", "ADDRGL1": "404 BAPTIST ST", "ADDRGL2": "", "CITYGL": "GRANITEVILLE", "STGL": "VT", "ZIPGL": "05654", "DESCPROP": "4 APTS-0.26A", "LOCAPROP": "SUMMER ST  37", "CAT": "Residential-1", "RESCODE": "C", "ACRESGL": 0.26, "REAL_FLV": 194900, "HSTED_FLV": 0, "NRES_FLV": 194900, "LAND_LV": 19000, "IMPRV_LV": 175900, "EQUIPVAL": 0, "EQUIPCODE": "", "INVENVAL": 0, "HSDECL": "N", "HSITEVAL": 0, "VETEXAMT": 0, "EXPDESC": "", "ENDDATE": "", "STATUTE": "", "EXAMT_HS": 0, "EXAMT_NR": 0, "UVREDUC_HS": 0, "UVREDUC_NR": 0, "GLVAL_HS": 0.0, "GLVAL_NR": 1949.0, "CRHOUSPCT": 0.0, "MUNGL1PCT": 1949.0, "AOEGL_HS": 0.0, "AOEGL_NR": 1949.0, "E911ADDR": "37 SUMMER ST", "SHAPE_Length": 0.0016741541268804668, "SHAPE_Area": 1.1724960319215344e-07}, "geometry": {"type": "MultiPolygon", "coordinates": [[[[-72.50141094699995, 44.199878339000065], [-72.50163456599995, 44.19971127500003], [-72.50173386799997, 44.19975739800003], [-72.50177061799997, 44.19977413200007], [-72.50180306699997, 44.19979410000008], [-72.50184059899993, 44.19981772400007], [-72.50185467299997, 44.199827568000046], [-72.50185115499994, 44.19983403600003], [-72.50184216299994, 44.19984388000006], [-72.50171159099995, 44.20002388100005], [-72.50169321799996, 44.20004933400003], [-72.50175498899995, 44.20007984800003], [-72.50175577099998, 44.20008012900007], [-72.50162832399997, 44.20020317700005], [-72.50149344399995, 44.200165913000035], [-72.50158453299997, 44.20002852300007], [-72.50136325299997, 44.199922496000056], [-72.50135738799997, 44.19991841700005], [-72.50141094699995, 44.199878339000065]]]]}}, {"type": "Feature", "properties": {"OBJECTID": 4223, "SPAN": "036-011-10050", "GLIST_SPAN": "036-011-10050", "MAPID": "1405-0039.0000", "PARCID": "1405-0039-0000", "PROPTYPE": "PARCEL", "YEAR": 2023, "GLYEAR": 2022, "TOWN": "BARRE CITY", "TNAME": "Barre City", "SOURCENAME": null, "SOURCETYPE": "UNKNOWN", "SOURCEDATE": "UNKNOWN", "EDITMETHOD": "UNKNOWN", "EDITOR": "UNKNOWN", "EDITDATE": "UNKNOWN", "MATCHSTAT": "MATCH", "EDITNOTE": "UNKNOWN", "OWNER1": "CENTRAL VERMONT RENTALS LLC", "OWNER2": "", "ADDRGL1": "404 BAPTIST ST", "ADDRGL2": "", "CITYGL": "GRANITEVILLE", "STGL": "VT", "ZIPGL": "05654", "DESCPROP": "4 APTS-0.30AC", "LOCAPROP": "SUMMER ST  39", "CAT": "Residential-1", "RESCODE": "C", "ACRESGL": 0.3, "REAL_FLV": 110700, "HSTED_FLV": 0, "NRES_FLV": 110700, "LAND_LV": 19700, "IMPRV_LV": 91000, "EQUIPVAL": 0, "EQUIPCODE": "", "INVENVAL": 0, "HSDECL": "N", "HSITEVAL": 110700, "VETEXAMT": 0, "EXPDESC": "", "ENDDATE": "", "STATUTE": "", "EXAMT_HS": 0, "EXAMT_NR": 0, "UVREDUC_HS": 0, "UVREDUC_NR": 0, "GLVAL_HS": 0.0, "GLVAL_NR": 1107.0, "CRHOUSPCT": 0.0, "MUNGL1PCT": 1107.0, "AOEGL_HS": 0.0, "AOEGL_NR": 1107.0, "E911ADDR": "39 SUMMER ST", "SHAPE_Length": 0.0015539493804271147, "SHAPE_Area": 1.1706394614417598e-07}, "geometry": {"type": "MultiPolygon", "coordinates": [[[[-72.50188009899995, 44.200258579000035], [-72.50183318399996, 44.20023692400008], [-72.50157867399997, 44.20025281800008], [-72.50162832399997, 44.20020317700005], [-72.50175577099998, 44.20008012900007], [-72.50175498899995, 44.20007984800003], [-72.50169321799996, 44.20004933400003], [-72.50171159099995, 44.20002388100005], [-72.50184216299994, 44.19984388000006], [-72.50185115499994, 44.19983403600003], [-72.50185467299997, 44.199827568000046], [-72.50185936399998, 44.19983094300005], [-72.50192700099996, 44.199877066000056], [-72.50197117899995, 44.19991208000005], [-72.50200089199996, 44.19993837700008], [-72.50203295099993, 44.19996790700003], [-72.50204311599998, 44.19997775100006], [-72.50204467999998, 44.19997957800007], [-72.50208025799998, 44.20000967200008], [-72.50197822699994, 44.20025646700003], [-72.50188244499998, 44.20025914100006], [-72.50188009899995, 44.200258579000035]]]]}}, {"type": "Feature", "properties": {"OBJECTID": 4317, "SPAN": "036-011-10100", "GLIST_SPAN": "036-011-10100", "MAPID": "1440-0089.0000", "PARCID": "1440-0089-0000", "PROPTYPE": "PARCEL", "YEAR": 2023, "GLYEAR": 2022, "TOWN": "BARRE CITY", "TNAME": "Barre City", "SOURCENAME": null, "SOURCETYPE": "UNKNOWN", "SOURCEDATE": "UNKNOWN", "EDITMETHOD": "UNKNOWN", "EDITOR": "UNKNOWN", "EDITDATE": "UNKNOWN", "MATCHSTAT": "MATCH", "EDITNOTE": "UNKNOWN", "OWNER1": "AVERILL CHARLES W III & ROSEMARY LM", "OWNER2": "", "ADDRGL1": "89 TREMONT ST", "ADDRGL2": "", "CITYGL": "BARRE", "STGL": "VT", "ZIPGL": "05641-3515", "DESCPROP": "1 FAM-0.20AC", "LOCAPROP": "TREMONT ST  89", "CAT": "Residential-1", "RESCODE": "T", "ACRESGL": 0.2, "REAL_FLV": 160750, "HSTED_FLV": 160750, "NRES_FLV": 0, "LAND_LV": 19170, "IMPRV_LV": 141580, "EQUIPVAL": 0, "EQUIPCODE": "", "INVENVAL": 0, "HSDECL": "Y", "HSITEVAL": 160750, "VETEXAMT": 0, "EXPDESC": "", "ENDDATE": "", "STATUTE": "", "EXAMT_HS": 0, "EXAMT_NR": 0, "UVREDUC_HS": 0, "UVREDUC_NR": 0, "GLVAL_HS": 1608.0, "GLVAL_NR": 0.0, "CRHOUSPCT": 0.0, "MUNGL1PCT": 1607.5, "AOEGL_HS": 1608.0, "AOEGL_NR": 0.0, "E911ADDR": "89 TREMONT ST", "SHAPE_Length": 0.0012826109955986554, "SHAPE_Area": 9.296494760745654e-08}, "geometry": {"type": "MultiPolygon", "coordinates": [[[[-72.49716524399997, 44.199674549000065], [-72.49740021799994, 44.199348730000054], [-72.49759412399999, 44.199420874000054], [-72.49762266299996, 44.19943142200003], [-72.49739081699994, 44.19976019400008], [-72.49716837199998, 44.199675815000035], [-72.49716524399997, 44.199674549000065]]]]}}, {"type": "Feature", "properties": {"OBJECTID": 4325, "SPAN": "036-011-10104", "GLIST_SPAN": "036-011-10104", "MAPID": "1145-0017.0000", "PARCID": "1145-0017-0000", "PROPTYPE": "PARCEL", "YEAR": 2023, "GLYEAR": 2022, "TOWN": "BARRE CITY", "TNAME": "Barre City", "SOURCENAME": null, "SOURCETYPE": "UNKNOWN", "SOURCEDATE": "UNKNOWN", "EDITMETHOD": "UNKNOWN", "EDITOR": "UNKNOWN", "EDITDATE": "UNKNOWN", "MATCHSTAT": "MATCH", "EDITNOTE": "UNKNOWN", "OWNER1": "AYLWARD FAMILY TRUST 2.0 (WITH LIFE EST)", "OWNER2": "AYLWARD MARIA & PELKEY KRISTIN L:CO-TRUS", "ADDRGL1": "17 PARK ST", "ADDRGL2": "", "CITYGL": "BARRE", "STGL": "VT", "ZIPGL": "05641", "DESCPROP": "1 FAM-0.09AC", "LOCAPROP": "PARK ST  17", "CAT": "Residential-1", "RESCODE": "T", "ACRESGL": 0.09, "REAL_FLV": 146390, "HSTED_FLV": 146390, "NRES_FLV": 0, "LAND_LV": 12060, "IMPRV_LV": 134330, "EQUIPVAL": 0, "EQUIPCODE": "", "INVENVAL": 0, "HSDECL": "Y", "HSITEVAL": 146390, "VETEXAMT": 0, "EXPDESC": "", "ENDDATE": "", "STATUTE": "", "EXAMT_HS": 0, "EXAMT_NR": 0, "UVREDUC_HS": 0, "UVREDUC_NR": 0, "GLVAL_HS": 1464.0, "GLVAL_NR": 0.0, "CRHOUSPCT": 0.0, "MUNGL1PCT": 1463.9, "AOEGL_HS": 1464.0, "AOEGL_NR": 0.0, "E911ADDR": "17 PARK ST", "SHAPE_Length": 0.000881897510078007, "SHAPE_Area": 4.127089915872439e-08}, "geometry": {"type": "MultiPolygon", "coordinates": [[[[-72.49729316699995, 44.19774134900007], [-72.49738399599994, 44.197624278000035], [-72.49765583999994, 44.19774007800004], [-72.49757657199996, 44.197842611000056], [-72.49756991599997, 44.19785121900003], [-72.49729316699995, 44.19774134900007]]]]}}, {"type": "Feature", "properties": {"OBJECTID": 4326, "SPAN": "036-011-10520", "GLIST_SPAN": "036-011-10520", "MAPID": "0510-0019.0000", "PARCID": "0510-0019-0000", "PROPTYPE": "PARCEL", "YEAR": 2023, "GLYEAR": 2022, "TOWN": "BARRE CITY", "TNAME": "Barre City", "SOURCENAME": null, "SOURCETYPE": "UNKNOWN", "SOURCEDATE": "UNKNOWN", "EDITMETHOD": "UNKNOWN", "EDITOR": "UNKNOWN", "EDITDATE": "UNKNOWN", "MATCHSTAT": "MATCH", "EDITNOTE": "UNKNOWN", "OWNER1": "CAMPBELL DAVID K & GAY T - TRUSTEES OF", "OWNER2": "THE CAMPBELL REV TRUST W/LIFE ESTATE", "ADDRGL1": "36 RICHARDSON RD", "ADDRGL2": "", "CITYGL": "BARRE", "STGL": "VT", "ZIPGL": "05641-5103", "DESCPROP": "1 FAMILY/4 APTS-2 BLDGS-0.23AC", "LOCAPROP": "EASTERN AVE  19", "CAT": "Commercial Apt", "RESCODE": "C", "ACRESGL": 0.23, "REAL_FLV": 289700, "HSTED_FLV": 0, "NRES_FLV": 289700, "LAND_LV": 22800, "IMPRV_LV": 266900, "EQUIPVAL": 0, "EQUIPCODE": "", "INVENVAL": 0, "HSDECL": "N", "HSITEVAL": 119500, "VETEXAMT": 0, "EXPDESC": "", "ENDDATE": "", "STATUTE": "", "EXAMT_HS": 0, "EXAMT_NR": 0, "UVREDUC_HS": 0, "UVREDUC_NR": 0, "GLVAL_HS": 0.0, "GLVAL_NR": 2897.0, "CRHOUSPCT": 0.0, "MUNGL1PCT": 2897.0, "AOEGL_HS": 0.0, "AOEGL_NR": 2897.0, "E911ADDR": "19 EASTERN AVE", "SHAPE_Length": 0.0014628788297378122, "SHAPE_Area": 1.080237855789786e-07}, "geometry": {"type": "MultiPolygon", "coordinates": [[[[-72.49766062099997, 44.19849852400006], [-72.49779159199994, 44.19836296600005], [-72.49779941099996, 44.198367044000065], [-72.49781387499996, 44.19837702800004], [-72.49787016899995, 44.19841331100008], [-72.49787134199994, 44.198414014000036], [-72.49795148199996, 44.19846942000004], [-72.49795382799994, 44.19847096800004], [-72.49795265599994, 44.198472233000075], [-72.49764379799996, 44.19884488000008], [-72.49764262399998, 44.198846708000076], [-72.49742252799996, 44.19876345400007], [-72.49766062099997, 44.19849852400006]]]]}}, {"type": "Feature", "properties": {"OBJECTID": 4383, "SPAN": "036-011-10550", "GLIST_SPAN": "036-011-10550", "MAPID": "1095-0081.0000", "PARCID": "1095-0081-0000", "PROPTYPE": "PARCEL", "YEAR": 2023, "GLYEAR": 2022, "TOWN": "BARRE CITY", "TNAME": "Barre City", "SOURCENAME": null, "SOURCETYPE": "UNKNOWN", "SOURCEDATE": "UNKNOWN", "EDITMETHOD": "UNKNOWN", "EDITOR": "UNKNOWN", "EDITDATE": "UNKNOWN", "MATCHSTAT": "MATCH", "EDITNOTE": "UNKNOWN", "OWNER1": "THE GREEN BLOCK LLC", "OWNER2": "", "ADDRGL1": "36 DRURY DRIVE", "ADDRGL2": "", "CITYGL": "ESSEX JUNCTION", "STGL": "VT", "ZIPGL": "05452", "DESCPROP": "5 APTS/OFFICES-0.21AC", "LOCAPROP": "N MAIN ST   81", "CAT": "Commercial", "RESCODE": "C", "ACRESGL": 0.21, "REAL_FLV": 438100, "HSTED_FLV": 0, "NRES_FLV": 438100, "LAND_LV": 98200, "IMPRV_LV": 339900, "EQUIPVAL": 0, "EQUIPCODE": "", "INVENVAL": 0, "HSDECL": "N", "HSITEVAL": 0, "VETEXAMT": 0, "EXPDESC": "", "ENDDATE": "", "STATUTE": "", "EXAMT_HS": 0, "EXAMT_NR": 0, "UVREDUC_HS": 0, "UVREDUC_NR": 0, "GLVAL_HS": 0.0, "GLVAL_NR": 4381.0, "CRHOUSPCT": 0.0, "MUNGL1PCT": 4381.0, "AOEGL_HS": 0.0, "AOEGL_NR": 4381.0, "E911ADDR": "81 N MAIN ST", "SHAPE_Length": 0.0017254502304016933, "SHAPE_Area": 1.3268455968309077e-07}, "geometry": {"type": "MultiPolygon", "coordinates": [[[[-72.50138862199998, 44.198137872000075], [-72.50141509999997, 44.198067768000044], [-72.50141947199995, 44.198058984000056], [-72.50144223499996, 44.19805184200004], [-72.50151887099997, 44.19802769100005], [-72.50157199699999, 44.19807376700004], [-72.50187224499996, 44.19790202900003], [-72.50190266499999, 44.19788462900004], [-72.50203567999995, 44.197997558000054], [-72.50203914899998, 44.19800050200007], [-72.50204072799994, 44.19800165600003], [-72.50204060699997, 44.19800174100004], [-72.50204052499998, 44.19800179600003], [-72.50163947899995, 44.19828114500007], [-72.50163400399998, 44.198284959000034], [-72.50157574899998, 44.19832448900007], [-72.50155730099993, 44.198315415000025], [-72.50137406099998, 44.19822321600003], [-72.50140662899997, 44.19817178100004], [-72.50138067799998, 44.19815920900004], [-72.50138862199998, 44.198137872000075]]]]}}, {"type": "Feature", "properties": {"OBJECTID": 4397, "SPAN": "036-011-10817", "GLIST_SPAN": "036-011-10817", "MAPID": "1095-0105.0000", "PARCID": "1095-0105-0000", "PROPTYPE": "PARCEL", "YEAR": 2023, "GLYEAR": 2022, "TOWN": "BARRE CITY", "TNAME": "Barre City", "SOURCENAME": null, "SOURCETYPE": "UNKNOWN", "SOURCEDATE": "UNKNOWN", "EDITMETHOD": "UNKNOWN", "EDITOR": "UNKNOWN", "EDITDATE": "UNKNOWN", "MATCHSTAT": "MATCH", "EDITNOTE": "UNKNOWN", "OWNER1": "MALONE 210 COLLEGE ST PROPERTIES INC", "OWNER2": "", "ADDRGL1": "338 RIVER ST", "ADDRGL2": "", "CITYGL": "MONTPELIER", "STGL": "VT", "ZIPGL": "05602", "DESCPROP": "SHOPS/OFFICES-0.82AC", "LOCAPROP": "N MAIN ST  105", "CAT": "Commercial", "RESCODE": "S", "ACRESGL": 0.82, "REAL_FLV": 1032469, "HSTED_FLV": 0, "NRES_FLV": 1032469, "LAND_LV": 477369, "IMPRV_LV": 555100, "EQUIPVAL": 0, "EQUIPCODE": "", "INVENVAL": 0, "HSDECL": "N", "HSITEVAL": 0, "VETEXAMT": 0, "EXPDESC": "", "ENDDATE": "", "STATUTE": "", "EXAMT_HS": 0, "EXAMT_NR": 0, "UVREDUC_HS": 0, "UVREDUC_NR": 0, "GLVAL_HS": 0.0, "GLVAL_NR": 10324.69, "CRHOUSPCT": 0.0, "MUNGL1PCT": 10324.69, "AOEGL_HS": 0.0, "AOEGL_NR": 10324.69, "E911ADDR": "105 N MAIN ST", "SHAPE_Length": 0.003048132946890926, "SHAPE_Area": 3.677919204080395e-07}, "geometry": {"type": "MultiPolygon", "coordinates": [[[[-72.50108409099994, 44.198667854000064], [-72.50120665899993, 44.19853216400003], [-72.50120697399996, 44.198531814000035], [-72.50120891399996, 44.19852885900008], [-72.50130785999994, 44.19855895200004], [-72.50142729099997, 44.19841921300008], [-72.50143547599998, 44.19842188300004], [-72.50144004299995, 44.19841759600007], [-72.50155842399994, 44.19833637500005], [-72.50157574899998, 44.19832448900007], [-72.50163400399998, 44.198284959000034], [-72.50163947899995, 44.19828114500007], [-72.50204052499998, 44.19800179600003], [-72.50204060699997, 44.19800174100004], [-72.50204072799994, 44.19800165600003], [-72.50232116499996, 44.198206593000066], [-72.50229120399996, 44.19822607400005], [-72.50137008099995, 44.19884434000005], [-72.50108409099994, 44.198667854000064]]]]}}, {"type": "Feature", "properties": {"OBJECTID": 4416, "SPAN": "036-011-10831", "GLIST_SPAN": "036-011-10831", "MAPID": "1095-0159.0000", "PARCID": "1095-0159-0000", "PROPTYPE": "PARCEL", "YEAR": 2023, "GLYEAR": 2022, "TOWN": "BARRE CITY", "TNAME": "Barre City", "SOURCENAME": null, "SOURCETYPE": "UNKNOWN", "SOURCEDATE": "UNKNOWN", "EDITMETHOD": "UNKNOWN", "EDITOR": "UNKNOWN", "EDITDATE": "UNKNOWN", "MATCHSTAT": "MATCH", "EDITNOTE": "UNKNOWN", "OWNER1": "SMC HOLDINGS LLC", "OWNER2": "", "ADDRGL1": "142 CATE FARM ROAD", "ADDRGL2": "", "CITYGL": "PLAINFIELD", "STGL": "VT", "ZIPGL": "05667", "DESCPROP": "RETAIL-0.27AC", "LOCAPROP": "N MAIN ST  159", "CAT": "Commercial", "RESCODE": "C", "ACRESGL": 0.27, "REAL_FLV": 454800, "HSTED_FLV": 0, "NRES_FLV": 454800, "LAND_LV": 90200, "IMPRV_LV": 364600, "EQUIPVAL": 0, "EQUIPCODE": "", "INVENVAL": 0, "HSDECL": "N", "HSITEVAL": 0, "VETEXAMT": 0, "EXPDESC": "", "ENDDATE": "", "STATUTE": "", "EXAMT_HS": 0, "EXAMT_NR": 0, "UVREDUC_HS": 0, "UVREDUC_NR": 0, "GLVAL_HS": 0.0, "GLVAL_NR": 4548.0, "CRHOUSPCT": 0.0, "MUNGL1PCT": 4548.0, "AOEGL_HS": 0.0, "AOEGL_NR": 4548.0, "E911ADDR": "159 N MAIN ST", "SHAPE_Length": 0.0018186494154857902, "SHAPE_Area": 1.2362277214757036e-07}, "geometry": {"type": "MultiPolygon", "coordinates": [[[[-72.50227178299997, 44.19896033400005], [-72.50282995199996, 44.19862389300005], [-72.50297175599997, 44.19872857200005], [-72.50242073699997, 44.19907451700004], [-72.50241917299996, 44.19907536100004], [-72.50235667499999, 44.199115541000026], [-72.50220769499998, 44.198999196000045], [-72.50223073399997, 44.19898522500006], [-72.50227178299997, 44.19896033400005]]]]}}, {"type": "Feature", "properties": {"OBJECTID": 4418, "SPAN": "036-011-10832", "GLIST_SPAN": "036-011-10832", "MAPID": "0052-0001.0000", "PARCID": "0052-0001-0000", "PROPTYPE": "PARCEL", "YEAR": 2023, "GLYEAR": 2022, "TOWN": "BARRE CITY", "TNAME": "Barre City", "SOURCENAME": null, "SOURCETYPE": "UNKNOWN", "SOURCEDATE": "UNKNOWN", "EDITMETHOD": "UNKNOWN", "EDITOR": "UNKNOWN", "EDITDATE": "UNKNOWN", "MATCHSTAT": "MATCH", "EDITNOTE": "UNKNOWN", "OWNER1": "BISSON EFFIE K", "OWNER2": "", "ADDRGL1": "1 ANDREWS CT", "ADDRGL2": "", "CITYGL": "BARRE", "STGL": "VT", "ZIPGL": "05641", "DESCPROP": "1 FAM-0.04AC", "LOCAPROP": "ANDREWS CT   1", "CAT": "Residential-1", "RESCODE": "T", "ACRESGL": 0.04, "REAL_FLV": 68000, "HSTED_FLV": 0, "NRES_FLV": 68000, "LAND_LV": 6480, "IMPRV_LV": 61520, "EQUIPVAL": 0, "EQUIPCODE": "", "INVENVAL": 0, "HSDECL": "N", "HSITEVAL": 68000, "VETEXAMT": 0, "EXPDESC": "", "ENDDATE": "", "STATUTE": "", "EXAMT_HS": 0, "EXAMT_NR": 0, "UVREDUC_HS": 0, "UVREDUC_NR": 0, "GLVAL_HS": 0.0, "GLVAL_NR": 680.0, "CRHOUSPCT": 0.0, "MUNGL1PCT": 680.0, "AOEGL_HS": 0.0, "AOEGL_NR": 680.0, "E911ADDR": "1 ANDREWS CT", "SHAPE_Length": 0.0007927861279211507, "SHAPE_Area": 3.4637896815785586e-08}, "geometry": {"type": "MultiPolygon", "coordinates": [[[[-72.49852531999994, 44.197274305000064], [-72.49860311599997, 44.197178542000074], [-72.49874658799996, 44.19723774500005], [-72.49858825599995, 44.19743011700007], [-72.49846784899995, 44.19738019400006], [-72.49853666599995, 44.19727889700005], [-72.49852531999994, 44.197274305000064]]]]}}, {"type": "Feature", "properties": {"OBJECTID": 4492, "SPAN": "036-011-10162", "GLIST_SPAN": "036-011-10162", "MAPID": "1160-0041.0000", "PARCID": "1160-0041-0000", "PROPTYPE": "PARCEL", "YEAR": 2023, "GLYEAR": 2022, "TOWN": "BARRE CITY", "TNAME": "Barre City", "SOURCENAME": null, "SOURCETYPE": "UNKNOWN", "SOURCEDATE": "UNKNOWN", "EDITMETHOD": "UNKNOWN", "EDITOR": "UNKNOWN", "EDITDATE": "UNKNOWN", "MATCHSTAT": "MATCH", "EDITNOTE": "UNKNOWN", "OWNER1": "LAMBERTI JACK & MARIE", "OWNER2": "C/O SUMMER ST AUTO", "ADDRGL1": "", "ADDRGL2": "41 PEARL ST", "CITYGL": "BARRE", "STGL": "VT", "ZIPGL": "05641", "DESCPROP": "AUTO REPAIR GARAGE-0.22AC", "LOCAPROP": "PEARL ST  41", "CAT": "Commercial", "RESCODE": "S", "ACRESGL": 0.22, "REAL_FLV": 244000, "HSTED_FLV": 0, "NRES_FLV": 244000, "LAND_LV": 98200, "IMPRV_LV": 145800, "EQUIPVAL": 0, "EQUIPCODE": "", "INVENVAL": 0, "HSDECL": "N", "HSITEVAL": 0, "VETEXAMT": 0, "EXPDESC": "", "ENDDATE": "", "STATUTE": "", "EXAMT_HS": 0, "EXAMT_NR": 0, "UVREDUC_HS": 0, "UVREDUC_NR": 0, "GLVAL_HS": 0.0, "GLVAL_NR": 2440.0, "CRHOUSPCT": 0.0, "MUNGL1PCT": 2440.0, "AOEGL_HS": 0.0, "AOEGL_NR": 2440.0, "E911ADDR": "41 PEARL ST", "SHAPE_Length": 0.001392728816815963, "SHAPE_Area": 8.978300299792819e-08}, "geometry": {"type": "MultiPolygon", "coordinates": [[[[-72.50140820099995, 44.199477983000065], [-72.50184878999994, 44.19922119900008], [-72.50200790899999, 44.19934002300005], [-72.50166153699996, 44.19956277600005], [-72.50140546499995, 44.19947925000008], [-72.50140820099995, 44.199477983000065]]]]}}, {"type": "Feature", "properties": {"OBJECTID": 4498, "SPAN": "036-011-10873", "GLIST_SPAN": "036-011-10873", "MAPID": "0890-0022.0000", "PARCID": "0890-0022-0000", "PROPTYPE": "PARCEL", "YEAR": 2023, "GLYEAR": 2022, "TOWN": "BARRE CITY", "TNAME": "Barre City", "SOURCENAME": null, "SOURCETYPE": "UNKNOWN", "SOURCEDATE": "UNKNOWN", "EDITMETHOD": "UNKNOWN", "EDITOR": "UNKNOWN", "EDITDATE": "UNKNOWN", "MATCHSTAT": "MATCH", "EDITNOTE": "UNKNOWN", "OWNER1": "SUMMER STREET HOUSING LIMITED", "OWNER2": "PARTNERSHIP & COMMUNITY DEVELOPMENT", "ADDRGL1": "C/O DOWNSTREET HOUSING & COMMUNITY DEVEL", "ADDRGL2": "22 KEITH AV  STE 100", "CITYGL": "BARRE", "STGL": "VT", "ZIPGL": "05641", "DESCPROP": "27 APTS/OFFICES-0.54AC", "LOCAPROP": "KEITH AVE  22", "CAT": "Commercial", "RESCODE": "C", "ACRESGL": 0.54, "REAL_FLV": 860400, "HSTED_FLV": 0, "NRES_FLV": 860400, "LAND_LV": 338500, "IMPRV_LV": 521900, "EQUIPVAL": 0, "EQUIPCODE": "", "INVENVAL": 0, "HSDECL": "N", "HSITEVAL": 0, "VETEXAMT": 0, "EXPDESC": "Qualified Housing Units", "ENDDATE": "", "STATUTE": "", "EXAMT_HS": 0, "EXAMT_NR": 68830, "UVREDUC_HS": 0, "UVREDUC_NR": 0, "GLVAL_HS": 0.0, "GLVAL_NR": 7915.7, "CRHOUSPCT": 0.0, "MUNGL1PCT": 8604.0, "AOEGL_HS": 0.0, "AOEGL_NR": 7915.7, "E911ADDR": "22 KEITH AVE", "SHAPE_Length": 0.0024241937538214105, "SHAPE_Area": 2.431387061713021e-07}, "geometry": {"type": "MultiPolygon", "coordinates": [[[[-72.50084610399995, 44.199291291000065], [-72.50108872999994, 44.199125794000054], [-72.50120854099998, 44.19922093900004], [-72.50145233399996, 44.19905956700006], [-72.50144087799998, 44.19905040900005], [-72.50156847499994, 44.19897384500007], [-72.50187732799998, 44.19920502600007], [-72.50185035399994, 44.199220214000036], [-72.50184878999994, 44.19922119900008], [-72.50140820099995, 44.199477983000065], [-72.50140546499995, 44.19947925000008], [-72.50096642799997, 44.19933286400004], [-72.50084610399995, 44.199291291000065]]]]}}, {"type": "Feature", "properties": {"OBJECTID": 4570, "SPAN": "036-011-10181", "GLIST_SPAN": "036-011-10181", "MAPID": "0870-0025.0000", "PARCID": "0870-0025-0000", "PROPTYPE": "PARCEL", "YEAR": 2023, "GLYEAR": 2022, "TOWN": "BARRE CITY", "TNAME": "Barre City", "SOURCENAME": null, "SOURCETYPE": "UNKNOWN", "SOURCEDATE": "UNKNOWN", "EDITMETHOD": "UNKNOWN", "EDITOR": "UNKNOWN", "EDITDATE": "UNKNOWN", "MATCHSTAT": "MATCH", "EDITNOTE": "UNKNOWN", "OWNER1": "BARRE HOUSING AUTHORITY", "OWNER2": "JEFFERSON ST APTS", "ADDRGL1": "30 WASHINGTON ST  STE 1", "ADDRGL2": "", "CITYGL": "BARRE", "STGL": "VT", "ZIPGL": "05641", "DESCPROP": "24 APTS-0.35AC", "LOCAPROP": "JEFFERSON ST  25", "CAT": "Commercial Apt", "RESCODE": "C", "ACRESGL": 0.35, "REAL_FLV": 1500200, "HSTED_FLV": 0, "NRES_FLV": 1500200, "LAND_LV": 135200, "IMPRV_LV": 1365000, "EQUIPVAL": 0, "EQUIPCODE": "", "INVENVAL": 0, "HSDECL": "N", "HSITEVAL": 0, "VETEXAMT": 0, "EXPDESC": "Statutory", "ENDDATE": "", "STATUTE": "", "EXAMT_HS": 0, "EXAMT_NR": 0, "UVREDUC_HS": 0, "UVREDUC_NR": 0, "GLVAL_HS": 0.0, "GLVAL_NR": 0.0, "CRHOUSPCT": 0.0, "MUNGL1PCT": 0.0, "AOEGL_HS": 0.0, "AOEGL_NR": 0.0, "E911ADDR": "25 JEFFERSON ST", "SHAPE_Length": 0.0016637608144541673, "SHAPE_Area": 1.648745048961973e-07}, "geometry": {"type": "MultiPolygon", "coordinates": [[[[-72.49963917599996, 44.197758726000075], [-72.49975762999998, 44.19757169700006], [-72.49987530199996, 44.197614446000046], [-72.49987608399994, 44.197614728000076], [-72.49995114299998, 44.19764032100005], [-72.50011377199996, 44.19769544600007], [-72.50011494399996, 44.19769629000007], [-72.49998515399994, 44.197884163000026], [-72.49996599899998, 44.19791200600008], [-72.49985145299996, 44.19807808400003], [-72.49985106299994, 44.198078646000056], [-72.49951055599996, 44.19795967700003], [-72.49955512399998, 44.19789274000004], [-72.49956137899994, 44.19788360000007], [-72.49962119299994, 44.197787694000056], [-72.49963917599996, 44.197758726000075]]]]}}, {"type": "Feature", "properties": {"OBJECTID": 4583, "SPAN": "036-011-10184", "GLIST_SPAN": "036-011-10184", "MAPID": "1515-0014.0000", "PARCID": "1515-0014-0000", "PROPTYPE": "PARCEL", "YEAR": 2023, "GLYEAR": 2022, "TOWN": "BARRE CITY", "TNAME": "Barre City", "SOURCENAME": null, "SOURCETYPE": "UNKNOWN", "SOURCEDATE": "UNKNOWN", "EDITMETHOD": "UNKNOWN", "EDITOR": "UNKNOWN", "EDITDATE": "UNKNOWN", "MATCHSTAT": "MATCH", "EDITNOTE": "UNKNOWN", "OWNER1": "BARRE HOUSING AUTHORITY", "OWNER2": "WASHINGTON APTS", "ADDRGL1": "30 WASHINGTON ST   STE 1", "ADDRGL2": "", "CITYGL": "BARRE", "STGL": "VT", "ZIPGL": "05641", "DESCPROP": "53 APTS-0.37AC", "LOCAPROP": "WASHINGTON ST  14", "CAT": "Commercial Apt", "RESCODE": "C", "ACRESGL": 0.37, "REAL_FLV": 4259300, "HSTED_FLV": 0, "NRES_FLV": 4259300, "LAND_LV": 245600, "IMPRV_LV": 4013700, "EQUIPVAL": 0, "EQUIPCODE": "", "INVENVAL": 0, "HSDECL": "N", "HSITEVAL": 0, "VETEXAMT": 0, "EXPDESC": "Statutory", "ENDDATE": "", "STATUTE": "", "EXAMT_HS": 0, "EXAMT_NR": 0, "UVREDUC_HS": 0, "UVREDUC_NR": 0, "GLVAL_HS": 0.0, "GLVAL_NR": 0.0, "CRHOUSPCT": 0.0, "MUNGL1PCT": 0.0, "AOEGL_HS": 0.0, "AOEGL_NR": 0.0, "E911ADDR": "14 WASHINGTON ST", "SHAPE_Length": 0.0023715732679699332, "SHAPE_Area": 2.49437944614305e-07}, "geometry": {"type": "MultiPolygon", "coordinates": [[[[-72.50010282599999, 44.19741855800004], [-72.50014621799994, 44.19731759000007], [-72.50035849599993, 44.197408995000046], [-72.50059344299996, 44.19713238700007], [-72.50059735299999, 44.19713421600005], [-72.50065677499998, 44.19716037100005], [-72.50080962999994, 44.197227729000076], [-72.50080884899995, 44.19722927600003], [-72.50037999899996, 44.19779064800008], [-72.50011494399996, 44.19769629000007], [-72.50011377199996, 44.19769544600007], [-72.49995114299998, 44.19764032100005], [-72.50010282599999, 44.19741855800004]]]]}}, {"type": "Feature", "properties": {"OBJECTID": 4619, "SPAN": "036-011-10193", "GLIST_SPAN": "036-011-10193", "MAPID": "1145-0036.0000", "PARCID": "1145-0036-0000", "PROPTYPE": "PARCEL", "YEAR": 2023, "GLYEAR": 2022, "TOWN": "BARRE CITY", "TNAME": "Barre City", "SOURCENAME": null, "SOURCETYPE": "UNKNOWN", "SOURCEDATE": "UNKNOWN", "EDITMETHOD": "UNKNOWN", "EDITOR": "UNKNOWN", "EDITDATE": "UNKNOWN", "MATCHSTAT": "MATCH", "EDITNOTE": "UNKNOWN", "OWNER1": "CRITERION CORPORATION", "OWNER2": "C/0 STEVE PORPORA", "ADDRGL1": "14 BEAUX ARTS LANE", "ADDRGL2": "", "CITYGL": "HUNTINGTON", "STGL": "NY", "ZIPGL": "11743", "DESCPROP": "3 APTS-0.15AC", "LOCAPROP": "PARK ST  36", "CAT": "Residential-1", "RESCODE": "C", "ACRESGL": 0.15, "REAL_FLV": 257700, "HSTED_FLV": 0, "NRES_FLV": 257700, "LAND_LV": 22200, "IMPRV_LV": 235500, "EQUIPVAL": 0, "EQUIPCODE": "", "INVENVAL": 0, "HSDECL": "N", "HSITEVAL": 0, "VETEXAMT": 0, "EXPDESC": "", "ENDDATE": "", "STATUTE": "", "EXAMT_HS": 0, "EXAMT_NR": 0, "UVREDUC_HS": 0, "UVREDUC_NR": 0, "GLVAL_HS": 0.0, "GLVAL_NR": 2577.0, "CRHOUSPCT": 0.0, "MUNGL1PCT": 2577.0, "AOEGL_HS": 0.0, "AOEGL_NR": 2577.0, "E911ADDR": "36 PARK ST", "SHAPE_Length": 0.001343321434166708, "SHAPE_Area": 7.310533688827036e-08}, "geometry": {"type": "MultiPolygon", "coordinates": [[[[-72.49724583399995, 44.19851201500006], [-72.49735217499995, 44.19837744100005], [-72.49766062099997, 44.19849852400006], [-72.49742252799996, 44.19876345400007], [-72.49732127499993, 44.19872520200005], [-72.49732049299996, 44.19872478000008], [-72.49742918099997, 44.198583316000054], [-72.49724583399995, 44.19851201500006]]]]}}, {"type": "Feature", "properties": {"OBJECTID": 4643, "SPAN": "036-011-10200", "GLIST_SPAN": "036-011-10200", "MAPID": "1145-0025.0000", "PARCID": "1145-0025-0000", "PROPTYPE": "PARCEL", "YEAR": 2023, "GLYEAR": 2022, "TOWN": "BARRE CITY", "TNAME": "Barre City", "SOURCENAME": null, "SOURCETYPE": "UNKNOWN", "SOURCEDATE": "UNKNOWN", "EDITMETHOD": "UNKNOWN", "EDITOR": "UNKNOWN", "EDITDATE": "UNKNOWN", "MATCHSTAT": "MATCH", "EDITNOTE": "UNKNOWN", "OWNER1": "DAILEY REGINALD C", "OWNER2": "", "ADDRGL1": "25 PARK ST", "ADDRGL2": "", "CITYGL": "BARRE", "STGL": "VT", "ZIPGL": "05641", "DESCPROP": "1 FAM-0.21AC", "LOCAPROP": "PARK ST  25", "CAT": "Residential-1", "RESCODE": "T", "ACRESGL": 0.21, "REAL_FLV": 130300, "HSTED_FLV": 130300, "NRES_FLV": 0, "LAND_LV": 22200, "IMPRV_LV": 108100, "EQUIPVAL": 0, "EQUIPCODE": "", "INVENVAL": 0, "HSDECL": "Y", "HSITEVAL": 130300, "VETEXAMT": 0, "EXPDESC": "", "ENDDATE": "", "STATUTE": "", "EXAMT_HS": 0, "EXAMT_NR": 0, "UVREDUC_HS": 0, "UVREDUC_NR": 0, "GLVAL_HS": 1303.0, "GLVAL_NR": 0.0, "CRHOUSPCT": 0.0, "MUNGL1PCT": 1303.0, "AOEGL_HS": 1303.0, "AOEGL_NR": 0.0, "E911ADDR": "25 PARK ST", "SHAPE_Length": 0.0013046088507691754, "SHAPE_Area": 9.142157142029379e-08}, "geometry": {"type": "MultiPolygon", "coordinates": [[[[-72.49701051799997, 44.197898046000034], [-72.49702967499996, 44.19787371800004], [-72.49741356799996, 44.19802672600008], [-72.49742936399997, 44.19803302200006], [-72.49730659599999, 44.198191819000044], [-72.49728587199996, 44.198188112000025], [-72.49728220499998, 44.19818745600003], [-72.49725601299997, 44.19817887800008], [-72.49717782699997, 44.19815778200007], [-72.49712153299998, 44.19813879700007], [-72.49706992999995, 44.198121779000076], [-72.49704412799997, 44.19811376300004], [-72.49699252499994, 44.19809112200005], [-72.49694092299995, 44.19807354300008], [-72.49691238399998, 44.19806355800006], [-72.49688736499996, 44.198053713000036], [-72.49688580099996, 44.19805286900004], [-72.49701051799997, 44.197898046000034]]]]}}, {"type": "Feature", "properties": {"OBJECTID": 4654, "SPAN": "036-011-10639", "GLIST_SPAN": "036-011-10639", "MAPID": "0080-0009.0000", "PARCID": "0080-0009-0000", "PROPTYPE": "PARCEL", "YEAR": 2023, "GLYEAR": 2022, "TOWN": "BARRE CITY", "TNAME": "Barre City", "SOURCENAME": null, "SOURCETYPE": "UNKNOWN", "SOURCEDATE": "UNKNOWN", "EDITMETHOD": "UNKNOWN", "EDITOR": "UNKNOWN", "EDITDATE": "UNKNOWN", "MATCHSTAT": "MATCH", "EDITNOTE": "UNKNOWN", "OWNER1": "9 AVERILL ST. LLC", "OWNER2": "", "ADDRGL1": "1213 US ROUTE 302-BERLIN", "ADDRGL2": "", "CITYGL": "BARRE", "STGL": "VT", "ZIPGL": "05641", "DESCPROP": "3 APTS-0.12AC", "LOCAPROP": "AVERILL ST   9", "CAT": "Residential-1", "RESCODE": "C", "ACRESGL": 0.12, "REAL_FLV": 171210, "HSTED_FLV": 0, "NRES_FLV": 171210, "LAND_LV": 12400, "IMPRV_LV": 158810, "EQUIPVAL": 0, "EQUIPCODE": "", "INVENVAL": 0, "HSDECL": "N", "HSITEVAL": 0, "VETEXAMT": 0, "EXPDESC": "", "ENDDATE": "", "STATUTE": "", "EXAMT_HS": 0, "EXAMT_NR": 0, "UVREDUC_HS": 0, "UVREDUC_NR": 0, "GLVAL_HS": 0.0, "GLVAL_NR": 1712.1, "CRHOUSPCT": 0.0, "MUNGL1PCT": 1712.1, "AOEGL_HS": 0.0, "AOEGL_NR": 1712.1, "E911ADDR": "9 AVERILL ST", "SHAPE_Length": 0.0009249562437997729, "SHAPE_Area": 5.21894492887968e-08}, "geometry": {"type": "MultiPolygon", "coordinates": [[[[-72.49895190399997, 44.19821532800006], [-72.49905863199996, 44.19802548600006], [-72.49929475699997, 44.19810789400003], [-72.49916496299994, 44.19829660900007], [-72.49895190399997, 44.19821532800006]]]]}}, {"type": "Feature", "properties": {"OBJECTID": 4709, "SPAN": "036-011-10217", "GLIST_SPAN": "036-011-10217", "MAPID": "0510-0006.0000", "PARCID": "0510-0006-0000", "PROPTYPE": "PARCEL", "YEAR": 2023, "GLYEAR": 2022, "TOWN": "BARRE CITY", "TNAME": "Barre City", "SOURCENAME": null, "SOURCETYPE": "UNKNOWN", "SOURCEDATE": "UNKNOWN", "EDITMETHOD": "UNKNOWN", "EDITOR": "UNKNOWN", "EDITDATE": "UNKNOWN", "MATCHSTAT": "MATCH", "EDITNOTE": "UNKNOWN", "OWNER1": "BATTERED WOMENS SERVICES AND SHELTER INC", "OWNER2": "C/O CIRCLE", "ADDRGL1": "PO BOX 652", "ADDRGL2": "", "CITYGL": "BARRE", "STGL": "VT", "ZIPGL": "05641-0652", "DESCPROP": "1 FAM-0.23AC", "LOCAPROP": "P.O. BOX 652", "CAT": "Residential-1", "RESCODE": "C", "ACRESGL": 0.23, "REAL_FLV": 149000, "HSTED_FLV": 0, "NRES_FLV": 149000, "LAND_LV": 22800, "IMPRV_LV": 126200, "EQUIPVAL": 0, "EQUIPCODE": "", "INVENVAL": 0, "HSDECL": "N", "HSITEVAL": 0, "VETEXAMT": 0, "EXPDESC": "Statutory", "ENDDATE": "", "STATUTE": "", "EXAMT_HS": 0, "EXAMT_NR": 0, "UVREDUC_HS": 0, "UVREDUC_NR": 0, "GLVAL_HS": 0.0, "GLVAL_NR": 0.0, "CRHOUSPCT": 0.0, "MUNGL1PCT": 0.0, "AOEGL_HS": 0.0, "AOEGL_NR": 0.0, "E911ADDR": "CONFIDENTIAL", "SHAPE_Length": 0.002510852422747101, "SHAPE_Area": 2.1937935366693932e-07}, "geometry": {"type": "MultiPolygon", "coordinates": [[[[-72.49761209099995, 44.19984260500007], [-72.49784706399998, 44.19951495600003], [-72.49810195799995, 44.19960636600007], [-72.49834865499997, 44.199262264000026], [-72.49841120599996, 44.19928504500007], [-72.49829235099998, 44.19954266600007], [-72.49828883299995, 44.19955026000008], [-72.49828335999996, 44.19955827500007], [-72.49821884999994, 44.19965221100006], [-72.49817779899996, 44.19971155400003], [-72.49821415599996, 44.19971943000007], [-72.49812071399998, 44.19991953500005], [-72.49807614299993, 44.20001544000007], [-72.49807262299998, 44.200014175000035], [-72.49786581399997, 44.19993739000006], [-72.49761443599994, 44.19984344800008], [-72.49761209099995, 44.19984260500007]]]]}}, {"type": "Feature", "properties": {"OBJECTID": 4719, "SPAN": "036-011-10989", "GLIST_SPAN": "036-011-10989", "MAPID": "0510-0012.0000", "PARCID": "0510-0012-0000", "PROPTYPE": "PARCEL", "YEAR": 2023, "GLYEAR": 2022, "TOWN": "BARRE CITY", "TNAME": "Barre City", "SOURCENAME": null, "SOURCETYPE": "UNKNOWN", "SOURCEDATE": "UNKNOWN", "EDITMETHOD": "UNKNOWN", "EDITOR": "UNKNOWN", "EDITDATE": "UNKNOWN", "MATCHSTAT": "MATCH", "EDITNOTE": "UNKNOWN", "OWNER1": "12 EASTERN AVE LLC", "OWNER2": "C/O MARCIA DION", "ADDRGL1": "81 RIVER ST STE 206", "ADDRGL2": "", "CITYGL": "MONTPELIER", "STGL": "VT", "ZIPGL": "05602", "DESCPROP": "2 APTS-0.24AC", "LOCAPROP": "EASTERN AVE  12", "CAT": "Residential-1", "RESCODE": "C", "ACRESGL": 0.24, "REAL_FLV": 179600, "HSTED_FLV": 0, "NRES_FLV": 179600, "LAND_LV": 24500, "IMPRV_LV": 155100, "EQUIPVAL": 0, "EQUIPCODE": "", "INVENVAL": 0, "HSDECL": "N", "HSITEVAL": 0, "VETEXAMT": 0, "EXPDESC": "", "ENDDATE": "", "STATUTE": "", "EXAMT_HS": 0, "EXAMT_NR": 0, "UVREDUC_HS": 0, "UVREDUC_NR": 0, "GLVAL_HS": 0.0, "GLVAL_NR": 1796.0, "CRHOUSPCT": 0.0, "MUNGL1PCT": 1796.0, "AOEGL_HS": 0.0, "AOEGL_NR": 1796.0, "E911ADDR": "12 EASTERN AVE", "SHAPE_Length": 0.0013915011223245277, "SHAPE_Area": 1.1095056966876112e-07}, "geometry": {"type": "MultiPolygon", "coordinates": [[[[-72.49759412399999, 44.199420874000054], [-72.49784121499994, 44.19907578800007], [-72.49809258999994, 44.199168745000065], [-72.49809610799997, 44.199170011000035], [-72.49784706399998, 44.19951495600003], [-72.49784549999998, 44.19951439300007], [-72.49762266299996, 44.19943142200003], [-72.49759412399999, 44.199420874000054]]]]}}, {"type": "Feature", "properties": {"OBJECTID": 4786, "SPAN": "036-011-11018", "GLIST_SPAN": "036-011-11018", "MAPID": "1145-0010.0000", "PARCID": "1145-0010-0000", "PROPTYPE": "PARCEL", "YEAR": 2023, "GLYEAR": 2022, "TOWN": "BARRE CITY", "TNAME": "Barre City", "SOURCENAME": null, "SOURCETYPE": "UNKNOWN", "SOURCEDATE": "UNKNOWN", "EDITMETHOD": "UNKNOWN", "EDITOR": "UNKNOWN", "EDITDATE": "UNKNOWN", "MATCHSTAT": "MATCH", "EDITNOTE": "UNKNOWN", "OWNER1": "KESSLER ALAN & MAGDELENA", "OWNER2": "", "ADDRGL1": "10 PARK ST", "ADDRGL2": "", "CITYGL": "BARRE", "STGL": "VT", "ZIPGL": "05641", "DESCPROP": "1 FAM-0.28AC", "LOCAPROP": "PARK ST  10", "CAT": "Residential-1", "RESCODE": "T", "ACRESGL": 0.28, "REAL_FLV": 191100, "HSTED_FLV": 191100, "NRES_FLV": 0, "LAND_LV": 36700, "IMPRV_LV": 154400, "EQUIPVAL": 0, "EQUIPCODE": "", "INVENVAL": 0, "HSDECL": "Y", "HSITEVAL": 191100, "VETEXAMT": 0, "EXPDESC": "", "ENDDATE": "", "STATUTE": "", "EXAMT_HS": 0, "EXAMT_NR": 0, "UVREDUC_HS": 0, "UVREDUC_NR": 0, "GLVAL_HS": 1911.0, "GLVAL_NR": 0.0, "CRHOUSPCT": 0.0, "MUNGL1PCT": 1911.0, "AOEGL_HS": 1911.0, "AOEGL_NR": 0.0, "E911ADDR": "10 PARK ST", "SHAPE_Length": 0.001971449594313827, "SHAPE_Area": 1.684323740478388e-07}, "geometry": {"type": "MultiPolygon", "coordinates": [[[[-72.49868815999997, 44.19773339400007], [-72.49806401299998, 44.197479187000056], [-72.49822117399998, 44.19727809800003], [-72.49846784899995, 44.19738019400006], [-72.49858825599995, 44.19743011700007], [-72.49889654899994, 44.19755234300004], [-72.49885979899994, 44.19760859200005], [-72.49879724999994, 44.19758932600007], [-72.49868815999997, 44.19773339400007]]]]}}, {"type": "Feature", "properties": {"OBJECTID": 4790, "SPAN": "036-011-11019", "GLIST_SPAN": "036-011-11019", "MAPID": "1405-0001.0000", "PARCID": "1405-0001-0000", "PROPTYPE": "PARCEL", "YEAR": 2023, "GLYEAR": 2022, "TOWN": "BARRE CITY", "TNAME": "Barre City", "SOURCENAME": null, "SOURCETYPE": "UNKNOWN", "SOURCEDATE": "UNKNOWN", "EDITMETHOD": "UNKNOWN", "EDITOR": "UNKNOWN", "EDITDATE": "UNKNOWN", "MATCHSTAT": "MATCH", "EDITNOTE": "UNKNOWN", "OWNER1": "DRURY MARIE L - LIFE ESTATE;", "OWNER2": "LAPRADE NICOLE J", "ADDRGL1": "1 SUMMER ST", "ADDRGL2": "", "CITYGL": "BARRE", "STGL": "VT", "ZIPGL": "05641", "DESCPROP": "1 FAM-0.09AC", "LOCAPROP": "SUMMER ST   1", "CAT": "Residential-1", "RESCODE": "T", "ACRESGL": 0.09, "REAL_FLV": 95700, "HSTED_FLV": 95700, "NRES_FLV": 0, "LAND_LV": 11900, "IMPRV_LV": 83800, "EQUIPVAL": 0, "EQUIPCODE": "", "INVENVAL": 0, "HSDECL": "Y", "HSITEVAL": 95700, "VETEXAMT": 0, "EXPDESC": "", "ENDDATE": "", "STATUTE": "", "EXAMT_HS": 0, "EXAMT_NR": 0, "UVREDUC_HS": 0, "UVREDUC_NR": 0, "GLVAL_HS": 957.0, "GLVAL_NR": 0.0, "CRHOUSPCT": 0.0, "MUNGL1PCT": 957.0, "AOEGL_HS": 957.0, "AOEGL_NR": 0.0, "E911ADDR": "1 SUMMER ST", "SHAPE_Length": 0.0010249902100171817, "SHAPE_Area": 5.1071253442917034e-08}, "geometry": {"type": "MultiPolygon", "coordinates": [[[[-72.50024395999998, 44.19940993000006], [-72.50030846599998, 44.19925918100006], [-72.50050706699994, 44.19932639900003], [-72.50031003099997, 44.199551960000065], [-72.50023535999998, 44.199637600000074], [-72.50022558699999, 44.19961721000004], [-72.50021737599997, 44.199590913000065], [-72.50021346699998, 44.199568835000036], [-72.50021346699998, 44.19954450700004], [-72.50020877499998, 44.19951905400006], [-72.50021542199994, 44.19949261700003], [-72.50022245899999, 44.19945535200003], [-72.50024395999998, 44.19940993000006]]]]}}, {"type": "Feature", "properties": {"OBJECTID": 4872, "SPAN": "036-011-11032", "GLIST_SPAN": "036-011-11032", "MAPID": "0510-0023.0000", "PARCID": "0510-0023-0000", "PROPTYPE": "PARCEL", "YEAR": 2023, "GLYEAR": 2022, "TOWN": "BARRE CITY", "TNAME": "Barre City", "SOURCENAME": null, "SOURCETYPE": "UNKNOWN", "SOURCEDATE": "UNKNOWN", "EDITMETHOD": "UNKNOWN", "EDITOR": "UNKNOWN", "EDITDATE": "UNKNOWN", "MATCHSTAT": "MATCH", "EDITNOTE": "UNKNOWN", "OWNER1": "DANIEL MELODY D", "OWNER2": "", "ADDRGL1": "23 EASTERN AVE", "ADDRGL2": "", "CITYGL": "BARRE", "STGL": "VT", "ZIPGL": "05641", "DESCPROP": "1 FAM-0.08AC", "LOCAPROP": "EASTERN AVE  23", "CAT": "Residential-1", "RESCODE": "T", "ACRESGL": 0.08, "REAL_FLV": 115000, "HSTED_FLV": 115000, "NRES_FLV": 0, "LAND_LV": 11640, "IMPRV_LV": 103360, "EQUIPVAL": 0, "EQUIPCODE": "", "INVENVAL": 0, "HSDECL": "Y", "HSITEVAL": 115000, "VETEXAMT": 0, "EXPDESC": "", "ENDDATE": "", "STATUTE": "", "EXAMT_HS": 0, "EXAMT_NR": 0, "UVREDUC_HS": 0, "UVREDUC_NR": 0, "GLVAL_HS": 1150.0, "GLVAL_NR": 0.0, "CRHOUSPCT": 0.0, "MUNGL1PCT": 1150.0, "AOEGL_HS": 1150.0, "AOEGL_NR": 0.0, "E911ADDR": "23 EASTERN AVE", "SHAPE_Length": 0.0007624991067061488, "SHAPE_Area": 3.4540074002085297e-08}, "geometry": {"type": "MultiPolygon", "coordinates": [[[[-72.49713127999996, 44.198657136000065], [-72.49724583399995, 44.19851201500006], [-72.49742918099997, 44.198583316000054], [-72.49732049299996, 44.19872478000008], [-72.49713049799993, 44.19865783900008], [-72.49713127999996, 44.198657136000065]]]]}}, {"type": "Feature", "properties": {"OBJECTID": 5314, "SPAN": "036-011-10274", "GLIST_SPAN": "036-011-10274", "MAPID": "0052-0003.0000", "PARCID": "0052-0003-0000", "PROPTYPE": "PARCEL", "YEAR": 2023, "GLYEAR": 2022, "TOWN": "BARRE CITY", "TNAME": "Barre City", "SOURCENAME": null, "SOURCETYPE": "UNKNOWN", "SOURCEDATE": "UNKNOWN", "EDITMETHOD": "UNKNOWN", "EDITOR": "UNKNOWN", "EDITDATE": "UNKNOWN", "MATCHSTAT": "MATCH", "EDITNOTE": "UNKNOWN", "OWNER1": "BERLIN WATER COMPANY INC", "OWNER2": "", "ADDRGL1": "16 SKYLINE DRIVE", "ADDRGL2": "", "CITYGL": "ESSEX JCT", "STGL": "VT", "ZIPGL": "05452", "DESCPROP": "6 APTS-0.17AC", "LOCAPROP": "ANDREWS CT   3", "CAT": "Commercial Apt", "RESCODE": "C", "ACRESGL": 0.17, "REAL_FLV": 286100, "HSTED_FLV": 0, "NRES_FLV": 286100, "LAND_LV": 27200, "IMPRV_LV": 258900, "EQUIPVAL": 0, "EQUIPCODE": "", "INVENVAL": 0, "HSDECL": "N", "HSITEVAL": 0, "VETEXAMT": 0, "EXPDESC": "", "ENDDATE": "", "STATUTE": "", "EXAMT_HS": 0, "EXAMT_NR": 0, "UVREDUC_HS": 0, "UVREDUC_NR": 0, "GLVAL_HS": 0.0, "GLVAL_NR": 2861.0, "CRHOUSPCT": 0.0, "MUNGL1PCT": 2861.0, "AOEGL_HS": 0.0, "AOEGL_NR": 2861.0, "E911ADDR": "3 ANDREWS CT", "SHAPE_Length": 0.0011394937372853926, "SHAPE_Area": 7.508755411855584e-08}, "geometry": {"type": "MultiPolygon", "coordinates": [[[[-72.49858825599995, 44.19743011700007], [-72.49874658799996, 44.19723774500005], [-72.49879975499994, 44.19725968300003], [-72.49903939599994, 44.19735840300007], [-72.49899326599996, 44.197403543000064], [-72.49889654899994, 44.19755234300004], [-72.49858825599995, 44.19743011700007]]]]}}, {"type": "Feature", "properties": {"OBJECTID": 5360, "SPAN": "036-011-10717", "GLIST_SPAN": "036-011-10717", "MAPID": "1095-0135.0000", "PARCID": "1095-0135-0000", "PROPTYPE": "PARCEL", "YEAR": 2023, "GLYEAR": 2022, "TOWN": "BARRE CITY", "TNAME": "Barre City", "SOURCENAME": null, "SOURCETYPE": "UNKNOWN", "SOURCEDATE": "UNKNOWN", "EDITMETHOD": "UNKNOWN", "EDITOR": "UNKNOWN", "EDITDATE": "UNKNOWN", "MATCHSTAT": "MATCH", "EDITNOTE": "UNKNOWN", "OWNER1": "CITY OF BARRE", "OWNER2": "", "ADDRGL1": "6 N MAIN ST", "ADDRGL2": "", "CITYGL": "BARRE", "STGL": "VT", "ZIPGL": "05641-4115", "DESCPROP": "COMMERCIAL-0.08AC", "LOCAPROP": "N MAIN ST  135", "CAT": "Commercial", "RESCODE": "C", "ACRESGL": 0.08, "REAL_FLV": 191900, "HSTED_FLV": 0, "NRES_FLV": 191900, "LAND_LV": 48800, "IMPRV_LV": 143100, "EQUIPVAL": 0, "EQUIPCODE": "", "INVENVAL": 0, "HSDECL": "N", "HSITEVAL": 0, "VETEXAMT": 0, "EXPDESC": "Statutory", "ENDDATE": "", "STATUTE": "", "EXAMT_HS": 0, "EXAMT_NR": 0, "UVREDUC_HS": 0, "UVREDUC_NR": 0, "GLVAL_HS": 0.0, "GLVAL_NR": 0.0, "CRHOUSPCT": 0.0, "MUNGL1PCT": 0.0, "AOEGL_HS": 0.0, "AOEGL_NR": 0.0, "E911ADDR": "135 N MAIN ST", "SHAPE_Length": 0.0010722925194959396, "SHAPE_Area": 3.983022300657453e-08}, "geometry": {"type": "MultiPolygon", "coordinates": [[[[-72.50214314999994, 44.19863226100006], [-72.50250789399996, 44.19838614500003], [-72.50258582299995, 44.19844367300004], [-72.50222055899997, 44.19868850900008], [-72.50214314999994, 44.19863226100006]]]]}}, {"type": "Feature", "properties": {"OBJECTID": 5372, "SPAN": "036-011-10719", "GLIST_SPAN": "036-011-10719", "MAPID": "1095-VL00.0013", "PARCID": "1095-VL00-0013", "PROPTYPE": "PARCEL", "YEAR": 2023, "GLYEAR": 2022, "TOWN": "BARRE CITY", "TNAME": "Barre City", "SOURCENAME": null, "SOURCETYPE": "UNKNOWN", "SOURCEDATE": "UNKNOWN", "EDITMETHOD": "UNKNOWN", "EDITOR": "UNKNOWN", "EDITDATE": "UNKNOWN", "MATCHSTAT": "MATCH", "EDITNOTE": "UNKNOWN", "OWNER1": "CITY OF BARRE", "OWNER2": "", "ADDRGL1": "6 N MAIN ST", "ADDRGL2": "", "CITYGL": "BARRE", "STGL": "VT", "ZIPGL": "05641-4115", "DESCPROP": "WALK THRU BETWEEN 86/92 N MAIN", "LOCAPROP": "N MAIN ST", "CAT": "Miscellaneous", "RESCODE": "C", "ACRESGL": 0.02, "REAL_FLV": 6760, "HSTED_FLV": 0, "NRES_FLV": 6760, "LAND_LV": 6760, "IMPRV_LV": 0, "EQUIPVAL": 0, "EQUIPCODE": "", "INVENVAL": 0, "HSDECL": "N", "HSITEVAL": 0, "VETEXAMT": 0, "EXPDESC": "Statutory", "ENDDATE": "", "STATUTE": "", "EXAMT_HS": 0, "EXAMT_NR": 0, "UVREDUC_HS": 0, "UVREDUC_NR": 0, "GLVAL_HS": 0.0, "GLVAL_NR": 0.0, "CRHOUSPCT": 0.0, "MUNGL1PCT": 0.0, "AOEGL_HS": 0.0, "AOEGL_NR": 0.0, "E911ADDR": "N MAIN ST", "SHAPE_Length": 0.000623955713072714, "SHAPE_Area": 9.176446844910308e-09}, "geometry": {"type": "MultiPolygon", "coordinates": [[[[-72.50244806299997, 44.197761738000054], [-72.50246643599996, 44.197747536000065], [-72.50247632299994, 44.197753814000066], [-72.50249810499997, 44.197767645000056], [-72.50247543099994, 44.19778437900004], [-72.50228029799996, 44.19793024300003], [-72.50227488599995, 44.197934287000066], [-72.50224829999996, 44.19791446000005], [-72.50225025799995, 44.19791347700004], [-72.50225378999994, 44.197910765000074], [-72.50244806299997, 44.197761738000054]]]]}}, {"type": "Feature", "properties": {"OBJECTID": 5384, "SPAN": "036-011-10724", "GLIST_SPAN": "036-011-10724", "MAPID": "1160-VL00.0002", "PARCID": "1160-VL00-0002", "PROPTYPE": "PARCEL", "YEAR": 2023, "GLYEAR": 2022, "TOWN": "BARRE CITY", "TNAME": "Barre City", "SOURCENAME": null, "SOURCETYPE": "UNKNOWN", "SOURCEDATE": "UNKNOWN", "EDITMETHOD": "UNKNOWN", "EDITOR": "UNKNOWN", "EDITDATE": "UNKNOWN", "MATCHSTAT": "MATCH", "EDITNOTE": "UNKNOWN", "OWNER1": "CITY OF BARRE", "OWNER2": "", "ADDRGL1": "6 N MAIN ST", "ADDRGL2": "", "CITYGL": "BARRE", "STGL": "VT", "ZIPGL": "05641-4115", "DESCPROP": "PARKING LOT-0.52AC", "LOCAPROP": "PEARL ST", "CAT": "Commercial", "RESCODE": "C", "ACRESGL": 0.52, "REAL_FLV": 71850, "HSTED_FLV": 0, "NRES_FLV": 71850, "LAND_LV": 71850, "IMPRV_LV": 0, "EQUIPVAL": 0, "EQUIPCODE": "", "INVENVAL": 0, "HSDECL": "N", "HSITEVAL": 0, "VETEXAMT": 0, "EXPDESC": "Statutory", "ENDDATE": "", "STATUTE": "", "EXAMT_HS": 0, "EXAMT_NR": 0, "UVREDUC_HS": 0, "UVREDUC_NR": 0, "GLVAL_HS": 0.0, "GLVAL_NR": 0.0, "CRHOUSPCT": 0.0, "MUNGL1PCT": 0.0, "AOEGL_HS": 0.0, "AOEGL_NR": 0.0, "E911ADDR": "PEARL ST", "SHAPE_Length": 0.002160510452969851, "SHAPE_Area": 2.4607483174569957e-07}, "geometry": {"type": "MultiPolygon", "coordinates": [[[[-72.50178546499995, 44.199605947000066], [-72.50221620499997, 44.199309226000025], [-72.50254656099997, 44.199555212000064], [-72.50256624499997, 44.199569868000026], [-72.50262185499997, 44.19961344300003], [-72.50258213599994, 44.19963678000005], [-72.50263708399996, 44.19967583000005], [-72.50262716599997, 44.199680503000025], [-72.50241593999993, 44.19978002100004], [-72.50220639399998, 44.19990454800006], [-72.50216791899999, 44.19986641000003], [-72.50196686399994, 44.199667118000036], [-72.50178546499995, 44.199605947000066]]]]}}, {"type": "Feature", "properties": {"OBJECTID": 5393, "SPAN": "036-011-11076", "GLIST_SPAN": "036-011-11076", "MAPID": "0625-0021.0000", "PARCID": "0625-0021-0000", "PROPTYPE": "PARCEL", "YEAR": 2023, "GLYEAR": 2022, "TOWN": "BARRE CITY", "TNAME": "Barre City", "SOURCENAME": null, "SOURCETYPE": "UNKNOWN", "SOURCEDATE": "UNKNOWN", "EDITMETHOD": "UNKNOWN", "EDITOR": "UNKNOWN", "EDITDATE": "UNKNOWN", "MATCHSTAT": "MATCH", "EDITNOTE": "UNKNOWN", "OWNER1": "IBEY RICHARD A & HEIDI J", "OWNER2": "", "ADDRGL1": "21 FRANKLIN ST", "ADDRGL2": "", "CITYGL": "BARRE", "STGL": "VT", "ZIPGL": "05641", "DESCPROP": "1 FAM-0.19AC", "LOCAPROP": "FRANKLIN ST  21", "CAT": "Residential-1", "RESCODE": "T", "ACRESGL": 0.19, "REAL_FLV": 165100, "HSTED_FLV": 165100, "NRES_FLV": 0, "LAND_LV": 20000, "IMPRV_LV": 145100, "EQUIPVAL": 0, "EQUIPCODE": "", "INVENVAL": 0, "HSDECL": "Y", "HSITEVAL": 165100, "VETEXAMT": 0, "EXPDESC": "", "ENDDATE": "", "STATUTE": "", "EXAMT_HS": 0, "EXAMT_NR": 0, "UVREDUC_HS": 0, "UVREDUC_NR": 0, "GLVAL_HS": 1651.0, "GLVAL_NR": 0.0, "CRHOUSPCT": 0.0, "MUNGL1PCT": 1651.0, "AOEGL_HS": 1651.0, "AOEGL_NR": 0.0, "E911ADDR": "21 FRANKLIN ST", "SHAPE_Length": 0.0011689379750347156, "SHAPE_Area": 8.266549466139356e-08}, "geometry": {"type": "MultiPolygon", "coordinates": [[[[-72.49889010599998, 44.19979678100003], [-72.49898941099997, 44.19956053400006], [-72.49930920499997, 44.19963183300007], [-72.49921615599999, 44.199864845000036], [-72.49921576499997, 44.199865970000076], [-72.49889010599998, 44.19979678100003]]]]}}, {"type": "Feature", "properties": {"OBJECTID": 5486, "SPAN": "036-011-11107", "GLIST_SPAN": "036-011-11107", "MAPID": "1535-0015.0000", "PARCID": "1535-0015-0000", "PROPTYPE": "PARCEL", "YEAR": 2023, "GLYEAR": 2022, "TOWN": "BARRE CITY", "TNAME": "Barre City", "SOURCENAME": null, "SOURCETYPE": "UNKNOWN", "SOURCEDATE": "UNKNOWN", "EDITMETHOD": "UNKNOWN", "EDITOR": "UNKNOWN", "EDITDATE": "UNKNOWN", "MATCHSTAT": "MATCH", "EDITNOTE": "UNKNOWN", "OWNER1": "G4 PROPERTIES LLC", "OWNER2": "", "ADDRGL1": "24 FAIRVIEW DR", "ADDRGL2": "", "CITYGL": "ESSEX JCT", "STGL": "VT", "ZIPGL": "05452", "DESCPROP": "3 APTS-0.21AC", "LOCAPROP": "WELLINGTON ST  15", "CAT": "Residential-1", "RESCODE": "C", "ACRESGL": 0.21, "REAL_FLV": 178760, "HSTED_FLV": 0, "NRES_FLV": 178760, "LAND_LV": 16550, "IMPRV_LV": 162210, "EQUIPVAL": 0, "EQUIPCODE": "", "INVENVAL": 0, "HSDECL": "N", "HSITEVAL": 0, "VETEXAMT": 0, "EXPDESC": "", "ENDDATE": "", "STATUTE": "", "EXAMT_HS": 0, "EXAMT_NR": 0, "UVREDUC_HS": 0, "UVREDUC_NR": 0, "GLVAL_HS": 0.0, "GLVAL_NR": 1787.6, "CRHOUSPCT": 0.0, "MUNGL1PCT": 1787.6, "AOEGL_HS": 0.0, "AOEGL_NR": 1787.6, "E911ADDR": "15 WELLINGTON ST", "SHAPE_Length": 0.0012732468778080632, "SHAPE_Area": 9.718881435516091e-08}, "geometry": {"type": "MultiPolygon", "coordinates": [[[[-72.49986278699998, 44.19973913100006], [-72.49986513299996, 44.199738989000025], [-72.50019392099995, 44.199918988000036], [-72.50011416699994, 44.20011051800003], [-72.49974784699998, 44.200031065000076], [-72.49986122299998, 44.199742506000064], [-72.49986278699998, 44.19973913100006]]]]}}, {"type": "Feature", "properties": {"OBJECTID": 5535, "SPAN": "036-011-10758", "GLIST_SPAN": "036-011-10758", "MAPID": "0870-0043.0000", "PARCID": "0870-0043-0000", "PROPTYPE": "PARCEL", "YEAR": 2023, "GLYEAR": 2022, "TOWN": "BARRE CITY", "TNAME": "Barre City", "SOURCENAME": null, "SOURCETYPE": "UNKNOWN", "SOURCEDATE": "UNKNOWN", "EDITMETHOD": "UNKNOWN", "EDITOR": "UNKNOWN", "EDITDATE": "UNKNOWN", "MATCHSTAT": "MATCH", "EDITNOTE": "UNKNOWN", "OWNER1": "MCNARY LANCE & THIBAULT VAUGHN", "OWNER2": "", "ADDRGL1": "43 JEFFERSON ST", "ADDRGL2": "", "CITYGL": "BARRE", "STGL": "VT", "ZIPGL": "05641", "DESCPROP": "1 FAM-0.14AC", "LOCAPROP": "JEFFERSON ST  43", "CAT": "Residential-1", "RESCODE": "T", "ACRESGL": 0.14, "REAL_FLV": 117300, "HSTED_FLV": 117300, "NRES_FLV": 0, "LAND_LV": 11600, "IMPRV_LV": 105700, "EQUIPVAL": 0, "EQUIPCODE": "", "INVENVAL": 0, "HSDECL": "Y", "HSITEVAL": 117300, "VETEXAMT": 0, "EXPDESC": "", "ENDDATE": "", "STATUTE": "", "EXAMT_HS": 0, "EXAMT_NR": 0, "UVREDUC_HS": 0, "UVREDUC_NR": 0, "GLVAL_HS": 1173.0, "GLVAL_NR": 0.0, "CRHOUSPCT": 0.0, "MUNGL1PCT": 1173.0, "AOEGL_HS": 1173.0, "AOEGL_NR": 0.0, "E911ADDR": "43 JEFFERSON ST", "SHAPE_Length": 0.0010150543262657462, "SHAPE_Area": 6.246334904778666e-08}, "geometry": {"type": "MultiPolygon", "coordinates": [[[[-72.49940382499994, 44.19853609300003], [-72.49940538899995, 44.198534265000035], [-72.49959773199998, 44.19860612400004], [-72.49947458199995, 44.198851372000036], [-72.49947106399998, 44.19885066900008], [-72.49923923599994, 44.19876545000005], [-72.49923962699995, 44.19876474600005], [-72.49940382499994, 44.19853609300003]]]]}}, {"type": "Feature", "properties": {"OBJECTID": 5546, "SPAN": "036-011-10327", "GLIST_SPAN": "036-011-10327", "MAPID": "0350-0176.0000", "PARCID": "0350-0176-0000", "PROPTYPE": "PARCEL", "YEAR": 2023, "GLYEAR": 2022, "TOWN": "BARRE CITY", "TNAME": "Barre City", "SOURCENAME": null, "SOURCETYPE": "UNKNOWN", "SOURCEDATE": "UNKNOWN", "EDITMETHOD": "UNKNOWN", "EDITOR": "UNKNOWN", "EDITDATE": "UNKNOWN", "MATCHSTAT": "MATCH", "EDITNOTE": "UNKNOWN", "OWNER1": "LACROIX CYNTHIA & LANDRY BRUCE &", "OWNER2": "COUGHLIN EAMMON R - LIFE ESTATE;", "ADDRGL1": "COUGHLIN MAUREEN M & COUGHLIN EAMMON R", "ADDRGL2": "85 BLACKWELL ST", "CITYGL": "BARRE", "STGL": "VT", "ZIPGL": "05641", "DESCPROP": "2 APTS-0.11AC", "LOCAPROP": "CHURCH ST 176", "CAT": "Residential-1", "RESCODE": "T", "ACRESGL": 0.11, "REAL_FLV": 183400, "HSTED_FLV": 0, "NRES_FLV": 183400, "LAND_LV": 14300, "IMPRV_LV": 169100, "EQUIPVAL": 0, "EQUIPCODE": "", "INVENVAL": 0, "HSDECL": "N", "HSITEVAL": 0, "VETEXAMT": 0, "EXPDESC": "", "ENDDATE": "", "STATUTE": "", "EXAMT_HS": 0, "EXAMT_NR": 0, "UVREDUC_HS": 0, "UVREDUC_NR": 0, "GLVAL_HS": 0.0, "GLVAL_NR": 1834.0, "CRHOUSPCT": 0.0, "MUNGL1PCT": 1834.0, "AOEGL_HS": 0.0, "AOEGL_NR": 1834.0, "E911ADDR": "176 CHURCH ST", "SHAPE_Length": 0.001011968625013286, "SHAPE_Area": 5.18779185417763e-08}, "geometry": {"type": "MultiPolygon", "coordinates": [[[[-72.49912978499998, 44.19789906600005], [-72.49913056699995, 44.19789723800005], [-72.49947263599995, 44.198016067000026], [-72.49939249199997, 44.19814192500007], [-72.49929475699997, 44.19810789400003], [-72.49905863199996, 44.19802548600006], [-72.49912978499998, 44.19789906600005]]]]}}, {"type": "Feature", "properties": {"OBJECTID": 5561, "SPAN": "036-011-10772", "GLIST_SPAN": "036-011-10772", "MAPID": "0870-0042.0000", "PARCID": "0870-0042-0000", "PROPTYPE": "PARCEL", "YEAR": 2023, "GLYEAR": 2022, "TOWN": "BARRE CITY", "TNAME": "Barre City", "SOURCENAME": null, "SOURCETYPE": "UNKNOWN", "SOURCEDATE": "UNKNOWN", "EDITMETHOD": "UNKNOWN", "EDITOR": "UNKNOWN", "EDITDATE": "UNKNOWN", "MATCHSTAT": "MATCH", "EDITNOTE": "UNKNOWN", "OWNER1": "COBURN CHARLES H", "OWNER2": "", "ADDRGL1": "42 JEFFERSON STREET", "ADDRGL2": "", "CITYGL": "BARRE", "STGL": "VT", "ZIPGL": "05641", "DESCPROP": "1 FAM-0.10AC", "LOCAPROP": "JEFFERSON ST  42", "CAT": "Residential-1", "RESCODE": "T", "ACRESGL": 0.1, "REAL_FLV": 99420, "HSTED_FLV": 99420, "NRES_FLV": 0, "LAND_LV": 9260, "IMPRV_LV": 90160, "EQUIPVAL": 0, "EQUIPCODE": "", "INVENVAL": 0, "HSDECL": "Y", "HSITEVAL": 99420, "VETEXAMT": 0, "EXPDESC": "", "ENDDATE": "", "STATUTE": "", "EXAMT_HS": 0, "EXAMT_NR": 0, "UVREDUC_HS": 0, "UVREDUC_NR": 0, "GLVAL_HS": 994.0, "GLVAL_NR": 0.0, "CRHOUSPCT": 0.0, "MUNGL1PCT": 994.2, "AOEGL_HS": 994.0, "AOEGL_NR": 0.0, "E911ADDR": "42 JEFFERSON ST", "SHAPE_Length": 0.0008875296697113306, "SHAPE_Area": 4.464357023570328e-08}, "geometry": {"type": "MultiPolygon", "coordinates": [[[[-72.49968451999996, 44.198684171000025], [-72.49969155699995, 44.198668421000036], [-72.49975137099995, 44.198670812000046], [-72.49975410799993, 44.19867179600004], [-72.49975606199996, 44.19867179600004], [-72.49999336399998, 44.198679249000065], [-72.49999453599997, 44.198679249000065], [-72.49999492799998, 44.19868037400005], [-72.50001447499994, 44.19881453000005], [-72.50001525699997, 44.19881931100008], [-72.50001447499994, 44.198820717000046], [-72.49981822199999, 44.19886065400004], [-72.49981470299997, 44.198861357000055], [-72.49968764799996, 44.19868782800006], [-72.49968451999996, 44.198684171000025]]]]}}, {"type": "Feature", "properties": {"OBJECTID": 5629, "SPAN": "036-011-11161", "GLIST_SPAN": "036-011-11161", "MAPID": "0530-0081.0000", "PARCID": "0530-0081-0000", "PROPTYPE": "PARCEL", "YEAR": 2023, "GLYEAR": 2022, "TOWN": "BARRE CITY", "TNAME": "Barre City", "SOURCENAME": null, "SOURCETYPE": "UNKNOWN", "SOURCEDATE": "UNKNOWN", "EDITMETHOD": "UNKNOWN", "EDITOR": "UNKNOWN", "EDITDATE": "UNKNOWN", "MATCHSTAT": "MATCH", "EDITNOTE": "UNKNOWN", "OWNER1": "DOWNSTREET HOUSING AND COMMUNITY", "OWNER2": "DEVELOPMENT INC", "ADDRGL1": "22 KEITH AV  STE 100", "ADDRGL2": "", "CITYGL": "BARRE", "STGL": "VT", "ZIPGL": "05641", "DESCPROP": "3 APTS-0.7430AC", "LOCAPROP": "ELM ST  81", "CAT": "Commercial", "RESCODE": "C", "ACRESGL": 0.74, "REAL_FLV": 190300, "HSTED_FLV": 0, "NRES_FLV": 190300, "LAND_LV": 39600, "IMPRV_LV": 150700, "EQUIPVAL": 0, "EQUIPCODE": "", "INVENVAL": 0, "HSDECL": "N", "HSITEVAL": 0, "VETEXAMT": 0, "EXPDESC": "Qualified Housing Units", "ENDDATE": "", "STATUTE": "", "EXAMT_HS": 0, "EXAMT_NR": 19000, "UVREDUC_HS": 0, "UVREDUC_NR": 0, "GLVAL_HS": 0.0, "GLVAL_NR": 1713.0, "CRHOUSPCT": 0.0, "MUNGL1PCT": 1903.0, "AOEGL_HS": 0.0, "AOEGL_NR": 1713.0, "E911ADDR": "81 ELM ST", "SHAPE_Length": 0.002303103681056285, "SHAPE_Area": 3.263221181023526e-07}, "geometry": {"type": "MultiPolygon", "coordinates": [[[[-72.49887952699999, 44.19884999400006], [-72.49900384499995, 44.198673917000065], [-72.49901366399996, 44.19868304200003], [-72.49923923599994, 44.19876545000005], [-72.49947106399998, 44.19885066900008], [-72.49947458199995, 44.198851372000036], [-72.49947419199998, 44.19885235600003], [-72.49947536099995, 44.199203072000046], [-72.49903789299998, 44.19928941200004], [-72.49902655499994, 44.19929264600006], [-72.49900231599997, 44.199295318000054], [-72.49897925099998, 44.19929630200005], [-72.49896048499994, 44.199295739000036], [-72.49893468299996, 44.19929503600008], [-72.49890497099994, 44.199289692000036], [-72.49888034099996, 44.199283223000066], [-72.49885922999994, 44.19927872300008], [-72.49871097599998, 44.19923375800005], [-72.49890159099994, 44.19885094600005], [-72.49887952699999, 44.19884999400006]]]]}}, {"type": "Feature", "properties": {"OBJECTID": 5668, "SPAN": "036-011-10369", "GLIST_SPAN": "036-011-10369", "MAPID": "0510-0008.0000", "PARCID": "0510-0008-0000", "PROPTYPE": "PARCEL", "YEAR": 2023, "GLYEAR": 2022, "TOWN": "BARRE CITY", "TNAME": "Barre City", "SOURCENAME": null, "SOURCETYPE": "UNKNOWN", "SOURCEDATE": "UNKNOWN", "EDITMETHOD": "UNKNOWN", "EDITOR": "UNKNOWN", "EDITDATE": "UNKNOWN", "MATCHSTAT": "MATCH", "EDITNOTE": "UNKNOWN", "OWNER1": "T & R PROPERTIES LLC", "OWNER2": "", "ADDRGL1": "PO BOX 731", "ADDRGL2": "", "CITYGL": "COLCHESTER", "STGL": "VT", "ZIPGL": "05446-0731", "DESCPROP": "3 APTS-0.24AC", "LOCAPROP": "EASTERN AVE   8", "CAT": "Residential-1", "RESCODE": "S", "ACRESGL": 0.24, "REAL_FLV": 192100, "HSTED_FLV": 0, "NRES_FLV": 192100, "LAND_LV": 24500, "IMPRV_LV": 167600, "EQUIPVAL": 0, "EQUIPCODE": "", "INVENVAL": 0, "HSDECL": "N", "HSITEVAL": 0, "VETEXAMT": 0, "EXPDESC": "", "ENDDATE": "", "STATUTE": "", "EXAMT_HS": 0, "EXAMT_NR": 0, "UVREDUC_HS": 0, "UVREDUC_NR": 0, "GLVAL_HS": 0.0, "GLVAL_NR": 1921.0, "CRHOUSPCT": 0.0, "MUNGL1PCT": 1921.0, "AOEGL_HS": 0.0, "AOEGL_NR": 1921.0, "E911ADDR": "8 EASTERN AVE", "SHAPE_Length": 0.0013885085662155554, "SHAPE_Area": 1.1017499450578293e-07}, "geometry": {"type": "MultiPolygon", "coordinates": [[[[-72.49784706399998, 44.19951495600003], [-72.49809610799997, 44.199170011000035], [-72.49834865499997, 44.199262264000026], [-72.49810195799995, 44.19960636600007], [-72.49784706399998, 44.19951495600003]]]]}}, {"type": "Feature", "properties": {"OBJECTID": 5809, "SPAN": "036-011-11246", "GLIST_SPAN": "036-011-11246", "MAPID": "0350-0170.0000", "PARCID": "0350-0170-0000", "PROPTYPE": "PARCEL", "YEAR": 2023, "GLYEAR": 2022, "TOWN": "BARRE CITY", "TNAME": "Barre City", "SOURCENAME": null, "SOURCETYPE": "UNKNOWN", "SOURCEDATE": "UNKNOWN", "EDITMETHOD": "UNKNOWN", "EDITOR": "UNKNOWN", "EDITDATE": "UNKNOWN", "MATCHSTAT": "MATCH", "EDITNOTE": "UNKNOWN", "OWNER1": "FRIGON MICHAEL ROSS & FRIGON DORIS", "OWNER2": "RICKER", "ADDRGL1": "170 CHURCH ST", "ADDRGL2": "", "CITYGL": "BARRE", "STGL": "VT", "ZIPGL": "05641", "DESCPROP": "1 FAM-0.12AC", "LOCAPROP": "CHURCH ST 170", "CAT": "Residential-1", "RESCODE": "T", "ACRESGL": 0.12, "REAL_FLV": 99610, "HSTED_FLV": 99610, "NRES_FLV": 0, "LAND_LV": 11500, "IMPRV_LV": 88110, "EQUIPVAL": 0, "EQUIPCODE": "", "INVENVAL": 0, "HSDECL": "Y", "HSITEVAL": 99610, "VETEXAMT": 40000, "EXPDESC": "", "ENDDATE": "", "STATUTE": "", "EXAMT_HS": 0, "EXAMT_NR": 0, "UVREDUC_HS": 0, "UVREDUC_NR": 0, "GLVAL_HS": 596.0, "GLVAL_NR": 0.0, "CRHOUSPCT": 0.0, "MUNGL1PCT": 596.1, "AOEGL_HS": 896.0, "AOEGL_NR": 0.0, "E911ADDR": "170 CHURCH ST", "SHAPE_Length": 0.001031026298291307, "SHAPE_Area": 5.3306890310080213e-08}, "geometry": {"type": "MultiPolygon", "coordinates": [[[[-72.49916927099997, 44.19783072300004], [-72.49920601999997, 44.19776786500006], [-72.49955512399998, 44.19789274000004], [-72.49951055599996, 44.19795967700003], [-72.49947380799995, 44.19801437900003], [-72.49947263599995, 44.198016067000026], [-72.49913056699995, 44.19789723800005], [-72.49916927099997, 44.19783072300004]]]]}}, {"type": "Feature", "properties": {"OBJECTID": 6024, "SPAN": "036-011-11293", "GLIST_SPAN": "036-011-11293", "MAPID": "0510-0013.0000", "PARCID": "0510-0013-0000", "PROPTYPE": "PARCEL", "YEAR": 2023, "GLYEAR": 2022, "TOWN": "BARRE CITY", "TNAME": "Barre City", "SOURCENAME": null, "SOURCETYPE": "UNKNOWN", "SOURCEDATE": "UNKNOWN", "EDITMETHOD": "UNKNOWN", "EDITOR": "UNKNOWN", "EDITDATE": "UNKNOWN", "MATCHSTAT": "MATCH", "EDITNOTE": "UNKNOWN", "OWNER1": "GARIBOLDI RICHARD C & CHERYL ANN - LIFE", "OWNER2": "ESTATE; GARIBOLDI TIMOTHY ET AL", "ADDRGL1": "13 EASTERN AVE APT 1", "ADDRGL2": "", "CITYGL": "BARRE", "STGL": "VT", "ZIPGL": "05641", "DESCPROP": "3 APTS-0.21AC", "LOCAPROP": "EASTERN AVE  13", "CAT": "Residential-1", "RESCODE": "T", "ACRESGL": 0.21, "REAL_FLV": 223700, "HSTED_FLV": 94500, "NRES_FLV": 129200, "LAND_LV": 29600, "IMPRV_LV": 194100, "EQUIPVAL": 0, "EQUIPCODE": "", "INVENVAL": 0, "HSDECL": "Y", "HSITEVAL": 94500, "VETEXAMT": 0, "EXPDESC": "", "ENDDATE": "", "STATUTE": "", "EXAMT_HS": 0, "EXAMT_NR": 0, "UVREDUC_HS": 0, "UVREDUC_NR": 0, "GLVAL_HS": 945.0, "GLVAL_NR": 1292.0, "CRHOUSPCT": 0.0, "MUNGL1PCT": 2237.0, "AOEGL_HS": 945.0, "AOEGL_NR": 1292.0, "E911ADDR": "13 EASTERN AVE", "SHAPE_Length": 0.0013478838549523193, "SHAPE_Area": 9.769505467446482e-08}, "geometry": {"type": "MultiPolygon", "coordinates": [[[[-72.49795265599994, 44.198472233000075], [-72.49795382799994, 44.19847096800004], [-72.49804187699993, 44.198537556000076], [-72.49809282199993, 44.19857585800003], [-72.49810863599998, 44.19858740700005], [-72.49810826099997, 44.19858837100003], [-72.49787534399997, 44.19893205000005], [-72.49787382899996, 44.19893439600003], [-72.49764262399998, 44.198846708000076], [-72.49764379799996, 44.19884488000008], [-72.49795265599994, 44.198472233000075]]]]}}, {"type": "Feature", "properties": {"OBJECTID": 6027, "SPAN": "036-011-11296", "GLIST_SPAN": "036-011-11296", "MAPID": "1095-0123.0000", "PARCID": "1095-0123-0000", "PROPTYPE": "PARCEL", "YEAR": 2023, "GLYEAR": 2022, "TOWN": "BARRE CITY", "TNAME": "Barre City", "SOURCENAME": null, "SOURCETYPE": "UNKNOWN", "SOURCEDATE": "UNKNOWN", "EDITMETHOD": "UNKNOWN", "EDITOR": "UNKNOWN", "EDITDATE": "UNKNOWN", "MATCHSTAT": "MATCH", "EDITNOTE": "UNKNOWN", "OWNER1": "GARR DANIEL P & DUGGAN CHRISTINE F", "OWNER2": "", "ADDRGL1": "16 SNOW AV", "ADDRGL2": "", "CITYGL": "BARRE", "STGL": "VT", "ZIPGL": "05641", "DESCPROP": "SHOPS/BAR/OFFICES-0.17AC", "LOCAPROP": "N MAIN ST  123", "CAT": "Commercial", "RESCODE": "T", "ACRESGL": 0.17, "REAL_FLV": 507100, "HSTED_FLV": 0, "NRES_FLV": 507100, "LAND_LV": 105900, "IMPRV_LV": 401200, "EQUIPVAL": 0, "EQUIPCODE": "", "INVENVAL": 0, "HSDECL": "N", "HSITEVAL": 0, "VETEXAMT": 0, "EXPDESC": "", "ENDDATE": "", "STATUTE": "", "EXAMT_HS": 0, "EXAMT_NR": 0, "UVREDUC_HS": 0, "UVREDUC_NR": 0, "GLVAL_HS": 0.0, "GLVAL_NR": 5071.0, "CRHOUSPCT": 0.0, "MUNGL1PCT": 5071.0, "AOEGL_HS": 0.0, "AOEGL_NR": 5071.0, "E911ADDR": "123 N MAIN ST", "SHAPE_Length": 0.0012397038546186465, "SHAPE_Area": 7.403753699859058e-08}, "geometry": {"type": "MultiPolygon", "coordinates": [[[[-72.50199693499997, 44.19852581200007], [-72.50236626399999, 44.19828159100007], [-72.50250789399996, 44.19838614500003], [-72.50214314999994, 44.19863226100006], [-72.50199927999995, 44.19852792100005], [-72.50199693499997, 44.19852581200007]]]]}}, {"type": "Feature", "properties": {"OBJECTID": 6031, "SPAN": "036-011-11300", "GLIST_SPAN": "036-011-11300", "MAPID": "0890-0030.0000", "PARCID": "0890-0030-0000", "PROPTYPE": "PARCEL", "YEAR": 2023, "GLYEAR": 2022, "TOWN": "BARRE CITY", "TNAME": "Barre City", "SOURCENAME": null, "SOURCETYPE": "UNKNOWN", "SOURCEDATE": "UNKNOWN", "EDITMETHOD": "UNKNOWN", "EDITOR": "UNKNOWN", "EDITDATE": "UNKNOWN", "MATCHSTAT": "MATCH", "EDITNOTE": "UNKNOWN", "OWNER1": "DOWNSTREET HOUSING AND COMMUNITY", "OWNER2": "DEVELOPMENT INC", "ADDRGL1": "22 KEITH AVE", "ADDRGL2": "", "CITYGL": "BARRE", "STGL": "VT", "ZIPGL": "05641", "DESCPROP": "2 APTS/DRS OFFICE-0.09AC", "LOCAPROP": "KEITH AVE  30", "CAT": "Commercial", "RESCODE": "C", "ACRESGL": 0.09, "REAL_FLV": 188200, "HSTED_FLV": 0, "NRES_FLV": 188200, "LAND_LV": 42400, "IMPRV_LV": 145800, "EQUIPVAL": 0, "EQUIPCODE": "", "INVENVAL": 0, "HSDECL": "N", "HSITEVAL": 0, "VETEXAMT": 0, "EXPDESC": "", "ENDDATE": "", "STATUTE": "", "EXAMT_HS": 0, "EXAMT_NR": 0, "UVREDUC_HS": 0, "UVREDUC_NR": 0, "GLVAL_HS": 0.0, "GLVAL_NR": 1882.0, "CRHOUSPCT": 0.0, "MUNGL1PCT": 1882.0, "AOEGL_HS": 0.0, "AOEGL_NR": 1882.0, "E911ADDR": "30 KEITH AVE", "SHAPE_Length": 0.0008905088043692059, "SHAPE_Area": 4.248416942871278e-08}, "geometry": {"type": "MultiPolygon", "coordinates": [[[[-72.50109934599993, 44.19911855200007], [-72.50133361099995, 44.198964647000025], [-72.50144087799998, 44.19905040900005], [-72.50145233399996, 44.19905956700006], [-72.50120854099998, 44.19922093900004], [-72.50108872999994, 44.199125794000054], [-72.50109934599993, 44.19911855200007]]]]}}, {"type": "Feature", "properties": {"OBJECTID": 6055, "SPAN": "036-011-11324", "GLIST_SPAN": "036-011-11324", "MAPID": "0510-0014.0000", "PARCID": "0510-0014-0000", "PROPTYPE": "PARCEL", "YEAR": 2023, "GLYEAR": 2022, "TOWN": "BARRE CITY", "TNAME": "Barre City", "SOURCENAME": null, "SOURCETYPE": "UNKNOWN", "SOURCEDATE": "UNKNOWN", "EDITMETHOD": "UNKNOWN", "EDITOR": "UNKNOWN", "EDITDATE": "UNKNOWN", "MATCHSTAT": "MATCH", "EDITNOTE": "UNKNOWN", "OWNER1": "KERLINGER JOAN", "OWNER2": "", "ADDRGL1": "14 EASTERN AVE # 1", "ADDRGL2": "", "CITYGL": "BARRE", "STGL": "VT", "ZIPGL": "05641", "DESCPROP": "2 APTS-0.24AC", "LOCAPROP": "EASTERN AVE  14", "CAT": "Residential-1", "RESCODE": "T", "ACRESGL": 0.24, "REAL_FLV": 157900, "HSTED_FLV": 98700, "NRES_FLV": 59200, "LAND_LV": 32600, "IMPRV_LV": 125300, "EQUIPVAL": 0, "EQUIPCODE": "", "INVENVAL": 0, "HSDECL": "Y", "HSITEVAL": 98700, "VETEXAMT": 0, "EXPDESC": "", "ENDDATE": "", "STATUTE": "", "EXAMT_HS": 0, "EXAMT_NR": 0, "UVREDUC_HS": 0, "UVREDUC_NR": 0, "GLVAL_HS": 987.0, "GLVAL_NR": 592.0, "CRHOUSPCT": 0.0, "MUNGL1PCT": 1579.0, "AOEGL_HS": 987.0, "AOEGL_NR": 592.0, "E911ADDR": "14 EASTERN AVE", "SHAPE_Length": 0.001397372030424035, "SHAPE_Area": 1.1221489853371201e-07}, "geometry": {"type": "MultiPolygon", "coordinates": [[[[-72.49733610399994, 44.19932496200005], [-72.49758475899995, 44.198981143000026], [-72.49784121499994, 44.19907578800007], [-72.49759412399999, 44.199420874000054], [-72.49740021799994, 44.199348730000054], [-72.49733610399994, 44.19932496200005]]]]}}, {"type": "Feature", "properties": {"OBJECTID": 6065, "SPAN": "036-011-11334", "GLIST_SPAN": "036-011-11334", "MAPID": "1440-0091.0000", "PARCID": "1440-0091-0000", "PROPTYPE": "PARCEL", "YEAR": 2023, "GLYEAR": 2022, "TOWN": "BARRE CITY", "TNAME": "Barre City", "SOURCENAME": null, "SOURCETYPE": "UNKNOWN", "SOURCEDATE": "UNKNOWN", "EDITMETHOD": "UNKNOWN", "EDITOR": "UNKNOWN", "EDITDATE": "UNKNOWN", "MATCHSTAT": "MATCH", "EDITNOTE": "UNKNOWN", "OWNER1": "GILLIS JAMES S & MARY A", "OWNER2": "", "ADDRGL1": "236 SPENCERSWOOD DR", "ADDRGL2": "", "CITYGL": "CONWAY", "STGL": "SC", "ZIPGL": "29526-3993", "DESCPROP": "1 FAM-0.20AC", "LOCAPROP": "TREMONT ST  91", "CAT": "Residential-1", "RESCODE": "NS", "ACRESGL": 0.2, "REAL_FLV": 156100, "HSTED_FLV": 0, "NRES_FLV": 156100, "LAND_LV": 19200, "IMPRV_LV": 136900, "EQUIPVAL": 0, "EQUIPCODE": "", "INVENVAL": 0, "HSDECL": "N", "HSITEVAL": 0, "VETEXAMT": 0, "EXPDESC": "", "ENDDATE": "", "STATUTE": "", "EXAMT_HS": 0, "EXAMT_NR": 0, "UVREDUC_HS": 0, "UVREDUC_NR": 0, "GLVAL_HS": 0.0, "GLVAL_NR": 1561.0, "CRHOUSPCT": 0.0, "MUNGL1PCT": 1561.0, "AOEGL_HS": 0.0, "AOEGL_NR": 1561.0, "E911ADDR": "91 TREMONT ST", "SHAPE_Length": 0.0012156528739984288, "SHAPE_Area": 8.059004522414591e-08}, "geometry": {"type": "MultiPolygon", "coordinates": [[[[-72.49714575099995, 44.199352031000046], [-72.49719822499998, 44.19927354400005], [-72.49733610399994, 44.19932496200005], [-72.49740021799994, 44.199348730000054], [-72.49716524399997, 44.199674549000065], [-72.49697722599996, 44.199604100000045], [-72.49714575099995, 44.199352031000046]]]]}}, {"type": "Feature", "properties": {"OBJECTID": 6066, "SPAN": "036-011-11335", "GLIST_SPAN": "036-011-11335", "MAPID": "0080-0024.0000", "PARCID": "0080-0024-0000", "PROPTYPE": "PARCEL", "YEAR": 2023, "GLYEAR": 2022, "TOWN": "BARRE CITY", "TNAME": "Barre City", "SOURCENAME": null, "SOURCETYPE": "UNKNOWN", "SOURCEDATE": "UNKNOWN", "EDITMETHOD": "UNKNOWN", "EDITOR": "UNKNOWN", "EDITDATE": "UNKNOWN", "MATCHSTAT": "MATCH", "EDITNOTE": "UNKNOWN", "OWNER1": "CHOICE ENTERPRISES LLC", "OWNER2": "", "ADDRGL1": "23 JONES BROTHERS WAY", "ADDRGL2": "", "CITYGL": "BARRE", "STGL": "VT", "ZIPGL": "05641", "DESCPROP": "REST HOME/APT-0.25AC", "LOCAPROP": "AVERILL ST  24", "CAT": "Commercial Apt", "RESCODE": "C", "ACRESGL": 0.25, "REAL_FLV": 364000, "HSTED_FLV": 0, "NRES_FLV": 364000, "LAND_LV": 25000, "IMPRV_LV": 339000, "EQUIPVAL": 0, "EQUIPCODE": "", "INVENVAL": 0, "HSDECL": "N", "HSITEVAL": 71200, "VETEXAMT": 0, "EXPDESC": "", "ENDDATE": "", "STATUTE": "", "EXAMT_HS": 0, "EXAMT_NR": 0, "UVREDUC_HS": 0, "UVREDUC_NR": 0, "GLVAL_HS": 0.0, "GLVAL_NR": 3640.0, "CRHOUSPCT": 0.0, "MUNGL1PCT": 3640.0, "AOEGL_HS": 0.0, "AOEGL_NR": 3640.0, "E911ADDR": "24 AVERILL ST", "SHAPE_Length": 0.0015199144360097294, "SHAPE_Area": 1.2223469092175004e-07}, "geometry": {"type": "MultiPolygon", "coordinates": [[[[-72.49810863599998, 44.19858740700005], [-72.49839403499993, 44.19815457200008], [-72.49861295899996, 44.19823683900006], [-72.49833030899998, 44.19868028500008], [-72.49830879599995, 44.198669394000035], [-72.49828103999994, 44.19866306500006], [-72.49826501099994, 44.19865701800006], [-72.49824859199998, 44.198648580000054], [-72.49823021799995, 44.19864351800004], [-72.49821184299998, 44.19863676700004], [-72.49819894299998, 44.19862987600004], [-72.49818604199999, 44.198626501000035], [-72.49817705099997, 44.19862340700007], [-72.49816063099996, 44.198616095000034], [-72.49814499399997, 44.198608782000065], [-72.49813600199997, 44.198604282000076], [-72.49812231999994, 44.19859584400007], [-72.49810863599998, 44.19858740700005]]]]}}, {"type": "Feature", "properties": {"OBJECTID": 6126, "SPAN": "036-011-11398", "GLIST_SPAN": "036-011-11398", "MAPID": "1095-0086.0000", "PARCID": "1095-0086-0000", "PROPTYPE": "PARCEL", "YEAR": 2023, "GLYEAR": 2022, "TOWN": "BARRE CITY", "TNAME": "Barre City", "SOURCENAME": null, "SOURCETYPE": "UNKNOWN", "SOURCEDATE": "UNKNOWN", "EDITMETHOD": "UNKNOWN", "EDITOR": "UNKNOWN", "EDITDATE": "UNKNOWN", "MATCHSTAT": "MATCH", "EDITNOTE": "UNKNOWN", "OWNER1": "GRANITE CITY HOLDING CO INC", "OWNER2": "C/O WILIAM RAVEIS REAL ESTATE", "ADDRGL1": "18 TALBOT AVENUE", "ADDRGL2": "", "CITYGL": "ROCKLAND", "STGL": "ME", "ZIPGL": "04841", "DESCPROP": "REST/OFFICE-0.22AC", "LOCAPROP": "N MAIN ST   86", "CAT": "Commercial", "RESCODE": "C", "ACRESGL": 0.22, "REAL_FLV": 346700, "HSTED_FLV": 0, "NRES_FLV": 346700, "LAND_LV": 123500, "IMPRV_LV": 223200, "EQUIPVAL": 0, "EQUIPCODE": "", "INVENVAL": 0, "HSDECL": "N", "HSITEVAL": 0, "VETEXAMT": 0, "EXPDESC": "", "ENDDATE": "", "STATUTE": "", "EXAMT_HS": 0, "EXAMT_NR": 0, "UVREDUC_HS": 0, "UVREDUC_NR": 0, "GLVAL_HS": 0.0, "GLVAL_NR": 3467.0, "CRHOUSPCT": 0.0, "MUNGL1PCT": 3467.0, "AOEGL_HS": 0.0, "AOEGL_NR": 3467.0, "E911ADDR": "86 N MAIN ST", "SHAPE_Length": 0.0013795547032891535, "SHAPE_Area": 1.0117719462607103e-07}, "geometry": {"type": "MultiPolygon", "coordinates": [[[[-72.50207432999997, 44.197782561000054], [-72.50203171599998, 44.19774036800004], [-72.50203448899998, 44.197738911000044], [-72.50227622799997, 44.19760618300006], [-72.50244561899996, 44.197513178000065], [-72.50244923099996, 44.19752000500006], [-72.50253601899993, 44.197686221000026], [-72.50255123699998, 44.197707018000074], [-72.50255752799995, 44.19771561500005], [-72.50256143199994, 44.19772025200007], [-72.50251608499997, 44.197754144000044], [-72.50249810499997, 44.197767645000056], [-72.50247632299994, 44.197753814000066], [-72.50246643599996, 44.197747536000065], [-72.50244806299997, 44.197761738000054], [-72.50225378999994, 44.197910765000074], [-72.50225025799995, 44.19791347700004], [-72.50224829999996, 44.19791446000005], [-72.50209544099994, 44.197800835000066], [-72.50207432999997, 44.197782561000054]]]]}}, {"type": "Feature", "properties": {"OBJECTID": 6149, "SPAN": "036-011-11421", "GLIST_SPAN": "036-011-11421", "MAPID": "0510-0005.0000", "PARCID": "0510-0005-0000", "PROPTYPE": "PARCEL", "YEAR": 2023, "GLYEAR": 2022, "TOWN": "BARRE CITY", "TNAME": "Barre City", "SOURCENAME": null, "SOURCETYPE": "UNKNOWN", "SOURCEDATE": "UNKNOWN", "EDITMETHOD": "UNKNOWN", "EDITOR": "UNKNOWN", "EDITDATE": "UNKNOWN", "MATCHSTAT": "MATCH", "EDITNOTE": "UNKNOWN", "OWNER1": "ENRIGHT DANIEL", "OWNER2": "", "ADDRGL1": "75 MAPLEWOOD AVE", "ADDRGL2": "", "CITYGL": "MILTON", "STGL": "VT", "ZIPGL": "05468", "DESCPROP": "2 APTS-0.26AC", "LOCAPROP": "EASTERN AVE   5", "CAT": "Residential-1", "RESCODE": "S", "ACRESGL": 0.26, "REAL_FLV": 167000, "HSTED_FLV": 0, "NRES_FLV": 167000, "LAND_LV": 24200, "IMPRV_LV": 142800, "EQUIPVAL": 0, "EQUIPCODE": "", "INVENVAL": 0, "HSDECL": "N", "HSITEVAL": 0, "VETEXAMT": 0, "EXPDESC": "", "ENDDATE": "", "STATUTE": "", "EXAMT_HS": 0, "EXAMT_NR": 0, "UVREDUC_HS": 0, "UVREDUC_NR": 0, "GLVAL_HS": 0.0, "GLVAL_NR": 1670.0, "CRHOUSPCT": 0.0, "MUNGL1PCT": 1670.0, "AOEGL_HS": 0.0, "AOEGL_NR": 1670.0, "E911ADDR": "5 EASTERN AVE", "SHAPE_Length": 0.0014292664262351912, "SHAPE_Area": 1.223519810285299e-07}, "geometry": {"type": "MultiPolygon", "coordinates": [[[[-72.49818001999995, 44.19904979800003], [-72.49838306799995, 44.19869474300003], [-72.49864182999994, 44.19877510100008], [-72.49866103199997, 44.19878035000005], [-72.49846906899995, 44.199155672000074], [-72.49846716399998, 44.19915500500008], [-72.49818116499995, 44.199050199000055], [-72.49818001999995, 44.19904979800003]]]]}}, {"type": "Feature", "properties": {"OBJECTID": 6150, "SPAN": "036-011-11422", "GLIST_SPAN": "036-011-11422", "MAPID": "0080-0005.0000", "PARCID": "0080-0005-0000", "PROPTYPE": "PARCEL", "YEAR": 2023, "GLYEAR": 2022, "TOWN": "BARRE CITY", "TNAME": "Barre City", "SOURCENAME": null, "SOURCETYPE": "UNKNOWN", "SOURCEDATE": "UNKNOWN", "EDITMETHOD": "UNKNOWN", "EDITOR": "UNKNOWN", "EDITDATE": "UNKNOWN", "MATCHSTAT": "MATCH", "EDITNOTE": "UNKNOWN", "OWNER1": "BELROSE JEFFREY S & KIRSTEN R", "OWNER2": "", "ADDRGL1": "6 ETHEL COURT", "ADDRGL2": "", "CITYGL": "ST ALBANS", "STGL": "VT", "ZIPGL": "05478", "DESCPROP": "5 APTS-0.11AC", "LOCAPROP": "AVERILL ST   5", "CAT": "Commercial Apt", "RESCODE": "S", "ACRESGL": 0.11, "REAL_FLV": 238300, "HSTED_FLV": 0, "NRES_FLV": 238300, "LAND_LV": 12900, "IMPRV_LV": 225400, "EQUIPVAL": 0, "EQUIPCODE": "", "INVENVAL": 0, "HSDECL": "N", "HSITEVAL": 238300, "VETEXAMT": 0, "EXPDESC": "", "ENDDATE": "", "STATUTE": "", "EXAMT_HS": 0, "EXAMT_NR": 0, "UVREDUC_HS": 0, "UVREDUC_NR": 0, "GLVAL_HS": 0.0, "GLVAL_NR": 2383.0, "CRHOUSPCT": 0.0, "MUNGL1PCT": 2383.0, "AOEGL_HS": 0.0, "AOEGL_NR": 2383.0, "E911ADDR": "5 AVERILL ST", "SHAPE_Length": 0.0009134069911986505, "SHAPE_Area": 5.0748596256526016e-08}, "geometry": {"type": "MultiPolygon", "coordinates": [[[[-72.49916496299994, 44.19829660900007], [-72.49929475699997, 44.19810789400003], [-72.49939249199997, 44.19814192500007], [-72.49950664499994, 44.198183690000064], [-72.49937763299994, 44.19837662500004], [-72.49926738899995, 44.198335704000044], [-72.49926621699996, 44.19833528200007], [-72.49916496299994, 44.19829660900007]]]]}}, {"type": "Feature", "properties": {"OBJECTID": 6176, "SPAN": "036-011-11449", "GLIST_SPAN": "036-011-11449", "MAPID": "0530-0047.0000", "PARCID": "0530-0047-0000", "PROPTYPE": "PARCEL", "YEAR": 2023, "GLYEAR": 2022, "TOWN": "BARRE CITY", "TNAME": "Barre City", "SOURCENAME": null, "SOURCETYPE": "UNKNOWN", "SOURCEDATE": "UNKNOWN", "EDITMETHOD": "UNKNOWN", "EDITOR": "UNKNOWN", "EDITDATE": "UNKNOWN", "MATCHSTAT": "MATCH", "EDITNOTE": "UNKNOWN", "OWNER1": "LEE DAVID P & GUPTIL PAMELA L", "OWNER2": "", "ADDRGL1": "194 GUPTIL RD", "ADDRGL2": "", "CITYGL": "WATERBURY CENTER", "STGL": "VT", "ZIPGL": "05677-7038", "DESCPROP": "2 APTS-0.09AC", "LOCAPROP": "ELM ST  47", "CAT": "Residential-1", "RESCODE": "S", "ACRESGL": 0.09, "REAL_FLV": 83500, "HSTED_FLV": 0, "NRES_FLV": 83500, "LAND_LV": 9000, "IMPRV_LV": 74500, "EQUIPVAL": 0, "EQUIPCODE": "", "INVENVAL": 0, "HSDECL": "N", "HSITEVAL": 0, "VETEXAMT": 0, "EXPDESC": "", "ENDDATE": "", "STATUTE": "", "EXAMT_HS": 0, "EXAMT_NR": 0, "UVREDUC_HS": 0, "UVREDUC_NR": 0, "GLVAL_HS": 0.0, "GLVAL_NR": 835.0, "CRHOUSPCT": 0.0, "MUNGL1PCT": 835.0, "AOEGL_HS": 0.0, "AOEGL_NR": 835.0, "E911ADDR": "47 ELM ST", "SHAPE_Length": 0.0011323958939439178, "SHAPE_Area": 4.253325992401995e-08}, "geometry": {"type": "MultiPolygon", "coordinates": [[[[-72.50014074799998, 44.198482658000046], [-72.50018218799994, 44.19843343900004], [-72.50062121599996, 44.19858981100003], [-72.50056335699998, 44.19865942000007], [-72.50011494599994, 44.19851289200005], [-72.50011690099996, 44.198510783000074], [-72.50014074799998, 44.198482658000046]]]]}}, {"type": "Feature", "properties": {"OBJECTID": 6223, "SPAN": "036-011-11498", "GLIST_SPAN": "036-011-11498", "MAPID": "1095-0114.0000", "PARCID": "1095-0114-0000", "PROPTYPE": "PARCEL", "YEAR": 2023, "GLYEAR": 2022, "TOWN": "BARRE CITY", "TNAME": "Barre City", "SOURCENAME": null, "SOURCETYPE": "UNKNOWN", "SOURCEDATE": "UNKNOWN", "EDITMETHOD": "UNKNOWN", "EDITOR": "UNKNOWN", "EDITDATE": "UNKNOWN", "MATCHSTAT": "MATCH", "EDITNOTE": "UNKNOWN", "OWNER1": "BOLSTER HOUSE LLC", "OWNER2": "", "ADDRGL1": "PO BOX 283", "ADDRGL2": "", "CITYGL": "BARRE", "STGL": "VT", "ZIPGL": "05641-0283", "DESCPROP": "12 APTS/4 OFFICES/2 STORES-0.14A", "LOCAPROP": "N MAIN ST  114", "CAT": "Commercial Apt", "RESCODE": "C", "ACRESGL": 0.14, "REAL_FLV": 430800, "HSTED_FLV": 0, "NRES_FLV": 430800, "LAND_LV": 108500, "IMPRV_LV": 322300, "EQUIPVAL": 0, "EQUIPCODE": "", "INVENVAL": 0, "HSDECL": "N", "HSITEVAL": 0, "VETEXAMT": 0, "EXPDESC": "", "ENDDATE": "", "STATUTE": "", "EXAMT_HS": 0, "EXAMT_NR": 0, "UVREDUC_HS": 0, "UVREDUC_NR": 0, "GLVAL_HS": 0.0, "GLVAL_NR": 4308.0, "CRHOUSPCT": 0.0, "MUNGL1PCT": 4308.0, "AOEGL_HS": 0.0, "AOEGL_NR": 4308.0, "E911ADDR": "114 N MAIN ST", "SHAPE_Length": 0.001109566870725824, "SHAPE_Area": 6.461400480878221e-08}, "geometry": {"type": "MultiPolygon", "coordinates": [[[[-72.50266855599995, 44.19783176400006], [-72.50267363699999, 44.197828249000054], [-72.50267441899996, 44.19782881100008], [-72.50270256699997, 44.197850466000034], [-72.50273657999998, 44.19787099700005], [-72.50276433699997, 44.197890261000055], [-72.50280577699994, 44.197912760000065], [-72.50282792899998, 44.19792303200006], [-72.50285308199994, 44.19793469600006], [-72.50284247899998, 44.19794218800007], [-72.50283119099998, 44.197950168000034], [-72.50283001499997, 44.19795030700004], [-72.50255132499996, 44.19813330100004], [-72.50254581499996, 44.19813692100007], [-72.50239295299997, 44.19802231600005], [-72.50262047099994, 44.19786495300008], [-72.50266855599995, 44.19783176400006]]]]}}, {"type": "Feature", "properties": {"OBJECTID": 6250, "SPAN": "036-011-11525", "GLIST_SPAN": "036-011-11525", "MAPID": "1095-0070.0000", "PARCID": "1095-0070-0000", "PROPTYPE": "PARCEL", "YEAR": 2023, "GLYEAR": 2022, "TOWN": "BARRE CITY", "TNAME": "Barre City", "SOURCENAME": null, "SOURCETYPE": "UNKNOWN", "SOURCEDATE": "UNKNOWN", "EDITMETHOD": "UNKNOWN", "EDITOR": "UNKNOWN", "EDITDATE": "UNKNOWN", "MATCHSTAT": "MATCH", "EDITNOTE": "UNKNOWN", "OWNER1": "LACROSS EDWARD H", "OWNER2": "", "ADDRGL1": "70 N MAIN ST", "ADDRGL2": "", "CITYGL": "BARRE", "STGL": "VT", "ZIPGL": "05641-4757", "DESCPROP": "RETAIL-0.11AC", "LOCAPROP": "N MAIN ST   70", "CAT": "Commercial", "RESCODE": "S", "ACRESGL": 0.11, "REAL_FLV": 240000, "HSTED_FLV": 0, "NRES_FLV": 240000, "LAND_LV": 34200, "IMPRV_LV": 205800, "EQUIPVAL": 0, "EQUIPCODE": "", "INVENVAL": 0, "HSDECL": "N", "HSITEVAL": 0, "VETEXAMT": 0, "EXPDESC": "", "ENDDATE": "", "STATUTE": "", "EXAMT_HS": 0, "EXAMT_NR": 0, "UVREDUC_HS": 0, "UVREDUC_NR": 0, "GLVAL_HS": 0.0, "GLVAL_NR": 2400.0, "CRHOUSPCT": 0.0, "MUNGL1PCT": 2400.0, "AOEGL_HS": 0.0, "AOEGL_NR": 2400.0, "E911ADDR": "70 N MAIN ST", "SHAPE_Length": 0.000900177665737187, "SHAPE_Area": 4.23238883379319e-08}, "geometry": {"type": "MultiPolygon", "coordinates": [[[[-72.50189878099997, 44.197604383000055], [-72.50219038199998, 44.197518408000064], [-72.50227622799997, 44.19760618300006], [-72.50203448899998, 44.197738911000044], [-72.50203171599998, 44.19774036800004], [-72.50189684499998, 44.19760664100005], [-72.50189605699995, 44.197605098000054], [-72.50189878099997, 44.197604383000055]]]]}}, {"type": "Feature", "properties": {"OBJECTID": 6266, "SPAN": "036-011-11541", "GLIST_SPAN": "036-011-11541", "MAPID": "0530-VL00.0003", "PARCID": "0530-VL00-0003", "PROPTYPE": "PARCEL", "YEAR": 2023, "GLYEAR": 2022, "TOWN": "BARRE CITY", "TNAME": "Barre City", "SOURCENAME": null, "SOURCETYPE": "UNKNOWN", "SOURCEDATE": "UNKNOWN", "EDITMETHOD": "UNKNOWN", "EDITOR": "UNKNOWN", "EDITDATE": "UNKNOWN", "MATCHSTAT": "MATCH", "EDITNOTE": "UNKNOWN", "OWNER1": "CITY OF BARRE", "OWNER2": "", "ADDRGL1": "6 N MAIN ST", "ADDRGL2": "", "CITYGL": "BARRE", "STGL": "VT", "ZIPGL": "05641", "DESCPROP": "VAC LAND-0.07AC", "LOCAPROP": "ELM ST", "CAT": "Miscellaneous", "RESCODE": "C", "ACRESGL": 0.07, "REAL_FLV": 13860, "HSTED_FLV": 0, "NRES_FLV": 13860, "LAND_LV": 13860, "IMPRV_LV": 0, "EQUIPVAL": 0, "EQUIPCODE": "", "INVENVAL": 0, "HSDECL": "N", "HSITEVAL": 0, "VETEXAMT": 0, "EXPDESC": "Statutory", "ENDDATE": "", "STATUTE": "", "EXAMT_HS": 0, "EXAMT_NR": 0, "UVREDUC_HS": 0, "UVREDUC_NR": 0, "GLVAL_HS": 0.0, "GLVAL_NR": 0.0, "CRHOUSPCT": 0.0, "MUNGL1PCT": 0.0, "AOEGL_HS": 0.0, "AOEGL_NR": 0.0, "E911ADDR": "ELM ST", "SHAPE_Length": 0.0007812678817958096, "SHAPE_Area": 3.37948947184804e-08}, "geometry": {"type": "MultiPolygon", "coordinates": [[[[-72.50006060599998, 44.19908269900003], [-72.50002542099998, 44.198873029000026], [-72.50029008999996, 44.198985950000065], [-72.50020290999998, 44.199092120000046], [-72.50006060599998, 44.199083683000026], [-72.50006060599998, 44.19908269900003]]]]}}, {"type": "Feature", "properties": {"OBJECTID": 6291, "SPAN": "036-011-11568", "GLIST_SPAN": "036-011-11568", "MAPID": "0870-0032.0000", "PARCID": "0870-0032-0000", "PROPTYPE": "PARCEL", "YEAR": 2023, "GLYEAR": 2022, "TOWN": "BARRE CITY", "TNAME": "Barre City", "SOURCENAME": null, "SOURCETYPE": "UNKNOWN", "SOURCEDATE": "UNKNOWN", "EDITMETHOD": "UNKNOWN", "EDITOR": "UNKNOWN", "EDITDATE": "UNKNOWN", "MATCHSTAT": "MATCH", "EDITNOTE": "UNKNOWN", "OWNER1": "SKIBA DANIEL", "OWNER2": "", "ADDRGL1": "8 HARRINGTON AVE STE 2", "ADDRGL2": "", "CITYGL": "BARRE", "STGL": "VT", "ZIPGL": "05641", "DESCPROP": "2 APTS-0.16AC", "LOCAPROP": "JEFFERSON ST  32", "CAT": "Residential-1", "RESCODE": "T", "ACRESGL": 0.16, "REAL_FLV": 193250, "HSTED_FLV": 0, "NRES_FLV": 193250, "LAND_LV": 13250, "IMPRV_LV": 180000, "EQUIPVAL": 0, "EQUIPCODE": "", "INVENVAL": 0, "HSDECL": "N", "HSITEVAL": 105610, "VETEXAMT": 0, "EXPDESC": "", "ENDDATE": "", "STATUTE": "", "EXAMT_HS": 0, "EXAMT_NR": 0, "UVREDUC_HS": 0, "UVREDUC_NR": 0, "GLVAL_HS": 0.0, "GLVAL_NR": 1932.5, "CRHOUSPCT": 0.0, "MUNGL1PCT": 1932.5, "AOEGL_HS": 0.0, "AOEGL_NR": 1932.5, "E911ADDR": "32 JEFFERSON ST", "SHAPE_Length": 0.0010864463836085221, "SHAPE_Area": 6.921492930333975e-08}, "geometry": {"type": "MultiPolygon", "coordinates": [[[[-72.49985340799998, 44.198378596000055], [-72.49993042199998, 44.19826300300008], [-72.50023300999999, 44.19837311200007], [-72.50018218799994, 44.19843343900004], [-72.50014074799998, 44.198482658000046], [-72.50011690099996, 44.198510783000074], [-72.50011494599994, 44.19851289200005], [-72.50007858899994, 44.19855648500004], [-72.49980258499994, 44.198454955000045], [-72.49985340799998, 44.198378596000055]]]]}}, {"type": "Feature", "properties": {"OBJECTID": 6309, "SPAN": "036-011-11588", "GLIST_SPAN": "036-011-11588", "MAPID": "0350-0169.0000", "PARCID": "0350-0169-0000", "PROPTYPE": "PARCEL", "YEAR": 2023, "GLYEAR": 2022, "TOWN": "BARRE CITY", "TNAME": "Barre City", "SOURCENAME": null, "SOURCETYPE": "UNKNOWN", "SOURCEDATE": "UNKNOWN", "EDITMETHOD": "UNKNOWN", "EDITOR": "UNKNOWN", "EDITDATE": "UNKNOWN", "MATCHSTAT": "MATCH", "EDITNOTE": "UNKNOWN", "OWNER1": "M&S PROPERTIES LLC", "OWNER2": "", "ADDRGL1": "PO BOX 125", "ADDRGL2": "", "CITYGL": "BARRE", "STGL": "VT", "ZIPGL": "05641-0125", "DESCPROP": "5 APTS-0.19AC", "LOCAPROP": "CHURCH ST 169", "CAT": "Commercial Apt", "RESCODE": "C", "ACRESGL": 0.19, "REAL_FLV": 160840, "HSTED_FLV": 0, "NRES_FLV": 160840, "LAND_LV": 16230, "IMPRV_LV": 144610, "EQUIPVAL": 0, "EQUIPCODE": "", "INVENVAL": 0, "HSDECL": "N", "HSITEVAL": 0, "VETEXAMT": 0, "EXPDESC": "", "ENDDATE": "", "STATUTE": "", "EXAMT_HS": 0, "EXAMT_NR": 0, "UVREDUC_HS": 0, "UVREDUC_NR": 0, "GLVAL_HS": 0.0, "GLVAL_NR": 1608.4, "CRHOUSPCT": 0.0, "MUNGL1PCT": 1608.4, "AOEGL_HS": 0.0, "AOEGL_NR": 1608.4, "E911ADDR": "169 CHURCH ST", "SHAPE_Length": 0.001218006034932341, "SHAPE_Area": 9.032859826254204e-08}, "geometry": {"type": "MultiPolygon", "coordinates": [[[[-72.49868815999997, 44.19773339400007], [-72.49879724999994, 44.19758932600007], [-72.49885979899994, 44.19760859200005], [-72.49907481699995, 44.19767506200003], [-72.49908497599995, 44.19767820200008], [-72.49893053799997, 44.19793167500006], [-72.49862639099996, 44.197837314000026], [-72.49868815999997, 44.19773339400007]]]]}}, {"type": "Feature", "properties": {"OBJECTID": 6353, "SPAN": "036-011-11633", "GLIST_SPAN": "036-011-11633", "MAPID": "0350-0141.0000", "PARCID": "0350-0141-0000", "PROPTYPE": "PARCEL", "YEAR": 2023, "GLYEAR": 2022, "TOWN": "BARRE CITY", "TNAME": "Barre City", "SOURCENAME": null, "SOURCETYPE": "UNKNOWN", "SOURCEDATE": "UNKNOWN", "EDITMETHOD": "UNKNOWN", "EDITOR": "UNKNOWN", "EDITDATE": "UNKNOWN", "MATCHSTAT": "MATCH", "EDITNOTE": "UNKNOWN", "OWNER1": "STROMME MICHAEL J", "OWNER2": "", "ADDRGL1": "1014 WEST MAIN STREET", "ADDRGL2": "", "CITYGL": "RICHMOND", "STGL": "VT", "ZIPGL": "05477", "DESCPROP": "3 APTS-0.04AC", "LOCAPROP": "CHURCH ST 141", "CAT": "Residential-1", "RESCODE": "S", "ACRESGL": 0.04, "REAL_FLV": 116900, "HSTED_FLV": 0, "NRES_FLV": 116900, "LAND_LV": 8000, "IMPRV_LV": 108900, "EQUIPVAL": 0, "EQUIPCODE": "", "INVENVAL": 0, "HSDECL": "N", "HSITEVAL": 0, "VETEXAMT": 0, "EXPDESC": "", "ENDDATE": "", "STATUTE": "", "EXAMT_HS": 0, "EXAMT_NR": 0, "UVREDUC_HS": 0, "UVREDUC_NR": 0, "GLVAL_HS": 0.0, "GLVAL_NR": 1169.0, "CRHOUSPCT": 0.0, "MUNGL1PCT": 1169.0, "AOEGL_HS": 0.0, "AOEGL_NR": 1169.0, "E911ADDR": "141 CHURCH ST", "SHAPE_Length": 0.0006123475479143865, "SHAPE_Area": 1.8352093630344665e-08}, "geometry": {"type": "MultiPolygon", "coordinates": [[[[-72.49903939599994, 44.19735840300007], [-72.49906089699994, 44.19733927800007], [-72.49925480099995, 44.197400310000035], [-72.49920397699998, 44.19747751300008], [-72.49899326599996, 44.197403543000064], [-72.49903939599994, 44.19735840300007]]]]}}, {"type": "Feature", "properties": {"OBJECTID": 6366, "SPAN": "036-011-11646", "GLIST_SPAN": "036-011-11646", "MAPID": "1095-0143.0000", "PARCID": "1095-0143-0000", "PROPTYPE": "PARCEL", "YEAR": 2023, "GLYEAR": 2022, "TOWN": "BARRE CITY", "TNAME": "Barre City", "SOURCENAME": null, "SOURCETYPE": "UNKNOWN", "SOURCEDATE": "UNKNOWN", "EDITMETHOD": "UNKNOWN", "EDITOR": "UNKNOWN", "EDITDATE": "UNKNOWN", "MATCHSTAT": "MATCH", "EDITNOTE": "UNKNOWN", "OWNER1": "OVERLAKE PARK LLC & LEWINSTEIN STEPHEN", "OWNER2": "", "ADDRGL1": "70 MAIN ST", "ADDRGL2": "", "CITYGL": "MONTPELIER", "STGL": "VT", "ZIPGL": "05602", "DESCPROP": "RETAIL-0.47AC", "LOCAPROP": "N MAIN ST  143", "CAT": "Commercial", "RESCODE": "C", "ACRESGL": 0.47, "REAL_FLV": 325800, "HSTED_FLV": 0, "NRES_FLV": 325800, "LAND_LV": 213800, "IMPRV_LV": 112000, "EQUIPVAL": 0, "EQUIPCODE": "", "INVENVAL": 0, "HSDECL": "N", "HSITEVAL": 0, "VETEXAMT": 0, "EXPDESC": "", "ENDDATE": "", "STATUTE": "", "EXAMT_HS": 0, "EXAMT_NR": 0, "UVREDUC_HS": 0, "UVREDUC_NR": 0, "GLVAL_HS": 0.0, "GLVAL_NR": 3258.0, "CRHOUSPCT": 0.0, "MUNGL1PCT": 3258.0, "AOEGL_HS": 0.0, "AOEGL_NR": 3258.0, "E911ADDR": "143 N MAIN ST", "SHAPE_Length": 0.0021762125728405934, "SHAPE_Area": 2.0938021314098534e-07}, "geometry": {"type": "MultiPolygon", "coordinates": [[[[-72.50192188199998, 44.19876149900006], [-72.50214314999994, 44.19863226100006], [-72.50222055899997, 44.19868850900008], [-72.50258582299995, 44.19844367300004], [-72.50282995199996, 44.19862389300005], [-72.50227178299997, 44.19896033400005], [-72.50223073399997, 44.19898522500006], [-72.50192305499996, 44.19876220200007], [-72.50192188199998, 44.19876149900006]]]]}}, {"type": "Feature", "properties": {"OBJECTID": 6381, "SPAN": "036-011-11661", "GLIST_SPAN": "036-011-11661", "MAPID": "0870-0024.0000", "PARCID": "0870-0024-0000", "PROPTYPE": "PARCEL", "YEAR": 2023, "GLYEAR": 2022, "TOWN": "BARRE CITY", "TNAME": "Barre City", "SOURCENAME": null, "SOURCETYPE": "UNKNOWN", "SOURCEDATE": "UNKNOWN", "EDITMETHOD": "UNKNOWN", "EDITOR": "UNKNOWN", "EDITDATE": "UNKNOWN", "MATCHSTAT": "MATCH", "EDITNOTE": "UNKNOWN", "OWNER1": "JALBERT ARMAND & JOYCE", "OWNER2": "", "ADDRGL1": "20 PIERCE RD", "ADDRGL2": "", "CITYGL": "BARRE", "STGL": "VT", "ZIPGL": "05641", "DESCPROP": "4 APTS-0.11AC", "LOCAPROP": "JEFFERSON ST  24", "CAT": "Residential-1", "RESCODE": "S", "ACRESGL": 0.11, "REAL_FLV": 178500, "HSTED_FLV": 0, "NRES_FLV": 178500, "LAND_LV": 8600, "IMPRV_LV": 169900, "EQUIPVAL": 0, "EQUIPCODE": "", "INVENVAL": 0, "HSDECL": "N", "HSITEVAL": 178500, "VETEXAMT": 0, "EXPDESC": "", "ENDDATE": "", "STATUTE": "", "EXAMT_HS": 0, "EXAMT_NR": 0, "UVREDUC_HS": 0, "UVREDUC_NR": 0, "GLVAL_HS": 0.0, "GLVAL_NR": 1785.0, "CRHOUSPCT": 0.0, "MUNGL1PCT": 1785.0, "AOEGL_HS": 0.0, "AOEGL_NR": 1785.0, "E911ADDR": "24 JEFFERSON ST", "SHAPE_Length": 0.0009737189292969054, "SHAPE_Area": 4.900367315054106e-08}, "geometry": {"type": "MultiPolygon", "coordinates": [[[[-72.49993042199998, 44.19826300300008], [-72.50001369299997, 44.19813812900003], [-72.50033621699998, 44.19825090900008], [-72.50023300999999, 44.19837311200007], [-72.49993042199998, 44.19826300300008]]]]}}, {"type": "Feature", "properties": {"OBJECTID": 6392, "SPAN": "036-011-11673", "GLIST_SPAN": "036-011-11673", "MAPID": "0510-0003.0000", "PARCID": "0510-0003-0000", "PROPTYPE": "PARCEL", "YEAR": 2023, "GLYEAR": 2022, "TOWN": "BARRE CITY", "TNAME": "Barre City", "SOURCENAME": null, "SOURCETYPE": "UNKNOWN", "SOURCEDATE": "UNKNOWN", "EDITMETHOD": "UNKNOWN", "EDITOR": "UNKNOWN", "EDITDATE": "UNKNOWN", "MATCHSTAT": "MATCH", "EDITNOTE": "UNKNOWN", "OWNER1": "T & R PROPERTY MANAGEMENT LLC", "OWNER2": "", "ADDRGL1": "PO BOX 731", "ADDRGL2": "", "CITYGL": "COLCHESTER", "STGL": "VT", "ZIPGL": "05446-0731", "DESCPROP": "4 APTS-0.19AC", "LOCAPROP": "EASTERN AVE   3", "CAT": "Residential-1", "RESCODE": "C", "ACRESGL": 0.19, "REAL_FLV": 203000, "HSTED_FLV": 0, "NRES_FLV": 203000, "LAND_LV": 20500, "IMPRV_LV": 182500, "EQUIPVAL": 0, "EQUIPCODE": "", "INVENVAL": 0, "HSDECL": "N", "HSITEVAL": 0, "VETEXAMT": 0, "EXPDESC": "", "ENDDATE": "", "STATUTE": "", "EXAMT_HS": 0, "EXAMT_NR": 0, "UVREDUC_HS": 0, "UVREDUC_NR": 0, "GLVAL_HS": 0.0, "GLVAL_NR": 2030.0, "CRHOUSPCT": 0.0, "MUNGL1PCT": 2030.0, "AOEGL_HS": 0.0, "AOEGL_NR": 2030.0, "E911ADDR": "3 EASTERN AVE", "SHAPE_Length": 0.0013556386995334272, "SHAPE_Area": 1.0480176714393278e-07}, "geometry": {"type": "MultiPolygon", "coordinates": [[[[-72.49846906899995, 44.199155672000074], [-72.49866103199997, 44.19878035000005], [-72.49870051699997, 44.19879300700006], [-72.49880685199997, 44.19882985100003], [-72.49882561699997, 44.198838711000064], [-72.49884045699997, 44.19884416200006], [-72.49884477399996, 44.19884447700008], [-72.49887878499999, 44.198849962000054], [-72.49887952699999, 44.19884999400006], [-72.49890159099994, 44.19885094600005], [-72.49871097599998, 44.19923375800005], [-72.49867978799995, 44.199224299000036], [-72.49867861399997, 44.19922401800005], [-72.49849643499994, 44.19916636000005], [-72.49846906899995, 44.199155672000074]]]]}}, {"type": "Feature", "properties": {"OBJECTID": 6463, "SPAN": "036-011-11741", "GLIST_SPAN": "036-011-11741", "MAPID": "1085-0006.0000", "PARCID": "1085-0006-0000", "PROPTYPE": "PARCEL", "YEAR": 2023, "GLYEAR": 2022, "TOWN": "BARRE CITY", "TNAME": "Barre City", "SOURCENAME": null, "SOURCETYPE": "UNKNOWN", "SOURCEDATE": "UNKNOWN", "EDITMETHOD": "UNKNOWN", "EDITOR": "UNKNOWN", "EDITDATE": "UNKNOWN", "MATCHSTAT": "MATCH", "EDITNOTE": "UNKNOWN", "OWNER1": "KOCH WILLIAM L", "OWNER2": "", "ADDRGL1": "6 NORTH ST", "ADDRGL2": "", "CITYGL": "BARRE", "STGL": "VT", "ZIPGL": "05641", "DESCPROP": "DENTAL OFFICE/APT-0.32AC", "LOCAPROP": "NORTH ST   6", "CAT": "Commercial", "RESCODE": "S", "ACRESGL": 0.32, "REAL_FLV": 255000, "HSTED_FLV": 0, "NRES_FLV": 255000, "LAND_LV": 25000, "IMPRV_LV": 230000, "EQUIPVAL": 0, "EQUIPCODE": "", "INVENVAL": 0, "HSDECL": "N", "HSITEVAL": 0, "VETEXAMT": 0, "EXPDESC": "", "ENDDATE": "", "STATUTE": "", "EXAMT_HS": 0, "EXAMT_NR": 0, "UVREDUC_HS": 0, "UVREDUC_NR": 0, "GLVAL_HS": 0.0, "GLVAL_NR": 2550.0, "CRHOUSPCT": 0.0, "MUNGL1PCT": 2550.0, "AOEGL_HS": 0.0, "AOEGL_NR": 2550.0, "E911ADDR": "6 NORTH  ST", "SHAPE_Length": 0.0016058911621946097, "SHAPE_Area": 1.4401125394253747e-07}, "geometry": {"type": "MultiPolygon", "coordinates": [[[[-72.497102, 44.197523955000065], [-72.49728129599998, 44.19729408200004], [-72.49755442199995, 44.197404608000056], [-72.49738399599994, 44.197624278000035], [-72.49729316699995, 44.19774134900007], [-72.49724536899998, 44.19780295900006], [-72.49712307099998, 44.197755795000035], [-72.49696785799995, 44.19769593500007], [-72.497102, 44.197523955000065]]]]}}, {"type": "Feature", "properties": {"OBJECTID": 6649, "SPAN": "036-011-11937", "GLIST_SPAN": "036-011-11937", "MAPID": "1145-0030.0000", "PARCID": "1145-0030-0000", "PROPTYPE": "PARCEL", "YEAR": 2023, "GLYEAR": 2022, "TOWN": "BARRE CITY", "TNAME": "Barre City", "SOURCENAME": null, "SOURCETYPE": "UNKNOWN", "SOURCEDATE": "UNKNOWN", "EDITMETHOD": "UNKNOWN", "EDITOR": "UNKNOWN", "EDITDATE": "UNKNOWN", "MATCHSTAT": "MATCH", "EDITNOTE": "UNKNOWN", "OWNER1": "BEININ KIMBERLY A & NEILSON JOSHUA", "OWNER2": "C/O BEININ KIMBERLY A", "ADDRGL1": "30 PARK ST", "ADDRGL2": "", "CITYGL": "BARRE", "STGL": "VT", "ZIPGL": "05641", "DESCPROP": "1 FAM-0.13AC", "LOCAPROP": "PARK ST  30", "CAT": "Residential-1", "RESCODE": "T", "ACRESGL": 0.13, "REAL_FLV": 164200, "HSTED_FLV": 164200, "NRES_FLV": 0, "LAND_LV": 13200, "IMPRV_LV": 151000, "EQUIPVAL": 0, "EQUIPCODE": "", "INVENVAL": 0, "HSDECL": "Y", "HSITEVAL": 164200, "VETEXAMT": 0, "EXPDESC": "", "ENDDATE": "", "STATUTE": "", "EXAMT_HS": 0, "EXAMT_NR": 0, "UVREDUC_HS": 0, "UVREDUC_NR": 0, "GLVAL_HS": 1642.0, "GLVAL_NR": 0.0, "CRHOUSPCT": 0.0, "MUNGL1PCT": 1642.0, "AOEGL_HS": 1642.0, "AOEGL_NR": 0.0, "E911ADDR": "30 PARK ST", "SHAPE_Length": 0.0010592898935946546, "SHAPE_Area": 6.188164350982544e-08}, "geometry": {"type": "MultiPolygon", "coordinates": [[[[-72.49735334799993, 44.198376034000034], [-72.49746907199994, 44.198228663000066], [-72.49748392799995, 44.19823330500003], [-72.49751246599999, 44.198242726000046], [-72.49754686899996, 44.19825285200005], [-72.49757305999998, 44.19826424400003], [-72.49760198899997, 44.19827619700004], [-72.49764772899994, 44.19829982300007], [-72.49767352999999, 44.19831346400008], [-72.49770949599997, 44.19832794900003], [-72.49771575099999, 44.19832991700008], [-72.49773177899993, 44.19833498000003], [-72.49775562599996, 44.19834609000003], [-72.497774, 44.19835368500003], [-72.49779159199994, 44.19836296600005], [-72.49766062099997, 44.19849852400006], [-72.49735217499995, 44.19837744100005], [-72.49735334799993, 44.198376034000034]]]]}}, {"type": "Feature", "properties": {"OBJECTID": 6698, "SPAN": "036-011-11989", "GLIST_SPAN": "036-011-11989", "MAPID": "0510-0018.0000", "PARCID": "0510-0018-0000", "PROPTYPE": "PARCEL", "YEAR": 2023, "GLYEAR": 2022, "TOWN": "BARRE CITY", "TNAME": "Barre City", "SOURCENAME": null, "SOURCETYPE": "UNKNOWN", "SOURCEDATE": "UNKNOWN", "EDITMETHOD": "UNKNOWN", "EDITOR": "UNKNOWN", "EDITDATE": "UNKNOWN", "MATCHSTAT": "MATCH", "EDITNOTE": "UNKNOWN", "OWNER1": "TETRAGRAMMATON HOLDINGS LLC", "OWNER2": "", "ADDRGL1": "1233 SHELBURNE ROAD  SUITE 200", "ADDRGL2": "", "CITYGL": "S BURLINGTON", "STGL": "VT", "ZIPGL": "05403", "DESCPROP": "2 APTS-0.24AC", "LOCAPROP": "EASTERN AVE  18", "CAT": "Commercial", "RESCODE": "C", "ACRESGL": 0.24, "REAL_FLV": 136110, "HSTED_FLV": 0, "NRES_FLV": 136110, "LAND_LV": 24500, "IMPRV_LV": 111610, "EQUIPVAL": 0, "EQUIPCODE": "", "INVENVAL": 0, "HSDECL": "N", "HSITEVAL": 136110, "VETEXAMT": 0, "EXPDESC": "", "ENDDATE": "", "STATUTE": "", "EXAMT_HS": 0, "EXAMT_NR": 0, "UVREDUC_HS": 0, "UVREDUC_NR": 0, "GLVAL_HS": 0.0, "GLVAL_NR": 1361.1, "CRHOUSPCT": 0.0, "MUNGL1PCT": 1361.1, "AOEGL_HS": 0.0, "AOEGL_NR": 1361.1, "E911ADDR": "18 EASTERN AVE", "SHAPE_Length": 0.0013744188268419743, "SHAPE_Area": 1.0755681553448629e-07}, "geometry": {"type": "MultiPolygon", "coordinates": [[[[-72.49715197699999, 44.19914819400003], [-72.49733846899994, 44.19888832600003], [-72.49758475899995, 44.198981143000026], [-72.49733610399994, 44.19932496200005], [-72.49719822499998, 44.19927354400005], [-72.49717620999996, 44.199265334000074], [-72.49709059399999, 44.19923341100008], [-72.49715197699999, 44.19914819400003]]]]}}, {"type": "Feature", "properties": {"OBJECTID": 6708, "SPAN": "036-011-11999", "GLIST_SPAN": "036-011-11999", "MAPID": "1145-0020.0000", "PARCID": "1145-0020-0000", "PROPTYPE": "PARCEL", "YEAR": 2023, "GLYEAR": 2022, "TOWN": "BARRE CITY", "TNAME": "Barre City", "SOURCENAME": null, "SOURCETYPE": "UNKNOWN", "SOURCEDATE": "UNKNOWN", "EDITMETHOD": "UNKNOWN", "EDITOR": "UNKNOWN", "EDITDATE": "UNKNOWN", "MATCHSTAT": "MATCH", "EDITNOTE": "UNKNOWN", "OWNER1": "MARTEL DENIS & MARTEL HELENE MARTHE", "OWNER2": "", "ADDRGL1": "20 PARK ST APT 1", "ADDRGL2": "", "CITYGL": "BARRE", "STGL": "VT", "ZIPGL": "05641", "DESCPROP": "2 APTS-0.09AC", "LOCAPROP": "PARK ST  20", "CAT": "Residential-1", "RESCODE": "T", "ACRESGL": 0.09, "REAL_FLV": 158880, "HSTED_FLV": 158880, "NRES_FLV": 0, "LAND_LV": 12060, "IMPRV_LV": 146820, "EQUIPVAL": 0, "EQUIPCODE": "", "INVENVAL": 0, "HSDECL": "Y", "HSITEVAL": 158880, "VETEXAMT": 0, "EXPDESC": "", "ENDDATE": "", "STATUTE": "", "EXAMT_HS": 0, "EXAMT_NR": 0, "UVREDUC_HS": 0, "UVREDUC_NR": 0, "GLVAL_HS": 1589.0, "GLVAL_NR": 0.0, "CRHOUSPCT": 0.0, "MUNGL1PCT": 1588.8, "AOEGL_HS": 1589.0, "AOEGL_NR": 0.0, "E911ADDR": "20 PARK ST", "SHAPE_Length": 0.0010415799638627899, "SHAPE_Area": 5.480260795178337e-08}, "geometry": {"type": "MultiPolygon", "coordinates": [[[[-72.49779694099993, 44.19781595400008], [-72.49789433899997, 44.19769307200005], [-72.49823288599998, 44.19782090500007], [-72.49813632099995, 44.197947240000076], [-72.49779694099993, 44.19781595400008]]]]}}, {"type": "Feature", "properties": {"OBJECTID": 6735, "SPAN": "036-011-12029", "GLIST_SPAN": "036-011-12029", "MAPID": "0530-0065.0000", "PARCID": "0530-0065-0000", "PROPTYPE": "PARCEL", "YEAR": 2023, "GLYEAR": 2022, "TOWN": "BARRE CITY", "TNAME": "Barre City", "SOURCENAME": null, "SOURCETYPE": "UNKNOWN", "SOURCEDATE": "UNKNOWN", "EDITMETHOD": "UNKNOWN", "EDITOR": "UNKNOWN", "EDITDATE": "UNKNOWN", "MATCHSTAT": "MATCH", "EDITNOTE": "UNKNOWN", "OWNER1": "MATHEWSON ASSOCIATES", "OWNER2": "", "ADDRGL1": "PO BOX 521", "ADDRGL2": "", "CITYGL": "BARRE", "STGL": "VT", "ZIPGL": "05641-0521", "DESCPROP": "HEALTH CLUB-0.31AC", "LOCAPROP": "ELM ST  65", "CAT": "Commercial", "RESCODE": "C", "ACRESGL": 0.31, "REAL_FLV": 205590, "HSTED_FLV": 0, "NRES_FLV": 205590, "LAND_LV": 41930, "IMPRV_LV": 163660, "EQUIPVAL": 0, "EQUIPCODE": "", "INVENVAL": 0, "HSDECL": "N", "HSITEVAL": 0, "VETEXAMT": 0, "EXPDESC": "", "ENDDATE": "", "STATUTE": "", "EXAMT_HS": 0, "EXAMT_NR": 0, "UVREDUC_HS": 0, "UVREDUC_NR": 0, "GLVAL_HS": 0.0, "GLVAL_NR": 2055.9, "CRHOUSPCT": 0.0, "MUNGL1PCT": 2055.9, "AOEGL_HS": 0.0, "AOEGL_NR": 2055.9, "E911ADDR": "65 ELM ST", "SHAPE_Length": 0.0016664753709084324, "SHAPE_Area": 1.412451305803051e-07}, "geometry": {"type": "MultiPolygon", "coordinates": [[[[-72.49960437299995, 44.19917438500005], [-72.49960124699999, 44.198896372000036], [-72.49960124799998, 44.198864169000046], [-72.49968451999996, 44.198684171000025], [-72.49968764799996, 44.19868782800006], [-72.49981470299997, 44.198861357000055], [-72.49981822199999, 44.19886065400004], [-72.50001447499994, 44.198820717000046], [-72.50001642899997, 44.19882043600006], [-72.50002542099998, 44.198873029000026], [-72.50006060599998, 44.19908269900003], [-72.50006060599998, 44.199083683000026], [-72.50005786899999, 44.19908354300003], [-72.49983464099995, 44.19912699500003], [-72.49983268499994, 44.19912741700006], [-72.49971031999996, 44.19915272900005], [-72.49960437299995, 44.19917438500005]]]]}}, {"type": "Feature", "properties": {"OBJECTID": 6812, "SPAN": "036-011-12935", "GLIST_SPAN": "036-011-12935", "MAPID": "1095-0094.0000", "PARCID": "1095-0094-0000", "PROPTYPE": "PARCEL", "YEAR": 2023, "GLYEAR": 2022, "TOWN": "BARRE CITY", "TNAME": "Barre City", "SOURCENAME": null, "SOURCETYPE": "UNKNOWN", "SOURCEDATE": "UNKNOWN", "EDITMETHOD": "UNKNOWN", "EDITOR": "UNKNOWN", "EDITDATE": "UNKNOWN", "MATCHSTAT": "MATCH", "EDITNOTE": "UNKNOWN", "OWNER1": "THURSTON MICHAEL DAVID & SANDRA F", "OWNER2": "", "ADDRGL1": "94 N MAIN ST", "ADDRGL2": "", "CITYGL": "BARRE", "STGL": "VT", "ZIPGL": "05641", "DESCPROP": "MUSIC SHOP-0.07AC", "LOCAPROP": "N MAIN ST   94", "CAT": "Commercial", "RESCODE": "S", "ACRESGL": 0.07, "REAL_FLV": 169400, "HSTED_FLV": 0, "NRES_FLV": 169400, "LAND_LV": 45300, "IMPRV_LV": 124100, "EQUIPVAL": 0, "EQUIPCODE": "", "INVENVAL": 0, "HSDECL": "N", "HSITEVAL": 0, "VETEXAMT": 0, "EXPDESC": "", "ENDDATE": "", "STATUTE": "", "EXAMT_HS": 0, "EXAMT_NR": 0, "UVREDUC_HS": 0, "UVREDUC_NR": 0, "GLVAL_HS": 0.0, "GLVAL_NR": 1694.0, "CRHOUSPCT": 0.0, "MUNGL1PCT": 1694.0, "AOEGL_HS": 0.0, "AOEGL_NR": 1694.0, "E911ADDR": "94 N MAIN ST", "SHAPE_Length": 0.0008314695438015513, "SHAPE_Area": 2.210636891695042e-08}, "geometry": {"type": "MultiPolygon", "coordinates": [[[[-72.50251608499997, 44.197754144000044], [-72.50256143199994, 44.19772025200007], [-72.50256565199999, 44.19772538800004], [-72.50258371799998, 44.19774739200005], [-72.50258980299998, 44.19775415000004], [-72.50260600299998, 44.19777214100003], [-72.50257551099997, 44.197793657000034], [-72.50252859999995, 44.19782656500007], [-72.50232905799999, 44.19796642800003], [-72.50232375499996, 44.197970146000046], [-72.50227488599995, 44.197934287000066], [-72.50228029799996, 44.19793024300003], [-72.50247543099994, 44.19778437900004], [-72.50249810499997, 44.197767645000056], [-72.50251608499997, 44.197754144000044]]]]}}, {"type": "Feature", "properties": {"OBJECTID": 6864, "SPAN": "036-011-12960", "GLIST_SPAN": "036-011-12960", "MAPID": "1145-0022.0000", "PARCID": "1145-0022-0000", "PROPTYPE": "PARCEL", "YEAR": 2023, "GLYEAR": 2022, "TOWN": "BARRE CITY", "TNAME": "Barre City", "SOURCENAME": null, "SOURCETYPE": "UNKNOWN", "SOURCEDATE": "UNKNOWN", "EDITMETHOD": "UNKNOWN", "EDITOR": "UNKNOWN", "EDITDATE": "UNKNOWN", "MATCHSTAT": "MATCH", "EDITNOTE": "UNKNOWN", "OWNER1": "TREPANIER JOHN", "OWNER2": "", "ADDRGL1": "22 PARK ST APT 1", "ADDRGL2": "", "CITYGL": "BARRE", "STGL": "VT", "ZIPGL": "05641-3882", "DESCPROP": "3 APTS-0.24AC", "LOCAPROP": "PARK ST  22", "CAT": "Residential-1", "RESCODE": "T", "ACRESGL": 0.24, "REAL_FLV": 222100, "HSTED_FLV": 130600, "NRES_FLV": 91500, "LAND_LV": 24500, "IMPRV_LV": 197600, "EQUIPVAL": 0, "EQUIPCODE": "", "INVENVAL": 0, "HSDECL": "Y", "HSITEVAL": 130600, "VETEXAMT": 0, "EXPDESC": "", "ENDDATE": "", "STATUTE": "", "EXAMT_HS": 0, "EXAMT_NR": 0, "UVREDUC_HS": 0, "UVREDUC_NR": 0, "GLVAL_HS": 1306.0, "GLVAL_NR": 915.0, "CRHOUSPCT": 0.0, "MUNGL1PCT": 2221.0, "AOEGL_HS": 1306.0, "AOEGL_NR": 915.0, "E911ADDR": "22 PARK ST", "SHAPE_Length": 0.001369347414074639, "SHAPE_Area": 1.0599211490354876e-07}, "geometry": {"type": "MultiPolygon", "coordinates": [[[[-72.49760277999997, 44.198058512000046], [-72.49771772199995, 44.197908890000065], [-72.49797886399995, 44.19800367500005], [-72.49771575099999, 44.19832991700008], [-72.49770949599997, 44.19832794900003], [-72.49767352999999, 44.19831346400008], [-72.49764772899994, 44.19829982300007], [-72.49760198899997, 44.19827619700004], [-72.49757305999998, 44.19826424400003], [-72.49754686899996, 44.19825285200005], [-72.49751246599999, 44.198242726000046], [-72.49748392799995, 44.19823330500003], [-72.49746907199994, 44.198228663000066], [-72.49760277999997, 44.198058512000046]]]]}}, {"type": "Feature", "properties": {"OBJECTID": 6881, "SPAN": "036-011-12125", "GLIST_SPAN": "036-011-12125", "MAPID": "0080-0030.0000", "PARCID": "0080-0030-0000", "PROPTYPE": "PARCEL", "YEAR": 2023, "GLYEAR": 2022, "TOWN": "BARRE CITY", "TNAME": "Barre City", "SOURCENAME": null, "SOURCETYPE": "UNKNOWN", "SOURCEDATE": "UNKNOWN", "EDITMETHOD": "UNKNOWN", "EDITOR": "UNKNOWN", "EDITDATE": "UNKNOWN", "MATCHSTAT": "MATCH", "EDITNOTE": "UNKNOWN", "OWNER1": "SAWYER RICHARD A & DORCAS A", "OWNER2": "", "ADDRGL1": "1883 EAST RD", "ADDRGL2": "", "CITYGL": "BARRE", "STGL": "VT", "ZIPGL": "05641", "DESCPROP": "3 APTS-0.16AC", "LOCAPROP": "AVERILL ST  30", "CAT": "Residential-1", "RESCODE": "S", "ACRESGL": 0.16, "REAL_FLV": 199340, "HSTED_FLV": 0, "NRES_FLV": 199340, "LAND_LV": 17800, "IMPRV_LV": 181540, "EQUIPVAL": 0, "EQUIPCODE": "", "INVENVAL": 0, "HSDECL": "N", "HSITEVAL": 83620, "VETEXAMT": 0, "EXPDESC": "", "ENDDATE": "", "STATUTE": "", "EXAMT_HS": 0, "EXAMT_NR": 0, "UVREDUC_HS": 0, "UVREDUC_NR": 0, "GLVAL_HS": 0.0, "GLVAL_NR": 1993.4, "CRHOUSPCT": 0.0, "MUNGL1PCT": 1993.4, "AOEGL_HS": 0.0, "AOEGL_NR": 1993.4, "E911ADDR": "30 AVERILL ST", "SHAPE_Length": 0.001223275307072377, "SHAPE_Area": 7.392624828434291e-08}, "geometry": {"type": "MultiPolygon", "coordinates": [[[[-72.49771575099999, 44.19832991700008], [-72.49797886399995, 44.19800367500005], [-72.49814891999995, 44.19806541200006], [-72.49787134199994, 44.198414014000036], [-72.49787016899995, 44.19841331100008], [-72.49781387499996, 44.19837702800004], [-72.49779941099996, 44.198367044000065], [-72.49779159199994, 44.19836296600005], [-72.497774, 44.19835368500003], [-72.49775562599996, 44.19834609000003], [-72.49773177899993, 44.19833498000003], [-72.49771575099999, 44.19832991700008]]]]}}, {"type": "Feature", "properties": {"OBJECTID": 6885, "SPAN": "036-011-12970", "GLIST_SPAN": "036-011-12970", "MAPID": "0870-0010.0000", "PARCID": "0870-0010-0000", "PROPTYPE": "PARCEL", "YEAR": 2023, "GLYEAR": 2022, "TOWN": "BARRE CITY", "TNAME": "Barre City", "SOURCENAME": null, "SOURCETYPE": "UNKNOWN", "SOURCEDATE": "UNKNOWN", "EDITMETHOD": "UNKNOWN", "EDITOR": "UNKNOWN", "EDITDATE": "UNKNOWN", "MATCHSTAT": "MATCH", "EDITNOTE": "UNKNOWN", "OWNER1": "TRUSTEES OF THE BARRE LODGE #1535", "OWNER2": "BENEVOLENT & PROTECTIVE ORDER/ELKS", "ADDRGL1": "PO BOX 245", "ADDRGL2": "", "CITYGL": "BARRE", "STGL": "VT", "ZIPGL": "05641-0245", "DESCPROP": "ELKS CLUB-0.56AC", "LOCAPROP": "JEFFERSON ST  10", "CAT": "Commercial", "RESCODE": "C", "ACRESGL": 0.56, "REAL_FLV": 506700, "HSTED_FLV": 0, "NRES_FLV": 506700, "LAND_LV": 143450, "IMPRV_LV": 363250, "EQUIPVAL": 0, "EQUIPCODE": "", "INVENVAL": 0, "HSDECL": "N", "HSITEVAL": 0, "VETEXAMT": 0, "EXPDESC": "Partial-Statutory", "ENDDATE": "", "STATUTE": "", "EXAMT_HS": 0, "EXAMT_NR": 379700, "UVREDUC_HS": 0, "UVREDUC_NR": 0, "GLVAL_HS": 0.0, "GLVAL_NR": 1270.0, "CRHOUSPCT": 0.0, "MUNGL1PCT": 1270.0, "AOEGL_HS": 0.0, "AOEGL_NR": 1270.0, "E911ADDR": "10 JEFFERSON ST", "SHAPE_Length": 0.0021179408803634605, "SHAPE_Area": 2.598084891425659e-07}, "geometry": {"type": "MultiPolygon", "coordinates": [[[[-72.50056725999997, 44.19797697400003], [-72.50056764999994, 44.19797627100007], [-72.50098126299997, 44.19807597000005], [-72.50074865999994, 44.19843667100008], [-72.50062121599996, 44.19858981100003], [-72.50018218799994, 44.19843343900004], [-72.50023300999999, 44.19837311200007], [-72.50033621699998, 44.19825090900008], [-72.50039094799996, 44.19818664400003], [-72.50039603099998, 44.198180035000064], [-72.50056725999997, 44.19797697400003]]]]}}, {"type": "Feature", "properties": {"OBJECTID": 6928, "SPAN": "036-011-12992", "GLIST_SPAN": "036-011-12992", "MAPID": "1160-0014.0000", "PARCID": "1160-0014-0000", "PROPTYPE": "PARCEL", "YEAR": 2023, "GLYEAR": 2022, "TOWN": "BARRE CITY", "TNAME": "Barre City", "SOURCENAME": null, "SOURCETYPE": "UNKNOWN", "SOURCEDATE": "UNKNOWN", "EDITMETHOD": "UNKNOWN", "EDITOR": "UNKNOWN", "EDITDATE": "UNKNOWN", "MATCHSTAT": "MATCH", "EDITNOTE": "UNKNOWN", "OWNER1": "TWOMBLY OLIVER LEE", "OWNER2": "", "ADDRGL1": "PO BOX 283", "ADDRGL2": "", "CITYGL": "BARRE", "STGL": "VT", "ZIPGL": "05641-0283", "DESCPROP": "HOTEL-ANNEX-TAVERN-0.27AC", "LOCAPROP": "PEARL ST  14 &  28", "CAT": "Commercial Apt", "RESCODE": "T", "ACRESGL": 0.27, "REAL_FLV": 345500, "HSTED_FLV": 0, "NRES_FLV": 345500, "LAND_LV": 48300, "IMPRV_LV": 297200, "EQUIPVAL": 0, "EQUIPCODE": "", "INVENVAL": 0, "HSDECL": "N", "HSITEVAL": 0, "VETEXAMT": 0, "EXPDESC": "", "ENDDATE": "", "STATUTE": "", "EXAMT_HS": 0, "EXAMT_NR": 0, "UVREDUC_HS": 0, "UVREDUC_NR": 0, "GLVAL_HS": 0.0, "GLVAL_NR": 3455.0, "CRHOUSPCT": 0.0, "MUNGL1PCT": 3455.0, "AOEGL_HS": 0.0, "AOEGL_NR": 3455.0, "E911ADDR": "1428 PEARL ST", "SHAPE_Length": 0.0019732264528056027, "SHAPE_Area": 1.3328377403662607e-07}, "geometry": {"type": "MultiPolygon", "coordinates": [[[[-72.50221620499997, 44.199309226000025], [-72.50266645899995, 44.19899968200008], [-72.50278026199999, 44.19909212400006], [-72.50279144599995, 44.19910120800006], [-72.50259469599996, 44.19921887300006], [-72.50250433499997, 44.19927983500003], [-72.50262217599999, 44.19937389100005], [-72.50270936199996, 44.19944329400005], [-72.50271349499997, 44.19944658400004], [-72.50272776899999, 44.19945794600005], [-72.50273306599996, 44.199462708000055], [-72.50272324799994, 44.199469014000044], [-72.50256624499997, 44.199569868000026], [-72.50254656099997, 44.199555212000064], [-72.50221620499997, 44.199309226000025]]]]}}, {"type": "Feature", "properties": {"OBJECTID": 6929, "SPAN": "036-011-12137", "GLIST_SPAN": "036-011-12137", "MAPID": "0080-0017.0000", "PARCID": "0080-0017-0000", "PROPTYPE": "PARCEL", "YEAR": 2023, "GLYEAR": 2022, "TOWN": "BARRE CITY", "TNAME": "Barre City", "SOURCENAME": null, "SOURCETYPE": "UNKNOWN", "SOURCEDATE": "UNKNOWN", "EDITMETHOD": "UNKNOWN", "EDITOR": "UNKNOWN", "EDITDATE": "UNKNOWN", "MATCHSTAT": "MATCH", "EDITNOTE": "UNKNOWN", "OWNER1": "DT REALTY LLC", "OWNER2": "", "ADDRGL1": "157 CENTER ROAD", "ADDRGL2": "", "CITYGL": "MIDDLESEX", "STGL": "VT", "ZIPGL": "05602", "DESCPROP": "1 FAM-0.14AC", "LOCAPROP": "AVERILL ST  17", "CAT": "Residential-1", "RESCODE": "C", "ACRESGL": 0.14, "REAL_FLV": 16100, "HSTED_FLV": 0, "NRES_FLV": 16100, "LAND_LV": 16100, "IMPRV_LV": 0, "EQUIPVAL": 0, "EQUIPCODE": "", "INVENVAL": 0, "HSDECL": "N", "HSITEVAL": 16100, "VETEXAMT": 0, "EXPDESC": "", "ENDDATE": "", "STATUTE": "", "EXAMT_HS": 0, "EXAMT_NR": 0, "UVREDUC_HS": 0, "UVREDUC_NR": 0, "GLVAL_HS": 0.0, "GLVAL_NR": 161.0, "CRHOUSPCT": 0.0, "MUNGL1PCT": 161.0, "AOEGL_HS": 0.0, "AOEGL_NR": 161.0, "E911ADDR": "17 AVERILL ST", "SHAPE_Length": 0.0010371933846180588, "SHAPE_Area": 6.621717699505718e-08}, "geometry": {"type": "MultiPolygon", "coordinates": [[[[-72.49834661699998, 44.19781831600005], [-72.49845415699997, 44.19777267500007], [-72.49862639099996, 44.197837314000026], [-72.49846224399994, 44.19807331900006], [-72.49823170899998, 44.197984140000074], [-72.49834661699998, 44.19781831600005]]]]}}, {"type": "Feature", "properties": {"OBJECTID": 6930, "SPAN": "036-011-12993", "GLIST_SPAN": "036-011-12993", "MAPID": "1160-VL00.0001", "PARCID": "1160-VL00-0001", "PROPTYPE": "PARCEL", "YEAR": 2023, "GLYEAR": 2022, "TOWN": "BARRE CITY", "TNAME": "Barre City", "SOURCENAME": null, "SOURCETYPE": "UNKNOWN", "SOURCEDATE": "UNKNOWN", "EDITMETHOD": "UNKNOWN", "EDITOR": "UNKNOWN", "EDITDATE": "UNKNOWN", "MATCHSTAT": "MATCH", "EDITNOTE": "UNKNOWN", "OWNER1": "TWOMBLY OLIVER LEE", "OWNER2": "", "ADDRGL1": "PO BOX 283", "ADDRGL2": "", "CITYGL": "BARRE", "STGL": "VT", "ZIPGL": "05641-0283", "DESCPROP": "VAC LAND  -0.10AC", "LOCAPROP": "PEARL ST LOT PARKING USE", "CAT": "Commercial", "RESCODE": "T", "ACRESGL": 0.1, "REAL_FLV": 19700, "HSTED_FLV": 0, "NRES_FLV": 19700, "LAND_LV": 19700, "IMPRV_LV": 0, "EQUIPVAL": 0, "EQUIPCODE": "", "INVENVAL": 0, "HSDECL": "N", "HSITEVAL": 0, "VETEXAMT": 0, "EXPDESC": "", "ENDDATE": "", "STATUTE": "", "EXAMT_HS": 0, "EXAMT_NR": 0, "UVREDUC_HS": 0, "UVREDUC_NR": 0, "GLVAL_HS": 0.0, "GLVAL_NR": 197.0, "CRHOUSPCT": 0.0, "MUNGL1PCT": 197.0, "AOEGL_HS": 0.0, "AOEGL_NR": 197.0, "E911ADDR": "PEARL ST", "SHAPE_Length": 0.0009143889204127582, "SHAPE_Area": 4.701384071508711e-08}, "geometry": {"type": "MultiPolygon", "coordinates": [[[[-72.50187967399995, 44.199203761000035], [-72.50208139799997, 44.19908858600007], [-72.50222996099995, 44.19919700400004], [-72.50200790899999, 44.19934002300005], [-72.50184878999994, 44.19922119900008], [-72.50185035399994, 44.199220214000036], [-72.50187732799998, 44.19920502600007], [-72.50187967399995, 44.199203761000035]]]]}}, {"type": "Feature", "properties": {"OBJECTID": 6993, "SPAN": "036-011-12154", "GLIST_SPAN": "036-011-12154", "MAPID": "1405-0007.0000", "PARCID": "1405-0007-0000", "PROPTYPE": "PARCEL", "YEAR": 2023, "GLYEAR": 2022, "TOWN": "BARRE CITY", "TNAME": "Barre City", "SOURCENAME": null, "SOURCETYPE": "UNKNOWN", "SOURCEDATE": "UNKNOWN", "EDITMETHOD": "UNKNOWN", "EDITOR": "UNKNOWN", "EDITDATE": "UNKNOWN", "MATCHSTAT": "MATCH", "EDITNOTE": "UNKNOWN", "OWNER1": "MOLLA-SARACCO SANDRA L; MOLLA JOHN S &", "OWNER2": "MOLLA GEORGE A", "ADDRGL1": "PO BOX 205", "ADDRGL2": "", "CITYGL": "STOCKHOLM", "STGL": "NJ", "ZIPGL": "07460-0205", "DESCPROP": "7 APTS-0.29AC", "LOCAPROP": "SUMMER ST   7", "CAT": "Commercial Apt", "RESCODE": "NS", "ACRESGL": 0.29, "REAL_FLV": 186800, "HSTED_FLV": 0, "NRES_FLV": 186800, "LAND_LV": 26000, "IMPRV_LV": 160800, "EQUIPVAL": 0, "EQUIPCODE": "", "INVENVAL": 0, "HSDECL": "N", "HSITEVAL": 186800, "VETEXAMT": 0, "EXPDESC": "", "ENDDATE": "", "STATUTE": "", "EXAMT_HS": 0, "EXAMT_NR": 0, "UVREDUC_HS": 0, "UVREDUC_NR": 0, "GLVAL_HS": 0.0, "GLVAL_NR": 1868.0, "CRHOUSPCT": 0.0, "MUNGL1PCT": 1868.0, "AOEGL_HS": 0.0, "AOEGL_NR": 1868.0, "E911ADDR": "7 SUMMER ST", "SHAPE_Length": 0.0011790922551020951, "SHAPE_Area": 8.179647735450885e-08}, "geometry": {"type": "MultiPolygon", "coordinates": [[[[-72.50031003099997, 44.199551960000065], [-72.50050706699994, 44.19932639900003], [-72.50050823899994, 44.19932668000007], [-72.50075961899995, 44.199411756000075], [-72.50054029999995, 44.19966305100007], [-72.50053834599998, 44.19966530100004], [-72.50051958099993, 44.199685833000046], [-72.50031003099997, 44.199551960000065]]]]}}, {"type": "Feature", "properties": {"OBJECTID": 6995, "SPAN": "036-011-12571", "GLIST_SPAN": "036-011-12571", "MAPID": "1145-0014.0000", "PARCID": "1145-0014-0000", "PROPTYPE": "PARCEL", "YEAR": 2023, "GLYEAR": 2022, "TOWN": "BARRE CITY", "TNAME": "Barre City", "SOURCENAME": null, "SOURCETYPE": "UNKNOWN", "SOURCEDATE": "UNKNOWN", "EDITMETHOD": "UNKNOWN", "EDITOR": "UNKNOWN", "EDITDATE": "UNKNOWN", "MATCHSTAT": "MATCH", "EDITNOTE": "UNKNOWN", "OWNER1": "DT REALTY LLC", "OWNER2": "", "ADDRGL1": "157 CENTER RD", "ADDRGL2": "", "CITYGL": "MIDDLESEX", "STGL": "VT", "ZIPGL": "05602", "DESCPROP": "2 APTS/OFFICE-2BLDGS-0.34AC", "LOCAPROP": "PARK ST  14 & 16", "CAT": "Commercial", "RESCODE": "C", "ACRESGL": 0.34, "REAL_FLV": 233100, "HSTED_FLV": 0, "NRES_FLV": 233100, "LAND_LV": 27000, "IMPRV_LV": 206100, "EQUIPVAL": 0, "EQUIPCODE": "", "INVENVAL": 0, "HSDECL": "N", "HSITEVAL": 233100, "VETEXAMT": 0, "EXPDESC": "", "ENDDATE": "", "STATUTE": "", "EXAMT_HS": 0, "EXAMT_NR": 0, "UVREDUC_HS": 0, "UVREDUC_NR": 0, "GLVAL_HS": 0.0, "GLVAL_NR": 2331.0, "CRHOUSPCT": 0.0, "MUNGL1PCT": 2331.0, "AOEGL_HS": 0.0, "AOEGL_NR": 2331.0, "E911ADDR": "1416 PARK ST", "SHAPE_Length": 0.00219353588188973, "SHAPE_Area": 1.6141947601357376e-07}, "geometry": {"type": "MultiPolygon", "coordinates": [[[[-72.49823288599998, 44.19782090500007], [-72.49789433899997, 44.19769307200005], [-72.49806401299998, 44.197479187000056], [-72.49868815999997, 44.19773339400007], [-72.49862639099996, 44.197837314000026], [-72.49845415699997, 44.19777267500007], [-72.49834661699998, 44.19781831600005], [-72.49823170899998, 44.197984140000074], [-72.49813632099995, 44.197947240000076], [-72.49823288599998, 44.19782090500007]]]]}}, {"type": "Feature", "properties": {"OBJECTID": 7000, "SPAN": "036-011-12156", "GLIST_SPAN": "036-011-12156", "MAPID": "0080-0006.0000", "PARCID": "0080-0006-0000", "PROPTYPE": "PARCEL", "YEAR": 2023, "GLYEAR": 2022, "TOWN": "BARRE CITY", "TNAME": "Barre City", "SOURCENAME": null, "SOURCETYPE": "UNKNOWN", "SOURCEDATE": "UNKNOWN", "EDITMETHOD": "UNKNOWN", "EDITOR": "UNKNOWN", "EDITDATE": "UNKNOWN", "MATCHSTAT": "MATCH", "EDITNOTE": "UNKNOWN", "OWNER1": "CUNNINGHAM PROPERTIES LLC", "OWNER2": "", "ADDRGL1": "22 FAITH ST", "ADDRGL2": "", "CITYGL": "BURLINGTON", "STGL": "VT", "ZIPGL": "05408", "DESCPROP": "6 APTS-0.16AC", "LOCAPROP": "AVERILL ST   6", "CAT": "Commercial Apt", "RESCODE": "C", "ACRESGL": 0.16, "REAL_FLV": 223800, "HSTED_FLV": 0, "NRES_FLV": 223800, "LAND_LV": 17800, "IMPRV_LV": 206000, "EQUIPVAL": 0, "EQUIPCODE": "", "INVENVAL": 0, "HSDECL": "N", "HSITEVAL": 0, "VETEXAMT": 0, "EXPDESC": "", "ENDDATE": "", "STATUTE": "", "EXAMT_HS": 0, "EXAMT_NR": 0, "UVREDUC_HS": 0, "UVREDUC_NR": 0, "GLVAL_HS": 0.0, "GLVAL_NR": 2238.0, "CRHOUSPCT": 0.0, "MUNGL1PCT": 2238.0, "AOEGL_HS": 0.0, "AOEGL_NR": 2238.0, "E911ADDR": "6 AVERILL ST", "SHAPE_Length": 0.0010746431115182537, "SHAPE_Area": 7.0097481992742e-08}, "geometry": {"type": "MultiPolygon", "coordinates": [[[[-72.49900384499995, 44.198673917000065], [-72.49916559599995, 44.198444823000045], [-72.49940538899995, 44.198534265000035], [-72.49940382499994, 44.19853609300003], [-72.49923962699995, 44.19876474600005], [-72.49923923599994, 44.19876545000005], [-72.49901366399996, 44.19868304200003], [-72.49900384499995, 44.198673917000065]]]]}}, {"type": "Feature", "properties": {"OBJECTID": 7004, "SPAN": "036-011-12157", "GLIST_SPAN": "036-011-12157", "MAPID": "0350-0153.0000", "PARCID": "0350-0153-0000", "PROPTYPE": "PARCEL", "YEAR": 2023, "GLYEAR": 2022, "TOWN": "BARRE CITY", "TNAME": "Barre City", "SOURCENAME": null, "SOURCETYPE": "UNKNOWN", "SOURCEDATE": "UNKNOWN", "EDITMETHOD": "UNKNOWN", "EDITOR": "UNKNOWN", "EDITDATE": "UNKNOWN", "MATCHSTAT": "MATCH", "EDITNOTE": "UNKNOWN", "OWNER1": "CAL PROPERTIES LLC", "OWNER2": "", "ADDRGL1": "382 OAK CIRCLE", "ADDRGL2": "", "CITYGL": "COLCHESTER", "STGL": "VT", "ZIPGL": "05446", "DESCPROP": "3 APTS-0.12AC", "LOCAPROP": "CHURCH ST 153", "CAT": "Residential-1", "RESCODE": "C", "ACRESGL": 0.12, "REAL_FLV": 123100, "HSTED_FLV": 0, "NRES_FLV": 123100, "LAND_LV": 15300, "IMPRV_LV": 107800, "EQUIPVAL": 0, "EQUIPCODE": "", "INVENVAL": 0, "HSDECL": "N", "HSITEVAL": 0, "VETEXAMT": 0, "EXPDESC": "", "ENDDATE": "", "STATUTE": "", "EXAMT_HS": 0, "EXAMT_NR": 0, "UVREDUC_HS": 0, "UVREDUC_NR": 0, "GLVAL_HS": 0.0, "GLVAL_NR": 1231.0, "CRHOUSPCT": 0.0, "MUNGL1PCT": 1231.0, "AOEGL_HS": 0.0, "AOEGL_NR": 1231.0, "E911ADDR": "153 CHURCH ST", "SHAPE_Length": 0.0009369866478920457, "SHAPE_Area": 5.3262393569469846e-08}, "geometry": {"type": "MultiPolygon", "coordinates": [[[[-72.49889654899994, 44.19755234300004], [-72.49899326599996, 44.197403543000064], [-72.49920397699998, 44.19747751300008], [-72.49908497599995, 44.19767820200008], [-72.49907481699995, 44.19767506200003], [-72.49885979899994, 44.19760859200005], [-72.49889654899994, 44.19755234300004]]]]}}, {"type": "Feature", "properties": {"OBJECTID": 7058, "SPAN": "036-011-12588", "GLIST_SPAN": "036-011-12588", "MAPID": "0510-0009.0000", "PARCID": "0510-0009-0000", "PROPTYPE": "PARCEL", "YEAR": 2023, "GLYEAR": 2022, "TOWN": "BARRE CITY", "TNAME": "Barre City", "SOURCENAME": null, "SOURCETYPE": "UNKNOWN", "SOURCEDATE": "UNKNOWN", "EDITMETHOD": "UNKNOWN", "EDITOR": "UNKNOWN", "EDITDATE": "UNKNOWN", "MATCHSTAT": "MATCH", "EDITNOTE": "UNKNOWN", "OWNER1": "RIENDEAU CLAUDETTE - TRUSTEE OF THE", "OWNER2": "CLAUDETTE RIENDEAU 2001 REV TRUST", "ADDRGL1": "210 MCLEOD RD", "ADDRGL2": "", "CITYGL": "GRANITEVILLE", "STGL": "VT", "ZIPGL": "05654", "DESCPROP": "5 APTS & BEAUTY SALON-0.28AC", "LOCAPROP": "EASTERN AVE   9", "CAT": "Commercial", "RESCODE": "S", "ACRESGL": 0.28, "REAL_FLV": 197490, "HSTED_FLV": 0, "NRES_FLV": 197490, "LAND_LV": 25950, "IMPRV_LV": 171540, "EQUIPVAL": 0, "EQUIPCODE": "", "INVENVAL": 0, "HSDECL": "N", "HSITEVAL": 0, "VETEXAMT": 0, "EXPDESC": "", "ENDDATE": "", "STATUTE": "", "EXAMT_HS": 0, "EXAMT_NR": 0, "UVREDUC_HS": 0, "UVREDUC_NR": 0, "GLVAL_HS": 0.0, "GLVAL_NR": 1974.9, "CRHOUSPCT": 0.0, "MUNGL1PCT": 1974.9, "AOEGL_HS": 0.0, "AOEGL_NR": 1974.9, "E911ADDR": "9 EASTERN AVE", "SHAPE_Length": 0.0014519390592662522, "SHAPE_Area": 1.2450216221826876e-07}, "geometry": {"type": "MultiPolygon", "coordinates": [[[[-72.49810826099997, 44.19858837100003], [-72.49810863599998, 44.19858740700005], [-72.49812231999994, 44.19859584400007], [-72.49813600199997, 44.198604282000076], [-72.49814499399997, 44.198608782000065], [-72.49816063099996, 44.198616095000034], [-72.49817705099997, 44.19862340700007], [-72.49818604199999, 44.198626501000035], [-72.49819894299998, 44.19862987600004], [-72.49821184299998, 44.19863676700004], [-72.49823021799995, 44.19864351800004], [-72.49824859199998, 44.198648580000054], [-72.49826501099994, 44.19865701800006], [-72.49828103999994, 44.19866306500006], [-72.49830879599995, 44.198669394000035], [-72.49833030899998, 44.19868028500008], [-72.49834046199999, 44.198685425000065], [-72.49838306799995, 44.19869474300003], [-72.49818001999995, 44.19904979800003], [-72.49787382899996, 44.19893439600003], [-72.49787534399997, 44.19893205000005], [-72.49810826099997, 44.19858837100003]]]]}}, {"type": "Feature", "properties": {"OBJECTID": 7093, "SPAN": "036-011-13076", "GLIST_SPAN": "036-011-13076", "MAPID": "1160-0045.0000", "PARCID": "1160-0045-0000", "PROPTYPE": "PARCEL", "YEAR": 2023, "GLYEAR": 2022, "TOWN": "BARRE CITY", "TNAME": "Barre City", "SOURCENAME": null, "SOURCETYPE": "UNKNOWN", "SOURCEDATE": "UNKNOWN", "EDITMETHOD": "UNKNOWN", "EDITOR": "UNKNOWN", "EDITDATE": "UNKNOWN", "MATCHSTAT": "MATCH", "EDITNOTE": "UNKNOWN", "OWNER1": "WASHINGTON COUNTY COMMUNITY", "OWNER2": "HOUSING PROJECT I", "ADDRGL1": "PO BOX 647", "ADDRGL2": "", "CITYGL": "MONTPELIER", "STGL": "VT", "ZIPGL": "05602-0647", "DESCPROP": "6 APTS-0.38AC", "LOCAPROP": "PEARL ST  EXT  45", "CAT": "Commercial Apt", "RESCODE": "C", "ACRESGL": 0.38, "REAL_FLV": 200900, "HSTED_FLV": 0, "NRES_FLV": 200900, "LAND_LV": 0, "IMPRV_LV": 200900, "EQUIPVAL": 0, "EQUIPCODE": "", "INVENVAL": 0, "HSDECL": "N", "HSITEVAL": 0, "VETEXAMT": 0, "EXPDESC": "Qualified Housing Units", "ENDDATE": "", "STATUTE": "", "EXAMT_HS": 0, "EXAMT_NR": 20100, "UVREDUC_HS": 0, "UVREDUC_NR": 0, "GLVAL_HS": 0.0, "GLVAL_NR": 1808.0, "CRHOUSPCT": 0.0, "MUNGL1PCT": 2009.0, "AOEGL_HS": 0.0, "AOEGL_NR": 1808.0, "E911ADDR": "45 PEARL ST EXT", "SHAPE_Length": 0.001882955436217196, "SHAPE_Area": 1.7017611483497182e-07}, "geometry": {"type": "MultiPolygon", "coordinates": [[[[-72.50077096199993, 44.19986147000003], [-72.50102116699998, 44.199712548000036], [-72.50102194899995, 44.199712970000064], [-72.50125456699993, 44.199844029000076], [-72.50127176899997, 44.19985359100008], [-72.50116543199994, 44.199934029000076], [-72.50103485599993, 44.19999168600003], [-72.50066775499994, 44.200218093000046], [-72.50066501899994, 44.20021640500005], [-72.50064038799997, 44.20019587500008], [-72.50061575899997, 44.20017829600005], [-72.50059464699996, 44.20016001600004], [-72.50058526399994, 44.20015157800003], [-72.50057431799996, 44.20014145300007], [-72.50055555199998, 44.20012429700006], [-72.50053873999997, 44.20010601600006], [-72.50050277199995, 44.200067485000034], [-72.50049260799994, 44.20005004800004], [-72.50048439799997, 44.200033595000036], [-72.50048908899998, 44.200031065000076], [-72.50066540599994, 44.19992658000007], [-72.50066736199994, 44.19992545500003], [-72.50077096199993, 44.19986147000003]]]]}}, {"type": "Feature", "properties": {"OBJECTID": 7106, "SPAN": "036-011-13083", "GLIST_SPAN": "036-011-13083", "MAPID": "1405-0023.0000", "PARCID": "1405-0023-0000", "PROPTYPE": "PARCEL", "YEAR": 2023, "GLYEAR": 2022, "TOWN": "BARRE CITY", "TNAME": "Barre City", "SOURCENAME": null, "SOURCETYPE": "UNKNOWN", "SOURCEDATE": "UNKNOWN", "EDITMETHOD": "UNKNOWN", "EDITOR": "UNKNOWN", "EDITDATE": "UNKNOWN", "MATCHSTAT": "MATCH", "EDITNOTE": "UNKNOWN", "OWNER1": "WASHINGTON COUNTY MENTAL HEALTH", "OWNER2": "SERVICES INC", "ADDRGL1": "PO BOX 647", "ADDRGL2": "", "CITYGL": "MONTPELIER", "STGL": "VT", "ZIPGL": "05601-0647", "DESCPROP": "MENTAL HEALTH FACILITY-0.41A", "LOCAPROP": "SUMMER ST  23", "CAT": "Commercial", "RESCODE": "C", "ACRESGL": 0.41, "REAL_FLV": 400600, "HSTED_FLV": 0, "NRES_FLV": 400600, "LAND_LV": 52900, "IMPRV_LV": 347700, "EQUIPVAL": 0, "EQUIPCODE": "", "INVENVAL": 0, "HSDECL": "N", "HSITEVAL": 0, "VETEXAMT": 0, "EXPDESC": "", "ENDDATE": "", "STATUTE": "", "EXAMT_HS": 0, "EXAMT_NR": 0, "UVREDUC_HS": 0, "UVREDUC_NR": 0, "GLVAL_HS": 0.0, "GLVAL_NR": 4006.0, "CRHOUSPCT": 0.0, "MUNGL1PCT": 4006.0, "AOEGL_HS": 0.0, "AOEGL_NR": 4006.0, "E911ADDR": "23 SUMMER ST", "SHAPE_Length": 0.002525722868433449, "SHAPE_Area": 1.848480047727346e-07}, "geometry": {"type": "MultiPolygon", "coordinates": [[[[-72.50066736199994, 44.19992545500003], [-72.50049338699995, 44.19971423900006], [-72.50051958099993, 44.199685833000046], [-72.50053834599998, 44.19966530100004], [-72.50078425299995, 44.19974756600004], [-72.50095352999995, 44.199480238000035], [-72.50095470199994, 44.19947770700003], [-72.50115252199998, 44.19954267300005], [-72.50124947799998, 44.19957459400007], [-72.50152001599997, 44.199667402000046], [-72.50127176899997, 44.19985359100008], [-72.50125456699993, 44.199844029000076], [-72.50102194899995, 44.199712970000064], [-72.50102116699998, 44.199712548000036], [-72.50077096199993, 44.19986147000003], [-72.50066736199994, 44.19992545500003]]]]}}, {"type": "Feature", "properties": {"OBJECTID": 7113, "SPAN": "036-011-12603", "GLIST_SPAN": "036-011-12603", "MAPID": "0870-0041.0000", "PARCID": "0870-0041-0000", "PROPTYPE": "PARCEL", "YEAR": 2023, "GLYEAR": 2022, "TOWN": "BARRE CITY", "TNAME": "Barre City", "SOURCENAME": null, "SOURCETYPE": "UNKNOWN", "SOURCEDATE": "UNKNOWN", "EDITMETHOD": "UNKNOWN", "EDITOR": "UNKNOWN", "EDITDATE": "UNKNOWN", "MATCHSTAT": "MATCH", "EDITNOTE": "UNKNOWN", "OWNER1": "MANSKE DAWN A & VAN BUUREN ZACHARY DS", "OWNER2": "", "ADDRGL1": "41 JEFFERSON ST", "ADDRGL2": "", "CITYGL": "BARRE", "STGL": "VT", "ZIPGL": "05641", "DESCPROP": "1 FAM-0.11AC", "LOCAPROP": "JEFFERSON ST  41", "CAT": "Residential-1", "RESCODE": "T", "ACRESGL": 0.11, "REAL_FLV": 143080, "HSTED_FLV": 143080, "NRES_FLV": 0, "LAND_LV": 9580, "IMPRV_LV": 133500, "EQUIPVAL": 0, "EQUIPCODE": "", "INVENVAL": 0, "HSDECL": "Y", "HSITEVAL": 143080, "VETEXAMT": 0, "EXPDESC": "", "ENDDATE": "", "STATUTE": "", "EXAMT_HS": 0, "EXAMT_NR": 0, "UVREDUC_HS": 0, "UVREDUC_NR": 0, "GLVAL_HS": 1431.0, "GLVAL_NR": 0.0, "CRHOUSPCT": 0.0, "MUNGL1PCT": 1430.8, "AOEGL_HS": 1431.0, "AOEGL_NR": 0.0, "E911ADDR": "41 JEFFERSON ST", "SHAPE_Length": 0.0009314602071314758, "SHAPE_Area": 5.272639750272883e-08}, "geometry": {"type": "MultiPolygon", "coordinates": [[[[-72.49937763299994, 44.19837662500004], [-72.49950664499994, 44.198183690000064], [-72.49972322499997, 44.19826258200004], [-72.49972596199996, 44.19826384700008], [-72.49959616899997, 44.19845664200005], [-72.49959538699994, 44.19845748500006], [-72.49959343199998, 44.19845664200005], [-72.49937763299994, 44.19837662500004]]]]}}, {"type": "Feature", "properties": {"OBJECTID": 7115, "SPAN": "036-011-12186", "GLIST_SPAN": "036-011-12186", "MAPID": "1095-0047.0000", "PARCID": "1095-0047-0000", "PROPTYPE": "PARCEL", "YEAR": 2023, "GLYEAR": 2022, "TOWN": "BARRE CITY", "TNAME": "Barre City", "SOURCENAME": null, "SOURCETYPE": "UNKNOWN", "SOURCEDATE": "UNKNOWN", "EDITMETHOD": "UNKNOWN", "EDITOR": "VCGI", "EDITDATE": "20231019", "MATCHSTAT": "MATCH", "EDITNOTE": "Updated SPAN per 2022 Grand List and AxisGIS app", "OWNER1": "47 NORTH MAIN STREET LLC", "OWNER2": "", "ADDRGL1": "125 NELSON ST", "ADDRGL2": "", "CITYGL": "BARRE", "STGL": "VT", "ZIPGL": "05641", "DESCPROP": "RESTAURANT/OFFICES/2 APTS/RETAIL-0.59AC", "LOCAPROP": "N MAIN ST   47 & 59", "CAT": "Commercial", "RESCODE": "C", "ACRESGL": 0.59, "REAL_FLV": 1050500, "HSTED_FLV": 0, "NRES_FLV": 1050500, "LAND_LV": 323600, "IMPRV_LV": 726900, "EQUIPVAL": 0, "EQUIPCODE": "", "INVENVAL": 0, "HSDECL": "N", "HSITEVAL": 0, "VETEXAMT": 0, "EXPDESC": "", "ENDDATE": "", "STATUTE": "", "EXAMT_HS": 0, "EXAMT_NR": 0, "UVREDUC_HS": 0, "UVREDUC_NR": 0, "GLVAL_HS": 0.0, "GLVAL_NR": 10505.0, "CRHOUSPCT": 0.0, "MUNGL1PCT": 10505.0, "AOEGL_HS": 0.0, "AOEGL_NR": 10505.0, "E911ADDR": "47 N MAIN ST", "SHAPE_Length": 0.002895460526249058, "SHAPE_Area": 2.6580698389281114e-07}, "geometry": {"type": "MultiPolygon", "coordinates": [[[[-72.50138814399998, 44.197521667000046], [-72.50139618099996, 44.197500287000025], [-72.50150292699993, 44.19754724300003], [-72.50179260699997, 44.19779120000004], [-72.50179387599997, 44.19779226800006], [-72.50176655799999, 44.19780828700004], [-72.50146827199995, 44.19798074000005], [-72.50137808499994, 44.19803180400004], [-72.50137771299995, 44.19803974800004], [-72.50142304299999, 44.19805180800006], [-72.50141947199995, 44.198058984000056], [-72.50141509999997, 44.198067768000044], [-72.50138862199998, 44.198137872000075], [-72.50138067799998, 44.19815920900004], [-72.50140662899997, 44.19817178100004], [-72.50137406099998, 44.19822321600003], [-72.50155730099993, 44.198315415000025], [-72.50157574899998, 44.19832448900007], [-72.50155842399994, 44.19833637500005], [-72.50144004299995, 44.19841759600007], [-72.50143547599998, 44.19842188300004], [-72.50142729099997, 44.19841921300008], [-72.50106338699999, 44.19830050100006], [-72.50106283899999, 44.19830032200008], [-72.50116688899993, 44.19813286400006], [-72.50131185599997, 44.197736030000044], [-72.50138814399998, 44.197521667000046]]]]}}, {"type": "Feature", "properties": {"OBJECTID": 7172, "SPAN": "036-011-13117", "GLIST_SPAN": "036-011-13117", "MAPID": "0510-0002.0000", "PARCID": "0510-0002-0000", "PROPTYPE": "PARCEL", "YEAR": 2023, "GLYEAR": 2022, "TOWN": "BARRE CITY", "TNAME": "Barre City", "SOURCENAME": null, "SOURCETYPE": "UNKNOWN", "SOURCEDATE": "UNKNOWN", "EDITMETHOD": "UNKNOWN", "EDITOR": "UNKNOWN", "EDITDATE": "UNKNOWN", "MATCHSTAT": "MATCH", "EDITNOTE": "UNKNOWN", "OWNER1": "VELEZ RICHARD", "OWNER2": "", "ADDRGL1": "1910 PLUMAS WAY", "ADDRGL2": "", "CITYGL": "ORLANDO", "STGL": "FL", "ZIPGL": "32824", "DESCPROP": "2 APTS-0.46AC", "LOCAPROP": "EASTERN AVE   2", "CAT": "Residential-1", "RESCODE": "NS", "ACRESGL": 0.46, "REAL_FLV": 232400, "HSTED_FLV": 0, "NRES_FLV": 232400, "LAND_LV": 30000, "IMPRV_LV": 202400, "EQUIPVAL": 0, "EQUIPCODE": "", "INVENVAL": 0, "HSDECL": "N", "HSITEVAL": 54800, "VETEXAMT": 0, "EXPDESC": "", "ENDDATE": "", "STATUTE": "", "EXAMT_HS": 0, "EXAMT_NR": 0, "UVREDUC_HS": 0, "UVREDUC_NR": 0, "GLVAL_HS": 0.0, "GLVAL_NR": 2324.0, "CRHOUSPCT": 0.0, "MUNGL1PCT": 2324.0, "AOEGL_HS": 0.0, "AOEGL_NR": 2324.0, "E911ADDR": "2 EASTERN AVE", "SHAPE_Length": 0.0019060442182708016, "SHAPE_Area": 2.1657737017925153e-07}, "geometry": {"type": "MultiPolygon", "coordinates": [[[[-72.49829235099998, 44.19954266600007], [-72.49841120599996, 44.19928504500007], [-72.49841198799999, 44.19928532700004], [-72.49846554799996, 44.19930178000004], [-72.49885492699997, 44.19942258100008], [-72.49868720199999, 44.199821248000035], [-72.49821415599996, 44.19971943000007], [-72.49817779899996, 44.19971155400003], [-72.49821884999994, 44.19965221100006], [-72.49828335999996, 44.19955827500007], [-72.49828883299995, 44.19955026000008], [-72.49829235099998, 44.19954266600007]]]]}}, {"type": "Feature", "properties": {"OBJECTID": 7201, "SPAN": "036-011-12207", "GLIST_SPAN": "036-011-12207", "MAPID": "1440-0084.0000", "PARCID": "1440-0084-0000", "PROPTYPE": "PARCEL", "YEAR": 2023, "GLYEAR": 2022, "TOWN": "BARRE CITY", "TNAME": "Barre City", "SOURCENAME": null, "SOURCETYPE": "UNKNOWN", "SOURCEDATE": "UNKNOWN", "EDITMETHOD": "UNKNOWN", "EDITOR": "UNKNOWN", "EDITDATE": "UNKNOWN", "MATCHSTAT": "MATCH", "EDITNOTE": "UNKNOWN", "OWNER1": "MARENA MARCUS Q", "OWNER2": "", "ADDRGL1": "84 TREMONT ST", "ADDRGL2": "", "CITYGL": "BARRE", "STGL": "VT", "ZIPGL": "05641", "DESCPROP": "1 FAM-0.13AC", "LOCAPROP": "TREMONT ST  84", "CAT": "Residential-1", "RESCODE": "T", "ACRESGL": 0.13, "REAL_FLV": 145000, "HSTED_FLV": 145000, "NRES_FLV": 0, "LAND_LV": 14700, "IMPRV_LV": 130300, "EQUIPVAL": 0, "EQUIPCODE": "", "INVENVAL": 0, "HSDECL": "Y", "HSITEVAL": 145000, "VETEXAMT": 0, "EXPDESC": "", "ENDDATE": "", "STATUTE": "", "EXAMT_HS": 0, "EXAMT_NR": 0, "UVREDUC_HS": 0, "UVREDUC_NR": 0, "GLVAL_HS": 1450.0, "GLVAL_NR": 0.0, "CRHOUSPCT": 0.0, "MUNGL1PCT": 1450.0, "AOEGL_HS": 1450.0, "AOEGL_NR": 0.0, "E911ADDR": "84 TREMONT ST", "SHAPE_Length": 0.0010656820937547508, "SHAPE_Area": 6.81987719551567e-08}, "geometry": {"type": "MultiPolygon", "coordinates": [[[[-72.49714684799994, 44.20011695000005], [-72.49731731299994, 44.19988309800004], [-72.49754288799994, 44.199968883000054], [-72.49754054199997, 44.199970430000064], [-72.49739861699999, 44.20018150300007], [-72.49739822699996, 44.20018220600008], [-72.49738258799994, 44.200203018000025], [-72.49714684799994, 44.20011695000005]]]]}}, {"type": "Feature", "properties": {"OBJECTID": 7228, "SPAN": "036-011-13145", "GLIST_SPAN": "036-011-13145", "MAPID": "0530-0099.0000", "PARCID": "0530-0099-0000", "PROPTYPE": "PARCEL", "YEAR": 2023, "GLYEAR": 2022, "TOWN": "BARRE CITY", "TNAME": "Barre City", "SOURCENAME": null, "SOURCETYPE": "UNKNOWN", "SOURCEDATE": "UNKNOWN", "EDITMETHOD": "UNKNOWN", "EDITOR": "UNKNOWN", "EDITDATE": "UNKNOWN", "MATCHSTAT": "MATCH", "EDITNOTE": "UNKNOWN", "OWNER1": "KOKOPELLI VENTURES INC", "OWNER2": "", "ADDRGL1": "PO BOX 1554", "ADDRGL2": "", "CITYGL": "WAITSFIELD", "STGL": "VT", "ZIPGL": "05673-1554", "DESCPROP": "4 APTS-0.22AC", "LOCAPROP": "ELM ST  99", "CAT": "Residential-1", "RESCODE": "C", "ACRESGL": 0.22, "REAL_FLV": 213600, "HSTED_FLV": 0, "NRES_FLV": 213600, "LAND_LV": 15500, "IMPRV_LV": 198100, "EQUIPVAL": 0, "EQUIPCODE": "", "INVENVAL": 0, "HSDECL": "N", "HSITEVAL": 0, "VETEXAMT": 0, "EXPDESC": "", "ENDDATE": "", "STATUTE": "", "EXAMT_HS": 0, "EXAMT_NR": 0, "UVREDUC_HS": 0, "UVREDUC_NR": 0, "GLVAL_HS": 0.0, "GLVAL_NR": 2136.0, "CRHOUSPCT": 0.0, "MUNGL1PCT": 2136.0, "AOEGL_HS": 0.0, "AOEGL_NR": 2136.0, "E911ADDR": "99 ELM ST", "SHAPE_Length": 0.00141677787676314, "SHAPE_Area": 1.0458879713671217e-07}, "geometry": {"type": "MultiPolygon", "coordinates": [[[[-72.49812071399998, 44.19991953500005], [-72.49821415599996, 44.19971943000007], [-72.49868720199999, 44.199821248000035], [-72.49860861699995, 44.20001896300005], [-72.49860822599999, 44.20002037000006], [-72.49812071399998, 44.19991953500005]]]]}}, {"type": "Feature", "properties": {"OBJECTID": 7362, "SPAN": "036-011-12669", "GLIST_SPAN": "036-011-12669", "MAPID": "0080-0016.0000", "PARCID": "0080-0016-0000", "PROPTYPE": "PARCEL", "YEAR": 2023, "GLYEAR": 2022, "TOWN": "BARRE CITY", "TNAME": "Barre City", "SOURCENAME": null, "SOURCETYPE": "UNKNOWN", "SOURCEDATE": "UNKNOWN", "EDITMETHOD": "UNKNOWN", "EDITOR": "UNKNOWN", "EDITDATE": "UNKNOWN", "MATCHSTAT": "MATCH", "EDITNOTE": "UNKNOWN", "OWNER1": "GOODWIN BRUCE N & FOX JOAN G", "OWNER2": "", "ADDRGL1": "69 STERLING RIDGE RD", "ADDRGL2": "", "CITYGL": "STOWE", "STGL": "VT", "ZIPGL": "05672", "DESCPROP": "7 APTS-0.35AC", "LOCAPROP": "AVERILL ST  16", "CAT": "Commercial Apt", "RESCODE": "S", "ACRESGL": 0.35, "REAL_FLV": 243600, "HSTED_FLV": 0, "NRES_FLV": 243600, "LAND_LV": 39300, "IMPRV_LV": 204300, "EQUIPVAL": 0, "EQUIPCODE": "", "INVENVAL": 0, "HSDECL": "N", "HSITEVAL": 0, "VETEXAMT": 0, "EXPDESC": "", "ENDDATE": "", "STATUTE": "", "EXAMT_HS": 0, "EXAMT_NR": 0, "UVREDUC_HS": 0, "UVREDUC_NR": 0, "GLVAL_HS": 0.0, "GLVAL_NR": 2436.0, "CRHOUSPCT": 0.0, "MUNGL1PCT": 2436.0, "AOEGL_HS": 0.0, "AOEGL_NR": 2436.0, "E911ADDR": "16 AVERILL ST", "SHAPE_Length": 0.0016580469569510332, "SHAPE_Area": 1.5905855060943184e-07}, "geometry": {"type": "MultiPolygon", "coordinates": [[[[-72.49833030899998, 44.19868028500008], [-72.49861295899996, 44.19823683900006], [-72.49888583199998, 44.19833963800005], [-72.49866181399995, 44.19877880300004], [-72.49866103199997, 44.19878035000005], [-72.49864182999994, 44.19877510100008], [-72.49838306799995, 44.19869474300003], [-72.49834046199999, 44.198685425000065], [-72.49833030899998, 44.19868028500008]]]]}}, {"type": "Feature", "properties": {"OBJECTID": 7398, "SPAN": "036-011-12268", "GLIST_SPAN": "036-011-12268", "MAPID": "0530-0046.0000", "PARCID": "0530-0046-0000", "PROPTYPE": "PARCEL", "YEAR": 2023, "GLYEAR": 2022, "TOWN": "BARRE CITY", "TNAME": "Barre City", "SOURCENAME": null, "SOURCETYPE": "UNKNOWN", "SOURCEDATE": "UNKNOWN", "EDITMETHOD": "UNKNOWN", "EDITOR": "UNKNOWN", "EDITDATE": "UNKNOWN", "MATCHSTAT": "MATCH", "EDITNOTE": "UNKNOWN", "OWNER1": "TELEPHONE OPERATING COMPANY OF", "OWNER2": "VERMONT LLC C/O FAIRPOINT", "ADDRGL1": "770 ELM ST", "ADDRGL2": "", "CITYGL": "MANCHESTER", "STGL": "NH", "ZIPGL": "03101", "DESCPROP": "TELEPHONE CO-0.17AC", "LOCAPROP": "ELM ST  46", "CAT": "Commercial", "RESCODE": "C", "ACRESGL": 0.17, "REAL_FLV": 549600, "HSTED_FLV": 0, "NRES_FLV": 549600, "LAND_LV": 107600, "IMPRV_LV": 442000, "EQUIPVAL": 0, "EQUIPCODE": "", "INVENVAL": 0, "HSDECL": "N", "HSITEVAL": 0, "VETEXAMT": 0, "EXPDESC": "", "ENDDATE": "", "STATUTE": "", "EXAMT_HS": 0, "EXAMT_NR": 0, "UVREDUC_HS": 0, "UVREDUC_NR": 0, "GLVAL_HS": 0.0, "GLVAL_NR": 5496.0, "CRHOUSPCT": 0.0, "MUNGL1PCT": 5496.0, "AOEGL_HS": 0.0, "AOEGL_NR": 5496.0, "E911ADDR": "46 ELM ST", "SHAPE_Length": 0.0011601427275167479, "SHAPE_Area": 7.662312037272759e-08}, "geometry": {"type": "MultiPolygon", "coordinates": [[[[-72.50099026699996, 44.19877599400007], [-72.50085523699994, 44.198738192000064], [-72.50084687999998, 44.198744205000025], [-72.50075648299998, 44.198697528000025], [-72.50096326699997, 44.19845250000003], [-72.50120891399996, 44.19852885900008], [-72.50120697399996, 44.198531814000035], [-72.50120665899993, 44.19853216400003], [-72.50108409099994, 44.198667854000064], [-72.50099026699996, 44.19877599400007]]]]}}, {"type": "Feature", "properties": {"OBJECTID": 7404, "SPAN": "036-011-12269", "GLIST_SPAN": "036-011-12269", "MAPID": "0530-VL00.0005", "PARCID": "0530-VL00-0005", "PROPTYPE": "PARCEL", "YEAR": 2023, "GLYEAR": 2022, "TOWN": "BARRE CITY", "TNAME": "Barre City", "SOURCENAME": null, "SOURCETYPE": "UNKNOWN", "SOURCEDATE": "UNKNOWN", "EDITMETHOD": "UNKNOWN", "EDITOR": "UNKNOWN", "EDITDATE": "UNKNOWN", "MATCHSTAT": "MATCH", "EDITNOTE": "UNKNOWN", "OWNER1": "TELEPHONE OPERATING COMPANY OF", "OWNER2": "VERMONT LLC C/O FAIRPOINT", "ADDRGL1": "770 ELM ST", "ADDRGL2": "", "CITYGL": "MANCHESTER", "STGL": "NH", "ZIPGL": "03101", "DESCPROP": "VAC LAND-0.28AC", "LOCAPROP": "ELM ST", "CAT": "Miscellaneous", "RESCODE": "C", "ACRESGL": 0.28, "REAL_FLV": 170700, "HSTED_FLV": 0, "NRES_FLV": 170700, "LAND_LV": 170700, "IMPRV_LV": 0, "EQUIPVAL": 0, "EQUIPCODE": "", "INVENVAL": 0, "HSDECL": "N", "HSITEVAL": 0, "VETEXAMT": 0, "EXPDESC": "", "ENDDATE": "", "STATUTE": "", "EXAMT_HS": 0, "EXAMT_NR": 0, "UVREDUC_HS": 0, "UVREDUC_NR": 0, "GLVAL_HS": 0.0, "GLVAL_NR": 1707.0, "CRHOUSPCT": 0.0, "MUNGL1PCT": 1707.0, "AOEGL_HS": 0.0, "AOEGL_NR": 1707.0, "E911ADDR": "ELM ST", "SHAPE_Length": 0.0015808842206670574, "SHAPE_Area": 1.2527606006995518e-07}, "geometry": {"type": "MultiPolygon", "coordinates": [[[[-72.50043513099996, 44.19908382400007], [-72.50075648299998, 44.198697528000025], [-72.50084687999998, 44.198744205000025], [-72.50085523699994, 44.198738192000064], [-72.50099026699996, 44.19877599400007], [-72.50098948499993, 44.19877683800007], [-72.50093905399996, 44.19883646300008], [-72.50093866399999, 44.19883716600003], [-72.50080105399996, 44.198994103000075], [-72.50061027599997, 44.19920925900004], [-72.50060910199994, 44.19921066500007], [-72.50050041899993, 44.19917705600005], [-72.50046718899995, 44.19916426000003], [-72.50045585099997, 44.199159619000056], [-72.50044490499994, 44.19915019800004], [-72.50043904099994, 44.19914105700008], [-72.50043122199997, 44.19912657300006], [-72.50042809399997, 44.19911883900005], [-72.50042731299999, 44.19911110400005], [-72.50042887599994, 44.199102104000076], [-72.50043200399995, 44.19909127600005], [-72.50043513099996, 44.19908382400007]]]]}}, {"type": "Feature", "properties": {"OBJECTID": 7421, "SPAN": "036-011-12688", "GLIST_SPAN": "036-011-12688", "MAPID": "0890-0025.0000", "PARCID": "0890-0025-0000", "PROPTYPE": "PARCEL", "YEAR": 2023, "GLYEAR": 2022, "TOWN": "BARRE CITY", "TNAME": "Barre City", "SOURCENAME": null, "SOURCETYPE": "UNKNOWN", "SOURCEDATE": "UNKNOWN", "EDITMETHOD": "UNKNOWN", "EDITOR": "UNKNOWN", "EDITDATE": "UNKNOWN", "MATCHSTAT": "MATCH", "EDITNOTE": "UNKNOWN", "OWNER1": "SALVATION ARMY THE", "OWNER2": "", "ADDRGL1": "PO BOX 375", "ADDRGL2": "", "CITYGL": "BARRE", "STGL": "VT", "ZIPGL": "05641-0375", "DESCPROP": "SALVATION ARMY-0.16AC", "LOCAPROP": "KEITH AVE  25", "CAT": "Commercial", "RESCODE": "C", "ACRESGL": 0.16, "REAL_FLV": 193300, "HSTED_FLV": 0, "NRES_FLV": 193300, "LAND_LV": 51200, "IMPRV_LV": 142100, "EQUIPVAL": 0, "EQUIPCODE": "", "INVENVAL": 0, "HSDECL": "N", "HSITEVAL": 0, "VETEXAMT": 0, "EXPDESC": "Statutory", "ENDDATE": "", "STATUTE": "", "EXAMT_HS": 0, "EXAMT_NR": 0, "UVREDUC_HS": 0, "UVREDUC_NR": 0, "GLVAL_HS": 0.0, "GLVAL_NR": 0.0, "CRHOUSPCT": 0.0, "MUNGL1PCT": 0.0, "AOEGL_HS": 0.0, "AOEGL_NR": 0.0, "E911ADDR": "25 KEITH AVE", "SHAPE_Length": 0.0010877834342040047, "SHAPE_Area": 7.004995904679037e-08}, "geometry": {"type": "MultiPolygon", "coordinates": [[[[-72.50099026699996, 44.19877599400007], [-72.50108409099994, 44.198667854000064], [-72.50137008099995, 44.19884434000005], [-72.50114821199998, 44.19899325700004], [-72.50093866399999, 44.19883716600003], [-72.50093905399996, 44.19883646300008], [-72.50098948499993, 44.19877683800007], [-72.50099026699996, 44.19877599400007]]]]}}, {"type": "Feature", "properties": {"OBJECTID": 7449, "SPAN": "036-011-12695", "GLIST_SPAN": "036-011-12695", "MAPID": "1095-0100.0000", "PARCID": "1095-0100-0000", "PROPTYPE": "PARCEL", "YEAR": 2023, "GLYEAR": 2022, "TOWN": "BARRE CITY", "TNAME": "Barre City", "SOURCENAME": null, "SOURCETYPE": "UNKNOWN", "SOURCEDATE": "UNKNOWN", "EDITMETHOD": "UNKNOWN", "EDITOR": "UNKNOWN", "EDITDATE": "UNKNOWN", "MATCHSTAT": "MATCH", "EDITNOTE": "UNKNOWN", "OWNER1": "POLICY LIMITS LLC", "OWNER2": "", "ADDRGL1": "PO BOX 607", "ADDRGL2": "", "CITYGL": "BARRE", "STGL": "VT", "ZIPGL": "05641", "DESCPROP": "COMMERCIAL OFFICE-0.07AC", "LOCAPROP": "N MAIN ST  100", "CAT": "Commercial", "RESCODE": "C", "ACRESGL": 0.07, "REAL_FLV": 211300, "HSTED_FLV": 0, "NRES_FLV": 211300, "LAND_LV": 46400, "IMPRV_LV": 164900, "EQUIPVAL": 0, "EQUIPCODE": "", "INVENVAL": 0, "HSDECL": "N", "HSITEVAL": 0, "VETEXAMT": 0, "EXPDESC": "", "ENDDATE": "", "STATUTE": "", "EXAMT_HS": 0, "EXAMT_NR": 0, "UVREDUC_HS": 0, "UVREDUC_NR": 0, "GLVAL_HS": 0.0, "GLVAL_NR": 2113.0, "CRHOUSPCT": 0.0, "MUNGL1PCT": 2113.0, "AOEGL_HS": 0.0, "AOEGL_NR": 2113.0, "E911ADDR": "100 N MAIN ST", "SHAPE_Length": 0.0008605805245460558, "SHAPE_Area": 2.8575906758126977e-08}, "geometry": {"type": "MultiPolygon", "coordinates": [[[[-72.50257551099997, 44.197793657000034], [-72.50260600299998, 44.19777214100003], [-72.50260678499995, 44.19777284400004], [-72.50264470699994, 44.197805609000056], [-72.50265381999998, 44.197812741000064], [-72.50267363699999, 44.197828249000054], [-72.50266855599995, 44.19783176400006], [-72.50262047099994, 44.19786495300008], [-72.50239295299997, 44.19802231600005], [-72.50232375499996, 44.197970146000046], [-72.50232905799999, 44.19796642800003], [-72.50252859999995, 44.19782656500007], [-72.50257551099997, 44.197793657000034]]]]}}, {"type": "Feature", "properties": {"OBJECTID": 7497, "SPAN": "036-011-12293", "GLIST_SPAN": "036-011-12293", "MAPID": "0870-0040.0000", "PARCID": "0870-0040-0000", "PROPTYPE": "PARCEL", "YEAR": 2023, "GLYEAR": 2022, "TOWN": "BARRE CITY", "TNAME": "Barre City", "SOURCENAME": null, "SOURCETYPE": "UNKNOWN", "SOURCEDATE": "UNKNOWN", "EDITMETHOD": "UNKNOWN", "EDITOR": "UNKNOWN", "EDITDATE": "UNKNOWN", "MATCHSTAT": "MATCH", "EDITNOTE": "UNKNOWN", "OWNER1": "ANDREWS KEVIN J", "OWNER2": "", "ADDRGL1": "40 JEFFERSON ST", "ADDRGL2": "", "CITYGL": "BARRE", "STGL": "VT", "ZIPGL": "05641-0194", "DESCPROP": "1 FAM-0.12AC", "LOCAPROP": "JEFFERSON ST  40", "CAT": "Residential-1", "RESCODE": "T", "ACRESGL": 0.12, "REAL_FLV": 108600, "HSTED_FLV": 108600, "NRES_FLV": 0, "LAND_LV": 10300, "IMPRV_LV": 98300, "EQUIPVAL": 0, "EQUIPCODE": "", "INVENVAL": 0, "HSDECL": "Y", "HSITEVAL": 108600, "VETEXAMT": 0, "EXPDESC": "", "ENDDATE": "", "STATUTE": "", "EXAMT_HS": 0, "EXAMT_NR": 0, "UVREDUC_HS": 0, "UVREDUC_NR": 0, "GLVAL_HS": 1086.0, "GLVAL_NR": 0.0, "CRHOUSPCT": 0.0, "MUNGL1PCT": 1086.0, "AOEGL_HS": 1086.0, "AOEGL_NR": 0.0, "E911ADDR": "40 JEFFERSON ST", "SHAPE_Length": 0.0009517755896706513, "SHAPE_Area": 5.3085742743008295e-08}, "geometry": {"type": "MultiPolygon", "coordinates": [[[[-72.49999336399998, 44.198679249000065], [-72.49975606199996, 44.19867179600004], [-72.49975410799993, 44.19867179600004], [-72.49975137099995, 44.198670812000046], [-72.49975606199996, 44.19867095300003], [-72.49971344999994, 44.198577157000045], [-72.49980258499994, 44.198454955000045], [-72.50007858899994, 44.19855648500004], [-72.50004965999995, 44.198591219000036], [-72.49999023699996, 44.19866265600007], [-72.49999453599997, 44.198679249000065], [-72.49999336399998, 44.198679249000065]]]]}}, {"type": "Feature", "properties": {"OBJECTID": 7501, "SPAN": "036-011-13289", "GLIST_SPAN": "036-011-13289", "MAPID": "1535-L003.0000", "PARCID": "1535-L003-0000", "PROPTYPE": "PARCEL", "YEAR": 2023, "GLYEAR": 2022, "TOWN": "BARRE CITY", "TNAME": "Barre City", "SOURCENAME": null, "SOURCETYPE": "UNKNOWN", "SOURCEDATE": "UNKNOWN", "EDITMETHOD": "UNKNOWN", "EDITOR": "UNKNOWN", "EDITDATE": "UNKNOWN", "MATCHSTAT": "MATCH", "EDITNOTE": "UNKNOWN", "OWNER1": "CITY OF BARRE", "OWNER2": "", "ADDRGL1": "6 N MAIN ST", "ADDRGL2": "", "CITYGL": "BARRE", "STGL": "VT", "ZIPGL": "05641-4115", "DESCPROP": "PLAY GROUND-MATHESON-0.38AC", "LOCAPROP": "WELLINGTON ST   3", "CAT": "Commercial", "RESCODE": "C", "ACRESGL": 0.38, "REAL_FLV": 19000, "HSTED_FLV": 0, "NRES_FLV": 19000, "LAND_LV": 19000, "IMPRV_LV": 0, "EQUIPVAL": 0, "EQUIPCODE": "", "INVENVAL": 0, "HSDECL": "N", "HSITEVAL": 0, "VETEXAMT": 0, "EXPDESC": "Statutory", "ENDDATE": "", "STATUTE": "", "EXAMT_HS": 0, "EXAMT_NR": 0, "UVREDUC_HS": 0, "UVREDUC_NR": 0, "GLVAL_HS": 0.0, "GLVAL_NR": 0.0, "CRHOUSPCT": 0.0, "MUNGL1PCT": 0.0, "AOEGL_HS": 0.0, "AOEGL_NR": 0.0, "E911ADDR": "3 WELLINGTON ST", "SHAPE_Length": 0.0018615451362370208, "SHAPE_Area": 1.701798967499402e-07}, "geometry": {"type": "MultiPolygon", "coordinates": [[[[-72.49973299399994, 44.199297853000076], [-72.50016733399997, 44.19923415100004], [-72.50006256099994, 44.19937674300007], [-72.50003597699998, 44.19941218000008], [-72.50000860999995, 44.19944410200003], [-72.49998671699996, 44.19947053900006], [-72.49995622299997, 44.199496414000066], [-72.49992260199997, 44.19952003900005], [-72.49988350699994, 44.19953944500003], [-72.49985614099995, 44.19956053800007], [-72.49982642899994, 44.19957432000007], [-72.49979358899998, 44.19958824100007], [-72.49975293099999, 44.199603007000064], [-72.49970093499996, 44.19961777200007], [-72.49966418599996, 44.19962775600004], [-72.49963369199997, 44.19963408400008], [-72.49961101699995, 44.199635631000035], [-72.49957152999997, 44.199638443000026], [-72.49953478099997, 44.199638865000054], [-72.49951797099999, 44.19963872400007], [-72.49943040199997, 44.19934242900007], [-72.49943470099998, 44.19934158600006], [-72.49973299399994, 44.199297853000076]]]]}}, {"type": "Feature", "properties": {"OBJECTID": 7525, "SPAN": "036-011-12301", "GLIST_SPAN": "036-011-12301", "MAPID": "1405-0038.0000", "PARCID": "1405-0038-0000", "PROPTYPE": "PARCEL", "YEAR": 2023, "GLYEAR": 2022, "TOWN": "BARRE CITY", "TNAME": "Barre City", "SOURCENAME": null, "SOURCETYPE": "UNKNOWN", "SOURCEDATE": "UNKNOWN", "EDITMETHOD": "UNKNOWN", "EDITOR": "UNKNOWN", "EDITDATE": "UNKNOWN", "MATCHSTAT": "MATCH", "EDITNOTE": "UNKNOWN", "OWNER1": "OUR HOUSE OF CENTRAL VERMONT INC", "OWNER2": "", "ADDRGL1": "38 SUMMER ST", "ADDRGL2": "", "CITYGL": "BARRE", "STGL": "VT", "ZIPGL": "05641", "DESCPROP": "OFFICES-0.10AC", "LOCAPROP": "SUMMER ST  38", "CAT": "Commercial", "RESCODE": "C", "ACRESGL": 0.1, "REAL_FLV": 135500, "HSTED_FLV": 0, "NRES_FLV": 135500, "LAND_LV": 24500, "IMPRV_LV": 111000, "EQUIPVAL": 0, "EQUIPCODE": "", "INVENVAL": 0, "HSDECL": "N", "HSITEVAL": 0, "VETEXAMT": 0, "EXPDESC": "Statutory", "ENDDATE": "", "STATUTE": "", "EXAMT_HS": 0, "EXAMT_NR": 0, "UVREDUC_HS": 0, "UVREDUC_NR": 0, "GLVAL_HS": 0.0, "GLVAL_NR": 0.0, "CRHOUSPCT": 0.0, "MUNGL1PCT": 0.0, "AOEGL_HS": 0.0, "AOEGL_NR": 0.0, "E911ADDR": "38 SUMMER ST", "SHAPE_Length": 0.0009012731881374934, "SHAPE_Area": 4.808470010352985e-08}, "geometry": {"type": "MultiPolygon", "coordinates": [[[[-72.50254920899994, 44.19988294400008], [-72.50255213099996, 44.19988099400007], [-72.50270057499995, 44.20000498700006], [-72.50248633899997, 44.20015180100006], [-72.50234141299995, 44.20002161800005], [-72.50254920899994, 44.19988294400008]]]]}}, {"type": "Feature", "properties": {"OBJECTID": 7546, "SPAN": "036-011-12721", "GLIST_SPAN": "036-011-12721", "MAPID": "0530-0040.0000", "PARCID": "0530-0040-0000", "PROPTYPE": "PARCEL", "YEAR": 2023, "GLYEAR": 2022, "TOWN": "BARRE CITY", "TNAME": "Barre City", "SOURCENAME": null, "SOURCETYPE": "UNKNOWN", "SOURCEDATE": "UNKNOWN", "EDITMETHOD": "UNKNOWN", "EDITOR": "UNKNOWN", "EDITDATE": "UNKNOWN", "MATCHSTAT": "MATCH", "EDITNOTE": "UNKNOWN", "OWNER1": "47 NORTH MAIN STREET LLC", "OWNER2": "", "ADDRGL1": "125 NELSON ST", "ADDRGL2": "", "CITYGL": "BARRE", "STGL": "VT", "ZIPGL": "05641", "DESCPROP": "PARKING LOT-0.13AC", "LOCAPROP": "ELM ST  40", "CAT": "Commercial", "RESCODE": "C", "ACRESGL": 0.13, "REAL_FLV": 66000, "HSTED_FLV": 0, "NRES_FLV": 66000, "LAND_LV": 60600, "IMPRV_LV": 5400, "EQUIPVAL": 0, "EQUIPCODE": "", "INVENVAL": 0, "HSDECL": "N", "HSITEVAL": 0, "VETEXAMT": 0, "EXPDESC": "", "ENDDATE": "", "STATUTE": "", "EXAMT_HS": 0, "EXAMT_NR": 0, "UVREDUC_HS": 0, "UVREDUC_NR": 0, "GLVAL_HS": 0.0, "GLVAL_NR": 660.0, "CRHOUSPCT": 0.0, "MUNGL1PCT": 660.0, "AOEGL_HS": 0.0, "AOEGL_NR": 660.0, "E911ADDR": "40 ELM ST", "SHAPE_Length": 0.0008026153272799733, "SHAPE_Area": 3.5238779404945185e-08}, "geometry": {"type": "MultiPolygon", "coordinates": [[[[-72.50099759099999, 44.19841182700003], [-72.50104479499998, 44.19833110500008], [-72.50128772099998, 44.198408835000066], [-72.50120891399996, 44.19852885900008], [-72.50096326699997, 44.19845250000003], [-72.50099759099999, 44.19841182700003]]]]}}, {"type": "Feature", "properties": {"OBJECTID": 7578, "SPAN": "036-011-12315", "GLIST_SPAN": "036-011-12315", "MAPID": "1095-0075.0000", "PARCID": "1095-0075-0000", "PROPTYPE": "PARCEL", "YEAR": 2023, "GLYEAR": 2022, "TOWN": "BARRE CITY", "TNAME": "Barre City", "SOURCENAME": null, "SOURCETYPE": "UNKNOWN", "SOURCEDATE": "UNKNOWN", "EDITMETHOD": "UNKNOWN", "EDITOR": "UNKNOWN", "EDITDATE": "UNKNOWN", "MATCHSTAT": "MATCH", "EDITNOTE": "UNKNOWN", "OWNER1": "THE SALVATION ARMY", "OWNER2": "", "ADDRGL1": "PO BOX 375", "ADDRGL2": "", "CITYGL": "BARRE", "STGL": "VT", "ZIPGL": "05641-0375", "DESCPROP": "CHURCH/CHARITABLE SERVICES/OFFICES-0.14A", "LOCAPROP": "N MAIN ST   75", "CAT": "Commercial", "RESCODE": "C", "ACRESGL": 0.14, "REAL_FLV": 301500, "HSTED_FLV": 0, "NRES_FLV": 301500, "LAND_LV": 91100, "IMPRV_LV": 210400, "EQUIPVAL": 0, "EQUIPCODE": "", "INVENVAL": 0, "HSDECL": "N", "HSITEVAL": 0, "VETEXAMT": 0, "EXPDESC": "", "ENDDATE": "", "STATUTE": "", "EXAMT_HS": 0, "EXAMT_NR": 0, "UVREDUC_HS": 0, "UVREDUC_NR": 0, "GLVAL_HS": 0.0, "GLVAL_NR": 3015.0, "CRHOUSPCT": 0.0, "MUNGL1PCT": 3015.0, "AOEGL_HS": 0.0, "AOEGL_NR": 3015.0, "E911ADDR": "75 N MAIN ST", "SHAPE_Length": 0.0012409119132393866, "SHAPE_Area": 5.591993496475996e-08}, "geometry": {"type": "MultiPolygon", "coordinates": [[[[-72.50157199699999, 44.19807376700004], [-72.50151887099997, 44.19802769100005], [-72.50144223499996, 44.19805184200004], [-72.50141947199995, 44.198058984000056], [-72.50142304299999, 44.19805180800006], [-72.50137771299995, 44.19803974800004], [-72.50137808499994, 44.19803180400004], [-72.50146827199995, 44.19798074000005], [-72.50176655799999, 44.19780828700004], [-72.50179387599997, 44.19779226800006], [-72.50190266499999, 44.19788462900004], [-72.50187224499996, 44.19790202900003], [-72.50157199699999, 44.19807376700004]]]]}}, {"type": "Feature", "properties": {"OBJECTID": 7585, "SPAN": "036-011-12317", "GLIST_SPAN": "036-011-12317", "MAPID": "0890-0012.0000", "PARCID": "0890-0012-0000", "PROPTYPE": "PARCEL", "YEAR": 2023, "GLYEAR": 2022, "TOWN": "BARRE CITY", "TNAME": "Barre City", "SOURCENAME": null, "SOURCETYPE": "UNKNOWN", "SOURCEDATE": "UNKNOWN", "EDITMETHOD": "UNKNOWN", "EDITOR": "UNKNOWN", "EDITDATE": "UNKNOWN", "MATCHSTAT": "MATCH", "EDITNOTE": "UNKNOWN", "OWNER1": "CITY OF BARRE", "OWNER2": "", "ADDRGL1": "6 N MAIN ST", "ADDRGL2": "", "CITYGL": "BARRE", "STGL": "VT", "ZIPGL": "05641", "DESCPROP": "PARKING LOT-0.26AC", "LOCAPROP": "KEITH AVE  12", "CAT": "Commercial", "RESCODE": "C", "ACRESGL": 0.26, "REAL_FLV": 126600, "HSTED_FLV": 0, "NRES_FLV": 126600, "LAND_LV": 126600, "IMPRV_LV": 0, "EQUIPVAL": 0, "EQUIPCODE": "", "INVENVAL": 0, "HSDECL": "N", "HSITEVAL": 0, "VETEXAMT": 0, "EXPDESC": "Statutory", "ENDDATE": "", "STATUTE": "", "EXAMT_HS": 0, "EXAMT_NR": 0, "UVREDUC_HS": 0, "UVREDUC_NR": 0, "GLVAL_HS": 0.0, "GLVAL_NR": 0.0, "CRHOUSPCT": 0.0, "MUNGL1PCT": 0.0, "AOEGL_HS": 0.0, "AOEGL_NR": 0.0, "E911ADDR": "12 KEITH AVE", "SHAPE_Length": 0.0019329183181988204, "SHAPE_Area": 1.1927073336723978e-07}, "geometry": {"type": "MultiPolygon", "coordinates": [[[[-72.50134250999997, 44.19895880100006], [-72.50199693499997, 44.19852581200007], [-72.50199927999995, 44.19852792100005], [-72.50214314999994, 44.19863226100006], [-72.50192188199998, 44.19876149900006], [-72.50192305499996, 44.19876220200007], [-72.50156847499994, 44.19897384500007], [-72.50144087799998, 44.19905040900005], [-72.50133361099995, 44.198964647000025], [-72.50134250999997, 44.19895880100006]]]]}}, {"type": "Feature", "properties": {"OBJECTID": 7728, "SPAN": "036-011-12377", "GLIST_SPAN": "036-011-12377", "MAPID": "0530-0078.0000", "PARCID": "0530-0078-0000", "PROPTYPE": "PARCEL", "YEAR": 2023, "GLYEAR": 2022, "TOWN": "BARRE CITY", "TNAME": "Barre City", "SOURCENAME": null, "SOURCETYPE": "UNKNOWN", "SOURCEDATE": "UNKNOWN", "EDITMETHOD": "UNKNOWN", "EDITOR": "UNKNOWN", "EDITDATE": "UNKNOWN", "MATCHSTAT": "MATCH", "EDITNOTE": "UNKNOWN", "OWNER1": "TJM GREEN MOUNTAIN INC", "OWNER2": "", "ADDRGL1": "988 PLAZA DRIVE", "ADDRGL2": "", "CITYGL": "GRASS VALLEY", "STGL": "CA", "ZIPGL": "95945", "DESCPROP": "4 APTS-0.22AC", "LOCAPROP": "ELM ST  78", "CAT": "Residential-1", "RESCODE": "C", "ACRESGL": 0.22, "REAL_FLV": 185800, "HSTED_FLV": 0, "NRES_FLV": 185800, "LAND_LV": 13200, "IMPRV_LV": 172600, "EQUIPVAL": 0, "EQUIPCODE": "", "INVENVAL": 0, "HSDECL": "N", "HSITEVAL": 0, "VETEXAMT": 0, "EXPDESC": "", "ENDDATE": "", "STATUTE": "", "EXAMT_HS": 0, "EXAMT_NR": 0, "UVREDUC_HS": 0, "UVREDUC_NR": 0, "GLVAL_HS": 0.0, "GLVAL_NR": 1858.0, "CRHOUSPCT": 0.0, "MUNGL1PCT": 1858.0, "AOEGL_HS": 0.0, "AOEGL_NR": 1858.0, "E911ADDR": "78 ELM ST", "SHAPE_Length": 0.001404200116110565, "SHAPE_Area": 1.0592761461897104e-07}, "geometry": {"type": "MultiPolygon", "coordinates": [[[[-72.49933774399994, 44.19961861400003], [-72.49931585099995, 44.19961495800004], [-72.49930920499997, 44.19963183300007], [-72.49898941099997, 44.19956053400006], [-72.49905157299997, 44.199413020000065], [-72.49943040199997, 44.19934242900007], [-72.49951797099999, 44.19963872400007], [-72.49948669499997, 44.199638443000026], [-72.49943587199994, 44.19963605200007], [-72.49939755899999, 44.19962930100007], [-72.49936628399996, 44.19962423900006], [-72.49933774399994, 44.19961861400003]]]]}}, {"type": "Feature", "properties": {"OBJECTID": 7733, "SPAN": "036-011-12792", "GLIST_SPAN": "036-011-12792", "MAPID": "0080-0011.0000", "PARCID": "0080-0011-0000", "PROPTYPE": "PARCEL", "YEAR": 2023, "GLYEAR": 2022, "TOWN": "BARRE CITY", "TNAME": "Barre City", "SOURCENAME": null, "SOURCETYPE": "UNKNOWN", "SOURCEDATE": "UNKNOWN", "EDITMETHOD": "UNKNOWN", "EDITOR": "UNKNOWN", "EDITDATE": "UNKNOWN", "MATCHSTAT": "MATCH", "EDITNOTE": "UNKNOWN", "OWNER1": "ANDERSON LEVEILLE", "OWNER2": "", "ADDRGL1": "1005 FRAZIER RD", "ADDRGL2": "", "CITYGL": "MORRISVILLE", "STGL": "VT", "ZIPGL": "05661-8566", "DESCPROP": "4 APTS-0.19AC", "LOCAPROP": "AVERILL ST  11", "CAT": "Residential-1", "RESCODE": "S", "ACRESGL": 0.19, "REAL_FLV": 245300, "HSTED_FLV": 0, "NRES_FLV": 245300, "LAND_LV": 20500, "IMPRV_LV": 224800, "EQUIPVAL": 0, "EQUIPCODE": "", "INVENVAL": 0, "HSDECL": "N", "HSITEVAL": 245300, "VETEXAMT": 0, "EXPDESC": "", "ENDDATE": "", "STATUTE": "", "EXAMT_HS": 0, "EXAMT_NR": 0, "UVREDUC_HS": 0, "UVREDUC_NR": 0, "GLVAL_HS": 0.0, "GLVAL_NR": 2453.0, "CRHOUSPCT": 0.0, "MUNGL1PCT": 2453.0, "AOEGL_HS": 0.0, "AOEGL_NR": 2453.0, "E911ADDR": "11 AVERILL ST", "SHAPE_Length": 0.0012398918115764566, "SHAPE_Area": 9.290398017269054e-08}, "geometry": {"type": "MultiPolygon", "coordinates": [[[[-72.49846224399994, 44.19807331900006], [-72.49862639099996, 44.197837314000026], [-72.49893053799997, 44.19793167500006], [-72.49876751099998, 44.198191406000035], [-72.49846224399994, 44.19807331900006]]]]}}, {"type": "Feature", "properties": {"OBJECTID": 7745, "SPAN": "036-011-12798", "GLIST_SPAN": "036-011-12798", "MAPID": "1145-0021.0000", "PARCID": "1145-0021-0000", "PROPTYPE": "PARCEL", "YEAR": 2023, "GLYEAR": 2022, "TOWN": "BARRE CITY", "TNAME": "Barre City", "SOURCENAME": null, "SOURCETYPE": "UNKNOWN", "SOURCEDATE": "UNKNOWN", "EDITMETHOD": "UNKNOWN", "EDITOR": "UNKNOWN", "EDITDATE": "UNKNOWN", "MATCHSTAT": "MATCH", "EDITNOTE": "UNKNOWN", "OWNER1": "CADMUS LAURA J", "OWNER2": "", "ADDRGL1": "21 PARK ST", "ADDRGL2": "", "CITYGL": "BARRE", "STGL": "VT", "ZIPGL": "05641", "DESCPROP": "1 FAM-0.21AC", "LOCAPROP": "PARK ST  21", "CAT": "Residential-1", "RESCODE": "T", "ACRESGL": 0.21, "REAL_FLV": 107750, "HSTED_FLV": 107750, "NRES_FLV": 0, "LAND_LV": 22200, "IMPRV_LV": 85550, "EQUIPVAL": 0, "EQUIPCODE": "", "INVENVAL": 0, "HSDECL": "Y", "HSITEVAL": 107750, "VETEXAMT": 0, "EXPDESC": "", "ENDDATE": "", "STATUTE": "", "EXAMT_HS": 0, "EXAMT_NR": 0, "UVREDUC_HS": 0, "UVREDUC_NR": 0, "GLVAL_HS": 1078.0, "GLVAL_NR": 0.0, "CRHOUSPCT": 0.0, "MUNGL1PCT": 1077.5, "AOEGL_HS": 1078.0, "AOEGL_NR": 0.0, "E911ADDR": "21 PARK ST", "SHAPE_Length": 0.0013173084831884566, "SHAPE_Area": 8.476131632754748e-08}, "geometry": {"type": "MultiPolygon", "coordinates": [[[[-72.49707385399995, 44.197818314000074], [-72.49712307099998, 44.197755795000035], [-72.49724536899998, 44.19780295900006], [-72.49729316699995, 44.19774134900007], [-72.49756991599997, 44.19785121900003], [-72.49742936399997, 44.19803302200006], [-72.49741356799996, 44.19802672600008], [-72.49702967499996, 44.19787371800004], [-72.49707385399995, 44.197818314000074]]]]}}, {"type": "Feature", "properties": {"OBJECTID": 7817, "SPAN": "036-011-12834", "GLIST_SPAN": "036-011-12834", "MAPID": "1035-VL00.0001", "PARCID": "1035-VL00-0001", "PROPTYPE": "PARCEL", "YEAR": 2023, "GLYEAR": 2022, "TOWN": "BARRE CITY", "TNAME": "Barre City", "SOURCENAME": null, "SOURCETYPE": "UNKNOWN", "SOURCEDATE": "UNKNOWN", "EDITMETHOD": "UNKNOWN", "EDITOR": "VCGI", "EDITDATE": "20231019", "MATCHSTAT": "MATCH", "EDITNOTE": "Updated SPAN per 2022 Grand List and AxisGIS app", "OWNER1": "MCCARTHY MARK N & MCCARTHY TODD G", "OWNER2": "", "ADDRGL1": "359 N MAIN ST", "ADDRGL2": "", "CITYGL": "BARRE", "STGL": "VT", "ZIPGL": "05641", "DESCPROP": "VAC LAND-0.12AC", "LOCAPROP": "MERCHANTS ROW", "CAT": "Miscellaneous", "RESCODE": "S", "ACRESGL": 0.12, "REAL_FLV": 23000, "HSTED_FLV": 0, "NRES_FLV": 23000, "LAND_LV": 23000, "IMPRV_LV": 0, "EQUIPVAL": 0, "EQUIPCODE": "", "INVENVAL": 0, "HSDECL": "N", "HSITEVAL": 0, "VETEXAMT": 0, "EXPDESC": "", "ENDDATE": "", "STATUTE": "", "EXAMT_HS": 0, "EXAMT_NR": 0, "UVREDUC_HS": 0, "UVREDUC_NR": 0, "GLVAL_HS": 0.0, "GLVAL_NR": 230.0, "CRHOUSPCT": 0.0, "MUNGL1PCT": 230.0, "AOEGL_HS": 0.0, "AOEGL_NR": 230.0, "E911ADDR": "MERCHANTS ROW", "SHAPE_Length": 0.0008841274496099661, "SHAPE_Area": 5.151520147228896e-08}, "geometry": {"type": "MultiPolygon", "coordinates": [[[[-72.50234200699998, 44.19732404000007], [-72.50234640399998, 44.197323278000056], [-72.50234757699997, 44.19732510500006], [-72.50243710799998, 44.197497088000034], [-72.50244561899996, 44.197513178000065], [-72.50227622799997, 44.19760618300006], [-72.50219038199998, 44.197518408000064], [-72.50216088899998, 44.197355508000044], [-72.50217037999994, 44.19735385900003], [-72.50234200699998, 44.19732404000007]]]]}}, {"type": "Feature", "properties": {"OBJECTID": 7819, "SPAN": "036-011-12835", "GLIST_SPAN": "036-011-12835", "MAPID": "1095-0048.0000", "PARCID": "1095-0048-0000", "PROPTYPE": "PARCEL", "YEAR": 2023, "GLYEAR": 2022, "TOWN": "BARRE CITY", "TNAME": "Barre City", "SOURCENAME": null, "SOURCETYPE": "UNKNOWN", "SOURCEDATE": "UNKNOWN", "EDITMETHOD": "UNKNOWN", "EDITOR": "VCGI", "EDITDATE": "20231019", "MATCHSTAT": "MATCH", "EDITNOTE": "Updated SPAN per 2022 Grand List and AxisGIS app", "OWNER1": "MCCARTHY MARK N & MCCARTHY TODD G", "OWNER2": "", "ADDRGL1": "359 N MAIN ST", "ADDRGL2": "", "CITYGL": "BARRE", "STGL": "VT", "ZIPGL": "05641", "DESCPROP": "RETAIL-0.14AC", "LOCAPROP": "N MAIN ST   48", "CAT": "Commercial", "RESCODE": "S", "ACRESGL": 0.14, "REAL_FLV": 378100, "HSTED_FLV": 0, "NRES_FLV": 378100, "LAND_LV": 85300, "IMPRV_LV": 292800, "EQUIPVAL": 0, "EQUIPCODE": "", "INVENVAL": 0, "HSDECL": "N", "HSITEVAL": 0, "VETEXAMT": 0, "EXPDESC": "", "ENDDATE": "", "STATUTE": "", "EXAMT_HS": 0, "EXAMT_NR": 0, "UVREDUC_HS": 0, "UVREDUC_NR": 0, "GLVAL_HS": 0.0, "GLVAL_NR": 3781.0, "CRHOUSPCT": 0.0, "MUNGL1PCT": 3781.0, "AOEGL_HS": 0.0, "AOEGL_NR": 3781.0, "E911ADDR": "48 N MAIN ST", "SHAPE_Length": 0.0010392883146961047, "SHAPE_Area": 6.125416608717032e-08}, "geometry": {"type": "MultiPolygon", "coordinates": [[[[-72.50180730999995, 44.19741694100003], [-72.50216088899998, 44.197355508000044], [-72.50219038199998, 44.197518408000064], [-72.50189878099997, 44.197604383000055], [-72.50189605699995, 44.197605098000054], [-72.50189303999997, 44.19759868600005], [-72.50188647299996, 44.19758478000006], [-72.50180730999995, 44.19741694100003]]]]}}, {"type": "Feature", "properties": {"OBJECTID": 7865, "SPAN": "036-011-12860", "GLIST_SPAN": "036-011-12860", "MAPID": "0080-0028.0000", "PARCID": "0080-0028-0000", "PROPTYPE": "PARCEL", "YEAR": 2023, "GLYEAR": 2022, "TOWN": "BARRE CITY", "TNAME": "Barre City", "SOURCENAME": null, "SOURCETYPE": "UNKNOWN", "SOURCEDATE": "UNKNOWN", "EDITMETHOD": "UNKNOWN", "EDITOR": "UNKNOWN", "EDITDATE": "UNKNOWN", "MATCHSTAT": "MATCH", "EDITNOTE": "UNKNOWN", "OWNER1": "SAWYER ARNOLD", "OWNER2": "", "ADDRGL1": "1883 EAST ROAD-BERLIN", "ADDRGL2": "", "CITYGL": "BARRE", "STGL": "VT", "ZIPGL": "05641", "DESCPROP": "2 APTS-0.27AC", "LOCAPROP": "AVERILL ST  28", "CAT": "Residential-1", "RESCODE": "S", "ACRESGL": 0.27, "REAL_FLV": 145620, "HSTED_FLV": 0, "NRES_FLV": 145620, "LAND_LV": 23220, "IMPRV_LV": 122400, "EQUIPVAL": 0, "EQUIPCODE": "", "INVENVAL": 0, "HSDECL": "N", "HSITEVAL": 0, "VETEXAMT": 0, "EXPDESC": "", "ENDDATE": "", "STATUTE": "", "EXAMT_HS": 0, "EXAMT_NR": 0, "UVREDUC_HS": 0, "UVREDUC_NR": 0, "GLVAL_HS": 0.0, "GLVAL_NR": 1456.2, "CRHOUSPCT": 0.0, "MUNGL1PCT": 1456.2, "AOEGL_HS": 0.0, "AOEGL_NR": 1456.2, "E911ADDR": "28 AVERILL ST", "SHAPE_Length": 0.0015188516564234654, "SHAPE_Area": 1.3084170293314314e-07}, "geometry": {"type": "MultiPolygon", "coordinates": [[[[-72.49787134199994, 44.198414014000036], [-72.49814891999995, 44.19806541200006], [-72.49839403499993, 44.19815457200008], [-72.49810863599998, 44.19858740700005], [-72.49809282199993, 44.19857585800003], [-72.49804187699993, 44.198537556000076], [-72.49795382799994, 44.19847096800004], [-72.49795148199996, 44.19846942000004], [-72.49787134199994, 44.198414014000036]]]]}}, {"type": "Feature", "properties": {"OBJECTID": 7869, "SPAN": "036-011-12862", "GLIST_SPAN": "036-011-12862", "MAPID": "0625-0020.0000", "PARCID": "0625-0020-0000", "PROPTYPE": "PARCEL", "YEAR": 2023, "GLYEAR": 2022, "TOWN": "BARRE CITY", "TNAME": "Barre City", "SOURCENAME": null, "SOURCETYPE": "UNKNOWN", "SOURCEDATE": "UNKNOWN", "EDITMETHOD": "UNKNOWN", "EDITOR": "UNKNOWN", "EDITDATE": "UNKNOWN", "MATCHSTAT": "MATCH", "EDITNOTE": "UNKNOWN", "OWNER1": "STEVENS WILLIAM J & TESSIE", "OWNER2": "", "ADDRGL1": "20 FRANKLIN ST", "ADDRGL2": "", "CITYGL": "BARRE", "STGL": "VT", "ZIPGL": "05641", "DESCPROP": "3 APTS-0.25AC", "LOCAPROP": "FRANKLIN ST  20", "CAT": "Residential-1", "RESCODE": "T", "ACRESGL": 0.25, "REAL_FLV": 257570, "HSTED_FLV": 0, "NRES_FLV": 257570, "LAND_LV": 25000, "IMPRV_LV": 232570, "EQUIPVAL": 0, "EQUIPCODE": "", "INVENVAL": 0, "HSDECL": "N", "HSITEVAL": 147450, "VETEXAMT": 0, "EXPDESC": "", "ENDDATE": "", "STATUTE": "", "EXAMT_HS": 0, "EXAMT_NR": 0, "UVREDUC_HS": 0, "UVREDUC_NR": 0, "GLVAL_HS": 0.0, "GLVAL_NR": 2575.7, "CRHOUSPCT": 0.0, "MUNGL1PCT": 2575.7, "AOEGL_HS": 0.0, "AOEGL_NR": 2575.7, "E911ADDR": "20 FRANKLIN ST", "SHAPE_Length": 0.0013724480673410464, "SHAPE_Area": 1.0846411759161524e-07}, "geometry": {"type": "MultiPolygon", "coordinates": [[[[-72.49945229099995, 44.19976725400005], [-72.49986278699998, 44.19973913100006], [-72.49986122299998, 44.199742506000064], [-72.49974784699998, 44.200031065000076], [-72.49973572699997, 44.20006228300008], [-72.49973494499994, 44.200064111000074], [-72.49936588799994, 44.19998508000003], [-72.49945229099995, 44.19976725400005]]]]}}, {"type": "Feature", "properties": {"OBJECTID": 7871, "SPAN": "036-011-12863", "GLIST_SPAN": "036-011-12863", "MAPID": "0625-0027.0000", "PARCID": "0625-0027-0000", "PROPTYPE": "PARCEL", "YEAR": 2023, "GLYEAR": 2022, "TOWN": "BARRE CITY", "TNAME": "Barre City", "SOURCENAME": null, "SOURCETYPE": "UNKNOWN", "SOURCEDATE": "UNKNOWN", "EDITMETHOD": "UNKNOWN", "EDITOR": "UNKNOWN", "EDITDATE": "UNKNOWN", "MATCHSTAT": "MATCH", "EDITNOTE": "UNKNOWN", "OWNER1": "STEVENS SHELLIE", "OWNER2": "", "ADDRGL1": "27 FRANKLIN ST", "ADDRGL2": "", "CITYGL": "BARRE", "STGL": "VT", "ZIPGL": "05641-3667", "DESCPROP": "1 FAM-0.19AC", "LOCAPROP": "FRANKLIN ST  27", "CAT": "Residential-1", "RESCODE": "T", "ACRESGL": 0.19, "REAL_FLV": 147600, "HSTED_FLV": 147600, "NRES_FLV": 0, "LAND_LV": 20500, "IMPRV_LV": 127100, "EQUIPVAL": 0, "EQUIPCODE": "", "INVENVAL": 0, "HSDECL": "Y", "HSITEVAL": 147600, "VETEXAMT": 0, "EXPDESC": "", "ENDDATE": "", "STATUTE": "", "EXAMT_HS": 0, "EXAMT_NR": 0, "UVREDUC_HS": 0, "UVREDUC_NR": 0, "GLVAL_HS": 1476.0, "GLVAL_NR": 0.0, "CRHOUSPCT": 0.0, "MUNGL1PCT": 1476.0, "AOEGL_HS": 1476.0, "AOEGL_NR": 0.0, "E911ADDR": "27 FRANKLIN ST", "SHAPE_Length": 0.0011868723182248803, "SHAPE_Area": 8.516816022390674e-08}, "geometry": {"type": "MultiPolygon", "coordinates": [[[[-72.49878923599994, 44.200034575000075], [-72.49889010599998, 44.19979678100003], [-72.49921576499997, 44.199865970000076], [-72.49911841499994, 44.20010517000003], [-72.49911802399998, 44.20010601400003], [-72.49878923599994, 44.200034575000075]]]]}}, {"type": "Feature", "properties": {"OBJECTID": 7915, "SPAN": "036-011-12885", "GLIST_SPAN": "036-011-12885", "MAPID": "1405-0036.0000", "PARCID": "1405-0036-0000", "PROPTYPE": "PARCEL", "YEAR": 2023, "GLYEAR": 2022, "TOWN": "BARRE CITY", "TNAME": "Barre City", "SOURCENAME": null, "SOURCETYPE": "UNKNOWN", "SOURCEDATE": "UNKNOWN", "EDITMETHOD": "UNKNOWN", "EDITOR": "UNKNOWN", "EDITDATE": "UNKNOWN", "MATCHSTAT": "MATCH", "EDITNOTE": "UNKNOWN", "OWNER1": "HOME AGAIN WITH PRIDE LLC", "OWNER2": "", "ADDRGL1": "PO BOX 969", "ADDRGL2": "", "CITYGL": "BARRE", "STGL": "VT", "ZIPGL": "05641-0969", "DESCPROP": "OFFICES/APT-0.10AC", "LOCAPROP": "SUMMER ST  36", "CAT": "Commercial", "RESCODE": "C", "ACRESGL": 0.1, "REAL_FLV": 177600, "HSTED_FLV": 0, "NRES_FLV": 177600, "LAND_LV": 27600, "IMPRV_LV": 150000, "EQUIPVAL": 0, "EQUIPCODE": "", "INVENVAL": 0, "HSDECL": "N", "HSITEVAL": 0, "VETEXAMT": 0, "EXPDESC": "", "ENDDATE": "", "STATUTE": "", "EXAMT_HS": 0, "EXAMT_NR": 0, "UVREDUC_HS": 0, "UVREDUC_NR": 0, "GLVAL_HS": 0.0, "GLVAL_NR": 1776.0, "CRHOUSPCT": 0.0, "MUNGL1PCT": 1776.0, "AOEGL_HS": 0.0, "AOEGL_NR": 1776.0, "E911ADDR": "36 SUMMER ST", "SHAPE_Length": 0.0008453844703472721, "SHAPE_Area": 4.101217011764023e-08}, "geometry": {"type": "MultiPolygon", "coordinates": [[[[-72.50220639399998, 44.19990454800006], [-72.50241593999993, 44.19978002100004], [-72.50255213099996, 44.19988099400007], [-72.50254920899994, 44.19988294400008], [-72.50234141299995, 44.20002161800005], [-72.50222135599995, 44.19991937800006], [-72.50220639399998, 44.19990454800006]]]]}}, {"type": "Feature", "properties": {"OBJECTID": 7975, "SPAN": "036-011-12916", "GLIST_SPAN": "036-011-12916", "MAPID": "1405-0009.0000", "PARCID": "1405-0009-0000", "PROPTYPE": "PARCEL", "YEAR": 2023, "GLYEAR": 2022, "TOWN": "BARRE CITY", "TNAME": "Barre City", "SOURCENAME": null, "SOURCETYPE": "UNKNOWN", "SOURCEDATE": "UNKNOWN", "EDITMETHOD": "UNKNOWN", "EDITOR": "UNKNOWN", "EDITDATE": "UNKNOWN", "MATCHSTAT": "MATCH", "EDITNOTE": "UNKNOWN", "OWNER1": "SET ONE PROPERTIES LLC", "OWNER2": "C/O STEVE TERRILL", "ADDRGL1": "615 THAYER BEACH RD", "ADDRGL2": "", "CITYGL": "COLCHESTER", "STGL": "VT", "ZIPGL": "05446-6527", "DESCPROP": "7 APTS-0.16AC", "LOCAPROP": "SUMMER ST   9", "CAT": "Commercial Apt", "RESCODE": "C", "ACRESGL": 0.16, "REAL_FLV": 233600, "HSTED_FLV": 0, "NRES_FLV": 233600, "LAND_LV": 17600, "IMPRV_LV": 216000, "EQUIPVAL": 0, "EQUIPCODE": "", "INVENVAL": 0, "HSDECL": "N", "HSITEVAL": 0, "VETEXAMT": 0, "EXPDESC": "", "ENDDATE": "", "STATUTE": "", "EXAMT_HS": 0, "EXAMT_NR": 0, "UVREDUC_HS": 0, "UVREDUC_NR": 0, "GLVAL_HS": 0.0, "GLVAL_NR": 2336.0, "CRHOUSPCT": 0.0, "MUNGL1PCT": 2336.0, "AOEGL_HS": 0.0, "AOEGL_NR": 2336.0, "E911ADDR": "9 SUMMER ST", "SHAPE_Length": 0.0011209585057714436, "SHAPE_Area": 7.227763396091916e-08}, "geometry": {"type": "MultiPolygon", "coordinates": [[[[-72.50054029999995, 44.19966305100007], [-72.50075961899995, 44.199411756000075], [-72.50095470199994, 44.19947770700003], [-72.50095352999995, 44.199480238000035], [-72.50078425299995, 44.19974756600004], [-72.50053834599998, 44.19966530100004], [-72.50054029999995, 44.19966305100007]]]]}}, {"type": "Feature", "properties": {"OBJECTID": 7977, "SPAN": "036-011-12917", "GLIST_SPAN": "036-011-12917", "MAPID": "0530-0051.0000", "PARCID": "0530-0051-0000", "PROPTYPE": "PARCEL", "YEAR": 2023, "GLYEAR": 2022, "TOWN": "BARRE CITY", "TNAME": "Barre City", "SOURCENAME": null, "SOURCETYPE": "UNKNOWN", "SOURCEDATE": "UNKNOWN", "EDITMETHOD": "UNKNOWN", "EDITOR": "UNKNOWN", "EDITDATE": "UNKNOWN", "MATCHSTAT": "MATCH", "EDITNOTE": "UNKNOWN", "OWNER1": "TEWKSBURY SCOTT & MONIQUE", "OWNER2": "", "ADDRGL1": "27 PLATINUM PLAIN", "ADDRGL2": "", "CITYGL": "BARRE", "STGL": "VT", "ZIPGL": "05641", "DESCPROP": "3 APTS-0.11AC", "LOCAPROP": "ELM ST  51", "CAT": "Residential-1", "RESCODE": "S", "ACRESGL": 0.11, "REAL_FLV": 191500, "HSTED_FLV": 0, "NRES_FLV": 191500, "LAND_LV": 9600, "IMPRV_LV": 181900, "EQUIPVAL": 0, "EQUIPCODE": "", "INVENVAL": 0, "HSDECL": "N", "HSITEVAL": 0, "VETEXAMT": 0, "EXPDESC": "", "ENDDATE": "", "STATUTE": "", "EXAMT_HS": 0, "EXAMT_NR": 0, "UVREDUC_HS": 0, "UVREDUC_NR": 0, "GLVAL_HS": 0.0, "GLVAL_NR": 1915.0, "CRHOUSPCT": 0.0, "MUNGL1PCT": 1915.0, "AOEGL_HS": 0.0, "AOEGL_NR": 1915.0, "E911ADDR": "51 ELM ST", "SHAPE_Length": 0.0011550075944762785, "SHAPE_Area": 4.7316627087933325e-08}, "geometry": {"type": "MultiPolygon", "coordinates": [[[[-72.50007858899994, 44.19855648500004], [-72.50011494599994, 44.19851289200005], [-72.50056335699998, 44.19865942000007], [-72.50056257499995, 44.19866068600004], [-72.50049025099997, 44.19874688900006], [-72.50004965999995, 44.198591219000036], [-72.50007858899994, 44.19855648500004]]]]}}, {"type": "Feature", "properties": {"OBJECTID": 7979, "SPAN": "036-011-12918", "GLIST_SPAN": "036-011-12918", "MAPID": "0530-0057.0000", "PARCID": "0530-0057-0000", "PROPTYPE": "PARCEL", "YEAR": 2023, "GLYEAR": 2022, "TOWN": "BARRE CITY", "TNAME": "Barre City", "SOURCENAME": null, "SOURCETYPE": "UNKNOWN", "SOURCEDATE": "UNKNOWN", "EDITMETHOD": "UNKNOWN", "EDITOR": "UNKNOWN", "EDITDATE": "UNKNOWN", "MATCHSTAT": "MATCH", "EDITNOTE": "UNKNOWN", "OWNER1": "TEWKSBURY SCOTT P & MONIQUE M", "OWNER2": "", "ADDRGL1": "27 PLATINUM PLAIN", "ADDRGL2": "", "CITYGL": "BARRE", "STGL": "VT", "ZIPGL": "05641", "DESCPROP": "5 APTS-0.26AC", "LOCAPROP": "ELM ST  57", "CAT": "Commercial Apt", "RESCODE": "S", "ACRESGL": 0.26, "REAL_FLV": 219000, "HSTED_FLV": 0, "NRES_FLV": 219000, "LAND_LV": 19000, "IMPRV_LV": 200000, "EQUIPVAL": 0, "EQUIPCODE": "", "INVENVAL": 0, "HSDECL": "N", "HSITEVAL": 0, "VETEXAMT": 0, "EXPDESC": "", "ENDDATE": "", "STATUTE": "", "EXAMT_HS": 0, "EXAMT_NR": 0, "UVREDUC_HS": 0, "UVREDUC_NR": 0, "GLVAL_HS": 0.0, "GLVAL_NR": 2190.0, "CRHOUSPCT": 0.0, "MUNGL1PCT": 2190.0, "AOEGL_HS": 0.0, "AOEGL_NR": 2190.0, "E911ADDR": "57 ELM ST", "SHAPE_Length": 0.0013754365856956828, "SHAPE_Area": 1.1437293319414727e-07}, "geometry": {"type": "MultiPolygon", "coordinates": [[[[-72.50002542099998, 44.198873029000026], [-72.50001642899997, 44.19882043600006], [-72.50001447499994, 44.198820717000046], [-72.50001525699997, 44.19881931100008], [-72.50001447499994, 44.19881453000005], [-72.49999492799998, 44.19868037400005], [-72.49999453599997, 44.198679249000065], [-72.49999023699996, 44.19866265600007], [-72.50004965999995, 44.198591219000036], [-72.50049025099997, 44.19874688900006], [-72.50029008999996, 44.198985950000065], [-72.50002542099998, 44.198873029000026]]]]}}, {"type": "Feature", "properties": {"OBJECTID": 7983, "SPAN": "036-011-12921", "GLIST_SPAN": "036-011-12921", "MAPID": "0890-0035.0000", "PARCID": "0890-0035-0000", "PROPTYPE": "PARCEL", "YEAR": 2023, "GLYEAR": 2022, "TOWN": "BARRE CITY", "TNAME": "Barre City", "SOURCENAME": null, "SOURCETYPE": "UNKNOWN", "SOURCEDATE": "UNKNOWN", "EDITMETHOD": "UNKNOWN", "EDITOR": "UNKNOWN", "EDITDATE": "UNKNOWN", "MATCHSTAT": "MATCH", "EDITNOTE": "UNKNOWN", "OWNER1": "HAVILAND PROPERTY MANAGEMENT LLC", "OWNER2": "", "ADDRGL1": "4 CUMMINGS ST", "ADDRGL2": "", "CITYGL": "MONTPELIER", "STGL": "VT", "ZIPGL": "05602", "DESCPROP": "6 APTS-0.11AC", "LOCAPROP": "KEITH AVE  35", "CAT": "Commercial Apt", "RESCODE": "C", "ACRESGL": 0.11, "REAL_FLV": 160300, "HSTED_FLV": 0, "NRES_FLV": 160300, "LAND_LV": 49100, "IMPRV_LV": 111200, "EQUIPVAL": 0, "EQUIPCODE": "", "INVENVAL": 0, "HSDECL": "N", "HSITEVAL": 0, "VETEXAMT": 0, "EXPDESC": "", "ENDDATE": "", "STATUTE": "", "EXAMT_HS": 0, "EXAMT_NR": 0, "UVREDUC_HS": 0, "UVREDUC_NR": 0, "GLVAL_HS": 0.0, "GLVAL_NR": 1603.0, "CRHOUSPCT": 0.0, "MUNGL1PCT": 1603.0, "AOEGL_HS": 0.0, "AOEGL_NR": 1603.0, "E911ADDR": "35 KEITH AVE", "SHAPE_Length": 0.0009603518441681939, "SHAPE_Area": 4.835518132324796e-08}, "geometry": {"type": "MultiPolygon", "coordinates": [[[[-72.50061027599997, 44.19920925900004], [-72.50080105399996, 44.198994103000075], [-72.50100121899999, 44.199090710000064], [-72.50075297099994, 44.19925510100006], [-72.50075218899997, 44.19925566400008], [-72.50075140699994, 44.199255383000036], [-72.50061066599994, 44.199211227000035], [-72.50060910199994, 44.19921066500007], [-72.50061027599997, 44.19920925900004]]]]}}, {"type": "Feature", "properties": {"OBJECTID": 8145, "SPAN": "036-011-13768", "GLIST_SPAN": "036-011-13768", "MAPID": "1160-0025.0000", "PARCID": "1160-0025-0000", "PROPTYPE": "PARCEL", "YEAR": 2023, "GLYEAR": 2022, "TOWN": "BARRE CITY", "TNAME": "Barre City", "SOURCENAME": null, "SOURCETYPE": "UNKNOWN", "SOURCEDATE": "UNKNOWN", "EDITMETHOD": "UNKNOWN", "EDITOR": "UNKNOWN", "EDITDATE": "UNKNOWN", "MATCHSTAT": "MATCH", "EDITNOTE": "UNKNOWN", "OWNER1": "CITY OF BARRE", "OWNER2": "", "ADDRGL1": "6 N MAIN ST", "ADDRGL2": "", "CITYGL": "BARRE", "STGL": "VT", "ZIPGL": "05641", "DESCPROP": "PARKING LOT-0.40AC", "LOCAPROP": "PEARL ST  25 (OLD SUNSHINE LAUNDRY LOT", "CAT": "Commercial", "RESCODE": "C", "ACRESGL": 0.4, "REAL_FLV": 194800, "HSTED_FLV": 0, "NRES_FLV": 194800, "LAND_LV": 194800, "IMPRV_LV": 0, "EQUIPVAL": 0, "EQUIPCODE": "", "INVENVAL": 0, "HSDECL": "N", "HSITEVAL": 0, "VETEXAMT": 0, "EXPDESC": "Statutory", "ENDDATE": "", "STATUTE": "", "EXAMT_HS": 0, "EXAMT_NR": 0, "UVREDUC_HS": 0, "UVREDUC_NR": 0, "GLVAL_HS": 0.0, "GLVAL_NR": 0.0, "CRHOUSPCT": 0.0, "MUNGL1PCT": 0.0, "AOEGL_HS": 0.0, "AOEGL_NR": 0.0, "E911ADDR": "PEARL ST", "SHAPE_Length": 0.0019642213561035194, "SHAPE_Area": 1.7553030988340994e-07}, "geometry": {"type": "MultiPolygon", "coordinates": [[[[-72.50187732799998, 44.19920502600007], [-72.50156847499994, 44.19897384500007], [-72.50192305499996, 44.19876220200007], [-72.50223073399997, 44.19898522500006], [-72.50220769499998, 44.198999196000045], [-72.50235667499999, 44.199115541000026], [-72.50222996099995, 44.19919700400004], [-72.50208139799997, 44.19908858600007], [-72.50187967399995, 44.199203761000035], [-72.50187732799998, 44.19920502600007]]]]}}, {"type": "Feature", "properties": {"OBJECTID": 8202, "SPAN": "036-011-13919", "GLIST_SPAN": "036-011-13919", "MAPID": "1095-0105.0001", "PARCID": "1095-0105-0001", "PROPTYPE": "PARCEL", "YEAR": 2023, "GLYEAR": 2022, "TOWN": "BARRE CITY", "TNAME": "Barre City", "SOURCENAME": null, "SOURCETYPE": "UNKNOWN", "SOURCEDATE": "UNKNOWN", "EDITMETHOD": "UNKNOWN", "EDITOR": "VCGI", "EDITDATE": "20231019", "MATCHSTAT": "MATCH", "EDITNOTE": "Updated SPAN per 2022 Grand List and AxisGIS app", "OWNER1": "47 NORTH MAIN STREET LLC", "OWNER2": "", "ADDRGL1": "125 NELSON ST", "ADDRGL2": "", "CITYGL": "BARRE", "STGL": "VT", "ZIPGL": "05641", "DESCPROP": "VAC LAND-0.06AC", "LOCAPROP": "ELM ST OFF (FLAG LOT)", "CAT": "Miscellaneous", "RESCODE": "C", "ACRESGL": 0.06, "REAL_FLV": 35933, "HSTED_FLV": 0, "NRES_FLV": 35933, "LAND_LV": 35933, "IMPRV_LV": 0, "EQUIPVAL": 0, "EQUIPCODE": "", "INVENVAL": 0, "HSDECL": "N", "HSITEVAL": 0, "VETEXAMT": 0, "EXPDESC": "", "ENDDATE": "", "STATUTE": "", "EXAMT_HS": 0, "EXAMT_NR": 0, "UVREDUC_HS": 0, "UVREDUC_NR": 0, "GLVAL_HS": 0.0, "GLVAL_NR": 359.33, "CRHOUSPCT": 0.0, "MUNGL1PCT": 359.33, "AOEGL_HS": 0.0, "AOEGL_NR": 359.33, "E911ADDR": "00 ELM ST", "SHAPE_Length": 0.0011049223513489703, "SHAPE_Area": 2.8341663305425005e-08}, "geometry": {"type": "MultiPolygon", "coordinates": [[[[-72.50106213299995, 44.19830145700007], [-72.50106283899999, 44.19830032200008], [-72.50106338699999, 44.19830050100006], [-72.50142729099997, 44.19841921300008], [-72.50130785999994, 44.19855895200004], [-72.50120891399996, 44.19852885900008], [-72.50128772099998, 44.198408835000066], [-72.50104479499998, 44.19833110500008], [-72.50105376299996, 44.19831576900003], [-72.50106213299995, 44.19830145700007]]]]}}, {"type": "Feature", "properties": {"OBJECTID": 184138, "SPAN": null, "GLIST_SPAN": null, "MAPID": "0350-0144.0000", "PARCID": null, "PROPTYPE": "PARCEL", "YEAR": 2023, "GLYEAR": null, "TOWN": "BARRE CITY", "TNAME": null, "SOURCENAME": null, "SOURCETYPE": "UNKNOWN", "SOURCEDATE": "UNKNOWN", "EDITMETHOD": "UNKNOWN", "EDITOR": "UNKNOWN", "EDITDATE": "UNKNOWN", "MATCHSTAT": "UNMATCHED", "EDITNOTE": "UNKNOWN", "OWNER1": null, "OWNER2": null, "ADDRGL1": null, "ADDRGL2": null, "CITYGL": null, "STGL": null, "ZIPGL": null, "DESCPROP": null, "LOCAPROP": null, "CAT": null, "RESCODE": null, "ACRESGL": null, "REAL_FLV": null, "HSTED_FLV": null, "NRES_FLV": null, "LAND_LV": null, "IMPRV_LV": null, "EQUIPVAL": null, "EQUIPCODE": null, "INVENVAL": null, "HSDECL": null, "HSITEVAL": null, "VETEXAMT": null, "EXPDESC": null, "ENDDATE": null, "STATUTE": null, "EXAMT_HS": null, "EXAMT_NR": null, "UVREDUC_HS": null, "UVREDUC_NR": null, "GLVAL_HS": null, "GLVAL_NR": null, "CRHOUSPCT": null, "MUNGL1PCT": null, "AOEGL_HS": null, "AOEGL_NR": null, "E911ADDR": null, "SHAPE_Length": 0.0006455167907324109, "SHAPE_Area": 2.416857379951947e-08}, "geometry": {"type": "MultiPolygon", "coordinates": [[[[-72.49932486699998, 44.19755889900006], [-72.49939093499995, 44.19744190000006], [-72.49957780099999, 44.19750658800007], [-72.49957701899996, 44.197508276000065], [-72.49950782299999, 44.19760868000003], [-72.49932486699998, 44.19755889900006]]]]}}, {"type": "Feature", "properties": {"OBJECTID": 184139, "SPAN": null, "GLIST_SPAN": null, "MAPID": "0350-0150.0000", "PARCID": null, "PROPTYPE": "PARCEL", "YEAR": 2023, "GLYEAR": null, "TOWN": "BARRE CITY", "TNAME": null, "SOURCENAME": null, "SOURCETYPE": "UNKNOWN", "SOURCEDATE": "UNKNOWN", "EDITMETHOD": "UNKNOWN", "EDITOR": "UNKNOWN", "EDITDATE": "UNKNOWN", "MATCHSTAT": "UNMATCHED", "EDITNOTE": "UNKNOWN", "OWNER1": null, "OWNER2": null, "ADDRGL1": null, "ADDRGL2": null, "CITYGL": null, "STGL": null, "ZIPGL": null, "DESCPROP": null, "LOCAPROP": null, "CAT": null, "RESCODE": null, "ACRESGL": null, "REAL_FLV": null, "HSTED_FLV": null, "NRES_FLV": null, "LAND_LV": null, "IMPRV_LV": null, "EQUIPVAL": null, "EQUIPCODE": null, "INVENVAL": null, "HSDECL": null, "HSITEVAL": null, "VETEXAMT": null, "EXPDESC": null, "ENDDATE": null, "STATUTE": null, "EXAMT_HS": null, "EXAMT_NR": null, "UVREDUC_HS": null, "UVREDUC_NR": null, "GLVAL_HS": null, "GLVAL_NR": null, "CRHOUSPCT": null, "MUNGL1PCT": null, "AOEGL_HS": null, "AOEGL_NR": null, "E911ADDR": null, "SHAPE_Length": 0.001189534152417954, "SHAPE_Area": 5.8966257182295545e-08}, "geometry": {"type": "MultiPolygon", "coordinates": [[[[-72.49928264499994, 44.19763328800008], [-72.49932486699998, 44.19755889900006], [-72.49950782299999, 44.19760868000003], [-72.49957701899996, 44.197508276000065], [-72.49957780099999, 44.19750658800007], [-72.49966771499999, 44.19753921300003], [-72.49975762999998, 44.19757169700006], [-72.49963917599996, 44.197758726000075], [-72.49963800299997, 44.19775830400005], [-72.49928264499994, 44.19763328800008]]]]}}, {"type": "Feature", "properties": {"OBJECTID": 184150, "SPAN": null, "GLIST_SPAN": null, "MAPID": "0350-0152.0000", "PARCID": null, "PROPTYPE": "PARCEL", "YEAR": 2023, "GLYEAR": null, "TOWN": "BARRE CITY", "TNAME": null, "SOURCENAME": null, "SOURCETYPE": "UNKNOWN", "SOURCEDATE": "UNKNOWN", "EDITMETHOD": "UNKNOWN", "EDITOR": "UNKNOWN", "EDITDATE": "UNKNOWN", "MATCHSTAT": "UNMATCHED", "EDITNOTE": "UNKNOWN", "OWNER1": null, "OWNER2": null, "ADDRGL1": null, "ADDRGL2": null, "CITYGL": null, "STGL": null, "ZIPGL": null, "DESCPROP": null, "LOCAPROP": null, "CAT": null, "RESCODE": null, "ACRESGL": null, "REAL_FLV": null, "HSTED_FLV": null, "NRES_FLV": null, "LAND_LV": null, "IMPRV_LV": null, "EQUIPVAL": null, "EQUIPCODE": null, "INVENVAL": null, "HSDECL": null, "HSITEVAL": null, "VETEXAMT": null, "EXPDESC": null, "ENDDATE": null, "STATUTE": null, "EXAMT_HS": null, "EXAMT_NR": null, "UVREDUC_HS": null, "UVREDUC_NR": null, "GLVAL_HS": null, "GLVAL_NR": null, "CRHOUSPCT": null, "MUNGL1PCT": null, "AOEGL_HS": null, "AOEGL_NR": null, "E911ADDR": null, "SHAPE_Length": 0.0010617959135744055, "SHAPE_Area": 5.749478065855624e-08}, "geometry": {"type": "MultiPolygon", "coordinates": [[[[-72.49920680199995, 44.197766037000065], [-72.49928264499994, 44.19763328800008], [-72.49963800299997, 44.19775830400005], [-72.49963917599996, 44.197758726000075], [-72.49962119299994, 44.197787694000056], [-72.49956137899994, 44.19788360000007], [-72.49955512399998, 44.19789274000004], [-72.49920601999997, 44.19776786500006], [-72.49920680199995, 44.197766037000065]]]]}}, {"type": "Feature", "properties": {"OBJECTID": 4229, "SPAN": "036-011-10053", "GLIST_SPAN": "036-011-10053", "MAPID": "0785-0027.0000", "PARCID": "0785-0027-0000", "PROPTYPE": "PARCEL", "YEAR": 2023, "GLYEAR": 2022, "TOWN": "BARRE CITY", "TNAME": "Barre City", "SOURCENAME": null, "SOURCETYPE": "UNKNOWN", "SOURCEDATE": "UNKNOWN", "EDITMETHOD": "UNKNOWN", "EDITOR": "UNKNOWN", "EDITDATE": "UNKNOWN", "MATCHSTAT": "MATCH", "EDITNOTE": "UNKNOWN", "OWNER1": "MEYERZON MARK & SULLIVAN FIONA", "OWNER2": "", "ADDRGL1": "34 ELM ST  # 2", "ADDRGL2": "", "CITYGL": "MONTPELIER", "STGL": "VT", "ZIPGL": "05602", "DESCPROP": "3 APTS-0.28AC", "LOCAPROP": "HIGHLAND AVE  27", "CAT": "Residential-1", "RESCODE": "S", "ACRESGL": 0.28, "REAL_FLV": 178900, "HSTED_FLV": 0, "NRES_FLV": 178900, "LAND_LV": 21600, "IMPRV_LV": 157300, "EQUIPVAL": 0, "EQUIPCODE": "", "INVENVAL": 0, "HSDECL": "N", "HSITEVAL": 178900, "VETEXAMT": 0, "EXPDESC": "", "ENDDATE": "", "STATUTE": "", "EXAMT_HS": 0, "EXAMT_NR": 0, "UVREDUC_HS": 0, "UVREDUC_NR": 0, "GLVAL_HS": 0.0, "GLVAL_NR": 1789.0, "CRHOUSPCT": 0.0, "MUNGL1PCT": 1789.0, "AOEGL_HS": 0.0, "AOEGL_NR": 1789.0, "E911ADDR": "27 HIGHLAND AVE", "SHAPE_Length": 0.0015482566211281314, "SHAPE_Area": 1.2791464449924294e-07}, "geometry": {"type": "MultiPolygon", "coordinates": [[[[-72.49491840899998, 44.19576386600005], [-72.49510802099996, 44.19558823500006], [-72.49555521599996, 44.19583631300003], [-72.49555247999996, 44.195838845000026], [-72.49536052199994, 44.19601630400007], [-72.49491606399994, 44.19576597500003], [-72.49491840899998, 44.19576386600005]]]]}}, {"type": "Feature", "properties": {"OBJECTID": 4253, "SPAN": "036-011-10065", "GLIST_SPAN": "036-011-10065", "MAPID": "0460-0009.0000", "PARCID": "0460-0009-0000", "PROPTYPE": "PARCEL", "YEAR": 2023, "GLYEAR": 2022, "TOWN": "BARRE CITY", "TNAME": "Barre City", "SOURCENAME": null, "SOURCETYPE": "UNKNOWN", "SOURCEDATE": "UNKNOWN", "EDITMETHOD": "UNKNOWN", "EDITOR": "UNKNOWN", "EDITDATE": "UNKNOWN", "MATCHSTAT": "MATCH", "EDITNOTE": "UNKNOWN", "OWNER1": "MELENDY NATHAN", "OWNER2": "", "ADDRGL1": "9 DELMONT AVE", "ADDRGL2": "", "CITYGL": "BARRE", "STGL": "VT", "ZIPGL": "05641", "DESCPROP": "1 FAM-0.29AC", "LOCAPROP": "DELMONT AVE   9", "CAT": "Residential-1", "RESCODE": "T", "ACRESGL": 0.29, "REAL_FLV": 147120, "HSTED_FLV": 147120, "NRES_FLV": 0, "LAND_LV": 34900, "IMPRV_LV": 112220, "EQUIPVAL": 0, "EQUIPCODE": "", "INVENVAL": 0, "HSDECL": "Y", "HSITEVAL": 147120, "VETEXAMT": 0, "EXPDESC": "", "ENDDATE": "", "STATUTE": "", "EXAMT_HS": 0, "EXAMT_NR": 0, "UVREDUC_HS": 0, "UVREDUC_NR": 0, "GLVAL_HS": 1471.0, "GLVAL_NR": 0.0, "CRHOUSPCT": 0.0, "MUNGL1PCT": 1471.2, "AOEGL_HS": 1471.0, "AOEGL_NR": 0.0, "E911ADDR": "9 DELMONT AVE", "SHAPE_Length": 0.0014945367681584742, "SHAPE_Area": 1.1990014339623492e-07}, "geometry": {"type": "MultiPolygon", "coordinates": [[[[-72.49136293799995, 44.19597908900005], [-72.49153542299996, 44.19578960700005], [-72.49197952399999, 44.19600192900003], [-72.49181051699998, 44.19618865000007], [-72.49180582599996, 44.19618654100003], [-72.49136293799995, 44.19597908900005]]]]}}, {"type": "Feature", "properties": {"OBJECTID": 4316, "SPAN": "036-011-10515", "GLIST_SPAN": "036-011-10515", "MAPID": "0450-0015.0000", "PARCID": "0450-0015-0000", "PROPTYPE": "PARCEL", "YEAR": 2023, "GLYEAR": 2022, "TOWN": "BARRE CITY", "TNAME": "Barre City", "SOURCENAME": null, "SOURCETYPE": "UNKNOWN", "SOURCEDATE": "UNKNOWN", "EDITMETHOD": "UNKNOWN", "EDITOR": "UNKNOWN", "EDITDATE": "UNKNOWN", "MATCHSTAT": "MATCH", "EDITNOTE": "UNKNOWN", "OWNER1": "DESHLER JAMES A & OWCZARSKI DANIELLE B", "OWNER2": "", "ADDRGL1": "15 CURRIER ST", "ADDRGL2": "", "CITYGL": "BARRE", "STGL": "VT", "ZIPGL": "05641", "DESCPROP": "1 FAM-0.33AC", "LOCAPROP": "CURRIER ST  15", "CAT": "Residential-1", "RESCODE": "T", "ACRESGL": 0.33, "REAL_FLV": 183700, "HSTED_FLV": 183700, "NRES_FLV": 0, "LAND_LV": 31300, "IMPRV_LV": 152400, "EQUIPVAL": 0, "EQUIPCODE": "", "INVENVAL": 0, "HSDECL": "Y", "HSITEVAL": 183700, "VETEXAMT": 0, "EXPDESC": "", "ENDDATE": "", "STATUTE": "", "EXAMT_HS": 0, "EXAMT_NR": 0, "UVREDUC_HS": 0, "UVREDUC_NR": 0, "GLVAL_HS": 1837.0, "GLVAL_NR": 0.0, "CRHOUSPCT": 0.0, "MUNGL1PCT": 1837.0, "AOEGL_HS": 1837.0, "AOEGL_NR": 0.0, "E911ADDR": "15 CURRIER ST", "SHAPE_Length": 0.0020160613528012626, "SHAPE_Area": 1.789585215571709e-07}, "geometry": {"type": "MultiPolygon", "coordinates": [[[[-72.49350903299995, 44.19668094300005], [-72.49351997899998, 44.19668094300005], [-72.49353092499996, 44.19668150600006], [-72.49356180799998, 44.196684180000034], [-72.49361340999997, 44.196691214000055], [-72.49367243799998, 44.19670443600006], [-72.49377603299996, 44.196727785000064], [-72.49384874299994, 44.19675099300008], [-72.49390347099995, 44.19677265100006], [-72.49396523499996, 44.19679417000003], [-72.49403559999996, 44.19682342300007], [-72.49409110899995, 44.19685267600005], [-72.49415404499996, 44.19688516300005], [-72.49426897099994, 44.19695266800005], [-72.49408678099996, 44.19711789200005], [-72.49406175899998, 44.19714207800007], [-72.49405355099998, 44.19713757800008], [-72.49365990499996, 44.19692633900007], [-72.49366655199998, 44.19691973100004], [-72.49352973499998, 44.19684238000008], [-72.49340777299994, 44.19676967100003], [-72.49339643599995, 44.19676390500007], [-72.49344687199994, 44.19671764200007], [-72.49347032999998, 44.19669542500003], [-72.49347502099994, 44.196691488000056], [-72.49347971299994, 44.196689098000036], [-72.49348713999996, 44.196686286000045], [-72.49349613199996, 44.19668361400005], [-72.49350355999997, 44.19668192700004], [-72.49350903299995, 44.19668094300005]]]]}}, {"type": "Feature", "properties": {"OBJECTID": 4410, "SPAN": "036-011-10828", "GLIST_SPAN": "036-011-10828", "MAPID": "0385-VL00.0001", "PARCID": "0385-VL00-0001", "PROPTYPE": "PARCEL", "YEAR": 2023, "GLYEAR": 2022, "TOWN": "BARRE CITY", "TNAME": "Barre City", "SOURCENAME": null, "SOURCETYPE": "UNKNOWN", "SOURCEDATE": "UNKNOWN", "EDITMETHOD": "UNKNOWN", "EDITOR": "UNKNOWN", "EDITDATE": "UNKNOWN", "MATCHSTAT": "MATCH", "EDITNOTE": "UNKNOWN", "OWNER1": "CORMIER LARRY F & BARBARA J", "OWNER2": "", "ADDRGL1": "1 MAPLE GROVE ST", "ADDRGL2": "", "CITYGL": "BARRE", "STGL": "VT", "ZIPGL": "05641", "DESCPROP": "VAC LAND-0.07AC", "LOCAPROP": "CLIFF ST    LOT 14", "CAT": "Miscellaneous", "RESCODE": "T", "ACRESGL": 0.07, "REAL_FLV": 2210, "HSTED_FLV": 0, "NRES_FLV": 2210, "LAND_LV": 2210, "IMPRV_LV": 0, "EQUIPVAL": 0, "EQUIPCODE": "", "INVENVAL": 0, "HSDECL": "N", "HSITEVAL": 0, "VETEXAMT": 0, "EXPDESC": "", "ENDDATE": "", "STATUTE": "", "EXAMT_HS": 0, "EXAMT_NR": 0, "UVREDUC_HS": 0, "UVREDUC_NR": 0, "GLVAL_HS": 0.0, "GLVAL_NR": 22.1, "CRHOUSPCT": 0.0, "MUNGL1PCT": 22.1, "AOEGL_HS": 0.0, "AOEGL_NR": 22.1, "E911ADDR": "CLIFF ST", "SHAPE_Length": 0.0007164363486429801, "SHAPE_Area": 2.9692989252017286e-08}, "geometry": {"type": "MultiPolygon", "coordinates": [[[[-72.49470879799998, 44.19662545800003], [-72.49473342799996, 44.19660267900008], [-72.49488040899996, 44.19668776200007], [-72.49475921099997, 44.19680138100006], [-72.49475764799996, 44.19680081800004], [-72.49458838199996, 44.19673767100005], [-72.49459111799996, 44.19673471800007], [-72.49470879799998, 44.19662545800003]]]]}}, {"type": "Feature", "properties": {"OBJECTID": 4514, "SPAN": "036-011-10882", "GLIST_SPAN": "036-011-10882", "MAPID": "0460-0007.0000", "PARCID": "0460-0007-0000", "PROPTYPE": "PARCEL", "YEAR": 2023, "GLYEAR": 2022, "TOWN": "BARRE CITY", "TNAME": "Barre City", "SOURCENAME": null, "SOURCETYPE": "UNKNOWN", "SOURCEDATE": "UNKNOWN", "EDITMETHOD": "UNKNOWN", "EDITOR": "UNKNOWN", "EDITDATE": "UNKNOWN", "MATCHSTAT": "MATCH", "EDITNOTE": "UNKNOWN", "OWNER1": "CUTLER JOANNE L", "OWNER2": "", "ADDRGL1": "7 DELMONT AVE", "ADDRGL2": "", "CITYGL": "BARRE", "STGL": "VT", "ZIPGL": "05641", "DESCPROP": "1 FAM-0.22AC", "LOCAPROP": "DELMONT AVE   7", "CAT": "Residential-1", "RESCODE": "T", "ACRESGL": 0.22, "REAL_FLV": 115100, "HSTED_FLV": 115100, "NRES_FLV": 0, "LAND_LV": 22200, "IMPRV_LV": 92900, "EQUIPVAL": 0, "EQUIPCODE": "", "INVENVAL": 0, "HSDECL": "Y", "HSITEVAL": 115100, "VETEXAMT": 0, "EXPDESC": "", "ENDDATE": "", "STATUTE": "", "EXAMT_HS": 0, "EXAMT_NR": 0, "UVREDUC_HS": 0, "UVREDUC_NR": 0, "GLVAL_HS": 1151.0, "GLVAL_NR": 0.0, "CRHOUSPCT": 0.0, "MUNGL1PCT": 1151.0, "AOEGL_HS": 1151.0, "AOEGL_NR": 0.0, "E911ADDR": "7 DELMONT AVE", "SHAPE_Length": 0.0014188826993041194, "SHAPE_Area": 1.0150243775443852e-07}, "geometry": {"type": "MultiPolygon", "coordinates": [[[[-72.49264940999996, 44.196449846000064], [-72.49265764399996, 44.196250442000064], [-72.49317913299996, 44.196301521000066], [-72.49314275499995, 44.196497830000055], [-72.49313688999996, 44.19649726700004], [-72.49264940999996, 44.196449846000064]]]]}}, {"type": "Feature", "properties": {"OBJECTID": 4569, "SPAN": "036-011-10913", "GLIST_SPAN": "036-011-10913", "MAPID": "0200-0011.0000", "PARCID": "0200-0011-0000", "PROPTYPE": "PARCEL", "YEAR": 2023, "GLYEAR": 2022, "TOWN": "BARRE CITY", "TNAME": "Barre City", "SOURCENAME": null, "SOURCETYPE": "UNKNOWN", "SOURCEDATE": "UNKNOWN", "EDITMETHOD": "UNKNOWN", "EDITOR": "UNKNOWN", "EDITDATE": "UNKNOWN", "MATCHSTAT": "MATCH", "EDITNOTE": "UNKNOWN", "OWNER1": "SAYAH DOUGLAS JAMES", "OWNER2": "", "ADDRGL1": "11 BOLSTER AVE", "ADDRGL2": "", "CITYGL": "BARRE", "STGL": "VT", "ZIPGL": "05641", "DESCPROP": "1 FAM-0.28AC", "LOCAPROP": "BOLSTER AVE  11", "CAT": "Residential-1", "RESCODE": "T", "ACRESGL": 0.28, "REAL_FLV": 163200, "HSTED_FLV": 163200, "NRES_FLV": 0, "LAND_LV": 30300, "IMPRV_LV": 132900, "EQUIPVAL": 0, "EQUIPCODE": "", "INVENVAL": 0, "HSDECL": "Y", "HSITEVAL": 163200, "VETEXAMT": 0, "EXPDESC": "", "ENDDATE": "", "STATUTE": "", "EXAMT_HS": 0, "EXAMT_NR": 0, "UVREDUC_HS": 0, "UVREDUC_NR": 0, "GLVAL_HS": 1632.0, "GLVAL_NR": 0.0, "CRHOUSPCT": 0.0, "MUNGL1PCT": 1632.0, "AOEGL_HS": 1632.0, "AOEGL_NR": 0.0, "E911ADDR": "11 BOLSTER AVE", "SHAPE_Length": 0.001545967862377557, "SHAPE_Area": 1.2624524868382662e-07}, "geometry": {"type": "MultiPolygon", "coordinates": [[[[-72.49499981999998, 44.194590505000065], [-72.49517887299999, 44.19442387300006], [-72.49542826499999, 44.19456183600005], [-72.49563465899996, 44.19467603000004], [-72.49544231499993, 44.19485672400003], [-72.49544114199995, 44.19485672400003], [-72.49500177399995, 44.19459148900006], [-72.49499981999998, 44.194590505000065]]]]}}, {"type": "Feature", "properties": {"OBJECTID": 4647, "SPAN": "036-011-10201", "GLIST_SPAN": "036-011-10201", "MAPID": "1515-0098.0000", "PARCID": "1515-0098-0000", "PROPTYPE": "PARCEL", "YEAR": 2023, "GLYEAR": 2022, "TOWN": "BARRE CITY", "TNAME": "Barre City", "SOURCENAME": null, "SOURCETYPE": "UNKNOWN", "SOURCEDATE": "UNKNOWN", "EDITMETHOD": "UNKNOWN", "EDITOR": "UNKNOWN", "EDITDATE": "UNKNOWN", "MATCHSTAT": "MATCH", "EDITNOTE": "UNKNOWN", "OWNER1": "EASTERN FRONT HOLDINGS LLC", "OWNER2": "", "ADDRGL1": "437 LONESOME TRAIL", "ADDRGL2": "", "CITYGL": "WATERBURY", "STGL": "VT", "ZIPGL": "05676", "DESCPROP": "7 APTS-0.47AC", "LOCAPROP": "WASHINGTON ST  98", "CAT": "Commercial Apt", "RESCODE": "C", "ACRESGL": 0.47, "REAL_FLV": 322340, "HSTED_FLV": 0, "NRES_FLV": 322340, "LAND_LV": 24230, "IMPRV_LV": 298110, "EQUIPVAL": 0, "EQUIPCODE": "", "INVENVAL": 0, "HSDECL": "N", "HSITEVAL": 0, "VETEXAMT": 0, "EXPDESC": "", "ENDDATE": "", "STATUTE": "", "EXAMT_HS": 0, "EXAMT_NR": 0, "UVREDUC_HS": 0, "UVREDUC_NR": 0, "GLVAL_HS": 0.0, "GLVAL_NR": 3223.4, "CRHOUSPCT": 0.0, "MUNGL1PCT": 3223.4, "AOEGL_HS": 0.0, "AOEGL_NR": 3223.4, "E911ADDR": "98 WASHINGTON ST", "SHAPE_Length": 0.0018955605024159848, "SHAPE_Area": 2.135235817634192e-07}, "geometry": {"type": "MultiPolygon", "coordinates": [[[[-72.49612369599998, 44.19464778200006], [-72.49634301199995, 44.194445432000066], [-72.49669716899996, 44.194640066000034], [-72.49679254999995, 44.19469224000005], [-72.49665103099994, 44.194824141000026], [-72.49651850199996, 44.19494605800003], [-72.49647979999997, 44.19498177500003], [-72.49646103499998, 44.194999352000025], [-72.49603065199994, 44.19473370000003], [-72.49607013799994, 44.19469728000007], [-72.49612369599998, 44.19464778200006]]]]}}, {"type": "Feature", "properties": {"OBJECTID": 4711, "SPAN": "036-011-10655", "GLIST_SPAN": "036-011-10655", "MAPID": "0785-0011.0000", "PARCID": "0785-0011-0000", "PROPTYPE": "PARCEL", "YEAR": 2023, "GLYEAR": 2022, "TOWN": "BARRE CITY", "TNAME": "Barre City", "SOURCENAME": null, "SOURCETYPE": "UNKNOWN", "SOURCEDATE": "UNKNOWN", "EDITMETHOD": "UNKNOWN", "EDITOR": "UNKNOWN", "EDITDATE": "UNKNOWN", "MATCHSTAT": "MATCH", "EDITNOTE": "UNKNOWN", "OWNER1": "BATES SHAWN", "OWNER2": "", "ADDRGL1": "PO BOX 484", "ADDRGL2": "", "CITYGL": "E BARRE", "STGL": "VT", "ZIPGL": "05649-0484", "DESCPROP": "1 FAM-0.28AC", "LOCAPROP": "HIGHLAND AVE  11", "CAT": "Residential-1", "RESCODE": "T", "ACRESGL": 0.28, "REAL_FLV": 137641, "HSTED_FLV": 137641, "NRES_FLV": 0, "LAND_LV": 21630, "IMPRV_LV": 116011, "EQUIPVAL": 0, "EQUIPCODE": "", "INVENVAL": 0, "HSDECL": "Y", "HSITEVAL": 137641, "VETEXAMT": 0, "EXPDESC": "", "ENDDATE": "", "STATUTE": "", "EXAMT_HS": 0, "EXAMT_NR": 0, "UVREDUC_HS": 0, "UVREDUC_NR": 0, "GLVAL_HS": 1376.0, "GLVAL_NR": 0.0, "CRHOUSPCT": 30.0, "MUNGL1PCT": 1376.41, "AOEGL_HS": 1376.0, "AOEGL_NR": 0.0, "E911ADDR": "11 HIGHLAND AVE", "SHAPE_Length": 0.0015448457026233007, "SHAPE_Area": 1.2716776938272646e-07}, "geometry": {"type": "MultiPolygon", "coordinates": [[[[-72.49572102599996, 44.195020139000064], [-72.49588053099995, 44.19487249100007], [-72.49632694199994, 44.19512351900005], [-72.49613381699999, 44.19530210500005], [-72.49569053299996, 44.19504826300005], [-72.49571985399996, 44.19502112400005], [-72.49572102599996, 44.195020139000064]]]]}}, {"type": "Feature", "properties": {"OBJECTID": 4739, "SPAN": "036-011-10226", "GLIST_SPAN": "036-011-10226", "MAPID": "0015-0044.0000", "PARCID": "0015-0044-0000", "PROPTYPE": "PARCEL", "YEAR": 2023, "GLYEAR": 2022, "TOWN": "BARRE CITY", "TNAME": "Barre City", "SOURCENAME": null, "SOURCETYPE": "UNKNOWN", "SOURCEDATE": "UNKNOWN", "EDITMETHOD": "UNKNOWN", "EDITOR": "UNKNOWN", "EDITDATE": "UNKNOWN", "MATCHSTAT": "MATCH", "EDITNOTE": "UNKNOWN", "OWNER1": "ROGEL ILIMA R; LAFOUNTAIN IVY E;", "OWNER2": "STAMBAUGH IANTHA R & SCHNEIDER GLORIA R", "ADDRGL1": "C/O IVY LAFOUNTAIN", "ADDRGL2": "44 ACADEMY ST", "CITYGL": "BARRE", "STGL": "VT", "ZIPGL": "05641-3103", "DESCPROP": "1 FAM-0.08AC", "LOCAPROP": "ACADEMY ST  44", "CAT": "Residential-1", "RESCODE": "T", "ACRESGL": 0.08, "REAL_FLV": 88030, "HSTED_FLV": 88030, "NRES_FLV": 0, "LAND_LV": 13580, "IMPRV_LV": 74450, "EQUIPVAL": 0, "EQUIPCODE": "", "INVENVAL": 0, "HSDECL": "Y", "HSITEVAL": 88030, "VETEXAMT": 0, "EXPDESC": "", "ENDDATE": "", "STATUTE": "", "EXAMT_HS": 0, "EXAMT_NR": 0, "UVREDUC_HS": 0, "UVREDUC_NR": 0, "GLVAL_HS": 880.0, "GLVAL_NR": 0.0, "CRHOUSPCT": 0.0, "MUNGL1PCT": 880.3, "AOEGL_HS": 880.0, "AOEGL_NR": 0.0, "E911ADDR": "44 ACADEMY ST", "SHAPE_Length": 0.0008546470304904136, "SHAPE_Area": 4.407247968455058e-08}, "geometry": {"type": "MultiPolygon", "coordinates": [[[[-72.49516188499996, 44.19659707300008], [-72.49532490399997, 44.19658161000007], [-72.49538469999999, 44.19677300200004], [-72.49538587399996, 44.19677342400007], [-72.49538430999996, 44.19677426800007], [-72.49512355599995, 44.19681391200004], [-72.49512121099997, 44.19681433400007], [-72.49512121099997, 44.19681349100006], [-72.49512082099994, 44.19681264700006], [-72.49516188499996, 44.19659707300008]]]]}}, {"type": "Feature", "properties": {"OBJECTID": 4740, "SPAN": "036-011-11003", "GLIST_SPAN": "036-011-11003", "MAPID": "0450-0003.0000", "PARCID": "0450-0003-0000", "PROPTYPE": "PARCEL", "YEAR": 2023, "GLYEAR": 2022, "TOWN": "BARRE CITY", "TNAME": "Barre City", "SOURCENAME": null, "SOURCETYPE": "UNKNOWN", "SOURCEDATE": "UNKNOWN", "EDITMETHOD": "UNKNOWN", "EDITOR": "UNKNOWN", "EDITDATE": "UNKNOWN", "MATCHSTAT": "MATCH", "EDITNOTE": "UNKNOWN", "OWNER1": "3 CURRIER ST LLC", "OWNER2": "", "ADDRGL1": "PO BOX 1028", "ADDRGL2": "", "CITYGL": "MONTPELIER", "STGL": "VT", "ZIPGL": "05601-1028", "DESCPROP": "2 APTS-0.38AC", "LOCAPROP": "CURRIER ST   3", "CAT": "Residential-1", "RESCODE": "C", "ACRESGL": 0.38, "REAL_FLV": 170700, "HSTED_FLV": 0, "NRES_FLV": 170700, "LAND_LV": 32900, "IMPRV_LV": 137800, "EQUIPVAL": 0, "EQUIPCODE": "", "INVENVAL": 0, "HSDECL": "N", "HSITEVAL": 116900, "VETEXAMT": 0, "EXPDESC": "", "ENDDATE": "", "STATUTE": "", "EXAMT_HS": 0, "EXAMT_NR": 0, "UVREDUC_HS": 0, "UVREDUC_NR": 0, "GLVAL_HS": 0.0, "GLVAL_NR": 1707.0, "CRHOUSPCT": 0.0, "MUNGL1PCT": 1707.0, "AOEGL_HS": 0.0, "AOEGL_NR": 1707.0, "E911ADDR": "3 CURRIER ST", "SHAPE_Length": 0.0017558037681596884, "SHAPE_Area": 1.6695173556948904e-07}, "geometry": {"type": "MultiPolygon", "coordinates": [[[[-72.49416305299997, 44.196722462000025], [-72.49410988899996, 44.19670024100003], [-72.49410207099999, 44.19669222500005], [-72.49398714399996, 44.19662978200006], [-72.49425729899997, 44.196378923000054], [-72.49455282499997, 44.196540655000035], [-72.49470879799998, 44.19662545800003], [-72.49459111799996, 44.19673471800007], [-72.49458838199996, 44.19673767100005], [-72.49452778899996, 44.19671502700004], [-72.49438235199995, 44.19684284700003], [-72.49426703399996, 44.19677787300003], [-72.49416305299997, 44.196722462000025]]]]}}, {"type": "Feature", "properties": {"OBJECTID": 4801, "SPAN": "036-011-10239", "GLIST_SPAN": "036-011-10239", "MAPID": "0460-0008.0000", "PARCID": "0460-0008-0000", "PROPTYPE": "PARCEL", "YEAR": 2023, "GLYEAR": 2022, "TOWN": "BARRE CITY", "TNAME": "Barre City", "SOURCENAME": null, "SOURCETYPE": "UNKNOWN", "SOURCEDATE": "UNKNOWN", "EDITMETHOD": "UNKNOWN", "EDITOR": "UNKNOWN", "EDITDATE": "UNKNOWN", "MATCHSTAT": "MATCH", "EDITNOTE": "UNKNOWN", "OWNER1": "MURRAY GREGORY E & ALEXANDRA C", "OWNER2": "", "ADDRGL1": "8 DELMONT AVE", "ADDRGL2": "", "CITYGL": "BARRE", "STGL": "VT", "ZIPGL": "05641", "DESCPROP": "1 FAM-0.22AC", "LOCAPROP": "DELMONT AVE   8", "CAT": "Residential-1", "RESCODE": "T", "ACRESGL": 0.22, "REAL_FLV": 121457, "HSTED_FLV": 121457, "NRES_FLV": 0, "LAND_LV": 30800, "IMPRV_LV": 90657, "EQUIPVAL": 0, "EQUIPCODE": "", "INVENVAL": 0, "HSDECL": "Y", "HSITEVAL": 121457, "VETEXAMT": 0, "EXPDESC": "", "ENDDATE": "", "STATUTE": "", "EXAMT_HS": 0, "EXAMT_NR": 0, "UVREDUC_HS": 0, "UVREDUC_NR": 0, "GLVAL_HS": 1215.0, "GLVAL_NR": 0.0, "CRHOUSPCT": 30.0, "MUNGL1PCT": 1214.57, "AOEGL_HS": 1215.0, "AOEGL_NR": 0.0, "E911ADDR": "8 DELMONT AVE", "SHAPE_Length": 0.0012877038609564785, "SHAPE_Area": 9.3373286105079e-08}, "geometry": {"type": "MultiPolygon", "coordinates": [[[[-72.49227291599993, 44.19669042800007], [-72.49241913999998, 44.196555439000065], [-72.49242148599996, 44.19655600200008], [-72.49250553399997, 44.196567679000054], [-72.49262398299999, 44.19658414000003], [-72.49275298699996, 44.19659666300004], [-72.49273030599994, 44.19666036500007], [-72.49264309899996, 44.196902935000026], [-72.49259579899996, 44.19687593300006], [-72.49259011899994, 44.19687266900007], [-72.49227291599993, 44.19669042800007]]]]}}, {"type": "Feature", "properties": {"OBJECTID": 4825, "SPAN": "036-011-10248", "GLIST_SPAN": "036-011-10248", "MAPID": "0015-0020.0000", "PARCID": "0015-0020-0000", "PROPTYPE": "PARCEL", "YEAR": 2023, "GLYEAR": 2022, "TOWN": "BARRE CITY", "TNAME": "Barre City", "SOURCENAME": null, "SOURCETYPE": "UNKNOWN", "SOURCEDATE": "UNKNOWN", "EDITMETHOD": "UNKNOWN", "EDITOR": "UNKNOWN", "EDITDATE": "UNKNOWN", "MATCHSTAT": "MATCH", "EDITNOTE": "UNKNOWN", "OWNER1": "THE DICRAN DERDERIAN REVOCABLE LIVING", "OWNER2": "C/O MILESKY ZACHARY & MACKINNON", "ADDRGL1": "20 ACADEMY ST", "ADDRGL2": "", "CITYGL": "BARRE", "STGL": "VT", "ZIPGL": "05641", "DESCPROP": "1 FAM-0.13AC", "LOCAPROP": "ACADEMY ST  20", "CAT": "Residential-1", "RESCODE": "T", "ACRESGL": 0.13, "REAL_FLV": 110500, "HSTED_FLV": 110500, "NRES_FLV": 0, "LAND_LV": 17200, "IMPRV_LV": 93300, "EQUIPVAL": 0, "EQUIPCODE": "", "INVENVAL": 0, "HSDECL": "Y", "HSITEVAL": 110500, "VETEXAMT": 0, "EXPDESC": "", "ENDDATE": "", "STATUTE": "", "EXAMT_HS": 0, "EXAMT_NR": 0, "UVREDUC_HS": 0, "UVREDUC_NR": 0, "GLVAL_HS": 1105.0, "GLVAL_NR": 0.0, "CRHOUSPCT": 0.0, "MUNGL1PCT": 1105.0, "AOEGL_HS": 1105.0, "AOEGL_NR": 0.0, "E911ADDR": "20 ACADEMY ST", "SHAPE_Length": 0.0009875835125098941, "SHAPE_Area": 5.872576878889905e-08}, "geometry": {"type": "MultiPolygon", "coordinates": [[[[-72.49652349599995, 44.196457904000056], [-72.49667948599995, 44.19625906700003], [-72.49673695199994, 44.19628269400005], [-72.49673851599994, 44.19628339700006], [-72.49690113699995, 44.19634963500005], [-72.49675022899999, 44.19654987900003], [-72.49659581499998, 44.19648729700003], [-72.49652349599995, 44.196457904000056]]]]}}, {"type": "Feature", "properties": {"OBJECTID": 5298, "SPAN": "036-011-10271", "GLIST_SPAN": "036-011-10271", "MAPID": "0460-0010.0000", "PARCID": "0460-0010-0000", "PROPTYPE": "PARCEL", "YEAR": 2023, "GLYEAR": 2022, "TOWN": "BARRE CITY", "TNAME": "Barre City", "SOURCENAME": null, "SOURCETYPE": "UNKNOWN", "SOURCEDATE": "UNKNOWN", "EDITMETHOD": "UNKNOWN", "EDITOR": "UNKNOWN", "EDITDATE": "UNKNOWN", "MATCHSTAT": "MATCH", "EDITNOTE": "UNKNOWN", "OWNER1": "DAVIS RYAN P & SAMANTHA TRUSTEES", "OWNER2": "OF THE DAVIS FAMILY TRUST", "ADDRGL1": "10 DELMONT AVE", "ADDRGL2": "", "CITYGL": "BARRE", "STGL": "VT", "ZIPGL": "05641", "DESCPROP": "1 FAM-0.26AC", "LOCAPROP": "DELMONT AVE  10", "CAT": "Residential-1", "RESCODE": "T", "ACRESGL": 0.26, "REAL_FLV": 151790, "HSTED_FLV": 151790, "NRES_FLV": 0, "LAND_LV": 34000, "IMPRV_LV": 117790, "EQUIPVAL": 0, "EQUIPCODE": "", "INVENVAL": 0, "HSDECL": "Y", "HSITEVAL": 151790, "VETEXAMT": 40000, "EXPDESC": "", "ENDDATE": "", "STATUTE": "", "EXAMT_HS": 0, "EXAMT_NR": 0, "UVREDUC_HS": 0, "UVREDUC_NR": 0, "GLVAL_HS": 1118.0, "GLVAL_NR": 0.0, "CRHOUSPCT": 0.0, "MUNGL1PCT": 1117.9, "AOEGL_HS": 1418.0, "AOEGL_NR": 0.0, "E911ADDR": "10 DELMONT AVE", "SHAPE_Length": 0.001423940078413399, "SHAPE_Area": 1.1138546805895923e-07}, "geometry": {"type": "MultiPolygon", "coordinates": [[[[-72.49184172099996, 44.196698414000025], [-72.49209233599998, 44.19647020000008], [-72.49209741799996, 44.19647216800007], [-72.49215214599997, 44.19648735900006], [-72.49223228299996, 44.19651141200006], [-72.49232414799997, 44.19653349600003], [-72.49241913999998, 44.196555439000065], [-72.49227291599993, 44.19669042800007], [-72.49209345799994, 44.19685621200006], [-72.49183781099998, 44.19670122600007], [-72.49183976499995, 44.19669982000005], [-72.49184172099996, 44.196698414000025]]]]}}, {"type": "Feature", "properties": {"OBJECTID": 5347, "SPAN": "036-011-11061", "GLIST_SPAN": "036-011-11061", "MAPID": "0785-0014.0000", "PARCID": "0785-0014-0000", "PROPTYPE": "PARCEL", "YEAR": 2023, "GLYEAR": 2022, "TOWN": "BARRE CITY", "TNAME": "Barre City", "SOURCENAME": null, "SOURCETYPE": "UNKNOWN", "SOURCEDATE": "UNKNOWN", "EDITMETHOD": "UNKNOWN", "EDITOR": "UNKNOWN", "EDITDATE": "UNKNOWN", "MATCHSTAT": "MATCH", "EDITNOTE": "UNKNOWN", "OWNER1": "14 HIGHLAND AVE LLC", "OWNER2": "", "ADDRGL1": "45 ABBOTT AVE", "ADDRGL2": "", "CITYGL": "BARRE", "STGL": "VT", "ZIPGL": "05641", "DESCPROP": "2 APTS-0.18AC", "LOCAPROP": "HIGHLAND AVE  14", "CAT": "Residential-1", "RESCODE": "C", "ACRESGL": 0.18, "REAL_FLV": 130200, "HSTED_FLV": 0, "NRES_FLV": 130200, "LAND_LV": 16400, "IMPRV_LV": 113800, "EQUIPVAL": 0, "EQUIPCODE": "", "INVENVAL": 0, "HSDECL": "N", "HSITEVAL": 76500, "VETEXAMT": 0, "EXPDESC": "", "ENDDATE": "", "STATUTE": "", "EXAMT_HS": 0, "EXAMT_NR": 0, "UVREDUC_HS": 0, "UVREDUC_NR": 0, "GLVAL_HS": 0.0, "GLVAL_NR": 1302.0, "CRHOUSPCT": 0.0, "MUNGL1PCT": 1302.0, "AOEGL_HS": 0.0, "AOEGL_NR": 1302.0, "E911ADDR": "14 HIGHLAND AVE", "SHAPE_Length": 0.0011880723674904106, "SHAPE_Area": 8.253109774534114e-08}, "geometry": {"type": "MultiPolygon", "coordinates": [[[[-72.49629213499998, 44.19538184400005], [-72.49648174099997, 44.195205789000056], [-72.49677335699994, 44.195376655000075], [-72.49658805099995, 44.19554764900005], [-72.49629213499998, 44.19538184400005]]]]}}, {"type": "Feature", "properties": {"OBJECTID": 5361, "SPAN": "036-011-11065", "GLIST_SPAN": "036-011-11065", "MAPID": "0015-0024.0000", "PARCID": "0015-0024-0000", "PROPTYPE": "PARCEL", "YEAR": 2023, "GLYEAR": 2022, "TOWN": "BARRE CITY", "TNAME": "Barre City", "SOURCENAME": null, "SOURCETYPE": "UNKNOWN", "SOURCEDATE": "UNKNOWN", "EDITMETHOD": "UNKNOWN", "EDITOR": "UNKNOWN", "EDITDATE": "UNKNOWN", "MATCHSTAT": "MATCH", "EDITNOTE": "UNKNOWN", "OWNER1": "DUKE DOUGLAS A TRUSTEE OF THE DOUGLAS", "OWNER2": "DUKE LIVING TRUST AS DATED", "ADDRGL1": "PO BOX 904", "ADDRGL2": "", "CITYGL": "BARRE", "STGL": "VT", "ZIPGL": "05641-0904", "DESCPROP": "1 FAM-0.12AC", "LOCAPROP": "ACADEMY ST  24", "CAT": "Residential-1", "RESCODE": "T", "ACRESGL": 0.12, "REAL_FLV": 88120, "HSTED_FLV": 88120, "NRES_FLV": 0, "LAND_LV": 16100, "IMPRV_LV": 72020, "EQUIPVAL": 0, "EQUIPCODE": "", "INVENVAL": 0, "HSDECL": "Y", "HSITEVAL": 88120, "VETEXAMT": 0, "EXPDESC": "", "ENDDATE": "", "STATUTE": "", "EXAMT_HS": 0, "EXAMT_NR": 0, "UVREDUC_HS": 0, "UVREDUC_NR": 0, "GLVAL_HS": 881.0, "GLVAL_NR": 0.0, "CRHOUSPCT": 0.0, "MUNGL1PCT": 881.2, "AOEGL_HS": 881.0, "AOEGL_NR": 0.0, "E911ADDR": "24 ACADEMY ST", "SHAPE_Length": 0.0009727048556862404, "SHAPE_Area": 5.7014102077085097e-08}, "geometry": {"type": "MultiPolygon", "coordinates": [[[[-72.49631005499998, 44.196371414000055], [-72.49646018299995, 44.196168499000066], [-72.49667948599995, 44.19625906700003], [-72.49652349599995, 44.196457904000056], [-72.49631005499998, 44.196371414000055]]]]}}, {"type": "Feature", "properties": {"OBJECTID": 5367, "SPAN": "036-011-11067", "GLIST_SPAN": "036-011-11067", "MAPID": "0450-0031.0000", "PARCID": "0450-0031-0000", "PROPTYPE": "PARCEL", "YEAR": 2023, "GLYEAR": 2022, "TOWN": "BARRE CITY", "TNAME": "Barre City", "SOURCENAME": null, "SOURCETYPE": "UNKNOWN", "SOURCEDATE": "UNKNOWN", "EDITMETHOD": "UNKNOWN", "EDITOR": "UNKNOWN", "EDITDATE": "UNKNOWN", "MATCHSTAT": "MATCH", "EDITNOTE": "UNKNOWN", "OWNER1": "FAITH COMMUNITY CHURCH OF CENTRAL", "OWNER2": "VERMONT INC", "ADDRGL1": "30 JONES BROTHERS WAY SUITE B", "ADDRGL2": "", "CITYGL": "BARRE", "STGL": "VT", "ZIPGL": "05641", "DESCPROP": "2-1 FAM HSES/OB-0.21 &0.21 &0.16 & 0.29A", "LOCAPROP": "CURRIER ST  27 &  29 & 31", "CAT": "Residential-1", "RESCODE": "C", "ACRESGL": 1.09, "REAL_FLV": 306900, "HSTED_FLV": 0, "NRES_FLV": 306900, "LAND_LV": 91300, "IMPRV_LV": 215600, "EQUIPVAL": 0, "EQUIPCODE": "", "INVENVAL": 0, "HSDECL": "N", "HSITEVAL": 0, "VETEXAMT": 0, "EXPDESC": "Statutory", "ENDDATE": "", "STATUTE": "", "EXAMT_HS": 0, "EXAMT_NR": 0, "UVREDUC_HS": 0, "UVREDUC_NR": 0, "GLVAL_HS": 0.0, "GLVAL_NR": 0.0, "CRHOUSPCT": 0.0, "MUNGL1PCT": 0.0, "AOEGL_HS": 0.0, "AOEGL_NR": 0.0, "E911ADDR": "2729 CURRIER ST", "SHAPE_Length": 0.002894272285280951, "SHAPE_Area": 4.89516252373577e-07}, "geometry": {"type": "MultiPolygon", "coordinates": [[[[-72.49318381099994, 44.19696023500006], [-72.49339643599995, 44.19676390500007], [-72.49340777299994, 44.19676967100003], [-72.49352973499998, 44.19684238000008], [-72.49366655199998, 44.19691973100004], [-72.49365990499996, 44.19692633900007], [-72.49405355099998, 44.19713757800008], [-72.49406175899998, 44.19714207800007], [-72.49403673699999, 44.19716598300005], [-72.49389544199994, 44.19729594200004], [-72.49373199899998, 44.19744627000006], [-72.49356952799997, 44.19759570300005], [-72.49317236299999, 44.197378839000066], [-72.49289755499996, 44.19722877700008], [-72.49313526699996, 44.19700505800006], [-72.49318381099994, 44.19696023500006]]]]}}, {"type": "Feature", "properties": {"OBJECTID": 5512, "SPAN": "036-011-10749", "GLIST_SPAN": "036-011-10749", "MAPID": "1515-VL00.0006", "PARCID": "1515-VL00-0006", "PROPTYPE": "PARCEL", "YEAR": 2023, "GLYEAR": 2022, "TOWN": "BARRE CITY", "TNAME": "Barre City", "SOURCENAME": null, "SOURCETYPE": "UNKNOWN", "SOURCEDATE": "UNKNOWN", "EDITMETHOD": "UNKNOWN", "EDITOR": "UNKNOWN", "EDITDATE": "UNKNOWN", "MATCHSTAT": "MATCH", "EDITNOTE": "UNKNOWN", "OWNER1": "CITY OF BARRE", "OWNER2": "", "ADDRGL1": "6 N MAIN ST", "ADDRGL2": "", "CITYGL": "BARRE", "STGL": "VT", "ZIPGL": "05641-4115", "DESCPROP": "ELMWOOD CEMETERY-21.70AC", "LOCAPROP": "WASHINGTON ST", "CAT": "Commercial", "RESCODE": "C", "ACRESGL": 21.7, "REAL_FLV": 163800, "HSTED_FLV": 0, "NRES_FLV": 163800, "LAND_LV": 91500, "IMPRV_LV": 72300, "EQUIPVAL": 0, "EQUIPCODE": "", "INVENVAL": 0, "HSDECL": "N", "HSITEVAL": 0, "VETEXAMT": 0, "EXPDESC": "Statutory", "ENDDATE": "", "STATUTE": "", "EXAMT_HS": 0, "EXAMT_NR": 0, "UVREDUC_HS": 0, "UVREDUC_NR": 0, "GLVAL_HS": 0.0, "GLVAL_NR": 0.0, "CRHOUSPCT": 0.0, "MUNGL1PCT": 0.0, "AOEGL_HS": 0.0, "AOEGL_NR": 0.0, "E911ADDR": "WASHINGTON ST", "SHAPE_Length": 0.015444621233361214, "SHAPE_Area": 9.592309706885186e-06}, "geometry": {"type": "MultiPolygon", "coordinates": [[[[-72.49345474899997, 44.196185101000026], [-72.49320573199998, 44.19615991400008], [-72.49317913299996, 44.196301521000066], [-72.49265764399996, 44.196250442000064], [-72.49264940999996, 44.196449846000064], [-72.49264823699997, 44.19644970500008], [-72.49255793499998, 44.19643690200007], [-72.49248874099999, 44.19643014800005], [-72.49244026799994, 44.196419036000066], [-72.49234722999995, 44.19639920100008], [-72.49226748399997, 44.196376978000046], [-72.49220728299997, 44.19636122400004], [-72.49215607499997, 44.19634293900003], [-72.49210095599994, 44.196324092000054], [-72.49198446699995, 44.19627514700005], [-72.49193951399997, 44.19624997200003], [-72.49192504999996, 44.19624195500006], [-72.49187227899995, 44.19621804500008], [-72.49185273399996, 44.19620876300007], [-72.49181051699998, 44.19618865000007], [-72.49197952399999, 44.19600192900003], [-72.49199849599995, 44.19598131400005], [-72.49218935299996, 44.195773906000056], [-72.49210193799996, 44.195757883000056], [-72.49203103099995, 44.195745368000075], [-72.49196681799998, 44.195726111000056], [-72.49191731699995, 44.195703009000056], [-72.49187451199998, 44.19566642700005], [-72.49183839599993, 44.19561926000006], [-72.49181297799998, 44.19557883300007], [-72.49179559399994, 44.19553262900007], [-72.49177419199998, 44.195482576000074], [-72.49174075599996, 44.19541808500003], [-72.49172922799994, 44.19538621600003], [-72.49148285399997, 44.19503565900004], [-72.49136873199996, 44.19487328300005], [-72.49130770799997, 44.194798700000035], [-72.49130395299994, 44.19479411100008], [-72.49192972799995, 44.193818177000026], [-72.49214749699996, 44.193478549000076], [-72.49221275899998, 44.193376767000075], [-72.49357231099998, 44.193563880000056], [-72.49459532899994, 44.19342682400003], [-72.49536264499994, 44.19387404200006], [-72.49535990799995, 44.19387615100004], [-72.49477779299997, 44.19445774600007], [-72.49499981999998, 44.194590505000065], [-72.49500177399995, 44.19459148900006], [-72.49544114199995, 44.19485672400003], [-72.49544231499993, 44.19485672400003], [-72.49554121199998, 44.19491283700006], [-72.49554199399995, 44.19491213300006], [-72.49554355799995, 44.19491410300003], [-72.49572102599996, 44.195020139000064], [-72.49571985399996, 44.19502112400005], [-72.49569053299996, 44.19504826300005], [-72.49549193199994, 44.19523219100006], [-72.49529841399993, 44.19541190100006], [-72.49510802099996, 44.19558823500006], [-72.49491840899998, 44.19576386600005], [-72.49491606399994, 44.19576597500003], [-72.49472527699999, 44.19594554400004], [-72.49516856499997, 44.19619235700003], [-72.49516739099994, 44.19619320100003], [-72.49514823499999, 44.19621190300006], [-72.49514745299996, 44.19621316900003], [-72.49514549799994, 44.19621204300006], [-72.49470142899997, 44.19596691700008], [-72.49454035399998, 44.19611625200008], [-72.49444535199996, 44.19620455900008], [-72.49425729899997, 44.196378923000054], [-72.49398714399996, 44.19662978200006], [-72.49410207099999, 44.19669222500005], [-72.49410988899996, 44.19670024100003], [-72.49408604199994, 44.19669025600007], [-72.49403365999996, 44.19666789400003], [-72.49397893199995, 44.19664764100003], [-72.49394570499999, 44.19663428000007], [-72.49390583199994, 44.19662302800003], [-72.49384484899997, 44.19660446200004], [-72.49377604699998, 44.19658603600004], [-72.49372952799996, 44.19657562800006], [-72.49365056199997, 44.196560014000056], [-72.49364391699999, 44.196558749000076], [-72.49364469899996, 44.196556076000036], [-72.49365604099995, 44.19650179700005], [-72.49355049499997, 44.196458619000055], [-72.49359977999995, 44.19619973400006], [-72.49345474899997, 44.196185101000026]]]]}}, {"type": "Feature", "properties": {"OBJECTID": 5673, "SPAN": "036-011-11184", "GLIST_SPAN": "036-011-11184", "MAPID": "0385-VL00.0002", "PARCID": "0385-VL00-0002", "PROPTYPE": "PARCEL", "YEAR": 2023, "GLYEAR": 2022, "TOWN": "BARRE CITY", "TNAME": "Barre City", "SOURCENAME": null, "SOURCETYPE": "UNKNOWN", "SOURCEDATE": "UNKNOWN", "EDITMETHOD": "UNKNOWN", "EDITOR": "UNKNOWN", "EDITDATE": "UNKNOWN", "MATCHSTAT": "MATCH", "EDITNOTE": "UNKNOWN", "OWNER1": "BLACKBURN MICHAEL J & BRANDI S", "OWNER2": "", "ADDRGL1": "52 WEBSTER ST", "ADDRGL2": "", "CITYGL": "BARRE", "STGL": "VT", "ZIPGL": "05641", "DESCPROP": "VAC LAND-0.19AC", "LOCAPROP": "CLIFF ST    LOTS 1516", "CAT": "Miscellaneous", "RESCODE": "T", "ACRESGL": 0.19, "REAL_FLV": 4520, "HSTED_FLV": 0, "NRES_FLV": 4520, "LAND_LV": 4520, "IMPRV_LV": 0, "EQUIPVAL": 0, "EQUIPCODE": "", "INVENVAL": 0, "HSDECL": "N", "HSITEVAL": 0, "VETEXAMT": 0, "EXPDESC": "", "ENDDATE": "", "STATUTE": "", "EXAMT_HS": 0, "EXAMT_NR": 0, "UVREDUC_HS": 0, "UVREDUC_NR": 0, "GLVAL_HS": 0.0, "GLVAL_NR": 45.2, "CRHOUSPCT": 0.0, "MUNGL1PCT": 45.2, "AOEGL_HS": 0.0, "AOEGL_NR": 45.2, "E911ADDR": "CLIFF ST", "SHAPE_Length": 0.0014784837200941044, "SHAPE_Area": 7.715062928385192e-08}, "geometry": {"type": "MultiPolygon", "coordinates": [[[[-72.49502347099997, 44.196905736000076], [-72.49475921099997, 44.19680138100006], [-72.49488040899996, 44.19668776200007], [-72.49512082099994, 44.19681264700006], [-72.49512121099997, 44.19681349100006], [-72.49512121099997, 44.19681433400007], [-72.49512355599995, 44.19681391200004], [-72.49538430999996, 44.19677426800007], [-72.49538587399996, 44.19677342400007], [-72.49538782799993, 44.19677426800007], [-72.49538665499995, 44.19677567400004], [-72.49522870299995, 44.196985478000045], [-72.49522792099998, 44.19698646200004], [-72.49502347099997, 44.196905736000076]]]]}}, {"type": "Feature", "properties": {"OBJECTID": 5686, "SPAN": "036-011-11197", "GLIST_SPAN": "036-011-11197", "MAPID": "0015-0029.0000", "PARCID": "0015-0029-0000", "PROPTYPE": "PARCEL", "YEAR": 2023, "GLYEAR": 2022, "TOWN": "BARRE CITY", "TNAME": "Barre City", "SOURCENAME": null, "SOURCETYPE": "UNKNOWN", "SOURCEDATE": "UNKNOWN", "EDITMETHOD": "UNKNOWN", "EDITOR": "UNKNOWN", "EDITDATE": "UNKNOWN", "MATCHSTAT": "MATCH", "EDITNOTE": "UNKNOWN", "OWNER1": "RAWSON JOHANNA E", "OWNER2": "", "ADDRGL1": "29 ACADEMY ST", "ADDRGL2": "", "CITYGL": "BARRE", "STGL": "VT", "ZIPGL": "05641", "DESCPROP": "1 FAM-0.58AC", "LOCAPROP": "ACADEMY ST  29", "CAT": "Residential-1", "RESCODE": "T", "ACRESGL": 0.58, "REAL_FLV": 192400, "HSTED_FLV": 192400, "NRES_FLV": 0, "LAND_LV": 40600, "IMPRV_LV": 151800, "EQUIPVAL": 0, "EQUIPCODE": "", "INVENVAL": 0, "HSDECL": "Y", "HSITEVAL": 192400, "VETEXAMT": 0, "EXPDESC": "", "ENDDATE": "", "STATUTE": "", "EXAMT_HS": 0, "EXAMT_NR": 0, "UVREDUC_HS": 0, "UVREDUC_NR": 0, "GLVAL_HS": 1924.0, "GLVAL_NR": 0.0, "CRHOUSPCT": 0.0, "MUNGL1PCT": 1924.0, "AOEGL_HS": 1924.0, "AOEGL_NR": 0.0, "E911ADDR": "29 ACADEMY ST", "SHAPE_Length": 0.0023078750788088098, "SHAPE_Area": 2.5658018857036433e-07}, "geometry": {"type": "MultiPolygon", "coordinates": [[[[-72.49677335699994, 44.195376655000075], [-72.49678508499994, 44.195365828000035], [-72.49709155799997, 44.195526991000065], [-72.49709273099995, 44.19552769400008], [-72.49709194999997, 44.19552839700003], [-72.49679092799994, 44.19575310600004], [-72.49654970999995, 44.19606978300004], [-72.49654931999999, 44.19607189300007], [-72.49654541099994, 44.196070346000056], [-72.49654267399995, 44.19606922100007], [-72.49629053399997, 44.19596993300007], [-72.49628857899995, 44.19596810500008], [-72.49621508699994, 44.195937868000044], [-72.49626591099997, 44.19587233900006], [-72.49626747499997, 44.195870230000025], [-72.49640782799997, 44.19569811100007], [-72.49646881599995, 44.195623441000066], [-72.49652159399994, 44.195558756000025], [-72.49658805099995, 44.19554764900005], [-72.49677335699994, 44.195376655000075]]]]}}, {"type": "Feature", "properties": {"OBJECTID": 5827, "SPAN": "036-011-11257", "GLIST_SPAN": "036-011-11257", "MAPID": "1465-0028.0001", "PARCID": "1465-0028-0000", "PROPTYPE": "PARCEL", "YEAR": 2023, "GLYEAR": 2022, "TOWN": "BARRE CITY", "TNAME": "Barre City", "SOURCENAME": null, "SOURCETYPE": "UNKNOWN", "SOURCEDATE": "UNKNOWN", "EDITMETHOD": "UNKNOWN", "EDITOR": "VCGI", "EDITDATE": "20231019", "MATCHSTAT": "MATCH", "EDITNOTE": "Merged with abutting parcel per shared ownership (AxisGIS app)", "OWNER1": "GRENIER CRAIGE & TARA", "OWNER2": "", "ADDRGL1": "28 VALLIERE AVE", "ADDRGL2": "", "CITYGL": "BARRE", "STGL": "VT", "ZIPGL": "05641", "DESCPROP": "1 FAM-0.2046AC & 0.1971AC", "LOCAPROP": "VALLIERE AVE  28", "CAT": "Residential-1", "RESCODE": "T", "ACRESGL": 0.4, "REAL_FLV": 162500, "HSTED_FLV": 162500, "NRES_FLV": 0, "LAND_LV": 36900, "IMPRV_LV": 125600, "EQUIPVAL": 0, "EQUIPCODE": "", "INVENVAL": 0, "HSDECL": "Y", "HSITEVAL": 162500, "VETEXAMT": 0, "EXPDESC": "", "ENDDATE": "", "STATUTE": "", "EXAMT_HS": 0, "EXAMT_NR": 0, "UVREDUC_HS": 0, "UVREDUC_NR": 0, "GLVAL_HS": 1625.0, "GLVAL_NR": 0.0, "CRHOUSPCT": 0.0, "MUNGL1PCT": 1625.0, "AOEGL_HS": 1625.0, "AOEGL_NR": 0.0, "E911ADDR": "28 VALLIERE AVE", "SHAPE_Length": 0.0019905158387772915, "SHAPE_Area": 1.8153393940460372e-07}, "geometry": {"type": "MultiPolygon", "coordinates": [[[[-72.49209345799994, 44.19685621200006], [-72.49227291599993, 44.19669042800007], [-72.49259011899994, 44.19687266900007], [-72.49259579899996, 44.19687593300006], [-72.49264309899996, 44.196902935000026], [-72.49291673099998, 44.19706031100003], [-72.49271967999994, 44.19724212500006], [-72.49240930399998, 44.19705085600003], [-72.49239900199996, 44.197044507000044], [-72.49209345799994, 44.19685621200006]]]]}}, {"type": "Feature", "properties": {"OBJECTID": 6082, "SPAN": "036-011-11352", "GLIST_SPAN": "036-011-11352", "MAPID": "0460-0012.0000", "PARCID": "0460-0012-0000", "PROPTYPE": "PARCEL", "YEAR": 2023, "GLYEAR": 2022, "TOWN": "BARRE CITY", "TNAME": "Barre City", "SOURCENAME": null, "SOURCETYPE": "UNKNOWN", "SOURCEDATE": "UNKNOWN", "EDITMETHOD": "UNKNOWN", "EDITOR": "UNKNOWN", "EDITDATE": "UNKNOWN", "MATCHSTAT": "MATCH", "EDITNOTE": "UNKNOWN", "OWNER1": "MALONEY KERRI MARIE & TATRO RYAN", "OWNER2": "", "ADDRGL1": "12 DELMONT AVE", "ADDRGL2": "", "CITYGL": "BARRE", "STGL": "VT", "ZIPGL": "05641", "DESCPROP": "1 FAM-0.21AC", "LOCAPROP": "DELMONT AVE  12", "CAT": "Residential-1", "RESCODE": "T", "ACRESGL": 0.21, "REAL_FLV": 151840, "HSTED_FLV": 151840, "NRES_FLV": 0, "LAND_LV": 29600, "IMPRV_LV": 122240, "EQUIPVAL": 0, "EQUIPCODE": "", "INVENVAL": 0, "HSDECL": "Y", "HSITEVAL": 151840, "VETEXAMT": 0, "EXPDESC": "", "ENDDATE": "", "STATUTE": "", "EXAMT_HS": 0, "EXAMT_NR": 0, "UVREDUC_HS": 0, "UVREDUC_NR": 0, "GLVAL_HS": 1518.0, "GLVAL_NR": 0.0, "CRHOUSPCT": 0.0, "MUNGL1PCT": 1518.4, "AOEGL_HS": 1518.0, "AOEGL_NR": 0.0, "E911ADDR": "12 DELMONT AVE", "SHAPE_Length": 0.0012771626515791547, "SHAPE_Area": 9.486015308597968e-08}, "geometry": {"type": "MultiPolygon", "coordinates": [[[[-72.49178821199996, 44.196343898000066], [-72.49179329499998, 44.196340242000076], [-72.49188867499998, 44.19638524900006], [-72.49206849099994, 44.19646105700008], [-72.49209233599998, 44.19647020000008], [-72.49184172099996, 44.196698414000025], [-72.49183976499995, 44.19669982000005], [-72.49183781099998, 44.19670122600007], [-72.49183663799994, 44.196700382000074], [-72.49157356599994, 44.19654427100005], [-72.49178821199996, 44.196343898000066]]]]}}, {"type": "Feature", "properties": {"OBJECTID": 6278, "SPAN": "036-011-11555", "GLIST_SPAN": "036-011-11555", "MAPID": "1465-0023.0000", "PARCID": "1465-0023-0000", "PROPTYPE": "PARCEL", "YEAR": 2023, "GLYEAR": 2022, "TOWN": "BARRE CITY", "TNAME": "Barre City", "SOURCENAME": null, "SOURCETYPE": "UNKNOWN", "SOURCEDATE": "UNKNOWN", "EDITMETHOD": "UNKNOWN", "EDITOR": "UNKNOWN", "EDITDATE": "UNKNOWN", "MATCHSTAT": "MATCH", "EDITNOTE": "UNKNOWN", "OWNER1": "PEREZ DAVID L & LINDA M", "OWNER2": "", "ADDRGL1": "23 VALLIERE AVE", "ADDRGL2": "", "CITYGL": "BARRE", "STGL": "VT", "ZIPGL": "05641", "DESCPROP": "1 FAM-0.29AC", "LOCAPROP": "VALLIERE AVE  23", "CAT": "Residential-1", "RESCODE": "T", "ACRESGL": 0.29, "REAL_FLV": 159460, "HSTED_FLV": 159460, "NRES_FLV": 0, "LAND_LV": 34900, "IMPRV_LV": 124560, "EQUIPVAL": 0, "EQUIPCODE": "", "INVENVAL": 0, "HSDECL": "Y", "HSITEVAL": 159460, "VETEXAMT": 0, "EXPDESC": "", "ENDDATE": "", "STATUTE": "", "EXAMT_HS": 0, "EXAMT_NR": 0, "UVREDUC_HS": 0, "UVREDUC_NR": 0, "GLVAL_HS": 1595.0, "GLVAL_NR": 0.0, "CRHOUSPCT": 0.0, "MUNGL1PCT": 1594.6, "AOEGL_HS": 1595.0, "AOEGL_NR": 0.0, "E911ADDR": "23 VALLIERE AVE", "SHAPE_Length": 0.001475515661090998, "SHAPE_Area": 1.2954193742410857e-07}, "geometry": {"type": "MultiPolygon", "coordinates": [[[[-72.49208952499998, 44.19703171000003], [-72.49209108899998, 44.19703072500005], [-72.49238856299996, 44.19721257200007], [-72.49238543499996, 44.197215947000075], [-72.49209337599996, 44.19746862800008], [-72.49196164099999, 44.197391276000076], [-72.49179863599994, 44.19729367200006], [-72.49208952499998, 44.19703171000003]]]]}}, {"type": "Feature", "properties": {"OBJECTID": 6279, "SPAN": "036-011-11556", "GLIST_SPAN": "036-011-11556", "MAPID": "0015-0039.0000", "PARCID": "0015-0039-0000", "PROPTYPE": "PARCEL", "YEAR": 2023, "GLYEAR": 2022, "TOWN": "BARRE CITY", "TNAME": "Barre City", "SOURCENAME": null, "SOURCETYPE": "UNKNOWN", "SOURCEDATE": "UNKNOWN", "EDITMETHOD": "UNKNOWN", "EDITOR": "UNKNOWN", "EDITDATE": "UNKNOWN", "MATCHSTAT": "MATCH", "EDITNOTE": "UNKNOWN", "OWNER1": "BOOK ANDREW & WHEATON-BOOK MEGAN", "OWNER2": "", "ADDRGL1": "39 ACADEMY ST", "ADDRGL2": "", "CITYGL": "BARRE", "STGL": "VT", "ZIPGL": "05641", "DESCPROP": "1 FAM-0.33AC", "LOCAPROP": "ACADEMY ST  39", "CAT": "Residential-1", "RESCODE": "T", "ACRESGL": 0.33, "REAL_FLV": 127050, "HSTED_FLV": 127050, "NRES_FLV": 0, "LAND_LV": 29170, "IMPRV_LV": 97880, "EQUIPVAL": 0, "EQUIPCODE": "", "INVENVAL": 0, "HSDECL": "Y", "HSITEVAL": 127050, "VETEXAMT": 0, "EXPDESC": "", "ENDDATE": "", "STATUTE": "", "EXAMT_HS": 0, "EXAMT_NR": 0, "UVREDUC_HS": 0, "UVREDUC_NR": 0, "GLVAL_HS": 1270.0, "GLVAL_NR": 0.0, "CRHOUSPCT": 0.0, "MUNGL1PCT": 1270.5, "AOEGL_HS": 1270.0, "AOEGL_NR": 0.0, "E911ADDR": "39 ACADEMY ST", "SHAPE_Length": 0.0015818480748323877, "SHAPE_Area": 1.4686836166707844e-07}, "geometry": {"type": "MultiPolygon", "coordinates": [[[[-72.49578273199995, 44.19584813400007], [-72.49587030499998, 44.19576798300005], [-72.49627020399998, 44.19599594700003], [-72.49620022299996, 44.19608552200003], [-72.49619944099999, 44.19608608400006], [-72.49593985999996, 44.196187887000065], [-72.49561071399995, 44.196005064000076], [-72.49578273199995, 44.19584813400007]]]]}}, {"type": "Feature", "properties": {"OBJECTID": 6393, "SPAN": "036-011-11674", "GLIST_SPAN": "036-011-11674", "MAPID": "1415-0014.0000", "PARCID": "1415-0014-0000", "PROPTYPE": "PARCEL", "YEAR": 2023, "GLYEAR": 2022, "TOWN": "BARRE CITY", "TNAME": "Barre City", "SOURCENAME": null, "SOURCETYPE": "UNKNOWN", "SOURCEDATE": "UNKNOWN", "EDITMETHOD": "UNKNOWN", "EDITOR": "UNKNOWN", "EDITDATE": "UNKNOWN", "MATCHSTAT": "MATCH", "EDITNOTE": "UNKNOWN", "OWNER1": "T & R PROPERTY MANAGEMENT LLC", "OWNER2": "", "ADDRGL1": "PO BOX 731", "ADDRGL2": "", "CITYGL": "COLCHESTER", "STGL": "VT", "ZIPGL": "05446-0731", "DESCPROP": "6 APTS-0.16AC", "LOCAPROP": "TERRACE AVE  14", "CAT": "Commercial Apt", "RESCODE": "C", "ACRESGL": 0.16, "REAL_FLV": 169910, "HSTED_FLV": 0, "NRES_FLV": 169910, "LAND_LV": 14090, "IMPRV_LV": 155820, "EQUIPVAL": 0, "EQUIPCODE": "", "INVENVAL": 0, "HSDECL": "N", "HSITEVAL": 0, "VETEXAMT": 0, "EXPDESC": "", "ENDDATE": "", "STATUTE": "", "EXAMT_HS": 0, "EXAMT_NR": 0, "UVREDUC_HS": 0, "UVREDUC_NR": 0, "GLVAL_HS": 0.0, "GLVAL_NR": 1699.1, "CRHOUSPCT": 0.0, "MUNGL1PCT": 1699.1, "AOEGL_HS": 0.0, "AOEGL_NR": 1699.1, "E911ADDR": "14 TERRACE AVE", "SHAPE_Length": 0.0010928066951978958, "SHAPE_Area": 7.153005204856486e-08}, "geometry": {"type": "MultiPolygon", "coordinates": [[[[-72.49585888499996, 44.19696596000006], [-72.49600940599998, 44.196767400000056], [-72.49628539299994, 44.19688300200005], [-72.49613174499996, 44.19707902600004], [-72.49611962199998, 44.19707400300007], [-72.49585888499996, 44.19696596000006]]]]}}, {"type": "Feature", "properties": {"OBJECTID": 6394, "SPAN": "036-011-11675", "GLIST_SPAN": "036-011-11675", "MAPID": "1415-VL00.0001", "PARCID": "1415-VL00-0001", "PROPTYPE": "PARCEL", "YEAR": 2023, "GLYEAR": 2022, "TOWN": "BARRE CITY", "TNAME": "Barre City", "SOURCENAME": null, "SOURCETYPE": "UNKNOWN", "SOURCEDATE": "UNKNOWN", "EDITMETHOD": "UNKNOWN", "EDITOR": "UNKNOWN", "EDITDATE": "UNKNOWN", "MATCHSTAT": "MATCH", "EDITNOTE": "UNKNOWN", "OWNER1": "T & R PROPERTY MANAGEMENT LLC", "OWNER2": "", "ADDRGL1": "PO BOX 731", "ADDRGL2": "", "CITYGL": "COLCHESTER", "STGL": "VT", "ZIPGL": "05446-0731", "DESCPROP": "VAC LAND-0.41AC", "LOCAPROP": "TERRACE AVE   LOT ON TERR LOTS 17&18", "CAT": "Miscellaneous", "RESCODE": "C", "ACRESGL": 0.41, "REAL_FLV": 7830, "HSTED_FLV": 0, "NRES_FLV": 7830, "LAND_LV": 7830, "IMPRV_LV": 0, "EQUIPVAL": 0, "EQUIPCODE": "", "INVENVAL": 0, "HSDECL": "N", "HSITEVAL": 0, "VETEXAMT": 0, "EXPDESC": "", "ENDDATE": "", "STATUTE": "", "EXAMT_HS": 0, "EXAMT_NR": 0, "UVREDUC_HS": 0, "UVREDUC_NR": 0, "GLVAL_HS": 0.0, "GLVAL_NR": 78.3, "CRHOUSPCT": 0.0, "MUNGL1PCT": 78.3, "AOEGL_HS": 0.0, "AOEGL_NR": 78.3, "E911ADDR": "TERRACE AVE", "SHAPE_Length": 0.0020526692251818224, "SHAPE_Area": 1.8703986261291716e-07}, "geometry": {"type": "MultiPolygon", "coordinates": [[[[-72.49522870299995, 44.196985478000045], [-72.49538665499995, 44.19677567400004], [-72.49538782799993, 44.19677426800007], [-72.49552660399996, 44.196832210000025], [-72.49574515399996, 44.196539862000066], [-72.49597540499997, 44.19663057200006], [-72.49575372699996, 44.19692250000003], [-72.49559538499994, 44.19713174100008], [-72.49522792099998, 44.19698646200004], [-72.49522870299995, 44.196985478000045]]]]}}, {"type": "Feature", "properties": {"OBJECTID": 6462, "SPAN": "036-011-11740", "GLIST_SPAN": "036-011-11740", "MAPID": "0460-0006.0000", "PARCID": "0460-0006-0000", "PROPTYPE": "PARCEL", "YEAR": 2023, "GLYEAR": 2022, "TOWN": "BARRE CITY", "TNAME": "Barre City", "SOURCENAME": null, "SOURCETYPE": "UNKNOWN", "SOURCEDATE": "UNKNOWN", "EDITMETHOD": "UNKNOWN", "EDITOR": "UNKNOWN", "EDITDATE": "UNKNOWN", "MATCHSTAT": "MATCH", "EDITNOTE": "UNKNOWN", "OWNER1": "ROGERS CANDACE", "OWNER2": "", "ADDRGL1": "6 DELMONT AVE", "ADDRGL2": "", "CITYGL": "BARRE", "STGL": "VT", "ZIPGL": "05641", "DESCPROP": "1 FAM-0.38AC", "LOCAPROP": "DELMONT AVE   6", "CAT": "Residential-1", "RESCODE": "T", "ACRESGL": 0.38, "REAL_FLV": 162000, "HSTED_FLV": 162000, "NRES_FLV": 0, "LAND_LV": 37600, "IMPRV_LV": 124400, "EQUIPVAL": 0, "EQUIPCODE": "", "INVENVAL": 0, "HSDECL": "Y", "HSITEVAL": 162000, "VETEXAMT": 0, "EXPDESC": "", "ENDDATE": "", "STATUTE": "", "EXAMT_HS": 0, "EXAMT_NR": 0, "UVREDUC_HS": 0, "UVREDUC_NR": 0, "GLVAL_HS": 1620.0, "GLVAL_NR": 0.0, "CRHOUSPCT": 0.0, "MUNGL1PCT": 1620.0, "AOEGL_HS": 1620.0, "AOEGL_NR": 0.0, "E911ADDR": "6 DELMONT AVE", "SHAPE_Length": 0.0017432908452306131, "SHAPE_Area": 1.8270987379006513e-07}, "geometry": {"type": "MultiPolygon", "coordinates": [[[[-72.49273030599994, 44.19666036500007], [-72.49275298699996, 44.19659666300004], [-72.49275455099996, 44.19659680500007], [-72.49279598899994, 44.19660074500007], [-72.49279677099997, 44.196600885000066], [-72.49324633299995, 44.196645912000065], [-72.49327096099995, 44.19665519500006], [-72.49327877899998, 44.19666096100008], [-72.49328737799993, 44.19666982000007], [-72.49329558599999, 44.196679525000036], [-72.49329753999996, 44.196691618000045], [-72.49329636599998, 44.19669935200005], [-72.49329245499996, 44.19670877400006], [-72.49328737299999, 44.196718055000076], [-72.49291673099998, 44.19706031100003], [-72.49264309899996, 44.196902935000026], [-72.49273030599994, 44.19666036500007]]]]}}, {"type": "Feature", "properties": {"OBJECTID": 6507, "SPAN": "036-011-11787", "GLIST_SPAN": "036-011-11787", "MAPID": "0785-0018.0000", "PARCID": "0785-0018-0000", "PROPTYPE": "PARCEL", "YEAR": 2023, "GLYEAR": 2022, "TOWN": "BARRE CITY", "TNAME": "Barre City", "SOURCENAME": null, "SOURCETYPE": "UNKNOWN", "SOURCEDATE": "UNKNOWN", "EDITMETHOD": "UNKNOWN", "EDITOR": "UNKNOWN", "EDITDATE": "UNKNOWN", "MATCHSTAT": "MATCH", "EDITNOTE": "UNKNOWN", "OWNER1": "SMEDLEY DONALD J", "OWNER2": "", "ADDRGL1": "18 HIGHLAND AVE APT 1", "ADDRGL2": "", "CITYGL": "BARRE", "STGL": "VT", "ZIPGL": "05641", "DESCPROP": "2 APTS-0.14AC", "LOCAPROP": "HIGHLAND AVE  18", "CAT": "Residential-1", "RESCODE": "T", "ACRESGL": 0.14, "REAL_FLV": 193800, "HSTED_FLV": 105300, "NRES_FLV": 88500, "LAND_LV": 13000, "IMPRV_LV": 180800, "EQUIPVAL": 0, "EQUIPCODE": "", "INVENVAL": 0, "HSDECL": "Y", "HSITEVAL": 105300, "VETEXAMT": 0, "EXPDESC": "", "ENDDATE": "", "STATUTE": "", "EXAMT_HS": 0, "EXAMT_NR": 0, "UVREDUC_HS": 0, "UVREDUC_NR": 0, "GLVAL_HS": 1053.0, "GLVAL_NR": 885.0, "CRHOUSPCT": 0.0, "MUNGL1PCT": 1938.0, "AOEGL_HS": 1053.0, "AOEGL_NR": 885.0, "E911ADDR": "18 HIGHLAND AVE", "SHAPE_Length": 0.0011475738373257455, "SHAPE_Area": 6.942378665759893e-08}, "geometry": {"type": "MultiPolygon", "coordinates": [[[[-72.49612050999997, 44.195538774000056], [-72.49629213499998, 44.19538184400005], [-72.49658805099995, 44.19554764900005], [-72.49652159399994, 44.195558756000025], [-72.49646881599995, 44.195623441000066], [-72.49640782799997, 44.19569811100007], [-72.49612050999997, 44.195538774000056]]]]}}, {"type": "Feature", "properties": {"OBJECTID": 6521, "SPAN": "036-011-11801", "GLIST_SPAN": "036-011-11801", "MAPID": "0785-0035.0000", "PARCID": "0785-0035-0000", "PROPTYPE": "PARCEL", "YEAR": 2023, "GLYEAR": 2022, "TOWN": "BARRE CITY", "TNAME": "Barre City", "SOURCENAME": null, "SOURCETYPE": "UNKNOWN", "SOURCEDATE": "UNKNOWN", "EDITMETHOD": "UNKNOWN", "EDITOR": "UNKNOWN", "EDITDATE": "UNKNOWN", "MATCHSTAT": "MATCH", "EDITNOTE": "UNKNOWN", "OWNER1": "WINDERS GARY R & BETTY-JEAN E", "OWNER2": "", "ADDRGL1": "PO BOX 202", "ADDRGL2": "", "CITYGL": "WASHINGTON", "STGL": "VT", "ZIPGL": "05675-0202", "DESCPROP": "GARAGE-0.75AC", "LOCAPROP": "HIGHLAND AVE  35", "CAT": "Residential-1", "RESCODE": "S", "ACRESGL": 0.75, "REAL_FLV": 10300, "HSTED_FLV": 0, "NRES_FLV": 10300, "LAND_LV": 6300, "IMPRV_LV": 4000, "EQUIPVAL": 0, "EQUIPCODE": "", "INVENVAL": 0, "HSDECL": "N", "HSITEVAL": 0, "VETEXAMT": 0, "EXPDESC": "", "ENDDATE": "", "STATUTE": "", "EXAMT_HS": 0, "EXAMT_NR": 0, "UVREDUC_HS": 0, "UVREDUC_NR": 0, "GLVAL_HS": 0.0, "GLVAL_NR": 103.0, "CRHOUSPCT": 0.0, "MUNGL1PCT": 103.0, "AOEGL_HS": 0.0, "AOEGL_NR": 103.0, "E911ADDR": "35 HIGHLAND AVE", "SHAPE_Length": 0.002727185938057826, "SHAPE_Area": 4.1228815674409296e-07}, "geometry": {"type": "MultiPolygon", "coordinates": [[[[-72.49488040899996, 44.19668776200007], [-72.49473342799996, 44.19660267900008], [-72.49470879799998, 44.19662545800003], [-72.49455282499997, 44.196540655000035], [-72.49425729899997, 44.196378923000054], [-72.49444535199996, 44.19620455900008], [-72.49454035399998, 44.19611625200008], [-72.49470142899997, 44.19596691700008], [-72.49514549799994, 44.19621204300006], [-72.49514745299996, 44.19621316900003], [-72.49513376799996, 44.19623327700003], [-72.49512164799995, 44.19625915200004], [-72.49511265499996, 44.19627729200005], [-72.49510678999997, 44.19629051000004], [-72.49510248799999, 44.196309635000034], [-72.49510092299994, 44.19632805700007], [-72.49510131299996, 44.19634029000008], [-72.49510482899996, 44.19636616500003], [-72.49511420899995, 44.19639246300005], [-72.49511577199996, 44.19639949400005], [-72.49515836799998, 44.19659144700006], [-72.49515993099999, 44.196597213000075], [-72.49516188499996, 44.19659707300008], [-72.49512082099994, 44.19681264700006], [-72.49488040899996, 44.19668776200007]]]]}}, {"type": "Feature", "properties": {"OBJECTID": 6522, "SPAN": "036-011-11802", "GLIST_SPAN": "036-011-11802", "MAPID": "0785-0036.0000", "PARCID": "0785-0036-0000", "PROPTYPE": "PARCEL", "YEAR": 2023, "GLYEAR": 2022, "TOWN": "BARRE CITY", "TNAME": "Barre City", "SOURCENAME": null, "SOURCETYPE": "UNKNOWN", "SOURCEDATE": "UNKNOWN", "EDITMETHOD": "UNKNOWN", "EDITOR": "UNKNOWN", "EDITDATE": "UNKNOWN", "MATCHSTAT": "MATCH", "EDITNOTE": "UNKNOWN", "OWNER1": "WINDERS GARY R & BETTY-JEAN E", "OWNER2": "", "ADDRGL1": "PO BOX 202", "ADDRGL2": "", "CITYGL": "WASHINGTON", "STGL": "VT", "ZIPGL": "05675-0202", "DESCPROP": "2 APTS-0.17AC", "LOCAPROP": "HIGHLAND AVE  36", "CAT": "Residential-1", "RESCODE": "S", "ACRESGL": 0.17, "REAL_FLV": 219900, "HSTED_FLV": 0, "NRES_FLV": 219900, "LAND_LV": 15800, "IMPRV_LV": 204100, "EQUIPVAL": 0, "EQUIPCODE": "", "INVENVAL": 0, "HSDECL": "N", "HSITEVAL": 0, "VETEXAMT": 0, "EXPDESC": "", "ENDDATE": "", "STATUTE": "", "EXAMT_HS": 0, "EXAMT_NR": 0, "UVREDUC_HS": 0, "UVREDUC_NR": 0, "GLVAL_HS": 0.0, "GLVAL_NR": 2199.0, "CRHOUSPCT": 0.0, "MUNGL1PCT": 2199.0, "AOEGL_HS": 0.0, "AOEGL_NR": 2199.0, "E911ADDR": "36 HIGHLAND AVE", "SHAPE_Length": 0.0011318642128422753, "SHAPE_Area": 8.055270876704407e-08}, "geometry": {"type": "MultiPolygon", "coordinates": [[[[-72.49531945499996, 44.19627631600008], [-72.49543478599998, 44.19616551000007], [-72.49571819599998, 44.19632034700004], [-72.49554422299997, 44.196454636000055], [-72.49534328499993, 44.19647445600003], [-72.49527605599997, 44.19634676700008], [-72.49531789099996, 44.19627716000008], [-72.49531945499996, 44.19627631600008]]]]}}, {"type": "Feature", "properties": {"OBJECTID": 6588, "SPAN": "036-011-11871", "GLIST_SPAN": "036-011-11871", "MAPID": "0460-0005.0000", "PARCID": "0460-0005-0000", "PROPTYPE": "PARCEL", "YEAR": 2023, "GLYEAR": 2022, "TOWN": "BARRE CITY", "TNAME": "Barre City", "SOURCENAME": null, "SOURCETYPE": "UNKNOWN", "SOURCEDATE": "UNKNOWN", "EDITMETHOD": "UNKNOWN", "EDITOR": "UNKNOWN", "EDITDATE": "UNKNOWN", "MATCHSTAT": "MATCH", "EDITNOTE": "UNKNOWN", "OWNER1": "LECLERC DORIS L - LIFE ESTATE;", "OWNER2": "CHADWICK CAROLE ET AL", "ADDRGL1": "5 DELMONT AVE", "ADDRGL2": "", "CITYGL": "BARRE", "STGL": "VT", "ZIPGL": "05641", "DESCPROP": "1 FAM-0.32AC", "LOCAPROP": "DELMONT AVE   5", "CAT": "Residential-1", "RESCODE": "T", "ACRESGL": 0.32, "REAL_FLV": 141310, "HSTED_FLV": 141310, "NRES_FLV": 0, "LAND_LV": 35600, "IMPRV_LV": 105710, "EQUIPVAL": 0, "EQUIPCODE": "", "INVENVAL": 0, "HSDECL": "Y", "HSITEVAL": 141310, "VETEXAMT": 0, "EXPDESC": "", "ENDDATE": "", "STATUTE": "", "EXAMT_HS": 0, "EXAMT_NR": 0, "UVREDUC_HS": 0, "UVREDUC_NR": 0, "GLVAL_HS": 1413.0, "GLVAL_NR": 0.0, "CRHOUSPCT": 0.0, "MUNGL1PCT": 1413.1, "AOEGL_HS": 1413.0, "AOEGL_NR": 0.0, "E911ADDR": "5 DELMONT AVE", "SHAPE_Length": 0.0016805942624950085, "SHAPE_Area": 1.437777696364276e-07}, "geometry": {"type": "MultiPolygon", "coordinates": [[[[-72.49317913299996, 44.196301521000066], [-72.49320573199998, 44.19615991400008], [-72.49345474899997, 44.196185101000026], [-72.49359977999995, 44.19619973400006], [-72.49355049499997, 44.196458619000055], [-72.49365604099995, 44.19650179700005], [-72.49364469899996, 44.196556076000036], [-72.49364391699999, 44.196558749000076], [-72.49361107999994, 44.19655284000004], [-72.49356495099994, 44.196545385000036], [-72.49353133199998, 44.196540180000056], [-72.49352898599994, 44.19653975800003], [-72.49348285699995, 44.19653441200006], [-72.49326511299995, 44.19651063300006], [-72.49314275499995, 44.196497830000055], [-72.49317913299996, 44.196301521000066]]]]}}]}