{"type": "FeatureCollection", "features": [{"type": "Feature", "properties": {"OBJECTID": 320394, "SPAN": null, "GLIST_SPAN": null, "MAPID": "054-3-011-000", "PARCID": null, "PROPTYPE": "PARCEL", "YEAR": 2018, "GLYEAR": null, "TOWN": "BURLINGTON", "TNAME": null, "SOURCENAME": null, "SOURCETYPE": "UNKNOWN", "SOURCEDATE": "UNKNOWN", "EDITMETHOD": "UNKNOWN", "EDITOR": "UNKNOWN", "EDITDATE": "UNKNOWN", "MATCHSTAT": "UNMATCHED", "EDITNOTE": "UNKNOWN", "OWNER1": null, "OWNER2": null, "ADDRGL1": null, "ADDRGL2": null, "CITYGL": null, "STGL": null, "ZIPGL": null, "DESCPROP": null, "LOCAPROP": null, "CAT": null, "RESCODE": null, "ACRESGL": null, "REAL_FLV": null, "HSTED_FLV": null, "NRES_FLV": null, "LAND_LV": null, "IMPRV_LV": null, "EQUIPVAL": null, "EQUIPCODE": null, "INVENVAL": null, "HSDECL": null, "HSITEVAL": null, "VETEXAMT": null, "EXPDESC": null, "ENDDATE": null, "STATUTE": null, "EXAMT_HS": null, "EXAMT_NR": null, "UVREDUC_HS": null, "UVREDUC_NR": null, "GLVAL_HS": null, "GLVAL_NR": null, "CRHOUSPCT": null, "MUNGL1PCT": null, "AOEGL_HS": null, "AOEGL_NR": null, "E911ADDR": null, "SHAPE_Length": 0.0027708778959511845, "SHAPE_Area": 4.393723427101583e-07}, "geometry": {"type": "MultiPolygon", "coordinates": [[[[-73.20101436099998, 44.46714650300004], [-73.20127764299997, 44.466306529000065], [-73.20177615599994, 44.46638432200007], [-73.20157602599994, 44.46702057700003], [-73.20151172399994, 44.467226132000064], [-73.20149047599995, 44.46722274800004], [-73.20101436099998, 44.46714650300004]]]]}}, {"type": "Feature", "properties": {"OBJECTID": 320463, "SPAN": null, "GLIST_SPAN": null, "MAPID": "054-1-139-000", "PARCID": null, "PROPTYPE": "PARCEL", "YEAR": 2018, "GLYEAR": null, "TOWN": "BURLINGTON", "TNAME": null, "SOURCENAME": null, "SOURCETYPE": "UNKNOWN", "SOURCEDATE": "UNKNOWN", "EDITMETHOD": "UNKNOWN", "EDITOR": "UNKNOWN", "EDITDATE": "UNKNOWN", "MATCHSTAT": "UNMATCHED", "EDITNOTE": "UNKNOWN", "OWNER1": null, "OWNER2": null, "ADDRGL1": null, "ADDRGL2": null, "CITYGL": null, "STGL": null, "ZIPGL": null, "DESCPROP": null, "LOCAPROP": null, "CAT": null, "RESCODE": null, "ACRESGL": null, "REAL_FLV": null, "HSTED_FLV": null, "NRES_FLV": null, "LAND_LV": null, "IMPRV_LV": null, "EQUIPVAL": null, "EQUIPCODE": null, "INVENVAL": null, "HSDECL": null, "HSITEVAL": null, "VETEXAMT": null, "EXPDESC": null, "ENDDATE": null, "STATUTE": null, "EXAMT_HS": null, "EXAMT_NR": null, "UVREDUC_HS": null, "UVREDUC_NR": null, "GLVAL_HS": null, "GLVAL_NR": null, "CRHOUSPCT": null, "MUNGL1PCT": null, "AOEGL_HS": null, "AOEGL_NR": null, "E911ADDR": null, "SHAPE_Length": 0.0030162426960949873, "SHAPE_Area": 3.7660807019256534e-07}, "geometry": {"type": "MultiPolygon", "coordinates": [[[[-73.20395269899996, 44.46913475200006], [-73.20357928799996, 44.46881504000004], [-73.20363414199994, 44.46877153300005], [-73.20368267099997, 44.468724690000045], [-73.20376731299996, 44.46864359500006], [-73.20426394899994, 44.46882460100005], [-73.20425493199997, 44.46892393100006], [-73.20474049499995, 44.46886989300003], [-73.20475650299994, 44.468934481000076], [-73.20477970099995, 44.468997940000065], [-73.20480993899997, 44.469059859000026], [-73.20482353099999, 44.469079743000066], [-73.20452377899994, 44.46917018100004], [-73.20438834999999, 44.469208421000076], [-73.20405120099997, 44.46922638900003], [-73.20395269899996, 44.46913475200006]]]]}}, {"type": "Feature", "properties": {"OBJECTID": 321002, "SPAN": null, "GLIST_SPAN": null, "MAPID": "054-1-147-000", "PARCID": null, "PROPTYPE": "PARCEL", "YEAR": 2018, "GLYEAR": null, "TOWN": "BURLINGTON", "TNAME": null, "SOURCENAME": null, "SOURCETYPE": "UNKNOWN", "SOURCEDATE": "UNKNOWN", "EDITMETHOD": "UNKNOWN", "EDITOR": "UNKNOWN", "EDITDATE": "UNKNOWN", "MATCHSTAT": "UNMATCHED", "EDITNOTE": "UNKNOWN", "OWNER1": null, "OWNER2": null, "ADDRGL1": null, "ADDRGL2": null, "CITYGL": null, "STGL": null, "ZIPGL": null, "DESCPROP": null, "LOCAPROP": null, "CAT": null, "RESCODE": null, "ACRESGL": null, "REAL_FLV": null, "HSTED_FLV": null, "NRES_FLV": null, "LAND_LV": null, "IMPRV_LV": null, "EQUIPVAL": null, "EQUIPCODE": null, "INVENVAL": null, "HSDECL": null, "HSITEVAL": null, "VETEXAMT": null, "EXPDESC": null, "ENDDATE": null, "STATUTE": null, "EXAMT_HS": null, "EXAMT_NR": null, "UVREDUC_HS": null, "UVREDUC_NR": null, "GLVAL_HS": null, "GLVAL_NR": null, "CRHOUSPCT": null, "MUNGL1PCT": null, "AOEGL_HS": null, "AOEGL_NR": null, "E911ADDR": null, "SHAPE_Length": 0.0012129437175035372, "SHAPE_Area": 6.804292049288296e-08}, "geometry": {"type": "MultiPolygon", "coordinates": [[[[-73.20281758099998, 44.46758877000008], [-73.20282132299997, 44.46724606400005], [-73.20300948399995, 44.46724968600006], [-73.20300884099998, 44.46758871800006], [-73.20291760699996, 44.46757873300004], [-73.20285319599998, 44.46764395300005], [-73.20283287599995, 44.467635209000036], [-73.20281103699995, 44.46762860100006], [-73.20278811699995, 44.46762426300006], [-73.20276457099999, 44.467622282000036], [-73.20280095799995, 44.467610809000064], [-73.20280529099995, 44.46760867900008], [-73.20280910199995, 44.467606088000025], [-73.20281229699998, 44.46760309900003], [-73.20281479499994, 44.46759978700004], [-73.20281653299998, 44.46759623600008], [-73.20281746999996, 44.467592532000026], [-73.20281758099998, 44.46758877000008]]]]}}, {"type": "Feature", "properties": {"OBJECTID": 276968, "SPAN": "114-035-18261", "GLIST_SPAN": "114-035-18261", "MAPID": "050-4-098-001", "PARCID": "050-4-098.001", "PROPTYPE": "PARCEL", "YEAR": 2018, "GLYEAR": 2022, "TOWN": "BURLINGTON", "TNAME": "Burlington", "SOURCENAME": null, "SOURCETYPE": "UNKNOWN", "SOURCEDATE": "UNKNOWN", "EDITMETHOD": "UNKNOWN", "EDITOR": "UNKNOWN", "EDITDATE": "UNKNOWN", "MATCHSTAT": "MATCH", "EDITNOTE": "UNKNOWN", "OWNER1": "UNIVERSITY OF VERMONT CAMPUS PLANNING S", "OWNER2": "CATAMOUNT REDSTONE APTS LLC (LESSEE)", "ADDRGL1": "C/O REDSTONE", "ADDRGL2": "PO BOX 790", "CITYGL": "BURLINGTON", "STGL": "VT", "ZIPGL": "05402", "DESCPROP": "81 APT UNITS  LEASE EXP 12/29/2059  Cata", "LOCAPROP": "N", "CAT": "Commercial Apt", "RESCODE": "C", "ACRESGL": 4.53, "REAL_FLV": 14130100, "HSTED_FLV": 0, "NRES_FLV": 14130100, "LAND_LV": 758500, "IMPRV_LV": 13371600, "EQUIPVAL": 0, "EQUIPCODE": "", "INVENVAL": 0, "HSDECL": "N", "HSITEVAL": 0, "VETEXAMT": 0, "EXPDESC": "", "ENDDATE": "", "STATUTE": "", "EXAMT_HS": 0, "EXAMT_NR": 0, "UVREDUC_HS": 0, "UVREDUC_NR": 0, "GLVAL_HS": 0.0, "GLVAL_NR": 141301.0, "CRHOUSPCT": 0.0, "MUNGL1PCT": 141301.0, "AOEGL_HS": 0.0, "AOEGL_NR": 141301.0, "E911ADDR": "500 SOUTH PROSPECT ST", "SHAPE_Length": 0.006022386944296593, "SHAPE_Area": 2.074031862846547e-06}, "geometry": {"type": "MultiPolygon", "coordinates": [[[[-73.20052011299998, 44.465730267000026], [-73.20121189099996, 44.46570199900003], [-73.20080891999999, 44.46697956700007], [-73.19991901399999, 44.466854210000065], [-73.19906879899997, 44.466487588000064], [-73.19905319099996, 44.465790070000025], [-73.20051947299999, 44.465730294000025], [-73.20052011299998, 44.465730267000026]]]]}}, {"type": "Feature", "properties": {"OBJECTID": 306613, "SPAN": "600-188-10045", "GLIST_SPAN": "600-188-10045", "MAPID": "0610-00055.", "PARCID": "0610-00055.", "PROPTYPE": "PARCEL", "YEAR": 2018, "GLYEAR": 2022, "TOWN": "SOUTH BURLINGTON", "TNAME": "South Burlington", "SOURCENAME": "CITY", "SOURCETYPE": "UNKNOWN", "SOURCEDATE": "UNKNOWN", "EDITMETHOD": "UNKNOWN", "EDITOR": "UNKNOWN", "EDITDATE": "UNKNOWN", "MATCHSTAT": "MATCH", "EDITNOTE": null, "OWNER1": "SHANDEC PROPERTIES LLC", "OWNER2": "C/O FULL CIRCLE PROPERTY MGMT", "ADDRGL1": "PO BOX 4057", "ADDRGL2": "", "CITYGL": "BURLINGTON", "STGL": "VT", "ZIPGL": "05406", "DESCPROP": ".34A DWL", "LOCAPROP": "", "CAT": "Residential-1", "RESCODE": "C", "ACRESGL": 0.34, "REAL_FLV": 433400, "HSTED_FLV": 0, "NRES_FLV": 433400, "LAND_LV": 142300, "IMPRV_LV": 291100, "EQUIPVAL": 0, "EQUIPCODE": "", "INVENVAL": 0, "HSDECL": "N", "HSITEVAL": 433400, "VETEXAMT": 0, "EXPDESC": "", "ENDDATE": "", "STATUTE": "", "EXAMT_HS": 0, "EXAMT_NR": 0, "UVREDUC_HS": 0, "UVREDUC_NR": 0, "GLVAL_HS": 0.0, "GLVAL_NR": 4334.0, "CRHOUSPCT": 0.0, "MUNGL1PCT": 4334.0, "AOEGL_HS": 0.0, "AOEGL_NR": 4334.0, "E911ADDR": "55 EAST TERR", "SHAPE_Length": 0.0016782433040766986, "SHAPE_Area": 1.5491034807642145e-07}, "geometry": {"type": "MultiPolygon", "coordinates": [[[[-73.19003898299997, 44.46591179600006], [-73.19059599099995, 44.46585727100006], [-73.19061539899997, 44.46595431800006], [-73.19062345699996, 44.46599473200007], [-73.19065123399997, 44.466128748000074], [-73.19008880199993, 44.46618369000004], [-73.19004696999997, 44.46595678500006], [-73.19003898299997, 44.46591179600006]]]]}}, {"type": "Feature", "properties": {"OBJECTID": 307289, "SPAN": "600-188-10881", "GLIST_SPAN": "600-188-10881", "MAPID": "0610-00061.", "PARCID": "0610-00061.", "PROPTYPE": "PARCEL", "YEAR": 2018, "GLYEAR": 2022, "TOWN": "SOUTH BURLINGTON", "TNAME": "South Burlington", "SOURCENAME": "CITY", "SOURCETYPE": "UNKNOWN", "SOURCEDATE": "UNKNOWN", "EDITMETHOD": "UNKNOWN", "EDITOR": "UNKNOWN", "EDITDATE": "UNKNOWN", "MATCHSTAT": "MATCH", "EDITNOTE": null, "OWNER1": "PYLE ROBIN L & MATTHEW F", "OWNER2": "", "ADDRGL1": "61 EAST TERR", "ADDRGL2": "", "CITYGL": "S BURLINGTON", "STGL": "VT", "ZIPGL": "05403", "DESCPROP": ".34A DWL", "LOCAPROP": "", "CAT": "Residential-1", "RESCODE": "T", "ACRESGL": 0.34, "REAL_FLV": 394000, "HSTED_FLV": 394000, "NRES_FLV": 0, "LAND_LV": 118600, "IMPRV_LV": 275400, "EQUIPVAL": 0, "EQUIPCODE": "", "INVENVAL": 0, "HSDECL": "Y", "HSITEVAL": 394000, "VETEXAMT": 0, "EXPDESC": "", "ENDDATE": "", "STATUTE": "", "EXAMT_HS": 0, "EXAMT_NR": 0, "UVREDUC_HS": 0, "UVREDUC_NR": 0, "GLVAL_HS": 3940.0, "GLVAL_NR": 0.0, "CRHOUSPCT": 0.0, "MUNGL1PCT": 3940.0, "AOEGL_HS": 3940.0, "AOEGL_NR": 0.0, "E911ADDR": "61 EAST TERR", "SHAPE_Length": 0.0016360260952084755, "SHAPE_Area": 1.4819934062706506e-07}, "geometry": {"type": "MultiPolygon", "coordinates": [[[[-73.18989468899997, 44.46509526400007], [-73.19043443299995, 44.46504815800006], [-73.19046460799996, 44.46519927700007], [-73.19047640799994, 44.46525798300007], [-73.19048755599994, 44.46531346000006], [-73.18994262099994, 44.46536715900004], [-73.18990268699997, 44.46514030600008], [-73.18989468899997, 44.46509526400007]]]]}}, {"type": "Feature", "properties": {"OBJECTID": 307290, "SPAN": "600-188-10475", "GLIST_SPAN": "600-188-10475", "MAPID": "1640-00250.", "PARCID": "1640-00250.", "PROPTYPE": "PARCEL", "YEAR": 2018, "GLYEAR": 2022, "TOWN": "SOUTH BURLINGTON", "TNAME": "South Burlington", "SOURCENAME": "CITY", "SOURCETYPE": "UNKNOWN", "SOURCEDATE": "UNKNOWN", "EDITMETHOD": "UNKNOWN", "EDITOR": "UNKNOWN", "EDITDATE": "UNKNOWN", "MATCHSTAT": "MATCH", "EDITNOTE": null, "OWNER1": "CONNOLLY QUALIFIED DOMESTIC TRUST", "OWNER2": "C/O FULL CIRCLE PROPERTY MGMT", "ADDRGL1": "PO BOX 4057", "ADDRGL2": "", "CITYGL": "BURLINGTON", "STGL": "VT", "ZIPGL": "05406", "DESCPROP": ".52A DUPLEX", "LOCAPROP": "DUPLEX - 250 & 252 SPEAR", "CAT": "Residential-1", "RESCODE": "T", "ACRESGL": 0.52, "REAL_FLV": 611500, "HSTED_FLV": 0, "NRES_FLV": 611500, "LAND_LV": 100500, "IMPRV_LV": 511000, "EQUIPVAL": 0, "EQUIPCODE": "", "INVENVAL": 0, "HSDECL": "N", "HSITEVAL": 611500, "VETEXAMT": 0, "EXPDESC": "", "ENDDATE": "", "STATUTE": "", "EXAMT_HS": 0, "EXAMT_NR": 0, "UVREDUC_HS": 0, "UVREDUC_NR": 0, "GLVAL_HS": 0.0, "GLVAL_NR": 6115.0, "CRHOUSPCT": 0.0, "MUNGL1PCT": 6115.0, "AOEGL_HS": 0.0, "AOEGL_NR": 6115.0, "E911ADDR": "250252 SPEAR ST", "SHAPE_Length": 0.0019575553267090207, "SHAPE_Area": 2.3337723267210112e-07}, "geometry": {"type": "MultiPolygon", "coordinates": [[[[-73.19072318199994, 44.466600784000036], [-73.19069193299998, 44.46639932700003], [-73.19067097299995, 44.46626422500003], [-73.19122951399999, 44.466218181000045], [-73.19123834799996, 44.46626241400003], [-73.19130201199994, 44.46662633300008], [-73.19073526099999, 44.466673084000035], [-73.19072934399998, 44.46664025900003], [-73.19072318199994, 44.466600784000036]]]]}}, {"type": "Feature", "properties": {"OBJECTID": 307293, "SPAN": "600-188-10476", "GLIST_SPAN": "600-188-10476", "MAPID": "1640-00320.", "PARCID": "1640-00320.", "PROPTYPE": "PARCEL", "YEAR": 2018, "GLYEAR": 2022, "TOWN": "SOUTH BURLINGTON", "TNAME": "South Burlington", "SOURCENAME": "CITY", "SOURCETYPE": "UNKNOWN", "SOURCEDATE": "UNKNOWN", "EDITMETHOD": "UNKNOWN", "EDITOR": "UNKNOWN", "EDITDATE": "UNKNOWN", "MATCHSTAT": "MATCH", "EDITNOTE": null, "OWNER1": "EISENBERG KARIN", "OWNER2": "", "ADDRGL1": "320 SPEAR ST", "ADDRGL2": "", "CITYGL": "S BURLINGTON", "STGL": "VT", "ZIPGL": "05403", "DESCPROP": ".26A DWL", "LOCAPROP": "", "CAT": "Residential-1", "RESCODE": "T", "ACRESGL": 0.26, "REAL_FLV": 395900, "HSTED_FLV": 395900, "NRES_FLV": 0, "LAND_LV": 97700, "IMPRV_LV": 298200, "EQUIPVAL": 0, "EQUIPCODE": "", "INVENVAL": 0, "HSDECL": "Y", "HSITEVAL": 395900, "VETEXAMT": 0, "EXPDESC": "", "ENDDATE": "", "STATUTE": "", "EXAMT_HS": 0, "EXAMT_NR": 0, "UVREDUC_HS": 0, "UVREDUC_NR": 0, "GLVAL_HS": 3959.0, "GLVAL_NR": 0.0, "CRHOUSPCT": 0.0, "MUNGL1PCT": 3959.0, "AOEGL_HS": 3959.0, "AOEGL_NR": 0.0, "E911ADDR": "320 SPEAR ST", "SHAPE_Length": 0.0015808077817282865, "SHAPE_Area": 1.223632723948292e-07}, "geometry": {"type": "MultiPolygon", "coordinates": [[[[-73.19034456499998, 44.464504247000036], [-73.19032361099994, 44.46440465900008], [-73.19089456099994, 44.464349413000036], [-73.19094209999997, 44.46456221900007], [-73.19036492399994, 44.464610494000055], [-73.19034456499998, 44.464504247000036]]]]}}, {"type": "Feature", "properties": {"OBJECTID": 308469, "SPAN": "600-188-13216", "GLIST_SPAN": "600-188-13216", "MAPID": "1640-00280.", "PARCID": "1640-00280.", "PROPTYPE": "PARCEL", "YEAR": 2018, "GLYEAR": 2022, "TOWN": "SOUTH BURLINGTON", "TNAME": "South Burlington", "SOURCENAME": "CITY", "SOURCETYPE": "UNKNOWN", "SOURCEDATE": "UNKNOWN", "EDITMETHOD": "UNKNOWN", "EDITOR": "UNKNOWN", "EDITDATE": "UNKNOWN", "MATCHSTAT": "MATCH", "EDITNOTE": null, "OWNER1": "BEAUVAIS PAULA", "OWNER2": "", "ADDRGL1": "280 SPEAR ST", "ADDRGL2": "", "CITYGL": "S BURLINGTON", "STGL": "VT", "ZIPGL": "05403", "DESCPROP": ".26A; DWL", "LOCAPROP": "", "CAT": "Residential-1", "RESCODE": "T", "ACRESGL": 0.26, "REAL_FLV": 367200, "HSTED_FLV": 367200, "NRES_FLV": 0, "LAND_LV": 97700, "IMPRV_LV": 269500, "EQUIPVAL": 0, "EQUIPCODE": "", "INVENVAL": 0, "HSDECL": "Y", "HSITEVAL": 367200, "VETEXAMT": 0, "EXPDESC": "", "ENDDATE": "", "STATUTE": "", "EXAMT_HS": 0, "EXAMT_NR": 0, "UVREDUC_HS": 0, "UVREDUC_NR": 0, "GLVAL_HS": 3672.0, "GLVAL_NR": 0.0, "CRHOUSPCT": 0.0, "MUNGL1PCT": 3672.0, "AOEGL_HS": 3672.0, "AOEGL_NR": 0.0, "E911ADDR": "280 SPEAR ST", "SHAPE_Length": 0.0015337253116431673, "SHAPE_Area": 1.1535038774216295e-07}, "geometry": {"type": "MultiPolygon", "coordinates": [[[[-73.19048755599994, 44.46531346000006], [-73.19047640799994, 44.46525798300007], [-73.19102991999995, 44.46519965500005], [-73.19103572899996, 44.46523503100008], [-73.19107525499999, 44.46540279800007], [-73.19051707799997, 44.46546163100004], [-73.19050644299995, 44.46540783900008], [-73.19048755599994, 44.46531346000006]]]]}}, {"type": "Feature", "properties": {"OBJECTID": 308627, "SPAN": "600-188-11616", "GLIST_SPAN": "600-188-11616", "MAPID": "1640-00330.", "PARCID": "1640-00330.", "PROPTYPE": "PARCEL", "YEAR": 2018, "GLYEAR": 2022, "TOWN": "SOUTH BURLINGTON", "TNAME": "South Burlington", "SOURCENAME": "CITY", "SOURCETYPE": "UNKNOWN", "SOURCEDATE": "UNKNOWN", "EDITMETHOD": "UNKNOWN", "EDITOR": "UNKNOWN", "EDITDATE": "UNKNOWN", "MATCHSTAT": "MATCH", "EDITNOTE": null, "OWNER1": "DAVIDSON DAVID H", "OWNER2": "HEUN ELIZABETH", "ADDRGL1": "330 SPEAR ST", "ADDRGL2": "", "CITYGL": "S BURLINGTON", "STGL": "VT", "ZIPGL": "05403", "DESCPROP": ".31A; DWL", "LOCAPROP": "", "CAT": "Residential-1", "RESCODE": "T", "ACRESGL": 0.31, "REAL_FLV": 329700, "HSTED_FLV": 329700, "NRES_FLV": 0, "LAND_LV": 98300, "IMPRV_LV": 231400, "EQUIPVAL": 0, "EQUIPCODE": "", "INVENVAL": 0, "HSDECL": "Y", "HSITEVAL": 329700, "VETEXAMT": 0, "EXPDESC": "", "ENDDATE": "", "STATUTE": "", "EXAMT_HS": 0, "EXAMT_NR": 0, "UVREDUC_HS": 0, "UVREDUC_NR": 0, "GLVAL_HS": 3297.0, "GLVAL_NR": 0.0, "CRHOUSPCT": 0.0, "MUNGL1PCT": 3297.0, "AOEGL_HS": 3297.0, "AOEGL_NR": 0.0, "E911ADDR": "330 SPEAR ST", "SHAPE_Length": 0.0016367444755392968, "SHAPE_Area": 1.4142202758825154e-07}, "geometry": {"type": "MultiPolygon", "coordinates": [[[[-73.19024087099996, 44.463959128000056], [-73.19023081899996, 44.46391236900007], [-73.19080009199996, 44.46385286100008], [-73.19084293199995, 44.46409840500007], [-73.19028097199998, 44.46415735800008], [-73.19024087099996, 44.463959128000056]]]]}}, {"type": "Feature", "properties": {"OBJECTID": 308769, "SPAN": "600-188-12484", "GLIST_SPAN": "600-188-12484", "MAPID": "0610-00060.", "PARCID": "0610-00060.", "PROPTYPE": "PARCEL", "YEAR": 2018, "GLYEAR": 2022, "TOWN": "SOUTH BURLINGTON", "TNAME": "South Burlington", "SOURCENAME": "CITY", "SOURCETYPE": "UNKNOWN", "SOURCEDATE": "UNKNOWN", "EDITMETHOD": "UNKNOWN", "EDITOR": "UNKNOWN", "EDITDATE": "UNKNOWN", "MATCHSTAT": "MATCH", "EDITNOTE": null, "OWNER1": "60 EAST TERRACE LLC", "OWNER2": "", "ADDRGL1": "2323 PLUNKTON RD", "ADDRGL2": "", "CITYGL": "WARREN", "STGL": "VT", "ZIPGL": "05764", "DESCPROP": "0.41A; DWL", "LOCAPROP": "", "CAT": "Residential-1", "RESCODE": "T", "ACRESGL": 0.41, "REAL_FLV": 672300, "HSTED_FLV": 0, "NRES_FLV": 672300, "LAND_LV": 143400, "IMPRV_LV": 528900, "EQUIPVAL": 0, "EQUIPCODE": "", "INVENVAL": 0, "HSDECL": "N", "HSITEVAL": 672300, "VETEXAMT": 0, "EXPDESC": "", "ENDDATE": "", "STATUTE": "", "EXAMT_HS": 0, "EXAMT_NR": 0, "UVREDUC_HS": 0, "UVREDUC_NR": 0, "GLVAL_HS": 0.0, "GLVAL_NR": 6723.0, "CRHOUSPCT": 0.0, "MUNGL1PCT": 6723.0, "AOEGL_HS": 0.0, "AOEGL_NR": 6723.0, "E911ADDR": "60 EAST TERR", "SHAPE_Length": 0.0019239085160675917, "SHAPE_Area": 1.8847107706585873e-07}, "geometry": {"type": "MultiPolygon", "coordinates": [[[[-73.18911741699998, 44.465719602000036], [-73.18909356799998, 44.46557556000005], [-73.18977824099994, 44.46551472600004], [-73.18982041099997, 44.465784633000055], [-73.18913730199995, 44.465849279000054], [-73.18911741699998, 44.465719602000036]]]]}}, {"type": "Feature", "properties": {"OBJECTID": 309130, "SPAN": "600-188-11751", "GLIST_SPAN": "600-188-11751", "MAPID": "1640-00340.", "PARCID": "1640-00340.", "PROPTYPE": "PARCEL", "YEAR": 2018, "GLYEAR": 2022, "TOWN": "SOUTH BURLINGTON", "TNAME": "South Burlington", "SOURCENAME": "CITY", "SOURCETYPE": "UNKNOWN", "SOURCEDATE": "UNKNOWN", "EDITMETHOD": "UNKNOWN", "EDITOR": "UNKNOWN", "EDITDATE": "UNKNOWN", "MATCHSTAT": "MATCH", "EDITNOTE": null, "OWNER1": "AED PROPERTY LLC", "OWNER2": "", "ADDRGL1": "4414 SPEAR ST", "ADDRGL2": "", "CITYGL": "SHELBURNE", "STGL": "VT", "ZIPGL": "05482", "DESCPROP": ".39A DWL", "LOCAPROP": "", "CAT": "Residential-1", "RESCODE": "C", "ACRESGL": 0.39, "REAL_FLV": 423600, "HSTED_FLV": 0, "NRES_FLV": 423600, "LAND_LV": 99100, "IMPRV_LV": 324500, "EQUIPVAL": 0, "EQUIPCODE": "", "INVENVAL": 0, "HSDECL": "N", "HSITEVAL": 423600, "VETEXAMT": 0, "EXPDESC": "", "ENDDATE": "", "STATUTE": "", "EXAMT_HS": 0, "EXAMT_NR": 0, "UVREDUC_HS": 0, "UVREDUC_NR": 0, "GLVAL_HS": 0.0, "GLVAL_NR": 4236.0, "CRHOUSPCT": 0.0, "MUNGL1PCT": 4236.0, "AOEGL_HS": 0.0, "AOEGL_NR": 4236.0, "E911ADDR": "340 SPEAR ST", "SHAPE_Length": 0.0017770577652956652, "SHAPE_Area": 1.7950907487294416e-07}, "geometry": {"type": "MultiPolygon", "coordinates": [[[[-73.19024790399999, 44.463597116000074], [-73.19073881499997, 44.46354423400004], [-73.19080009199996, 44.46385286100008], [-73.19023081899996, 44.46391236900007], [-73.19016552799997, 44.46360579600008], [-73.19024790399999, 44.463597116000074]]]]}}, {"type": "Feature", "properties": {"OBJECTID": 309502, "SPAN": "600-188-12689", "GLIST_SPAN": "600-188-12689", "MAPID": "0610-00063.", "PARCID": "0610-00063.", "PROPTYPE": "PARCEL", "YEAR": 2018, "GLYEAR": 2022, "TOWN": "SOUTH BURLINGTON", "TNAME": "South Burlington", "SOURCENAME": "CITY", "SOURCETYPE": "UNKNOWN", "SOURCEDATE": "UNKNOWN", "EDITMETHOD": "UNKNOWN", "EDITOR": "UNKNOWN", "EDITDATE": "UNKNOWN", "MATCHSTAT": "MATCH", "EDITNOTE": null, "OWNER1": "HAMEL BARBARA A TRUST", "OWNER2": "", "ADDRGL1": "63 EAST TERRACE", "ADDRGL2": "", "CITYGL": "S BURLINGTON", "STGL": "VT", "ZIPGL": "05403", "DESCPROP": ".33A DWL", "LOCAPROP": "", "CAT": "Residential-1", "RESCODE": "T", "ACRESGL": 0.33, "REAL_FLV": 421400, "HSTED_FLV": 0, "NRES_FLV": 421400, "LAND_LV": 142200, "IMPRV_LV": 279200, "EQUIPVAL": 0, "EQUIPCODE": "", "INVENVAL": 0, "HSDECL": "N", "HSITEVAL": 421400, "VETEXAMT": 0, "EXPDESC": "", "ENDDATE": "", "STATUTE": "", "EXAMT_HS": 0, "EXAMT_NR": 0, "UVREDUC_HS": 0, "UVREDUC_NR": 0, "GLVAL_HS": 0.0, "GLVAL_NR": 4214.0, "CRHOUSPCT": 0.0, "MUNGL1PCT": 4214.0, "AOEGL_HS": 0.0, "AOEGL_NR": 4214.0, "E911ADDR": "63 EAST TERR", "SHAPE_Length": 0.0016314035178698568, "SHAPE_Area": 1.484699444702633e-07}, "geometry": {"type": "MultiPolygon", "coordinates": [[[[-73.18984644199998, 44.464823360000025], [-73.19038004799995, 44.46477580000004], [-73.19038283899994, 44.46478945500007], [-73.19039504599994, 44.46485068700008], [-73.19042392099993, 44.46499619200006], [-73.19043443299995, 44.46504815800006], [-73.18989468899997, 44.46509526400007], [-73.18985442799993, 44.464868427000056], [-73.18984644199998, 44.464823360000025]]]]}}, {"type": "Feature", "properties": {"OBJECTID": 309901, "SPAN": "600-188-11942", "GLIST_SPAN": "600-188-11942", "MAPID": "1640-00310.", "PARCID": "1640-00310.", "PROPTYPE": "PARCEL", "YEAR": 2018, "GLYEAR": 2022, "TOWN": "SOUTH BURLINGTON", "TNAME": "South Burlington", "SOURCENAME": "CITY", "SOURCETYPE": "UNKNOWN", "SOURCEDATE": "UNKNOWN", "EDITMETHOD": "UNKNOWN", "EDITOR": "UNKNOWN", "EDITDATE": "UNKNOWN", "MATCHSTAT": "MATCH", "EDITNOTE": null, "OWNER1": "KRANZ CHRISTOPHER & ELIZABETH", "OWNER2": "", "ADDRGL1": "45 GREENFIELD ROAD", "ADDRGL2": "", "CITYGL": "ESSEX", "STGL": "VT", "ZIPGL": "05452", "DESCPROP": ".26A DWL", "LOCAPROP": "", "CAT": "Residential-1", "RESCODE": "S", "ACRESGL": 0.26, "REAL_FLV": 356000, "HSTED_FLV": 0, "NRES_FLV": 356000, "LAND_LV": 97700, "IMPRV_LV": 258300, "EQUIPVAL": 0, "EQUIPCODE": "", "INVENVAL": 0, "HSDECL": "N", "HSITEVAL": 356000, "VETEXAMT": 0, "EXPDESC": "", "ENDDATE": "", "STATUTE": "", "EXAMT_HS": 0, "EXAMT_NR": 0, "UVREDUC_HS": 0, "UVREDUC_NR": 0, "GLVAL_HS": 0.0, "GLVAL_NR": 3560.0, "CRHOUSPCT": 0.0, "MUNGL1PCT": 3560.0, "AOEGL_HS": 0.0, "AOEGL_NR": 3560.0, "E911ADDR": "310 SPEAR ST", "SHAPE_Length": 0.0016283958791783097, "SHAPE_Area": 1.3373303516033494e-07}, "geometry": {"type": "MultiPolygon", "coordinates": [[[[-73.19038004799995, 44.46477580000004], [-73.19036492399994, 44.464610494000055], [-73.19094209999997, 44.46456221900007], [-73.19098397299996, 44.46477052900008], [-73.19039504599994, 44.46485068700008], [-73.19038283899994, 44.46478945500007], [-73.19038004799995, 44.46477580000004]]]]}}, {"type": "Feature", "properties": {"OBJECTID": 310019, "SPAN": "600-188-13578", "GLIST_SPAN": "600-188-13578", "MAPID": "1640-00300.", "PARCID": "1640-00300.", "PROPTYPE": "PARCEL", "YEAR": 2018, "GLYEAR": 2022, "TOWN": "SOUTH BURLINGTON", "TNAME": "South Burlington", "SOURCENAME": "CITY", "SOURCETYPE": "UNKNOWN", "SOURCEDATE": "UNKNOWN", "EDITMETHOD": "UNKNOWN", "EDITOR": "UNKNOWN", "EDITDATE": "UNKNOWN", "MATCHSTAT": "MATCH", "EDITNOTE": null, "OWNER1": "KUCHAREK MARK & ROBIN", "OWNER2": "", "ADDRGL1": "300 SPEAR ST", "ADDRGL2": "", "CITYGL": "S BURLINGTON", "STGL": "VT", "ZIPGL": "05403", "DESCPROP": ".26A; DWL", "LOCAPROP": "", "CAT": "Residential-1", "RESCODE": "T", "ACRESGL": 0.26, "REAL_FLV": 469800, "HSTED_FLV": 350400, "NRES_FLV": 119400, "LAND_LV": 97700, "IMPRV_LV": 372100, "EQUIPVAL": 0, "EQUIPCODE": "", "INVENVAL": 0, "HSDECL": "Y", "HSITEVAL": 350400, "VETEXAMT": 0, "EXPDESC": "", "ENDDATE": "", "STATUTE": "", "EXAMT_HS": 0, "EXAMT_NR": 0, "UVREDUC_HS": 0, "UVREDUC_NR": 0, "GLVAL_HS": 3504.0, "GLVAL_NR": 1194.0, "CRHOUSPCT": 0.0, "MUNGL1PCT": 4698.0, "AOEGL_HS": 3504.0, "AOEGL_NR": 1194.0, "E911ADDR": "300 SPEAR ST", "SHAPE_Length": 0.0015924621319749431, "SHAPE_Area": 1.2119742857600479e-07}, "geometry": {"type": "MultiPolygon", "coordinates": [[[[-73.19039504599994, 44.46485068700008], [-73.19098397299996, 44.46477052900008], [-73.19101743599998, 44.46497728800006], [-73.19043443299995, 44.46504815800006], [-73.19042392099993, 44.46499619200006], [-73.19039504599994, 44.46485068700008]]]]}}, {"type": "Feature", "properties": {"OBJECTID": 310407, "SPAN": "600-188-15604", "GLIST_SPAN": "600-188-15604", "MAPID": "0610-00059.", "PARCID": "0610-00059.", "PROPTYPE": "PARCEL", "YEAR": 2018, "GLYEAR": 2022, "TOWN": "SOUTH BURLINGTON", "TNAME": "South Burlington", "SOURCENAME": "CITY", "SOURCETYPE": "UNKNOWN", "SOURCEDATE": "UNKNOWN", "EDITMETHOD": "UNKNOWN", "EDITOR": "UNKNOWN", "EDITDATE": "UNKNOWN", "MATCHSTAT": "MATCH", "EDITNOTE": null, "OWNER1": "GALLAGHER ANDREW", "OWNER2": "MARSTERS LEAH", "ADDRGL1": "59 EAST TERR", "ADDRGL2": "", "CITYGL": "S BURLINGTON", "STGL": "VT", "ZIPGL": "05403", "DESCPROP": ".34A DWL", "LOCAPROP": "", "CAT": "Residential-1", "RESCODE": "T", "ACRESGL": 0.34, "REAL_FLV": 476500, "HSTED_FLV": 476500, "NRES_FLV": 0, "LAND_LV": 142300, "IMPRV_LV": 334200, "EQUIPVAL": 0, "EQUIPCODE": "", "INVENVAL": 0, "HSDECL": "Y", "HSITEVAL": 476500, "VETEXAMT": 0, "EXPDESC": "", "ENDDATE": "", "STATUTE": "", "EXAMT_HS": 0, "EXAMT_NR": 0, "UVREDUC_HS": 0, "UVREDUC_NR": 0, "GLVAL_HS": 4765.0, "GLVAL_NR": 0.0, "CRHOUSPCT": 0.0, "MUNGL1PCT": 4765.0, "AOEGL_HS": 4765.0, "AOEGL_NR": 0.0, "E911ADDR": "59 EAST TERR", "SHAPE_Length": 0.0016557030714055116, "SHAPE_Area": 1.5209967481368703e-07}, "geometry": {"type": "MultiPolygon", "coordinates": [[[[-73.18994262099994, 44.46536715900004], [-73.19048755599994, 44.46531346000006], [-73.19050644299995, 44.46540783900008], [-73.19051707799997, 44.46546163100004], [-73.19054163599998, 44.46558578500003], [-73.18999076099993, 44.46563990200008], [-73.18995055099998, 44.46541218400006], [-73.18994262099994, 44.46536715900004]]]]}}, {"type": "Feature", "properties": {"OBJECTID": 310648, "SPAN": "600-188-14566", "GLIST_SPAN": "600-188-14566", "MAPID": "0610-00053.", "PARCID": "0610-00053.", "PROPTYPE": "PARCEL", "YEAR": 2018, "GLYEAR": 2022, "TOWN": "SOUTH BURLINGTON", "TNAME": "South Burlington", "SOURCENAME": "CITY", "SOURCETYPE": "UNKNOWN", "SOURCEDATE": "UNKNOWN", "EDITMETHOD": "UNKNOWN", "EDITOR": "UNKNOWN", "EDITDATE": "UNKNOWN", "MATCHSTAT": "MATCH", "EDITNOTE": null, "OWNER1": "NEUHARDT CHRISTINE", "OWNER2": "", "ADDRGL1": "53 EAST TERRACE", "ADDRGL2": "", "CITYGL": "S BURLINGTON", "STGL": "VT", "ZIPGL": "05403", "DESCPROP": ".34A; DWL", "LOCAPROP": "", "CAT": "Residential-1", "RESCODE": "T", "ACRESGL": 0.34, "REAL_FLV": 310500, "HSTED_FLV": 310500, "NRES_FLV": 0, "LAND_LV": 142300, "IMPRV_LV": 168200, "EQUIPVAL": 0, "EQUIPCODE": "", "INVENVAL": 0, "HSDECL": "Y", "HSITEVAL": 310500, "VETEXAMT": 0, "EXPDESC": "", "ENDDATE": "", "STATUTE": "", "EXAMT_HS": 0, "EXAMT_NR": 0, "UVREDUC_HS": 0, "UVREDUC_NR": 0, "GLVAL_HS": 3105.0, "GLVAL_NR": 0.0, "CRHOUSPCT": 0.0, "MUNGL1PCT": 3105.0, "AOEGL_HS": 3105.0, "AOEGL_NR": 0.0, "E911ADDR": "53 EAST TERR", "SHAPE_Length": 0.0016652518385411729, "SHAPE_Area": 1.5182259891895168e-07}, "geometry": {"type": "MultiPolygon", "coordinates": [[[[-73.19008880199993, 44.46618369000004], [-73.19065123399997, 44.466128748000074], [-73.19066472999998, 44.46622400500007], [-73.19067097299995, 44.46626422500003], [-73.19069193299998, 44.46639932700003], [-73.19013714999994, 44.46644884400007], [-73.19010475999994, 44.46627026800007], [-73.19008880199993, 44.46618369000004]]]]}}, {"type": "Feature", "properties": {"OBJECTID": 310709, "SPAN": "600-188-14628", "GLIST_SPAN": "600-188-14628", "MAPID": "0610-00058.", "PARCID": "0610-00058.", "PROPTYPE": "PARCEL", "YEAR": 2018, "GLYEAR": 2022, "TOWN": "SOUTH BURLINGTON", "TNAME": "South Burlington", "SOURCENAME": "CITY", "SOURCETYPE": "UNKNOWN", "SOURCEDATE": "UNKNOWN", "EDITMETHOD": "UNKNOWN", "EDITOR": "UNKNOWN", "EDITDATE": "UNKNOWN", "MATCHSTAT": "MATCH", "EDITNOTE": null, "OWNER1": "CONNOLLY DECLAN A & SHANNON L", "OWNER2": "C/O FULL CIRCLE PROPERTY MGMT", "ADDRGL1": "PO BOX 4057", "ADDRGL2": "", "CITYGL": "BURLINGTON", "STGL": "VT", "ZIPGL": "05406", "DESCPROP": ".41A DWL", "LOCAPROP": "", "CAT": "Residential-1", "RESCODE": "T", "ACRESGL": 0.41, "REAL_FLV": 441700, "HSTED_FLV": 0, "NRES_FLV": 441700, "LAND_LV": 143400, "IMPRV_LV": 298300, "EQUIPVAL": 0, "EQUIPCODE": "", "INVENVAL": 0, "HSDECL": "N", "HSITEVAL": 441700, "VETEXAMT": 0, "EXPDESC": "", "ENDDATE": "", "STATUTE": "", "EXAMT_HS": 0, "EXAMT_NR": 0, "UVREDUC_HS": 0, "UVREDUC_NR": 0, "GLVAL_HS": 0.0, "GLVAL_NR": 4417.0, "CRHOUSPCT": 0.0, "MUNGL1PCT": 4417.0, "AOEGL_HS": 0.0, "AOEGL_NR": 4417.0, "E911ADDR": "58 EAST TERR", "SHAPE_Length": 0.0019254003418191657, "SHAPE_Area": 1.8899929626287183e-07}, "geometry": {"type": "MultiPolygon", "coordinates": [[[[-73.18913730199995, 44.465849279000054], [-73.18982041099997, 44.465784633000055], [-73.18986771999994, 44.46605591900004], [-73.18918369899995, 44.466122013000074], [-73.18913730199995, 44.465849279000054]]]]}}, {"type": "Feature", "properties": {"OBJECTID": 310741, "SPAN": "600-188-14661", "GLIST_SPAN": "600-188-14661", "MAPID": "1640-00256.", "PARCID": "1640-00256.", "PROPTYPE": "PARCEL", "YEAR": 2018, "GLYEAR": 2022, "TOWN": "SOUTH BURLINGTON", "TNAME": "South Burlington", "SOURCENAME": "CITY", "SOURCETYPE": "UNKNOWN", "SOURCEDATE": "UNKNOWN", "EDITMETHOD": "UNKNOWN", "EDITOR": "UNKNOWN", "EDITDATE": "UNKNOWN", "MATCHSTAT": "MATCH", "EDITNOTE": null, "OWNER1": "BAHRENBURG NATHAN J", "OWNER2": "", "ADDRGL1": "2535 N KAEENTA COURT", "ADDRGL2": "", "CITYGL": "VISALIA", "STGL": "CA", "ZIPGL": "93291", "DESCPROP": "0.34 AC & DUPLEX RES.", "LOCAPROP": "", "CAT": "Residential-1", "RESCODE": "NS", "ACRESGL": 0.34, "REAL_FLV": 355800, "HSTED_FLV": 0, "NRES_FLV": 355800, "LAND_LV": 98600, "IMPRV_LV": 257200, "EQUIPVAL": 0, "EQUIPCODE": "", "INVENVAL": 0, "HSDECL": "N", "HSITEVAL": 355800, "VETEXAMT": 0, "EXPDESC": "", "ENDDATE": "", "STATUTE": "", "EXAMT_HS": 0, "EXAMT_NR": 0, "UVREDUC_HS": 0, "UVREDUC_NR": 0, "GLVAL_HS": 0.0, "GLVAL_NR": 3558.0, "CRHOUSPCT": 0.0, "MUNGL1PCT": 3558.0, "AOEGL_HS": 0.0, "AOEGL_NR": 3558.0, "E911ADDR": "256 SPEAR ST", "SHAPE_Length": 0.0016663977144939948, "SHAPE_Area": 1.520830996219807e-07}, "geometry": {"type": "MultiPolygon", "coordinates": [[[[-73.19065123399997, 44.466128748000074], [-73.19062345699996, 44.46599473200007], [-73.19117676899998, 44.46594649900004], [-73.19118324299995, 44.46598643500005], [-73.19122951399999, 44.466218181000045], [-73.19067097299995, 44.46626422500003], [-73.19066472999998, 44.46622400500007], [-73.19065123399997, 44.466128748000074]]]]}}, {"type": "Feature", "properties": {"OBJECTID": 310761, "SPAN": "600-188-14682", "GLIST_SPAN": "600-188-14682", "MAPID": "1640-00290.", "PARCID": "1640-00290.", "PROPTYPE": "PARCEL", "YEAR": 2018, "GLYEAR": 2022, "TOWN": "SOUTH BURLINGTON", "TNAME": "South Burlington", "SOURCENAME": "CITY", "SOURCETYPE": "UNKNOWN", "SOURCEDATE": "UNKNOWN", "EDITMETHOD": "UNKNOWN", "EDITOR": "UNKNOWN", "EDITDATE": "UNKNOWN", "MATCHSTAT": "MATCH", "EDITNOTE": null, "OWNER1": "O'NEILL KEVIN & ANDREA", "OWNER2": "", "ADDRGL1": "290 SPEAR ST", "ADDRGL2": "", "CITYGL": "S BURLINGTON", "STGL": "VT", "ZIPGL": "05403", "DESCPROP": ".26A; DWL", "LOCAPROP": "", "CAT": "Residential-1", "RESCODE": "T", "ACRESGL": 0.26, "REAL_FLV": 378400, "HSTED_FLV": 378400, "NRES_FLV": 0, "LAND_LV": 97700, "IMPRV_LV": 280700, "EQUIPVAL": 0, "EQUIPCODE": "", "INVENVAL": 0, "HSDECL": "Y", "HSITEVAL": 378400, "VETEXAMT": 0, "EXPDESC": "", "ENDDATE": "", "STATUTE": "", "EXAMT_HS": 0, "EXAMT_NR": 0, "UVREDUC_HS": 0, "UVREDUC_NR": 0, "GLVAL_HS": 3784.0, "GLVAL_NR": 0.0, "CRHOUSPCT": 0.0, "MUNGL1PCT": 3784.0, "AOEGL_HS": 3784.0, "AOEGL_NR": 0.0, "E911ADDR": "290 SPEAR ST", "SHAPE_Length": 0.0015846078462963202, "SHAPE_Area": 1.2253351796861103e-07}, "geometry": {"type": "MultiPolygon", "coordinates": [[[[-73.19043443299995, 44.46504815800006], [-73.19101743599998, 44.46497728800006], [-73.19100219299997, 44.465030918000025], [-73.19102991999995, 44.46519965500005], [-73.19047640799994, 44.46525798300007], [-73.19046460799996, 44.46519927700007], [-73.19043443299995, 44.46504815800006]]]]}}, {"type": "Feature", "properties": {"OBJECTID": 310894, "SPAN": "600-188-14816", "GLIST_SPAN": "600-188-14816", "MAPID": "0610-00062.", "PARCID": "0610-00062.", "PROPTYPE": "PARCEL", "YEAR": 2018, "GLYEAR": 2022, "TOWN": "SOUTH BURLINGTON", "TNAME": "South Burlington", "SOURCENAME": "CITY", "SOURCETYPE": "UNKNOWN", "SOURCEDATE": "UNKNOWN", "EDITMETHOD": "UNKNOWN", "EDITOR": "UNKNOWN", "EDITDATE": "UNKNOWN", "MATCHSTAT": "MATCH", "EDITNOTE": null, "OWNER1": "PASCOE JEFFREY P", "OWNER2": "", "ADDRGL1": "62 EAST TERR", "ADDRGL2": "", "CITYGL": "S BURLINGTON", "STGL": "VT", "ZIPGL": "05403", "DESCPROP": "1.06A 3 UNIT DWL", "LOCAPROP": "TRI-PLEX", "CAT": "Residential-1", "RESCODE": "T", "ACRESGL": 1.06, "REAL_FLV": 472200, "HSTED_FLV": 358900, "NRES_FLV": 113300, "LAND_LV": 127700, "IMPRV_LV": 344500, "EQUIPVAL": 0, "EQUIPCODE": "", "INVENVAL": 0, "HSDECL": "Y", "HSITEVAL": 358900, "VETEXAMT": 0, "EXPDESC": "", "ENDDATE": "", "STATUTE": "", "EXAMT_HS": 0, "EXAMT_NR": 0, "UVREDUC_HS": 0, "UVREDUC_NR": 0, "GLVAL_HS": 3589.0, "GLVAL_NR": 1133.0, "CRHOUSPCT": 0.0, "MUNGL1PCT": 4722.0, "AOEGL_HS": 3589.0, "AOEGL_NR": 1133.0, "E911ADDR": "62 EAST TERR", "SHAPE_Length": 0.002807119090496476, "SHAPE_Area": 4.863166549021875e-07}, "geometry": {"type": "MultiPolygon", "coordinates": [[[[-73.18901531199998, 44.46558073300008], [-73.18889598399994, 44.464954480000074], [-73.18897234699995, 44.46494666600006], [-73.18966057499995, 44.46489086100007], [-73.18977824099994, 44.46551472600004], [-73.18909356799998, 44.46557556000005], [-73.18901566699998, 44.46558259700004], [-73.18901531199998, 44.46558073300008]]]]}}, {"type": "Feature", "properties": {"OBJECTID": 311248, "SPAN": "600-188-14163", "GLIST_SPAN": "600-188-14163", "MAPID": "0610-00056.", "PARCID": "0610-00056.", "PROPTYPE": "PARCEL", "YEAR": 2018, "GLYEAR": 2022, "TOWN": "SOUTH BURLINGTON", "TNAME": "South Burlington", "SOURCENAME": "CITY", "SOURCETYPE": "UNKNOWN", "SOURCEDATE": "UNKNOWN", "EDITMETHOD": "UNKNOWN", "EDITOR": "UNKNOWN", "EDITDATE": "UNKNOWN", "MATCHSTAT": "MATCH", "EDITNOTE": null, "OWNER1": "HYDE ANDREA M TRUST", "OWNER2": "", "ADDRGL1": "56 EAST TERRACE", "ADDRGL2": "", "CITYGL": "S BURLINGTON", "STGL": "VT", "ZIPGL": "05403", "DESCPROP": "0.41A DWL", "LOCAPROP": "", "CAT": "Residential-1", "RESCODE": "T", "ACRESGL": 0.41, "REAL_FLV": 492600, "HSTED_FLV": 492600, "NRES_FLV": 0, "LAND_LV": 143200, "IMPRV_LV": 349400, "EQUIPVAL": 0, "EQUIPCODE": "", "INVENVAL": 0, "HSDECL": "Y", "HSITEVAL": 492600, "VETEXAMT": 0, "EXPDESC": "", "ENDDATE": "", "STATUTE": "", "EXAMT_HS": 0, "EXAMT_NR": 0, "UVREDUC_HS": 0, "UVREDUC_NR": 0, "GLVAL_HS": 4926.0, "GLVAL_NR": 0.0, "CRHOUSPCT": 0.0, "MUNGL1PCT": 4926.0, "AOEGL_HS": 4926.0, "AOEGL_NR": 0.0, "E911ADDR": "56 EAST TERR", "SHAPE_Length": 0.0019438469827787403, "SHAPE_Area": 1.9548761892659512e-07}, "geometry": {"type": "MultiPolygon", "coordinates": [[[[-73.18918892199997, 44.46614898100006], [-73.18987268699993, 44.46608389900007], [-73.18992766999997, 44.46636567500008], [-73.18935981199996, 44.466416837000054], [-73.18924344499999, 44.46642656300003], [-73.18922869299996, 44.46636288800005], [-73.18920376199998, 44.46623951400005], [-73.18918892199997, 44.46614898100006]]]]}}, {"type": "Feature", "properties": {"OBJECTID": 311573, "SPAN": "600-188-14277", "GLIST_SPAN": "600-188-14277", "MAPID": "0610-00065.", "PARCID": "0610-00065.", "PROPTYPE": "PARCEL", "YEAR": 2018, "GLYEAR": 2022, "TOWN": "SOUTH BURLINGTON", "TNAME": "South Burlington", "SOURCENAME": "CITY", "SOURCETYPE": "UNKNOWN", "SOURCEDATE": "UNKNOWN", "EDITMETHOD": "UNKNOWN", "EDITOR": "UNKNOWN", "EDITDATE": "UNKNOWN", "MATCHSTAT": "MATCH", "EDITNOTE": null, "OWNER1": "MERCURIO-HEAD TRUST", "OWNER2": "", "ADDRGL1": "65 EAST TERRACE", "ADDRGL2": "", "CITYGL": "S BURLINGTON", "STGL": "VT", "ZIPGL": "05403-6145", "DESCPROP": ".33A; DWL", "LOCAPROP": "", "CAT": "Residential-1", "RESCODE": "T", "ACRESGL": 0.33, "REAL_FLV": 457600, "HSTED_FLV": 457600, "NRES_FLV": 0, "LAND_LV": 118500, "IMPRV_LV": 339100, "EQUIPVAL": 0, "EQUIPCODE": "", "INVENVAL": 0, "HSDECL": "Y", "HSITEVAL": 457600, "VETEXAMT": 0, "EXPDESC": "", "ENDDATE": "", "STATUTE": "", "EXAMT_HS": 0, "EXAMT_NR": 0, "UVREDUC_HS": 0, "UVREDUC_NR": 0, "GLVAL_HS": 4576.0, "GLVAL_NR": 0.0, "CRHOUSPCT": 0.0, "MUNGL1PCT": 4576.0, "AOEGL_HS": 4576.0, "AOEGL_NR": 0.0, "E911ADDR": "65 EAST TERR", "SHAPE_Length": 0.0016343037079390055, "SHAPE_Area": 1.4957651875775238e-07}, "geometry": {"type": "MultiPolygon", "coordinates": [[[[-73.18979832099996, 44.46455146000005], [-73.19034456499998, 44.464504247000036], [-73.19036492399994, 44.464610494000055], [-73.19038004799995, 44.46477580000004], [-73.18984644199998, 44.464823360000025], [-73.18980626799998, 44.46459654800003], [-73.18979832099996, 44.46455146000005]]]]}}, {"type": "Feature", "properties": {"OBJECTID": 311756, "SPAN": "600-188-14001", "GLIST_SPAN": "600-188-14001", "MAPID": "0610-00071.", "PARCID": "0610-00071.", "PROPTYPE": "PARCEL", "YEAR": 2018, "GLYEAR": 2022, "TOWN": "SOUTH BURLINGTON", "TNAME": "South Burlington", "SOURCENAME": "CITY", "SOURCETYPE": "UNKNOWN", "SOURCEDATE": "UNKNOWN", "EDITMETHOD": "UNKNOWN", "EDITOR": "UNKNOWN", "EDITDATE": "UNKNOWN", "MATCHSTAT": "MATCH", "EDITNOTE": null, "OWNER1": "MARTELLO ANTHONY & KAY", "OWNER2": "", "ADDRGL1": "114 SHEPARD ST", "ADDRGL2": "", "CITYGL": "WINOOSKI", "STGL": "VT", "ZIPGL": "05404", "DESCPROP": ".33A DWL", "LOCAPROP": "", "CAT": "Residential-1", "RESCODE": "S", "ACRESGL": 0.33, "REAL_FLV": 476300, "HSTED_FLV": 0, "NRES_FLV": 476300, "LAND_LV": 142200, "IMPRV_LV": 334100, "EQUIPVAL": 0, "EQUIPCODE": "", "INVENVAL": 0, "HSDECL": "N", "HSITEVAL": 476300, "VETEXAMT": 0, "EXPDESC": "", "ENDDATE": "", "STATUTE": "", "EXAMT_HS": 0, "EXAMT_NR": 0, "UVREDUC_HS": 0, "UVREDUC_NR": 0, "GLVAL_HS": 0.0, "GLVAL_NR": 4763.0, "CRHOUSPCT": 0.0, "MUNGL1PCT": 4763.0, "AOEGL_HS": 0.0, "AOEGL_NR": 4763.0, "E911ADDR": "71 EAST TERR", "SHAPE_Length": 0.0018477895028351553, "SHAPE_Area": 1.4534831246794082e-07}, "geometry": {"type": "MultiPolygon", "coordinates": [[[[-73.18960043599998, 44.463655577000054], [-73.19016552799997, 44.46360579600008], [-73.19023081899996, 44.46391236900007], [-73.19024087099996, 44.463959128000056], [-73.18979325699996, 44.463981613000044], [-73.18980272999994, 44.46396183400003], [-73.18981521299997, 44.463940843000046], [-73.18982544899995, 44.46391986800006], [-73.18983351199995, 44.46389224300003], [-73.18983652399999, 44.463868320000074], [-73.18983544099996, 44.46383990500004], [-73.18983139299996, 44.46381418900006], [-73.18981830999996, 44.46378423700003], [-73.18980000499994, 44.46375592700008], [-73.18977805199995, 44.46373568100006], [-73.18975232899999, 44.46371331300003], [-73.18972065299994, 44.46369420000008], [-73.18969279799995, 44.46368149800003], [-73.18964521199996, 44.46366569700007], [-73.18960043599998, 44.463655577000054]]]]}}, {"type": "Feature", "properties": {"OBJECTID": 311845, "SPAN": "600-188-14029", "GLIST_SPAN": "600-188-14029", "MAPID": "0610-00057.", "PARCID": "0610-00057.", "PROPTYPE": "PARCEL", "YEAR": 2018, "GLYEAR": 2022, "TOWN": "SOUTH BURLINGTON", "TNAME": "South Burlington", "SOURCENAME": "CITY", "SOURCETYPE": "UNKNOWN", "SOURCEDATE": "UNKNOWN", "EDITMETHOD": "UNKNOWN", "EDITOR": "UNKNOWN", "EDITDATE": "UNKNOWN", "MATCHSTAT": "MATCH", "EDITNOTE": null, "OWNER1": "MATERNA J MICHAEL & JOAN T", "OWNER2": "", "ADDRGL1": "57 EAST TERR", "ADDRGL2": "", "CITYGL": "S BURLINGTON", "STGL": "VT", "ZIPGL": "05403", "DESCPROP": ".34A; DWL", "LOCAPROP": "", "CAT": "Residential-1", "RESCODE": "T", "ACRESGL": 0.34, "REAL_FLV": 517100, "HSTED_FLV": 517100, "NRES_FLV": 0, "LAND_LV": 142300, "IMPRV_LV": 374800, "EQUIPVAL": 0, "EQUIPCODE": "", "INVENVAL": 0, "HSDECL": "Y", "HSITEVAL": 517100, "VETEXAMT": 0, "EXPDESC": "", "ENDDATE": "", "STATUTE": "", "EXAMT_HS": 0, "EXAMT_NR": 0, "UVREDUC_HS": 0, "UVREDUC_NR": 0, "GLVAL_HS": 5171.0, "GLVAL_NR": 0.0, "CRHOUSPCT": 0.0, "MUNGL1PCT": 5171.0, "AOEGL_HS": 5171.0, "AOEGL_NR": 0.0, "E911ADDR": "57 EAST TERR", "SHAPE_Length": 0.0016662081181822534, "SHAPE_Area": 1.5329829051751836e-07}, "geometry": {"type": "MultiPolygon", "coordinates": [[[[-73.18999076099993, 44.46563990200008], [-73.19054163599998, 44.46558578500003], [-73.19055988699995, 44.46567665600003], [-73.19056953899997, 44.46572496300007], [-73.19059599099995, 44.46585727100006], [-73.19003898299997, 44.46591179600006], [-73.18999870999994, 44.465684907000025], [-73.18999076099993, 44.46563990200008]]]]}}, {"type": "Feature", "properties": {"OBJECTID": 312013, "SPAN": "600-188-15233", "GLIST_SPAN": "600-188-15233", "MAPID": "0610-00069.", "PARCID": "0610-00069.", "PROPTYPE": "PARCEL", "YEAR": 2018, "GLYEAR": 2022, "TOWN": "SOUTH BURLINGTON", "TNAME": "South Burlington", "SOURCENAME": "CITY", "SOURCETYPE": "UNKNOWN", "SOURCEDATE": "UNKNOWN", "EDITMETHOD": "UNKNOWN", "EDITOR": "UNKNOWN", "EDITDATE": "UNKNOWN", "MATCHSTAT": "MATCH", "EDITNOTE": null, "OWNER1": "MCKNIGHT BLAKE", "OWNER2": "REID LINDA", "ADDRGL1": "69 EAST TERR", "ADDRGL2": "", "CITYGL": "S BURLINGTON", "STGL": "VT", "ZIPGL": "05403", "DESCPROP": ".31A DWL", "LOCAPROP": "", "CAT": "Residential-1", "RESCODE": "T", "ACRESGL": 0.31, "REAL_FLV": 490200, "HSTED_FLV": 490200, "NRES_FLV": 0, "LAND_LV": 141800, "IMPRV_LV": 348400, "EQUIPVAL": 0, "EQUIPCODE": "", "INVENVAL": 0, "HSDECL": "Y", "HSITEVAL": 490200, "VETEXAMT": 0, "EXPDESC": "", "ENDDATE": "", "STATUTE": "", "EXAMT_HS": 0, "EXAMT_NR": 0, "UVREDUC_HS": 0, "UVREDUC_NR": 0, "GLVAL_HS": 4902.0, "GLVAL_NR": 0.0, "CRHOUSPCT": 0.0, "MUNGL1PCT": 4902.0, "AOEGL_HS": 4902.0, "AOEGL_NR": 0.0, "E911ADDR": "69 EAST TERR", "SHAPE_Length": 0.0015739695512074056, "SHAPE_Area": 1.4499136583757834e-07}, "geometry": {"type": "MultiPolygon", "coordinates": [[[[-73.18979325699996, 44.463981613000044], [-73.19024087099996, 44.463959128000056], [-73.19028097199998, 44.46415735800008], [-73.19029305899994, 44.46423215900006], [-73.19027145299998, 44.464232354000046], [-73.18975192599999, 44.46427906900004], [-73.18975091499993, 44.46426531800006], [-73.18975029799998, 44.46424647600003], [-73.18975080899997, 44.46422749700008], [-73.18975183499998, 44.464211086000034], [-73.18975151499995, 44.46419112500007], [-73.18975202999997, 44.46417128100006], [-73.18975183399994, 44.46415465800004], [-73.18975034099998, 44.46413596900004], [-73.18975243599994, 44.46412016700003], [-73.18975521399994, 44.46409782600006], [-73.18976065999993, 44.464077383000074], [-73.18976559799995, 44.46405161300004], [-73.18977297499998, 44.46402666500006], [-73.18978376099994, 44.46400431200004], [-73.18979325699996, 44.463981613000044]]]]}}, {"type": "Feature", "properties": {"OBJECTID": 312108, "SPAN": "600-188-15707", "GLIST_SPAN": "600-188-15707", "MAPID": "1640-00237.", "PARCID": "1640-00237.", "PROPTYPE": "PARCEL", "YEAR": 2018, "GLYEAR": 2022, "TOWN": "SOUTH BURLINGTON", "TNAME": "South Burlington", "SOURCENAME": "CITY", "SOURCETYPE": "UNKNOWN", "SOURCEDATE": "UNKNOWN", "EDITMETHOD": "UNKNOWN", "EDITOR": "UNKNOWN", "EDITDATE": "UNKNOWN", "MATCHSTAT": "MATCH", "EDITNOTE": null, "OWNER1": "BAHRENBURG JAMES A & BETSY R", "OWNER2": "", "ADDRGL1": "237 SPEAR ST", "ADDRGL2": "", "CITYGL": "S BURLINGTON", "STGL": "VT", "ZIPGL": "05403", "DESCPROP": ".37A DWL", "LOCAPROP": "", "CAT": "Residential-1", "RESCODE": "T", "ACRESGL": 0.37, "REAL_FLV": 481000, "HSTED_FLV": 481000, "NRES_FLV": 0, "LAND_LV": 98900, "IMPRV_LV": 382100, "EQUIPVAL": 0, "EQUIPCODE": "", "INVENVAL": 0, "HSDECL": "Y", "HSITEVAL": 481000, "VETEXAMT": 0, "EXPDESC": "", "ENDDATE": "", "STATUTE": "", "EXAMT_HS": 0, "EXAMT_NR": 0, "UVREDUC_HS": 0, "UVREDUC_NR": 0, "GLVAL_HS": 4810.0, "GLVAL_NR": 0.0, "CRHOUSPCT": 0.0, "MUNGL1PCT": 4810.0, "AOEGL_HS": 4810.0, "AOEGL_NR": 0.0, "E911ADDR": "237 SPEAR ST", "SHAPE_Length": 0.0017763565139339744, "SHAPE_Area": 1.6756524124018517e-07}, "geometry": {"type": "MultiPolygon", "coordinates": [[[[-73.19151779399994, 44.46620954800005], [-73.19213031599998, 44.46618158100006], [-73.19217916099996, 44.46645376600003], [-73.19156987199995, 44.46648135400005], [-73.19151779399994, 44.46620954800005]]]]}}, {"type": "Feature", "properties": {"OBJECTID": 312646, "SPAN": "600-188-16556", "GLIST_SPAN": "600-188-16556", "MAPID": "1640-00326.", "PARCID": "1640-00326.", "PROPTYPE": "PARCEL", "YEAR": 2018, "GLYEAR": 2022, "TOWN": "SOUTH BURLINGTON", "TNAME": "South Burlington", "SOURCENAME": "CITY", "SOURCETYPE": "UNKNOWN", "SOURCEDATE": "UNKNOWN", "EDITMETHOD": "UNKNOWN", "EDITOR": "UNKNOWN", "EDITDATE": "UNKNOWN", "MATCHSTAT": "MATCH", "EDITNOTE": null, "OWNER1": "VOELLINGER JASON B", "OWNER2": "", "ADDRGL1": "326 SPEAR ST", "ADDRGL2": "", "CITYGL": "S BURLINGTON", "STGL": "VT", "ZIPGL": "05403", "DESCPROP": ".31A DWL", "LOCAPROP": "", "CAT": "Residential-1", "RESCODE": "T", "ACRESGL": 0.31, "REAL_FLV": 380900, "HSTED_FLV": 380900, "NRES_FLV": 0, "LAND_LV": 98300, "IMPRV_LV": 282600, "EQUIPVAL": 0, "EQUIPCODE": "", "INVENVAL": 0, "HSDECL": "Y", "HSITEVAL": 380900, "VETEXAMT": 0, "EXPDESC": "", "ENDDATE": "", "STATUTE": "", "EXAMT_HS": 0, "EXAMT_NR": 0, "UVREDUC_HS": 0, "UVREDUC_NR": 0, "GLVAL_HS": 3809.0, "GLVAL_NR": 0.0, "CRHOUSPCT": 0.0, "MUNGL1PCT": 3809.0, "AOEGL_HS": 3809.0, "AOEGL_NR": 0.0, "E911ADDR": "326 SPEAR ST", "SHAPE_Length": 0.0016458790712021946, "SHAPE_Area": 1.4392629644524994e-07}, "geometry": {"type": "MultiPolygon", "coordinates": [[[[-73.19029305899994, 44.46423215900006], [-73.19028097199998, 44.46415735800008], [-73.19084293199995, 44.46409840500007], [-73.19089456099994, 44.464349413000036], [-73.19032361099994, 44.46440465900008], [-73.19029305899994, 44.46423215900006]]]]}}, {"type": "Feature", "properties": {"OBJECTID": 313774, "SPAN": "600-188-16352", "GLIST_SPAN": "600-188-16352", "MAPID": "1640-00260.", "PARCID": "1640-00260.", "PROPTYPE": "PARCEL", "YEAR": 2018, "GLYEAR": 2022, "TOWN": "SOUTH BURLINGTON", "TNAME": "South Burlington", "SOURCENAME": "CITY", "SOURCETYPE": "UNKNOWN", "SOURCEDATE": "UNKNOWN", "EDITMETHOD": "UNKNOWN", "EDITOR": "UNKNOWN", "EDITDATE": "UNKNOWN", "MATCHSTAT": "MATCH", "EDITNOTE": null, "OWNER1": "PFLUGER DAVID", "OWNER2": "", "ADDRGL1": "260 SPEAR ST", "ADDRGL2": "", "CITYGL": "S BURLINGTON", "STGL": "VT", "ZIPGL": "05403", "DESCPROP": ".69A DWL", "LOCAPROP": "", "CAT": "Residential-1", "RESCODE": "T", "ACRESGL": 0.69, "REAL_FLV": 324800, "HSTED_FLV": 324800, "NRES_FLV": 0, "LAND_LV": 98700, "IMPRV_LV": 226100, "EQUIPVAL": 0, "EQUIPCODE": "", "INVENVAL": 0, "HSDECL": "Y", "HSITEVAL": 324800, "VETEXAMT": 0, "EXPDESC": "", "ENDDATE": "", "STATUTE": "", "EXAMT_HS": 0, "EXAMT_NR": 0, "UVREDUC_HS": 0, "UVREDUC_NR": 0, "GLVAL_HS": 3248.0, "GLVAL_NR": 0.0, "CRHOUSPCT": 0.0, "MUNGL1PCT": 3248.0, "AOEGL_HS": 3248.0, "AOEGL_NR": 0.0, "E911ADDR": "260 SPEAR ST", "SHAPE_Length": 0.0016890813867980448, "SHAPE_Area": 1.7447923990458699e-07}, "geometry": {"type": "MultiPolygon", "coordinates": [[[[-73.19059599099995, 44.46585727100006], [-73.19056953899997, 44.46572496300007], [-73.19089430999998, 44.46563017600005], [-73.19100427399997, 44.46563049300005], [-73.19113107999993, 44.46567416200003], [-73.19113908099996, 44.46571404900004], [-73.19117676899998, 44.46594649900004], [-73.19062345699996, 44.46599473200007], [-73.19061539899997, 44.46595431800006], [-73.19059599099995, 44.46585727100006]]]]}}, {"type": "Feature", "properties": {"OBJECTID": 313780, "SPAN": "600-188-16355", "GLIST_SPAN": "600-188-16355", "MAPID": "1640-00270.", "PARCID": "1640-00270.", "PROPTYPE": "PARCEL", "YEAR": 2018, "GLYEAR": 2022, "TOWN": "SOUTH BURLINGTON", "TNAME": "South Burlington", "SOURCENAME": "CITY", "SOURCETYPE": "UNKNOWN", "SOURCEDATE": "UNKNOWN", "EDITMETHOD": "UNKNOWN", "EDITOR": "UNKNOWN", "EDITDATE": "UNKNOWN", "MATCHSTAT": "MATCH", "EDITNOTE": null, "OWNER1": "PFLUGER DAVID", "OWNER2": "", "ADDRGL1": "260 SPEAR ST", "ADDRGL2": "", "CITYGL": "S BURLINGTON", "STGL": "VT", "ZIPGL": "05403", "DESCPROP": ".34A", "LOCAPROP": "", "CAT": "Miscellaneous", "RESCODE": "T", "ACRESGL": 0.34, "REAL_FLV": 98600, "HSTED_FLV": 0, "NRES_FLV": 98600, "LAND_LV": 98600, "IMPRV_LV": 0, "EQUIPVAL": 0, "EQUIPCODE": "", "INVENVAL": 0, "HSDECL": "N", "HSITEVAL": 98600, "VETEXAMT": 0, "EXPDESC": "", "ENDDATE": "", "STATUTE": "", "EXAMT_HS": 0, "EXAMT_NR": 0, "UVREDUC_HS": 0, "UVREDUC_NR": 0, "GLVAL_HS": 0.0, "GLVAL_NR": 986.0, "CRHOUSPCT": 0.0, "MUNGL1PCT": 986.0, "AOEGL_HS": 0.0, "AOEGL_NR": 986.0, "E911ADDR": "270 SPEAR ST", "SHAPE_Length": 0.001689241713527437, "SHAPE_Area": 1.3208200564364233e-07}, "geometry": {"type": "MultiPolygon", "coordinates": [[[[-73.19054163599998, 44.46558578500003], [-73.19051707799997, 44.46546163100004], [-73.19107525499999, 44.46540279800007], [-73.19108462199995, 44.465442565000046], [-73.19113107999993, 44.46567416200003], [-73.19100427399997, 44.46563049300005], [-73.19089430999998, 44.46563017600005], [-73.19056953899997, 44.46572496300007], [-73.19055988699995, 44.46567665600003], [-73.19054163599998, 44.46558578500003]]]]}}, {"type": "Feature", "properties": {"OBJECTID": 313966, "SPAN": "600-188-16448", "GLIST_SPAN": "600-188-16448", "MAPID": "0610-00067.", "PARCID": "0610-00067.", "PROPTYPE": "PARCEL", "YEAR": 2018, "GLYEAR": 2022, "TOWN": "SOUTH BURLINGTON", "TNAME": "South Burlington", "SOURCENAME": "CITY", "SOURCETYPE": "UNKNOWN", "SOURCEDATE": "UNKNOWN", "EDITMETHOD": "UNKNOWN", "EDITOR": "UNKNOWN", "EDITDATE": "UNKNOWN", "MATCHSTAT": "MATCH", "EDITNOTE": null, "OWNER1": "CULP ANNE K", "OWNER2": "", "ADDRGL1": "67 EAST TERRACE", "ADDRGL2": "", "CITYGL": "S BURLINGTON", "STGL": "VT", "ZIPGL": "05403", "DESCPROP": ".33A DWL", "LOCAPROP": "", "CAT": "Residential-1", "RESCODE": "T", "ACRESGL": 0.33, "REAL_FLV": 433000, "HSTED_FLV": 433000, "NRES_FLV": 0, "LAND_LV": 142200, "IMPRV_LV": 290800, "EQUIPVAL": 0, "EQUIPCODE": "", "INVENVAL": 0, "HSDECL": "Y", "HSITEVAL": 433000, "VETEXAMT": 0, "EXPDESC": "", "ENDDATE": "", "STATUTE": "", "EXAMT_HS": 0, "EXAMT_NR": 0, "UVREDUC_HS": 0, "UVREDUC_NR": 0, "GLVAL_HS": 4330.0, "GLVAL_NR": 0.0, "CRHOUSPCT": 0.0, "MUNGL1PCT": 4330.0, "AOEGL_HS": 4330.0, "AOEGL_NR": 0.0, "E911ADDR": "67 EAST TERR", "SHAPE_Length": 0.0016448053514418993, "SHAPE_Area": 1.5066892097391572e-07}, "geometry": {"type": "MultiPolygon", "coordinates": [[[[-73.18975192599999, 44.46427906900004], [-73.19027145299998, 44.464232354000046], [-73.19029305899994, 44.46423215900006], [-73.19032361099994, 44.46440465900008], [-73.19034456499998, 44.464504247000036], [-73.18979832099996, 44.46455146000005], [-73.18975678199996, 44.464315499000065], [-73.18975192599999, 44.46427906900004]]]]}}, {"type": "Feature", "properties": {"OBJECTID": 323277, "SPAN": null, "GLIST_SPAN": null, "MAPID": null, "PARCID": null, "PROPTYPE": "ROW_ROAD", "YEAR": 2018, "GLYEAR": null, "TOWN": "SOUTH BURLINGTON", "TNAME": null, "SOURCENAME": "CITY", "SOURCETYPE": "UNKNOWN", "SOURCEDATE": "UNKNOWN", "EDITMETHOD": "UNKNOWN", "EDITOR": "UNKNOWN", "EDITDATE": "UNKNOWN", "MATCHSTAT": "EXEMPT", "EDITNOTE": null, "OWNER1": null, "OWNER2": null, "ADDRGL1": null, "ADDRGL2": null, "CITYGL": null, "STGL": null, "ZIPGL": null, "DESCPROP": null, "LOCAPROP": null, "CAT": null, "RESCODE": null, "ACRESGL": null, "REAL_FLV": null, "HSTED_FLV": null, "NRES_FLV": null, "LAND_LV": null, "IMPRV_LV": null, "EQUIPVAL": null, "EQUIPCODE": null, "INVENVAL": null, "HSDECL": null, "HSITEVAL": null, "VETEXAMT": null, "EXPDESC": null, "ENDDATE": null, "STATUTE": null, "EXAMT_HS": null, "EXAMT_NR": null, "UVREDUC_HS": null, "UVREDUC_NR": null, "GLVAL_HS": null, "GLVAL_NR": null, "CRHOUSPCT": null, "MUNGL1PCT": null, "AOEGL_HS": null, "AOEGL_NR": null, "E911ADDR": null, "SHAPE_Length": 0.0014299486726729253, "SHAPE_Area": 1.9123447146208467e-08}, "geometry": {"type": "MultiPolygon", "coordinates": [[[[-73.18918369899995, 44.466122013000074], [-73.18986771999994, 44.46605591900004], [-73.18987268699993, 44.46608389900007], [-73.18918892199997, 44.46614898100006], [-73.18918369899995, 44.466122013000074]]]]}}, {"type": "Feature", "properties": {"OBJECTID": 278054, "SPAN": "114-035-19102", "GLIST_SPAN": "114-035-19102", "MAPID": "054-3-002-210", "PARCID": "054-3-002.210", "PROPTYPE": "PARCEL", "YEAR": 2018, "GLYEAR": 2022, "TOWN": "BURLINGTON", "TNAME": "Burlington", "SOURCENAME": null, "SOURCETYPE": "UNKNOWN", "SOURCEDATE": "UNKNOWN", "EDITMETHOD": "UNKNOWN", "EDITOR": "UNKNOWN", "EDITDATE": "UNKNOWN", "MATCHSTAT": "MATCH", "EDITNOTE": "UNKNOWN", "OWNER1": "UNIVERSITY OF VERMONT", "OWNER2": "STATE AGRICULTURAL COLLEGE", "ADDRGL1": "UVM PLANNING DESIGN & CONSTRUCTION", "ADDRGL2": "31 SPEAR ST MARSH HALL SUITE 10", "CITYGL": "BURLINGTON", "STGL": "VT", "ZIPGL": "05405", "DESCPROP": "SINGLE FAMILY", "LOCAPROP": "N", "CAT": "Miscellaneous", "RESCODE": "C", "ACRESGL": 0.39, "REAL_FLV": 241500, "HSTED_FLV": 0, "NRES_FLV": 241500, "LAND_LV": 241500, "IMPRV_LV": 0, "EQUIPVAL": 0, "EQUIPCODE": "", "INVENVAL": 0, "HSDECL": "N", "HSITEVAL": 0, "VETEXAMT": 0, "EXPDESC": "Statutory", "ENDDATE": "", "STATUTE": "", "EXAMT_HS": 0, "EXAMT_NR": 0, "UVREDUC_HS": 0, "UVREDUC_NR": 0, "GLVAL_HS": 0.0, "GLVAL_NR": 0.0, "CRHOUSPCT": 0.0, "MUNGL1PCT": 0.0, "AOEGL_HS": 0.0, "AOEGL_NR": 0.0, "E911ADDR": "448 SOUTH PROSPECT ST", "SHAPE_Length": 0.001998897298418648, "SHAPE_Area": 1.7958072613406063e-07}, "geometry": {"type": "MultiPolygon", "coordinates": [[[[-73.19972138599996, 44.467925997000066], [-73.19979367999997, 44.46769845700004], [-73.20054446399996, 44.46781970700005], [-73.20047295599994, 44.468047101000025], [-73.19972138599996, 44.467925997000066]]]]}}, {"type": "Feature", "properties": {"OBJECTID": 278055, "SPAN": "114-035-19103", "GLIST_SPAN": "114-035-19103", "MAPID": "054-3-003-211", "PARCID": "054-3-003.211", "PROPTYPE": "PARCEL", "YEAR": 2018, "GLYEAR": 2022, "TOWN": "BURLINGTON", "TNAME": "Burlington", "SOURCENAME": null, "SOURCETYPE": "UNKNOWN", "SOURCEDATE": "UNKNOWN", "EDITMETHOD": "UNKNOWN", "EDITOR": "UNKNOWN", "EDITDATE": "UNKNOWN", "MATCHSTAT": "MATCH", "EDITNOTE": "UNKNOWN", "OWNER1": "UNIVERSITY OF VERMONT", "OWNER2": "STATE AGRICULTURAL COLLEGE", "ADDRGL1": "UVM PLANNING DESIGN & CONSTRUCTION", "ADDRGL2": "31 SPEAR ST MARSH HALL SUITE 10", "CITYGL": "BURLINGTON", "STGL": "VT", "ZIPGL": "05405", "DESCPROP": "USED AS OFFICES BY UVM", "LOCAPROP": "N", "CAT": "Commercial", "RESCODE": "C", "ACRESGL": 0.39, "REAL_FLV": 893300, "HSTED_FLV": 0, "NRES_FLV": 893300, "LAND_LV": 666200, "IMPRV_LV": 227100, "EQUIPVAL": 0, "EQUIPCODE": "", "INVENVAL": 0, "HSDECL": "N", "HSITEVAL": 0, "VETEXAMT": 0, "EXPDESC": "Statutory", "ENDDATE": "", "STATUTE": "", "EXAMT_HS": 0, "EXAMT_NR": 0, "UVREDUC_HS": 0, "UVREDUC_NR": 0, "GLVAL_HS": 0.0, "GLVAL_NR": 0.0, "CRHOUSPCT": 0.0, "MUNGL1PCT": 0.0, "AOEGL_HS": 0.0, "AOEGL_NR": 0.0, "E911ADDR": "460 SOUTH PROSPECT ST", "SHAPE_Length": 0.0019968339120127053, "SHAPE_Area": 1.7907311346881849e-07}, "geometry": {"type": "MultiPolygon", "coordinates": [[[[-73.19979367999997, 44.46769845700004], [-73.19986520199996, 44.467472188000045], [-73.20061596399995, 44.46759189000005], [-73.20054446399996, 44.46781970700005], [-73.19979367999997, 44.46769845700004]]]]}}, {"type": "Feature", "properties": {"OBJECTID": 306824, "SPAN": "600-188-10266", "GLIST_SPAN": "600-188-10266", "MAPID": "0610-00049.", "PARCID": "0610-00049.", "PROPTYPE": "PARCEL", "YEAR": 2018, "GLYEAR": 2022, "TOWN": "SOUTH BURLINGTON", "TNAME": "South Burlington", "SOURCENAME": "CITY", "SOURCETYPE": "UNKNOWN", "SOURCEDATE": "UNKNOWN", "EDITMETHOD": "UNKNOWN", "EDITOR": "UNKNOWN", "EDITDATE": "UNKNOWN", "MATCHSTAT": "MATCH", "EDITNOTE": null, "OWNER1": "49 EAST TERRACE LLC", "OWNER2": "", "ADDRGL1": "754 ETHAN ALLEN HWY", "ADDRGL2": "", "CITYGL": "CHARLOTTE", "STGL": "VT", "ZIPGL": "05445", "DESCPROP": ".26A DWL", "LOCAPROP": "", "CAT": "Residential-1", "RESCODE": "C", "ACRESGL": 0.26, "REAL_FLV": 397800, "HSTED_FLV": 0, "NRES_FLV": 397800, "LAND_LV": 141100, "IMPRV_LV": 256700, "EQUIPVAL": 0, "EQUIPCODE": "", "INVENVAL": 0, "HSDECL": "N", "HSITEVAL": 397800, "VETEXAMT": 0, "EXPDESC": "", "ENDDATE": "", "STATUTE": "", "EXAMT_HS": 0, "EXAMT_NR": 0, "UVREDUC_HS": 0, "UVREDUC_NR": 0, "GLVAL_HS": 0.0, "GLVAL_NR": 3978.0, "CRHOUSPCT": 0.0, "MUNGL1PCT": 3978.0, "AOEGL_HS": 0.0, "AOEGL_NR": 3978.0, "E911ADDR": "49 EAST TERR", "SHAPE_Length": 0.001515528397010165, "SHAPE_Area": 1.1440137458789707e-07}, "geometry": {"type": "MultiPolygon", "coordinates": [[[[-73.19017461099997, 44.46665115500008], [-73.19072318199994, 44.466600784000036], [-73.19072934399998, 44.46664025900003], [-73.19073526099999, 44.466673084000035], [-73.19075949799998, 44.466807551000045], [-73.19021625399995, 44.46685624100007], [-73.19019088499994, 44.46673771800005], [-73.19017461099997, 44.46665115500008]]]]}}, {"type": "Feature", "properties": {"OBJECTID": 307157, "SPAN": "600-188-11253", "GLIST_SPAN": "600-188-11253", "MAPID": "0610-00045.", "PARCID": "0610-00045.", "PROPTYPE": "PARCEL", "YEAR": 2018, "GLYEAR": 2022, "TOWN": "SOUTH BURLINGTON", "TNAME": "South Burlington", "SOURCENAME": "CITY", "SOURCETYPE": "UNKNOWN", "SOURCEDATE": "UNKNOWN", "EDITMETHOD": "UNKNOWN", "EDITOR": "UNKNOWN", "EDITDATE": "UNKNOWN", "MATCHSTAT": "MATCH", "EDITNOTE": null, "OWNER1": "EAST TERRACE LLC", "OWNER2": "", "ADDRGL1": "520 NORTH ST", "ADDRGL2": "", "CITYGL": "BURLINGTON", "STGL": "VT", "ZIPGL": "05401", "DESCPROP": ".26A DWL", "LOCAPROP": "", "CAT": "Residential-1", "RESCODE": "S", "ACRESGL": 0.26, "REAL_FLV": 418400, "HSTED_FLV": 0, "NRES_FLV": 418400, "LAND_LV": 117600, "IMPRV_LV": 300800, "EQUIPVAL": 0, "EQUIPCODE": "", "INVENVAL": 0, "HSDECL": "N", "HSITEVAL": 418400, "VETEXAMT": 0, "EXPDESC": "", "ENDDATE": "", "STATUTE": "", "EXAMT_HS": 0, "EXAMT_NR": 0, "UVREDUC_HS": 0, "UVREDUC_NR": 0, "GLVAL_HS": 0.0, "GLVAL_NR": 4184.0, "CRHOUSPCT": 0.0, "MUNGL1PCT": 4184.0, "AOEGL_HS": 0.0, "AOEGL_NR": 4184.0, "E911ADDR": "45 EAST TERR", "SHAPE_Length": 0.0014987511940342116, "SHAPE_Area": 1.1003796973432561e-07}, "geometry": {"type": "MultiPolygon", "coordinates": [[[[-73.19025637399994, 44.46705828800003], [-73.19079852999994, 44.46701163200004], [-73.19080658199994, 44.46705292400003], [-73.19081127699997, 44.467078566000055], [-73.19083835399994, 44.46720755000007], [-73.19029137299998, 44.46726039600003], [-73.19027257199997, 44.46714487200006], [-73.19025637399994, 44.46705828800003]]]]}}, {"type": "Feature", "properties": {"OBJECTID": 307202, "SPAN": "600-188-11268", "GLIST_SPAN": "600-188-11268", "MAPID": "1640-00188.", "PARCID": "1640-00188.", "PROPTYPE": "PARCEL", "YEAR": 2018, "GLYEAR": 2022, "TOWN": "SOUTH BURLINGTON", "TNAME": "South Burlington", "SOURCENAME": "CITY", "SOURCETYPE": "UNKNOWN", "SOURCEDATE": "UNKNOWN", "EDITMETHOD": "UNKNOWN", "EDITOR": "UNKNOWN", "EDITDATE": "UNKNOWN", "MATCHSTAT": "MATCH", "EDITNOTE": null, "OWNER1": "CIANCI FREDERICK S & PATRICIA", "OWNER2": "", "ADDRGL1": "188 SPEAR ST", "ADDRGL2": "", "CITYGL": "S BURLINGTON", "STGL": "VT", "ZIPGL": "05403", "DESCPROP": ".39A; DWL", "LOCAPROP": "", "CAT": "Residential-1", "RESCODE": "T", "ACRESGL": 0.39, "REAL_FLV": 425700, "HSTED_FLV": 0, "NRES_FLV": 425700, "LAND_LV": 99100, "IMPRV_LV": 326600, "EQUIPVAL": 0, "EQUIPCODE": "", "INVENVAL": 0, "HSDECL": "N", "HSITEVAL": 425700, "VETEXAMT": 0, "EXPDESC": "", "ENDDATE": "", "STATUTE": "", "EXAMT_HS": 0, "EXAMT_NR": 0, "UVREDUC_HS": 0, "UVREDUC_NR": 0, "GLVAL_HS": 0.0, "GLVAL_NR": 4257.0, "CRHOUSPCT": 0.0, "MUNGL1PCT": 4257.0, "AOEGL_HS": 0.0, "AOEGL_NR": 4257.0, "E911ADDR": "188 SPEAR ST", "SHAPE_Length": 0.0017877095294856452, "SHAPE_Area": 1.832773717934459e-07}, "geometry": {"type": "MultiPolygon", "coordinates": [[[[-73.19103459299998, 44.46823497100007], [-73.19100809799994, 44.46810087800003], [-73.19157934499998, 44.46805261900005], [-73.19159094299994, 44.46811330300005], [-73.19163912099998, 44.46835959600003], [-73.19107233799997, 44.46842565000003], [-73.19106405299993, 44.46838511000004], [-73.19103459299998, 44.46823497100007]]]]}}, {"type": "Feature", "properties": {"OBJECTID": 307246, "SPAN": "600-188-11288", "GLIST_SPAN": "600-188-11288", "MAPID": "1640-00160.", "PARCID": "1640-00160.", "PROPTYPE": "PARCEL", "YEAR": 2018, "GLYEAR": 2022, "TOWN": "SOUTH BURLINGTON", "TNAME": "South Burlington", "SOURCENAME": "CITY", "SOURCETYPE": "UNKNOWN", "SOURCEDATE": "UNKNOWN", "EDITMETHOD": "UNKNOWN", "EDITOR": "UNKNOWN", "EDITDATE": "UNKNOWN", "MATCHSTAT": "MATCH", "EDITNOTE": null, "OWNER1": "SOUTH BURLINGTON CITY OF", "OWNER2": "", "ADDRGL1": "575 DORSET STREET", "ADDRGL2": "", "CITYGL": "S BURLINGTON", "STGL": "VT", "ZIPGL": "05403", "DESCPROP": ".34A", "LOCAPROP": "", "CAT": "Miscellaneous", "RESCODE": "T", "ACRESGL": 0.34, "REAL_FLV": 98600, "HSTED_FLV": 0, "NRES_FLV": 98600, "LAND_LV": 98600, "IMPRV_LV": 0, "EQUIPVAL": 0, "EQUIPCODE": "", "INVENVAL": 0, "HSDECL": "N", "HSITEVAL": 98600, "VETEXAMT": 0, "EXPDESC": "Statutory", "ENDDATE": "", "STATUTE": "", "EXAMT_HS": 0, "EXAMT_NR": 0, "UVREDUC_HS": 0, "UVREDUC_NR": 0, "GLVAL_HS": 0.0, "GLVAL_NR": 0.0, "CRHOUSPCT": 0.0, "MUNGL1PCT": 0.0, "AOEGL_HS": 0.0, "AOEGL_NR": 0.0, "E911ADDR": "160 SPEAR ST", "SHAPE_Length": 0.0025400029548427456, "SHAPE_Area": 1.5659291559638434e-07}, "geometry": {"type": "MultiPolygon", "coordinates": [[[[-73.19064951599995, 44.469166690000066], [-73.19121238999998, 44.46911615000005], [-73.19177500899997, 44.46906890500003], [-73.19178982599993, 44.469148880000034], [-73.19180270599998, 44.469204612000055], [-73.19124002999996, 44.469253396000056], [-73.19067459299998, 44.46930365800006], [-73.19066559199996, 44.46924654000003], [-73.19064951599995, 44.469166690000066]]]]}}, {"type": "Feature", "properties": {"OBJECTID": 307483, "SPAN": "600-188-11371", "GLIST_SPAN": "600-188-11371", "MAPID": "0610-00050.", "PARCID": "0610-00050.", "PROPTYPE": "PARCEL", "YEAR": 2018, "GLYEAR": 2022, "TOWN": "SOUTH BURLINGTON", "TNAME": "South Burlington", "SOURCENAME": "CITY", "SOURCETYPE": "UNKNOWN", "SOURCEDATE": "UNKNOWN", "EDITMETHOD": "UNKNOWN", "EDITOR": "UNKNOWN", "EDITDATE": "UNKNOWN", "MATCHSTAT": "MATCH", "EDITNOTE": null, "OWNER1": "COMM BIBLE CHURCH ASSEMBLY OF GOD", "OWNER2": "", "ADDRGL1": "2025 WILLISTON RD", "ADDRGL2": "", "CITYGL": "S BURLINGTON", "STGL": "VT", "ZIPGL": "05403", "DESCPROP": ".28A", "LOCAPROP": "", "CAT": "Miscellaneous", "RESCODE": "T", "ACRESGL": 0.28, "REAL_FLV": 117800, "HSTED_FLV": 0, "NRES_FLV": 117800, "LAND_LV": 117800, "IMPRV_LV": 0, "EQUIPVAL": 0, "EQUIPCODE": "", "INVENVAL": 0, "HSDECL": "N", "HSITEVAL": 117800, "VETEXAMT": 0, "EXPDESC": "Statutory", "ENDDATE": "", "STATUTE": "", "EXAMT_HS": 0, "EXAMT_NR": 0, "UVREDUC_HS": 0, "UVREDUC_NR": 0, "GLVAL_HS": 0.0, "GLVAL_NR": 0.0, "CRHOUSPCT": 0.0, "MUNGL1PCT": 0.0, "AOEGL_HS": 0.0, "AOEGL_NR": 0.0, "E911ADDR": "50 EAST TERR", "SHAPE_Length": 0.0015870897317023754, "SHAPE_Area": 1.2586747899482184e-07}, "geometry": {"type": "MultiPolygon", "coordinates": [[[[-73.18943891499998, 44.466853005000075], [-73.19001096099998, 44.46680212100006], [-73.19004832899998, 44.46701834800007], [-73.18947883699997, 44.467070825000064], [-73.18943891499998, 44.466853005000075]]]]}}, {"type": "Feature", "properties": {"OBJECTID": 307616, "SPAN": "600-188-10586", "GLIST_SPAN": "600-188-10586", "MAPID": "1640-00210.", "PARCID": "1640-00210.", "PROPTYPE": "PARCEL", "YEAR": 2018, "GLYEAR": 2022, "TOWN": "SOUTH BURLINGTON", "TNAME": "South Burlington", "SOURCENAME": "CITY", "SOURCETYPE": "UNKNOWN", "SOURCEDATE": "UNKNOWN", "EDITMETHOD": "UNKNOWN", "EDITOR": "UNKNOWN", "EDITDATE": "UNKNOWN", "MATCHSTAT": "MATCH", "EDITNOTE": null, "OWNER1": "BLODGETT REBECCA B", "OWNER2": "BETZ ALEXANDER K", "ADDRGL1": "210 SPEAR ST", "ADDRGL2": "", "CITYGL": "S BURLINGTON", "STGL": "VT", "ZIPGL": "05403", "DESCPROP": ".52A; DWL", "LOCAPROP": "", "CAT": "Residential-1", "RESCODE": "T", "ACRESGL": 0.52, "REAL_FLV": 455100, "HSTED_FLV": 455100, "NRES_FLV": 0, "LAND_LV": 100500, "IMPRV_LV": 354600, "EQUIPVAL": 0, "EQUIPCODE": "", "INVENVAL": 0, "HSDECL": "Y", "HSITEVAL": 455100, "VETEXAMT": 0, "EXPDESC": "", "ENDDATE": "", "STATUTE": "", "EXAMT_HS": 0, "EXAMT_NR": 0, "UVREDUC_HS": 0, "UVREDUC_NR": 0, "GLVAL_HS": 4551.0, "GLVAL_NR": 0.0, "CRHOUSPCT": 0.0, "MUNGL1PCT": 4551.0, "AOEGL_HS": 4551.0, "AOEGL_NR": 0.0, "E911ADDR": "210 SPEAR ST", "SHAPE_Length": 0.0019702157798887872, "SHAPE_Area": 2.3529782514716959e-07}, "geometry": {"type": "MultiPolygon", "coordinates": [[[[-73.19099599699996, 44.46803539000007], [-73.19095722999998, 44.46782863800007], [-73.19093237899995, 44.46769597000008], [-73.19149994299994, 44.46764512100003], [-73.19151257899995, 44.46770531800007], [-73.19157934499998, 44.46805261900005], [-73.19100809799994, 44.46810087800003], [-73.19100324399994, 44.46807499800008], [-73.19099599699996, 44.46803539000007]]]]}}, {"type": "Feature", "properties": {"OBJECTID": 307861, "SPAN": "600-188-11500", "GLIST_SPAN": "600-188-11500", "MAPID": "0610-00054.", "PARCID": "0610-00054.", "PROPTYPE": "PARCEL", "YEAR": 2018, "GLYEAR": 2022, "TOWN": "SOUTH BURLINGTON", "TNAME": "South Burlington", "SOURCENAME": "CITY", "SOURCETYPE": "UNKNOWN", "SOURCEDATE": "UNKNOWN", "EDITMETHOD": "UNKNOWN", "EDITOR": "UNKNOWN", "EDITDATE": "UNKNOWN", "MATCHSTAT": "MATCH", "EDITNOTE": null, "OWNER1": "CRAIG JOHN E & SUSAN M", "OWNER2": "", "ADDRGL1": "54 EAST TERR", "ADDRGL2": "", "CITYGL": "S BURLINGTON", "STGL": "VT", "ZIPGL": "05403", "DESCPROP": "0.28A; DWL", "LOCAPROP": "", "CAT": "Residential-1", "RESCODE": "T", "ACRESGL": 0.28, "REAL_FLV": 383600, "HSTED_FLV": 0, "NRES_FLV": 383600, "LAND_LV": 141400, "IMPRV_LV": 242200, "EQUIPVAL": 0, "EQUIPCODE": "", "INVENVAL": 0, "HSDECL": "N", "HSITEVAL": 383600, "VETEXAMT": 0, "EXPDESC": "", "ENDDATE": "", "STATUTE": "", "EXAMT_HS": 0, "EXAMT_NR": 0, "UVREDUC_HS": 0, "UVREDUC_NR": 0, "GLVAL_HS": 0.0, "GLVAL_NR": 3836.0, "CRHOUSPCT": 0.0, "MUNGL1PCT": 3836.0, "AOEGL_HS": 0.0, "AOEGL_NR": 3836.0, "E911ADDR": "54 EAST TERR", "SHAPE_Length": 0.0015894738546589678, "SHAPE_Area": 1.2702021703753076e-07}, "geometry": {"type": "MultiPolygon", "coordinates": [[[[-73.18935981199996, 44.466416837000054], [-73.18992766999997, 44.46636567500008], [-73.18994728999996, 44.46645842700008], [-73.18995746499996, 44.466508661000034], [-73.18997034199998, 44.46658508000007], [-73.18939850599997, 44.466635170000075], [-73.18935981199996, 44.466416837000054]]]]}}, {"type": "Feature", "properties": {"OBJECTID": 307945, "SPAN": "600-188-11529", "GLIST_SPAN": "600-188-11529", "MAPID": "0610-00033.", "PARCID": "0610-00033.", "PROPTYPE": "PARCEL", "YEAR": 2018, "GLYEAR": 2022, "TOWN": "SOUTH BURLINGTON", "TNAME": "South Burlington", "SOURCENAME": "CITY", "SOURCETYPE": "UNKNOWN", "SOURCEDATE": "UNKNOWN", "EDITMETHOD": "UNKNOWN", "EDITOR": "UNKNOWN", "EDITDATE": "UNKNOWN", "MATCHSTAT": "MATCH", "EDITNOTE": null, "OWNER1": "VASHISHTA PREMASH", "OWNER2": "TRUDELL ELIZABETH", "ADDRGL1": "33 EAST TERR", "ADDRGL2": "", "CITYGL": "S BURLINGTON", "STGL": "VT", "ZIPGL": "05403", "DESCPROP": ".26A DWL", "LOCAPROP": "", "CAT": "Residential-1", "RESCODE": "T", "ACRESGL": 0.26, "REAL_FLV": 368400, "HSTED_FLV": 368400, "NRES_FLV": 0, "LAND_LV": 117600, "IMPRV_LV": 250800, "EQUIPVAL": 0, "EQUIPCODE": "", "INVENVAL": 0, "HSDECL": "Y", "HSITEVAL": 368400, "VETEXAMT": 0, "EXPDESC": "", "ENDDATE": "", "STATUTE": "", "EXAMT_HS": 0, "EXAMT_NR": 0, "UVREDUC_HS": 0, "UVREDUC_NR": 0, "GLVAL_HS": 3684.0, "GLVAL_NR": 0.0, "CRHOUSPCT": 0.0, "MUNGL1PCT": 3684.0, "AOEGL_HS": 3684.0, "AOEGL_NR": 0.0, "E911ADDR": "33 EAST TERR", "SHAPE_Length": 0.0015038242668245678, "SHAPE_Area": 1.0953978065551629e-07}, "geometry": {"type": "MultiPolygon", "coordinates": [[[[-73.19048364299994, 44.46828288700004], [-73.19103459299998, 44.46823497100007], [-73.19106405299993, 44.46838511000004], [-73.19107233799997, 44.46842565000003], [-73.19052409899996, 44.468483922000075], [-73.19050254499996, 44.46836923400008], [-73.19048364299994, 44.46828288700004]]]]}}, {"type": "Feature", "properties": {"OBJECTID": 308168, "SPAN": "600-188-12905", "GLIST_SPAN": "600-188-12905", "MAPID": "1640-00184.", "PARCID": "1640-00184.", "PROPTYPE": "PARCEL", "YEAR": 2018, "GLYEAR": 2022, "TOWN": "SOUTH BURLINGTON", "TNAME": "South Burlington", "SOURCENAME": "CITY", "SOURCETYPE": "UNKNOWN", "SOURCEDATE": "UNKNOWN", "EDITMETHOD": "UNKNOWN", "EDITOR": "UNKNOWN", "EDITDATE": "UNKNOWN", "MATCHSTAT": "MATCH", "EDITNOTE": null, "OWNER1": "GRANAHAN TERRANCE E", "OWNER2": "BUSHEY JASON R", "ADDRGL1": "7 COTTAGE ST", "ADDRGL2": "", "CITYGL": "HINGHAM", "STGL": "MA", "ZIPGL": "02043", "DESCPROP": ".39A; DWL", "LOCAPROP": "", "CAT": "Residential-1", "RESCODE": "NS", "ACRESGL": 0.39, "REAL_FLV": 310300, "HSTED_FLV": 0, "NRES_FLV": 310300, "LAND_LV": 99100, "IMPRV_LV": 211200, "EQUIPVAL": 0, "EQUIPCODE": "", "INVENVAL": 0, "HSDECL": "N", "HSITEVAL": 310300, "VETEXAMT": 0, "EXPDESC": "", "ENDDATE": "", "STATUTE": "", "EXAMT_HS": 0, "EXAMT_NR": 0, "UVREDUC_HS": 0, "UVREDUC_NR": 0, "GLVAL_HS": 0.0, "GLVAL_NR": 3103.0, "CRHOUSPCT": 0.0, "MUNGL1PCT": 3103.0, "AOEGL_HS": 0.0, "AOEGL_NR": 3103.0, "E911ADDR": "184 SPEAR ST", "SHAPE_Length": 0.0017448022015609363, "SHAPE_Area": 1.705826892695469e-07}, "geometry": {"type": "MultiPolygon", "coordinates": [[[[-73.19111706999996, 44.46864212000003], [-73.19107233799997, 44.46842565000003], [-73.19163912099998, 44.46835959600003], [-73.19165100399994, 44.46841791400004], [-73.19170317899994, 44.46866613800006], [-73.19113052699998, 44.46870662500004], [-73.19111706999996, 44.46864212000003]]]]}}, {"type": "Feature", "properties": {"OBJECTID": 308421, "SPAN": "600-188-13167", "GLIST_SPAN": "600-188-13167", "MAPID": "0610-00052.", "PARCID": "0610-00052.", "PROPTYPE": "PARCEL", "YEAR": 2018, "GLYEAR": 2022, "TOWN": "SOUTH BURLINGTON", "TNAME": "South Burlington", "SOURCENAME": "CITY", "SOURCETYPE": "UNKNOWN", "SOURCEDATE": "UNKNOWN", "EDITMETHOD": "UNKNOWN", "EDITOR": "UNKNOWN", "EDITDATE": "UNKNOWN", "MATCHSTAT": "MATCH", "EDITNOTE": null, "OWNER1": "CATES DAVID", "OWNER2": "SISK JENNIFER", "ADDRGL1": "52 EAST TERR", "ADDRGL2": "", "CITYGL": "S BURLINGTON", "STGL": "VT", "ZIPGL": "05403", "DESCPROP": "0.28 ACRE; DWL", "LOCAPROP": "", "CAT": "Residential-1", "RESCODE": "T", "ACRESGL": 0.28, "REAL_FLV": 411000, "HSTED_FLV": 411000, "NRES_FLV": 0, "LAND_LV": 141400, "IMPRV_LV": 269600, "EQUIPVAL": 0, "EQUIPCODE": "", "INVENVAL": 0, "HSDECL": "Y", "HSITEVAL": 411000, "VETEXAMT": 0, "EXPDESC": "", "ENDDATE": "", "STATUTE": "", "EXAMT_HS": 0, "EXAMT_NR": 0, "UVREDUC_HS": 0, "UVREDUC_NR": 0, "GLVAL_HS": 4110.0, "GLVAL_NR": 0.0, "CRHOUSPCT": 0.0, "MUNGL1PCT": 4110.0, "AOEGL_HS": 4110.0, "AOEGL_NR": 0.0, "E911ADDR": "52 EAST TERR", "SHAPE_Length": 0.0015906907372636562, "SHAPE_Area": 1.2640713747346733e-07}, "geometry": {"type": "MultiPolygon", "coordinates": [[[[-73.18939850599997, 44.466635170000075], [-73.18997034199998, 44.46658508000007], [-73.19001096099998, 44.46680212100006], [-73.18943891499998, 44.466853005000075], [-73.18939850599997, 44.466635170000075]]]]}}, {"type": "Feature", "properties": {"OBJECTID": 308477, "SPAN": "600-188-13225", "GLIST_SPAN": "600-188-13225", "MAPID": "0610-00036.", "PARCID": "0610-00036.", "PROPTYPE": "PARCEL", "YEAR": 2018, "GLYEAR": 2022, "TOWN": "SOUTH BURLINGTON", "TNAME": "South Burlington", "SOURCENAME": "CITY", "SOURCETYPE": "UNKNOWN", "SOURCEDATE": "UNKNOWN", "EDITMETHOD": "UNKNOWN", "EDITOR": "UNKNOWN", "EDITDATE": "UNKNOWN", "MATCHSTAT": "MATCH", "EDITNOTE": null, "OWNER1": "KAMP SUSAN", "OWNER2": "BEAN KENNETH", "ADDRGL1": "36 EAST TERRACE", "ADDRGL2": "", "CITYGL": "S BURLINGTON", "STGL": "VT", "ZIPGL": "05403", "DESCPROP": ".26A; DWL", "LOCAPROP": "", "CAT": "Residential-1", "RESCODE": "T", "ACRESGL": 0.26, "REAL_FLV": 369000, "HSTED_FLV": 369000, "NRES_FLV": 0, "LAND_LV": 117600, "IMPRV_LV": 251400, "EQUIPVAL": 0, "EQUIPCODE": "", "INVENVAL": 0, "HSDECL": "Y", "HSITEVAL": 369000, "VETEXAMT": 0, "EXPDESC": "", "ENDDATE": "", "STATUTE": "", "EXAMT_HS": 0, "EXAMT_NR": 0, "UVREDUC_HS": 0, "UVREDUC_NR": 0, "GLVAL_HS": 3690.0, "GLVAL_NR": 0.0, "CRHOUSPCT": 0.0, "MUNGL1PCT": 3690.0, "AOEGL_HS": 3690.0, "AOEGL_NR": 0.0, "E911ADDR": "36 EAST TERR", "SHAPE_Length": 0.0015555055033588344, "SHAPE_Area": 1.1747506812121789e-07}, "geometry": {"type": "MultiPolygon", "coordinates": [[[[-73.18975020199997, 44.46850703000007], [-73.19031794799997, 44.46844942400003], [-73.19035558799999, 44.468652288000044], [-73.18978593899999, 44.468709872000034], [-73.18975020199997, 44.46850703000007]]]]}}, {"type": "Feature", "properties": {"OBJECTID": 308504, "SPAN": "600-188-11585", "GLIST_SPAN": "600-188-11585", "MAPID": "0610-00043.", "PARCID": "0610-00043.", "PROPTYPE": "PARCEL", "YEAR": 2018, "GLYEAR": 2022, "TOWN": "SOUTH BURLINGTON", "TNAME": "South Burlington", "SOURCENAME": "CITY", "SOURCETYPE": "UNKNOWN", "SOURCEDATE": "UNKNOWN", "EDITMETHOD": "UNKNOWN", "EDITOR": "UNKNOWN", "EDITDATE": "UNKNOWN", "MATCHSTAT": "MATCH", "EDITNOTE": null, "OWNER1": "DONG JING", "OWNER2": "", "ADDRGL1": "43 EAST TERRACE", "ADDRGL2": "", "CITYGL": "S BURLINGTON", "STGL": "VT", "ZIPGL": "05403", "DESCPROP": ".26A DWL", "LOCAPROP": "", "CAT": "Residential-1", "RESCODE": "T", "ACRESGL": 0.26, "REAL_FLV": 318600, "HSTED_FLV": 0, "NRES_FLV": 318600, "LAND_LV": 117600, "IMPRV_LV": 201000, "EQUIPVAL": 0, "EQUIPCODE": "", "INVENVAL": 0, "HSDECL": "N", "HSITEVAL": 318600, "VETEXAMT": 0, "EXPDESC": "", "ENDDATE": "", "STATUTE": "", "EXAMT_HS": 0, "EXAMT_NR": 0, "UVREDUC_HS": 0, "UVREDUC_NR": 0, "GLVAL_HS": 0.0, "GLVAL_NR": 3186.0, "CRHOUSPCT": 0.0, "MUNGL1PCT": 3186.0, "AOEGL_HS": 0.0, "AOEGL_NR": 3186.0, "E911ADDR": "43 EAST TERR", "SHAPE_Length": 0.0015408624058552136, "SHAPE_Area": 1.1997196270286948e-07}, "geometry": {"type": "MultiPolygon", "coordinates": [[[[-73.19029137299998, 44.46726039600003], [-73.19083835399994, 44.46720755000007], [-73.19088222699997, 44.467422286000044], [-73.19032902199996, 44.46747366200003], [-73.19032049799995, 44.46742783500008], [-73.19030549599995, 44.46734716100008], [-73.19029137299998, 44.46726039600003]]]]}}, {"type": "Feature", "properties": {"OBJECTID": 309032, "SPAN": "600-188-12557", "GLIST_SPAN": "600-188-12557", "MAPID": "0610-00051.", "PARCID": "0610-00051.", "PROPTYPE": "PARCEL", "YEAR": 2018, "GLYEAR": 2022, "TOWN": "SOUTH BURLINGTON", "TNAME": "South Burlington", "SOURCENAME": "CITY", "SOURCETYPE": "UNKNOWN", "SOURCEDATE": "UNKNOWN", "EDITMETHOD": "UNKNOWN", "EDITOR": "UNKNOWN", "EDITDATE": "UNKNOWN", "MATCHSTAT": "MATCH", "EDITNOTE": null, "OWNER1": "GRAVES DOROTHY L LIFE ESTATE", "OWNER2": "", "ADDRGL1": "51 EAST TERR", "ADDRGL2": "", "CITYGL": "S BURLINGTON", "STGL": "VT", "ZIPGL": "05403", "DESCPROP": ".26A DWL", "LOCAPROP": "", "CAT": "Residential-1", "RESCODE": "T", "ACRESGL": 0.26, "REAL_FLV": 452800, "HSTED_FLV": 452800, "NRES_FLV": 0, "LAND_LV": 141100, "IMPRV_LV": 311700, "EQUIPVAL": 0, "EQUIPCODE": "", "INVENVAL": 0, "HSDECL": "Y", "HSITEVAL": 452800, "VETEXAMT": 0, "EXPDESC": "", "ENDDATE": "", "STATUTE": "", "EXAMT_HS": 0, "EXAMT_NR": 0, "UVREDUC_HS": 0, "UVREDUC_NR": 0, "GLVAL_HS": 4528.0, "GLVAL_NR": 0.0, "CRHOUSPCT": 0.0, "MUNGL1PCT": 4528.0, "AOEGL_HS": 4528.0, "AOEGL_NR": 0.0, "E911ADDR": "51 EAST TERR", "SHAPE_Length": 0.0015174844129506168, "SHAPE_Area": 1.1312403344654652e-07}, "geometry": {"type": "MultiPolygon", "coordinates": [[[[-73.19013714999994, 44.46644884400007], [-73.19069193299998, 44.46639932700003], [-73.19072318199994, 44.466600784000036], [-73.19017461099997, 44.46665115500008], [-73.19015285799998, 44.46653546200008], [-73.19013714999994, 44.46644884400007]]]]}}, {"type": "Feature", "properties": {"OBJECTID": 309033, "SPAN": "600-188-11725", "GLIST_SPAN": "600-188-11725", "MAPID": "1640-00238.", "PARCID": "1640-00238.", "PROPTYPE": "PARCEL", "YEAR": 2018, "GLYEAR": 2022, "TOWN": "SOUTH BURLINGTON", "TNAME": "South Burlington", "SOURCENAME": "CITY", "SOURCETYPE": "UNKNOWN", "SOURCEDATE": "UNKNOWN", "EDITMETHOD": "UNKNOWN", "EDITOR": "UNKNOWN", "EDITDATE": "UNKNOWN", "MATCHSTAT": "MATCH", "EDITNOTE": null, "OWNER1": "SHANDEC PROPERTIES LLC", "OWNER2": "C/O FULL CIRCLE PROPERTY MGMT", "ADDRGL1": "PO BOX 4057", "ADDRGL2": "", "CITYGL": "BURLINGTON", "STGL": "VT", "ZIPGL": "05406", "DESCPROP": "0.26 AC & DWL", "LOCAPROP": "", "CAT": "Residential-1", "RESCODE": "C", "ACRESGL": 0.26, "REAL_FLV": 489300, "HSTED_FLV": 0, "NRES_FLV": 489300, "LAND_LV": 97700, "IMPRV_LV": 391600, "EQUIPVAL": 0, "EQUIPCODE": "", "INVENVAL": 0, "HSDECL": "N", "HSITEVAL": 489300, "VETEXAMT": 0, "EXPDESC": "", "ENDDATE": "", "STATUTE": "", "EXAMT_HS": 0, "EXAMT_NR": 0, "UVREDUC_HS": 0, "UVREDUC_NR": 0, "GLVAL_HS": 0.0, "GLVAL_NR": 4893.0, "CRHOUSPCT": 0.0, "MUNGL1PCT": 4893.0, "AOEGL_HS": 0.0, "AOEGL_NR": 4893.0, "E911ADDR": "238 SPEAR ST", "SHAPE_Length": 0.0015570923194307238, "SHAPE_Area": 1.176945692741183e-07}, "geometry": {"type": "MultiPolygon", "coordinates": [[[[-73.19075949799998, 44.466807551000045], [-73.19073526099999, 44.466673084000035], [-73.19130201199994, 44.46662633300008], [-73.19131037499994, 44.466674124000065], [-73.19134372699995, 44.46682987300005], [-73.19077240699994, 44.46687707800004], [-73.19076465899997, 44.466837190000035], [-73.19075949799998, 44.466807551000045]]]]}}, {"type": "Feature", "properties": {"OBJECTID": 309119, "SPAN": "600-188-11749", "GLIST_SPAN": "600-188-11749", "MAPID": "1640-00168.", "PARCID": "1640-00168.", "PROPTYPE": "PARCEL", "YEAR": 2018, "GLYEAR": 2022, "TOWN": "SOUTH BURLINGTON", "TNAME": "South Burlington", "SOURCENAME": "CITY", "SOURCETYPE": "UNKNOWN", "SOURCEDATE": "UNKNOWN", "EDITMETHOD": "UNKNOWN", "EDITOR": "UNKNOWN", "EDITDATE": "UNKNOWN", "MATCHSTAT": "MATCH", "EDITNOTE": null, "OWNER1": "DEVINO TOMMY E & MONICA F", "OWNER2": "", "ADDRGL1": "168 SPEAR ST", "ADDRGL2": "", "CITYGL": "S BURLINGTON", "STGL": "VT", "ZIPGL": "05403", "DESCPROP": ".26A; DWL", "LOCAPROP": "", "CAT": "Residential-1", "RESCODE": "T", "ACRESGL": 0.26, "REAL_FLV": 385200, "HSTED_FLV": 385200, "NRES_FLV": 0, "LAND_LV": 97700, "IMPRV_LV": 287500, "EQUIPVAL": 0, "EQUIPCODE": "", "INVENVAL": 0, "HSDECL": "Y", "HSITEVAL": 385200, "VETEXAMT": 0, "EXPDESC": "", "ENDDATE": "", "STATUTE": "", "EXAMT_HS": 0, "EXAMT_NR": 0, "UVREDUC_HS": 0, "UVREDUC_NR": 0, "GLVAL_HS": 3852.0, "GLVAL_NR": 0.0, "CRHOUSPCT": 0.0, "MUNGL1PCT": 3852.0, "AOEGL_HS": 3852.0, "AOEGL_NR": 0.0, "E911ADDR": "168 SPEAR ST", "SHAPE_Length": 0.0015477881225261683, "SHAPE_Area": 1.1706470708890723e-07}, "geometry": {"type": "MultiPolygon", "coordinates": [[[[-73.19117362699996, 44.46891074100006], [-73.19173871099997, 44.46886490600008], [-73.19174902599997, 44.46892864200004], [-73.19177500899997, 44.46906890500003], [-73.19121238999998, 44.46911615000005], [-73.19117362699996, 44.46891074100006]]]]}}, {"type": "Feature", "properties": {"OBJECTID": 309355, "SPAN": "600-188-12646", "GLIST_SPAN": "600-188-12646", "MAPID": "1640-00226.", "PARCID": "1640-00226.", "PROPTYPE": "PARCEL", "YEAR": 2018, "GLYEAR": 2022, "TOWN": "SOUTH BURLINGTON", "TNAME": "South Burlington", "SOURCENAME": "CITY", "SOURCETYPE": "UNKNOWN", "SOURCEDATE": "UNKNOWN", "EDITMETHOD": "UNKNOWN", "EDITOR": "UNKNOWN", "EDITDATE": "UNKNOWN", "MATCHSTAT": "MATCH", "EDITNOTE": null, "OWNER1": "GUMP DIETER W TRUSTEE", "OWNER2": "GUMP VALERIE TRUSTEE", "ADDRGL1": "226 SPEAR ST", "ADDRGL2": "", "CITYGL": "S BURLINGTON", "STGL": "VT", "ZIPGL": "05403", "DESCPROP": ".50A; DWL", "LOCAPROP": "", "CAT": "Residential-1", "RESCODE": "T", "ACRESGL": 0.5, "REAL_FLV": 400200, "HSTED_FLV": 400200, "NRES_FLV": 0, "LAND_LV": 100300, "IMPRV_LV": 299900, "EQUIPVAL": 0, "EQUIPCODE": "", "INVENVAL": 0, "HSDECL": "Y", "HSITEVAL": 400200, "VETEXAMT": 0, "EXPDESC": "", "ENDDATE": "", "STATUTE": "", "EXAMT_HS": 0, "EXAMT_NR": 0, "UVREDUC_HS": 0, "UVREDUC_NR": 0, "GLVAL_HS": 4002.0, "GLVAL_NR": 0.0, "CRHOUSPCT": 0.0, "MUNGL1PCT": 4002.0, "AOEGL_HS": 4002.0, "AOEGL_NR": 0.0, "E911ADDR": "226 SPEAR ST", "SHAPE_Length": 0.0019779421400972753, "SHAPE_Area": 2.2744024014428158e-07}, "geometry": {"type": "MultiPolygon", "coordinates": [[[[-73.19088222699997, 44.467422286000044], [-73.19083835399994, 44.46720755000007], [-73.19081127699997, 44.467078566000055], [-73.19106848799998, 44.46705183500006], [-73.19107785399996, 44.46708862000003], [-73.19138746299996, 44.46706091100003], [-73.19139837599994, 44.46712189700003], [-73.19145497999995, 44.46744186700005], [-73.19089545499997, 44.467491954000025], [-73.19088984199993, 44.46746006800004], [-73.19088222699997, 44.467422286000044]]]]}}, {"type": "Feature", "properties": {"OBJECTID": 309372, "SPAN": "600-188-11810", "GLIST_SPAN": "600-188-11810", "MAPID": "0610-00044.", "PARCID": "0610-00044.", "PROPTYPE": "PARCEL", "YEAR": 2018, "GLYEAR": 2022, "TOWN": "SOUTH BURLINGTON", "TNAME": "South Burlington", "SOURCENAME": "CITY", "SOURCETYPE": "UNKNOWN", "SOURCEDATE": "UNKNOWN", "EDITMETHOD": "UNKNOWN", "EDITOR": "UNKNOWN", "EDITDATE": "UNKNOWN", "MATCHSTAT": "MATCH", "EDITNOTE": null, "OWNER1": "DOOLEY JOHN A III & SANDRA S", "OWNER2": "", "ADDRGL1": "44 EAST TERR", "ADDRGL2": "", "CITYGL": "S BURLINGTON", "STGL": "VT", "ZIPGL": "05403", "DESCPROP": "0.34A; DWL", "LOCAPROP": "", "CAT": "Residential-1", "RESCODE": "T", "ACRESGL": 0.34, "REAL_FLV": 400000, "HSTED_FLV": 400000, "NRES_FLV": 0, "LAND_LV": 118600, "IMPRV_LV": 281400, "EQUIPVAL": 0, "EQUIPCODE": "", "INVENVAL": 0, "HSDECL": "Y", "HSITEVAL": 400000, "VETEXAMT": 0, "EXPDESC": "", "ENDDATE": "", "STATUTE": "", "EXAMT_HS": 0, "EXAMT_NR": 0, "UVREDUC_HS": 0, "UVREDUC_NR": 0, "GLVAL_HS": 4000.0, "GLVAL_NR": 0.0, "CRHOUSPCT": 0.0, "MUNGL1PCT": 4000.0, "AOEGL_HS": 4000.0, "AOEGL_NR": 0.0, "E911ADDR": "44 EAST TERR", "SHAPE_Length": 0.0016965420466701995, "SHAPE_Area": 1.5725924484996316e-07}, "geometry": {"type": "MultiPolygon", "coordinates": [[[[-73.18956263999996, 44.46749625100006], [-73.18955976499996, 44.46748104400007], [-73.19013027399996, 44.46742899600008], [-73.19015299399996, 44.467569414000025], [-73.19017868399999, 44.46770152800008], [-73.18961122399998, 44.46775324200007], [-73.18956263999996, 44.46749625100006]]]]}}, {"type": "Feature", "properties": {"OBJECTID": 310216, "SPAN": "600-188-15408", "GLIST_SPAN": "600-188-15408", "MAPID": "0610-00039.", "PARCID": "0610-00039.", "PROPTYPE": "PARCEL", "YEAR": 2018, "GLYEAR": 2022, "TOWN": "SOUTH BURLINGTON", "TNAME": "South Burlington", "SOURCENAME": "CITY", "SOURCETYPE": "UNKNOWN", "SOURCEDATE": "UNKNOWN", "EDITMETHOD": "UNKNOWN", "EDITOR": "UNKNOWN", "EDITDATE": "UNKNOWN", "MATCHSTAT": "MATCH", "EDITNOTE": null, "OWNER1": "TRESTON DAVID", "OWNER2": "PARISI ALISON", "ADDRGL1": "39 EAST TERR", "ADDRGL2": "", "CITYGL": "S BURLINGTON", "STGL": "VT", "ZIPGL": "05403", "DESCPROP": ".26A DWL", "LOCAPROP": "", "CAT": "Residential-1", "RESCODE": "T", "ACRESGL": 0.26, "REAL_FLV": 307000, "HSTED_FLV": 307000, "NRES_FLV": 0, "LAND_LV": 117600, "IMPRV_LV": 189400, "EQUIPVAL": 0, "EQUIPCODE": "", "INVENVAL": 0, "HSDECL": "Y", "HSITEVAL": 307000, "VETEXAMT": 0, "EXPDESC": "", "ENDDATE": "", "STATUTE": "", "EXAMT_HS": 0, "EXAMT_NR": 0, "UVREDUC_HS": 0, "UVREDUC_NR": 0, "GLVAL_HS": 3070.0, "GLVAL_NR": 0.0, "CRHOUSPCT": 0.0, "MUNGL1PCT": 3070.0, "AOEGL_HS": 3070.0, "AOEGL_NR": 0.0, "E911ADDR": "39 EAST TERR", "SHAPE_Length": 0.001520313377526359, "SHAPE_Area": 1.1361604306623415e-07}, "geometry": {"type": "MultiPolygon", "coordinates": [[[[-73.19036877499997, 44.46767687100004], [-73.19091959099995, 44.467626376000055], [-73.19092641999998, 44.46766415900004], [-73.19093237899995, 44.46769597000008], [-73.19095722999998, 44.46782863800007], [-73.19040530199999, 44.46788066200003], [-73.19038630599994, 44.46776331700005], [-73.19036877499997, 44.46767687100004]]]]}}, {"type": "Feature", "properties": {"OBJECTID": 310245, "SPAN": "600-188-15437", "GLIST_SPAN": "600-188-15437", "MAPID": "1640-00233.", "PARCID": "1640-00233.", "PROPTYPE": "PARCEL", "YEAR": 2018, "GLYEAR": 2022, "TOWN": "SOUTH BURLINGTON", "TNAME": "South Burlington", "SOURCENAME": "CITY", "SOURCETYPE": "UNKNOWN", "SOURCEDATE": "UNKNOWN", "EDITMETHOD": "UNKNOWN", "EDITOR": "UNKNOWN", "EDITDATE": "UNKNOWN", "MATCHSTAT": "MATCH", "EDITNOTE": null, "OWNER1": "ROZENDAAL MARY J & JAN W", "OWNER2": "TRUSTEES LIVING TRUST", "ADDRGL1": "233 SPEAR ST", "ADDRGL2": "", "CITYGL": "S BURLINGTON", "STGL": "VT", "ZIPGL": "05403", "DESCPROP": ".46A; DWL", "LOCAPROP": "", "CAT": "Residential-1", "RESCODE": "T", "ACRESGL": 0.46, "REAL_FLV": 437100, "HSTED_FLV": 437100, "NRES_FLV": 0, "LAND_LV": 99800, "IMPRV_LV": 337300, "EQUIPVAL": 0, "EQUIPCODE": "", "INVENVAL": 0, "HSDECL": "Y", "HSITEVAL": 437100, "VETEXAMT": 0, "EXPDESC": "", "ENDDATE": "", "STATUTE": "", "EXAMT_HS": 0, "EXAMT_NR": 0, "UVREDUC_HS": 0, "UVREDUC_NR": 0, "GLVAL_HS": 4371.0, "GLVAL_NR": 0.0, "CRHOUSPCT": 0.0, "MUNGL1PCT": 4371.0, "AOEGL_HS": 4371.0, "AOEGL_NR": 0.0, "E911ADDR": "233 SPEAR ST", "SHAPE_Length": 0.0019122634201047864, "SHAPE_Area": 2.0941769306935959e-07}, "geometry": {"type": "MultiPolygon", "coordinates": [[[[-73.19156987199995, 44.46648135400005], [-73.19217916099996, 44.46645376600003], [-73.19223934699994, 44.46679424000007], [-73.19163012699994, 44.46682278700007], [-73.19156987199995, 44.46648135400005]]]]}}, {"type": "Feature", "properties": {"OBJECTID": 310359, "SPAN": "600-188-15553", "GLIST_SPAN": "600-188-15553", "MAPID": "0610-00042.", "PARCID": "0610-00042.", "PROPTYPE": "PARCEL", "YEAR": 2018, "GLYEAR": 2022, "TOWN": "SOUTH BURLINGTON", "TNAME": "South Burlington", "SOURCENAME": "CITY", "SOURCETYPE": "UNKNOWN", "SOURCEDATE": "UNKNOWN", "EDITMETHOD": "UNKNOWN", "EDITOR": "UNKNOWN", "EDITDATE": "UNKNOWN", "MATCHSTAT": "MATCH", "EDITNOTE": null, "OWNER1": "LOWDER MARY MACKIN & ERNEST E", "OWNER2": "", "ADDRGL1": "42 EAST TERR", "ADDRGL2": "", "CITYGL": "S BURLINGTON", "STGL": "VT", "ZIPGL": "05403", "DESCPROP": "0.34 AC & DWL", "LOCAPROP": "", "CAT": "Residential-1", "RESCODE": "T", "ACRESGL": 0.34, "REAL_FLV": 358000, "HSTED_FLV": 336500, "NRES_FLV": 21500, "LAND_LV": 118600, "IMPRV_LV": 239400, "EQUIPVAL": 0, "EQUIPCODE": "", "INVENVAL": 0, "HSDECL": "Y", "HSITEVAL": 336500, "VETEXAMT": 0, "EXPDESC": "", "ENDDATE": "", "STATUTE": "", "EXAMT_HS": 0, "EXAMT_NR": 0, "UVREDUC_HS": 0, "UVREDUC_NR": 0, "GLVAL_HS": 3365.0, "GLVAL_NR": 215.0, "CRHOUSPCT": 0.0, "MUNGL1PCT": 3580.0, "AOEGL_HS": 3365.0, "AOEGL_NR": 215.0, "E911ADDR": "42 EAST TERR", "SHAPE_Length": 0.0017004884771574975, "SHAPE_Area": 1.5823982768743148e-07}, "geometry": {"type": "MultiPolygon", "coordinates": [[[[-73.18961122399998, 44.46775324200007], [-73.19017868399999, 44.46770152800008], [-73.19020421999994, 44.467841761000045], [-73.19023352099998, 44.467975600000045], [-73.18966359199999, 44.468027154000026], [-73.18961122399998, 44.46775324200007]]]]}}, {"type": "Feature", "properties": {"OBJECTID": 310474, "SPAN": "600-188-15672", "GLIST_SPAN": "600-188-15672", "MAPID": "0610-00028.", "PARCID": "0610-00028.", "PROPTYPE": "PARCEL", "YEAR": 2018, "GLYEAR": 2022, "TOWN": "SOUTH BURLINGTON", "TNAME": "South Burlington", "SOURCENAME": "CITY", "SOURCETYPE": "UNKNOWN", "SOURCEDATE": "UNKNOWN", "EDITMETHOD": "UNKNOWN", "EDITOR": "UNKNOWN", "EDITDATE": "UNKNOWN", "MATCHSTAT": "MATCH", "EDITNOTE": null, "OWNER1": "SHEPARD CHARLES B TRUSTEE", "OWNER2": "", "ADDRGL1": "28 EAST TERRACE", "ADDRGL2": "", "CITYGL": "S BURLINGTON", "STGL": "VT", "ZIPGL": "05403", "DESCPROP": ".26A; DWL", "LOCAPROP": "", "CAT": "Residential-1", "RESCODE": "T", "ACRESGL": 0.26, "REAL_FLV": 271100, "HSTED_FLV": 0, "NRES_FLV": 271100, "LAND_LV": 117600, "IMPRV_LV": 153500, "EQUIPVAL": 0, "EQUIPCODE": "", "INVENVAL": 0, "HSDECL": "N", "HSITEVAL": 271100, "VETEXAMT": 0, "EXPDESC": "", "ENDDATE": "", "STATUTE": "", "EXAMT_HS": 0, "EXAMT_NR": 0, "UVREDUC_HS": 0, "UVREDUC_NR": 0, "GLVAL_HS": 0.0, "GLVAL_NR": 2711.0, "CRHOUSPCT": 0.0, "MUNGL1PCT": 2711.0, "AOEGL_HS": 0.0, "AOEGL_NR": 2711.0, "E911ADDR": "28 EAST TERR", "SHAPE_Length": 0.0015342029553119018, "SHAPE_Area": 1.1093033540356194e-07}, "geometry": {"type": "MultiPolygon", "coordinates": [[[[-73.18982553899997, 44.46891603300003], [-73.19039650599996, 44.46885634000006], [-73.19043065099999, 44.46905023800008], [-73.18986179999996, 44.469104394000055], [-73.18982553899997, 44.46891603300003]]]]}}, {"type": "Feature", "properties": {"OBJECTID": 310661, "SPAN": "600-188-14579", "GLIST_SPAN": "600-188-14579", "MAPID": "1640-00170.", "PARCID": "1640-00170.", "PROPTYPE": "PARCEL", "YEAR": 2018, "GLYEAR": 2022, "TOWN": "SOUTH BURLINGTON", "TNAME": "South Burlington", "SOURCENAME": "CITY", "SOURCETYPE": "UNKNOWN", "SOURCEDATE": "UNKNOWN", "EDITMETHOD": "UNKNOWN", "EDITOR": "UNKNOWN", "EDITDATE": "UNKNOWN", "MATCHSTAT": "MATCH", "EDITNOTE": null, "OWNER1": "JMD REAL ESTATE LLC", "OWNER2": "", "ADDRGL1": "PO BOX 683362", "ADDRGL2": "", "CITYGL": "PARK CITY", "STGL": "UT", "ZIPGL": "84068", "DESCPROP": ".26A DWL", "LOCAPROP": "", "CAT": "Residential-1", "RESCODE": "C", "ACRESGL": 0.26, "REAL_FLV": 384300, "HSTED_FLV": 0, "NRES_FLV": 384300, "LAND_LV": 97700, "IMPRV_LV": 286600, "EQUIPVAL": 0, "EQUIPCODE": "", "INVENVAL": 0, "HSDECL": "N", "HSITEVAL": 384300, "VETEXAMT": 0, "EXPDESC": "", "ENDDATE": "", "STATUTE": "", "EXAMT_HS": 0, "EXAMT_NR": 0, "UVREDUC_HS": 0, "UVREDUC_NR": 0, "GLVAL_HS": 0.0, "GLVAL_NR": 3843.0, "CRHOUSPCT": 0.0, "MUNGL1PCT": 3843.0, "AOEGL_HS": 0.0, "AOEGL_NR": 3843.0, "E911ADDR": "170 SPEAR ST", "SHAPE_Length": 0.0015516109495996892, "SHAPE_Area": 1.1648418303538977e-07}, "geometry": {"type": "MultiPolygon", "coordinates": [[[[-73.19115970899998, 44.46884350500005], [-73.19113052699998, 44.46870662500004], [-73.19170317899994, 44.46866613800006], [-73.19171745599994, 44.46873351700003], [-73.19173871099997, 44.46886490600008], [-73.19117362699996, 44.46891074100006], [-73.19115970899998, 44.46884350500005]]]]}}, {"type": "Feature", "properties": {"OBJECTID": 310769, "SPAN": "600-188-14690", "GLIST_SPAN": "600-188-14690", "MAPID": "0610-00048.", "PARCID": "0610-00048.", "PROPTYPE": "PARCEL", "YEAR": 2018, "GLYEAR": 2022, "TOWN": "SOUTH BURLINGTON", "TNAME": "South Burlington", "SOURCENAME": "CITY", "SOURCETYPE": "UNKNOWN", "SOURCEDATE": "UNKNOWN", "EDITMETHOD": "UNKNOWN", "EDITOR": "UNKNOWN", "EDITDATE": "UNKNOWN", "MATCHSTAT": "MATCH", "EDITNOTE": null, "OWNER1": "SHANDEC PROPERTIES LLC", "OWNER2": "C/O FULL CIRCLE PROPERTY MGMT", "ADDRGL1": "PO BOX 4057", "ADDRGL2": "", "CITYGL": "BURLINGTON", "STGL": "VT", "ZIPGL": "05406", "DESCPROP": ".34A DWL", "LOCAPROP": "", "CAT": "Residential-1", "RESCODE": "T", "ACRESGL": 0.34, "REAL_FLV": 290300, "HSTED_FLV": 0, "NRES_FLV": 290300, "LAND_LV": 118600, "IMPRV_LV": 171700, "EQUIPVAL": 0, "EQUIPCODE": "", "INVENVAL": 0, "HSDECL": "N", "HSITEVAL": 290300, "VETEXAMT": 0, "EXPDESC": "", "ENDDATE": "", "STATUTE": "", "EXAMT_HS": 0, "EXAMT_NR": 0, "UVREDUC_HS": 0, "UVREDUC_NR": 0, "GLVAL_HS": 0.0, "GLVAL_NR": 2903.0, "CRHOUSPCT": 0.0, "MUNGL1PCT": 2903.0, "AOEGL_HS": 0.0, "AOEGL_NR": 2903.0, "E911ADDR": "48 EAST TERR", "SHAPE_Length": 0.0017020513549352485, "SHAPE_Area": 1.5840600174007301e-07}, "geometry": {"type": "MultiPolygon", "coordinates": [[[[-73.18947883699997, 44.467070825000064], [-73.19004832899998, 44.46701834800007], [-73.19010496899995, 44.46729086400006], [-73.18953369199994, 44.467343474000074], [-73.18947883699997, 44.467070825000064]]]]}}, {"type": "Feature", "properties": {"OBJECTID": 310813, "SPAN": "600-188-14734", "GLIST_SPAN": "600-188-14734", "MAPID": "1640-00234.", "PARCID": "1640-00234.", "PROPTYPE": "PARCEL", "YEAR": 2018, "GLYEAR": 2022, "TOWN": "SOUTH BURLINGTON", "TNAME": "South Burlington", "SOURCENAME": "CITY", "SOURCETYPE": "UNKNOWN", "SOURCEDATE": "UNKNOWN", "EDITMETHOD": "UNKNOWN", "EDITOR": "UNKNOWN", "EDITDATE": "UNKNOWN", "MATCHSTAT": "MATCH", "EDITNOTE": null, "OWNER1": "YOUNG ELLEN TRUST", "OWNER2": "", "ADDRGL1": "234 SPEAR ST", "ADDRGL2": "", "CITYGL": "S BURLINGTON", "STGL": "VT", "ZIPGL": "05403", "DESCPROP": ".26A DWL", "LOCAPROP": "", "CAT": "Residential-1", "RESCODE": "T", "ACRESGL": 0.26, "REAL_FLV": 419400, "HSTED_FLV": 419400, "NRES_FLV": 0, "LAND_LV": 97700, "IMPRV_LV": 321700, "EQUIPVAL": 0, "EQUIPCODE": "", "INVENVAL": 0, "HSDECL": "Y", "HSITEVAL": 419400, "VETEXAMT": 0, "EXPDESC": "", "ENDDATE": "", "STATUTE": "", "EXAMT_HS": 0, "EXAMT_NR": 0, "UVREDUC_HS": 0, "UVREDUC_NR": 0, "GLVAL_HS": 4194.0, "GLVAL_NR": 0.0, "CRHOUSPCT": 0.0, "MUNGL1PCT": 4194.0, "AOEGL_HS": 4194.0, "AOEGL_NR": 0.0, "E911ADDR": "234 SPEAR ST", "SHAPE_Length": 0.0016210152014497314, "SHAPE_Area": 1.2582918789949287e-07}, "geometry": {"type": "MultiPolygon", "coordinates": [[[[-73.19081127699997, 44.467078566000055], [-73.19080658199994, 44.46705292400003], [-73.19079852999994, 44.46701163200004], [-73.19077240699994, 44.46687707800004], [-73.19134372699995, 44.46682987300005], [-73.19135270399994, 44.466875584000036], [-73.19138746299996, 44.46706091100003], [-73.19107785399996, 44.46708862000003], [-73.19106848799998, 44.46705183500006], [-73.19081127699997, 44.467078566000055]]]]}}, {"type": "Feature", "properties": {"OBJECTID": 310898, "SPAN": "600-188-14820", "GLIST_SPAN": "600-188-14820", "MAPID": "1640-00220.", "PARCID": "1640-00220.", "PROPTYPE": "PARCEL", "YEAR": 2018, "GLYEAR": 2022, "TOWN": "SOUTH BURLINGTON", "TNAME": "South Burlington", "SOURCENAME": "CITY", "SOURCETYPE": "UNKNOWN", "SOURCEDATE": "UNKNOWN", "EDITMETHOD": "UNKNOWN", "EDITOR": "UNKNOWN", "EDITDATE": "UNKNOWN", "MATCHSTAT": "MATCH", "EDITNOTE": null, "OWNER1": "SPEARHEAD LLC", "OWNER2": "", "ADDRGL1": "210 SPEAR ST", "ADDRGL2": "", "CITYGL": "S BURLINGTON", "STGL": "VT", "ZIPGL": "05403", "DESCPROP": ".26A DWL", "LOCAPROP": "", "CAT": "Residential-1", "RESCODE": "T", "ACRESGL": 0.26, "REAL_FLV": 351600, "HSTED_FLV": 0, "NRES_FLV": 351600, "LAND_LV": 97700, "IMPRV_LV": 253900, "EQUIPVAL": 0, "EQUIPCODE": "", "INVENVAL": 0, "HSDECL": "N", "HSITEVAL": 351600, "VETEXAMT": 0, "EXPDESC": "", "ENDDATE": "", "STATUTE": "", "EXAMT_HS": 0, "EXAMT_NR": 0, "UVREDUC_HS": 0, "UVREDUC_NR": 0, "GLVAL_HS": 0.0, "GLVAL_NR": 3516.0, "CRHOUSPCT": 0.0, "MUNGL1PCT": 3516.0, "AOEGL_HS": 0.0, "AOEGL_NR": 3516.0, "E911ADDR": "220 SPEAR ST", "SHAPE_Length": 0.0015471060681881447, "SHAPE_Area": 1.1676636378196465e-07}, "geometry": {"type": "MultiPolygon", "coordinates": [[[[-73.19091959099995, 44.467626376000055], [-73.19089545499997, 44.467491954000025], [-73.19145497999995, 44.46744186700005], [-73.19146625899998, 44.46749645400007], [-73.19149994299994, 44.46764512100003], [-73.19093237899995, 44.46769597000008], [-73.19092641999998, 44.46766415900004], [-73.19091959099995, 44.467626376000055]]]]}}, {"type": "Feature", "properties": {"OBJECTID": 311021, "SPAN": "600-188-13681", "GLIST_SPAN": "600-188-13681", "MAPID": "0610-00041.", "PARCID": "0610-00041.", "PROPTYPE": "PARCEL", "YEAR": 2018, "GLYEAR": 2022, "TOWN": "SOUTH BURLINGTON", "TNAME": "South Burlington", "SOURCENAME": "CITY", "SOURCETYPE": "UNKNOWN", "SOURCEDATE": "UNKNOWN", "EDITMETHOD": "UNKNOWN", "EDITOR": "UNKNOWN", "EDITDATE": "UNKNOWN", "MATCHSTAT": "MATCH", "EDITNOTE": null, "OWNER1": "LEGGETT WILLIAM A", "OWNER2": "", "ADDRGL1": "41 EAST TERR", "ADDRGL2": "", "CITYGL": "S BURLINGTON", "STGL": "VT", "ZIPGL": "05403", "DESCPROP": ".26A; DWL", "LOCAPROP": "", "CAT": "Residential-1", "RESCODE": "T", "ACRESGL": 0.26, "REAL_FLV": 332000, "HSTED_FLV": 332000, "NRES_FLV": 0, "LAND_LV": 117600, "IMPRV_LV": 214400, "EQUIPVAL": 0, "EQUIPCODE": "", "INVENVAL": 0, "HSDECL": "Y", "HSITEVAL": 332000, "VETEXAMT": 0, "EXPDESC": "", "ENDDATE": "", "STATUTE": "", "EXAMT_HS": 0, "EXAMT_NR": 0, "UVREDUC_HS": 0, "UVREDUC_NR": 0, "GLVAL_HS": 3320.0, "GLVAL_NR": 0.0, "CRHOUSPCT": 0.0, "MUNGL1PCT": 3320.0, "AOEGL_HS": 3320.0, "AOEGL_NR": 0.0, "E911ADDR": "41 EAST TERR", "SHAPE_Length": 0.001523268361150374, "SHAPE_Area": 1.145290338465043e-07}, "geometry": {"type": "MultiPolygon", "coordinates": [[[[-73.19032902199996, 44.46747366200003], [-73.19088222699997, 44.467422286000044], [-73.19088984199993, 44.46746006800004], [-73.19089545499997, 44.467491954000025], [-73.19091959099995, 44.467626376000055], [-73.19036877499997, 44.46767687100004], [-73.19034512499996, 44.46756023800003], [-73.19032902199996, 44.46747366200003]]]]}}, {"type": "Feature", "properties": {"OBJECTID": 311835, "SPAN": "600-188-14026", "GLIST_SPAN": "600-188-14026", "MAPID": "0610-00040.", "PARCID": "0610-00040.", "PROPTYPE": "PARCEL", "YEAR": 2018, "GLYEAR": 2022, "TOWN": "SOUTH BURLINGTON", "TNAME": "South Burlington", "SOURCENAME": "CITY", "SOURCETYPE": "UNKNOWN", "SOURCEDATE": "UNKNOWN", "EDITMETHOD": "UNKNOWN", "EDITOR": "UNKNOWN", "EDITDATE": "UNKNOWN", "MATCHSTAT": "MATCH", "EDITNOTE": null, "OWNER1": "CHATTERJEE NEEL & NIMRAT", "OWNER2": "", "ADDRGL1": "40 EAST TERRACE", "ADDRGL2": "", "CITYGL": "S BURLINGTON", "STGL": "VT", "ZIPGL": "05403", "DESCPROP": "0.34A DWL", "LOCAPROP": "", "CAT": "Residential-1", "RESCODE": "T", "ACRESGL": 0.34, "REAL_FLV": 373800, "HSTED_FLV": 373800, "NRES_FLV": 0, "LAND_LV": 118600, "IMPRV_LV": 255200, "EQUIPVAL": 0, "EQUIPCODE": "", "INVENVAL": 0, "HSDECL": "Y", "HSITEVAL": 373800, "VETEXAMT": 0, "EXPDESC": "", "ENDDATE": "", "STATUTE": "", "EXAMT_HS": 0, "EXAMT_NR": 0, "UVREDUC_HS": 0, "UVREDUC_NR": 0, "GLVAL_HS": 3738.0, "GLVAL_NR": 0.0, "CRHOUSPCT": 0.0, "MUNGL1PCT": 3738.0, "AOEGL_HS": 3738.0, "AOEGL_NR": 0.0, "E911ADDR": "40 EAST TERR", "SHAPE_Length": 0.0016970044669896366, "SHAPE_Area": 1.5751859327661873e-07}, "geometry": {"type": "MultiPolygon", "coordinates": [[[[-73.18966359199999, 44.468027154000026], [-73.19023352099998, 44.467975600000045], [-73.19028479699995, 44.468246460000046], [-73.18971624999995, 44.46830012500004], [-73.18966359199999, 44.468027154000026]]]]}}, {"type": "Feature", "properties": {"OBJECTID": 311908, "SPAN": "600-188-15180", "GLIST_SPAN": "600-188-15180", "MAPID": "0610-00029.", "PARCID": "0610-00029.", "PROPTYPE": "PARCEL", "YEAR": 2018, "GLYEAR": 2022, "TOWN": "SOUTH BURLINGTON", "TNAME": "South Burlington", "SOURCENAME": "CITY", "SOURCETYPE": "UNKNOWN", "SOURCEDATE": "UNKNOWN", "EDITMETHOD": "UNKNOWN", "EDITOR": "UNKNOWN", "EDITDATE": "UNKNOWN", "MATCHSTAT": "MATCH", "EDITNOTE": null, "OWNER1": "SHANDEC PROPERTIES LLC", "OWNER2": "C/O FULL CIRCLE PROPERTY MGMT", "ADDRGL1": "PO BOX 4057", "ADDRGL2": "", "CITYGL": "BURLINGTON", "STGL": "VT", "ZIPGL": "05406", "DESCPROP": ".26A DWL", "LOCAPROP": "", "CAT": "Residential-1", "RESCODE": "C", "ACRESGL": 0.26, "REAL_FLV": 343600, "HSTED_FLV": 0, "NRES_FLV": 343600, "LAND_LV": 117600, "IMPRV_LV": 226000, "EQUIPVAL": 0, "EQUIPCODE": "", "INVENVAL": 0, "HSDECL": "N", "HSITEVAL": 343600, "VETEXAMT": 0, "EXPDESC": "", "ENDDATE": "", "STATUTE": "", "EXAMT_HS": 0, "EXAMT_NR": 0, "UVREDUC_HS": 0, "UVREDUC_NR": 0, "GLVAL_HS": 0.0, "GLVAL_NR": 3436.0, "CRHOUSPCT": 0.0, "MUNGL1PCT": 3436.0, "AOEGL_HS": 0.0, "AOEGL_NR": 3436.0, "E911ADDR": "29 EAST TERR", "SHAPE_Length": 0.0015302193477211338, "SHAPE_Area": 1.1380879132466089e-07}, "geometry": {"type": "MultiPolygon", "coordinates": [[[[-73.19056238899998, 44.46868800400006], [-73.19111706999996, 44.46864212000003], [-73.19113052699998, 44.46870662500004], [-73.19115970899998, 44.46884350500005], [-73.19059694499998, 44.468888280000044], [-73.19057861899995, 44.46877459400008], [-73.19056238899998, 44.46868800400006]]]]}}, {"type": "Feature", "properties": {"OBJECTID": 312027, "SPAN": "600-188-15240", "GLIST_SPAN": "600-188-15240", "MAPID": "0610-00031.", "PARCID": "0610-00031.", "PROPTYPE": "PARCEL", "YEAR": 2018, "GLYEAR": 2022, "TOWN": "SOUTH BURLINGTON", "TNAME": "South Burlington", "SOURCENAME": "CITY", "SOURCETYPE": "UNKNOWN", "SOURCEDATE": "UNKNOWN", "EDITMETHOD": "UNKNOWN", "EDITOR": "UNKNOWN", "EDITDATE": "UNKNOWN", "MATCHSTAT": "MATCH", "EDITNOTE": null, "OWNER1": "MEYER TIMOTHY P & JENNIFER J B", "OWNER2": "", "ADDRGL1": "40 EAST TERR", "ADDRGL2": "", "CITYGL": "S BURLINGTON", "STGL": "VT", "ZIPGL": "05403", "DESCPROP": "0.26A DWL", "LOCAPROP": "", "CAT": "Residential-1", "RESCODE": "T", "ACRESGL": 0.26, "REAL_FLV": 281000, "HSTED_FLV": 0, "NRES_FLV": 281000, "LAND_LV": 117600, "IMPRV_LV": 163400, "EQUIPVAL": 0, "EQUIPCODE": "", "INVENVAL": 0, "HSDECL": "N", "HSITEVAL": 281000, "VETEXAMT": 0, "EXPDESC": "", "ENDDATE": "", "STATUTE": "", "EXAMT_HS": 0, "EXAMT_NR": 0, "UVREDUC_HS": 0, "UVREDUC_NR": 0, "GLVAL_HS": 0.0, "GLVAL_NR": 2810.0, "CRHOUSPCT": 0.0, "MUNGL1PCT": 2810.0, "AOEGL_HS": 0.0, "AOEGL_NR": 2810.0, "E911ADDR": "31 EAST TERR", "SHAPE_Length": 0.0015365891093110443, "SHAPE_Area": 1.1811831793929136e-07}, "geometry": {"type": "MultiPolygon", "coordinates": [[[[-73.19052409899996, 44.468483922000075], [-73.19107233799997, 44.46842565000003], [-73.19111706999996, 44.46864212000003], [-73.19056238899998, 44.46868800400006], [-73.19054036699998, 44.468570509000074], [-73.19052409899996, 44.468483922000075]]]]}}, {"type": "Feature", "properties": {"OBJECTID": 312447, "SPAN": "600-188-16049", "GLIST_SPAN": "600-188-16049", "MAPID": "0610-00038.", "PARCID": "0610-00038.", "PROPTYPE": "PARCEL", "YEAR": 2018, "GLYEAR": 2022, "TOWN": "SOUTH BURLINGTON", "TNAME": "South Burlington", "SOURCENAME": "CITY", "SOURCETYPE": "UNKNOWN", "SOURCEDATE": "UNKNOWN", "EDITMETHOD": "UNKNOWN", "EDITOR": "UNKNOWN", "EDITDATE": "UNKNOWN", "MATCHSTAT": "MATCH", "EDITNOTE": null, "OWNER1": "TAYLOR TIMOTHY A", "OWNER2": "", "ADDRGL1": "38 EAST TERRACE", "ADDRGL2": "", "CITYGL": "S BURLINGTON", "STGL": "VT", "ZIPGL": "05403", "DESCPROP": ".26A DWL", "LOCAPROP": "", "CAT": "Residential-1", "RESCODE": "T", "ACRESGL": 0.26, "REAL_FLV": 293600, "HSTED_FLV": 293600, "NRES_FLV": 0, "LAND_LV": 117600, "IMPRV_LV": 176000, "EQUIPVAL": 0, "EQUIPCODE": "", "INVENVAL": 0, "HSDECL": "Y", "HSITEVAL": 293600, "VETEXAMT": 0, "EXPDESC": "", "ENDDATE": "", "STATUTE": "", "EXAMT_HS": 0, "EXAMT_NR": 0, "UVREDUC_HS": 0, "UVREDUC_NR": 0, "GLVAL_HS": 2936.0, "GLVAL_NR": 0.0, "CRHOUSPCT": 0.0, "MUNGL1PCT": 2936.0, "AOEGL_HS": 2936.0, "AOEGL_NR": 0.0, "E911ADDR": "38 EAST TERR", "SHAPE_Length": 0.0015570607873455833, "SHAPE_Area": 1.1829947338727661e-07}, "geometry": {"type": "MultiPolygon", "coordinates": [[[[-73.18971624999995, 44.46830012500004], [-73.19028479699995, 44.468246460000046], [-73.19031794799997, 44.46844942400003], [-73.18975020199997, 44.46850703000007], [-73.18971624999995, 44.46830012500004]]]]}}, {"type": "Feature", "properties": {"OBJECTID": 312472, "SPAN": "600-188-16074", "GLIST_SPAN": "600-188-16074", "MAPID": "0610-00035.", "PARCID": "0610-00035.", "PROPTYPE": "PARCEL", "YEAR": 2018, "GLYEAR": 2022, "TOWN": "SOUTH BURLINGTON", "TNAME": "South Burlington", "SOURCENAME": "CITY", "SOURCETYPE": "UNKNOWN", "SOURCEDATE": "UNKNOWN", "EDITMETHOD": "UNKNOWN", "EDITOR": "UNKNOWN", "EDITDATE": "UNKNOWN", "MATCHSTAT": "MATCH", "EDITNOTE": null, "OWNER1": "THALI MARKUS & GABY G", "OWNER2": "", "ADDRGL1": "35 EAST TERRACE", "ADDRGL2": "", "CITYGL": "S BURLINGTON", "STGL": "VT", "ZIPGL": "05403", "DESCPROP": ".26A; DWL", "LOCAPROP": "", "CAT": "Residential-1", "RESCODE": "T", "ACRESGL": 0.26, "REAL_FLV": 324100, "HSTED_FLV": 324100, "NRES_FLV": 0, "LAND_LV": 105800, "IMPRV_LV": 218300, "EQUIPVAL": 0, "EQUIPCODE": "", "INVENVAL": 0, "HSDECL": "Y", "HSITEVAL": 324100, "VETEXAMT": 0, "EXPDESC": "", "ENDDATE": "", "STATUTE": "", "EXAMT_HS": 0, "EXAMT_NR": 0, "UVREDUC_HS": 0, "UVREDUC_NR": 0, "GLVAL_HS": 3241.0, "GLVAL_NR": 0.0, "CRHOUSPCT": 0.0, "MUNGL1PCT": 3241.0, "AOEGL_HS": 3241.0, "AOEGL_NR": 0.0, "E911ADDR": "35 EAST TERR", "SHAPE_Length": 0.0015175842867931329, "SHAPE_Area": 1.1256630656137147e-07}, "geometry": {"type": "MultiPolygon", "coordinates": [[[[-73.19044175199997, 44.46808216800008], [-73.19099599699996, 44.46803539000007], [-73.19100324399994, 44.46807499800008], [-73.19100809799994, 44.46810087800003], [-73.19103459299998, 44.46823497100007], [-73.19048364299994, 44.46828288700004], [-73.19045864499998, 44.468168700000035], [-73.19044175199997, 44.46808216800008]]]]}}, {"type": "Feature", "properties": {"OBJECTID": 312473, "SPAN": "600-188-16075", "GLIST_SPAN": "600-188-16075", "MAPID": "0610-00027.", "PARCID": "0610-00027.", "PROPTYPE": "PARCEL", "YEAR": 2018, "GLYEAR": 2022, "TOWN": "SOUTH BURLINGTON", "TNAME": "South Burlington", "SOURCENAME": "CITY", "SOURCETYPE": "UNKNOWN", "SOURCEDATE": "UNKNOWN", "EDITMETHOD": "UNKNOWN", "EDITOR": "UNKNOWN", "EDITDATE": "UNKNOWN", "MATCHSTAT": "MATCH", "EDITNOTE": null, "OWNER1": "CONNOLLY DECLAN L & SHANNON L", "OWNER2": "C/O FULL CIRCLE PROPERTY MGMT", "ADDRGL1": "PO BOX 4057", "ADDRGL2": "", "CITYGL": "BURLINGTON", "STGL": "VT", "ZIPGL": "05406", "DESCPROP": ".34A DWL", "LOCAPROP": "", "CAT": "Residential-1", "RESCODE": "T", "ACRESGL": 0.34, "REAL_FLV": 335200, "HSTED_FLV": 0, "NRES_FLV": 335200, "LAND_LV": 118600, "IMPRV_LV": 216600, "EQUIPVAL": 0, "EQUIPCODE": "", "INVENVAL": 0, "HSDECL": "N", "HSITEVAL": 335200, "VETEXAMT": 0, "EXPDESC": "", "ENDDATE": "", "STATUTE": "", "EXAMT_HS": 0, "EXAMT_NR": 0, "UVREDUC_HS": 0, "UVREDUC_NR": 0, "GLVAL_HS": 0.0, "GLVAL_NR": 3352.0, "CRHOUSPCT": 0.0, "MUNGL1PCT": 3352.0, "AOEGL_HS": 0.0, "AOEGL_NR": 3352.0, "E911ADDR": "27 EAST TERR", "SHAPE_Length": 0.0016907525010130134, "SHAPE_Area": 1.5804043767354932e-07}, "geometry": {"type": "MultiPolygon", "coordinates": [[[[-73.19059694499998, 44.468888280000044], [-73.19115970899998, 44.46884350500005], [-73.19117362699996, 44.46891074100006], [-73.19121238999998, 44.46911615000005], [-73.19064951599995, 44.469166690000066], [-73.19061093199997, 44.46897506000005], [-73.19059694499998, 44.468888280000044]]]]}}, {"type": "Feature", "properties": {"OBJECTID": 312598, "SPAN": "600-188-16105", "GLIST_SPAN": "600-188-16105", "MAPID": "0610-00026.", "PARCID": "0610-00026.", "PROPTYPE": "PARCEL", "YEAR": 2018, "GLYEAR": 2022, "TOWN": "SOUTH BURLINGTON", "TNAME": "South Burlington", "SOURCENAME": "CITY", "SOURCETYPE": "UNKNOWN", "SOURCEDATE": "UNKNOWN", "EDITMETHOD": "UNKNOWN", "EDITOR": "UNKNOWN", "EDITDATE": "UNKNOWN", "MATCHSTAT": "MATCH", "EDITNOTE": null, "OWNER1": "GEIER JAMES", "OWNER2": "", "ADDRGL1": "3820 ROUTE 116", "ADDRGL2": "", "CITYGL": "STARKSBORO", "STGL": "VT", "ZIPGL": "05487-7005", "DESCPROP": ".26A; DWL", "LOCAPROP": "", "CAT": "Residential-1", "RESCODE": "T", "ACRESGL": 0.26, "REAL_FLV": 345400, "HSTED_FLV": 0, "NRES_FLV": 345400, "LAND_LV": 117600, "IMPRV_LV": 227800, "EQUIPVAL": 0, "EQUIPCODE": "", "INVENVAL": 0, "HSDECL": "N", "HSITEVAL": 345400, "VETEXAMT": 0, "EXPDESC": "", "ENDDATE": "", "STATUTE": "", "EXAMT_HS": 0, "EXAMT_NR": 0, "UVREDUC_HS": 0, "UVREDUC_NR": 0, "GLVAL_HS": 0.0, "GLVAL_NR": 3454.0, "CRHOUSPCT": 0.0, "MUNGL1PCT": 3454.0, "AOEGL_HS": 0.0, "AOEGL_NR": 3454.0, "E911ADDR": "26 EAST TERR", "SHAPE_Length": 0.001552726825739226, "SHAPE_Area": 1.1735385002416947e-07}, "geometry": {"type": "MultiPolygon", "coordinates": [[[[-73.18986179999996, 44.469104394000055], [-73.19043065099999, 44.46905023800008], [-73.19044812199996, 44.469197518000044], [-73.19045997299997, 44.46925796000005], [-73.18989536299995, 44.46930634300003], [-73.18986179999996, 44.469104394000055]]]]}}, {"type": "Feature", "properties": {"OBJECTID": 312882, "SPAN": "600-188-16636", "GLIST_SPAN": "600-188-16636", "MAPID": "0610-00037.", "PARCID": "0610-00037.", "PROPTYPE": "PARCEL", "YEAR": 2018, "GLYEAR": 2022, "TOWN": "SOUTH BURLINGTON", "TNAME": "South Burlington", "SOURCENAME": "CITY", "SOURCETYPE": "UNKNOWN", "SOURCEDATE": "UNKNOWN", "EDITMETHOD": "UNKNOWN", "EDITOR": "UNKNOWN", "EDITDATE": "UNKNOWN", "MATCHSTAT": "MATCH", "EDITNOTE": null, "OWNER1": "RICHARDS JENNIFER", "OWNER2": "", "ADDRGL1": "196 PINEHURST DR", "ADDRGL2": "", "CITYGL": "SHELBURNE", "STGL": "VT", "ZIPGL": "05482", "DESCPROP": ".26A; DWL", "LOCAPROP": "", "CAT": "Residential-1", "RESCODE": "S", "ACRESGL": 0.26, "REAL_FLV": 343900, "HSTED_FLV": 0, "NRES_FLV": 343900, "LAND_LV": 117600, "IMPRV_LV": 226300, "EQUIPVAL": 0, "EQUIPCODE": "", "INVENVAL": 0, "HSDECL": "N", "HSITEVAL": 343900, "VETEXAMT": 0, "EXPDESC": "", "ENDDATE": "", "STATUTE": "", "EXAMT_HS": 0, "EXAMT_NR": 0, "UVREDUC_HS": 0, "UVREDUC_NR": 0, "GLVAL_HS": 0.0, "GLVAL_NR": 3439.0, "CRHOUSPCT": 0.0, "MUNGL1PCT": 3439.0, "AOEGL_HS": 0.0, "AOEGL_NR": 3439.0, "E911ADDR": "37 EAST TERR", "SHAPE_Length": 0.0015257474441509908, "SHAPE_Area": 1.1492503398794157e-07}, "geometry": {"type": "MultiPolygon", "coordinates": [[[[-73.19040530199999, 44.46788066200003], [-73.19095722999998, 44.46782863800007], [-73.19099599699996, 44.46803539000007], [-73.19044175199997, 44.46808216800008], [-73.19041934899997, 44.46796743400006], [-73.19040530199999, 44.46788066200003]]]]}}, {"type": "Feature", "properties": {"OBJECTID": 313890, "SPAN": "600-188-16410", "GLIST_SPAN": "600-188-16410", "MAPID": "0610-00030.", "PARCID": "0610-00030.", "PROPTYPE": "PARCEL", "YEAR": 2018, "GLYEAR": 2022, "TOWN": "SOUTH BURLINGTON", "TNAME": "South Burlington", "SOURCENAME": "CITY", "SOURCETYPE": "UNKNOWN", "SOURCEDATE": "UNKNOWN", "EDITMETHOD": "UNKNOWN", "EDITOR": "UNKNOWN", "EDITDATE": "UNKNOWN", "MATCHSTAT": "MATCH", "EDITNOTE": null, "OWNER1": "LARROW RODNEY W", "OWNER2": "", "ADDRGL1": "30 EAST TERR", "ADDRGL2": "", "CITYGL": "S BURLINGTON", "STGL": "VT", "ZIPGL": "05403", "DESCPROP": ".26A; DWL", "LOCAPROP": "", "CAT": "Residential-1", "RESCODE": "T", "ACRESGL": 0.26, "REAL_FLV": 334200, "HSTED_FLV": 334200, "NRES_FLV": 0, "LAND_LV": 117600, "IMPRV_LV": 216600, "EQUIPVAL": 0, "EQUIPCODE": "", "INVENVAL": 0, "HSDECL": "Y", "HSITEVAL": 334200, "VETEXAMT": 0, "EXPDESC": "", "ENDDATE": "", "STATUTE": "", "EXAMT_HS": 0, "EXAMT_NR": 0, "UVREDUC_HS": 0, "UVREDUC_NR": 0, "GLVAL_HS": 3342.0, "GLVAL_NR": 0.0, "CRHOUSPCT": 0.0, "MUNGL1PCT": 3342.0, "AOEGL_HS": 3342.0, "AOEGL_NR": 0.0, "E911ADDR": "30 EAST TERR", "SHAPE_Length": 0.0015646749292736449, "SHAPE_Area": 1.1933460517236363e-07}, "geometry": {"type": "MultiPolygon", "coordinates": [[[[-73.18978593899999, 44.468709872000034], [-73.19035558799999, 44.468652288000044], [-73.19039650599996, 44.46885634000006], [-73.18982553899997, 44.46891603300003], [-73.18978593899999, 44.468709872000034]]]]}}, {"type": "Feature", "properties": {"OBJECTID": 314054, "SPAN": "600-188-16494", "GLIST_SPAN": "600-188-16494", "MAPID": "0610-00047.", "PARCID": "0610-00047.", "PROPTYPE": "PARCEL", "YEAR": 2018, "GLYEAR": 2022, "TOWN": "SOUTH BURLINGTON", "TNAME": "South Burlington", "SOURCENAME": "CITY", "SOURCETYPE": "UNKNOWN", "SOURCEDATE": "UNKNOWN", "EDITMETHOD": "UNKNOWN", "EDITOR": "UNKNOWN", "EDITDATE": "UNKNOWN", "MATCHSTAT": "MATCH", "EDITNOTE": null, "OWNER1": "PATCHETT & HOLLAND LLC", "OWNER2": "", "ADDRGL1": "1000 GUINEA RD", "ADDRGL2": "", "CITYGL": "CHARLOTTE", "STGL": "VT", "ZIPGL": "05445", "DESCPROP": ".26A DWL", "LOCAPROP": "", "CAT": "Residential-1", "RESCODE": "T", "ACRESGL": 0.26, "REAL_FLV": 346400, "HSTED_FLV": 0, "NRES_FLV": 346400, "LAND_LV": 117600, "IMPRV_LV": 228800, "EQUIPVAL": 0, "EQUIPCODE": "", "INVENVAL": 0, "HSDECL": "N", "HSITEVAL": 346400, "VETEXAMT": 0, "EXPDESC": "", "ENDDATE": "", "STATUTE": "", "EXAMT_HS": 0, "EXAMT_NR": 0, "UVREDUC_HS": 0, "UVREDUC_NR": 0, "GLVAL_HS": 0.0, "GLVAL_NR": 3464.0, "CRHOUSPCT": 0.0, "MUNGL1PCT": 3464.0, "AOEGL_HS": 0.0, "AOEGL_NR": 3464.0, "E911ADDR": "47 EAST TERR", "SHAPE_Length": 0.0015033750766700064, "SHAPE_Area": 1.1190320373778236e-07}, "geometry": {"type": "MultiPolygon", "coordinates": [[[[-73.19021625399995, 44.46685624100007], [-73.19075949799998, 44.466807551000045], [-73.19076465899997, 44.466837190000035], [-73.19077240699994, 44.46687707800004], [-73.19079852999994, 44.46701163200004], [-73.19025637399994, 44.46705828800003], [-73.19023473899995, 44.46694261300007], [-73.19021625399995, 44.46685624100007]]]]}}, {"type": "Feature", "properties": {"OBJECTID": 323162, "SPAN": null, "GLIST_SPAN": null, "MAPID": null, "PARCID": null, "PROPTYPE": "ROW_ROAD", "YEAR": 2018, "GLYEAR": null, "TOWN": "SOUTH BURLINGTON", "TNAME": null, "SOURCENAME": "CITY", "SOURCETYPE": "UNKNOWN", "SOURCEDATE": "UNKNOWN", "EDITMETHOD": "UNKNOWN", "EDITOR": "UNKNOWN", "EDITDATE": "UNKNOWN", "MATCHSTAT": "EXEMPT", "EDITNOTE": null, "OWNER1": null, "OWNER2": null, "ADDRGL1": null, "ADDRGL2": null, "CITYGL": null, "STGL": null, "ZIPGL": null, "DESCPROP": null, "LOCAPROP": null, "CAT": null, "RESCODE": null, "ACRESGL": null, "REAL_FLV": null, "HSTED_FLV": null, "NRES_FLV": null, "LAND_LV": null, "IMPRV_LV": null, "EQUIPVAL": null, "EQUIPCODE": null, "INVENVAL": null, "HSDECL": null, "HSITEVAL": null, "VETEXAMT": null, "EXPDESC": null, "ENDDATE": null, "STATUTE": null, "EXAMT_HS": null, "EXAMT_NR": null, "UVREDUC_HS": null, "UVREDUC_NR": null, "GLVAL_HS": null, "GLVAL_NR": null, "CRHOUSPCT": null, "MUNGL1PCT": null, "AOEGL_HS": null, "AOEGL_NR": null, "E911ADDR": null, "SHAPE_Length": 0.017627069335812783, "SHAPE_Area": 1.7457653568473523e-06}, "geometry": {"type": "MultiPolygon", "coordinates": [[[[-73.18954230299994, 44.46365747600004], [-73.18960043599998, 44.463655577000054], [-73.18964521199996, 44.46366569700007], [-73.18969279799995, 44.46368149800003], [-73.18972065299994, 44.46369420000008], [-73.18975232899999, 44.46371331300003], [-73.18977805199995, 44.46373568100006], [-73.18980000499994, 44.46375592700008], [-73.18981830999996, 44.46378423700003], [-73.18983139299996, 44.46381418900006], [-73.18983544099996, 44.46383990500004], [-73.18983652399999, 44.463868320000074], [-73.18983351199995, 44.46389224300003], [-73.18982544899995, 44.46391986800006], [-73.18981521299997, 44.463940843000046], [-73.18980272999994, 44.46396183400003], [-73.18979325699996, 44.463981613000044], [-73.18978376099994, 44.46400431200004], [-73.18977297499998, 44.46402666500006], [-73.18976559799995, 44.46405161300004], [-73.18976065999993, 44.464077383000074], [-73.18975521399994, 44.46409782600006], [-73.18975243599994, 44.46412016700003], [-73.18975034099998, 44.46413596900004], [-73.18975183399994, 44.46415465800004], [-73.18975202999997, 44.46417128100006], [-73.18975151499995, 44.46419112500007], [-73.18975183499998, 44.464211086000034], [-73.18975080899997, 44.46422749700008], [-73.18975029799998, 44.46424647600003], [-73.18975091499993, 44.46426531800006], [-73.18975192599999, 44.46427906900004], [-73.18975678199996, 44.464315499000065], [-73.18979832099996, 44.46455146000005], [-73.18980626799998, 44.46459654800003], [-73.18984644199998, 44.464823360000025], [-73.18985442799993, 44.464868427000056], [-73.18989468899997, 44.46509526400007], [-73.18990268699997, 44.46514030600008], [-73.18994262099994, 44.46536715900004], [-73.18995055099998, 44.46541218400006], [-73.18999076099993, 44.46563990200008], [-73.18999870999994, 44.465684907000025], [-73.19003898299997, 44.46591179600006], [-73.19004696999997, 44.46595678500006], [-73.19008880199993, 44.46618369000004], [-73.19010475999994, 44.46627026800007], [-73.19013714999994, 44.46644884400007], [-73.19015285799998, 44.46653546200008], [-73.19017461099997, 44.46665115500008], [-73.19019088499994, 44.46673771800005], [-73.19021625399995, 44.46685624100007], [-73.19023473899995, 44.46694261300007], [-73.19025637399994, 44.46705828800003], [-73.19027257199997, 44.46714487200006], [-73.19029137299998, 44.46726039600003], [-73.19030549599995, 44.46734716100008], [-73.19032049799995, 44.46742783500008], [-73.19032902199996, 44.46747366200003], [-73.19034512499996, 44.46756023800003], [-73.19036877499997, 44.46767687100004], [-73.19038630599994, 44.46776331700005], [-73.19040530199999, 44.46788066200003], [-73.19041934899997, 44.46796743400006], [-73.19044175199997, 44.46808216800008], [-73.19045864499998, 44.468168700000035], [-73.19048364299994, 44.46828288700004], [-73.19050254499996, 44.46836923400008], [-73.19052409899996, 44.468483922000075], [-73.19054036699998, 44.468570509000074], [-73.19056238899998, 44.46868800400006], [-73.19057861899995, 44.46877459400008], [-73.19059694499998, 44.468888280000044], [-73.19061093199997, 44.46897506000005], [-73.19064951599995, 44.469166690000066], [-73.19066559199996, 44.46924654000003], [-73.19067459299998, 44.46930365800006], [-73.19068713899998, 44.46938322800003], [-73.19071077999996, 44.46951509500008], [-73.19072340199995, 44.46958549800007], [-73.19075162599995, 44.469720178000046], [-73.19076710599995, 44.46979404800004], [-73.19079034499998, 44.46992402300003], [-73.19080327299997, 44.46999631800003], [-73.19083154399993, 44.470130390000065], [-73.19084591799998, 44.47019854600006], [-73.19088655799999, 44.47040184000008], [-73.19089872699993, 44.47046272400007], [-73.19093787799994, 44.47067366500005], [-73.19095063699996, 44.47074237700008], [-73.19098854299995, 44.47094555000007], [-73.19100126699993, 44.47101374300007], [-73.19102778599995, 44.47114934200005], [-73.19103993499994, 44.471211495000034], [-73.19106525299998, 44.471353306000026], [-73.19107684599999, 44.47141826300003], [-73.19110400399995, 44.471557147000055], [-73.19111006899993, 44.471583457000065], [-73.19109396999994, 44.471779420000075], [-73.19068913899997, 44.471936149000044], [-73.19076138799994, 44.47186845900006], [-73.19079828999998, 44.47181691000003], [-73.19089091799998, 44.471695157000056], [-73.19090518899998, 44.47166624700003], [-73.19090933199993, 44.471548305000056], [-73.19089021899998, 44.47142006900003], [-73.19085539199995, 44.47121961700003], [-73.19081947999996, 44.47101624100003], [-73.19078870499999, 44.47098986000003], [-73.19076553199994, 44.47085940200003], [-73.19074830999995, 44.47076244800007], [-73.19071760199995, 44.470605239000065], [-73.19068853999994, 44.47045765200005], [-73.19068113099996, 44.47042003400003], [-73.19064936599995, 44.47025821700004], [-73.19064194999999, 44.470220452000035], [-73.19060748899994, 44.470058907000066], [-73.19059746099998, 44.47001190700007], [-73.19057129699996, 44.46986521100007], [-73.19056171099999, 44.46981146200005], [-73.19053535299997, 44.46966475700003], [-73.19052408399995, 44.46960203200007], [-73.19049782399998, 44.46945541100007], [-73.19048865999997, 44.46940426000003], [-73.19045997299997, 44.46925796000005], [-73.19044812199996, 44.469197518000044], [-73.19043065099999, 44.46905023800008], [-73.19039650599996, 44.46885634000006], [-73.19035558799999, 44.468652288000044], [-73.19031794799997, 44.46844942400003], [-73.19028479699995, 44.468246460000046], [-73.19023352099998, 44.467975600000045], [-73.19020421999994, 44.467841761000045], [-73.19017868399999, 44.46770152800008], [-73.19015299399996, 44.467569414000025], [-73.19013027399996, 44.46742899600008], [-73.19010496899995, 44.46729086400006], [-73.19004832899998, 44.46701834800007], [-73.19001096099998, 44.46680212100006], [-73.18997034199998, 44.46658508000007], [-73.18995746499996, 44.466508661000034], [-73.18994728999996, 44.46645842700008], [-73.18992766999997, 44.46636567500008], [-73.18987268699993, 44.46608389900007], [-73.18986771999994, 44.46605591900004], [-73.18982041099997, 44.465784633000055], [-73.18977824099994, 44.46551472600004], [-73.18966057499995, 44.46489086100007], [-73.18960611099999, 44.464615698000046], [-73.18954429999997, 44.46427639500007], [-73.18953333499996, 44.46423800900004], [-73.18951615999998, 44.464199998000026], [-73.18949903099997, 44.46416579900006], [-73.18947812499994, 44.46413380100006], [-73.18945340099998, 44.464100192000046], [-73.18943488499997, 44.464077436000025], [-73.18941564199997, 44.46405740500006], [-73.18937933499996, 44.46401995100007], [-73.18934716499996, 44.46398866900006], [-73.18932863699996, 44.46396482400007], [-73.18931394899994, 44.463944222000066], [-73.18930230199999, 44.46392360200008], [-73.18929427299997, 44.46389733400008], [-73.18929025799997, 44.46386922600004], [-73.18929146399995, 44.46384253900004], [-73.18929410699997, 44.46381957800003], [-73.18930273799998, 44.46378949600006], [-73.18932113599993, 44.46376203500006], [-73.18935074499996, 44.463732899000036], [-73.18938862299996, 44.46370639300005], [-73.18945680499996, 44.46366259600006], [-73.18947889199995, 44.46366127500005], [-73.18954230299994, 44.46365747600004]]]]}}, {"type": "Feature", "properties": {"OBJECTID": 323436, "SPAN": null, "GLIST_SPAN": null, "MAPID": null, "PARCID": null, "PROPTYPE": "PARCEL", "YEAR": 2018, "GLYEAR": null, "TOWN": "SOUTH BURLINGTON", "TNAME": null, "SOURCENAME": "CITY", "SOURCETYPE": "UNKNOWN", "SOURCEDATE": "UNKNOWN", "EDITMETHOD": "UNKNOWN", "EDITOR": "UNKNOWN", "EDITDATE": "UNKNOWN", "MATCHSTAT": "UNMATCHED", "EDITNOTE": null, "OWNER1": null, "OWNER2": null, "ADDRGL1": null, "ADDRGL2": null, "CITYGL": null, "STGL": null, "ZIPGL": null, "DESCPROP": null, "LOCAPROP": null, "CAT": null, "RESCODE": null, "ACRESGL": null, "REAL_FLV": null, "HSTED_FLV": null, "NRES_FLV": null, "LAND_LV": null, "IMPRV_LV": null, "EQUIPVAL": null, "EQUIPCODE": null, "INVENVAL": null, "HSDECL": null, "HSITEVAL": null, "VETEXAMT": null, "EXPDESC": null, "ENDDATE": null, "STATUTE": null, "EXAMT_HS": null, "EXAMT_NR": null, "UVREDUC_HS": null, "UVREDUC_NR": null, "GLVAL_HS": null, "GLVAL_NR": null, "CRHOUSPCT": null, "MUNGL1PCT": null, "AOEGL_HS": null, "AOEGL_NR": null, "E911ADDR": null, "SHAPE_Length": 0.0006998640285064937, "SHAPE_Area": 2.2122950141297476e-08}, "geometry": {"type": "MultiPolygon", "coordinates": [[[[-73.18971624999995, 44.46830012500004], [-73.18975020199997, 44.46850703000007], [-73.18953707099996, 44.46851139000006], [-73.18971624999995, 44.46830012500004]]]]}}, {"type": "Feature", "properties": {"OBJECTID": 276686, "SPAN": "114-035-18013", "GLIST_SPAN": "114-035-18013", "MAPID": "050-2-071-000", "PARCID": "050-2-071.000", "PROPTYPE": "PARCEL", "YEAR": 2018, "GLYEAR": 2022, "TOWN": "BURLINGTON", "TNAME": "Burlington", "SOURCENAME": null, "SOURCETYPE": "UNKNOWN", "SOURCEDATE": "UNKNOWN", "EDITMETHOD": "UNKNOWN", "EDITOR": "UNKNOWN", "EDITDATE": "UNKNOWN", "MATCHSTAT": "MATCH", "EDITNOTE": "UNKNOWN", "OWNER1": "OLMSTED JOHN", "OWNER2": "GALLAGHER ANNA", "ADDRGL1": "55 CLIFF STREET", "ADDRGL2": "", "CITYGL": "BURLINGTON", "STGL": "VT", "ZIPGL": "05401", "DESCPROP": "SINGLE FAMILY HOUSE", "LOCAPROP": "", "CAT": "Residential-1", "RESCODE": "T", "ACRESGL": 0.28, "REAL_FLV": 723100, "HSTED_FLV": 0, "NRES_FLV": 723100, "LAND_LV": 240500, "IMPRV_LV": 482600, "EQUIPVAL": 0, "EQUIPCODE": "", "INVENVAL": 0, "HSDECL": "N", "HSITEVAL": 723100, "VETEXAMT": 0, "EXPDESC": "", "ENDDATE": "", "STATUTE": "", "EXAMT_HS": 0, "EXAMT_NR": 0, "UVREDUC_HS": 0, "UVREDUC_NR": 0, "GLVAL_HS": 0.0, "GLVAL_NR": 7231.0, "CRHOUSPCT": 0.0, "MUNGL1PCT": 7231.0, "AOEGL_HS": 0.0, "AOEGL_NR": 7231.0, "E911ADDR": "55 CLIFF ST", "SHAPE_Length": 0.0014406074953694369, "SHAPE_Area": 1.2879226113060343e-07}, "geometry": {"type": "MultiPolygon", "coordinates": [[[[-73.20608309699998, 44.46914845900005], [-73.20617221999998, 44.46914607900004], [-73.20618361599998, 44.46914657100007], [-73.20619132799999, 44.46923244100003], [-73.20622344199995, 44.46951797600008], [-73.20612963299999, 44.46952277400004], [-73.20592044899996, 44.469535035000035], [-73.20586511799996, 44.46953889200006], [-73.20586047899997, 44.46915405300007], [-73.20590327499997, 44.469152945000076], [-73.20601281799998, 44.469150299000034], [-73.20608309699998, 44.46914845900005]]]]}}, {"type": "Feature", "properties": {"OBJECTID": 276688, "SPAN": "114-035-18014", "GLIST_SPAN": "114-035-18014", "MAPID": "050-2-072-000", "PARCID": "050-2-072.000", "PROPTYPE": "PARCEL", "YEAR": 2018, "GLYEAR": 2022, "TOWN": "BURLINGTON", "TNAME": "Burlington", "SOURCENAME": null, "SOURCETYPE": "UNKNOWN", "SOURCEDATE": "UNKNOWN", "EDITMETHOD": "UNKNOWN", "EDITOR": "UNKNOWN", "EDITDATE": "UNKNOWN", "MATCHSTAT": "MATCH", "EDITNOTE": "UNKNOWN", "OWNER1": "LAMSON PATRICIA", "OWNER2": "", "ADDRGL1": "53 CLIFF STREET", "ADDRGL2": "", "CITYGL": "BURLINGTON", "STGL": "VT", "ZIPGL": "05401", "DESCPROP": "", "LOCAPROP": "N", "CAT": "Residential-1", "RESCODE": "T", "ACRESGL": 0.14, "REAL_FLV": 689000, "HSTED_FLV": 689000, "NRES_FLV": 0, "LAND_LV": 217700, "IMPRV_LV": 471300, "EQUIPVAL": 0, "EQUIPCODE": "", "INVENVAL": 0, "HSDECL": "Y", "HSITEVAL": 689000, "VETEXAMT": 0, "EXPDESC": "", "ENDDATE": "", "STATUTE": "", "EXAMT_HS": 0, "EXAMT_NR": 0, "UVREDUC_HS": 0, "UVREDUC_NR": 0, "GLVAL_HS": 6890.0, "GLVAL_NR": 0.0, "CRHOUSPCT": 0.0, "MUNGL1PCT": 6890.0, "AOEGL_HS": 6890.0, "AOEGL_NR": 0.0, "E911ADDR": "53 CLIFF ST", "SHAPE_Length": 0.0010905268821128696, "SHAPE_Area": 6.456710174334641e-08}, "geometry": {"type": "MultiPolygon", "coordinates": [[[[-73.20633436699995, 44.469141421000074], [-73.20635556899998, 44.46914086800007], [-73.20639771099997, 44.46950888300006], [-73.20622344199995, 44.46951797600008], [-73.20619132799999, 44.46923244100003], [-73.20618361599998, 44.46914657100007], [-73.20625703299999, 44.46914443000003], [-73.20633436699995, 44.469141421000074]]]]}}, {"type": "Feature", "properties": {"OBJECTID": 276689, "SPAN": "114-035-18015", "GLIST_SPAN": "114-035-18015", "MAPID": "050-2-073-000", "PARCID": "050-2-073.000", "PROPTYPE": "PARCEL", "YEAR": 2018, "GLYEAR": 2022, "TOWN": "BURLINGTON", "TNAME": "Burlington", "SOURCENAME": null, "SOURCETYPE": "UNKNOWN", "SOURCEDATE": "UNKNOWN", "EDITMETHOD": "UNKNOWN", "EDITOR": "UNKNOWN", "EDITDATE": "UNKNOWN", "MATCHSTAT": "MATCH", "EDITNOTE": "UNKNOWN", "OWNER1": "SMITH DANIE", "OWNER2": "SMITH LINDSAY", "ADDRGL1": "49 CLIFF ST", "ADDRGL2": "", "CITYGL": "BURLINGTON", "STGL": "VT", "ZIPGL": "05401", "DESCPROP": "", "LOCAPROP": "N", "CAT": "Residential-1", "RESCODE": "T", "ACRESGL": 0.13, "REAL_FLV": 619100, "HSTED_FLV": 619100, "NRES_FLV": 0, "LAND_LV": 216100, "IMPRV_LV": 403000, "EQUIPVAL": 0, "EQUIPCODE": "", "INVENVAL": 0, "HSDECL": "Y", "HSITEVAL": 619100, "VETEXAMT": 0, "EXPDESC": "", "ENDDATE": "", "STATUTE": "", "EXAMT_HS": 0, "EXAMT_NR": 0, "UVREDUC_HS": 0, "UVREDUC_NR": 0, "GLVAL_HS": 6191.0, "GLVAL_NR": 0.0, "CRHOUSPCT": 0.0, "MUNGL1PCT": 6191.0, "AOEGL_HS": 6191.0, "AOEGL_NR": 0.0, "E911ADDR": "49 CLIFF ST", "SHAPE_Length": 0.0010631638104736537, "SHAPE_Area": 5.996921686515566e-08}, "geometry": {"type": "MultiPolygon", "coordinates": [[[[-73.20642192599996, 44.46913961400003], [-73.20652007199999, 44.46913633500003], [-73.20655980699996, 44.46950000600003], [-73.20639771099997, 44.46950888300006], [-73.20635556899998, 44.46914086800007], [-73.20642192599996, 44.46913961400003]]]]}}, {"type": "Feature", "properties": {"OBJECTID": 276691, "SPAN": "114-035-18016", "GLIST_SPAN": "114-035-18016", "MAPID": "050-2-074-000", "PARCID": "050-2-074.000", "PROPTYPE": "PARCEL", "YEAR": 2018, "GLYEAR": 2022, "TOWN": "BURLINGTON", "TNAME": "Burlington", "SOURCENAME": null, "SOURCETYPE": "UNKNOWN", "SOURCEDATE": "UNKNOWN", "EDITMETHOD": "UNKNOWN", "EDITOR": "UNKNOWN", "EDITDATE": "UNKNOWN", "MATCHSTAT": "MATCH", "EDITNOTE": "UNKNOWN", "OWNER1": "GEORGE MICHAEL J", "OWNER2": "BARBANO ANNE M", "ADDRGL1": "45 CLIFF STREET", "ADDRGL2": "", "CITYGL": "BURLINGTON", "STGL": "VT", "ZIPGL": "05401", "DESCPROP": "", "LOCAPROP": "N", "CAT": "Residential-1", "RESCODE": "T", "ACRESGL": 0.14, "REAL_FLV": 685300, "HSTED_FLV": 685300, "NRES_FLV": 0, "LAND_LV": 217000, "IMPRV_LV": 468300, "EQUIPVAL": 0, "EQUIPCODE": "", "INVENVAL": 0, "HSDECL": "Y", "HSITEVAL": 685300, "VETEXAMT": 0, "EXPDESC": "", "ENDDATE": "", "STATUTE": "", "EXAMT_HS": 0, "EXAMT_NR": 0, "UVREDUC_HS": 0, "UVREDUC_NR": 0, "GLVAL_HS": 6853.0, "GLVAL_NR": 0.0, "CRHOUSPCT": 0.0, "MUNGL1PCT": 6853.0, "AOEGL_HS": 6853.0, "AOEGL_NR": 0.0, "E911ADDR": "45 CLIFF ST", "SHAPE_Length": 0.001070516639654631, "SHAPE_Area": 6.217343198072267e-08}, "geometry": {"type": "MultiPolygon", "coordinates": [[[[-73.20661155599998, 44.46913422200004], [-73.20669125099994, 44.46913162000004], [-73.20673132899998, 44.46949107000006], [-73.20655980699996, 44.46950000600003], [-73.20652007199999, 44.46913633500003], [-73.20657622399995, 44.46913542500005], [-73.20661155599998, 44.46913422200004]]]]}}, {"type": "Feature", "properties": {"OBJECTID": 276693, "SPAN": "114-035-18017", "GLIST_SPAN": "114-035-18017", "MAPID": "050-2-075-000", "PARCID": "050-2-075.000", "PROPTYPE": "PARCEL", "YEAR": 2018, "GLYEAR": 2022, "TOWN": "BURLINGTON", "TNAME": "Burlington", "SOURCENAME": null, "SOURCETYPE": "UNKNOWN", "SOURCEDATE": "UNKNOWN", "EDITMETHOD": "UNKNOWN", "EDITOR": "UNKNOWN", "EDITDATE": "UNKNOWN", "MATCHSTAT": "MATCH", "EDITNOTE": "UNKNOWN", "OWNER1": "HART AUSTIN D", "OWNER2": "HART C FAGAN", "ADDRGL1": "39 CLIFF STREET", "ADDRGL2": "", "CITYGL": "BURLINGTON", "STGL": "VT", "ZIPGL": "05401", "DESCPROP": "", "LOCAPROP": "N", "CAT": "Residential-1", "RESCODE": "T", "ACRESGL": 0.13, "REAL_FLV": 594100, "HSTED_FLV": 594100, "NRES_FLV": 0, "LAND_LV": 215500, "IMPRV_LV": 378600, "EQUIPVAL": 0, "EQUIPCODE": "", "INVENVAL": 0, "HSDECL": "Y", "HSITEVAL": 594100, "VETEXAMT": 0, "EXPDESC": "", "ENDDATE": "", "STATUTE": "", "EXAMT_HS": 0, "EXAMT_NR": 0, "UVREDUC_HS": 0, "UVREDUC_NR": 0, "GLVAL_HS": 5941.0, "GLVAL_NR": 0.0, "CRHOUSPCT": 0.0, "MUNGL1PCT": 5941.0, "AOEGL_HS": 5941.0, "AOEGL_NR": 0.0, "E911ADDR": "39 CLIFF ST", "SHAPE_Length": 0.0010435679511585506, "SHAPE_Area": 5.829763993526366e-08}, "geometry": {"type": "MultiPolygon", "coordinates": [[[[-73.20677094999996, 44.46912929900003], [-73.20685497199997, 44.46912723200006], [-73.20689263399998, 44.46948177500008], [-73.20673132899998, 44.46949107000006], [-73.20669125099994, 44.46913162000004], [-73.20677094999996, 44.46912929900003]]]]}}, {"type": "Feature", "properties": {"OBJECTID": 276695, "SPAN": "114-035-18018", "GLIST_SPAN": "114-035-18018", "MAPID": "050-2-076-000", "PARCID": "050-2-076.000", "PROPTYPE": "PARCEL", "YEAR": 2018, "GLYEAR": 2022, "TOWN": "BURLINGTON", "TNAME": "Burlington", "SOURCENAME": null, "SOURCETYPE": "UNKNOWN", "SOURCEDATE": "UNKNOWN", "EDITMETHOD": "UNKNOWN", "EDITOR": "UNKNOWN", "EDITDATE": "UNKNOWN", "MATCHSTAT": "MATCH", "EDITNOTE": "UNKNOWN", "OWNER1": "FLANAGAN JOYCE B TRUSTEE", "OWNER2": "THE JBF REV TRUST", "ADDRGL1": "37 CLIFF STREET", "ADDRGL2": "", "CITYGL": "BURLINGTON", "STGL": "VT", "ZIPGL": "05401", "DESCPROP": "17-DORMERS", "LOCAPROP": "N", "CAT": "Residential-1", "RESCODE": "T", "ACRESGL": 0.13, "REAL_FLV": 698900, "HSTED_FLV": 698900, "NRES_FLV": 0, "LAND_LV": 216500, "IMPRV_LV": 482400, "EQUIPVAL": 0, "EQUIPCODE": "", "INVENVAL": 0, "HSDECL": "Y", "HSITEVAL": 698900, "VETEXAMT": 0, "EXPDESC": "", "ENDDATE": "", "STATUTE": "", "EXAMT_HS": 0, "EXAMT_NR": 0, "UVREDUC_HS": 0, "UVREDUC_NR": 0, "GLVAL_HS": 6989.0, "GLVAL_NR": 0.0, "CRHOUSPCT": 0.0, "MUNGL1PCT": 6989.0, "AOEGL_HS": 6989.0, "AOEGL_NR": 0.0, "E911ADDR": "37 CLIFF ST", "SHAPE_Length": 0.0010547227166285305, "SHAPE_Area": 6.049964497181956e-08}, "geometry": {"type": "MultiPolygon", "coordinates": [[[[-73.20696214999998, 44.46912389700003], [-73.20700887999999, 44.469123326000044], [-73.20703852199995, 44.46926896200006], [-73.20708102699996, 44.46947146900004], [-73.20689263399998, 44.46948177500008], [-73.20685497199997, 44.46912723200006], [-73.20693898199994, 44.46912418100004], [-73.20696214999998, 44.46912389700003]]]]}}, {"type": "Feature", "properties": {"OBJECTID": 276698, "SPAN": "114-035-18019", "GLIST_SPAN": "114-035-18019", "MAPID": "050-2-077-000", "PARCID": "050-2-077.000", "PROPTYPE": "PARCEL", "YEAR": 2018, "GLYEAR": 2022, "TOWN": "BURLINGTON", "TNAME": "Burlington", "SOURCENAME": null, "SOURCETYPE": "UNKNOWN", "SOURCEDATE": "UNKNOWN", "EDITMETHOD": "UNKNOWN", "EDITOR": "UNKNOWN", "EDITDATE": "UNKNOWN", "MATCHSTAT": "MATCH", "EDITNOTE": "UNKNOWN", "OWNER1": "WEINTRAUB DANIEL R.", "OWNER2": "POPICK ANNA", "ADDRGL1": "31 CLIFF ST", "ADDRGL2": "", "CITYGL": "BURLINGTON", "STGL": "VT", "ZIPGL": "05401", "DESCPROP": "", "LOCAPROP": "N", "CAT": "Residential-1", "RESCODE": "T", "ACRESGL": 0.17, "REAL_FLV": 631400, "HSTED_FLV": 631400, "NRES_FLV": 0, "LAND_LV": 222100, "IMPRV_LV": 409300, "EQUIPVAL": 0, "EQUIPCODE": "", "INVENVAL": 0, "HSDECL": "Y", "HSITEVAL": 631400, "VETEXAMT": 0, "EXPDESC": "", "ENDDATE": "", "STATUTE": "", "EXAMT_HS": 0, "EXAMT_NR": 0, "UVREDUC_HS": 0, "UVREDUC_NR": 0, "GLVAL_HS": 6314.0, "GLVAL_NR": 0.0, "CRHOUSPCT": 0.0, "MUNGL1PCT": 6314.0, "AOEGL_HS": 6314.0, "AOEGL_NR": 0.0, "E911ADDR": "31 CLIFF ST", "SHAPE_Length": 0.0011633251450683837, "SHAPE_Area": 7.669802228474383e-08}, "geometry": {"type": "MultiPolygon", "coordinates": [[[[-73.20700637899995, 44.46911139000008], [-73.20722960899997, 44.46909158700004], [-73.20724116999997, 44.469203306000054], [-73.20724839699994, 44.469281444000046], [-73.20725936899998, 44.46934437200008], [-73.20726858899997, 44.469392406000054], [-73.20727614199996, 44.469432435000044], [-73.20728039699998, 44.46945954800003], [-73.20708102699996, 44.46947146900004], [-73.20703852199995, 44.46926896200006], [-73.20700887999999, 44.469123326000044], [-73.20700637899995, 44.46911139000008]]]]}}, {"type": "Feature", "properties": {"OBJECTID": 276699, "SPAN": "114-035-18020", "GLIST_SPAN": "114-035-18020", "MAPID": "050-2-078-000", "PARCID": "050-2-078.000", "PROPTYPE": "PARCEL", "YEAR": 2018, "GLYEAR": 2022, "TOWN": "BURLINGTON", "TNAME": "Burlington", "SOURCENAME": null, "SOURCETYPE": "UNKNOWN", "SOURCEDATE": "UNKNOWN", "EDITMETHOD": "UNKNOWN", "EDITOR": "UNKNOWN", "EDITDATE": "UNKNOWN", "MATCHSTAT": "MATCH", "EDITNOTE": "UNKNOWN", "OWNER1": "VANDERMADE LISA", "OWNER2": "VANDERMADE FAMILY REVOCABLE TRUST", "ADDRGL1": "498 ROUTE 66", "ADDRGL2": "", "CITYGL": "VERGENNES", "STGL": "VT", "ZIPGL": "05491", "DESCPROP": "", "LOCAPROP": "N", "CAT": "Residential-1", "RESCODE": "T", "ACRESGL": 0.08, "REAL_FLV": 527000, "HSTED_FLV": 0, "NRES_FLV": 527000, "LAND_LV": 190100, "IMPRV_LV": 336900, "EQUIPVAL": 0, "EQUIPCODE": "", "INVENVAL": 0, "HSDECL": "N", "HSITEVAL": 527000, "VETEXAMT": 0, "EXPDESC": "", "ENDDATE": "", "STATUTE": "", "EXAMT_HS": 0, "EXAMT_NR": 0, "UVREDUC_HS": 0, "UVREDUC_NR": 0, "GLVAL_HS": 0.0, "GLVAL_NR": 5270.0, "CRHOUSPCT": 0.0, "MUNGL1PCT": 5270.0, "AOEGL_HS": 0.0, "AOEGL_NR": 5270.0, "E911ADDR": "25 CLIFF ST", "SHAPE_Length": 0.0007599199121439289, "SHAPE_Area": 3.5804501009312815e-08}, "geometry": {"type": "MultiPolygon", "coordinates": [[[[-73.20724839699994, 44.469281444000046], [-73.20744221499996, 44.46926505700003], [-73.20747703899997, 44.46944933000003], [-73.20728039699998, 44.46945954800003], [-73.20727614199996, 44.469432435000044], [-73.20726858899997, 44.469392406000054], [-73.20725936899998, 44.46934437200008], [-73.20724839699994, 44.469281444000046]]]]}}, {"type": "Feature", "properties": {"OBJECTID": 276701, "SPAN": "114-035-18021", "GLIST_SPAN": "114-035-18021", "MAPID": "050-2-079-000", "PARCID": "050-2-079.000", "PROPTYPE": "PARCEL", "YEAR": 2018, "GLYEAR": 2022, "TOWN": "BURLINGTON", "TNAME": "Burlington", "SOURCENAME": null, "SOURCETYPE": "UNKNOWN", "SOURCEDATE": "UNKNOWN", "EDITMETHOD": "UNKNOWN", "EDITOR": "UNKNOWN", "EDITDATE": "UNKNOWN", "MATCHSTAT": "MATCH", "EDITNOTE": "UNKNOWN", "OWNER1": "KUNTZ SUSAN W REVOCABLE TRUST", "OWNER2": "KUNTZ SUSAN W", "ADDRGL1": "19 CLIFF STREET", "ADDRGL2": "", "CITYGL": "BURLINGTON", "STGL": "VT", "ZIPGL": "05401", "DESCPROP": "LAND SIZE FROM GIS 2/9/94", "LOCAPROP": "", "CAT": "Residential-1", "RESCODE": "T", "ACRESGL": 0.09, "REAL_FLV": 642500, "HSTED_FLV": 642500, "NRES_FLV": 0, "LAND_LV": 208900, "IMPRV_LV": 433600, "EQUIPVAL": 0, "EQUIPCODE": "", "INVENVAL": 0, "HSDECL": "Y", "HSITEVAL": 642500, "VETEXAMT": 0, "EXPDESC": "", "ENDDATE": "", "STATUTE": "", "EXAMT_HS": 0, "EXAMT_NR": 0, "UVREDUC_HS": 0, "UVREDUC_NR": 0, "GLVAL_HS": 6425.0, "GLVAL_NR": 0.0, "CRHOUSPCT": 0.0, "MUNGL1PCT": 6425.0, "AOEGL_HS": 6425.0, "AOEGL_NR": 0.0, "E911ADDR": "19 CLIFF ST", "SHAPE_Length": 0.0007991437891888439, "SHAPE_Area": 3.959370119257742e-08}, "geometry": {"type": "MultiPolygon", "coordinates": [[[[-73.20762817699995, 44.469248718000074], [-73.20764936799998, 44.46924732200006], [-73.20768584799998, 44.46943847500006], [-73.20747703899997, 44.46944933000003], [-73.20744221499996, 44.46926505700003], [-73.20762817699995, 44.469248718000074]]]]}}, {"type": "Feature", "properties": {"OBJECTID": 276703, "SPAN": "114-035-18022", "GLIST_SPAN": "114-035-18022", "MAPID": "050-2-080-000", "PARCID": "050-2-080.000", "PROPTYPE": "PARCEL", "YEAR": 2018, "GLYEAR": 2022, "TOWN": "BURLINGTON", "TNAME": "Burlington", "SOURCENAME": null, "SOURCETYPE": "UNKNOWN", "SOURCEDATE": "UNKNOWN", "EDITMETHOD": "UNKNOWN", "EDITOR": "UNKNOWN", "EDITDATE": "UNKNOWN", "MATCHSTAT": "MATCH", "EDITNOTE": "UNKNOWN", "OWNER1": "LAFAYETTE MELISSA B.", "OWNER2": "", "ADDRGL1": "133 KILLARNEY DR", "ADDRGL2": "", "CITYGL": "BURLINGTON", "STGL": "VT", "ZIPGL": "05408", "DESCPROP": "", "LOCAPROP": "N", "CAT": "Residential-1", "RESCODE": "S", "ACRESGL": 0.15, "REAL_FLV": 660500, "HSTED_FLV": 0, "NRES_FLV": 660500, "LAND_LV": 435100, "IMPRV_LV": 225400, "EQUIPVAL": 0, "EQUIPCODE": "", "INVENVAL": 0, "HSDECL": "N", "HSITEVAL": 660500, "VETEXAMT": 0, "EXPDESC": "", "ENDDATE": "", "STATUTE": "", "EXAMT_HS": 0, "EXAMT_NR": 0, "UVREDUC_HS": 0, "UVREDUC_NR": 0, "GLVAL_HS": 0.0, "GLVAL_NR": 6605.0, "CRHOUSPCT": 0.0, "MUNGL1PCT": 6605.0, "AOEGL_HS": 0.0, "AOEGL_NR": 6605.0, "E911ADDR": "7 CLIFF ST", "SHAPE_Length": 0.0011306097784270685, "SHAPE_Area": 7.255690065749446e-08}, "geometry": {"type": "MultiPolygon", "coordinates": [[[[-73.20799068899998, 44.469217083000046], [-73.20801422799997, 44.469214968000074], [-73.20801845799997, 44.469239972000025], [-73.20805004999994, 44.46941667200008], [-73.20768584799998, 44.46943847500006], [-73.20764936799998, 44.46924732200006], [-73.20799068899998, 44.469217083000046]]]]}}, {"type": "Feature", "properties": {"OBJECTID": 276705, "SPAN": "114-035-18023", "GLIST_SPAN": "114-035-18023", "MAPID": "050-2-081-000", "PARCID": "050-2-081.000", "PROPTYPE": "PARCEL", "YEAR": 2018, "GLYEAR": 2022, "TOWN": "BURLINGTON", "TNAME": "Burlington", "SOURCENAME": null, "SOURCETYPE": "UNKNOWN", "SOURCEDATE": "UNKNOWN", "EDITMETHOD": "UNKNOWN", "EDITOR": "UNKNOWN", "EDITDATE": "UNKNOWN", "MATCHSTAT": "MATCH", "EDITNOTE": "UNKNOWN", "OWNER1": "HAMPTON PATRICIA A", "OWNER2": "", "ADDRGL1": "390 SOUTH UNION STREET", "ADDRGL2": "", "CITYGL": "BURLINGTON", "STGL": "VT", "ZIPGL": "05401", "DESCPROP": "", "LOCAPROP": "N", "CAT": "Residential-1", "RESCODE": "T", "ACRESGL": 0.11, "REAL_FLV": 539200, "HSTED_FLV": 539200, "NRES_FLV": 0, "LAND_LV": 213100, "IMPRV_LV": 326100, "EQUIPVAL": 0, "EQUIPCODE": "", "INVENVAL": 0, "HSDECL": "Y", "HSITEVAL": 539200, "VETEXAMT": 0, "EXPDESC": "", "ENDDATE": "", "STATUTE": "", "EXAMT_HS": 0, "EXAMT_NR": 0, "UVREDUC_HS": 0, "UVREDUC_NR": 0, "GLVAL_HS": 5392.0, "GLVAL_NR": 0.0, "CRHOUSPCT": 0.0, "MUNGL1PCT": 5392.0, "AOEGL_HS": 5392.0, "AOEGL_NR": 0.0, "E911ADDR": "390 SOUTH UNION ST", "SHAPE_Length": 0.0009024498828509931, "SHAPE_Area": 5.035494780529665e-08}, "geometry": {"type": "MultiPolygon", "coordinates": [[[[-73.20801422799997, 44.469214968000074], [-73.20825393199993, 44.469193233000055], [-73.20829299599995, 44.46940321300008], [-73.20805004999994, 44.46941667200008], [-73.20801845799997, 44.469239972000025], [-73.20801422799997, 44.469214968000074]]]]}}, {"type": "Feature", "properties": {"OBJECTID": 276707, "SPAN": "114-035-18024", "GLIST_SPAN": "114-035-18024", "MAPID": "050-2-082-000", "PARCID": "050-2-082.000", "PROPTYPE": "PARCEL", "YEAR": 2018, "GLYEAR": 2022, "TOWN": "BURLINGTON", "TNAME": "Burlington", "SOURCENAME": null, "SOURCETYPE": "UNKNOWN", "SOURCEDATE": "UNKNOWN", "EDITMETHOD": "UNKNOWN", "EDITOR": "UNKNOWN", "EDITDATE": "UNKNOWN", "MATCHSTAT": "MATCH", "EDITNOTE": "UNKNOWN", "OWNER1": "CATHERINE W HALL REV TRUST", "OWNER2": "CATHERINE HALL", "ADDRGL1": "378 SOUTH UNION ST", "ADDRGL2": "", "CITYGL": "BURLINGTON", "STGL": "VT", "ZIPGL": "05401", "DESCPROP": "", "LOCAPROP": "", "CAT": "Residential-1", "RESCODE": "T", "ACRESGL": 0.1, "REAL_FLV": 665700, "HSTED_FLV": 665700, "NRES_FLV": 0, "LAND_LV": 210700, "IMPRV_LV": 455000, "EQUIPVAL": 0, "EQUIPCODE": "", "INVENVAL": 0, "HSDECL": "Y", "HSITEVAL": 665700, "VETEXAMT": 0, "EXPDESC": "", "ENDDATE": "", "STATUTE": "", "EXAMT_HS": 0, "EXAMT_NR": 0, "UVREDUC_HS": 0, "UVREDUC_NR": 0, "GLVAL_HS": 6657.0, "GLVAL_NR": 0.0, "CRHOUSPCT": 0.0, "MUNGL1PCT": 6657.0, "AOEGL_HS": 6657.0, "AOEGL_NR": 0.0, "E911ADDR": "378 SOUTH UNION ST", "SHAPE_Length": 0.000978240715656608, "SHAPE_Area": 4.46794947887837e-08}, "geometry": {"type": "MultiPolygon", "coordinates": [[[[-73.20795837399999, 44.46953282700008], [-73.20831906899997, 44.469513154000026], [-73.20834203499999, 44.469626068000025], [-73.20797131999996, 44.46966155200005], [-73.20795837399999, 44.46953282700008]]]]}}, {"type": "Feature", "properties": {"OBJECTID": 276709, "SPAN": "114-035-18025", "GLIST_SPAN": "114-035-18025", "MAPID": "050-2-083-000", "PARCID": "050-2-083.000", "PROPTYPE": "PARCEL", "YEAR": 2018, "GLYEAR": 2022, "TOWN": "BURLINGTON", "TNAME": "Burlington", "SOURCENAME": null, "SOURCETYPE": "UNKNOWN", "SOURCEDATE": "UNKNOWN", "EDITMETHOD": "UNKNOWN", "EDITOR": "UNKNOWN", "EDITDATE": "UNKNOWN", "MATCHSTAT": "MATCH", "EDITNOTE": "UNKNOWN", "OWNER1": "MASLOW HILARY", "OWNER2": "", "ADDRGL1": "359 HOLMES ROAD", "ADDRGL2": "", "CITYGL": "CHARLOTTE", "STGL": "VT", "ZIPGL": "05445", "DESCPROP": "", "LOCAPROP": "N", "CAT": "Residential-1", "RESCODE": "T", "ACRESGL": 0.1, "REAL_FLV": 797100, "HSTED_FLV": 0, "NRES_FLV": 797100, "LAND_LV": 210500, "IMPRV_LV": 586600, "EQUIPVAL": 0, "EQUIPCODE": "", "INVENVAL": 0, "HSDECL": "N", "HSITEVAL": 797100, "VETEXAMT": 0, "EXPDESC": "", "ENDDATE": "", "STATUTE": "", "EXAMT_HS": 0, "EXAMT_NR": 0, "UVREDUC_HS": 0, "UVREDUC_NR": 0, "GLVAL_HS": 0.0, "GLVAL_NR": 7971.0, "CRHOUSPCT": 0.0, "MUNGL1PCT": 7971.0, "AOEGL_HS": 0.0, "AOEGL_NR": 7971.0, "E911ADDR": "374 SOUTH UNION ST", "SHAPE_Length": 0.0009867100498717775, "SHAPE_Area": 4.375670195110457e-08}, "geometry": {"type": "MultiPolygon", "coordinates": [[[[-73.20797131999996, 44.46966155200005], [-73.20834203499999, 44.469626068000025], [-73.20836346199997, 44.46974152200005], [-73.20798330799994, 44.46977608000003], [-73.20797131999996, 44.46966155200005]]]]}}, {"type": "Feature", "properties": {"OBJECTID": 276711, "SPAN": "114-035-18026", "GLIST_SPAN": "114-035-18026", "MAPID": "050-2-084-000", "PARCID": "050-2-084.000", "PROPTYPE": "PARCEL", "YEAR": 2018, "GLYEAR": 2022, "TOWN": "BURLINGTON", "TNAME": "Burlington", "SOURCENAME": null, "SOURCETYPE": "UNKNOWN", "SOURCEDATE": "UNKNOWN", "EDITMETHOD": "UNKNOWN", "EDITOR": "UNKNOWN", "EDITDATE": "UNKNOWN", "MATCHSTAT": "MATCH", "EDITNOTE": "UNKNOWN", "OWNER1": "HALL JOHN A", "OWNER2": "", "ADDRGL1": "14 CLIFF STREET", "ADDRGL2": "", "CITYGL": "BURLINGTON", "STGL": "VT", "ZIPGL": "05401", "DESCPROP": "", "LOCAPROP": "N", "CAT": "Residential-1", "RESCODE": "T", "ACRESGL": 0.08, "REAL_FLV": 706600, "HSTED_FLV": 706600, "NRES_FLV": 0, "LAND_LV": 205900, "IMPRV_LV": 500700, "EQUIPVAL": 0, "EQUIPCODE": "", "INVENVAL": 0, "HSDECL": "Y", "HSITEVAL": 706600, "VETEXAMT": 0, "EXPDESC": "", "ENDDATE": "", "STATUTE": "", "EXAMT_HS": 0, "EXAMT_NR": 0, "UVREDUC_HS": 0, "UVREDUC_NR": 0, "GLVAL_HS": 7066.0, "GLVAL_NR": 0.0, "CRHOUSPCT": 0.0, "MUNGL1PCT": 7066.0, "AOEGL_HS": 7066.0, "AOEGL_NR": 0.0, "E911ADDR": "14 CLIFF ST", "SHAPE_Length": 0.0008086449348068494, "SHAPE_Area": 3.875478254587795e-08}, "geometry": {"type": "MultiPolygon", "coordinates": [[[[-73.20779981499999, 44.469541965000076], [-73.20795837399999, 44.46953282700008], [-73.20797131999996, 44.46966155200005], [-73.20798330799994, 44.46977608000003], [-73.20782913599999, 44.46979067600006], [-73.20779981499999, 44.469541965000076]]]]}}, {"type": "Feature", "properties": {"OBJECTID": 276713, "SPAN": "114-035-18027", "GLIST_SPAN": "114-035-18027", "MAPID": "050-2-085-000", "PARCID": "050-2-085.000", "PROPTYPE": "PARCEL", "YEAR": 2018, "GLYEAR": 2022, "TOWN": "BURLINGTON", "TNAME": "Burlington", "SOURCENAME": null, "SOURCETYPE": "UNKNOWN", "SOURCEDATE": "UNKNOWN", "EDITMETHOD": "UNKNOWN", "EDITOR": "UNKNOWN", "EDITDATE": "UNKNOWN", "MATCHSTAT": "MATCH", "EDITNOTE": "UNKNOWN", "OWNER1": "BARKER DAVID", "OWNER2": "ZAGROBA MARIE", "ADDRGL1": "20 CLIFF STREET", "ADDRGL2": "", "CITYGL": "BURLINGTON", "STGL": "VT", "ZIPGL": "05401", "DESCPROP": "", "LOCAPROP": "N", "CAT": "Residential-1", "RESCODE": "T", "ACRESGL": 0.18, "REAL_FLV": 735300, "HSTED_FLV": 735300, "NRES_FLV": 0, "LAND_LV": 224300, "IMPRV_LV": 511000, "EQUIPVAL": 0, "EQUIPCODE": "", "INVENVAL": 0, "HSDECL": "Y", "HSITEVAL": 735300, "VETEXAMT": 0, "EXPDESC": "", "ENDDATE": "", "STATUTE": "", "EXAMT_HS": 0, "EXAMT_NR": 0, "UVREDUC_HS": 0, "UVREDUC_NR": 0, "GLVAL_HS": 7353.0, "GLVAL_NR": 0.0, "CRHOUSPCT": 0.0, "MUNGL1PCT": 7353.0, "AOEGL_HS": 7353.0, "AOEGL_NR": 0.0, "E911ADDR": "20 CLIFF ST", "SHAPE_Length": 0.0011636899518948558, "SHAPE_Area": 8.344695496494797e-08}, "geometry": {"type": "MultiPolygon", "coordinates": [[[[-73.20747719299999, 44.46955971300008], [-73.20779981499999, 44.469541965000076], [-73.20782913599999, 44.46979067600006], [-73.20750511499995, 44.46982277500007], [-73.20747719299999, 44.46955971300008]]]]}}, {"type": "Feature", "properties": {"OBJECTID": 276715, "SPAN": "114-035-18028", "GLIST_SPAN": "114-035-18028", "MAPID": "050-2-086-000", "PARCID": "050-2-086.000", "PROPTYPE": "PARCEL", "YEAR": 2018, "GLYEAR": 2022, "TOWN": "BURLINGTON", "TNAME": "Burlington", "SOURCENAME": null, "SOURCETYPE": "UNKNOWN", "SOURCEDATE": "UNKNOWN", "EDITMETHOD": "UNKNOWN", "EDITOR": "UNKNOWN", "EDITDATE": "UNKNOWN", "MATCHSTAT": "MATCH", "EDITNOTE": "UNKNOWN", "OWNER1": "SCHMIDT SUSAN", "OWNER2": "", "ADDRGL1": "24 CLIFF ST", "ADDRGL2": "", "CITYGL": "BURLINGTON", "STGL": "VT", "ZIPGL": "05401", "DESCPROP": "Kitchen remodel to include new cabinets", "LOCAPROP": "N", "CAT": "Residential-1", "RESCODE": "T", "ACRESGL": 0.15, "REAL_FLV": 757100, "HSTED_FLV": 757100, "NRES_FLV": 0, "LAND_LV": 220000, "IMPRV_LV": 537100, "EQUIPVAL": 0, "EQUIPCODE": "", "INVENVAL": 0, "HSDECL": "Y", "HSITEVAL": 757100, "VETEXAMT": 0, "EXPDESC": "", "ENDDATE": "", "STATUTE": "", "EXAMT_HS": 0, "EXAMT_NR": 0, "UVREDUC_HS": 0, "UVREDUC_NR": 0, "GLVAL_HS": 7571.0, "GLVAL_NR": 0.0, "CRHOUSPCT": 0.0, "MUNGL1PCT": 7571.0, "AOEGL_HS": 7571.0, "AOEGL_NR": 0.0, "E911ADDR": "24 CLIFF ST", "SHAPE_Length": 0.0011401587194864828, "SHAPE_Area": 7.248562557750415e-08}, "geometry": {"type": "MultiPolygon", "coordinates": [[[[-73.20730606999996, 44.469569070000034], [-73.20747719299999, 44.46955971300008], [-73.20750511499995, 44.46982277500007], [-73.20751859299997, 44.469930685000065], [-73.20732874399994, 44.469950563000054], [-73.20731443799997, 44.46983914300006], [-73.20729723299996, 44.469682883000075], [-73.20728409499998, 44.46957061200004], [-73.20730606999996, 44.469569070000034]]]]}}, {"type": "Feature", "properties": {"OBJECTID": 276718, "SPAN": "114-035-18029", "GLIST_SPAN": "114-035-18029", "MAPID": "050-2-087-000", "PARCID": "050-2-087.000", "PROPTYPE": "PARCEL", "YEAR": 2018, "GLYEAR": 2022, "TOWN": "BURLINGTON", "TNAME": "Burlington", "SOURCENAME": null, "SOURCETYPE": "UNKNOWN", "SOURCEDATE": "UNKNOWN", "EDITMETHOD": "UNKNOWN", "EDITOR": "UNKNOWN", "EDITDATE": "UNKNOWN", "MATCHSTAT": "MATCH", "EDITNOTE": "UNKNOWN", "OWNER1": "TRINKAUS ERIK", "OWNER2": "TRINKAUS KATHRYN", "ADDRGL1": "32 CLIFF STREET", "ADDRGL2": "", "CITYGL": "BURLINGTON", "STGL": "VT", "ZIPGL": "05401", "DESCPROP": "", "LOCAPROP": "N", "CAT": "Residential-1", "RESCODE": "T", "ACRESGL": 0.34, "REAL_FLV": 651700, "HSTED_FLV": 651700, "NRES_FLV": 0, "LAND_LV": 250700, "IMPRV_LV": 401000, "EQUIPVAL": 0, "EQUIPCODE": "", "INVENVAL": 0, "HSDECL": "Y", "HSITEVAL": 651700, "VETEXAMT": 0, "EXPDESC": "", "ENDDATE": "", "STATUTE": "", "EXAMT_HS": 0, "EXAMT_NR": 0, "UVREDUC_HS": 0, "UVREDUC_NR": 0, "GLVAL_HS": 6517.0, "GLVAL_NR": 0.0, "CRHOUSPCT": 0.0, "MUNGL1PCT": 6517.0, "AOEGL_HS": 6517.0, "AOEGL_NR": 0.0, "E911ADDR": "32 CLIFF ST", "SHAPE_Length": 0.0016770007908424858, "SHAPE_Area": 1.436915878788628e-07}, "geometry": {"type": "MultiPolygon", "coordinates": [[[[-73.20726565099994, 44.46957185100007], [-73.20728409499998, 44.46957061200004], [-73.20729723299996, 44.469682883000075], [-73.20731443799997, 44.46983914300006], [-73.20732874399994, 44.469950563000054], [-73.20733744199998, 44.47002039600005], [-73.20735782999998, 44.47015571700007], [-73.20706587799998, 44.47018288400005], [-73.20706612299995, 44.47015622400005], [-73.20706833599996, 44.470079293000026], [-73.20707838999994, 44.46983863600008], [-73.20709256499998, 44.469581359000074], [-73.20726565099994, 44.46957185100007]]]]}}, {"type": "Feature", "properties": {"OBJECTID": 276720, "SPAN": "114-035-18030", "GLIST_SPAN": "114-035-18030", "MAPID": "050-2-088-000", "PARCID": "050-2-088.000", "PROPTYPE": "PARCEL", "YEAR": 2018, "GLYEAR": 2022, "TOWN": "BURLINGTON", "TNAME": "Burlington", "SOURCENAME": null, "SOURCETYPE": "UNKNOWN", "SOURCEDATE": "UNKNOWN", "EDITMETHOD": "UNKNOWN", "EDITOR": "UNKNOWN", "EDITDATE": "UNKNOWN", "MATCHSTAT": "MATCH", "EDITNOTE": "UNKNOWN", "OWNER1": "LEOPOLD DONALD", "OWNER2": "LEOPOLD CLAIRE", "ADDRGL1": "38 CLIFF STREET", "ADDRGL2": "", "CITYGL": "BURLINGTON", "STGL": "VT", "ZIPGL": "05401", "DESCPROP": "1 FAMILY HOUSE", "LOCAPROP": "", "CAT": "Residential-1", "RESCODE": "T", "ACRESGL": 0.3, "REAL_FLV": 687600, "HSTED_FLV": 687600, "NRES_FLV": 0, "LAND_LV": 243300, "IMPRV_LV": 444300, "EQUIPVAL": 0, "EQUIPCODE": "", "INVENVAL": 0, "HSDECL": "Y", "HSITEVAL": 687600, "VETEXAMT": 0, "EXPDESC": "", "ENDDATE": "", "STATUTE": "", "EXAMT_HS": 0, "EXAMT_NR": 0, "UVREDUC_HS": 0, "UVREDUC_NR": 0, "GLVAL_HS": 6876.0, "GLVAL_NR": 0.0, "CRHOUSPCT": 0.0, "MUNGL1PCT": 6876.0, "AOEGL_HS": 6876.0, "AOEGL_NR": 0.0, "E911ADDR": "38 CLIFF ST", "SHAPE_Length": 0.0015435638106938649, "SHAPE_Area": 1.3474415152767897e-07}, "geometry": {"type": "MultiPolygon", "coordinates": [[[[-73.20678015499993, 44.46959918400006], [-73.20709256499998, 44.469581359000074], [-73.20707838999994, 44.46983863600008], [-73.20706833599996, 44.470079293000026], [-73.20683998899995, 44.47009856500006], [-73.20678015499993, 44.46959918400006]]]]}}, {"type": "Feature", "properties": {"OBJECTID": 276722, "SPAN": "114-035-18031", "GLIST_SPAN": "114-035-18031", "MAPID": "050-2-089-000", "PARCID": "050-2-089.000", "PROPTYPE": "PARCEL", "YEAR": 2018, "GLYEAR": 2022, "TOWN": "BURLINGTON", "TNAME": "Burlington", "SOURCENAME": null, "SOURCETYPE": "UNKNOWN", "SOURCEDATE": "UNKNOWN", "EDITMETHOD": "UNKNOWN", "EDITOR": "UNKNOWN", "EDITDATE": "UNKNOWN", "MATCHSTAT": "MATCH", "EDITNOTE": "UNKNOWN", "OWNER1": "PIERCE JEFFREY D AAA", "OWNER2": "PIERCE ALISON V", "ADDRGL1": "46 CLIFF ST", "ADDRGL2": "", "CITYGL": "BURLINGTON", "STGL": "VT", "ZIPGL": "05401", "DESCPROP": "", "LOCAPROP": "N", "CAT": "Residential-1", "RESCODE": "T", "ACRESGL": 0.32, "REAL_FLV": 753100, "HSTED_FLV": 753100, "NRES_FLV": 0, "LAND_LV": 247100, "IMPRV_LV": 506000, "EQUIPVAL": 0, "EQUIPCODE": "", "INVENVAL": 0, "HSDECL": "Y", "HSITEVAL": 753100, "VETEXAMT": 0, "EXPDESC": "", "ENDDATE": "", "STATUTE": "", "EXAMT_HS": 0, "EXAMT_NR": 0, "UVREDUC_HS": 0, "UVREDUC_NR": 0, "GLVAL_HS": 7531.0, "GLVAL_NR": 0.0, "CRHOUSPCT": 0.0, "MUNGL1PCT": 7531.0, "AOEGL_HS": 7531.0, "AOEGL_NR": 0.0, "E911ADDR": "46 CLIFF ST", "SHAPE_Length": 0.0015884322561855735, "SHAPE_Area": 1.453763205891523e-07}, "geometry": {"type": "MultiPolygon", "coordinates": [[[[-73.20649442699994, 44.469615013000066], [-73.20678015499993, 44.46959918400006], [-73.20683998899995, 44.47009856500006], [-73.20670661199995, 44.470111624000026], [-73.20655477199995, 44.47012437500007], [-73.20649442699994, 44.469615013000066]]]]}}, {"type": "Feature", "properties": {"OBJECTID": 276724, "SPAN": "114-035-18032", "GLIST_SPAN": "114-035-18032", "MAPID": "050-2-090-000", "PARCID": "050-2-090.000", "PROPTYPE": "PARCEL", "YEAR": 2018, "GLYEAR": 2022, "TOWN": "BURLINGTON", "TNAME": "Burlington", "SOURCENAME": null, "SOURCETYPE": "UNKNOWN", "SOURCEDATE": "UNKNOWN", "EDITMETHOD": "UNKNOWN", "EDITOR": "UNKNOWN", "EDITDATE": "UNKNOWN", "MATCHSTAT": "MATCH", "EDITNOTE": "UNKNOWN", "OWNER1": "LOLITA ANGER LEGGETT REVOCABLE LIVING T", "OWNER2": "LEGGETT LOLITA ANGER", "ADDRGL1": "52 CLIFF ST", "ADDRGL2": "", "CITYGL": "BURLINGTON", "STGL": "VT", "ZIPGL": "05401", "DESCPROP": "", "LOCAPROP": "N", "CAT": "Residential-1", "RESCODE": "T", "ACRESGL": 0.43, "REAL_FLV": 642900, "HSTED_FLV": 642900, "NRES_FLV": 0, "LAND_LV": 273700, "IMPRV_LV": 369200, "EQUIPVAL": 0, "EQUIPCODE": "", "INVENVAL": 0, "HSDECL": "Y", "HSITEVAL": 642900, "VETEXAMT": 0, "EXPDESC": "", "ENDDATE": "", "STATUTE": "", "EXAMT_HS": 0, "EXAMT_NR": 0, "UVREDUC_HS": 0, "UVREDUC_NR": 0, "GLVAL_HS": 6429.0, "GLVAL_NR": 0.0, "CRHOUSPCT": 0.0, "MUNGL1PCT": 6429.0, "AOEGL_HS": 6429.0, "AOEGL_NR": 0.0, "E911ADDR": "52 CLIFF ST", "SHAPE_Length": 0.0017969116484350663, "SHAPE_Area": 1.967400357244647e-07}, "geometry": {"type": "MultiPolygon", "coordinates": [[[[-73.20611372499997, 44.46963663200006], [-73.20649442699994, 44.469615013000066], [-73.20655477199995, 44.47012437500007], [-73.20617773399994, 44.47015694000004], [-73.20611372499997, 44.46963663200006]]]]}}, {"type": "Feature", "properties": {"OBJECTID": 276725, "SPAN": "114-035-18033", "GLIST_SPAN": "114-035-18033", "MAPID": "050-2-091-000", "PARCID": "050-2-091.000", "PROPTYPE": "PARCEL", "YEAR": 2018, "GLYEAR": 2022, "TOWN": "BURLINGTON", "TNAME": "Burlington", "SOURCENAME": null, "SOURCETYPE": "UNKNOWN", "SOURCEDATE": "UNKNOWN", "EDITMETHOD": "UNKNOWN", "EDITOR": "UNKNOWN", "EDITDATE": "UNKNOWN", "MATCHSTAT": "MATCH", "EDITNOTE": "UNKNOWN", "OWNER1": "NESTOR DAVID", "OWNER2": "", "ADDRGL1": "56 CLIFF STREET", "ADDRGL2": "", "CITYGL": "BURLINGTON", "STGL": "VT", "ZIPGL": "05401", "DESCPROP": "", "LOCAPROP": "N", "CAT": "Residential-1", "RESCODE": "T", "ACRESGL": 0.48, "REAL_FLV": 1084700, "HSTED_FLV": 905994, "NRES_FLV": 178706, "LAND_LV": 272400, "IMPRV_LV": 812300, "EQUIPVAL": 0, "EQUIPCODE": "", "INVENVAL": 0, "HSDECL": "Y", "HSITEVAL": 905994, "VETEXAMT": 0, "EXPDESC": "", "ENDDATE": "", "STATUTE": "", "EXAMT_HS": 0, "EXAMT_NR": 0, "UVREDUC_HS": 0, "UVREDUC_NR": 0, "GLVAL_HS": 9060.0, "GLVAL_NR": 1787.06, "CRHOUSPCT": 0.0, "MUNGL1PCT": 10847.0, "AOEGL_HS": 9060.0, "AOEGL_NR": 1787.06, "E911ADDR": "56 CLIFF ST", "SHAPE_Length": 0.001885364043795692, "SHAPE_Area": 2.1968666544377128e-07}, "geometry": {"type": "MultiPolygon", "coordinates": [[[[-73.20570516599997, 44.469660530000056], [-73.20611372499997, 44.46963663200006], [-73.20617773399994, 44.47015694000004], [-73.20573564599994, 44.47016923500007], [-73.20570516599997, 44.469660530000056]]]]}}, {"type": "Feature", "properties": {"OBJECTID": 276727, "SPAN": "114-035-18034", "GLIST_SPAN": "114-035-18034", "MAPID": "050-2-092-000", "PARCID": "050-2-092.000", "PROPTYPE": "PARCEL", "YEAR": 2018, "GLYEAR": 2022, "TOWN": "BURLINGTON", "TNAME": "Burlington", "SOURCENAME": null, "SOURCETYPE": "UNKNOWN", "SOURCEDATE": "UNKNOWN", "EDITMETHOD": "UNKNOWN", "EDITOR": "UNKNOWN", "EDITDATE": "UNKNOWN", "MATCHSTAT": "MATCH", "EDITNOTE": "UNKNOWN", "OWNER1": "COOPER THOMAS", "OWNER2": "DOUGLAS PRISCILLA", "ADDRGL1": "143 SPRUCE ST", "ADDRGL2": "", "CITYGL": "BURLINGTON", "STGL": "VT", "ZIPGL": "05401", "DESCPROP": "LAND SIZE FROM GIS 1/20/94", "LOCAPROP": "N", "CAT": "Residential-1", "RESCODE": "T", "ACRESGL": 0.18, "REAL_FLV": 619300, "HSTED_FLV": 619300, "NRES_FLV": 0, "LAND_LV": 223700, "IMPRV_LV": 395600, "EQUIPVAL": 0, "EQUIPCODE": "", "INVENVAL": 0, "HSDECL": "Y", "HSITEVAL": 619300, "VETEXAMT": 0, "EXPDESC": "", "ENDDATE": "", "STATUTE": "", "EXAMT_HS": 0, "EXAMT_NR": 0, "UVREDUC_HS": 0, "UVREDUC_NR": 0, "GLVAL_HS": 6193.0, "GLVAL_NR": 0.0, "CRHOUSPCT": 0.0, "MUNGL1PCT": 6193.0, "AOEGL_HS": 6193.0, "AOEGL_NR": 0.0, "E911ADDR": "143 SPRUCE ST", "SHAPE_Length": 0.001328457118991887, "SHAPE_Area": 8.129609128230363e-08}, "geometry": {"type": "MultiPolygon", "coordinates": [[[[-73.20662492699995, 44.47060049100003], [-73.20655477199995, 44.47012437500007], [-73.20670661199995, 44.470111624000026], [-73.20673738099998, 44.470318], [-73.20676131899995, 44.47031644600003], [-73.20680938999999, 44.47058964800004], [-73.20662492699995, 44.47060049100003]]]]}}, {"type": "Feature", "properties": {"OBJECTID": 276729, "SPAN": "114-035-18035", "GLIST_SPAN": "114-035-18035", "MAPID": "050-2-093-000", "PARCID": "050-2-093.000", "PROPTYPE": "PARCEL", "YEAR": 2018, "GLYEAR": 2022, "TOWN": "BURLINGTON", "TNAME": "Burlington", "SOURCENAME": null, "SOURCETYPE": "UNKNOWN", "SOURCEDATE": "UNKNOWN", "EDITMETHOD": "UNKNOWN", "EDITOR": "UNKNOWN", "EDITDATE": "UNKNOWN", "MATCHSTAT": "MATCH", "EDITNOTE": "UNKNOWN", "OWNER1": "PORTNOW NANCY B", "OWNER2": "GLASSER TRUST", "ADDRGL1": "133 SPRUCE ST", "ADDRGL2": "", "CITYGL": "BURLINGTON", "STGL": "VT", "ZIPGL": "05401", "DESCPROP": "", "LOCAPROP": "N", "CAT": "Residential-1", "RESCODE": "T", "ACRESGL": 0.33, "REAL_FLV": 722100, "HSTED_FLV": 722100, "NRES_FLV": 0, "LAND_LV": 247700, "IMPRV_LV": 474400, "EQUIPVAL": 0, "EQUIPCODE": "", "INVENVAL": 0, "HSDECL": "Y", "HSITEVAL": 722100, "VETEXAMT": 0, "EXPDESC": "", "ENDDATE": "", "STATUTE": "", "EXAMT_HS": 0, "EXAMT_NR": 0, "UVREDUC_HS": 0, "UVREDUC_NR": 0, "GLVAL_HS": 7221.0, "GLVAL_NR": 0.0, "CRHOUSPCT": 0.0, "MUNGL1PCT": 7221.0, "AOEGL_HS": 7221.0, "AOEGL_NR": 0.0, "E911ADDR": "133 SPRUCE ST", "SHAPE_Length": 0.001614782464583153, "SHAPE_Area": 1.4932103868288217e-07}, "geometry": {"type": "MultiPolygon", "coordinates": [[[[-73.20680938999999, 44.47058964800004], [-73.20676131899995, 44.47031644600003], [-73.20673738099998, 44.470318], [-73.20670661199995, 44.470111624000026], [-73.20683998899995, 44.47009856500006], [-73.20706833599996, 44.470079293000026], [-73.20706612299995, 44.47015622400005], [-73.20706587799998, 44.47018288400005], [-73.20706544499996, 44.47023019300008], [-73.20705700999997, 44.47057250600005], [-73.20680938999999, 44.47058964800004]]]]}}, {"type": "Feature", "properties": {"OBJECTID": 276731, "SPAN": "114-035-18036", "GLIST_SPAN": "114-035-18036", "MAPID": "050-2-094-000", "PARCID": "050-2-094.000", "PROPTYPE": "PARCEL", "YEAR": 2018, "GLYEAR": 2022, "TOWN": "BURLINGTON", "TNAME": "Burlington", "SOURCENAME": null, "SOURCETYPE": "UNKNOWN", "SOURCEDATE": "UNKNOWN", "EDITMETHOD": "UNKNOWN", "EDITOR": "UNKNOWN", "EDITDATE": "UNKNOWN", "MATCHSTAT": "MATCH", "EDITNOTE": "UNKNOWN", "OWNER1": "MCLEOD SARAH M.", "OWNER2": "YAGER NATHAN O.", "ADDRGL1": "129 SPRUCE ST", "ADDRGL2": "", "CITYGL": "BURLINGTON", "STGL": "VT", "ZIPGL": "05401", "DESCPROP": "", "LOCAPROP": "", "CAT": "Residential-1", "RESCODE": "T", "ACRESGL": 0.26, "REAL_FLV": 678800, "HSTED_FLV": 678800, "NRES_FLV": 0, "LAND_LV": 237400, "IMPRV_LV": 441400, "EQUIPVAL": 0, "EQUIPCODE": "", "INVENVAL": 0, "HSDECL": "Y", "HSITEVAL": 678800, "VETEXAMT": 0, "EXPDESC": "", "ENDDATE": "", "STATUTE": "", "EXAMT_HS": 0, "EXAMT_NR": 0, "UVREDUC_HS": 0, "UVREDUC_NR": 0, "GLVAL_HS": 6788.0, "GLVAL_NR": 0.0, "CRHOUSPCT": 0.0, "MUNGL1PCT": 6788.0, "AOEGL_HS": 6788.0, "AOEGL_NR": 0.0, "E911ADDR": "129 SPRUCE ST", "SHAPE_Length": 0.0014772341326575859, "SHAPE_Area": 1.3388028171800158e-07}, "geometry": {"type": "MultiPolygon", "coordinates": [[[[-73.20706587799998, 44.47018288400005], [-73.20735782999998, 44.47015571700007], [-73.20736850199995, 44.470216665000066], [-73.20738168799994, 44.47026929500004], [-73.20744750799997, 44.47054857400008], [-73.20705700999997, 44.47057250600005], [-73.20706544499996, 44.47023019300008], [-73.20706587799998, 44.47018288400005]]]]}}, {"type": "Feature", "properties": {"OBJECTID": 276733, "SPAN": "114-035-18037", "GLIST_SPAN": "114-035-18037", "MAPID": "050-2-095-000", "PARCID": "050-2-095.000", "PROPTYPE": "PARCEL", "YEAR": 2018, "GLYEAR": 2022, "TOWN": "BURLINGTON", "TNAME": "Burlington", "SOURCENAME": null, "SOURCETYPE": "UNKNOWN", "SOURCEDATE": "UNKNOWN", "EDITMETHOD": "UNKNOWN", "EDITOR": "UNKNOWN", "EDITDATE": "UNKNOWN", "MATCHSTAT": "MATCH", "EDITNOTE": "UNKNOWN", "OWNER1": "KHAMNEI CHRIS", "OWNER2": "KHAMNEI JULIA", "ADDRGL1": "119 SPRUCE ST", "ADDRGL2": "", "CITYGL": "BURLINGTON", "STGL": "VT", "ZIPGL": "05401", "DESCPROP": "", "LOCAPROP": "", "CAT": "Residential-1", "RESCODE": "T", "ACRESGL": 0.4, "REAL_FLV": 691000, "HSTED_FLV": 0, "NRES_FLV": 691000, "LAND_LV": 259300, "IMPRV_LV": 431700, "EQUIPVAL": 0, "EQUIPCODE": "", "INVENVAL": 0, "HSDECL": "N", "HSITEVAL": 691000, "VETEXAMT": 0, "EXPDESC": "", "ENDDATE": "", "STATUTE": "", "EXAMT_HS": 0, "EXAMT_NR": 0, "UVREDUC_HS": 0, "UVREDUC_NR": 0, "GLVAL_HS": 0.0, "GLVAL_NR": 6910.0, "CRHOUSPCT": 0.0, "MUNGL1PCT": 6910.0, "AOEGL_HS": 0.0, "AOEGL_NR": 6910.0, "E911ADDR": "119 SPRUCE ST", "SHAPE_Length": 0.00173016809278828, "SHAPE_Area": 1.8587481363684868e-07}, "geometry": {"type": "MultiPolygon", "coordinates": [[[[-73.20735782999998, 44.47015571700007], [-73.20782281299995, 44.47011244600003], [-73.20783120699997, 44.47015696900007], [-73.20783626999997, 44.47018690200008], [-73.20786292899999, 44.47034449600005], [-73.20789216499998, 44.47052121100006], [-73.20748636299999, 44.47054622400003], [-73.20744750799997, 44.47054857400008], [-73.20738168799994, 44.47026929500004], [-73.20736850199995, 44.470216665000066], [-73.20735782999998, 44.47015571700007]]]]}}, {"type": "Feature", "properties": {"OBJECTID": 276735, "SPAN": "114-035-18038", "GLIST_SPAN": "114-035-18038", "MAPID": "050-2-096-000", "PARCID": "050-2-096.000", "PROPTYPE": "PARCEL", "YEAR": 2018, "GLYEAR": 2022, "TOWN": "BURLINGTON", "TNAME": "Burlington", "SOURCENAME": null, "SOURCETYPE": "UNKNOWN", "SOURCEDATE": "UNKNOWN", "EDITMETHOD": "UNKNOWN", "EDITOR": "UNKNOWN", "EDITDATE": "UNKNOWN", "MATCHSTAT": "MATCH", "EDITNOTE": "UNKNOWN", "OWNER1": "SIMON THOMAS", "OWNER2": "HANSON CAROLYN", "ADDRGL1": "118 SPRUCE STREET", "ADDRGL2": "", "CITYGL": "BURLINGTON", "STGL": "VT", "ZIPGL": "05401", "DESCPROP": "", "LOCAPROP": "N", "CAT": "Residential-1", "RESCODE": "T", "ACRESGL": 0.25, "REAL_FLV": 776700, "HSTED_FLV": 776700, "NRES_FLV": 0, "LAND_LV": 234700, "IMPRV_LV": 542000, "EQUIPVAL": 0, "EQUIPCODE": "", "INVENVAL": 0, "HSDECL": "Y", "HSITEVAL": 776700, "VETEXAMT": 0, "EXPDESC": "", "ENDDATE": "", "STATUTE": "", "EXAMT_HS": 0, "EXAMT_NR": 0, "UVREDUC_HS": 0, "UVREDUC_NR": 0, "GLVAL_HS": 7767.0, "GLVAL_NR": 0.0, "CRHOUSPCT": 0.0, "MUNGL1PCT": 7767.0, "AOEGL_HS": 7767.0, "AOEGL_NR": 0.0, "E911ADDR": "118 SPRUCE ST", "SHAPE_Length": 0.00138797275984523, "SHAPE_Area": 1.1367503701123661e-07}, "geometry": {"type": "MultiPolygon", "coordinates": [[[[-73.20784110899996, 44.47068379900003], [-73.20790193699997, 44.470679766000046], [-73.20792508699998, 44.47097027700005], [-73.20793582299996, 44.471111250000035], [-73.20787418099997, 44.47111289700007], [-73.20775562399996, 44.47111742900006], [-73.20767593099998, 44.471120453000026], [-73.20766502399994, 44.47112100500004], [-73.20764292799998, 44.47069698000007], [-73.20784110899996, 44.47068379900003]]]]}}, {"type": "Feature", "properties": {"OBJECTID": 276737, "SPAN": "114-035-18039", "GLIST_SPAN": "114-035-18039", "MAPID": "050-2-097-000", "PARCID": "050-2-097.000", "PROPTYPE": "PARCEL", "YEAR": 2018, "GLYEAR": 2022, "TOWN": "BURLINGTON", "TNAME": "Burlington", "SOURCENAME": null, "SOURCETYPE": "UNKNOWN", "SOURCEDATE": "UNKNOWN", "EDITMETHOD": "UNKNOWN", "EDITOR": "UNKNOWN", "EDITDATE": "UNKNOWN", "MATCHSTAT": "MATCH", "EDITNOTE": "UNKNOWN", "OWNER1": "LAUREL G. BROUGHTON REVOCABLE TRUST", "OWNER2": "BROUGHTON LAUREL G.", "ADDRGL1": "124 SPRUCE  ST", "ADDRGL2": "", "CITYGL": "BURLINGTON", "STGL": "VT", "ZIPGL": "05401", "DESCPROP": "SINGLE FAM HOUSE", "LOCAPROP": "", "CAT": "Residential-1", "RESCODE": "T", "ACRESGL": 0.29, "REAL_FLV": 723000, "HSTED_FLV": 723000, "NRES_FLV": 0, "LAND_LV": 247100, "IMPRV_LV": 475900, "EQUIPVAL": 0, "EQUIPCODE": "", "INVENVAL": 0, "HSDECL": "Y", "HSITEVAL": 723000, "VETEXAMT": 0, "EXPDESC": "", "ENDDATE": "", "STATUTE": "", "EXAMT_HS": 0, "EXAMT_NR": 0, "UVREDUC_HS": 0, "UVREDUC_NR": 0, "GLVAL_HS": 7230.0, "GLVAL_NR": 0.0, "CRHOUSPCT": 0.0, "MUNGL1PCT": 7230.0, "AOEGL_HS": 7230.0, "AOEGL_NR": 0.0, "E911ADDR": "124 SPRUCE ST", "SHAPE_Length": 0.0015444651739620451, "SHAPE_Area": 1.480052071692281e-07}, "geometry": {"type": "MultiPolygon", "coordinates": [[[[-73.20744394299999, 44.47070861800006], [-73.20764292799998, 44.47069698000007], [-73.20766502399994, 44.47112100500004], [-73.20757780199995, 44.47112542100007], [-73.20747728899994, 44.47112815300005], [-73.20738267499996, 44.471131410000055], [-73.20732967399994, 44.47113314500007], [-73.20732014799995, 44.47113351000007], [-73.20730796399994, 44.47113397800007], [-73.20729794199997, 44.47071711600006], [-73.20744394299999, 44.47070861800006]]]]}}, {"type": "Feature", "properties": {"OBJECTID": 276739, "SPAN": "114-035-18040", "GLIST_SPAN": "114-035-18040", "MAPID": "050-2-098-000", "PARCID": "050-2-098.000", "PROPTYPE": "PARCEL", "YEAR": 2018, "GLYEAR": 2022, "TOWN": "BURLINGTON", "TNAME": "Burlington", "SOURCENAME": null, "SOURCETYPE": "UNKNOWN", "SOURCEDATE": "UNKNOWN", "EDITMETHOD": "UNKNOWN", "EDITOR": "UNKNOWN", "EDITDATE": "UNKNOWN", "MATCHSTAT": "MATCH", "EDITNOTE": "UNKNOWN", "OWNER1": "NORDSTROM KAREN L.", "OWNER2": "MENDEZ V. ERNESTO", "ADDRGL1": "132 SPRUCE ST", "ADDRGL2": "", "CITYGL": "BURLINGTON", "STGL": "VT", "ZIPGL": "05401", "DESCPROP": "SINGLE FAM HOUSE", "LOCAPROP": "", "CAT": "Residential-1", "RESCODE": "T", "ACRESGL": 0.26, "REAL_FLV": 641600, "HSTED_FLV": 641600, "NRES_FLV": 0, "LAND_LV": 236800, "IMPRV_LV": 404800, "EQUIPVAL": 0, "EQUIPCODE": "", "INVENVAL": 0, "HSDECL": "Y", "HSITEVAL": 641600, "VETEXAMT": 0, "EXPDESC": "", "ENDDATE": "", "STATUTE": "", "EXAMT_HS": 0, "EXAMT_NR": 0, "UVREDUC_HS": 0, "UVREDUC_NR": 0, "GLVAL_HS": 6416.0, "GLVAL_NR": 0.0, "CRHOUSPCT": 0.0, "MUNGL1PCT": 6416.0, "AOEGL_HS": 6416.0, "AOEGL_NR": 0.0, "E911ADDR": "132 SPRUCE ST", "SHAPE_Length": 0.0013858021001557606, "SHAPE_Area": 1.153162229950985e-07}, "geometry": {"type": "MultiPolygon", "coordinates": [[[[-73.20701144499998, 44.470734779000054], [-73.20729794199997, 44.47071711600006], [-73.20730796399994, 44.47113397800007], [-73.20704152499997, 44.471144209000045], [-73.20703760799995, 44.471145077000074], [-73.20701144499998, 44.470734779000054]]]]}}, {"type": "Feature", "properties": {"OBJECTID": 276741, "SPAN": "114-035-18041", "GLIST_SPAN": "114-035-18041", "MAPID": "050-2-099-000", "PARCID": "050-2-099.000", "PROPTYPE": "PARCEL", "YEAR": 2018, "GLYEAR": 2022, "TOWN": "BURLINGTON", "TNAME": "Burlington", "SOURCENAME": null, "SOURCETYPE": "UNKNOWN", "SOURCEDATE": "UNKNOWN", "EDITMETHOD": "UNKNOWN", "EDITOR": "UNKNOWN", "EDITDATE": "UNKNOWN", "MATCHSTAT": "MATCH", "EDITNOTE": "UNKNOWN", "OWNER1": "WAITE MILES", "OWNER2": "WAITE STEFANIE", "ADDRGL1": "138 SPRUCE STREET", "ADDRGL2": "", "CITYGL": "BURLINGTON", "STGL": "VT", "ZIPGL": "05401", "DESCPROP": "SINGLE FAM HOUSE", "LOCAPROP": "", "CAT": "Residential-1", "RESCODE": "T", "ACRESGL": 0.34, "REAL_FLV": 801000, "HSTED_FLV": 801000, "NRES_FLV": 0, "LAND_LV": 250000, "IMPRV_LV": 551000, "EQUIPVAL": 0, "EQUIPCODE": "", "INVENVAL": 0, "HSDECL": "Y", "HSITEVAL": 801000, "VETEXAMT": 0, "EXPDESC": "", "ENDDATE": "", "STATUTE": "", "EXAMT_HS": 0, "EXAMT_NR": 0, "UVREDUC_HS": 0, "UVREDUC_NR": 0, "GLVAL_HS": 8010.0, "GLVAL_NR": 0.0, "CRHOUSPCT": 0.0, "MUNGL1PCT": 8010.0, "AOEGL_HS": 8010.0, "AOEGL_NR": 0.0, "E911ADDR": "138 SPRUCE ST", "SHAPE_Length": 0.001640430962327428, "SHAPE_Area": 1.539354590981231e-07}, "geometry": {"type": "MultiPolygon", "coordinates": [[[[-73.20676460499999, 44.470751353000026], [-73.20701144499998, 44.470734779000054], [-73.20703760799995, 44.471145077000074], [-73.20702655899998, 44.47123837500004], [-73.20702119899994, 44.47128242100007], [-73.20680260899996, 44.471296851000034], [-73.20676415499997, 44.471299901000066], [-73.20672575699996, 44.47075426500004], [-73.20676460499999, 44.470751353000026]]]]}}, {"type": "Feature", "properties": {"OBJECTID": 276744, "SPAN": "114-035-18042", "GLIST_SPAN": "114-035-18042", "MAPID": "050-2-100-000", "PARCID": "050-2-100.000", "PROPTYPE": "PARCEL", "YEAR": 2018, "GLYEAR": 2022, "TOWN": "BURLINGTON", "TNAME": "Burlington", "SOURCENAME": null, "SOURCETYPE": "UNKNOWN", "SOURCEDATE": "UNKNOWN", "EDITMETHOD": "UNKNOWN", "EDITOR": "UNKNOWN", "EDITDATE": "UNKNOWN", "MATCHSTAT": "MATCH", "EDITNOTE": "UNKNOWN", "OWNER1": "WESTBROOK DAVID J.", "OWNER2": "WESTBROOK NANCY S.", "ADDRGL1": "152 SPRUCE ST", "ADDRGL2": "", "CITYGL": "BURLINGTON", "STGL": "VT", "ZIPGL": "05401", "DESCPROP": "HOUSE W. ADU", "LOCAPROP": "", "CAT": "Residential-1", "RESCODE": "T", "ACRESGL": 0.69, "REAL_FLV": 1310900, "HSTED_FLV": 0, "NRES_FLV": 1310900, "LAND_LV": 306500, "IMPRV_LV": 1004400, "EQUIPVAL": 0, "EQUIPCODE": "", "INVENVAL": 0, "HSDECL": "N", "HSITEVAL": 1310900, "VETEXAMT": 0, "EXPDESC": "", "ENDDATE": "", "STATUTE": "", "EXAMT_HS": 0, "EXAMT_NR": 0, "UVREDUC_HS": 0, "UVREDUC_NR": 0, "GLVAL_HS": 0.0, "GLVAL_NR": 13109.0, "CRHOUSPCT": 0.0, "MUNGL1PCT": 13109.0, "AOEGL_HS": 0.0, "AOEGL_NR": 13109.0, "E911ADDR": "152 SPRUCE ST", "SHAPE_Length": 0.002238681647315114, "SHAPE_Area": 3.128947101107363e-07}, "geometry": {"type": "MultiPolygon", "coordinates": [[[[-73.20615749799998, 44.47079138700008], [-73.20672575699996, 44.47075426500004], [-73.20676415499997, 44.471299901000066], [-73.20621080799998, 44.47133636900003], [-73.20619119399998, 44.47133831800005], [-73.20615749799998, 44.47079138700008]]]]}}, {"type": "Feature", "properties": {"OBJECTID": 276746, "SPAN": "114-035-18043", "GLIST_SPAN": "114-035-18043", "MAPID": "050-2-101-000", "PARCID": "050-2-101.000", "PROPTYPE": "PARCEL", "YEAR": 2018, "GLYEAR": 2022, "TOWN": "BURLINGTON", "TNAME": "Burlington", "SOURCENAME": null, "SOURCETYPE": "UNKNOWN", "SOURCEDATE": "UNKNOWN", "EDITMETHOD": "UNKNOWN", "EDITOR": "UNKNOWN", "EDITDATE": "UNKNOWN", "MATCHSTAT": "MATCH", "EDITNOTE": "UNKNOWN", "OWNER1": "LARKIN MARILYN C", "OWNER2": "MARILYN LARKIN REVOCABLE TRUST", "ADDRGL1": "170 SPRUCE STREET", "ADDRGL2": "", "CITYGL": "BURLINGTON", "STGL": "VT", "ZIPGL": "05401", "DESCPROP": "SINGLE FAM HOUSE", "LOCAPROP": "", "CAT": "Residential-1", "RESCODE": "T", "ACRESGL": 0.69, "REAL_FLV": 1496600, "HSTED_FLV": 1496600, "NRES_FLV": 0, "LAND_LV": 306200, "IMPRV_LV": 1190400, "EQUIPVAL": 0, "EQUIPCODE": "", "INVENVAL": 0, "HSDECL": "Y", "HSITEVAL": 1496600, "VETEXAMT": 0, "EXPDESC": "", "ENDDATE": "", "STATUTE": "", "EXAMT_HS": 0, "EXAMT_NR": 0, "UVREDUC_HS": 0, "UVREDUC_NR": 0, "GLVAL_HS": 14966.0, "GLVAL_NR": 0.0, "CRHOUSPCT": 0.0, "MUNGL1PCT": 14966.0, "AOEGL_HS": 14966.0, "AOEGL_NR": 0.0, "E911ADDR": "170 SPRUCE ST", "SHAPE_Length": 0.0022603595341754252, "SHAPE_Area": 3.194162233247133e-07}, "geometry": {"type": "MultiPolygon", "coordinates": [[[[-73.20576560999996, 44.47081656100005], [-73.20615749799998, 44.47079138700008], [-73.20619119399998, 44.47133831800005], [-73.20560999299994, 44.47137748600005], [-73.20559870199997, 44.47119011400008], [-73.20558747199993, 44.47100780400007], [-73.20557863599998, 44.47082857200007], [-73.20576560999996, 44.47081656100005]]]]}}, {"type": "Feature", "properties": {"OBJECTID": 276748, "SPAN": "114-035-18044", "GLIST_SPAN": "114-035-18044", "MAPID": "050-2-102-000", "PARCID": "050-2-102.000", "PROPTYPE": "PARCEL", "YEAR": 2018, "GLYEAR": 2022, "TOWN": "BURLINGTON", "TNAME": "Burlington", "SOURCENAME": null, "SOURCETYPE": "UNKNOWN", "SOURCEDATE": "UNKNOWN", "EDITMETHOD": "UNKNOWN", "EDITOR": "UNKNOWN", "EDITDATE": "UNKNOWN", "MATCHSTAT": "MATCH", "EDITNOTE": "UNKNOWN", "OWNER1": "FORNI MILLS", "OWNER2": "ROTHENBERG SARAH", "ADDRGL1": "14 KINGSLAND TERRACE", "ADDRGL2": "", "CITYGL": "BURLINGTON", "STGL": "VT", "ZIPGL": "05401", "DESCPROP": "", "LOCAPROP": "", "CAT": "Residential-1", "RESCODE": "T", "ACRESGL": 0.28, "REAL_FLV": 676400, "HSTED_FLV": 0, "NRES_FLV": 676400, "LAND_LV": 240800, "IMPRV_LV": 435600, "EQUIPVAL": 0, "EQUIPCODE": "", "INVENVAL": 0, "HSDECL": "N", "HSITEVAL": 676400, "VETEXAMT": 0, "EXPDESC": "", "ENDDATE": "", "STATUTE": "", "EXAMT_HS": 0, "EXAMT_NR": 0, "UVREDUC_HS": 0, "UVREDUC_NR": 0, "GLVAL_HS": 0.0, "GLVAL_NR": 6764.0, "CRHOUSPCT": 0.0, "MUNGL1PCT": 6764.0, "AOEGL_HS": 0.0, "AOEGL_NR": 6764.0, "E911ADDR": "14 KINGSLAND TR", "SHAPE_Length": 0.001459069176887199, "SHAPE_Area": 1.2995437280047398e-07}, "geometry": {"type": "MultiPolygon", "coordinates": [[[[-73.20816711999998, 44.471627848000026], [-73.20818949599999, 44.47162700500007], [-73.20819845599993, 44.47178331600003], [-73.20820776899996, 44.471936249000066], [-73.20818342699994, 44.47193696200003], [-73.20778885699997, 44.47194981400003], [-73.20777018399997, 44.47163972900006], [-73.20816279899998, 44.47162787500008], [-73.20816711999998, 44.471627848000026]]]]}}, {"type": "Feature", "properties": {"OBJECTID": 276749, "SPAN": "114-035-18045", "GLIST_SPAN": "114-035-18045", "MAPID": "050-2-103-000", "PARCID": "050-2-103.000", "PROPTYPE": "PARCEL", "YEAR": 2018, "GLYEAR": 2022, "TOWN": "BURLINGTON", "TNAME": "Burlington", "SOURCENAME": null, "SOURCETYPE": "UNKNOWN", "SOURCEDATE": "UNKNOWN", "EDITMETHOD": "UNKNOWN", "EDITOR": "UNKNOWN", "EDITDATE": "UNKNOWN", "MATCHSTAT": "MATCH", "EDITNOTE": "UNKNOWN", "OWNER1": "MCCAFFERTY GARY FRANCIS", "OWNER2": "MCCAFFERTY VICTORIA FAY", "ADDRGL1": "22 KINGSLAND TR", "ADDRGL2": "", "CITYGL": "BURLINGTON", "STGL": "VT", "ZIPGL": "05401", "DESCPROP": "1-FAMILY HOUSE", "LOCAPROP": "N", "CAT": "Residential-1", "RESCODE": "T", "ACRESGL": 0.15, "REAL_FLV": 625000, "HSTED_FLV": 625000, "NRES_FLV": 0, "LAND_LV": 219900, "IMPRV_LV": 405100, "EQUIPVAL": 0, "EQUIPCODE": "", "INVENVAL": 0, "HSDECL": "Y", "HSITEVAL": 625000, "VETEXAMT": 0, "EXPDESC": "", "ENDDATE": "", "STATUTE": "", "EXAMT_HS": 0, "EXAMT_NR": 0, "UVREDUC_HS": 0, "UVREDUC_NR": 0, "GLVAL_HS": 6250.0, "GLVAL_NR": 0.0, "CRHOUSPCT": 0.0, "MUNGL1PCT": 6250.0, "AOEGL_HS": 6250.0, "AOEGL_NR": 0.0, "E911ADDR": "22 KINGSLAND TR", "SHAPE_Length": 0.0010815240092522617, "SHAPE_Area": 7.152195256872482e-08}, "geometry": {"type": "MultiPolygon", "coordinates": [[[[-73.20755739299995, 44.47164667200008], [-73.20777018399997, 44.47163972900006], [-73.20778885699997, 44.47194981400003], [-73.20757684799997, 44.47195661200004], [-73.20755878599994, 44.471957005000036], [-73.20753972899996, 44.47164748500006], [-73.20755739299995, 44.47164667200008]]]]}}, {"type": "Feature", "properties": {"OBJECTID": 276751, "SPAN": "114-035-18046", "GLIST_SPAN": "114-035-18046", "MAPID": "050-2-104-000", "PARCID": "050-2-104.000", "PROPTYPE": "PARCEL", "YEAR": 2018, "GLYEAR": 2022, "TOWN": "BURLINGTON", "TNAME": "Burlington", "SOURCENAME": null, "SOURCETYPE": "UNKNOWN", "SOURCEDATE": "UNKNOWN", "EDITMETHOD": "UNKNOWN", "EDITOR": "UNKNOWN", "EDITDATE": "UNKNOWN", "MATCHSTAT": "MATCH", "EDITNOTE": "UNKNOWN", "OWNER1": "WALSH MOLLY K.", "OWNER2": "", "ADDRGL1": "28 KINGSLAND TER", "ADDRGL2": "", "CITYGL": "BURLINGTON", "STGL": "VT", "ZIPGL": "05401", "DESCPROP": "", "LOCAPROP": "N", "CAT": "Residential-1", "RESCODE": "T", "ACRESGL": 0.16, "REAL_FLV": 655900, "HSTED_FLV": 655900, "NRES_FLV": 0, "LAND_LV": 221600, "IMPRV_LV": 434300, "EQUIPVAL": 0, "EQUIPCODE": "", "INVENVAL": 0, "HSDECL": "Y", "HSITEVAL": 655900, "VETEXAMT": 0, "EXPDESC": "", "ENDDATE": "", "STATUTE": "", "EXAMT_HS": 0, "EXAMT_NR": 0, "UVREDUC_HS": 0, "UVREDUC_NR": 0, "GLVAL_HS": 6559.0, "GLVAL_NR": 0.0, "CRHOUSPCT": 0.0, "MUNGL1PCT": 6559.0, "AOEGL_HS": 6559.0, "AOEGL_NR": 0.0, "E911ADDR": "28 KINGSLAND TR", "SHAPE_Length": 0.0011119129435958447, "SHAPE_Area": 7.616151619402715e-08}, "geometry": {"type": "MultiPolygon", "coordinates": [[[[-73.20752245599994, 44.471648155000025], [-73.20753972899996, 44.47164748500006], [-73.20755878599994, 44.471957005000036], [-73.20753876399993, 44.47195769100006], [-73.20731340599997, 44.47196485200004], [-73.20729433999998, 44.471654630000046], [-73.20751774399997, 44.47164832400006], [-73.20752245599994, 44.471648155000025]]]]}}, {"type": "Feature", "properties": {"OBJECTID": 276753, "SPAN": "114-035-18047", "GLIST_SPAN": "114-035-18047", "MAPID": "050-2-105-000", "PARCID": "050-2-105.000", "PROPTYPE": "PARCEL", "YEAR": 2018, "GLYEAR": 2022, "TOWN": "BURLINGTON", "TNAME": "Burlington", "SOURCENAME": null, "SOURCETYPE": "UNKNOWN", "SOURCEDATE": "UNKNOWN", "EDITMETHOD": "UNKNOWN", "EDITOR": "UNKNOWN", "EDITDATE": "UNKNOWN", "MATCHSTAT": "MATCH", "EDITNOTE": "UNKNOWN", "OWNER1": "MORAN CHRISTOPHER B", "OWNER2": "MORAN KIMBERLY K", "ADDRGL1": "32 KINGSLAND TERRACE", "ADDRGL2": "", "CITYGL": "BURLINGTON", "STGL": "VT", "ZIPGL": "05401", "DESCPROP": "LAND SIZE FROM SURVEY 1/20/94", "LOCAPROP": "N", "CAT": "Residential-1", "RESCODE": "T", "ACRESGL": 0.17, "REAL_FLV": 647300, "HSTED_FLV": 647300, "NRES_FLV": 0, "LAND_LV": 222800, "IMPRV_LV": 424500, "EQUIPVAL": 0, "EQUIPCODE": "", "INVENVAL": 0, "HSDECL": "Y", "HSITEVAL": 647300, "VETEXAMT": 0, "EXPDESC": "", "ENDDATE": "", "STATUTE": "", "EXAMT_HS": 0, "EXAMT_NR": 0, "UVREDUC_HS": 0, "UVREDUC_NR": 0, "GLVAL_HS": 6473.0, "GLVAL_NR": 0.0, "CRHOUSPCT": 0.0, "MUNGL1PCT": 6473.0, "AOEGL_HS": 6473.0, "AOEGL_NR": 0.0, "E911ADDR": "32 KINGSLAND TR", "SHAPE_Length": 0.0011328152915673828, "SHAPE_Area": 7.94630035307699e-08}, "geometry": {"type": "MultiPolygon", "coordinates": [[[[-73.20703915399997, 44.47166352200003], [-73.20729433999998, 44.471654630000046], [-73.20731340599997, 44.47196485200004], [-73.20705584099994, 44.47197207200003], [-73.20703915399997, 44.47166352200003]]]]}}, {"type": "Feature", "properties": {"OBJECTID": 276755, "SPAN": "114-035-18048", "GLIST_SPAN": "114-035-18048", "MAPID": "050-2-106-000", "PARCID": "050-2-106.000", "PROPTYPE": "PARCEL", "YEAR": 2018, "GLYEAR": 2022, "TOWN": "BURLINGTON", "TNAME": "Burlington", "SOURCENAME": null, "SOURCETYPE": "UNKNOWN", "SOURCEDATE": "UNKNOWN", "EDITMETHOD": "UNKNOWN", "EDITOR": "UNKNOWN", "EDITDATE": "UNKNOWN", "MATCHSTAT": "MATCH", "EDITNOTE": "UNKNOWN", "OWNER1": "BRUMSTED KELLEN", "OWNER2": "MENSON KATHERINE", "ADDRGL1": "40 KINGSLAND TER", "ADDRGL2": "", "CITYGL": "BURLINGTON", "STGL": "VT", "ZIPGL": "05401", "DESCPROP": "", "LOCAPROP": "N", "CAT": "Residential-1", "RESCODE": "T", "ACRESGL": 0.21, "REAL_FLV": 728200, "HSTED_FLV": 728200, "NRES_FLV": 0, "LAND_LV": 229600, "IMPRV_LV": 498600, "EQUIPVAL": 0, "EQUIPCODE": "", "INVENVAL": 0, "HSDECL": "Y", "HSITEVAL": 728200, "VETEXAMT": 0, "EXPDESC": "", "ENDDATE": "", "STATUTE": "", "EXAMT_HS": 0, "EXAMT_NR": 0, "UVREDUC_HS": 0, "UVREDUC_NR": 0, "GLVAL_HS": 7282.0, "GLVAL_NR": 0.0, "CRHOUSPCT": 0.0, "MUNGL1PCT": 7282.0, "AOEGL_HS": 7282.0, "AOEGL_NR": 0.0, "E911ADDR": "40 KINGSLAND TR", "SHAPE_Length": 0.001306708893808982, "SHAPE_Area": 9.943634019349899e-08}, "geometry": {"type": "MultiPolygon", "coordinates": [[[[-73.20683027799998, 44.47166945500004], [-73.20703915399997, 44.47166352200003], [-73.20705584099994, 44.47197207200003], [-73.20706062199997, 44.47207525500005], [-73.20682184999998, 44.47207757700005], [-73.20681232799996, 44.47193941000006], [-73.20680322199996, 44.47180127100006], [-73.20680319299998, 44.47180081800008], [-73.20679141399995, 44.47167096100003], [-73.20683027799998, 44.47166945500004]]]]}}, {"type": "Feature", "properties": {"OBJECTID": 276758, "SPAN": "114-035-18049", "GLIST_SPAN": "114-035-18049", "MAPID": "050-2-107-000", "PARCID": "050-2-107.000", "PROPTYPE": "PARCEL", "YEAR": 2018, "GLYEAR": 2022, "TOWN": "BURLINGTON", "TNAME": "Burlington", "SOURCENAME": null, "SOURCETYPE": "UNKNOWN", "SOURCEDATE": "UNKNOWN", "EDITMETHOD": "UNKNOWN", "EDITOR": "UNKNOWN", "EDITDATE": "UNKNOWN", "MATCHSTAT": "MATCH", "EDITNOTE": "UNKNOWN", "OWNER1": "HENRY ROXANN", "OWNER2": "", "ADDRGL1": "5410 WILSON LN", "ADDRGL2": "", "CITYGL": "BETHESDA", "STGL": "MD", "ZIPGL": "20814", "DESCPROP": "SINGLE FAM HOUSE", "LOCAPROP": "", "CAT": "Residential-1", "RESCODE": "T", "ACRESGL": 0.15, "REAL_FLV": 926600, "HSTED_FLV": 0, "NRES_FLV": 926600, "LAND_LV": 218700, "IMPRV_LV": 707900, "EQUIPVAL": 0, "EQUIPCODE": "", "INVENVAL": 0, "HSDECL": "N", "HSITEVAL": 926600, "VETEXAMT": 0, "EXPDESC": "", "ENDDATE": "", "STATUTE": "", "EXAMT_HS": 0, "EXAMT_NR": 0, "UVREDUC_HS": 0, "UVREDUC_NR": 0, "GLVAL_HS": 0.0, "GLVAL_NR": 9266.0, "CRHOUSPCT": 0.0, "MUNGL1PCT": 9266.0, "AOEGL_HS": 0.0, "AOEGL_NR": 9266.0, "E911ADDR": "50 KINGSLAND TR", "SHAPE_Length": 0.0011175412185402752, "SHAPE_Area": 6.702008727467538e-08}, "geometry": {"type": "MultiPolygon", "coordinates": [[[[-73.20640455899996, 44.471639466000056], [-73.20678734599994, 44.47162683300007], [-73.20679141399995, 44.47167096100003], [-73.20680319299998, 44.47180081800008], [-73.20680322199996, 44.47180127100006], [-73.20641838799997, 44.47181328200003], [-73.20640455899996, 44.471639466000056]]]]}}, {"type": "Feature", "properties": {"OBJECTID": 276760, "SPAN": "114-035-18050", "GLIST_SPAN": "114-035-18050", "MAPID": "050-2-108-000", "PARCID": "050-2-108.000", "PROPTYPE": "PARCEL", "YEAR": 2018, "GLYEAR": 2022, "TOWN": "BURLINGTON", "TNAME": "Burlington", "SOURCENAME": null, "SOURCETYPE": "UNKNOWN", "SOURCEDATE": "UNKNOWN", "EDITMETHOD": "UNKNOWN", "EDITOR": "UNKNOWN", "EDITDATE": "UNKNOWN", "MATCHSTAT": "MATCH", "EDITNOTE": "UNKNOWN", "OWNER1": "ALLEN ANDREW", "OWNER2": "PENNEBAKER ELIZABETH ALLEN", "ADDRGL1": "309 SOUTH WILLARD ST", "ADDRGL2": "", "CITYGL": "BURLINGTON", "STGL": "VT", "ZIPGL": "05401", "DESCPROP": "LOT END STREET", "LOCAPROP": "N", "CAT": "Miscellaneous", "RESCODE": "S", "ACRESGL": 0.39, "REAL_FLV": 257800, "HSTED_FLV": 0, "NRES_FLV": 257800, "LAND_LV": 257800, "IMPRV_LV": 0, "EQUIPVAL": 0, "EQUIPCODE": "", "INVENVAL": 0, "HSDECL": "N", "HSITEVAL": 0, "VETEXAMT": 0, "EXPDESC": "", "ENDDATE": "", "STATUTE": "", "EXAMT_HS": 0, "EXAMT_NR": 0, "UVREDUC_HS": 0, "UVREDUC_NR": 0, "GLVAL_HS": 0.0, "GLVAL_NR": 2578.0, "CRHOUSPCT": 0.0, "MUNGL1PCT": 2578.0, "AOEGL_HS": 0.0, "AOEGL_NR": 2578.0, "E911ADDR": "51 KINGSLAND TR", "SHAPE_Length": 0.0017455027545887547, "SHAPE_Area": 1.7676159334746833e-07}, "geometry": {"type": "MultiPolygon", "coordinates": [[[[-73.20621080799998, 44.47133636900003], [-73.20676415499997, 44.471299901000066], [-73.20678381799996, 44.47156231100007], [-73.20678734599994, 44.47162683300007], [-73.20640455899996, 44.471639466000056], [-73.20623258199998, 44.47164376400008], [-73.20621080799998, 44.47133636900003]]]]}}, {"type": "Feature", "properties": {"OBJECTID": 276762, "SPAN": "114-035-18051", "GLIST_SPAN": "114-035-18051", "MAPID": "050-2-109-000", "PARCID": "050-2-109.000", "PROPTYPE": "PARCEL", "YEAR": 2018, "GLYEAR": 2022, "TOWN": "BURLINGTON", "TNAME": "Burlington", "SOURCENAME": null, "SOURCETYPE": "UNKNOWN", "SOURCEDATE": "UNKNOWN", "EDITMETHOD": "UNKNOWN", "EDITOR": "UNKNOWN", "EDITDATE": "UNKNOWN", "MATCHSTAT": "MATCH", "EDITNOTE": "UNKNOWN", "OWNER1": "MITCHELL HORACE BINNEY", "OWNER2": "DONOVAN DEIDRE M", "ADDRGL1": "41 KINGSLAND TR", "ADDRGL2": "", "CITYGL": "BURLINGTON", "STGL": "VT", "ZIPGL": "05401", "DESCPROP": "LAND SIZE FROM GIS 2/9/94", "LOCAPROP": "N", "CAT": "Residential-1", "RESCODE": "T", "ACRESGL": 0.15, "REAL_FLV": 626400, "HSTED_FLV": 626400, "NRES_FLV": 0, "LAND_LV": 218700, "IMPRV_LV": 407700, "EQUIPVAL": 0, "EQUIPCODE": "", "INVENVAL": 0, "HSDECL": "Y", "HSITEVAL": 626400, "VETEXAMT": 0, "EXPDESC": "", "ENDDATE": "", "STATUTE": "", "EXAMT_HS": 0, "EXAMT_NR": 0, "UVREDUC_HS": 0, "UVREDUC_NR": 0, "GLVAL_HS": 6264.0, "GLVAL_NR": 0.0, "CRHOUSPCT": 0.0, "MUNGL1PCT": 6264.0, "AOEGL_HS": 6264.0, "AOEGL_NR": 0.0, "E911ADDR": "41 KINGSLAND TR", "SHAPE_Length": 0.0010380692255068595, "SHAPE_Area": 6.724096410749979e-08}, "geometry": {"type": "MultiPolygon", "coordinates": [[[[-73.20680260899996, 44.471296851000034], [-73.20702119899994, 44.47128242100007], [-73.20702172199998, 44.47132572800007], [-73.20702841699995, 44.47155489100004], [-73.20682072599999, 44.471561380000026], [-73.20678381799996, 44.47156231100007], [-73.20676415499997, 44.471299901000066], [-73.20680260899996, 44.471296851000034]]]]}}, {"type": "Feature", "properties": {"OBJECTID": 276764, "SPAN": "114-035-18052", "GLIST_SPAN": "114-035-18052", "MAPID": "050-2-110-000", "PARCID": "050-2-110.000", "PROPTYPE": "PARCEL", "YEAR": 2018, "GLYEAR": 2022, "TOWN": "BURLINGTON", "TNAME": "Burlington", "SOURCENAME": null, "SOURCETYPE": "UNKNOWN", "SOURCEDATE": "UNKNOWN", "EDITMETHOD": "UNKNOWN", "EDITOR": "UNKNOWN", "EDITDATE": "UNKNOWN", "MATCHSTAT": "MATCH", "EDITNOTE": "UNKNOWN", "OWNER1": "SUDFELD HERBERT", "OWNER2": "AIKIN GENEVIEVE", "ADDRGL1": "35 KINGSLAND TER", "ADDRGL2": "", "CITYGL": "BURLINGTON", "STGL": "VT", "ZIPGL": "05401", "DESCPROP": "", "LOCAPROP": "N", "CAT": "Residential-1", "RESCODE": "T", "ACRESGL": 0.26, "REAL_FLV": 790000, "HSTED_FLV": 790000, "NRES_FLV": 0, "LAND_LV": 236400, "IMPRV_LV": 553600, "EQUIPVAL": 0, "EQUIPCODE": "", "INVENVAL": 0, "HSDECL": "Y", "HSITEVAL": 790000, "VETEXAMT": 0, "EXPDESC": "", "ENDDATE": "", "STATUTE": "", "EXAMT_HS": 0, "EXAMT_NR": 0, "UVREDUC_HS": 0, "UVREDUC_NR": 0, "GLVAL_HS": 7900.0, "GLVAL_NR": 0.0, "CRHOUSPCT": 0.0, "MUNGL1PCT": 7900.0, "AOEGL_HS": 7900.0, "AOEGL_NR": 0.0, "E911ADDR": "35 KINGSLAND TR", "SHAPE_Length": 0.0013837111267402354, "SHAPE_Area": 1.196587504881259e-07}, "geometry": {"type": "MultiPolygon", "coordinates": [[[[-73.20702655899998, 44.47123837500004], [-73.20738930799996, 44.47122530100006], [-73.20741434199994, 44.47154195600007], [-73.20702841699995, 44.47155489100004], [-73.20702172199998, 44.47132572800007], [-73.20702119899994, 44.47128242100007], [-73.20702655899998, 44.47123837500004]]]]}}, {"type": "Feature", "properties": {"OBJECTID": 276766, "SPAN": "114-035-18053", "GLIST_SPAN": "114-035-18053", "MAPID": "050-2-111-000", "PARCID": "050-2-111.000", "PROPTYPE": "PARCEL", "YEAR": 2018, "GLYEAR": 2022, "TOWN": "BURLINGTON", "TNAME": "Burlington", "SOURCENAME": null, "SOURCETYPE": "UNKNOWN", "SOURCEDATE": "UNKNOWN", "EDITMETHOD": "UNKNOWN", "EDITOR": "UNKNOWN", "EDITDATE": "UNKNOWN", "MATCHSTAT": "MATCH", "EDITNOTE": "UNKNOWN", "OWNER1": "PURDY WILLIAM D.", "OWNER2": "", "ADDRGL1": "27 KINGSLAND TER", "ADDRGL2": "", "CITYGL": "BURLINGTON", "STGL": "VT", "ZIPGL": "05401", "DESCPROP": "", "LOCAPROP": "N", "CAT": "Residential-1", "RESCODE": "T", "ACRESGL": 0.24, "REAL_FLV": 738700, "HSTED_FLV": 738700, "NRES_FLV": 0, "LAND_LV": 234200, "IMPRV_LV": 504500, "EQUIPVAL": 0, "EQUIPCODE": "", "INVENVAL": 0, "HSDECL": "Y", "HSITEVAL": 738700, "VETEXAMT": 0, "EXPDESC": "", "ENDDATE": "", "STATUTE": "", "EXAMT_HS": 0, "EXAMT_NR": 0, "UVREDUC_HS": 0, "UVREDUC_NR": 0, "GLVAL_HS": 7387.0, "GLVAL_NR": 0.0, "CRHOUSPCT": 0.0, "MUNGL1PCT": 7387.0, "AOEGL_HS": 7387.0, "AOEGL_NR": 0.0, "E911ADDR": "27 KINGSLAND TR", "SHAPE_Length": 0.0019194014318579037, "SHAPE_Area": 1.1294313269750458e-07}, "geometry": {"type": "MultiPolygon", "coordinates": [[[[-73.20741434199994, 44.47154195600007], [-73.20738930799996, 44.47122530100006], [-73.20702655899998, 44.47123837500004], [-73.20703760799995, 44.471145077000074], [-73.20704152499997, 44.471144209000045], [-73.20730796399994, 44.47113397800007], [-73.20732014799995, 44.47113351000007], [-73.20732967399994, 44.47113314500007], [-73.20738267499996, 44.471131410000055], [-73.20747728899994, 44.47112815300005], [-73.20757780199995, 44.47112542100007], [-73.20758940699994, 44.471305760000064], [-73.20760710999997, 44.47153569900007], [-73.20741434199994, 44.47154195600007]]]]}}, {"type": "Feature", "properties": {"OBJECTID": 276768, "SPAN": "114-035-18054", "GLIST_SPAN": "114-035-18054", "MAPID": "050-2-112-000", "PARCID": "050-2-112.000", "PROPTYPE": "PARCEL", "YEAR": 2018, "GLYEAR": 2022, "TOWN": "BURLINGTON", "TNAME": "Burlington", "SOURCENAME": null, "SOURCETYPE": "UNKNOWN", "SOURCEDATE": "UNKNOWN", "EDITMETHOD": "UNKNOWN", "EDITOR": "UNKNOWN", "EDITDATE": "UNKNOWN", "MATCHSTAT": "MATCH", "EDITNOTE": "UNKNOWN", "OWNER1": "JENEMANN DAVID", "OWNER2": "BRIGHENTI LISA MARIE", "ADDRGL1": "23 KINGSLAND TERRACE", "ADDRGL2": "", "CITYGL": "BURLINGTON", "STGL": "VT", "ZIPGL": "05401", "DESCPROP": "SINGLE FAM HOUSE", "LOCAPROP": "", "CAT": "Residential-1", "RESCODE": "T", "ACRESGL": 0.17, "REAL_FLV": 879400, "HSTED_FLV": 879400, "NRES_FLV": 0, "LAND_LV": 222000, "IMPRV_LV": 657400, "EQUIPVAL": 0, "EQUIPCODE": "", "INVENVAL": 0, "HSDECL": "Y", "HSITEVAL": 879400, "VETEXAMT": 0, "EXPDESC": "", "ENDDATE": "", "STATUTE": "", "EXAMT_HS": 0, "EXAMT_NR": 0, "UVREDUC_HS": 0, "UVREDUC_NR": 0, "GLVAL_HS": 8794.0, "GLVAL_NR": 0.0, "CRHOUSPCT": 0.0, "MUNGL1PCT": 8794.0, "AOEGL_HS": 8794.0, "AOEGL_NR": 0.0, "E911ADDR": "23 KINGSLAND TR", "SHAPE_Length": 0.0012070243313838957, "SHAPE_Area": 7.719950841591707e-08}, "geometry": {"type": "MultiPolygon", "coordinates": [[[[-73.20758940699994, 44.471305760000064], [-73.20757780199995, 44.47112542100007], [-73.20766502399994, 44.47112100500004], [-73.20767593099998, 44.471120453000026], [-73.20775562399996, 44.47111742900006], [-73.20777078099997, 44.47129915200003], [-73.20778413299996, 44.471299069000054], [-73.20779830699996, 44.47152931100004], [-73.20760710999997, 44.47153569900007], [-73.20758940699994, 44.471305760000064]]]]}}, {"type": "Feature", "properties": {"OBJECTID": 276770, "SPAN": "114-035-18055", "GLIST_SPAN": "114-035-18055", "MAPID": "050-2-113-000", "PARCID": "050-2-113.000", "PROPTYPE": "PARCEL", "YEAR": 2018, "GLYEAR": 2022, "TOWN": "BURLINGTON", "TNAME": "Burlington", "SOURCENAME": null, "SOURCETYPE": "UNKNOWN", "SOURCEDATE": "UNKNOWN", "EDITMETHOD": "UNKNOWN", "EDITOR": "UNKNOWN", "EDITDATE": "UNKNOWN", "MATCHSTAT": "MATCH", "EDITNOTE": "UNKNOWN", "OWNER1": "KIRN MALINA A", "OWNER2": "CORCORAN BRIAN", "ADDRGL1": "19 KINGSLAND TER", "ADDRGL2": "", "CITYGL": "BURLINGTON", "STGL": "VT", "ZIPGL": "05401", "DESCPROP": "SINGLE FAM HOUSE", "LOCAPROP": "", "CAT": "Residential-1", "RESCODE": "T", "ACRESGL": 0.19, "REAL_FLV": 625400, "HSTED_FLV": 625400, "NRES_FLV": 0, "LAND_LV": 225800, "IMPRV_LV": 399600, "EQUIPVAL": 0, "EQUIPCODE": "", "INVENVAL": 0, "HSDECL": "Y", "HSITEVAL": 625400, "VETEXAMT": 0, "EXPDESC": "", "ENDDATE": "", "STATUTE": "", "EXAMT_HS": 0, "EXAMT_NR": 0, "UVREDUC_HS": 0, "UVREDUC_NR": 0, "GLVAL_HS": 6254.0, "GLVAL_NR": 0.0, "CRHOUSPCT": 0.0, "MUNGL1PCT": 6254.0, "AOEGL_HS": 6254.0, "AOEGL_NR": 0.0, "E911ADDR": "19 KINGSLAND TR", "SHAPE_Length": 0.001227723760980895, "SHAPE_Area": 8.832620551878555e-08}, "geometry": {"type": "MultiPolygon", "coordinates": [[[[-73.20778413299996, 44.471299069000054], [-73.20816730899998, 44.471286288000044], [-73.20818147899996, 44.47151610900005], [-73.20779830699996, 44.47152931100004], [-73.20778413299996, 44.471299069000054]]]]}}, {"type": "Feature", "properties": {"OBJECTID": 276822, "SPAN": "114-035-17593", "GLIST_SPAN": "114-035-17593", "MAPID": "049-4-069-000", "PARCID": "049-4-069.000", "PROPTYPE": "PARCEL", "YEAR": 2018, "GLYEAR": 2022, "TOWN": "BURLINGTON", "TNAME": "Burlington", "SOURCENAME": null, "SOURCETYPE": "UNKNOWN", "SOURCEDATE": "UNKNOWN", "EDITMETHOD": "UNKNOWN", "EDITOR": "UNKNOWN", "EDITDATE": "UNKNOWN", "MATCHSTAT": "MATCH", "EDITNOTE": "UNKNOWN", "OWNER1": "HOME LLC", "OWNER2": "", "ADDRGL1": "PO BOX 8722", "ADDRGL2": "", "CITYGL": "BURLINGTON", "STGL": "VT", "ZIPGL": "05402", "DESCPROP": "", "LOCAPROP": "N", "CAT": "Residential-1", "RESCODE": "C", "ACRESGL": 0.22, "REAL_FLV": 350400, "HSTED_FLV": 0, "NRES_FLV": 350400, "LAND_LV": 169400, "IMPRV_LV": 181000, "EQUIPVAL": 0, "EQUIPCODE": "", "INVENVAL": 0, "HSDECL": "N", "HSITEVAL": 350400, "VETEXAMT": 0, "EXPDESC": "", "ENDDATE": "", "STATUTE": "", "EXAMT_HS": 0, "EXAMT_NR": 0, "UVREDUC_HS": 0, "UVREDUC_NR": 0, "GLVAL_HS": 0.0, "GLVAL_NR": 3504.0, "CRHOUSPCT": 0.0, "MUNGL1PCT": 3504.0, "AOEGL_HS": 0.0, "AOEGL_NR": 3504.0, "E911ADDR": "378 ST PAUL ST", "SHAPE_Length": 0.0016951753266950089, "SHAPE_Area": 1.0024055627363276e-07}, "geometry": {"type": "MultiPolygon", "coordinates": [[[[-73.21085990599994, 44.469592144000046], [-73.21084332799995, 44.469423507000045], [-73.21103725499995, 44.46941625300008], [-73.21103562399998, 44.469443684000055], [-73.21140833299995, 44.469378507000044], [-73.21142544099996, 44.469396681000035], [-73.21154046099997, 44.46952153500007], [-73.21111763699997, 44.46956719700006], [-73.21086435899997, 44.469635426000025], [-73.21085990599994, 44.469592144000046]]]]}}, {"type": "Feature", "properties": {"OBJECTID": 276824, "SPAN": "114-035-17594", "GLIST_SPAN": "114-035-17594", "MAPID": "049-4-070-000", "PARCID": "049-4-070.000", "PROPTYPE": "PARCEL", "YEAR": 2018, "GLYEAR": 2022, "TOWN": "BURLINGTON", "TNAME": "Burlington", "SOURCENAME": null, "SOURCETYPE": "UNKNOWN", "SOURCEDATE": "UNKNOWN", "EDITMETHOD": "UNKNOWN", "EDITOR": "UNKNOWN", "EDITDATE": "UNKNOWN", "MATCHSTAT": "MATCH", "EDITNOTE": "UNKNOWN", "OWNER1": "TIMOTHY A. GRANNIS AND SUSAN E HURD REV", "OWNER2": "TIMOTHY A. GRANNIS", "ADDRGL1": "46 CENTRAL AVE", "ADDRGL2": "", "CITYGL": "SOUTH BURLINGTON", "STGL": "VT", "ZIPGL": "05403", "DESCPROP": "", "LOCAPROP": "N", "CAT": "Residential-1", "RESCODE": "S", "ACRESGL": 0.18, "REAL_FLV": 717100, "HSTED_FLV": 0, "NRES_FLV": 717100, "LAND_LV": 224200, "IMPRV_LV": 492900, "EQUIPVAL": 0, "EQUIPCODE": "", "INVENVAL": 0, "HSDECL": "N", "HSITEVAL": 717100, "VETEXAMT": 0, "EXPDESC": "", "ENDDATE": "", "STATUTE": "", "EXAMT_HS": 0, "EXAMT_NR": 0, "UVREDUC_HS": 0, "UVREDUC_NR": 0, "GLVAL_HS": 0.0, "GLVAL_NR": 7171.0, "CRHOUSPCT": 0.0, "MUNGL1PCT": 7171.0, "AOEGL_HS": 0.0, "AOEGL_NR": 7171.0, "E911ADDR": "384 ST PAUL ST", "SHAPE_Length": 0.0014402714659052962, "SHAPE_Area": 8.20684283590432e-08}, "geometry": {"type": "MultiPolygon", "coordinates": [[[[-73.21103562399998, 44.469443684000055], [-73.21103725499995, 44.46941625300008], [-73.21084332799995, 44.469423507000045], [-73.21082946199994, 44.46928424200007], [-73.21082782899998, 44.46924670800007], [-73.21101782999995, 44.469239619000064], [-73.21102061799996, 44.46927517700004], [-73.21130446099994, 44.46926609800005], [-73.21140833299995, 44.469378507000044], [-73.21103562399998, 44.469443684000055]]]]}}, {"type": "Feature", "properties": {"OBJECTID": 277116, "SPAN": "114-035-17609", "GLIST_SPAN": "114-035-17609", "MAPID": "049-4-080-000", "PARCID": "049-4-080.000", "PROPTYPE": "PARCEL", "YEAR": 2018, "GLYEAR": 2022, "TOWN": "BURLINGTON", "TNAME": "Burlington", "SOURCENAME": null, "SOURCETYPE": "UNKNOWN", "SOURCEDATE": "UNKNOWN", "EDITMETHOD": "UNKNOWN", "EDITOR": "UNKNOWN", "EDITDATE": "UNKNOWN", "MATCHSTAT": "MATCH", "EDITNOTE": "UNKNOWN", "OWNER1": "LADD JONATHAN", "OWNER2": "WHITNEY MARTHA", "ADDRGL1": "32 SPRUCE STREET", "ADDRGL2": "", "CITYGL": "BURLINGTON", "STGL": "VT", "ZIPGL": "05401", "DESCPROP": "3 APT UNITS", "LOCAPROP": "", "CAT": "Residential-1", "RESCODE": "T", "ACRESGL": 0.1, "REAL_FLV": 659800, "HSTED_FLV": 435950, "NRES_FLV": 223850, "LAND_LV": 212100, "IMPRV_LV": 447700, "EQUIPVAL": 0, "EQUIPCODE": "", "INVENVAL": 0, "HSDECL": "Y", "HSITEVAL": 435950, "VETEXAMT": 0, "EXPDESC": "", "ENDDATE": "", "STATUTE": "", "EXAMT_HS": 0, "EXAMT_NR": 0, "UVREDUC_HS": 0, "UVREDUC_NR": 0, "GLVAL_HS": 4360.0, "GLVAL_NR": 2238.5, "CRHOUSPCT": 0.0, "MUNGL1PCT": 6598.0, "AOEGL_HS": 4360.0, "AOEGL_NR": 2238.5, "E911ADDR": "30 SPRUCE ST", "SHAPE_Length": 0.0008698097088178289, "SHAPE_Area": 4.4970566855665305e-08}, "geometry": {"type": "MultiPolygon", "coordinates": [[[[-73.21116150599994, 44.47062478400005], [-73.21116115099994, 44.470595538000055], [-73.21112503799998, 44.47059716900003], [-73.21111849499994, 44.47044646900008], [-73.21136654199995, 44.47043240900007], [-73.21137631399995, 44.47062246200005], [-73.21116150599994, 44.47062478400005]]]]}}, {"type": "Feature", "properties": {"OBJECTID": 277117, "SPAN": "114-035-17610", "GLIST_SPAN": "114-035-17610", "MAPID": "049-4-081-000", "PARCID": "049-4-081.000", "PROPTYPE": "PARCEL", "YEAR": 2018, "GLYEAR": 2022, "TOWN": "BURLINGTON", "TNAME": "Burlington", "SOURCENAME": null, "SOURCETYPE": "UNKNOWN", "SOURCEDATE": "UNKNOWN", "EDITMETHOD": "UNKNOWN", "EDITOR": "UNKNOWN", "EDITDATE": "UNKNOWN", "MATCHSTAT": "MATCH", "EDITNOTE": "UNKNOWN", "OWNER1": "ALLEN DARREN M", "OWNER2": "TAORMINA PHILENE", "ADDRGL1": "36 SPRUCE ST", "ADDRGL2": "", "CITYGL": "BURLINGTON", "STGL": "VT", "ZIPGL": "05401", "DESCPROP": "SINGLE FAM HOUSE", "LOCAPROP": "", "CAT": "Residential-1", "RESCODE": "T", "ACRESGL": 0.07, "REAL_FLV": 401600, "HSTED_FLV": 401600, "NRES_FLV": 0, "LAND_LV": 139600, "IMPRV_LV": 262000, "EQUIPVAL": 0, "EQUIPCODE": "", "INVENVAL": 0, "HSDECL": "Y", "HSITEVAL": 401600, "VETEXAMT": 0, "EXPDESC": "", "ENDDATE": "", "STATUTE": "", "EXAMT_HS": 0, "EXAMT_NR": 0, "UVREDUC_HS": 0, "UVREDUC_NR": 0, "GLVAL_HS": 4016.0, "GLVAL_NR": 0.0, "CRHOUSPCT": 0.0, "MUNGL1PCT": 4016.0, "AOEGL_HS": 4016.0, "AOEGL_NR": 0.0, "E911ADDR": "36 SPRUCE ST", "SHAPE_Length": 0.0007126796369001815, "SHAPE_Area": 3.091237037304695e-08}, "geometry": {"type": "MultiPolygon", "coordinates": [[[[-73.21090969799997, 44.47045859600007], [-73.21111849499994, 44.47044646900008], [-73.21112503799998, 44.47059716900003], [-73.21092052399996, 44.47060617600005], [-73.21090969799997, 44.47045859600007]]]]}}, {"type": "Feature", "properties": {"OBJECTID": 277118, "SPAN": "114-035-17611", "GLIST_SPAN": "114-035-17611", "MAPID": "049-4-082-000", "PARCID": "049-4-082.000", "PROPTYPE": "PARCEL", "YEAR": 2018, "GLYEAR": 2022, "TOWN": "BURLINGTON", "TNAME": "Burlington", "SOURCENAME": null, "SOURCETYPE": "UNKNOWN", "SOURCEDATE": "UNKNOWN", "EDITMETHOD": "UNKNOWN", "EDITOR": "UNKNOWN", "EDITDATE": "UNKNOWN", "MATCHSTAT": "MATCH", "EDITNOTE": "UNKNOWN", "OWNER1": "LAWRENCE LECLAIR INC", "OWNER2": "", "ADDRGL1": "275 SOUTH WINOOSKI AVENUE", "ADDRGL2": "", "CITYGL": "BURLINGTON", "STGL": "VT", "ZIPGL": "05401", "DESCPROP": "6 UNITS", "LOCAPROP": "N", "CAT": "Commercial Apt", "RESCODE": "C", "ACRESGL": 0.11, "REAL_FLV": 952700, "HSTED_FLV": 0, "NRES_FLV": 952700, "LAND_LV": 406100, "IMPRV_LV": 546600, "EQUIPVAL": 0, "EQUIPCODE": "", "INVENVAL": 0, "HSDECL": "N", "HSITEVAL": 0, "VETEXAMT": 0, "EXPDESC": "", "ENDDATE": "", "STATUTE": "", "EXAMT_HS": 0, "EXAMT_NR": 0, "UVREDUC_HS": 0, "UVREDUC_NR": 0, "GLVAL_HS": 0.0, "GLVAL_NR": 9527.0, "CRHOUSPCT": 0.0, "MUNGL1PCT": 9527.0, "AOEGL_HS": 0.0, "AOEGL_NR": 9527.0, "E911ADDR": "52 SPRUCE ST", "SHAPE_Length": 0.0012751913198408606, "SHAPE_Area": 5.146251048006616e-08}, "geometry": {"type": "MultiPolygon", "coordinates": [[[[-73.21016567499998, 44.47051075300004], [-73.21043410399994, 44.47049319400003], [-73.21044256999994, 44.470640649000075], [-73.21017806599997, 44.47065804300007], [-73.21013607799995, 44.47066111600003], [-73.21014191999996, 44.47075416800004], [-73.21005948199996, 44.470757492000075], [-73.21004500199996, 44.470632152000064], [-73.21017846099994, 44.470625838000046], [-73.21016567499998, 44.47051075300004]]]]}}, {"type": "Feature", "properties": {"OBJECTID": 277119, "SPAN": "114-035-17612", "GLIST_SPAN": "114-035-17612", "MAPID": "049-4-083-000", "PARCID": "049-4-083.000", "PROPTYPE": "PARCEL", "YEAR": 2018, "GLYEAR": 2022, "TOWN": "BURLINGTON", "TNAME": "Burlington", "SOURCENAME": null, "SOURCETYPE": "UNKNOWN", "SOURCEDATE": "UNKNOWN", "EDITMETHOD": "UNKNOWN", "EDITOR": "UNKNOWN", "EDITDATE": "UNKNOWN", "MATCHSTAT": "MATCH", "EDITNOTE": "UNKNOWN", "OWNER1": "VINCENT III JOHN", "OWNER2": "VINCENT LESANNE", "ADDRGL1": "4 OAK GROVE PLACE", "ADDRGL2": "", "CITYGL": "FERDINANDA BEACH", "STGL": "FL", "ZIPGL": "32034", "DESCPROP": "APT IN BASEMENT- 90% FIN 3 APT UNITS", "LOCAPROP": "N", "CAT": "Residential-1", "RESCODE": "S", "ACRESGL": 0.03, "REAL_FLV": 549900, "HSTED_FLV": 0, "NRES_FLV": 549900, "LAND_LV": 84000, "IMPRV_LV": 465900, "EQUIPVAL": 0, "EQUIPCODE": "", "INVENVAL": 0, "HSDECL": "N", "HSITEVAL": 549900, "VETEXAMT": 0, "EXPDESC": "", "ENDDATE": "", "STATUTE": "", "EXAMT_HS": 0, "EXAMT_NR": 0, "UVREDUC_HS": 0, "UVREDUC_NR": 0, "GLVAL_HS": 0.0, "GLVAL_NR": 5499.0, "CRHOUSPCT": 0.0, "MUNGL1PCT": 5499.0, "AOEGL_HS": 0.0, "AOEGL_NR": 5499.0, "E911ADDR": "60 SPRUCE ST", "SHAPE_Length": 0.0004964928987484269, "SHAPE_Area": 1.5295865869378742e-08}, "geometry": {"type": "MultiPolygon", "coordinates": [[[[-73.21003263399996, 44.47051903300007], [-73.21016567499998, 44.47051075300004], [-73.21017846099994, 44.470625838000046], [-73.21004500199996, 44.470632152000064], [-73.21003263399996, 44.47051903300007]]]]}}, {"type": "Feature", "properties": {"OBJECTID": 277120, "SPAN": "114-035-17613", "GLIST_SPAN": "114-035-17613", "MAPID": "049-4-084-000", "PARCID": "049-4-084.000", "PROPTYPE": "PARCEL", "YEAR": 2018, "GLYEAR": 2022, "TOWN": "BURLINGTON", "TNAME": "Burlington", "SOURCENAME": null, "SOURCETYPE": "UNKNOWN", "SOURCEDATE": "UNKNOWN", "EDITMETHOD": "UNKNOWN", "EDITOR": "UNKNOWN", "EDITDATE": "UNKNOWN", "MATCHSTAT": "MATCH", "EDITNOTE": "UNKNOWN", "OWNER1": "SPORZYNSKI MARY K", "OWNER2": "", "ADDRGL1": "66 SPRUCE STREET", "ADDRGL2": "", "CITYGL": "BURLINGTON", "STGL": "VT", "ZIPGL": "05401", "DESCPROP": "SINGLE FAMILY HOUSE", "LOCAPROP": "", "CAT": "Residential-1", "RESCODE": "T", "ACRESGL": 0.11, "REAL_FLV": 403300, "HSTED_FLV": 403300, "NRES_FLV": 0, "LAND_LV": 148200, "IMPRV_LV": 255100, "EQUIPVAL": 0, "EQUIPCODE": "", "INVENVAL": 0, "HSDECL": "Y", "HSITEVAL": 403300, "VETEXAMT": 0, "EXPDESC": "", "ENDDATE": "", "STATUTE": "", "EXAMT_HS": 0, "EXAMT_NR": 0, "UVREDUC_HS": 0, "UVREDUC_NR": 0, "GLVAL_HS": 4033.0, "GLVAL_NR": 0.0, "CRHOUSPCT": 0.0, "MUNGL1PCT": 4033.0, "AOEGL_HS": 4033.0, "AOEGL_NR": 0.0, "E911ADDR": "66 SPRUCE ST", "SHAPE_Length": 0.0008674110578321071, "SHAPE_Area": 4.64905185517386e-08}, "geometry": {"type": "MultiPolygon", "coordinates": [[[[-73.20983993899995, 44.47053119800006], [-73.21003263399996, 44.47051903300007], [-73.21004500199996, 44.470632152000064], [-73.21005948199996, 44.470757492000075], [-73.20986045399997, 44.47076547900008], [-73.20983993899995, 44.47053119800006]]]]}}, {"type": "Feature", "properties": {"OBJECTID": 277121, "SPAN": "114-035-17614", "GLIST_SPAN": "114-035-17614", "MAPID": "049-4-085-000", "PARCID": "049-4-085.000", "PROPTYPE": "PARCEL", "YEAR": 2018, "GLYEAR": 2022, "TOWN": "BURLINGTON", "TNAME": "Burlington", "SOURCENAME": null, "SOURCETYPE": "UNKNOWN", "SOURCEDATE": "UNKNOWN", "EDITMETHOD": "UNKNOWN", "EDITOR": "UNKNOWN", "EDITDATE": "UNKNOWN", "MATCHSTAT": "MATCH", "EDITNOTE": "UNKNOWN", "OWNER1": "ROYER JOHN M", "OWNER2": "ROYER TERRY D", "ADDRGL1": "88 CRESCENT ROAD", "ADDRGL2": "", "CITYGL": "BURLINGTON", "STGL": "VT", "ZIPGL": "05401", "DESCPROP": "", "LOCAPROP": "N", "CAT": "Residential-1", "RESCODE": "T", "ACRESGL": 0.24, "REAL_FLV": 623900, "HSTED_FLV": 0, "NRES_FLV": 623900, "LAND_LV": 493000, "IMPRV_LV": 130900, "EQUIPVAL": 0, "EQUIPCODE": "", "INVENVAL": 0, "HSDECL": "N", "HSITEVAL": 623900, "VETEXAMT": 0, "EXPDESC": "", "ENDDATE": "", "STATUTE": "", "EXAMT_HS": 0, "EXAMT_NR": 0, "UVREDUC_HS": 0, "UVREDUC_NR": 0, "GLVAL_HS": 0.0, "GLVAL_NR": 6239.0, "CRHOUSPCT": 0.0, "MUNGL1PCT": 6239.0, "AOEGL_HS": 0.0, "AOEGL_NR": 6239.0, "E911ADDR": "68 SPRUCE ST", "SHAPE_Length": 0.001374752049353624, "SHAPE_Area": 1.1030360678558681e-07}, "geometry": {"type": "MultiPolygon", "coordinates": [[[[-73.20958210199996, 44.47054770600005], [-73.20983993899995, 44.47053119800006], [-73.20986045399997, 44.47076547900008], [-73.20987627899996, 44.47096941600006], [-73.20962413999996, 44.47097013900003], [-73.20958210199996, 44.47054770600005]]]]}}, {"type": "Feature", "properties": {"OBJECTID": 277122, "SPAN": "114-035-17615", "GLIST_SPAN": "114-035-17615", "MAPID": "049-4-086-000", "PARCID": "049-4-086.000", "PROPTYPE": "PARCEL", "YEAR": 2018, "GLYEAR": 2022, "TOWN": "BURLINGTON", "TNAME": "Burlington", "SOURCENAME": null, "SOURCETYPE": "UNKNOWN", "SOURCEDATE": "UNKNOWN", "EDITMETHOD": "UNKNOWN", "EDITOR": "UNKNOWN", "EDITDATE": "UNKNOWN", "MATCHSTAT": "MATCH", "EDITNOTE": "UNKNOWN", "OWNER1": "BAINBRIDGE REBECCA", "OWNER2": "", "ADDRGL1": "76 SPRUCE ST", "ADDRGL2": "", "CITYGL": "BURLINGTON", "STGL": "VT", "ZIPGL": "05401", "DESCPROP": "SINGLE FAM HOUSE", "LOCAPROP": "", "CAT": "Residential-1", "RESCODE": "T", "ACRESGL": 0.17, "REAL_FLV": 422900, "HSTED_FLV": 0, "NRES_FLV": 422900, "LAND_LV": 160100, "IMPRV_LV": 262800, "EQUIPVAL": 0, "EQUIPCODE": "", "INVENVAL": 0, "HSDECL": "N", "HSITEVAL": 422900, "VETEXAMT": 0, "EXPDESC": "", "ENDDATE": "", "STATUTE": "", "EXAMT_HS": 0, "EXAMT_NR": 0, "UVREDUC_HS": 0, "UVREDUC_NR": 0, "GLVAL_HS": 0.0, "GLVAL_NR": 4229.0, "CRHOUSPCT": 0.0, "MUNGL1PCT": 4229.0, "AOEGL_HS": 0.0, "AOEGL_NR": 4229.0, "E911ADDR": "76 SPRUCE ST", "SHAPE_Length": 0.0015236402591590815, "SHAPE_Area": 8.707276812092717e-08}, "geometry": {"type": "MultiPolygon", "coordinates": [[[[-73.20948084799994, 44.470553960000075], [-73.20958210199996, 44.47054770600005], [-73.20962413999996, 44.47097013900003], [-73.20963135399995, 44.47117651900004], [-73.20949352299994, 44.47117878200004], [-73.20946627199999, 44.47077721000005], [-73.20945180899997, 44.47055596800004], [-73.20948084799994, 44.470553960000075]]]]}}, {"type": "Feature", "properties": {"OBJECTID": 277123, "SPAN": "114-035-17616", "GLIST_SPAN": "114-035-17616", "MAPID": "049-4-087-000", "PARCID": "049-4-087.000", "PROPTYPE": "PARCEL", "YEAR": 2018, "GLYEAR": 2022, "TOWN": "BURLINGTON", "TNAME": "Burlington", "SOURCENAME": null, "SOURCETYPE": "UNKNOWN", "SOURCEDATE": "UNKNOWN", "EDITMETHOD": "UNKNOWN", "EDITOR": "UNKNOWN", "EDITDATE": "UNKNOWN", "MATCHSTAT": "MATCH", "EDITNOTE": "UNKNOWN", "OWNER1": "BLUTE PATRICIA", "OWNER2": "SMITHERS CATHY", "ADDRGL1": "29 MARIE ST", "ADDRGL2": "", "CITYGL": "TEWKSBURY", "STGL": "MA", "ZIPGL": "01876", "DESCPROP": "1 UNIT HOUSE", "LOCAPROP": "N", "CAT": "Residential-1", "RESCODE": "NS", "ACRESGL": 0.21, "REAL_FLV": 411300, "HSTED_FLV": 0, "NRES_FLV": 411300, "LAND_LV": 167700, "IMPRV_LV": 243600, "EQUIPVAL": 0, "EQUIPCODE": "", "INVENVAL": 0, "HSDECL": "N", "HSITEVAL": 411300, "VETEXAMT": 0, "EXPDESC": "", "ENDDATE": "", "STATUTE": "", "EXAMT_HS": 0, "EXAMT_NR": 0, "UVREDUC_HS": 0, "UVREDUC_NR": 0, "GLVAL_HS": 0.0, "GLVAL_NR": 4113.0, "CRHOUSPCT": 0.0, "MUNGL1PCT": 4113.0, "AOEGL_HS": 0.0, "AOEGL_NR": 4113.0, "E911ADDR": "78 SPRUCE ST", "SHAPE_Length": 0.001635054679024178, "SHAPE_Area": 9.653435047377889e-08}, "geometry": {"type": "MultiPolygon", "coordinates": [[[[-73.20934617799998, 44.47097903700006], [-73.20933438299994, 44.470783512000025], [-73.20927235299996, 44.470785585000044], [-73.20925519099995, 44.47056843900003], [-73.20931837699999, 44.470564531000036], [-73.20945180899997, 44.47055596800004], [-73.20946627199999, 44.47077721000005], [-73.20949352299994, 44.47117878200004], [-73.20935765599995, 44.471180891000074], [-73.20934617799998, 44.47097903700006]]]]}}, {"type": "Feature", "properties": {"OBJECTID": 277124, "SPAN": "114-035-17617", "GLIST_SPAN": "114-035-17617", "MAPID": "049-4-088-000", "PARCID": "049-4-088.000", "PROPTYPE": "PARCEL", "YEAR": 2018, "GLYEAR": 2022, "TOWN": "BURLINGTON", "TNAME": "Burlington", "SOURCENAME": null, "SOURCETYPE": "UNKNOWN", "SOURCEDATE": "UNKNOWN", "EDITMETHOD": "UNKNOWN", "EDITOR": "UNKNOWN", "EDITDATE": "UNKNOWN", "MATCHSTAT": "MATCH", "EDITNOTE": "UNKNOWN", "OWNER1": "JONES SAMUEL E.", "OWNER2": "POWERS BRETT M.", "ADDRGL1": "196 COLLEGE ST", "ADDRGL2": "", "CITYGL": "BURLINGTON", "STGL": "VT", "ZIPGL": "05401", "DESCPROP": "4 UNIT APT", "LOCAPROP": "", "CAT": "Residential-1", "RESCODE": "T", "ACRESGL": 0.15, "REAL_FLV": 645600, "HSTED_FLV": 415128, "NRES_FLV": 230472, "LAND_LV": 218800, "IMPRV_LV": 426800, "EQUIPVAL": 0, "EQUIPCODE": "", "INVENVAL": 0, "HSDECL": "Y", "HSITEVAL": 415128, "VETEXAMT": 0, "EXPDESC": "", "ENDDATE": "", "STATUTE": "", "EXAMT_HS": 0, "EXAMT_NR": 0, "UVREDUC_HS": 0, "UVREDUC_NR": 0, "GLVAL_HS": 4151.0, "GLVAL_NR": 2304.72, "CRHOUSPCT": 0.0, "MUNGL1PCT": 6456.0, "AOEGL_HS": 4151.0, "AOEGL_NR": 2304.72, "E911ADDR": "79 SPRUCE ST", "SHAPE_Length": 0.0010421533016381661, "SHAPE_Area": 6.740327416118666e-08}, "geometry": {"type": "MultiPolygon", "coordinates": [[[[-73.20914908399999, 44.47020630600008], [-73.20938409899998, 44.470186426000055], [-73.20940898999999, 44.470425601000045], [-73.20913506699998, 44.470443474000035], [-73.20909221999995, 44.47021340900005], [-73.20914908399999, 44.47020630600008]]]]}}, {"type": "Feature", "properties": {"OBJECTID": 277125, "SPAN": "114-035-17618", "GLIST_SPAN": "114-035-17618", "MAPID": "049-4-089-000", "PARCID": "049-4-089.000", "PROPTYPE": "PARCEL", "YEAR": 2018, "GLYEAR": 2022, "TOWN": "BURLINGTON", "TNAME": "Burlington", "SOURCENAME": null, "SOURCETYPE": "UNKNOWN", "SOURCEDATE": "UNKNOWN", "EDITMETHOD": "UNKNOWN", "EDITOR": "UNKNOWN", "EDITDATE": "UNKNOWN", "MATCHSTAT": "MATCH", "EDITNOTE": "UNKNOWN", "OWNER1": "SWICK PAYTON A.", "OWNER2": "O'HARA MEGAN A.", "ADDRGL1": "75 SPRUCE ST", "ADDRGL2": "", "CITYGL": "BURLINGTON", "STGL": "VT", "ZIPGL": "05401", "DESCPROP": "1-FAMILY HOUSE", "LOCAPROP": "N", "CAT": "Residential-1", "RESCODE": "T", "ACRESGL": 0.11, "REAL_FLV": 416500, "HSTED_FLV": 416500, "NRES_FLV": 0, "LAND_LV": 147600, "IMPRV_LV": 268900, "EQUIPVAL": 0, "EQUIPCODE": "", "INVENVAL": 0, "HSDECL": "Y", "HSITEVAL": 416500, "VETEXAMT": 0, "EXPDESC": "", "ENDDATE": "", "STATUTE": "", "EXAMT_HS": 0, "EXAMT_NR": 0, "UVREDUC_HS": 0, "UVREDUC_NR": 0, "GLVAL_HS": 4165.0, "GLVAL_NR": 0.0, "CRHOUSPCT": 0.0, "MUNGL1PCT": 4165.0, "AOEGL_HS": 4165.0, "AOEGL_NR": 0.0, "E911ADDR": "75 SPRUCE ST", "SHAPE_Length": 0.0009782409632246684, "SHAPE_Area": 5.1798466137273436e-08}, "geometry": {"type": "MultiPolygon", "coordinates": [[[[-73.20937433699999, 44.470093821000034], [-73.20952777299993, 44.47008316400007], [-73.20956556899995, 44.470414926000046], [-73.20940898999999, 44.470425601000045], [-73.20938409899998, 44.470186426000055], [-73.20937433699999, 44.470093821000034]]]]}}, {"type": "Feature", "properties": {"OBJECTID": 277126, "SPAN": "114-035-17619", "GLIST_SPAN": "114-035-17619", "MAPID": "049-4-090-000", "PARCID": "049-4-090.000", "PROPTYPE": "PARCEL", "YEAR": 2018, "GLYEAR": 2022, "TOWN": "BURLINGTON", "TNAME": "Burlington", "SOURCENAME": null, "SOURCETYPE": "UNKNOWN", "SOURCEDATE": "UNKNOWN", "EDITMETHOD": "UNKNOWN", "EDITOR": "UNKNOWN", "EDITDATE": "UNKNOWN", "MATCHSTAT": "MATCH", "EDITNOTE": "UNKNOWN", "OWNER1": "63 SPRUCE STREET LLC", "OWNER2": "", "ADDRGL1": "328 SHORE ROAD", "ADDRGL2": "", "CITYGL": "BURLINGTON", "STGL": "VT", "ZIPGL": "05408", "DESCPROP": "REFUSED RENTAL DATA 1/3 BSMT DIRT FLR", "LOCAPROP": "N", "CAT": "Residential-1", "RESCODE": "T", "ACRESGL": 0.25, "REAL_FLV": 556100, "HSTED_FLV": 0, "NRES_FLV": 556100, "LAND_LV": 175400, "IMPRV_LV": 380700, "EQUIPVAL": 0, "EQUIPCODE": "", "INVENVAL": 0, "HSDECL": "N", "HSITEVAL": 556100, "VETEXAMT": 0, "EXPDESC": "", "ENDDATE": "", "STATUTE": "", "EXAMT_HS": 0, "EXAMT_NR": 0, "UVREDUC_HS": 0, "UVREDUC_NR": 0, "GLVAL_HS": 0.0, "GLVAL_NR": 5561.0, "CRHOUSPCT": 0.0, "MUNGL1PCT": 5561.0, "AOEGL_HS": 0.0, "AOEGL_NR": 5561.0, "E911ADDR": "63 SPRUCE ST", "SHAPE_Length": 0.0013711505559476714, "SHAPE_Area": 1.173029793072279e-07}, "geometry": {"type": "MultiPolygon", "coordinates": [[[[-73.20952777299993, 44.47008316400007], [-73.20988057899996, 44.47006058300008], [-73.20991523199996, 44.470392083000036], [-73.20956556899995, 44.470414926000046], [-73.20952777299993, 44.47008316400007]]]]}}, {"type": "Feature", "properties": {"OBJECTID": 277127, "SPAN": "114-035-17620", "GLIST_SPAN": "114-035-17620", "MAPID": "049-4-091-000", "PARCID": "049-4-091.000", "PROPTYPE": "PARCEL", "YEAR": 2018, "GLYEAR": 2022, "TOWN": "BURLINGTON", "TNAME": "Burlington", "SOURCENAME": null, "SOURCETYPE": "UNKNOWN", "SOURCEDATE": "UNKNOWN", "EDITMETHOD": "UNKNOWN", "EDITOR": "UNKNOWN", "EDITDATE": "UNKNOWN", "MATCHSTAT": "MATCH", "EDITNOTE": "UNKNOWN", "OWNER1": "KELLY THOMAS", "OWNER2": "WHITE MEREDITH", "ADDRGL1": "59 SPRUCE ST", "ADDRGL2": "", "CITYGL": "BURLINGTON", "STGL": "VT", "ZIPGL": "05401", "DESCPROP": "", "LOCAPROP": "N", "CAT": "Residential-1", "RESCODE": "T", "ACRESGL": 0.18, "REAL_FLV": 672500, "HSTED_FLV": 672500, "NRES_FLV": 0, "LAND_LV": 161900, "IMPRV_LV": 510600, "EQUIPVAL": 0, "EQUIPCODE": "", "INVENVAL": 0, "HSDECL": "Y", "HSITEVAL": 672500, "VETEXAMT": 0, "EXPDESC": "", "ENDDATE": "", "STATUTE": "", "EXAMT_HS": 0, "EXAMT_NR": 0, "UVREDUC_HS": 0, "UVREDUC_NR": 0, "GLVAL_HS": 6725.0, "GLVAL_NR": 0.0, "CRHOUSPCT": 0.0, "MUNGL1PCT": 6725.0, "AOEGL_HS": 6725.0, "AOEGL_NR": 0.0, "E911ADDR": "59 SPRUCE ST", "SHAPE_Length": 0.0011735361537288174, "SHAPE_Area": 8.440154284031936e-08}, "geometry": {"type": "MultiPolygon", "coordinates": [[[[-73.20988057899996, 44.47006058300008], [-73.21013291199995, 44.47004368700004], [-73.21016835499995, 44.47037546300004], [-73.20991523199996, 44.470392083000036], [-73.20988057899996, 44.47006058300008]]]]}}, {"type": "Feature", "properties": {"OBJECTID": 277128, "SPAN": "114-035-17621", "GLIST_SPAN": "114-035-17621", "MAPID": "049-4-092-000", "PARCID": "049-4-092.000", "PROPTYPE": "PARCEL", "YEAR": 2018, "GLYEAR": 2022, "TOWN": "BURLINGTON", "TNAME": "Burlington", "SOURCENAME": null, "SOURCETYPE": "UNKNOWN", "SOURCEDATE": "UNKNOWN", "EDITMETHOD": "UNKNOWN", "EDITOR": "UNKNOWN", "EDITDATE": "UNKNOWN", "MATCHSTAT": "MATCH", "EDITNOTE": "UNKNOWN", "OWNER1": "PEARSALL MILLER B.", "OWNER2": "EVERETT MATTHEW W.", "ADDRGL1": "55 SPRUCE ST", "ADDRGL2": "", "CITYGL": "BURLINGTON", "STGL": "VT", "ZIPGL": "05401", "DESCPROP": "SINGLE FAM HOUSE", "LOCAPROP": "", "CAT": "Residential-1", "RESCODE": "T", "ACRESGL": 0.16, "REAL_FLV": 607700, "HSTED_FLV": 0, "NRES_FLV": 607700, "LAND_LV": 159000, "IMPRV_LV": 448700, "EQUIPVAL": 0, "EQUIPCODE": "", "INVENVAL": 0, "HSDECL": "N", "HSITEVAL": 607700, "VETEXAMT": 0, "EXPDESC": "", "ENDDATE": "", "STATUTE": "", "EXAMT_HS": 0, "EXAMT_NR": 0, "UVREDUC_HS": 0, "UVREDUC_NR": 0, "GLVAL_HS": 0.0, "GLVAL_NR": 6077.0, "CRHOUSPCT": 0.0, "MUNGL1PCT": 6077.0, "AOEGL_HS": 0.0, "AOEGL_NR": 6077.0, "E911ADDR": "55 SPRUCE ST", "SHAPE_Length": 0.00113394326136288, "SHAPE_Area": 7.454935227015889e-08}, "geometry": {"type": "MultiPolygon", "coordinates": [[[[-73.21013070099997, 44.47002331200008], [-73.21031759599998, 44.470018915000026], [-73.21040813299999, 44.47035962900003], [-73.21016835499995, 44.47037546300004], [-73.21013291199995, 44.47004368700004], [-73.21013070099997, 44.47002331200008]]]]}}, {"type": "Feature", "properties": {"OBJECTID": 277129, "SPAN": "114-035-17622", "GLIST_SPAN": "114-035-17622", "MAPID": "049-4-093-000", "PARCID": "049-4-093.000", "PROPTYPE": "PARCEL", "YEAR": 2018, "GLYEAR": 2022, "TOWN": "BURLINGTON", "TNAME": "Burlington", "SOURCENAME": null, "SOURCETYPE": "UNKNOWN", "SOURCEDATE": "UNKNOWN", "EDITMETHOD": "UNKNOWN", "EDITOR": "UNKNOWN", "EDITDATE": "UNKNOWN", "MATCHSTAT": "MATCH", "EDITNOTE": "UNKNOWN", "OWNER1": "ARROWAY INC", "OWNER2": "", "ADDRGL1": "HOWARD CTR HUMAN SRVCS", "ADDRGL2": "208 FLYNN AVENUE 3J", "CITYGL": "BURLINGTON", "STGL": "VT", "ZIPGL": "05401", "DESCPROP": "SUBSIDARY OF HOWARD MENTAL HEALTH", "LOCAPROP": "N", "CAT": "Residential-1", "RESCODE": "C", "ACRESGL": 0.2, "REAL_FLV": 546100, "HSTED_FLV": 0, "NRES_FLV": 546100, "LAND_LV": 260700, "IMPRV_LV": 285400, "EQUIPVAL": 0, "EQUIPCODE": "", "INVENVAL": 0, "HSDECL": "N", "HSITEVAL": 0, "VETEXAMT": 0, "EXPDESC": "Statutory", "ENDDATE": "", "STATUTE": "", "EXAMT_HS": 0, "EXAMT_NR": 0, "UVREDUC_HS": 0, "UVREDUC_NR": 0, "GLVAL_HS": 0.0, "GLVAL_NR": 0.0, "CRHOUSPCT": 0.0, "MUNGL1PCT": 0.0, "AOEGL_HS": 0.0, "AOEGL_NR": 0.0, "E911ADDR": "41 SPRUCE ST", "SHAPE_Length": 0.0012683981992664556, "SHAPE_Area": 9.633312907550704e-08}, "geometry": {"type": "MultiPolygon", "coordinates": [[[[-73.21064206699998, 44.46995924300006], [-73.21089526099996, 44.46994866800003], [-73.21093242499995, 44.47032486900008], [-73.21068048499995, 44.47034176400007], [-73.21064206699998, 44.46995924300006]]]]}}, {"type": "Feature", "properties": {"OBJECTID": 277130, "SPAN": "114-035-17623", "GLIST_SPAN": "114-035-17623", "MAPID": "049-4-094-000", "PARCID": "049-4-094.000", "PROPTYPE": "PARCEL", "YEAR": 2018, "GLYEAR": 2022, "TOWN": "BURLINGTON", "TNAME": "Burlington", "SOURCENAME": null, "SOURCETYPE": "UNKNOWN", "SOURCEDATE": "UNKNOWN", "EDITMETHOD": "UNKNOWN", "EDITOR": "UNKNOWN", "EDITDATE": "UNKNOWN", "MATCHSTAT": "MATCH", "EDITNOTE": "UNKNOWN", "OWNER1": "ADAMOWICZ ALEKSANDER", "OWNER2": "ADAMOWICZ RENATE", "ADDRGL1": "35 SPRUCE STREET", "ADDRGL2": "", "CITYGL": "BURLINGTON", "STGL": "VT", "ZIPGL": "05401", "DESCPROP": "", "LOCAPROP": "N", "CAT": "Residential-1", "RESCODE": "T", "ACRESGL": 0.19, "REAL_FLV": 414700, "HSTED_FLV": 414700, "NRES_FLV": 0, "LAND_LV": 164200, "IMPRV_LV": 250500, "EQUIPVAL": 0, "EQUIPCODE": "", "INVENVAL": 0, "HSDECL": "Y", "HSITEVAL": 414700, "VETEXAMT": 0, "EXPDESC": "", "ENDDATE": "", "STATUTE": "", "EXAMT_HS": 0, "EXAMT_NR": 0, "UVREDUC_HS": 0, "UVREDUC_NR": 0, "GLVAL_HS": 4147.0, "GLVAL_NR": 0.0, "CRHOUSPCT": 0.0, "MUNGL1PCT": 4147.0, "AOEGL_HS": 4147.0, "AOEGL_NR": 0.0, "E911ADDR": "35 SPRUCE ST", "SHAPE_Length": 0.001225202713052268, "SHAPE_Area": 9.046875834789174e-08}, "geometry": {"type": "MultiPolygon", "coordinates": [[[[-73.21093242499995, 44.47032486900008], [-73.21089526099996, 44.46994866800003], [-73.21115561399995, 44.46997784300004], [-73.21115653299995, 44.46998880600006], [-73.21118593199998, 44.47030754100007], [-73.21093242499995, 44.47032486900008]]]]}}, {"type": "Feature", "properties": {"OBJECTID": 277131, "SPAN": "114-035-17624", "GLIST_SPAN": "114-035-17624", "MAPID": "049-4-095-000", "PARCID": "049-4-095.000", "PROPTYPE": "PARCEL", "YEAR": 2018, "GLYEAR": 2022, "TOWN": "BURLINGTON", "TNAME": "Burlington", "SOURCENAME": null, "SOURCETYPE": "UNKNOWN", "SOURCEDATE": "UNKNOWN", "EDITMETHOD": "UNKNOWN", "EDITOR": "UNKNOWN", "EDITDATE": "UNKNOWN", "MATCHSTAT": "MATCH", "EDITNOTE": "UNKNOWN", "OWNER1": "TEDESCO JOHN", "OWNER2": "GOLDSTEIN ROBERTA", "ADDRGL1": "29 SPRUCE ST", "ADDRGL2": "", "CITYGL": "BURLINGTON", "STGL": "VT", "ZIPGL": "05401", "DESCPROP": "", "LOCAPROP": "N", "CAT": "Residential-1", "RESCODE": "T", "ACRESGL": 0.11, "REAL_FLV": 343700, "HSTED_FLV": 343700, "NRES_FLV": 0, "LAND_LV": 147700, "IMPRV_LV": 196000, "EQUIPVAL": 0, "EQUIPCODE": "", "INVENVAL": 0, "HSDECL": "Y", "HSITEVAL": 343700, "VETEXAMT": 0, "EXPDESC": "", "ENDDATE": "", "STATUTE": "", "EXAMT_HS": 0, "EXAMT_NR": 0, "UVREDUC_HS": 0, "UVREDUC_NR": 0, "GLVAL_HS": 3437.0, "GLVAL_NR": 0.0, "CRHOUSPCT": 0.0, "MUNGL1PCT": 3437.0, "AOEGL_HS": 3437.0, "AOEGL_NR": 0.0, "E911ADDR": "29 SPRUCE ST", "SHAPE_Length": 0.0009343172764558184, "SHAPE_Area": 4.7019328561975766e-08}, "geometry": {"type": "MultiPolygon", "coordinates": [[[[-73.21115653299995, 44.46998880600006], [-73.21130055199995, 44.46997905000006], [-73.21133505599994, 44.47029761300007], [-73.21118593199998, 44.47030754100007], [-73.21115653299995, 44.46998880600006]]]]}}, {"type": "Feature", "properties": {"OBJECTID": 277152, "SPAN": "114-035-17645", "GLIST_SPAN": "114-035-17645", "MAPID": "049-4-116-000", "PARCID": "049-4-116.000", "PROPTYPE": "PARCEL", "YEAR": 2018, "GLYEAR": 2022, "TOWN": "BURLINGTON", "TNAME": "Burlington", "SOURCENAME": null, "SOURCETYPE": "UNKNOWN", "SOURCEDATE": "UNKNOWN", "EDITMETHOD": "UNKNOWN", "EDITOR": "UNKNOWN", "EDITDATE": "UNKNOWN", "MATCHSTAT": "MATCH", "EDITNOTE": "UNKNOWN", "OWNER1": "99 ADAMS STREET LLC", "OWNER2": "", "ADDRGL1": "22 DISCOVER STREET", "ADDRGL2": "", "CITYGL": "ESSEX JUNCTION", "STGL": "VT", "ZIPGL": "05452", "DESCPROP": "5 APTS", "LOCAPROP": "N", "CAT": "Commercial Apt", "RESCODE": "C", "ACRESGL": 0.3, "REAL_FLV": 828700, "HSTED_FLV": 0, "NRES_FLV": 828700, "LAND_LV": 388000, "IMPRV_LV": 440700, "EQUIPVAL": 0, "EQUIPCODE": "", "INVENVAL": 0, "HSDECL": "N", "HSITEVAL": 0, "VETEXAMT": 0, "EXPDESC": "", "ENDDATE": "", "STATUTE": "", "EXAMT_HS": 0, "EXAMT_NR": 0, "UVREDUC_HS": 0, "UVREDUC_NR": 0, "GLVAL_HS": 0.0, "GLVAL_NR": 8287.0, "CRHOUSPCT": 0.0, "MUNGL1PCT": 8287.0, "AOEGL_HS": 0.0, "AOEGL_NR": 8287.0, "E911ADDR": "99 ADAMS ST", "SHAPE_Length": 0.001671911333026456, "SHAPE_Area": 1.3699816243564702e-07}, "geometry": {"type": "MultiPolygon", "coordinates": [[[[-73.20937581799996, 44.47157788000004], [-73.20960627599999, 44.47157026200006], [-73.20962525999994, 44.47216453100003], [-73.20939322199996, 44.472171597000056], [-73.20938015799999, 44.47196848700003], [-73.20940018099998, 44.47196794100006], [-73.20938132799995, 44.47177330400007], [-73.20937581799996, 44.47157788000004]]]]}}, {"type": "Feature", "properties": {"OBJECTID": 277153, "SPAN": "114-035-17646", "GLIST_SPAN": "114-035-17646", "MAPID": "049-4-117-000", "PARCID": "049-4-117.000", "PROPTYPE": "PARCEL", "YEAR": 2018, "GLYEAR": 2022, "TOWN": "BURLINGTON", "TNAME": "Burlington", "SOURCENAME": null, "SOURCETYPE": "UNKNOWN", "SOURCEDATE": "UNKNOWN", "EDITMETHOD": "UNKNOWN", "EDITOR": "UNKNOWN", "EDITDATE": "UNKNOWN", "MATCHSTAT": "MATCH", "EDITNOTE": "UNKNOWN", "OWNER1": "VERVILLE MARGUERITE M.", "OWNER2": "VERVILLE RAYMOND A.", "ADDRGL1": "93 ADAMS ST", "ADDRGL2": "", "CITYGL": "BURLINGTON", "STGL": "VT", "ZIPGL": "05401", "DESCPROP": "4-FAMILY HOUSE", "LOCAPROP": "", "CAT": "Residential-1", "RESCODE": "T", "ACRESGL": 0.4, "REAL_FLV": 1143300, "HSTED_FLV": 761300, "NRES_FLV": 382000, "LAND_LV": 379300, "IMPRV_LV": 764000, "EQUIPVAL": 0, "EQUIPCODE": "", "INVENVAL": 0, "HSDECL": "Y", "HSITEVAL": 761300, "VETEXAMT": 0, "EXPDESC": "", "ENDDATE": "", "STATUTE": "", "EXAMT_HS": 0, "EXAMT_NR": 0, "UVREDUC_HS": 0, "UVREDUC_NR": 0, "GLVAL_HS": 7613.0, "GLVAL_NR": 3820.0, "CRHOUSPCT": 0.0, "MUNGL1PCT": 11433.0, "AOEGL_HS": 7613.0, "AOEGL_NR": 3820.0, "E911ADDR": "93 ADAMS ST", "SHAPE_Length": 0.0018053884603323356, "SHAPE_Area": 1.832537440409277e-07}, "geometry": {"type": "MultiPolygon", "coordinates": [[[[-73.20964474799996, 44.47156875700006], [-73.20991132499995, 44.47156006900008], [-73.20991627599994, 44.47167689100007], [-73.20991734299997, 44.471700086000055], [-73.20992014499996, 44.47176925200006], [-73.20993581199997, 44.47215444500006], [-73.20962525999994, 44.47216453100003], [-73.20960627599999, 44.47157026200006], [-73.20964474799996, 44.47156875700006]]]]}}, {"type": "Feature", "properties": {"OBJECTID": 277154, "SPAN": "114-035-17647", "GLIST_SPAN": "114-035-17647", "MAPID": "049-4-118-000", "PARCID": "049-4-118.000", "PROPTYPE": "PARCEL", "YEAR": 2018, "GLYEAR": 2022, "TOWN": "BURLINGTON", "TNAME": "Burlington", "SOURCENAME": null, "SOURCETYPE": "UNKNOWN", "SOURCEDATE": "UNKNOWN", "EDITMETHOD": "UNKNOWN", "EDITOR": "UNKNOWN", "EDITDATE": "UNKNOWN", "MATCHSTAT": "MATCH", "EDITNOTE": "UNKNOWN", "OWNER1": "81-83 ADAMS STREET LLC", "OWNER2": "", "ADDRGL1": "754 ETHAN ALLEN HWY", "ADDRGL2": "", "CITYGL": "CHARLOTTE", "STGL": "VT", "ZIPGL": "05445", "DESCPROP": "2005 - NEW KITCHENS ALL THREE APTS", "LOCAPROP": "N", "CAT": "Residential-1", "RESCODE": "C", "ACRESGL": 0.21, "REAL_FLV": 975300, "HSTED_FLV": 0, "NRES_FLV": 975300, "LAND_LV": 228700, "IMPRV_LV": 746600, "EQUIPVAL": 0, "EQUIPCODE": "", "INVENVAL": 0, "HSDECL": "N", "HSITEVAL": 975300, "VETEXAMT": 0, "EXPDESC": "", "ENDDATE": "", "STATUTE": "", "EXAMT_HS": 0, "EXAMT_NR": 0, "UVREDUC_HS": 0, "UVREDUC_NR": 0, "GLVAL_HS": 0.0, "GLVAL_NR": 9753.0, "CRHOUSPCT": 0.0, "MUNGL1PCT": 9753.0, "AOEGL_HS": 0.0, "AOEGL_NR": 9753.0, "E911ADDR": "81 ADAMS ST", "SHAPE_Length": 0.0012717473331792623, "SHAPE_Area": 9.637364602317331e-08}, "geometry": {"type": "MultiPolygon", "coordinates": [[[[-73.20992014499996, 44.47176925200006], [-73.21016982099997, 44.47175940400007], [-73.21017089199995, 44.47178302100008], [-73.21017681099994, 44.471947225000065], [-73.21018433899997, 44.47214685400007], [-73.20993581199997, 44.47215444500006], [-73.20992014499996, 44.47176925200006]]]]}}, {"type": "Feature", "properties": {"OBJECTID": 277155, "SPAN": "114-035-17648", "GLIST_SPAN": "114-035-17648", "MAPID": "049-4-119-000", "PARCID": "049-4-119.000", "PROPTYPE": "PARCEL", "YEAR": 2018, "GLYEAR": 2022, "TOWN": "BURLINGTON", "TNAME": "Burlington", "SOURCENAME": null, "SOURCETYPE": "UNKNOWN", "SOURCEDATE": "UNKNOWN", "EDITMETHOD": "UNKNOWN", "EDITOR": "UNKNOWN", "EDITDATE": "UNKNOWN", "MATCHSTAT": "MATCH", "EDITNOTE": "UNKNOWN", "OWNER1": "HUDSON PETER", "OWNER2": "HUDSON CATHI CODY", "ADDRGL1": "59 ADAMS STREET", "ADDRGL2": "", "CITYGL": "BURLINGTON", "STGL": "VT", "ZIPGL": "05401", "DESCPROP": "", "LOCAPROP": "N", "CAT": "Residential-1", "RESCODE": "T", "ACRESGL": 0.12, "REAL_FLV": 624900, "HSTED_FLV": 624900, "NRES_FLV": 0, "LAND_LV": 149000, "IMPRV_LV": 475900, "EQUIPVAL": 0, "EQUIPCODE": "", "INVENVAL": 0, "HSDECL": "Y", "HSITEVAL": 624900, "VETEXAMT": 0, "EXPDESC": "", "ENDDATE": "", "STATUTE": "", "EXAMT_HS": 0, "EXAMT_NR": 0, "UVREDUC_HS": 0, "UVREDUC_NR": 0, "GLVAL_HS": 6249.0, "GLVAL_NR": 0.0, "CRHOUSPCT": 0.0, "MUNGL1PCT": 6249.0, "AOEGL_HS": 6249.0, "AOEGL_NR": 0.0, "E911ADDR": "59 ADAMS ST", "SHAPE_Length": 0.0009502630160237169, "SHAPE_Area": 5.4673627807073116e-08}, "geometry": {"type": "MultiPolygon", "coordinates": [[[[-73.21111027099994, 44.47180684600005], [-73.21130088199999, 44.47178456700004], [-73.21132743599998, 44.47206296300004], [-73.21112857199995, 44.47208487200004], [-73.21111027099994, 44.47180684600005]]]]}}, {"type": "Feature", "properties": {"OBJECTID": 277166, "SPAN": "114-035-17659", "GLIST_SPAN": "114-035-17659", "MAPID": "049-4-130-000", "PARCID": "049-4-130.000", "PROPTYPE": "PARCEL", "YEAR": 2018, "GLYEAR": 2022, "TOWN": "BURLINGTON", "TNAME": "Burlington", "SOURCENAME": null, "SOURCETYPE": "UNKNOWN", "SOURCEDATE": "UNKNOWN", "EDITMETHOD": "UNKNOWN", "EDITOR": "UNKNOWN", "EDITDATE": "UNKNOWN", "MATCHSTAT": "MATCH", "EDITNOTE": "UNKNOWN", "OWNER1": "280 S. WINOOSKI AVENUE TRUST", "OWNER2": "", "ADDRGL1": "280 SOUTH WINOOSKI AVENUE", "ADDRGL2": "", "CITYGL": "BURLINGTON", "STGL": "VT", "ZIPGL": "05401", "DESCPROP": "1-FAMILY HOUSE", "LOCAPROP": "", "CAT": "Residential-1", "RESCODE": "NS", "ACRESGL": 0.12, "REAL_FLV": 403600, "HSTED_FLV": 0, "NRES_FLV": 403600, "LAND_LV": 149900, "IMPRV_LV": 253700, "EQUIPVAL": 0, "EQUIPCODE": "", "INVENVAL": 0, "HSDECL": "N", "HSITEVAL": 403600, "VETEXAMT": 0, "EXPDESC": "", "ENDDATE": "", "STATUTE": "", "EXAMT_HS": 0, "EXAMT_NR": 0, "UVREDUC_HS": 0, "UVREDUC_NR": 0, "GLVAL_HS": 0.0, "GLVAL_NR": 4036.0, "CRHOUSPCT": 0.0, "MUNGL1PCT": 4036.0, "AOEGL_HS": 0.0, "AOEGL_NR": 4036.0, "E911ADDR": "280 SOUTH WINOOSKI AV", "SHAPE_Length": 0.001001233982664673, "SHAPE_Area": 5.5089908157147623e-08}, "geometry": {"type": "MultiPolygon", "coordinates": [[[[-73.21017089199995, 44.47178302100008], [-73.21050619699997, 44.471773764000034], [-73.21051562799994, 44.471935977000044], [-73.21017681099994, 44.471947225000065], [-73.21017089199995, 44.47178302100008]]]]}}, {"type": "Feature", "properties": {"OBJECTID": 277167, "SPAN": "114-035-17660", "GLIST_SPAN": "114-035-17660", "MAPID": "049-4-131-000", "PARCID": "049-4-131.000", "PROPTYPE": "PARCEL", "YEAR": 2018, "GLYEAR": 2022, "TOWN": "BURLINGTON", "TNAME": "Burlington", "SOURCENAME": null, "SOURCETYPE": "UNKNOWN", "SOURCEDATE": "UNKNOWN", "EDITMETHOD": "UNKNOWN", "EDITOR": "UNKNOWN", "EDITDATE": "UNKNOWN", "MATCHSTAT": "MATCH", "EDITNOTE": "UNKNOWN", "OWNER1": "WADHAMS KAREN", "OWNER2": "", "ADDRGL1": "286 SOUTH WINOOSKI AVENUE", "ADDRGL2": "", "CITYGL": "BURLINGTON", "STGL": "VT", "ZIPGL": "05401", "DESCPROP": "LAND SIZE FROM GIS 2/9/94", "LOCAPROP": "N", "CAT": "Residential-1", "RESCODE": "T", "ACRESGL": 0.14, "REAL_FLV": 496500, "HSTED_FLV": 324600, "NRES_FLV": 171900, "LAND_LV": 152700, "IMPRV_LV": 343800, "EQUIPVAL": 0, "EQUIPCODE": "", "INVENVAL": 0, "HSDECL": "Y", "HSITEVAL": 324600, "VETEXAMT": 0, "EXPDESC": "", "ENDDATE": "", "STATUTE": "", "EXAMT_HS": 0, "EXAMT_NR": 0, "UVREDUC_HS": 0, "UVREDUC_NR": 0, "GLVAL_HS": 3246.0, "GLVAL_NR": 1719.0, "CRHOUSPCT": 0.0, "MUNGL1PCT": 4965.0, "AOEGL_HS": 3246.0, "AOEGL_NR": 1719.0, "E911ADDR": "286 SOUTH WINOOSKI AV", "SHAPE_Length": 0.0014041919687462108, "SHAPE_Area": 6.23893592724413e-08}, "geometry": {"type": "MultiPolygon", "coordinates": [[[[-73.21017089199995, 44.47178302100008], [-73.21016982099997, 44.47175940400007], [-73.20992014499996, 44.47176925200006], [-73.20991734299997, 44.471700086000055], [-73.20991627599994, 44.47167689100007], [-73.21049925199998, 44.47165456400006], [-73.21050619699997, 44.471773764000034], [-73.21017089199995, 44.47178302100008]]]]}}, {"type": "Feature", "properties": {"OBJECTID": 277168, "SPAN": "114-035-17661", "GLIST_SPAN": "114-035-17661", "MAPID": "049-4-132-000", "PARCID": "049-4-132.000", "PROPTYPE": "PARCEL", "YEAR": 2018, "GLYEAR": 2022, "TOWN": "BURLINGTON", "TNAME": "Burlington", "SOURCENAME": null, "SOURCETYPE": "UNKNOWN", "SOURCEDATE": "UNKNOWN", "EDITMETHOD": "UNKNOWN", "EDITOR": "UNKNOWN", "EDITDATE": "UNKNOWN", "MATCHSTAT": "MATCH", "EDITNOTE": "UNKNOWN", "OWNER1": "HOFFNUNG MICHAEL", "OWNER2": "MARGOLIES RACHEL", "ADDRGL1": "292 SOUTH WINOOSKI AVENUE", "ADDRGL2": "", "CITYGL": "BURLINGTON", "STGL": "VT", "ZIPGL": "05401", "DESCPROP": "", "LOCAPROP": "N", "CAT": "Residential-1", "RESCODE": "T", "ACRESGL": 0.15, "REAL_FLV": 587200, "HSTED_FLV": 587200, "NRES_FLV": 0, "LAND_LV": 154800, "IMPRV_LV": 432400, "EQUIPVAL": 0, "EQUIPCODE": "", "INVENVAL": 0, "HSDECL": "Y", "HSITEVAL": 587200, "VETEXAMT": 0, "EXPDESC": "", "ENDDATE": "", "STATUTE": "", "EXAMT_HS": 0, "EXAMT_NR": 0, "UVREDUC_HS": 0, "UVREDUC_NR": 0, "GLVAL_HS": 5872.0, "GLVAL_NR": 0.0, "CRHOUSPCT": 0.0, "MUNGL1PCT": 5872.0, "AOEGL_HS": 5872.0, "AOEGL_NR": 0.0, "E911ADDR": "292 SOUTH WINOOSKI AV", "SHAPE_Length": 0.0013961362744815372, "SHAPE_Area": 6.72492878273568e-08}, "geometry": {"type": "MultiPolygon", "coordinates": [[[[-73.21026191799996, 44.47154846900003], [-73.21049276499997, 44.47154070500005], [-73.21049925199998, 44.47165456400006], [-73.20991627599994, 44.47167689100007], [-73.20991132499995, 44.47156006900008], [-73.21026191799996, 44.47154846900003]]]]}}, {"type": "Feature", "properties": {"OBJECTID": 277169, "SPAN": "114-035-17672", "GLIST_SPAN": "114-035-17672", "MAPID": "049-4-134-001", "PARCID": "049-4-134.001", "PROPTYPE": "PARCEL", "YEAR": 2018, "GLYEAR": 2022, "TOWN": "BURLINGTON", "TNAME": "Burlington", "SOURCENAME": null, "SOURCETYPE": "UNKNOWN", "SOURCEDATE": "UNKNOWN", "EDITMETHOD": "UNKNOWN", "EDITOR": "UNKNOWN", "EDITDATE": "UNKNOWN", "MATCHSTAT": "MATCH", "EDITNOTE": "UNKNOWN", "OWNER1": "WURTH MICHAEL D", "OWNER2": "GREGORY AMY C", "ADDRGL1": "204 PINE HAVEN SHORES LANE", "ADDRGL2": "", "CITYGL": "SHELBURNE", "STGL": "VT", "ZIPGL": "05482", "DESCPROP": "BUILDING 304 ADDED BACK ADDN", "LOCAPROP": "N", "CAT": "Residential-1", "RESCODE": "S", "ACRESGL": 0.0, "REAL_FLV": 230000, "HSTED_FLV": 0, "NRES_FLV": 230000, "LAND_LV": 0, "IMPRV_LV": 230000, "EQUIPVAL": 0, "EQUIPCODE": "", "INVENVAL": 0, "HSDECL": "N", "HSITEVAL": 230000, "VETEXAMT": 0, "EXPDESC": "", "ENDDATE": "", "STATUTE": "", "EXAMT_HS": 0, "EXAMT_NR": 0, "UVREDUC_HS": 0, "UVREDUC_NR": 0, "GLVAL_HS": 0.0, "GLVAL_NR": 2300.0, "CRHOUSPCT": 0.0, "MUNGL1PCT": 2300.0, "AOEGL_HS": 0.0, "AOEGL_NR": 2300.0, "E911ADDR": "304 SOUTH WINOOSKI AV", "SHAPE_Length": 0.002298146642392878, "SHAPE_Area": 2.5609911222372557e-07}, "geometry": {"type": "MultiPolygon", "coordinates": [[[[-73.20963135399995, 44.47117651900004], [-73.20962413999996, 44.47097013900003], [-73.20987627899996, 44.47096941600006], [-73.21045911299996, 44.470935981000025], [-73.21047255399998, 44.47117854000004], [-73.21047620999997, 44.471244529000046], [-73.20963497799994, 44.47128111600006], [-73.20963135399995, 44.47117651900004]]]]}}, {"type": "Feature", "properties": {"OBJECTID": 277170, "SPAN": "114-035-17672", "GLIST_SPAN": "114-035-17673", "MAPID": "049-4-134-001", "PARCID": "049-4-134.002", "PROPTYPE": "PARCEL", "YEAR": 2018, "GLYEAR": 2022, "TOWN": "BURLINGTON", "TNAME": "Burlington", "SOURCENAME": null, "SOURCETYPE": "UNKNOWN", "SOURCEDATE": "UNKNOWN", "EDITMETHOD": "UNKNOWN", "EDITOR": "UNKNOWN", "EDITDATE": "UNKNOWN", "MATCHSTAT": "MATCH", "EDITNOTE": "UNKNOWN", "OWNER1": "MERCURY GLORIA", "OWNER2": "", "ADDRGL1": "163 FRANKLIN RD", "ADDRGL2": "", "CITYGL": "ROCHESTER", "STGL": "NY", "ZIPGL": "14617", "DESCPROP": "BLDNG 308 U#1 WESTWIND", "LOCAPROP": "N", "CAT": "Residential-1", "RESCODE": "T", "ACRESGL": 0.0, "REAL_FLV": 271900, "HSTED_FLV": 0, "NRES_FLV": 271900, "LAND_LV": 0, "IMPRV_LV": 271900, "EQUIPVAL": 0, "EQUIPCODE": "", "INVENVAL": 0, "HSDECL": "N", "HSITEVAL": 271900, "VETEXAMT": 0, "EXPDESC": "", "ENDDATE": "", "STATUTE": "", "EXAMT_HS": 0, "EXAMT_NR": 0, "UVREDUC_HS": 0, "UVREDUC_NR": 0, "GLVAL_HS": 0.0, "GLVAL_NR": 2719.0, "CRHOUSPCT": 0.0, "MUNGL1PCT": 2719.0, "AOEGL_HS": 0.0, "AOEGL_NR": 2719.0, "E911ADDR": "308 SOUTH WINOOSKI AV", "SHAPE_Length": 0.002298146642392878, "SHAPE_Area": 2.5609911222372557e-07}, "geometry": {"type": "MultiPolygon", "coordinates": [[[[-73.20963135399995, 44.47117651900004], [-73.20962413999996, 44.47097013900003], [-73.20987627899996, 44.47096941600006], [-73.21045911299996, 44.470935981000025], [-73.21047255399998, 44.47117854000004], [-73.21047620999997, 44.471244529000046], [-73.20963497799994, 44.47128111600006], [-73.20963135399995, 44.47117651900004]]]]}}, {"type": "Feature", "properties": {"OBJECTID": 277171, "SPAN": "114-035-17672", "GLIST_SPAN": "114-035-17674", "MAPID": "049-4-134-001", "PARCID": "049-4-134.003", "PROPTYPE": "PARCEL", "YEAR": 2018, "GLYEAR": 2022, "TOWN": "BURLINGTON", "TNAME": "Burlington", "SOURCENAME": null, "SOURCETYPE": "UNKNOWN", "SOURCEDATE": "UNKNOWN", "EDITMETHOD": "UNKNOWN", "EDITOR": "UNKNOWN", "EDITDATE": "UNKNOWN", "MATCHSTAT": "MATCH", "EDITNOTE": "UNKNOWN", "OWNER1": "DUPUY TAYLOR", "OWNER2": "VINCENT CHRISTELLE", "ADDRGL1": "308 SOUTH WINOOSKI AVE SUITE 2", "ADDRGL2": "", "CITYGL": "BURLINGTON", "STGL": "VT", "ZIPGL": "05401", "DESCPROP": "CONDO_1 UNIT    BUILDING 308 UNIT 2", "LOCAPROP": "", "CAT": "Residential-1", "RESCODE": "T", "ACRESGL": 0.0, "REAL_FLV": 267800, "HSTED_FLV": 267800, "NRES_FLV": 0, "LAND_LV": 0, "IMPRV_LV": 267800, "EQUIPVAL": 0, "EQUIPCODE": "", "INVENVAL": 0, "HSDECL": "Y", "HSITEVAL": 267800, "VETEXAMT": 0, "EXPDESC": "", "ENDDATE": "", "STATUTE": "", "EXAMT_HS": 0, "EXAMT_NR": 0, "UVREDUC_HS": 0, "UVREDUC_NR": 0, "GLVAL_HS": 2678.0, "GLVAL_NR": 0.0, "CRHOUSPCT": 0.0, "MUNGL1PCT": 2678.0, "AOEGL_HS": 2678.0, "AOEGL_NR": 0.0, "E911ADDR": "308 SOUTH WINOOSKI AV", "SHAPE_Length": 0.002298146642392878, "SHAPE_Area": 2.5609911222372557e-07}, "geometry": {"type": "MultiPolygon", "coordinates": [[[[-73.20963135399995, 44.47117651900004], [-73.20962413999996, 44.47097013900003], [-73.20987627899996, 44.47096941600006], [-73.21045911299996, 44.470935981000025], [-73.21047255399998, 44.47117854000004], [-73.21047620999997, 44.471244529000046], [-73.20963497799994, 44.47128111600006], [-73.20963135399995, 44.47117651900004]]]]}}, {"type": "Feature", "properties": {"OBJECTID": 277172, "SPAN": "114-035-17672", "GLIST_SPAN": "114-035-17675", "MAPID": "049-4-134-001", "PARCID": "049-4-134.004", "PROPTYPE": "PARCEL", "YEAR": 2018, "GLYEAR": 2022, "TOWN": "BURLINGTON", "TNAME": "Burlington", "SOURCENAME": null, "SOURCETYPE": "UNKNOWN", "SOURCEDATE": "UNKNOWN", "EDITMETHOD": "UNKNOWN", "EDITOR": "UNKNOWN", "EDITDATE": "UNKNOWN", "MATCHSTAT": "MATCH", "EDITNOTE": "UNKNOWN", "OWNER1": "BUGBEE FRANCES M", "OWNER2": "", "ADDRGL1": "35 BARTLET ST UNIT  B", "ADDRGL2": "", "CITYGL": "CHARLESTOWN", "STGL": "MA", "ZIPGL": "02129", "DESCPROP": "BIULDING 308 UNIT 3    Unit #3 has one c", "LOCAPROP": "N", "CAT": "Residential-1", "RESCODE": "T", "ACRESGL": 0.0, "REAL_FLV": 248600, "HSTED_FLV": 0, "NRES_FLV": 248600, "LAND_LV": 0, "IMPRV_LV": 248600, "EQUIPVAL": 0, "EQUIPCODE": "", "INVENVAL": 0, "HSDECL": "N", "HSITEVAL": 248600, "VETEXAMT": 0, "EXPDESC": "", "ENDDATE": "", "STATUTE": "", "EXAMT_HS": 0, "EXAMT_NR": 0, "UVREDUC_HS": 0, "UVREDUC_NR": 0, "GLVAL_HS": 0.0, "GLVAL_NR": 2486.0, "CRHOUSPCT": 0.0, "MUNGL1PCT": 2486.0, "AOEGL_HS": 0.0, "AOEGL_NR": 2486.0, "E911ADDR": "308 SOUTH WINOOSKI AV", "SHAPE_Length": 0.002298146642392878, "SHAPE_Area": 2.5609911222372557e-07}, "geometry": {"type": "MultiPolygon", "coordinates": [[[[-73.20963135399995, 44.47117651900004], [-73.20962413999996, 44.47097013900003], [-73.20987627899996, 44.47096941600006], [-73.21045911299996, 44.470935981000025], [-73.21047255399998, 44.47117854000004], [-73.21047620999997, 44.471244529000046], [-73.20963497799994, 44.47128111600006], [-73.20963135399995, 44.47117651900004]]]]}}, {"type": "Feature", "properties": {"OBJECTID": 277173, "SPAN": "114-035-17672", "GLIST_SPAN": "114-035-17676", "MAPID": "049-4-134-001", "PARCID": "049-4-134.005", "PROPTYPE": "PARCEL", "YEAR": 2018, "GLYEAR": 2022, "TOWN": "BURLINGTON", "TNAME": "Burlington", "SOURCENAME": null, "SOURCETYPE": "UNKNOWN", "SOURCEDATE": "UNKNOWN", "EDITMETHOD": "UNKNOWN", "EDITOR": "UNKNOWN", "EDITDATE": "UNKNOWN", "MATCHSTAT": "MATCH", "EDITNOTE": "UNKNOWN", "OWNER1": "MARINO JACQUELINE", "OWNER2": "", "ADDRGL1": "8 VALE DR", "ADDRGL2": "", "CITYGL": "ESSEX JCT", "STGL": "VT", "ZIPGL": "05452", "DESCPROP": "BLDNG 308 U#4 WESTWIND", "LOCAPROP": "N", "CAT": "Residential-1", "RESCODE": "S", "ACRESGL": 0.0, "REAL_FLV": 262900, "HSTED_FLV": 0, "NRES_FLV": 262900, "LAND_LV": 0, "IMPRV_LV": 262900, "EQUIPVAL": 0, "EQUIPCODE": "", "INVENVAL": 0, "HSDECL": "N", "HSITEVAL": 262900, "VETEXAMT": 0, "EXPDESC": "", "ENDDATE": "", "STATUTE": "", "EXAMT_HS": 0, "EXAMT_NR": 0, "UVREDUC_HS": 0, "UVREDUC_NR": 0, "GLVAL_HS": 0.0, "GLVAL_NR": 2629.0, "CRHOUSPCT": 0.0, "MUNGL1PCT": 2629.0, "AOEGL_HS": 0.0, "AOEGL_NR": 2629.0, "E911ADDR": "308 SOUTH WINOOSKI AV", "SHAPE_Length": 0.002298146642392878, "SHAPE_Area": 2.5609911222372557e-07}, "geometry": {"type": "MultiPolygon", "coordinates": [[[[-73.20963135399995, 44.47117651900004], [-73.20962413999996, 44.47097013900003], [-73.20987627899996, 44.47096941600006], [-73.21045911299996, 44.470935981000025], [-73.21047255399998, 44.47117854000004], [-73.21047620999997, 44.471244529000046], [-73.20963497799994, 44.47128111600006], [-73.20963135399995, 44.47117651900004]]]]}}, {"type": "Feature", "properties": {"OBJECTID": 277174, "SPAN": "114-035-17672", "GLIST_SPAN": "114-035-17677", "MAPID": "049-4-134-001", "PARCID": "049-4-134.006", "PROPTYPE": "PARCEL", "YEAR": 2018, "GLYEAR": 2022, "TOWN": "BURLINGTON", "TNAME": "Burlington", "SOURCENAME": null, "SOURCETYPE": "UNKNOWN", "SOURCEDATE": "UNKNOWN", "EDITMETHOD": "UNKNOWN", "EDITOR": "UNKNOWN", "EDITDATE": "UNKNOWN", "MATCHSTAT": "MATCH", "EDITNOTE": "UNKNOWN", "OWNER1": "SIPPLE PAUL", "OWNER2": "RAE JOAN", "ADDRGL1": "P.O. BOX 418", "ADDRGL2": "", "CITYGL": "WAITSFIELD", "STGL": "VT", "ZIPGL": "05673", "DESCPROP": "BUILDING 312", "LOCAPROP": "N", "CAT": "Residential-1", "RESCODE": "S", "ACRESGL": 0.0, "REAL_FLV": 253700, "HSTED_FLV": 0, "NRES_FLV": 253700, "LAND_LV": 0, "IMPRV_LV": 253700, "EQUIPVAL": 0, "EQUIPCODE": "", "INVENVAL": 0, "HSDECL": "N", "HSITEVAL": 253700, "VETEXAMT": 0, "EXPDESC": "", "ENDDATE": "", "STATUTE": "", "EXAMT_HS": 0, "EXAMT_NR": 0, "UVREDUC_HS": 0, "UVREDUC_NR": 0, "GLVAL_HS": 0.0, "GLVAL_NR": 2537.0, "CRHOUSPCT": 0.0, "MUNGL1PCT": 2537.0, "AOEGL_HS": 0.0, "AOEGL_NR": 2537.0, "E911ADDR": "312 SOUTH WINOOSKI AV", "SHAPE_Length": 0.002298146642392878, "SHAPE_Area": 2.5609911222372557e-07}, "geometry": {"type": "MultiPolygon", "coordinates": [[[[-73.20963135399995, 44.47117651900004], [-73.20962413999996, 44.47097013900003], [-73.20987627899996, 44.47096941600006], [-73.21045911299996, 44.470935981000025], [-73.21047255399998, 44.47117854000004], [-73.21047620999997, 44.471244529000046], [-73.20963497799994, 44.47128111600006], [-73.20963135399995, 44.47117651900004]]]]}}, {"type": "Feature", "properties": {"OBJECTID": 277175, "SPAN": "114-035-17678", "GLIST_SPAN": "114-035-17678", "MAPID": "049-4-135-000", "PARCID": "049-4-135.000", "PROPTYPE": "PARCEL", "YEAR": 2018, "GLYEAR": 2022, "TOWN": "BURLINGTON", "TNAME": "Burlington", "SOURCENAME": null, "SOURCETYPE": "UNKNOWN", "SOURCEDATE": "UNKNOWN", "EDITMETHOD": "UNKNOWN", "EDITOR": "UNKNOWN", "EDITDATE": "UNKNOWN", "MATCHSTAT": "MATCH", "EDITNOTE": "UNKNOWN", "OWNER1": "MARIANO ANGELO", "OWNER2": "NAVUCET MARIE M", "ADDRGL1": "316 SOUTH WINOOSKI AVENUE", "ADDRGL2": "", "CITYGL": "BURLINGTON", "STGL": "VT", "ZIPGL": "05401", "DESCPROP": "", "LOCAPROP": "N", "CAT": "Residential-1", "RESCODE": "T", "ACRESGL": 0.25, "REAL_FLV": 388900, "HSTED_FLV": 0, "NRES_FLV": 388900, "LAND_LV": 175200, "IMPRV_LV": 213700, "EQUIPVAL": 0, "EQUIPCODE": "", "INVENVAL": 0, "HSDECL": "N", "HSITEVAL": 388900, "VETEXAMT": 0, "EXPDESC": "", "ENDDATE": "", "STATUTE": "", "EXAMT_HS": 0, "EXAMT_NR": 0, "UVREDUC_HS": 0, "UVREDUC_NR": 0, "GLVAL_HS": 0.0, "GLVAL_NR": 3889.0, "CRHOUSPCT": 0.0, "MUNGL1PCT": 3889.0, "AOEGL_HS": 0.0, "AOEGL_NR": 3889.0, "E911ADDR": "316 SOUTH WINOOSKI AV", "SHAPE_Length": 0.001570626074998563, "SHAPE_Area": 1.1681808722100685e-07}, "geometry": {"type": "MultiPolygon", "coordinates": [[[[-73.21014191999996, 44.47075416800004], [-73.21044812099996, 44.47074213900004], [-73.21045911299996, 44.470935981000025], [-73.20987627899996, 44.47096941600006], [-73.20986045399997, 44.47076547900008], [-73.21005948199996, 44.470757492000075], [-73.21014191999996, 44.47075416800004]]]]}}, {"type": "Feature", "properties": {"OBJECTID": 277176, "SPAN": "114-035-17679", "GLIST_SPAN": "114-035-17679", "MAPID": "049-4-136-000", "PARCID": "049-4-136.000", "PROPTYPE": "PARCEL", "YEAR": 2018, "GLYEAR": 2022, "TOWN": "BURLINGTON", "TNAME": "Burlington", "SOURCENAME": null, "SOURCETYPE": "UNKNOWN", "SOURCEDATE": "UNKNOWN", "EDITMETHOD": "UNKNOWN", "EDITOR": "UNKNOWN", "EDITDATE": "UNKNOWN", "MATCHSTAT": "MATCH", "EDITNOTE": "UNKNOWN", "OWNER1": "WHITAKER CHRISTOPHER R", "OWNER2": "", "ADDRGL1": "12 FLORIDA AVENUE", "ADDRGL2": "", "CITYGL": "WINOOSKI", "STGL": "VT", "ZIPGL": "05404", "DESCPROP": "REPAIRING FDTN 7-84", "LOCAPROP": "", "CAT": "Residential-1", "RESCODE": "S", "ACRESGL": 0.07, "REAL_FLV": 479200, "HSTED_FLV": 0, "NRES_FLV": 479200, "LAND_LV": 160500, "IMPRV_LV": 318700, "EQUIPVAL": 0, "EQUIPCODE": "", "INVENVAL": 0, "HSDECL": "N", "HSITEVAL": 479200, "VETEXAMT": 0, "EXPDESC": "", "ENDDATE": "", "STATUTE": "", "EXAMT_HS": 0, "EXAMT_NR": 0, "UVREDUC_HS": 0, "UVREDUC_NR": 0, "GLVAL_HS": 0.0, "GLVAL_NR": 4792.0, "CRHOUSPCT": 0.0, "MUNGL1PCT": 4792.0, "AOEGL_HS": 0.0, "AOEGL_NR": 4792.0, "E911ADDR": "322 SOUTH WINOOSKI AV", "SHAPE_Length": 0.0008084896927107694, "SHAPE_Area": 2.993242788379121e-08}, "geometry": {"type": "MultiPolygon", "coordinates": [[[[-73.21017806599997, 44.47065804300007], [-73.21044256999994, 44.470640649000075], [-73.21044812099996, 44.47074213900004], [-73.21014191999996, 44.47075416800004], [-73.21013607799995, 44.47066111600003], [-73.21017806599997, 44.47065804300007]]]]}}, {"type": "Feature", "properties": {"OBJECTID": 277177, "SPAN": "114-035-17680", "GLIST_SPAN": "114-035-17680", "MAPID": "049-4-137-000", "PARCID": null, "PROPTYPE": "PARCEL", "YEAR": 2018, "GLYEAR": null, "TOWN": "BURLINGTON", "TNAME": null, "SOURCENAME": null, "SOURCETYPE": "UNKNOWN", "SOURCEDATE": "UNKNOWN", "EDITMETHOD": "UNKNOWN", "EDITOR": "UNKNOWN", "EDITDATE": "UNKNOWN", "MATCHSTAT": "MATCH", "EDITNOTE": "UNKNOWN", "OWNER1": null, "OWNER2": null, "ADDRGL1": null, "ADDRGL2": null, "CITYGL": null, "STGL": null, "ZIPGL": null, "DESCPROP": null, "LOCAPROP": null, "CAT": null, "RESCODE": null, "ACRESGL": null, "REAL_FLV": null, "HSTED_FLV": null, "NRES_FLV": null, "LAND_LV": null, "IMPRV_LV": null, "EQUIPVAL": null, "EQUIPCODE": null, "INVENVAL": null, "HSDECL": null, "HSITEVAL": null, "VETEXAMT": null, "EXPDESC": null, "ENDDATE": null, "STATUTE": null, "EXAMT_HS": null, "EXAMT_NR": null, "UVREDUC_HS": null, "UVREDUC_NR": null, "GLVAL_HS": null, "GLVAL_NR": null, "CRHOUSPCT": null, "MUNGL1PCT": null, "AOEGL_HS": null, "AOEGL_NR": null, "E911ADDR": null, "SHAPE_Length": 0.0015949279454224273, "SHAPE_Area": 2.7590781065181804e-08}, "geometry": {"type": "MultiPolygon", "coordinates": [[[[-73.20985585799997, 44.470029941000064], [-73.21013070099997, 44.47002331200008], [-73.21013291199995, 44.47004368700004], [-73.20988057899996, 44.47006058300008], [-73.20952777299993, 44.47008316400007], [-73.20937433699999, 44.470093821000034], [-73.20936899399999, 44.47004182500007], [-73.20985585799997, 44.470029941000064]]]]}}, {"type": "Feature", "properties": {"OBJECTID": 277178, "SPAN": "114-035-17681", "GLIST_SPAN": "114-035-17681", "MAPID": "049-4-138-000", "PARCID": "049-4-138.000", "PROPTYPE": "PARCEL", "YEAR": 2018, "GLYEAR": 2022, "TOWN": "BURLINGTON", "TNAME": "Burlington", "SOURCENAME": null, "SOURCETYPE": "UNKNOWN", "SOURCEDATE": "UNKNOWN", "EDITMETHOD": "UNKNOWN", "EDITOR": "UNKNOWN", "EDITDATE": "UNKNOWN", "MATCHSTAT": "MATCH", "EDITNOTE": "UNKNOWN", "OWNER1": "JOSEPHINE M CORCORAN REV TRUST", "OWNER2": "CORCORAN JOSEPHINE", "ADDRGL1": "348 SOUTH WINOOSKI AVENUE", "ADDRGL2": "", "CITYGL": "BURLINGTON", "STGL": "VT", "ZIPGL": "05401", "DESCPROP": "", "LOCAPROP": "", "CAT": "Residential-1", "RESCODE": "T", "ACRESGL": 0.28, "REAL_FLV": 477700, "HSTED_FLV": 394029, "NRES_FLV": 83671, "LAND_LV": 181100, "IMPRV_LV": 296600, "EQUIPVAL": 0, "EQUIPCODE": "", "INVENVAL": 0, "HSDECL": "Y", "HSITEVAL": 394029, "VETEXAMT": 0, "EXPDESC": "", "ENDDATE": "", "STATUTE": "", "EXAMT_HS": 0, "EXAMT_NR": 0, "UVREDUC_HS": 0, "UVREDUC_NR": 0, "GLVAL_HS": 3940.0, "GLVAL_NR": 836.71, "CRHOUSPCT": 0.0, "MUNGL1PCT": 4777.0, "AOEGL_HS": 3940.0, "AOEGL_NR": 836.71, "E911ADDR": "348 SOUTH WINOOSKI AV", "SHAPE_Length": 0.0021503161596833726, "SHAPE_Area": 1.276690394926312e-07}, "geometry": {"type": "MultiPolygon", "coordinates": [[[[-73.20982200999998, 44.469894457000066], [-73.21028177699998, 44.469882881000046], [-73.21031759599998, 44.470018915000026], [-73.21013070099997, 44.47002331200008], [-73.20985585799997, 44.470029941000064], [-73.20936899399999, 44.47004182500007], [-73.20936618799993, 44.47000472000008], [-73.20935746799995, 44.46990615100003], [-73.20982200999998, 44.469894457000066]]]]}}, {"type": "Feature", "properties": {"OBJECTID": 277179, "SPAN": "114-035-17682", "GLIST_SPAN": "114-035-17682", "MAPID": "049-4-139-000", "PARCID": "049-4-139.000", "PROPTYPE": "PARCEL", "YEAR": 2018, "GLYEAR": 2022, "TOWN": "BURLINGTON", "TNAME": "Burlington", "SOURCENAME": null, "SOURCETYPE": "UNKNOWN", "SOURCEDATE": "UNKNOWN", "EDITMETHOD": "UNKNOWN", "EDITOR": "UNKNOWN", "EDITDATE": "UNKNOWN", "MATCHSTAT": "MATCH", "EDITNOTE": "UNKNOWN", "OWNER1": "HAKKEN JOEL", "OWNER2": "HAKKEN WENDY", "ADDRGL1": "352 S WINOOSKI AVE", "ADDRGL2": "", "CITYGL": "BURLINGTON", "STGL": "VT", "ZIPGL": "05401", "DESCPROP": "", "LOCAPROP": "", "CAT": "Residential-1", "RESCODE": "T", "ACRESGL": 0.29, "REAL_FLV": 776500, "HSTED_FLV": 0, "NRES_FLV": 776500, "LAND_LV": 182500, "IMPRV_LV": 594000, "EQUIPVAL": 0, "EQUIPCODE": "", "INVENVAL": 0, "HSDECL": "N", "HSITEVAL": 776500, "VETEXAMT": 0, "EXPDESC": "", "ENDDATE": "", "STATUTE": "", "EXAMT_HS": 0, "EXAMT_NR": 0, "UVREDUC_HS": 0, "UVREDUC_NR": 0, "GLVAL_HS": 0.0, "GLVAL_NR": 7765.0, "CRHOUSPCT": 0.0, "MUNGL1PCT": 7765.0, "AOEGL_HS": 0.0, "AOEGL_NR": 7765.0, "E911ADDR": "352 SOUTH WINOOSKI AV", "SHAPE_Length": 0.002129294661407256, "SHAPE_Area": 1.3295791304987756e-07}, "geometry": {"type": "MultiPolygon", "coordinates": [[[[-73.20985285799998, 44.46974999300005], [-73.21023690399994, 44.46971273200006], [-73.21024636799996, 44.46974824900008], [-73.21028177699998, 44.469882881000046], [-73.20982200999998, 44.469894457000066], [-73.20935746799995, 44.46990615100003], [-73.20935026199999, 44.46982468900006], [-73.20934886499998, 44.46980669900006], [-73.20934569099995, 44.46977156400004], [-73.20975713499996, 44.469758883000054], [-73.20985285799998, 44.46974999300005]]]]}}, {"type": "Feature", "properties": {"OBJECTID": 277180, "SPAN": "114-035-17683", "GLIST_SPAN": "114-035-17683", "MAPID": "049-4-140-000", "PARCID": "049-4-140.000", "PROPTYPE": "PARCEL", "YEAR": 2018, "GLYEAR": 2022, "TOWN": "BURLINGTON", "TNAME": "Burlington", "SOURCENAME": null, "SOURCETYPE": "UNKNOWN", "SOURCEDATE": "UNKNOWN", "EDITMETHOD": "UNKNOWN", "EDITOR": "UNKNOWN", "EDITDATE": "UNKNOWN", "MATCHSTAT": "MATCH", "EDITNOTE": "UNKNOWN", "OWNER1": "POLSTON PAMELA", "OWNER2": "PAMELA POLSTON TRUST", "ADDRGL1": "356 SOUTH WINOOSKI AVE", "ADDRGL2": "", "CITYGL": "BURLINGTON", "STGL": "VT", "ZIPGL": "05401", "DESCPROP": "", "LOCAPROP": "N", "CAT": "Residential-1", "RESCODE": "T", "ACRESGL": 0.11, "REAL_FLV": 453900, "HSTED_FLV": 453900, "NRES_FLV": 0, "LAND_LV": 149100, "IMPRV_LV": 304800, "EQUIPVAL": 0, "EQUIPCODE": "", "INVENVAL": 0, "HSDECL": "Y", "HSITEVAL": 453900, "VETEXAMT": 0, "EXPDESC": "", "ENDDATE": "", "STATUTE": "", "EXAMT_HS": 0, "EXAMT_NR": 0, "UVREDUC_HS": 0, "UVREDUC_NR": 0, "GLVAL_HS": 4539.0, "GLVAL_NR": 0.0, "CRHOUSPCT": 0.0, "MUNGL1PCT": 4539.0, "AOEGL_HS": 4539.0, "AOEGL_NR": 0.0, "E911ADDR": "356 SOUTH WINOOSKI AV", "SHAPE_Length": 0.0011569886339383671, "SHAPE_Area": 5.085836416678504e-08}, "geometry": {"type": "MultiPolygon", "coordinates": [[[[-73.20975383699994, 44.46964880100006], [-73.21020893199994, 44.469608427000026], [-73.21023690399994, 44.46971273200006], [-73.20985285799998, 44.46974999300005], [-73.20975713499996, 44.469758883000054], [-73.20975383699994, 44.46964880100006]]]]}}, {"type": "Feature", "properties": {"OBJECTID": 277181, "SPAN": "114-035-17684", "GLIST_SPAN": "114-035-17684", "MAPID": "049-4-141-000", "PARCID": "049-4-141.000", "PROPTYPE": "PARCEL", "YEAR": 2018, "GLYEAR": 2022, "TOWN": "BURLINGTON", "TNAME": "Burlington", "SOURCENAME": null, "SOURCETYPE": "UNKNOWN", "SOURCEDATE": "UNKNOWN", "EDITMETHOD": "UNKNOWN", "EDITOR": "UNKNOWN", "EDITDATE": "UNKNOWN", "MATCHSTAT": "MATCH", "EDITNOTE": "UNKNOWN", "OWNER1": "ROGER'S NEST LLC", "OWNER2": "", "ADDRGL1": "PO BOX 4156", "ADDRGL2": "", "CITYGL": "BURLINGTON", "STGL": "VT", "ZIPGL": "05406", "DESCPROP": "11APT UNITS 2BUILDINGS", "LOCAPROP": "N", "CAT": "Commercial Apt", "RESCODE": "C", "ACRESGL": 0.42, "REAL_FLV": 1313000, "HSTED_FLV": 0, "NRES_FLV": 1313000, "LAND_LV": 245100, "IMPRV_LV": 1067900, "EQUIPVAL": 0, "EQUIPCODE": "", "INVENVAL": 0, "HSDECL": "N", "HSITEVAL": 0, "VETEXAMT": 0, "EXPDESC": "", "ENDDATE": "", "STATUTE": "", "EXAMT_HS": 0, "EXAMT_NR": 0, "UVREDUC_HS": 0, "UVREDUC_NR": 0, "GLVAL_HS": 0.0, "GLVAL_NR": 13130.0, "CRHOUSPCT": 0.0, "MUNGL1PCT": 13130.0, "AOEGL_HS": 0.0, "AOEGL_NR": 13130.0, "E911ADDR": "360 SOUTH WINOOSKI AV", "SHAPE_Length": 0.0022901335641714875, "SHAPE_Area": 2.014837852046558e-07}, "geometry": {"type": "MultiPolygon", "coordinates": [[[[-73.20931929799997, 44.46947319900005], [-73.21016734699998, 44.46945021100004], [-73.21020893199994, 44.469608427000026], [-73.20975383699994, 44.46964880100006], [-73.20975713499996, 44.469758883000054], [-73.20934569099995, 44.46977156400004], [-73.20933432799995, 44.46964409600008], [-73.20931929799997, 44.46947319900005]]]]}}, {"type": "Feature", "properties": {"OBJECTID": 277182, "SPAN": "114-035-17685", "GLIST_SPAN": "114-035-17685", "MAPID": "049-4-142-000", "PARCID": "049-4-142.000", "PROPTYPE": "PARCEL", "YEAR": 2018, "GLYEAR": 2022, "TOWN": "BURLINGTON", "TNAME": "Burlington", "SOURCENAME": null, "SOURCETYPE": "UNKNOWN", "SOURCEDATE": "UNKNOWN", "EDITMETHOD": "UNKNOWN", "EDITOR": "UNKNOWN", "EDITDATE": "UNKNOWN", "MATCHSTAT": "MATCH", "EDITNOTE": "UNKNOWN", "OWNER1": "BISHOP THOMAS W", "OWNER2": "BISHOP LAURIE A", "ADDRGL1": "366 SOUTH WINOOSKI AVENUE", "ADDRGL2": "", "CITYGL": "BURLINGTON", "STGL": "VT", "ZIPGL": "05401", "DESCPROP": "KIT", "LOCAPROP": "", "CAT": "Residential-1", "RESCODE": "T", "ACRESGL": 0.17, "REAL_FLV": 345900, "HSTED_FLV": 263488, "NRES_FLV": 82412, "LAND_LV": 158600, "IMPRV_LV": 187300, "EQUIPVAL": 0, "EQUIPCODE": "", "INVENVAL": 0, "HSDECL": "Y", "HSITEVAL": 263488, "VETEXAMT": 0, "EXPDESC": "", "ENDDATE": "", "STATUTE": "", "EXAMT_HS": 0, "EXAMT_NR": 0, "UVREDUC_HS": 0, "UVREDUC_NR": 0, "GLVAL_HS": 2635.0, "GLVAL_NR": 824.12, "CRHOUSPCT": 0.0, "MUNGL1PCT": 3459.0, "AOEGL_HS": 2635.0, "AOEGL_NR": 824.12, "E911ADDR": "366 SOUTH WINOOSKI AV", "SHAPE_Length": 0.0018586292375020756, "SHAPE_Area": 7.686427070861893e-08}, "geometry": {"type": "MultiPolygon", "coordinates": [[[[-73.20931517899999, 44.469424993000075], [-73.21013195399996, 44.46931684500004], [-73.21016734699998, 44.46945021100004], [-73.20931929799997, 44.46947319900005], [-73.20931882299993, 44.46946645200006], [-73.20931517899999, 44.469424993000075]]]]}}, {"type": "Feature", "properties": {"OBJECTID": 277183, "SPAN": "114-035-17686", "GLIST_SPAN": "114-035-17686", "MAPID": "049-4-143-000", "PARCID": "049-4-143.000", "PROPTYPE": "PARCEL", "YEAR": 2018, "GLYEAR": 2022, "TOWN": "BURLINGTON", "TNAME": "Burlington", "SOURCENAME": null, "SOURCETYPE": "UNKNOWN", "SOURCEDATE": "UNKNOWN", "EDITMETHOD": "UNKNOWN", "EDITOR": "UNKNOWN", "EDITDATE": "UNKNOWN", "MATCHSTAT": "MATCH", "EDITNOTE": "UNKNOWN", "OWNER1": "WHEADON ANDREW S.", "OWNER2": "GOLDZBAND STEPHANY A.", "ADDRGL1": "65 KING ST UNIT  B", "ADDRGL2": "", "CITYGL": "BURLINGTON", "STGL": "VT", "ZIPGL": "05401", "DESCPROP": "NEEDS REPAIR EXT", "LOCAPROP": "", "CAT": "Residential-1", "RESCODE": "T", "ACRESGL": 0.24, "REAL_FLV": 643600, "HSTED_FLV": 643600, "NRES_FLV": 0, "LAND_LV": 173900, "IMPRV_LV": 469700, "EQUIPVAL": 0, "EQUIPCODE": "", "INVENVAL": 0, "HSDECL": "Y", "HSITEVAL": 643600, "VETEXAMT": 0, "EXPDESC": "", "ENDDATE": "", "STATUTE": "", "EXAMT_HS": 0, "EXAMT_NR": 0, "UVREDUC_HS": 0, "UVREDUC_NR": 0, "GLVAL_HS": 6436.0, "GLVAL_NR": 0.0, "CRHOUSPCT": 0.0, "MUNGL1PCT": 6436.0, "AOEGL_HS": 6436.0, "AOEGL_NR": 0.0, "E911ADDR": "372 SOUTH WINOOSKI AV", "SHAPE_Length": 0.0018956910325991791, "SHAPE_Area": 1.0976390974687903e-07}, "geometry": {"type": "MultiPolygon", "coordinates": [[[[-73.20930333299998, 44.46929007400007], [-73.21009658299994, 44.46918530700003], [-73.21013195399996, 44.46931684500004], [-73.20931517899999, 44.469424993000075], [-73.20930333299998, 44.46929007400007]]]]}}, {"type": "Feature", "properties": {"OBJECTID": 277193, "SPAN": "114-035-17696", "GLIST_SPAN": "114-035-17696", "MAPID": "049-4-153-000", "PARCID": "049-4-153.000", "PROPTYPE": "PARCEL", "YEAR": 2018, "GLYEAR": 2022, "TOWN": "BURLINGTON", "TNAME": "Burlington", "SOURCENAME": null, "SOURCETYPE": "UNKNOWN", "SOURCEDATE": "UNKNOWN", "EDITMETHOD": "UNKNOWN", "EDITOR": "UNKNOWN", "EDITDATE": "UNKNOWN", "MATCHSTAT": "MATCH", "EDITNOTE": "UNKNOWN", "OWNER1": "RIVERSIDE HOLDINGS LLC", "OWNER2": "", "ADDRGL1": "PO BOX 727", "ADDRGL2": "", "CITYGL": "WILLISTON", "STGL": "VT", "ZIPGL": "05495", "DESCPROP": "", "LOCAPROP": "N", "CAT": "Residential-1", "RESCODE": "T", "ACRESGL": 0.11, "REAL_FLV": 533800, "HSTED_FLV": 0, "NRES_FLV": 533800, "LAND_LV": 148400, "IMPRV_LV": 385400, "EQUIPVAL": 0, "EQUIPCODE": "", "INVENVAL": 0, "HSDECL": "N", "HSITEVAL": 533800, "VETEXAMT": 0, "EXPDESC": "", "ENDDATE": "", "STATUTE": "", "EXAMT_HS": 0, "EXAMT_NR": 0, "UVREDUC_HS": 0, "UVREDUC_NR": 0, "GLVAL_HS": 0.0, "GLVAL_NR": 5338.0, "CRHOUSPCT": 0.0, "MUNGL1PCT": 5338.0, "AOEGL_HS": 0.0, "AOEGL_NR": 5338.0, "E911ADDR": "281 SOUTH WINOOSKI AV", "SHAPE_Length": 0.0010485889264067437, "SHAPE_Area": 5.4054662797285896e-08}, "geometry": {"type": "MultiPolygon", "coordinates": [[[[-73.21071967699999, 44.47169411300007], [-73.21110208499994, 44.471682592000036], [-73.21111027099994, 44.47180684600005], [-73.21072944599996, 44.471851823000065], [-73.21071967699999, 44.47169411300007]]]]}}, {"type": "Feature", "properties": {"OBJECTID": 277194, "SPAN": "114-035-17697", "GLIST_SPAN": "114-035-17697", "MAPID": "049-4-154-000", "PARCID": "049-4-154.000", "PROPTYPE": "PARCEL", "YEAR": 2018, "GLYEAR": 2022, "TOWN": "BURLINGTON", "TNAME": "Burlington", "SOURCENAME": null, "SOURCETYPE": "UNKNOWN", "SOURCEDATE": "UNKNOWN", "EDITMETHOD": "UNKNOWN", "EDITOR": "UNKNOWN", "EDITDATE": "UNKNOWN", "MATCHSTAT": "MATCH", "EDITNOTE": "UNKNOWN", "OWNER1": "FERRARO ANTHONY", "OWNER2": "MOUNT KRISTIN", "ADDRGL1": "325 SOUTH UNION ST", "ADDRGL2": "", "CITYGL": "BURLINGTON", "STGL": "VT", "ZIPGL": "05401", "DESCPROP": "3 UNIT", "LOCAPROP": "", "CAT": "Residential-1", "RESCODE": "T", "ACRESGL": 0.11, "REAL_FLV": 789000, "HSTED_FLV": 0, "NRES_FLV": 789000, "LAND_LV": 213400, "IMPRV_LV": 575600, "EQUIPVAL": 0, "EQUIPCODE": "", "INVENVAL": 0, "HSDECL": "N", "HSITEVAL": 789000, "VETEXAMT": 0, "EXPDESC": "", "ENDDATE": "", "STATUTE": "", "EXAMT_HS": 0, "EXAMT_NR": 0, "UVREDUC_HS": 0, "UVREDUC_NR": 0, "GLVAL_HS": 0.0, "GLVAL_NR": 7890.0, "CRHOUSPCT": 0.0, "MUNGL1PCT": 7890.0, "AOEGL_HS": 0.0, "AOEGL_NR": 7890.0, "E911ADDR": "287 SOUTH WINOOSKI AV", "SHAPE_Length": 0.0010308231390461033, "SHAPE_Area": 5.0848697300515756e-08}, "geometry": {"type": "MultiPolygon", "coordinates": [[[[-73.21071138699995, 44.47156114000006], [-73.21109340499999, 44.47155004500007], [-73.21110012099996, 44.471650262000026], [-73.21110208499994, 44.471682592000036], [-73.21071967699999, 44.47169411300007], [-73.21071138699995, 44.47156114000006]]]]}}, {"type": "Feature", "properties": {"OBJECTID": 277195, "SPAN": "114-035-17698", "GLIST_SPAN": "114-035-17698", "MAPID": "049-4-155-000", "PARCID": "049-4-155.000", "PROPTYPE": "PARCEL", "YEAR": 2018, "GLYEAR": 2022, "TOWN": "BURLINGTON", "TNAME": "Burlington", "SOURCENAME": null, "SOURCETYPE": "UNKNOWN", "SOURCEDATE": "UNKNOWN", "EDITMETHOD": "UNKNOWN", "EDITOR": "UNKNOWN", "EDITDATE": "UNKNOWN", "MATCHSTAT": "MATCH", "EDITNOTE": "UNKNOWN", "OWNER1": "HANDY JOAN", "OWNER2": "HANDY LAURA", "ADDRGL1": "109 FIELD GREEN  DR", "ADDRGL2": "", "CITYGL": "COLCHESTER", "STGL": "VT", "ZIPGL": "05446", "DESCPROP": "", "LOCAPROP": "N", "CAT": "Residential-1", "RESCODE": "S", "ACRESGL": 0.12, "REAL_FLV": 558700, "HSTED_FLV": 0, "NRES_FLV": 558700, "LAND_LV": 213800, "IMPRV_LV": 344900, "EQUIPVAL": 0, "EQUIPCODE": "", "INVENVAL": 0, "HSDECL": "N", "HSITEVAL": 558700, "VETEXAMT": 0, "EXPDESC": "", "ENDDATE": "", "STATUTE": "", "EXAMT_HS": 0, "EXAMT_NR": 0, "UVREDUC_HS": 0, "UVREDUC_NR": 0, "GLVAL_HS": 0.0, "GLVAL_NR": 5587.0, "CRHOUSPCT": 0.0, "MUNGL1PCT": 5587.0, "AOEGL_HS": 0.0, "AOEGL_NR": 5587.0, "E911ADDR": "293 SOUTH WINOOSKI AV", "SHAPE_Length": 0.0010474453206236296, "SHAPE_Area": 5.4243921040548894e-08}, "geometry": {"type": "MultiPolygon", "coordinates": [[[[-73.21070301899994, 44.47142184100005], [-73.21108340199999, 44.47140541200008], [-73.21109340499999, 44.47155004500007], [-73.21071138699995, 44.47156114000006], [-73.21070301899994, 44.47142184100005]]]]}}, {"type": "Feature", "properties": {"OBJECTID": 277196, "SPAN": "114-035-17699", "GLIST_SPAN": "114-035-17699", "MAPID": "049-4-156-000", "PARCID": "049-4-156.000", "PROPTYPE": "PARCEL", "YEAR": 2018, "GLYEAR": 2022, "TOWN": "BURLINGTON", "TNAME": "Burlington", "SOURCENAME": null, "SOURCETYPE": "UNKNOWN", "SOURCEDATE": "UNKNOWN", "EDITMETHOD": "UNKNOWN", "EDITOR": "UNKNOWN", "EDITDATE": "UNKNOWN", "MATCHSTAT": "MATCH", "EDITNOTE": "UNKNOWN", "OWNER1": "MILANO ERIC A", "OWNER2": "", "ADDRGL1": "31 ELM TR", "ADDRGL2": "", "CITYGL": "BURLINGTON", "STGL": "VT", "ZIPGL": "05401", "DESCPROP": "SINGLE FAM HOUSE", "LOCAPROP": "", "CAT": "Residential-1", "RESCODE": "T", "ACRESGL": 0.12, "REAL_FLV": 459200, "HSTED_FLV": 459200, "NRES_FLV": 0, "LAND_LV": 156300, "IMPRV_LV": 302900, "EQUIPVAL": 0, "EQUIPCODE": "", "INVENVAL": 0, "HSDECL": "Y", "HSITEVAL": 459200, "VETEXAMT": 0, "EXPDESC": "", "ENDDATE": "", "STATUTE": "", "EXAMT_HS": 0, "EXAMT_NR": 0, "UVREDUC_HS": 0, "UVREDUC_NR": 0, "GLVAL_HS": 4592.0, "GLVAL_NR": 0.0, "CRHOUSPCT": 0.0, "MUNGL1PCT": 4592.0, "AOEGL_HS": 4592.0, "AOEGL_NR": 0.0, "E911ADDR": "31 ELM TR", "SHAPE_Length": 0.000950507860069415, "SHAPE_Area": 5.5085678706953905e-08}, "geometry": {"type": "MultiPolygon", "coordinates": [[[[-73.21097674999999, 44.47099955300007], [-73.21117339399996, 44.47098918800003], [-73.21119793799994, 44.47126380100008], [-73.21099420799999, 44.47127294400008], [-73.21098601499995, 44.47114798700005], [-73.21097674999999, 44.47099955300007]]]]}}, {"type": "Feature", "properties": {"OBJECTID": 277207, "SPAN": "114-035-17710", "GLIST_SPAN": "114-035-17710", "MAPID": "049-4-167-000", "PARCID": "049-4-167.000", "PROPTYPE": "PARCEL", "YEAR": 2018, "GLYEAR": 2022, "TOWN": "BURLINGTON", "TNAME": "Burlington", "SOURCENAME": null, "SOURCETYPE": "UNKNOWN", "SOURCEDATE": "UNKNOWN", "EDITMETHOD": "UNKNOWN", "EDITOR": "UNKNOWN", "EDITDATE": "UNKNOWN", "MATCHSTAT": "MATCH", "EDITNOTE": "UNKNOWN", "OWNER1": "SNYDER ROBERT", "OWNER2": "JACOBSEN ERIN", "ADDRGL1": "28 ELM TERRACE", "ADDRGL2": "", "CITYGL": "BURLINGTON", "STGL": "VT", "ZIPGL": "05401", "DESCPROP": "1-family house", "LOCAPROP": "N", "CAT": "Residential-1", "RESCODE": "T", "ACRESGL": 0.12, "REAL_FLV": 522100, "HSTED_FLV": 522100, "NRES_FLV": 0, "LAND_LV": 237400, "IMPRV_LV": 284700, "EQUIPVAL": 0, "EQUIPCODE": "", "INVENVAL": 0, "HSDECL": "Y", "HSITEVAL": 522100, "VETEXAMT": 0, "EXPDESC": "", "ENDDATE": "", "STATUTE": "", "EXAMT_HS": 0, "EXAMT_NR": 0, "UVREDUC_HS": 0, "UVREDUC_NR": 0, "GLVAL_HS": 5221.0, "GLVAL_NR": 0.0, "CRHOUSPCT": 0.0, "MUNGL1PCT": 5221.0, "AOEGL_HS": 5221.0, "AOEGL_NR": 0.0, "E911ADDR": "28 ELM TR", "SHAPE_Length": 0.0009160821473171649, "SHAPE_Area": 5.210275921886805e-08}, "geometry": {"type": "MultiPolygon", "coordinates": [[[[-73.21108340199999, 44.47140541200008], [-73.21129145499998, 44.47139652300007], [-73.21131642099994, 44.47164118100005], [-73.21110012099996, 44.471650262000026], [-73.21109340499999, 44.47155004500007], [-73.21108340199999, 44.47140541200008]]]]}}, {"type": "Feature", "properties": {"OBJECTID": 277208, "SPAN": "114-035-17711", "GLIST_SPAN": "114-035-17711", "MAPID": "049-4-168-000", "PARCID": "049-4-168.000", "PROPTYPE": "PARCEL", "YEAR": 2018, "GLYEAR": 2022, "TOWN": "BURLINGTON", "TNAME": "Burlington", "SOURCENAME": null, "SOURCETYPE": "UNKNOWN", "SOURCEDATE": "UNKNOWN", "EDITMETHOD": "UNKNOWN", "EDITOR": "UNKNOWN", "EDITDATE": "UNKNOWN", "MATCHSTAT": "MATCH", "EDITNOTE": "UNKNOWN", "OWNER1": "KUSEL LISA", "OWNER2": "PRUSSACK VICTOR", "ADDRGL1": "303 SOUTH WINOOSKI AVE", "ADDRGL2": "", "CITYGL": "BURLINGTON", "STGL": "VT", "ZIPGL": "05401", "DESCPROP": "", "LOCAPROP": "N", "CAT": "Residential-1", "RESCODE": "T", "ACRESGL": 0.08, "REAL_FLV": 465200, "HSTED_FLV": 465200, "NRES_FLV": 0, "LAND_LV": 142100, "IMPRV_LV": 323100, "EQUIPVAL": 0, "EQUIPCODE": "", "INVENVAL": 0, "HSDECL": "Y", "HSITEVAL": 465200, "VETEXAMT": 0, "EXPDESC": "", "ENDDATE": "", "STATUTE": "", "EXAMT_HS": 0, "EXAMT_NR": 0, "UVREDUC_HS": 0, "UVREDUC_NR": 0, "GLVAL_HS": 4652.0, "GLVAL_NR": 0.0, "CRHOUSPCT": 0.0, "MUNGL1PCT": 4652.0, "AOEGL_HS": 4652.0, "AOEGL_NR": 0.0, "E911ADDR": "303 SOUTH WINOOSKI AV", "SHAPE_Length": 0.0008539179295302703, "SHAPE_Area": 3.78744845714327e-08}, "geometry": {"type": "MultiPolygon", "coordinates": [[[[-73.21068531999998, 44.47116082600007], [-73.21098601499995, 44.47114798700005], [-73.21099420799999, 44.47127294400008], [-73.21069313399994, 44.47128691000006], [-73.21068750599994, 44.47119611000005], [-73.21068531999998, 44.47116082600007]]]]}}, {"type": "Feature", "properties": {"OBJECTID": 277209, "SPAN": "114-035-17712", "GLIST_SPAN": "114-035-17712", "MAPID": "049-4-169-000", "PARCID": "049-4-169.000", "PROPTYPE": "PARCEL", "YEAR": 2018, "GLYEAR": 2022, "TOWN": "BURLINGTON", "TNAME": "Burlington", "SOURCENAME": null, "SOURCETYPE": "UNKNOWN", "SOURCEDATE": "UNKNOWN", "EDITMETHOD": "UNKNOWN", "EDITOR": "UNKNOWN", "EDITDATE": "UNKNOWN", "MATCHSTAT": "MATCH", "EDITNOTE": "UNKNOWN", "OWNER1": "CODDAIRE SUSAN M.", "OWNER2": "", "ADDRGL1": "204 SOUTH UNION STREET UNIT 5", "ADDRGL2": "", "CITYGL": "BURLINGTON", "STGL": "VT", "ZIPGL": "05401-5063", "DESCPROP": "", "LOCAPROP": "N", "CAT": "Residential-1", "RESCODE": "T", "ACRESGL": 0.1, "REAL_FLV": 446500, "HSTED_FLV": 0, "NRES_FLV": 446500, "LAND_LV": 145100, "IMPRV_LV": 301400, "EQUIPVAL": 0, "EQUIPCODE": "", "INVENVAL": 0, "HSDECL": "N", "HSITEVAL": 446500, "VETEXAMT": 0, "EXPDESC": "", "ENDDATE": "", "STATUTE": "", "EXAMT_HS": 0, "EXAMT_NR": 0, "UVREDUC_HS": 0, "UVREDUC_NR": 0, "GLVAL_HS": 0.0, "GLVAL_NR": 4465.0, "CRHOUSPCT": 0.0, "MUNGL1PCT": 4465.0, "AOEGL_HS": 0.0, "AOEGL_NR": 4465.0, "E911ADDR": "309 SOUTH WINOOSKI AV", "SHAPE_Length": 0.0008961146349607615, "SHAPE_Area": 4.4318213142454986e-08}, "geometry": {"type": "MultiPolygon", "coordinates": [[[[-73.21067687199996, 44.47101491900003], [-73.21097674999999, 44.47099955300007], [-73.21098601499995, 44.47114798700005], [-73.21068531999998, 44.47116082600007], [-73.21067687199996, 44.47101491900003]]]]}}, {"type": "Feature", "properties": {"OBJECTID": 277210, "SPAN": "114-035-17713", "GLIST_SPAN": "114-035-17713", "MAPID": "049-4-170-000", "PARCID": "049-4-170.000", "PROPTYPE": "PARCEL", "YEAR": 2018, "GLYEAR": 2022, "TOWN": "BURLINGTON", "TNAME": "Burlington", "SOURCENAME": null, "SOURCETYPE": "UNKNOWN", "SOURCEDATE": "UNKNOWN", "EDITMETHOD": "UNKNOWN", "EDITOR": "UNKNOWN", "EDITDATE": "UNKNOWN", "MATCHSTAT": "MATCH", "EDITNOTE": "UNKNOWN", "OWNER1": "HENNINGE PAUL C", "OWNER2": "HANNA CHERYL A", "ADDRGL1": "22 CHERRY LANE", "ADDRGL2": "", "CITYGL": "BURLINGTON", "STGL": "VT", "ZIPGL": "05401", "DESCPROP": "1891 YRBL LAND SIZE FROM GIS 2/9/94", "LOCAPROP": "N", "CAT": "Residential-1", "RESCODE": "T", "ACRESGL": 0.13, "REAL_FLV": 490300, "HSTED_FLV": 0, "NRES_FLV": 490300, "LAND_LV": 151400, "IMPRV_LV": 338900, "EQUIPVAL": 0, "EQUIPCODE": "", "INVENVAL": 0, "HSDECL": "N", "HSITEVAL": 490300, "VETEXAMT": 0, "EXPDESC": "", "ENDDATE": "", "STATUTE": "", "EXAMT_HS": 0, "EXAMT_NR": 0, "UVREDUC_HS": 0, "UVREDUC_NR": 0, "GLVAL_HS": 0.0, "GLVAL_NR": 4903.0, "CRHOUSPCT": 0.0, "MUNGL1PCT": 4903.0, "AOEGL_HS": 0.0, "AOEGL_NR": 4903.0, "E911ADDR": "313 SOUTH WINOOSKI AV", "SHAPE_Length": 0.00123534652243683, "SHAPE_Area": 5.929026361735619e-08}, "geometry": {"type": "MultiPolygon", "coordinates": [[[[-73.21066951699999, 44.470894315000066], [-73.21116962099995, 44.47087250000004], [-73.21116970399999, 44.47087939000005], [-73.21117339399996, 44.47098918800003], [-73.21097674999999, 44.47099955300007], [-73.21067687199996, 44.47101491900003], [-73.21066951699999, 44.470894315000066]]]]}}, {"type": "Feature", "properties": {"OBJECTID": 277211, "SPAN": "114-035-17714", "GLIST_SPAN": "114-035-17714", "MAPID": "049-4-171-000", "PARCID": "049-4-171.000", "PROPTYPE": "PARCEL", "YEAR": 2018, "GLYEAR": 2022, "TOWN": "BURLINGTON", "TNAME": "Burlington", "SOURCENAME": null, "SOURCETYPE": "UNKNOWN", "SOURCEDATE": "UNKNOWN", "EDITMETHOD": "UNKNOWN", "EDITOR": "UNKNOWN", "EDITDATE": "UNKNOWN", "MATCHSTAT": "MATCH", "EDITNOTE": "UNKNOWN", "OWNER1": "GUY VINCENT P.", "OWNER2": "", "ADDRGL1": "317 SOUTH WINOOSKI AVE APT   1", "ADDRGL2": "", "CITYGL": "BURLINGTON", "STGL": "VT", "ZIPGL": "05401", "DESCPROP": "", "LOCAPROP": "", "CAT": "Residential-1", "RESCODE": "T", "ACRESGL": 0.15, "REAL_FLV": 529700, "HSTED_FLV": 0, "NRES_FLV": 529700, "LAND_LV": 156000, "IMPRV_LV": 373700, "EQUIPVAL": 0, "EQUIPCODE": "", "INVENVAL": 0, "HSDECL": "N", "HSITEVAL": 529700, "VETEXAMT": 0, "EXPDESC": "", "ENDDATE": "", "STATUTE": "", "EXAMT_HS": 0, "EXAMT_NR": 0, "UVREDUC_HS": 0, "UVREDUC_NR": 0, "GLVAL_HS": 0.0, "GLVAL_NR": 5297.0, "CRHOUSPCT": 0.0, "MUNGL1PCT": 5297.0, "AOEGL_HS": 0.0, "AOEGL_NR": 5297.0, "E911ADDR": "317 SOUTH WINOOSKI AV", "SHAPE_Length": 0.0012596565478097787, "SHAPE_Area": 6.39815794855247e-08}, "geometry": {"type": "MultiPolygon", "coordinates": [[[[-73.21066164899997, 44.470763731000034], [-73.21116575999997, 44.47074864100006], [-73.21116645999996, 44.470773948000044], [-73.21116962099995, 44.47087250000004], [-73.21066951699999, 44.470894315000066], [-73.21066164899997, 44.470763731000034]]]]}}, {"type": "Feature", "properties": {"OBJECTID": 277212, "SPAN": "114-035-17715", "GLIST_SPAN": "114-035-17715", "MAPID": "049-4-172-000", "PARCID": "049-4-172.000", "PROPTYPE": "PARCEL", "YEAR": 2018, "GLYEAR": 2022, "TOWN": "BURLINGTON", "TNAME": "Burlington", "SOURCENAME": null, "SOURCETYPE": "UNKNOWN", "SOURCEDATE": "UNKNOWN", "EDITMETHOD": "UNKNOWN", "EDITOR": "UNKNOWN", "EDITDATE": "UNKNOWN", "MATCHSTAT": "MATCH", "EDITNOTE": "UNKNOWN", "OWNER1": "BURKE SMITH REV LIV TRUST", "OWNER2": "BURKE PATRICK J.", "ADDRGL1": "321 SOUTH WINOOSKI AVE", "ADDRGL2": "", "CITYGL": "BURLINGTON", "STGL": "VT", "ZIPGL": "05401", "DESCPROP": "", "LOCAPROP": "N", "CAT": "Residential-1", "RESCODE": "T", "ACRESGL": 0.18, "REAL_FLV": 349200, "HSTED_FLV": 349200, "NRES_FLV": 0, "LAND_LV": 160300, "IMPRV_LV": 188900, "EQUIPVAL": 0, "EQUIPCODE": "", "INVENVAL": 0, "HSDECL": "Y", "HSITEVAL": 349200, "VETEXAMT": 0, "EXPDESC": "", "ENDDATE": "", "STATUTE": "", "EXAMT_HS": 0, "EXAMT_NR": 0, "UVREDUC_HS": 0, "UVREDUC_NR": 0, "GLVAL_HS": 3492.0, "GLVAL_NR": 0.0, "CRHOUSPCT": 0.0, "MUNGL1PCT": 3492.0, "AOEGL_HS": 3492.0, "AOEGL_NR": 0.0, "E911ADDR": "321 SOUTH WINOOSKI AV", "SHAPE_Length": 0.0013122466566972784, "SHAPE_Area": 7.570526085599522e-08}, "geometry": {"type": "MultiPolygon", "coordinates": [[[[-73.21112503799998, 44.47059716900003], [-73.21116115099994, 44.470595538000055], [-73.21116150599994, 44.47062478400005], [-73.21116575999997, 44.47074864100006], [-73.21066164899997, 44.470763731000034], [-73.21065281199998, 44.470618107000064], [-73.21092052399996, 44.47060617600005], [-73.21112503799998, 44.47059716900003]]]]}}, {"type": "Feature", "properties": {"OBJECTID": 277213, "SPAN": "114-035-17716", "GLIST_SPAN": "114-035-17716", "MAPID": "049-4-173-000", "PARCID": "049-4-173.000", "PROPTYPE": "PARCEL", "YEAR": 2018, "GLYEAR": 2022, "TOWN": "BURLINGTON", "TNAME": "Burlington", "SOURCENAME": null, "SOURCETYPE": "UNKNOWN", "SOURCEDATE": "UNKNOWN", "EDITMETHOD": "UNKNOWN", "EDITOR": "UNKNOWN", "EDITDATE": "UNKNOWN", "MATCHSTAT": "MATCH", "EDITNOTE": "UNKNOWN", "OWNER1": "LEFF CHRISTOPHER", "OWNER2": "", "ADDRGL1": "327 SOUTH WINOOSKI AVENUE", "ADDRGL2": "", "CITYGL": "BURLINGTON", "STGL": "VT", "ZIPGL": "05401", "DESCPROP": "OP-C NEW 85", "LOCAPROP": "", "CAT": "Residential-1", "RESCODE": "T", "ACRESGL": 0.09, "REAL_FLV": 420300, "HSTED_FLV": 420300, "NRES_FLV": 0, "LAND_LV": 142900, "IMPRV_LV": 277400, "EQUIPVAL": 0, "EQUIPCODE": "", "INVENVAL": 0, "HSDECL": "Y", "HSITEVAL": 420300, "VETEXAMT": 0, "EXPDESC": "", "ENDDATE": "", "STATUTE": "", "EXAMT_HS": 0, "EXAMT_NR": 0, "UVREDUC_HS": 0, "UVREDUC_NR": 0, "GLVAL_HS": 4203.0, "GLVAL_NR": 0.0, "CRHOUSPCT": 0.0, "MUNGL1PCT": 4203.0, "AOEGL_HS": 4203.0, "AOEGL_NR": 0.0, "E911ADDR": "327 SOUTH WINOOSKI AV", "SHAPE_Length": 0.0008264422720032928, "SHAPE_Area": 3.905161154598787e-08}, "geometry": {"type": "MultiPolygon", "coordinates": [[[[-73.21064438099995, 44.47047360600004], [-73.21090969799997, 44.47045859600007], [-73.21092052399996, 44.47060617600005], [-73.21065281199998, 44.470618107000064], [-73.21064438099995, 44.47047360600004]]]]}}, {"type": "Feature", "properties": {"OBJECTID": 277214, "SPAN": "114-035-17717", "GLIST_SPAN": "114-035-17717", "MAPID": "049-4-174-000", "PARCID": "049-4-174.000", "PROPTYPE": "PARCEL", "YEAR": 2018, "GLYEAR": 2022, "TOWN": "BURLINGTON", "TNAME": "Burlington", "SOURCENAME": null, "SOURCETYPE": "UNKNOWN", "SOURCEDATE": "UNKNOWN", "EDITMETHOD": "UNKNOWN", "EDITOR": "UNKNOWN", "EDITDATE": "UNKNOWN", "MATCHSTAT": "MATCH", "EDITNOTE": "UNKNOWN", "OWNER1": "SHEA LAURY", "OWNER2": "HILL ROBERT", "ADDRGL1": "835 OLD PUMP RD", "ADDRGL2": "", "CITYGL": "JERICHO", "STGL": "VT", "ZIPGL": "05465", "DESCPROP": "", "LOCAPROP": "N", "CAT": "Residential-1", "RESCODE": "S", "ACRESGL": 0.3, "REAL_FLV": 578700, "HSTED_FLV": 0, "NRES_FLV": 578700, "LAND_LV": 185900, "IMPRV_LV": 392800, "EQUIPVAL": 0, "EQUIPCODE": "", "INVENVAL": 0, "HSDECL": "N", "HSITEVAL": 578700, "VETEXAMT": 0, "EXPDESC": "", "ENDDATE": "", "STATUTE": "", "EXAMT_HS": 0, "EXAMT_NR": 0, "UVREDUC_HS": 0, "UVREDUC_NR": 0, "GLVAL_HS": 0.0, "GLVAL_NR": 5787.0, "CRHOUSPCT": 0.0, "MUNGL1PCT": 5787.0, "AOEGL_HS": 0.0, "AOEGL_NR": 5787.0, "E911ADDR": "347 SOUTH WINOOSKI AV", "SHAPE_Length": 0.0023331927356647036, "SHAPE_Area": 1.375705859446415e-07}, "geometry": {"type": "MultiPolygon", "coordinates": [[[[-73.21063064599997, 44.470345027000064], [-73.21048297299996, 44.469794868000065], [-73.21062266099995, 44.46978415600006], [-73.21087872999993, 44.46978396800006], [-73.21114200899996, 44.469827749000046], [-73.21115561399995, 44.46997784300004], [-73.21089526099996, 44.46994866800003], [-73.21064206699998, 44.46995924300006], [-73.21068048499995, 44.47034176400007], [-73.21063064599997, 44.470345027000064]]]]}}, {"type": "Feature", "properties": {"OBJECTID": 277215, "SPAN": "114-035-17718", "GLIST_SPAN": "114-035-17718", "MAPID": "049-4-175-000", "PARCID": "049-4-175.000", "PROPTYPE": "PARCEL", "YEAR": 2018, "GLYEAR": 2022, "TOWN": "BURLINGTON", "TNAME": "Burlington", "SOURCENAME": null, "SOURCETYPE": "UNKNOWN", "SOURCEDATE": "UNKNOWN", "EDITMETHOD": "UNKNOWN", "EDITOR": "UNKNOWN", "EDITDATE": "UNKNOWN", "MATCHSTAT": "MATCH", "EDITNOTE": "UNKNOWN", "OWNER1": "SPRINZEN LEO J.", "OWNER2": "", "ADDRGL1": "173 NORTH UNION ST", "ADDRGL2": "", "CITYGL": "BURLINGTON", "STGL": "VT", "ZIPGL": "05401", "DESCPROP": "3 APT UNITS", "LOCAPROP": "N", "CAT": "Residential-1", "RESCODE": "S", "ACRESGL": 0.15, "REAL_FLV": 541800, "HSTED_FLV": 0, "NRES_FLV": 541800, "LAND_LV": 218900, "IMPRV_LV": 322900, "EQUIPVAL": 0, "EQUIPCODE": "", "INVENVAL": 0, "HSDECL": "N", "HSITEVAL": 541800, "VETEXAMT": 0, "EXPDESC": "", "ENDDATE": "", "STATUTE": "", "EXAMT_HS": 0, "EXAMT_NR": 0, "UVREDUC_HS": 0, "UVREDUC_NR": 0, "GLVAL_HS": 0.0, "GLVAL_NR": 5418.0, "CRHOUSPCT": 0.0, "MUNGL1PCT": 5418.0, "AOEGL_HS": 0.0, "AOEGL_NR": 5418.0, "E911ADDR": "351 SOUTH WINOOSKI AV", "SHAPE_Length": 0.0012536719511730676, "SHAPE_Area": 6.657355468798625e-08}, "geometry": {"type": "MultiPolygon", "coordinates": [[[[-73.21048297299996, 44.469794868000065], [-73.21043153599999, 44.46960155900007], [-73.21060329799997, 44.469580101000076], [-73.21060856599996, 44.469658251000055], [-73.21086435899997, 44.469635426000025], [-73.21087872999993, 44.46978396800006], [-73.21062266099995, 44.46978415600006], [-73.21048297299996, 44.469794868000065]]]]}}, {"type": "Feature", "properties": {"OBJECTID": 277216, "SPAN": "114-035-17719", "GLIST_SPAN": "114-035-17719", "MAPID": "049-4-176-000", "PARCID": "049-4-176.000", "PROPTYPE": "PARCEL", "YEAR": 2018, "GLYEAR": 2022, "TOWN": "BURLINGTON", "TNAME": "Burlington", "SOURCENAME": null, "SOURCETYPE": "UNKNOWN", "SOURCEDATE": "UNKNOWN", "EDITMETHOD": "UNKNOWN", "EDITOR": "UNKNOWN", "EDITDATE": "UNKNOWN", "MATCHSTAT": "MATCH", "EDITNOTE": "UNKNOWN", "OWNER1": "HINTZE ROBERT", "OWNER2": "", "ADDRGL1": "PO BOX 963", "ADDRGL2": "", "CITYGL": "RICHMOND", "STGL": "VT", "ZIPGL": "05477", "DESCPROP": "3 APT UNITS", "LOCAPROP": "N", "CAT": "Residential-1", "RESCODE": "T", "ACRESGL": 0.19, "REAL_FLV": 687600, "HSTED_FLV": 0, "NRES_FLV": 687600, "LAND_LV": 225100, "IMPRV_LV": 462500, "EQUIPVAL": 0, "EQUIPCODE": "", "INVENVAL": 0, "HSDECL": "N", "HSITEVAL": 687600, "VETEXAMT": 0, "EXPDESC": "", "ENDDATE": "", "STATUTE": "", "EXAMT_HS": 0, "EXAMT_NR": 0, "UVREDUC_HS": 0, "UVREDUC_NR": 0, "GLVAL_HS": 0.0, "GLVAL_NR": 6876.0, "CRHOUSPCT": 0.0, "MUNGL1PCT": 6876.0, "AOEGL_HS": 0.0, "AOEGL_NR": 6876.0, "E911ADDR": "361 SOUTH WINOOSKI AV", "SHAPE_Length": 0.0013426780884540533, "SHAPE_Area": 8.48738594548067e-08}, "geometry": {"type": "MultiPolygon", "coordinates": [[[[-73.21060856599996, 44.469658251000055], [-73.21060329799997, 44.469580101000076], [-73.21043153599999, 44.46960155900007], [-73.21038835099995, 44.469441102000076], [-73.21084332799995, 44.469423507000045], [-73.21085990599994, 44.469592144000046], [-73.21086435899997, 44.469635426000025], [-73.21060856599996, 44.469658251000055]]]]}}, {"type": "Feature", "properties": {"OBJECTID": 277217, "SPAN": "114-035-17720", "GLIST_SPAN": "114-035-17720", "MAPID": "049-4-177-000", "PARCID": "049-4-177.000", "PROPTYPE": "PARCEL", "YEAR": 2018, "GLYEAR": 2022, "TOWN": "BURLINGTON", "TNAME": "Burlington", "SOURCENAME": null, "SOURCETYPE": "UNKNOWN", "SOURCEDATE": "UNKNOWN", "EDITMETHOD": "UNKNOWN", "EDITOR": "UNKNOWN", "EDITDATE": "UNKNOWN", "MATCHSTAT": "MATCH", "EDITNOTE": "UNKNOWN", "OWNER1": "VISKUP ROBERT W.", "OWNER2": "", "ADDRGL1": "365 SOUTH WINOOSKI AVE", "ADDRGL2": "", "CITYGL": "BURLINGTON", "STGL": "VT", "ZIPGL": "05401", "DESCPROP": "", "LOCAPROP": "", "CAT": "Residential-1", "RESCODE": "T", "ACRESGL": 0.14, "REAL_FLV": 660700, "HSTED_FLV": 0, "NRES_FLV": 660700, "LAND_LV": 154100, "IMPRV_LV": 506600, "EQUIPVAL": 0, "EQUIPCODE": "", "INVENVAL": 0, "HSDECL": "N", "HSITEVAL": 660700, "VETEXAMT": 0, "EXPDESC": "", "ENDDATE": "", "STATUTE": "", "EXAMT_HS": 0, "EXAMT_NR": 0, "UVREDUC_HS": 0, "UVREDUC_NR": 0, "GLVAL_HS": 0.0, "GLVAL_NR": 6607.0, "CRHOUSPCT": 0.0, "MUNGL1PCT": 6607.0, "AOEGL_HS": 0.0, "AOEGL_NR": 6607.0, "E911ADDR": "365 SOUTH WINOOSKI AV", "SHAPE_Length": 0.0012201987862331164, "SHAPE_Area": 6.588900247630147e-08}, "geometry": {"type": "MultiPolygon", "coordinates": [[[[-73.21035089799994, 44.46929987500005], [-73.21082946199994, 44.46928424200007], [-73.21084332799995, 44.469423507000045], [-73.21038835099995, 44.469441102000076], [-73.21035089799994, 44.46929987500005]]]]}}, {"type": "Feature", "properties": {"OBJECTID": 277218, "SPAN": "114-035-17721", "GLIST_SPAN": "114-035-17721", "MAPID": "049-4-178-000", "PARCID": "049-4-178.000", "PROPTYPE": "PARCEL", "YEAR": 2018, "GLYEAR": 2022, "TOWN": "BURLINGTON", "TNAME": "Burlington", "SOURCENAME": null, "SOURCETYPE": "UNKNOWN", "SOURCEDATE": "UNKNOWN", "EDITMETHOD": "UNKNOWN", "EDITOR": "UNKNOWN", "EDITDATE": "UNKNOWN", "MATCHSTAT": "MATCH", "EDITNOTE": "UNKNOWN", "OWNER1": "J S REAL ESTATE LLC", "OWNER2": "", "ADDRGL1": "1819 NORTH AVE", "ADDRGL2": "", "CITYGL": "BURLINGTON", "STGL": "VT", "ZIPGL": "05408", "DESCPROP": "NEW DRS CHECK 85", "LOCAPROP": "N", "CAT": "Residential-1", "RESCODE": "S", "ACRESGL": 0.15, "REAL_FLV": 741800, "HSTED_FLV": 0, "NRES_FLV": 741800, "LAND_LV": 474400, "IMPRV_LV": 267400, "EQUIPVAL": 0, "EQUIPCODE": "", "INVENVAL": 0, "HSDECL": "N", "HSITEVAL": 741800, "VETEXAMT": 0, "EXPDESC": "", "ENDDATE": "", "STATUTE": "", "EXAMT_HS": 0, "EXAMT_NR": 0, "UVREDUC_HS": 0, "UVREDUC_NR": 0, "GLVAL_HS": 0.0, "GLVAL_NR": 7418.0, "CRHOUSPCT": 0.0, "MUNGL1PCT": 7418.0, "AOEGL_HS": 0.0, "AOEGL_NR": 7418.0, "E911ADDR": "369 SOUTH WINOOSKI AV", "SHAPE_Length": 0.0012644034440720533, "SHAPE_Area": 6.821477631603167e-08}, "geometry": {"type": "MultiPolygon", "coordinates": [[[[-73.21062952699998, 44.46915232200007], [-73.21081758099996, 44.46914665200006], [-73.21082782899998, 44.46924670800007], [-73.21082946199994, 44.46928424200007], [-73.21035089799994, 44.46929987500005], [-73.21031348299994, 44.46916174100005], [-73.21062952699998, 44.46915232200007]]]]}}, {"type": "Feature", "properties": {"OBJECTID": 277219, "SPAN": "114-035-17722", "GLIST_SPAN": "114-035-17722", "MAPID": "049-4-179-000", "PARCID": "049-4-179.000", "PROPTYPE": "PARCEL", "YEAR": 2018, "GLYEAR": 2022, "TOWN": "BURLINGTON", "TNAME": "Burlington", "SOURCENAME": null, "SOURCETYPE": "UNKNOWN", "SOURCEDATE": "UNKNOWN", "EDITMETHOD": "UNKNOWN", "EDITOR": "UNKNOWN", "EDITDATE": "UNKNOWN", "MATCHSTAT": "MATCH", "EDITNOTE": "UNKNOWN", "OWNER1": "HALL R AVERY", "OWNER2": "HALL ANDREA", "ADDRGL1": "387 SOUTH UNION STREET", "ADDRGL2": "", "CITYGL": "BURLINGTON", "STGL": "VT", "ZIPGL": "05401", "DESCPROP": "NEW GAR; FIN RM IN GAR", "LOCAPROP": "N", "CAT": "Residential-1", "RESCODE": "T", "ACRESGL": 0.33, "REAL_FLV": 923600, "HSTED_FLV": 923600, "NRES_FLV": 0, "LAND_LV": 248200, "IMPRV_LV": 675400, "EQUIPVAL": 0, "EQUIPCODE": "", "INVENVAL": 0, "HSDECL": "Y", "HSITEVAL": 923600, "VETEXAMT": 0, "EXPDESC": "", "ENDDATE": "", "STATUTE": "", "EXAMT_HS": 0, "EXAMT_NR": 0, "UVREDUC_HS": 0, "UVREDUC_NR": 0, "GLVAL_HS": 9236.0, "GLVAL_NR": 0.0, "CRHOUSPCT": 0.0, "MUNGL1PCT": 9236.0, "AOEGL_HS": 9236.0, "AOEGL_NR": 0.0, "E911ADDR": "387 SOUTH UNION ST", "SHAPE_Length": 0.002003767257031995, "SHAPE_Area": 1.4946850325833176e-07}, "geometry": {"type": "MultiPolygon", "coordinates": [[[[-73.20918766899996, 44.46911150600005], [-73.20928690999995, 44.469101468000076], [-73.20929187599995, 44.46915473100006], [-73.20930288199997, 44.46928515500008], [-73.20849789599998, 44.46936144400007], [-73.20846196399998, 44.46918322500005], [-73.20918766899996, 44.46911150600005]]]]}}, {"type": "Feature", "properties": {"OBJECTID": 277220, "SPAN": "114-035-17723", "GLIST_SPAN": "114-035-17723", "MAPID": "049-4-180-000", "PARCID": "049-4-180.000", "PROPTYPE": "PARCEL", "YEAR": 2018, "GLYEAR": 2022, "TOWN": "BURLINGTON", "TNAME": "Burlington", "SOURCENAME": null, "SOURCETYPE": "UNKNOWN", "SOURCEDATE": "UNKNOWN", "EDITMETHOD": "UNKNOWN", "EDITOR": "UNKNOWN", "EDITDATE": "UNKNOWN", "MATCHSTAT": "MATCH", "EDITNOTE": "UNKNOWN", "OWNER1": "LANE MICHAEL", "OWNER2": "CARVELLI CATHERINE", "ADDRGL1": "381 SOUTH UNION ST", "ADDRGL2": "", "CITYGL": "BURLINGTON", "STGL": "VT", "ZIPGL": "05401", "DESCPROP": "", "LOCAPROP": "N", "CAT": "Residential-1", "RESCODE": "T", "ACRESGL": 0.31, "REAL_FLV": 856600, "HSTED_FLV": 856600, "NRES_FLV": 0, "LAND_LV": 246700, "IMPRV_LV": 609900, "EQUIPVAL": 0, "EQUIPCODE": "", "INVENVAL": 0, "HSDECL": "Y", "HSITEVAL": 856600, "VETEXAMT": 0, "EXPDESC": "", "ENDDATE": "", "STATUTE": "", "EXAMT_HS": 0, "EXAMT_NR": 0, "UVREDUC_HS": 0, "UVREDUC_NR": 0, "GLVAL_HS": 8566.0, "GLVAL_NR": 0.0, "CRHOUSPCT": 0.0, "MUNGL1PCT": 8566.0, "AOEGL_HS": 8566.0, "AOEGL_NR": 0.0, "E911ADDR": "381 SOUTH UNION ST", "SHAPE_Length": 0.0019594706727006613, "SHAPE_Area": 1.44234356942663e-07}, "geometry": {"type": "MultiPolygon", "coordinates": [[[[-73.20849789599998, 44.46936144400007], [-73.20930288199997, 44.46928515500008], [-73.20930333299998, 44.46929007400007], [-73.20931517899999, 44.469424993000075], [-73.20931882299993, 44.46946645200006], [-73.20853341599997, 44.46953812000004], [-73.20849789599998, 44.46936144400007]]]]}}, {"type": "Feature", "properties": {"OBJECTID": 277221, "SPAN": "114-035-17724", "GLIST_SPAN": "114-035-17724", "MAPID": "049-4-181-000", "PARCID": "049-4-181.000", "PROPTYPE": "PARCEL", "YEAR": 2018, "GLYEAR": 2022, "TOWN": "BURLINGTON", "TNAME": "Burlington", "SOURCENAME": null, "SOURCETYPE": "UNKNOWN", "SOURCEDATE": "UNKNOWN", "EDITMETHOD": "UNKNOWN", "EDITOR": "UNKNOWN", "EDITDATE": "UNKNOWN", "MATCHSTAT": "MATCH", "EDITNOTE": "UNKNOWN", "OWNER1": "CRAWFORD GEOFFREY W", "OWNER2": "CRAWFORD LESLIE C", "ADDRGL1": "375 SOUTH UNION STREET", "ADDRGL2": "", "CITYGL": "BURLINGTON", "STGL": "VT", "ZIPGL": "05401", "DESCPROP": "RENO KITCH YRBL 1870", "LOCAPROP": "N", "CAT": "Residential-1", "RESCODE": "T", "ACRESGL": 0.3, "REAL_FLV": 839600, "HSTED_FLV": 839600, "NRES_FLV": 0, "LAND_LV": 243700, "IMPRV_LV": 595900, "EQUIPVAL": 0, "EQUIPCODE": "", "INVENVAL": 0, "HSDECL": "Y", "HSITEVAL": 839600, "VETEXAMT": 0, "EXPDESC": "", "ENDDATE": "", "STATUTE": "", "EXAMT_HS": 0, "EXAMT_NR": 0, "UVREDUC_HS": 0, "UVREDUC_NR": 0, "GLVAL_HS": 8396.0, "GLVAL_NR": 0.0, "CRHOUSPCT": 0.0, "MUNGL1PCT": 8396.0, "AOEGL_HS": 8396.0, "AOEGL_NR": 0.0, "E911ADDR": "375 SOUTH UNION ST", "SHAPE_Length": 0.0019194120228541289, "SHAPE_Area": 1.4070608956720237e-07}, "geometry": {"type": "MultiPolygon", "coordinates": [[[[-73.20853341599997, 44.46953812000004], [-73.20931882299993, 44.46946645200006], [-73.20931929799997, 44.46947319900005], [-73.20933432799995, 44.46964409600008], [-73.20856977099999, 44.46971872800003], [-73.20853341599997, 44.46953812000004]]]]}}, {"type": "Feature", "properties": {"OBJECTID": 277222, "SPAN": "114-035-17725", "GLIST_SPAN": "114-035-17725", "MAPID": "049-4-182-000", "PARCID": "049-4-182.000", "PROPTYPE": "PARCEL", "YEAR": 2018, "GLYEAR": 2022, "TOWN": "BURLINGTON", "TNAME": "Burlington", "SOURCENAME": null, "SOURCETYPE": "UNKNOWN", "SOURCEDATE": "UNKNOWN", "EDITMETHOD": "UNKNOWN", "EDITOR": "UNKNOWN", "EDITDATE": "UNKNOWN", "MATCHSTAT": "MATCH", "EDITNOTE": "UNKNOWN", "OWNER1": "EPLER WOOD MEGAN", "OWNER2": "EPLER WOOD GREGORY", "ADDRGL1": "369 SOUTH UNION STREET", "ADDRGL2": "", "CITYGL": "BURLINGTON", "STGL": "VT", "ZIPGL": "05401", "DESCPROP": "", "LOCAPROP": "N", "CAT": "Residential-1", "RESCODE": "T", "ACRESGL": 0.27, "REAL_FLV": 737800, "HSTED_FLV": 737800, "NRES_FLV": 0, "LAND_LV": 214900, "IMPRV_LV": 522900, "EQUIPVAL": 0, "EQUIPCODE": "", "INVENVAL": 0, "HSDECL": "Y", "HSITEVAL": 737800, "VETEXAMT": 0, "EXPDESC": "", "ENDDATE": "", "STATUTE": "", "EXAMT_HS": 0, "EXAMT_NR": 0, "UVREDUC_HS": 0, "UVREDUC_NR": 0, "GLVAL_HS": 7378.0, "GLVAL_NR": 0.0, "CRHOUSPCT": 0.0, "MUNGL1PCT": 7378.0, "AOEGL_HS": 7378.0, "AOEGL_NR": 0.0, "E911ADDR": "369 SOUTH UNION ST", "SHAPE_Length": 0.0018452728574149559, "SHAPE_Area": 1.237978028488639e-07}, "geometry": {"type": "MultiPolygon", "coordinates": [[[[-73.20856977099999, 44.46971872800003], [-73.20933432799995, 44.46964409600008], [-73.20934569099995, 44.46977156400004], [-73.20934886499998, 44.46980669900006], [-73.20860234699995, 44.469879251000066], [-73.20856977099999, 44.46971872800003]]]]}}, {"type": "Feature", "properties": {"OBJECTID": 277223, "SPAN": "114-035-17726", "GLIST_SPAN": "114-035-17726", "MAPID": "049-4-182-001", "PARCID": "049-4-182.001", "PROPTYPE": "PARCEL", "YEAR": 2018, "GLYEAR": 2022, "TOWN": "BURLINGTON", "TNAME": "Burlington", "SOURCENAME": null, "SOURCETYPE": "UNKNOWN", "SOURCEDATE": "UNKNOWN", "EDITMETHOD": "UNKNOWN", "EDITOR": "UNKNOWN", "EDITDATE": "UNKNOWN", "MATCHSTAT": "MATCH", "EDITNOTE": "UNKNOWN", "OWNER1": "353 SOUTH UNION STREET LLC", "OWNER2": "", "ADDRGL1": "2296 GUY LOT RD", "ADDRGL2": "", "CITYGL": "CRAFTSBURY", "STGL": "VT", "ZIPGL": "05826", "DESCPROP": "", "LOCAPROP": "N", "CAT": "Residential-1", "RESCODE": "T", "ACRESGL": 0.1, "REAL_FLV": 658600, "HSTED_FLV": 0, "NRES_FLV": 658600, "LAND_LV": 210700, "IMPRV_LV": 447900, "EQUIPVAL": 0, "EQUIPCODE": "", "INVENVAL": 0, "HSDECL": "N", "HSITEVAL": 658600, "VETEXAMT": 0, "EXPDESC": "", "ENDDATE": "", "STATUTE": "", "EXAMT_HS": 0, "EXAMT_NR": 0, "UVREDUC_HS": 0, "UVREDUC_NR": 0, "GLVAL_HS": 0.0, "GLVAL_NR": 6586.0, "CRHOUSPCT": 0.0, "MUNGL1PCT": 6586.0, "AOEGL_HS": 0.0, "AOEGL_NR": 6586.0, "E911ADDR": "353 SOUTH UNION ST", "SHAPE_Length": 0.0008548567914500083, "SHAPE_Area": 4.440153522301049e-08}, "geometry": {"type": "MultiPolygon", "coordinates": [[[[-73.20911159699995, 44.47002964400008], [-73.20936618799993, 44.47000472000008], [-73.20936899399999, 44.47004182500007], [-73.20937433699999, 44.470093821000034], [-73.20938409899998, 44.470186426000055], [-73.20914908399999, 44.47020630600008], [-73.20911159699995, 44.47002964400008]]]]}}, {"type": "Feature", "properties": {"OBJECTID": 277224, "SPAN": "114-035-17727", "GLIST_SPAN": "114-035-17727", "MAPID": "049-4-183-000", "PARCID": "049-4-183.000", "PROPTYPE": "PARCEL", "YEAR": 2018, "GLYEAR": 2022, "TOWN": "BURLINGTON", "TNAME": "Burlington", "SOURCENAME": null, "SOURCETYPE": "UNKNOWN", "SOURCEDATE": "UNKNOWN", "EDITMETHOD": "UNKNOWN", "EDITOR": "UNKNOWN", "EDITDATE": "UNKNOWN", "MATCHSTAT": "MATCH", "EDITNOTE": "UNKNOWN", "OWNER1": "361 SOUTH UNION STREET LLC", "OWNER2": "", "ADDRGL1": "2296 GUY LOT RD", "ADDRGL2": "", "CITYGL": "CRAFTSBURY", "STGL": "VT", "ZIPGL": "05826", "DESCPROP": "RENO HSE INTO APTS; APT IN BSMT LTN", "LOCAPROP": "N", "CAT": "Residential-1", "RESCODE": "T", "ACRESGL": 0.29, "REAL_FLV": 940800, "HSTED_FLV": 0, "NRES_FLV": 940800, "LAND_LV": 493000, "IMPRV_LV": 447800, "EQUIPVAL": 0, "EQUIPCODE": "", "INVENVAL": 0, "HSDECL": "N", "HSITEVAL": 940800, "VETEXAMT": 0, "EXPDESC": "", "ENDDATE": "", "STATUTE": "", "EXAMT_HS": 0, "EXAMT_NR": 0, "UVREDUC_HS": 0, "UVREDUC_NR": 0, "GLVAL_HS": 0.0, "GLVAL_NR": 9408.0, "CRHOUSPCT": 0.0, "MUNGL1PCT": 9408.0, "AOEGL_HS": 0.0, "AOEGL_NR": 9408.0, "E911ADDR": "361 SOUTH UNION ST", "SHAPE_Length": 0.001835406233472337, "SHAPE_Area": 1.324329389996036e-07}, "geometry": {"type": "MultiPolygon", "coordinates": [[[[-73.20860652099998, 44.46989961400004], [-73.20935026199999, 44.46982468900006], [-73.20935746799995, 44.46990615100003], [-73.20936618799993, 44.47000472000008], [-73.20911159699995, 44.47002964400008], [-73.20864124099995, 44.47007502900004], [-73.20860652099998, 44.46989961400004]]]]}}, {"type": "Feature", "properties": {"OBJECTID": 277225, "SPAN": "114-035-17728", "GLIST_SPAN": "114-035-17728", "MAPID": "049-4-184-000", "PARCID": "049-4-184.000", "PROPTYPE": "PARCEL", "YEAR": 2018, "GLYEAR": 2022, "TOWN": "BURLINGTON", "TNAME": "Burlington", "SOURCENAME": null, "SOURCETYPE": "UNKNOWN", "SOURCEDATE": "UNKNOWN", "EDITMETHOD": "UNKNOWN", "EDITOR": "UNKNOWN", "EDITDATE": "UNKNOWN", "MATCHSTAT": "MATCH", "EDITNOTE": "UNKNOWN", "OWNER1": "MONICA L. HEATH REVOCABLE TRUS", "OWNER2": "", "ADDRGL1": "2296 GUY LOT  RD", "ADDRGL2": "", "CITYGL": "CRAFTSBURY", "STGL": "VT", "ZIPGL": "05826", "DESCPROP": "13 APTS", "LOCAPROP": "N", "CAT": "Commercial Apt", "RESCODE": "C", "ACRESGL": 0.19, "REAL_FLV": 1274300, "HSTED_FLV": 0, "NRES_FLV": 1274300, "LAND_LV": 511700, "IMPRV_LV": 762600, "EQUIPVAL": 0, "EQUIPCODE": "", "INVENVAL": 0, "HSDECL": "N", "HSITEVAL": 0, "VETEXAMT": 0, "EXPDESC": "", "ENDDATE": "", "STATUTE": "", "EXAMT_HS": 0, "EXAMT_NR": 0, "UVREDUC_HS": 0, "UVREDUC_NR": 0, "GLVAL_HS": 0.0, "GLVAL_NR": 12743.0, "CRHOUSPCT": 0.0, "MUNGL1PCT": 12743.0, "AOEGL_HS": 0.0, "AOEGL_NR": 12743.0, "E911ADDR": "355 SOUTH UNION ST", "SHAPE_Length": 0.0013090543411055458, "SHAPE_Area": 8.557134305428415e-08}, "geometry": {"type": "MultiPolygon", "coordinates": [[[[-73.20864124099995, 44.47007502900004], [-73.20911159699995, 44.47002964400008], [-73.20914908399999, 44.47020630600008], [-73.20909221999995, 44.47021340900005], [-73.20867717199997, 44.470253108000065], [-73.20864748599996, 44.47010423800003], [-73.20864124099995, 44.47007502900004]]]]}}, {"type": "Feature", "properties": {"OBJECTID": 277226, "SPAN": "114-035-17729", "GLIST_SPAN": "114-035-17729", "MAPID": "049-4-185-000", "PARCID": "049-4-185.000", "PROPTYPE": "PARCEL", "YEAR": 2018, "GLYEAR": 2022, "TOWN": "BURLINGTON", "TNAME": "Burlington", "SOURCENAME": null, "SOURCETYPE": "UNKNOWN", "SOURCEDATE": "UNKNOWN", "EDITMETHOD": "UNKNOWN", "EDITOR": "UNKNOWN", "EDITDATE": "UNKNOWN", "MATCHSTAT": "MATCH", "EDITNOTE": "UNKNOWN", "OWNER1": "DURFEE ELEAZER LEA DOLE", "OWNER2": "POST CHRISTY MICHELLE", "ADDRGL1": "347 SOUTH UNION ST", "ADDRGL2": "", "CITYGL": "BURLINGTON", "STGL": "VT", "ZIPGL": "05401", "DESCPROP": "SINGLE FAMILY HOME", "LOCAPROP": "", "CAT": "Residential-1", "RESCODE": "T", "ACRESGL": 0.16, "REAL_FLV": 1315400, "HSTED_FLV": 1315400, "NRES_FLV": 0, "LAND_LV": 221500, "IMPRV_LV": 1093900, "EQUIPVAL": 0, "EQUIPCODE": "", "INVENVAL": 0, "HSDECL": "Y", "HSITEVAL": 1315400, "VETEXAMT": 0, "EXPDESC": "", "ENDDATE": "", "STATUTE": "", "EXAMT_HS": 0, "EXAMT_NR": 0, "UVREDUC_HS": 0, "UVREDUC_NR": 0, "GLVAL_HS": 13154.0, "GLVAL_NR": 0.0, "CRHOUSPCT": 0.0, "MUNGL1PCT": 13154.0, "AOEGL_HS": 13154.0, "AOEGL_NR": 0.0, "E911ADDR": "347 SOUTH UNION ST", "SHAPE_Length": 0.0012876303226437827, "SHAPE_Area": 9.421887959585982e-08}, "geometry": {"type": "MultiPolygon", "coordinates": [[[[-73.20867717199997, 44.470253108000065], [-73.20909221999995, 44.47021340900005], [-73.20913506699998, 44.470443474000035], [-73.20872143799994, 44.470470790000036], [-73.20867717199997, 44.470253108000065]]]]}}, {"type": "Feature", "properties": {"OBJECTID": 277227, "SPAN": "114-035-17730", "GLIST_SPAN": "114-035-17730", "MAPID": "049-4-186-000", "PARCID": "049-4-186.000", "PROPTYPE": "PARCEL", "YEAR": 2018, "GLYEAR": 2022, "TOWN": "BURLINGTON", "TNAME": "Burlington", "SOURCENAME": null, "SOURCETYPE": "UNKNOWN", "SOURCEDATE": "UNKNOWN", "EDITMETHOD": "UNKNOWN", "EDITOR": "UNKNOWN", "EDITDATE": "UNKNOWN", "MATCHSTAT": "MATCH", "EDITNOTE": "UNKNOWN", "OWNER1": "LIMOGE PROPERTIES 335 SOUTH UNION LLC", "OWNER2": "", "ADDRGL1": "833 QUEEN CITY PARK RD    SUITE 31", "ADDRGL2": "", "CITYGL": "SOUTH BURLINGTON", "STGL": "VT", "ZIPGL": "05403", "DESCPROP": "6U", "LOCAPROP": "N", "CAT": "Commercial Apt", "RESCODE": "T", "ACRESGL": 0.25, "REAL_FLV": 817000, "HSTED_FLV": 0, "NRES_FLV": 817000, "LAND_LV": 531000, "IMPRV_LV": 286000, "EQUIPVAL": 0, "EQUIPCODE": "", "INVENVAL": 0, "HSDECL": "N", "HSITEVAL": 0, "VETEXAMT": 0, "EXPDESC": "", "ENDDATE": "", "STATUTE": "", "EXAMT_HS": 0, "EXAMT_NR": 0, "UVREDUC_HS": 0, "UVREDUC_NR": 0, "GLVAL_HS": 0.0, "GLVAL_NR": 8170.0, "CRHOUSPCT": 0.0, "MUNGL1PCT": 8170.0, "AOEGL_HS": 0.0, "AOEGL_NR": 8170.0, "E911ADDR": "335 SOUTH UNION ST", "SHAPE_Length": 0.0014670521659377808, "SHAPE_Area": 1.0959852855099326e-07}, "geometry": {"type": "MultiPolygon", "coordinates": [[[[-73.20873479899996, 44.47060119900004], [-73.20925519099995, 44.47056843900003], [-73.20927235299996, 44.470785585000044], [-73.20874507499997, 44.47080123200004], [-73.20873479899996, 44.47060119900004]]]]}}, {"type": "Feature", "properties": {"OBJECTID": 277228, "SPAN": "114-035-17731", "GLIST_SPAN": "114-035-17731", "MAPID": "049-4-187-000", "PARCID": "049-4-187.000", "PROPTYPE": "PARCEL", "YEAR": 2018, "GLYEAR": 2022, "TOWN": "BURLINGTON", "TNAME": "Burlington", "SOURCENAME": null, "SOURCETYPE": "UNKNOWN", "SOURCEDATE": "UNKNOWN", "EDITMETHOD": "UNKNOWN", "EDITOR": "UNKNOWN", "EDITDATE": "UNKNOWN", "MATCHSTAT": "MATCH", "EDITNOTE": "UNKNOWN", "OWNER1": "MOUNT DAVID W", "OWNER2": "MOUNT FRANCES S", "ADDRGL1": "325 SOUTH UNION STREET", "ADDRGL2": "", "CITYGL": "BURLINGTON", "STGL": "VT", "ZIPGL": "05401", "DESCPROP": "", "LOCAPROP": "N", "CAT": "Residential-1", "RESCODE": "T", "ACRESGL": 0.25, "REAL_FLV": 817700, "HSTED_FLV": 626003, "NRES_FLV": 191697, "LAND_LV": 236800, "IMPRV_LV": 580900, "EQUIPVAL": 0, "EQUIPCODE": "", "INVENVAL": 0, "HSDECL": "Y", "HSITEVAL": 626003, "VETEXAMT": 0, "EXPDESC": "", "ENDDATE": "", "STATUTE": "", "EXAMT_HS": 0, "EXAMT_NR": 0, "UVREDUC_HS": 0, "UVREDUC_NR": 0, "GLVAL_HS": 6260.0, "GLVAL_NR": 1916.97, "CRHOUSPCT": 0.0, "MUNGL1PCT": 8177.0, "AOEGL_HS": 6260.0, "AOEGL_NR": 1916.97, "E911ADDR": "325 SOUTH UNION ST", "SHAPE_Length": 0.0015695515056249544, "SHAPE_Area": 1.1467303208004229e-07}, "geometry": {"type": "MultiPolygon", "coordinates": [[[[-73.20927235299996, 44.470785585000044], [-73.20933438299994, 44.470783512000025], [-73.20934617799998, 44.47097903700006], [-73.20875526199995, 44.47099395500004], [-73.20874507499997, 44.47080123200004], [-73.20927235299996, 44.470785585000044]]]]}}, {"type": "Feature", "properties": {"OBJECTID": 277229, "SPAN": "114-035-17732", "GLIST_SPAN": "114-035-17732", "MAPID": "049-4-188-000", "PARCID": "049-4-188.000", "PROPTYPE": "PARCEL", "YEAR": 2018, "GLYEAR": 2022, "TOWN": "BURLINGTON", "TNAME": "Burlington", "SOURCENAME": null, "SOURCETYPE": "UNKNOWN", "SOURCEDATE": "UNKNOWN", "EDITMETHOD": "UNKNOWN", "EDITOR": "UNKNOWN", "EDITDATE": "UNKNOWN", "MATCHSTAT": "MATCH", "EDITNOTE": "UNKNOWN", "OWNER1": "BOUTCHER STEVEN", "OWNER2": "DENATALE LISA", "ADDRGL1": "319 SOUTH UNION STREET", "ADDRGL2": "", "CITYGL": "BURLINGTON", "STGL": "VT", "ZIPGL": "05401", "DESCPROP": "RF HAS DORMERS", "LOCAPROP": "N", "CAT": "Residential-1", "RESCODE": "T", "ACRESGL": 0.25, "REAL_FLV": 1018500, "HSTED_FLV": 1018500, "NRES_FLV": 0, "LAND_LV": 236000, "IMPRV_LV": 782500, "EQUIPVAL": 0, "EQUIPCODE": "", "INVENVAL": 0, "HSDECL": "Y", "HSITEVAL": 1018500, "VETEXAMT": 0, "EXPDESC": "", "ENDDATE": "", "STATUTE": "", "EXAMT_HS": 0, "EXAMT_NR": 0, "UVREDUC_HS": 0, "UVREDUC_NR": 0, "GLVAL_HS": 10185.0, "GLVAL_NR": 0.0, "CRHOUSPCT": 0.0, "MUNGL1PCT": 10185.0, "AOEGL_HS": 10185.0, "AOEGL_NR": 0.0, "E911ADDR": "319 SOUTH UNION ST", "SHAPE_Length": 0.0015824483920481192, "SHAPE_Area": 1.1800158915641998e-07}, "geometry": {"type": "MultiPolygon", "coordinates": [[[[-73.20875526199995, 44.47099395500004], [-73.20934617799998, 44.47097903700006], [-73.20935765599995, 44.471180891000074], [-73.20876549799993, 44.47119061500007], [-73.20875757299996, 44.47103834200004], [-73.20875526199995, 44.47099395500004]]]]}}, {"type": "Feature", "properties": {"OBJECTID": 277230, "SPAN": "114-035-17733", "GLIST_SPAN": "114-035-17733", "MAPID": "049-4-189-000", "PARCID": "049-4-189.000", "PROPTYPE": "PARCEL", "YEAR": 2018, "GLYEAR": 2022, "TOWN": "BURLINGTON", "TNAME": "Burlington", "SOURCENAME": null, "SOURCETYPE": "UNKNOWN", "SOURCEDATE": "UNKNOWN", "EDITMETHOD": "UNKNOWN", "EDITOR": "UNKNOWN", "EDITDATE": "UNKNOWN", "MATCHSTAT": "MATCH", "EDITNOTE": "UNKNOWN", "OWNER1": "SOUTH END VT LLC", "OWNER2": "", "ADDRGL1": "19 MARBLE AVENUE", "ADDRGL2": "", "CITYGL": "BURLINGTON", "STGL": "VT", "ZIPGL": "05401", "DESCPROP": "", "LOCAPROP": "N", "CAT": "Commercial Apt", "RESCODE": "C", "ACRESGL": 0.36, "REAL_FLV": 1658200, "HSTED_FLV": 0, "NRES_FLV": 1658200, "LAND_LV": 758500, "IMPRV_LV": 899700, "EQUIPVAL": 0, "EQUIPCODE": "", "INVENVAL": 0, "HSDECL": "N", "HSITEVAL": 0, "VETEXAMT": 0, "EXPDESC": "", "ENDDATE": "", "STATUTE": "", "EXAMT_HS": 0, "EXAMT_NR": 0, "UVREDUC_HS": 0, "UVREDUC_NR": 0, "GLVAL_HS": 0.0, "GLVAL_NR": 16582.0, "CRHOUSPCT": 0.0, "MUNGL1PCT": 16582.0, "AOEGL_HS": 0.0, "AOEGL_NR": 16582.0, "E911ADDR": "311 SOUTH UNION ST", "SHAPE_Length": 0.0021325554255081586, "SHAPE_Area": 1.7496394099444296e-07}, "geometry": {"type": "MultiPolygon", "coordinates": [[[[-73.20949352299994, 44.47117878200004], [-73.20963135399995, 44.47117651900004], [-73.20963497799994, 44.47128111600006], [-73.20963764299995, 44.471371376000036], [-73.20877667799994, 44.47140048600005], [-73.20876549799993, 44.47119061500007], [-73.20935765599995, 44.471180891000074], [-73.20949352299994, 44.47117878200004]]]]}}, {"type": "Feature", "properties": {"OBJECTID": 277231, "SPAN": "114-035-17734", "GLIST_SPAN": "114-035-17734", "MAPID": "049-4-190-000", "PARCID": "049-4-190.000", "PROPTYPE": "PARCEL", "YEAR": 2018, "GLYEAR": 2022, "TOWN": "BURLINGTON", "TNAME": "Burlington", "SOURCENAME": null, "SOURCETYPE": "UNKNOWN", "SOURCEDATE": "UNKNOWN", "EDITMETHOD": "UNKNOWN", "EDITOR": "UNKNOWN", "EDITDATE": "UNKNOWN", "MATCHSTAT": "MATCH", "EDITNOTE": "UNKNOWN", "OWNER1": "PONDS END CORPORATION", "OWNER2": "", "ADDRGL1": "PO BOX 64649", "ADDRGL2": "", "CITYGL": "BURLINGTON", "STGL": "VT", "ZIPGL": "05406", "DESCPROP": "7APT UNITS", "LOCAPROP": "N", "CAT": "Commercial Apt", "RESCODE": "C", "ACRESGL": 0.36, "REAL_FLV": 1178400, "HSTED_FLV": 0, "NRES_FLV": 1178400, "LAND_LV": 531000, "IMPRV_LV": 647400, "EQUIPVAL": 0, "EQUIPCODE": "", "INVENVAL": 0, "HSDECL": "N", "HSITEVAL": 0, "VETEXAMT": 0, "EXPDESC": "", "ENDDATE": "", "STATUTE": "", "EXAMT_HS": 0, "EXAMT_NR": 0, "UVREDUC_HS": 0, "UVREDUC_NR": 0, "GLVAL_HS": 0.0, "GLVAL_NR": 11784.0, "CRHOUSPCT": 0.0, "MUNGL1PCT": 11784.0, "AOEGL_HS": 0.0, "AOEGL_NR": 11784.0, "E911ADDR": "305 SOUTH UNION ST", "SHAPE_Length": 0.002112190678645359, "SHAPE_Area": 1.6910313026765412e-07}, "geometry": {"type": "MultiPolygon", "coordinates": [[[[-73.20877667799994, 44.47140048600005], [-73.20963764299995, 44.471371376000036], [-73.20964474799996, 44.47156875700006], [-73.20960627599999, 44.47157026200006], [-73.20937581799996, 44.47157788000004], [-73.20878688999994, 44.47159517600005], [-73.20877667799994, 44.47140048600005]]]]}}, {"type": "Feature", "properties": {"OBJECTID": 277232, "SPAN": "114-035-17735", "GLIST_SPAN": "114-035-17735", "MAPID": "049-4-191-000", "PARCID": "049-4-191.000", "PROPTYPE": "PARCEL", "YEAR": 2018, "GLYEAR": 2022, "TOWN": "BURLINGTON", "TNAME": "Burlington", "SOURCENAME": null, "SOURCETYPE": "UNKNOWN", "SOURCEDATE": "UNKNOWN", "EDITMETHOD": "UNKNOWN", "EDITOR": "UNKNOWN", "EDITDATE": "UNKNOWN", "MATCHSTAT": "MATCH", "EDITNOTE": "UNKNOWN", "OWNER1": "TUDHOPE MARY", "OWNER2": "", "ADDRGL1": "299 SOUTH UNION ST", "ADDRGL2": "", "CITYGL": "BURLINGTON", "STGL": "VT", "ZIPGL": "05401", "DESCPROP": "02 HAS SL.RF.", "LOCAPROP": "", "CAT": "Residential-1", "RESCODE": "T", "ACRESGL": 0.25, "REAL_FLV": 603800, "HSTED_FLV": 357039, "NRES_FLV": 246761, "LAND_LV": 235500, "IMPRV_LV": 368300, "EQUIPVAL": 0, "EQUIPCODE": "", "INVENVAL": 0, "HSDECL": "Y", "HSITEVAL": 357039, "VETEXAMT": 0, "EXPDESC": "", "ENDDATE": "", "STATUTE": "", "EXAMT_HS": 0, "EXAMT_NR": 0, "UVREDUC_HS": 0, "UVREDUC_NR": 0, "GLVAL_HS": 3570.0, "GLVAL_NR": 2467.61, "CRHOUSPCT": 0.0, "MUNGL1PCT": 6038.0, "AOEGL_HS": 3570.0, "AOEGL_NR": 2467.61, "E911ADDR": "299 SOUTH UNION ST", "SHAPE_Length": 0.001569754679277895, "SHAPE_Area": 1.1626239497385685e-07}, "geometry": {"type": "MultiPolygon", "coordinates": [[[[-73.20878688999994, 44.47159517600005], [-73.20937581799996, 44.47157788000004], [-73.20938132799995, 44.47177330400007], [-73.20879756699998, 44.47179577000003], [-73.20878688999994, 44.47159517600005]]]]}}, {"type": "Feature", "properties": {"OBJECTID": 277233, "SPAN": "114-035-17736", "GLIST_SPAN": "114-035-17736", "MAPID": "049-4-192-000", "PARCID": "049-4-192.000", "PROPTYPE": "PARCEL", "YEAR": 2018, "GLYEAR": 2022, "TOWN": "BURLINGTON", "TNAME": "Burlington", "SOURCENAME": null, "SOURCETYPE": "UNKNOWN", "SOURCEDATE": "UNKNOWN", "EDITMETHOD": "UNKNOWN", "EDITOR": "UNKNOWN", "EDITDATE": "UNKNOWN", "MATCHSTAT": "MATCH", "EDITNOTE": "UNKNOWN", "OWNER1": "GLATT DANIEL", "OWNER2": "WAITE HANNAH", "ADDRGL1": "291 SOUTH UNION STREET", "ADDRGL2": "", "CITYGL": "BURLINGTON", "STGL": "VT", "ZIPGL": "05401", "DESCPROP": "2000 - NEW SLATE LIKE ROOF", "LOCAPROP": "N", "CAT": "Residential-1", "RESCODE": "T", "ACRESGL": 0.25, "REAL_FLV": 921100, "HSTED_FLV": 0, "NRES_FLV": 921100, "LAND_LV": 235500, "IMPRV_LV": 685600, "EQUIPVAL": 0, "EQUIPCODE": "", "INVENVAL": 0, "HSDECL": "N", "HSITEVAL": 921100, "VETEXAMT": 0, "EXPDESC": "", "ENDDATE": "", "STATUTE": "", "EXAMT_HS": 0, "EXAMT_NR": 0, "UVREDUC_HS": 0, "UVREDUC_NR": 0, "GLVAL_HS": 0.0, "GLVAL_NR": 9211.0, "CRHOUSPCT": 0.0, "MUNGL1PCT": 9211.0, "AOEGL_HS": 0.0, "AOEGL_NR": 9211.0, "E911ADDR": "291 SOUTH UNION ST", "SHAPE_Length": 0.001567042210514535, "SHAPE_Area": 1.1453135271723644e-07}, "geometry": {"type": "MultiPolygon", "coordinates": [[[[-73.20879756699998, 44.47179577000003], [-73.20938132799995, 44.47177330400007], [-73.20940018099998, 44.47196794100006], [-73.20938015799999, 44.47196848700003], [-73.20880737499994, 44.471989620000045], [-73.20879756699998, 44.47179577000003]]]]}}, {"type": "Feature", "properties": {"OBJECTID": 277249, "SPAN": "114-035-17758", "GLIST_SPAN": "114-035-17758", "MAPID": "049-4-208-000", "PARCID": "049-4-208.000", "PROPTYPE": "PARCEL", "YEAR": 2018, "GLYEAR": 2022, "TOWN": "BURLINGTON", "TNAME": "Burlington", "SOURCENAME": null, "SOURCETYPE": "UNKNOWN", "SOURCEDATE": "UNKNOWN", "EDITMETHOD": "UNKNOWN", "EDITOR": "UNKNOWN", "EDITDATE": "UNKNOWN", "MATCHSTAT": "MATCH", "EDITNOTE": "UNKNOWN", "OWNER1": "PERRY REVOCABLE TRUST", "OWNER2": "PERRY JOHN F.W.", "ADDRGL1": "292 SOUTH UNION ST", "ADDRGL2": "", "CITYGL": "BURLINGTON", "STGL": "VT", "ZIPGL": "05401", "DESCPROP": "USES 1/3 OF GAR ON #19", "LOCAPROP": "N", "CAT": "Residential-1", "RESCODE": "T", "ACRESGL": 0.13, "REAL_FLV": 829500, "HSTED_FLV": 829500, "NRES_FLV": 0, "LAND_LV": 217700, "IMPRV_LV": 611800, "EQUIPVAL": 0, "EQUIPCODE": "", "INVENVAL": 0, "HSDECL": "Y", "HSITEVAL": 829500, "VETEXAMT": 0, "EXPDESC": "", "ENDDATE": "", "STATUTE": "", "EXAMT_HS": 0, "EXAMT_NR": 0, "UVREDUC_HS": 0, "UVREDUC_NR": 0, "GLVAL_HS": 8295.0, "GLVAL_NR": 0.0, "CRHOUSPCT": 0.0, "MUNGL1PCT": 8295.0, "AOEGL_HS": 8295.0, "AOEGL_NR": 0.0, "E911ADDR": "292 SOUTH UNION ST", "SHAPE_Length": 0.001065159344543881, "SHAPE_Area": 5.816622078195459e-08}, "geometry": {"type": "MultiPolygon", "coordinates": [[[[-73.20840536599997, 44.47177711200004], [-73.20857649099997, 44.47176733100008], [-73.20858660299996, 44.47192138500003], [-73.20840525999995, 44.47193066600005], [-73.20820776899996, 44.471936249000066], [-73.20819845599993, 44.47178331600003], [-73.20840536599997, 44.47177711200004]]]]}}, {"type": "Feature", "properties": {"OBJECTID": 277250, "SPAN": "114-035-17759", "GLIST_SPAN": "114-035-17759", "MAPID": "049-4-209-000", "PARCID": "049-4-209.000", "PROPTYPE": "PARCEL", "YEAR": 2018, "GLYEAR": 2022, "TOWN": "BURLINGTON", "TNAME": "Burlington", "SOURCENAME": null, "SOURCETYPE": "UNKNOWN", "SOURCEDATE": "UNKNOWN", "EDITMETHOD": "UNKNOWN", "EDITOR": "UNKNOWN", "EDITDATE": "UNKNOWN", "MATCHSTAT": "MATCH", "EDITNOTE": "UNKNOWN", "OWNER1": "HASSELBACH JOSEPH P", "OWNER2": "LICKTEIG MARY ANN", "ADDRGL1": "300 SOUTH UNION STREET", "ADDRGL2": "", "CITYGL": "BURLINGTON", "STGL": "VT", "ZIPGL": "05401", "DESCPROP": "HIP W/DORMER USES 1/3 GAR SEE #19", "LOCAPROP": "N", "CAT": "Residential-1", "RESCODE": "T", "ACRESGL": 0.13, "REAL_FLV": 780400, "HSTED_FLV": 780400, "NRES_FLV": 0, "LAND_LV": 216800, "IMPRV_LV": 563600, "EQUIPVAL": 0, "EQUIPCODE": "", "INVENVAL": 0, "HSDECL": "Y", "HSITEVAL": 780400, "VETEXAMT": 0, "EXPDESC": "", "ENDDATE": "", "STATUTE": "", "EXAMT_HS": 0, "EXAMT_NR": 0, "UVREDUC_HS": 0, "UVREDUC_NR": 0, "GLVAL_HS": 7804.0, "GLVAL_NR": 0.0, "CRHOUSPCT": 0.0, "MUNGL1PCT": 7804.0, "AOEGL_HS": 7804.0, "AOEGL_NR": 0.0, "E911ADDR": "300 SOUTH UNION ST", "SHAPE_Length": 0.0010664447410934426, "SHAPE_Area": 5.945614655706001e-08}, "geometry": {"type": "MultiPolygon", "coordinates": [[[[-73.20856677699999, 44.471613698000056], [-73.20857649099997, 44.47176733100008], [-73.20840536599997, 44.47177711200004], [-73.20819845599993, 44.47178331600003], [-73.20818949599999, 44.47162700500007], [-73.20837802299997, 44.47161870200006], [-73.20856677699999, 44.471613698000056]]]]}}, {"type": "Feature", "properties": {"OBJECTID": 277251, "SPAN": "114-035-17760", "GLIST_SPAN": "114-035-17760", "MAPID": "049-4-210-000", "PARCID": "049-4-210.000", "PROPTYPE": "PARCEL", "YEAR": 2018, "GLYEAR": 2022, "TOWN": "BURLINGTON", "TNAME": "Burlington", "SOURCENAME": null, "SOURCETYPE": "UNKNOWN", "SOURCEDATE": "UNKNOWN", "EDITMETHOD": "UNKNOWN", "EDITOR": "UNKNOWN", "EDITDATE": "UNKNOWN", "MATCHSTAT": "MATCH", "EDITNOTE": "UNKNOWN", "OWNER1": "LIMOGE PROPERTIES 306 SOUTH UNION LLC", "OWNER2": "", "ADDRGL1": "399 OLD PUMP ROAD", "ADDRGL2": "", "CITYGL": "JERICHO", "STGL": "VT", "ZIPGL": "05465", "DESCPROP": "3 UNIT APT", "LOCAPROP": "N", "CAT": "Residential-1", "RESCODE": "C", "ACRESGL": 0.2, "REAL_FLV": 695100, "HSTED_FLV": 0, "NRES_FLV": 695100, "LAND_LV": 227300, "IMPRV_LV": 467800, "EQUIPVAL": 0, "EQUIPCODE": "", "INVENVAL": 0, "HSDECL": "N", "HSITEVAL": 695100, "VETEXAMT": 0, "EXPDESC": "", "ENDDATE": "", "STATUTE": "", "EXAMT_HS": 0, "EXAMT_NR": 0, "UVREDUC_HS": 0, "UVREDUC_NR": 0, "GLVAL_HS": 0.0, "GLVAL_NR": 6951.0, "CRHOUSPCT": 0.0, "MUNGL1PCT": 6951.0, "AOEGL_HS": 0.0, "AOEGL_NR": 6951.0, "E911ADDR": "306 SOUTH UNION ST", "SHAPE_Length": 0.0012276219763631927, "SHAPE_Area": 8.84360294881399e-08}, "geometry": {"type": "MultiPolygon", "coordinates": [[[[-73.20839577799995, 44.471276716000034], [-73.20855005399994, 44.47127027500005], [-73.20856345999994, 44.471501928000066], [-73.20818147899996, 44.47151610900005], [-73.20816730899998, 44.471286288000044], [-73.20839577799995, 44.471276716000034]]]]}}, {"type": "Feature", "properties": {"OBJECTID": 277252, "SPAN": "114-035-17761", "GLIST_SPAN": "114-035-17761", "MAPID": "049-4-211-000", "PARCID": "049-4-211.000", "PROPTYPE": "PARCEL", "YEAR": 2018, "GLYEAR": 2022, "TOWN": "BURLINGTON", "TNAME": "Burlington", "SOURCENAME": null, "SOURCETYPE": "UNKNOWN", "SOURCEDATE": "UNKNOWN", "EDITMETHOD": "UNKNOWN", "EDITOR": "UNKNOWN", "EDITDATE": "UNKNOWN", "MATCHSTAT": "MATCH", "EDITNOTE": "UNKNOWN", "OWNER1": "THE HAGAN REVOCABLE TRUST", "OWNER2": "HAGAN JR. JOSEPH F.", "ADDRGL1": "316 SOUTH UNION ST", "ADDRGL2": "", "CITYGL": "BURLINGTON", "STGL": "VT", "ZIPGL": "05401", "DESCPROP": "YRBL 1848 LAND SIZE FROM GIS 2/9/94", "LOCAPROP": "N", "CAT": "Residential-1", "RESCODE": "T", "ACRESGL": 0.31, "REAL_FLV": 727100, "HSTED_FLV": 727100, "NRES_FLV": 0, "LAND_LV": 245300, "IMPRV_LV": 481800, "EQUIPVAL": 0, "EQUIPCODE": "", "INVENVAL": 0, "HSDECL": "Y", "HSITEVAL": 727100, "VETEXAMT": 0, "EXPDESC": "", "ENDDATE": "", "STATUTE": "", "EXAMT_HS": 0, "EXAMT_NR": 0, "UVREDUC_HS": 0, "UVREDUC_NR": 0, "GLVAL_HS": 7271.0, "GLVAL_NR": 0.0, "CRHOUSPCT": 0.0, "MUNGL1PCT": 7271.0, "AOEGL_HS": 7271.0, "AOEGL_NR": 0.0, "E911ADDR": "316 SOUTH UNION ST", "SHAPE_Length": 0.0019256719894768046, "SHAPE_Area": 1.4214975077138523e-07}, "geometry": {"type": "MultiPolygon", "coordinates": [[[[-73.20839241799996, 44.471096325000076], [-73.20854003999995, 44.47109189400004], [-73.20855005399994, 44.47127027500005], [-73.20839577799995, 44.471276716000034], [-73.20816730899998, 44.471286288000044], [-73.20778413299996, 44.471299069000054], [-73.20777078099997, 44.47129915200003], [-73.20775562399996, 44.47111742900006], [-73.20787418099997, 44.47111289700007], [-73.20793582299996, 44.471111250000035], [-73.20839241799996, 44.471096325000076]]]]}}, {"type": "Feature", "properties": {"OBJECTID": 277253, "SPAN": "114-035-17762", "GLIST_SPAN": "114-035-17762", "MAPID": "049-4-212-000", "PARCID": "049-4-212.000", "PROPTYPE": "PARCEL", "YEAR": 2018, "GLYEAR": 2022, "TOWN": "BURLINGTON", "TNAME": "Burlington", "SOURCENAME": null, "SOURCETYPE": "UNKNOWN", "SOURCEDATE": "UNKNOWN", "EDITMETHOD": "UNKNOWN", "EDITOR": "UNKNOWN", "EDITDATE": "UNKNOWN", "MATCHSTAT": "MATCH", "EDITNOTE": "UNKNOWN", "OWNER1": "HEATH-LOWOSITZ LIVING TRUST", "OWNER2": "", "ADDRGL1": "2296 GUY LOT  RD", "ADDRGL2": "", "CITYGL": "CRAFTSBURY", "STGL": "VT", "ZIPGL": "05826", "DESCPROP": "4APT UNITS", "LOCAPROP": "N", "CAT": "Residential-1", "RESCODE": "T", "ACRESGL": 0.2, "REAL_FLV": 874500, "HSTED_FLV": 0, "NRES_FLV": 874500, "LAND_LV": 507800, "IMPRV_LV": 366700, "EQUIPVAL": 0, "EQUIPCODE": "", "INVENVAL": 0, "HSDECL": "N", "HSITEVAL": 874500, "VETEXAMT": 0, "EXPDESC": "", "ENDDATE": "", "STATUTE": "", "EXAMT_HS": 0, "EXAMT_NR": 0, "UVREDUC_HS": 0, "UVREDUC_NR": 0, "GLVAL_HS": 0.0, "GLVAL_NR": 8745.0, "CRHOUSPCT": 0.0, "MUNGL1PCT": 8745.0, "AOEGL_HS": 0.0, "AOEGL_NR": 8745.0, "E911ADDR": "324 SOUTH UNION ST", "SHAPE_Length": 0.001503619272300156, "SHAPE_Area": 8.873449152466969e-08}, "geometry": {"type": "MultiPolygon", "coordinates": [[[[-73.20838982399994, 44.47094686500003], [-73.20853114699997, 44.470941208000056], [-73.20853580999994, 44.47102021100005], [-73.20854003999995, 44.47109189400004], [-73.20839241799996, 44.471096325000076], [-73.20793582299996, 44.471111250000035], [-73.20792508699998, 44.47097027700005], [-73.20838982399994, 44.47094686500003]]]]}}, {"type": "Feature", "properties": {"OBJECTID": 277254, "SPAN": "114-035-17763", "GLIST_SPAN": "114-035-17763", "MAPID": "049-4-213-000", "PARCID": "049-4-213.000", "PROPTYPE": "PARCEL", "YEAR": 2018, "GLYEAR": 2022, "TOWN": "BURLINGTON", "TNAME": "Burlington", "SOURCENAME": null, "SOURCETYPE": "UNKNOWN", "SOURCEDATE": "UNKNOWN", "EDITMETHOD": "UNKNOWN", "EDITOR": "UNKNOWN", "EDITDATE": "UNKNOWN", "MATCHSTAT": "MATCH", "EDITNOTE": "UNKNOWN", "OWNER1": "HILLEMANN STEFFEN", "OWNER2": "HILLEMANN KORINNA", "ADDRGL1": "334 SOUTH UNION STREET", "ADDRGL2": "", "CITYGL": "BURLINGTON", "STGL": "VT", "ZIPGL": "05401", "DESCPROP": "", "LOCAPROP": "N", "CAT": "Residential-1", "RESCODE": "T", "ACRESGL": 0.39, "REAL_FLV": 957900, "HSTED_FLV": 957900, "NRES_FLV": 0, "LAND_LV": 258800, "IMPRV_LV": 699100, "EQUIPVAL": 0, "EQUIPCODE": "", "INVENVAL": 0, "HSDECL": "Y", "HSITEVAL": 957900, "VETEXAMT": 0, "EXPDESC": "", "ENDDATE": "", "STATUTE": "", "EXAMT_HS": 0, "EXAMT_NR": 0, "UVREDUC_HS": 0, "UVREDUC_NR": 0, "GLVAL_HS": 9579.0, "GLVAL_NR": 0.0, "CRHOUSPCT": 0.0, "MUNGL1PCT": 9579.0, "AOEGL_HS": 9579.0, "AOEGL_NR": 0.0, "E911ADDR": "334 SOUTH UNION ST", "SHAPE_Length": 0.001817794769084741, "SHAPE_Area": 1.8163175216850058e-07}, "geometry": {"type": "MultiPolygon", "coordinates": [[[[-73.20838421899998, 44.47064584000003], [-73.20851370099996, 44.47063547500005], [-73.20853114699997, 44.470941208000056], [-73.20838982399994, 44.47094686500003], [-73.20792508699998, 44.47097027700005], [-73.20790193699997, 44.470679766000046], [-73.20838421899998, 44.47064584000003]]]]}}, {"type": "Feature", "properties": {"OBJECTID": 277255, "SPAN": "114-035-17764", "GLIST_SPAN": "114-035-17764", "MAPID": "049-4-214-000", "PARCID": "049-4-214.000", "PROPTYPE": "PARCEL", "YEAR": 2018, "GLYEAR": 2022, "TOWN": "BURLINGTON", "TNAME": "Burlington", "SOURCENAME": null, "SOURCETYPE": "UNKNOWN", "SOURCEDATE": "UNKNOWN", "EDITMETHOD": "UNKNOWN", "EDITOR": "UNKNOWN", "EDITDATE": "UNKNOWN", "MATCHSTAT": "MATCH", "EDITNOTE": "UNKNOWN", "OWNER1": "CARLETON SARAH", "OWNER2": "TOBIN CHARLES", "ADDRGL1": "101 SPRUCE STREET", "ADDRGL2": "", "CITYGL": "BURLINGTON", "STGL": "VT", "ZIPGL": "05401", "DESCPROP": "LOW BASEMENT", "LOCAPROP": "N", "CAT": "Residential-1", "RESCODE": "T", "ACRESGL": 0.23, "REAL_FLV": 685400, "HSTED_FLV": 685400, "NRES_FLV": 0, "LAND_LV": 232700, "IMPRV_LV": 452700, "EQUIPVAL": 0, "EQUIPCODE": "", "INVENVAL": 0, "HSDECL": "Y", "HSITEVAL": 685400, "VETEXAMT": 0, "EXPDESC": "", "ENDDATE": "", "STATUTE": "", "EXAMT_HS": 0, "EXAMT_NR": 0, "UVREDUC_HS": 0, "UVREDUC_NR": 0, "GLVAL_HS": 6854.0, "GLVAL_NR": 0.0, "CRHOUSPCT": 0.0, "MUNGL1PCT": 6854.0, "AOEGL_HS": 6854.0, "AOEGL_NR": 0.0, "E911ADDR": "346 SOUTH UNION ST", "SHAPE_Length": 0.001594040698931479, "SHAPE_Area": 1.1462806726307245e-07}, "geometry": {"type": "MultiPolygon", "coordinates": [[[[-73.20838858799993, 44.470292724000046], [-73.20846271199997, 44.47028396800005], [-73.20850317299994, 44.47047945600008], [-73.20838350599996, 44.47048947800005], [-73.20789216499998, 44.47052121100006], [-73.20786292899999, 44.47034449600005], [-73.20838858799993, 44.470292724000046]]]]}}, {"type": "Feature", "properties": {"OBJECTID": 277256, "SPAN": "114-035-17765", "GLIST_SPAN": "114-035-17765", "MAPID": "049-4-215-000", "PARCID": "049-4-215.000", "PROPTYPE": "PARCEL", "YEAR": 2018, "GLYEAR": 2022, "TOWN": "BURLINGTON", "TNAME": "Burlington", "SOURCENAME": null, "SOURCETYPE": "UNKNOWN", "SOURCEDATE": "UNKNOWN", "EDITMETHOD": "UNKNOWN", "EDITOR": "UNKNOWN", "EDITDATE": "UNKNOWN", "MATCHSTAT": "MATCH", "EDITNOTE": "UNKNOWN", "OWNER1": "HAMPELL KENNETH J.", "OWNER2": "MUELLER STEPHANIE J.", "ADDRGL1": "354 SOUTH UNION ST", "ADDRGL2": "", "CITYGL": "BURLINGTON", "STGL": "VT", "ZIPGL": "05401", "DESCPROP": "", "LOCAPROP": "N", "CAT": "Residential-1", "RESCODE": "T", "ACRESGL": 0.31, "REAL_FLV": 685900, "HSTED_FLV": 685900, "NRES_FLV": 0, "LAND_LV": 245000, "IMPRV_LV": 440900, "EQUIPVAL": 0, "EQUIPCODE": "", "INVENVAL": 0, "HSDECL": "Y", "HSITEVAL": 685900, "VETEXAMT": 0, "EXPDESC": "", "ENDDATE": "", "STATUTE": "", "EXAMT_HS": 0, "EXAMT_NR": 0, "UVREDUC_HS": 0, "UVREDUC_NR": 0, "GLVAL_HS": 6859.0, "GLVAL_NR": 0.0, "CRHOUSPCT": 0.0, "MUNGL1PCT": 6859.0, "AOEGL_HS": 6859.0, "AOEGL_NR": 0.0, "E911ADDR": "354 SOUTH UNION ST", "SHAPE_Length": 0.0016656759513722437, "SHAPE_Area": 1.3948382975438522e-07}, "geometry": {"type": "MultiPolygon", "coordinates": [[[[-73.20838616599997, 44.47006001900007], [-73.20841598099997, 44.470057162000046], [-73.20842315999994, 44.470098740000026], [-73.20846271199997, 44.47028396800005], [-73.20838858799993, 44.470292724000046], [-73.20786292899999, 44.47034449600005], [-73.20783626999997, 44.47018690200008], [-73.20783120699997, 44.47015696900007], [-73.20782281299995, 44.47011244600003], [-73.20838616599997, 44.47006001900007]]]]}}, {"type": "Feature", "properties": {"OBJECTID": 277257, "SPAN": "114-035-17766", "GLIST_SPAN": "114-035-17766", "MAPID": "049-4-216-000", "PARCID": "049-4-216.000", "PROPTYPE": "PARCEL", "YEAR": 2018, "GLYEAR": 2022, "TOWN": "BURLINGTON", "TNAME": "Burlington", "SOURCENAME": null, "SOURCETYPE": "UNKNOWN", "SOURCEDATE": "UNKNOWN", "EDITMETHOD": "UNKNOWN", "EDITOR": "UNKNOWN", "EDITDATE": "UNKNOWN", "MATCHSTAT": "MATCH", "EDITNOTE": "UNKNOWN", "OWNER1": "FELLOWS WILLIAM", "OWNER2": "SHUE TSHEN", "ADDRGL1": "362 SOUTH UNION ST", "ADDRGL2": "", "CITYGL": "BURLINGTON", "STGL": "VT", "ZIPGL": "05401", "DESCPROP": "", "LOCAPROP": "", "CAT": "Residential-1", "RESCODE": "T", "ACRESGL": 0.38, "REAL_FLV": 1070700, "HSTED_FLV": 0, "NRES_FLV": 1070700, "LAND_LV": 256500, "IMPRV_LV": 814200, "EQUIPVAL": 0, "EQUIPCODE": "", "INVENVAL": 0, "HSDECL": "N", "HSITEVAL": 1070700, "VETEXAMT": 0, "EXPDESC": "", "ENDDATE": "", "STATUTE": "", "EXAMT_HS": 0, "EXAMT_NR": 0, "UVREDUC_HS": 0, "UVREDUC_NR": 0, "GLVAL_HS": 0.0, "GLVAL_NR": 10707.0, "CRHOUSPCT": 0.0, "MUNGL1PCT": 10707.0, "AOEGL_HS": 0.0, "AOEGL_NR": 10707.0, "E911ADDR": "362 SOUTH UNION ST", "SHAPE_Length": 0.00239955174977489, "SHAPE_Area": 1.4706579036032451e-07}, "geometry": {"type": "MultiPolygon", "coordinates": [[[[-73.20798079299993, 44.46995791300003], [-73.20839231499997, 44.46991894200005], [-73.20841598099997, 44.470057162000046], [-73.20838616599997, 44.47006001900007], [-73.20782281299995, 44.47011244600003], [-73.20735782999998, 44.47015571700007], [-73.20733744199998, 44.47002039600005], [-73.20798079299993, 44.46995791300003]]]]}}, {"type": "Feature", "properties": {"OBJECTID": 277258, "SPAN": "114-035-17767", "GLIST_SPAN": "114-035-17767", "MAPID": "049-4-217-000", "PARCID": "049-4-217.000", "PROPTYPE": "PARCEL", "YEAR": 2018, "GLYEAR": 2022, "TOWN": "BURLINGTON", "TNAME": "Burlington", "SOURCENAME": null, "SOURCETYPE": "UNKNOWN", "SOURCEDATE": "UNKNOWN", "EDITMETHOD": "UNKNOWN", "EDITOR": "UNKNOWN", "EDITDATE": "UNKNOWN", "MATCHSTAT": "MATCH", "EDITNOTE": "UNKNOWN", "OWNER1": "PHILLIPS ALLAN", "OWNER2": "GURLEY JENNIFER", "ADDRGL1": "368 SOUTH UNION ST APT 2", "ADDRGL2": "", "CITYGL": "BURLINGTON", "STGL": "VT", "ZIPGL": "05401", "DESCPROP": "", "LOCAPROP": "", "CAT": "Residential-1", "RESCODE": "T", "ACRESGL": 0.37, "REAL_FLV": 572400, "HSTED_FLV": 572400, "NRES_FLV": 0, "LAND_LV": 254300, "IMPRV_LV": 318100, "EQUIPVAL": 0, "EQUIPCODE": "", "INVENVAL": 0, "HSDECL": "Y", "HSITEVAL": 572400, "VETEXAMT": 0, "EXPDESC": "", "ENDDATE": "", "STATUTE": "", "EXAMT_HS": 0, "EXAMT_NR": 0, "UVREDUC_HS": 0, "UVREDUC_NR": 0, "GLVAL_HS": 5724.0, "GLVAL_NR": 0.0, "CRHOUSPCT": 0.0, "MUNGL1PCT": 5724.0, "AOEGL_HS": 5724.0, "AOEGL_NR": 0.0, "E911ADDR": "368 SOUTH UNION ST", "SHAPE_Length": 0.0024716925563443167, "SHAPE_Area": 1.6977283613573606e-07}, "geometry": {"type": "MultiPolygon", "coordinates": [[[[-73.20798330799994, 44.46977608000003], [-73.20836346199997, 44.46974152200005], [-73.20838425499994, 44.469869635000066], [-73.20839021099994, 44.46990742400004], [-73.20839231499997, 44.46991894200005], [-73.20798079299993, 44.46995791300003], [-73.20733744199998, 44.47002039600005], [-73.20732874399994, 44.469950563000054], [-73.20751859299997, 44.469930685000065], [-73.20750511499995, 44.46982277500007], [-73.20782913599999, 44.46979067600006], [-73.20798330799994, 44.46977608000003]]]]}}, {"type": "Feature", "properties": {"OBJECTID": 277775, "SPAN": "114-035-17943", "GLIST_SPAN": "114-035-17943", "MAPID": "050-2-004-000", "PARCID": "050-2-004.000", "PROPTYPE": "PARCEL", "YEAR": 2018, "GLYEAR": 2022, "TOWN": "BURLINGTON", "TNAME": "Burlington", "SOURCENAME": null, "SOURCETYPE": "UNKNOWN", "SOURCEDATE": "UNKNOWN", "EDITMETHOD": "UNKNOWN", "EDITOR": "UNKNOWN", "EDITDATE": "UNKNOWN", "MATCHSTAT": "MATCH", "EDITNOTE": "UNKNOWN", "OWNER1": "349 S. WILLARD STREET BURLINGTON HOLDING", "OWNER2": "", "ADDRGL1": "29 MAIN ST", "ADDRGL2": "", "CITYGL": "AMESBURY", "STGL": "MA", "ZIPGL": "01913", "DESCPROP": "INN", "LOCAPROP": "N", "CAT": "Commercial", "RESCODE": "C", "ACRESGL": 1.17, "REAL_FLV": 1945400, "HSTED_FLV": 0, "NRES_FLV": 1945400, "LAND_LV": 512800, "IMPRV_LV": 1432600, "EQUIPVAL": 0, "EQUIPCODE": "", "INVENVAL": 0, "HSDECL": "N", "HSITEVAL": 0, "VETEXAMT": 0, "EXPDESC": "", "ENDDATE": "", "STATUTE": "", "EXAMT_HS": 0, "EXAMT_NR": 0, "UVREDUC_HS": 0, "UVREDUC_NR": 0, "GLVAL_HS": 0.0, "GLVAL_NR": 19454.0, "CRHOUSPCT": 0.0, "MUNGL1PCT": 19454.0, "AOEGL_HS": 0.0, "AOEGL_NR": 19454.0, "E911ADDR": "349 SOUTH WILLARD ST", "SHAPE_Length": 0.0038124352820381466, "SHAPE_Area": 6.858979029814592e-07}, "geometry": {"type": "MultiPolygon", "coordinates": [[[[-73.20617773399994, 44.47015694000004], [-73.20655477199995, 44.47012437500007], [-73.20662492699995, 44.47060049100003], [-73.20650090799995, 44.470608008000056], [-73.20614967699998, 44.47063127300004], [-73.20584356799998, 44.47065102300007], [-73.20563594399994, 44.47066516400008], [-73.20519563399995, 44.47069257000004], [-73.20516557099995, 44.47018555100004], [-73.20573564599994, 44.47016923500007], [-73.20617773399994, 44.47015694000004]]]]}}, {"type": "Feature", "properties": {"OBJECTID": 277781, "SPAN": "114-035-17949", "GLIST_SPAN": "114-035-17949", "MAPID": "050-2-010-000", "PARCID": "050-2-010.000", "PROPTYPE": "PARCEL", "YEAR": 2018, "GLYEAR": 2022, "TOWN": "BURLINGTON", "TNAME": "Burlington", "SOURCENAME": null, "SOURCETYPE": "UNKNOWN", "SOURCEDATE": "UNKNOWN", "EDITMETHOD": "UNKNOWN", "EDITOR": "UNKNOWN", "EDITDATE": "UNKNOWN", "MATCHSTAT": "MATCH", "EDITNOTE": "UNKNOWN", "OWNER1": "LEIDY ROBERT R", "OWNER2": "BAKER FAYE", "ADDRGL1": "11 TOWER TERRACE", "ADDRGL2": "", "CITYGL": "BURLINGTON", "STGL": "VT", "ZIPGL": "05401", "DESCPROP": "", "LOCAPROP": "N", "CAT": "Residential-1", "RESCODE": "T", "ACRESGL": 0.16, "REAL_FLV": 584200, "HSTED_FLV": 584200, "NRES_FLV": 0, "LAND_LV": 221200, "IMPRV_LV": 363000, "EQUIPVAL": 0, "EQUIPCODE": "", "INVENVAL": 0, "HSDECL": "Y", "HSITEVAL": 584200, "VETEXAMT": 0, "EXPDESC": "", "ENDDATE": "", "STATUTE": "", "EXAMT_HS": 0, "EXAMT_NR": 0, "UVREDUC_HS": 0, "UVREDUC_NR": 0, "GLVAL_HS": 5842.0, "GLVAL_NR": 0.0, "CRHOUSPCT": 0.0, "MUNGL1PCT": 5842.0, "AOEGL_HS": 5842.0, "AOEGL_NR": 0.0, "E911ADDR": "11 TOWER TR", "SHAPE_Length": 0.0010972768440657913, "SHAPE_Area": 7.355488366218418e-08}, "geometry": {"type": "MultiPolygon", "coordinates": [[[[-73.20593577399995, 44.47165347300006], [-73.20617330699997, 44.47164638000004], [-73.20618744899997, 44.471874513000046], [-73.20618933999998, 44.47190107900008], [-73.20619394899995, 44.47195757800006], [-73.20595877499994, 44.47196507800004], [-73.20595496499999, 44.47190969800005], [-73.20593577399995, 44.47165347300006]]]]}}, {"type": "Feature", "properties": {"OBJECTID": 277782, "SPAN": "114-035-17950", "GLIST_SPAN": "114-035-17950", "MAPID": "050-2-011-000", "PARCID": "050-2-011.000", "PROPTYPE": "PARCEL", "YEAR": 2018, "GLYEAR": 2022, "TOWN": "BURLINGTON", "TNAME": "Burlington", "SOURCENAME": null, "SOURCETYPE": "UNKNOWN", "SOURCEDATE": "UNKNOWN", "EDITMETHOD": "UNKNOWN", "EDITOR": "UNKNOWN", "EDITDATE": "UNKNOWN", "MATCHSTAT": "MATCH", "EDITNOTE": "UNKNOWN", "OWNER1": "HEWITT BRUCE L.", "OWNER2": "HEWITT CAROL C.", "ADDRGL1": "5 TOWER TERRACE", "ADDRGL2": "", "CITYGL": "BURLINGTON", "STGL": "VT", "ZIPGL": "05401", "DESCPROP": "", "LOCAPROP": "N", "CAT": "Residential-1", "RESCODE": "T", "ACRESGL": 0.16, "REAL_FLV": 633700, "HSTED_FLV": 633700, "NRES_FLV": 0, "LAND_LV": 221200, "IMPRV_LV": 412500, "EQUIPVAL": 0, "EQUIPCODE": "", "INVENVAL": 0, "HSDECL": "Y", "HSITEVAL": 633700, "VETEXAMT": 0, "EXPDESC": "", "ENDDATE": "", "STATUTE": "", "EXAMT_HS": 0, "EXAMT_NR": 0, "UVREDUC_HS": 0, "UVREDUC_NR": 0, "GLVAL_HS": 6337.0, "GLVAL_NR": 0.0, "CRHOUSPCT": 0.0, "MUNGL1PCT": 6337.0, "AOEGL_HS": 6337.0, "AOEGL_NR": 0.0, "E911ADDR": "5 TOWER TR", "SHAPE_Length": 0.0010910997000937977, "SHAPE_Area": 7.302203936124399e-08}, "geometry": {"type": "MultiPolygon", "coordinates": [[[[-73.20623258199998, 44.47164376400008], [-73.20640455899996, 44.471639466000056], [-73.20641838799997, 44.47181328200003], [-73.20641844799997, 44.47181402500007], [-73.20642262899997, 44.47186771600008], [-73.20642952199995, 44.47195063600003], [-73.20619394899995, 44.47195757800006], [-73.20618933999998, 44.47190107900008], [-73.20618744899997, 44.471874513000046], [-73.20617330699997, 44.47164638000004], [-73.20623258199998, 44.47164376400008]]]]}}, {"type": "Feature", "properties": {"OBJECTID": 277783, "SPAN": "114-035-17951", "GLIST_SPAN": "114-035-17951", "MAPID": "050-2-011-001", "PARCID": "050-2-011.001", "PROPTYPE": "PARCEL", "YEAR": 2018, "GLYEAR": 2022, "TOWN": "BURLINGTON", "TNAME": "Burlington", "SOURCENAME": null, "SOURCETYPE": "UNKNOWN", "SOURCEDATE": "UNKNOWN", "EDITMETHOD": "UNKNOWN", "EDITOR": "UNKNOWN", "EDITDATE": "UNKNOWN", "MATCHSTAT": "MATCH", "EDITNOTE": "UNKNOWN", "OWNER1": "STEPHENSON MARK A", "OWNER2": "JONES LINDA E", "ADDRGL1": "2 TOWER TERRACE", "ADDRGL2": "", "CITYGL": "BURLINGTON", "STGL": "VT", "ZIPGL": "05401", "DESCPROP": "", "LOCAPROP": "N", "CAT": "Residential-1", "RESCODE": "T", "ACRESGL": 0.11, "REAL_FLV": 618400, "HSTED_FLV": 618400, "NRES_FLV": 0, "LAND_LV": 213500, "IMPRV_LV": 404900, "EQUIPVAL": 0, "EQUIPCODE": "", "INVENVAL": 0, "HSDECL": "Y", "HSITEVAL": 618400, "VETEXAMT": 0, "EXPDESC": "", "ENDDATE": "", "STATUTE": "", "EXAMT_HS": 0, "EXAMT_NR": 0, "UVREDUC_HS": 0, "UVREDUC_NR": 0, "GLVAL_HS": 6184.0, "GLVAL_NR": 0.0, "CRHOUSPCT": 0.0, "MUNGL1PCT": 6184.0, "AOEGL_HS": 6184.0, "AOEGL_NR": 0.0, "E911ADDR": "2 TOWER TR", "SHAPE_Length": 0.00104423573609343, "SHAPE_Area": 5.299915828220394e-08}, "geometry": {"type": "MultiPolygon", "coordinates": [[[[-73.20641838799997, 44.47181328200003], [-73.20680322199996, 44.47180127100006], [-73.20681232799996, 44.47193941000006], [-73.20642952199995, 44.47195063600003], [-73.20642262899997, 44.47186771600008], [-73.20641844799997, 44.47181402500007], [-73.20641838799997, 44.47181328200003]]]]}}, {"type": "Feature", "properties": {"OBJECTID": 320371, "SPAN": null, "GLIST_SPAN": null, "MAPID": "888-8-888-888", "PARCID": null, "PROPTYPE": "PARCEL", "YEAR": 2018, "GLYEAR": null, "TOWN": "BURLINGTON", "TNAME": null, "SOURCENAME": null, "SOURCETYPE": "UNKNOWN", "SOURCEDATE": "UNKNOWN", "EDITMETHOD": "UNKNOWN", "EDITOR": "UNKNOWN", "EDITDATE": "UNKNOWN", "MATCHSTAT": "UNMATCHED", "EDITNOTE": "UNKNOWN", "OWNER1": null, "OWNER2": null, "ADDRGL1": null, "ADDRGL2": null, "CITYGL": null, "STGL": null, "ZIPGL": null, "DESCPROP": null, "LOCAPROP": null, "CAT": null, "RESCODE": null, "ACRESGL": null, "REAL_FLV": null, "HSTED_FLV": null, "NRES_FLV": null, "LAND_LV": null, "IMPRV_LV": null, "EQUIPVAL": null, "EQUIPCODE": null, "INVENVAL": null, "HSDECL": null, "HSITEVAL": null, "VETEXAMT": null, "EXPDESC": null, "ENDDATE": null, "STATUTE": null, "EXAMT_HS": null, "EXAMT_NR": null, "UVREDUC_HS": null, "UVREDUC_NR": null, "GLVAL_HS": null, "GLVAL_NR": null, "CRHOUSPCT": null, "MUNGL1PCT": null, "AOEGL_HS": null, "AOEGL_NR": null, "E911ADDR": null, "SHAPE_Length": 0.0015363713000626916, "SHAPE_Area": 1.4494374442314293e-08}, "geometry": {"type": "MultiPolygon", "coordinates": [[[[-73.20860234699995, 44.469879251000066], [-73.20934886499998, 44.46980669900006], [-73.20935026199999, 44.46982468900006], [-73.20860652099998, 44.46989961400004], [-73.20860234699995, 44.469879251000066]]]]}}, {"type": "Feature", "properties": {"OBJECTID": 320451, "SPAN": null, "GLIST_SPAN": null, "MAPID": "049-4-133-000", "PARCID": null, "PROPTYPE": "PARCEL", "YEAR": 2018, "GLYEAR": null, "TOWN": "BURLINGTON", "TNAME": null, "SOURCENAME": null, "SOURCETYPE": "UNKNOWN", "SOURCEDATE": "UNKNOWN", "EDITMETHOD": "UNKNOWN", "EDITOR": "UNKNOWN", "EDITDATE": "UNKNOWN", "MATCHSTAT": "UNMATCHED", "EDITNOTE": "UNKNOWN", "OWNER1": null, "OWNER2": null, "ADDRGL1": null, "ADDRGL2": null, "CITYGL": null, "STGL": null, "ZIPGL": null, "DESCPROP": null, "LOCAPROP": null, "CAT": null, "RESCODE": null, "ACRESGL": null, "REAL_FLV": null, "HSTED_FLV": null, "NRES_FLV": null, "LAND_LV": null, "IMPRV_LV": null, "EQUIPVAL": null, "EQUIPCODE": null, "INVENVAL": null, "HSDECL": null, "HSITEVAL": null, "VETEXAMT": null, "EXPDESC": null, "ENDDATE": null, "STATUTE": null, "EXAMT_HS": null, "EXAMT_NR": null, "UVREDUC_HS": null, "UVREDUC_NR": null, "GLVAL_HS": null, "GLVAL_NR": null, "CRHOUSPCT": null, "MUNGL1PCT": null, "AOEGL_HS": null, "AOEGL_NR": null, "E911ADDR": null, "SHAPE_Length": 0.0022749559967486046, "SHAPE_Area": 2.4716415458669174e-07}, "geometry": {"type": "MultiPolygon", "coordinates": [[[[-73.20963497799994, 44.47128111600006], [-73.21047620999997, 44.471244529000046], [-73.21049016099994, 44.47148799000007], [-73.21049276499997, 44.47154070500005], [-73.21026191799996, 44.47154846900003], [-73.20991132499995, 44.47156006900008], [-73.20964474799996, 44.47156875700006], [-73.20963764299995, 44.471371376000036], [-73.20963497799994, 44.47128111600006]]]]}}, {"type": "Feature", "properties": {"OBJECTID": 269094, "SPAN": "114-035-18154", "GLIST_SPAN": "114-035-18154", "MAPID": "050-4-001-000", "PARCID": "050-4-001.000", "PROPTYPE": "PARCEL", "YEAR": 2018, "GLYEAR": 2022, "TOWN": "BURLINGTON", "TNAME": "Burlington", "SOURCENAME": null, "SOURCETYPE": "UNKNOWN", "SOURCEDATE": "UNKNOWN", "EDITMETHOD": "UNKNOWN", "EDITOR": "UNKNOWN", "EDITDATE": "UNKNOWN", "MATCHSTAT": "MATCH", "EDITNOTE": "UNKNOWN", "OWNER1": "RASKIN YTZCHOK", "OWNER2": "RASKIN DEVORAH ZISA", "ADDRGL1": "221 SUMMIT STREET", "ADDRGL2": "", "CITYGL": "BURLINGTON", "STGL": "VT", "ZIPGL": "05401", "DESCPROP": "1 FAMILY HSE", "LOCAPROP": "", "CAT": "Residential-1", "RESCODE": "T", "ACRESGL": 0.27, "REAL_FLV": 962500, "HSTED_FLV": 0, "NRES_FLV": 962500, "LAND_LV": 238300, "IMPRV_LV": 724200, "EQUIPVAL": 0, "EQUIPCODE": "", "INVENVAL": 0, "HSDECL": "N", "HSITEVAL": 962500, "VETEXAMT": 0, "EXPDESC": "", "ENDDATE": "", "STATUTE": "", "EXAMT_HS": 0, "EXAMT_NR": 0, "UVREDUC_HS": 0, "UVREDUC_NR": 0, "GLVAL_HS": 0.0, "GLVAL_NR": 9625.0, "CRHOUSPCT": 0.0, "MUNGL1PCT": 9625.0, "AOEGL_HS": 0.0, "AOEGL_NR": 9625.0, "E911ADDR": "221 SUMMIT ST", "SHAPE_Length": 0.0014285964503034682, "SHAPE_Area": 1.2278271203781852e-07}, "geometry": {"type": "MultiPolygon", "coordinates": [[[[-73.20206112899996, 44.46984511900007], [-73.20249215999996, 44.46982798500005], [-73.20250977499995, 44.47011782900006], [-73.20209127099997, 44.47013165200008], [-73.20206112899996, 44.46984511900007]]]]}}, {"type": "Feature", "properties": {"OBJECTID": 269341, "SPAN": "114-035-18165", "GLIST_SPAN": "114-035-18165", "MAPID": "050-4-012-000", "PARCID": "050-4-012.000", "PROPTYPE": "PARCEL", "YEAR": 2018, "GLYEAR": 2022, "TOWN": "BURLINGTON", "TNAME": "Burlington", "SOURCENAME": null, "SOURCETYPE": "UNKNOWN", "SOURCEDATE": "UNKNOWN", "EDITMETHOD": "UNKNOWN", "EDITOR": "UNKNOWN", "EDITDATE": "UNKNOWN", "MATCHSTAT": "MATCH", "EDITNOTE": "UNKNOWN", "OWNER1": "THE HOWES FAMILY TRUST", "OWNER2": "", "ADDRGL1": "89 EVENING SIDE ROAD", "ADDRGL2": "", "CITYGL": "GREENSBORO", "STGL": "VT", "ZIPGL": "05841", "DESCPROP": "SINGLE FAMILY HOUSE", "LOCAPROP": "", "CAT": "Residential-1", "RESCODE": "T", "ACRESGL": 0.4, "REAL_FLV": 1703700, "HSTED_FLV": 0, "NRES_FLV": 1703700, "LAND_LV": 260000, "IMPRV_LV": 1443700, "EQUIPVAL": 0, "EQUIPCODE": "", "INVENVAL": 0, "HSDECL": "N", "HSITEVAL": 1703700, "VETEXAMT": 0, "EXPDESC": "", "ENDDATE": "", "STATUTE": "", "EXAMT_HS": 0, "EXAMT_NR": 0, "UVREDUC_HS": 0, "UVREDUC_NR": 0, "GLVAL_HS": 0.0, "GLVAL_NR": 17037.0, "CRHOUSPCT": 0.0, "MUNGL1PCT": 17037.0, "AOEGL_HS": 0.0, "AOEGL_NR": 17037.0, "E911ADDR": "154 SUMMIT ST", "SHAPE_Length": 0.0018805312564404205, "SHAPE_Area": 1.8214006781844272e-07}, "geometry": {"type": "MultiPolygon", "coordinates": [[[[-73.20126948899997, 44.47162766000008], [-73.20193486999995, 44.471598965000055], [-73.20195543399996, 44.47187276000005], [-73.20132573799998, 44.47189715800005], [-73.20128726199994, 44.47189837900004], [-73.20126948899997, 44.47162766000008]]]]}}, {"type": "Feature", "properties": {"OBJECTID": 269438, "SPAN": "114-035-18166", "GLIST_SPAN": "114-035-18166", "MAPID": "050-4-013-000", "PARCID": "050-4-013.000", "PROPTYPE": "PARCEL", "YEAR": 2018, "GLYEAR": 2022, "TOWN": "BURLINGTON", "TNAME": "Burlington", "SOURCENAME": null, "SOURCETYPE": "UNKNOWN", "SOURCEDATE": "UNKNOWN", "EDITMETHOD": "UNKNOWN", "EDITOR": "UNKNOWN", "EDITDATE": "UNKNOWN", "MATCHSTAT": "MATCH", "EDITNOTE": "UNKNOWN", "OWNER1": "JULIE C. RICHARDS FAMILY TRUST", "OWNER2": "EUGENE E. RICHARDS III FAMILY TRUST", "ADDRGL1": "168 SUMMIT ST", "ADDRGL2": "", "CITYGL": "BURLINGTON", "STGL": "VT", "ZIPGL": "05401", "DESCPROP": "1-FAMILY HSE", "LOCAPROP": "", "CAT": "Residential-1", "RESCODE": "T", "ACRESGL": 0.4, "REAL_FLV": 834700, "HSTED_FLV": 834700, "NRES_FLV": 0, "LAND_LV": 261100, "IMPRV_LV": 573600, "EQUIPVAL": 0, "EQUIPCODE": "", "INVENVAL": 0, "HSDECL": "Y", "HSITEVAL": 834700, "VETEXAMT": 0, "EXPDESC": "", "ENDDATE": "", "STATUTE": "", "EXAMT_HS": 0, "EXAMT_NR": 0, "UVREDUC_HS": 0, "UVREDUC_NR": 0, "GLVAL_HS": 8347.0, "GLVAL_NR": 0.0, "CRHOUSPCT": 0.0, "MUNGL1PCT": 8347.0, "AOEGL_HS": 8347.0, "AOEGL_NR": 0.0, "E911ADDR": "168 SUMMIT ST", "SHAPE_Length": 0.0018777460666166215, "SHAPE_Area": 1.813203484184677e-07}, "geometry": {"type": "MultiPolygon", "coordinates": [[[[-73.20124856199999, 44.47135611700003], [-73.20191631199998, 44.47132853200003], [-73.20193486999995, 44.471598965000055], [-73.20126948899997, 44.47162766000008], [-73.20125246399994, 44.47141951100008], [-73.20124856199999, 44.47135611700003]]]]}}, {"type": "Feature", "properties": {"OBJECTID": 269490, "SPAN": "114-035-18177", "GLIST_SPAN": "114-035-18177", "MAPID": "050-4-024-000", "PARCID": "050-4-024.000", "PROPTYPE": "PARCEL", "YEAR": 2018, "GLYEAR": 2022, "TOWN": "BURLINGTON", "TNAME": "Burlington", "SOURCENAME": null, "SOURCETYPE": "UNKNOWN", "SOURCEDATE": "UNKNOWN", "EDITMETHOD": "UNKNOWN", "EDITOR": "UNKNOWN", "EDITDATE": "UNKNOWN", "MATCHSTAT": "MATCH", "EDITNOTE": "UNKNOWN", "OWNER1": "GEORGAKIS RENTAL LLC", "OWNER2": "", "ADDRGL1": "71 PAULINE'S WAY", "ADDRGL2": "", "CITYGL": "COLCHESTER", "STGL": "VT", "ZIPGL": "05446", "DESCPROP": "L & B 9U", "LOCAPROP": "N", "CAT": "Commercial Apt", "RESCODE": "C", "ACRESGL": 0.31, "REAL_FLV": 923900, "HSTED_FLV": 0, "NRES_FLV": 923900, "LAND_LV": 455100, "IMPRV_LV": 468800, "EQUIPVAL": 0, "EQUIPCODE": "", "INVENVAL": 0, "HSDECL": "N", "HSITEVAL": 0, "VETEXAMT": 0, "EXPDESC": "", "ENDDATE": "", "STATUTE": "", "EXAMT_HS": 0, "EXAMT_NR": 0, "UVREDUC_HS": 0, "UVREDUC_NR": 0, "GLVAL_HS": 0.0, "GLVAL_NR": 9239.0, "CRHOUSPCT": 0.0, "MUNGL1PCT": 9239.0, "AOEGL_HS": 0.0, "AOEGL_NR": 9239.0, "E911ADDR": "188 CLIFF ST", "SHAPE_Length": 0.0015208054317676, "SHAPE_Area": 1.4222652144377872e-07}, "geometry": {"type": "MultiPolygon", "coordinates": [[[[-73.20084497199997, 44.46989294600007], [-73.20117707999998, 44.469879939000066], [-73.20118943699998, 44.47012467700006], [-73.20119874099998, 44.47031135900005], [-73.20086653799996, 44.47031663200005], [-73.20084497199997, 44.46989294600007]]]]}}, {"type": "Feature", "properties": {"OBJECTID": 276198, "SPAN": "114-035-17964", "GLIST_SPAN": "114-035-17964", "MAPID": "050-2-023-000", "PARCID": "050-2-023.000", "PROPTYPE": "PARCEL", "YEAR": 2018, "GLYEAR": 2022, "TOWN": "BURLINGTON", "TNAME": "Burlington", "SOURCENAME": null, "SOURCETYPE": "UNKNOWN", "SOURCEDATE": "UNKNOWN", "EDITMETHOD": "UNKNOWN", "EDITOR": "UNKNOWN", "EDITDATE": "UNKNOWN", "MATCHSTAT": "MATCH", "EDITNOTE": "UNKNOWN", "OWNER1": "PLANTE TIMOTHY BLAKE", "OWNER2": "CODERRE EMILY LOUISA", "ADDRGL1": "300 SOUTH WILLARD ST", "ADDRGL2": "", "CITYGL": "BURLINGTON", "STGL": "VT", "ZIPGL": "05401", "DESCPROP": "SINGLE FAMILY HOUSE", "LOCAPROP": "", "CAT": "Residential-1", "RESCODE": "T", "ACRESGL": 0.37, "REAL_FLV": 666300, "HSTED_FLV": 666300, "NRES_FLV": 0, "LAND_LV": 254900, "IMPRV_LV": 411400, "EQUIPVAL": 0, "EQUIPCODE": "", "INVENVAL": 0, "HSDECL": "Y", "HSITEVAL": 666300, "VETEXAMT": 0, "EXPDESC": "", "ENDDATE": "", "STATUTE": "", "EXAMT_HS": 0, "EXAMT_NR": 0, "UVREDUC_HS": 0, "UVREDUC_NR": 0, "GLVAL_HS": 6663.0, "GLVAL_NR": 0.0, "CRHOUSPCT": 0.0, "MUNGL1PCT": 6663.0, "AOEGL_HS": 6663.0, "AOEGL_NR": 0.0, "E911ADDR": "300 SOUTH WILLARD ST", "SHAPE_Length": 0.0020259893301052805, "SHAPE_Area": 1.7432602620401962e-07}, "geometry": {"type": "MultiPolygon", "coordinates": [[[[-73.20423050899996, 44.47166132900003], [-73.20502124499995, 44.471638029000076], [-73.20503642599994, 44.471855048000066], [-73.20424181899995, 44.471883293000076], [-73.20423050899996, 44.47166132900003]]]]}}, {"type": "Feature", "properties": {"OBJECTID": 276599, "SPAN": "114-035-17965", "GLIST_SPAN": "114-035-17965", "MAPID": "050-2-024-000", "PARCID": "050-2-024.000", "PROPTYPE": "PARCEL", "YEAR": 2018, "GLYEAR": 2022, "TOWN": "BURLINGTON", "TNAME": "Burlington", "SOURCENAME": null, "SOURCETYPE": "UNKNOWN", "SOURCEDATE": "UNKNOWN", "EDITMETHOD": "UNKNOWN", "EDITOR": "UNKNOWN", "EDITDATE": "UNKNOWN", "MATCHSTAT": "MATCH", "EDITNOTE": "UNKNOWN", "OWNER1": "RICHARDS SCOTT", "OWNER2": "DONOHUE KATHLEEN", "ADDRGL1": "96 HENRY STREET", "ADDRGL2": "", "CITYGL": "BURLINGTON", "STGL": "VT", "ZIPGL": "05401", "DESCPROP": "LAND SIZE FROM DEED 1/20/94", "LOCAPROP": "N", "CAT": "Residential-1", "RESCODE": "T", "ACRESGL": 0.32, "REAL_FLV": 583000, "HSTED_FLV": 0, "NRES_FLV": 583000, "LAND_LV": 247000, "IMPRV_LV": 336000, "EQUIPVAL": 0, "EQUIPCODE": "", "INVENVAL": 0, "HSDECL": "N", "HSITEVAL": 583000, "VETEXAMT": 0, "EXPDESC": "", "ENDDATE": "", "STATUTE": "", "EXAMT_HS": 0, "EXAMT_NR": 0, "UVREDUC_HS": 0, "UVREDUC_NR": 0, "GLVAL_HS": 0.0, "GLVAL_NR": 5830.0, "CRHOUSPCT": 0.0, "MUNGL1PCT": 5830.0, "AOEGL_HS": 0.0, "AOEGL_NR": 5830.0, "E911ADDR": "308 SOUTH WILLARD ST", "SHAPE_Length": 0.001973072571120106, "SHAPE_Area": 1.5573451935504547e-07}, "geometry": {"type": "MultiPolygon", "coordinates": [[[[-73.20469259699996, 44.47144980300004], [-73.20500706999997, 44.47143928500003], [-73.20500808999998, 44.47145882400008], [-73.20502124499995, 44.471638029000076], [-73.20423050899996, 44.47166132900003], [-73.20422747499998, 44.471604960000036], [-73.20422030599997, 44.47146607500008], [-73.20469259699996, 44.47144980300004]]]]}}, {"type": "Feature", "properties": {"OBJECTID": 276601, "SPAN": "114-035-17966", "GLIST_SPAN": "114-035-17966", "MAPID": "050-2-025-000", "PARCID": "050-2-025.000", "PROPTYPE": "PARCEL", "YEAR": 2018, "GLYEAR": 2022, "TOWN": "BURLINGTON", "TNAME": "Burlington", "SOURCENAME": null, "SOURCETYPE": "UNKNOWN", "SOURCEDATE": "UNKNOWN", "EDITMETHOD": "UNKNOWN", "EDITOR": "UNKNOWN", "EDITDATE": "UNKNOWN", "MATCHSTAT": "MATCH", "EDITNOTE": "UNKNOWN", "OWNER1": "DONAHUE STEPHEN J.", "OWNER2": "", "ADDRGL1": "316 SOUTH WILLARD ST", "ADDRGL2": "", "CITYGL": "BURLINGTON", "STGL": "VT", "ZIPGL": "05401", "DESCPROP": "", "LOCAPROP": "", "CAT": "Residential-1", "RESCODE": "T", "ACRESGL": 0.33, "REAL_FLV": 671900, "HSTED_FLV": 671900, "NRES_FLV": 0, "LAND_LV": 248900, "IMPRV_LV": 423000, "EQUIPVAL": 0, "EQUIPCODE": "", "INVENVAL": 0, "HSDECL": "Y", "HSITEVAL": 671900, "VETEXAMT": 0, "EXPDESC": "", "ENDDATE": "", "STATUTE": "", "EXAMT_HS": 0, "EXAMT_NR": 0, "UVREDUC_HS": 0, "UVREDUC_NR": 0, "GLVAL_HS": 6719.0, "GLVAL_NR": 0.0, "CRHOUSPCT": 0.0, "MUNGL1PCT": 6719.0, "AOEGL_HS": 6719.0, "AOEGL_NR": 0.0, "E911ADDR": "316 SOUTH WILLARD ST", "SHAPE_Length": 0.0019643214789031556, "SHAPE_Area": 1.5460651271369086e-07}, "geometry": {"type": "MultiPolygon", "coordinates": [[[[-73.20421047999997, 44.47126955300007], [-73.20499291599998, 44.47124236800005], [-73.20500567299996, 44.47142115300005], [-73.20500706999997, 44.47143928500003], [-73.20469259699996, 44.47144980300004], [-73.20422030599997, 44.47146607500008], [-73.20421364899994, 44.47133717000003], [-73.20421047999997, 44.47126955300007]]]]}}, {"type": "Feature", "properties": {"OBJECTID": 276603, "SPAN": "114-035-17967", "GLIST_SPAN": "114-035-17967", "MAPID": "050-2-026-000", "PARCID": "050-2-026.000", "PROPTYPE": "PARCEL", "YEAR": 2018, "GLYEAR": 2022, "TOWN": "BURLINGTON", "TNAME": "Burlington", "SOURCENAME": null, "SOURCETYPE": "UNKNOWN", "SOURCEDATE": "UNKNOWN", "EDITMETHOD": "UNKNOWN", "EDITOR": "UNKNOWN", "EDITDATE": "UNKNOWN", "MATCHSTAT": "MATCH", "EDITNOTE": "UNKNOWN", "OWNER1": "MUELLER JUDITH", "OWNER2": "", "ADDRGL1": "324 SOUTH WILLARD ST", "ADDRGL2": "", "CITYGL": "BURLINGTON", "STGL": "VT", "ZIPGL": "05401", "DESCPROP": "1 UNIT HOUSE", "LOCAPROP": "N", "CAT": "Residential-1", "RESCODE": "T", "ACRESGL": 0.34, "REAL_FLV": 752500, "HSTED_FLV": 606572, "NRES_FLV": 145928, "LAND_LV": 249300, "IMPRV_LV": 503200, "EQUIPVAL": 0, "EQUIPCODE": "", "INVENVAL": 0, "HSDECL": "Y", "HSITEVAL": 606572, "VETEXAMT": 0, "EXPDESC": "", "ENDDATE": "", "STATUTE": "", "EXAMT_HS": 0, "EXAMT_NR": 0, "UVREDUC_HS": 0, "UVREDUC_NR": 0, "GLVAL_HS": 6066.0, "GLVAL_NR": 1459.28, "CRHOUSPCT": 0.0, "MUNGL1PCT": 7525.0, "AOEGL_HS": 6066.0, "AOEGL_NR": 1459.28, "E911ADDR": "324 SOUTH WILLARD ST", "SHAPE_Length": 0.0019735077957788397, "SHAPE_Area": 1.6055009790101838e-07}, "geometry": {"type": "MultiPolygon", "coordinates": [[[[-73.20419936099995, 44.471063478000076], [-73.20497827999998, 44.47103800200006], [-73.20499291599998, 44.47124236800005], [-73.20421047999997, 44.47126955300007], [-73.20419936099995, 44.471063478000076]]]]}}, {"type": "Feature", "properties": {"OBJECTID": 276604, "SPAN": "114-035-17968", "GLIST_SPAN": "114-035-17968", "MAPID": "050-2-027-000", "PARCID": "050-2-027.000", "PROPTYPE": "PARCEL", "YEAR": 2018, "GLYEAR": 2022, "TOWN": "BURLINGTON", "TNAME": "Burlington", "SOURCENAME": null, "SOURCETYPE": "UNKNOWN", "SOURCEDATE": "UNKNOWN", "EDITMETHOD": "UNKNOWN", "EDITOR": "UNKNOWN", "EDITDATE": "UNKNOWN", "MATCHSTAT": "MATCH", "EDITNOTE": "UNKNOWN", "OWNER1": "JACOBS ERIC", "OWNER2": "JACOBS RACHEL", "ADDRGL1": "88 NORTH PROSPECT ST", "ADDRGL2": "", "CITYGL": "BURLINGTON", "STGL": "VT", "ZIPGL": "05401", "DESCPROP": "", "LOCAPROP": "N", "CAT": "Residential-1", "RESCODE": "T", "ACRESGL": 0.34, "REAL_FLV": 362900, "HSTED_FLV": 0, "NRES_FLV": 362900, "LAND_LV": 250100, "IMPRV_LV": 112800, "EQUIPVAL": 0, "EQUIPCODE": "", "INVENVAL": 0, "HSDECL": "N", "HSITEVAL": 0, "VETEXAMT": 0, "EXPDESC": "", "ENDDATE": "", "STATUTE": "", "EXAMT_HS": 0, "EXAMT_NR": 0, "UVREDUC_HS": 0, "UVREDUC_NR": 0, "GLVAL_HS": 0.0, "GLVAL_NR": 3629.0, "CRHOUSPCT": 0.0, "MUNGL1PCT": 3629.0, "AOEGL_HS": 0.0, "AOEGL_NR": 3629.0, "E911ADDR": "332 SOUTH WILLARD ST", "SHAPE_Length": 0.0019697084519188536, "SHAPE_Area": 1.6123126068917567e-07}, "geometry": {"type": "MultiPolygon", "coordinates": [[[[-73.20418900599998, 44.47085556900004], [-73.20496401299994, 44.47083166400006], [-73.20497827999998, 44.47103800200006], [-73.20419936099995, 44.471063478000076], [-73.20418900599998, 44.47085556900004]]]]}}, {"type": "Feature", "properties": {"OBJECTID": 276606, "SPAN": "114-035-17969", "GLIST_SPAN": "114-035-17969", "MAPID": "050-2-028-000", "PARCID": "050-2-028.000", "PROPTYPE": "PARCEL", "YEAR": 2018, "GLYEAR": 2022, "TOWN": "BURLINGTON", "TNAME": "Burlington", "SOURCENAME": null, "SOURCETYPE": "UNKNOWN", "SOURCEDATE": "UNKNOWN", "EDITMETHOD": "UNKNOWN", "EDITOR": "UNKNOWN", "EDITDATE": "UNKNOWN", "MATCHSTAT": "MATCH", "EDITNOTE": "UNKNOWN", "OWNER1": "ALBEE KRISTIN C.", "OWNER2": "ALBEE JACOB S.", "ADDRGL1": "340 SOUTH WILLARD ST", "ADDRGL2": "", "CITYGL": "BURLINGTON", "STGL": "VT", "ZIPGL": "05401", "DESCPROP": "", "LOCAPROP": "N", "CAT": "Residential-1", "RESCODE": "T", "ACRESGL": 0.34, "REAL_FLV": 649200, "HSTED_FLV": 649200, "NRES_FLV": 0, "LAND_LV": 250100, "IMPRV_LV": 399100, "EQUIPVAL": 0, "EQUIPCODE": "", "INVENVAL": 0, "HSDECL": "Y", "HSITEVAL": 649200, "VETEXAMT": 0, "EXPDESC": "", "ENDDATE": "", "STATUTE": "", "EXAMT_HS": 0, "EXAMT_NR": 0, "UVREDUC_HS": 0, "UVREDUC_NR": 0, "GLVAL_HS": 6492.0, "GLVAL_NR": 0.0, "CRHOUSPCT": 0.0, "MUNGL1PCT": 6492.0, "AOEGL_HS": 6492.0, "AOEGL_NR": 0.0, "E911ADDR": "340 SOUTH WILLARD ST", "SHAPE_Length": 0.0019593785782205057, "SHAPE_Area": 1.5944423101946797e-07}, "geometry": {"type": "MultiPolygon", "coordinates": [[[[-73.20417789099997, 44.47064977500003], [-73.20494896699995, 44.470625754000025], [-73.20496401299994, 44.47083166400006], [-73.20418900599998, 44.47085556900004], [-73.20418546599996, 44.470789782000054], [-73.20417789099997, 44.47064977500003]]]]}}, {"type": "Feature", "properties": {"OBJECTID": 276608, "SPAN": "114-035-17972", "GLIST_SPAN": "114-035-17972", "MAPID": "050-2-030-000", "PARCID": "050-2-030.000", "PROPTYPE": "PARCEL", "YEAR": 2018, "GLYEAR": 2022, "TOWN": "BURLINGTON", "TNAME": "Burlington", "SOURCENAME": null, "SOURCETYPE": "UNKNOWN", "SOURCEDATE": "UNKNOWN", "EDITMETHOD": "UNKNOWN", "EDITOR": "UNKNOWN", "EDITDATE": "UNKNOWN", "MATCHSTAT": "MATCH", "EDITNOTE": "UNKNOWN", "OWNER1": "SEBASTIANO PAUL A", "OWNER2": "", "ADDRGL1": "350 SOUTH WILLARD STREET", "ADDRGL2": "", "CITYGL": "BURLINGTON", "STGL": "VT", "ZIPGL": "05401", "DESCPROP": "LAND SIZE FROM GIS 2/9/94", "LOCAPROP": "N", "CAT": "Residential-1", "RESCODE": "T", "ACRESGL": 0.28, "REAL_FLV": 665600, "HSTED_FLV": 665600, "NRES_FLV": 0, "LAND_LV": 240700, "IMPRV_LV": 424900, "EQUIPVAL": 0, "EQUIPCODE": "", "INVENVAL": 0, "HSDECL": "Y", "HSITEVAL": 665600, "VETEXAMT": 0, "EXPDESC": "", "ENDDATE": "", "STATUTE": "", "EXAMT_HS": 0, "EXAMT_NR": 0, "UVREDUC_HS": 0, "UVREDUC_NR": 0, "GLVAL_HS": 6656.0, "GLVAL_NR": 0.0, "CRHOUSPCT": 0.0, "MUNGL1PCT": 6656.0, "AOEGL_HS": 6656.0, "AOEGL_NR": 0.0, "E911ADDR": "350 SOUTH WILLARD ST", "SHAPE_Length": 0.0016698649494505894, "SHAPE_Area": 1.2919052645518628e-07}, "geometry": {"type": "MultiPolygon", "coordinates": [[[[-73.20429230299999, 44.470235374000026], [-73.20492006199999, 44.47021476900005], [-73.20493431299997, 44.470419840000034], [-73.20430340499996, 44.47044004400004], [-73.20429230299999, 44.470235374000026]]]]}}, {"type": "Feature", "properties": {"OBJECTID": 276610, "SPAN": "114-035-17973", "GLIST_SPAN": "114-035-17973", "MAPID": "050-2-031-000", "PARCID": "050-2-031.000", "PROPTYPE": "PARCEL", "YEAR": 2018, "GLYEAR": 2022, "TOWN": "BURLINGTON", "TNAME": "Burlington", "SOURCENAME": null, "SOURCETYPE": "UNKNOWN", "SOURCEDATE": "UNKNOWN", "EDITMETHOD": "UNKNOWN", "EDITOR": "UNKNOWN", "EDITDATE": "UNKNOWN", "MATCHSTAT": "MATCH", "EDITNOTE": "UNKNOWN", "OWNER1": "BOARDMAN BRIAN M.", "OWNER2": "BOARDMAN SUSAN BROOKS", "ADDRGL1": "1 SUMMIT  RDG", "ADDRGL2": "", "CITYGL": "BURLINGTON", "STGL": "VT", "ZIPGL": "05401", "DESCPROP": "SINGLE FAMILY HOUSE", "LOCAPROP": "", "CAT": "Residential-1", "RESCODE": "T", "ACRESGL": 0.48, "REAL_FLV": 1239300, "HSTED_FLV": 1239300, "NRES_FLV": 0, "LAND_LV": 327200, "IMPRV_LV": 912100, "EQUIPVAL": 0, "EQUIPCODE": "", "INVENVAL": 0, "HSDECL": "Y", "HSITEVAL": 1239300, "VETEXAMT": 0, "EXPDESC": "", "ENDDATE": "", "STATUTE": "", "EXAMT_HS": 0, "EXAMT_NR": 0, "UVREDUC_HS": 0, "UVREDUC_NR": 0, "GLVAL_HS": 12393.0, "GLVAL_NR": 0.0, "CRHOUSPCT": 0.0, "MUNGL1PCT": 12393.0, "AOEGL_HS": 12393.0, "AOEGL_NR": 0.0, "E911ADDR": "1 SUMMIT RG", "SHAPE_Length": 0.001892292921557106, "SHAPE_Area": 2.1660582093039958e-07}, "geometry": {"type": "MultiPolygon", "coordinates": [[[[-73.20355875899997, 44.46978696900004], [-73.20410852299995, 44.46976495500007], [-73.20413525299995, 44.47000470000006], [-73.20415101899994, 44.47014611000003], [-73.20358942199994, 44.47018163200005], [-73.20355875899997, 44.46978696900004]]]]}}, {"type": "Feature", "properties": {"OBJECTID": 276612, "SPAN": "114-035-17974", "GLIST_SPAN": "114-035-17974", "MAPID": "050-2-032-000", "PARCID": "050-2-032.000", "PROPTYPE": "PARCEL", "YEAR": 2018, "GLYEAR": 2022, "TOWN": "BURLINGTON", "TNAME": "Burlington", "SOURCENAME": null, "SOURCETYPE": "UNKNOWN", "SOURCEDATE": "UNKNOWN", "EDITMETHOD": "UNKNOWN", "EDITOR": "UNKNOWN", "EDITDATE": "UNKNOWN", "MATCHSTAT": "MATCH", "EDITNOTE": "UNKNOWN", "OWNER1": "MORIN III FREDERICK C.", "OWNER2": "MORIN TRACY H.", "ADDRGL1": "21 SUMMIT RIDGE", "ADDRGL2": "", "CITYGL": "BURLINGTON", "STGL": "VT", "ZIPGL": "05401", "DESCPROP": "SINGLE FAM HOUSE", "LOCAPROP": "", "CAT": "Residential-1", "RESCODE": "T", "ACRESGL": 0.55, "REAL_FLV": 766200, "HSTED_FLV": 766200, "NRES_FLV": 0, "LAND_LV": 341600, "IMPRV_LV": 424600, "EQUIPVAL": 0, "EQUIPCODE": "", "INVENVAL": 0, "HSDECL": "Y", "HSITEVAL": 766200, "VETEXAMT": 0, "EXPDESC": "", "ENDDATE": "", "STATUTE": "", "EXAMT_HS": 0, "EXAMT_NR": 0, "UVREDUC_HS": 0, "UVREDUC_NR": 0, "GLVAL_HS": 7662.0, "GLVAL_NR": 0.0, "CRHOUSPCT": 0.0, "MUNGL1PCT": 7662.0, "AOEGL_HS": 7662.0, "AOEGL_NR": 0.0, "E911ADDR": "21 SUMMIT RG", "SHAPE_Length": 0.002120126332660499, "SHAPE_Area": 2.535625154735319e-07}, "geometry": {"type": "MultiPolygon", "coordinates": [[[[-73.20415101899994, 44.47014611000003], [-73.20428759299995, 44.47013753400006], [-73.20429230299999, 44.470235374000026], [-73.20430340499996, 44.47044004400004], [-73.20430699499997, 44.47050990900004], [-73.20417116899995, 44.470515387000034], [-73.20361647399994, 44.47053722600003], [-73.20358942199994, 44.47018163200005], [-73.20415101899994, 44.47014611000003]]]]}}, {"type": "Feature", "properties": {"OBJECTID": 276614, "SPAN": "114-035-17975", "GLIST_SPAN": "114-035-17975", "MAPID": "050-2-033-000", "PARCID": "050-2-033.000", "PROPTYPE": "PARCEL", "YEAR": 2018, "GLYEAR": 2022, "TOWN": "BURLINGTON", "TNAME": "Burlington", "SOURCENAME": null, "SOURCETYPE": "UNKNOWN", "SOURCEDATE": "UNKNOWN", "EDITMETHOD": "UNKNOWN", "EDITOR": "UNKNOWN", "EDITDATE": "UNKNOWN", "MATCHSTAT": "MATCH", "EDITNOTE": "UNKNOWN", "OWNER1": "JOHN A. BISSON TRUST", "OWNER2": "JUDITH R. GERBER TRUST", "ADDRGL1": "33 SUMMIT RDG", "ADDRGL2": "", "CITYGL": "BURLINGTON", "STGL": "VT", "ZIPGL": "05401", "DESCPROP": "", "LOCAPROP": "N", "CAT": "Residential-1", "RESCODE": "T", "ACRESGL": 0.33, "REAL_FLV": 640500, "HSTED_FLV": 640500, "NRES_FLV": 0, "LAND_LV": 297800, "IMPRV_LV": 342700, "EQUIPVAL": 0, "EQUIPCODE": "", "INVENVAL": 0, "HSDECL": "Y", "HSITEVAL": 640500, "VETEXAMT": 0, "EXPDESC": "", "ENDDATE": "", "STATUTE": "", "EXAMT_HS": 0, "EXAMT_NR": 0, "UVREDUC_HS": 0, "UVREDUC_NR": 0, "GLVAL_HS": 6405.0, "GLVAL_NR": 0.0, "CRHOUSPCT": 0.0, "MUNGL1PCT": 6405.0, "AOEGL_HS": 6405.0, "AOEGL_NR": 0.0, "E911ADDR": "33 SUMMIT RG", "SHAPE_Length": 0.0016537160378053996, "SHAPE_Area": 1.5173423560619592e-07}, "geometry": {"type": "MultiPolygon", "coordinates": [[[[-73.20361647399994, 44.47053722600003], [-73.20417116899995, 44.470515387000034], [-73.20417789099997, 44.47064977500003], [-73.20418546599996, 44.470789782000054], [-73.20363784299997, 44.47081214100007], [-73.20361647399994, 44.47053722600003]]]]}}, {"type": "Feature", "properties": {"OBJECTID": 276616, "SPAN": "114-035-17976", "GLIST_SPAN": "114-035-17976", "MAPID": "050-2-034-000", "PARCID": "050-2-034.000", "PROPTYPE": "PARCEL", "YEAR": 2018, "GLYEAR": 2022, "TOWN": "BURLINGTON", "TNAME": "Burlington", "SOURCENAME": null, "SOURCETYPE": "UNKNOWN", "SOURCEDATE": "UNKNOWN", "EDITMETHOD": "UNKNOWN", "EDITOR": "UNKNOWN", "EDITDATE": "UNKNOWN", "MATCHSTAT": "MATCH", "EDITNOTE": "UNKNOWN", "OWNER1": "TUCK JOHN", "OWNER2": "TUCK ANN", "ADDRGL1": "43 SUMMIT RIDGE", "ADDRGL2": "", "CITYGL": "BURLINGTON", "STGL": "VT", "ZIPGL": "05401", "DESCPROP": "MINOR VIEW", "LOCAPROP": "N", "CAT": "Residential-1", "RESCODE": "T", "ACRESGL": 0.32, "REAL_FLV": 677000, "HSTED_FLV": 677000, "NRES_FLV": 0, "LAND_LV": 296900, "IMPRV_LV": 380100, "EQUIPVAL": 0, "EQUIPCODE": "", "INVENVAL": 0, "HSDECL": "Y", "HSITEVAL": 677000, "VETEXAMT": 0, "EXPDESC": "", "ENDDATE": "", "STATUTE": "", "EXAMT_HS": 0, "EXAMT_NR": 0, "UVREDUC_HS": 0, "UVREDUC_NR": 0, "GLVAL_HS": 6770.0, "GLVAL_NR": 0.0, "CRHOUSPCT": 0.0, "MUNGL1PCT": 6770.0, "AOEGL_HS": 6770.0, "AOEGL_NR": 0.0, "E911ADDR": "43 SUMMIT RG", "SHAPE_Length": 0.0016369438340124397, "SHAPE_Area": 1.4919109069321172e-07}, "geometry": {"type": "MultiPolygon", "coordinates": [[[[-73.20363784299997, 44.47081214100007], [-73.20418546599996, 44.470789782000054], [-73.20418900599998, 44.47085556900004], [-73.20419936099995, 44.471063478000076], [-73.20365919499994, 44.471085509000034], [-73.20363784299997, 44.47081214100007]]]]}}, {"type": "Feature", "properties": {"OBJECTID": 276618, "SPAN": "114-035-17977", "GLIST_SPAN": "114-035-17977", "MAPID": "050-2-035-000", "PARCID": "050-2-035.000", "PROPTYPE": "PARCEL", "YEAR": 2018, "GLYEAR": 2022, "TOWN": "BURLINGTON", "TNAME": "Burlington", "SOURCENAME": null, "SOURCETYPE": "UNKNOWN", "SOURCEDATE": "UNKNOWN", "EDITMETHOD": "UNKNOWN", "EDITOR": "UNKNOWN", "EDITDATE": "UNKNOWN", "MATCHSTAT": "MATCH", "EDITNOTE": "UNKNOWN", "OWNER1": "BROWN JAMES W", "OWNER2": "DRUNGILAITE VIDA", "ADDRGL1": "53 SUMMIT RIDGE", "ADDRGL2": "", "CITYGL": "BURLINGTON", "STGL": "VT", "ZIPGL": "05401", "DESCPROP": "", "LOCAPROP": "", "CAT": "Residential-1", "RESCODE": "T", "ACRESGL": 0.32, "REAL_FLV": 1064900, "HSTED_FLV": 1064900, "NRES_FLV": 0, "LAND_LV": 296000, "IMPRV_LV": 768900, "EQUIPVAL": 0, "EQUIPCODE": "", "INVENVAL": 0, "HSDECL": "Y", "HSITEVAL": 1064900, "VETEXAMT": 0, "EXPDESC": "", "ENDDATE": "", "STATUTE": "", "EXAMT_HS": 0, "EXAMT_NR": 0, "UVREDUC_HS": 0, "UVREDUC_NR": 0, "GLVAL_HS": 10649.0, "GLVAL_NR": 0.0, "CRHOUSPCT": 0.0, "MUNGL1PCT": 10649.0, "AOEGL_HS": 10649.0, "AOEGL_NR": 0.0, "E911ADDR": "53 SUMMIT RG", "SHAPE_Length": 0.001621203337830104, "SHAPE_Area": 1.4684799508244587e-07}, "geometry": {"type": "MultiPolygon", "coordinates": [[[[-73.20365919499994, 44.471085509000034], [-73.20419936099995, 44.471063478000076], [-73.20421047999997, 44.47126955300007], [-73.20421364899994, 44.47133717000003], [-73.20368013599995, 44.471357332000025], [-73.20365919499994, 44.471085509000034]]]]}}, {"type": "Feature", "properties": {"OBJECTID": 276620, "SPAN": "114-035-17978", "GLIST_SPAN": "114-035-17978", "MAPID": "050-2-036-000", "PARCID": "050-2-036.000", "PROPTYPE": "PARCEL", "YEAR": 2018, "GLYEAR": 2022, "TOWN": "BURLINGTON", "TNAME": "Burlington", "SOURCENAME": null, "SOURCETYPE": "UNKNOWN", "SOURCEDATE": "UNKNOWN", "EDITMETHOD": "UNKNOWN", "EDITOR": "UNKNOWN", "EDITDATE": "UNKNOWN", "MATCHSTAT": "MATCH", "EDITNOTE": "UNKNOWN", "OWNER1": "WILLIAM E PURETZ TRUST", "OWNER2": "WILLYNNE K PURETZ TRUST", "ADDRGL1": "63 SUMMIT RIDGE", "ADDRGL2": "", "CITYGL": "BURLINGTON", "STGL": "VT", "ZIPGL": "05401", "DESCPROP": "", "LOCAPROP": "N", "CAT": "Residential-1", "RESCODE": "T", "ACRESGL": 0.31, "REAL_FLV": 959300, "HSTED_FLV": 0, "NRES_FLV": 959300, "LAND_LV": 324200, "IMPRV_LV": 635100, "EQUIPVAL": 0, "EQUIPCODE": "", "INVENVAL": 0, "HSDECL": "N", "HSITEVAL": 959300, "VETEXAMT": 0, "EXPDESC": "", "ENDDATE": "", "STATUTE": "", "EXAMT_HS": 0, "EXAMT_NR": 0, "UVREDUC_HS": 0, "UVREDUC_NR": 0, "GLVAL_HS": 0.0, "GLVAL_NR": 9593.0, "CRHOUSPCT": 0.0, "MUNGL1PCT": 9593.0, "AOEGL_HS": 0.0, "AOEGL_NR": 9593.0, "E911ADDR": "63 SUMMIT RG", "SHAPE_Length": 0.0015836011725919603, "SHAPE_Area": 1.4164021126092415e-07}, "geometry": {"type": "MultiPolygon", "coordinates": [[[[-73.20368013599995, 44.471357332000025], [-73.20421364899994, 44.47133717000003], [-73.20422030599997, 44.47146607500008], [-73.20422747499998, 44.471604960000036], [-73.20371869699994, 44.47162468800008], [-73.20370646699996, 44.47160275200008], [-73.20369958099997, 44.47157965300005], [-73.20369823399994, 44.47155605300003], [-73.20368013599995, 44.471357332000025]]]]}}, {"type": "Feature", "properties": {"OBJECTID": 276622, "SPAN": "114-035-17979", "GLIST_SPAN": "114-035-17979", "MAPID": "050-2-037-000", "PARCID": "050-2-037.000", "PROPTYPE": "PARCEL", "YEAR": 2018, "GLYEAR": 2022, "TOWN": "BURLINGTON", "TNAME": "Burlington", "SOURCENAME": null, "SOURCETYPE": "UNKNOWN", "SOURCEDATE": "UNKNOWN", "EDITMETHOD": "UNKNOWN", "EDITOR": "UNKNOWN", "EDITDATE": "UNKNOWN", "MATCHSTAT": "MATCH", "EDITNOTE": "UNKNOWN", "OWNER1": "NEIMETH CHARLES K.", "OWNER2": "MCGREGOR SUZANNE M.", "ADDRGL1": "73 SUMMIT RIDGE", "ADDRGL2": "", "CITYGL": "BURLINGTON", "STGL": "VT", "ZIPGL": "05401", "DESCPROP": "SINGLE FAM HOUSE", "LOCAPROP": "", "CAT": "Residential-1", "RESCODE": "T", "ACRESGL": 0.29, "REAL_FLV": 989800, "HSTED_FLV": 989800, "NRES_FLV": 0, "LAND_LV": 302800, "IMPRV_LV": 687000, "EQUIPVAL": 0, "EQUIPCODE": "", "INVENVAL": 0, "HSDECL": "Y", "HSITEVAL": 989800, "VETEXAMT": 0, "EXPDESC": "", "ENDDATE": "", "STATUTE": "", "EXAMT_HS": 0, "EXAMT_NR": 0, "UVREDUC_HS": 0, "UVREDUC_NR": 0, "GLVAL_HS": 9898.0, "GLVAL_NR": 0.0, "CRHOUSPCT": 0.0, "MUNGL1PCT": 9898.0, "AOEGL_HS": 9898.0, "AOEGL_NR": 0.0, "E911ADDR": "73 SUMMIT RG", "SHAPE_Length": 0.0016136953051788254, "SHAPE_Area": 1.3388927376179107e-07}, "geometry": {"type": "MultiPolygon", "coordinates": [[[[-73.20371869699994, 44.47162468800008], [-73.20422747499998, 44.471604960000036], [-73.20423050899996, 44.47166132900003], [-73.20424181899995, 44.471883293000076], [-73.20418016499997, 44.471884094000075], [-73.20372471799993, 44.47189702600008], [-73.20372229399999, 44.471826029000056], [-73.20374140399997, 44.47180964700004], [-73.20375670399994, 44.47179132700006], [-73.20376781399995, 44.47177151900007], [-73.20377446099997, 44.47175071100003], [-73.20377648199997, 44.47172941400004], [-73.20377382799995, 44.471708154000055], [-73.20376656299999, 44.47168745100004], [-73.20375486699999, 44.471667817000025], [-73.20373902799997, 44.47164973400004], [-73.20371869699994, 44.47162468800008]]]]}}, {"type": "Feature", "properties": {"OBJECTID": 276626, "SPAN": "114-035-17981", "GLIST_SPAN": "114-035-17981", "MAPID": "050-2-039-000", "PARCID": "050-2-039.000", "PROPTYPE": "PARCEL", "YEAR": 2018, "GLYEAR": 2022, "TOWN": "BURLINGTON", "TNAME": "Burlington", "SOURCENAME": null, "SOURCETYPE": "UNKNOWN", "SOURCEDATE": "UNKNOWN", "EDITMETHOD": "UNKNOWN", "EDITOR": "UNKNOWN", "EDITDATE": "UNKNOWN", "MATCHSTAT": "MATCH", "EDITNOTE": "UNKNOWN", "OWNER1": "MELLONI THOMAS R.", "OWNER2": "MELLONI JULIA ANN", "ADDRGL1": "72 SUMMIT RDG", "ADDRGL2": "", "CITYGL": "BURLINGTON", "STGL": "VT", "ZIPGL": "05401", "DESCPROP": "", "LOCAPROP": "N", "CAT": "Residential-1", "RESCODE": "T", "ACRESGL": 0.22, "REAL_FLV": 702200, "HSTED_FLV": 702200, "NRES_FLV": 0, "LAND_LV": 230500, "IMPRV_LV": 471700, "EQUIPVAL": 0, "EQUIPCODE": "", "INVENVAL": 0, "HSDECL": "Y", "HSITEVAL": 702200, "VETEXAMT": 0, "EXPDESC": "", "ENDDATE": "", "STATUTE": "", "EXAMT_HS": 0, "EXAMT_NR": 0, "UVREDUC_HS": 0, "UVREDUC_NR": 0, "GLVAL_HS": 7022.0, "GLVAL_NR": 0.0, "CRHOUSPCT": 0.0, "MUNGL1PCT": 7022.0, "AOEGL_HS": 7022.0, "AOEGL_NR": 0.0, "E911ADDR": "72 SUMMIT RG", "SHAPE_Length": 0.0014877563650761841, "SHAPE_Area": 9.552131489271669e-08}, "geometry": {"type": "MultiPolygon", "coordinates": [[[[-73.20308859799997, 44.47161521000004], [-73.20347290399997, 44.47159822000003], [-73.20347194599998, 44.47161996300008], [-73.20346701399995, 44.471641429000044], [-73.20345819099998, 44.47166224600005], [-73.20344563199995, 44.47168205500003], [-73.20343335699994, 44.47170645700004], [-73.20342647099994, 44.47172260600007], [-73.20342334599997, 44.471739341000045], [-73.20342406399999, 44.47175621800005], [-73.20342860499994, 44.47177278600003], [-73.20343685099994, 44.47178860500003], [-73.20344858099998, 44.47180325200003], [-73.20346348099997, 44.47181633900004], [-73.20348115699994, 44.47182751500003], [-73.20350726499998, 44.47184296300003], [-73.20353919499996, 44.47185260900005], [-73.20357698999999, 44.47186011000008], [-73.20310274999997, 44.471877937000045], [-73.20308859799997, 44.47161521000004]]]]}}, {"type": "Feature", "properties": {"OBJECTID": 276629, "SPAN": "114-035-17982", "GLIST_SPAN": "114-035-17982", "MAPID": "050-2-040-000", "PARCID": "050-2-040.000", "PROPTYPE": "PARCEL", "YEAR": 2018, "GLYEAR": 2022, "TOWN": "BURLINGTON", "TNAME": "Burlington", "SOURCENAME": null, "SOURCETYPE": "UNKNOWN", "SOURCEDATE": "UNKNOWN", "EDITMETHOD": "UNKNOWN", "EDITOR": "UNKNOWN", "EDITDATE": "UNKNOWN", "MATCHSTAT": "MATCH", "EDITNOTE": "UNKNOWN", "OWNER1": "BARKYOUMB STEVEN", "OWNER2": "PURETZ SARA", "ADDRGL1": "62 SUMMIT RIDGE", "ADDRGL2": "", "CITYGL": "BURLINGTON", "STGL": "VT", "ZIPGL": "05401", "DESCPROP": "SINGLE FAM HOUSE", "LOCAPROP": "", "CAT": "Residential-1", "RESCODE": "T", "ACRESGL": 0.25, "REAL_FLV": 564400, "HSTED_FLV": 564400, "NRES_FLV": 0, "LAND_LV": 235700, "IMPRV_LV": 328700, "EQUIPVAL": 0, "EQUIPCODE": "", "INVENVAL": 0, "HSDECL": "Y", "HSITEVAL": 564400, "VETEXAMT": 0, "EXPDESC": "", "ENDDATE": "", "STATUTE": "", "EXAMT_HS": 0, "EXAMT_NR": 0, "UVREDUC_HS": 0, "UVREDUC_NR": 0, "GLVAL_HS": 5644.0, "GLVAL_NR": 0.0, "CRHOUSPCT": 0.0, "MUNGL1PCT": 5644.0, "AOEGL_HS": 5644.0, "AOEGL_NR": 0.0, "E911ADDR": "62 SUMMIT RG", "SHAPE_Length": 0.0016583113438485037, "SHAPE_Area": 1.119350693113415e-07}, "geometry": {"type": "MultiPolygon", "coordinates": [[[[-73.20308859799997, 44.47161521000004], [-73.20308141299995, 44.47147477900006], [-73.20287214099994, 44.47148042600003], [-73.20286510399995, 44.471384991000036], [-73.20345315099996, 44.47135971500006], [-73.20347020399998, 44.471536927000045], [-73.20347290399997, 44.47159822000003], [-73.20308859799997, 44.47161521000004]]]]}}, {"type": "Feature", "properties": {"OBJECTID": 276630, "SPAN": "114-035-17983", "GLIST_SPAN": "114-035-17983", "MAPID": "050-2-041-000", "PARCID": "050-2-041.000", "PROPTYPE": "PARCEL", "YEAR": 2018, "GLYEAR": 2022, "TOWN": "BURLINGTON", "TNAME": "Burlington", "SOURCENAME": null, "SOURCETYPE": "UNKNOWN", "SOURCEDATE": "UNKNOWN", "EDITMETHOD": "UNKNOWN", "EDITOR": "UNKNOWN", "EDITDATE": "UNKNOWN", "MATCHSTAT": "MATCH", "EDITNOTE": "UNKNOWN", "OWNER1": "SAVAGE ANDREW A.", "OWNER2": "HILLENBRAND MORGAN E.", "ADDRGL1": "54 SUMMIT RIDGE", "ADDRGL2": "", "CITYGL": "BURLINGTON", "STGL": "VT", "ZIPGL": "05401", "DESCPROP": "SINGLE FAM HOUSE", "LOCAPROP": "", "CAT": "Residential-1", "RESCODE": "T", "ACRESGL": 0.36, "REAL_FLV": 661700, "HSTED_FLV": 661700, "NRES_FLV": 0, "LAND_LV": 252600, "IMPRV_LV": 409100, "EQUIPVAL": 0, "EQUIPCODE": "", "INVENVAL": 0, "HSDECL": "Y", "HSITEVAL": 661700, "VETEXAMT": 0, "EXPDESC": "", "ENDDATE": "", "STATUTE": "", "EXAMT_HS": 0, "EXAMT_NR": 0, "UVREDUC_HS": 0, "UVREDUC_NR": 0, "GLVAL_HS": 6617.0, "GLVAL_NR": 0.0, "CRHOUSPCT": 0.0, "MUNGL1PCT": 6617.0, "AOEGL_HS": 6617.0, "AOEGL_NR": 0.0, "E911ADDR": "54 SUMMIT RG", "SHAPE_Length": 0.001727356694538875, "SHAPE_Area": 1.6229474583511965e-07}, "geometry": {"type": "MultiPolygon", "coordinates": [[[[-73.20284610299996, 44.47111076400006], [-73.20343096599998, 44.47108227500007], [-73.20345315099996, 44.47135971500006], [-73.20286510399995, 44.471384991000036], [-73.20285746899998, 44.47127240300006], [-73.20284610299996, 44.47111076400006]]]]}}, {"type": "Feature", "properties": {"OBJECTID": 276632, "SPAN": "114-035-17984", "GLIST_SPAN": "114-035-17984", "MAPID": "050-2-042-000", "PARCID": "050-2-042.000", "PROPTYPE": "PARCEL", "YEAR": 2018, "GLYEAR": 2022, "TOWN": "BURLINGTON", "TNAME": "Burlington", "SOURCENAME": null, "SOURCETYPE": "UNKNOWN", "SOURCEDATE": "UNKNOWN", "EDITMETHOD": "UNKNOWN", "EDITOR": "UNKNOWN", "EDITDATE": "UNKNOWN", "MATCHSTAT": "MATCH", "EDITNOTE": "UNKNOWN", "OWNER1": "ANDERSON SCOTT L.", "OWNER2": "", "ADDRGL1": "44 SUMMIT RIDGE", "ADDRGL2": "", "CITYGL": "BURLINGTON", "STGL": "VT", "ZIPGL": "05401", "DESCPROP": "SINGLE FAM HOUSE", "LOCAPROP": "", "CAT": "Residential-1", "RESCODE": "T", "ACRESGL": 0.24, "REAL_FLV": 622400, "HSTED_FLV": 622400, "NRES_FLV": 0, "LAND_LV": 233700, "IMPRV_LV": 388700, "EQUIPVAL": 0, "EQUIPCODE": "", "INVENVAL": 0, "HSDECL": "Y", "HSITEVAL": 622400, "VETEXAMT": 0, "EXPDESC": "", "ENDDATE": "", "STATUTE": "", "EXAMT_HS": 0, "EXAMT_NR": 0, "UVREDUC_HS": 0, "UVREDUC_NR": 0, "GLVAL_HS": 6224.0, "GLVAL_NR": 0.0, "CRHOUSPCT": 0.0, "MUNGL1PCT": 6224.0, "AOEGL_HS": 6224.0, "AOEGL_NR": 0.0, "E911ADDR": "44 SUMMIT RG", "SHAPE_Length": 0.0016728539542048629, "SHAPE_Area": 1.1356734376128283e-07}, "geometry": {"type": "MultiPolygon", "coordinates": [[[[-73.20298518199996, 44.47085272000004], [-73.20341148399996, 44.47083364300005], [-73.20341283199997, 44.470847838000054], [-73.20343096599998, 44.47108227500007], [-73.20284610299996, 44.47111076400006], [-73.20284283499996, 44.47106761500004], [-73.20299988099998, 44.47106299300003], [-73.20298518199996, 44.47085272000004]]]]}}, {"type": "Feature", "properties": {"OBJECTID": 276634, "SPAN": "114-035-17985", "GLIST_SPAN": "114-035-17985", "MAPID": "050-2-043-000", "PARCID": "050-2-043.000", "PROPTYPE": "PARCEL", "YEAR": 2018, "GLYEAR": 2022, "TOWN": "BURLINGTON", "TNAME": "Burlington", "SOURCENAME": null, "SOURCETYPE": "UNKNOWN", "SOURCEDATE": "UNKNOWN", "EDITMETHOD": "UNKNOWN", "EDITOR": "UNKNOWN", "EDITDATE": "UNKNOWN", "MATCHSTAT": "MATCH", "EDITNOTE": "UNKNOWN", "OWNER1": "MOULIN PATRICK P", "OWNER2": "MOULIN LESLIE A.", "ADDRGL1": "34 SUMMIT RDG", "ADDRGL2": "", "CITYGL": "BURLINGTON", "STGL": "VT", "ZIPGL": "05401", "DESCPROP": "1-FAMILY HSE", "LOCAPROP": "N", "CAT": "Residential-1", "RESCODE": "T", "ACRESGL": 0.24, "REAL_FLV": 605300, "HSTED_FLV": 605300, "NRES_FLV": 0, "LAND_LV": 234200, "IMPRV_LV": 371100, "EQUIPVAL": 0, "EQUIPCODE": "", "INVENVAL": 0, "HSDECL": "Y", "HSITEVAL": 605300, "VETEXAMT": 0, "EXPDESC": "", "ENDDATE": "", "STATUTE": "", "EXAMT_HS": 0, "EXAMT_NR": 0, "UVREDUC_HS": 0, "UVREDUC_NR": 0, "GLVAL_HS": 6053.0, "GLVAL_NR": 0.0, "CRHOUSPCT": 0.0, "MUNGL1PCT": 6053.0, "AOEGL_HS": 6053.0, "AOEGL_NR": 0.0, "E911ADDR": "34 SUMMIT RG", "SHAPE_Length": 0.0013729777532729972, "SHAPE_Area": 1.1097148273216285e-07}, "geometry": {"type": "MultiPolygon", "coordinates": [[[[-73.20296713099998, 44.470592268000075], [-73.20339107899997, 44.47057362800007], [-73.20341148399996, 44.47083364300005], [-73.20298518199996, 44.47085272000004], [-73.20297136899995, 44.47065088000005], [-73.20296713099998, 44.470592268000075]]]]}}, {"type": "Feature", "properties": {"OBJECTID": 276636, "SPAN": "114-035-17986", "GLIST_SPAN": "114-035-17986", "MAPID": "050-2-044-000", "PARCID": "050-2-044.000", "PROPTYPE": "PARCEL", "YEAR": 2018, "GLYEAR": 2022, "TOWN": "BURLINGTON", "TNAME": "Burlington", "SOURCENAME": null, "SOURCETYPE": "UNKNOWN", "SOURCEDATE": "UNKNOWN", "EDITMETHOD": "UNKNOWN", "EDITOR": "UNKNOWN", "EDITDATE": "UNKNOWN", "MATCHSTAT": "MATCH", "EDITNOTE": "UNKNOWN", "OWNER1": "LUNDQUIST KIRSTEN", "OWNER2": "WAITE CHRISTOPHER", "ADDRGL1": "26 SUMMIT RIDGE", "ADDRGL2": "", "CITYGL": "BURLINGTON", "STGL": "VT", "ZIPGL": "05401", "DESCPROP": "", "LOCAPROP": "N", "CAT": "Residential-1", "RESCODE": "T", "ACRESGL": 0.23, "REAL_FLV": 607700, "HSTED_FLV": 607700, "NRES_FLV": 0, "LAND_LV": 232600, "IMPRV_LV": 375100, "EQUIPVAL": 0, "EQUIPCODE": "", "INVENVAL": 0, "HSDECL": "Y", "HSITEVAL": 607700, "VETEXAMT": 0, "EXPDESC": "", "ENDDATE": "", "STATUTE": "", "EXAMT_HS": 0, "EXAMT_NR": 0, "UVREDUC_HS": 0, "UVREDUC_NR": 0, "GLVAL_HS": 6077.0, "GLVAL_NR": 0.0, "CRHOUSPCT": 0.0, "MUNGL1PCT": 6077.0, "AOEGL_HS": 6077.0, "AOEGL_NR": 0.0, "E911ADDR": "26 SUMMIT RG", "SHAPE_Length": 0.0013361670717057532, "SHAPE_Area": 1.0361257559689296e-07}, "geometry": {"type": "MultiPolygon", "coordinates": [[[[-73.20295043899995, 44.47034685400007], [-73.20337205599998, 44.47033047800005], [-73.20339107899997, 44.47057362800007], [-73.20296713099998, 44.470592268000075], [-73.20295238399996, 44.47037805900004], [-73.20295043899995, 44.47034685400007]]]]}}, {"type": "Feature", "properties": {"OBJECTID": 276638, "SPAN": "114-035-17987", "GLIST_SPAN": "114-035-17987", "MAPID": "050-2-045-000", "PARCID": "050-2-045.000", "PROPTYPE": "PARCEL", "YEAR": 2018, "GLYEAR": 2022, "TOWN": "BURLINGTON", "TNAME": "Burlington", "SOURCENAME": null, "SOURCETYPE": "UNKNOWN", "SOURCEDATE": "UNKNOWN", "EDITMETHOD": "UNKNOWN", "EDITOR": "UNKNOWN", "EDITDATE": "UNKNOWN", "MATCHSTAT": "MATCH", "EDITNOTE": "UNKNOWN", "OWNER1": "SHAPIRO ANNE", "OWNER2": "SHAPIRO ROBERT", "ADDRGL1": "16 SUMMIT RIDGE", "ADDRGL2": "", "CITYGL": "BURLINGTON", "STGL": "VT", "ZIPGL": "05401", "DESCPROP": "", "LOCAPROP": "N", "CAT": "Residential-1", "RESCODE": "T", "ACRESGL": 0.23, "REAL_FLV": 674900, "HSTED_FLV": 674900, "NRES_FLV": 0, "LAND_LV": 232900, "IMPRV_LV": 442000, "EQUIPVAL": 0, "EQUIPCODE": "", "INVENVAL": 0, "HSDECL": "Y", "HSITEVAL": 674900, "VETEXAMT": 0, "EXPDESC": "", "ENDDATE": "", "STATUTE": "", "EXAMT_HS": 0, "EXAMT_NR": 0, "UVREDUC_HS": 0, "UVREDUC_NR": 0, "GLVAL_HS": 6749.0, "GLVAL_NR": 0.0, "CRHOUSPCT": 0.0, "MUNGL1PCT": 6749.0, "AOEGL_HS": 6749.0, "AOEGL_NR": 0.0, "E911ADDR": "16 SUMMIT RG", "SHAPE_Length": 0.0013399382944080346, "SHAPE_Area": 1.0486502412298016e-07}, "geometry": {"type": "MultiPolygon", "coordinates": [[[[-73.20293331699997, 44.47009834900007], [-73.20335217799999, 44.47008156800007], [-73.20337205599998, 44.47033047800005], [-73.20295043899995, 44.47034685400007], [-73.20293338799996, 44.470104254000034], [-73.20293331699997, 44.47009834900007]]]]}}, {"type": "Feature", "properties": {"OBJECTID": 276640, "SPAN": "114-035-17988", "GLIST_SPAN": "114-035-17988", "MAPID": "050-2-046-000", "PARCID": "050-2-046.000", "PROPTYPE": "PARCEL", "YEAR": 2018, "GLYEAR": 2022, "TOWN": "BURLINGTON", "TNAME": "Burlington", "SOURCENAME": null, "SOURCETYPE": "UNKNOWN", "SOURCEDATE": "UNKNOWN", "EDITMETHOD": "UNKNOWN", "EDITOR": "UNKNOWN", "EDITDATE": "UNKNOWN", "MATCHSTAT": "MATCH", "EDITNOTE": "UNKNOWN", "OWNER1": "HALL JR H. BRERETON", "OWNER2": "BLASBERG NANCY", "ADDRGL1": "6 SUMMIT RIDGE", "ADDRGL2": "", "CITYGL": "BURLINGTON", "STGL": "VT", "ZIPGL": "05401", "DESCPROP": "SINGLE FAMILY HOME", "LOCAPROP": "", "CAT": "Residential-1", "RESCODE": "T", "ACRESGL": 0.27, "REAL_FLV": 829800, "HSTED_FLV": 829800, "NRES_FLV": 0, "LAND_LV": 238300, "IMPRV_LV": 591500, "EQUIPVAL": 0, "EQUIPCODE": "", "INVENVAL": 0, "HSDECL": "Y", "HSITEVAL": 829800, "VETEXAMT": 0, "EXPDESC": "", "ENDDATE": "", "STATUTE": "", "EXAMT_HS": 0, "EXAMT_NR": 0, "UVREDUC_HS": 0, "UVREDUC_NR": 0, "GLVAL_HS": 8298.0, "GLVAL_NR": 0.0, "CRHOUSPCT": 0.0, "MUNGL1PCT": 8298.0, "AOEGL_HS": 8298.0, "AOEGL_NR": 0.0, "E911ADDR": "6 SUMMIT RG", "SHAPE_Length": 0.001410391572966368, "SHAPE_Area": 1.1999816165984395e-07}, "geometry": {"type": "MultiPolygon", "coordinates": [[[[-73.20291337799995, 44.46981147300005], [-73.20332949499993, 44.469795271000066], [-73.20335217799999, 44.47008156800007], [-73.20293331699997, 44.47009834900007], [-73.20291337799995, 44.46981147300005]]]]}}, {"type": "Feature", "properties": {"OBJECTID": 276642, "SPAN": "114-035-17989", "GLIST_SPAN": "114-035-17989", "MAPID": "050-2-047-000", "PARCID": "050-2-047.000", "PROPTYPE": "PARCEL", "YEAR": 2018, "GLYEAR": 2022, "TOWN": "BURLINGTON", "TNAME": "Burlington", "SOURCENAME": null, "SOURCETYPE": "UNKNOWN", "SOURCEDATE": "UNKNOWN", "EDITMETHOD": "UNKNOWN", "EDITOR": "UNKNOWN", "EDITDATE": "UNKNOWN", "MATCHSTAT": "MATCH", "EDITNOTE": "UNKNOWN", "OWNER1": "NILES CHRISTOPHER", "OWNER2": "DEWEY LAUREN", "ADDRGL1": "144 CLIFF ST", "ADDRGL2": "", "CITYGL": "BURLINGTON", "STGL": "VT", "ZIPGL": "05401", "DESCPROP": "", "LOCAPROP": "N", "CAT": "Residential-1", "RESCODE": "T", "ACRESGL": 0.27, "REAL_FLV": 726600, "HSTED_FLV": 726600, "NRES_FLV": 0, "LAND_LV": 243900, "IMPRV_LV": 482700, "EQUIPVAL": 0, "EQUIPCODE": "", "INVENVAL": 0, "HSDECL": "Y", "HSITEVAL": 726600, "VETEXAMT": 0, "EXPDESC": "", "ENDDATE": "", "STATUTE": "", "EXAMT_HS": 0, "EXAMT_NR": 0, "UVREDUC_HS": 0, "UVREDUC_NR": 0, "GLVAL_HS": 7266.0, "GLVAL_NR": 0.0, "CRHOUSPCT": 0.0, "MUNGL1PCT": 7266.0, "AOEGL_HS": 7266.0, "AOEGL_NR": 0.0, "E911ADDR": "144 CLIFF ST", "SHAPE_Length": 0.0014292242561139614, "SHAPE_Area": 1.2338660698645708e-07}, "geometry": {"type": "MultiPolygon", "coordinates": [[[[-73.20249215999996, 44.46982798500005], [-73.20291337799995, 44.46981147300005], [-73.20293331699997, 44.47009834900007], [-73.20293338799996, 44.470104254000034], [-73.20250977499995, 44.47011782900006], [-73.20249215999996, 44.46982798500005]]]]}}, {"type": "Feature", "properties": {"OBJECTID": 276644, "SPAN": "114-035-17990", "GLIST_SPAN": "114-035-17990", "MAPID": "050-2-048-000", "PARCID": "050-2-048.000", "PROPTYPE": "PARCEL", "YEAR": 2018, "GLYEAR": 2022, "TOWN": "BURLINGTON", "TNAME": "Burlington", "SOURCENAME": null, "SOURCETYPE": "UNKNOWN", "SOURCEDATE": "UNKNOWN", "EDITMETHOD": "UNKNOWN", "EDITOR": "UNKNOWN", "EDITDATE": "UNKNOWN", "MATCHSTAT": "MATCH", "EDITNOTE": "UNKNOWN", "OWNER1": "CARTER WILLIAM", "OWNER2": "JATLOW DANIELLE", "ADDRGL1": "195 SUMMIT ST", "ADDRGL2": "", "CITYGL": "BURLINGTON", "STGL": "VT", "ZIPGL": "05401", "DESCPROP": "SING FAM HOUSE", "LOCAPROP": "", "CAT": "Residential-1", "RESCODE": "T", "ACRESGL": 0.38, "REAL_FLV": 780400, "HSTED_FLV": 780400, "NRES_FLV": 0, "LAND_LV": 256300, "IMPRV_LV": 524100, "EQUIPVAL": 0, "EQUIPCODE": "", "INVENVAL": 0, "HSDECL": "Y", "HSITEVAL": 780400, "VETEXAMT": 0, "EXPDESC": "", "ENDDATE": "", "STATUTE": "", "EXAMT_HS": 0, "EXAMT_NR": 0, "UVREDUC_HS": 0, "UVREDUC_NR": 0, "GLVAL_HS": 7804.0, "GLVAL_NR": 0.0, "CRHOUSPCT": 0.0, "MUNGL1PCT": 7804.0, "AOEGL_HS": 7804.0, "AOEGL_NR": 0.0, "E911ADDR": "195 SUMMIT ST", "SHAPE_Length": 0.0020930294618390563, "SHAPE_Area": 1.7208904193860392e-07}, "geometry": {"type": "MultiPolygon", "coordinates": [[[[-73.20212962699998, 44.47067743100007], [-73.20297136899995, 44.47065088000005], [-73.20298518199996, 44.47085272000004], [-73.20214388199997, 44.47088362800008], [-73.20212962699998, 44.47067743100007]]]]}}, {"type": "Feature", "properties": {"OBJECTID": 276646, "SPAN": "114-035-17991", "GLIST_SPAN": "114-035-17991", "MAPID": "050-2-049-000", "PARCID": "050-2-049.000", "PROPTYPE": "PARCEL", "YEAR": 2018, "GLYEAR": 2022, "TOWN": "BURLINGTON", "TNAME": "Burlington", "SOURCENAME": null, "SOURCETYPE": "UNKNOWN", "SOURCEDATE": "UNKNOWN", "EDITMETHOD": "UNKNOWN", "EDITOR": "UNKNOWN", "EDITDATE": "UNKNOWN", "MATCHSTAT": "MATCH", "EDITNOTE": "UNKNOWN", "OWNER1": "BINKHORST MARK D", "OWNER2": "BINKHORST SEUNGHEE J", "ADDRGL1": "187 SUMMIT ST", "ADDRGL2": "", "CITYGL": "BURLINGTON", "STGL": "VT", "ZIPGL": "05401", "DESCPROP": "", "LOCAPROP": "N", "CAT": "Residential-1", "RESCODE": "T", "ACRESGL": 0.38, "REAL_FLV": 966000, "HSTED_FLV": 966000, "NRES_FLV": 0, "LAND_LV": 257200, "IMPRV_LV": 708800, "EQUIPVAL": 0, "EQUIPCODE": "", "INVENVAL": 0, "HSDECL": "Y", "HSITEVAL": 966000, "VETEXAMT": 0, "EXPDESC": "", "ENDDATE": "", "STATUTE": "", "EXAMT_HS": 0, "EXAMT_NR": 0, "UVREDUC_HS": 0, "UVREDUC_NR": 0, "GLVAL_HS": 9660.0, "GLVAL_NR": 0.0, "CRHOUSPCT": 0.0, "MUNGL1PCT": 9660.0, "AOEGL_HS": 9660.0, "AOEGL_NR": 0.0, "E911ADDR": "187 SUMMIT ST", "SHAPE_Length": 0.0021024377100796257, "SHAPE_Area": 1.7589448136036109e-07}, "geometry": {"type": "MultiPolygon", "coordinates": [[[[-73.20214388199997, 44.47088362800008], [-73.20298518199996, 44.47085272000004], [-73.20299988099998, 44.47106299300003], [-73.20284283499996, 44.47106761500004], [-73.20215854499997, 44.47109108800004], [-73.20214388199997, 44.47088362800008]]]]}}, {"type": "Feature", "properties": {"OBJECTID": 276648, "SPAN": "114-035-17992", "GLIST_SPAN": "114-035-17992", "MAPID": "050-2-050-000", "PARCID": "050-2-050.000", "PROPTYPE": "PARCEL", "YEAR": 2018, "GLYEAR": 2022, "TOWN": "BURLINGTON", "TNAME": "Burlington", "SOURCENAME": null, "SOURCETYPE": "UNKNOWN", "SOURCEDATE": "UNKNOWN", "EDITMETHOD": "UNKNOWN", "EDITOR": "UNKNOWN", "EDITDATE": "UNKNOWN", "MATCHSTAT": "MATCH", "EDITNOTE": "UNKNOWN", "OWNER1": "KATZ MATTHEW I", "OWNER2": "KATZ ELAINE", "ADDRGL1": "177 SUMMIT STREET", "ADDRGL2": "", "CITYGL": "BURLINGTON", "STGL": "VT", "ZIPGL": "05401", "DESCPROP": "", "LOCAPROP": "N", "CAT": "Residential-1", "RESCODE": "T", "ACRESGL": 0.31, "REAL_FLV": 684900, "HSTED_FLV": 684900, "NRES_FLV": 0, "LAND_LV": 245100, "IMPRV_LV": 439800, "EQUIPVAL": 0, "EQUIPCODE": "", "INVENVAL": 0, "HSDECL": "Y", "HSITEVAL": 684900, "VETEXAMT": 0, "EXPDESC": "", "ENDDATE": "", "STATUTE": "", "EXAMT_HS": 0, "EXAMT_NR": 0, "UVREDUC_HS": 0, "UVREDUC_NR": 0, "GLVAL_HS": 6849.0, "GLVAL_NR": 0.0, "CRHOUSPCT": 0.0, "MUNGL1PCT": 6849.0, "AOEGL_HS": 6849.0, "AOEGL_NR": 0.0, "E911ADDR": "177 SUMMIT ST", "SHAPE_Length": 0.0017823106916889106, "SHAPE_Area": 1.412813406153347e-07}, "geometry": {"type": "MultiPolygon", "coordinates": [[[[-73.20215854499997, 44.47109108800004], [-73.20284283499996, 44.47106761500004], [-73.20284610299996, 44.47111076400006], [-73.20285746899998, 44.47127240300006], [-73.20217320199998, 44.47129812700007], [-73.20215854499997, 44.47109108800004]]]]}}, {"type": "Feature", "properties": {"OBJECTID": 276650, "SPAN": "114-035-17993", "GLIST_SPAN": "114-035-17993", "MAPID": "050-2-051-000", "PARCID": "050-2-051.000", "PROPTYPE": "PARCEL", "YEAR": 2018, "GLYEAR": 2022, "TOWN": "BURLINGTON", "TNAME": "Burlington", "SOURCENAME": null, "SOURCETYPE": "UNKNOWN", "SOURCEDATE": "UNKNOWN", "EDITMETHOD": "UNKNOWN", "EDITOR": "UNKNOWN", "EDITDATE": "UNKNOWN", "MATCHSTAT": "MATCH", "EDITNOTE": "UNKNOWN", "OWNER1": "DELANEY JOSEPH PAUL", "OWNER2": "DELANEY CLAIRE ANGELA", "ADDRGL1": "171 SUMMIT STREET", "ADDRGL2": "", "CITYGL": "BURLINGTON", "STGL": "VT", "ZIPGL": "05401", "DESCPROP": "", "LOCAPROP": "N", "CAT": "Residential-1", "RESCODE": "T", "ACRESGL": 0.31, "REAL_FLV": 594600, "HSTED_FLV": 594600, "NRES_FLV": 0, "LAND_LV": 245100, "IMPRV_LV": 349500, "EQUIPVAL": 0, "EQUIPCODE": "", "INVENVAL": 0, "HSDECL": "Y", "HSITEVAL": 594600, "VETEXAMT": 0, "EXPDESC": "", "ENDDATE": "", "STATUTE": "", "EXAMT_HS": 0, "EXAMT_NR": 0, "UVREDUC_HS": 0, "UVREDUC_NR": 0, "GLVAL_HS": 5946.0, "GLVAL_NR": 0.0, "CRHOUSPCT": 0.0, "MUNGL1PCT": 5946.0, "AOEGL_HS": 5946.0, "AOEGL_NR": 0.0, "E911ADDR": "171 SUMMIT ST", "SHAPE_Length": 0.0017801543717651433, "SHAPE_Area": 1.403128973917236e-07}, "geometry": {"type": "MultiPolygon", "coordinates": [[[[-73.20217320199998, 44.47129812700007], [-73.20285746899998, 44.47127240300006], [-73.20286510399995, 44.471384991000036], [-73.20287214099994, 44.47148042600003], [-73.20218700299995, 44.47149912400005], [-73.20217320199998, 44.47129812700007]]]]}}, {"type": "Feature", "properties": {"OBJECTID": 276652, "SPAN": "114-035-17994", "GLIST_SPAN": "114-035-17994", "MAPID": "050-2-052-000", "PARCID": "050-2-052.000", "PROPTYPE": "PARCEL", "YEAR": 2018, "GLYEAR": 2022, "TOWN": "BURLINGTON", "TNAME": "Burlington", "SOURCENAME": null, "SOURCETYPE": "UNKNOWN", "SOURCEDATE": "UNKNOWN", "EDITMETHOD": "UNKNOWN", "EDITOR": "UNKNOWN", "EDITDATE": "UNKNOWN", "MATCHSTAT": "MATCH", "EDITNOTE": "UNKNOWN", "OWNER1": "WOOL JOSEPH S", "OWNER2": "WOOL CLARE K", "ADDRGL1": "153 SUMMIT ST", "ADDRGL2": "", "CITYGL": "BURLINGTON", "STGL": "VT", "ZIPGL": "05401", "DESCPROP": "1-FAMILY HOUSE", "LOCAPROP": "N", "CAT": "Residential-1", "RESCODE": "T", "ACRESGL": 0.8, "REAL_FLV": 1225600, "HSTED_FLV": 1225600, "NRES_FLV": 0, "LAND_LV": 374900, "IMPRV_LV": 850700, "EQUIPVAL": 0, "EQUIPCODE": "", "INVENVAL": 0, "HSDECL": "Y", "HSITEVAL": 1225600, "VETEXAMT": 0, "EXPDESC": "", "ENDDATE": "", "STATUTE": "", "EXAMT_HS": 0, "EXAMT_NR": 0, "UVREDUC_HS": 0, "UVREDUC_NR": 0, "GLVAL_HS": 12256.0, "GLVAL_NR": 0.0, "CRHOUSPCT": 0.0, "MUNGL1PCT": 12256.0, "AOEGL_HS": 12256.0, "AOEGL_NR": 0.0, "E911ADDR": "153 SUMMIT ST", "SHAPE_Length": 0.0025986266576182894, "SHAPE_Area": 3.635544658575076e-07}, "geometry": {"type": "MultiPolygon", "coordinates": [[[[-73.20287214099994, 44.47148042600003], [-73.20308141299995, 44.47147477900006], [-73.20308859799997, 44.47161521000004], [-73.20310274999997, 44.471877937000045], [-73.20221589699997, 44.47191081200003], [-73.20218700299995, 44.47149912400005], [-73.20287214099994, 44.47148042600003]]]]}}, {"type": "Feature", "properties": {"OBJECTID": 276669, "SPAN": "114-035-18003", "GLIST_SPAN": "114-035-18003", "MAPID": "050-2-061-000", "PARCID": "050-2-061.000", "PROPTYPE": "PARCEL", "YEAR": 2018, "GLYEAR": 2022, "TOWN": "BURLINGTON", "TNAME": "Burlington", "SOURCENAME": null, "SOURCETYPE": "UNKNOWN", "SOURCEDATE": "UNKNOWN", "EDITMETHOD": "UNKNOWN", "EDITOR": "UNKNOWN", "EDITDATE": "UNKNOWN", "MATCHSTAT": "MATCH", "EDITNOTE": "UNKNOWN", "OWNER1": "JOHANNES H VAN WEES REV TRUST", "OWNER2": "STEWART KAREN L", "ADDRGL1": "11 OVERLAKE PARK", "ADDRGL2": "", "CITYGL": "BURLINGTON", "STGL": "VT", "ZIPGL": "05401", "DESCPROP": "1 UNIT HOUSE", "LOCAPROP": "N", "CAT": "Residential-1", "RESCODE": "T", "ACRESGL": 0.19, "REAL_FLV": 795000, "HSTED_FLV": 795000, "NRES_FLV": 0, "LAND_LV": 226400, "IMPRV_LV": 568600, "EQUIPVAL": 0, "EQUIPCODE": "", "INVENVAL": 0, "HSDECL": "Y", "HSITEVAL": 795000, "VETEXAMT": 0, "EXPDESC": "", "ENDDATE": "", "STATUTE": "", "EXAMT_HS": 0, "EXAMT_NR": 0, "UVREDUC_HS": 0, "UVREDUC_NR": 0, "GLVAL_HS": 7950.0, "GLVAL_NR": 0.0, "CRHOUSPCT": 0.0, "MUNGL1PCT": 7950.0, "AOEGL_HS": 7950.0, "AOEGL_NR": 0.0, "E911ADDR": "11 OVERLAKE PK", "SHAPE_Length": 0.0013410315998513905, "SHAPE_Area": 8.781391521971618e-08}, "geometry": {"type": "MultiPolygon", "coordinates": [[[[-73.20209341999998, 44.46929539000007], [-73.20248558699996, 44.46928004200004], [-73.20248868299996, 44.46930899100005], [-73.20249871799996, 44.46945798300004], [-73.20209476699995, 44.469473262000065], [-73.20200529999994, 44.469479859000046], [-73.20199299299998, 44.46930500700006], [-73.20209341999998, 44.46929539000007]]]]}}, {"type": "Feature", "properties": {"OBJECTID": 276671, "SPAN": "114-035-18004", "GLIST_SPAN": "114-035-18004", "MAPID": "050-2-062-000", "PARCID": "050-2-062.000", "PROPTYPE": "PARCEL", "YEAR": 2018, "GLYEAR": 2022, "TOWN": "BURLINGTON", "TNAME": "Burlington", "SOURCENAME": null, "SOURCETYPE": "UNKNOWN", "SOURCEDATE": "UNKNOWN", "EDITMETHOD": "UNKNOWN", "EDITOR": "UNKNOWN", "EDITDATE": "UNKNOWN", "MATCHSTAT": "MATCH", "EDITNOTE": "UNKNOWN", "OWNER1": "HOLMEN BRITT A", "OWNER2": "AULTMAN-HALL LISA", "ADDRGL1": "155 CLIFF ST", "ADDRGL2": "", "CITYGL": "BURLINGTON", "STGL": "VT", "ZIPGL": "05401", "DESCPROP": "", "LOCAPROP": "N", "CAT": "Residential-1", "RESCODE": "T", "ACRESGL": 0.22, "REAL_FLV": 821600, "HSTED_FLV": 731375, "NRES_FLV": 90225, "LAND_LV": 220100, "IMPRV_LV": 601500, "EQUIPVAL": 0, "EQUIPCODE": "", "INVENVAL": 0, "HSDECL": "Y", "HSITEVAL": 731375, "VETEXAMT": 0, "EXPDESC": "", "ENDDATE": "", "STATUTE": "", "EXAMT_HS": 0, "EXAMT_NR": 0, "UVREDUC_HS": 0, "UVREDUC_NR": 0, "GLVAL_HS": 7314.0, "GLVAL_NR": 902.25, "CRHOUSPCT": 0.0, "MUNGL1PCT": 8216.0, "AOEGL_HS": 7314.0, "AOEGL_NR": 902.25, "E911ADDR": "155 CLIFF ST", "SHAPE_Length": 0.001404348989363418, "SHAPE_Area": 1.0282462090068286e-07}, "geometry": {"type": "MultiPolygon", "coordinates": [[[[-73.20209476699995, 44.469473262000065], [-73.20249871799996, 44.46945798300004], [-73.20251337099995, 44.469664599000055], [-73.20209923599998, 44.46968219200005], [-73.20201997799995, 44.46968858400004], [-73.20200529999994, 44.469479859000046], [-73.20209476699995, 44.469473262000065]]]]}}, {"type": "Feature", "properties": {"OBJECTID": 276674, "SPAN": "114-035-18005", "GLIST_SPAN": "114-035-18005", "MAPID": "050-2-063-000", "PARCID": "050-2-063.000", "PROPTYPE": "PARCEL", "YEAR": 2018, "GLYEAR": 2022, "TOWN": "BURLINGTON", "TNAME": "Burlington", "SOURCENAME": null, "SOURCETYPE": "UNKNOWN", "SOURCEDATE": "UNKNOWN", "EDITMETHOD": "UNKNOWN", "EDITOR": "UNKNOWN", "EDITDATE": "UNKNOWN", "MATCHSTAT": "MATCH", "EDITNOTE": "UNKNOWN", "OWNER1": "SARAH W SPRAYREGEN REV TR", "OWNER2": "SPRAYREGEN SARAH W", "ADDRGL1": "145 CLIFF STREET", "ADDRGL2": "", "CITYGL": "BURLINGTON", "STGL": "VT", "ZIPGL": "05401", "DESCPROP": "SINGLE FAM HOUSE", "LOCAPROP": "", "CAT": "Residential-1", "RESCODE": "T", "ACRESGL": 0.24, "REAL_FLV": 565300, "HSTED_FLV": 565300, "NRES_FLV": 0, "LAND_LV": 186900, "IMPRV_LV": 378400, "EQUIPVAL": 0, "EQUIPCODE": "", "INVENVAL": 0, "HSDECL": "Y", "HSITEVAL": 565300, "VETEXAMT": 0, "EXPDESC": "", "ENDDATE": "", "STATUTE": "", "EXAMT_HS": 0, "EXAMT_NR": 0, "UVREDUC_HS": 0, "UVREDUC_NR": 0, "GLVAL_HS": 5653.0, "GLVAL_NR": 0.0, "CRHOUSPCT": 0.0, "MUNGL1PCT": 5653.0, "AOEGL_HS": 5653.0, "AOEGL_NR": 0.0, "E911ADDR": "145 CLIFF ST", "SHAPE_Length": 0.0013276724735806003, "SHAPE_Area": 1.0961905797382312e-07}, "geometry": {"type": "MultiPolygon", "coordinates": [[[[-73.20270297799993, 44.46929712600007], [-73.20279247299999, 44.469292919000054], [-73.20281956699995, 44.46965245000007], [-73.20251337099995, 44.469664599000055], [-73.20249871799996, 44.46945798300004], [-73.20248868299996, 44.46930899100005], [-73.20255971599994, 44.46930447500006], [-73.20270297799993, 44.46929712600007]]]]}}, {"type": "Feature", "properties": {"OBJECTID": 276676, "SPAN": "114-035-18006", "GLIST_SPAN": "114-035-18006", "MAPID": "050-2-064-000", "PARCID": "050-2-064.000", "PROPTYPE": "PARCEL", "YEAR": 2018, "GLYEAR": 2022, "TOWN": "BURLINGTON", "TNAME": "Burlington", "SOURCENAME": null, "SOURCETYPE": "UNKNOWN", "SOURCEDATE": "UNKNOWN", "EDITMETHOD": "UNKNOWN", "EDITOR": "UNKNOWN", "EDITDATE": "UNKNOWN", "MATCHSTAT": "MATCH", "EDITNOTE": "UNKNOWN", "OWNER1": "HALLOWELL ROBERT H III TRUSTEE", "OWNER2": "HALLOWELL ANN DEV TRUSTEE", "ADDRGL1": "135 CLIFF STREET", "ADDRGL2": "", "CITYGL": "BURLINGTON", "STGL": "VT", "ZIPGL": "05401", "DESCPROP": "ATTIC STAIRS ARE VERY NARROW", "LOCAPROP": "N", "CAT": "Residential-1", "RESCODE": "T", "ACRESGL": 0.24, "REAL_FLV": 622100, "HSTED_FLV": 622100, "NRES_FLV": 0, "LAND_LV": 233900, "IMPRV_LV": 388200, "EQUIPVAL": 0, "EQUIPCODE": "", "INVENVAL": 0, "HSDECL": "Y", "HSITEVAL": 622100, "VETEXAMT": 0, "EXPDESC": "", "ENDDATE": "", "STATUTE": "", "EXAMT_HS": 0, "EXAMT_NR": 0, "UVREDUC_HS": 0, "UVREDUC_NR": 0, "GLVAL_HS": 6221.0, "GLVAL_NR": 0.0, "CRHOUSPCT": 0.0, "MUNGL1PCT": 6221.0, "AOEGL_HS": 6221.0, "AOEGL_NR": 0.0, "E911ADDR": "135 CLIFF ST", "SHAPE_Length": 0.0013333617180916891, "SHAPE_Area": 1.1035118108589508e-07}, "geometry": {"type": "MultiPolygon", "coordinates": [[[[-73.20297654699993, 44.46928264600007], [-73.20309704899995, 44.469276842000056], [-73.20312223499997, 44.46964088500005], [-73.20281956699995, 44.46965245000007], [-73.20279247299999, 44.469292919000054], [-73.20282778899997, 44.469290311000066], [-73.20297654699993, 44.46928264600007]]]]}}, {"type": "Feature", "properties": {"OBJECTID": 276678, "SPAN": "114-035-18007", "GLIST_SPAN": "114-035-18007", "MAPID": "050-2-065-000", "PARCID": "050-2-065.000", "PROPTYPE": "PARCEL", "YEAR": 2018, "GLYEAR": 2022, "TOWN": "BURLINGTON", "TNAME": "Burlington", "SOURCENAME": null, "SOURCETYPE": "UNKNOWN", "SOURCEDATE": "UNKNOWN", "EDITMETHOD": "UNKNOWN", "EDITOR": "UNKNOWN", "EDITDATE": "UNKNOWN", "MATCHSTAT": "MATCH", "EDITNOTE": "UNKNOWN", "OWNER1": "WILLMUTH LEWIS R TRUSTEE", "OWNER2": "WILLMUTH MARY E TRUSTEE", "ADDRGL1": "125 CLIFF STREET", "ADDRGL2": "", "CITYGL": "BURLINGTON", "STGL": "VT", "ZIPGL": "05401", "DESCPROP": "", "LOCAPROP": "N", "CAT": "Residential-1", "RESCODE": "T", "ACRESGL": 0.77, "REAL_FLV": 947200, "HSTED_FLV": 947200, "NRES_FLV": 0, "LAND_LV": 471600, "IMPRV_LV": 475600, "EQUIPVAL": 0, "EQUIPCODE": "", "INVENVAL": 0, "HSDECL": "Y", "HSITEVAL": 947200, "VETEXAMT": 0, "EXPDESC": "", "ENDDATE": "", "STATUTE": "", "EXAMT_HS": 0, "EXAMT_NR": 0, "UVREDUC_HS": 0, "UVREDUC_NR": 0, "GLVAL_HS": 9472.0, "GLVAL_NR": 0.0, "CRHOUSPCT": 0.0, "MUNGL1PCT": 9472.0, "AOEGL_HS": 9472.0, "AOEGL_NR": 0.0, "E911ADDR": "125 CLIFF ST", "SHAPE_Length": 0.001345005654750668, "SHAPE_Area": 1.1207919837813243e-07}, "geometry": {"type": "MultiPolygon", "coordinates": [[[[-73.20326817199998, 44.46926749200003], [-73.20340162199994, 44.46926062400007], [-73.20342726199993, 44.469629585000064], [-73.20312223499997, 44.46964088500005], [-73.20309704899995, 44.469276842000056], [-73.20314454199996, 44.46927444000005], [-73.20326817199998, 44.46926749200003]]]]}}, {"type": "Feature", "properties": {"OBJECTID": 276680, "SPAN": "114-035-18010", "GLIST_SPAN": "114-035-18010", "MAPID": "050-2-068-000", "PARCID": "050-2-068.000", "PROPTYPE": "PARCEL", "YEAR": 2018, "GLYEAR": 2022, "TOWN": "BURLINGTON", "TNAME": "Burlington", "SOURCENAME": null, "SOURCETYPE": "UNKNOWN", "SOURCEDATE": "UNKNOWN", "EDITMETHOD": "UNKNOWN", "EDITOR": "UNKNOWN", "EDITDATE": "UNKNOWN", "MATCHSTAT": "MATCH", "EDITNOTE": "UNKNOWN", "OWNER1": "O`NEILL JEAN C.", "OWNER2": "JUDGE JR. WALTER E.", "ADDRGL1": "99 CLIFF ST", "ADDRGL2": "", "CITYGL": "BURLINGTON", "STGL": "VT", "ZIPGL": "05401", "DESCPROP": "SINGLE FAM HOUSE", "LOCAPROP": "", "CAT": "Residential-1", "RESCODE": "T", "ACRESGL": 0.28, "REAL_FLV": 697700, "HSTED_FLV": 697700, "NRES_FLV": 0, "LAND_LV": 271500, "IMPRV_LV": 426200, "EQUIPVAL": 0, "EQUIPCODE": "", "INVENVAL": 0, "HSDECL": "Y", "HSITEVAL": 697700, "VETEXAMT": 0, "EXPDESC": "", "ENDDATE": "", "STATUTE": "", "EXAMT_HS": 0, "EXAMT_NR": 0, "UVREDUC_HS": 0, "UVREDUC_NR": 0, "GLVAL_HS": 6977.0, "GLVAL_NR": 0.0, "CRHOUSPCT": 0.0, "MUNGL1PCT": 6977.0, "AOEGL_HS": 6977.0, "AOEGL_NR": 0.0, "E911ADDR": "99 CLIFF ST", "SHAPE_Length": 0.0014528668676463228, "SHAPE_Area": 1.3104967217615016e-07}, "geometry": {"type": "MultiPolygon", "coordinates": [[[[-73.20405120099997, 44.46922638900003], [-73.20438834999999, 44.469208421000076], [-73.20440461999993, 44.46938563800006], [-73.20442791399995, 44.469591638000054], [-73.20407655499997, 44.46960392900007], [-73.20405120099997, 44.46922638900003]]]]}}, {"type": "Feature", "properties": {"OBJECTID": 276682, "SPAN": "114-035-18011", "GLIST_SPAN": "114-035-18011", "MAPID": "050-2-069-000", "PARCID": "050-2-069.000", "PROPTYPE": "PARCEL", "YEAR": 2018, "GLYEAR": 2022, "TOWN": "BURLINGTON", "TNAME": "Burlington", "SOURCENAME": null, "SOURCETYPE": "UNKNOWN", "SOURCEDATE": "UNKNOWN", "EDITMETHOD": "UNKNOWN", "EDITOR": "UNKNOWN", "EDITDATE": "UNKNOWN", "MATCHSTAT": "MATCH", "EDITNOTE": "UNKNOWN", "OWNER1": "MAXWELL DANIEL W", "OWNER2": "MCKINNON WENDY C", "ADDRGL1": "4 DEFOREST RD", "ADDRGL2": "", "CITYGL": "BURLINGTON", "STGL": "VT", "ZIPGL": "05401", "DESCPROP": "", "LOCAPROP": "N", "CAT": "Residential-1", "RESCODE": "T", "ACRESGL": 0.52, "REAL_FLV": 700300, "HSTED_FLV": 700300, "NRES_FLV": 0, "LAND_LV": 279200, "IMPRV_LV": 421100, "EQUIPVAL": 0, "EQUIPCODE": "", "INVENVAL": 0, "HSDECL": "Y", "HSITEVAL": 700300, "VETEXAMT": 0, "EXPDESC": "", "ENDDATE": "", "STATUTE": "", "EXAMT_HS": 0, "EXAMT_NR": 0, "UVREDUC_HS": 0, "UVREDUC_NR": 0, "GLVAL_HS": 7003.0, "GLVAL_NR": 0.0, "CRHOUSPCT": 0.0, "MUNGL1PCT": 7003.0, "AOEGL_HS": 7003.0, "AOEGL_NR": 0.0, "E911ADDR": "4 DEFOREST RD", "SHAPE_Length": 0.0019264699690375643, "SHAPE_Area": 2.449198417769384e-07}, "geometry": {"type": "MultiPolygon", "coordinates": [[[[-73.20452377899994, 44.46917018100004], [-73.20482353099999, 44.469079743000066], [-73.20485750399996, 44.46912925500004], [-73.20489744899999, 44.46917642600005], [-73.20494305299997, 44.46922088800005], [-73.20498466199996, 44.46925928500008], [-73.20502957099995, 44.46929572400006], [-73.20491664199994, 44.46957174900007], [-73.20470578799996, 44.46957908200005], [-73.20442791399995, 44.469591638000054], [-73.20440461999993, 44.46938563800006], [-73.20438834999999, 44.469208421000076], [-73.20452377899994, 44.46917018100004]]]]}}, {"type": "Feature", "properties": {"OBJECTID": 276684, "SPAN": "114-035-18012", "GLIST_SPAN": "114-035-18012", "MAPID": "050-2-070-000", "PARCID": "050-2-070.000", "PROPTYPE": "PARCEL", "YEAR": 2018, "GLYEAR": 2022, "TOWN": "BURLINGTON", "TNAME": "Burlington", "SOURCENAME": null, "SOURCETYPE": "UNKNOWN", "SOURCEDATE": "UNKNOWN", "EDITMETHOD": "UNKNOWN", "EDITOR": "UNKNOWN", "EDITDATE": "UNKNOWN", "MATCHSTAT": "MATCH", "EDITNOTE": "UNKNOWN", "OWNER1": "BARDAGLIO DAVID W", "OWNER2": "WOLLENSACK ELLEN E", "ADDRGL1": "61 CLIFF STREET", "ADDRGL2": "", "CITYGL": "BURLINGTON", "STGL": "VT", "ZIPGL": "05401", "DESCPROP": "", "LOCAPROP": "N", "CAT": "Residential-1", "RESCODE": "T", "ACRESGL": 0.16, "REAL_FLV": 583500, "HSTED_FLV": 583500, "NRES_FLV": 0, "LAND_LV": 220600, "IMPRV_LV": 362900, "EQUIPVAL": 0, "EQUIPCODE": "", "INVENVAL": 0, "HSDECL": "Y", "HSITEVAL": 583500, "VETEXAMT": 0, "EXPDESC": "", "ENDDATE": "", "STATUTE": "", "EXAMT_HS": 0, "EXAMT_NR": 0, "UVREDUC_HS": 0, "UVREDUC_NR": 0, "GLVAL_HS": 5835.0, "GLVAL_NR": 0.0, "CRHOUSPCT": 0.0, "MUNGL1PCT": 5835.0, "AOEGL_HS": 5835.0, "AOEGL_NR": 0.0, "E911ADDR": "61 CLIFF ST", "SHAPE_Length": 0.0011381646700402948, "SHAPE_Area": 7.027876741007419e-08}, "geometry": {"type": "MultiPolygon", "coordinates": [[[[-73.20586047899997, 44.46915405300007], [-73.20586511799996, 44.46953889200006], [-73.20566298499995, 44.46954970300004], [-73.20568445999999, 44.46931108500007], [-73.20569838299997, 44.46916278900005], [-73.20577931899999, 44.469157359000064], [-73.20586047899997, 44.46915405300007]]]]}}, {"type": "Feature", "properties": {"OBJECTID": 276825, "SPAN": "114-035-18155", "GLIST_SPAN": "114-035-18155", "MAPID": "050-4-002-000", "PARCID": "050-4-002.000", "PROPTYPE": "PARCEL", "YEAR": 2018, "GLYEAR": 2022, "TOWN": "BURLINGTON", "TNAME": "Burlington", "SOURCENAME": null, "SOURCETYPE": "UNKNOWN", "SOURCEDATE": "UNKNOWN", "EDITMETHOD": "UNKNOWN", "EDITOR": "UNKNOWN", "EDITDATE": "UNKNOWN", "MATCHSTAT": "MATCH", "EDITNOTE": "UNKNOWN", "OWNER1": "GUSTAFSON BRADLEY K", "OWNER2": "GUSTAFSON CHRISTY K", "ADDRGL1": "211 SUMMIT STREET", "ADDRGL2": "", "CITYGL": "BURLINGTON", "STGL": "VT", "ZIPGL": "05401", "DESCPROP": "", "LOCAPROP": "N", "CAT": "Residential-1", "RESCODE": "T", "ACRESGL": 0.51, "REAL_FLV": 693800, "HSTED_FLV": 693800, "NRES_FLV": 0, "LAND_LV": 289700, "IMPRV_LV": 404100, "EQUIPVAL": 0, "EQUIPCODE": "", "INVENVAL": 0, "HSDECL": "Y", "HSITEVAL": 693800, "VETEXAMT": 0, "EXPDESC": "", "ENDDATE": "", "STATUTE": "", "EXAMT_HS": 0, "EXAMT_NR": 0, "UVREDUC_HS": 0, "UVREDUC_NR": 0, "GLVAL_HS": 6938.0, "GLVAL_NR": 0.0, "CRHOUSPCT": 0.0, "MUNGL1PCT": 6938.0, "AOEGL_HS": 6938.0, "AOEGL_NR": 0.0, "E911ADDR": "211 SUMMIT ST", "SHAPE_Length": 0.00223426134859953, "SHAPE_Area": 2.3140593571757368e-07}, "geometry": {"type": "MultiPolygon", "coordinates": [[[[-73.20250977499995, 44.47011782900006], [-73.20293338799996, 44.470104254000034], [-73.20295043899995, 44.47034685400007], [-73.20295238399996, 44.47037805900004], [-73.20211066299998, 44.47040601700007], [-73.20209127099997, 44.47013165200008], [-73.20250977499995, 44.47011782900006]]]]}}, {"type": "Feature", "properties": {"OBJECTID": 276827, "SPAN": "114-035-18156", "GLIST_SPAN": "114-035-18156", "MAPID": "050-4-003-000", "PARCID": "050-4-003.000", "PROPTYPE": "PARCEL", "YEAR": 2018, "GLYEAR": 2022, "TOWN": "BURLINGTON", "TNAME": "Burlington", "SOURCENAME": null, "SOURCETYPE": "UNKNOWN", "SOURCEDATE": "UNKNOWN", "EDITMETHOD": "UNKNOWN", "EDITOR": "UNKNOWN", "EDITDATE": "UNKNOWN", "MATCHSTAT": "MATCH", "EDITNOTE": "UNKNOWN", "OWNER1": "LOEB DON", "OWNER2": "RACHELSON BARBARA", "ADDRGL1": "205 SUMMIT STREET", "ADDRGL2": "", "CITYGL": "BURLINGTON", "STGL": "VT", "ZIPGL": "05401", "DESCPROP": "INTERIOR IS VERY DATED IN A 1950`S STYLE", "LOCAPROP": "", "CAT": "Residential-1", "RESCODE": "T", "ACRESGL": 0.51, "REAL_FLV": 696600, "HSTED_FLV": 696600, "NRES_FLV": 0, "LAND_LV": 276800, "IMPRV_LV": 419800, "EQUIPVAL": 0, "EQUIPCODE": "", "INVENVAL": 0, "HSDECL": "Y", "HSITEVAL": 696600, "VETEXAMT": 0, "EXPDESC": "", "ENDDATE": "", "STATUTE": "", "EXAMT_HS": 0, "EXAMT_NR": 0, "UVREDUC_HS": 0, "UVREDUC_NR": 0, "GLVAL_HS": 6966.0, "GLVAL_NR": 0.0, "CRHOUSPCT": 0.0, "MUNGL1PCT": 6966.0, "AOEGL_HS": 6966.0, "AOEGL_NR": 0.0, "E911ADDR": "205 SUMMIT ST", "SHAPE_Length": 0.002229902581364091, "SHAPE_Area": 2.2954527867194286e-07}, "geometry": {"type": "MultiPolygon", "coordinates": [[[[-73.20211066299998, 44.47040601700007], [-73.20295238399996, 44.47037805900004], [-73.20296713099998, 44.470592268000075], [-73.20297136899995, 44.47065088000005], [-73.20212962699998, 44.47067743100007], [-73.20211066299998, 44.47040601700007]]]]}}, {"type": "Feature", "properties": {"OBJECTID": 276856, "SPAN": "114-035-18179", "GLIST_SPAN": "114-035-18179", "MAPID": "050-4-026-000", "PARCID": "050-4-026.000", "PROPTYPE": "PARCEL", "YEAR": 2018, "GLYEAR": 2022, "TOWN": "BURLINGTON", "TNAME": "Burlington", "SOURCENAME": null, "SOURCETYPE": "UNKNOWN", "SOURCEDATE": "UNKNOWN", "EDITMETHOD": "UNKNOWN", "EDITOR": "UNKNOWN", "EDITDATE": "UNKNOWN", "MATCHSTAT": "MATCH", "EDITNOTE": "UNKNOWN", "OWNER1": "RINEHART JOHN BENJAMIN", "OWNER2": "HOWELL ANNE BURLEIGH", "ADDRGL1": "393 SOUTH PROSPECT ST", "ADDRGL2": "", "CITYGL": "BURLINGTON", "STGL": "VT", "ZIPGL": "05401", "DESCPROP": "SINGLE FAMILY HOUSE", "LOCAPROP": "", "CAT": "Residential-1", "RESCODE": "T", "ACRESGL": 0.34, "REAL_FLV": 744900, "HSTED_FLV": 744900, "NRES_FLV": 0, "LAND_LV": 206400, "IMPRV_LV": 538500, "EQUIPVAL": 0, "EQUIPCODE": "", "INVENVAL": 0, "HSDECL": "Y", "HSITEVAL": 744900, "VETEXAMT": 0, "EXPDESC": "", "ENDDATE": "", "STATUTE": "", "EXAMT_HS": 0, "EXAMT_NR": 0, "UVREDUC_HS": 0, "UVREDUC_NR": 0, "GLVAL_HS": 7449.0, "GLVAL_NR": 0.0, "CRHOUSPCT": 0.0, "MUNGL1PCT": 7449.0, "AOEGL_HS": 7449.0, "AOEGL_NR": 0.0, "E911ADDR": "393 SOUTH PROSPECT ST", "SHAPE_Length": 0.0017608027241682565, "SHAPE_Area": 1.5550143677662336e-07}, "geometry": {"type": "MultiPolygon", "coordinates": [[[[-73.20051420099998, 44.469295385000066], [-73.20114591399994, 44.46927786900005], [-73.20114685299995, 44.46929065900008], [-73.20116086799999, 44.46947717100005], [-73.20116373599996, 44.46951990100007], [-73.20052460999995, 44.46954182200005], [-73.20051463399994, 44.469305656000074], [-73.20051420099998, 44.469295385000066]]]]}}, {"type": "Feature", "properties": {"OBJECTID": 276857, "SPAN": "114-035-18180", "GLIST_SPAN": "114-035-18180", "MAPID": "050-4-027-000", "PARCID": "050-4-027.000", "PROPTYPE": "PARCEL", "YEAR": 2018, "GLYEAR": 2022, "TOWN": "BURLINGTON", "TNAME": "Burlington", "SOURCENAME": null, "SOURCETYPE": "UNKNOWN", "SOURCEDATE": "UNKNOWN", "EDITMETHOD": "UNKNOWN", "EDITOR": "UNKNOWN", "EDITDATE": "UNKNOWN", "MATCHSTAT": "MATCH", "EDITNOTE": "UNKNOWN", "OWNER1": "DESAUTELS JAY", "OWNER2": "DESAUTELS MELISSA", "ADDRGL1": "2429 SMITH DR", "ADDRGL2": "", "CITYGL": "LOGANVILLE", "STGL": "GA", "ZIPGL": "30052", "DESCPROP": "189 Cliff and 170 Cliff", "LOCAPROP": "N", "CAT": "Residential-1", "RESCODE": "T", "ACRESGL": 0.64, "REAL_FLV": 1475600, "HSTED_FLV": 1475600, "NRES_FLV": 0, "LAND_LV": 445700, "IMPRV_LV": 1029900, "EQUIPVAL": 0, "EQUIPCODE": "", "INVENVAL": 0, "HSDECL": "Y", "HSITEVAL": 1475600, "VETEXAMT": 0, "EXPDESC": "", "ENDDATE": "", "STATUTE": "", "EXAMT_HS": 0, "EXAMT_NR": 0, "UVREDUC_HS": 0, "UVREDUC_NR": 0, "GLVAL_HS": 14756.0, "GLVAL_NR": 0.0, "CRHOUSPCT": 0.0, "MUNGL1PCT": 14756.0, "AOEGL_HS": 14756.0, "AOEGL_NR": 0.0, "E911ADDR": "189 CLIFF ST", "SHAPE_Length": 0.0019751332164770537, "SHAPE_Area": 1.555177403715294e-07}, "geometry": {"type": "MultiPolygon", "coordinates": [[[[-73.20116086799999, 44.46947717100005], [-73.20125876499998, 44.46947298300006], [-73.20127523199994, 44.469718310000076], [-73.20053375899994, 44.46974847300004], [-73.20052460999995, 44.46954182200005], [-73.20116373599996, 44.46951990100007], [-73.20116086799999, 44.46947717100005]]]]}}, {"type": "Feature", "properties": {"OBJECTID": 276866, "SPAN": "114-035-18170", "GLIST_SPAN": "114-035-18170", "MAPID": "050-4-017-000", "PARCID": "050-4-017.000", "PROPTYPE": "PARCEL", "YEAR": 2018, "GLYEAR": 2022, "TOWN": "BURLINGTON", "TNAME": "Burlington", "SOURCENAME": null, "SOURCETYPE": "UNKNOWN", "SOURCEDATE": "UNKNOWN", "EDITMETHOD": "UNKNOWN", "EDITOR": "UNKNOWN", "EDITDATE": "UNKNOWN", "MATCHSTAT": "MATCH", "EDITNOTE": "UNKNOWN", "OWNER1": "RANDALL WILLARD STERNE", "OWNER2": "RANDALL NANCY NAHRA", "ADDRGL1": "200 SUMMIT STREET", "ADDRGL2": "", "CITYGL": "BURLINGTON", "STGL": "VT", "ZIPGL": "05401", "DESCPROP": "", "LOCAPROP": "", "CAT": "Residential-1", "RESCODE": "T", "ACRESGL": 0.28, "REAL_FLV": 667000, "HSTED_FLV": 522939, "NRES_FLV": 144061, "LAND_LV": 239900, "IMPRV_LV": 427100, "EQUIPVAL": 0, "EQUIPCODE": "", "INVENVAL": 0, "HSDECL": "Y", "HSITEVAL": 522939, "VETEXAMT": 0, "EXPDESC": "", "ENDDATE": "", "STATUTE": "", "EXAMT_HS": 0, "EXAMT_NR": 0, "UVREDUC_HS": 0, "UVREDUC_NR": 0, "GLVAL_HS": 5229.0, "GLVAL_NR": 1440.61, "CRHOUSPCT": 0.0, "MUNGL1PCT": 6670.0, "AOEGL_HS": 5229.0, "AOEGL_NR": 1440.61, "E911ADDR": "200 SUMMIT ST", "SHAPE_Length": 0.0016214200983052979, "SHAPE_Area": 1.237853332753102e-07}, "geometry": {"type": "MultiPolygon", "coordinates": [[[[-73.20125166999998, 44.47053320900005], [-73.20185543599996, 44.470509392000054], [-73.20186848399999, 44.47071334700007], [-73.20126, 44.470736911000074], [-73.20125383699997, 44.470582973000035], [-73.20125166999998, 44.47053320900005]]]]}}, {"type": "Feature", "properties": {"OBJECTID": 276867, "SPAN": "114-035-18171", "GLIST_SPAN": "114-035-18171", "MAPID": "050-4-018-000", "PARCID": "050-4-018.000", "PROPTYPE": "PARCEL", "YEAR": 2018, "GLYEAR": 2022, "TOWN": "BURLINGTON", "TNAME": "Burlington", "SOURCENAME": null, "SOURCETYPE": "UNKNOWN", "SOURCEDATE": "UNKNOWN", "EDITMETHOD": "UNKNOWN", "EDITOR": "UNKNOWN", "EDITDATE": "UNKNOWN", "MATCHSTAT": "MATCH", "EDITNOTE": "UNKNOWN", "OWNER1": "KELLER MARC I.", "OWNER2": "KELLER ELLEN F.", "ADDRGL1": "206 SUMMIT ST", "ADDRGL2": "", "CITYGL": "BURLINGTON", "STGL": "VT", "ZIPGL": "05401", "DESCPROP": "SINGLE FAM HOUSE", "LOCAPROP": "", "CAT": "Residential-1", "RESCODE": "T", "ACRESGL": 0.27, "REAL_FLV": 794700, "HSTED_FLV": 794700, "NRES_FLV": 0, "LAND_LV": 239000, "IMPRV_LV": 555700, "EQUIPVAL": 0, "EQUIPCODE": "", "INVENVAL": 0, "HSDECL": "Y", "HSITEVAL": 794700, "VETEXAMT": 0, "EXPDESC": "", "ENDDATE": "", "STATUTE": "", "EXAMT_HS": 0, "EXAMT_NR": 0, "UVREDUC_HS": 0, "UVREDUC_NR": 0, "GLVAL_HS": 7947.0, "GLVAL_NR": 0.0, "CRHOUSPCT": 0.0, "MUNGL1PCT": 7947.0, "AOEGL_HS": 7947.0, "AOEGL_NR": 0.0, "E911ADDR": "206 SUMMIT ST", "SHAPE_Length": 0.0016130918229176866, "SHAPE_Area": 1.2346034656644032e-07}, "geometry": {"type": "MultiPolygon", "coordinates": [[[[-73.20124332899996, 44.47032866200004], [-73.20184079599994, 44.470303759000046], [-73.20185543599996, 44.470509392000054], [-73.20125166999998, 44.47053320900005], [-73.20124332899996, 44.47032866200004]]]]}}, {"type": "Feature", "properties": {"OBJECTID": 276868, "SPAN": "114-035-18172", "GLIST_SPAN": "114-035-18172", "MAPID": "050-4-019-000", "PARCID": "050-4-019.000", "PROPTYPE": "PARCEL", "YEAR": 2018, "GLYEAR": 2022, "TOWN": "BURLINGTON", "TNAME": "Burlington", "SOURCENAME": null, "SOURCETYPE": "UNKNOWN", "SOURCEDATE": "UNKNOWN", "EDITMETHOD": "UNKNOWN", "EDITOR": "UNKNOWN", "EDITDATE": "UNKNOWN", "MATCHSTAT": "MATCH", "EDITNOTE": "UNKNOWN", "OWNER1": "RAO III JOHN J", "OWNER2": "", "ADDRGL1": "214 SUMMIT STREET", "ADDRGL2": "", "CITYGL": "BURLINGTON", "STGL": "VT", "ZIPGL": "05401", "DESCPROP": "GAR. & 2 BRS ABOVE ADDED DORMER= SC", "LOCAPROP": "N", "CAT": "Residential-1", "RESCODE": "T", "ACRESGL": 0.29, "REAL_FLV": 593200, "HSTED_FLV": 593200, "NRES_FLV": 0, "LAND_LV": 241200, "IMPRV_LV": 352000, "EQUIPVAL": 0, "EQUIPCODE": "", "INVENVAL": 0, "HSDECL": "Y", "HSITEVAL": 593200, "VETEXAMT": 0, "EXPDESC": "", "ENDDATE": "", "STATUTE": "", "EXAMT_HS": 0, "EXAMT_NR": 0, "UVREDUC_HS": 0, "UVREDUC_NR": 0, "GLVAL_HS": 5932.0, "GLVAL_NR": 0.0, "CRHOUSPCT": 0.0, "MUNGL1PCT": 5932.0, "AOEGL_HS": 5932.0, "AOEGL_NR": 0.0, "E911ADDR": "214 SUMMIT ST", "SHAPE_Length": 0.0016886443458918416, "SHAPE_Area": 1.3045725676519825e-07}, "geometry": {"type": "MultiPolygon", "coordinates": [[[[-73.20124332899996, 44.47032866200004], [-73.20124271899994, 44.47031052700004], [-73.20119874099998, 44.47031135900005], [-73.20118943699998, 44.47012467700006], [-73.20182577999998, 44.47009953600008], [-73.20184079599994, 44.470303759000046], [-73.20124332899996, 44.47032866200004]]]]}}, {"type": "Feature", "properties": {"OBJECTID": 276881, "SPAN": "114-035-18167", "GLIST_SPAN": "114-035-18167", "MAPID": "050-4-014-000", "PARCID": "050-4-014.000", "PROPTYPE": "PARCEL", "YEAR": 2018, "GLYEAR": 2022, "TOWN": "BURLINGTON", "TNAME": "Burlington", "SOURCENAME": null, "SOURCETYPE": "UNKNOWN", "SOURCEDATE": "UNKNOWN", "EDITMETHOD": "UNKNOWN", "EDITOR": "UNKNOWN", "EDITDATE": "UNKNOWN", "MATCHSTAT": "MATCH", "EDITNOTE": "UNKNOWN", "OWNER1": "GIBSON NATHANIEL", "OWNER2": "STREETS SYDNEY", "ADDRGL1": "178 SUMMIT STREET", "ADDRGL2": "", "CITYGL": "BURLINGTON", "STGL": "VT", "ZIPGL": "05401", "DESCPROP": "EASEMENT FROM 050-4-013-000 5/16/96", "LOCAPROP": "N", "CAT": "Residential-1", "RESCODE": "T", "ACRESGL": 0.3, "REAL_FLV": 693800, "HSTED_FLV": 693800, "NRES_FLV": 0, "LAND_LV": 243500, "IMPRV_LV": 450300, "EQUIPVAL": 0, "EQUIPCODE": "", "INVENVAL": 0, "HSDECL": "Y", "HSITEVAL": 693800, "VETEXAMT": 0, "EXPDESC": "", "ENDDATE": "", "STATUTE": "", "EXAMT_HS": 0, "EXAMT_NR": 0, "UVREDUC_HS": 0, "UVREDUC_NR": 0, "GLVAL_HS": 6938.0, "GLVAL_NR": 0.0, "CRHOUSPCT": 0.0, "MUNGL1PCT": 6938.0, "AOEGL_HS": 6938.0, "AOEGL_NR": 0.0, "E911ADDR": "178 SUMMIT ST", "SHAPE_Length": 0.0017398959999017295, "SHAPE_Area": 1.3686358789411682e-07}, "geometry": {"type": "MultiPolygon", "coordinates": [[[[-73.20124178299994, 44.47115071700006], [-73.20190088399994, 44.47112276400003], [-73.20191631199998, 44.47132853200003], [-73.20124856199999, 44.47135611700003], [-73.20124393399993, 44.47126474400005], [-73.20124178299994, 44.47115071700006]]]]}}, {"type": "Feature", "properties": {"OBJECTID": 276882, "SPAN": "114-035-18168", "GLIST_SPAN": "114-035-18168", "MAPID": "050-4-015-000", "PARCID": "050-4-015.000", "PROPTYPE": "PARCEL", "YEAR": 2018, "GLYEAR": 2022, "TOWN": "BURLINGTON", "TNAME": "Burlington", "SOURCENAME": null, "SOURCETYPE": "UNKNOWN", "SOURCEDATE": "UNKNOWN", "EDITMETHOD": "UNKNOWN", "EDITOR": "UNKNOWN", "EDITDATE": "UNKNOWN", "MATCHSTAT": "MATCH", "EDITNOTE": "UNKNOWN", "OWNER1": "CRAINICH PAUL", "OWNER2": "KIRWAN JANET M", "ADDRGL1": "186 SUMMIT STREET", "ADDRGL2": "", "CITYGL": "BURLINGTON", "STGL": "VT", "ZIPGL": "05401", "DESCPROP": "", "LOCAPROP": "N", "CAT": "Residential-1", "RESCODE": "T", "ACRESGL": 0.3, "REAL_FLV": 1012100, "HSTED_FLV": 1012100, "NRES_FLV": 0, "LAND_LV": 243800, "IMPRV_LV": 768300, "EQUIPVAL": 0, "EQUIPCODE": "", "INVENVAL": 0, "HSDECL": "Y", "HSITEVAL": 1012100, "VETEXAMT": 0, "EXPDESC": "", "ENDDATE": "", "STATUTE": "", "EXAMT_HS": 0, "EXAMT_NR": 0, "UVREDUC_HS": 0, "UVREDUC_NR": 0, "GLVAL_HS": 10121.0, "GLVAL_NR": 0.0, "CRHOUSPCT": 0.0, "MUNGL1PCT": 10121.0, "AOEGL_HS": 10121.0, "AOEGL_NR": 0.0, "E911ADDR": "186 SUMMIT ST", "SHAPE_Length": 0.0017220191198867218, "SHAPE_Area": 1.3517107505741702e-07}, "geometry": {"type": "MultiPolygon", "coordinates": [[[[-73.20123496099995, 44.47094180300007], [-73.20188391699998, 44.47091953600005], [-73.20190088399994, 44.47112276400003], [-73.20124178299994, 44.47115071700006], [-73.20124042599997, 44.471135821000075], [-73.20123568399998, 44.47096935900004], [-73.20123496099995, 44.47094180300007]]]]}}, {"type": "Feature", "properties": {"OBJECTID": 276883, "SPAN": "114-035-18169", "GLIST_SPAN": "114-035-18169", "MAPID": "050-4-016-000", "PARCID": "050-4-016.000", "PROPTYPE": "PARCEL", "YEAR": 2018, "GLYEAR": 2022, "TOWN": "BURLINGTON", "TNAME": "Burlington", "SOURCENAME": null, "SOURCETYPE": "UNKNOWN", "SOURCEDATE": "UNKNOWN", "EDITMETHOD": "UNKNOWN", "EDITOR": "UNKNOWN", "EDITDATE": "UNKNOWN", "MATCHSTAT": "MATCH", "EDITNOTE": "UNKNOWN", "OWNER1": "GORDON KATHLEEN L", "OWNER2": "GORDON ROBERT D", "ADDRGL1": "192 SUMMIT ST", "ADDRGL2": "", "CITYGL": "BURLINGTON", "STGL": "VT", "ZIPGL": "05401", "DESCPROP": "", "LOCAPROP": "N", "CAT": "Residential-1", "RESCODE": "T", "ACRESGL": 0.29, "REAL_FLV": 705300, "HSTED_FLV": 705300, "NRES_FLV": 0, "LAND_LV": 241200, "IMPRV_LV": 464100, "EQUIPVAL": 0, "EQUIPCODE": "", "INVENVAL": 0, "HSDECL": "Y", "HSITEVAL": 705300, "VETEXAMT": 0, "EXPDESC": "", "ENDDATE": "", "STATUTE": "", "EXAMT_HS": 0, "EXAMT_NR": 0, "UVREDUC_HS": 0, "UVREDUC_NR": 0, "GLVAL_HS": 7053.0, "GLVAL_NR": 0.0, "CRHOUSPCT": 0.0, "MUNGL1PCT": 7053.0, "AOEGL_HS": 7053.0, "AOEGL_NR": 0.0, "E911ADDR": "192 SUMMIT ST", "SHAPE_Length": 0.0017042287877483111, "SHAPE_Area": 1.3037930486155977e-07}, "geometry": {"type": "MultiPolygon", "coordinates": [[[[-73.20126, 44.470736911000074], [-73.20186848399999, 44.47071334700007], [-73.20188391699998, 44.47091953600005], [-73.20123496099995, 44.47094180300007], [-73.20123368199995, 44.47090061000006], [-73.20122780399998, 44.47080334000003], [-73.20126274899997, 44.47080242100003], [-73.20126, 44.470736911000074]]]]}}, {"type": "Feature", "properties": {"OBJECTID": 276891, "SPAN": "114-035-18173", "GLIST_SPAN": "114-035-18173", "MAPID": "050-4-020-000", "PARCID": "050-4-020.000", "PROPTYPE": "PARCEL", "YEAR": 2018, "GLYEAR": 2022, "TOWN": "BURLINGTON", "TNAME": "Burlington", "SOURCENAME": null, "SOURCETYPE": "UNKNOWN", "SOURCEDATE": "UNKNOWN", "EDITMETHOD": "UNKNOWN", "EDITOR": "UNKNOWN", "EDITDATE": "UNKNOWN", "MATCHSTAT": "MATCH", "EDITNOTE": "UNKNOWN", "OWNER1": "LOOMIS PROPERTIES LLC", "OWNER2": "", "ADDRGL1": "ATWOOD KOLBENSON", "ADDRGL2": "18 RIVER BEND LANE", "CITYGL": "WESTFORD", "STGL": "VT", "ZIPGL": "05494", "DESCPROP": "12 APT UNITS", "LOCAPROP": "N", "CAT": "Commercial Apt", "RESCODE": "C", "ACRESGL": 0.34, "REAL_FLV": 1771900, "HSTED_FLV": 0, "NRES_FLV": 1771900, "LAND_LV": 611000, "IMPRV_LV": 1160900, "EQUIPVAL": 0, "EQUIPCODE": "", "INVENVAL": 0, "HSDECL": "N", "HSITEVAL": 0, "VETEXAMT": 0, "EXPDESC": "", "ENDDATE": "", "STATUTE": "", "EXAMT_HS": 0, "EXAMT_NR": 0, "UVREDUC_HS": 0, "UVREDUC_NR": 0, "GLVAL_HS": 0.0, "GLVAL_NR": 17719.0, "CRHOUSPCT": 0.0, "MUNGL1PCT": 17719.0, "AOEGL_HS": 0.0, "AOEGL_NR": 17719.0, "E911ADDR": "222 SUMMIT ST", "SHAPE_Length": 0.0017585863099570406, "SHAPE_Area": 1.554330608162206e-07}, "geometry": {"type": "MultiPolygon", "coordinates": [[[[-73.20117707999998, 44.469879939000066], [-73.20180792299993, 44.46985483200007], [-73.20182577999998, 44.47009953600008], [-73.20118943699998, 44.47012467700006], [-73.20117707999998, 44.469879939000066]]]]}}, {"type": "Feature", "properties": {"OBJECTID": 276892, "SPAN": "114-035-18175", "GLIST_SPAN": "114-035-18175", "MAPID": "050-4-022-000", "PARCID": "050-4-022.000", "PROPTYPE": "PARCEL", "YEAR": 2018, "GLYEAR": 2022, "TOWN": "BURLINGTON", "TNAME": "Burlington", "SOURCENAME": null, "SOURCETYPE": "UNKNOWN", "SOURCEDATE": "UNKNOWN", "EDITMETHOD": "UNKNOWN", "EDITOR": "UNKNOWN", "EDITDATE": "UNKNOWN", "MATCHSTAT": "MATCH", "EDITNOTE": "UNKNOWN", "OWNER1": "KATZ BENJAMIN D.", "OWNER2": "MALGERI MEGAN", "ADDRGL1": "12 OVERLAKE DR", "ADDRGL2": "", "CITYGL": "BURLINGTON", "STGL": "VT", "ZIPGL": "05401", "DESCPROP": "", "LOCAPROP": "N", "CAT": "Residential-1", "RESCODE": "T", "ACRESGL": 0.29, "REAL_FLV": 805200, "HSTED_FLV": 805200, "NRES_FLV": 0, "LAND_LV": 242600, "IMPRV_LV": 562600, "EQUIPVAL": 0, "EQUIPCODE": "", "INVENVAL": 0, "HSDECL": "Y", "HSITEVAL": 805200, "VETEXAMT": 0, "EXPDESC": "", "ENDDATE": "", "STATUTE": "", "EXAMT_HS": 0, "EXAMT_NR": 0, "UVREDUC_HS": 0, "UVREDUC_NR": 0, "GLVAL_HS": 8052.0, "GLVAL_NR": 0.0, "CRHOUSPCT": 0.0, "MUNGL1PCT": 8052.0, "AOEGL_HS": 8052.0, "AOEGL_NR": 0.0, "E911ADDR": "12 OVERLAKE PK", "SHAPE_Length": 0.0016855293475853662, "SHAPE_Area": 1.2374022015417278e-07}, "geometry": {"type": "MultiPolygon", "coordinates": [[[[-73.20114685299995, 44.46929065900008], [-73.20179959099994, 44.46925782300008], [-73.20180070399994, 44.46927338800003], [-73.20181327399996, 44.46944926000003], [-73.20125876499998, 44.46947298300006], [-73.20116086799999, 44.46947717100005], [-73.20114685299995, 44.46929065900008]]]]}}, {"type": "Feature", "properties": {"OBJECTID": 276897, "SPAN": "114-035-18181", "GLIST_SPAN": "114-035-18181", "MAPID": "050-4-028-000", "PARCID": "050-4-028.000", "PROPTYPE": "PARCEL", "YEAR": 2018, "GLYEAR": 2022, "TOWN": "BURLINGTON", "TNAME": "Burlington", "SOURCENAME": null, "SOURCETYPE": "UNKNOWN", "SOURCEDATE": "UNKNOWN", "EDITMETHOD": "UNKNOWN", "EDITOR": "UNKNOWN", "EDITDATE": "UNKNOWN", "MATCHSTAT": "MATCH", "EDITNOTE": "UNKNOWN", "OWNER1": "PI BETA PHI FHC - VERMONT BETA LLC", "OWNER2": "", "ADDRGL1": "1154 TOWN & COUNTRY COMMONS DR", "ADDRGL2": "", "CITYGL": "CHESTERFIELD", "STGL": "MO", "ZIPGL": "63017", "DESCPROP": "SORORITY", "LOCAPROP": "N", "CAT": "Commercial Apt", "RESCODE": "C", "ACRESGL": 0.28, "REAL_FLV": 903900, "HSTED_FLV": 0, "NRES_FLV": 903900, "LAND_LV": 531000, "IMPRV_LV": 372900, "EQUIPVAL": 0, "EQUIPCODE": "", "INVENVAL": 0, "HSDECL": "N", "HSITEVAL": 0, "VETEXAMT": 0, "EXPDESC": "", "ENDDATE": "", "STATUTE": "", "EXAMT_HS": 0, "EXAMT_NR": 0, "UVREDUC_HS": 0, "UVREDUC_NR": 0, "GLVAL_HS": 0.0, "GLVAL_NR": 9039.0, "CRHOUSPCT": 0.0, "MUNGL1PCT": 9039.0, "AOEGL_HS": 0.0, "AOEGL_NR": 9039.0, "E911ADDR": "369 SOUTH PROSPECT ST", "SHAPE_Length": 0.0014509730174342924, "SHAPE_Area": 1.2819319846677952e-07}, "geometry": {"type": "MultiPolygon", "coordinates": [[[[-73.20054152499995, 44.46990521300006], [-73.20084497199997, 44.46989294600007], [-73.20086653799996, 44.47031663200005], [-73.20056064799996, 44.470321883000054], [-73.20054152499995, 44.46990521300006]]]]}}, {"type": "Feature", "properties": {"OBJECTID": 276898, "SPAN": "114-035-18182", "GLIST_SPAN": "114-035-18182", "MAPID": "050-4-029-000", "PARCID": "050-4-029.000", "PROPTYPE": "PARCEL", "YEAR": 2018, "GLYEAR": 2022, "TOWN": "BURLINGTON", "TNAME": "Burlington", "SOURCENAME": null, "SOURCETYPE": "UNKNOWN", "SOURCEDATE": "UNKNOWN", "EDITMETHOD": "UNKNOWN", "EDITOR": "UNKNOWN", "EDITDATE": "UNKNOWN", "MATCHSTAT": "MATCH", "EDITNOTE": "UNKNOWN", "OWNER1": "LIVIA K. DEMARCHIS TRUST", "OWNER2": "DEMARCHIS LIVIA K", "ADDRGL1": "357 SOUTH PROSPECT ST", "ADDRGL2": "", "CITYGL": "BURLINGTON", "STGL": "VT", "ZIPGL": "05401", "DESCPROP": "SINGLE FAM HOUSE", "LOCAPROP": "", "CAT": "Residential-1", "RESCODE": "T", "ACRESGL": 0.41, "REAL_FLV": 574200, "HSTED_FLV": 574200, "NRES_FLV": 0, "LAND_LV": 218900, "IMPRV_LV": 355300, "EQUIPVAL": 0, "EQUIPCODE": "", "INVENVAL": 0, "HSDECL": "Y", "HSITEVAL": 574200, "VETEXAMT": 0, "EXPDESC": "", "ENDDATE": "", "STATUTE": "", "EXAMT_HS": 0, "EXAMT_NR": 0, "UVREDUC_HS": 0, "UVREDUC_NR": 0, "GLVAL_HS": 5742.0, "GLVAL_NR": 0.0, "CRHOUSPCT": 0.0, "MUNGL1PCT": 5742.0, "AOEGL_HS": 5742.0, "AOEGL_NR": 0.0, "E911ADDR": "357 SOUTH PROSPECT ST", "SHAPE_Length": 0.0019103850472887915, "SHAPE_Area": 1.8642888767800953e-07}, "geometry": {"type": "MultiPolygon", "coordinates": [[[[-73.20119874099998, 44.47031135900005], [-73.20124271899994, 44.47031052700004], [-73.20124332899996, 44.47032866200004], [-73.20125166999998, 44.47053320900005], [-73.20125383699997, 44.470582973000035], [-73.20057296299996, 44.47059615100005], [-73.20056064799996, 44.470321883000054], [-73.20086653799996, 44.47031663200005], [-73.20119874099998, 44.47031135900005]]]]}}, {"type": "Feature", "properties": {"OBJECTID": 276899, "SPAN": "114-035-18183", "GLIST_SPAN": "114-035-18183", "MAPID": "050-4-030-000", "PARCID": "050-4-030.000", "PROPTYPE": "PARCEL", "YEAR": 2018, "GLYEAR": 2022, "TOWN": "BURLINGTON", "TNAME": "Burlington", "SOURCENAME": null, "SOURCETYPE": "UNKNOWN", "SOURCEDATE": "UNKNOWN", "EDITMETHOD": "UNKNOWN", "EDITOR": "UNKNOWN", "EDITDATE": "UNKNOWN", "MATCHSTAT": "MATCH", "EDITNOTE": "UNKNOWN", "OWNER1": "YOUNG PETER F", "OWNER2": "YOUNG AMY E", "ADDRGL1": "343 SOUTH PROSPECT STREET", "ADDRGL2": "", "CITYGL": "BURLINGTON", "STGL": "VT", "ZIPGL": "05401", "DESCPROP": "SINGLE FAMILY HOUSE", "LOCAPROP": "", "CAT": "Residential-1", "RESCODE": "T", "ACRESGL": 0.33, "REAL_FLV": 559700, "HSTED_FLV": 559700, "NRES_FLV": 0, "LAND_LV": 203300, "IMPRV_LV": 356400, "EQUIPVAL": 0, "EQUIPCODE": "", "INVENVAL": 0, "HSDECL": "Y", "HSITEVAL": 559700, "VETEXAMT": 0, "EXPDESC": "", "ENDDATE": "", "STATUTE": "", "EXAMT_HS": 0, "EXAMT_NR": 0, "UVREDUC_HS": 0, "UVREDUC_NR": 0, "GLVAL_HS": 5597.0, "GLVAL_NR": 0.0, "CRHOUSPCT": 0.0, "MUNGL1PCT": 5597.0, "AOEGL_HS": 5597.0, "AOEGL_NR": 0.0, "E911ADDR": "343 SOUTH PROSPECT ST", "SHAPE_Length": 0.0017991422402736737, "SHAPE_Area": 1.4916214347330466e-07}, "geometry": {"type": "MultiPolygon", "coordinates": [[[[-73.20057296299996, 44.47059615100005], [-73.20125383699997, 44.470582973000035], [-73.20126, 44.470736911000074], [-73.20126274899997, 44.47080242100003], [-73.20122780399998, 44.47080334000003], [-73.20058303799993, 44.47081460900006], [-73.20057296299996, 44.47059615100005]]]]}}, {"type": "Feature", "properties": {"OBJECTID": 276900, "SPAN": "114-035-18184", "GLIST_SPAN": "114-035-18184", "MAPID": "050-4-031-000", "PARCID": "050-4-031.000", "PROPTYPE": "PARCEL", "YEAR": 2018, "GLYEAR": 2022, "TOWN": "BURLINGTON", "TNAME": "Burlington", "SOURCENAME": null, "SOURCETYPE": "UNKNOWN", "SOURCEDATE": "UNKNOWN", "EDITMETHOD": "UNKNOWN", "EDITOR": "UNKNOWN", "EDITDATE": "UNKNOWN", "MATCHSTAT": "MATCH", "EDITNOTE": "UNKNOWN", "OWNER1": "HORTON MARK", "OWNER2": "HORTON KIMBERLY", "ADDRGL1": "339 PROSPECT STREET", "ADDRGL2": "", "CITYGL": "BURLINGTON", "STGL": "VT", "ZIPGL": "05401", "DESCPROP": "SINGLE FAM HOUSE", "LOCAPROP": "", "CAT": "Residential-1", "RESCODE": "T", "ACRESGL": 0.25, "REAL_FLV": 564500, "HSTED_FLV": 564500, "NRES_FLV": 0, "LAND_LV": 188900, "IMPRV_LV": 375600, "EQUIPVAL": 0, "EQUIPCODE": "", "INVENVAL": 0, "HSDECL": "Y", "HSITEVAL": 564500, "VETEXAMT": 0, "EXPDESC": "", "ENDDATE": "", "STATUTE": "", "EXAMT_HS": 0, "EXAMT_NR": 0, "UVREDUC_HS": 0, "UVREDUC_NR": 0, "GLVAL_HS": 5645.0, "GLVAL_NR": 0.0, "CRHOUSPCT": 0.0, "MUNGL1PCT": 5645.0, "AOEGL_HS": 5645.0, "AOEGL_NR": 0.0, "E911ADDR": "339 SOUTH PROSPECT ST", "SHAPE_Length": 0.0016266512565613228, "SHAPE_Area": 1.0858009374568481e-07}, "geometry": {"type": "MultiPolygon", "coordinates": [[[[-73.20058303799993, 44.47081460900006], [-73.20122780399998, 44.47080334000003], [-73.20123368199995, 44.47090061000006], [-73.20123496099995, 44.47094180300007], [-73.20123568399998, 44.47096935900004], [-73.20059057199995, 44.47098470800006], [-73.20058888099999, 44.47094183100006], [-73.20058303799993, 44.47081460900006]]]]}}, {"type": "Feature", "properties": {"OBJECTID": 276901, "SPAN": "114-035-18185", "GLIST_SPAN": "114-035-18185", "MAPID": "050-4-032-000", "PARCID": "050-4-032.000", "PROPTYPE": "PARCEL", "YEAR": 2018, "GLYEAR": 2022, "TOWN": "BURLINGTON", "TNAME": "Burlington", "SOURCENAME": null, "SOURCETYPE": "UNKNOWN", "SOURCEDATE": "UNKNOWN", "EDITMETHOD": "UNKNOWN", "EDITOR": "UNKNOWN", "EDITDATE": "UNKNOWN", "MATCHSTAT": "MATCH", "EDITNOTE": "UNKNOWN", "OWNER1": "MCNEIL JOSEPH E", "OWNER2": "MCNEIL DOREEN", "ADDRGL1": "333 SOUTH PROSPECT STREET", "ADDRGL2": "", "CITYGL": "BURLINGTON", "STGL": "VT", "ZIPGL": "05401", "DESCPROP": "", "LOCAPROP": "N", "CAT": "Residential-1", "RESCODE": "T", "ACRESGL": 0.24, "REAL_FLV": 600200, "HSTED_FLV": 600200, "NRES_FLV": 0, "LAND_LV": 188700, "IMPRV_LV": 411500, "EQUIPVAL": 0, "EQUIPCODE": "", "INVENVAL": 0, "HSDECL": "Y", "HSITEVAL": 600200, "VETEXAMT": 0, "EXPDESC": "", "ENDDATE": "", "STATUTE": "", "EXAMT_HS": 0, "EXAMT_NR": 0, "UVREDUC_HS": 0, "UVREDUC_NR": 0, "GLVAL_HS": 6002.0, "GLVAL_NR": 0.0, "CRHOUSPCT": 0.0, "MUNGL1PCT": 6002.0, "AOEGL_HS": 6002.0, "AOEGL_NR": 0.0, "E911ADDR": "333 SOUTH PROSPECT ST", "SHAPE_Length": 0.001619848135663056, "SHAPE_Area": 1.0688178061503961e-07}, "geometry": {"type": "MultiPolygon", "coordinates": [[[[-73.20059057199995, 44.47098470800006], [-73.20123568399998, 44.47096935900004], [-73.20124042599997, 44.471135821000075], [-73.20059804799996, 44.47115002800007], [-73.20059057199995, 44.47098470800006]]]]}}, {"type": "Feature", "properties": {"OBJECTID": 276902, "SPAN": "114-035-18186", "GLIST_SPAN": "114-035-18186", "MAPID": "050-4-033-000", "PARCID": "050-4-033.000", "PROPTYPE": "PARCEL", "YEAR": 2018, "GLYEAR": 2022, "TOWN": "BURLINGTON", "TNAME": "Burlington", "SOURCENAME": null, "SOURCETYPE": "UNKNOWN", "SOURCEDATE": "UNKNOWN", "EDITMETHOD": "UNKNOWN", "EDITOR": "UNKNOWN", "EDITDATE": "UNKNOWN", "MATCHSTAT": "MATCH", "EDITNOTE": "UNKNOWN", "OWNER1": "VAN DYK JON", "OWNER2": "", "ADDRGL1": "327 SOUTH PROSPECT ST", "ADDRGL2": "", "CITYGL": "BURLINGTON", "STGL": "VT", "ZIPGL": "05401", "DESCPROP": "NEW KITCH - DECK '87 4/1/94 : EC = 5 % S", "LOCAPROP": "", "CAT": "Residential-1", "RESCODE": "T", "ACRESGL": 0.32, "REAL_FLV": 645700, "HSTED_FLV": 0, "NRES_FLV": 645700, "LAND_LV": 201700, "IMPRV_LV": 444000, "EQUIPVAL": 0, "EQUIPCODE": "", "INVENVAL": 0, "HSDECL": "N", "HSITEVAL": 645700, "VETEXAMT": 0, "EXPDESC": "", "ENDDATE": "", "STATUTE": "", "EXAMT_HS": 0, "EXAMT_NR": 0, "UVREDUC_HS": 0, "UVREDUC_NR": 0, "GLVAL_HS": 0.0, "GLVAL_NR": 6457.0, "CRHOUSPCT": 0.0, "MUNGL1PCT": 6457.0, "AOEGL_HS": 0.0, "AOEGL_NR": 6457.0, "E911ADDR": "327 SOUTH PROSPECT ST", "SHAPE_Length": 0.0017238347996589858, "SHAPE_Area": 1.4125501463202504e-07}, "geometry": {"type": "MultiPolygon", "coordinates": [[[[-73.20059804799996, 44.47115002800007], [-73.20124042599997, 44.471135821000075], [-73.20124178299994, 44.47115071700006], [-73.20124393399993, 44.47126474400005], [-73.20124856199999, 44.47135611700003], [-73.20060814299995, 44.47137003100005], [-73.20059804799996, 44.47115002800007]]]]}}, {"type": "Feature", "properties": {"OBJECTID": 276903, "SPAN": "114-035-18187", "GLIST_SPAN": "114-035-18187", "MAPID": "050-4-034-000", "PARCID": "050-4-034.000", "PROPTYPE": "PARCEL", "YEAR": 2018, "GLYEAR": 2022, "TOWN": "BURLINGTON", "TNAME": "Burlington", "SOURCENAME": null, "SOURCETYPE": "UNKNOWN", "SOURCEDATE": "UNKNOWN", "EDITMETHOD": "UNKNOWN", "EDITOR": "UNKNOWN", "EDITDATE": "UNKNOWN", "MATCHSTAT": "MATCH", "EDITNOTE": "UNKNOWN", "OWNER1": "POWLOWSKY RICHARD A.", "OWNER2": "", "ADDRGL1": "66 TIRRELL HILL RD", "ADDRGL2": "", "CITYGL": "BDFORD", "STGL": "NH", "ZIPGL": "03110", "DESCPROP": "", "LOCAPROP": "N", "CAT": "Residential-1", "RESCODE": "NS", "ACRESGL": 0.4, "REAL_FLV": 764900, "HSTED_FLV": 0, "NRES_FLV": 764900, "LAND_LV": 217100, "IMPRV_LV": 547800, "EQUIPVAL": 0, "EQUIPCODE": "", "INVENVAL": 0, "HSDECL": "N", "HSITEVAL": 764900, "VETEXAMT": 0, "EXPDESC": "", "ENDDATE": "", "STATUTE": "", "EXAMT_HS": 0, "EXAMT_NR": 0, "UVREDUC_HS": 0, "UVREDUC_NR": 0, "GLVAL_HS": 0.0, "GLVAL_NR": 7649.0, "CRHOUSPCT": 0.0, "MUNGL1PCT": 7649.0, "AOEGL_HS": 0.0, "AOEGL_NR": 7649.0, "E911ADDR": "315 SOUTH PROSPECT ST", "SHAPE_Length": 0.0018351516928531045, "SHAPE_Area": 1.7556026282227715e-07}, "geometry": {"type": "MultiPolygon", "coordinates": [[[[-73.20060814299995, 44.47137003100005], [-73.20124856199999, 44.47135611700003], [-73.20125246399994, 44.47141951100008], [-73.20126948899997, 44.47162766000008], [-73.20062043899998, 44.47164275200004], [-73.20060814299995, 44.47137003100005]]]]}}, {"type": "Feature", "properties": {"OBJECTID": 276904, "SPAN": "114-035-18188", "GLIST_SPAN": "114-035-18188", "MAPID": "050-4-035-000", "PARCID": "050-4-035.000", "PROPTYPE": "PARCEL", "YEAR": 2018, "GLYEAR": 2022, "TOWN": "BURLINGTON", "TNAME": "Burlington", "SOURCENAME": null, "SOURCETYPE": "UNKNOWN", "SOURCEDATE": "UNKNOWN", "EDITMETHOD": "UNKNOWN", "EDITOR": "UNKNOWN", "EDITDATE": "UNKNOWN", "MATCHSTAT": "MATCH", "EDITNOTE": "UNKNOWN", "OWNER1": "MCKNIGHT REBECCA", "OWNER2": "MCKNIGHT DEVIN", "ADDRGL1": "307 SOUTH PROSPECT STREET", "ADDRGL2": "", "CITYGL": "BURLINGTON", "STGL": "VT", "ZIPGL": "05401", "DESCPROP": "", "LOCAPROP": "N", "CAT": "Residential-1", "RESCODE": "T", "ACRESGL": 0.4, "REAL_FLV": 704600, "HSTED_FLV": 0, "NRES_FLV": 704600, "LAND_LV": 216600, "IMPRV_LV": 488000, "EQUIPVAL": 0, "EQUIPCODE": "", "INVENVAL": 0, "HSDECL": "N", "HSITEVAL": 704600, "VETEXAMT": 0, "EXPDESC": "", "ENDDATE": "", "STATUTE": "", "EXAMT_HS": 0, "EXAMT_NR": 0, "UVREDUC_HS": 0, "UVREDUC_NR": 0, "GLVAL_HS": 0.0, "GLVAL_NR": 7046.0, "CRHOUSPCT": 0.0, "MUNGL1PCT": 7046.0, "AOEGL_HS": 0.0, "AOEGL_NR": 7046.0, "E911ADDR": "307 SOUTH PROSPECT ST", "SHAPE_Length": 0.0018482859541610794, "SHAPE_Area": 1.7756598836304772e-07}, "geometry": {"type": "MultiPolygon", "coordinates": [[[[-73.20062043899998, 44.47164275200004], [-73.20126948899997, 44.47162766000008], [-73.20128726199994, 44.47189837900004], [-73.20063392699996, 44.471916590000035], [-73.20062043899998, 44.47164275200004]]]]}}, {"type": "Feature", "properties": {"OBJECTID": 277772, "SPAN": "114-035-17940", "GLIST_SPAN": "114-035-17940", "MAPID": "050-2-001-000", "PARCID": "050-2-001.000", "PROPTYPE": "PARCEL", "YEAR": 2018, "GLYEAR": 2022, "TOWN": "BURLINGTON", "TNAME": "Burlington", "SOURCENAME": null, "SOURCETYPE": "UNKNOWN", "SOURCEDATE": "UNKNOWN", "EDITMETHOD": "UNKNOWN", "EDITOR": "UNKNOWN", "EDITDATE": "UNKNOWN", "MATCHSTAT": "MATCH", "EDITNOTE": "UNKNOWN", "OWNER1": "SEEKER LUKE C.", "OWNER2": "", "ADDRGL1": "393 SOUTH WILLARD ST", "ADDRGL2": "", "CITYGL": "BURLINGTON", "STGL": "VT", "ZIPGL": "05401", "DESCPROP": "", "LOCAPROP": "N", "CAT": "Residential-1", "RESCODE": "T", "ACRESGL": 0.12, "REAL_FLV": 634200, "HSTED_FLV": 0, "NRES_FLV": 634200, "LAND_LV": 213600, "IMPRV_LV": 420600, "EQUIPVAL": 0, "EQUIPCODE": "", "INVENVAL": 0, "HSDECL": "N", "HSITEVAL": 634200, "VETEXAMT": 0, "EXPDESC": "", "ENDDATE": "", "STATUTE": "", "EXAMT_HS": 0, "EXAMT_NR": 0, "UVREDUC_HS": 0, "UVREDUC_NR": 0, "GLVAL_HS": 0.0, "GLVAL_NR": 6342.0, "CRHOUSPCT": 0.0, "MUNGL1PCT": 6342.0, "AOEGL_HS": 0.0, "AOEGL_NR": 6342.0, "E911ADDR": "393 SOUTH WILLARD ST", "SHAPE_Length": 0.0010335097998339896, "SHAPE_Area": 5.29013042359052e-08}, "geometry": {"type": "MultiPolygon", "coordinates": [[[[-73.20529728699995, 44.46928451000008], [-73.20535072099995, 44.46915579700004], [-73.20569945999995, 44.469154486000036], [-73.20569838299997, 44.46916278900005], [-73.20568445999999, 44.46931108500007], [-73.20529728699995, 44.46928451000008]]]]}}, {"type": "Feature", "properties": {"OBJECTID": 277773, "SPAN": "114-035-17941", "GLIST_SPAN": "114-035-17941", "MAPID": "050-2-002-000", "PARCID": "050-2-002.000", "PROPTYPE": "PARCEL", "YEAR": 2018, "GLYEAR": 2022, "TOWN": "BURLINGTON", "TNAME": "Burlington", "SOURCENAME": null, "SOURCETYPE": "UNKNOWN", "SOURCEDATE": "UNKNOWN", "EDITMETHOD": "UNKNOWN", "EDITOR": "UNKNOWN", "EDITDATE": "UNKNOWN", "MATCHSTAT": "MATCH", "EDITNOTE": "UNKNOWN", "OWNER1": "LEE MARTIN S", "OWNER2": "LEE LYDIA G.", "ADDRGL1": "385 SOUTH WILLARD ST", "ADDRGL2": "", "CITYGL": "BURLINGTON", "STGL": "VT", "ZIPGL": "05401", "DESCPROP": "", "LOCAPROP": "N", "CAT": "Residential-1", "RESCODE": "T", "ACRESGL": 0.26, "REAL_FLV": 843900, "HSTED_FLV": 843900, "NRES_FLV": 0, "LAND_LV": 237500, "IMPRV_LV": 606400, "EQUIPVAL": 0, "EQUIPCODE": "", "INVENVAL": 0, "HSDECL": "Y", "HSITEVAL": 843900, "VETEXAMT": 0, "EXPDESC": "", "ENDDATE": "", "STATUTE": "", "EXAMT_HS": 0, "EXAMT_NR": 0, "UVREDUC_HS": 0, "UVREDUC_NR": 0, "GLVAL_HS": 8439.0, "GLVAL_NR": 0.0, "CRHOUSPCT": 0.0, "MUNGL1PCT": 8439.0, "AOEGL_HS": 8439.0, "AOEGL_NR": 0.0, "E911ADDR": "385 SOUTH WILLARD ST", "SHAPE_Length": 0.0014301678808861086, "SHAPE_Area": 1.1582633432485647e-07}, "geometry": {"type": "MultiPolygon", "coordinates": [[[[-73.20517709099994, 44.46957661000005], [-73.20529728699995, 44.46928451000008], [-73.20568445999999, 44.46931108500007], [-73.20566298499995, 44.46954970300004], [-73.20517709099994, 44.46957661000005]]]]}}, {"type": "Feature", "properties": {"OBJECTID": 277774, "SPAN": "114-035-17942", "GLIST_SPAN": "114-035-17942", "MAPID": "050-2-003-000", "PARCID": "050-2-003.000", "PROPTYPE": "PARCEL", "YEAR": 2018, "GLYEAR": 2022, "TOWN": "BURLINGTON", "TNAME": "Burlington", "SOURCENAME": null, "SOURCETYPE": "UNKNOWN", "SOURCEDATE": "UNKNOWN", "EDITMETHOD": "UNKNOWN", "EDITOR": "UNKNOWN", "EDITDATE": "UNKNOWN", "MATCHSTAT": "MATCH", "EDITNOTE": "UNKNOWN", "OWNER1": "CHAMPLAIN COLLEGE INC.", "OWNER2": "", "ADDRGL1": "PO BOX 670", "ADDRGL2": "ATTN FINANCING", "CITYGL": "BURLINGTON", "STGL": "VT", "ZIPGL": "05401", "DESCPROP": "SOUTH HOUSE", "LOCAPROP": "N", "CAT": "Commercial", "RESCODE": "C", "ACRESGL": 0.0, "REAL_FLV": 923400, "HSTED_FLV": 0, "NRES_FLV": 923400, "LAND_LV": 923400, "IMPRV_LV": 0, "EQUIPVAL": 0, "EQUIPCODE": "", "INVENVAL": 0, "HSDECL": "N", "HSITEVAL": 0, "VETEXAMT": 0, "EXPDESC": "", "ENDDATE": "", "STATUTE": "", "EXAMT_HS": 0, "EXAMT_NR": 0, "UVREDUC_HS": 0, "UVREDUC_NR": 0, "GLVAL_HS": 0.0, "GLVAL_NR": 9234.0, "CRHOUSPCT": 0.0, "MUNGL1PCT": 9234.0, "AOEGL_HS": 0.0, "AOEGL_NR": 9234.0, "E911ADDR": "363 SOUTH WILLARD ST", "SHAPE_Length": 0.002144303049003356, "SHAPE_Area": 2.861458622355167e-07}, "geometry": {"type": "MultiPolygon", "coordinates": [[[[-73.20513606399999, 44.469692028000054], [-73.20570516599997, 44.469660530000056], [-73.20573564599994, 44.47016923500007], [-73.20516557099995, 44.47018555100004], [-73.20516109699997, 44.47011072300006], [-73.20513606399999, 44.469692028000054]]]]}}, {"type": "Feature", "properties": {"OBJECTID": 277776, "SPAN": "114-035-17944", "GLIST_SPAN": "114-035-17944", "MAPID": "050-2-005-000", "PARCID": "050-2-005.000", "PROPTYPE": "PARCEL", "YEAR": 2018, "GLYEAR": 2022, "TOWN": "BURLINGTON", "TNAME": "Burlington", "SOURCENAME": null, "SOURCETYPE": "UNKNOWN", "SOURCEDATE": "UNKNOWN", "EDITMETHOD": "UNKNOWN", "EDITOR": "UNKNOWN", "EDITDATE": "UNKNOWN", "MATCHSTAT": "MATCH", "EDITNOTE": "UNKNOWN", "OWNER1": "VELLEMAN SHELLEY L.", "OWNER2": "VELLEMAN DANIEL J.", "ADDRGL1": "331 SOUTH WILLARD ST", "ADDRGL2": "", "CITYGL": "BURLINGTON", "STGL": "VT", "ZIPGL": "05401", "DESCPROP": "SINGLE FAM HOUSE", "LOCAPROP": "", "CAT": "Residential-1", "RESCODE": "T", "ACRESGL": 0.15, "REAL_FLV": 675200, "HSTED_FLV": 675200, "NRES_FLV": 0, "LAND_LV": 218900, "IMPRV_LV": 456300, "EQUIPVAL": 0, "EQUIPCODE": "", "INVENVAL": 0, "HSDECL": "Y", "HSITEVAL": 675200, "VETEXAMT": 0, "EXPDESC": "", "ENDDATE": "", "STATUTE": "", "EXAMT_HS": 0, "EXAMT_NR": 0, "UVREDUC_HS": 0, "UVREDUC_NR": 0, "GLVAL_HS": 6752.0, "GLVAL_NR": 0.0, "CRHOUSPCT": 0.0, "MUNGL1PCT": 6752.0, "AOEGL_HS": 6752.0, "AOEGL_NR": 0.0, "E911ADDR": "331 SOUTH WILLARD ST", "SHAPE_Length": 0.001113121181034333, "SHAPE_Area": 6.758126740611531e-08}, "geometry": {"type": "MultiPolygon", "coordinates": [[[[-73.20520188999996, 44.470853257000044], [-73.20557863599998, 44.47082857200007], [-73.20558747199993, 44.47100780400007], [-73.20521071399997, 44.47103164500004], [-73.20520188999996, 44.470853257000044]]]]}}, {"type": "Feature", "properties": {"OBJECTID": 277777, "SPAN": "114-035-17945", "GLIST_SPAN": "114-035-17945", "MAPID": "050-2-006-000", "PARCID": "050-2-006.000", "PROPTYPE": "PARCEL", "YEAR": 2018, "GLYEAR": 2022, "TOWN": "BURLINGTON", "TNAME": "Burlington", "SOURCENAME": null, "SOURCETYPE": "UNKNOWN", "SOURCEDATE": "UNKNOWN", "EDITMETHOD": "UNKNOWN", "EDITOR": "UNKNOWN", "EDITDATE": "UNKNOWN", "MATCHSTAT": "MATCH", "EDITNOTE": "UNKNOWN", "OWNER1": "DUNCAN CRYSTAL LYNN", "OWNER2": "", "ADDRGL1": "325 SOUTH WILLARD ST", "ADDRGL2": "", "CITYGL": "BURLINGTON", "STGL": "VT", "ZIPGL": "05401", "DESCPROP": "", "LOCAPROP": "N", "CAT": "Residential-1", "RESCODE": "T", "ACRESGL": 0.15, "REAL_FLV": 605500, "HSTED_FLV": 0, "NRES_FLV": 605500, "LAND_LV": 219200, "IMPRV_LV": 386300, "EQUIPVAL": 0, "EQUIPCODE": "", "INVENVAL": 0, "HSDECL": "N", "HSITEVAL": 605500, "VETEXAMT": 0, "EXPDESC": "", "ENDDATE": "", "STATUTE": "", "EXAMT_HS": 0, "EXAMT_NR": 0, "UVREDUC_HS": 0, "UVREDUC_NR": 0, "GLVAL_HS": 0.0, "GLVAL_NR": 6055.0, "CRHOUSPCT": 0.0, "MUNGL1PCT": 6055.0, "AOEGL_HS": 0.0, "AOEGL_NR": 6055.0, "E911ADDR": "325 SOUTH WILLARD ST", "SHAPE_Length": 0.0011203490521291906, "SHAPE_Area": 6.880949416983068e-08}, "geometry": {"type": "MultiPolygon", "coordinates": [[[[-73.20521071399997, 44.47103164500004], [-73.20558747199993, 44.47100780400007], [-73.20559870199997, 44.47119011400008], [-73.20522035599998, 44.47121255900004], [-73.20521071399997, 44.47103164500004]]]]}}, {"type": "Feature", "properties": {"OBJECTID": 277778, "SPAN": "114-035-17946", "GLIST_SPAN": "114-035-17946", "MAPID": "050-2-007-000", "PARCID": "050-2-007.000", "PROPTYPE": "PARCEL", "YEAR": 2018, "GLYEAR": 2022, "TOWN": "BURLINGTON", "TNAME": "Burlington", "SOURCENAME": null, "SOURCETYPE": "UNKNOWN", "SOURCEDATE": "UNKNOWN", "EDITMETHOD": "UNKNOWN", "EDITOR": "UNKNOWN", "EDITDATE": "UNKNOWN", "MATCHSTAT": "MATCH", "EDITNOTE": "UNKNOWN", "OWNER1": "BAMBERGER JEFFREY", "OWNER2": "RUSSELL ANNE", "ADDRGL1": "321 S. WILLARD ST", "ADDRGL2": "", "CITYGL": "BURLINGTON", "STGL": "VT", "ZIPGL": "05401", "DESCPROP": "EFP is now heated and extension of kitch", "LOCAPROP": "N", "CAT": "Residential-1", "RESCODE": "T", "ACRESGL": 0.16, "REAL_FLV": 625700, "HSTED_FLV": 625700, "NRES_FLV": 0, "LAND_LV": 220300, "IMPRV_LV": 405400, "EQUIPVAL": 0, "EQUIPCODE": "", "INVENVAL": 0, "HSDECL": "Y", "HSITEVAL": 625700, "VETEXAMT": 0, "EXPDESC": "", "ENDDATE": "", "STATUTE": "", "EXAMT_HS": 0, "EXAMT_NR": 0, "UVREDUC_HS": 0, "UVREDUC_NR": 0, "GLVAL_HS": 6257.0, "GLVAL_NR": 0.0, "CRHOUSPCT": 0.0, "MUNGL1PCT": 6257.0, "AOEGL_HS": 6257.0, "AOEGL_NR": 0.0, "E911ADDR": "321 SOUTH WILLARD ST", "SHAPE_Length": 0.0011347747392050618, "SHAPE_Area": 7.139044139086166e-08}, "geometry": {"type": "MultiPolygon", "coordinates": [[[[-73.20522035599998, 44.47121255900004], [-73.20559870199997, 44.47119011400008], [-73.20560999299994, 44.47137748600005], [-73.20523165999998, 44.471401197000034], [-73.20522035599998, 44.47121255900004]]]]}}, {"type": "Feature", "properties": {"OBJECTID": 277779, "SPAN": "114-035-17947", "GLIST_SPAN": "114-035-17947", "MAPID": "050-2-008-000", "PARCID": "050-2-008.000", "PROPTYPE": "PARCEL", "YEAR": 2018, "GLYEAR": 2022, "TOWN": "BURLINGTON", "TNAME": "Burlington", "SOURCENAME": null, "SOURCETYPE": "UNKNOWN", "SOURCEDATE": "UNKNOWN", "EDITMETHOD": "UNKNOWN", "EDITOR": "UNKNOWN", "EDITDATE": "UNKNOWN", "MATCHSTAT": "MATCH", "EDITNOTE": "UNKNOWN", "OWNER1": "ALLEN ANDREW", "OWNER2": "PENNEBAKER ELIZABETH ALLEN", "ADDRGL1": "309 SOUTH WILLARD ST", "ADDRGL2": "", "CITYGL": "BURLINGTON", "STGL": "VT", "ZIPGL": "05401", "DESCPROP": "BASEMENT 50% FINISHED", "LOCAPROP": "", "CAT": "Residential-1", "RESCODE": "T", "ACRESGL": 0.64, "REAL_FLV": 1511600, "HSTED_FLV": 1511600, "NRES_FLV": 0, "LAND_LV": 298000, "IMPRV_LV": 1213600, "EQUIPVAL": 0, "EQUIPCODE": "", "INVENVAL": 0, "HSDECL": "Y", "HSITEVAL": 1511600, "VETEXAMT": 0, "EXPDESC": "", "ENDDATE": "", "STATUTE": "", "EXAMT_HS": 0, "EXAMT_NR": 0, "UVREDUC_HS": 0, "UVREDUC_NR": 0, "GLVAL_HS": 15116.0, "GLVAL_NR": 0.0, "CRHOUSPCT": 0.0, "MUNGL1PCT": 15116.0, "AOEGL_HS": 15116.0, "AOEGL_NR": 0.0, "E911ADDR": "309 SOUTH WILLARD ST", "SHAPE_Length": 0.002548136742452636, "SHAPE_Area": 2.8552041180075677e-07}, "geometry": {"type": "MultiPolygon", "coordinates": [[[[-73.20619119399998, 44.47133831800005], [-73.20621080799998, 44.47133636900003], [-73.20623258199998, 44.47164376400008], [-73.20617330699997, 44.47164638000004], [-73.20593577399995, 44.47165347300006], [-73.20564955999998, 44.47166241300005], [-73.20524830699998, 44.471674594000035], [-73.20523165999998, 44.471401197000034], [-73.20560999299994, 44.47137748600005], [-73.20619119399998, 44.47133831800005]]]]}}, {"type": "Feature", "properties": {"OBJECTID": 277780, "SPAN": "114-035-17948", "GLIST_SPAN": "114-035-17948", "MAPID": "050-2-009-000", "PARCID": "050-2-009.000", "PROPTYPE": "PARCEL", "YEAR": 2018, "GLYEAR": 2022, "TOWN": "BURLINGTON", "TNAME": "Burlington", "SOURCENAME": null, "SOURCETYPE": "UNKNOWN", "SOURCEDATE": "UNKNOWN", "EDITMETHOD": "UNKNOWN", "EDITOR": "UNKNOWN", "EDITDATE": "UNKNOWN", "MATCHSTAT": "MATCH", "EDITNOTE": "UNKNOWN", "OWNER1": "CHAMPLAIN COLLEGE INC", "OWNER2": "", "ADDRGL1": "ATTN FINANCING", "ADDRGL2": "PO BOX 670", "CITYGL": "BURLINGTON", "STGL": "VT", "ZIPGL": "05402", "DESCPROP": "9 PARKING SPACES    JENSEN DORM", "LOCAPROP": "N", "CAT": "Commercial", "RESCODE": "C", "ACRESGL": 0.47, "REAL_FLV": 718900, "HSTED_FLV": 0, "NRES_FLV": 718900, "LAND_LV": 718900, "IMPRV_LV": 0, "EQUIPVAL": 0, "EQUIPCODE": "", "INVENVAL": 0, "HSDECL": "N", "HSITEVAL": 0, "VETEXAMT": 0, "EXPDESC": "", "ENDDATE": "", "STATUTE": "", "EXAMT_HS": 0, "EXAMT_NR": 0, "UVREDUC_HS": 0, "UVREDUC_NR": 0, "GLVAL_HS": 0.0, "GLVAL_NR": 7189.0, "CRHOUSPCT": 0.0, "MUNGL1PCT": 7189.0, "AOEGL_HS": 0.0, "AOEGL_NR": 7189.0, "E911ADDR": "301 SOUTH WILLARD ST", "SHAPE_Length": 0.0019980088987363053, "SHAPE_Area": 2.1442970828850572e-07}, "geometry": {"type": "MultiPolygon", "coordinates": [[[[-73.20564955999998, 44.47166241300005], [-73.20593577399995, 44.47165347300006], [-73.20595496499999, 44.47190969800005], [-73.20595877499994, 44.47196507800004], [-73.20527445199997, 44.47198660200007], [-73.20526945599994, 44.47193052700004], [-73.20524830699998, 44.471674594000035], [-73.20564955999998, 44.47166241300005]]]]}}, {"type": "Feature", "properties": {"OBJECTID": 278785, "SPAN": "114-035-52823", "GLIST_SPAN": "114-035-52823", "MAPID": "050-2-114-000", "PARCID": "050-2-114.000", "PROPTYPE": "PARCEL", "YEAR": 2018, "GLYEAR": 2022, "TOWN": "BURLINGTON", "TNAME": "Burlington", "SOURCENAME": null, "SOURCETYPE": "UNKNOWN", "SOURCEDATE": "UNKNOWN", "EDITMETHOD": "UNKNOWN", "EDITOR": "UNKNOWN", "EDITDATE": "UNKNOWN", "MATCHSTAT": "MATCH", "EDITNOTE": "UNKNOWN", "OWNER1": "STEVENSON VANCE", "OWNER2": "MASBACK KATRINA", "ADDRGL1": "96 CLIFF ST", "ADDRGL2": "", "CITYGL": "BURLINGTON", "STGL": "VT", "ZIPGL": "05401", "DESCPROP": "SINGLE FAM HOUSE - 2COMBINED LAND LOTS", "LOCAPROP": "", "CAT": "Residential-1", "RESCODE": "T", "ACRESGL": 0.78, "REAL_FLV": 1761000, "HSTED_FLV": 0, "NRES_FLV": 1761000, "LAND_LV": 321300, "IMPRV_LV": 1439700, "EQUIPVAL": 0, "EQUIPCODE": "", "INVENVAL": 0, "HSDECL": "N", "HSITEVAL": 1761000, "VETEXAMT": 0, "EXPDESC": "", "ENDDATE": "", "STATUTE": "", "EXAMT_HS": 0, "EXAMT_NR": 0, "UVREDUC_HS": 0, "UVREDUC_NR": 0, "GLVAL_HS": 0.0, "GLVAL_NR": 17610.0, "CRHOUSPCT": 0.0, "MUNGL1PCT": 17610.0, "AOEGL_HS": 0.0, "AOEGL_NR": 17610.0, "E911ADDR": "96 CLIFF ST", "SHAPE_Length": 0.002020933779928397, "SHAPE_Area": 1.841541604136025e-07}, "geometry": {"type": "MultiPolygon", "coordinates": [[[[-73.20484067999996, 44.469736590000025], [-73.20488365199998, 44.46973492700005], [-73.20488796799998, 44.469791806000046], [-73.20490157899997, 44.46997118200005], [-73.20413525299995, 44.47000470000006], [-73.20410852299995, 44.46976495500007], [-73.20413150099995, 44.469764035000026], [-73.20484067999996, 44.469736590000025]]]]}}, {"type": "Feature", "properties": {"OBJECTID": 320270, "SPAN": null, "GLIST_SPAN": null, "MAPID": "050-2-115-000", "PARCID": null, "PROPTYPE": "PARCEL", "YEAR": 2018, "GLYEAR": null, "TOWN": "BURLINGTON", "TNAME": null, "SOURCENAME": null, "SOURCETYPE": "UNKNOWN", "SOURCEDATE": "UNKNOWN", "EDITMETHOD": "UNKNOWN", "EDITOR": "UNKNOWN", "EDITDATE": "UNKNOWN", "MATCHSTAT": "UNMATCHED", "EDITNOTE": "UNKNOWN", "OWNER1": null, "OWNER2": null, "ADDRGL1": null, "ADDRGL2": null, "CITYGL": null, "STGL": null, "ZIPGL": null, "DESCPROP": null, "LOCAPROP": null, "CAT": null, "RESCODE": null, "ACRESGL": null, "REAL_FLV": null, "HSTED_FLV": null, "NRES_FLV": null, "LAND_LV": null, "IMPRV_LV": null, "EQUIPVAL": null, "EQUIPCODE": null, "INVENVAL": null, "HSDECL": null, "HSITEVAL": null, "VETEXAMT": null, "EXPDESC": null, "ENDDATE": null, "STATUTE": null, "EXAMT_HS": null, "EXAMT_NR": null, "UVREDUC_HS": null, "UVREDUC_NR": null, "GLVAL_HS": null, "GLVAL_NR": null, "CRHOUSPCT": null, "MUNGL1PCT": null, "AOEGL_HS": null, "AOEGL_NR": null, "E911ADDR": null, "SHAPE_Length": 0.0020165254284209805, "SHAPE_Area": 1.702495502274561e-07}, "geometry": {"type": "MultiPolygon", "coordinates": [[[[-73.20429230299999, 44.470235374000026], [-73.20428759299995, 44.47013753400006], [-73.20415101899994, 44.47014611000003], [-73.20413525299995, 44.47000470000006], [-73.20490157899997, 44.46997118200005], [-73.20492006199999, 44.47021476900005], [-73.20429230299999, 44.470235374000026]]]]}}, {"type": "Feature", "properties": {"OBJECTID": 320399, "SPAN": null, "GLIST_SPAN": null, "MAPID": "050-4-021-000", "PARCID": null, "PROPTYPE": "PARCEL", "YEAR": 2018, "GLYEAR": null, "TOWN": "BURLINGTON", "TNAME": null, "SOURCENAME": null, "SOURCETYPE": "UNKNOWN", "SOURCEDATE": "UNKNOWN", "EDITMETHOD": "UNKNOWN", "EDITOR": "UNKNOWN", "EDITDATE": "UNKNOWN", "MATCHSTAT": "UNMATCHED", "EDITNOTE": "UNKNOWN", "OWNER1": null, "OWNER2": null, "ADDRGL1": null, "ADDRGL2": null, "CITYGL": null, "STGL": null, "ZIPGL": null, "DESCPROP": null, "LOCAPROP": null, "CAT": null, "RESCODE": null, "ACRESGL": null, "REAL_FLV": null, "HSTED_FLV": null, "NRES_FLV": null, "LAND_LV": null, "IMPRV_LV": null, "EQUIPVAL": null, "EQUIPCODE": null, "INVENVAL": null, "HSDECL": null, "HSITEVAL": null, "VETEXAMT": null, "EXPDESC": null, "ENDDATE": null, "STATUTE": null, "EXAMT_HS": null, "EXAMT_NR": null, "UVREDUC_HS": null, "UVREDUC_NR": null, "GLVAL_HS": null, "GLVAL_NR": null, "CRHOUSPCT": null, "MUNGL1PCT": null, "AOEGL_HS": null, "AOEGL_NR": null, "E911ADDR": null, "SHAPE_Length": 0.0016047248364871394, "SHAPE_Area": 1.370169287068467e-07}, "geometry": {"type": "MultiPolygon", "coordinates": [[[[-73.20125876499998, 44.46947298300006], [-73.20181327399996, 44.46944926000003], [-73.20183115699996, 44.46969607300008], [-73.20127523199994, 44.469718310000076], [-73.20125876499998, 44.46947298300006]]]]}}, {"type": "Feature", "properties": {"OBJECTID": 320459, "SPAN": null, "GLIST_SPAN": null, "MAPID": "050-2-029-000", "PARCID": null, "PROPTYPE": "PARCEL", "YEAR": 2018, "GLYEAR": null, "TOWN": "BURLINGTON", "TNAME": null, "SOURCENAME": null, "SOURCETYPE": "UNKNOWN", "SOURCEDATE": "UNKNOWN", "EDITMETHOD": "UNKNOWN", "EDITOR": "UNKNOWN", "EDITDATE": "UNKNOWN", "MATCHSTAT": "UNMATCHED", "EDITNOTE": "UNKNOWN", "OWNER1": null, "OWNER2": null, "ADDRGL1": null, "ADDRGL2": null, "CITYGL": null, "STGL": null, "ZIPGL": null, "DESCPROP": null, "LOCAPROP": null, "CAT": null, "RESCODE": null, "ACRESGL": null, "REAL_FLV": null, "HSTED_FLV": null, "NRES_FLV": null, "LAND_LV": null, "IMPRV_LV": null, "EQUIPVAL": null, "EQUIPCODE": null, "INVENVAL": null, "HSDECL": null, "HSITEVAL": null, "VETEXAMT": null, "EXPDESC": null, "ENDDATE": null, "STATUTE": null, "EXAMT_HS": null, "EXAMT_NR": null, "UVREDUC_HS": null, "UVREDUC_NR": null, "GLVAL_HS": null, "GLVAL_NR": null, "CRHOUSPCT": null, "MUNGL1PCT": null, "AOEGL_HS": null, "AOEGL_NR": null, "E911ADDR": null, "SHAPE_Length": 0.001949565866339892, "SHAPE_Area": 1.4884033288683298e-07}, "geometry": {"type": "MultiPolygon", "coordinates": [[[[-73.20430340499996, 44.47044004400004], [-73.20493431299997, 44.470419840000034], [-73.20494896699995, 44.470625754000025], [-73.20417789099997, 44.47064977500003], [-73.20417116899995, 44.470515387000034], [-73.20430699499997, 44.47050990900004], [-73.20430340499996, 44.47044004400004]]]]}}, {"type": "Feature", "properties": {"OBJECTID": 320904, "SPAN": null, "GLIST_SPAN": null, "MAPID": "050-2-066-000", "PARCID": null, "PROPTYPE": "PARCEL", "YEAR": 2018, "GLYEAR": null, "TOWN": "BURLINGTON", "TNAME": null, "SOURCENAME": null, "SOURCETYPE": "UNKNOWN", "SOURCEDATE": "UNKNOWN", "EDITMETHOD": "UNKNOWN", "EDITOR": "UNKNOWN", "EDITDATE": "UNKNOWN", "MATCHSTAT": "UNMATCHED", "EDITNOTE": "UNKNOWN", "OWNER1": null, "OWNER2": null, "ADDRGL1": null, "ADDRGL2": null, "CITYGL": null, "STGL": null, "ZIPGL": null, "DESCPROP": null, "LOCAPROP": null, "CAT": null, "RESCODE": null, "ACRESGL": null, "REAL_FLV": null, "HSTED_FLV": null, "NRES_FLV": null, "LAND_LV": null, "IMPRV_LV": null, "EQUIPVAL": null, "EQUIPCODE": null, "INVENVAL": null, "HSDECL": null, "HSITEVAL": null, "VETEXAMT": null, "EXPDESC": null, "ENDDATE": null, "STATUTE": null, "EXAMT_HS": null, "EXAMT_NR": null, "UVREDUC_HS": null, "UVREDUC_NR": null, "GLVAL_HS": null, "GLVAL_NR": null, "CRHOUSPCT": null, "MUNGL1PCT": null, "AOEGL_HS": null, "AOEGL_NR": null, "E911ADDR": null, "SHAPE_Length": 0.0013579140367119328, "SHAPE_Area": 1.1434574160806205e-07}, "geometry": {"type": "MultiPolygon", "coordinates": [[[[-73.20355508299997, 44.46925208500005], [-73.20370776499993, 44.469244255000035], [-73.20372506399997, 44.46947447800005], [-73.20373463299995, 44.46961714500003], [-73.20342726199993, 44.469629585000064], [-73.20340162199994, 44.46926062400007], [-73.20355508299997, 44.46925208500005]]]]}}, {"type": "Feature", "properties": {"OBJECTID": 320939, "SPAN": null, "GLIST_SPAN": null, "MAPID": "050-2-067-000", "PARCID": null, "PROPTYPE": "PARCEL", "YEAR": 2018, "GLYEAR": null, "TOWN": "BURLINGTON", "TNAME": null, "SOURCENAME": null, "SOURCETYPE": "UNKNOWN", "SOURCEDATE": "UNKNOWN", "EDITMETHOD": "UNKNOWN", "EDITOR": "UNKNOWN", "EDITDATE": "UNKNOWN", "MATCHSTAT": "UNMATCHED", "EDITNOTE": "UNKNOWN", "OWNER1": null, "OWNER2": null, "ADDRGL1": null, "ADDRGL2": null, "CITYGL": null, "STGL": null, "ZIPGL": null, "DESCPROP": null, "LOCAPROP": null, "CAT": null, "RESCODE": null, "ACRESGL": null, "REAL_FLV": null, "HSTED_FLV": null, "NRES_FLV": null, "LAND_LV": null, "IMPRV_LV": null, "EQUIPVAL": null, "EQUIPCODE": null, "INVENVAL": null, "HSDECL": null, "HSITEVAL": null, "VETEXAMT": null, "EXPDESC": null, "ENDDATE": null, "STATUTE": null, "EXAMT_HS": null, "EXAMT_NR": null, "UVREDUC_HS": null, "UVREDUC_NR": null, "GLVAL_HS": null, "GLVAL_NR": null, "CRHOUSPCT": null, "MUNGL1PCT": null, "AOEGL_HS": null, "AOEGL_NR": null, "E911ADDR": null, "SHAPE_Length": 0.0014383276442295363, "SHAPE_Area": 1.2885159577584558e-07}, "geometry": {"type": "MultiPolygon", "coordinates": [[[[-73.20370776499993, 44.469244255000035], [-73.20405120099997, 44.46922638900003], [-73.20407655499997, 44.46960392900007], [-73.20373463299995, 44.46961714500003], [-73.20372506399997, 44.46947447800005], [-73.20370776499993, 44.469244255000035]]]]}}, {"type": "Feature", "properties": {"OBJECTID": 274540, "SPAN": "114-035-17280", "GLIST_SPAN": "114-035-17280", "MAPID": "049-3-054-000", "PARCID": "049-3-054.000", "PROPTYPE": "PARCEL", "YEAR": 2018, "GLYEAR": 2022, "TOWN": "BURLINGTON", "TNAME": "Burlington", "SOURCENAME": null, "SOURCETYPE": "UNKNOWN", "SOURCEDATE": "UNKNOWN", "EDITMETHOD": "UNKNOWN", "EDITOR": "UNKNOWN", "EDITDATE": "UNKNOWN", "MATCHSTAT": "MATCH", "EDITNOTE": "UNKNOWN", "OWNER1": "JRCP PROPERTIES LLC", "OWNER2": "", "ADDRGL1": "29 CHURCH ST 3RD FLOOR", "ADDRGL2": "", "CITYGL": "BURLINGTON", "STGL": "VT", "ZIPGL": "05401", "DESCPROP": "NORTHERN ARCHITECTS", "LOCAPROP": "N", "CAT": "Commercial", "RESCODE": "C", "ACRESGL": 0.2, "REAL_FLV": 556500, "HSTED_FLV": 0, "NRES_FLV": 556500, "LAND_LV": 375700, "IMPRV_LV": 180800, "EQUIPVAL": 0, "EQUIPCODE": "", "INVENVAL": 0, "HSDECL": "N", "HSITEVAL": 0, "VETEXAMT": 0, "EXPDESC": "", "ENDDATE": "", "STATUTE": "", "EXAMT_HS": 0, "EXAMT_NR": 0, "UVREDUC_HS": 0, "UVREDUC_NR": 0, "GLVAL_HS": 0.0, "GLVAL_NR": 5565.0, "CRHOUSPCT": 0.0, "MUNGL1PCT": 5565.0, "AOEGL_HS": 0.0, "AOEGL_NR": 5565.0, "E911ADDR": "207 KING ST", "SHAPE_Length": 0.0012954805150464863, "SHAPE_Area": 9.956959038540287e-08}, "geometry": {"type": "MultiPolygon", "coordinates": [[[[-73.20962632699997, 44.47460932200005], [-73.20962363399997, 44.47451855600008], [-73.20966282799998, 44.47451906400005], [-73.20984628499997, 44.474521440000046], [-73.21001756899994, 44.47452417200003], [-73.21003189699996, 44.47476650600004], [-73.20986109599994, 44.47477122400005], [-73.20967144499997, 44.47477634000006], [-73.20963229999995, 44.47477741200004], [-73.20962632699997, 44.47460932200005]]]]}}, {"type": "Feature", "properties": {"OBJECTID": 274541, "SPAN": "114-035-17281", "GLIST_SPAN": "114-035-17281", "MAPID": "049-3-055-000", "PARCID": "049-3-055.000", "PROPTYPE": "PARCEL", "YEAR": 2018, "GLYEAR": 2022, "TOWN": "BURLINGTON", "TNAME": "Burlington", "SOURCENAME": null, "SOURCETYPE": "UNKNOWN", "SOURCEDATE": "UNKNOWN", "EDITMETHOD": "UNKNOWN", "EDITOR": "UNKNOWN", "EDITDATE": "UNKNOWN", "MATCHSTAT": "MATCH", "EDITNOTE": "UNKNOWN", "OWNER1": "KLQ MANAGEMENT LLC", "OWNER2": "", "ADDRGL1": "C/O FULL CIRCLE PROPERTY MANAGEMENT INC.", "ADDRGL2": "PO BOX 4057", "CITYGL": "BURLINGTON", "STGL": "VT", "ZIPGL": "05406", "DESCPROP": "3U", "LOCAPROP": "N", "CAT": "Residential-1", "RESCODE": "T", "ACRESGL": 0.11, "REAL_FLV": 736500, "HSTED_FLV": 0, "NRES_FLV": 736500, "LAND_LV": 177500, "IMPRV_LV": 559000, "EQUIPVAL": 0, "EQUIPCODE": "", "INVENVAL": 0, "HSDECL": "N", "HSITEVAL": 736500, "VETEXAMT": 0, "EXPDESC": "", "ENDDATE": "", "STATUTE": "", "EXAMT_HS": 0, "EXAMT_NR": 0, "UVREDUC_HS": 0, "UVREDUC_NR": 0, "GLVAL_HS": 0.0, "GLVAL_NR": 7365.0, "CRHOUSPCT": 0.0, "MUNGL1PCT": 7365.0, "AOEGL_HS": 0.0, "AOEGL_NR": 7365.0, "E911ADDR": "203 KING ST", "SHAPE_Length": 0.0008970681475299149, "SHAPE_Area": 5.009398681575556e-08}, "geometry": {"type": "MultiPolygon", "coordinates": [[[[-73.21003189699996, 44.47476650600004], [-73.21001756899994, 44.47452417200003], [-73.21006470899994, 44.47452472300006], [-73.21023011899996, 44.47452889700003], [-73.21024156999994, 44.47476056200003], [-73.21003189699996, 44.47476650600004]]]]}}, {"type": "Feature", "properties": {"OBJECTID": 274542, "SPAN": "114-035-17282", "GLIST_SPAN": "114-035-17282", "MAPID": "049-3-056-000", "PARCID": "049-3-056.000", "PROPTYPE": "PARCEL", "YEAR": 2018, "GLYEAR": 2022, "TOWN": "BURLINGTON", "TNAME": "Burlington", "SOURCENAME": null, "SOURCETYPE": "UNKNOWN", "SOURCEDATE": "UNKNOWN", "EDITMETHOD": "UNKNOWN", "EDITOR": "UNKNOWN", "EDITDATE": "UNKNOWN", "MATCHSTAT": "MATCH", "EDITNOTE": "UNKNOWN", "OWNER1": "ONE NINETY NINE KING ST LLC", "OWNER2": "", "ADDRGL1": "C/O LEWIS K. SUSSMAN 6TH FLR", "ADDRGL2": "30 MAIN ST", "CITYGL": "BURLINGTON", "STGL": "VT", "ZIPGL": "05401", "DESCPROP": "VACANT RES. LOT", "LOCAPROP": "N", "CAT": "Miscellaneous", "RESCODE": "C", "ACRESGL": 0.11, "REAL_FLV": 385600, "HSTED_FLV": 0, "NRES_FLV": 385600, "LAND_LV": 385600, "IMPRV_LV": 0, "EQUIPVAL": 0, "EQUIPCODE": "", "INVENVAL": 0, "HSDECL": "Y", "HSITEVAL": 0, "VETEXAMT": 0, "EXPDESC": "", "ENDDATE": "", "STATUTE": "", "EXAMT_HS": 0, "EXAMT_NR": 0, "UVREDUC_HS": 0, "UVREDUC_NR": 0, "GLVAL_HS": 0.0, "GLVAL_NR": 3856.0, "CRHOUSPCT": 0.0, "MUNGL1PCT": 3856.0, "AOEGL_HS": 0.0, "AOEGL_NR": 3856.0, "E911ADDR": "199 KING ST", "SHAPE_Length": 0.0009160487847176047, "SHAPE_Area": 5.239162037232004e-08}, "geometry": {"type": "MultiPolygon", "coordinates": [[[[-73.21024156999994, 44.47476056200003], [-73.21023011899996, 44.47452889700003], [-73.21027804399995, 44.47452944300005], [-73.21046110399993, 44.474531538000065], [-73.21047166199997, 44.474754209000025], [-73.21024156999994, 44.47476056200003]]]]}}, {"type": "Feature", "properties": {"OBJECTID": 274543, "SPAN": "114-035-17283", "GLIST_SPAN": "114-035-17283", "MAPID": "049-3-057-000", "PARCID": "049-3-057.000", "PROPTYPE": "PARCEL", "YEAR": 2018, "GLYEAR": 2022, "TOWN": "BURLINGTON", "TNAME": "Burlington", "SOURCENAME": null, "SOURCETYPE": "UNKNOWN", "SOURCEDATE": "UNKNOWN", "EDITMETHOD": "UNKNOWN", "EDITOR": "UNKNOWN", "EDITDATE": "UNKNOWN", "MATCHSTAT": "MATCH", "EDITNOTE": "UNKNOWN", "OWNER1": "COMMUNITY HEALTH CENTER OF BUR", "OWNER2": "", "ADDRGL1": "617 RIVERSIDE AVE UNIT  2", "ADDRGL2": "", "CITYGL": "BURLINGTON", "STGL": "VT", "ZIPGL": "05401", "DESCPROP": "PKG LOT", "LOCAPROP": "N", "CAT": "Miscellaneous", "RESCODE": "C", "ACRESGL": 0.21, "REAL_FLV": 585100, "HSTED_FLV": 0, "NRES_FLV": 585100, "LAND_LV": 585100, "IMPRV_LV": 0, "EQUIPVAL": 0, "EQUIPCODE": "", "INVENVAL": 0, "HSDECL": "N", "HSITEVAL": 0, "VETEXAMT": 0, "EXPDESC": "Statutory", "ENDDATE": "", "STATUTE": "", "EXAMT_HS": 0, "EXAMT_NR": 0, "UVREDUC_HS": 0, "UVREDUC_NR": 0, "GLVAL_HS": 0.0, "GLVAL_NR": 0.0, "CRHOUSPCT": 0.0, "MUNGL1PCT": 0.0, "AOEGL_HS": 0.0, "AOEGL_NR": 0.0, "E911ADDR": "186 SOUTH WINOOSKI AV", "SHAPE_Length": 0.001523091139307732, "SHAPE_Area": 9.534248411018456e-08}, "geometry": {"type": "MultiPolygon", "coordinates": [[[[-73.21027804399995, 44.47452944300005], [-73.21027380999993, 44.47440699200007], [-73.21060991999997, 44.47439815200005], [-73.21061100199995, 44.47442261200007], [-73.21064163699998, 44.47442242100004], [-73.21064525899999, 44.47439722900003], [-73.21066214099994, 44.474396702000035], [-73.21068015999998, 44.47474855300004], [-73.21047166199997, 44.474754209000025], [-73.21046110399993, 44.474531538000065], [-73.21027804399995, 44.47452944300005]]]]}}, {"type": "Feature", "properties": {"OBJECTID": 274544, "SPAN": "114-035-17284", "GLIST_SPAN": "114-035-17284", "MAPID": "049-3-058-000", "PARCID": "049-3-058.000", "PROPTYPE": "PARCEL", "YEAR": 2018, "GLYEAR": 2022, "TOWN": "BURLINGTON", "TNAME": "Burlington", "SOURCENAME": null, "SOURCETYPE": "UNKNOWN", "SOURCEDATE": "UNKNOWN", "EDITMETHOD": "UNKNOWN", "EDITOR": "UNKNOWN", "EDITDATE": "UNKNOWN", "MATCHSTAT": "MATCH", "EDITNOTE": "UNKNOWN", "OWNER1": "FARRELL VERMONT LLC", "OWNER2": "", "ADDRGL1": "PO BOX 4447", "ADDRGL2": "", "CITYGL": "BURLINGTON", "STGL": "VT", "ZIPGL": "05406", "DESCPROP": "6U", "LOCAPROP": "N", "CAT": "Commercial Apt", "RESCODE": "C", "ACRESGL": 0.23, "REAL_FLV": 755900, "HSTED_FLV": 0, "NRES_FLV": 755900, "LAND_LV": 705800, "IMPRV_LV": 50100, "EQUIPVAL": 0, "EQUIPCODE": "", "INVENVAL": 0, "HSDECL": "N", "HSITEVAL": 0, "VETEXAMT": 0, "EXPDESC": "", "ENDDATE": "", "STATUTE": "", "EXAMT_HS": 0, "EXAMT_NR": 0, "UVREDUC_HS": 0, "UVREDUC_NR": 0, "GLVAL_HS": 0.0, "GLVAL_NR": 7559.0, "CRHOUSPCT": 0.0, "MUNGL1PCT": 7559.0, "AOEGL_HS": 0.0, "AOEGL_NR": 7559.0, "E911ADDR": "202 SOUTH WINOOSKI AV", "SHAPE_Length": 0.0013206853416589638, "SHAPE_Area": 1.0555010790270206e-07}, "geometry": {"type": "MultiPolygon", "coordinates": [[[[-73.21050178499996, 44.474129262000076], [-73.21064823599994, 44.47412469500006], [-73.21065870699994, 44.47432952300005], [-73.21066214099994, 44.474396702000035], [-73.21064525899999, 44.47439722900003], [-73.21060991999997, 44.47439815200005], [-73.21027380999993, 44.47440699200007], [-73.21025914199998, 44.474136817000044], [-73.21050178499996, 44.474129262000076]]]]}}, {"type": "Feature", "properties": {"OBJECTID": 274545, "SPAN": "114-035-17285", "GLIST_SPAN": "114-035-17285", "MAPID": "049-3-059-000", "PARCID": "049-3-059.000", "PROPTYPE": "PARCEL", "YEAR": 2018, "GLYEAR": 2022, "TOWN": "BURLINGTON", "TNAME": "Burlington", "SOURCENAME": null, "SOURCETYPE": "UNKNOWN", "SOURCEDATE": "UNKNOWN", "EDITMETHOD": "UNKNOWN", "EDITOR": "UNKNOWN", "EDITDATE": "UNKNOWN", "MATCHSTAT": "MATCH", "EDITNOTE": "UNKNOWN", "OWNER1": "MCBRIDE HUGH", "OWNER2": "MCBRIDE CHRISTINE G.", "ADDRGL1": "214 MAPLE STREET", "ADDRGL2": "", "CITYGL": "BURLINGTON", "STGL": "VT", "ZIPGL": "05401", "DESCPROP": "DUPLEX", "LOCAPROP": "", "CAT": "Residential-1", "RESCODE": "T", "ACRESGL": 0.08, "REAL_FLV": 581100, "HSTED_FLV": 581100, "NRES_FLV": 0, "LAND_LV": 142500, "IMPRV_LV": 438600, "EQUIPVAL": 0, "EQUIPCODE": "", "INVENVAL": 0, "HSDECL": "Y", "HSITEVAL": 581100, "VETEXAMT": 0, "EXPDESC": "", "ENDDATE": "", "STATUTE": "", "EXAMT_HS": 0, "EXAMT_NR": 0, "UVREDUC_HS": 0, "UVREDUC_NR": 0, "GLVAL_HS": 5811.0, "GLVAL_NR": 0.0, "CRHOUSPCT": 0.0, "MUNGL1PCT": 5811.0, "AOEGL_HS": 5811.0, "AOEGL_NR": 0.0, "E911ADDR": "214 MAPLE ST", "SHAPE_Length": 0.0008141854659531853, "SHAPE_Area": 3.810197690963092e-08}, "geometry": {"type": "MultiPolygon", "coordinates": [[[[-73.21048918899999, 44.47386807400005], [-73.21063446899996, 44.473864218000074], [-73.21064823599994, 44.47412469500006], [-73.21050178499996, 44.474129262000076], [-73.21048918899999, 44.47386807400005]]]]}}, {"type": "Feature", "properties": {"OBJECTID": 274546, "SPAN": "114-035-17286", "GLIST_SPAN": "114-035-17286", "MAPID": "049-3-060-000", "PARCID": "049-3-060.000", "PROPTYPE": "PARCEL", "YEAR": 2018, "GLYEAR": 2022, "TOWN": "BURLINGTON", "TNAME": "Burlington", "SOURCENAME": null, "SOURCETYPE": "UNKNOWN", "SOURCEDATE": "UNKNOWN", "EDITMETHOD": "UNKNOWN", "EDITOR": "UNKNOWN", "EDITDATE": "UNKNOWN", "MATCHSTAT": "MATCH", "EDITNOTE": "UNKNOWN", "OWNER1": "BLAIS MAURICE R", "OWNER2": "BLAIS DEBORAH D", "ADDRGL1": "3272 CELINDA DROVE", "ADDRGL2": "", "CITYGL": "CARLSBAD", "STGL": "CA", "ZIPGL": "92008", "DESCPROP": "ROOF IS 50% SLATE AND 50% ASPHALT SHINGL", "LOCAPROP": "N", "CAT": "Residential-1", "RESCODE": "NS", "ACRESGL": 0.14, "REAL_FLV": 462900, "HSTED_FLV": 0, "NRES_FLV": 462900, "LAND_LV": 426400, "IMPRV_LV": 36500, "EQUIPVAL": 0, "EQUIPCODE": "", "INVENVAL": 0, "HSDECL": "N", "HSITEVAL": 462900, "VETEXAMT": 0, "EXPDESC": "", "ENDDATE": "", "STATUTE": "", "EXAMT_HS": 0, "EXAMT_NR": 0, "UVREDUC_HS": 0, "UVREDUC_NR": 0, "GLVAL_HS": 0.0, "GLVAL_NR": 4629.0, "CRHOUSPCT": 0.0, "MUNGL1PCT": 4629.0, "AOEGL_HS": 0.0, "AOEGL_NR": 4629.0, "E911ADDR": "222 MAPLE ST", "SHAPE_Length": 0.0010111063877536002, "SHAPE_Area": 6.379832805306242e-08}, "geometry": {"type": "MultiPolygon", "coordinates": [[[[-73.21024457699997, 44.47387508000003], [-73.21048918899999, 44.47386807400005], [-73.21050178499996, 44.474129262000076], [-73.21025914199998, 44.474136817000044], [-73.21024457699997, 44.47387508000003]]]]}}, {"type": "Feature", "properties": {"OBJECTID": 274547, "SPAN": "114-035-17287", "GLIST_SPAN": "114-035-17287", "MAPID": "049-3-061-000", "PARCID": "049-3-061.000", "PROPTYPE": "PARCEL", "YEAR": 2018, "GLYEAR": 2022, "TOWN": "BURLINGTON", "TNAME": "Burlington", "SOURCENAME": null, "SOURCETYPE": "UNKNOWN", "SOURCEDATE": "UNKNOWN", "EDITMETHOD": "UNKNOWN", "EDITOR": "UNKNOWN", "EDITDATE": "UNKNOWN", "MATCHSTAT": "MATCH", "EDITNOTE": "UNKNOWN", "OWNER1": "KUPRYCH MARK", "OWNER2": "", "ADDRGL1": "228 MAPLE STREET UNIT 4", "ADDRGL2": "", "CITYGL": "BURLINGTON", "STGL": "VT", "ZIPGL": "05401", "DESCPROP": "L & B 8U  OLD STYLE BUILDING", "LOCAPROP": "", "CAT": "Commercial Apt", "RESCODE": "T", "ACRESGL": 0.3, "REAL_FLV": 1621100, "HSTED_FLV": 695365, "NRES_FLV": 925735, "LAND_LV": 532000, "IMPRV_LV": 1089100, "EQUIPVAL": 0, "EQUIPCODE": "", "INVENVAL": 0, "HSDECL": "Y", "HSITEVAL": 695365, "VETEXAMT": 0, "EXPDESC": "", "ENDDATE": "", "STATUTE": "", "EXAMT_HS": 0, "EXAMT_NR": 0, "UVREDUC_HS": 0, "UVREDUC_NR": 0, "GLVAL_HS": 6954.0, "GLVAL_NR": 9257.35, "CRHOUSPCT": 0.0, "MUNGL1PCT": 16211.0, "AOEGL_HS": 6954.0, "AOEGL_NR": 9257.35, "E911ADDR": "228 MAPLE ST", "SHAPE_Length": 0.00173292303393727, "SHAPE_Area": 1.415515259847651e-07}, "geometry": {"type": "MultiPolygon", "coordinates": [[[[-73.21002508999999, 44.47388122500007], [-73.21024457699997, 44.47387508000003], [-73.21025914199998, 44.474136817000044], [-73.21027380999993, 44.47440699200007], [-73.21027804399995, 44.47452944300005], [-73.21023011899996, 44.47452889700003], [-73.21006470899994, 44.47452472300006], [-73.21005223799995, 44.474338483000054], [-73.21002508999999, 44.47388122500007]]]]}}, {"type": "Feature", "properties": {"OBJECTID": 274548, "SPAN": "114-035-17288", "GLIST_SPAN": "114-035-17288", "MAPID": "049-3-062-000", "PARCID": "049-3-062.000", "PROPTYPE": "PARCEL", "YEAR": 2018, "GLYEAR": 2022, "TOWN": "BURLINGTON", "TNAME": "Burlington", "SOURCENAME": null, "SOURCETYPE": "UNKNOWN", "SOURCEDATE": "UNKNOWN", "EDITMETHOD": "UNKNOWN", "EDITOR": "UNKNOWN", "EDITDATE": "UNKNOWN", "MATCHSTAT": "MATCH", "EDITNOTE": "UNKNOWN", "OWNER1": "RUBINCHUK MICHAEL", "OWNER2": "", "ADDRGL1": "138 FOSTER ST", "ADDRGL2": "", "CITYGL": "Burlington", "STGL": "VT", "ZIPGL": "05401", "DESCPROP": "", "LOCAPROP": "N", "CAT": "Residential-1", "RESCODE": "T", "ACRESGL": 0.22, "REAL_FLV": 696000, "HSTED_FLV": 0, "NRES_FLV": 696000, "LAND_LV": 229900, "IMPRV_LV": 466100, "EQUIPVAL": 0, "EQUIPCODE": "", "INVENVAL": 0, "HSDECL": "N", "HSITEVAL": 696000, "VETEXAMT": 0, "EXPDESC": "", "ENDDATE": "", "STATUTE": "", "EXAMT_HS": 0, "EXAMT_NR": 0, "UVREDUC_HS": 0, "UVREDUC_NR": 0, "GLVAL_HS": 0.0, "GLVAL_NR": 6960.0, "CRHOUSPCT": 0.0, "MUNGL1PCT": 6960.0, "AOEGL_HS": 0.0, "AOEGL_NR": 6960.0, "E911ADDR": "234 MAPLE ST", "SHAPE_Length": 0.001341992816154896, "SHAPE_Area": 9.757175974848771e-08}, "geometry": {"type": "MultiPolygon", "coordinates": [[[[-73.20981188899998, 44.47388733200006], [-73.21002508999999, 44.47388122500007], [-73.21005223799995, 44.474338483000054], [-73.20983902499995, 44.47434388600004], [-73.20981188899998, 44.47388733200006]]]]}}, {"type": "Feature", "properties": {"OBJECTID": 274549, "SPAN": "114-035-17289", "GLIST_SPAN": "114-035-17289", "MAPID": "049-3-063-000", "PARCID": "049-3-063.000", "PROPTYPE": "PARCEL", "YEAR": 2018, "GLYEAR": 2022, "TOWN": "BURLINGTON", "TNAME": "Burlington", "SOURCENAME": null, "SOURCETYPE": "UNKNOWN", "SOURCEDATE": "UNKNOWN", "EDITMETHOD": "UNKNOWN", "EDITOR": "UNKNOWN", "EDITDATE": "UNKNOWN", "MATCHSTAT": "MATCH", "EDITNOTE": "UNKNOWN", "OWNER1": "GOWDEY ROSE", "OWNER2": "KAHN JANET", "ADDRGL1": "240 MAPLE STREET", "ADDRGL2": "", "CITYGL": "BURLINGTON", "STGL": "VT", "ZIPGL": "05401", "DESCPROP": "", "LOCAPROP": "N", "CAT": "Residential-1", "RESCODE": "T", "ACRESGL": 0.23, "REAL_FLV": 466900, "HSTED_FLV": 466900, "NRES_FLV": 0, "LAND_LV": 174700, "IMPRV_LV": 292200, "EQUIPVAL": 0, "EQUIPCODE": "", "INVENVAL": 0, "HSDECL": "Y", "HSITEVAL": 466900, "VETEXAMT": 0, "EXPDESC": "", "ENDDATE": "", "STATUTE": "", "EXAMT_HS": 0, "EXAMT_NR": 0, "UVREDUC_HS": 0, "UVREDUC_NR": 0, "GLVAL_HS": 4669.0, "GLVAL_NR": 0.0, "CRHOUSPCT": 0.0, "MUNGL1PCT": 4669.0, "AOEGL_HS": 4669.0, "AOEGL_NR": 0.0, "E911ADDR": "240 MAPLE ST", "SHAPE_Length": 0.001403038016210437, "SHAPE_Area": 1.0532304674530186e-07}, "geometry": {"type": "MultiPolygon", "coordinates": [[[[-73.20965605299995, 44.47434896100003], [-73.20964968499999, 44.47424480300003], [-73.20958450799998, 44.47424675500008], [-73.20958397299995, 44.47423508700007], [-73.20957159599999, 44.47389430900006], [-73.20981188899998, 44.47388733200006], [-73.20983902499995, 44.47434388600004], [-73.20965605299995, 44.47434896100003]]]]}}, {"type": "Feature", "properties": {"OBJECTID": 274550, "SPAN": "114-035-17290", "GLIST_SPAN": "114-035-17290", "MAPID": "049-3-065-000", "PARCID": "049-3-065.000", "PROPTYPE": "PARCEL", "YEAR": 2018, "GLYEAR": 2022, "TOWN": "BURLINGTON", "TNAME": "Burlington", "SOURCENAME": null, "SOURCETYPE": "UNKNOWN", "SOURCEDATE": "UNKNOWN", "EDITMETHOD": "UNKNOWN", "EDITOR": "UNKNOWN", "EDITDATE": "UNKNOWN", "MATCHSTAT": "MATCH", "EDITNOTE": "UNKNOWN", "OWNER1": "239 BURLINGTON MAPLE LLC", "OWNER2": "", "ADDRGL1": "PO BOX 4171", "ADDRGL2": "", "CITYGL": "BURLINGTON", "STGL": "VT", "ZIPGL": "05406", "DESCPROP": "", "LOCAPROP": "N", "CAT": "Residential-1", "RESCODE": "C", "ACRESGL": 0.13, "REAL_FLV": 507000, "HSTED_FLV": 0, "NRES_FLV": 507000, "LAND_LV": 430800, "IMPRV_LV": 76200, "EQUIPVAL": 0, "EQUIPCODE": "", "INVENVAL": 0, "HSDECL": "N", "HSITEVAL": 507000, "VETEXAMT": 0, "EXPDESC": "", "ENDDATE": "", "STATUTE": "", "EXAMT_HS": 0, "EXAMT_NR": 0, "UVREDUC_HS": 0, "UVREDUC_NR": 0, "GLVAL_HS": 0.0, "GLVAL_NR": 5070.0, "CRHOUSPCT": 0.0, "MUNGL1PCT": 5070.0, "AOEGL_HS": 0.0, "AOEGL_NR": 5070.0, "E911ADDR": "239 MAPLE ST", "SHAPE_Length": 0.0009537097229477486, "SHAPE_Area": 5.710520082016049e-08}, "geometry": {"type": "MultiPolygon", "coordinates": [[[[-73.20967707199998, 44.47349064600007], [-73.20975168599995, 44.473489620000066], [-73.20975967399994, 44.47359770400004], [-73.20976639999998, 44.47373138900008], [-73.20969533599998, 44.47373365900006], [-73.20953514099995, 44.473738311000034], [-73.20952363899994, 44.47359945300008], [-73.20951647199996, 44.47349417600003], [-73.20967707199998, 44.47349064600007]]]]}}, {"type": "Feature", "properties": {"OBJECTID": 274551, "SPAN": "114-035-17291", "GLIST_SPAN": "114-035-17291", "MAPID": "049-3-066-000", "PARCID": "049-3-066.000", "PROPTYPE": "PARCEL", "YEAR": 2018, "GLYEAR": 2022, "TOWN": "BURLINGTON", "TNAME": "Burlington", "SOURCENAME": null, "SOURCETYPE": "UNKNOWN", "SOURCEDATE": "UNKNOWN", "EDITMETHOD": "UNKNOWN", "EDITOR": "UNKNOWN", "EDITDATE": "UNKNOWN", "MATCHSTAT": "MATCH", "EDITNOTE": "UNKNOWN", "OWNER1": "COOK GAVIN A", "OWNER2": "", "ADDRGL1": "816 OSGOOD HILL ROAD", "ADDRGL2": "", "CITYGL": "WESTFORD", "STGL": "VT", "ZIPGL": "05494", "DESCPROP": "", "LOCAPROP": "N", "CAT": "Residential-1", "RESCODE": "T", "ACRESGL": 0.12, "REAL_FLV": 584500, "HSTED_FLV": 0, "NRES_FLV": 584500, "LAND_LV": 148800, "IMPRV_LV": 435700, "EQUIPVAL": 0, "EQUIPCODE": "", "INVENVAL": 0, "HSDECL": "N", "HSITEVAL": 584500, "VETEXAMT": 0, "EXPDESC": "", "ENDDATE": "", "STATUTE": "", "EXAMT_HS": 0, "EXAMT_NR": 0, "UVREDUC_HS": 0, "UVREDUC_NR": 0, "GLVAL_HS": 0.0, "GLVAL_NR": 5845.0, "CRHOUSPCT": 0.0, "MUNGL1PCT": 5845.0, "AOEGL_HS": 0.0, "AOEGL_NR": 5845.0, "E911ADDR": "225 MAPLE ST", "SHAPE_Length": 0.0009309302105488293, "SHAPE_Area": 5.319161761550544e-08}, "geometry": {"type": "MultiPolygon", "coordinates": [[[[-73.21001519299995, 44.473518496000054], [-73.21027668399995, 44.47351068300003], [-73.21027692999996, 44.473595755000076], [-73.21028232099997, 44.473716370000034], [-73.21003181799995, 44.47372341200003], [-73.21002435999998, 44.473723739000036], [-73.21001519299995, 44.473518496000054]]]]}}, {"type": "Feature", "properties": {"OBJECTID": 274552, "SPAN": "114-035-17292", "GLIST_SPAN": "114-035-17292", "MAPID": "049-3-066-001", "PARCID": "049-3-066.001", "PROPTYPE": "PARCEL", "YEAR": 2018, "GLYEAR": 2022, "TOWN": "BURLINGTON", "TNAME": "Burlington", "SOURCENAME": null, "SOURCETYPE": "UNKNOWN", "SOURCEDATE": "UNKNOWN", "EDITMETHOD": "UNKNOWN", "EDITOR": "UNKNOWN", "EDITDATE": "UNKNOWN", "MATCHSTAT": "MATCH", "EDITNOTE": "UNKNOWN", "OWNER1": "WELLS MICHAEL J", "OWNER2": "", "ADDRGL1": "5247 WAVERLY STREET", "ADDRGL2": "", "CITYGL": "MONTREAL  QUEBEC", "STGL": "CA", "ZIPGL": "H2T2X6", "DESCPROP": "+ 4 UNITS  VICTORIAN STYLE  DBA  MAPLE S", "LOCAPROP": "N", "CAT": "Commercial", "RESCODE": "NS", "ACRESGL": 0.33, "REAL_FLV": 791100, "HSTED_FLV": 0, "NRES_FLV": 791100, "LAND_LV": 467300, "IMPRV_LV": 323800, "EQUIPVAL": 0, "EQUIPCODE": "", "INVENVAL": 0, "HSDECL": "N", "HSITEVAL": 0, "VETEXAMT": 0, "EXPDESC": "", "ENDDATE": "", "STATUTE": "", "EXAMT_HS": 0, "EXAMT_NR": 0, "UVREDUC_HS": 0, "UVREDUC_NR": 0, "GLVAL_HS": 0.0, "GLVAL_NR": 7911.0, "CRHOUSPCT": 0.0, "MUNGL1PCT": 7911.0, "AOEGL_HS": 0.0, "AOEGL_NR": 7911.0, "E911ADDR": "231 MAPLE ST", "SHAPE_Length": 0.0016765886782938602, "SHAPE_Area": 1.42880333397569e-07}, "geometry": {"type": "MultiPolygon", "coordinates": [[[[-73.20975967399994, 44.47359770400004], [-73.20975168599995, 44.473489620000066], [-73.20973468599993, 44.47315632300007], [-73.20997730699997, 44.47314722200008], [-73.20997942499997, 44.473192347000065], [-73.20998473499998, 44.473306354000044], [-73.20999320599998, 44.47351919500005], [-73.21001519299995, 44.473518496000054], [-73.21002435999998, 44.473723739000036], [-73.20976639999998, 44.47373138900008], [-73.20975967399994, 44.47359770400004]]]]}}, {"type": "Feature", "properties": {"OBJECTID": 274553, "SPAN": "114-035-17293", "GLIST_SPAN": "114-035-17293", "MAPID": "049-3-067-000", "PARCID": "049-3-067.000", "PROPTYPE": "PARCEL", "YEAR": 2018, "GLYEAR": 2022, "TOWN": "BURLINGTON", "TNAME": "Burlington", "SOURCENAME": null, "SOURCETYPE": "UNKNOWN", "SOURCEDATE": "UNKNOWN", "EDITMETHOD": "UNKNOWN", "EDITOR": "UNKNOWN", "EDITDATE": "UNKNOWN", "MATCHSTAT": "MATCH", "EDITNOTE": "UNKNOWN", "OWNER1": "FARRELL VERMONT LLC", "OWNER2": "", "ADDRGL1": "PO BOX 4447", "ADDRGL2": "", "CITYGL": "BURLINGTON", "STGL": "VT", "ZIPGL": "05406", "DESCPROP": "5U", "LOCAPROP": "N", "CAT": "Commercial Apt", "RESCODE": "C", "ACRESGL": 0.22, "REAL_FLV": 676100, "HSTED_FLV": 0, "NRES_FLV": 676100, "LAND_LV": 556900, "IMPRV_LV": 119200, "EQUIPVAL": 0, "EQUIPCODE": "", "INVENVAL": 0, "HSDECL": "N", "HSITEVAL": 0, "VETEXAMT": 0, "EXPDESC": "", "ENDDATE": "", "STATUTE": "", "EXAMT_HS": 0, "EXAMT_NR": 0, "UVREDUC_HS": 0, "UVREDUC_NR": 0, "GLVAL_HS": 0.0, "GLVAL_NR": 6761.0, "CRHOUSPCT": 0.0, "MUNGL1PCT": 6761.0, "AOEGL_HS": 0.0, "AOEGL_NR": 6761.0, "E911ADDR": "203 MAPLE ST", "SHAPE_Length": 0.0013761785127971357, "SHAPE_Area": 1.0389672149979364e-07}, "geometry": {"type": "MultiPolygon", "coordinates": [[[[-73.21082209699995, 44.47346623000004], [-73.21128252199998, 44.47344184900004], [-73.21129485299997, 44.473584076000066], [-73.21130138299998, 44.47366896800003], [-73.21083894899994, 44.47368970600007], [-73.21083570899998, 44.47358454500005], [-73.21082209699995, 44.47346623000004]]]]}}, {"type": "Feature", "properties": {"OBJECTID": 274564, "SPAN": "114-035-17304", "GLIST_SPAN": "114-035-17304", "MAPID": "049-3-078-000", "PARCID": "049-3-078.000", "PROPTYPE": "PARCEL", "YEAR": 2018, "GLYEAR": 2022, "TOWN": "BURLINGTON", "TNAME": "Burlington", "SOURCENAME": null, "SOURCETYPE": "UNKNOWN", "SOURCEDATE": "UNKNOWN", "EDITMETHOD": "UNKNOWN", "EDITOR": "UNKNOWN", "EDITDATE": "UNKNOWN", "MATCHSTAT": "MATCH", "EDITNOTE": "UNKNOWN", "OWNER1": "200 MAPLE STREET PARTNERSHIP", "OWNER2": "", "ADDRGL1": "126 DALE ROAD", "ADDRGL2": "", "CITYGL": "BURLINGTON", "STGL": "VT", "ZIPGL": "05408", "DESCPROP": "L & B 8U", "LOCAPROP": "N", "CAT": "Commercial Apt", "RESCODE": "C", "ACRESGL": 0.22, "REAL_FLV": 1551000, "HSTED_FLV": 0, "NRES_FLV": 1551000, "LAND_LV": 740400, "IMPRV_LV": 810600, "EQUIPVAL": 0, "EQUIPCODE": "", "INVENVAL": 0, "HSDECL": "N", "HSITEVAL": 0, "VETEXAMT": 0, "EXPDESC": "", "ENDDATE": "", "STATUTE": "", "EXAMT_HS": 0, "EXAMT_NR": 0, "UVREDUC_HS": 0, "UVREDUC_NR": 0, "GLVAL_HS": 0.0, "GLVAL_NR": 15510.0, "CRHOUSPCT": 0.0, "MUNGL1PCT": 15510.0, "AOEGL_HS": 0.0, "AOEGL_NR": 15510.0, "E911ADDR": "200 MAPLE ST", "SHAPE_Length": 0.0013369065766195864, "SHAPE_Area": 9.937807780869841e-08}, "geometry": {"type": "MultiPolygon", "coordinates": [[[[-73.21105620899993, 44.47385610900005], [-73.21127648599997, 44.473850378000066], [-73.21129640099997, 44.47429347800005], [-73.21107499399994, 44.47430329300005], [-73.21107106699998, 44.47430331800007], [-73.21106918399994, 44.47424525500003], [-73.21106439899995, 44.47411001200004], [-73.21105620899993, 44.47385610900005]]]]}}, {"type": "Feature", "properties": {"OBJECTID": 274565, "SPAN": "114-035-17305", "GLIST_SPAN": "114-035-17305", "MAPID": "049-3-079-000", "PARCID": "049-3-079.000", "PROPTYPE": "PARCEL", "YEAR": 2018, "GLYEAR": 2022, "TOWN": "BURLINGTON", "TNAME": "Burlington", "SOURCENAME": null, "SOURCETYPE": "UNKNOWN", "SOURCEDATE": "UNKNOWN", "EDITMETHOD": "UNKNOWN", "EDITOR": "UNKNOWN", "EDITDATE": "UNKNOWN", "MATCHSTAT": "MATCH", "EDITNOTE": "UNKNOWN", "OWNER1": "DODSON KYLE", "OWNER2": "", "ADDRGL1": "206 MAPLE ST", "ADDRGL2": "", "CITYGL": "BURLINGTON", "STGL": "VT", "ZIPGL": "05401", "DESCPROP": "4/1/88 95%=100% FIRE DAMAGE REPAIRED 88", "LOCAPROP": "N", "CAT": "Residential-1", "RESCODE": "S", "ACRESGL": 0.12, "REAL_FLV": 672600, "HSTED_FLV": 0, "NRES_FLV": 672600, "LAND_LV": 441600, "IMPRV_LV": 231000, "EQUIPVAL": 0, "EQUIPCODE": "", "INVENVAL": 0, "HSDECL": "N", "HSITEVAL": 672600, "VETEXAMT": 0, "EXPDESC": "", "ENDDATE": "", "STATUTE": "", "EXAMT_HS": 0, "EXAMT_NR": 0, "UVREDUC_HS": 0, "UVREDUC_NR": 0, "GLVAL_HS": 0.0, "GLVAL_NR": 6726.0, "CRHOUSPCT": 0.0, "MUNGL1PCT": 6726.0, "AOEGL_HS": 0.0, "AOEGL_NR": 6726.0, "E911ADDR": "206 MAPLE ST", "SHAPE_Length": 0.0008988228011546714, "SHAPE_Area": 4.964639427264652e-08}, "geometry": {"type": "MultiPolygon", "coordinates": [[[[-73.21085831099998, 44.47386099700003], [-73.21105620899993, 44.47385610900005], [-73.21106439899995, 44.47411001200004], [-73.21087080799998, 44.47411388800003], [-73.21085831099998, 44.47386099700003]]]]}}, {"type": "Feature", "properties": {"OBJECTID": 274566, "SPAN": "114-035-17306", "GLIST_SPAN": "114-035-17306", "MAPID": "049-3-080-000", "PARCID": "049-3-080.000", "PROPTYPE": "PARCEL", "YEAR": 2018, "GLYEAR": 2022, "TOWN": "BURLINGTON", "TNAME": "Burlington", "SOURCENAME": null, "SOURCETYPE": "UNKNOWN", "SOURCEDATE": "UNKNOWN", "EDITMETHOD": "UNKNOWN", "EDITOR": "UNKNOWN", "EDITDATE": "UNKNOWN", "MATCHSTAT": "MATCH", "EDITNOTE": "UNKNOWN", "OWNER1": "RUBINCHUK MICHAEL", "OWNER2": "", "ADDRGL1": "138 FOSTER ST", "ADDRGL2": "", "CITYGL": "Burlington", "STGL": "VT", "ZIPGL": "05401", "DESCPROP": "KNOCKED ON THIRD FLOOR APT. OBSERVED 2.5", "LOCAPROP": "N", "CAT": "Residential-1", "RESCODE": "T", "ACRESGL": 0.06, "REAL_FLV": 564000, "HSTED_FLV": 0, "NRES_FLV": 564000, "LAND_LV": 164600, "IMPRV_LV": 399400, "EQUIPVAL": 0, "EQUIPCODE": "", "INVENVAL": 0, "HSDECL": "N", "HSITEVAL": 564000, "VETEXAMT": 0, "EXPDESC": "", "ENDDATE": "", "STATUTE": "", "EXAMT_HS": 0, "EXAMT_NR": 0, "UVREDUC_HS": 0, "UVREDUC_NR": 0, "GLVAL_HS": 0.0, "GLVAL_NR": 5640.0, "CRHOUSPCT": 0.0, "MUNGL1PCT": 5640.0, "AOEGL_HS": 0.0, "AOEGL_NR": 5640.0, "E911ADDR": "205 SOUTH WINOOSKI AV", "SHAPE_Length": 0.0006562175601462354, "SHAPE_Area": 2.6099684058117767e-08}, "geometry": {"type": "MultiPolygon", "coordinates": [[[[-73.21087080799998, 44.47411388800003], [-73.21106439899995, 44.47411001200004], [-73.21106918399994, 44.47424525500003], [-73.21087795499994, 44.47424968000007], [-73.21087080799998, 44.47411388800003]]]]}}, {"type": "Feature", "properties": {"OBJECTID": 274567, "SPAN": "114-035-17307", "GLIST_SPAN": "114-035-17307", "MAPID": "049-3-081-000", "PARCID": "049-3-081.000", "PROPTYPE": "PARCEL", "YEAR": 2018, "GLYEAR": 2022, "TOWN": "BURLINGTON", "TNAME": "Burlington", "SOURCENAME": null, "SOURCETYPE": "UNKNOWN", "SOURCEDATE": "UNKNOWN", "EDITMETHOD": "UNKNOWN", "EDITOR": "UNKNOWN", "EDITDATE": "UNKNOWN", "MATCHSTAT": "MATCH", "EDITNOTE": "UNKNOWN", "OWNER1": "HARTWELL DAVID R", "OWNER2": "", "ADDRGL1": "13 PHEASANT WAY", "ADDRGL2": "", "CITYGL": "SOUTH BURLINGTON", "STGL": "VT", "ZIPGL": "05403", "DESCPROP": "4 APT UNITS", "LOCAPROP": "N", "CAT": "Residential-1", "RESCODE": "S", "ACRESGL": 0.06, "REAL_FLV": 590700, "HSTED_FLV": 0, "NRES_FLV": 590700, "LAND_LV": 508900, "IMPRV_LV": 81800, "EQUIPVAL": 0, "EQUIPCODE": "", "INVENVAL": 0, "HSDECL": "N", "HSITEVAL": 590700, "VETEXAMT": 0, "EXPDESC": "", "ENDDATE": "", "STATUTE": "", "EXAMT_HS": 0, "EXAMT_NR": 0, "UVREDUC_HS": 0, "UVREDUC_NR": 0, "GLVAL_HS": 0.0, "GLVAL_NR": 5907.0, "CRHOUSPCT": 0.0, "MUNGL1PCT": 5907.0, "AOEGL_HS": 0.0, "AOEGL_NR": 5907.0, "E911ADDR": "203 SOUTH WINOOSKI AV", "SHAPE_Length": 0.0006702185423604099, "SHAPE_Area": 2.7048489877682635e-08}, "geometry": {"type": "MultiPolygon", "coordinates": [[[[-73.21088141199994, 44.47432354700004], [-73.21087795499994, 44.47424968000007], [-73.21106918399994, 44.47424525500003], [-73.21107106699998, 44.47430331800007], [-73.21107499399994, 44.47430329300005], [-73.21107953699999, 44.47438622900006], [-73.21088474799996, 44.47438856700006], [-73.21088325799997, 44.47436298300005], [-73.21088141199994, 44.47432354700004]]]]}}, {"type": "Feature", "properties": {"OBJECTID": 276670, "SPAN": "114-035-17511", "GLIST_SPAN": "114-035-17511", "MAPID": "049-3-194-000", "PARCID": "049-3-194.000", "PROPTYPE": "PARCEL", "YEAR": 2018, "GLYEAR": 2022, "TOWN": "BURLINGTON", "TNAME": "Burlington", "SOURCENAME": null, "SOURCETYPE": "UNKNOWN", "SOURCEDATE": "UNKNOWN", "EDITMETHOD": "UNKNOWN", "EDITOR": "UNKNOWN", "EDITDATE": "UNKNOWN", "MATCHSTAT": "MATCH", "EDITNOTE": "UNKNOWN", "OWNER1": "TYLER CHAD", "OWNER2": "TYLER PATSY", "ADDRGL1": "210 SOUTH UNION STREET", "ADDRGL2": "", "CITYGL": "BURLINGTON", "STGL": "VT", "ZIPGL": "05401", "DESCPROP": "", "LOCAPROP": "N", "CAT": "Residential-1", "RESCODE": "S", "ACRESGL": 0.22, "REAL_FLV": 728300, "HSTED_FLV": 0, "NRES_FLV": 728300, "LAND_LV": 450200, "IMPRV_LV": 278100, "EQUIPVAL": 0, "EQUIPCODE": "", "INVENVAL": 0, "HSDECL": "N", "HSITEVAL": 728300, "VETEXAMT": 0, "EXPDESC": "", "ENDDATE": "", "STATUTE": "", "EXAMT_HS": 0, "EXAMT_NR": 0, "UVREDUC_HS": 0, "UVREDUC_NR": 0, "GLVAL_HS": 0.0, "GLVAL_NR": 7283.0, "CRHOUSPCT": 0.0, "MUNGL1PCT": 7283.0, "AOEGL_HS": 0.0, "AOEGL_NR": 7283.0, "E911ADDR": "210 SOUTH UNION ST", "SHAPE_Length": 0.0016756241847657011, "SHAPE_Area": 1.0268602710269597e-07}, "geometry": {"type": "MultiPolygon", "coordinates": [[[[-73.20843631099996, 44.47423757100006], [-73.20874021199995, 44.47422865500005], [-73.20874788599997, 44.47437583300007], [-73.20843693999996, 44.47438690200005], [-73.20810634499998, 44.47439710800006], [-73.20805962399999, 44.47439880400003], [-73.20805113399996, 44.474248818000035], [-73.20843631099996, 44.47423757100006]]]]}}, {"type": "Feature", "properties": {"OBJECTID": 276672, "SPAN": "114-035-17512", "GLIST_SPAN": "114-035-17512", "MAPID": "049-3-195-000", "PARCID": "049-3-195.000", "PROPTYPE": "PARCEL", "YEAR": 2018, "GLYEAR": 2022, "TOWN": "BURLINGTON", "TNAME": "Burlington", "SOURCENAME": null, "SOURCETYPE": "UNKNOWN", "SOURCEDATE": "UNKNOWN", "EDITMETHOD": "UNKNOWN", "EDITOR": "UNKNOWN", "EDITDATE": "UNKNOWN", "MATCHSTAT": "MATCH", "EDITNOTE": "UNKNOWN", "OWNER1": "SULLIVAN MARY JANE WALSH", "OWNER2": "SULLIVAN DANIEL J", "ADDRGL1": "216 SOUTH UNION ST", "ADDRGL2": "", "CITYGL": "BURLINGTON", "STGL": "VT", "ZIPGL": "05401", "DESCPROP": "", "LOCAPROP": "N", "CAT": "Residential-1", "RESCODE": "T", "ACRESGL": 0.18, "REAL_FLV": 708500, "HSTED_FLV": 708500, "NRES_FLV": 0, "LAND_LV": 229700, "IMPRV_LV": 478800, "EQUIPVAL": 0, "EQUIPCODE": "", "INVENVAL": 0, "HSDECL": "Y", "HSITEVAL": 708500, "VETEXAMT": 0, "EXPDESC": "", "ENDDATE": "", "STATUTE": "", "EXAMT_HS": 0, "EXAMT_NR": 0, "UVREDUC_HS": 0, "UVREDUC_NR": 0, "GLVAL_HS": 7085.0, "GLVAL_NR": 0.0, "CRHOUSPCT": 0.0, "MUNGL1PCT": 7085.0, "AOEGL_HS": 7085.0, "AOEGL_NR": 0.0, "E911ADDR": "216 SOUTH UNION ST", "SHAPE_Length": 0.0016709064109606646, "SHAPE_Area": 8.31588554075425e-08}, "geometry": {"type": "MultiPolygon", "coordinates": [[[[-73.20843496199996, 44.47409358800007], [-73.20873292099998, 44.47408063100005], [-73.20874021199995, 44.47422865500005], [-73.20843631099996, 44.47423757100006], [-73.20805113399996, 44.474248818000035], [-73.20804668199997, 44.47417305300007], [-73.20809301099996, 44.47417150100006], [-73.20829715899998, 44.47416362600006], [-73.20829243599997, 44.47409784600006], [-73.20843496199996, 44.47409358800007]]]]}}, {"type": "Feature", "properties": {"OBJECTID": 276673, "SPAN": "114-035-17513", "GLIST_SPAN": "114-035-17513", "MAPID": "049-3-196-000", "PARCID": "049-3-196.000", "PROPTYPE": "PARCEL", "YEAR": 2018, "GLYEAR": 2022, "TOWN": "BURLINGTON", "TNAME": "Burlington", "SOURCENAME": null, "SOURCETYPE": "UNKNOWN", "SOURCEDATE": "UNKNOWN", "EDITMETHOD": "UNKNOWN", "EDITOR": "UNKNOWN", "EDITDATE": "UNKNOWN", "MATCHSTAT": "MATCH", "EDITNOTE": "UNKNOWN", "OWNER1": "FONTAINE GISELE J.", "OWNER2": "GISELE J. FONTAINE FAMILY TRUST", "ADDRGL1": "2738 NORTH WILLISTON RD", "ADDRGL2": "", "CITYGL": "WILLISTON", "STGL": "VT", "ZIPGL": "05495", "DESCPROP": "6 APARTMENT UNITS", "LOCAPROP": "N", "CAT": "Commercial Apt", "RESCODE": "C", "ACRESGL": 0.16, "REAL_FLV": 1054400, "HSTED_FLV": 0, "NRES_FLV": 1054400, "LAND_LV": 469200, "IMPRV_LV": 585200, "EQUIPVAL": 0, "EQUIPCODE": "", "INVENVAL": 0, "HSDECL": "N", "HSITEVAL": 0, "VETEXAMT": 0, "EXPDESC": "", "ENDDATE": "", "STATUTE": "", "EXAMT_HS": 0, "EXAMT_NR": 0, "UVREDUC_HS": 0, "UVREDUC_NR": 0, "GLVAL_HS": 0.0, "GLVAL_NR": 10544.0, "CRHOUSPCT": 0.0, "MUNGL1PCT": 10544.0, "AOEGL_HS": 0.0, "AOEGL_NR": 10544.0, "E911ADDR": "222 SOUTH UNION ST", "SHAPE_Length": 0.0012037999208786747, "SHAPE_Area": 7.078034741017476e-08}, "geometry": {"type": "MultiPolygon", "coordinates": [[[[-73.20843340999994, 44.47393287300008], [-73.20872431999999, 44.473921647000054], [-73.20873292099998, 44.47408063100005], [-73.20843496199996, 44.47409358800007], [-73.20829243599997, 44.47409784600006], [-73.20828185099998, 44.473937188000036], [-73.20843340999994, 44.47393287300008]]]]}}, {"type": "Feature", "properties": {"OBJECTID": 276675, "SPAN": "114-035-17514", "GLIST_SPAN": "114-035-17514", "MAPID": "049-3-197-000", "PARCID": "049-3-197.000", "PROPTYPE": "PARCEL", "YEAR": 2018, "GLYEAR": 2022, "TOWN": "BURLINGTON", "TNAME": "Burlington", "SOURCENAME": null, "SOURCETYPE": "UNKNOWN", "SOURCEDATE": "UNKNOWN", "EDITMETHOD": "UNKNOWN", "EDITOR": "UNKNOWN", "EDITDATE": "UNKNOWN", "MATCHSTAT": "MATCH", "EDITNOTE": "UNKNOWN", "OWNER1": "217 SOUTH UNION LLC", "OWNER2": "", "ADDRGL1": "1 STEELE STREET", "ADDRGL2": "STE 111", "CITYGL": "BURLINGTON", "STGL": "VT", "ZIPGL": "05401", "DESCPROP": "6 APTS UNITS", "LOCAPROP": "N", "CAT": "Commercial Apt", "RESCODE": "C", "ACRESGL": 0.25, "REAL_FLV": 1456000, "HSTED_FLV": 0, "NRES_FLV": 1456000, "LAND_LV": 682700, "IMPRV_LV": 773300, "EQUIPVAL": 0, "EQUIPCODE": "", "INVENVAL": 0, "HSDECL": "N", "HSITEVAL": 0, "VETEXAMT": 0, "EXPDESC": "", "ENDDATE": "", "STATUTE": "", "EXAMT_HS": 0, "EXAMT_NR": 0, "UVREDUC_HS": 0, "UVREDUC_NR": 0, "GLVAL_HS": 0.0, "GLVAL_NR": 14560.0, "CRHOUSPCT": 0.0, "MUNGL1PCT": 14560.0, "AOEGL_HS": 0.0, "AOEGL_NR": 14560.0, "E911ADDR": "217 SOUTH UNION ST", "SHAPE_Length": 0.0013501699623040125, "SHAPE_Area": 1.1321714833815434e-07}, "geometry": {"type": "MultiPolygon", "coordinates": [[[[-73.20894219399997, 44.47391213800006], [-73.20930420899998, 44.47390201600007], [-73.20932177299994, 44.474217030000034], [-73.20895810499997, 44.474220553000066], [-73.20894219399997, 44.47391213800006]]]]}}, {"type": "Feature", "properties": {"OBJECTID": 276677, "SPAN": "114-035-17515", "GLIST_SPAN": "114-035-17515", "MAPID": "049-3-198-000", "PARCID": "049-3-198.000", "PROPTYPE": "PARCEL", "YEAR": 2018, "GLYEAR": 2022, "TOWN": "BURLINGTON", "TNAME": "Burlington", "SOURCENAME": null, "SOURCETYPE": "UNKNOWN", "SOURCEDATE": "UNKNOWN", "EDITMETHOD": "UNKNOWN", "EDITOR": "UNKNOWN", "EDITDATE": "UNKNOWN", "MATCHSTAT": "MATCH", "EDITNOTE": "UNKNOWN", "OWNER1": "PBGC LLC", "OWNER2": "", "ADDRGL1": "100 NORTH STREET", "ADDRGL2": "", "CITYGL": "BURLINGTON", "STGL": "VT", "ZIPGL": "05401", "DESCPROP": "19 APT UNITS TOTAL    Main house 7 units", "LOCAPROP": "", "CAT": "Commercial Apt", "RESCODE": "T", "ACRESGL": 0.67, "REAL_FLV": 3081100, "HSTED_FLV": 0, "NRES_FLV": 3081100, "LAND_LV": 614100, "IMPRV_LV": 2467000, "EQUIPVAL": 0, "EQUIPCODE": "", "INVENVAL": 0, "HSDECL": "N", "HSITEVAL": 0, "VETEXAMT": 0, "EXPDESC": "", "ENDDATE": "", "STATUTE": "", "EXAMT_HS": 0, "EXAMT_NR": 0, "UVREDUC_HS": 0, "UVREDUC_NR": 0, "GLVAL_HS": 0.0, "GLVAL_NR": 30811.0, "CRHOUSPCT": 0.0, "MUNGL1PCT": 30811.0, "AOEGL_HS": 0.0, "AOEGL_NR": 30811.0, "E911ADDR": "207 SOUTH UNION ST", "SHAPE_Length": 0.003455837475479902, "SHAPE_Area": 3.065374462680554e-07}, "geometry": {"type": "MultiPolygon", "coordinates": [[[[-73.20962363399997, 44.47451855600008], [-73.20962095399994, 44.47442824900003], [-73.20896901799995, 44.47444069100004], [-73.20896575899997, 44.474374940000075], [-73.20895810499997, 44.474220553000066], [-73.20932177299994, 44.474217030000034], [-73.20930420899998, 44.47390201600007], [-73.20936310399998, 44.47390024500004], [-73.20957159599999, 44.47389430900006], [-73.20958397299995, 44.47423508700007], [-73.20958450799998, 44.47424675500008], [-73.20964968499999, 44.47424480300003], [-73.20965605299995, 44.47434896100003], [-73.20983902499995, 44.47434388600004], [-73.21005223799995, 44.474338483000054], [-73.21006470899994, 44.47452472300006], [-73.21001756899994, 44.47452417200003], [-73.20984628499997, 44.474521440000046], [-73.20966282799998, 44.47451906400005], [-73.20962363399997, 44.47451855600008]]]]}}, {"type": "Feature", "properties": {"OBJECTID": 276679, "SPAN": "114-035-17516", "GLIST_SPAN": "114-035-17516", "MAPID": "049-3-199-000", "PARCID": "049-3-199.000", "PROPTYPE": "PARCEL", "YEAR": 2018, "GLYEAR": 2022, "TOWN": "BURLINGTON", "TNAME": "Burlington", "SOURCENAME": null, "SOURCETYPE": "UNKNOWN", "SOURCEDATE": "UNKNOWN", "EDITMETHOD": "UNKNOWN", "EDITOR": "UNKNOWN", "EDITDATE": "UNKNOWN", "MATCHSTAT": "MATCH", "EDITNOTE": "UNKNOWN", "OWNER1": "KHAMNEI CHRIS", "OWNER2": "", "ADDRGL1": "82 OVERLAKE PARK", "ADDRGL2": "", "CITYGL": "BURLINGTON", "STGL": "VT", "ZIPGL": "05401", "DESCPROP": "12U", "LOCAPROP": "N", "CAT": "Commercial Apt", "RESCODE": "T", "ACRESGL": 0.27, "REAL_FLV": 1332900, "HSTED_FLV": 0, "NRES_FLV": 1332900, "LAND_LV": 531400, "IMPRV_LV": 801500, "EQUIPVAL": 0, "EQUIPCODE": "", "INVENVAL": 0, "HSDECL": "N", "HSITEVAL": 0, "VETEXAMT": 0, "EXPDESC": "", "ENDDATE": "", "STATUTE": "", "EXAMT_HS": 0, "EXAMT_NR": 0, "UVREDUC_HS": 0, "UVREDUC_NR": 0, "GLVAL_HS": 0.0, "GLVAL_NR": 13329.0, "CRHOUSPCT": 0.0, "MUNGL1PCT": 13329.0, "AOEGL_HS": 0.0, "AOEGL_NR": 13329.0, "E911ADDR": "199 SOUTH UNION ST", "SHAPE_Length": 0.0016614429013316805, "SHAPE_Area": 1.1747106399750312e-07}, "geometry": {"type": "MultiPolygon", "coordinates": [[[[-73.20896901799995, 44.47444069100004], [-73.20962095399994, 44.47442824900003], [-73.20962363399997, 44.47451855600008], [-73.20962632699997, 44.47460932200005], [-73.20942113599995, 44.474612990000026], [-73.20897866399997, 44.47462090200003], [-73.20896901799995, 44.47444069100004]]]]}}, {"type": "Feature", "properties": {"OBJECTID": 276681, "SPAN": "114-035-17517", "GLIST_SPAN": "114-035-17517", "MAPID": "049-3-200-000", "PARCID": "049-3-200.000", "PROPTYPE": "PARCEL", "YEAR": 2018, "GLYEAR": 2022, "TOWN": "BURLINGTON", "TNAME": "Burlington", "SOURCENAME": null, "SOURCETYPE": "UNKNOWN", "SOURCEDATE": "UNKNOWN", "EDITMETHOD": "UNKNOWN", "EDITOR": "UNKNOWN", "EDITDATE": "UNKNOWN", "MATCHSTAT": "MATCH", "EDITNOTE": "UNKNOWN", "OWNER1": "CHEESEMAN PROPERTIES LLC", "OWNER2": "", "ADDRGL1": "268 BUCKINGHAM DRIVE", "ADDRGL2": "", "CITYGL": "COLCHESTER", "STGL": "VT", "ZIPGL": "05446", "DESCPROP": "", "LOCAPROP": "N", "CAT": "Commercial Apt", "RESCODE": "C", "ACRESGL": 0.17, "REAL_FLV": 680000, "HSTED_FLV": 0, "NRES_FLV": 680000, "LAND_LV": 455900, "IMPRV_LV": 224100, "EQUIPVAL": 0, "EQUIPCODE": "", "INVENVAL": 0, "HSDECL": "N", "HSITEVAL": 0, "VETEXAMT": 0, "EXPDESC": "", "ENDDATE": "", "STATUTE": "", "EXAMT_HS": 0, "EXAMT_NR": 0, "UVREDUC_HS": 0, "UVREDUC_NR": 0, "GLVAL_HS": 0.0, "GLVAL_NR": 6800.0, "CRHOUSPCT": 0.0, "MUNGL1PCT": 6800.0, "AOEGL_HS": 0.0, "AOEGL_NR": 6800.0, "E911ADDR": "193 SOUTH UNION ST", "SHAPE_Length": 0.0012273460218420996, "SHAPE_Area": 7.602092349614911e-08}, "geometry": {"type": "MultiPolygon", "coordinates": [[[[-73.20897866399997, 44.47462090200003], [-73.20942113599995, 44.474612990000026], [-73.20942717799994, 44.47478302600007], [-73.20898705699994, 44.47479507400004], [-73.20897866399997, 44.47462090200003]]]]}}, {"type": "Feature", "properties": {"OBJECTID": 277145, "SPAN": "114-035-17638", "GLIST_SPAN": "114-035-17638", "MAPID": "049-4-109-000", "PARCID": "049-4-109.000", "PROPTYPE": "PARCEL", "YEAR": 2018, "GLYEAR": 2022, "TOWN": "BURLINGTON", "TNAME": "Burlington", "SOURCENAME": null, "SOURCETYPE": "UNKNOWN", "SOURCEDATE": "UNKNOWN", "EDITMETHOD": "UNKNOWN", "EDITOR": "UNKNOWN", "EDITDATE": "UNKNOWN", "MATCHSTAT": "MATCH", "EDITNOTE": "UNKNOWN", "OWNER1": "WARSHAW JACOB", "OWNER2": "PETERSON ALISSA", "ADDRGL1": "66 ADAMS STREET", "ADDRGL2": "", "CITYGL": "BURLINGTON", "STGL": "VT", "ZIPGL": "05401", "DESCPROP": "", "LOCAPROP": "N", "CAT": "Residential-1", "RESCODE": "C", "ACRESGL": 0.18, "REAL_FLV": 681200, "HSTED_FLV": 0, "NRES_FLV": 681200, "LAND_LV": 161200, "IMPRV_LV": 520000, "EQUIPVAL": 0, "EQUIPCODE": "", "INVENVAL": 0, "HSDECL": "N", "HSITEVAL": 681200, "VETEXAMT": 0, "EXPDESC": "", "ENDDATE": "", "STATUTE": "", "EXAMT_HS": 0, "EXAMT_NR": 0, "UVREDUC_HS": 0, "UVREDUC_NR": 0, "GLVAL_HS": 0.0, "GLVAL_NR": 6812.0, "CRHOUSPCT": 0.0, "MUNGL1PCT": 6812.0, "AOEGL_HS": 0.0, "AOEGL_NR": 6812.0, "E911ADDR": "64 ADAMS ST", "SHAPE_Length": 0.0011290176250896202, "SHAPE_Area": 7.76761206390196e-08}, "geometry": {"type": "MultiPolygon", "coordinates": [[[[-73.21100068899995, 44.47225961100003], [-73.21122857199998, 44.47223386600007], [-73.21124992799997, 44.472407675000056], [-73.21126872899998, 44.472565049000025], [-73.21102223099996, 44.47257811500003], [-73.21101310899996, 44.47244149200003], [-73.21100068899995, 44.47225961100003]]]]}}, {"type": "Feature", "properties": {"OBJECTID": 277146, "SPAN": "114-035-17639", "GLIST_SPAN": "114-035-17639", "MAPID": "049-4-110-000", "PARCID": "049-4-110.000", "PROPTYPE": "PARCEL", "YEAR": 2018, "GLYEAR": 2022, "TOWN": "BURLINGTON", "TNAME": "Burlington", "SOURCENAME": null, "SOURCETYPE": "UNKNOWN", "SOURCEDATE": "UNKNOWN", "EDITMETHOD": "UNKNOWN", "EDITOR": "UNKNOWN", "EDITDATE": "UNKNOWN", "MATCHSTAT": "MATCH", "EDITNOTE": "UNKNOWN", "OWNER1": "BRYANT BARBARA", "OWNER2": "", "ADDRGL1": "116 HENRY  ST", "ADDRGL2": "", "CITYGL": "CAMBRIDGE", "STGL": "MA", "ZIPGL": "02139", "DESCPROP": "3-FAMILY HOUSE", "LOCAPROP": "N", "CAT": "Residential-1", "RESCODE": "T", "ACRESGL": 0.1, "REAL_FLV": 1070100, "HSTED_FLV": 0, "NRES_FLV": 1070100, "LAND_LV": 210600, "IMPRV_LV": 859500, "EQUIPVAL": 0, "EQUIPCODE": "", "INVENVAL": 0, "HSDECL": "N", "HSITEVAL": 1070100, "VETEXAMT": 0, "EXPDESC": "", "ENDDATE": "", "STATUTE": "", "EXAMT_HS": 0, "EXAMT_NR": 0, "UVREDUC_HS": 0, "UVREDUC_NR": 0, "GLVAL_HS": 0.0, "GLVAL_NR": 10701.0, "CRHOUSPCT": 0.0, "MUNGL1PCT": 10701.0, "AOEGL_HS": 0.0, "AOEGL_NR": 10701.0, "E911ADDR": "70 ADAMS ST", "SHAPE_Length": 0.0008377598741138991, "SHAPE_Area": 4.2643060939960256e-08}, "geometry": {"type": "MultiPolygon", "coordinates": [[[[-73.21075946599996, 44.47228642400006], [-73.21100068899995, 44.47225961100003], [-73.21101310899996, 44.47244149200003], [-73.21076817299996, 44.47245370400003], [-73.21075946599996, 44.47228642400006]]]]}}, {"type": "Feature", "properties": {"OBJECTID": 277147, "SPAN": "114-035-17640", "GLIST_SPAN": "114-035-17640", "MAPID": "049-4-111-000", "PARCID": "049-4-111.000", "PROPTYPE": "PARCEL", "YEAR": 2018, "GLYEAR": 2022, "TOWN": "BURLINGTON", "TNAME": "Burlington", "SOURCENAME": null, "SOURCETYPE": "UNKNOWN", "SOURCEDATE": "UNKNOWN", "EDITMETHOD": "UNKNOWN", "EDITOR": "UNKNOWN", "EDITDATE": "UNKNOWN", "MATCHSTAT": "MATCH", "EDITNOTE": "UNKNOWN", "OWNER1": "RILEY HAROLD E JR", "OWNER2": "RILEY JANE C", "ADDRGL1": "365 CROSSFIELD DRIVE", "ADDRGL2": "", "CITYGL": "COLCHESTER", "STGL": "VT", "ZIPGL": "05446", "DESCPROP": "", "LOCAPROP": "N", "CAT": "Residential-1", "RESCODE": "S", "ACRESGL": 0.12, "REAL_FLV": 467200, "HSTED_FLV": 0, "NRES_FLV": 467200, "LAND_LV": 150400, "IMPRV_LV": 316800, "EQUIPVAL": 0, "EQUIPCODE": "", "INVENVAL": 0, "HSDECL": "N", "HSITEVAL": 467200, "VETEXAMT": 0, "EXPDESC": "", "ENDDATE": "", "STATUTE": "", "EXAMT_HS": 0, "EXAMT_NR": 0, "UVREDUC_HS": 0, "UVREDUC_NR": 0, "GLVAL_HS": 0.0, "GLVAL_NR": 4672.0, "CRHOUSPCT": 0.0, "MUNGL1PCT": 4672.0, "AOEGL_HS": 0.0, "AOEGL_NR": 4672.0, "E911ADDR": "78 ADAMS ST", "SHAPE_Length": 0.0009357829889733946, "SHAPE_Area": 5.447446016842712e-08}, "geometry": {"type": "MultiPolygon", "coordinates": [[[[-73.21028871299995, 44.47230046100003], [-73.21053645299997, 44.472292733000074], [-73.21054929999997, 44.47250990600003], [-73.21029804299997, 44.47251920300005], [-73.21028871299995, 44.47230046100003]]]]}}, {"type": "Feature", "properties": {"OBJECTID": 277148, "SPAN": "114-035-17641", "GLIST_SPAN": "114-035-17641", "MAPID": "049-4-112-000", "PARCID": "049-4-112.000", "PROPTYPE": "PARCEL", "YEAR": 2018, "GLYEAR": 2022, "TOWN": "BURLINGTON", "TNAME": "Burlington", "SOURCENAME": null, "SOURCETYPE": "UNKNOWN", "SOURCEDATE": "UNKNOWN", "EDITMETHOD": "UNKNOWN", "EDITOR": "UNKNOWN", "EDITDATE": "UNKNOWN", "MATCHSTAT": "MATCH", "EDITNOTE": "UNKNOWN", "OWNER1": "LARIOS JOSE", "OWNER2": "HAMBLY LARIOS MELISSA", "ADDRGL1": "2841 NORTHWEST 112TH TERRACE", "ADDRGL2": "", "CITYGL": "SUNRISE", "STGL": "FL", "ZIPGL": "33323", "DESCPROP": "", "LOCAPROP": "N", "CAT": "Residential-1", "RESCODE": "T", "ACRESGL": 0.2, "REAL_FLV": 605700, "HSTED_FLV": 0, "NRES_FLV": 605700, "LAND_LV": 165900, "IMPRV_LV": 439800, "EQUIPVAL": 0, "EQUIPCODE": "", "INVENVAL": 0, "HSDECL": "N", "HSITEVAL": 605700, "VETEXAMT": 0, "EXPDESC": "", "ENDDATE": "", "STATUTE": "", "EXAMT_HS": 0, "EXAMT_NR": 0, "UVREDUC_HS": 0, "UVREDUC_NR": 0, "GLVAL_HS": 0.0, "GLVAL_NR": 6057.0, "CRHOUSPCT": 0.0, "MUNGL1PCT": 6057.0, "AOEGL_HS": 0.0, "AOEGL_NR": 6057.0, "E911ADDR": "82 ADAMS ST", "SHAPE_Length": 0.0013756114898418308, "SHAPE_Area": 9.448720984808603e-08}, "geometry": {"type": "MultiPolygon", "coordinates": [[[[-73.21005275499994, 44.47230811500003], [-73.21028871299995, 44.47230046100003], [-73.21029804299997, 44.47251920300005], [-73.21030252199995, 44.472629418000054], [-73.21030598499993, 44.47265583300003], [-73.21019056199998, 44.47265992500007], [-73.21019645299998, 44.472757055000045], [-73.21007905999994, 44.472760738000034], [-73.21005275499994, 44.47230811500003]]]]}}, {"type": "Feature", "properties": {"OBJECTID": 277149, "SPAN": "114-035-17642", "GLIST_SPAN": "114-035-17642", "MAPID": "049-4-113-000", "PARCID": "049-4-113.000", "PROPTYPE": "PARCEL", "YEAR": 2018, "GLYEAR": 2022, "TOWN": "BURLINGTON", "TNAME": "Burlington", "SOURCENAME": null, "SOURCETYPE": "UNKNOWN", "SOURCEDATE": "UNKNOWN", "EDITMETHOD": "UNKNOWN", "EDITOR": "UNKNOWN", "EDITDATE": "UNKNOWN", "MATCHSTAT": "MATCH", "EDITNOTE": "UNKNOWN", "OWNER1": "92 ADAMS REALTY LLC", "OWNER2": "", "ADDRGL1": "68 SUNSET CLIFF ROAD", "ADDRGL2": "", "CITYGL": "BURLINGTON", "STGL": "VT", "ZIPGL": "05408", "DESCPROP": "COM. OFFICES", "LOCAPROP": "N", "CAT": "Commercial", "RESCODE": "C", "ACRESGL": 0.36, "REAL_FLV": 618100, "HSTED_FLV": 0, "NRES_FLV": 618100, "LAND_LV": 197300, "IMPRV_LV": 420800, "EQUIPVAL": 0, "EQUIPCODE": "", "INVENVAL": 0, "HSDECL": "N", "HSITEVAL": 0, "VETEXAMT": 0, "EXPDESC": "", "ENDDATE": "", "STATUTE": "", "EXAMT_HS": 0, "EXAMT_NR": 0, "UVREDUC_HS": 0, "UVREDUC_NR": 0, "GLVAL_HS": 0.0, "GLVAL_NR": 6181.0, "CRHOUSPCT": 0.0, "MUNGL1PCT": 6181.0, "AOEGL_HS": 0.0, "AOEGL_NR": 6181.0, "E911ADDR": "92 ADAMS ST", "SHAPE_Length": 0.0016442380612645207, "SHAPE_Area": 1.670851525278684e-07}, "geometry": {"type": "MultiPolygon", "coordinates": [[[[-73.20968173699998, 44.472319983000034], [-73.21005275499994, 44.47230811500003], [-73.21007905999994, 44.472760738000034], [-73.20971314299999, 44.472772434000035], [-73.20968173699998, 44.472319983000034]]]]}}, {"type": "Feature", "properties": {"OBJECTID": 277150, "SPAN": "114-035-17643", "GLIST_SPAN": "114-035-17643", "MAPID": "049-4-114-000", "PARCID": "049-4-114.000", "PROPTYPE": "PARCEL", "YEAR": 2018, "GLYEAR": 2022, "TOWN": "BURLINGTON", "TNAME": "Burlington", "SOURCENAME": null, "SOURCETYPE": "UNKNOWN", "SOURCEDATE": "UNKNOWN", "EDITMETHOD": "UNKNOWN", "EDITOR": "UNKNOWN", "EDITDATE": "UNKNOWN", "MATCHSTAT": "MATCH", "EDITNOTE": "UNKNOWN", "OWNER1": "MEMBRINO MATTHEW", "OWNER2": "MEMBRINO THERESA", "ADDRGL1": "152 MANSFIELD ROAD", "ADDRGL2": "", "CITYGL": "FAYSTON", "STGL": "VT", "ZIPGL": "05673", "DESCPROP": "SINGLE FAM HOUSE", "LOCAPROP": "", "CAT": "Residential-1", "RESCODE": "T", "ACRESGL": 0.28, "REAL_FLV": 717400, "HSTED_FLV": 0, "NRES_FLV": 717400, "LAND_LV": 181700, "IMPRV_LV": 535700, "EQUIPVAL": 0, "EQUIPCODE": "", "INVENVAL": 0, "HSDECL": "N", "HSITEVAL": 717400, "VETEXAMT": 0, "EXPDESC": "", "ENDDATE": "", "STATUTE": "", "EXAMT_HS": 0, "EXAMT_NR": 0, "UVREDUC_HS": 0, "UVREDUC_NR": 0, "GLVAL_HS": 0.0, "GLVAL_NR": 7174.0, "CRHOUSPCT": 0.0, "MUNGL1PCT": 7174.0, "AOEGL_HS": 0.0, "AOEGL_NR": 7174.0, "E911ADDR": "102 ADAMS ST", "SHAPE_Length": 0.0014857655581718425, "SHAPE_Area": 1.3114412503473659e-07}, "geometry": {"type": "MultiPolygon", "coordinates": [[[[-73.20939512999996, 44.47232907600005], [-73.20968173699998, 44.472319983000034], [-73.20971314299999, 44.472772434000035], [-73.20942103599998, 44.472781560000044], [-73.20941102299997, 44.47260346100006], [-73.20939512999996, 44.47232907600005]]]]}}, {"type": "Feature", "properties": {"OBJECTID": 277151, "SPAN": "114-035-17644", "GLIST_SPAN": "114-035-17644", "MAPID": "049-4-115-000", "PARCID": "049-4-115.000", "PROPTYPE": "PARCEL", "YEAR": 2018, "GLYEAR": 2022, "TOWN": "BURLINGTON", "TNAME": "Burlington", "SOURCENAME": null, "SOURCETYPE": "UNKNOWN", "SOURCEDATE": "UNKNOWN", "EDITMETHOD": "UNKNOWN", "EDITOR": "UNKNOWN", "EDITDATE": "UNKNOWN", "MATCHSTAT": "MATCH", "EDITNOTE": "UNKNOWN", "OWNER1": "SLISH JR DONALD F", "OWNER2": "DONNIS ERICA H", "ADDRGL1": "112 ADAMS STREET", "ADDRGL2": "", "CITYGL": "BURLINGTON", "STGL": "VT", "ZIPGL": "05401", "DESCPROP": "", "LOCAPROP": "N", "CAT": "Residential-1", "RESCODE": "T", "ACRESGL": 0.16, "REAL_FLV": 555600, "HSTED_FLV": 555600, "NRES_FLV": 0, "LAND_LV": 157500, "IMPRV_LV": 398100, "EQUIPVAL": 0, "EQUIPCODE": "", "INVENVAL": 0, "HSDECL": "Y", "HSITEVAL": 555600, "VETEXAMT": 0, "EXPDESC": "", "ENDDATE": "", "STATUTE": "", "EXAMT_HS": 0, "EXAMT_NR": 0, "UVREDUC_HS": 0, "UVREDUC_NR": 0, "GLVAL_HS": 5556.0, "GLVAL_NR": 0.0, "CRHOUSPCT": 0.0, "MUNGL1PCT": 5556.0, "AOEGL_HS": 5556.0, "AOEGL_NR": 0.0, "E911ADDR": "112 ADAMS ST", "SHAPE_Length": 0.0010833695024664327, "SHAPE_Area": 7.331056840519118e-08}, "geometry": {"type": "MultiPolygon", "coordinates": [[[[-73.20914935699994, 44.47233707000004], [-73.20939512999996, 44.47232907600005], [-73.20941102299997, 44.47260346100006], [-73.20916324999996, 44.47260851500005], [-73.20914243599998, 44.472608785000034], [-73.20912697699998, 44.47233763100007], [-73.20914935699994, 44.47233707000004]]]]}}, {"type": "Feature", "properties": {"OBJECTID": 277159, "SPAN": "114-035-17652", "GLIST_SPAN": "114-035-17652", "MAPID": "049-4-123-000", "PARCID": "049-4-123.000", "PROPTYPE": "PARCEL", "YEAR": 2018, "GLYEAR": 2022, "TOWN": "BURLINGTON", "TNAME": "Burlington", "SOURCENAME": null, "SOURCETYPE": "UNKNOWN", "SOURCEDATE": "UNKNOWN", "EDITMETHOD": "UNKNOWN", "EDITOR": "UNKNOWN", "EDITDATE": "UNKNOWN", "MATCHSTAT": "MATCH", "EDITNOTE": "UNKNOWN", "OWNER1": "MAXWELL PROPERTIES LLC", "OWNER2": "", "ADDRGL1": "63 SYLVAN RIDGE", "ADDRGL2": "", "CITYGL": "RICHMOND", "STGL": "VT", "ZIPGL": "05477", "DESCPROP": "3-family house", "LOCAPROP": "N", "CAT": "Residential-1", "RESCODE": "NS", "ACRESGL": 0.15, "REAL_FLV": 994600, "HSTED_FLV": 0, "NRES_FLV": 994600, "LAND_LV": 219100, "IMPRV_LV": 775500, "EQUIPVAL": 0, "EQUIPCODE": "", "INVENVAL": 0, "HSDECL": "N", "HSITEVAL": 994600, "VETEXAMT": 0, "EXPDESC": "", "ENDDATE": "", "STATUTE": "", "EXAMT_HS": 0, "EXAMT_NR": 0, "UVREDUC_HS": 0, "UVREDUC_NR": 0, "GLVAL_HS": 0.0, "GLVAL_NR": 9946.0, "CRHOUSPCT": 0.0, "MUNGL1PCT": 9946.0, "AOEGL_HS": 0.0, "AOEGL_NR": 9946.0, "E911ADDR": "222 SOUTH WINOOSKI AV", "SHAPE_Length": 0.0010840133536743693, "SHAPE_Area": 6.967403999379896e-08}, "geometry": {"type": "MultiPolygon", "coordinates": [[[[-73.21027668399995, 44.47351068300003], [-73.21060531199998, 44.47350062400005], [-73.21061744699995, 44.473594340000034], [-73.21062508799997, 44.473706083000025], [-73.21028232099997, 44.473716370000034], [-73.21027692999996, 44.473595755000076], [-73.21027668399995, 44.47351068300003]]]]}}, {"type": "Feature", "properties": {"OBJECTID": 277160, "SPAN": "114-035-17653", "GLIST_SPAN": "114-035-17653", "MAPID": "049-4-124-000", "PARCID": "049-4-124.000", "PROPTYPE": "PARCEL", "YEAR": 2018, "GLYEAR": 2022, "TOWN": "BURLINGTON", "TNAME": "Burlington", "SOURCENAME": null, "SOURCETYPE": "UNKNOWN", "SOURCEDATE": "UNKNOWN", "EDITMETHOD": "UNKNOWN", "EDITOR": "UNKNOWN", "EDITDATE": "UNKNOWN", "MATCHSTAT": "MATCH", "EDITNOTE": "UNKNOWN", "OWNER1": "230 SOUTH WINOOSKI AVENUE LLC", "OWNER2": "", "ADDRGL1": "22 DISCOVERY ROAD", "ADDRGL2": "", "CITYGL": "ESSEX JUNCTION", "STGL": "VT", "ZIPGL": "05452", "DESCPROP": "7 APT UNITS TOTAL", "LOCAPROP": "N", "CAT": "Commercial Apt", "RESCODE": "C", "ACRESGL": 0.24, "REAL_FLV": 847500, "HSTED_FLV": 0, "NRES_FLV": 847500, "LAND_LV": 544400, "IMPRV_LV": 303100, "EQUIPVAL": 0, "EQUIPCODE": "", "INVENVAL": 0, "HSDECL": "N", "HSITEVAL": 0, "VETEXAMT": 0, "EXPDESC": "", "ENDDATE": "", "STATUTE": "", "EXAMT_HS": 0, "EXAMT_NR": 0, "UVREDUC_HS": 0, "UVREDUC_NR": 0, "GLVAL_HS": 0.0, "GLVAL_NR": 8475.0, "CRHOUSPCT": 0.0, "MUNGL1PCT": 8475.0, "AOEGL_HS": 0.0, "AOEGL_NR": 8475.0, "E911ADDR": "230 SOUTH WINOOSKI AV", "SHAPE_Length": 0.0016496131616338815, "SHAPE_Area": 9.987419271010313e-08}, "geometry": {"type": "MultiPolygon", "coordinates": [[[[-73.20999320599998, 44.47351919500005], [-73.20998473499998, 44.473306354000044], [-73.21011191299993, 44.473299799000074], [-73.21011664199995, 44.47336585900007], [-73.21059681399998, 44.473350638000056], [-73.21059733699997, 44.47336132200007], [-73.21060531199998, 44.47350062400005], [-73.21027668399995, 44.47351068300003], [-73.21001519299995, 44.473518496000054], [-73.20999320599998, 44.47351919500005]]]]}}, {"type": "Feature", "properties": {"OBJECTID": 277161, "SPAN": "114-035-17654", "GLIST_SPAN": "114-035-17654", "MAPID": "049-4-125-000", "PARCID": "049-4-125.000", "PROPTYPE": "PARCEL", "YEAR": 2018, "GLYEAR": 2022, "TOWN": "BURLINGTON", "TNAME": "Burlington", "SOURCENAME": null, "SOURCETYPE": "UNKNOWN", "SOURCEDATE": "UNKNOWN", "EDITMETHOD": "UNKNOWN", "EDITOR": "UNKNOWN", "EDITDATE": "UNKNOWN", "MATCHSTAT": "MATCH", "EDITNOTE": "UNKNOWN", "OWNER1": "236 SOUTH WINOOSKI AVE LLC", "OWNER2": "", "ADDRGL1": "22 DISCOVERY ROAD", "ADDRGL2": "", "CITYGL": "ESSEX JUNCTION", "STGL": "VT", "ZIPGL": "05452", "DESCPROP": "", "LOCAPROP": "N", "CAT": "Residential-1", "RESCODE": "S", "ACRESGL": 0.22, "REAL_FLV": 421000, "HSTED_FLV": 0, "NRES_FLV": 421000, "LAND_LV": 230900, "IMPRV_LV": 190100, "EQUIPVAL": 0, "EQUIPCODE": "", "INVENVAL": 0, "HSDECL": "N", "HSITEVAL": 421000, "VETEXAMT": 0, "EXPDESC": "", "ENDDATE": "", "STATUTE": "", "EXAMT_HS": 0, "EXAMT_NR": 0, "UVREDUC_HS": 0, "UVREDUC_NR": 0, "GLVAL_HS": 0.0, "GLVAL_NR": 4210.0, "CRHOUSPCT": 0.0, "MUNGL1PCT": 4210.0, "AOEGL_HS": 0.0, "AOEGL_NR": 4210.0, "E911ADDR": "236 SOUTH WINOOSKI AV", "SHAPE_Length": 0.0015776468806278756, "SHAPE_Area": 1.0105309210997254e-07}, "geometry": {"type": "MultiPolygon", "coordinates": [[[[-73.21011664199995, 44.47336585900007], [-73.21011191299993, 44.473299799000074], [-73.20998473499998, 44.473306354000044], [-73.20997942499997, 44.473192347000065], [-73.21058675699999, 44.47316916500006], [-73.21059586299998, 44.473337005000076], [-73.21059681399998, 44.473350638000056], [-73.21011664199995, 44.47336585900007]]]]}}, {"type": "Feature", "properties": {"OBJECTID": 277162, "SPAN": "114-035-17655", "GLIST_SPAN": "114-035-17655", "MAPID": "049-4-126-000", "PARCID": "049-4-126.000", "PROPTYPE": "PARCEL", "YEAR": 2018, "GLYEAR": 2022, "TOWN": "BURLINGTON", "TNAME": "Burlington", "SOURCENAME": null, "SOURCETYPE": "UNKNOWN", "SOURCEDATE": "UNKNOWN", "EDITMETHOD": "UNKNOWN", "EDITOR": "UNKNOWN", "EDITDATE": "UNKNOWN", "MATCHSTAT": "MATCH", "EDITNOTE": "UNKNOWN", "OWNER1": "DIAMOND APARTMENTS LLC", "OWNER2": "SLEEPER ANDREA", "ADDRGL1": "348 FLYNN AVE", "ADDRGL2": "", "CITYGL": "BURLINGTON", "STGL": "VT", "ZIPGL": "05401", "DESCPROP": "11 APT UNITS", "LOCAPROP": "N", "CAT": "Commercial Apt", "RESCODE": "S", "ACRESGL": 0.55, "REAL_FLV": 2258800, "HSTED_FLV": 0, "NRES_FLV": 2258800, "LAND_LV": 232400, "IMPRV_LV": 2026400, "EQUIPVAL": 0, "EQUIPCODE": "", "INVENVAL": 0, "HSDECL": "N", "HSITEVAL": 0, "VETEXAMT": 0, "EXPDESC": "", "ENDDATE": "", "STATUTE": "", "EXAMT_HS": 0, "EXAMT_NR": 0, "UVREDUC_HS": 0, "UVREDUC_NR": 0, "GLVAL_HS": 0.0, "GLVAL_NR": 22588.0, "CRHOUSPCT": 0.0, "MUNGL1PCT": 22588.0, "AOEGL_HS": 0.0, "AOEGL_NR": 22588.0, "E911ADDR": "242 SOUTH WINOOSKI AV", "SHAPE_Length": 0.002576738154971012, "SHAPE_Area": 2.657482934321377e-07}, "geometry": {"type": "MultiPolygon", "coordinates": [[[[-73.20997942499997, 44.473192347000065], [-73.20997730699997, 44.47314722200008], [-73.20973468599993, 44.47315632300007], [-73.20973075799998, 44.47315634800003], [-73.20972900999993, 44.47314173400008], [-73.20971020799993, 44.47295145700008], [-73.21020810199997, 44.472940347000076], [-73.21019645299998, 44.472757055000045], [-73.21056238299997, 44.47274648200005], [-73.21057336899997, 44.47293700100005], [-73.21058675699999, 44.47316916500006], [-73.20997942499997, 44.473192347000065]]]]}}, {"type": "Feature", "properties": {"OBJECTID": 277163, "SPAN": "114-035-17656", "GLIST_SPAN": "114-035-17656", "MAPID": "049-4-127-000", "PARCID": "049-4-127.000", "PROPTYPE": "PARCEL", "YEAR": 2018, "GLYEAR": 2022, "TOWN": "BURLINGTON", "TNAME": "Burlington", "SOURCENAME": null, "SOURCETYPE": "UNKNOWN", "SOURCEDATE": "UNKNOWN", "EDITMETHOD": "UNKNOWN", "EDITOR": "UNKNOWN", "EDITDATE": "UNKNOWN", "MATCHSTAT": "MATCH", "EDITNOTE": "UNKNOWN", "OWNER1": "ALLEN FREEMAN C.", "OWNER2": "ALLEN MARIA D.", "ADDRGL1": "PO BOX 35", "ADDRGL2": "", "CITYGL": "RIPTON", "STGL": "VT", "ZIPGL": "05766", "DESCPROP": "", "LOCAPROP": "N", "CAT": "Residential-1", "RESCODE": "T", "ACRESGL": 0.07, "REAL_FLV": 497600, "HSTED_FLV": 0, "NRES_FLV": 497600, "LAND_LV": 140600, "IMPRV_LV": 357000, "EQUIPVAL": 0, "EQUIPCODE": "", "INVENVAL": 0, "HSDECL": "N", "HSITEVAL": 497600, "VETEXAMT": 0, "EXPDESC": "", "ENDDATE": "", "STATUTE": "", "EXAMT_HS": 0, "EXAMT_NR": 0, "UVREDUC_HS": 0, "UVREDUC_NR": 0, "GLVAL_HS": 0.0, "GLVAL_NR": 4976.0, "CRHOUSPCT": 0.0, "MUNGL1PCT": 4976.0, "AOEGL_HS": 0.0, "AOEGL_NR": 4976.0, "E911ADDR": "256 SOUTH WINOOSKI AV", "SHAPE_Length": 0.0009294442001296915, "SHAPE_Area": 3.6048649598962777e-08}, "geometry": {"type": "MultiPolygon", "coordinates": [[[[-73.21030598499993, 44.47265583300003], [-73.21055685599998, 44.472647101000064], [-73.21056238299997, 44.47274648200005], [-73.21019645299998, 44.472757055000045], [-73.21019056199998, 44.47265992500007], [-73.21030598499993, 44.47265583300003]]]]}}, {"type": "Feature", "properties": {"OBJECTID": 277164, "SPAN": "114-035-17657", "GLIST_SPAN": "114-035-17657", "MAPID": "049-4-128-000", "PARCID": "049-4-128.000", "PROPTYPE": "PARCEL", "YEAR": 2018, "GLYEAR": 2022, "TOWN": "BURLINGTON", "TNAME": "Burlington", "SOURCENAME": null, "SOURCETYPE": "UNKNOWN", "SOURCEDATE": "UNKNOWN", "EDITMETHOD": "UNKNOWN", "EDITOR": "UNKNOWN", "EDITDATE": "UNKNOWN", "MATCHSTAT": "MATCH", "EDITNOTE": "UNKNOWN", "OWNER1": "RUBINCHUK MICHAEL", "OWNER2": "", "ADDRGL1": "138 FOSTER STREET", "ADDRGL2": "", "CITYGL": "Burlington", "STGL": "VT", "ZIPGL": "05401", "DESCPROP": "26 HT=10% FA", "LOCAPROP": "N", "CAT": "Residential-1", "RESCODE": "T", "ACRESGL": 0.07, "REAL_FLV": 527900, "HSTED_FLV": 0, "NRES_FLV": 527900, "LAND_LV": 175800, "IMPRV_LV": 352100, "EQUIPVAL": 0, "EQUIPCODE": "", "INVENVAL": 0, "HSDECL": "N", "HSITEVAL": 527900, "VETEXAMT": 0, "EXPDESC": "", "ENDDATE": "", "STATUTE": "", "EXAMT_HS": 0, "EXAMT_NR": 0, "UVREDUC_HS": 0, "UVREDUC_NR": 0, "GLVAL_HS": 0.0, "GLVAL_NR": 5279.0, "CRHOUSPCT": 0.0, "MUNGL1PCT": 5279.0, "AOEGL_HS": 0.0, "AOEGL_NR": 5279.0, "E911ADDR": "262 SOUTH WINOOSKI AV", "SHAPE_Length": 0.0007768018756308986, "SHAPE_Area": 3.4571096370975155e-08}, "geometry": {"type": "MultiPolygon", "coordinates": [[[[-73.21029804299997, 44.47251920300005], [-73.21054929999997, 44.47250990600003], [-73.21055536199998, 44.47262109600007], [-73.21055685599998, 44.472647101000064], [-73.21030598499993, 44.47265583300003], [-73.21030252199995, 44.472629418000054], [-73.21029804299997, 44.47251920300005]]]]}}, {"type": "Feature", "properties": {"OBJECTID": 277165, "SPAN": "114-035-17658", "GLIST_SPAN": "114-035-17658", "MAPID": "049-4-129-000", "PARCID": "049-4-129.000", "PROPTYPE": "PARCEL", "YEAR": 2018, "GLYEAR": 2022, "TOWN": "BURLINGTON", "TNAME": "Burlington", "SOURCENAME": null, "SOURCETYPE": "UNKNOWN", "SOURCEDATE": "UNKNOWN", "EDITMETHOD": "UNKNOWN", "EDITOR": "UNKNOWN", "EDITDATE": "UNKNOWN", "MATCHSTAT": "MATCH", "EDITNOTE": "UNKNOWN", "OWNER1": "FIELD STONE PROPERTY MANAGEMENT LLC", "OWNER2": "", "ADDRGL1": "2056 NORTH AVE", "ADDRGL2": "", "CITYGL": "BURLINGTON", "STGL": "VT", "ZIPGL": "05408", "DESCPROP": "2 UNITS", "LOCAPROP": "", "CAT": "Residential-1", "RESCODE": "C", "ACRESGL": 0.15, "REAL_FLV": 531800, "HSTED_FLV": 0, "NRES_FLV": 531800, "LAND_LV": 155200, "IMPRV_LV": 376600, "EQUIPVAL": 0, "EQUIPCODE": "", "INVENVAL": 0, "HSDECL": "N", "HSITEVAL": 531800, "VETEXAMT": 0, "EXPDESC": "", "ENDDATE": "", "STATUTE": "", "EXAMT_HS": 0, "EXAMT_NR": 0, "UVREDUC_HS": 0, "UVREDUC_NR": 0, "GLVAL_HS": 0.0, "GLVAL_NR": 5318.0, "CRHOUSPCT": 0.0, "MUNGL1PCT": 5318.0, "AOEGL_HS": 0.0, "AOEGL_NR": 5318.0, "E911ADDR": "272 SOUTH WINOOSKI AV", "SHAPE_Length": 0.0010813636192141508, "SHAPE_Area": 6.811502150851478e-08}, "geometry": {"type": "MultiPolygon", "coordinates": [[[[-73.21017681099994, 44.471947225000065], [-73.21051562799994, 44.471935977000044], [-73.21052669299996, 44.472135725000044], [-73.21018433899997, 44.47214685400007], [-73.21017681099994, 44.471947225000065]]]]}}, {"type": "Feature", "properties": {"OBJECTID": 277185, "SPAN": "114-035-17688", "GLIST_SPAN": "114-035-17688", "MAPID": "049-4-145-000", "PARCID": "049-4-145.000", "PROPTYPE": "PARCEL", "YEAR": 2018, "GLYEAR": 2022, "TOWN": "BURLINGTON", "TNAME": "Burlington", "SOURCENAME": null, "SOURCETYPE": "UNKNOWN", "SOURCEDATE": "UNKNOWN", "EDITMETHOD": "UNKNOWN", "EDITOR": "UNKNOWN", "EDITDATE": "UNKNOWN", "MATCHSTAT": "MATCH", "EDITNOTE": "UNKNOWN", "OWNER1": "HAMILTON DOUGLAS", "OWNER2": "LIDSKY SHAWNA", "ADDRGL1": "273 O'BRIEN DRIVE", "ADDRGL2": "", "CITYGL": "SHELBURNE", "STGL": "VT", "ZIPGL": "05482", "DESCPROP": "UPSTAIRS APT-EFF NO PRIVATE ENTRY", "LOCAPROP": "N", "CAT": "Residential-1", "RESCODE": "T", "ACRESGL": 0.15, "REAL_FLV": 742600, "HSTED_FLV": 0, "NRES_FLV": 742600, "LAND_LV": 219700, "IMPRV_LV": 522900, "EQUIPVAL": 0, "EQUIPCODE": "", "INVENVAL": 0, "HSDECL": "N", "HSITEVAL": 742600, "VETEXAMT": 0, "EXPDESC": "", "ENDDATE": "", "STATUTE": "", "EXAMT_HS": 0, "EXAMT_NR": 0, "UVREDUC_HS": 0, "UVREDUC_NR": 0, "GLVAL_HS": 0.0, "GLVAL_NR": 7426.0, "CRHOUSPCT": 0.0, "MUNGL1PCT": 7426.0, "AOEGL_HS": 0.0, "AOEGL_NR": 7426.0, "E911ADDR": "227 SOUTH WINOOSKI AV", "SHAPE_Length": 0.00123027117379624, "SHAPE_Area": 7.180878505288193e-08}, "geometry": {"type": "MultiPolygon", "coordinates": [[[[-73.21081348899997, 44.47330710500006], [-73.21126887399998, 44.47328838100003], [-73.21128252199998, 44.47344184900004], [-73.21082209699995, 44.47346623000004], [-73.21081348899997, 44.47330710500006]]]]}}, {"type": "Feature", "properties": {"OBJECTID": 277186, "SPAN": "114-035-17689", "GLIST_SPAN": "114-035-17689", "MAPID": "049-4-146-000", "PARCID": "049-4-146.000", "PROPTYPE": "PARCEL", "YEAR": 2018, "GLYEAR": 2022, "TOWN": "BURLINGTON", "TNAME": "Burlington", "SOURCENAME": null, "SOURCETYPE": "UNKNOWN", "SOURCEDATE": "UNKNOWN", "EDITMETHOD": "UNKNOWN", "EDITOR": "UNKNOWN", "EDITDATE": "UNKNOWN", "MATCHSTAT": "MATCH", "EDITNOTE": "UNKNOWN", "OWNER1": "WOLF ALEXANA", "OWNER2": "", "ADDRGL1": "235 SOUTH WINOOSKI AVENUE", "ADDRGL2": "", "CITYGL": "BURLINGTON", "STGL": "VT", "ZIPGL": "05401", "DESCPROP": "", "LOCAPROP": "N", "CAT": "Residential-1", "RESCODE": "T", "ACRESGL": 0.15, "REAL_FLV": 581200, "HSTED_FLV": 368350, "NRES_FLV": 212850, "LAND_LV": 155500, "IMPRV_LV": 425700, "EQUIPVAL": 0, "EQUIPCODE": "", "INVENVAL": 0, "HSDECL": "Y", "HSITEVAL": 368350, "VETEXAMT": 0, "EXPDESC": "", "ENDDATE": "", "STATUTE": "", "EXAMT_HS": 0, "EXAMT_NR": 0, "UVREDUC_HS": 0, "UVREDUC_NR": 0, "GLVAL_HS": 3684.0, "GLVAL_NR": 2128.5, "CRHOUSPCT": 0.0, "MUNGL1PCT": 5812.0, "AOEGL_HS": 3684.0, "AOEGL_NR": 2128.5, "E911ADDR": "235 SOUTH WINOOSKI AV", "SHAPE_Length": 0.0012127159500327836, "SHAPE_Area": 6.968578202433715e-08}, "geometry": {"type": "MultiPolygon", "coordinates": [[[[-73.21080575899998, 44.473155709000025], [-73.21125362399994, 44.47313225000005], [-73.21126887399998, 44.47328838100003], [-73.21081348899997, 44.47330710500006], [-73.21080575899998, 44.473155709000025]]]]}}, {"type": "Feature", "properties": {"OBJECTID": 277187, "SPAN": "114-035-17690", "GLIST_SPAN": "114-035-17690", "MAPID": "049-4-147-000", "PARCID": "049-4-147.000", "PROPTYPE": "PARCEL", "YEAR": 2018, "GLYEAR": 2022, "TOWN": "BURLINGTON", "TNAME": "Burlington", "SOURCENAME": null, "SOURCETYPE": "UNKNOWN", "SOURCEDATE": "UNKNOWN", "EDITMETHOD": "UNKNOWN", "EDITOR": "UNKNOWN", "EDITDATE": "UNKNOWN", "MATCHSTAT": "MATCH", "EDITNOTE": "UNKNOWN", "OWNER1": "COLE JOHN", "OWNER2": "COLE JOHN", "ADDRGL1": "24 SHORE ACRES DRIVE", "ADDRGL2": "", "CITYGL": "BURLINGTON", "STGL": "VT", "ZIPGL": "05446", "DESCPROP": "LAND SIZE FROM DEED & GIS 1/20/94", "LOCAPROP": "N", "CAT": "Residential-1", "RESCODE": "T", "ACRESGL": 0.24, "REAL_FLV": 860600, "HSTED_FLV": 0, "NRES_FLV": 860600, "LAND_LV": 234000, "IMPRV_LV": 626600, "EQUIPVAL": 0, "EQUIPCODE": "", "INVENVAL": 0, "HSDECL": "N", "HSITEVAL": 860600, "VETEXAMT": 0, "EXPDESC": "", "ENDDATE": "", "STATUTE": "", "EXAMT_HS": 0, "EXAMT_NR": 0, "UVREDUC_HS": 0, "UVREDUC_NR": 0, "GLVAL_HS": 0.0, "GLVAL_NR": 8606.0, "CRHOUSPCT": 0.0, "MUNGL1PCT": 8606.0, "AOEGL_HS": 0.0, "AOEGL_NR": 8606.0, "E911ADDR": "241 SOUTH WINOOSKI AV", "SHAPE_Length": 0.001471948155829616, "SHAPE_Area": 1.1030815097307014e-07}, "geometry": {"type": "MultiPolygon", "coordinates": [[[[-73.21079416299995, 44.47294457600003], [-73.21131232599998, 44.472920679000026], [-73.21132758599998, 44.47304531100008], [-73.21133762899996, 44.47312835200006], [-73.21125362399994, 44.47313225000005], [-73.21080575899998, 44.473155709000025], [-73.21079416299995, 44.47294457600003]]]]}}, {"type": "Feature", "properties": {"OBJECTID": 277188, "SPAN": "114-035-17691", "GLIST_SPAN": "114-035-17691", "MAPID": "049-4-148-000", "PARCID": "049-4-148.000", "PROPTYPE": "PARCEL", "YEAR": 2018, "GLYEAR": 2022, "TOWN": "BURLINGTON", "TNAME": "Burlington", "SOURCENAME": null, "SOURCETYPE": "UNKNOWN", "SOURCEDATE": "UNKNOWN", "EDITMETHOD": "UNKNOWN", "EDITOR": "UNKNOWN", "EDITDATE": "UNKNOWN", "MATCHSTAT": "MATCH", "EDITNOTE": "UNKNOWN", "OWNER1": "THIBAULT GISELE REV TRUST", "OWNER2": "", "ADDRGL1": "95 RIVERMOUNT TERRACE", "ADDRGL2": "", "CITYGL": "BURLINGTON", "STGL": "VT", "ZIPGL": "05408", "DESCPROP": "7 APT UNITS", "LOCAPROP": "N", "CAT": "Commercial Apt", "RESCODE": "T", "ACRESGL": 0.23, "REAL_FLV": 1028000, "HSTED_FLV": 0, "NRES_FLV": 1028000, "LAND_LV": 557900, "IMPRV_LV": 470100, "EQUIPVAL": 0, "EQUIPCODE": "", "INVENVAL": 0, "HSDECL": "N", "HSITEVAL": 0, "VETEXAMT": 0, "EXPDESC": "", "ENDDATE": "", "STATUTE": "", "EXAMT_HS": 0, "EXAMT_NR": 0, "UVREDUC_HS": 0, "UVREDUC_NR": 0, "GLVAL_HS": 0.0, "GLVAL_NR": 10280.0, "CRHOUSPCT": 0.0, "MUNGL1PCT": 10280.0, "AOEGL_HS": 0.0, "AOEGL_NR": 10280.0, "E911ADDR": "247 SOUTH WINOOSKI AV", "SHAPE_Length": 0.0014285381532990573, "SHAPE_Area": 1.0357844566242937e-07}, "geometry": {"type": "MultiPolygon", "coordinates": [[[[-73.21078386899995, 44.472743698000045], [-73.21128747299997, 44.472717783000064], [-73.21131232599998, 44.472920679000026], [-73.21079416299995, 44.47294457600003], [-73.21079299499996, 44.472921788000065], [-73.21078386899995, 44.472743698000045]]]]}}, {"type": "Feature", "properties": {"OBJECTID": 277189, "SPAN": "114-035-17692", "GLIST_SPAN": "114-035-17692", "MAPID": "049-4-149-000", "PARCID": "049-4-149.000", "PROPTYPE": "PARCEL", "YEAR": 2018, "GLYEAR": 2022, "TOWN": "BURLINGTON", "TNAME": "Burlington", "SOURCENAME": null, "SOURCETYPE": "UNKNOWN", "SOURCEDATE": "UNKNOWN", "EDITMETHOD": "UNKNOWN", "EDITOR": "UNKNOWN", "EDITDATE": "UNKNOWN", "MATCHSTAT": "MATCH", "EDITNOTE": "UNKNOWN", "OWNER1": "HILL JUDITH T", "OWNER2": "", "ADDRGL1": "3175 SPEAR STREET", "ADDRGL2": "", "CITYGL": "CHARLOTTE", "STGL": "VT", "ZIPGL": "05445", "DESCPROP": "", "LOCAPROP": "N", "CAT": "Residential-1", "RESCODE": "S", "ACRESGL": 0.07, "REAL_FLV": 276900, "HSTED_FLV": 0, "NRES_FLV": 276900, "LAND_LV": 138700, "IMPRV_LV": 138200, "EQUIPVAL": 0, "EQUIPCODE": "", "INVENVAL": 0, "HSDECL": "N", "HSITEVAL": 276900, "VETEXAMT": 0, "EXPDESC": "", "ENDDATE": "", "STATUTE": "", "EXAMT_HS": 0, "EXAMT_NR": 0, "UVREDUC_HS": 0, "UVREDUC_NR": 0, "GLVAL_HS": 0.0, "GLVAL_NR": 2769.0, "CRHOUSPCT": 0.0, "MUNGL1PCT": 2769.0, "AOEGL_HS": 0.0, "AOEGL_NR": 2769.0, "E911ADDR": "253 SOUTH WINOOSKI AV", "SHAPE_Length": 0.0011297951644363834, "SHAPE_Area": 2.9777724647032357e-08}, "geometry": {"type": "MultiPolygon", "coordinates": [[[[-73.21078032899999, 44.47267861500006], [-73.21112660299997, 44.472666616000026], [-73.21112826199999, 44.472673917000066], [-73.21128133399998, 44.47266509000008], [-73.21128747299997, 44.472717783000064], [-73.21078386899995, 44.472743698000045], [-73.21078087599994, 44.47269126600003], [-73.21078032899999, 44.47267861500006]]]]}}, {"type": "Feature", "properties": {"OBJECTID": 277190, "SPAN": "114-035-17693", "GLIST_SPAN": "114-035-17693", "MAPID": "049-4-150-000", "PARCID": "049-4-150.000", "PROPTYPE": "PARCEL", "YEAR": 2018, "GLYEAR": 2022, "TOWN": "BURLINGTON", "TNAME": "Burlington", "SOURCENAME": null, "SOURCETYPE": "UNKNOWN", "SOURCEDATE": "UNKNOWN", "EDITMETHOD": "UNKNOWN", "EDITOR": "UNKNOWN", "EDITDATE": "UNKNOWN", "MATCHSTAT": "MATCH", "EDITNOTE": "UNKNOWN", "OWNER1": "KOUTRAS JOHN G", "OWNER2": "KOUTRAS ANYA S", "ADDRGL1": "71 ELK LANE", "ADDRGL2": "", "CITYGL": "WILLISTON", "STGL": "VT", "ZIPGL": "05495", "DESCPROP": "", "LOCAPROP": "N", "CAT": "Residential-1", "RESCODE": "S", "ACRESGL": 0.1, "REAL_FLV": 469400, "HSTED_FLV": 0, "NRES_FLV": 469400, "LAND_LV": 146000, "IMPRV_LV": 323400, "EQUIPVAL": 0, "EQUIPCODE": "", "INVENVAL": 0, "HSDECL": "N", "HSITEVAL": 469400, "VETEXAMT": 0, "EXPDESC": "", "ENDDATE": "", "STATUTE": "", "EXAMT_HS": 0, "EXAMT_NR": 0, "UVREDUC_HS": 0, "UVREDUC_NR": 0, "GLVAL_HS": 0.0, "GLVAL_NR": 4694.0, "CRHOUSPCT": 0.0, "MUNGL1PCT": 4694.0, "AOEGL_HS": 0.0, "AOEGL_NR": 4694.0, "E911ADDR": "255 SOUTH WINOOSKI AV", "SHAPE_Length": 0.0011897770898402404, "SHAPE_Area": 4.670729180160719e-08}, "geometry": {"type": "MultiPolygon", "coordinates": [[[[-73.21078032899999, 44.47267861500006], [-73.21077978799997, 44.472666384000036], [-73.21077572799999, 44.472590757000035], [-73.21102223099996, 44.47257811500003], [-73.21126872899998, 44.472565049000025], [-73.21128133399998, 44.47266509000008], [-73.21112826199999, 44.472673917000066], [-73.21112660299997, 44.472666616000026], [-73.21078032899999, 44.47267861500006]]]]}}, {"type": "Feature", "properties": {"OBJECTID": 277191, "SPAN": "114-035-17694", "GLIST_SPAN": "114-035-17694", "MAPID": "049-4-151-000", "PARCID": "049-4-151.000", "PROPTYPE": "PARCEL", "YEAR": 2018, "GLYEAR": 2022, "TOWN": "BURLINGTON", "TNAME": "Burlington", "SOURCENAME": null, "SOURCETYPE": "UNKNOWN", "SOURCEDATE": "UNKNOWN", "EDITMETHOD": "UNKNOWN", "EDITOR": "UNKNOWN", "EDITDATE": "UNKNOWN", "MATCHSTAT": "MATCH", "EDITNOTE": "UNKNOWN", "OWNER1": "FIELD STONE PROPERTY MANAGEMENT LLC", "OWNER2": "", "ADDRGL1": "2056 NORTH AVE", "ADDRGL2": "", "CITYGL": "BURLINGTON", "STGL": "VT", "ZIPGL": "05408", "DESCPROP": "2 UNIT", "LOCAPROP": "", "CAT": "Residential-1", "RESCODE": "S", "ACRESGL": 0.07, "REAL_FLV": 499200, "HSTED_FLV": 0, "NRES_FLV": 499200, "LAND_LV": 140400, "IMPRV_LV": 358800, "EQUIPVAL": 0, "EQUIPCODE": "", "INVENVAL": 0, "HSDECL": "N", "HSITEVAL": 499200, "VETEXAMT": 0, "EXPDESC": "", "ENDDATE": "", "STATUTE": "", "EXAMT_HS": 0, "EXAMT_NR": 0, "UVREDUC_HS": 0, "UVREDUC_NR": 0, "GLVAL_HS": 0.0, "GLVAL_NR": 4992.0, "CRHOUSPCT": 0.0, "MUNGL1PCT": 4992.0, "AOEGL_HS": 0.0, "AOEGL_NR": 4992.0, "E911ADDR": "261 SOUTH WINOOSKI AV", "SHAPE_Length": 0.0007662554696814493, "SHAPE_Area": 3.372738747951493e-08}, "geometry": {"type": "MultiPolygon", "coordinates": [[[[-73.21076817299996, 44.47245370400003], [-73.21101310899996, 44.47244149200003], [-73.21102223099996, 44.47257811500003], [-73.21077572799999, 44.472590757000035], [-73.21076817299996, 44.47245370400003]]]]}}, {"type": "Feature", "properties": {"OBJECTID": 277192, "SPAN": "114-035-17695", "GLIST_SPAN": "114-035-17695", "MAPID": "049-4-152-000", "PARCID": "049-4-152.000", "PROPTYPE": "PARCEL", "YEAR": 2018, "GLYEAR": 2022, "TOWN": "BURLINGTON", "TNAME": "Burlington", "SOURCENAME": null, "SOURCETYPE": "UNKNOWN", "SOURCEDATE": "UNKNOWN", "EDITMETHOD": "UNKNOWN", "EDITOR": "UNKNOWN", "EDITDATE": "UNKNOWN", "MATCHSTAT": "MATCH", "EDITNOTE": "UNKNOWN", "OWNER1": "LECLAIR-LIFE ESTATE JACQUELINE", "OWNER2": "LECLAIR PAUL", "ADDRGL1": "275 SOUTH WINOOSKI AVENUE", "ADDRGL2": "", "CITYGL": "BURLINGTON", "STGL": "VT", "ZIPGL": "05401", "DESCPROP": "2-FAMILY HOUSE", "LOCAPROP": "", "CAT": "Residential-1", "RESCODE": "T", "ACRESGL": 0.23, "REAL_FLV": 706700, "HSTED_FLV": 642524, "NRES_FLV": 64176, "LAND_LV": 171900, "IMPRV_LV": 534800, "EQUIPVAL": 0, "EQUIPCODE": "", "INVENVAL": 0, "HSDECL": "Y", "HSITEVAL": 642524, "VETEXAMT": 0, "EXPDESC": "", "ENDDATE": "", "STATUTE": "", "EXAMT_HS": 0, "EXAMT_NR": 0, "UVREDUC_HS": 0, "UVREDUC_NR": 0, "GLVAL_HS": 6425.0, "GLVAL_NR": 641.76, "CRHOUSPCT": 0.0, "MUNGL1PCT": 7067.0, "AOEGL_HS": 6425.0, "AOEGL_NR": 641.76, "E911ADDR": "275 SOUTH WINOOSKI AV", "SHAPE_Length": 0.0013224245815712699, "SHAPE_Area": 1.063024329986316e-07}, "geometry": {"type": "MultiPolygon", "coordinates": [[[[-73.21072944599996, 44.471851823000065], [-73.21111027099994, 44.47180684600005], [-73.21112857199995, 44.47208487200004], [-73.21074613899998, 44.47212690600003], [-73.21072944599996, 44.471851823000065]]]]}}, {"type": "Feature", "properties": {"OBJECTID": 277234, "SPAN": "114-035-17743", "GLIST_SPAN": "114-035-17743", "MAPID": "049-4-194-000", "PARCID": "049-4-194.000", "PROPTYPE": "PARCEL", "YEAR": 2018, "GLYEAR": 2022, "TOWN": "BURLINGTON", "TNAME": "Burlington", "SOURCENAME": null, "SOURCETYPE": "UNKNOWN", "SOURCEDATE": "UNKNOWN", "EDITMETHOD": "UNKNOWN", "EDITOR": "UNKNOWN", "EDITDATE": "UNKNOWN", "MATCHSTAT": "MATCH", "EDITNOTE": "UNKNOWN", "OWNER1": "MCNEIL JOSEPH E", "OWNER2": "MURRAY FRANCIS X", "ADDRGL1": "2 BEDFORD GREEN", "ADDRGL2": "", "CITYGL": "SOUTH BURLINGTON", "STGL": "VT", "ZIPGL": "05403", "DESCPROP": "OFFICE BUILDING & 1 RES.", "LOCAPROP": "N", "CAT": "Commercial", "RESCODE": "S", "ACRESGL": 0.18, "REAL_FLV": 1418800, "HSTED_FLV": 0, "NRES_FLV": 1418800, "LAND_LV": 360300, "IMPRV_LV": 1058500, "EQUIPVAL": 0, "EQUIPCODE": "", "INVENVAL": 0, "HSDECL": "N", "HSITEVAL": 0, "VETEXAMT": 0, "EXPDESC": "", "ENDDATE": "", "STATUTE": "", "EXAMT_HS": 0, "EXAMT_NR": 0, "UVREDUC_HS": 0, "UVREDUC_NR": 0, "GLVAL_HS": 0.0, "GLVAL_NR": 14188.0, "CRHOUSPCT": 0.0, "MUNGL1PCT": 14188.0, "AOEGL_HS": 0.0, "AOEGL_NR": 14188.0, "E911ADDR": "271 SOUTH UNION ST", "SHAPE_Length": 0.0011318877118913697, "SHAPE_Area": 7.988244914988306e-08}, "geometry": {"type": "MultiPolygon", "coordinates": [[[[-73.20883251699996, 44.472346911000045], [-73.20912697699998, 44.47233763100007], [-73.20914243599998, 44.472608785000034], [-73.20912240999996, 44.47260919100006], [-73.20884836599998, 44.47261792200004], [-73.20883251699996, 44.472346911000045]]]]}}, {"type": "Feature", "properties": {"OBJECTID": 277235, "SPAN": "114-035-17744", "GLIST_SPAN": "114-035-17744", "MAPID": "049-4-195-000", "PARCID": "049-4-195.000", "PROPTYPE": "PARCEL", "YEAR": 2018, "GLYEAR": 2022, "TOWN": "BURLINGTON", "TNAME": "Burlington", "SOURCENAME": null, "SOURCETYPE": "UNKNOWN", "SOURCEDATE": "UNKNOWN", "EDITMETHOD": "UNKNOWN", "EDITOR": "UNKNOWN", "EDITDATE": "UNKNOWN", "MATCHSTAT": "MATCH", "EDITNOTE": "UNKNOWN", "OWNER1": "MURRAY FRANCIS", "OWNER2": "MURRAY MARY ANNE", "ADDRGL1": "2 BEDFORD GREEN", "ADDRGL2": "", "CITYGL": "SOUTH BURLINGTON", "STGL": "VT", "ZIPGL": "05403", "DESCPROP": "", "LOCAPROP": "", "CAT": "Residential-1", "RESCODE": "S", "ACRESGL": 0.22, "REAL_FLV": 738300, "HSTED_FLV": 0, "NRES_FLV": 738300, "LAND_LV": 230600, "IMPRV_LV": 507700, "EQUIPVAL": 0, "EQUIPCODE": "", "INVENVAL": 0, "HSDECL": "N", "HSITEVAL": 738300, "VETEXAMT": 0, "EXPDESC": "", "ENDDATE": "", "STATUTE": "", "EXAMT_HS": 0, "EXAMT_NR": 0, "UVREDUC_HS": 0, "UVREDUC_NR": 0, "GLVAL_HS": 0.0, "GLVAL_NR": 7383.0, "CRHOUSPCT": 0.0, "MUNGL1PCT": 7383.0, "AOEGL_HS": 0.0, "AOEGL_NR": 7383.0, "E911ADDR": "257 SOUTH UNION ST", "SHAPE_Length": 0.0014853733089147479, "SHAPE_Area": 1.016659223266218e-07}, "geometry": {"type": "MultiPolygon", "coordinates": [[[[-73.20916324999996, 44.47260851500005], [-73.20941102299997, 44.47260346100006], [-73.20942103599998, 44.472781560000044], [-73.20924632099997, 44.472787004000054], [-73.20885880799995, 44.47279925300006], [-73.20885825399995, 44.47278589800004], [-73.20884836599998, 44.47261792200004], [-73.20912240999996, 44.47260919100006], [-73.20914243599998, 44.472608785000034], [-73.20916324999996, 44.47260851500005]]]]}}, {"type": "Feature", "properties": {"OBJECTID": 277236, "SPAN": "114-035-17745", "GLIST_SPAN": "114-035-17745", "MAPID": "049-4-196-000", "PARCID": "049-4-196.000", "PROPTYPE": "PARCEL", "YEAR": 2018, "GLYEAR": 2022, "TOWN": "BURLINGTON", "TNAME": "Burlington", "SOURCENAME": null, "SOURCETYPE": "UNKNOWN", "SOURCEDATE": "UNKNOWN", "EDITMETHOD": "UNKNOWN", "EDITOR": "UNKNOWN", "EDITDATE": "UNKNOWN", "MATCHSTAT": "MATCH", "EDITNOTE": "UNKNOWN", "OWNER1": "DAISY PROPERTIES LLC", "OWNER2": "", "ADDRGL1": "16 ORCHARD TER", "ADDRGL2": "", "CITYGL": "BURLINGTON", "STGL": "VT", "ZIPGL": "05401", "DESCPROP": "4/12/2005  DBA PIERSON WADHAMS QUINN YAT", "LOCAPROP": "N", "CAT": "Commercial", "RESCODE": "C", "ACRESGL": 0.91, "REAL_FLV": 1138300, "HSTED_FLV": 0, "NRES_FLV": 1138300, "LAND_LV": 865500, "IMPRV_LV": 272800, "EQUIPVAL": 0, "EQUIPCODE": "", "INVENVAL": 0, "HSDECL": "N", "HSITEVAL": 0, "VETEXAMT": 0, "EXPDESC": "", "ENDDATE": "", "STATUTE": "", "EXAMT_HS": 0, "EXAMT_NR": 0, "UVREDUC_HS": 0, "UVREDUC_NR": 0, "GLVAL_HS": 0.0, "GLVAL_NR": 11383.0, "CRHOUSPCT": 0.0, "MUNGL1PCT": 11383.0, "AOEGL_HS": 0.0, "AOEGL_NR": 11383.0, "E911ADDR": "251 SOUTH UNION ST", "SHAPE_Length": 0.0034440178614945846, "SHAPE_Area": 4.094856674626639e-07}, "geometry": {"type": "MultiPolygon", "coordinates": [[[[-73.21007905999994, 44.472760738000034], [-73.21019645299998, 44.472757055000045], [-73.21020810199997, 44.472940347000076], [-73.20971020799993, 44.47295145700008], [-73.20972900999993, 44.47314173400008], [-73.20949156899997, 44.47315699100005], [-73.20888072499997, 44.47318215700005], [-73.20887346699999, 44.47305473600005], [-73.20885977699999, 44.47281443400004], [-73.20885880799995, 44.47279925300006], [-73.20924632099997, 44.472787004000054], [-73.20942103599998, 44.472781560000044], [-73.20971314299999, 44.472772434000035], [-73.21007905999994, 44.472760738000034]]]]}}, {"type": "Feature", "properties": {"OBJECTID": 277237, "SPAN": "114-035-17746", "GLIST_SPAN": "114-035-17746", "MAPID": "049-4-197-000", "PARCID": "049-4-197.000", "PROPTYPE": "PARCEL", "YEAR": 2018, "GLYEAR": 2022, "TOWN": "BURLINGTON", "TNAME": "Burlington", "SOURCENAME": null, "SOURCETYPE": "UNKNOWN", "SOURCEDATE": "UNKNOWN", "EDITMETHOD": "UNKNOWN", "EDITOR": "UNKNOWN", "EDITDATE": "UNKNOWN", "MATCHSTAT": "MATCH", "EDITNOTE": "UNKNOWN", "OWNER1": "ROBERT P. MEIJERS LLC", "OWNER2": "", "ADDRGL1": "PO BOX 149", "ADDRGL2": "", "CITYGL": "BURLINGTON", "STGL": "VT", "ZIPGL": "05402", "DESCPROP": "+ 1 UNIT", "LOCAPROP": "", "CAT": "Commercial", "RESCODE": "S", "ACRESGL": 0.24, "REAL_FLV": 888500, "HSTED_FLV": 0, "NRES_FLV": 888500, "LAND_LV": 401500, "IMPRV_LV": 487000, "EQUIPVAL": 0, "EQUIPCODE": "", "INVENVAL": 0, "HSDECL": "N", "HSITEVAL": 0, "VETEXAMT": 0, "EXPDESC": "", "ENDDATE": "", "STATUTE": "", "EXAMT_HS": 0, "EXAMT_NR": 0, "UVREDUC_HS": 0, "UVREDUC_NR": 0, "GLVAL_HS": 0.0, "GLVAL_NR": 8885.0, "CRHOUSPCT": 0.0, "MUNGL1PCT": 8885.0, "AOEGL_HS": 0.0, "AOEGL_NR": 8885.0, "E911ADDR": "239 SOUTH UNION ST", "SHAPE_Length": 0.0015982596781513026, "SHAPE_Area": 1.1418249639002722e-07}, "geometry": {"type": "MultiPolygon", "coordinates": [[[[-73.20888072499997, 44.47318215700005], [-73.20949156899997, 44.47315699100005], [-73.20950523499994, 44.47334477000004], [-73.20889159699993, 44.47336643800003], [-73.20888072499997, 44.47318215700005]]]]}}, {"type": "Feature", "properties": {"OBJECTID": 277238, "SPAN": "114-035-17747", "GLIST_SPAN": "114-035-17747", "MAPID": "049-4-198-000", "PARCID": "049-4-198.000", "PROPTYPE": "PARCEL", "YEAR": 2018, "GLYEAR": 2022, "TOWN": "BURLINGTON", "TNAME": "Burlington", "SOURCENAME": null, "SOURCETYPE": "UNKNOWN", "SOURCEDATE": "UNKNOWN", "EDITMETHOD": "UNKNOWN", "EDITOR": "UNKNOWN", "EDITDATE": "UNKNOWN", "MATCHSTAT": "MATCH", "EDITNOTE": "UNKNOWN", "OWNER1": "MAPLE UNION LLC", "OWNER2": "", "ADDRGL1": "138 SPRUCE ST", "ADDRGL2": "", "CITYGL": "BURLINGTON", "STGL": "VT", "ZIPGL": "05401", "DESCPROP": "3/15/2005 DST HAS NO ELECTRIC NO HT AND", "LOCAPROP": "N", "CAT": "Commercial", "RESCODE": "C", "ACRESGL": 0.53, "REAL_FLV": 690300, "HSTED_FLV": 0, "NRES_FLV": 690300, "LAND_LV": 630000, "IMPRV_LV": 60300, "EQUIPVAL": 0, "EQUIPCODE": "", "INVENVAL": 0, "HSDECL": "N", "HSITEVAL": 0, "VETEXAMT": 0, "EXPDESC": "", "ENDDATE": "", "STATUTE": "", "EXAMT_HS": 0, "EXAMT_NR": 0, "UVREDUC_HS": 0, "UVREDUC_NR": 0, "GLVAL_HS": 0.0, "GLVAL_NR": 6903.0, "CRHOUSPCT": 0.0, "MUNGL1PCT": 6903.0, "AOEGL_HS": 0.0, "AOEGL_NR": 6903.0, "E911ADDR": "231 SOUTH UNION ST", "SHAPE_Length": 0.0020075497108946847, "SHAPE_Area": 2.413282265937602e-07}, "geometry": {"type": "MultiPolygon", "coordinates": [[[[-73.20889159699993, 44.47336643800003], [-73.20950523499994, 44.47334477000004], [-73.20951647199996, 44.47349417600003], [-73.20952363899994, 44.47359945300008], [-73.20953514099995, 44.473738311000034], [-73.20892892099994, 44.47375655900004], [-73.20890507499996, 44.47360371600007], [-73.20889159699993, 44.47336643800003]]]]}}, {"type": "Feature", "properties": {"OBJECTID": 277239, "SPAN": "114-035-17748", "GLIST_SPAN": "114-035-17748", "MAPID": "049-4-199-000", "PARCID": "049-4-199.000", "PROPTYPE": "PARCEL", "YEAR": 2018, "GLYEAR": 2022, "TOWN": "BURLINGTON", "TNAME": "Burlington", "SOURCENAME": null, "SOURCETYPE": "UNKNOWN", "SOURCEDATE": "UNKNOWN", "EDITMETHOD": "UNKNOWN", "EDITOR": "UNKNOWN", "EDITDATE": "UNKNOWN", "MATCHSTAT": "MATCH", "EDITNOTE": "UNKNOWN", "OWNER1": "237 MAPLE LLC", "OWNER2": "", "ADDRGL1": "PO BOX 4171", "ADDRGL2": "", "CITYGL": "BURLINGTON", "STGL": "VT", "ZIPGL": "05406", "DESCPROP": "5U", "LOCAPROP": "N", "CAT": "Commercial Apt", "RESCODE": "C", "ACRESGL": 0.18, "REAL_FLV": 827600, "HSTED_FLV": 0, "NRES_FLV": 827600, "LAND_LV": 470900, "IMPRV_LV": 356700, "EQUIPVAL": 0, "EQUIPCODE": "", "INVENVAL": 0, "HSDECL": "N", "HSITEVAL": 0, "VETEXAMT": 0, "EXPDESC": "", "ENDDATE": "", "STATUTE": "", "EXAMT_HS": 0, "EXAMT_NR": 0, "UVREDUC_HS": 0, "UVREDUC_NR": 0, "GLVAL_HS": 0.0, "GLVAL_NR": 8276.0, "CRHOUSPCT": 0.0, "MUNGL1PCT": 8276.0, "AOEGL_HS": 0.0, "AOEGL_NR": 8276.0, "E911ADDR": "237 MAPLE ST", "SHAPE_Length": 0.0011636706365706284, "SHAPE_Area": 8.196423489552298e-08}, "geometry": {"type": "MultiPolygon", "coordinates": [[[[-73.20950523499994, 44.47334477000004], [-73.20949156899997, 44.47315699100005], [-73.20972900999993, 44.47314173400008], [-73.20973075799998, 44.47315634800003], [-73.20973468599993, 44.47315632300007], [-73.20975168599995, 44.473489620000066], [-73.20967707199998, 44.47349064600007], [-73.20951647199996, 44.47349417600003], [-73.20950523499994, 44.47334477000004]]]]}}, {"type": "Feature", "properties": {"OBJECTID": 277240, "SPAN": "114-035-17749", "GLIST_SPAN": "114-035-17749", "MAPID": "049-4-200-000", "PARCID": "049-4-200.000", "PROPTYPE": "PARCEL", "YEAR": 2018, "GLYEAR": 2022, "TOWN": "BURLINGTON", "TNAME": "Burlington", "SOURCENAME": null, "SOURCETYPE": "UNKNOWN", "SOURCEDATE": "UNKNOWN", "EDITMETHOD": "UNKNOWN", "EDITOR": "UNKNOWN", "EDITDATE": "UNKNOWN", "MATCHSTAT": "MATCH", "EDITNOTE": "UNKNOWN", "OWNER1": "296 SOUTH UNION STREET LLC", "OWNER2": "", "ADDRGL1": "79 MONROE ST", "ADDRGL2": "", "CITYGL": "BURLINGTON", "STGL": "VT", "ZIPGL": "05401", "DESCPROP": "6 UNIT APT", "LOCAPROP": "N", "CAT": "Commercial Apt", "RESCODE": "C", "ACRESGL": 0.37, "REAL_FLV": 975300, "HSTED_FLV": 0, "NRES_FLV": 975300, "LAND_LV": 531000, "IMPRV_LV": 444300, "EQUIPVAL": 0, "EQUIPCODE": "", "INVENVAL": 0, "HSDECL": "N", "HSITEVAL": 0, "VETEXAMT": 0, "EXPDESC": "", "ENDDATE": "", "STATUTE": "", "EXAMT_HS": 0, "EXAMT_NR": 0, "UVREDUC_HS": 0, "UVREDUC_NR": 0, "GLVAL_HS": 0.0, "GLVAL_NR": 9753.0, "CRHOUSPCT": 0.0, "MUNGL1PCT": 9753.0, "AOEGL_HS": 0.0, "AOEGL_NR": 9753.0, "E911ADDR": "236 SOUTH UNION ST", "SHAPE_Length": 0.0025382361824978347, "SHAPE_Area": 1.7176787600899057e-07}, "geometry": {"type": "MultiPolygon", "coordinates": [[[[-73.20789181599997, 44.47361140600003], [-73.20788359499994, 44.47351611900007], [-73.20791187399993, 44.47351608500003], [-73.20790088899997, 44.47332224200005], [-73.20796177699998, 44.47332299000004], [-73.20842314199996, 44.473311411000054], [-73.20867321499998, 44.473301423000066], [-73.20868497299995, 44.47349399400008], [-73.20842462999997, 44.47349926600003], [-73.20815332799998, 44.473507838000046], [-73.20797703999995, 44.47351329000003], [-73.20798097699998, 44.47361155600004], [-73.20799605099995, 44.473786250000046], [-73.20790182499996, 44.47378950600006], [-73.20789181599997, 44.47361140600003]]]]}}, {"type": "Feature", "properties": {"OBJECTID": 277241, "SPAN": "114-035-17750", "GLIST_SPAN": "114-035-17750", "MAPID": "049-4-201-000", "PARCID": "049-4-201.000", "PROPTYPE": "PARCEL", "YEAR": 2018, "GLYEAR": 2022, "TOWN": "BURLINGTON", "TNAME": "Burlington", "SOURCENAME": null, "SOURCETYPE": "UNKNOWN", "SOURCEDATE": "UNKNOWN", "EDITMETHOD": "UNKNOWN", "EDITOR": "UNKNOWN", "EDITDATE": "UNKNOWN", "MATCHSTAT": "MATCH", "EDITNOTE": "UNKNOWN", "OWNER1": "KOERNER THOMAS", "OWNER2": "KOERNER LILLIAN", "ADDRGL1": "286 COLLEGE ST", "ADDRGL2": "", "CITYGL": "BURLINGTON", "STGL": "VT", "ZIPGL": "05401", "DESCPROP": "", "LOCAPROP": "N", "CAT": "Residential-1", "RESCODE": "T", "ACRESGL": 0.32, "REAL_FLV": 1009800, "HSTED_FLV": 0, "NRES_FLV": 1009800, "LAND_LV": 246500, "IMPRV_LV": 763300, "EQUIPVAL": 0, "EQUIPCODE": "", "INVENVAL": 0, "HSDECL": "N", "HSITEVAL": 1009800, "VETEXAMT": 0, "EXPDESC": "", "ENDDATE": "", "STATUTE": "", "EXAMT_HS": 0, "EXAMT_NR": 0, "UVREDUC_HS": 0, "UVREDUC_NR": 0, "GLVAL_HS": 0.0, "GLVAL_NR": 10098.0, "CRHOUSPCT": 0.0, "MUNGL1PCT": 10098.0, "AOEGL_HS": 0.0, "AOEGL_NR": 10098.0, "E911ADDR": "230 SOUTH UNION ST", "SHAPE_Length": 0.0016146032603543484, "SHAPE_Area": 1.4561937852029734e-07}, "geometry": {"type": "MultiPolygon", "coordinates": [[[[-73.20842462999997, 44.47349926600003], [-73.20868497299995, 44.47349399400008], [-73.20869179699997, 44.47360349200005], [-73.20870750399996, 44.473765385000036], [-73.20817195999996, 44.47378178400004], [-73.20816244099996, 44.47361183800007], [-73.20815332799998, 44.473507838000046], [-73.20842462999997, 44.47349926600003]]]]}}, {"type": "Feature", "properties": {"OBJECTID": 277242, "SPAN": "114-035-17751", "GLIST_SPAN": "114-035-17751", "MAPID": "049-4-201-001", "PARCID": "049-4-201.001", "PROPTYPE": "PARCEL", "YEAR": 2018, "GLYEAR": 2022, "TOWN": "BURLINGTON", "TNAME": "Burlington", "SOURCENAME": null, "SOURCETYPE": "UNKNOWN", "SOURCEDATE": "UNKNOWN", "EDITMETHOD": "UNKNOWN", "EDITOR": "UNKNOWN", "EDITDATE": "UNKNOWN", "MATCHSTAT": "MATCH", "EDITNOTE": "UNKNOWN", "OWNER1": "KELLNER CHARLES H", "OWNER2": "", "ADDRGL1": "246 SOUTH UNION ST", "ADDRGL2": "", "CITYGL": "BURLINGTON", "STGL": "VT", "ZIPGL": "05401", "DESCPROP": "", "LOCAPROP": "N", "CAT": "Residential-1", "RESCODE": "T", "ACRESGL": 0.34, "REAL_FLV": 834600, "HSTED_FLV": 0, "NRES_FLV": 834600, "LAND_LV": 249400, "IMPRV_LV": 585200, "EQUIPVAL": 0, "EQUIPCODE": "", "INVENVAL": 0, "HSDECL": "N", "HSITEVAL": 834600, "VETEXAMT": 0, "EXPDESC": "", "ENDDATE": "", "STATUTE": "", "EXAMT_HS": 0, "EXAMT_NR": 0, "UVREDUC_HS": 0, "UVREDUC_NR": 0, "GLVAL_HS": 0.0, "GLVAL_NR": 8346.0, "CRHOUSPCT": 0.0, "MUNGL1PCT": 8346.0, "AOEGL_HS": 0.0, "AOEGL_NR": 8346.0, "E911ADDR": "246 SOUTH UNION ST", "SHAPE_Length": 0.001923006102131762, "SHAPE_Area": 1.4825305710887597e-07}, "geometry": {"type": "MultiPolygon", "coordinates": [[[[-73.20842157499999, 44.47311694800004], [-73.20866104599997, 44.473107165000044], [-73.20867321499998, 44.473301423000066], [-73.20842314199996, 44.473311411000054], [-73.20796177699998, 44.47332299000004], [-73.20790088899997, 44.47332224200005], [-73.20789196499999, 44.47313640200008], [-73.20842157499999, 44.47311694800004]]]]}}, {"type": "Feature", "properties": {"OBJECTID": 277243, "SPAN": "114-035-17752", "GLIST_SPAN": "114-035-17752", "MAPID": "049-4-202-000", "PARCID": "049-4-202.000", "PROPTYPE": "PARCEL", "YEAR": 2018, "GLYEAR": 2022, "TOWN": "BURLINGTON", "TNAME": "Burlington", "SOURCENAME": null, "SOURCETYPE": "UNKNOWN", "SOURCEDATE": "UNKNOWN", "EDITMETHOD": "UNKNOWN", "EDITOR": "UNKNOWN", "EDITDATE": "UNKNOWN", "MATCHSTAT": "MATCH", "EDITNOTE": "UNKNOWN", "OWNER1": "250 SOUTH UNION LLC", "OWNER2": "", "ADDRGL1": "688 PINE STREET SUITE 2D", "ADDRGL2": "", "CITYGL": "BURLINGTON", "STGL": "VT", "ZIPGL": "05401", "DESCPROP": "5U", "LOCAPROP": "N", "CAT": "Commercial Apt", "RESCODE": "C", "ACRESGL": 0.62, "REAL_FLV": 1574200, "HSTED_FLV": 0, "NRES_FLV": 1574200, "LAND_LV": 531000, "IMPRV_LV": 1043200, "EQUIPVAL": 0, "EQUIPCODE": "", "INVENVAL": 0, "HSDECL": "N", "HSITEVAL": 0, "VETEXAMT": 0, "EXPDESC": "", "ENDDATE": "", "STATUTE": "", "EXAMT_HS": 0, "EXAMT_NR": 0, "UVREDUC_HS": 0, "UVREDUC_NR": 0, "GLVAL_HS": 0.0, "GLVAL_NR": 15742.0, "CRHOUSPCT": 0.0, "MUNGL1PCT": 15742.0, "AOEGL_HS": 0.0, "AOEGL_NR": 15742.0, "E911ADDR": "250 SOUTH UNION ST", "SHAPE_Length": 0.0034248373066663013, "SHAPE_Area": 2.768646701563558e-07}, "geometry": {"type": "MultiPolygon", "coordinates": [[[[-73.20842018199994, 44.47293682600008], [-73.20864945699998, 44.472928513000056], [-73.20865861099998, 44.47306961500004], [-73.20866104599997, 44.473107165000044], [-73.20842157499999, 44.47311694800004], [-73.20789196499999, 44.47313640200008], [-73.20753860299999, 44.47314716900007], [-73.20712908499996, 44.47315870500006], [-73.20711632399997, 44.47298020000005], [-73.20842018199994, 44.47293682600008]]]]}}, {"type": "Feature", "properties": {"OBJECTID": 277244, "SPAN": "114-035-17753", "GLIST_SPAN": "114-035-17753", "MAPID": "049-4-203-000", "PARCID": "049-4-203.000", "PROPTYPE": "PARCEL", "YEAR": 2018, "GLYEAR": 2022, "TOWN": "BURLINGTON", "TNAME": "Burlington", "SOURCENAME": null, "SOURCETYPE": "UNKNOWN", "SOURCEDATE": "UNKNOWN", "EDITMETHOD": "UNKNOWN", "EDITOR": "UNKNOWN", "EDITDATE": "UNKNOWN", "MATCHSTAT": "MATCH", "EDITNOTE": "UNKNOWN", "OWNER1": "REILLY WILLIAM J JR", "OWNER2": "SECONDI CYNTHIA", "ADDRGL1": "254 SOUTH UNION STREET", "ADDRGL2": "", "CITYGL": "BURLINGTON", "STGL": "VT", "ZIPGL": "05401", "DESCPROP": "2-FAMILY HOUSE", "LOCAPROP": "", "CAT": "Residential-1", "RESCODE": "T", "ACRESGL": 0.62, "REAL_FLV": 950800, "HSTED_FLV": 0, "NRES_FLV": 950800, "LAND_LV": 295100, "IMPRV_LV": 655700, "EQUIPVAL": 0, "EQUIPCODE": "", "INVENVAL": 0, "HSDECL": "N", "HSITEVAL": 950800, "VETEXAMT": 0, "EXPDESC": "", "ENDDATE": "", "STATUTE": "", "EXAMT_HS": 0, "EXAMT_NR": 0, "UVREDUC_HS": 0, "UVREDUC_NR": 0, "GLVAL_HS": 0.0, "GLVAL_NR": 9508.0, "CRHOUSPCT": 0.0, "MUNGL1PCT": 9508.0, "AOEGL_HS": 0.0, "AOEGL_NR": 9508.0, "E911ADDR": "254 SOUTH UNION ST", "SHAPE_Length": 0.00343591741750703, "SHAPE_Area": 2.7933907022020784e-07}, "geometry": {"type": "MultiPolygon", "coordinates": [[[[-73.20841954799994, 44.47275459100007], [-73.20863819099998, 44.47274409400006], [-73.20864945699998, 44.472928513000056], [-73.20842018199994, 44.47293682600008], [-73.20711632399997, 44.47298020000005], [-73.20710353399994, 44.472799165000026], [-73.20841954799994, 44.47275459100007]]]]}}, {"type": "Feature", "properties": {"OBJECTID": 277245, "SPAN": "114-035-17754", "GLIST_SPAN": "114-035-17754", "MAPID": "049-4-204-000", "PARCID": "049-4-204.000", "PROPTYPE": "PARCEL", "YEAR": 2018, "GLYEAR": 2022, "TOWN": "BURLINGTON", "TNAME": "Burlington", "SOURCENAME": null, "SOURCETYPE": "UNKNOWN", "SOURCEDATE": "UNKNOWN", "EDITMETHOD": "UNKNOWN", "EDITOR": "UNKNOWN", "EDITDATE": "UNKNOWN", "MATCHSTAT": "MATCH", "EDITNOTE": "UNKNOWN", "OWNER1": "JACOBS REALTY LLC", "OWNER2": "", "ADDRGL1": "260 SOUTH UNION STREET", "ADDRGL2": "", "CITYGL": "BURLINGTON", "STGL": "VT", "ZIPGL": "05401", "DESCPROP": "5 APT UNITS", "LOCAPROP": "", "CAT": "Commercial Apt", "RESCODE": "T", "ACRESGL": 0.62, "REAL_FLV": 776800, "HSTED_FLV": 0, "NRES_FLV": 776800, "LAND_LV": 303400, "IMPRV_LV": 473400, "EQUIPVAL": 0, "EQUIPCODE": "", "INVENVAL": 0, "HSDECL": "Y", "HSITEVAL": 0, "VETEXAMT": 0, "EXPDESC": "", "ENDDATE": "", "STATUTE": "", "EXAMT_HS": 0, "EXAMT_NR": 0, "UVREDUC_HS": 0, "UVREDUC_NR": 0, "GLVAL_HS": 0.0, "GLVAL_NR": 7768.0, "CRHOUSPCT": 0.0, "MUNGL1PCT": 7768.0, "AOEGL_HS": 0.0, "AOEGL_NR": 7768.0, "E911ADDR": "260 SOUTH UNION ST", "SHAPE_Length": 0.0034337390956563824, "SHAPE_Area": 2.7789419496396005e-07}, "geometry": {"type": "MultiPolygon", "coordinates": [[[[-73.20841971399994, 44.472573476000036], [-73.20862735299994, 44.472562484000036], [-73.20862707099997, 44.472571627000036], [-73.20863819099998, 44.47274409400006], [-73.20841954799994, 44.47275459100007], [-73.20710353399994, 44.472799165000026], [-73.20710026599994, 44.472756298000036], [-73.20709271899995, 44.472619103000056], [-73.20806911399995, 44.472585071000026], [-73.20841971399994, 44.472573476000036]]]]}}, {"type": "Feature", "properties": {"OBJECTID": 277246, "SPAN": "114-035-17755", "GLIST_SPAN": "114-035-17755", "MAPID": "049-4-205-000", "PARCID": "049-4-205.000", "PROPTYPE": "PARCEL", "YEAR": 2018, "GLYEAR": 2022, "TOWN": "BURLINGTON", "TNAME": "Burlington", "SOURCENAME": null, "SOURCETYPE": "UNKNOWN", "SOURCEDATE": "UNKNOWN", "EDITMETHOD": "UNKNOWN", "EDITOR": "UNKNOWN", "EDITDATE": "UNKNOWN", "MATCHSTAT": "MATCH", "EDITNOTE": "UNKNOWN", "OWNER1": "SPENCER II WILLIAM", "OWNER2": "", "ADDRGL1": "266 SOUTH UNION STREET", "ADDRGL2": "", "CITYGL": "BURLINGTON", "STGL": "VT", "ZIPGL": "05401", "DESCPROP": "RES 1 UNIT AND ADU", "LOCAPROP": "", "CAT": "Residential-1", "RESCODE": "T", "ACRESGL": 0.43, "REAL_FLV": 1188200, "HSTED_FLV": 0, "NRES_FLV": 1188200, "LAND_LV": 0, "IMPRV_LV": 1188200, "EQUIPVAL": 0, "EQUIPCODE": "", "INVENVAL": 0, "HSDECL": "N", "HSITEVAL": 1188200, "VETEXAMT": 0, "EXPDESC": "", "ENDDATE": "", "STATUTE": "", "EXAMT_HS": 0, "EXAMT_NR": 0, "UVREDUC_HS": 0, "UVREDUC_NR": 0, "GLVAL_HS": 0.0, "GLVAL_NR": 11882.0, "CRHOUSPCT": 0.0, "MUNGL1PCT": 11882.0, "AOEGL_HS": 0.0, "AOEGL_NR": 11882.0, "E911ADDR": "266 SOUTH UNION ST", "SHAPE_Length": 0.003436720684413804, "SHAPE_Area": 2.8117918893039417e-07}, "geometry": {"type": "MultiPolygon", "coordinates": [[[[-73.20841788899997, 44.47239026300008], [-73.20861531999998, 44.47237947700006], [-73.20862512399998, 44.47254056200006], [-73.20862735299994, 44.472562484000036], [-73.20841971399994, 44.472573476000036], [-73.20806911399995, 44.472585071000026], [-73.20709271899995, 44.472619103000056], [-73.20708264699994, 44.47243552000003], [-73.20841788899997, 44.47239026300008]]]]}}, {"type": "Feature", "properties": {"OBJECTID": 277247, "SPAN": "114-035-17756", "GLIST_SPAN": "114-035-17756", "MAPID": "049-4-206-000", "PARCID": "049-4-206.000", "PROPTYPE": "PARCEL", "YEAR": 2018, "GLYEAR": 2022, "TOWN": "BURLINGTON", "TNAME": "Burlington", "SOURCENAME": null, "SOURCETYPE": "UNKNOWN", "SOURCEDATE": "UNKNOWN", "EDITMETHOD": "UNKNOWN", "EDITOR": "UNKNOWN", "EDITDATE": "UNKNOWN", "MATCHSTAT": "MATCH", "EDITNOTE": "UNKNOWN", "OWNER1": "MUYSKENS SARAH E.", "OWNER2": "GREEN MICHAEL I", "ADDRGL1": "276 SOUTH UNION ST", "ADDRGL2": "", "CITYGL": "BURLINGTON", "STGL": "VT", "ZIPGL": "05401", "DESCPROP": "SINGLE FAMILY HOUSE", "LOCAPROP": "", "CAT": "Residential-1", "RESCODE": "T", "ACRESGL": 0.61, "REAL_FLV": 909100, "HSTED_FLV": 909100, "NRES_FLV": 0, "LAND_LV": 294800, "IMPRV_LV": 614300, "EQUIPVAL": 0, "EQUIPCODE": "", "INVENVAL": 0, "HSDECL": "Y", "HSITEVAL": 909100, "VETEXAMT": 0, "EXPDESC": "", "ENDDATE": "", "STATUTE": "", "EXAMT_HS": 0, "EXAMT_NR": 0, "UVREDUC_HS": 0, "UVREDUC_NR": 0, "GLVAL_HS": 9091.0, "GLVAL_NR": 0.0, "CRHOUSPCT": 0.0, "MUNGL1PCT": 9091.0, "AOEGL_HS": 9091.0, "AOEGL_NR": 0.0, "E911ADDR": "276 SOUTH UNION ST", "SHAPE_Length": 0.003440770656785672, "SHAPE_Area": 2.8590180685037245e-07}, "geometry": {"type": "MultiPolygon", "coordinates": [[[[-73.20841210699996, 44.472204403000035], [-73.20860365299995, 44.472194357000035], [-73.20861531999998, 44.47237947700006], [-73.20841788899997, 44.47239026300008], [-73.20708264699994, 44.47243552000003], [-73.20707018099995, 44.47224885800006], [-73.20841210699996, 44.472204403000035]]]]}}, {"type": "Feature", "properties": {"OBJECTID": 277248, "SPAN": "114-035-17757", "GLIST_SPAN": "114-035-17757", "MAPID": "049-4-207-000", "PARCID": "049-4-207.000", "PROPTYPE": "PARCEL", "YEAR": 2018, "GLYEAR": 2022, "TOWN": "BURLINGTON", "TNAME": "Burlington", "SOURCENAME": null, "SOURCETYPE": "UNKNOWN", "SOURCEDATE": "UNKNOWN", "EDITMETHOD": "UNKNOWN", "EDITOR": "UNKNOWN", "EDITDATE": "UNKNOWN", "MATCHSTAT": "MATCH", "EDITNOTE": "UNKNOWN", "OWNER1": "GUILLOT REVOCABLE LIVING TRUST", "OWNER2": "", "ADDRGL1": "284 SOUTH UNION STREET", "ADDRGL2": "", "CITYGL": "BURLINGTON", "STGL": "VT", "ZIPGL": "05401", "DESCPROP": "2-FAMILY WITH OFFICE", "LOCAPROP": "", "CAT": "Residential-1", "RESCODE": "T", "ACRESGL": 0.91, "REAL_FLV": 1244800, "HSTED_FLV": 1244800, "NRES_FLV": 0, "LAND_LV": 308300, "IMPRV_LV": 936500, "EQUIPVAL": 0, "EQUIPCODE": "", "INVENVAL": 0, "HSDECL": "Y", "HSITEVAL": 1244800, "VETEXAMT": 0, "EXPDESC": "", "ENDDATE": "", "STATUTE": "", "EXAMT_HS": 0, "EXAMT_NR": 0, "UVREDUC_HS": 0, "UVREDUC_NR": 0, "GLVAL_HS": 12448.0, "GLVAL_NR": 0.0, "CRHOUSPCT": 0.0, "MUNGL1PCT": 12448.0, "AOEGL_HS": 12448.0, "AOEGL_NR": 0.0, "E911ADDR": "284 SOUTH UNION ST", "SHAPE_Length": 0.0036167728782934404, "SHAPE_Area": 4.218284135108395e-07}, "geometry": {"type": "MultiPolygon", "coordinates": [[[[-73.20840525999995, 44.47193066600005], [-73.20858660299996, 44.47192138500003], [-73.20860365299995, 44.472194357000035], [-73.20841210699996, 44.472204403000035], [-73.20707018099995, 44.47224885800006], [-73.20706062199997, 44.47207525500005], [-73.20705584099994, 44.47197207200003], [-73.20731340599997, 44.47196485200004], [-73.20753876399993, 44.47195769100006], [-73.20755878599994, 44.471957005000036], [-73.20757684799997, 44.47195661200004], [-73.20778885699997, 44.47194981400003], [-73.20818342699994, 44.47193696200003], [-73.20820776899996, 44.471936249000066], [-73.20840525999995, 44.47193066600005]]]]}}, {"type": "Feature", "properties": {"OBJECTID": 277697, "SPAN": "114-035-17857", "GLIST_SPAN": "114-035-17857", "MAPID": "050-1-052-000", "PARCID": "050-1-052.000", "PROPTYPE": "PARCEL", "YEAR": 2018, "GLYEAR": 2022, "TOWN": "BURLINGTON", "TNAME": "Burlington", "SOURCENAME": null, "SOURCETYPE": "UNKNOWN", "SOURCEDATE": "UNKNOWN", "EDITMETHOD": "UNKNOWN", "EDITOR": "UNKNOWN", "EDITDATE": "UNKNOWN", "MATCHSTAT": "MATCH", "EDITNOTE": "UNKNOWN", "OWNER1": "CHAMPLAIN COLLEGE INC.", "OWNER2": "", "ADDRGL1": "PO BOX 670", "ADDRGL2": "ATTN FINANCING", "CITYGL": "BURLINGTON", "STGL": "VT", "ZIPGL": "05401", "DESCPROP": "RR LOT", "LOCAPROP": "N", "CAT": "Commercial", "RESCODE": "C", "ACRESGL": 0.16, "REAL_FLV": 168300, "HSTED_FLV": 0, "NRES_FLV": 168300, "LAND_LV": 168300, "IMPRV_LV": 0, "EQUIPVAL": 0, "EQUIPCODE": "", "INVENVAL": 0, "HSDECL": "N", "HSITEVAL": 0, "VETEXAMT": 0, "EXPDESC": "", "ENDDATE": "", "STATUTE": "", "EXAMT_HS": 0, "EXAMT_NR": 0, "UVREDUC_HS": 0, "UVREDUC_NR": 0, "GLVAL_HS": 0.0, "GLVAL_NR": 1683.0, "CRHOUSPCT": 0.0, "MUNGL1PCT": 1683.0, "AOEGL_HS": 0.0, "AOEGL_NR": 1683.0, "E911ADDR": "227 SOUTH WILLARD ST", "SHAPE_Length": 0.0011154320011390324, "SHAPE_Area": 7.558255637981381e-08}, "geometry": {"type": "MultiPolygon", "coordinates": [[[[-73.20602692499995, 44.473610575000066], [-73.20621225999997, 44.47360619500006], [-73.20635482999995, 44.473605735000035], [-73.20637486699997, 44.473834113000066], [-73.20605054499998, 44.47384315000005], [-73.20602692499995, 44.473610575000066]]]]}}, {"type": "Feature", "properties": {"OBJECTID": 277698, "SPAN": "114-035-17858", "GLIST_SPAN": "114-035-17858", "MAPID": "050-1-053-000", "PARCID": "050-1-053.000", "PROPTYPE": "PARCEL", "YEAR": 2018, "GLYEAR": 2022, "TOWN": "BURLINGTON", "TNAME": "Burlington", "SOURCENAME": null, "SOURCETYPE": "UNKNOWN", "SOURCEDATE": "UNKNOWN", "EDITMETHOD": "UNKNOWN", "EDITOR": "UNKNOWN", "EDITDATE": "UNKNOWN", "MATCHSTAT": "MATCH", "EDITNOTE": "UNKNOWN", "OWNER1": "CHAMPLAIN COLLEGE INC.", "OWNER2": "", "ADDRGL1": "PO BOX 670", "ADDRGL2": "ATTN FINANCING", "CITYGL": "BURLINGTON", "STGL": "VT", "ZIPGL": "05401", "DESCPROP": "WEST HOUSE  SOFTWARE ENGINEERING OFFICES", "LOCAPROP": "N", "CAT": "Commercial", "RESCODE": "C", "ACRESGL": 0.15, "REAL_FLV": 343000, "HSTED_FLV": 0, "NRES_FLV": 343000, "LAND_LV": 343000, "IMPRV_LV": 0, "EQUIPVAL": 0, "EQUIPCODE": "", "INVENVAL": 0, "HSDECL": "N", "HSITEVAL": 0, "VETEXAMT": 0, "EXPDESC": "", "ENDDATE": "", "STATUTE": "", "EXAMT_HS": 0, "EXAMT_NR": 0, "UVREDUC_HS": 0, "UVREDUC_NR": 0, "GLVAL_HS": 0.0, "GLVAL_NR": 3430.0, "CRHOUSPCT": 0.0, "MUNGL1PCT": 3430.0, "AOEGL_HS": 0.0, "AOEGL_NR": 3430.0, "E911ADDR": "317 MAPLE ST", "SHAPE_Length": 0.0017774407512256406, "SHAPE_Area": 7.027361854086312e-08}, "geometry": {"type": "MultiPolygon", "coordinates": [[[[-73.20619729499998, 44.473374973000034], [-73.20661660899998, 44.473361271000044], [-73.20662215999994, 44.47343070200003], [-73.20638303699997, 44.473436821000064], [-73.20640027299999, 44.47359589300004], [-73.20642276499996, 44.473832412000036], [-73.20637486699997, 44.473834113000066], [-73.20635482999995, 44.473605735000035], [-73.20621225999997, 44.47360619500006], [-73.20619729499998, 44.473374973000034]]]]}}, {"type": "Feature", "properties": {"OBJECTID": 277699, "SPAN": "114-035-17859", "GLIST_SPAN": "114-035-17859", "MAPID": "050-1-054-000", "PARCID": "050-1-054.000", "PROPTYPE": "PARCEL", "YEAR": 2018, "GLYEAR": 2022, "TOWN": "BURLINGTON", "TNAME": "Burlington", "SOURCENAME": null, "SOURCETYPE": "UNKNOWN", "SOURCEDATE": "UNKNOWN", "EDITMETHOD": "UNKNOWN", "EDITOR": "UNKNOWN", "EDITDATE": "UNKNOWN", "MATCHSTAT": "MATCH", "EDITNOTE": "UNKNOWN", "OWNER1": "SCHEDLER DONALD P", "OWNER2": "", "ADDRGL1": "182 BAY RD", "ADDRGL2": "", "CITYGL": "HUNTINGTON", "STGL": "NY", "ZIPGL": "11743", "DESCPROP": "", "LOCAPROP": "N", "CAT": "Residential-1", "RESCODE": "S", "ACRESGL": 0.21, "REAL_FLV": 547700, "HSTED_FLV": 0, "NRES_FLV": 547700, "LAND_LV": 228200, "IMPRV_LV": 319500, "EQUIPVAL": 0, "EQUIPCODE": "", "INVENVAL": 0, "HSDECL": "N", "HSITEVAL": 547700, "VETEXAMT": 0, "EXPDESC": "", "ENDDATE": "", "STATUTE": "", "EXAMT_HS": 0, "EXAMT_NR": 0, "UVREDUC_HS": 0, "UVREDUC_NR": 0, "GLVAL_HS": 0.0, "GLVAL_NR": 5477.0, "CRHOUSPCT": 0.0, "MUNGL1PCT": 5477.0, "AOEGL_HS": 0.0, "AOEGL_NR": 5477.0, "E911ADDR": "315 MAPLE ST", "SHAPE_Length": 0.001266105170536526, "SHAPE_Area": 9.384291057369398e-08}, "geometry": {"type": "MultiPolygon", "coordinates": [[[[-73.20638303699997, 44.473436821000064], [-73.20662215999994, 44.47343070200003], [-73.20664182299998, 44.47362800600007], [-73.20665559899999, 44.47382562700005], [-73.20642276499996, 44.473832412000036], [-73.20640027299999, 44.47359589300004], [-73.20638303699997, 44.473436821000064]]]]}}, {"type": "Feature", "properties": {"OBJECTID": 277700, "SPAN": "114-035-17860", "GLIST_SPAN": "114-035-17860", "MAPID": "050-1-055-000", "PARCID": "050-1-055.000", "PROPTYPE": "PARCEL", "YEAR": 2018, "GLYEAR": 2022, "TOWN": "BURLINGTON", "TNAME": "Burlington", "SOURCENAME": null, "SOURCETYPE": "UNKNOWN", "SOURCEDATE": "UNKNOWN", "EDITMETHOD": "UNKNOWN", "EDITOR": "UNKNOWN", "EDITDATE": "UNKNOWN", "MATCHSTAT": "MATCH", "EDITNOTE": "UNKNOWN", "OWNER1": "RIEHLE DUNLAP B", "OWNER2": "", "ADDRGL1": "404 COLLEGE STREET", "ADDRGL2": "", "CITYGL": "BURLINGTON", "STGL": "VT", "ZIPGL": "05401", "DESCPROP": "8 UNITS", "LOCAPROP": "N", "CAT": "Commercial Apt", "RESCODE": "C", "ACRESGL": 0.52, "REAL_FLV": 890000, "HSTED_FLV": 0, "NRES_FLV": 890000, "LAND_LV": 386800, "IMPRV_LV": 503200, "EQUIPVAL": 0, "EQUIPCODE": "", "INVENVAL": 0, "HSDECL": "N", "HSITEVAL": 0, "VETEXAMT": 0, "EXPDESC": "", "ENDDATE": "", "STATUTE": "", "EXAMT_HS": 0, "EXAMT_NR": 0, "UVREDUC_HS": 0, "UVREDUC_NR": 0, "GLVAL_HS": 0.0, "GLVAL_NR": 8900.0, "CRHOUSPCT": 0.0, "MUNGL1PCT": 8900.0, "AOEGL_HS": 0.0, "AOEGL_NR": 8900.0, "E911ADDR": "305 MAPLE ST", "SHAPE_Length": 0.001935028629060344, "SHAPE_Area": 2.331349713530052e-07}, "geometry": {"type": "MultiPolygon", "coordinates": [[[[-73.20661660899998, 44.473361271000044], [-73.20711679099998, 44.47334411400004], [-73.20714012699995, 44.473617750000074], [-73.20715503499997, 44.47381142800003], [-73.20665559899999, 44.47382562700005], [-73.20664182299998, 44.47362800600007], [-73.20662215999994, 44.47343070200003], [-73.20661660899998, 44.473361271000044]]]]}}, {"type": "Feature", "properties": {"OBJECTID": 277701, "SPAN": "114-035-17861", "GLIST_SPAN": "114-035-17861", "MAPID": "050-1-056-000", "PARCID": "050-1-056.000", "PROPTYPE": "PARCEL", "YEAR": 2018, "GLYEAR": 2022, "TOWN": "BURLINGTON", "TNAME": "Burlington", "SOURCENAME": null, "SOURCETYPE": "UNKNOWN", "SOURCEDATE": "UNKNOWN", "EDITMETHOD": "UNKNOWN", "EDITOR": "UNKNOWN", "EDITDATE": "UNKNOWN", "MATCHSTAT": "MATCH", "EDITNOTE": "UNKNOWN", "OWNER1": "295 MAPLE STREET LLC", "OWNER2": "", "ADDRGL1": "FVT MAPLE ST. LLC", "ADDRGL2": "1 STEELE ST SUITE 111", "CITYGL": "BURLINGTON", "STGL": "VT", "ZIPGL": "05401", "DESCPROP": "L & B 7U", "LOCAPROP": "N", "CAT": "Commercial Apt", "RESCODE": "S", "ACRESGL": 0.59, "REAL_FLV": 1522300, "HSTED_FLV": 0, "NRES_FLV": 1522300, "LAND_LV": 455100, "IMPRV_LV": 1067200, "EQUIPVAL": 0, "EQUIPCODE": "", "INVENVAL": 0, "HSDECL": "N", "HSITEVAL": 0, "VETEXAMT": 0, "EXPDESC": "", "ENDDATE": "", "STATUTE": "", "EXAMT_HS": 0, "EXAMT_NR": 0, "UVREDUC_HS": 0, "UVREDUC_NR": 0, "GLVAL_HS": 0.0, "GLVAL_NR": 15223.0, "CRHOUSPCT": 0.0, "MUNGL1PCT": 15223.0, "AOEGL_HS": 0.0, "AOEGL_NR": 15223.0, "E911ADDR": "295 MAPLE ST", "SHAPE_Length": 0.0021694626685840645, "SHAPE_Area": 2.761246127072371e-07}, "geometry": {"type": "MultiPolygon", "coordinates": [[[[-73.20712908499996, 44.47315870500006], [-73.20753860299999, 44.47314716900007], [-73.20756700899994, 44.47361271600005], [-73.20758182599997, 44.473798801000044], [-73.20739378399998, 44.473804364000046], [-73.20715503499997, 44.47381142800003], [-73.20714012699995, 44.473617750000074], [-73.20711679099998, 44.47334411400004], [-73.20714270199994, 44.47334311000003], [-73.20712908499996, 44.47315870500006]]]]}}, {"type": "Feature", "properties": {"OBJECTID": 277702, "SPAN": "114-035-17862", "GLIST_SPAN": "114-035-17862", "MAPID": "050-1-057-000", "PARCID": "050-1-057.000", "PROPTYPE": "PARCEL", "YEAR": 2018, "GLYEAR": 2022, "TOWN": "BURLINGTON", "TNAME": "Burlington", "SOURCENAME": null, "SOURCETYPE": "UNKNOWN", "SOURCEDATE": "UNKNOWN", "EDITMETHOD": "UNKNOWN", "EDITOR": "UNKNOWN", "EDITDATE": "UNKNOWN", "MATCHSTAT": "MATCH", "EDITNOTE": "UNKNOWN", "OWNER1": "SCOVILLE CHRISTOPHER W", "OWNER2": "BEACOM MELISSA A", "ADDRGL1": "285 MAPLE STREET", "ADDRGL2": "", "CITYGL": "BURLINGTON", "STGL": "VT", "ZIPGL": "05401", "DESCPROP": "2-FAMILY USED AS 1-FAMILY", "LOCAPROP": "", "CAT": "Residential-1", "RESCODE": "T", "ACRESGL": 0.48, "REAL_FLV": 821200, "HSTED_FLV": 821200, "NRES_FLV": 0, "LAND_LV": 273400, "IMPRV_LV": 547800, "EQUIPVAL": 0, "EQUIPCODE": "", "INVENVAL": 0, "HSDECL": "Y", "HSITEVAL": 821200, "VETEXAMT": 0, "EXPDESC": "", "ENDDATE": "", "STATUTE": "", "EXAMT_HS": 0, "EXAMT_NR": 0, "UVREDUC_HS": 0, "UVREDUC_NR": 0, "GLVAL_HS": 8212.0, "GLVAL_NR": 0.0, "CRHOUSPCT": 0.0, "MUNGL1PCT": 8212.0, "AOEGL_HS": 8212.0, "AOEGL_NR": 0.0, "E911ADDR": "283 MAPLE ST", "SHAPE_Length": 0.0020092559204701963, "SHAPE_Area": 2.215749006034358e-07}, "geometry": {"type": "MultiPolygon", "coordinates": [[[[-73.20756700899994, 44.47361271600005], [-73.20753860299999, 44.47314716900007], [-73.20789196499999, 44.47313640200008], [-73.20790088899997, 44.47332224200005], [-73.20791187399993, 44.47351608500003], [-73.20788359499994, 44.47351611900007], [-73.20789181599997, 44.47361140600003], [-73.20790182499996, 44.47378950600006], [-73.20758182599997, 44.473798801000044], [-73.20756700899994, 44.47361271600005]]]]}}, {"type": "Feature", "properties": {"OBJECTID": 277703, "SPAN": "114-035-17863", "GLIST_SPAN": "114-035-17863", "MAPID": "050-1-058-000", "PARCID": "050-1-058.000", "PROPTYPE": "PARCEL", "YEAR": 2018, "GLYEAR": 2022, "TOWN": "BURLINGTON", "TNAME": "Burlington", "SOURCENAME": null, "SOURCETYPE": "UNKNOWN", "SOURCEDATE": "UNKNOWN", "EDITMETHOD": "UNKNOWN", "EDITOR": "UNKNOWN", "EDITDATE": "UNKNOWN", "MATCHSTAT": "MATCH", "EDITNOTE": "UNKNOWN", "OWNER1": "DANCY BARBARA J.", "OWNER2": "", "ADDRGL1": "275 MAPLE ST", "ADDRGL2": "", "CITYGL": "BURLINGTON", "STGL": "VT", "ZIPGL": "05401", "DESCPROP": "SINGLE FAMILY HOUSE", "LOCAPROP": "", "CAT": "Residential-1", "RESCODE": "T", "ACRESGL": 0.1, "REAL_FLV": 716100, "HSTED_FLV": 716100, "NRES_FLV": 0, "LAND_LV": 211900, "IMPRV_LV": 504200, "EQUIPVAL": 0, "EQUIPCODE": "", "INVENVAL": 0, "HSDECL": "Y", "HSITEVAL": 716100, "VETEXAMT": 0, "EXPDESC": "", "ENDDATE": "", "STATUTE": "", "EXAMT_HS": 0, "EXAMT_NR": 0, "UVREDUC_HS": 0, "UVREDUC_NR": 0, "GLVAL_HS": 7161.0, "GLVAL_NR": 0.0, "CRHOUSPCT": 0.0, "MUNGL1PCT": 7161.0, "AOEGL_HS": 7161.0, "AOEGL_NR": 0.0, "E911ADDR": "275 MAPLE ST", "SHAPE_Length": 0.0009006368308332237, "SHAPE_Area": 4.892411559112066e-08}, "geometry": {"type": "MultiPolygon", "coordinates": [[[[-73.20797703999995, 44.47351329000003], [-73.20815332799998, 44.473507838000046], [-73.20816244099996, 44.47361183800007], [-73.20817195999996, 44.47378178400004], [-73.20799605099995, 44.473786250000046], [-73.20798097699998, 44.47361155600004], [-73.20797703999995, 44.47351329000003]]]]}}, {"type": "Feature", "properties": {"OBJECTID": 277704, "SPAN": "114-035-17864", "GLIST_SPAN": "114-035-17864", "MAPID": "050-1-059-000", "PARCID": "050-1-059.000", "PROPTYPE": "PARCEL", "YEAR": 2018, "GLYEAR": 2022, "TOWN": "BURLINGTON", "TNAME": "Burlington", "SOURCENAME": null, "SOURCETYPE": "UNKNOWN", "SOURCEDATE": "UNKNOWN", "EDITMETHOD": "UNKNOWN", "EDITOR": "UNKNOWN", "EDITDATE": "UNKNOWN", "MATCHSTAT": "MATCH", "EDITNOTE": "UNKNOWN", "OWNER1": "RYAN KATHLEEN", "OWNER2": "", "ADDRGL1": "274 MAPLE STREET", "ADDRGL2": "", "CITYGL": "BURLINGTON", "STGL": "VT", "ZIPGL": "05401", "DESCPROP": "", "LOCAPROP": "N", "CAT": "Residential-1", "RESCODE": "T", "ACRESGL": 0.1, "REAL_FLV": 531600, "HSTED_FLV": 531600, "NRES_FLV": 0, "LAND_LV": 212100, "IMPRV_LV": 319500, "EQUIPVAL": 0, "EQUIPCODE": "", "INVENVAL": 0, "HSDECL": "Y", "HSITEVAL": 531600, "VETEXAMT": 0, "EXPDESC": "", "ENDDATE": "", "STATUTE": "", "EXAMT_HS": 0, "EXAMT_NR": 0, "UVREDUC_HS": 0, "UVREDUC_NR": 0, "GLVAL_HS": 5316.0, "GLVAL_NR": 0.0, "CRHOUSPCT": 0.0, "MUNGL1PCT": 5316.0, "AOEGL_HS": 5316.0, "AOEGL_NR": 0.0, "E911ADDR": "274 MAPLE ST", "SHAPE_Length": 0.0008633239843572516, "SHAPE_Area": 4.63808506480139e-08}, "geometry": {"type": "MultiPolygon", "coordinates": [[[[-73.20807885699998, 44.47394294600008], [-73.20828185099998, 44.473937188000036], [-73.20829243599997, 44.47409784600006], [-73.20829715899998, 44.47416362600006], [-73.20809301099996, 44.47417150100006], [-73.20807885699998, 44.47394294600008]]]]}}, {"type": "Feature", "properties": {"OBJECTID": 277705, "SPAN": "114-035-17865", "GLIST_SPAN": "114-035-17865", "MAPID": "050-1-060-000", "PARCID": "050-1-060.000", "PROPTYPE": "PARCEL", "YEAR": 2018, "GLYEAR": 2022, "TOWN": "BURLINGTON", "TNAME": "Burlington", "SOURCENAME": null, "SOURCETYPE": "UNKNOWN", "SOURCEDATE": "UNKNOWN", "EDITMETHOD": "UNKNOWN", "EDITOR": "UNKNOWN", "EDITDATE": "UNKNOWN", "MATCHSTAT": "MATCH", "EDITNOTE": "UNKNOWN", "OWNER1": "BKH RENTALS LLC", "OWNER2": "", "ADDRGL1": "31 HILLSIDE CIRCLE", "ADDRGL2": "", "CITYGL": "ESSEX JUNCTION", "STGL": "VT", "ZIPGL": "05452", "DESCPROP": "", "LOCAPROP": "N", "CAT": "Residential-1", "RESCODE": "C", "ACRESGL": 0.16, "REAL_FLV": 820500, "HSTED_FLV": 0, "NRES_FLV": 820500, "LAND_LV": 537500, "IMPRV_LV": 283000, "EQUIPVAL": 0, "EQUIPCODE": "", "INVENVAL": 0, "HSDECL": "N", "HSITEVAL": 820500, "VETEXAMT": 0, "EXPDESC": "", "ENDDATE": "", "STATUTE": "", "EXAMT_HS": 0, "EXAMT_NR": 0, "UVREDUC_HS": 0, "UVREDUC_NR": 0, "GLVAL_HS": 0.0, "GLVAL_NR": 8205.0, "CRHOUSPCT": 0.0, "MUNGL1PCT": 8205.0, "AOEGL_HS": 0.0, "AOEGL_NR": 8205.0, "E911ADDR": "278 MAPLE ST", "SHAPE_Length": 0.0012762793874916468, "SHAPE_Area": 7.285210187091638e-08}, "geometry": {"type": "MultiPolygon", "coordinates": [[[[-73.20803409999996, 44.473944489000075], [-73.20807885699998, 44.47394294600008], [-73.20809301099996, 44.47417150100006], [-73.20804668199997, 44.47417305300007], [-73.20805113399996, 44.474248818000035], [-73.20805962399999, 44.47439880400003], [-73.20792377299995, 44.47440288000007], [-73.20789549599994, 44.473948301000064], [-73.20803409999996, 44.473944489000075]]]]}}, {"type": "Feature", "properties": {"OBJECTID": 277706, "SPAN": "114-035-17866", "GLIST_SPAN": "114-035-17866", "MAPID": "050-1-061-000", "PARCID": "050-1-061.000", "PROPTYPE": "PARCEL", "YEAR": 2018, "GLYEAR": 2022, "TOWN": "BURLINGTON", "TNAME": "Burlington", "SOURCENAME": null, "SOURCETYPE": "UNKNOWN", "SOURCEDATE": "UNKNOWN", "EDITMETHOD": "UNKNOWN", "EDITOR": "UNKNOWN", "EDITDATE": "UNKNOWN", "MATCHSTAT": "MATCH", "EDITNOTE": "UNKNOWN", "OWNER1": "FRANZON HOLDINGS LLC", "OWNER2": "", "ADDRGL1": "8911 VERANDA ST  APT 226", "ADDRGL2": "", "CITYGL": "SARASOTA", "STGL": "FL", "ZIPGL": "34238", "DESCPROP": "", "LOCAPROP": "N", "CAT": "Residential-1", "RESCODE": "C", "ACRESGL": 0.16, "REAL_FLV": 705400, "HSTED_FLV": 0, "NRES_FLV": 705400, "LAND_LV": 221100, "IMPRV_LV": 484300, "EQUIPVAL": 0, "EQUIPCODE": "", "INVENVAL": 0, "HSDECL": "N", "HSITEVAL": 705400, "VETEXAMT": 0, "EXPDESC": "", "ENDDATE": "", "STATUTE": "", "EXAMT_HS": 0, "EXAMT_NR": 0, "UVREDUC_HS": 0, "UVREDUC_NR": 0, "GLVAL_HS": 0.0, "GLVAL_NR": 7054.0, "CRHOUSPCT": 0.0, "MUNGL1PCT": 7054.0, "AOEGL_HS": 0.0, "AOEGL_NR": 7054.0, "E911ADDR": "284 MAPLE ST", "SHAPE_Length": 0.001246320107671723, "SHAPE_Area": 7.634266617502161e-08}, "geometry": {"type": "MultiPolygon", "coordinates": [[[[-73.20772705699994, 44.473953282000025], [-73.20789549599994, 44.473948301000064], [-73.20792377299995, 44.47440288000007], [-73.20775690099998, 44.474407711000026], [-73.20772705699994, 44.473953282000025]]]]}}, {"type": "Feature", "properties": {"OBJECTID": 277707, "SPAN": "114-035-17867", "GLIST_SPAN": "114-035-17867", "MAPID": "050-1-062-000", "PARCID": "050-1-062.000", "PROPTYPE": "PARCEL", "YEAR": 2018, "GLYEAR": 2022, "TOWN": "BURLINGTON", "TNAME": "Burlington", "SOURCENAME": null, "SOURCETYPE": "UNKNOWN", "SOURCEDATE": "UNKNOWN", "EDITMETHOD": "UNKNOWN", "EDITOR": "UNKNOWN", "EDITDATE": "UNKNOWN", "MATCHSTAT": "MATCH", "EDITNOTE": "UNKNOWN", "OWNER1": "CARPENTER DONNA", "OWNER2": "THE DONNA G. CARPENTER MARITAL TRUST", "ADDRGL1": "180 QUEEN CITY PARK RD", "ADDRGL2": "", "CITYGL": "BURLINGTON", "STGL": "VT", "ZIPGL": "05401", "DESCPROP": "", "LOCAPROP": "", "CAT": "Residential-1", "RESCODE": "T", "ACRESGL": 0.26, "REAL_FLV": 980000, "HSTED_FLV": 980000, "NRES_FLV": 0, "LAND_LV": 239000, "IMPRV_LV": 741000, "EQUIPVAL": 0, "EQUIPCODE": "", "INVENVAL": 0, "HSDECL": "Y", "HSITEVAL": 980000, "VETEXAMT": 0, "EXPDESC": "", "ENDDATE": "", "STATUTE": "", "EXAMT_HS": 0, "EXAMT_NR": 0, "UVREDUC_HS": 0, "UVREDUC_NR": 0, "GLVAL_HS": 9800.0, "GLVAL_NR": 0.0, "CRHOUSPCT": 0.0, "MUNGL1PCT": 9800.0, "AOEGL_HS": 9800.0, "AOEGL_NR": 0.0, "E911ADDR": "288 MAPLE ST", "SHAPE_Length": 0.0014485741740031303, "SHAPE_Area": 1.2275524316598696e-07}, "geometry": {"type": "MultiPolygon", "coordinates": [[[[-73.20748747199997, 44.47396003600005], [-73.20772705699994, 44.473953282000025], [-73.20775690099998, 44.474407711000026], [-73.20755710099996, 44.47441794800005], [-73.20748912999994, 44.474416261000044], [-73.20745848999996, 44.47396085200006], [-73.20748747199997, 44.47396003600005]]]]}}, {"type": "Feature", "properties": {"OBJECTID": 277708, "SPAN": "114-035-17868", "GLIST_SPAN": "114-035-17868", "MAPID": "050-1-063-000", "PARCID": "050-1-063.000", "PROPTYPE": "PARCEL", "YEAR": 2018, "GLYEAR": 2022, "TOWN": "BURLINGTON", "TNAME": "Burlington", "SOURCENAME": null, "SOURCETYPE": "UNKNOWN", "SOURCEDATE": "UNKNOWN", "EDITMETHOD": "UNKNOWN", "EDITOR": "UNKNOWN", "EDITDATE": "UNKNOWN", "MATCHSTAT": "MATCH", "EDITNOTE": "UNKNOWN", "OWNER1": "ROBIN N. LLOYD REVOCABLE TRUST", "OWNER2": "LLOYD ROBIN N.", "ADDRGL1": "300 MAPLE STREET", "ADDRGL2": "", "CITYGL": "BURLINGTON", "STGL": "VT", "ZIPGL": "05401", "DESCPROP": "", "LOCAPROP": "", "CAT": "Residential-1", "RESCODE": "T", "ACRESGL": 0.44, "REAL_FLV": 635700, "HSTED_FLV": 358500, "NRES_FLV": 277200, "LAND_LV": 266100, "IMPRV_LV": 369600, "EQUIPVAL": 0, "EQUIPCODE": "", "INVENVAL": 0, "HSDECL": "Y", "HSITEVAL": 358500, "VETEXAMT": 0, "EXPDESC": "", "ENDDATE": "", "STATUTE": "", "EXAMT_HS": 0, "EXAMT_NR": 0, "UVREDUC_HS": 0, "UVREDUC_NR": 0, "GLVAL_HS": 3585.0, "GLVAL_NR": 2772.0, "CRHOUSPCT": 0.0, "MUNGL1PCT": 6357.0, "AOEGL_HS": 3585.0, "AOEGL_NR": 2772.0, "E911ADDR": "300 MAPLE ST", "SHAPE_Length": 0.0018040323092675054, "SHAPE_Area": 2.0323972878287097e-07}, "geometry": {"type": "MultiPolygon", "coordinates": [[[[-73.20701323999998, 44.473973734000026], [-73.20745848999996, 44.47396085200006], [-73.20748912999994, 44.474416261000044], [-73.20704189299994, 44.47442760700005], [-73.20701323999998, 44.473973734000026]]]]}}, {"type": "Feature", "properties": {"OBJECTID": 277709, "SPAN": "114-035-17869", "GLIST_SPAN": "114-035-17869", "MAPID": "050-1-064-000", "PARCID": "050-1-064.000", "PROPTYPE": "PARCEL", "YEAR": 2018, "GLYEAR": 2022, "TOWN": "BURLINGTON", "TNAME": "Burlington", "SOURCENAME": null, "SOURCETYPE": "UNKNOWN", "SOURCEDATE": "UNKNOWN", "EDITMETHOD": "UNKNOWN", "EDITOR": "UNKNOWN", "EDITDATE": "UNKNOWN", "MATCHSTAT": "MATCH", "EDITNOTE": "UNKNOWN", "OWNER1": "CHAMPLAIN COLLEGE INC.", "OWNER2": "", "ADDRGL1": "PO BOX 670", "ADDRGL2": "ATTN FINANCING", "CITYGL": "BURLINGTON", "STGL": "VT", "ZIPGL": "05401", "DESCPROP": "FEELEY HOUSE", "LOCAPROP": "N", "CAT": "Commercial", "RESCODE": "C", "ACRESGL": 0.09, "REAL_FLV": 391000, "HSTED_FLV": 0, "NRES_FLV": 391000, "LAND_LV": 391000, "IMPRV_LV": 0, "EQUIPVAL": 0, "EQUIPCODE": "", "INVENVAL": 0, "HSDECL": "N", "HSITEVAL": 0, "VETEXAMT": 0, "EXPDESC": "", "ENDDATE": "", "STATUTE": "", "EXAMT_HS": 0, "EXAMT_NR": 0, "UVREDUC_HS": 0, "UVREDUC_NR": 0, "GLVAL_HS": 0.0, "GLVAL_NR": 3910.0, "CRHOUSPCT": 0.0, "MUNGL1PCT": 3910.0, "AOEGL_HS": 0.0, "AOEGL_NR": 3910.0, "E911ADDR": "308 MAPLE ST", "SHAPE_Length": 0.0008565626420527212, "SHAPE_Area": 4.189208553298514e-08}, "geometry": {"type": "MultiPolygon", "coordinates": [[[[-73.20673918199998, 44.473981898000034], [-73.20688956199996, 44.47397759200004], [-73.20690743999995, 44.47425463800005], [-73.20675507799996, 44.47425754900007], [-73.20673918199998, 44.473981898000034]]]]}}, {"type": "Feature", "properties": {"OBJECTID": 277710, "SPAN": "114-035-17870", "GLIST_SPAN": "114-035-17870", "MAPID": "050-1-065-000", "PARCID": "050-1-065.000", "PROPTYPE": "PARCEL", "YEAR": 2018, "GLYEAR": 2022, "TOWN": "BURLINGTON", "TNAME": "Burlington", "SOURCENAME": null, "SOURCETYPE": "UNKNOWN", "SOURCEDATE": "UNKNOWN", "EDITMETHOD": "UNKNOWN", "EDITOR": "UNKNOWN", "EDITDATE": "UNKNOWN", "MATCHSTAT": "MATCH", "EDITNOTE": "UNKNOWN", "OWNER1": "CHAMPLAIN COLLEGE INC.", "OWNER2": "", "ADDRGL1": "PO BOX 670", "ADDRGL2": "ATTN FINANCING", "CITYGL": "BURLINGTON", "STGL": "VT", "ZIPGL": "05401", "DESCPROP": "L & B (ADMIN.)    Coolidge Hall", "LOCAPROP": "N", "CAT": "Commercial", "RESCODE": "C", "ACRESGL": 0.12, "REAL_FLV": 367900, "HSTED_FLV": 0, "NRES_FLV": 367900, "LAND_LV": 367900, "IMPRV_LV": 0, "EQUIPVAL": 0, "EQUIPCODE": "", "INVENVAL": 0, "HSDECL": "N", "HSITEVAL": 0, "VETEXAMT": 0, "EXPDESC": "", "ENDDATE": "", "STATUTE": "", "EXAMT_HS": 0, "EXAMT_NR": 0, "UVREDUC_HS": 0, "UVREDUC_NR": 0, "GLVAL_HS": 0.0, "GLVAL_NR": 3679.0, "CRHOUSPCT": 0.0, "MUNGL1PCT": 3679.0, "AOEGL_HS": 0.0, "AOEGL_NR": 3679.0, "E911ADDR": "312 MAPLE ST", "SHAPE_Length": 0.0009590342789801438, "SHAPE_Area": 5.616103748968268e-08}, "geometry": {"type": "MultiPolygon", "coordinates": [[[[-73.20653461499995, 44.47398766300006], [-73.20673918199998, 44.473981898000034], [-73.20675507799996, 44.47425754900007], [-73.20655206899994, 44.474262321000026], [-73.20653461499995, 44.47398766300006]]]]}}, {"type": "Feature", "properties": {"OBJECTID": 277711, "SPAN": "114-035-17871", "GLIST_SPAN": "114-035-17871", "MAPID": "050-1-066-000", "PARCID": "050-1-066.000", "PROPTYPE": "PARCEL", "YEAR": 2018, "GLYEAR": 2022, "TOWN": "BURLINGTON", "TNAME": "Burlington", "SOURCENAME": null, "SOURCETYPE": "UNKNOWN", "SOURCEDATE": "UNKNOWN", "EDITMETHOD": "UNKNOWN", "EDITOR": "UNKNOWN", "EDITDATE": "UNKNOWN", "MATCHSTAT": "MATCH", "EDITNOTE": "UNKNOWN", "OWNER1": "CHAMPLAIN COLLEGE INC.", "OWNER2": "", "ADDRGL1": "PO BOX 670", "ADDRGL2": "ATTN FINANCING", "CITYGL": "BURLINGTON", "STGL": "VT", "ZIPGL": "05401", "DESCPROP": "NEW SMITH 20U MCDONALD", "LOCAPROP": "N", "CAT": "Commercial", "RESCODE": "C", "ACRESGL": 1.59, "REAL_FLV": 1113800, "HSTED_FLV": 0, "NRES_FLV": 1113800, "LAND_LV": 1113800, "IMPRV_LV": 0, "EQUIPVAL": 0, "EQUIPCODE": "", "INVENVAL": 0, "HSDECL": "N", "HSITEVAL": 0, "VETEXAMT": 0, "EXPDESC": "", "ENDDATE": "", "STATUTE": "", "EXAMT_HS": 0, "EXAMT_NR": 0, "UVREDUC_HS": 0, "UVREDUC_NR": 0, "GLVAL_HS": 0.0, "GLVAL_NR": 11138.0, "CRHOUSPCT": 0.0, "MUNGL1PCT": 11138.0, "AOEGL_HS": 0.0, "AOEGL_NR": 11138.0, "E911ADDR": "225 SOUTH WILLARD ST", "SHAPE_Length": 0.004951808116764941, "SHAPE_Area": 7.36087232634925e-07}, "geometry": {"type": "MultiPolygon", "coordinates": [[[[-73.20612717699998, 44.47469326600003], [-73.20610005299994, 44.474365798000065], [-73.20546481899999, 44.474388987000054], [-73.20543365899994, 44.474019499000065], [-73.20653461499995, 44.47398766300006], [-73.20655206899994, 44.474262321000026], [-73.20675507799996, 44.47425754900007], [-73.20690743999995, 44.47425463800005], [-73.20688956199996, 44.47397759200004], [-73.20694845799994, 44.47397596300004], [-73.20699009499998, 44.47465924200003], [-73.20693473199998, 44.47466085000008], [-73.20630227199996, 44.474686278000036], [-73.20612717699998, 44.47469326600003]]]]}}, {"type": "Feature", "properties": {"OBJECTID": 277712, "SPAN": "114-035-17872", "GLIST_SPAN": "114-035-17872", "MAPID": "050-1-067-000", "PARCID": "050-1-067.000", "PROPTYPE": "PARCEL", "YEAR": 2018, "GLYEAR": 2022, "TOWN": "BURLINGTON", "TNAME": "Burlington", "SOURCENAME": null, "SOURCETYPE": "UNKNOWN", "SOURCEDATE": "UNKNOWN", "EDITMETHOD": "UNKNOWN", "EDITOR": "UNKNOWN", "EDITDATE": "UNKNOWN", "MATCHSTAT": "MATCH", "EDITNOTE": "UNKNOWN", "OWNER1": "CHAMPLAIN COLLEGE INC.", "OWNER2": "", "ADDRGL1": "PO BOX 670", "ADDRGL2": "ATTN FINANCING", "CITYGL": "BURLINGTON", "STGL": "VT", "ZIPGL": "05401", "DESCPROP": "WHITING (DORM 9BROOMS)    Nurse`s Room i", "LOCAPROP": "N", "CAT": "Commercial", "RESCODE": "C", "ACRESGL": 0.45, "REAL_FLV": 496000, "HSTED_FLV": 0, "NRES_FLV": 496000, "LAND_LV": 496000, "IMPRV_LV": 0, "EQUIPVAL": 0, "EQUIPCODE": "", "INVENVAL": 0, "HSDECL": "N", "HSITEVAL": 0, "VETEXAMT": 0, "EXPDESC": "", "ENDDATE": "", "STATUTE": "", "EXAMT_HS": 0, "EXAMT_NR": 0, "UVREDUC_HS": 0, "UVREDUC_NR": 0, "GLVAL_HS": 0.0, "GLVAL_NR": 4960.0, "CRHOUSPCT": 0.0, "MUNGL1PCT": 4960.0, "AOEGL_HS": 0.0, "AOEGL_NR": 4960.0, "E911ADDR": "203 SOUTH WILLARD ST", "SHAPE_Length": 0.00192813653189377, "SHAPE_Area": 2.0858842462228344e-07}, "geometry": {"type": "MultiPolygon", "coordinates": [[[[-73.20546481899999, 44.474388987000054], [-73.20610005299994, 44.474365798000065], [-73.20612717699998, 44.47469326600003], [-73.20549233099996, 44.47471645400003], [-73.20546481899999, 44.474388987000054]]]]}}, {"type": "Feature", "properties": {"OBJECTID": 277784, "SPAN": "114-035-17952", "GLIST_SPAN": "114-035-17952", "MAPID": "050-2-012-000", "PARCID": "050-2-012.000", "PROPTYPE": "PARCEL", "YEAR": 2018, "GLYEAR": 2022, "TOWN": "BURLINGTON", "TNAME": "Burlington", "SOURCENAME": null, "SOURCETYPE": "UNKNOWN", "SOURCEDATE": "UNKNOWN", "EDITMETHOD": "UNKNOWN", "EDITOR": "UNKNOWN", "EDITDATE": "UNKNOWN", "MATCHSTAT": "MATCH", "EDITNOTE": "UNKNOWN", "OWNER1": "CHAMPLAIN COLLEGE INC.", "OWNER2": "", "ADDRGL1": "PO BOX 670", "ADDRGL2": "ATTN FINANCING", "CITYGL": "BURLINGTON", "STGL": "VT", "ZIPGL": "05401", "DESCPROP": "BANKUS HALL  CHAMPLAIN COLLEGE DORM 13U", "LOCAPROP": "N", "CAT": "Commercial", "RESCODE": "C", "ACRESGL": 0.93, "REAL_FLV": 1203000, "HSTED_FLV": 0, "NRES_FLV": 1203000, "LAND_LV": 1203000, "IMPRV_LV": 0, "EQUIPVAL": 0, "EQUIPCODE": "", "INVENVAL": 0, "HSDECL": "N", "HSITEVAL": 0, "VETEXAMT": 0, "EXPDESC": "", "ENDDATE": "", "STATUTE": "", "EXAMT_HS": 0, "EXAMT_NR": 0, "UVREDUC_HS": 0, "UVREDUC_NR": 0, "GLVAL_HS": 0.0, "GLVAL_NR": 12030.0, "CRHOUSPCT": 0.0, "MUNGL1PCT": 12030.0, "AOEGL_HS": 0.0, "AOEGL_NR": 12030.0, "E911ADDR": "285 SOUTH WILLARD ST", "SHAPE_Length": 0.0036203039491963366, "SHAPE_Area": 4.211671570826377e-07}, "geometry": {"type": "MultiPolygon", "coordinates": [[[[-73.20642952199995, 44.47195063600003], [-73.20681232799996, 44.47193941000006], [-73.20682184999998, 44.47207757700005], [-73.20683056099995, 44.47221349900008], [-73.20651372599997, 44.47222375600006], [-73.20529617699998, 44.47225771700005], [-73.20527445199997, 44.47198660200007], [-73.20595877499994, 44.47196507800004], [-73.20619394899995, 44.47195757800006], [-73.20642952199995, 44.47195063600003]]]]}}, {"type": "Feature", "properties": {"OBJECTID": 277785, "SPAN": "114-035-17953", "GLIST_SPAN": "114-035-17953", "MAPID": "050-2-013-000", "PARCID": "050-2-013.000", "PROPTYPE": "PARCEL", "YEAR": 2018, "GLYEAR": 2022, "TOWN": "BURLINGTON", "TNAME": "Burlington", "SOURCENAME": null, "SOURCETYPE": "UNKNOWN", "SOURCEDATE": "UNKNOWN", "EDITMETHOD": "UNKNOWN", "EDITOR": "UNKNOWN", "EDITDATE": "UNKNOWN", "MATCHSTAT": "MATCH", "EDITNOTE": "UNKNOWN", "OWNER1": "CHAMPLAIN COLLEGE INC.", "OWNER2": "", "ADDRGL1": "PO BOX 670", "ADDRGL2": "ATTN FINANCING", "CITYGL": "BURLINGTON", "STGL": "VT", "ZIPGL": "05401", "DESCPROP": "ROWELL 20U", "LOCAPROP": "N", "CAT": "Commercial", "RESCODE": "C", "ACRESGL": 0.73, "REAL_FLV": 972800, "HSTED_FLV": 0, "NRES_FLV": 972800, "LAND_LV": 972800, "IMPRV_LV": 0, "EQUIPVAL": 0, "EQUIPCODE": "", "INVENVAL": 0, "HSDECL": "N", "HSITEVAL": 0, "VETEXAMT": 0, "EXPDESC": "", "ENDDATE": "", "STATUTE": "", "EXAMT_HS": 0, "EXAMT_NR": 0, "UVREDUC_HS": 0, "UVREDUC_NR": 0, "GLVAL_HS": 0.0, "GLVAL_NR": 9728.0, "CRHOUSPCT": 0.0, "MUNGL1PCT": 9728.0, "AOEGL_HS": 0.0, "AOEGL_NR": 9728.0, "E911ADDR": "275 SOUTH WILLARD ST", "SHAPE_Length": 0.0029889253467385475, "SHAPE_Area": 3.364429202392063e-07}, "geometry": {"type": "MultiPolygon", "coordinates": [[[[-73.20529617699998, 44.47225771700005], [-73.20651372599997, 44.47222375600006], [-73.20653550899993, 44.47249923000004], [-73.20531835399998, 44.47253375200006], [-73.20529617699998, 44.47225771700005]]]]}}, {"type": "Feature", "properties": {"OBJECTID": 277786, "SPAN": "114-035-17954", "GLIST_SPAN": "114-035-17954", "MAPID": "050-2-014-000", "PARCID": "050-2-014.000", "PROPTYPE": "PARCEL", "YEAR": 2018, "GLYEAR": 2022, "TOWN": "BURLINGTON", "TNAME": "Burlington", "SOURCENAME": null, "SOURCETYPE": "UNKNOWN", "SOURCEDATE": "UNKNOWN", "EDITMETHOD": "UNKNOWN", "EDITOR": "UNKNOWN", "EDITDATE": "UNKNOWN", "MATCHSTAT": "MATCH", "EDITNOTE": "UNKNOWN", "OWNER1": "GRAFFEO ANTHONY C", "OWNER2": "GRAFFEO MARIA E", "ADDRGL1": "267 SOUTH WILLARD STREET", "ADDRGL2": "", "CITYGL": "BURLINGTON", "STGL": "VT", "ZIPGL": "05401", "DESCPROP": "SINGLE FAM HOUSE", "LOCAPROP": "", "CAT": "Residential-1", "RESCODE": "T", "ACRESGL": 1.46, "REAL_FLV": 939400, "HSTED_FLV": 939400, "NRES_FLV": 0, "LAND_LV": 376500, "IMPRV_LV": 562900, "EQUIPVAL": 0, "EQUIPCODE": "", "INVENVAL": 0, "HSDECL": "Y", "HSITEVAL": 939400, "VETEXAMT": 0, "EXPDESC": "", "ENDDATE": "", "STATUTE": "", "EXAMT_HS": 0, "EXAMT_NR": 0, "UVREDUC_HS": 0, "UVREDUC_NR": 0, "GLVAL_HS": 9394.0, "GLVAL_NR": 0.0, "CRHOUSPCT": 0.0, "MUNGL1PCT": 9394.0, "AOEGL_HS": 9394.0, "AOEGL_NR": 0.0, "E911ADDR": "267 SOUTH WILLARD ST", "SHAPE_Length": 0.00490456595389207, "SHAPE_Area": 6.676436317847363e-07}, "geometry": {"type": "MultiPolygon", "coordinates": [[[[-73.20682184999998, 44.47207757700005], [-73.20706062199997, 44.47207525500005], [-73.20707018099995, 44.47224885800006], [-73.20708264699994, 44.47243552000003], [-73.20709271899995, 44.472619103000056], [-73.20710026599994, 44.472756298000036], [-73.20687213599996, 44.47276178800007], [-73.20534091699994, 44.47280908100004], [-73.20531835399998, 44.47253375200006], [-73.20653550899993, 44.47249923000004], [-73.20651372599997, 44.47222375600006], [-73.20683056099995, 44.47221349900008], [-73.20682184999998, 44.47207757700005]]]]}}, {"type": "Feature", "properties": {"OBJECTID": 277787, "SPAN": "114-035-17955", "GLIST_SPAN": "114-035-17955", "MAPID": "050-2-015-000", "PARCID": "050-2-015.000", "PROPTYPE": "PARCEL", "YEAR": 2018, "GLYEAR": 2022, "TOWN": "BURLINGTON", "TNAME": "Burlington", "SOURCENAME": null, "SOURCETYPE": "UNKNOWN", "SOURCEDATE": "UNKNOWN", "EDITMETHOD": "UNKNOWN", "EDITOR": "UNKNOWN", "EDITDATE": "UNKNOWN", "MATCHSTAT": "MATCH", "EDITNOTE": "UNKNOWN", "OWNER1": "CHAMPLAIN COLLEGE INC.", "OWNER2": "", "ADDRGL1": "PO BOX 670", "ADDRGL2": "ATTN FINANCING", "CITYGL": "BURLINGTON", "STGL": "VT", "ZIPGL": "05401", "DESCPROP": "PERRY HALL CANNON HOUSE", "LOCAPROP": "N", "CAT": "Commercial", "RESCODE": "C", "ACRESGL": 2.27, "REAL_FLV": 1544300, "HSTED_FLV": 0, "NRES_FLV": 1544300, "LAND_LV": 1544300, "IMPRV_LV": 0, "EQUIPVAL": 0, "EQUIPCODE": "", "INVENVAL": 0, "HSDECL": "N", "HSITEVAL": 0, "VETEXAMT": 0, "EXPDESC": "", "ENDDATE": "", "STATUTE": "", "EXAMT_HS": 0, "EXAMT_NR": 0, "UVREDUC_HS": 0, "UVREDUC_NR": 0, "GLVAL_HS": 0.0, "GLVAL_NR": 15443.0, "CRHOUSPCT": 0.0, "MUNGL1PCT": 15443.0, "AOEGL_HS": 0.0, "AOEGL_NR": 15443.0, "E911ADDR": "251 SOUTH WILLARD ST", "SHAPE_Length": 0.0046986776507341385, "SHAPE_Area": 1.040515717412044e-06}, "geometry": {"type": "MultiPolygon", "coordinates": [[[[-73.20687213599996, 44.47276178800007], [-73.20710026599994, 44.472756298000036], [-73.20710353399994, 44.472799165000026], [-73.20711632399997, 44.47298020000005], [-73.20712908499996, 44.47315870500006], [-73.20714270199994, 44.47334311000003], [-73.20711679099998, 44.47334411400004], [-73.20661660899998, 44.473361271000044], [-73.20619729499998, 44.473374973000034], [-73.20615764599995, 44.47337662500007], [-73.20538930999999, 44.47340288700008], [-73.20534091699994, 44.47280908100004], [-73.20687213599996, 44.47276178800007]]]]}}, {"type": "Feature", "properties": {"OBJECTID": 277788, "SPAN": "114-035-17956", "GLIST_SPAN": "114-035-17956", "MAPID": "050-2-016-000", "PARCID": "050-2-016.000", "PROPTYPE": "PARCEL", "YEAR": 2018, "GLYEAR": 2022, "TOWN": "BURLINGTON", "TNAME": "Burlington", "SOURCENAME": null, "SOURCETYPE": "UNKNOWN", "SOURCEDATE": "UNKNOWN", "EDITMETHOD": "UNKNOWN", "EDITOR": "UNKNOWN", "EDITDATE": "UNKNOWN", "MATCHSTAT": "MATCH", "EDITNOTE": "UNKNOWN", "OWNER1": "CHAMPLAIN COLLEGE INC.", "OWNER2": "", "ADDRGL1": "PO BOX 670", "ADDRGL2": "ATTN FINANCING", "CITYGL": "BURLINGTON", "STGL": "VT", "ZIPGL": "05401", "DESCPROP": "LYMAN DORM  18 PARKING SPACES", "LOCAPROP": "N", "CAT": "Commercial", "RESCODE": "C", "ACRESGL": 0.37, "REAL_FLV": 670700, "HSTED_FLV": 0, "NRES_FLV": 670700, "LAND_LV": 670700, "IMPRV_LV": 0, "EQUIPVAL": 0, "EQUIPCODE": "", "INVENVAL": 0, "HSDECL": "N", "HSITEVAL": 0, "VETEXAMT": 0, "EXPDESC": "", "ENDDATE": "", "STATUTE": "", "EXAMT_HS": 0, "EXAMT_NR": 0, "UVREDUC_HS": 0, "UVREDUC_NR": 0, "GLVAL_HS": 0.0, "GLVAL_NR": 6707.0, "CRHOUSPCT": 0.0, "MUNGL1PCT": 6707.0, "AOEGL_HS": 0.0, "AOEGL_NR": 6707.0, "E911ADDR": "237 SOUTH WILLARD ST", "SHAPE_Length": 0.002068423088431482, "SHAPE_Area": 1.831652555475055e-07}, "geometry": {"type": "MultiPolygon", "coordinates": [[[[-73.20615764599995, 44.47337662500007], [-73.20619729499998, 44.473374973000034], [-73.20621225999997, 44.47360619500006], [-73.20602692499995, 44.473610575000066], [-73.20540730699997, 44.47362523100003], [-73.20538939999994, 44.473404009000035], [-73.20538930999999, 44.47340288700008], [-73.20615764599995, 44.47337662500007]]]]}}, {"type": "Feature", "properties": {"OBJECTID": 279364, "SPAN": "114-035-20567", "GLIST_SPAN": "114-035-20567", "MAPID": "049-3-208-000", "PARCID": "049-3-208.000", "PROPTYPE": "PARCEL", "YEAR": 2018, "GLYEAR": 2022, "TOWN": "BURLINGTON", "TNAME": "Burlington", "SOURCENAME": null, "SOURCETYPE": "UNKNOWN", "SOURCEDATE": "UNKNOWN", "EDITMETHOD": "UNKNOWN", "EDITOR": "UNKNOWN", "EDITDATE": "UNKNOWN", "MATCHSTAT": "MATCH", "EDITNOTE": "UNKNOWN", "OWNER1": "HEATH MONICA", "OWNER2": "", "ADDRGL1": "2296 GUYLOT  RD", "ADDRGL2": "", "CITYGL": "CRAFTSBURY", "STGL": "VT", "ZIPGL": "05826", "DESCPROP": "", "LOCAPROP": "", "CAT": "Residential-1", "RESCODE": "T", "ACRESGL": 0.09, "REAL_FLV": 558300, "HSTED_FLV": 0, "NRES_FLV": 558300, "LAND_LV": 155500, "IMPRV_LV": 402800, "EQUIPVAL": 0, "EQUIPCODE": "", "INVENVAL": 0, "HSDECL": "N", "HSITEVAL": 558300, "VETEXAMT": 0, "EXPDESC": "", "ENDDATE": "", "STATUTE": "", "EXAMT_HS": 0, "EXAMT_NR": 0, "UVREDUC_HS": 0, "UVREDUC_NR": 0, "GLVAL_HS": 0.0, "GLVAL_NR": 5583.0, "CRHOUSPCT": 0.0, "MUNGL1PCT": 5583.0, "AOEGL_HS": 0.0, "AOEGL_NR": 5583.0, "E911ADDR": "223 KING ST", "SHAPE_Length": 0.0007487619964062406, "SHAPE_Area": 3.4712254172841965e-08}, "geometry": {"type": "MultiPolygon", "coordinates": [[[[-73.20942113599995, 44.474612990000026], [-73.20962632699997, 44.47460932200005], [-73.20963229999995, 44.47477741200004], [-73.20942717799994, 44.47478302600007], [-73.20942113599995, 44.474612990000026]]]]}}, {"type": "Feature", "properties": {"OBJECTID": 320289, "SPAN": null, "GLIST_SPAN": null, "MAPID": "049-4-193-000", "PARCID": null, "PROPTYPE": "PARCEL", "YEAR": 2018, "GLYEAR": null, "TOWN": "BURLINGTON", "TNAME": null, "SOURCENAME": null, "SOURCETYPE": "UNKNOWN", "SOURCEDATE": "UNKNOWN", "EDITMETHOD": "UNKNOWN", "EDITOR": "UNKNOWN", "EDITDATE": "UNKNOWN", "MATCHSTAT": "UNMATCHED", "EDITNOTE": "UNKNOWN", "OWNER1": null, "OWNER2": null, "ADDRGL1": null, "ADDRGL2": null, "CITYGL": null, "STGL": null, "ZIPGL": null, "DESCPROP": null, "LOCAPROP": null, "CAT": null, "RESCODE": null, "ACRESGL": null, "REAL_FLV": null, "HSTED_FLV": null, "NRES_FLV": null, "LAND_LV": null, "IMPRV_LV": null, "EQUIPVAL": null, "EQUIPCODE": null, "INVENVAL": null, "HSDECL": null, "HSITEVAL": null, "VETEXAMT": null, "EXPDESC": null, "ENDDATE": null, "STATUTE": null, "EXAMT_HS": null, "EXAMT_NR": null, "UVREDUC_HS": null, "UVREDUC_NR": null, "GLVAL_HS": null, "GLVAL_NR": null, "CRHOUSPCT": null, "MUNGL1PCT": null, "AOEGL_HS": null, "AOEGL_NR": null, "E911ADDR": null, "SHAPE_Length": 0.0015526223708331806, "SHAPE_Area": 1.1597116289374485e-07}, "geometry": {"type": "MultiPolygon", "coordinates": [[[[-73.20880737499994, 44.471989620000045], [-73.20938015799999, 44.47196848700003], [-73.20939322199996, 44.472171597000056], [-73.20881804599998, 44.47218979200005], [-73.20880737499994, 44.471989620000045]]]]}}, {"type": "Feature", "properties": {"OBJECTID": 320340, "SPAN": null, "GLIST_SPAN": null, "MAPID": "049-3-193-000", "PARCID": null, "PROPTYPE": "PARCEL", "YEAR": 2018, "GLYEAR": null, "TOWN": "BURLINGTON", "TNAME": null, "SOURCENAME": null, "SOURCETYPE": "UNKNOWN", "SOURCEDATE": "UNKNOWN", "EDITMETHOD": "UNKNOWN", "EDITOR": "UNKNOWN", "EDITDATE": "UNKNOWN", "MATCHSTAT": "UNMATCHED", "EDITNOTE": "UNKNOWN", "OWNER1": null, "OWNER2": null, "ADDRGL1": null, "ADDRGL2": null, "CITYGL": null, "STGL": null, "ZIPGL": null, "DESCPROP": null, "LOCAPROP": null, "CAT": null, "RESCODE": null, "ACRESGL": null, "REAL_FLV": null, "HSTED_FLV": null, "NRES_FLV": null, "LAND_LV": null, "IMPRV_LV": null, "EQUIPVAL": null, "EQUIPCODE": null, "INVENVAL": null, "HSDECL": null, "HSITEVAL": null, "VETEXAMT": null, "EXPDESC": null, "ENDDATE": null, "STATUTE": null, "EXAMT_HS": null, "EXAMT_NR": null, "UVREDUC_HS": null, "UVREDUC_NR": null, "GLVAL_HS": null, "GLVAL_NR": null, "CRHOUSPCT": null, "MUNGL1PCT": null, "AOEGL_HS": null, "AOEGL_NR": null, "E911ADDR": null, "SHAPE_Length": 0.0027479486320804857, "SHAPE_Area": 2.155306858306898e-07}, "geometry": {"type": "MultiPolygon", "coordinates": [[[[-73.20843693999996, 44.47438690200005], [-73.20874788599997, 44.47437583300007], [-73.20874814499996, 44.47438077600003], [-73.20875758199998, 44.474560403000055], [-73.20843990099996, 44.474566733000074], [-73.20756395599994, 44.47459522400004], [-73.20755710099996, 44.47441794800005], [-73.20775690099998, 44.474407711000026], [-73.20792377299995, 44.47440288000007], [-73.20805962399999, 44.47439880400003], [-73.20810634499998, 44.47439710800006], [-73.20843693999996, 44.47438690200005]]]]}}, {"type": "Feature", "properties": {"OBJECTID": 320407, "SPAN": null, "GLIST_SPAN": null, "MAPID": "049-3-192-000", "PARCID": null, "PROPTYPE": "PARCEL", "YEAR": 2018, "GLYEAR": null, "TOWN": "BURLINGTON", "TNAME": null, "SOURCENAME": null, "SOURCETYPE": "UNKNOWN", "SOURCEDATE": "UNKNOWN", "EDITMETHOD": "UNKNOWN", "EDITOR": "UNKNOWN", "EDITDATE": "UNKNOWN", "MATCHSTAT": "UNMATCHED", "EDITNOTE": "UNKNOWN", "OWNER1": null, "OWNER2": null, "ADDRGL1": null, "ADDRGL2": null, "CITYGL": null, "STGL": null, "ZIPGL": null, "DESCPROP": null, "LOCAPROP": null, "CAT": null, "RESCODE": null, "ACRESGL": null, "REAL_FLV": null, "HSTED_FLV": null, "NRES_FLV": null, "LAND_LV": null, "IMPRV_LV": null, "EQUIPVAL": null, "EQUIPCODE": null, "INVENVAL": null, "HSDECL": null, "HSITEVAL": null, "VETEXAMT": null, "EXPDESC": null, "ENDDATE": null, "STATUTE": null, "EXAMT_HS": null, "EXAMT_NR": null, "UVREDUC_HS": null, "UVREDUC_NR": null, "GLVAL_HS": null, "GLVAL_NR": null, "CRHOUSPCT": null, "MUNGL1PCT": null, "AOEGL_HS": null, "AOEGL_NR": null, "E911ADDR": null, "SHAPE_Length": 0.0027470211592742354, "SHAPE_Area": 2.163996222743148e-07}, "geometry": {"type": "MultiPolygon", "coordinates": [[[[-73.20843990099996, 44.474566733000074], [-73.20875758199998, 44.474560403000055], [-73.20876681999994, 44.47473949000005], [-73.20844289199994, 44.47474895300007], [-73.20757477999996, 44.474775849000025], [-73.20756395599994, 44.47459522400004], [-73.20843990099996, 44.474566733000074]]]]}}, {"type": "Feature", "properties": {"OBJECTID": 320413, "SPAN": null, "GLIST_SPAN": null, "MAPID": "049-3-082-000", "PARCID": null, "PROPTYPE": "PARCEL", "YEAR": 2018, "GLYEAR": null, "TOWN": "BURLINGTON", "TNAME": null, "SOURCENAME": null, "SOURCETYPE": "UNKNOWN", "SOURCEDATE": "UNKNOWN", "EDITMETHOD": "UNKNOWN", "EDITOR": "UNKNOWN", "EDITDATE": "UNKNOWN", "MATCHSTAT": "UNMATCHED", "EDITNOTE": "UNKNOWN", "OWNER1": null, "OWNER2": null, "ADDRGL1": null, "ADDRGL2": null, "CITYGL": null, "STGL": null, "ZIPGL": null, "DESCPROP": null, "LOCAPROP": null, "CAT": null, "RESCODE": null, "ACRESGL": null, "REAL_FLV": null, "HSTED_FLV": null, "NRES_FLV": null, "LAND_LV": null, "IMPRV_LV": null, "EQUIPVAL": null, "EQUIPCODE": null, "INVENVAL": null, "HSDECL": null, "HSITEVAL": null, "VETEXAMT": null, "EXPDESC": null, "ENDDATE": null, "STATUTE": null, "EXAMT_HS": null, "EXAMT_NR": null, "UVREDUC_HS": null, "UVREDUC_NR": null, "GLVAL_HS": null, "GLVAL_NR": null, "CRHOUSPCT": null, "MUNGL1PCT": null, "AOEGL_HS": null, "AOEGL_NR": null, "E911ADDR": null, "SHAPE_Length": 0.0006636760748573904, "SHAPE_Area": 2.6651179114749812e-08}, "geometry": {"type": "MultiPolygon", "coordinates": [[[[-73.21088474799996, 44.47438856700006], [-73.21107953699999, 44.47438622900006], [-73.21108744499998, 44.47451990700006], [-73.21089153799994, 44.47452731300007], [-73.21089106899996, 44.47452098800005], [-73.21088525099998, 44.47439770300008], [-73.21088474799996, 44.47438856700006]]]]}}, {"type": "Feature", "properties": {"OBJECTID": 320472, "SPAN": null, "GLIST_SPAN": null, "MAPID": "888-8-888-888", "PARCID": null, "PROPTYPE": "PARCEL", "YEAR": 2018, "GLYEAR": null, "TOWN": "BURLINGTON", "TNAME": null, "SOURCENAME": null, "SOURCETYPE": "UNKNOWN", "SOURCEDATE": "UNKNOWN", "EDITMETHOD": "UNKNOWN", "EDITOR": "UNKNOWN", "EDITDATE": "UNKNOWN", "MATCHSTAT": "UNMATCHED", "EDITNOTE": "UNKNOWN", "OWNER1": null, "OWNER2": null, "ADDRGL1": null, "ADDRGL2": null, "CITYGL": null, "STGL": null, "ZIPGL": null, "DESCPROP": null, "LOCAPROP": null, "CAT": null, "RESCODE": null, "ACRESGL": null, "REAL_FLV": null, "HSTED_FLV": null, "NRES_FLV": null, "LAND_LV": null, "IMPRV_LV": null, "EQUIPVAL": null, "EQUIPCODE": null, "INVENVAL": null, "HSDECL": null, "HSITEVAL": null, "VETEXAMT": null, "EXPDESC": null, "ENDDATE": null, "STATUTE": null, "EXAMT_HS": null, "EXAMT_NR": null, "UVREDUC_HS": null, "UVREDUC_NR": null, "GLVAL_HS": null, "GLVAL_NR": null, "CRHOUSPCT": null, "MUNGL1PCT": null, "AOEGL_HS": null, "AOEGL_NR": null, "E911ADDR": null, "SHAPE_Length": 0.00011592161291168888, "SHAPE_Area": 8.182278730950486e-10}, "geometry": {"type": "MultiPolygon", "coordinates": [[[[-73.21060991999997, 44.47439815200005], [-73.21064525899999, 44.47439722900003], [-73.21064163699998, 44.47442242100004], [-73.21061100199995, 44.47442261200007], [-73.21060991999997, 44.47439815200005]]]]}}, {"type": "Feature", "properties": {"OBJECTID": 269190, "SPAN": "114-035-18160", "GLIST_SPAN": "114-035-18160", "MAPID": "050-4-007-000", "PARCID": "050-4-007.000", "PROPTYPE": "PARCEL", "YEAR": 2018, "GLYEAR": 2022, "TOWN": "BURLINGTON", "TNAME": "Burlington", "SOURCENAME": null, "SOURCETYPE": "UNKNOWN", "SOURCEDATE": "UNKNOWN", "EDITMETHOD": "UNKNOWN", "EDITOR": "UNKNOWN", "EDITDATE": "UNKNOWN", "MATCHSTAT": "MATCH", "EDITNOTE": "UNKNOWN", "OWNER1": "LINDER ROBERT E", "OWNER2": "LINDER SALLY E", "ADDRGL1": "122 SUMMIT STREET", "ADDRGL2": "", "CITYGL": "BURLINGTON", "STGL": "VT", "ZIPGL": "05401", "DESCPROP": "SINGLE FAMILY HOUSE", "LOCAPROP": "", "CAT": "Residential-1", "RESCODE": "T", "ACRESGL": 0.34, "REAL_FLV": 1165200, "HSTED_FLV": 1165200, "NRES_FLV": 0, "LAND_LV": 259900, "IMPRV_LV": 905300, "EQUIPVAL": 0, "EQUIPCODE": "", "INVENVAL": 0, "HSDECL": "Y", "HSITEVAL": 1165200, "VETEXAMT": 0, "EXPDESC": "", "ENDDATE": "", "STATUTE": "", "EXAMT_HS": 0, "EXAMT_NR": 0, "UVREDUC_HS": 0, "UVREDUC_NR": 0, "GLVAL_HS": 11652.0, "GLVAL_NR": 0.0, "CRHOUSPCT": 0.0, "MUNGL1PCT": 11652.0, "AOEGL_HS": 11652.0, "AOEGL_NR": 0.0, "E911ADDR": "122 SUMMIT ST", "SHAPE_Length": 0.0018358923907328677, "SHAPE_Area": 1.607804851498638e-07}, "geometry": {"type": "MultiPolygon", "coordinates": [[[[-73.20132919799994, 44.47261231400006], [-73.20200797599995, 44.47258620700006], [-73.20202454399998, 44.47282149800003], [-73.20133987199995, 44.472847640000055], [-73.20133135999998, 44.47266165700006], [-73.20132919799994, 44.47261231400006]]]]}}, {"type": "Feature", "properties": {"OBJECTID": 269285, "SPAN": "114-035-18161", "GLIST_SPAN": "114-035-18161", "MAPID": "050-4-008-000", "PARCID": "050-4-008.000", "PROPTYPE": "PARCEL", "YEAR": 2018, "GLYEAR": 2022, "TOWN": "BURLINGTON", "TNAME": "Burlington", "SOURCENAME": null, "SOURCETYPE": "UNKNOWN", "SOURCEDATE": "UNKNOWN", "EDITMETHOD": "UNKNOWN", "EDITOR": "UNKNOWN", "EDITDATE": "UNKNOWN", "MATCHSTAT": "MATCH", "EDITNOTE": "UNKNOWN", "OWNER1": "GLOUCHEVITCH NOELLE J", "OWNER2": "ARNOLD LOUISE", "ADDRGL1": "128 SUMMIT STREET", "ADDRGL2": "", "CITYGL": "BURLINGTON", "STGL": "VT", "ZIPGL": "05401", "DESCPROP": "SIDE-BY-SIDE TOWNHOUSE", "LOCAPROP": "N", "CAT": "Residential-1", "RESCODE": "T", "ACRESGL": 0.17, "REAL_FLV": 522800, "HSTED_FLV": 522800, "NRES_FLV": 0, "LAND_LV": 211400, "IMPRV_LV": 311400, "EQUIPVAL": 0, "EQUIPCODE": "", "INVENVAL": 0, "HSDECL": "Y", "HSITEVAL": 522800, "VETEXAMT": 0, "EXPDESC": "", "ENDDATE": "", "STATUTE": "", "EXAMT_HS": 0, "EXAMT_NR": 0, "UVREDUC_HS": 0, "UVREDUC_NR": 0, "GLVAL_HS": 5228.0, "GLVAL_NR": 0.0, "CRHOUSPCT": 0.0, "MUNGL1PCT": 5228.0, "AOEGL_HS": 5228.0, "AOEGL_NR": 0.0, "E911ADDR": "128 SUMMIT ST", "SHAPE_Length": 0.001569133015920548, "SHAPE_Area": 7.450174226029115e-08}, "geometry": {"type": "MultiPolygon", "coordinates": [[[[-73.20131950499996, 44.47239329200005], [-73.20199162499995, 44.47236891400007], [-73.20199362199997, 44.472404478000044], [-73.20199881999997, 44.47247770800004], [-73.20132398899995, 44.47250533700003], [-73.20132127699998, 44.47244291900006], [-73.20132112199997, 44.47242998400003], [-73.20131950499996, 44.47239329200005]]]]}}, {"type": "Feature", "properties": {"OBJECTID": 276192, "SPAN": "114-035-17959", "GLIST_SPAN": "114-035-17960", "MAPID": "050-2-019-000", "PARCID": "050-2-019.001", "PROPTYPE": "PARCEL", "YEAR": 2018, "GLYEAR": 2022, "TOWN": "BURLINGTON", "TNAME": "Burlington", "SOURCENAME": null, "SOURCETYPE": "UNKNOWN", "SOURCEDATE": "UNKNOWN", "EDITMETHOD": "UNKNOWN", "EDITOR": "UNKNOWN", "EDITDATE": "UNKNOWN", "MATCHSTAT": "MATCH", "EDITNOTE": "UNKNOWN", "OWNER1": "CHAMPLAIN COLLEGE INC.", "OWNER2": "", "ADDRGL1": "PO BOX 670", "ADDRGL2": "ATTN FINANCING", "CITYGL": "BURLINGTON", "STGL": "VT", "ZIPGL": "05401", "DESCPROP": "JOYCE HALL", "LOCAPROP": "N", "CAT": "Commercial", "RESCODE": "C", "ACRESGL": 0.0, "REAL_FLV": 4522100, "HSTED_FLV": 0, "NRES_FLV": 4522100, "LAND_LV": 34600, "IMPRV_LV": 4487500, "EQUIPVAL": 0, "EQUIPCODE": "", "INVENVAL": 0, "HSDECL": "N", "HSITEVAL": 0, "VETEXAMT": 0, "EXPDESC": "Statutory", "ENDDATE": "", "STATUTE": "", "EXAMT_HS": 0, "EXAMT_NR": 0, "UVREDUC_HS": 0, "UVREDUC_NR": 0, "GLVAL_HS": 0.0, "GLVAL_NR": 0.0, "CRHOUSPCT": 0.0, "MUNGL1PCT": 0.0, "AOEGL_HS": 0.0, "AOEGL_NR": 0.0, "E911ADDR": "387 MAPLE ST", "SHAPE_Length": 0.00337720666942413, "SHAPE_Area": 3.850032093068269e-07}, "geometry": {"type": "MultiPolygon", "coordinates": [[[[-73.20368433299996, 44.47281789300007], [-73.20510121899997, 44.47276739100005], [-73.20512017999994, 44.47303725800003], [-73.20425451999995, 44.47307002000008], [-73.20370408699995, 44.47308902000003], [-73.20368818999998, 44.47287735000003], [-73.20368433299996, 44.47281789300007]]]]}}, {"type": "Feature", "properties": {"OBJECTID": 276193, "SPAN": "114-035-17961", "GLIST_SPAN": "114-035-17961", "MAPID": "050-2-020-000", "PARCID": "050-2-020.000", "PROPTYPE": "PARCEL", "YEAR": 2018, "GLYEAR": 2022, "TOWN": "BURLINGTON", "TNAME": "Burlington", "SOURCENAME": null, "SOURCETYPE": "UNKNOWN", "SOURCEDATE": "UNKNOWN", "EDITMETHOD": "UNKNOWN", "EDITOR": "UNKNOWN", "EDITDATE": "UNKNOWN", "MATCHSTAT": "MATCH", "EDITNOTE": "UNKNOWN", "OWNER1": "CHAMPLAIN COLLEGE INC", "OWNER2": "", "ADDRGL1": "ATTN FINANCING", "ADDRGL2": "PO BOX 670", "CITYGL": "BURLINGTON", "STGL": "VT", "ZIPGL": "05402", "DESCPROP": "STUDENT LIFE CENTER  DINING HALL AND FIT", "LOCAPROP": "N", "CAT": "Commercial", "RESCODE": "C", "ACRESGL": 1.07, "REAL_FLV": 103900, "HSTED_FLV": 0, "NRES_FLV": 103900, "LAND_LV": 103900, "IMPRV_LV": 0, "EQUIPVAL": 0, "EQUIPCODE": "", "INVENVAL": 0, "HSDECL": "N", "HSITEVAL": 0, "VETEXAMT": 0, "EXPDESC": "", "ENDDATE": "", "STATUTE": "", "EXAMT_HS": 0, "EXAMT_NR": 0, "UVREDUC_HS": 0, "UVREDUC_NR": 0, "GLVAL_HS": 0.0, "GLVAL_NR": 1039.0, "CRHOUSPCT": 0.0, "MUNGL1PCT": 1039.0, "AOEGL_HS": 0.0, "AOEGL_NR": 1039.0, "E911ADDR": "262 SOUTH WILLARD ST", "SHAPE_Length": 0.0035275962849906826, "SHAPE_Area": 4.894497528451186e-07}, "geometry": {"type": "MultiPolygon", "coordinates": [[[[-73.20400799499998, 44.47246041900007], [-73.20507705899996, 44.47242443500005], [-73.20509933199997, 44.47274110700005], [-73.20510121899997, 44.47276739100005], [-73.20368433299996, 44.47281789300007], [-73.20368204599998, 44.47279104900008], [-73.20367361499996, 44.472677764000025], [-73.20365857499996, 44.47247213400004], [-73.20400799499998, 44.47246041900007]]]]}}, {"type": "Feature", "properties": {"OBJECTID": 276194, "SPAN": "114-035-17962", "GLIST_SPAN": "114-035-17962", "MAPID": "050-2-021-000", "PARCID": "050-2-021.000", "PROPTYPE": "PARCEL", "YEAR": 2018, "GLYEAR": 2022, "TOWN": "BURLINGTON", "TNAME": "Burlington", "SOURCENAME": null, "SOURCETYPE": "UNKNOWN", "SOURCEDATE": "UNKNOWN", "EDITMETHOD": "UNKNOWN", "EDITOR": "UNKNOWN", "EDITDATE": "UNKNOWN", "MATCHSTAT": "MATCH", "EDITNOTE": "UNKNOWN", "OWNER1": "CHAMPLAIN COLLEGE INC.", "OWNER2": "", "ADDRGL1": "163 SOUTH WILLARD ST", "ADDRGL2": "", "CITYGL": "BURLINGTON", "STGL": "VT", "ZIPGL": "05401", "DESCPROP": "", "LOCAPROP": "N", "CAT": "Commercial", "RESCODE": "C", "ACRESGL": 0.66, "REAL_FLV": 782300, "HSTED_FLV": 0, "NRES_FLV": 782300, "LAND_LV": 782300, "IMPRV_LV": 0, "EQUIPVAL": 0, "EQUIPCODE": "", "INVENVAL": 0, "HSDECL": "N", "HSITEVAL": 0, "VETEXAMT": 0, "EXPDESC": "", "ENDDATE": "", "STATUTE": "", "EXAMT_HS": 0, "EXAMT_NR": 0, "UVREDUC_HS": 0, "UVREDUC_NR": 0, "GLVAL_HS": 0.0, "GLVAL_NR": 7823.0, "CRHOUSPCT": 0.0, "MUNGL1PCT": 7823.0, "AOEGL_HS": 0.0, "AOEGL_NR": 7823.0, "E911ADDR": "270 SOUTH WILLARD ST", "SHAPE_Length": 0.003412616873888911, "SHAPE_Area": 4.064015218938883e-07}, "geometry": {"type": "MultiPolygon", "coordinates": [[[[-73.20420635199997, 44.47216741600005], [-73.20505673099996, 44.47213882800003], [-73.20507705899996, 44.47242443500005], [-73.20400799499998, 44.47246041900007], [-73.20365857499996, 44.47247213400004], [-73.20364318299994, 44.47226974100005], [-73.20363707499996, 44.47218639300007], [-73.20398452899997, 44.47217469000003], [-73.20420635199997, 44.47216741600005]]]]}}, {"type": "Feature", "properties": {"OBJECTID": 276196, "SPAN": "114-035-17963", "GLIST_SPAN": "114-035-17963", "MAPID": "050-2-022-000", "PARCID": "050-2-022.000", "PROPTYPE": "PARCEL", "YEAR": 2018, "GLYEAR": 2022, "TOWN": "BURLINGTON", "TNAME": "Burlington", "SOURCENAME": null, "SOURCETYPE": "UNKNOWN", "SOURCEDATE": "UNKNOWN", "EDITMETHOD": "UNKNOWN", "EDITOR": "UNKNOWN", "EDITDATE": "UNKNOWN", "MATCHSTAT": "MATCH", "EDITNOTE": "UNKNOWN", "OWNER1": "TARRANT NATASHA JON", "OWNER2": "", "ADDRGL1": "292 SOUTH WILLARD STREET", "ADDRGL2": "", "CITYGL": "BURLINGTON", "STGL": "VT", "ZIPGL": "05401", "DESCPROP": "", "LOCAPROP": "N", "CAT": "Residential-1", "RESCODE": "T", "ACRESGL": 0.52, "REAL_FLV": 878300, "HSTED_FLV": 878300, "NRES_FLV": 0, "LAND_LV": 285700, "IMPRV_LV": 592600, "EQUIPVAL": 0, "EQUIPCODE": "", "INVENVAL": 0, "HSDECL": "Y", "HSITEVAL": 878300, "VETEXAMT": 0, "EXPDESC": "", "ENDDATE": "", "STATUTE": "", "EXAMT_HS": 0, "EXAMT_NR": 0, "UVREDUC_HS": 0, "UVREDUC_NR": 0, "GLVAL_HS": 8783.0, "GLVAL_NR": 0.0, "CRHOUSPCT": 0.0, "MUNGL1PCT": 8783.0, "AOEGL_HS": 8783.0, "AOEGL_NR": 0.0, "E911ADDR": "292 SOUTH WILLARD ST", "SHAPE_Length": 0.002276662681231723, "SHAPE_Area": 2.4208821025617123e-07}, "geometry": {"type": "MultiPolygon", "coordinates": [[[[-73.20424181899995, 44.471883293000076], [-73.20503642599994, 44.471855048000066], [-73.20505435499996, 44.47210453200006], [-73.20505673099996, 44.47213882800003], [-73.20420635199997, 44.47216741600005], [-73.20418016499997, 44.471884094000075], [-73.20424181899995, 44.471883293000076]]]]}}, {"type": "Feature", "properties": {"OBJECTID": 276624, "SPAN": "114-035-17980", "GLIST_SPAN": "114-035-17980", "MAPID": "050-2-038-000", "PARCID": "050-2-038.000", "PROPTYPE": "PARCEL", "YEAR": 2018, "GLYEAR": 2022, "TOWN": "BURLINGTON", "TNAME": "Burlington", "SOURCENAME": null, "SOURCETYPE": "UNKNOWN", "SOURCEDATE": "UNKNOWN", "EDITMETHOD": "UNKNOWN", "EDITOR": "UNKNOWN", "EDITDATE": "UNKNOWN", "MATCHSTAT": "MATCH", "EDITNOTE": "UNKNOWN", "OWNER1": "SIMPSON CHARLES", "OWNER2": "RAPONE ANITA", "ADDRGL1": "83 SUMMIT RIDGE", "ADDRGL2": "", "CITYGL": "BURLINGTON", "STGL": "VT", "ZIPGL": "05401", "DESCPROP": "1 family with in-law apt", "LOCAPROP": "N", "CAT": "Residential-1", "RESCODE": "T", "ACRESGL": 0.36, "REAL_FLV": 982300, "HSTED_FLV": 982300, "NRES_FLV": 0, "LAND_LV": 266800, "IMPRV_LV": 715500, "EQUIPVAL": 0, "EQUIPCODE": "", "INVENVAL": 0, "HSDECL": "Y", "HSITEVAL": 982300, "VETEXAMT": 0, "EXPDESC": "", "ENDDATE": "", "STATUTE": "", "EXAMT_HS": 0, "EXAMT_NR": 0, "UVREDUC_HS": 0, "UVREDUC_NR": 0, "GLVAL_HS": 9823.0, "GLVAL_NR": 0.0, "CRHOUSPCT": 0.0, "MUNGL1PCT": 9823.0, "AOEGL_HS": 9823.0, "AOEGL_NR": 0.0, "E911ADDR": "83 SUMMIT RG", "SHAPE_Length": 0.0018212040920490317, "SHAPE_Area": 1.6712183107442805e-07}, "geometry": {"type": "MultiPolygon", "coordinates": [[[[-73.20363707499996, 44.47218639300007], [-73.20361393399997, 44.47186213300006], [-73.20364113699998, 44.471858405000035], [-73.20366727499999, 44.47185184400007], [-73.20369177599997, 44.471842596000045], [-73.20371410499996, 44.47183086100006], [-73.20372229399999, 44.471826029000056], [-73.20372471799993, 44.47189702600008], [-73.20418016499997, 44.471884094000075], [-73.20420635199997, 44.47216741600005], [-73.20398452899997, 44.47217469000003], [-73.20363707499996, 44.47218639300007]]]]}}, {"type": "Feature", "properties": {"OBJECTID": 276654, "SPAN": "114-035-17995", "GLIST_SPAN": "114-035-17995", "MAPID": "050-2-053-000", "PARCID": "050-2-053.000", "PROPTYPE": "PARCEL", "YEAR": 2018, "GLYEAR": 2022, "TOWN": "BURLINGTON", "TNAME": "Burlington", "SOURCENAME": null, "SOURCETYPE": "UNKNOWN", "SOURCEDATE": "UNKNOWN", "EDITMETHOD": "UNKNOWN", "EDITOR": "UNKNOWN", "EDITDATE": "UNKNOWN", "MATCHSTAT": "MATCH", "EDITNOTE": "UNKNOWN", "OWNER1": "CIONGOLI CALDERON ALESSANDRA", "OWNER2": "CALDERON RAFAEL", "ADDRGL1": "141 SUMMIT ST", "ADDRGL2": "", "CITYGL": "BURLINGTON", "STGL": "VT", "ZIPGL": "05401", "DESCPROP": "", "LOCAPROP": "N", "CAT": "Residential-1", "RESCODE": "T", "ACRESGL": 1.27, "REAL_FLV": 1040400, "HSTED_FLV": 0, "NRES_FLV": 1040400, "LAND_LV": 420300, "IMPRV_LV": 620100, "EQUIPVAL": 0, "EQUIPCODE": "", "INVENVAL": 0, "HSDECL": "N", "HSITEVAL": 1040400, "VETEXAMT": 0, "EXPDESC": "", "ENDDATE": "", "STATUTE": "", "EXAMT_HS": 0, "EXAMT_NR": 0, "UVREDUC_HS": 0, "UVREDUC_NR": 0, "GLVAL_HS": 0.0, "GLVAL_NR": 10404.0, "CRHOUSPCT": 0.0, "MUNGL1PCT": 10404.0, "AOEGL_HS": 0.0, "AOEGL_NR": 10404.0, "E911ADDR": "141 SUMMIT ST", "SHAPE_Length": 0.003618156117844016, "SHAPE_Area": 5.751743590483219e-07}, "geometry": {"type": "MultiPolygon", "coordinates": [[[[-73.20310274999997, 44.471877937000045], [-73.20357698999999, 44.47186011000008], [-73.20358287699997, 44.47185979300008], [-73.20360333999997, 44.47186304200005], [-73.20361393399997, 44.47186213300006], [-73.20363707499996, 44.47218639300007], [-73.20364318299994, 44.47226974100005], [-73.20300954099997, 44.47229290700005], [-73.20224477199997, 44.47232067300007], [-73.20221589699997, 44.47191081200003], [-73.20310274999997, 44.471877937000045]]]]}}, {"type": "Feature", "properties": {"OBJECTID": 276655, "SPAN": "114-035-17996", "GLIST_SPAN": "114-035-17996", "MAPID": "050-2-054-000", "PARCID": "050-2-054.000", "PROPTYPE": "PARCEL", "YEAR": 2018, "GLYEAR": 2022, "TOWN": "BURLINGTON", "TNAME": "Burlington", "SOURCENAME": null, "SOURCETYPE": "UNKNOWN", "SOURCEDATE": "UNKNOWN", "EDITMETHOD": "UNKNOWN", "EDITOR": "UNKNOWN", "EDITDATE": "UNKNOWN", "MATCHSTAT": "MATCH", "EDITNOTE": "UNKNOWN", "OWNER1": "WOLFSON ELLEN B", "OWNER2": "GROBERG NEIL H", "ADDRGL1": "123 SUMMIT STREET", "ADDRGL2": "", "CITYGL": "BURLINGTON", "STGL": "VT", "ZIPGL": "05401", "DESCPROP": "", "LOCAPROP": "N", "CAT": "Residential-1", "RESCODE": "T", "ACRESGL": 0.51, "REAL_FLV": 1074000, "HSTED_FLV": 1074000, "NRES_FLV": 0, "LAND_LV": 290600, "IMPRV_LV": 783400, "EQUIPVAL": 0, "EQUIPCODE": "", "INVENVAL": 0, "HSDECL": "Y", "HSITEVAL": 1074000, "VETEXAMT": 0, "EXPDESC": "", "ENDDATE": "", "STATUTE": "", "EXAMT_HS": 0, "EXAMT_NR": 0, "UVREDUC_HS": 0, "UVREDUC_NR": 0, "GLVAL_HS": 10740.0, "GLVAL_NR": 0.0, "CRHOUSPCT": 0.0, "MUNGL1PCT": 10740.0, "AOEGL_HS": 10740.0, "AOEGL_NR": 0.0, "E911ADDR": "123 SUMMIT ST", "SHAPE_Length": 0.002142107070844045, "SHAPE_Area": 2.3367943402097605e-07}, "geometry": {"type": "MultiPolygon", "coordinates": [[[[-73.20224477199997, 44.47232067300007], [-73.20300954099997, 44.47229290700005], [-73.20303164399996, 44.47259636300004], [-73.20226611199996, 44.47262638300003], [-73.20224477199997, 44.47232067300007]]]]}}, {"type": "Feature", "properties": {"OBJECTID": 276657, "SPAN": "114-035-17997", "GLIST_SPAN": "114-035-17997", "MAPID": "050-2-055-000", "PARCID": "050-2-055.000", "PROPTYPE": "PARCEL", "YEAR": 2018, "GLYEAR": 2022, "TOWN": "BURLINGTON", "TNAME": "Burlington", "SOURCENAME": null, "SOURCETYPE": "UNKNOWN", "SOURCEDATE": "UNKNOWN", "EDITMETHOD": "UNKNOWN", "EDITOR": "UNKNOWN", "EDITDATE": "UNKNOWN", "MATCHSTAT": "MATCH", "EDITNOTE": "UNKNOWN", "OWNER1": "ROBINS PATRICK S TRUSTEE", "OWNER2": "SCHAMBERG LISA A TRUSTEE", "ADDRGL1": "1 JUNIPER TERRACE", "ADDRGL2": "", "CITYGL": "BURLINGTON", "STGL": "VT", "ZIPGL": "05401", "DESCPROP": "CARRIAGE HOUSE 20 X 32 EXISTS IN THE BAC", "LOCAPROP": "N", "CAT": "Residential-1", "RESCODE": "T", "ACRESGL": 0.72, "REAL_FLV": 1129500, "HSTED_FLV": 1129500, "NRES_FLV": 0, "LAND_LV": 358400, "IMPRV_LV": 771100, "EQUIPVAL": 0, "EQUIPCODE": "", "INVENVAL": 0, "HSDECL": "Y", "HSITEVAL": 1129500, "VETEXAMT": 0, "EXPDESC": "", "ENDDATE": "", "STATUTE": "", "EXAMT_HS": 0, "EXAMT_NR": 0, "UVREDUC_HS": 0, "UVREDUC_NR": 0, "GLVAL_HS": 11295.0, "GLVAL_NR": 0.0, "CRHOUSPCT": 0.0, "MUNGL1PCT": 11295.0, "AOEGL_HS": 11295.0, "AOEGL_NR": 0.0, "E911ADDR": "1 JUNIPER TR", "SHAPE_Length": 0.0020898511694236142, "SHAPE_Area": 2.2920579759281663e-07}, "geometry": {"type": "MultiPolygon", "coordinates": [[[[-73.20332669699997, 44.47260354600007], [-73.20332450799998, 44.47258485700007], [-73.20303164399996, 44.47259636300004], [-73.20300954099997, 44.47229290700005], [-73.20364318299994, 44.47226974100005], [-73.20365857499996, 44.47247213400004], [-73.20367361499996, 44.472677764000025], [-73.20333485899994, 44.472694475000026], [-73.20332669699997, 44.47260354600007]]]]}}, {"type": "Feature", "properties": {"OBJECTID": 276659, "SPAN": "114-035-17998", "GLIST_SPAN": "114-035-17998", "MAPID": "050-2-056-000", "PARCID": "050-2-056.000", "PROPTYPE": "PARCEL", "YEAR": 2018, "GLYEAR": 2022, "TOWN": "BURLINGTON", "TNAME": "Burlington", "SOURCENAME": null, "SOURCETYPE": "UNKNOWN", "SOURCEDATE": "UNKNOWN", "EDITMETHOD": "UNKNOWN", "EDITOR": "UNKNOWN", "EDITDATE": "UNKNOWN", "MATCHSTAT": "MATCH", "EDITNOTE": "UNKNOWN", "OWNER1": "CHAMPLAIN COLLEGE INC.", "OWNER2": "", "ADDRGL1": "PO BOX 670", "ADDRGL2": "ATTN FINANCING", "CITYGL": "BURLINGTON", "STGL": "VT", "ZIPGL": "05401", "DESCPROP": "", "LOCAPROP": "N", "CAT": "Commercial", "RESCODE": "C", "ACRESGL": 0.35, "REAL_FLV": 658500, "HSTED_FLV": 0, "NRES_FLV": 658500, "LAND_LV": 658500, "IMPRV_LV": 0, "EQUIPVAL": 0, "EQUIPCODE": "", "INVENVAL": 0, "HSDECL": "N", "HSITEVAL": 0, "VETEXAMT": 0, "EXPDESC": "", "ENDDATE": "", "STATUTE": "", "EXAMT_HS": 0, "EXAMT_NR": 0, "UVREDUC_HS": 0, "UVREDUC_NR": 0, "GLVAL_HS": 0.0, "GLVAL_NR": 6585.0, "CRHOUSPCT": 0.0, "MUNGL1PCT": 6585.0, "AOEGL_HS": 0.0, "AOEGL_NR": 6585.0, "E911ADDR": "115 SUMMIT ST", "SHAPE_Length": 0.0021609563352552584, "SHAPE_Area": 1.5971220304455998e-07}, "geometry": {"type": "MultiPolygon", "coordinates": [[[[-73.20227408899996, 44.47273475000003], [-73.20317664499999, 44.47270037100003], [-73.20318975499998, 44.47287634200006], [-73.20305392699998, 44.47288209900006], [-73.20228562799997, 44.47291087200006], [-73.20227408899996, 44.47273475000003]]]]}}, {"type": "Feature", "properties": {"OBJECTID": 276662, "SPAN": "114-035-17999", "GLIST_SPAN": "114-035-17999", "MAPID": "050-2-057-000", "PARCID": "050-2-057.000", "PROPTYPE": "PARCEL", "YEAR": 2018, "GLYEAR": 2022, "TOWN": "BURLINGTON", "TNAME": "Burlington", "SOURCENAME": null, "SOURCETYPE": "UNKNOWN", "SOURCEDATE": "UNKNOWN", "EDITMETHOD": "UNKNOWN", "EDITOR": "UNKNOWN", "EDITDATE": "UNKNOWN", "MATCHSTAT": "MATCH", "EDITNOTE": "UNKNOWN", "OWNER1": "CHAMPLAIN COLLEGE INC.", "OWNER2": "", "ADDRGL1": "PO BOX 670", "ADDRGL2": "ATTN FINANCING", "CITYGL": "BURLINGTON", "STGL": "VT", "ZIPGL": "05401", "DESCPROP": "Carriage House", "LOCAPROP": "N", "CAT": "Commercial", "RESCODE": "C", "ACRESGL": 0.52, "REAL_FLV": 449800, "HSTED_FLV": 0, "NRES_FLV": 449800, "LAND_LV": 449800, "IMPRV_LV": 0, "EQUIPVAL": 0, "EQUIPCODE": "", "INVENVAL": 0, "HSDECL": "N", "HSITEVAL": 0, "VETEXAMT": 0, "EXPDESC": "", "ENDDATE": "", "STATUTE": "", "EXAMT_HS": 0, "EXAMT_NR": 0, "UVREDUC_HS": 0, "UVREDUC_NR": 0, "GLVAL_HS": 0.0, "GLVAL_NR": 4498.0, "CRHOUSPCT": 0.0, "MUNGL1PCT": 4498.0, "AOEGL_HS": 0.0, "AOEGL_NR": 4498.0, "E911ADDR": "4 CEDAR LN", "SHAPE_Length": 0.00208994219682222, "SHAPE_Area": 2.3595177291929035e-07}, "geometry": {"type": "MultiPolygon", "coordinates": [[[[-73.20333485899994, 44.472694475000026], [-73.20367361499996, 44.472677764000025], [-73.20368204599998, 44.47279104900008], [-73.20368433299996, 44.47281789300007], [-73.20368818999998, 44.47287735000003], [-73.20370408699995, 44.47308902000003], [-73.20367858599997, 44.47309142700004], [-73.20344380499995, 44.47309934200007], [-73.20336920799997, 44.47310177000003], [-73.20322552299996, 44.47310743600008], [-73.20308026699996, 44.47311311100003], [-73.20306848499996, 44.473113183000066], [-73.20306467599994, 44.473057664000066], [-73.20305392699998, 44.47288209900006], [-73.20318975499998, 44.47287634200006], [-73.20317664499999, 44.47270037100003], [-73.20333485899994, 44.472694475000026]]]]}}, {"type": "Feature", "properties": {"OBJECTID": 276663, "SPAN": "114-035-18000", "GLIST_SPAN": "114-035-18000", "MAPID": "050-2-058-000", "PARCID": "050-2-058.000", "PROPTYPE": "PARCEL", "YEAR": 2018, "GLYEAR": 2022, "TOWN": "BURLINGTON", "TNAME": "Burlington", "SOURCENAME": null, "SOURCETYPE": "UNKNOWN", "SOURCEDATE": "UNKNOWN", "EDITMETHOD": "UNKNOWN", "EDITOR": "UNKNOWN", "EDITDATE": "UNKNOWN", "MATCHSTAT": "MATCH", "EDITNOTE": "UNKNOWN", "OWNER1": "CHAMPLAIN COLLEGE INC.", "OWNER2": "", "ADDRGL1": "PO BOX 670", "ADDRGL2": "ATTN FINANCING", "CITYGL": "BURLINGTON", "STGL": "VT", "ZIPGL": "05401", "DESCPROP": "8U  SCHILLHAMMER HALL", "LOCAPROP": "N", "CAT": "Commercial", "RESCODE": "C", "ACRESGL": 0.39, "REAL_FLV": 1037000, "HSTED_FLV": 0, "NRES_FLV": 1037000, "LAND_LV": 1037000, "IMPRV_LV": 0, "EQUIPVAL": 0, "EQUIPCODE": "", "INVENVAL": 0, "HSDECL": "N", "HSITEVAL": 0, "VETEXAMT": 0, "EXPDESC": "", "ENDDATE": "", "STATUTE": "", "EXAMT_HS": 0, "EXAMT_NR": 0, "UVREDUC_HS": 0, "UVREDUC_NR": 0, "GLVAL_HS": 0.0, "GLVAL_NR": 10370.0, "CRHOUSPCT": 0.0, "MUNGL1PCT": 10370.0, "AOEGL_HS": 0.0, "AOEGL_NR": 10370.0, "E911ADDR": "109 SUMMIT ST", "SHAPE_Length": 0.0019989379540012184, "SHAPE_Area": 1.7749952630672582e-07}, "geometry": {"type": "MultiPolygon", "coordinates": [[[[-73.20228562799997, 44.47291087200006], [-73.20305392699998, 44.47288209900006], [-73.20306467599994, 44.473057664000066], [-73.20306848499996, 44.473113183000066], [-73.20295463099995, 44.47311725900005], [-73.20230135099996, 44.47314124600007], [-73.20229754799993, 44.47308614800005], [-73.20228562799997, 44.47291087200006]]]]}}, {"type": "Feature", "properties": {"OBJECTID": 276666, "SPAN": "114-035-18001", "GLIST_SPAN": "114-035-18001", "MAPID": "050-2-059-000", "PARCID": "050-2-059.000", "PROPTYPE": "PARCEL", "YEAR": 2018, "GLYEAR": 2022, "TOWN": "BURLINGTON", "TNAME": "Burlington", "SOURCENAME": null, "SOURCETYPE": "UNKNOWN", "SOURCEDATE": "UNKNOWN", "EDITMETHOD": "UNKNOWN", "EDITOR": "UNKNOWN", "EDITDATE": "UNKNOWN", "MATCHSTAT": "MATCH", "EDITNOTE": "UNKNOWN", "OWNER1": "CHAMPLAIN COLLEGE INC.", "OWNER2": "", "ADDRGL1": "PO BOX 670", "ADDRGL2": "ATTN FINANCING", "CITYGL": "BURLINGTON", "STGL": "VT", "ZIPGL": "05401", "DESCPROP": "AIKEN Dormitory      NO PARKING", "LOCAPROP": "N", "CAT": "Commercial", "RESCODE": "C", "ACRESGL": 2.48, "REAL_FLV": 1080400, "HSTED_FLV": 0, "NRES_FLV": 1080400, "LAND_LV": 1080400, "IMPRV_LV": 0, "EQUIPVAL": 0, "EQUIPCODE": "", "INVENVAL": 0, "HSDECL": "N", "HSITEVAL": 0, "VETEXAMT": 0, "EXPDESC": "", "ENDDATE": "", "STATUTE": "", "EXAMT_HS": 0, "EXAMT_NR": 0, "UVREDUC_HS": 0, "UVREDUC_NR": 0, "GLVAL_HS": 0.0, "GLVAL_NR": 10804.0, "CRHOUSPCT": 0.0, "MUNGL1PCT": 10804.0, "AOEGL_HS": 0.0, "AOEGL_NR": 10804.0, "E911ADDR": "83 SUMMIT ST", "SHAPE_Length": 0.004402499540910099, "SHAPE_Area": 1.1339059575129722e-06}, "geometry": {"type": "MultiPolygon", "coordinates": [[[[-73.20344380499995, 44.47309934200007], [-73.20367858599997, 44.47309142700004], [-73.20370456699999, 44.47345574600007], [-73.20371419299994, 44.47363581700006], [-73.20373243899996, 44.47391215700003], [-73.20235361099998, 44.47396170400003], [-73.20232597899997, 44.47351016500005], [-73.20230135099996, 44.47314124600007], [-73.20295463099995, 44.47311725900005], [-73.20306848499996, 44.473113183000066], [-73.20308026699996, 44.47311311100003], [-73.20322552299996, 44.47310743600008], [-73.20336920799997, 44.47310177000003], [-73.20344380499995, 44.47309934200007]]]]}}, {"type": "Feature", "properties": {"OBJECTID": 276772, "SPAN": "114-035-18056", "GLIST_SPAN": "114-035-18056", "MAPID": "050-3-001-000", "PARCID": "050-3-001.000", "PROPTYPE": "PARCEL", "YEAR": 2018, "GLYEAR": 2022, "TOWN": "BURLINGTON", "TNAME": "Burlington", "SOURCENAME": null, "SOURCETYPE": "UNKNOWN", "SOURCEDATE": "UNKNOWN", "EDITMETHOD": "UNKNOWN", "EDITOR": "UNKNOWN", "EDITDATE": "UNKNOWN", "MATCHSTAT": "MATCH", "EDITNOTE": "UNKNOWN", "OWNER1": "TIMBERLAKE ASSOCIATES LLP", "OWNER2": "", "ADDRGL1": "32 SAN REMO DRIVE", "ADDRGL2": "", "CITYGL": "SOUTH BURLINGTON", "STGL": "VT", "ZIPGL": "05403", "DESCPROP": "15UNIT ROOMING HSE", "LOCAPROP": "N", "CAT": "Commercial Apt", "RESCODE": "C", "ACRESGL": 0.27, "REAL_FLV": 531100, "HSTED_FLV": 0, "NRES_FLV": 531100, "LAND_LV": 531000, "IMPRV_LV": 100, "EQUIPVAL": 0, "EQUIPCODE": "", "INVENVAL": 0, "HSDECL": "N", "HSITEVAL": 0, "VETEXAMT": 0, "EXPDESC": "", "ENDDATE": "", "STATUTE": "", "EXAMT_HS": 0, "EXAMT_NR": 0, "UVREDUC_HS": 0, "UVREDUC_NR": 0, "GLVAL_HS": 0.0, "GLVAL_NR": 5311.0, "CRHOUSPCT": 0.0, "MUNGL1PCT": 5311.0, "AOEGL_HS": 0.0, "AOEGL_NR": 5311.0, "E911ADDR": "231 SOUTH PROSPECT ST", "SHAPE_Length": 0.0014112694394584988, "SHAPE_Area": 1.2436196410303347e-07}, "geometry": {"type": "MultiPolygon", "coordinates": [[[[-73.20071279299998, 44.473682394000036], [-73.20106963499995, 44.47366670500003], [-73.20109418199996, 44.47401106500007], [-73.20072748499996, 44.47402400200008], [-73.20071279299998, 44.473682394000036]]]]}}, {"type": "Feature", "properties": {"OBJECTID": 276774, "SPAN": "114-035-18057", "GLIST_SPAN": "114-035-18057", "MAPID": "050-3-002-000", "PARCID": "050-3-002.000", "PROPTYPE": "PARCEL", "YEAR": 2018, "GLYEAR": 2022, "TOWN": "BURLINGTON", "TNAME": "Burlington", "SOURCENAME": null, "SOURCETYPE": "UNKNOWN", "SOURCEDATE": "UNKNOWN", "EDITMETHOD": "UNKNOWN", "EDITOR": "UNKNOWN", "EDITDATE": "UNKNOWN", "MATCHSTAT": "MATCH", "EDITNOTE": "UNKNOWN", "OWNER1": "FONG JOYCE", "OWNER2": "", "ADDRGL1": "9 POINTE DR", "ADDRGL2": "", "CITYGL": "ESSEX JUNCTION", "STGL": "VT", "ZIPGL": "05452", "DESCPROP": "SITE VISIT 6/13/94 BLD 24*38", "LOCAPROP": "N", "CAT": "Residential-1", "RESCODE": "NS", "ACRESGL": 0.2, "REAL_FLV": 524100, "HSTED_FLV": 0, "NRES_FLV": 524100, "LAND_LV": 227900, "IMPRV_LV": 296200, "EQUIPVAL": 0, "EQUIPCODE": "", "INVENVAL": 0, "HSDECL": "N", "HSITEVAL": 524100, "VETEXAMT": 0, "EXPDESC": "", "ENDDATE": "", "STATUTE": "", "EXAMT_HS": 0, "EXAMT_NR": 0, "UVREDUC_HS": 0, "UVREDUC_NR": 0, "GLVAL_HS": 0.0, "GLVAL_NR": 5241.0, "CRHOUSPCT": 0.0, "MUNGL1PCT": 5241.0, "AOEGL_HS": 0.0, "AOEGL_NR": 5241.0, "E911ADDR": "441 MAPLE ST", "SHAPE_Length": 0.001225682945467766, "SHAPE_Area": 9.235573691141843e-08}, "geometry": {"type": "MultiPolygon", "coordinates": [[[[-73.20106963499995, 44.47366670500003], [-73.20133579699996, 44.47365522700005], [-73.20136308899998, 44.47399900800008], [-73.20109418199996, 44.47401106500007], [-73.20106963499995, 44.47366670500003]]]]}}, {"type": "Feature", "properties": {"OBJECTID": 276775, "SPAN": "114-035-18058", "GLIST_SPAN": "114-035-18058", "MAPID": "050-3-003-000", "PARCID": "050-3-003.000", "PROPTYPE": "PARCEL", "YEAR": 2018, "GLYEAR": 2022, "TOWN": "BURLINGTON", "TNAME": "Burlington", "SOURCENAME": null, "SOURCETYPE": "UNKNOWN", "SOURCEDATE": "UNKNOWN", "EDITMETHOD": "UNKNOWN", "EDITOR": "UNKNOWN", "EDITDATE": "UNKNOWN", "MATCHSTAT": "MATCH", "EDITNOTE": "UNKNOWN", "OWNER1": "CHESED TOV LLC", "OWNER2": "", "ADDRGL1": "435 MAPLE ST", "ADDRGL2": "", "CITYGL": "BURLINGTON", "STGL": "VT", "ZIPGL": "05401", "DESCPROP": "SINGLE FAMILY HOUSE", "LOCAPROP": "", "CAT": "Residential-1", "RESCODE": "T", "ACRESGL": 0.33, "REAL_FLV": 871000, "HSTED_FLV": 0, "NRES_FLV": 871000, "LAND_LV": 250900, "IMPRV_LV": 620100, "EQUIPVAL": 0, "EQUIPCODE": "", "INVENVAL": 0, "HSDECL": "N", "HSITEVAL": 871000, "VETEXAMT": 0, "EXPDESC": "", "ENDDATE": "", "STATUTE": "", "EXAMT_HS": 0, "EXAMT_NR": 0, "UVREDUC_HS": 0, "UVREDUC_NR": 0, "GLVAL_HS": 0.0, "GLVAL_NR": 8710.0, "CRHOUSPCT": 0.0, "MUNGL1PCT": 8710.0, "AOEGL_HS": 0.0, "AOEGL_NR": 8710.0, "E911ADDR": "435 MAPLE ST", "SHAPE_Length": 0.0016110953076686166, "SHAPE_Area": 1.5828487636371282e-07}, "geometry": {"type": "MultiPolygon", "coordinates": [[[[-73.20132859499995, 44.47354573100006], [-73.20167563599995, 44.47353164700007], [-73.20168060599997, 44.473651422000046], [-73.20171022099998, 44.473992235000026], [-73.20136308899998, 44.47399900800008], [-73.20133579699996, 44.47365522700005], [-73.20132859499995, 44.47354573100006]]]]}}, {"type": "Feature", "properties": {"OBJECTID": 276778, "SPAN": "114-035-18059", "GLIST_SPAN": "114-035-18059", "MAPID": "050-3-004-000", "PARCID": "050-3-004.000", "PROPTYPE": "PARCEL", "YEAR": 2018, "GLYEAR": 2022, "TOWN": "BURLINGTON", "TNAME": "Burlington", "SOURCENAME": null, "SOURCETYPE": "UNKNOWN", "SOURCEDATE": "UNKNOWN", "EDITMETHOD": "UNKNOWN", "EDITOR": "UNKNOWN", "EDITDATE": "UNKNOWN", "MATCHSTAT": "MATCH", "EDITNOTE": "UNKNOWN", "OWNER1": "VERMONT ORGANIZATION FOR JEWISH EDUCATI", "OWNER2": "", "ADDRGL1": "57 SOUTH WILLIAMS ST", "ADDRGL2": "", "CITYGL": "BURLINGTON", "STGL": "VT", "ZIPGL": "05401", "DESCPROP": "PARSONAGE", "LOCAPROP": "", "CAT": "Residential-1", "RESCODE": "T", "ACRESGL": 0.4, "REAL_FLV": 900500, "HSTED_FLV": 0, "NRES_FLV": 900500, "LAND_LV": 260400, "IMPRV_LV": 640100, "EQUIPVAL": 0, "EQUIPCODE": "", "INVENVAL": 0, "HSDECL": "N", "HSITEVAL": 0, "VETEXAMT": 0, "EXPDESC": "Statutory", "ENDDATE": "", "STATUTE": "", "EXAMT_HS": 0, "EXAMT_NR": 0, "UVREDUC_HS": 0, "UVREDUC_NR": 0, "GLVAL_HS": 0.0, "GLVAL_NR": 0.0, "CRHOUSPCT": 0.0, "MUNGL1PCT": 0.0, "AOEGL_HS": 0.0, "AOEGL_NR": 0.0, "E911ADDR": "80 SUMMIT ST", "SHAPE_Length": 0.0017217105216675648, "SHAPE_Area": 1.8526010815376591e-07}, "geometry": {"type": "MultiPolygon", "coordinates": [[[[-73.20167563599995, 44.47353164700007], [-73.20207925399995, 44.47351904200008], [-73.20210984499994, 44.473973890000025], [-73.20171022099998, 44.473992235000026], [-73.20168060599997, 44.473651422000046], [-73.20167563599995, 44.47353164700007]]]]}}, {"type": "Feature", "properties": {"OBJECTID": 276780, "SPAN": "114-035-18060", "GLIST_SPAN": "114-035-18060", "MAPID": "050-3-005-000", "PARCID": "050-3-005.000", "PROPTYPE": "PARCEL", "YEAR": 2018, "GLYEAR": 2022, "TOWN": "BURLINGTON", "TNAME": "Burlington", "SOURCENAME": null, "SOURCETYPE": "UNKNOWN", "SOURCEDATE": "UNKNOWN", "EDITMETHOD": "UNKNOWN", "EDITOR": "UNKNOWN", "EDITDATE": "UNKNOWN", "MATCHSTAT": "MATCH", "EDITNOTE": "UNKNOWN", "OWNER1": "CHAMPLAIN COLLEGE INC.", "OWNER2": "", "ADDRGL1": "PO BOX 670", "ADDRGL2": "ATTN FINANCING", "CITYGL": "BURLINGTON", "STGL": "VT", "ZIPGL": "05401", "DESCPROP": "FRAT/SOR (FORMER)", "LOCAPROP": "N", "CAT": "Commercial", "RESCODE": "C", "ACRESGL": 0.37, "REAL_FLV": 266000, "HSTED_FLV": 0, "NRES_FLV": 266000, "LAND_LV": 266000, "IMPRV_LV": 0, "EQUIPVAL": 0, "EQUIPCODE": "", "INVENVAL": 0, "HSDECL": "N", "HSITEVAL": 0, "VETEXAMT": 0, "EXPDESC": "", "ENDDATE": "", "STATUTE": "", "EXAMT_HS": 0, "EXAMT_NR": 0, "UVREDUC_HS": 0, "UVREDUC_NR": 0, "GLVAL_HS": 0.0, "GLVAL_NR": 2660.0, "CRHOUSPCT": 0.0, "MUNGL1PCT": 2660.0, "AOEGL_HS": 0.0, "AOEGL_NR": 2660.0, "E911ADDR": "56 SUMMIT ST", "SHAPE_Length": 0.001766642764391282, "SHAPE_Area": 1.6688011568767237e-07}, "geometry": {"type": "MultiPolygon", "coordinates": [[[[-73.20151563399997, 44.47417538900004], [-73.20212534599995, 44.47415294100006], [-73.20214236599998, 44.47442591300006], [-73.20153423399995, 44.47444919600008], [-73.20151563399997, 44.47417538900004]]]]}}, {"type": "Feature", "properties": {"OBJECTID": 276782, "SPAN": "114-035-18061", "GLIST_SPAN": "114-035-18061", "MAPID": "050-3-006-000", "PARCID": "050-3-006.000", "PROPTYPE": "PARCEL", "YEAR": 2018, "GLYEAR": 2022, "TOWN": "BURLINGTON", "TNAME": "Burlington", "SOURCENAME": null, "SOURCETYPE": "UNKNOWN", "SOURCEDATE": "UNKNOWN", "EDITMETHOD": "UNKNOWN", "EDITOR": "UNKNOWN", "EDITDATE": "UNKNOWN", "MATCHSTAT": "MATCH", "EDITNOTE": "UNKNOWN", "OWNER1": "CHAMPLAIN COLLEGE INC.", "OWNER2": "", "ADDRGL1": "163 SOUTH WILLARD ST", "ADDRGL2": "", "CITYGL": "BURLINGTON", "STGL": "VT", "ZIPGL": "05401", "DESCPROP": "", "LOCAPROP": "N", "CAT": "Residential-1", "RESCODE": "T", "ACRESGL": 0.14, "REAL_FLV": 519300, "HSTED_FLV": 0, "NRES_FLV": 519300, "LAND_LV": 519300, "IMPRV_LV": 0, "EQUIPVAL": 0, "EQUIPCODE": "", "INVENVAL": 0, "HSDECL": "N", "HSITEVAL": 0, "VETEXAMT": 0, "EXPDESC": "", "ENDDATE": "", "STATUTE": "", "EXAMT_HS": 0, "EXAMT_NR": 0, "UVREDUC_HS": 0, "UVREDUC_NR": 0, "GLVAL_HS": 0.0, "GLVAL_NR": 5193.0, "CRHOUSPCT": 0.0, "MUNGL1PCT": 5193.0, "AOEGL_HS": 0.0, "AOEGL_NR": 5193.0, "E911ADDR": "436 MAPLE ST", "SHAPE_Length": 0.001005882588805864, "SHAPE_Area": 6.266193793476656e-08}, "geometry": {"type": "MultiPolygon", "coordinates": [[[[-73.20128556899994, 44.47418383200005], [-73.20151563399997, 44.47417538900004], [-73.20153423399995, 44.47444919600008], [-73.20130769899998, 44.474457477000044], [-73.20128556899994, 44.47418383200005]]]]}}, {"type": "Feature", "properties": {"OBJECTID": 276784, "SPAN": "114-035-18062", "GLIST_SPAN": "114-035-18062", "MAPID": "050-3-007-000", "PARCID": "050-3-007.000", "PROPTYPE": "PARCEL", "YEAR": 2018, "GLYEAR": 2022, "TOWN": "BURLINGTON", "TNAME": "Burlington", "SOURCENAME": null, "SOURCETYPE": "UNKNOWN", "SOURCEDATE": "UNKNOWN", "EDITMETHOD": "UNKNOWN", "EDITOR": "UNKNOWN", "EDITDATE": "UNKNOWN", "MATCHSTAT": "MATCH", "EDITNOTE": "UNKNOWN", "OWNER1": "KAPPA ALPHA THETA FRATERNITY HOUSING CO", "OWNER2": "", "ADDRGL1": "8740 FOUNDERS RD", "ADDRGL2": "", "CITYGL": "INDIANAPOLIS", "STGL": "IN", "ZIPGL": "46268", "DESCPROP": "SORORITY 26 BEDS", "LOCAPROP": "N", "CAT": "Commercial Apt", "RESCODE": "C", "ACRESGL": 0.38, "REAL_FLV": 1532100, "HSTED_FLV": 0, "NRES_FLV": 1532100, "LAND_LV": 531000, "IMPRV_LV": 1001100, "EQUIPVAL": 0, "EQUIPCODE": "", "INVENVAL": 0, "HSDECL": "N", "HSITEVAL": 0, "VETEXAMT": 0, "EXPDESC": "", "ENDDATE": "", "STATUTE": "", "EXAMT_HS": 0, "EXAMT_NR": 0, "UVREDUC_HS": 0, "UVREDUC_NR": 0, "GLVAL_HS": 0.0, "GLVAL_NR": 15321.0, "CRHOUSPCT": 0.0, "MUNGL1PCT": 15321.0, "AOEGL_HS": 0.0, "AOEGL_NR": 15321.0, "E911ADDR": "215 SOUTH PROSPECT ST", "SHAPE_Length": 0.0017191892195585067, "SHAPE_Area": 1.6853244007746463e-07}, "geometry": {"type": "MultiPolygon", "coordinates": [[[[-73.20073592299997, 44.47420393900006], [-73.20128556899994, 44.47418383200005], [-73.20130769899998, 44.474457477000044], [-73.20130999499997, 44.47448516400004], [-73.20074701499993, 44.474507181000035], [-73.20073592299997, 44.47420393900006]]]]}}, {"type": "Feature", "properties": {"OBJECTID": 276786, "SPAN": "114-035-18063", "GLIST_SPAN": "114-035-18063", "MAPID": "050-3-008-000", "PARCID": "050-3-008.000", "PROPTYPE": "PARCEL", "YEAR": 2018, "GLYEAR": 2022, "TOWN": "BURLINGTON", "TNAME": "Burlington", "SOURCENAME": null, "SOURCETYPE": "UNKNOWN", "SOURCEDATE": "UNKNOWN", "EDITMETHOD": "UNKNOWN", "EDITOR": "UNKNOWN", "EDITDATE": "UNKNOWN", "MATCHSTAT": "MATCH", "EDITNOTE": "UNKNOWN", "OWNER1": "BING ENTERPRISES LTD", "OWNER2": "", "ADDRGL1": "6 LIME ROCK ROAD", "ADDRGL2": "", "CITYGL": "SOUTH BURLINGTON", "STGL": "VT", "ZIPGL": "05403", "DESCPROP": "", "LOCAPROP": "N", "CAT": "Commercial Apt", "RESCODE": "C", "ACRESGL": 0.23, "REAL_FLV": 1218200, "HSTED_FLV": 0, "NRES_FLV": 1218200, "LAND_LV": 606800, "IMPRV_LV": 611400, "EQUIPVAL": 0, "EQUIPCODE": "", "INVENVAL": 0, "HSDECL": "N", "HSITEVAL": 0, "VETEXAMT": 0, "EXPDESC": "", "ENDDATE": "", "STATUTE": "", "EXAMT_HS": 0, "EXAMT_NR": 0, "UVREDUC_HS": 0, "UVREDUC_NR": 0, "GLVAL_HS": 0.0, "GLVAL_NR": 12182.0, "CRHOUSPCT": 0.0, "MUNGL1PCT": 12182.0, "AOEGL_HS": 0.0, "AOEGL_NR": 12182.0, "E911ADDR": "205 SOUTH PROSPECT ST", "SHAPE_Length": 0.0015205549741915403, "SHAPE_Area": 1.0934162501980366e-07}, "geometry": {"type": "MultiPolygon", "coordinates": [[[[-73.20074701499993, 44.474507181000035], [-73.20130999499997, 44.47448516400004], [-73.20132565799997, 44.47467785400005], [-73.20075441899996, 44.47469921900006], [-73.20074701499993, 44.474507181000035]]]]}}, {"type": "Feature", "properties": {"OBJECTID": 276829, "SPAN": "114-035-18157", "GLIST_SPAN": "114-035-18157", "MAPID": "050-4-004-000", "PARCID": "050-4-004.000", "PROPTYPE": "PARCEL", "YEAR": 2018, "GLYEAR": 2022, "TOWN": "BURLINGTON", "TNAME": "Burlington", "SOURCENAME": null, "SOURCETYPE": "UNKNOWN", "SOURCEDATE": "UNKNOWN", "EDITMETHOD": "UNKNOWN", "EDITOR": "UNKNOWN", "EDITDATE": "UNKNOWN", "MATCHSTAT": "MATCH", "EDITNOTE": "UNKNOWN", "OWNER1": "GOLDBERG AARON", "OWNER2": "GOLDBERG REBECCA", "ADDRGL1": "96 SUMMIT ST", "ADDRGL2": "", "CITYGL": "BURLINGTON", "STGL": "VT", "ZIPGL": "05401", "DESCPROP": "BMT FINISHED 2005", "LOCAPROP": "N", "CAT": "Residential-1", "RESCODE": "T", "ACRESGL": 0.34, "REAL_FLV": 564600, "HSTED_FLV": 564600, "NRES_FLV": 0, "LAND_LV": 249900, "IMPRV_LV": 314700, "EQUIPVAL": 0, "EQUIPCODE": "", "INVENVAL": 0, "HSDECL": "Y", "HSITEVAL": 564600, "VETEXAMT": 0, "EXPDESC": "", "ENDDATE": "", "STATUTE": "", "EXAMT_HS": 0, "EXAMT_NR": 0, "UVREDUC_HS": 0, "UVREDUC_NR": 0, "GLVAL_HS": 5646.0, "GLVAL_NR": 0.0, "CRHOUSPCT": 0.0, "MUNGL1PCT": 5646.0, "AOEGL_HS": 5646.0, "AOEGL_NR": 0.0, "E911ADDR": "96 SUMMIT ST", "SHAPE_Length": 0.0019123400157771582, "SHAPE_Area": 1.5340187276626086e-07}, "geometry": {"type": "MultiPolygon", "coordinates": [[[[-73.20131317599999, 44.47334066600007], [-73.20206265699994, 44.47331412500006], [-73.20207922699996, 44.47351871200004], [-73.20207925399995, 44.47351904200008], [-73.20167563599995, 44.47353164700007], [-73.20132859499995, 44.47354573100006], [-73.20132415499995, 44.47347024700008], [-73.20131317599999, 44.47334066600007]]]]}}, {"type": "Feature", "properties": {"OBJECTID": 276831, "SPAN": "114-035-18162", "GLIST_SPAN": "114-035-18162", "MAPID": "050-4-009-000", "PARCID": "050-4-009.000", "PROPTYPE": "PARCEL", "YEAR": 2018, "GLYEAR": 2022, "TOWN": "BURLINGTON", "TNAME": "Burlington", "SOURCENAME": null, "SOURCETYPE": "UNKNOWN", "SOURCEDATE": "UNKNOWN", "EDITMETHOD": "UNKNOWN", "EDITOR": "UNKNOWN", "EDITDATE": "UNKNOWN", "MATCHSTAT": "MATCH", "EDITNOTE": "UNKNOWN", "OWNER1": "LAURIE KUTNER TRUSTEE OF LAURIE KUTNER", "OWNER2": "", "ADDRGL1": "134 SUMMIT STREET", "ADDRGL2": "", "CITYGL": "BURLINGTON", "STGL": "VT", "ZIPGL": "05401", "DESCPROP": "SINGLE FAMILY HOUSE", "LOCAPROP": "", "CAT": "Residential-1", "RESCODE": "T", "ACRESGL": 0.17, "REAL_FLV": 512000, "HSTED_FLV": 512000, "NRES_FLV": 0, "LAND_LV": 177400, "IMPRV_LV": 334600, "EQUIPVAL": 0, "EQUIPCODE": "", "INVENVAL": 0, "HSDECL": "Y", "HSITEVAL": 512000, "VETEXAMT": 0, "EXPDESC": "", "ENDDATE": "", "STATUTE": "", "EXAMT_HS": 0, "EXAMT_NR": 0, "UVREDUC_HS": 0, "UVREDUC_NR": 0, "GLVAL_HS": 5120.0, "GLVAL_NR": 0.0, "CRHOUSPCT": 0.0, "MUNGL1PCT": 5120.0, "AOEGL_HS": 5120.0, "AOEGL_NR": 0.0, "E911ADDR": "134 SUMMIT ST", "SHAPE_Length": 0.0015706646204652073, "SHAPE_Area": 7.311054264957462e-08}, "geometry": {"type": "MultiPolygon", "coordinates": [[[[-73.20132398899995, 44.47250533700003], [-73.20199881999997, 44.47247770800004], [-73.20200797599995, 44.47258620700006], [-73.20132919799994, 44.47261231400006], [-73.20132398899995, 44.47250533700003]]]]}}, {"type": "Feature", "properties": {"OBJECTID": 276832, "SPAN": "114-035-18163", "GLIST_SPAN": "114-035-18163", "MAPID": "050-4-010-000", "PARCID": "050-4-010.000", "PROPTYPE": "PARCEL", "YEAR": 2018, "GLYEAR": 2022, "TOWN": "BURLINGTON", "TNAME": "Burlington", "SOURCENAME": null, "SOURCETYPE": "UNKNOWN", "SOURCEDATE": "UNKNOWN", "EDITMETHOD": "UNKNOWN", "EDITOR": "UNKNOWN", "EDITDATE": "UNKNOWN", "MATCHSTAT": "MATCH", "EDITNOTE": "UNKNOWN", "OWNER1": "LOESCHER TIMOTHY E", "OWNER2": "LOESCHER CHRISTA M", "ADDRGL1": "140 SUMMIT ST", "ADDRGL2": "", "CITYGL": "BURLINGTON", "STGL": "VT", "ZIPGL": "05401", "DESCPROP": "FRPL DOESNT DRAW", "LOCAPROP": "N", "CAT": "Residential-1", "RESCODE": "T", "ACRESGL": 0.32, "REAL_FLV": 864200, "HSTED_FLV": 864200, "NRES_FLV": 0, "LAND_LV": 247000, "IMPRV_LV": 617200, "EQUIPVAL": 0, "EQUIPCODE": "", "INVENVAL": 0, "HSDECL": "Y", "HSITEVAL": 864200, "VETEXAMT": 0, "EXPDESC": "", "ENDDATE": "", "STATUTE": "", "EXAMT_HS": 0, "EXAMT_NR": 0, "UVREDUC_HS": 0, "UVREDUC_NR": 0, "GLVAL_HS": 8642.0, "GLVAL_NR": 0.0, "CRHOUSPCT": 0.0, "MUNGL1PCT": 8642.0, "AOEGL_HS": 8642.0, "AOEGL_NR": 0.0, "E911ADDR": "140 SUMMIT ST", "SHAPE_Length": 0.0017729486903085732, "SHAPE_Area": 1.4497974212290653e-07}, "geometry": {"type": "MultiPolygon", "coordinates": [[[[-73.20130946999996, 44.47217849100008], [-73.20197645099995, 44.47215161400004], [-73.20199162499995, 44.47236891400007], [-73.20131950499996, 44.47239329200005], [-73.20130946999996, 44.47217849100008]]]]}}, {"type": "Feature", "properties": {"OBJECTID": 276833, "SPAN": "114-035-18164", "GLIST_SPAN": "114-035-18164", "MAPID": "050-4-011-000", "PARCID": "050-4-011.000", "PROPTYPE": "PARCEL", "YEAR": 2018, "GLYEAR": 2022, "TOWN": "BURLINGTON", "TNAME": "Burlington", "SOURCENAME": null, "SOURCETYPE": "UNKNOWN", "SOURCEDATE": "UNKNOWN", "EDITMETHOD": "UNKNOWN", "EDITOR": "UNKNOWN", "EDITDATE": "UNKNOWN", "MATCHSTAT": "MATCH", "EDITNOTE": "UNKNOWN", "OWNER1": "BURNS KRISTIN", "OWNER2": "BURNS JAMES J.", "ADDRGL1": "146 SUMMIT ST", "ADDRGL2": "", "CITYGL": "BURLINGTON", "STGL": "VT", "ZIPGL": "05401", "DESCPROP": "SINGLE FAM HOUSE", "LOCAPROP": "", "CAT": "Residential-1", "RESCODE": "T", "ACRESGL": 0.4, "REAL_FLV": 1187800, "HSTED_FLV": 1187800, "NRES_FLV": 0, "LAND_LV": 259500, "IMPRV_LV": 928300, "EQUIPVAL": 0, "EQUIPCODE": "", "INVENVAL": 0, "HSDECL": "Y", "HSITEVAL": 1187800, "VETEXAMT": 0, "EXPDESC": "", "ENDDATE": "", "STATUTE": "", "EXAMT_HS": 0, "EXAMT_NR": 0, "UVREDUC_HS": 0, "UVREDUC_NR": 0, "GLVAL_HS": 11878.0, "GLVAL_NR": 0.0, "CRHOUSPCT": 0.0, "MUNGL1PCT": 11878.0, "AOEGL_HS": 11878.0, "AOEGL_NR": 0.0, "E911ADDR": "146 SUMMIT ST", "SHAPE_Length": 0.001895991063700025, "SHAPE_Area": 1.7668528834137403e-07}, "geometry": {"type": "MultiPolygon", "coordinates": [[[[-73.20132573799998, 44.47189715800005], [-73.20195543399996, 44.47187276000005], [-73.20197645099995, 44.47215161400004], [-73.20130946999996, 44.47217849100008], [-73.20130937699997, 44.47217075800006], [-73.20134629199998, 44.47217039100008], [-73.20132573799998, 44.47189715800005]]]]}}, {"type": "Feature", "properties": {"OBJECTID": 276885, "SPAN": "114-035-18158", "GLIST_SPAN": "114-035-18158", "MAPID": "050-4-005-000", "PARCID": "050-4-005.000", "PROPTYPE": "PARCEL", "YEAR": 2018, "GLYEAR": 2022, "TOWN": "BURLINGTON", "TNAME": "Burlington", "SOURCENAME": null, "SOURCETYPE": "UNKNOWN", "SOURCEDATE": "UNKNOWN", "EDITMETHOD": "UNKNOWN", "EDITOR": "UNKNOWN", "EDITDATE": "UNKNOWN", "MATCHSTAT": "MATCH", "EDITNOTE": "UNKNOWN", "OWNER1": "SUSANNE A. LONDON REV TRUST", "OWNER2": "LONDON SUSANNE A", "ADDRGL1": "102 SUMMIT STREET", "ADDRGL2": "", "CITYGL": "BURLINGTON", "STGL": "VT", "ZIPGL": "05401", "DESCPROP": "HOUSE WITH APT IN GARAGE", "LOCAPROP": "N", "CAT": "Residential-1", "RESCODE": "T", "ACRESGL": 0.47, "REAL_FLV": 933700, "HSTED_FLV": 850250, "NRES_FLV": 83450, "LAND_LV": 271400, "IMPRV_LV": 662300, "EQUIPVAL": 0, "EQUIPCODE": "", "INVENVAL": 0, "HSDECL": "Y", "HSITEVAL": 850250, "VETEXAMT": 0, "EXPDESC": "", "ENDDATE": "", "STATUTE": "", "EXAMT_HS": 0, "EXAMT_NR": 0, "UVREDUC_HS": 0, "UVREDUC_NR": 0, "GLVAL_HS": 8502.0, "GLVAL_NR": 834.5, "CRHOUSPCT": 0.0, "MUNGL1PCT": 9337.0, "AOEGL_HS": 8502.0, "AOEGL_NR": 834.5, "E911ADDR": "102 SUMMIT ST", "SHAPE_Length": 0.0021984868043153083, "SHAPE_Area": 2.1407411067716154e-07}, "geometry": {"type": "MultiPolygon", "coordinates": [[[[-73.20131317599999, 44.47334066600007], [-73.20131229099997, 44.47329947000003], [-73.20122081499994, 44.473302844000045], [-73.20120446699997, 44.47308555200004], [-73.20135011499997, 44.47307987600004], [-73.20204068499999, 44.47305397900004], [-73.20206265699994, 44.47331412500006], [-73.20131317599999, 44.47334066600007]]]]}}, {"type": "Feature", "properties": {"OBJECTID": 276886, "SPAN": "114-035-18159", "GLIST_SPAN": "114-035-18159", "MAPID": "050-4-006-000", "PARCID": "050-4-006.000", "PROPTYPE": "PARCEL", "YEAR": 2018, "GLYEAR": 2022, "TOWN": "BURLINGTON", "TNAME": "Burlington", "SOURCENAME": null, "SOURCETYPE": "UNKNOWN", "SOURCEDATE": "UNKNOWN", "EDITMETHOD": "UNKNOWN", "EDITOR": "UNKNOWN", "EDITDATE": "UNKNOWN", "MATCHSTAT": "MATCH", "EDITNOTE": "UNKNOWN", "OWNER1": "SMITH CHARLES P IV", "OWNER2": "MELLENCAMP AMY V", "ADDRGL1": "110 SUMMIT STREET", "ADDRGL2": "", "CITYGL": "BURLINGTON", "STGL": "VT", "ZIPGL": "05401", "DESCPROP": "LAND SIZE FROM GIS 2/9/94", "LOCAPROP": "N", "CAT": "Residential-1", "RESCODE": "T", "ACRESGL": 0.35, "REAL_FLV": 808300, "HSTED_FLV": 808300, "NRES_FLV": 0, "LAND_LV": 252000, "IMPRV_LV": 556300, "EQUIPVAL": 0, "EQUIPCODE": "", "INVENVAL": 0, "HSDECL": "Y", "HSITEVAL": 808300, "VETEXAMT": 0, "EXPDESC": "", "ENDDATE": "", "STATUTE": "", "EXAMT_HS": 0, "EXAMT_NR": 0, "UVREDUC_HS": 0, "UVREDUC_NR": 0, "GLVAL_HS": 8083.0, "GLVAL_NR": 0.0, "CRHOUSPCT": 0.0, "MUNGL1PCT": 8083.0, "AOEGL_HS": 8083.0, "AOEGL_NR": 0.0, "E911ADDR": "110 SUMMIT ST", "SHAPE_Length": 0.0018417287590878353, "SHAPE_Area": 1.6012266292591866e-07}, "geometry": {"type": "MultiPolygon", "coordinates": [[[[-73.20133987199995, 44.472847640000055], [-73.20202454399998, 44.47282149800003], [-73.20204068499999, 44.47305397900004], [-73.20135011499997, 44.47307987600004], [-73.20134204399994, 44.47289782800004], [-73.20133987199995, 44.472847640000055]]]]}}, {"type": "Feature", "properties": {"OBJECTID": 276905, "SPAN": "114-035-18189", "GLIST_SPAN": "114-035-18189", "MAPID": "050-4-036-000", "PARCID": "050-4-036.000", "PROPTYPE": "PARCEL", "YEAR": 2018, "GLYEAR": 2022, "TOWN": "BURLINGTON", "TNAME": "Burlington", "SOURCENAME": null, "SOURCETYPE": "UNKNOWN", "SOURCEDATE": "UNKNOWN", "EDITMETHOD": "UNKNOWN", "EDITOR": "UNKNOWN", "EDITDATE": "UNKNOWN", "MATCHSTAT": "MATCH", "EDITNOTE": "UNKNOWN", "OWNER1": "FLINN CHRIS AND GLORIA TRUSTEE", "OWNER2": "OF THE FLINN LIVING TRUST", "ADDRGL1": "295 SOUTH PROSPECT STREET", "ADDRGL2": "", "CITYGL": "BURLINGTON", "STGL": "VT", "ZIPGL": "05401", "DESCPROP": "GAR NOT ACCES FROM RD", "LOCAPROP": "N", "CAT": "Residential-1", "RESCODE": "T", "ACRESGL": 0.41, "REAL_FLV": 621700, "HSTED_FLV": 621700, "NRES_FLV": 0, "LAND_LV": 218700, "IMPRV_LV": 403000, "EQUIPVAL": 0, "EQUIPCODE": "", "INVENVAL": 0, "HSDECL": "Y", "HSITEVAL": 621700, "VETEXAMT": 0, "EXPDESC": "", "ENDDATE": "", "STATUTE": "", "EXAMT_HS": 0, "EXAMT_NR": 0, "UVREDUC_HS": 0, "UVREDUC_NR": 0, "GLVAL_HS": 6217.0, "GLVAL_NR": 0.0, "CRHOUSPCT": 0.0, "MUNGL1PCT": 6217.0, "AOEGL_HS": 6217.0, "AOEGL_NR": 0.0, "E911ADDR": "295 SOUTH PROSPECT ST", "SHAPE_Length": 0.001941006916991664, "SHAPE_Area": 1.9076757363983198e-07}, "geometry": {"type": "MultiPolygon", "coordinates": [[[[-73.20128726199994, 44.47189837900004], [-73.20132573799998, 44.47189715800005], [-73.20134629199998, 44.47217039100008], [-73.20130937699997, 44.47217075800006], [-73.20064743299997, 44.47219197600003], [-73.20063392699996, 44.471916590000035], [-73.20128726199994, 44.47189837900004]]]]}}, {"type": "Feature", "properties": {"OBJECTID": 276906, "SPAN": "114-035-18190", "GLIST_SPAN": "114-035-18190", "MAPID": "050-4-037-000", "PARCID": "050-4-037.000", "PROPTYPE": "PARCEL", "YEAR": 2018, "GLYEAR": 2022, "TOWN": "BURLINGTON", "TNAME": "Burlington", "SOURCENAME": null, "SOURCETYPE": "UNKNOWN", "SOURCEDATE": "UNKNOWN", "EDITMETHOD": "UNKNOWN", "EDITOR": "UNKNOWN", "EDITDATE": "UNKNOWN", "MATCHSTAT": "MATCH", "EDITNOTE": "UNKNOWN", "OWNER1": "BARBARA L. PARKER TRUST", "OWNER2": "HAWKEYE W. PARKER", "ADDRGL1": "291 SOUTH PROSPECT ST", "ADDRGL2": "", "CITYGL": "BURLINGTON", "STGL": "VT", "ZIPGL": "05401", "DESCPROP": "3-FAMILY HOUSE", "LOCAPROP": "", "CAT": "Residential-1", "RESCODE": "T", "ACRESGL": 0.39, "REAL_FLV": 736000, "HSTED_FLV": 631560, "NRES_FLV": 104440, "LAND_LV": 213800, "IMPRV_LV": 522200, "EQUIPVAL": 0, "EQUIPCODE": "", "INVENVAL": 0, "HSDECL": "Y", "HSITEVAL": 631560, "VETEXAMT": 0, "EXPDESC": "", "ENDDATE": "", "STATUTE": "", "EXAMT_HS": 0, "EXAMT_NR": 0, "UVREDUC_HS": 0, "UVREDUC_NR": 0, "GLVAL_HS": 6316.0, "GLVAL_NR": 1044.4, "CRHOUSPCT": 0.0, "MUNGL1PCT": 7360.0, "AOEGL_HS": 6316.0, "AOEGL_NR": 1044.4, "E911ADDR": "291 SOUTH PROSPECT ST", "SHAPE_Length": 0.0018552580397041005, "SHAPE_Area": 1.73065781420125e-07}, "geometry": {"type": "MultiPolygon", "coordinates": [[[[-73.20065677699995, 44.47244770100008], [-73.20064743299997, 44.47219197600003], [-73.20130937699997, 44.47217075800006], [-73.20130946999996, 44.47217849100008], [-73.20131950499996, 44.47239329200005], [-73.20132112199997, 44.47242998400003], [-73.20132127699998, 44.47244291900006], [-73.20102900799998, 44.472438527000065], [-73.20065677699995, 44.47244770100008]]]]}}, {"type": "Feature", "properties": {"OBJECTID": 276907, "SPAN": "114-035-18191", "GLIST_SPAN": "114-035-18191", "MAPID": "050-4-038-000", "PARCID": "050-4-038.000", "PROPTYPE": "PARCEL", "YEAR": 2018, "GLYEAR": 2022, "TOWN": "BURLINGTON", "TNAME": "Burlington", "SOURCENAME": null, "SOURCETYPE": "UNKNOWN", "SOURCEDATE": "UNKNOWN", "EDITMETHOD": "UNKNOWN", "EDITOR": "UNKNOWN", "EDITDATE": "UNKNOWN", "MATCHSTAT": "MATCH", "EDITNOTE": "UNKNOWN", "OWNER1": "FEENEY DANIEL J", "OWNER2": "FEENEY AMY E", "ADDRGL1": "283 SOUTH PROSPECT ST", "ADDRGL2": "", "CITYGL": "BURLINGTON", "STGL": "VT", "ZIPGL": "05401", "DESCPROP": "", "LOCAPROP": "N", "CAT": "Residential-1", "RESCODE": "T", "ACRESGL": 0.34, "REAL_FLV": 784300, "HSTED_FLV": 0, "NRES_FLV": 784300, "LAND_LV": 205600, "IMPRV_LV": 578700, "EQUIPVAL": 0, "EQUIPCODE": "", "INVENVAL": 0, "HSDECL": "N", "HSITEVAL": 784300, "VETEXAMT": 0, "EXPDESC": "", "ENDDATE": "", "STATUTE": "", "EXAMT_HS": 0, "EXAMT_NR": 0, "UVREDUC_HS": 0, "UVREDUC_NR": 0, "GLVAL_HS": 0.0, "GLVAL_NR": 7843.0, "CRHOUSPCT": 0.0, "MUNGL1PCT": 7843.0, "AOEGL_HS": 0.0, "AOEGL_NR": 7843.0, "E911ADDR": "283 SOUTH PROSPECT ST", "SHAPE_Length": 0.0017847320373642046, "SHAPE_Area": 1.5350986289354864e-07}, "geometry": {"type": "MultiPolygon", "coordinates": [[[[-73.20065677699995, 44.47244770100008], [-73.20102900799998, 44.472438527000065], [-73.20132127699998, 44.47244291900006], [-73.20132398899995, 44.47250533700003], [-73.20132919799994, 44.47261231400006], [-73.20133135999998, 44.47266165700006], [-73.20066746399993, 44.47268429300004], [-73.20065677699995, 44.47244770100008]]]]}}, {"type": "Feature", "properties": {"OBJECTID": 276908, "SPAN": "114-035-18192", "GLIST_SPAN": "114-035-18192", "MAPID": "050-4-039-000", "PARCID": "050-4-039.000", "PROPTYPE": "PARCEL", "YEAR": 2018, "GLYEAR": 2022, "TOWN": "BURLINGTON", "TNAME": "Burlington", "SOURCENAME": null, "SOURCETYPE": "UNKNOWN", "SOURCEDATE": "UNKNOWN", "EDITMETHOD": "UNKNOWN", "EDITOR": "UNKNOWN", "EDITDATE": "UNKNOWN", "MATCHSTAT": "MATCH", "EDITNOTE": "UNKNOWN", "OWNER1": "MURETA GARY", "OWNER2": "", "ADDRGL1": "525 BUENA VISTA AVENUE W", "ADDRGL2": "", "CITYGL": "SAN FRANCISCO", "STGL": "CA", "ZIPGL": "94117", "DESCPROP": "", "LOCAPROP": "N", "CAT": "Residential-1", "RESCODE": "T", "ACRESGL": 0.34, "REAL_FLV": 775100, "HSTED_FLV": 0, "NRES_FLV": 775100, "LAND_LV": 205600, "IMPRV_LV": 569500, "EQUIPVAL": 0, "EQUIPCODE": "", "INVENVAL": 0, "HSDECL": "N", "HSITEVAL": 775100, "VETEXAMT": 0, "EXPDESC": "", "ENDDATE": "", "STATUTE": "", "EXAMT_HS": 0, "EXAMT_NR": 0, "UVREDUC_HS": 0, "UVREDUC_NR": 0, "GLVAL_HS": 0.0, "GLVAL_NR": 7751.0, "CRHOUSPCT": 0.0, "MUNGL1PCT": 7751.0, "AOEGL_HS": 0.0, "AOEGL_NR": 7751.0, "E911ADDR": "273 SOUTH PROSPECT ST", "SHAPE_Length": 0.001798565053694944, "SHAPE_Area": 1.5595094642543713e-07}, "geometry": {"type": "MultiPolygon", "coordinates": [[[[-73.20066746399993, 44.47268429300004], [-73.20133135999998, 44.47266165700006], [-73.20133987199995, 44.472847640000055], [-73.20134204399994, 44.47289782800004], [-73.20067731699999, 44.47291695300004], [-73.20066746399993, 44.47268429300004]]]]}}, {"type": "Feature", "properties": {"OBJECTID": 276909, "SPAN": "114-035-18193", "GLIST_SPAN": "114-035-18193", "MAPID": "050-4-040-000", "PARCID": "050-4-040.000", "PROPTYPE": "PARCEL", "YEAR": 2018, "GLYEAR": 2022, "TOWN": "BURLINGTON", "TNAME": "Burlington", "SOURCENAME": null, "SOURCETYPE": "UNKNOWN", "SOURCEDATE": "UNKNOWN", "EDITMETHOD": "UNKNOWN", "EDITOR": "UNKNOWN", "EDITDATE": "UNKNOWN", "MATCHSTAT": "MATCH", "EDITNOTE": "UNKNOWN", "OWNER1": "HOLMES LEWIS M", "OWNER2": "HOLMES MADELYN", "ADDRGL1": "261 SOUTH PROSPECT ST", "ADDRGL2": "", "CITYGL": "BURLINGTON", "STGL": "VT", "ZIPGL": "05401", "DESCPROP": "", "LOCAPROP": "N", "CAT": "Residential-1", "RESCODE": "T", "ACRESGL": 0.28, "REAL_FLV": 812600, "HSTED_FLV": 812600, "NRES_FLV": 0, "LAND_LV": 194500, "IMPRV_LV": 618100, "EQUIPVAL": 0, "EQUIPCODE": "", "INVENVAL": 0, "HSDECL": "Y", "HSITEVAL": 812600, "VETEXAMT": 0, "EXPDESC": "", "ENDDATE": "", "STATUTE": "", "EXAMT_HS": 0, "EXAMT_NR": 0, "UVREDUC_HS": 0, "UVREDUC_NR": 0, "GLVAL_HS": 8126.0, "GLVAL_NR": 0.0, "CRHOUSPCT": 0.0, "MUNGL1PCT": 8126.0, "AOEGL_HS": 8126.0, "AOEGL_NR": 0.0, "E911ADDR": "261 SOUTH PROSPECT ST", "SHAPE_Length": 0.0016984644772275925, "SHAPE_Area": 1.2300562896812913e-07}, "geometry": {"type": "MultiPolygon", "coordinates": [[[[-73.20067731699999, 44.47291695300004], [-73.20134204399994, 44.47289782800004], [-73.20135011499997, 44.47307987600004], [-73.20120446699997, 44.47308555200004], [-73.20068741999995, 44.473104755000065], [-73.20067731699999, 44.47291695300004]]]]}}, {"type": "Feature", "properties": {"OBJECTID": 276910, "SPAN": "114-035-18194", "GLIST_SPAN": "114-035-18194", "MAPID": "050-4-041-000", "PARCID": "050-4-041.000", "PROPTYPE": "PARCEL", "YEAR": 2018, "GLYEAR": 2022, "TOWN": "BURLINGTON", "TNAME": "Burlington", "SOURCENAME": null, "SOURCETYPE": "UNKNOWN", "SOURCEDATE": "UNKNOWN", "EDITMETHOD": "UNKNOWN", "EDITOR": "UNKNOWN", "EDITDATE": "UNKNOWN", "MATCHSTAT": "MATCH", "EDITNOTE": "UNKNOWN", "OWNER1": "SPATER CHRISTOPHER", "OWNER2": "CHRISTOPHER SPATER REVOCABLE TRUST", "ADDRGL1": "255 SOUTH PROSPECT ST", "ADDRGL2": "", "CITYGL": "BURLINGTON", "STGL": "VT", "ZIPGL": "05401", "DESCPROP": "1FR IN RR HAS EL HEAT", "LOCAPROP": "", "CAT": "Residential-1", "RESCODE": "T", "ACRESGL": 0.26, "REAL_FLV": 636300, "HSTED_FLV": 636300, "NRES_FLV": 0, "LAND_LV": 191900, "IMPRV_LV": 444400, "EQUIPVAL": 0, "EQUIPCODE": "", "INVENVAL": 0, "HSDECL": "Y", "HSITEVAL": 636300, "VETEXAMT": 0, "EXPDESC": "", "ENDDATE": "", "STATUTE": "", "EXAMT_HS": 0, "EXAMT_NR": 0, "UVREDUC_HS": 0, "UVREDUC_NR": 0, "GLVAL_HS": 6363.0, "GLVAL_NR": 0.0, "CRHOUSPCT": 0.0, "MUNGL1PCT": 6363.0, "AOEGL_HS": 6363.0, "AOEGL_NR": 0.0, "E911ADDR": "255 SOUTH PROSPECT ST", "SHAPE_Length": 0.0014796063730938972, "SHAPE_Area": 1.1379364178180879e-07}, "geometry": {"type": "MultiPolygon", "coordinates": [[[[-73.20068741999995, 44.473104755000065], [-73.20120446699997, 44.47308555200004], [-73.20122081499994, 44.473302844000045], [-73.20069553299999, 44.47332322400007], [-73.20068741999995, 44.473104755000065]]]]}}, {"type": "Feature", "properties": {"OBJECTID": 276911, "SPAN": "114-035-18195", "GLIST_SPAN": "114-035-18195", "MAPID": "050-4-042-000", "PARCID": "050-4-042.000", "PROPTYPE": "PARCEL", "YEAR": 2018, "GLYEAR": 2022, "TOWN": "BURLINGTON", "TNAME": "Burlington", "SOURCENAME": null, "SOURCETYPE": "UNKNOWN", "SOURCEDATE": "UNKNOWN", "EDITMETHOD": "UNKNOWN", "EDITOR": "UNKNOWN", "EDITDATE": "UNKNOWN", "MATCHSTAT": "MATCH", "EDITNOTE": "UNKNOWN", "OWNER1": "WEICHT THOMAS R", "OWNER2": "WEICHT DEBORAH NEHER", "ADDRGL1": "247 SOUTH PROSPECT STREET", "ADDRGL2": "", "CITYGL": "BURLINGTON", "STGL": "VT", "ZIPGL": "05401", "DESCPROP": "", "LOCAPROP": "N", "CAT": "Residential-1", "RESCODE": "T", "ACRESGL": 0.24, "REAL_FLV": 605000, "HSTED_FLV": 605000, "NRES_FLV": 0, "LAND_LV": 187100, "IMPRV_LV": 417900, "EQUIPVAL": 0, "EQUIPCODE": "", "INVENVAL": 0, "HSDECL": "Y", "HSITEVAL": 605000, "VETEXAMT": 0, "EXPDESC": "", "ENDDATE": "", "STATUTE": "", "EXAMT_HS": 0, "EXAMT_NR": 0, "UVREDUC_HS": 0, "UVREDUC_NR": 0, "GLVAL_HS": 6050.0, "GLVAL_NR": 0.0, "CRHOUSPCT": 0.0, "MUNGL1PCT": 6050.0, "AOEGL_HS": 6050.0, "AOEGL_NR": 0.0, "E911ADDR": "247 SOUTH PROSPECT ST", "SHAPE_Length": 0.0015837317319790402, "SHAPE_Area": 1.0596181525931894e-07}, "geometry": {"type": "MultiPolygon", "coordinates": [[[[-73.20122081499994, 44.473302844000045], [-73.20131229099997, 44.47329947000003], [-73.20131317599999, 44.47334066600007], [-73.20132415499995, 44.47347024700008], [-73.20069992999998, 44.47349376500006], [-73.20069553299999, 44.47332322400007], [-73.20122081499994, 44.473302844000045]]]]}}, {"type": "Feature", "properties": {"OBJECTID": 276912, "SPAN": "114-035-18196", "GLIST_SPAN": "114-035-18196", "MAPID": "050-4-043-000", "PARCID": "050-4-043.000", "PROPTYPE": "PARCEL", "YEAR": 2018, "GLYEAR": 2022, "TOWN": "BURLINGTON", "TNAME": "Burlington", "SOURCENAME": null, "SOURCETYPE": "UNKNOWN", "SOURCEDATE": "UNKNOWN", "EDITMETHOD": "UNKNOWN", "EDITOR": "UNKNOWN", "EDITDATE": "UNKNOWN", "MATCHSTAT": "MATCH", "EDITNOTE": "UNKNOWN", "OWNER1": "SCHEDLER SUSAN M", "OWNER2": "", "ADDRGL1": "182 BAY RD", "ADDRGL2": "", "CITYGL": "HUNTINGTON", "STGL": "NY", "ZIPGL": "11743", "DESCPROP": "", "LOCAPROP": "N", "CAT": "Residential-1", "RESCODE": "S", "ACRESGL": 0.24, "REAL_FLV": 486900, "HSTED_FLV": 0, "NRES_FLV": 486900, "LAND_LV": 187200, "IMPRV_LV": 299700, "EQUIPVAL": 0, "EQUIPCODE": "", "INVENVAL": 0, "HSDECL": "N", "HSITEVAL": 486900, "VETEXAMT": 0, "EXPDESC": "", "ENDDATE": "", "STATUTE": "", "EXAMT_HS": 0, "EXAMT_NR": 0, "UVREDUC_HS": 0, "UVREDUC_NR": 0, "GLVAL_HS": 0.0, "GLVAL_NR": 4869.0, "CRHOUSPCT": 0.0, "MUNGL1PCT": 4869.0, "AOEGL_HS": 0.0, "AOEGL_NR": 4869.0, "E911ADDR": "239 SOUTH PROSPECT ST", "SHAPE_Length": 0.00162268750663947, "SHAPE_Area": 1.16674913642513e-07}, "geometry": {"type": "MultiPolygon", "coordinates": [[[[-73.20069992999998, 44.47349376500006], [-73.20132415499995, 44.47347024700008], [-73.20132859499995, 44.47354573100006], [-73.20133579699996, 44.47365522700005], [-73.20106963499995, 44.47366670500003], [-73.20071279299998, 44.473682394000036], [-73.20071170299997, 44.47365694800004], [-73.20070516299995, 44.47356629700005], [-73.20069992999998, 44.47349376500006]]]]}}, {"type": "Feature", "properties": {"OBJECTID": 276913, "SPAN": "114-035-18207", "GLIST_SPAN": "114-035-18207", "MAPID": "050-4-045-000", "PARCID": "050-4-045.000", "PROPTYPE": "PARCEL", "YEAR": 2018, "GLYEAR": 2022, "TOWN": "BURLINGTON", "TNAME": "Burlington", "SOURCENAME": null, "SOURCETYPE": "UNKNOWN", "SOURCEDATE": "UNKNOWN", "EDITMETHOD": "UNKNOWN", "EDITOR": "UNKNOWN", "EDITDATE": "UNKNOWN", "MATCHSTAT": "MATCH", "EDITNOTE": "UNKNOWN", "OWNER1": "PANDINA NANCY G.", "OWNER2": "PANDINA GAHAN", "ADDRGL1": "246 SOUTH PROSPECT ST", "ADDRGL2": "", "CITYGL": "BURLINGTON", "STGL": "VT", "ZIPGL": "05401", "DESCPROP": "", "LOCAPROP": "", "CAT": "Residential-1", "RESCODE": "T", "ACRESGL": 0.12, "REAL_FLV": 690900, "HSTED_FLV": 559850, "NRES_FLV": 131050, "LAND_LV": 166700, "IMPRV_LV": 524200, "EQUIPVAL": 0, "EQUIPCODE": "", "INVENVAL": 0, "HSDECL": "Y", "HSITEVAL": 559850, "VETEXAMT": 0, "EXPDESC": "", "ENDDATE": "", "STATUTE": "", "EXAMT_HS": 0, "EXAMT_NR": 0, "UVREDUC_HS": 0, "UVREDUC_NR": 0, "GLVAL_HS": 5598.0, "GLVAL_NR": 1310.5, "CRHOUSPCT": 0.0, "MUNGL1PCT": 6909.0, "AOEGL_HS": 5598.0, "AOEGL_NR": 1310.5, "E911ADDR": "246 SOUTH PROSPECT ST", "SHAPE_Length": 0.0009619083506787211, "SHAPE_Area": 5.5711389940550735e-08}, "geometry": {"type": "MultiPolygon", "coordinates": [[[[-73.20016052799997, 44.473384579000026], [-73.20044444899997, 44.47338016600003], [-73.20045459299996, 44.47357148400005], [-73.20016603199997, 44.47358211200003], [-73.20016052799997, 44.473384579000026]]]]}}, {"type": "Feature", "properties": {"OBJECTID": 277556, "SPAN": "114-035-17823", "GLIST_SPAN": "114-035-17823", "MAPID": "050-1-016-001", "PARCID": "050-1-016.001", "PROPTYPE": "PARCEL", "YEAR": 2018, "GLYEAR": 2022, "TOWN": "BURLINGTON", "TNAME": "Burlington", "SOURCENAME": null, "SOURCETYPE": "UNKNOWN", "SOURCEDATE": "UNKNOWN", "EDITMETHOD": "UNKNOWN", "EDITOR": "UNKNOWN", "EDITDATE": "UNKNOWN", "MATCHSTAT": "MATCH", "EDITNOTE": "UNKNOWN", "OWNER1": "CHAMPLAIN COLLEGE INC.", "OWNER2": "", "ADDRGL1": "PO BOX 670", "ADDRGL2": "ATTN FINANCING", "CITYGL": "BURLINGTON", "STGL": "VT", "ZIPGL": "05401", "DESCPROP": "FRAT/SOR    New Half of Building  -", "LOCAPROP": "N", "CAT": "Commercial", "RESCODE": "C", "ACRESGL": 0.78, "REAL_FLV": 1563000, "HSTED_FLV": 0, "NRES_FLV": 1563000, "LAND_LV": 1563000, "IMPRV_LV": 0, "EQUIPVAL": 0, "EQUIPCODE": "", "INVENVAL": 0, "HSDECL": "N", "HSITEVAL": 0, "VETEXAMT": 0, "EXPDESC": "", "ENDDATE": "", "STATUTE": "", "EXAMT_HS": 0, "EXAMT_NR": 0, "UVREDUC_HS": 0, "UVREDUC_NR": 0, "GLVAL_HS": 0.0, "GLVAL_NR": 15630.0, "CRHOUSPCT": 0.0, "MUNGL1PCT": 15630.0, "AOEGL_HS": 0.0, "AOEGL_NR": 15630.0, "E911ADDR": "56 SUMMIT ST", "SHAPE_Length": 0.0025229267205287903, "SHAPE_Area": 3.564519880318684e-07}, "geometry": {"type": "MultiPolygon", "coordinates": [[[[-73.20153423399995, 44.47444919600008], [-73.20214236599998, 44.47442591300006], [-73.20215916999996, 44.474680748000026], [-73.20216832899996, 44.47485491600003], [-73.20133793799994, 44.474883361000025], [-73.20133466899995, 44.47483992900004], [-73.20132565799997, 44.47467785400005], [-73.20130999499997, 44.47448516400004], [-73.20130769899998, 44.474457477000044], [-73.20153423399995, 44.47444919600008]]]]}}, {"type": "Feature", "properties": {"OBJECTID": 277573, "SPAN": "114-035-17839", "GLIST_SPAN": "114-035-17839", "MAPID": "050-1-032-000", "PARCID": "050-1-032.000", "PROPTYPE": "PARCEL", "YEAR": 2018, "GLYEAR": 2022, "TOWN": "BURLINGTON", "TNAME": "Burlington", "SOURCENAME": null, "SOURCETYPE": "UNKNOWN", "SOURCEDATE": "UNKNOWN", "EDITMETHOD": "UNKNOWN", "EDITOR": "UNKNOWN", "EDITDATE": "UNKNOWN", "MATCHSTAT": "MATCH", "EDITNOTE": "UNKNOWN", "OWNER1": "HILL CHRISTOPHER A", "OWNER2": "", "ADDRGL1": "380 MAPLE STREET", "ADDRGL2": "", "CITYGL": "BURLINGTON", "STGL": "VT", "ZIPGL": "05401", "DESCPROP": "", "LOCAPROP": "N", "CAT": "Residential-1", "RESCODE": "T", "ACRESGL": 0.12, "REAL_FLV": 628200, "HSTED_FLV": 628200, "NRES_FLV": 0, "LAND_LV": 214400, "IMPRV_LV": 413800, "EQUIPVAL": 0, "EQUIPCODE": "", "INVENVAL": 0, "HSDECL": "Y", "HSITEVAL": 628200, "VETEXAMT": 0, "EXPDESC": "", "ENDDATE": "", "STATUTE": "", "EXAMT_HS": 0, "EXAMT_NR": 0, "UVREDUC_HS": 0, "UVREDUC_NR": 0, "GLVAL_HS": 6282.0, "GLVAL_NR": 0.0, "CRHOUSPCT": 0.0, "MUNGL1PCT": 6282.0, "AOEGL_HS": 6282.0, "AOEGL_NR": 0.0, "E911ADDR": "380 MAPLE ST", "SHAPE_Length": 0.0009452415597166674, "SHAPE_Area": 5.4850128080970294e-08}, "geometry": {"type": "MultiPolygon", "coordinates": [[[[-73.20376051899996, 44.47409155100007], [-73.20396545599993, 44.47408396000003], [-73.20398518999997, 44.47435326000004], [-73.20377820799996, 44.47435411400005], [-73.20376051899996, 44.47409155100007]]]]}}, {"type": "Feature", "properties": {"OBJECTID": 277574, "SPAN": "114-035-17833", "GLIST_SPAN": "114-035-17833", "MAPID": "050-1-026-000", "PARCID": "050-1-026.000", "PROPTYPE": "PARCEL", "YEAR": 2018, "GLYEAR": 2022, "TOWN": "BURLINGTON", "TNAME": "Burlington", "SOURCENAME": null, "SOURCETYPE": "UNKNOWN", "SOURCEDATE": "UNKNOWN", "EDITMETHOD": "UNKNOWN", "EDITOR": "UNKNOWN", "EDITDATE": "UNKNOWN", "MATCHSTAT": "MATCH", "EDITNOTE": "UNKNOWN", "OWNER1": "NEDDE APARTMENTS LLC", "OWNER2": "", "ADDRGL1": "747 PINE ST UNIT 501", "ADDRGL2": "", "CITYGL": "BURLINGTON", "STGL": "VT", "ZIPGL": "05401", "DESCPROP": "11 APT UNITS", "LOCAPROP": "N", "CAT": "Commercial Apt", "RESCODE": "C", "ACRESGL": 0.41, "REAL_FLV": 1939700, "HSTED_FLV": 0, "NRES_FLV": 1939700, "LAND_LV": 774000, "IMPRV_LV": 1165700, "EQUIPVAL": 0, "EQUIPCODE": "", "INVENVAL": 0, "HSDECL": "N", "HSITEVAL": 0, "VETEXAMT": 0, "EXPDESC": "", "ENDDATE": "", "STATUTE": "", "EXAMT_HS": 0, "EXAMT_NR": 0, "UVREDUC_HS": 0, "UVREDUC_NR": 0, "GLVAL_HS": 0.0, "GLVAL_NR": 19397.0, "CRHOUSPCT": 0.0, "MUNGL1PCT": 19397.0, "AOEGL_HS": 0.0, "AOEGL_NR": 19397.0, "E911ADDR": "192 JACKSON CT", "SHAPE_Length": 0.0026110784205592773, "SHAPE_Area": 1.9715574260560191e-07}, "geometry": {"type": "MultiPolygon", "coordinates": [[[[-73.20414986999998, 44.47488462000007], [-73.20412384299993, 44.47448402300006], [-73.20411324999998, 44.47448507300004], [-73.20411116299994, 44.47447482100006], [-73.20424577699998, 44.47446583400006], [-73.20425933099995, 44.474463152000055], [-73.20427208599995, 44.47445891500007], [-73.20428369799998, 44.474453237000034], [-73.20429385399996, 44.47444627400006], [-73.20430186399994, 44.47442866100005], [-73.20430638899995, 44.47441042300005], [-73.20430733999996, 44.474391912000044], [-73.20430820999997, 44.474366315000054], [-73.20429091799997, 44.47407154900003], [-73.20433606299997, 44.47406958300007], [-73.20435711899995, 44.474383309000075], [-73.20436512099997, 44.474399445000074], [-73.20437647099999, 44.47441451600008], [-73.20439090299993, 44.47442817000007], [-73.20440807699998, 44.474440085000026], [-73.20447157399997, 44.474461630000064], [-73.20448414899994, 44.47446211500005], [-73.20448409799997, 44.474490520000074], [-73.20465213299997, 44.47448442100006], [-73.20466252199998, 44.474662237000075], [-73.20447682199995, 44.47466928800003], [-73.20449338799995, 44.47487097100003], [-73.20414986999998, 44.47488462000007]]]]}}, {"type": "Feature", "properties": {"OBJECTID": 277578, "SPAN": "114-035-17835", "GLIST_SPAN": "114-035-17835", "MAPID": "050-1-028-000", "PARCID": "050-1-028.000", "PROPTYPE": "PARCEL", "YEAR": 2018, "GLYEAR": 2022, "TOWN": "BURLINGTON", "TNAME": "Burlington", "SOURCENAME": null, "SOURCETYPE": "UNKNOWN", "SOURCEDATE": "UNKNOWN", "EDITMETHOD": "UNKNOWN", "EDITOR": "UNKNOWN", "EDITDATE": "UNKNOWN", "MATCHSTAT": "MATCH", "EDITNOTE": "UNKNOWN", "OWNER1": "WOLF LINDA", "OWNER2": "", "ADDRGL1": "204 SOUTH WILLARD  ST", "ADDRGL2": "", "CITYGL": "BURLINGTON", "STGL": "VT", "ZIPGL": "05401", "DESCPROP": "INN", "LOCAPROP": "N", "CAT": "Commercial", "RESCODE": "T", "ACRESGL": 0.22, "REAL_FLV": 916300, "HSTED_FLV": 477836, "NRES_FLV": 438464, "LAND_LV": 231200, "IMPRV_LV": 685100, "EQUIPVAL": 0, "EQUIPCODE": "", "INVENVAL": 0, "HSDECL": "Y", "HSITEVAL": 477836, "VETEXAMT": 0, "EXPDESC": "", "ENDDATE": "", "STATUTE": "", "EXAMT_HS": 0, "EXAMT_NR": 0, "UVREDUC_HS": 0, "UVREDUC_NR": 0, "GLVAL_HS": 4778.0, "GLVAL_NR": 4384.64, "CRHOUSPCT": 0.0, "MUNGL1PCT": 9163.0, "AOEGL_HS": 4778.0, "AOEGL_NR": 4384.64, "E911ADDR": "204 SOUTH WILLARD ST", "SHAPE_Length": 0.0015029332410160744, "SHAPE_Area": 1.0233904024959575e-07}, "geometry": {"type": "MultiPolygon", "coordinates": [[[[-73.20465213299997, 44.47448442100006], [-73.20522178999994, 44.47446248400007], [-73.20523729899998, 44.47464139300007], [-73.20466252199998, 44.474662237000075], [-73.20465213299997, 44.47448442100006]]]]}}, {"type": "Feature", "properties": {"OBJECTID": 277581, "SPAN": "114-035-17836", "GLIST_SPAN": "114-035-17836", "MAPID": "050-1-029-000", "PARCID": "050-1-029.000", "PROPTYPE": "PARCEL", "YEAR": 2018, "GLYEAR": 2022, "TOWN": "BURLINGTON", "TNAME": "Burlington", "SOURCENAME": null, "SOURCETYPE": "UNKNOWN", "SOURCEDATE": "UNKNOWN", "EDITMETHOD": "UNKNOWN", "EDITOR": "UNKNOWN", "EDITDATE": "UNKNOWN", "MATCHSTAT": "MATCH", "EDITNOTE": "UNKNOWN", "OWNER1": "PICARD ANN", "OWNER2": "PICARD PETER", "ADDRGL1": "296 BOOZAN HILL ROAD", "ADDRGL2": "", "CITYGL": "EAST FAIRFIELD", "STGL": "VT", "ZIPGL": "05448", "DESCPROP": "7 APT UNITS", "LOCAPROP": "N", "CAT": "Commercial Apt", "RESCODE": "C", "ACRESGL": 0.54, "REAL_FLV": 1018900, "HSTED_FLV": 0, "NRES_FLV": 1018900, "LAND_LV": 379300, "IMPRV_LV": 639600, "EQUIPVAL": 0, "EQUIPCODE": "", "INVENVAL": 0, "HSDECL": "N", "HSITEVAL": 0, "VETEXAMT": 0, "EXPDESC": "", "ENDDATE": "", "STATUTE": "", "EXAMT_HS": 0, "EXAMT_NR": 0, "UVREDUC_HS": 0, "UVREDUC_NR": 0, "GLVAL_HS": 0.0, "GLVAL_NR": 10189.0, "CRHOUSPCT": 0.0, "MUNGL1PCT": 10189.0, "AOEGL_HS": 0.0, "AOEGL_NR": 10189.0, "E911ADDR": "216 SOUTH WILLARD ST", "SHAPE_Length": 0.0019911877486323316, "SHAPE_Area": 2.424573300642674e-07}, "geometry": {"type": "MultiPolygon", "coordinates": [[[[-73.20461795299997, 44.47405940700003], [-73.20518603799997, 44.474037761000034], [-73.20522178999994, 44.47446248400007], [-73.20465213299997, 44.47448442100006], [-73.20461795299997, 44.47405940700003]]]]}}, {"type": "Feature", "properties": {"OBJECTID": 277582, "SPAN": "114-035-17837", "GLIST_SPAN": "114-035-17837", "MAPID": "050-1-030-000", "PARCID": "050-1-030.000", "PROPTYPE": "PARCEL", "YEAR": 2018, "GLYEAR": 2022, "TOWN": "BURLINGTON", "TNAME": "Burlington", "SOURCENAME": null, "SOURCETYPE": "UNKNOWN", "SOURCEDATE": "UNKNOWN", "EDITMETHOD": "UNKNOWN", "EDITOR": "UNKNOWN", "EDITDATE": "UNKNOWN", "MATCHSTAT": "MATCH", "EDITNOTE": "UNKNOWN", "OWNER1": "PICARD ANN", "OWNER2": "PICARD PETER", "ADDRGL1": "296 BOOZAN HILL ROAD", "ADDRGL2": "", "CITYGL": "EAST FAIRFIELD", "STGL": "VT", "ZIPGL": "05448", "DESCPROP": "", "LOCAPROP": "N", "CAT": "Miscellaneous", "RESCODE": "S", "ACRESGL": 0.24, "REAL_FLV": 234400, "HSTED_FLV": 0, "NRES_FLV": 234400, "LAND_LV": 234400, "IMPRV_LV": 0, "EQUIPVAL": 0, "EQUIPCODE": "", "INVENVAL": 0, "HSDECL": "N", "HSITEVAL": 0, "VETEXAMT": 0, "EXPDESC": "", "ENDDATE": "", "STATUTE": "", "EXAMT_HS": 0, "EXAMT_NR": 0, "UVREDUC_HS": 0, "UVREDUC_NR": 0, "GLVAL_HS": 0.0, "GLVAL_NR": 2344.0, "CRHOUSPCT": 0.0, "MUNGL1PCT": 2344.0, "AOEGL_HS": 0.0, "AOEGL_NR": 2344.0, "E911ADDR": "366 MAPLE ST", "SHAPE_Length": 0.0013767271817214772, "SHAPE_Area": 1.1490504484249123e-07}, "geometry": {"type": "MultiPolygon", "coordinates": [[[[-73.20433606299997, 44.47406958300007], [-73.20461795299997, 44.47405940700003], [-73.20465213299997, 44.47448442100006], [-73.20448409799997, 44.474490520000074], [-73.20448414899994, 44.47446211500005], [-73.20447157399997, 44.474461630000064], [-73.20440807699998, 44.474440085000026], [-73.20439090299993, 44.47442817000007], [-73.20437647099999, 44.47441451600008], [-73.20436512099997, 44.474399445000074], [-73.20435711899995, 44.474383309000075], [-73.20433606299997, 44.47406958300007]]]]}}, {"type": "Feature", "properties": {"OBJECTID": 277679, "SPAN": "114-035-17838", "GLIST_SPAN": "114-035-17838", "MAPID": "050-1-031-000", "PARCID": "050-1-031.000", "PROPTYPE": "PARCEL", "YEAR": 2018, "GLYEAR": 2022, "TOWN": "BURLINGTON", "TNAME": "Burlington", "SOURCENAME": null, "SOURCETYPE": "UNKNOWN", "SOURCEDATE": "UNKNOWN", "EDITMETHOD": "UNKNOWN", "EDITOR": "UNKNOWN", "EDITDATE": "UNKNOWN", "MATCHSTAT": "MATCH", "EDITNOTE": "UNKNOWN", "OWNER1": "GOFF PETER W", "OWNER2": "RIZZO DONNA M", "ADDRGL1": "372 MAPLE STREET", "ADDRGL2": "", "CITYGL": "BURLINGTON", "STGL": "VT", "ZIPGL": "05401", "DESCPROP": "AS OF 4-1-06 PROJECT NOT COMPLETE. NEEDS", "LOCAPROP": "N", "CAT": "Residential-1", "RESCODE": "T", "ACRESGL": 0.28, "REAL_FLV": 777700, "HSTED_FLV": 777700, "NRES_FLV": 0, "LAND_LV": 239900, "IMPRV_LV": 537800, "EQUIPVAL": 0, "EQUIPCODE": "", "INVENVAL": 0, "HSDECL": "Y", "HSITEVAL": 777700, "VETEXAMT": 0, "EXPDESC": "", "ENDDATE": "", "STATUTE": "", "EXAMT_HS": 0, "EXAMT_NR": 0, "UVREDUC_HS": 0, "UVREDUC_NR": 0, "GLVAL_HS": 7777.0, "GLVAL_NR": 0.0, "CRHOUSPCT": 0.0, "MUNGL1PCT": 7777.0, "AOEGL_HS": 7777.0, "AOEGL_NR": 0.0, "E911ADDR": "372 MAPLE ST", "SHAPE_Length": 0.0014249600583813244, "SHAPE_Area": 1.2737225596407126e-07}, "geometry": {"type": "MultiPolygon", "coordinates": [[[[-73.20396545599993, 44.47408396000003], [-73.20429091799997, 44.47407154900003], [-73.20430820999997, 44.474366315000054], [-73.20430733999996, 44.474391912000044], [-73.20430638899995, 44.47441042300005], [-73.20430186399994, 44.47442866100005], [-73.20429385399996, 44.47444627400006], [-73.20428369799998, 44.474453237000034], [-73.20427208599995, 44.47445891500007], [-73.20425933099995, 44.474463152000055], [-73.20424577699998, 44.47446583400006], [-73.20411116299994, 44.47447482100006], [-73.20411324999998, 44.47448507300004], [-73.20399506499996, 44.474488473000065], [-73.20398518999997, 44.47435326000004], [-73.20396545599993, 44.47408396000003]]]]}}, {"type": "Feature", "properties": {"OBJECTID": 277680, "SPAN": "114-035-17840", "GLIST_SPAN": "114-035-17840", "MAPID": "050-1-033-000", "PARCID": "050-1-033.000", "PROPTYPE": "PARCEL", "YEAR": 2018, "GLYEAR": 2022, "TOWN": "BURLINGTON", "TNAME": "Burlington", "SOURCENAME": null, "SOURCETYPE": "UNKNOWN", "SOURCEDATE": "UNKNOWN", "EDITMETHOD": "UNKNOWN", "EDITOR": "UNKNOWN", "EDITDATE": "UNKNOWN", "MATCHSTAT": "MATCH", "EDITNOTE": "UNKNOWN", "OWNER1": "HARRINGTON TERRACE LLC", "OWNER2": "", "ADDRGL1": "311 DOLLIVER DRIVE", "ADDRGL2": "", "CITYGL": "CHARLOTTE", "STGL": "VT", "ZIPGL": "05445", "DESCPROP": "9 APT UNITS", "LOCAPROP": "N", "CAT": "Commercial Apt", "RESCODE": "C", "ACRESGL": 0.42, "REAL_FLV": 1560600, "HSTED_FLV": 0, "NRES_FLV": 1560600, "LAND_LV": 549200, "IMPRV_LV": 1011400, "EQUIPVAL": 0, "EQUIPCODE": "", "INVENVAL": 0, "HSDECL": "N", "HSITEVAL": 0, "VETEXAMT": 0, "EXPDESC": "", "ENDDATE": "", "STATUTE": "", "EXAMT_HS": 0, "EXAMT_NR": 0, "UVREDUC_HS": 0, "UVREDUC_NR": 0, "GLVAL_HS": 0.0, "GLVAL_NR": 15606.0, "CRHOUSPCT": 0.0, "MUNGL1PCT": 15606.0, "AOEGL_HS": 0.0, "AOEGL_NR": 15606.0, "E911ADDR": "55 HARRINGTON TR", "SHAPE_Length": 0.0019111891872605014, "SHAPE_Area": 1.905286199339521e-07}, "geometry": {"type": "MultiPolygon", "coordinates": [[[[-73.20382108599995, 44.474980437000056], [-73.20377820799996, 44.47435411400005], [-73.20398518999997, 44.47435326000004], [-73.20399506499996, 44.474488473000065], [-73.20411324999998, 44.47448507300004], [-73.20412384299993, 44.47448402300006], [-73.20414986999998, 44.47488462000007], [-73.20415161299996, 44.474964198000066], [-73.20384542299996, 44.47497916300006], [-73.20382108599995, 44.474980437000056]]]]}}, {"type": "Feature", "properties": {"OBJECTID": 277692, "SPAN": "114-035-17852", "GLIST_SPAN": "114-035-17852", "MAPID": "050-1-045-000", "PARCID": "050-1-045.000", "PROPTYPE": "PARCEL", "YEAR": 2018, "GLYEAR": 2022, "TOWN": "BURLINGTON", "TNAME": "Burlington", "SOURCENAME": null, "SOURCETYPE": "UNKNOWN", "SOURCEDATE": "UNKNOWN", "EDITMETHOD": "UNKNOWN", "EDITOR": "UNKNOWN", "EDITDATE": "UNKNOWN", "MATCHSTAT": "MATCH", "EDITNOTE": "UNKNOWN", "OWNER1": "NALIBOW KENNETH L", "OWNER2": "", "ADDRGL1": "50 HARRINGTON TERRACE", "ADDRGL2": "", "CITYGL": "BURLINGTON", "STGL": "VT", "ZIPGL": "05401", "DESCPROP": "", "LOCAPROP": "N", "CAT": "Residential-1", "RESCODE": "T", "ACRESGL": 0.15, "REAL_FLV": 661300, "HSTED_FLV": 661300, "NRES_FLV": 0, "LAND_LV": 219300, "IMPRV_LV": 442000, "EQUIPVAL": 0, "EQUIPCODE": "", "INVENVAL": 0, "HSDECL": "Y", "HSITEVAL": 661300, "VETEXAMT": 0, "EXPDESC": "", "ENDDATE": "", "STATUTE": "", "EXAMT_HS": 0, "EXAMT_NR": 0, "UVREDUC_HS": 0, "UVREDUC_NR": 0, "GLVAL_HS": 6613.0, "GLVAL_NR": 0.0, "CRHOUSPCT": 0.0, "MUNGL1PCT": 6613.0, "AOEGL_HS": 6613.0, "AOEGL_NR": 0.0, "E911ADDR": "50 HARRINGTON TR", "SHAPE_Length": 0.0010473318296665515, "SHAPE_Area": 6.680728510295255e-08}, "geometry": {"type": "MultiPolygon", "coordinates": [[[[-73.20333371199996, 44.47452826400007], [-73.20363717499998, 44.47451542700003], [-73.20365238099998, 44.47473483600004], [-73.20334970999994, 44.47474837200008], [-73.20333371199996, 44.47452826400007]]]]}}, {"type": "Feature", "properties": {"OBJECTID": 277693, "SPAN": "114-035-17853", "GLIST_SPAN": "114-035-17853", "MAPID": "050-1-046-000", "PARCID": "050-1-046.000", "PROPTYPE": "PARCEL", "YEAR": 2018, "GLYEAR": 2022, "TOWN": "BURLINGTON", "TNAME": "Burlington", "SOURCENAME": null, "SOURCETYPE": "UNKNOWN", "SOURCEDATE": "UNKNOWN", "EDITMETHOD": "UNKNOWN", "EDITOR": "UNKNOWN", "EDITDATE": "UNKNOWN", "MATCHSTAT": "MATCH", "EDITNOTE": "UNKNOWN", "OWNER1": "SCHMIDT PETER", "OWNER2": "ELLIOTT KAYLA R.", "ADDRGL1": "62 HARRINGTON TER", "ADDRGL2": "", "CITYGL": "BURLINGTON", "STGL": "VT", "ZIPGL": "05401", "DESCPROP": "", "LOCAPROP": "", "CAT": "Residential-1", "RESCODE": "T", "ACRESGL": 0.11, "REAL_FLV": 625400, "HSTED_FLV": 625400, "NRES_FLV": 0, "LAND_LV": 212600, "IMPRV_LV": 412800, "EQUIPVAL": 0, "EQUIPCODE": "", "INVENVAL": 0, "HSDECL": "Y", "HSITEVAL": 625400, "VETEXAMT": 0, "EXPDESC": "", "ENDDATE": "", "STATUTE": "", "EXAMT_HS": 0, "EXAMT_NR": 0, "UVREDUC_HS": 0, "UVREDUC_NR": 0, "GLVAL_HS": 6254.0, "GLVAL_NR": 0.0, "CRHOUSPCT": 0.0, "MUNGL1PCT": 6254.0, "AOEGL_HS": 6254.0, "AOEGL_NR": 0.0, "E911ADDR": "62 HARRINGTON TR", "SHAPE_Length": 0.0009277581695204436, "SHAPE_Area": 4.853747158472256e-08}, "geometry": {"type": "MultiPolygon", "coordinates": [[[[-73.20332197499994, 44.47436859600003], [-73.20362662699995, 44.47435673500007], [-73.20363717499998, 44.47451542700003], [-73.20333371199996, 44.47452826400007], [-73.20332197499994, 44.47436859600003]]]]}}, {"type": "Feature", "properties": {"OBJECTID": 277694, "SPAN": "114-035-17854", "GLIST_SPAN": "114-035-17854", "MAPID": "050-1-047-000", "PARCID": "050-1-047.000", "PROPTYPE": "PARCEL", "YEAR": 2018, "GLYEAR": 2022, "TOWN": "BURLINGTON", "TNAME": "Burlington", "SOURCENAME": null, "SOURCETYPE": "UNKNOWN", "SOURCEDATE": "UNKNOWN", "EDITMETHOD": "UNKNOWN", "EDITOR": "UNKNOWN", "EDITDATE": "UNKNOWN", "MATCHSTAT": "MATCH", "EDITNOTE": "UNKNOWN", "OWNER1": "CHAMPLAIN COLLEGE INC.", "OWNER2": "", "ADDRGL1": "163 SOUTH WILLARD ST", "ADDRGL2": "", "CITYGL": "BURLINGTON", "STGL": "VT", "ZIPGL": "05401", "DESCPROP": "Freeman", "LOCAPROP": "N", "CAT": "Residential-1", "RESCODE": "C", "ACRESGL": 0.18, "REAL_FLV": 611200, "HSTED_FLV": 0, "NRES_FLV": 611200, "LAND_LV": 224200, "IMPRV_LV": 387000, "EQUIPVAL": 0, "EQUIPCODE": "", "INVENVAL": 0, "HSDECL": "N", "HSITEVAL": 0, "VETEXAMT": 0, "EXPDESC": "", "ENDDATE": "", "STATUTE": "", "EXAMT_HS": 0, "EXAMT_NR": 0, "UVREDUC_HS": 0, "UVREDUC_NR": 0, "GLVAL_HS": 0.0, "GLVAL_NR": 6112.0, "CRHOUSPCT": 0.0, "MUNGL1PCT": 6112.0, "AOEGL_HS": 0.0, "AOEGL_NR": 6112.0, "E911ADDR": "390 MAPLE ST", "SHAPE_Length": 0.001129924113351261, "SHAPE_Area": 7.924227846206525e-08}, "geometry": {"type": "MultiPolygon", "coordinates": [[[[-73.20330353599996, 44.47410885000005], [-73.20360859199997, 44.47409797100005], [-73.20362662699995, 44.47435673500007], [-73.20332197499994, 44.47436859600003], [-73.20330353599996, 44.47410885000005]]]]}}, {"type": "Feature", "properties": {"OBJECTID": 277695, "SPAN": "114-035-17855", "GLIST_SPAN": "114-035-17855", "MAPID": "050-1-050-000", "PARCID": "050-1-050.000", "PROPTYPE": "PARCEL", "YEAR": 2018, "GLYEAR": 2022, "TOWN": "BURLINGTON", "TNAME": "Burlington", "SOURCENAME": null, "SOURCETYPE": "UNKNOWN", "SOURCEDATE": "UNKNOWN", "EDITMETHOD": "UNKNOWN", "EDITOR": "UNKNOWN", "EDITDATE": "UNKNOWN", "MATCHSTAT": "MATCH", "EDITNOTE": "UNKNOWN", "OWNER1": "CHAMPLAIN COLLEGE INC.", "OWNER2": "", "ADDRGL1": "PO BOX 670", "ADDRGL2": "ATTN FINANCING", "CITYGL": "BURLINGTON", "STGL": "VT", "ZIPGL": "05401", "DESCPROP": "FREEMAN (Classroom/Office)", "LOCAPROP": "N", "CAT": "Commercial", "RESCODE": "C", "ACRESGL": 1.11, "REAL_FLV": 792500, "HSTED_FLV": 0, "NRES_FLV": 792500, "LAND_LV": 792500, "IMPRV_LV": 0, "EQUIPVAL": 0, "EQUIPCODE": "", "INVENVAL": 0, "HSDECL": "N", "HSITEVAL": 0, "VETEXAMT": 0, "EXPDESC": "", "ENDDATE": "", "STATUTE": "", "EXAMT_HS": 0, "EXAMT_NR": 0, "UVREDUC_HS": 0, "UVREDUC_NR": 0, "GLVAL_HS": 0.0, "GLVAL_NR": 7925.0, "CRHOUSPCT": 0.0, "MUNGL1PCT": 7925.0, "AOEGL_HS": 0.0, "AOEGL_NR": 7925.0, "E911ADDR": "381 MAPLE ST", "SHAPE_Length": 0.0029992802450081414, "SHAPE_Area": 5.1241246340777e-07}, "geometry": {"type": "MultiPolygon", "coordinates": [[[[-73.20371419299994, 44.47363581700006], [-73.20370456699999, 44.47345574600007], [-73.20367858599997, 44.47309142700004], [-73.20370408699995, 44.47308902000003], [-73.20425451999995, 44.47307002000008], [-73.20427191599998, 44.47347137200006], [-73.20437362399997, 44.473469762000036], [-73.20438537599995, 44.47363041300008], [-73.20440928999994, 44.47388787600005], [-73.20435668099998, 44.473889747000044], [-73.20403199599997, 44.47390131100008], [-73.20401865099996, 44.473902096000074], [-73.20373243899996, 44.47391215700003], [-73.20371419299994, 44.47363581700006]]]]}}, {"type": "Feature", "properties": {"OBJECTID": 277696, "SPAN": "114-035-17856", "GLIST_SPAN": "114-035-17856", "MAPID": "050-1-051-000", "PARCID": "050-1-051.000", "PROPTYPE": "PARCEL", "YEAR": 2018, "GLYEAR": 2022, "TOWN": "BURLINGTON", "TNAME": "Burlington", "SOURCENAME": null, "SOURCETYPE": "UNKNOWN", "SOURCEDATE": "UNKNOWN", "EDITMETHOD": "UNKNOWN", "EDITOR": "UNKNOWN", "EDITDATE": "UNKNOWN", "MATCHSTAT": "MATCH", "EDITNOTE": "UNKNOWN", "OWNER1": "CHAMPLAIN COLLEGE INC.", "OWNER2": "", "ADDRGL1": "PO BOX 670", "ADDRGL2": "ATTN FINANCING", "CITYGL": "BURLINGTON", "STGL": "VT", "ZIPGL": "05401", "DESCPROP": "HILL HALL (DORM 25 UNITS)", "LOCAPROP": "N", "CAT": "Commercial", "RESCODE": "C", "ACRESGL": 0.32, "REAL_FLV": 583200, "HSTED_FLV": 0, "NRES_FLV": 583200, "LAND_LV": 583200, "IMPRV_LV": 0, "EQUIPVAL": 0, "EQUIPCODE": "", "INVENVAL": 0, "HSDECL": "N", "HSITEVAL": 0, "VETEXAMT": 0, "EXPDESC": "", "ENDDATE": "", "STATUTE": "", "EXAMT_HS": 0, "EXAMT_NR": 0, "UVREDUC_HS": 0, "UVREDUC_NR": 0, "GLVAL_HS": 0.0, "GLVAL_NR": 5832.0, "CRHOUSPCT": 0.0, "MUNGL1PCT": 5832.0, "AOEGL_HS": 0.0, "AOEGL_NR": 5832.0, "E911ADDR": "227 SOUTH WILLARD ST", "SHAPE_Length": 0.0017170466408252232, "SHAPE_Area": 1.4631911010763423e-07}, "geometry": {"type": "MultiPolygon", "coordinates": [[[[-73.20540730699997, 44.47362523100003], [-73.20602692499995, 44.473610575000066], [-73.20605054499998, 44.47384315000005], [-73.20542389699995, 44.473861224000075], [-73.20540730699997, 44.47362523100003]]]]}}, {"type": "Feature", "properties": {"OBJECTID": 277789, "SPAN": "114-035-17957", "GLIST_SPAN": "114-035-17957", "MAPID": "050-2-017-000", "PARCID": "050-2-017.000", "PROPTYPE": "PARCEL", "YEAR": 2018, "GLYEAR": 2022, "TOWN": "BURLINGTON", "TNAME": "Burlington", "SOURCENAME": null, "SOURCETYPE": "UNKNOWN", "SOURCEDATE": "UNKNOWN", "EDITMETHOD": "UNKNOWN", "EDITOR": "UNKNOWN", "EDITDATE": "UNKNOWN", "MATCHSTAT": "MATCH", "EDITNOTE": "UNKNOWN", "OWNER1": "CHAMPLAIN COLLEGE INC.", "OWNER2": "", "ADDRGL1": "PO BOX 670", "ADDRGL2": "ATTN FINANCING", "CITYGL": "BURLINGTON", "STGL": "VT", "ZIPGL": "05401", "DESCPROP": "BADER DORMITORY 25U", "LOCAPROP": "N", "CAT": "Commercial", "RESCODE": "C", "ACRESGL": 0.69, "REAL_FLV": 421500, "HSTED_FLV": 0, "NRES_FLV": 421500, "LAND_LV": 421500, "IMPRV_LV": 0, "EQUIPVAL": 0, "EQUIPCODE": "", "INVENVAL": 0, "HSDECL": "N", "HSITEVAL": 0, "VETEXAMT": 0, "EXPDESC": "", "ENDDATE": "", "STATUTE": "", "EXAMT_HS": 0, "EXAMT_NR": 0, "UVREDUC_HS": 0, "UVREDUC_NR": 0, "GLVAL_HS": 0.0, "GLVAL_NR": 4215.0, "CRHOUSPCT": 0.0, "MUNGL1PCT": 4215.0, "AOEGL_HS": 0.0, "AOEGL_NR": 4215.0, "E911ADDR": "232 SOUTH WILLARD ST", "SHAPE_Length": 0.002373554573153298, "SHAPE_Area": 3.2118437000293777e-07}, "geometry": {"type": "MultiPolygon", "coordinates": [[[[-73.20437362399997, 44.473469762000036], [-73.20514948499994, 44.473448663000056], [-73.20516224699998, 44.47362772900004], [-73.20517408199998, 44.47386037700005], [-73.20440928999994, 44.47388787600005], [-73.20438537599995, 44.47363041300008], [-73.20437362399997, 44.473469762000036]]]]}}, {"type": "Feature", "properties": {"OBJECTID": 277790, "SPAN": "114-035-17958", "GLIST_SPAN": "114-035-17958", "MAPID": "050-2-018-000", "PARCID": "050-2-018.000", "PROPTYPE": "PARCEL", "YEAR": 2018, "GLYEAR": 2022, "TOWN": "BURLINGTON", "TNAME": "Burlington", "SOURCENAME": null, "SOURCETYPE": "UNKNOWN", "SOURCEDATE": "UNKNOWN", "EDITMETHOD": "UNKNOWN", "EDITOR": "UNKNOWN", "EDITDATE": "UNKNOWN", "MATCHSTAT": "MATCH", "EDITNOTE": "UNKNOWN", "OWNER1": "CHAMPLAIN COLLEGE INC", "OWNER2": "", "ADDRGL1": "ATTN FINANCING", "ADDRGL2": "PO BOX 670", "CITYGL": "BURLINGTON", "STGL": "VT", "ZIPGL": "05402", "DESCPROP": "CUSHING", "LOCAPROP": "N", "CAT": "Commercial", "RESCODE": "C", "ACRESGL": 0.77, "REAL_FLV": 615300, "HSTED_FLV": 0, "NRES_FLV": 615300, "LAND_LV": 615300, "IMPRV_LV": 0, "EQUIPVAL": 0, "EQUIPCODE": "", "INVENVAL": 0, "HSDECL": "N", "HSITEVAL": 0, "VETEXAMT": 0, "EXPDESC": "", "ENDDATE": "", "STATUTE": "", "EXAMT_HS": 0, "EXAMT_NR": 0, "UVREDUC_HS": 0, "UVREDUC_NR": 0, "GLVAL_HS": 0.0, "GLVAL_NR": 6153.0, "CRHOUSPCT": 0.0, "MUNGL1PCT": 6153.0, "AOEGL_HS": 0.0, "AOEGL_NR": 6153.0, "E911ADDR": "246 SOUTH WILLARD ST", "SHAPE_Length": 0.002558324537151951, "SHAPE_Area": 3.553014312716923e-07}, "geometry": {"type": "MultiPolygon", "coordinates": [[[[-73.20425451999995, 44.47307002000008], [-73.20512017999994, 44.47303725800003], [-73.20514690299996, 44.47341241500004], [-73.20514948499994, 44.473448663000056], [-73.20437362399997, 44.473469762000036], [-73.20427191599998, 44.47347137200006], [-73.20425451999995, 44.47307002000008]]]]}}, {"type": "Feature", "properties": {"OBJECTID": 277791, "SPAN": "114-035-17959", "GLIST_SPAN": "114-035-17959", "MAPID": "050-2-019-000", "PARCID": "050-2-019.000", "PROPTYPE": "PARCEL", "YEAR": 2018, "GLYEAR": 2022, "TOWN": "BURLINGTON", "TNAME": "Burlington", "SOURCENAME": null, "SOURCETYPE": "UNKNOWN", "SOURCEDATE": "UNKNOWN", "EDITMETHOD": "UNKNOWN", "EDITOR": "UNKNOWN", "EDITDATE": "UNKNOWN", "MATCHSTAT": "MATCH", "EDITNOTE": "UNKNOWN", "OWNER1": "CHAMPLAIN COLLEGE INC.", "OWNER2": "", "ADDRGL1": "PO BOX 670", "ADDRGL2": "ATTN FINANCING", "CITYGL": "BURLINGTON", "STGL": "VT", "ZIPGL": "05401", "DESCPROP": "PEARL DORM  13 PARKING SPACES", "LOCAPROP": "N", "CAT": "Commercial", "RESCODE": "C", "ACRESGL": 0.84, "REAL_FLV": 792500, "HSTED_FLV": 0, "NRES_FLV": 792500, "LAND_LV": 792500, "IMPRV_LV": 0, "EQUIPVAL": 0, "EQUIPCODE": "", "INVENVAL": 0, "HSDECL": "N", "HSITEVAL": 0, "VETEXAMT": 0, "EXPDESC": "", "ENDDATE": "", "STATUTE": "", "EXAMT_HS": 0, "EXAMT_NR": 0, "UVREDUC_HS": 0, "UVREDUC_NR": 0, "GLVAL_HS": 0.0, "GLVAL_NR": 7925.0, "CRHOUSPCT": 0.0, "MUNGL1PCT": 7925.0, "AOEGL_HS": 0.0, "AOEGL_NR": 7925.0, "E911ADDR": "258 SOUTH WILLARD ST", "SHAPE_Length": 0.00337720666942413, "SHAPE_Area": 3.850032093068269e-07}, "geometry": {"type": "MultiPolygon", "coordinates": [[[[-73.20368433299996, 44.47281789300007], [-73.20510121899997, 44.47276739100005], [-73.20512017999994, 44.47303725800003], [-73.20425451999995, 44.47307002000008], [-73.20370408699995, 44.47308902000003], [-73.20368818999998, 44.47287735000003], [-73.20368433299996, 44.47281789300007]]]]}}, {"type": "Feature", "properties": {"OBJECTID": 276956, "SPAN": "114-035-18250", "GLIST_SPAN": "114-035-18250", "MAPID": "050-4-088-000", "PARCID": "050-4-088.000", "PROPTYPE": "PARCEL", "YEAR": 2018, "GLYEAR": 2022, "TOWN": "BURLINGTON", "TNAME": "Burlington", "SOURCENAME": null, "SOURCETYPE": "UNKNOWN", "SOURCEDATE": "UNKNOWN", "EDITMETHOD": "UNKNOWN", "EDITOR": "UNKNOWN", "EDITDATE": "UNKNOWN", "MATCHSTAT": "MATCH", "EDITNOTE": "UNKNOWN", "OWNER1": "GRAMLING ROBERT", "OWNER2": "GRAMLING ROSILAND", "ADDRGL1": "65 HENDERSON TER", "ADDRGL2": "", "CITYGL": "BURLINGTON", "STGL": "VT", "ZIPGL": "05401", "DESCPROP": "ATTIC ONLY PARTIALLY FIN", "LOCAPROP": "N", "CAT": "Residential-1", "RESCODE": "T", "ACRESGL": 0.2, "REAL_FLV": 582700, "HSTED_FLV": 582700, "NRES_FLV": 0, "LAND_LV": 180800, "IMPRV_LV": 401900, "EQUIPVAL": 0, "EQUIPCODE": "", "INVENVAL": 0, "HSDECL": "Y", "HSITEVAL": 582700, "VETEXAMT": 0, "EXPDESC": "", "ENDDATE": "", "STATUTE": "", "EXAMT_HS": 0, "EXAMT_NR": 0, "UVREDUC_HS": 0, "UVREDUC_NR": 0, "GLVAL_HS": 5827.0, "GLVAL_NR": 0.0, "CRHOUSPCT": 0.0, "MUNGL1PCT": 5827.0, "AOEGL_HS": 5827.0, "AOEGL_NR": 0.0, "E911ADDR": "65 HENDERSON TR", "SHAPE_Length": 0.0012064392847559613, "SHAPE_Area": 8.882681640897044e-08}, "geometry": {"type": "MultiPolygon", "coordinates": [[[[-73.19781071999995, 44.47164926600004], [-73.19808047399994, 44.471643259000075], [-73.19809616599997, 44.471971222000036], [-73.19781698999998, 44.471977708000054], [-73.19782347899996, 44.47189597100004], [-73.19781071999995, 44.47164926600004]]]]}}, {"type": "Feature", "properties": {"OBJECTID": 276957, "SPAN": "114-035-18251", "GLIST_SPAN": "114-035-18251", "MAPID": "050-4-089-000", "PARCID": "050-4-089.000", "PROPTYPE": "PARCEL", "YEAR": 2018, "GLYEAR": 2022, "TOWN": "BURLINGTON", "TNAME": "Burlington", "SOURCENAME": null, "SOURCETYPE": "UNKNOWN", "SOURCEDATE": "UNKNOWN", "EDITMETHOD": "UNKNOWN", "EDITOR": "UNKNOWN", "EDITDATE": "UNKNOWN", "MATCHSTAT": "MATCH", "EDITNOTE": "UNKNOWN", "OWNER1": "BANG JENSEN LARS", "OWNER2": "BANG JENSEN VALARIE", "ADDRGL1": "55 HENDERSON TERRACE", "ADDRGL2": "", "CITYGL": "BURLINGTON", "STGL": "VT", "ZIPGL": "05401", "DESCPROP": "", "LOCAPROP": "N", "CAT": "Residential-1", "RESCODE": "T", "ACRESGL": 0.2, "REAL_FLV": 660300, "HSTED_FLV": 660300, "NRES_FLV": 0, "LAND_LV": 181500, "IMPRV_LV": 478800, "EQUIPVAL": 0, "EQUIPCODE": "", "INVENVAL": 0, "HSDECL": "Y", "HSITEVAL": 660300, "VETEXAMT": 0, "EXPDESC": "", "ENDDATE": "", "STATUTE": "", "EXAMT_HS": 0, "EXAMT_NR": 0, "UVREDUC_HS": 0, "UVREDUC_NR": 0, "GLVAL_HS": 6603.0, "GLVAL_NR": 0.0, "CRHOUSPCT": 0.0, "MUNGL1PCT": 6603.0, "AOEGL_HS": 6603.0, "AOEGL_NR": 0.0, "E911ADDR": "55 HENDERSON TR", "SHAPE_Length": 0.0012197970173317882, "SHAPE_Area": 9.242685593706379e-08}, "geometry": {"type": "MultiPolygon", "coordinates": [[[[-73.19808047399994, 44.471643259000075], [-73.19836318399996, 44.47163689000007], [-73.19837652199993, 44.47196486800004], [-73.19809616599997, 44.471971222000036], [-73.19808047399994, 44.471643259000075]]]]}}, {"type": "Feature", "properties": {"OBJECTID": 276958, "SPAN": "114-035-18252", "GLIST_SPAN": "114-035-18252", "MAPID": "050-4-090-000", "PARCID": "050-4-090.000", "PROPTYPE": "PARCEL", "YEAR": 2018, "GLYEAR": 2022, "TOWN": "BURLINGTON", "TNAME": "Burlington", "SOURCENAME": null, "SOURCETYPE": "UNKNOWN", "SOURCEDATE": "UNKNOWN", "EDITMETHOD": "UNKNOWN", "EDITOR": "UNKNOWN", "EDITDATE": "UNKNOWN", "MATCHSTAT": "MATCH", "EDITNOTE": "UNKNOWN", "OWNER1": "HALPERN ALEX A", "OWNER2": "HALPERN ELIZABETH R", "ADDRGL1": "49 HENDERSON TERRACE", "ADDRGL2": "", "CITYGL": "BURLINGTON", "STGL": "VT", "ZIPGL": "05401", "DESCPROP": "", "LOCAPROP": "N", "CAT": "Residential-1", "RESCODE": "T", "ACRESGL": 0.2, "REAL_FLV": 479200, "HSTED_FLV": 479200, "NRES_FLV": 0, "LAND_LV": 184600, "IMPRV_LV": 294600, "EQUIPVAL": 0, "EQUIPCODE": "", "INVENVAL": 0, "HSDECL": "Y", "HSITEVAL": 479200, "VETEXAMT": 0, "EXPDESC": "", "ENDDATE": "", "STATUTE": "", "EXAMT_HS": 0, "EXAMT_NR": 0, "UVREDUC_HS": 0, "UVREDUC_NR": 0, "GLVAL_HS": 4792.0, "GLVAL_NR": 0.0, "CRHOUSPCT": 0.0, "MUNGL1PCT": 4792.0, "AOEGL_HS": 4792.0, "AOEGL_NR": 0.0, "E911ADDR": "49 HENDERSON TR", "SHAPE_Length": 0.0012201019240544715, "SHAPE_Area": 9.247033221153165e-08}, "geometry": {"type": "MultiPolygon", "coordinates": [[[[-73.19836318399996, 44.47163689000007], [-73.19864510799994, 44.471630385000026], [-73.19865766599997, 44.47195878900004], [-73.19840911099993, 44.47196410600003], [-73.19837652199993, 44.47196486800004], [-73.19836318399996, 44.47163689000007]]]]}}, {"type": "Feature", "properties": {"OBJECTID": 276959, "SPAN": "114-035-18253", "GLIST_SPAN": "114-035-18253", "MAPID": "050-4-091-000", "PARCID": "050-4-091.000", "PROPTYPE": "PARCEL", "YEAR": 2018, "GLYEAR": 2022, "TOWN": "BURLINGTON", "TNAME": "Burlington", "SOURCENAME": null, "SOURCETYPE": "UNKNOWN", "SOURCEDATE": "UNKNOWN", "EDITMETHOD": "UNKNOWN", "EDITOR": "UNKNOWN", "EDITDATE": "UNKNOWN", "MATCHSTAT": "MATCH", "EDITNOTE": "UNKNOWN", "OWNER1": "DEBURLO JOHN TODD", "OWNER2": "", "ADDRGL1": "41 HENDERSON TER", "ADDRGL2": "", "CITYGL": "BURLINGTON", "STGL": "VT", "ZIPGL": "05401", "DESCPROP": "", "LOCAPROP": "N", "CAT": "Residential-1", "RESCODE": "T", "ACRESGL": 0.2, "REAL_FLV": 586700, "HSTED_FLV": 586700, "NRES_FLV": 0, "LAND_LV": 181500, "IMPRV_LV": 405200, "EQUIPVAL": 0, "EQUIPCODE": "", "INVENVAL": 0, "HSDECL": "Y", "HSITEVAL": 586700, "VETEXAMT": 0, "EXPDESC": "", "ENDDATE": "", "STATUTE": "", "EXAMT_HS": 0, "EXAMT_NR": 0, "UVREDUC_HS": 0, "UVREDUC_NR": 0, "GLVAL_HS": 5867.0, "GLVAL_NR": 0.0, "CRHOUSPCT": 0.0, "MUNGL1PCT": 5867.0, "AOEGL_HS": 5867.0, "AOEGL_NR": 0.0, "E911ADDR": "41 HENDERSON TR", "SHAPE_Length": 0.001226957193780992, "SHAPE_Area": 9.358233143635595e-08}, "geometry": {"type": "MultiPolygon", "coordinates": [[[[-73.19864510799994, 44.471630385000026], [-73.19892938899994, 44.47162400600007], [-73.19894234799995, 44.471952970000075], [-73.19865766599997, 44.47195878900004], [-73.19864510799994, 44.471630385000026]]]]}}, {"type": "Feature", "properties": {"OBJECTID": 276960, "SPAN": "114-035-18254", "GLIST_SPAN": "114-035-18254", "MAPID": "050-4-092-000", "PARCID": "050-4-092.000", "PROPTYPE": "PARCEL", "YEAR": 2018, "GLYEAR": 2022, "TOWN": "BURLINGTON", "TNAME": "Burlington", "SOURCENAME": null, "SOURCETYPE": "UNKNOWN", "SOURCEDATE": "UNKNOWN", "EDITMETHOD": "UNKNOWN", "EDITOR": "UNKNOWN", "EDITDATE": "UNKNOWN", "MATCHSTAT": "MATCH", "EDITNOTE": "UNKNOWN", "OWNER1": "DUTCHER CHRISTIAN MACLEAN", "OWNER2": "SCOTT MICHELLE LEE", "ADDRGL1": "197 AUSTIN DR", "ADDRGL2": "", "CITYGL": "BURLINGTON", "STGL": "VT", "ZIPGL": "05401", "DESCPROP": "CP-1S FR UP&DN SAME", "LOCAPROP": "N", "CAT": "Residential-1", "RESCODE": "T", "ACRESGL": 0.2, "REAL_FLV": 488700, "HSTED_FLV": 0, "NRES_FLV": 488700, "LAND_LV": 228000, "IMPRV_LV": 260700, "EQUIPVAL": 0, "EQUIPCODE": "", "INVENVAL": 0, "HSDECL": "N", "HSITEVAL": 488700, "VETEXAMT": 0, "EXPDESC": "", "ENDDATE": "", "STATUTE": "", "EXAMT_HS": 0, "EXAMT_NR": 0, "UVREDUC_HS": 0, "UVREDUC_NR": 0, "GLVAL_HS": 0.0, "GLVAL_NR": 4887.0, "CRHOUSPCT": 0.0, "MUNGL1PCT": 4887.0, "AOEGL_HS": 0.0, "AOEGL_NR": 4887.0, "E911ADDR": "33 HENDERSON TR", "SHAPE_Length": 0.0012240549684984258, "SHAPE_Area": 9.311486695033396e-08}, "geometry": {"type": "MultiPolygon", "coordinates": [[[[-73.19892938899994, 44.47162400600007], [-73.19920974299998, 44.47161764900005], [-73.19922741399995, 44.471946443000036], [-73.19909273799993, 44.47194979900007], [-73.19894234799995, 44.471952970000075], [-73.19892938899994, 44.47162400600007]]]]}}, {"type": "Feature", "properties": {"OBJECTID": 276961, "SPAN": "114-035-18255", "GLIST_SPAN": "114-035-18255", "MAPID": "050-4-093-000", "PARCID": "050-4-093.000", "PROPTYPE": "PARCEL", "YEAR": 2018, "GLYEAR": 2022, "TOWN": "BURLINGTON", "TNAME": "Burlington", "SOURCENAME": null, "SOURCETYPE": "UNKNOWN", "SOURCEDATE": "UNKNOWN", "EDITMETHOD": "UNKNOWN", "EDITOR": "UNKNOWN", "EDITDATE": "UNKNOWN", "MATCHSTAT": "MATCH", "EDITNOTE": "UNKNOWN", "OWNER1": "MORGAN III CLIFFORD O", "OWNER2": "MORGAN ELIZABETH N", "ADDRGL1": "27 HENDERSON TERRACE", "ADDRGL2": "", "CITYGL": "BURLINGTON", "STGL": "VT", "ZIPGL": "05401", "DESCPROP": "", "LOCAPROP": "N", "CAT": "Residential-1", "RESCODE": "T", "ACRESGL": 0.2, "REAL_FLV": 624300, "HSTED_FLV": 624300, "NRES_FLV": 0, "LAND_LV": 182800, "IMPRV_LV": 441500, "EQUIPVAL": 0, "EQUIPCODE": "", "INVENVAL": 0, "HSDECL": "Y", "HSITEVAL": 624300, "VETEXAMT": 0, "EXPDESC": "", "ENDDATE": "", "STATUTE": "", "EXAMT_HS": 0, "EXAMT_NR": 0, "UVREDUC_HS": 0, "UVREDUC_NR": 0, "GLVAL_HS": 6243.0, "GLVAL_NR": 0.0, "CRHOUSPCT": 0.0, "MUNGL1PCT": 6243.0, "AOEGL_HS": 6243.0, "AOEGL_NR": 0.0, "E911ADDR": "27 HENDERSON TR", "SHAPE_Length": 0.0012213346847740124, "SHAPE_Area": 9.264717020532415e-08}, "geometry": {"type": "MultiPolygon", "coordinates": [[[[-73.19944572699995, 44.471612408000055], [-73.19949480899999, 44.47161126300006], [-73.19950579999994, 44.471939536000036], [-73.19946143099997, 44.47194065100007], [-73.19922741399995, 44.471946443000036], [-73.19920974299998, 44.47161764900005], [-73.19944572699995, 44.471612408000055]]]]}}, {"type": "Feature", "properties": {"OBJECTID": 276962, "SPAN": "114-035-18256", "GLIST_SPAN": "114-035-18256", "MAPID": "050-4-094-000", "PARCID": "050-4-094.000", "PROPTYPE": "PARCEL", "YEAR": 2018, "GLYEAR": 2022, "TOWN": "BURLINGTON", "TNAME": "Burlington", "SOURCENAME": null, "SOURCETYPE": "UNKNOWN", "SOURCEDATE": "UNKNOWN", "EDITMETHOD": "UNKNOWN", "EDITOR": "UNKNOWN", "EDITDATE": "UNKNOWN", "MATCHSTAT": "MATCH", "EDITNOTE": "UNKNOWN", "OWNER1": "VISCO ALEXA G.", "OWNER2": "FITCH JACK E.", "ADDRGL1": "21 HENDERSON TER", "ADDRGL2": "", "CITYGL": "BURLINGTON", "STGL": "VT", "ZIPGL": "05401", "DESCPROP": "", "LOCAPROP": "N", "CAT": "Residential-1", "RESCODE": "T", "ACRESGL": 0.2, "REAL_FLV": 669700, "HSTED_FLV": 669700, "NRES_FLV": 0, "LAND_LV": 181500, "IMPRV_LV": 488200, "EQUIPVAL": 0, "EQUIPCODE": "", "INVENVAL": 0, "HSDECL": "Y", "HSITEVAL": 669700, "VETEXAMT": 0, "EXPDESC": "", "ENDDATE": "", "STATUTE": "", "EXAMT_HS": 0, "EXAMT_NR": 0, "UVREDUC_HS": 0, "UVREDUC_NR": 0, "GLVAL_HS": 6697.0, "GLVAL_NR": 0.0, "CRHOUSPCT": 0.0, "MUNGL1PCT": 6697.0, "AOEGL_HS": 6697.0, "AOEGL_NR": 0.0, "E911ADDR": "21 HENDERSON TR", "SHAPE_Length": 0.0012232451168429405, "SHAPE_Area": 9.299775043129703e-08}, "geometry": {"type": "MultiPolygon", "coordinates": [[[[-73.19949480899999, 44.47161126300006], [-73.19977830499994, 44.47160488600008], [-73.19978851199994, 44.47193316400006], [-73.19971743999997, 44.47193472400005], [-73.19950579999994, 44.471939536000036], [-73.19949480899999, 44.47161126300006]]]]}}, {"type": "Feature", "properties": {"OBJECTID": 276963, "SPAN": "114-035-18257", "GLIST_SPAN": "114-035-18257", "MAPID": "050-4-095-000", "PARCID": "050-4-095.000", "PROPTYPE": "PARCEL", "YEAR": 2018, "GLYEAR": 2022, "TOWN": "BURLINGTON", "TNAME": "Burlington", "SOURCENAME": null, "SOURCETYPE": "UNKNOWN", "SOURCEDATE": "UNKNOWN", "EDITMETHOD": "UNKNOWN", "EDITOR": "UNKNOWN", "EDITDATE": "UNKNOWN", "MATCHSTAT": "MATCH", "EDITNOTE": "UNKNOWN", "OWNER1": "WENDELN ULRICH", "OWNER2": "", "ADDRGL1": "308 SOUTH PROSPECT ST", "ADDRGL2": "", "CITYGL": "BURLINGTON", "STGL": "VT", "ZIPGL": "05401", "DESCPROP": "SING FAMILY HOUSE", "LOCAPROP": "", "CAT": "Residential-1", "RESCODE": "T", "ACRESGL": 0.42, "REAL_FLV": 780300, "HSTED_FLV": 0, "NRES_FLV": 780300, "LAND_LV": 222300, "IMPRV_LV": 558000, "EQUIPVAL": 0, "EQUIPCODE": "", "INVENVAL": 0, "HSDECL": "N", "HSITEVAL": 780300, "VETEXAMT": 0, "EXPDESC": "", "ENDDATE": "", "STATUTE": "", "EXAMT_HS": 0, "EXAMT_NR": 0, "UVREDUC_HS": 0, "UVREDUC_NR": 0, "GLVAL_HS": 0.0, "GLVAL_NR": 7803.0, "CRHOUSPCT": 0.0, "MUNGL1PCT": 7803.0, "AOEGL_HS": 0.0, "AOEGL_NR": 7803.0, "E911ADDR": "308 SOUTH PROSPECT ST", "SHAPE_Length": 0.0018392596283090647, "SHAPE_Area": 1.942191111621034e-07}, "geometry": {"type": "MultiPolygon", "coordinates": [[[[-73.19982306899993, 44.47160405000005], [-73.20036649999997, 44.47159171900006], [-73.20038143299996, 44.471920811000075], [-73.19978851199994, 44.47193316400006], [-73.19977830499994, 44.47160488600008], [-73.19982306899993, 44.47160405000005]]]]}}, {"type": "Feature", "properties": {"OBJECTID": 276964, "SPAN": "114-035-18260", "GLIST_SPAN": "114-035-18258", "MAPID": "050-4-098-000", "PARCID": "050-4-096.202", "PROPTYPE": "PARCEL", "YEAR": 2018, "GLYEAR": 2022, "TOWN": "BURLINGTON", "TNAME": "Burlington", "SOURCENAME": null, "SOURCETYPE": "UNKNOWN", "SOURCEDATE": "UNKNOWN", "EDITMETHOD": "UNKNOWN", "EDITOR": "UNKNOWN", "EDITDATE": "UNKNOWN", "MATCHSTAT": "MATCH", "EDITNOTE": "UNKNOWN", "OWNER1": "UNIVERSITY OF VERMONT", "OWNER2": "STATE AGRICULTURAL COLLEGE", "ADDRGL1": "UVM PLANNING DESIGN & CONSTRUCTION", "ADDRGL2": "31 SPEAR ST MARSH HALL SUITE 10", "CITYGL": "BURLINGTON", "STGL": "VT", "ZIPGL": "05405", "DESCPROP": "322 SOUTH PROSPECT DIV. OF CONTINUING ED", "LOCAPROP": "N", "CAT": "Commercial", "RESCODE": "C", "ACRESGL": 0.0, "REAL_FLV": 429000, "HSTED_FLV": 0, "NRES_FLV": 429000, "LAND_LV": 11500, "IMPRV_LV": 417500, "EQUIPVAL": 0, "EQUIPCODE": "", "INVENVAL": 0, "HSDECL": "N", "HSITEVAL": 0, "VETEXAMT": 0, "EXPDESC": "Statutory", "ENDDATE": "", "STATUTE": "", "EXAMT_HS": 0, "EXAMT_NR": 0, "UVREDUC_HS": 0, "UVREDUC_NR": 0, "GLVAL_HS": 0.0, "GLVAL_NR": 0.0, "CRHOUSPCT": 0.0, "MUNGL1PCT": 0.0, "AOEGL_HS": 0.0, "AOEGL_NR": 0.0, "E911ADDR": "322 SOUTH PROSPECT ST", "SHAPE_Length": 0.04618935916371837, "SHAPE_Area": 4.234595439923701e-05}, "geometry": {"type": "MultiPolygon", "coordinates": [[[[-73.19676084399998, 44.47187771000006], [-73.19607621699998, 44.47091570600003], [-73.19597166699998, 44.47077699300007], [-73.19582985899996, 44.47084099400007], [-73.19551699199997, 44.47095342400007], [-73.19452680899997, 44.47131352300005], [-73.19507914099995, 44.47264686500006], [-73.19515934899994, 44.47267364500004], [-73.19523537999999, 44.472706075000076], [-73.19530646199996, 44.472743828000034], [-73.19537186799994, 44.47278651500005], [-73.19543093499993, 44.47283370400004], [-73.19548305999996, 44.472884915000066], [-73.19552771399998, 44.47293962600003], [-73.19556443999994, 44.47299728100006], [-73.19585080399997, 44.47309945200004], [-73.19609396899995, 44.47320202600008], [-73.19554781699998, 44.473879330000045], [-73.19548287099997, 44.47396690800008], [-73.19556540199994, 44.47400409100004], [-73.19544524599996, 44.474139111000056], [-73.19512989599997, 44.47450719600005], [-73.19505545399994, 44.47458906700007], [-73.19485288499999, 44.474498477000054], [-73.19456709399998, 44.47436634700006], [-73.19427829899996, 44.47423761200008], [-73.19409626299995, 44.47415603500008], [-73.19392980899994, 44.47408044300005], [-73.19376181099994, 44.474006624000026], [-73.19372044599999, 44.473697799000036], [-73.19322312799994, 44.471071005000056], [-73.19291357299994, 44.46943919700004], [-73.19286756199995, 44.46920169300006], [-73.19242274499999, 44.466790280000055], [-73.19317444799998, 44.46675914400004], [-73.19531727299994, 44.466669343000035], [-73.19577379299994, 44.46665081400005], [-73.19835221499994, 44.46653425400007], [-73.19820159199998, 44.46582477800007], [-73.19905319099996, 44.465790070000025], [-73.19906879899997, 44.466487588000064], [-73.19991901399999, 44.466854210000065], [-73.20080891999999, 44.46697956700007], [-73.20075936399996, 44.46713667800003], [-73.20000782599993, 44.46701740300006], [-73.19993749799994, 44.46724493000005], [-73.19986520199996, 44.467472188000045], [-73.19979367999997, 44.46769845700004], [-73.19972138599996, 44.467925997000066], [-73.20047295599994, 44.468047101000025], [-73.20023342999997, 44.46880607300005], [-73.20025454099994, 44.469159313000034], [-73.20026134299997, 44.46931200900008], [-73.20030379699995, 44.470191138000075], [-73.20033591899994, 44.47090668100003], [-73.20036649999997, 44.47159171900006], [-73.19982306899993, 44.47160405000005], [-73.19977830499994, 44.47160488600008], [-73.19949480899999, 44.47161126300006], [-73.19944572699995, 44.471612408000055], [-73.19920974299998, 44.47161764900005], [-73.19892938899994, 44.47162400600007], [-73.19864510799994, 44.471630385000026], [-73.19836318399996, 44.47163689000007], [-73.19808047399994, 44.471643259000075], [-73.19781071999995, 44.47164926600004], [-73.19782347899996, 44.47189597100004], [-73.19781698999998, 44.471977708000054], [-73.19781220899995, 44.47210387200005], [-73.19779632099994, 44.47241852800005], [-73.19779462599996, 44.47244103700007], [-73.19779319699995, 44.47245299800005], [-73.19774518099996, 44.472675466000055], [-73.19774221299997, 44.47269010800005], [-73.19770157699998, 44.47287259600006], [-73.19767289299995, 44.47300354500004], [-73.19766360099999, 44.47304775500004], [-73.19763348699996, 44.473190524000074], [-73.19758624799994, 44.47341228400006], [-73.19753977099998, 44.47363221100005], [-73.19753064299994, 44.47369020100007], [-73.19742753099996, 44.47380487100003], [-73.19732286999994, 44.47392137800006], [-73.19722092499995, 44.474035197000035], [-73.19711626299994, 44.474151704000064], [-73.19701431499993, 44.47426524200006], [-73.19690887799999, 44.47438273700004], [-73.19680731999995, 44.47449613100008], [-73.19670342999996, 44.47461164900005], [-73.19659837899997, 44.47472872000003], [-73.19656425199997, 44.474766732000035], [-73.19649720499996, 44.47484140900008], [-73.19639370699997, 44.47495706500007], [-73.19624136199997, 44.475126733000025], [-73.19617541299993, 44.475096903000065], [-73.19658309899995, 44.47463291300005], [-73.19626717799997, 44.47449014400007], [-73.19696695099998, 44.473684924000054], [-73.19724578199998, 44.473351929000046], [-73.19717884599999, 44.47314014700004], [-73.19701245999994, 44.47255858700004], [-73.19684438299998, 44.47199967700004], [-73.19676084399998, 44.47187771000006]], [[-73.19777146399997, 44.47082689800004], [-73.19776918199994, 44.470569443000045], [-73.19719886099995, 44.470598659000075], [-73.19720941599996, 44.470858314000054], [-73.19700688199998, 44.470868970000026], [-73.19703146199998, 44.47141624200003], [-73.19779410599995, 44.471375728000055], [-73.19779512799994, 44.47136250300008], [-73.19777146399997, 44.47082689800004]]]]}}, {"type": "Feature", "properties": {"OBJECTID": 276967, "SPAN": "114-035-18260", "GLIST_SPAN": "114-035-18260", "MAPID": "050-4-098-000", "PARCID": "050-4-098.000", "PROPTYPE": "PARCEL", "YEAR": 2018, "GLYEAR": 2022, "TOWN": "BURLINGTON", "TNAME": "Burlington", "SOURCENAME": null, "SOURCETYPE": "UNKNOWN", "SOURCEDATE": "UNKNOWN", "EDITMETHOD": "UNKNOWN", "EDITOR": "UNKNOWN", "EDITDATE": "UNKNOWN", "MATCHSTAT": "MATCH", "EDITNOTE": "UNKNOWN", "OWNER1": "UNIVERSITY OF VERMONT", "OWNER2": "STATE AGRICULTURAL COLLEGE", "ADDRGL1": "UVM PLANNING DESIGN & CONSTRUCTION", "ADDRGL2": "31 SPEAR ST MARSH HALL SUITE 10", "CITYGL": "BURLINGTON", "STGL": "VT", "ZIPGL": "05405", "DESCPROP": "LAND SO OF MAIN ST  REDSTONE CAMPUS?  LI", "LOCAPROP": "N", "CAT": "Miscellaneous", "RESCODE": "C", "ACRESGL": 140.43, "REAL_FLV": 22855600, "HSTED_FLV": 0, "NRES_FLV": 22855600, "LAND_LV": 22855600, "IMPRV_LV": 0, "EQUIPVAL": 0, "EQUIPCODE": "", "INVENVAL": 0, "HSDECL": "N", "HSITEVAL": 0, "VETEXAMT": 0, "EXPDESC": "Statutory", "ENDDATE": "", "STATUTE": "", "EXAMT_HS": 0, "EXAMT_NR": 0, "UVREDUC_HS": 0, "UVREDUC_NR": 0, "GLVAL_HS": 0.0, "GLVAL_NR": 0.0, "CRHOUSPCT": 0.0, "MUNGL1PCT": 0.0, "AOEGL_HS": 0.0, "AOEGL_NR": 0.0, "E911ADDR": "476 SOUTH PROSPECT ST", "SHAPE_Length": 0.04618935916371837, "SHAPE_Area": 4.234595439923701e-05}, "geometry": {"type": "MultiPolygon", "coordinates": [[[[-73.19676084399998, 44.47187771000006], [-73.19607621699998, 44.47091570600003], [-73.19597166699998, 44.47077699300007], [-73.19582985899996, 44.47084099400007], [-73.19551699199997, 44.47095342400007], [-73.19452680899997, 44.47131352300005], [-73.19507914099995, 44.47264686500006], [-73.19515934899994, 44.47267364500004], [-73.19523537999999, 44.472706075000076], [-73.19530646199996, 44.472743828000034], [-73.19537186799994, 44.47278651500005], [-73.19543093499993, 44.47283370400004], [-73.19548305999996, 44.472884915000066], [-73.19552771399998, 44.47293962600003], [-73.19556443999994, 44.47299728100006], [-73.19585080399997, 44.47309945200004], [-73.19609396899995, 44.47320202600008], [-73.19554781699998, 44.473879330000045], [-73.19548287099997, 44.47396690800008], [-73.19556540199994, 44.47400409100004], [-73.19544524599996, 44.474139111000056], [-73.19512989599997, 44.47450719600005], [-73.19505545399994, 44.47458906700007], [-73.19485288499999, 44.474498477000054], [-73.19456709399998, 44.47436634700006], [-73.19427829899996, 44.47423761200008], [-73.19409626299995, 44.47415603500008], [-73.19392980899994, 44.47408044300005], [-73.19376181099994, 44.474006624000026], [-73.19372044599999, 44.473697799000036], [-73.19322312799994, 44.471071005000056], [-73.19291357299994, 44.46943919700004], [-73.19286756199995, 44.46920169300006], [-73.19242274499999, 44.466790280000055], [-73.19317444799998, 44.46675914400004], [-73.19531727299994, 44.466669343000035], [-73.19577379299994, 44.46665081400005], [-73.19835221499994, 44.46653425400007], [-73.19820159199998, 44.46582477800007], [-73.19905319099996, 44.465790070000025], [-73.19906879899997, 44.466487588000064], [-73.19991901399999, 44.466854210000065], [-73.20080891999999, 44.46697956700007], [-73.20075936399996, 44.46713667800003], [-73.20000782599993, 44.46701740300006], [-73.19993749799994, 44.46724493000005], [-73.19986520199996, 44.467472188000045], [-73.19979367999997, 44.46769845700004], [-73.19972138599996, 44.467925997000066], [-73.20047295599994, 44.468047101000025], [-73.20023342999997, 44.46880607300005], [-73.20025454099994, 44.469159313000034], [-73.20026134299997, 44.46931200900008], [-73.20030379699995, 44.470191138000075], [-73.20033591899994, 44.47090668100003], [-73.20036649999997, 44.47159171900006], [-73.19982306899993, 44.47160405000005], [-73.19977830499994, 44.47160488600008], [-73.19949480899999, 44.47161126300006], [-73.19944572699995, 44.471612408000055], [-73.19920974299998, 44.47161764900005], [-73.19892938899994, 44.47162400600007], [-73.19864510799994, 44.471630385000026], [-73.19836318399996, 44.47163689000007], [-73.19808047399994, 44.471643259000075], [-73.19781071999995, 44.47164926600004], [-73.19782347899996, 44.47189597100004], [-73.19781698999998, 44.471977708000054], [-73.19781220899995, 44.47210387200005], [-73.19779632099994, 44.47241852800005], [-73.19779462599996, 44.47244103700007], [-73.19779319699995, 44.47245299800005], [-73.19774518099996, 44.472675466000055], [-73.19774221299997, 44.47269010800005], [-73.19770157699998, 44.47287259600006], [-73.19767289299995, 44.47300354500004], [-73.19766360099999, 44.47304775500004], [-73.19763348699996, 44.473190524000074], [-73.19758624799994, 44.47341228400006], [-73.19753977099998, 44.47363221100005], [-73.19753064299994, 44.47369020100007], [-73.19742753099996, 44.47380487100003], [-73.19732286999994, 44.47392137800006], [-73.19722092499995, 44.474035197000035], [-73.19711626299994, 44.474151704000064], [-73.19701431499993, 44.47426524200006], [-73.19690887799999, 44.47438273700004], [-73.19680731999995, 44.47449613100008], [-73.19670342999996, 44.47461164900005], [-73.19659837899997, 44.47472872000003], [-73.19656425199997, 44.474766732000035], [-73.19649720499996, 44.47484140900008], [-73.19639370699997, 44.47495706500007], [-73.19624136199997, 44.475126733000025], [-73.19617541299993, 44.475096903000065], [-73.19658309899995, 44.47463291300005], [-73.19626717799997, 44.47449014400007], [-73.19696695099998, 44.473684924000054], [-73.19724578199998, 44.473351929000046], [-73.19717884599999, 44.47314014700004], [-73.19701245999994, 44.47255858700004], [-73.19684438299998, 44.47199967700004], [-73.19676084399998, 44.47187771000006]], [[-73.19777146399997, 44.47082689800004], [-73.19776918199994, 44.470569443000045], [-73.19719886099995, 44.470598659000075], [-73.19720941599996, 44.470858314000054], [-73.19700688199998, 44.470868970000026], [-73.19703146199998, 44.47141624200003], [-73.19779410599995, 44.471375728000055], [-73.19779512799994, 44.47136250300008], [-73.19777146399997, 44.47082689800004]]]]}}, {"type": "Feature", "properties": {"OBJECTID": 276970, "SPAN": "114-035-18260", "GLIST_SPAN": "114-035-18262", "MAPID": "050-4-098-000", "PARCID": "050-4-098.142", "PROPTYPE": "PARCEL", "YEAR": 2018, "GLYEAR": 2022, "TOWN": "BURLINGTON", "TNAME": "Burlington", "SOURCENAME": null, "SOURCETYPE": "UNKNOWN", "SOURCEDATE": "UNKNOWN", "EDITMETHOD": "UNKNOWN", "EDITOR": "UNKNOWN", "EDITDATE": "UNKNOWN", "MATCHSTAT": "MATCH", "EDITNOTE": "UNKNOWN", "OWNER1": "UNIVERSITY OF VERMONT", "OWNER2": "STATE AGRICULTURAL COLLEGE", "ADDRGL1": "UVM PLANNING DESIGN & CONSTRUCTION", "ADDRGL2": "31 SPEAR ST MARSH HALL SUITE 10", "CITYGL": "BURLINGTON", "STGL": "VT", "ZIPGL": "05405", "DESCPROP": "REDSTONE LODGE", "LOCAPROP": "N", "CAT": "Commercial Apt", "RESCODE": "C", "ACRESGL": 0.0, "REAL_FLV": 430100, "HSTED_FLV": 0, "NRES_FLV": 430100, "LAND_LV": 0, "IMPRV_LV": 430100, "EQUIPVAL": 0, "EQUIPCODE": "", "INVENVAL": 0, "HSDECL": "N", "HSITEVAL": 0, "VETEXAMT": 0, "EXPDESC": "Statutory", "ENDDATE": "", "STATUTE": "", "EXAMT_HS": 0, "EXAMT_NR": 0, "UVREDUC_HS": 0, "UVREDUC_NR": 0, "GLVAL_HS": 0.0, "GLVAL_NR": 0.0, "CRHOUSPCT": 0.0, "MUNGL1PCT": 0.0, "AOEGL_HS": 0.0, "AOEGL_NR": 0.0, "E911ADDR": "350 SOUTH PROSPECT ST", "SHAPE_Length": 0.04618935916371837, "SHAPE_Area": 4.234595439923701e-05}, "geometry": {"type": "MultiPolygon", "coordinates": [[[[-73.19676084399998, 44.47187771000006], [-73.19607621699998, 44.47091570600003], [-73.19597166699998, 44.47077699300007], [-73.19582985899996, 44.47084099400007], [-73.19551699199997, 44.47095342400007], [-73.19452680899997, 44.47131352300005], [-73.19507914099995, 44.47264686500006], [-73.19515934899994, 44.47267364500004], [-73.19523537999999, 44.472706075000076], [-73.19530646199996, 44.472743828000034], [-73.19537186799994, 44.47278651500005], [-73.19543093499993, 44.47283370400004], [-73.19548305999996, 44.472884915000066], [-73.19552771399998, 44.47293962600003], [-73.19556443999994, 44.47299728100006], [-73.19585080399997, 44.47309945200004], [-73.19609396899995, 44.47320202600008], [-73.19554781699998, 44.473879330000045], [-73.19548287099997, 44.47396690800008], [-73.19556540199994, 44.47400409100004], [-73.19544524599996, 44.474139111000056], [-73.19512989599997, 44.47450719600005], [-73.19505545399994, 44.47458906700007], [-73.19485288499999, 44.474498477000054], [-73.19456709399998, 44.47436634700006], [-73.19427829899996, 44.47423761200008], [-73.19409626299995, 44.47415603500008], [-73.19392980899994, 44.47408044300005], [-73.19376181099994, 44.474006624000026], [-73.19372044599999, 44.473697799000036], [-73.19322312799994, 44.471071005000056], [-73.19291357299994, 44.46943919700004], [-73.19286756199995, 44.46920169300006], [-73.19242274499999, 44.466790280000055], [-73.19317444799998, 44.46675914400004], [-73.19531727299994, 44.466669343000035], [-73.19577379299994, 44.46665081400005], [-73.19835221499994, 44.46653425400007], [-73.19820159199998, 44.46582477800007], [-73.19905319099996, 44.465790070000025], [-73.19906879899997, 44.466487588000064], [-73.19991901399999, 44.466854210000065], [-73.20080891999999, 44.46697956700007], [-73.20075936399996, 44.46713667800003], [-73.20000782599993, 44.46701740300006], [-73.19993749799994, 44.46724493000005], [-73.19986520199996, 44.467472188000045], [-73.19979367999997, 44.46769845700004], [-73.19972138599996, 44.467925997000066], [-73.20047295599994, 44.468047101000025], [-73.20023342999997, 44.46880607300005], [-73.20025454099994, 44.469159313000034], [-73.20026134299997, 44.46931200900008], [-73.20030379699995, 44.470191138000075], [-73.20033591899994, 44.47090668100003], [-73.20036649999997, 44.47159171900006], [-73.19982306899993, 44.47160405000005], [-73.19977830499994, 44.47160488600008], [-73.19949480899999, 44.47161126300006], [-73.19944572699995, 44.471612408000055], [-73.19920974299998, 44.47161764900005], [-73.19892938899994, 44.47162400600007], [-73.19864510799994, 44.471630385000026], [-73.19836318399996, 44.47163689000007], [-73.19808047399994, 44.471643259000075], [-73.19781071999995, 44.47164926600004], [-73.19782347899996, 44.47189597100004], [-73.19781698999998, 44.471977708000054], [-73.19781220899995, 44.47210387200005], [-73.19779632099994, 44.47241852800005], [-73.19779462599996, 44.47244103700007], [-73.19779319699995, 44.47245299800005], [-73.19774518099996, 44.472675466000055], [-73.19774221299997, 44.47269010800005], [-73.19770157699998, 44.47287259600006], [-73.19767289299995, 44.47300354500004], [-73.19766360099999, 44.47304775500004], [-73.19763348699996, 44.473190524000074], [-73.19758624799994, 44.47341228400006], [-73.19753977099998, 44.47363221100005], [-73.19753064299994, 44.47369020100007], [-73.19742753099996, 44.47380487100003], [-73.19732286999994, 44.47392137800006], [-73.19722092499995, 44.474035197000035], [-73.19711626299994, 44.474151704000064], [-73.19701431499993, 44.47426524200006], [-73.19690887799999, 44.47438273700004], [-73.19680731999995, 44.47449613100008], [-73.19670342999996, 44.47461164900005], [-73.19659837899997, 44.47472872000003], [-73.19656425199997, 44.474766732000035], [-73.19649720499996, 44.47484140900008], [-73.19639370699997, 44.47495706500007], [-73.19624136199997, 44.475126733000025], [-73.19617541299993, 44.475096903000065], [-73.19658309899995, 44.47463291300005], [-73.19626717799997, 44.47449014400007], [-73.19696695099998, 44.473684924000054], [-73.19724578199998, 44.473351929000046], [-73.19717884599999, 44.47314014700004], [-73.19701245999994, 44.47255858700004], [-73.19684438299998, 44.47199967700004], [-73.19676084399998, 44.47187771000006]], [[-73.19777146399997, 44.47082689800004], [-73.19776918199994, 44.470569443000045], [-73.19719886099995, 44.470598659000075], [-73.19720941599996, 44.470858314000054], [-73.19700688199998, 44.470868970000026], [-73.19703146199998, 44.47141624200003], [-73.19779410599995, 44.471375728000055], [-73.19779512799994, 44.47136250300008], [-73.19777146399997, 44.47082689800004]]]]}}, {"type": "Feature", "properties": {"OBJECTID": 276973, "SPAN": "114-035-18260", "GLIST_SPAN": "114-035-18263", "MAPID": "050-4-098-000", "PARCID": "050-4-098.299", "PROPTYPE": "PARCEL", "YEAR": 2018, "GLYEAR": 2022, "TOWN": "BURLINGTON", "TNAME": "Burlington", "SOURCENAME": null, "SOURCETYPE": "UNKNOWN", "SOURCEDATE": "UNKNOWN", "EDITMETHOD": "UNKNOWN", "EDITOR": "UNKNOWN", "EDITDATE": "UNKNOWN", "MATCHSTAT": "MATCH", "EDITNOTE": "UNKNOWN", "OWNER1": "ROMAN CATHOLIC DIOCESE OF BURLINGTON", "OWNER2": "NEWMAN CENTER AT UVM", "ADDRGL1": "PO BOX 489", "ADDRGL2": "", "CITYGL": "BURLINGTON", "STGL": "VT", "ZIPGL": "05402", "DESCPROP": "ROMAN CATHOLIC DIOCESE  NEWMAN CENTER AT", "LOCAPROP": "N", "CAT": "Commercial", "RESCODE": "C", "ACRESGL": 0.0, "REAL_FLV": 2391600, "HSTED_FLV": 0, "NRES_FLV": 2391600, "LAND_LV": 16400, "IMPRV_LV": 2375200, "EQUIPVAL": 0, "EQUIPCODE": "", "INVENVAL": 0, "HSDECL": "N", "HSITEVAL": 0, "VETEXAMT": 0, "EXPDESC": "Statutory", "ENDDATE": "", "STATUTE": "", "EXAMT_HS": 0, "EXAMT_NR": 0, "UVREDUC_HS": 0, "UVREDUC_NR": 0, "GLVAL_HS": 0.0, "GLVAL_NR": 0.0, "CRHOUSPCT": 0.0, "MUNGL1PCT": 0.0, "AOEGL_HS": 0.0, "AOEGL_NR": 0.0, "E911ADDR": "390 SOUTH PROSPECT ST", "SHAPE_Length": 0.04618935916371837, "SHAPE_Area": 4.234595439923701e-05}, "geometry": {"type": "MultiPolygon", "coordinates": [[[[-73.19676084399998, 44.47187771000006], [-73.19607621699998, 44.47091570600003], [-73.19597166699998, 44.47077699300007], [-73.19582985899996, 44.47084099400007], [-73.19551699199997, 44.47095342400007], [-73.19452680899997, 44.47131352300005], [-73.19507914099995, 44.47264686500006], [-73.19515934899994, 44.47267364500004], [-73.19523537999999, 44.472706075000076], [-73.19530646199996, 44.472743828000034], [-73.19537186799994, 44.47278651500005], [-73.19543093499993, 44.47283370400004], [-73.19548305999996, 44.472884915000066], [-73.19552771399998, 44.47293962600003], [-73.19556443999994, 44.47299728100006], [-73.19585080399997, 44.47309945200004], [-73.19609396899995, 44.47320202600008], [-73.19554781699998, 44.473879330000045], [-73.19548287099997, 44.47396690800008], [-73.19556540199994, 44.47400409100004], [-73.19544524599996, 44.474139111000056], [-73.19512989599997, 44.47450719600005], [-73.19505545399994, 44.47458906700007], [-73.19485288499999, 44.474498477000054], [-73.19456709399998, 44.47436634700006], [-73.19427829899996, 44.47423761200008], [-73.19409626299995, 44.47415603500008], [-73.19392980899994, 44.47408044300005], [-73.19376181099994, 44.474006624000026], [-73.19372044599999, 44.473697799000036], [-73.19322312799994, 44.471071005000056], [-73.19291357299994, 44.46943919700004], [-73.19286756199995, 44.46920169300006], [-73.19242274499999, 44.466790280000055], [-73.19317444799998, 44.46675914400004], [-73.19531727299994, 44.466669343000035], [-73.19577379299994, 44.46665081400005], [-73.19835221499994, 44.46653425400007], [-73.19820159199998, 44.46582477800007], [-73.19905319099996, 44.465790070000025], [-73.19906879899997, 44.466487588000064], [-73.19991901399999, 44.466854210000065], [-73.20080891999999, 44.46697956700007], [-73.20075936399996, 44.46713667800003], [-73.20000782599993, 44.46701740300006], [-73.19993749799994, 44.46724493000005], [-73.19986520199996, 44.467472188000045], [-73.19979367999997, 44.46769845700004], [-73.19972138599996, 44.467925997000066], [-73.20047295599994, 44.468047101000025], [-73.20023342999997, 44.46880607300005], [-73.20025454099994, 44.469159313000034], [-73.20026134299997, 44.46931200900008], [-73.20030379699995, 44.470191138000075], [-73.20033591899994, 44.47090668100003], [-73.20036649999997, 44.47159171900006], [-73.19982306899993, 44.47160405000005], [-73.19977830499994, 44.47160488600008], [-73.19949480899999, 44.47161126300006], [-73.19944572699995, 44.471612408000055], [-73.19920974299998, 44.47161764900005], [-73.19892938899994, 44.47162400600007], [-73.19864510799994, 44.471630385000026], [-73.19836318399996, 44.47163689000007], [-73.19808047399994, 44.471643259000075], [-73.19781071999995, 44.47164926600004], [-73.19782347899996, 44.47189597100004], [-73.19781698999998, 44.471977708000054], [-73.19781220899995, 44.47210387200005], [-73.19779632099994, 44.47241852800005], [-73.19779462599996, 44.47244103700007], [-73.19779319699995, 44.47245299800005], [-73.19774518099996, 44.472675466000055], [-73.19774221299997, 44.47269010800005], [-73.19770157699998, 44.47287259600006], [-73.19767289299995, 44.47300354500004], [-73.19766360099999, 44.47304775500004], [-73.19763348699996, 44.473190524000074], [-73.19758624799994, 44.47341228400006], [-73.19753977099998, 44.47363221100005], [-73.19753064299994, 44.47369020100007], [-73.19742753099996, 44.47380487100003], [-73.19732286999994, 44.47392137800006], [-73.19722092499995, 44.474035197000035], [-73.19711626299994, 44.474151704000064], [-73.19701431499993, 44.47426524200006], [-73.19690887799999, 44.47438273700004], [-73.19680731999995, 44.47449613100008], [-73.19670342999996, 44.47461164900005], [-73.19659837899997, 44.47472872000003], [-73.19656425199997, 44.474766732000035], [-73.19649720499996, 44.47484140900008], [-73.19639370699997, 44.47495706500007], [-73.19624136199997, 44.475126733000025], [-73.19617541299993, 44.475096903000065], [-73.19658309899995, 44.47463291300005], [-73.19626717799997, 44.47449014400007], [-73.19696695099998, 44.473684924000054], [-73.19724578199998, 44.473351929000046], [-73.19717884599999, 44.47314014700004], [-73.19701245999994, 44.47255858700004], [-73.19684438299998, 44.47199967700004], [-73.19676084399998, 44.47187771000006]], [[-73.19777146399997, 44.47082689800004], [-73.19776918199994, 44.470569443000045], [-73.19719886099995, 44.470598659000075], [-73.19720941599996, 44.470858314000054], [-73.19700688199998, 44.470868970000026], [-73.19703146199998, 44.47141624200003], [-73.19779410599995, 44.471375728000055], [-73.19779512799994, 44.47136250300008], [-73.19777146399997, 44.47082689800004]]]]}}, {"type": "Feature", "properties": {"OBJECTID": 276976, "SPAN": "114-035-18260", "GLIST_SPAN": "114-035-18264", "MAPID": "050-4-098-000", "PARCID": "050-4-098.344", "PROPTYPE": "PARCEL", "YEAR": 2018, "GLYEAR": 2022, "TOWN": "BURLINGTON", "TNAME": "Burlington", "SOURCENAME": null, "SOURCETYPE": "UNKNOWN", "SOURCEDATE": "UNKNOWN", "EDITMETHOD": "UNKNOWN", "EDITOR": "UNKNOWN", "EDITDATE": "UNKNOWN", "MATCHSTAT": "MATCH", "EDITNOTE": "UNKNOWN", "OWNER1": "UNIVERSITY OF VERMONT", "OWNER2": "STATE AGRICULTURAL COLLEGE", "ADDRGL1": "UVM PLANNING DESIGN & CONSTRUCTION", "ADDRGL2": "31 SPEAR ST MARSH HALL SUITE 10", "CITYGL": "BURLINGTON", "STGL": "VT", "ZIPGL": "05405", "DESCPROP": "MARSH/AUSTIN/TUPPER COMPLEX  MARSH HALL", "LOCAPROP": "N", "CAT": "Commercial Apt", "RESCODE": "C", "ACRESGL": 0.0, "REAL_FLV": 12155900, "HSTED_FLV": 0, "NRES_FLV": 12155900, "LAND_LV": 92800, "IMPRV_LV": 12063100, "EQUIPVAL": 0, "EQUIPCODE": "", "INVENVAL": 0, "HSDECL": "N", "HSITEVAL": 0, "VETEXAMT": 0, "EXPDESC": "Statutory", "ENDDATE": "", "STATUTE": "", "EXAMT_HS": 0, "EXAMT_NR": 0, "UVREDUC_HS": 0, "UVREDUC_NR": 0, "GLVAL_HS": 0.0, "GLVAL_NR": 0.0, "CRHOUSPCT": 0.0, "MUNGL1PCT": 0.0, "AOEGL_HS": 0.0, "AOEGL_NR": 0.0, "E911ADDR": "31 SPEAR ST", "SHAPE_Length": 0.04618935916371837, "SHAPE_Area": 4.234595439923701e-05}, "geometry": {"type": "MultiPolygon", "coordinates": [[[[-73.19676084399998, 44.47187771000006], [-73.19607621699998, 44.47091570600003], [-73.19597166699998, 44.47077699300007], [-73.19582985899996, 44.47084099400007], [-73.19551699199997, 44.47095342400007], [-73.19452680899997, 44.47131352300005], [-73.19507914099995, 44.47264686500006], [-73.19515934899994, 44.47267364500004], [-73.19523537999999, 44.472706075000076], [-73.19530646199996, 44.472743828000034], [-73.19537186799994, 44.47278651500005], [-73.19543093499993, 44.47283370400004], [-73.19548305999996, 44.472884915000066], [-73.19552771399998, 44.47293962600003], [-73.19556443999994, 44.47299728100006], [-73.19585080399997, 44.47309945200004], [-73.19609396899995, 44.47320202600008], [-73.19554781699998, 44.473879330000045], [-73.19548287099997, 44.47396690800008], [-73.19556540199994, 44.47400409100004], [-73.19544524599996, 44.474139111000056], [-73.19512989599997, 44.47450719600005], [-73.19505545399994, 44.47458906700007], [-73.19485288499999, 44.474498477000054], [-73.19456709399998, 44.47436634700006], [-73.19427829899996, 44.47423761200008], [-73.19409626299995, 44.47415603500008], [-73.19392980899994, 44.47408044300005], [-73.19376181099994, 44.474006624000026], [-73.19372044599999, 44.473697799000036], [-73.19322312799994, 44.471071005000056], [-73.19291357299994, 44.46943919700004], [-73.19286756199995, 44.46920169300006], [-73.19242274499999, 44.466790280000055], [-73.19317444799998, 44.46675914400004], [-73.19531727299994, 44.466669343000035], [-73.19577379299994, 44.46665081400005], [-73.19835221499994, 44.46653425400007], [-73.19820159199998, 44.46582477800007], [-73.19905319099996, 44.465790070000025], [-73.19906879899997, 44.466487588000064], [-73.19991901399999, 44.466854210000065], [-73.20080891999999, 44.46697956700007], [-73.20075936399996, 44.46713667800003], [-73.20000782599993, 44.46701740300006], [-73.19993749799994, 44.46724493000005], [-73.19986520199996, 44.467472188000045], [-73.19979367999997, 44.46769845700004], [-73.19972138599996, 44.467925997000066], [-73.20047295599994, 44.468047101000025], [-73.20023342999997, 44.46880607300005], [-73.20025454099994, 44.469159313000034], [-73.20026134299997, 44.46931200900008], [-73.20030379699995, 44.470191138000075], [-73.20033591899994, 44.47090668100003], [-73.20036649999997, 44.47159171900006], [-73.19982306899993, 44.47160405000005], [-73.19977830499994, 44.47160488600008], [-73.19949480899999, 44.47161126300006], [-73.19944572699995, 44.471612408000055], [-73.19920974299998, 44.47161764900005], [-73.19892938899994, 44.47162400600007], [-73.19864510799994, 44.471630385000026], [-73.19836318399996, 44.47163689000007], [-73.19808047399994, 44.471643259000075], [-73.19781071999995, 44.47164926600004], [-73.19782347899996, 44.47189597100004], [-73.19781698999998, 44.471977708000054], [-73.19781220899995, 44.47210387200005], [-73.19779632099994, 44.47241852800005], [-73.19779462599996, 44.47244103700007], [-73.19779319699995, 44.47245299800005], [-73.19774518099996, 44.472675466000055], [-73.19774221299997, 44.47269010800005], [-73.19770157699998, 44.47287259600006], [-73.19767289299995, 44.47300354500004], [-73.19766360099999, 44.47304775500004], [-73.19763348699996, 44.473190524000074], [-73.19758624799994, 44.47341228400006], [-73.19753977099998, 44.47363221100005], [-73.19753064299994, 44.47369020100007], [-73.19742753099996, 44.47380487100003], [-73.19732286999994, 44.47392137800006], [-73.19722092499995, 44.474035197000035], [-73.19711626299994, 44.474151704000064], [-73.19701431499993, 44.47426524200006], [-73.19690887799999, 44.47438273700004], [-73.19680731999995, 44.47449613100008], [-73.19670342999996, 44.47461164900005], [-73.19659837899997, 44.47472872000003], [-73.19656425199997, 44.474766732000035], [-73.19649720499996, 44.47484140900008], [-73.19639370699997, 44.47495706500007], [-73.19624136199997, 44.475126733000025], [-73.19617541299993, 44.475096903000065], [-73.19658309899995, 44.47463291300005], [-73.19626717799997, 44.47449014400007], [-73.19696695099998, 44.473684924000054], [-73.19724578199998, 44.473351929000046], [-73.19717884599999, 44.47314014700004], [-73.19701245999994, 44.47255858700004], [-73.19684438299998, 44.47199967700004], [-73.19676084399998, 44.47187771000006]], [[-73.19777146399997, 44.47082689800004], [-73.19776918199994, 44.470569443000045], [-73.19719886099995, 44.470598659000075], [-73.19720941599996, 44.470858314000054], [-73.19700688199998, 44.470868970000026], [-73.19703146199998, 44.47141624200003], [-73.19779410599995, 44.471375728000055], [-73.19779512799994, 44.47136250300008], [-73.19777146399997, 44.47082689800004]]]]}}, {"type": "Feature", "properties": {"OBJECTID": 276979, "SPAN": "114-035-18260", "GLIST_SPAN": "114-035-18265", "MAPID": "050-4-098-000", "PARCID": "050-4-098.376", "PROPTYPE": "PARCEL", "YEAR": 2018, "GLYEAR": 2022, "TOWN": "BURLINGTON", "TNAME": "Burlington", "SOURCENAME": null, "SOURCETYPE": "UNKNOWN", "SOURCEDATE": "UNKNOWN", "EDITMETHOD": "UNKNOWN", "EDITOR": "UNKNOWN", "EDITDATE": "UNKNOWN", "MATCHSTAT": "MATCH", "EDITNOTE": "UNKNOWN", "OWNER1": "UNIVERSITY OF VERMONT", "OWNER2": "STATE AGRICULTURAL COLLEGE", "ADDRGL1": "UVM PLANNING DESIGN & CONSTRUCTION", "ADDRGL2": "31 SPEAR ST MARSH HALL SUITE 10", "CITYGL": "BURLINGTON", "STGL": "VT", "ZIPGL": "05405", "DESCPROP": "HARRIS MILLIS COMPLEX  HARRIS HALL  UVM", "LOCAPROP": "N", "CAT": "Commercial Apt", "RESCODE": "C", "ACRESGL": 0.0, "REAL_FLV": 16528000, "HSTED_FLV": 0, "NRES_FLV": 16528000, "LAND_LV": 97800, "IMPRV_LV": 16430200, "EQUIPVAL": 0, "EQUIPCODE": "", "INVENVAL": 0, "HSDECL": "N", "HSITEVAL": 0, "VETEXAMT": 0, "EXPDESC": "Statutory", "ENDDATE": "", "STATUTE": "", "EXAMT_HS": 0, "EXAMT_NR": 0, "UVREDUC_HS": 0, "UVREDUC_NR": 0, "GLVAL_HS": 0.0, "GLVAL_NR": 0.0, "CRHOUSPCT": 0.0, "MUNGL1PCT": 0.0, "AOEGL_HS": 0.0, "AOEGL_NR": 0.0, "E911ADDR": "67 SPEAR ST", "SHAPE_Length": 0.04618935916371837, "SHAPE_Area": 4.234595439923701e-05}, "geometry": {"type": "MultiPolygon", "coordinates": [[[[-73.19676084399998, 44.47187771000006], [-73.19607621699998, 44.47091570600003], [-73.19597166699998, 44.47077699300007], [-73.19582985899996, 44.47084099400007], [-73.19551699199997, 44.47095342400007], [-73.19452680899997, 44.47131352300005], [-73.19507914099995, 44.47264686500006], [-73.19515934899994, 44.47267364500004], [-73.19523537999999, 44.472706075000076], [-73.19530646199996, 44.472743828000034], [-73.19537186799994, 44.47278651500005], [-73.19543093499993, 44.47283370400004], [-73.19548305999996, 44.472884915000066], [-73.19552771399998, 44.47293962600003], [-73.19556443999994, 44.47299728100006], [-73.19585080399997, 44.47309945200004], [-73.19609396899995, 44.47320202600008], [-73.19554781699998, 44.473879330000045], [-73.19548287099997, 44.47396690800008], [-73.19556540199994, 44.47400409100004], [-73.19544524599996, 44.474139111000056], [-73.19512989599997, 44.47450719600005], [-73.19505545399994, 44.47458906700007], [-73.19485288499999, 44.474498477000054], [-73.19456709399998, 44.47436634700006], [-73.19427829899996, 44.47423761200008], [-73.19409626299995, 44.47415603500008], [-73.19392980899994, 44.47408044300005], [-73.19376181099994, 44.474006624000026], [-73.19372044599999, 44.473697799000036], [-73.19322312799994, 44.471071005000056], [-73.19291357299994, 44.46943919700004], [-73.19286756199995, 44.46920169300006], [-73.19242274499999, 44.466790280000055], [-73.19317444799998, 44.46675914400004], [-73.19531727299994, 44.466669343000035], [-73.19577379299994, 44.46665081400005], [-73.19835221499994, 44.46653425400007], [-73.19820159199998, 44.46582477800007], [-73.19905319099996, 44.465790070000025], [-73.19906879899997, 44.466487588000064], [-73.19991901399999, 44.466854210000065], [-73.20080891999999, 44.46697956700007], [-73.20075936399996, 44.46713667800003], [-73.20000782599993, 44.46701740300006], [-73.19993749799994, 44.46724493000005], [-73.19986520199996, 44.467472188000045], [-73.19979367999997, 44.46769845700004], [-73.19972138599996, 44.467925997000066], [-73.20047295599994, 44.468047101000025], [-73.20023342999997, 44.46880607300005], [-73.20025454099994, 44.469159313000034], [-73.20026134299997, 44.46931200900008], [-73.20030379699995, 44.470191138000075], [-73.20033591899994, 44.47090668100003], [-73.20036649999997, 44.47159171900006], [-73.19982306899993, 44.47160405000005], [-73.19977830499994, 44.47160488600008], [-73.19949480899999, 44.47161126300006], [-73.19944572699995, 44.471612408000055], [-73.19920974299998, 44.47161764900005], [-73.19892938899994, 44.47162400600007], [-73.19864510799994, 44.471630385000026], [-73.19836318399996, 44.47163689000007], [-73.19808047399994, 44.471643259000075], [-73.19781071999995, 44.47164926600004], [-73.19782347899996, 44.47189597100004], [-73.19781698999998, 44.471977708000054], [-73.19781220899995, 44.47210387200005], [-73.19779632099994, 44.47241852800005], [-73.19779462599996, 44.47244103700007], [-73.19779319699995, 44.47245299800005], [-73.19774518099996, 44.472675466000055], [-73.19774221299997, 44.47269010800005], [-73.19770157699998, 44.47287259600006], [-73.19767289299995, 44.47300354500004], [-73.19766360099999, 44.47304775500004], [-73.19763348699996, 44.473190524000074], [-73.19758624799994, 44.47341228400006], [-73.19753977099998, 44.47363221100005], [-73.19753064299994, 44.47369020100007], [-73.19742753099996, 44.47380487100003], [-73.19732286999994, 44.47392137800006], [-73.19722092499995, 44.474035197000035], [-73.19711626299994, 44.474151704000064], [-73.19701431499993, 44.47426524200006], [-73.19690887799999, 44.47438273700004], [-73.19680731999995, 44.47449613100008], [-73.19670342999996, 44.47461164900005], [-73.19659837899997, 44.47472872000003], [-73.19656425199997, 44.474766732000035], [-73.19649720499996, 44.47484140900008], [-73.19639370699997, 44.47495706500007], [-73.19624136199997, 44.475126733000025], [-73.19617541299993, 44.475096903000065], [-73.19658309899995, 44.47463291300005], [-73.19626717799997, 44.47449014400007], [-73.19696695099998, 44.473684924000054], [-73.19724578199998, 44.473351929000046], [-73.19717884599999, 44.47314014700004], [-73.19701245999994, 44.47255858700004], [-73.19684438299998, 44.47199967700004], [-73.19676084399998, 44.47187771000006]], [[-73.19777146399997, 44.47082689800004], [-73.19776918199994, 44.470569443000045], [-73.19719886099995, 44.470598659000075], [-73.19720941599996, 44.470858314000054], [-73.19700688199998, 44.470868970000026], [-73.19703146199998, 44.47141624200003], [-73.19779410599995, 44.471375728000055], [-73.19779512799994, 44.47136250300008], [-73.19777146399997, 44.47082689800004]]]]}}, {"type": "Feature", "properties": {"OBJECTID": 276982, "SPAN": "114-035-18260", "GLIST_SPAN": "114-035-18266", "MAPID": "050-4-098-000", "PARCID": "050-4-098.117", "PROPTYPE": "PARCEL", "YEAR": 2018, "GLYEAR": 2022, "TOWN": "BURLINGTON", "TNAME": "Burlington", "SOURCENAME": null, "SOURCETYPE": "UNKNOWN", "SOURCEDATE": "UNKNOWN", "EDITMETHOD": "UNKNOWN", "EDITOR": "UNKNOWN", "EDITDATE": "UNKNOWN", "MATCHSTAT": "MATCH", "EDITNOTE": "UNKNOWN", "OWNER1": "UNIVERSITY OF VERMONT", "OWNER2": "STATE AGRICULTURAL COLLEGE", "ADDRGL1": "UVM PLANNING DESIGN & CONSTRUCTION", "ADDRGL2": "31 SPEAR ST MARSH HALL SUITE 10", "CITYGL": "BURLINGTON", "STGL": "VT", "ZIPGL": "05405", "DESCPROP": "PATRICK GYM AND GUTTERSON FIELD HOUSE  P", "LOCAPROP": "N", "CAT": "Commercial", "RESCODE": "C", "ACRESGL": 0.0, "REAL_FLV": 46388000, "HSTED_FLV": 0, "NRES_FLV": 46388000, "LAND_LV": 231300, "IMPRV_LV": 46156700, "EQUIPVAL": 0, "EQUIPCODE": "", "INVENVAL": 0, "HSDECL": "N", "HSITEVAL": 0, "VETEXAMT": 0, "EXPDESC": "Statutory", "ENDDATE": "", "STATUTE": "", "EXAMT_HS": 0, "EXAMT_NR": 0, "UVREDUC_HS": 0, "UVREDUC_NR": 0, "GLVAL_HS": 0.0, "GLVAL_NR": 0.0, "CRHOUSPCT": 0.0, "MUNGL1PCT": 0.0, "AOEGL_HS": 0.0, "AOEGL_NR": 0.0, "E911ADDR": "97 SPEAR ST", "SHAPE_Length": 0.04618935916371837, "SHAPE_Area": 4.234595439923701e-05}, "geometry": {"type": "MultiPolygon", "coordinates": [[[[-73.19676084399998, 44.47187771000006], [-73.19607621699998, 44.47091570600003], [-73.19597166699998, 44.47077699300007], [-73.19582985899996, 44.47084099400007], [-73.19551699199997, 44.47095342400007], [-73.19452680899997, 44.47131352300005], [-73.19507914099995, 44.47264686500006], [-73.19515934899994, 44.47267364500004], [-73.19523537999999, 44.472706075000076], [-73.19530646199996, 44.472743828000034], [-73.19537186799994, 44.47278651500005], [-73.19543093499993, 44.47283370400004], [-73.19548305999996, 44.472884915000066], [-73.19552771399998, 44.47293962600003], [-73.19556443999994, 44.47299728100006], [-73.19585080399997, 44.47309945200004], [-73.19609396899995, 44.47320202600008], [-73.19554781699998, 44.473879330000045], [-73.19548287099997, 44.47396690800008], [-73.19556540199994, 44.47400409100004], [-73.19544524599996, 44.474139111000056], [-73.19512989599997, 44.47450719600005], [-73.19505545399994, 44.47458906700007], [-73.19485288499999, 44.474498477000054], [-73.19456709399998, 44.47436634700006], [-73.19427829899996, 44.47423761200008], [-73.19409626299995, 44.47415603500008], [-73.19392980899994, 44.47408044300005], [-73.19376181099994, 44.474006624000026], [-73.19372044599999, 44.473697799000036], [-73.19322312799994, 44.471071005000056], [-73.19291357299994, 44.46943919700004], [-73.19286756199995, 44.46920169300006], [-73.19242274499999, 44.466790280000055], [-73.19317444799998, 44.46675914400004], [-73.19531727299994, 44.466669343000035], [-73.19577379299994, 44.46665081400005], [-73.19835221499994, 44.46653425400007], [-73.19820159199998, 44.46582477800007], [-73.19905319099996, 44.465790070000025], [-73.19906879899997, 44.466487588000064], [-73.19991901399999, 44.466854210000065], [-73.20080891999999, 44.46697956700007], [-73.20075936399996, 44.46713667800003], [-73.20000782599993, 44.46701740300006], [-73.19993749799994, 44.46724493000005], [-73.19986520199996, 44.467472188000045], [-73.19979367999997, 44.46769845700004], [-73.19972138599996, 44.467925997000066], [-73.20047295599994, 44.468047101000025], [-73.20023342999997, 44.46880607300005], [-73.20025454099994, 44.469159313000034], [-73.20026134299997, 44.46931200900008], [-73.20030379699995, 44.470191138000075], [-73.20033591899994, 44.47090668100003], [-73.20036649999997, 44.47159171900006], [-73.19982306899993, 44.47160405000005], [-73.19977830499994, 44.47160488600008], [-73.19949480899999, 44.47161126300006], [-73.19944572699995, 44.471612408000055], [-73.19920974299998, 44.47161764900005], [-73.19892938899994, 44.47162400600007], [-73.19864510799994, 44.471630385000026], [-73.19836318399996, 44.47163689000007], [-73.19808047399994, 44.471643259000075], [-73.19781071999995, 44.47164926600004], [-73.19782347899996, 44.47189597100004], [-73.19781698999998, 44.471977708000054], [-73.19781220899995, 44.47210387200005], [-73.19779632099994, 44.47241852800005], [-73.19779462599996, 44.47244103700007], [-73.19779319699995, 44.47245299800005], [-73.19774518099996, 44.472675466000055], [-73.19774221299997, 44.47269010800005], [-73.19770157699998, 44.47287259600006], [-73.19767289299995, 44.47300354500004], [-73.19766360099999, 44.47304775500004], [-73.19763348699996, 44.473190524000074], [-73.19758624799994, 44.47341228400006], [-73.19753977099998, 44.47363221100005], [-73.19753064299994, 44.47369020100007], [-73.19742753099996, 44.47380487100003], [-73.19732286999994, 44.47392137800006], [-73.19722092499995, 44.474035197000035], [-73.19711626299994, 44.474151704000064], [-73.19701431499993, 44.47426524200006], [-73.19690887799999, 44.47438273700004], [-73.19680731999995, 44.47449613100008], [-73.19670342999996, 44.47461164900005], [-73.19659837899997, 44.47472872000003], [-73.19656425199997, 44.474766732000035], [-73.19649720499996, 44.47484140900008], [-73.19639370699997, 44.47495706500007], [-73.19624136199997, 44.475126733000025], [-73.19617541299993, 44.475096903000065], [-73.19658309899995, 44.47463291300005], [-73.19626717799997, 44.47449014400007], [-73.19696695099998, 44.473684924000054], [-73.19724578199998, 44.473351929000046], [-73.19717884599999, 44.47314014700004], [-73.19701245999994, 44.47255858700004], [-73.19684438299998, 44.47199967700004], [-73.19676084399998, 44.47187771000006]], [[-73.19777146399997, 44.47082689800004], [-73.19776918199994, 44.470569443000045], [-73.19719886099995, 44.470598659000075], [-73.19720941599996, 44.470858314000054], [-73.19700688199998, 44.470868970000026], [-73.19703146199998, 44.47141624200003], [-73.19779410599995, 44.471375728000055], [-73.19779512799994, 44.47136250300008], [-73.19777146399997, 44.47082689800004]]]]}}, {"type": "Feature", "properties": {"OBJECTID": 276985, "SPAN": "114-035-18260", "GLIST_SPAN": "114-035-18267", "MAPID": "050-4-098-000", "PARCID": "050-4-098.384", "PROPTYPE": "PARCEL", "YEAR": 2018, "GLYEAR": 2022, "TOWN": "BURLINGTON", "TNAME": "Burlington", "SOURCENAME": null, "SOURCETYPE": "UNKNOWN", "SOURCEDATE": "UNKNOWN", "EDITMETHOD": "UNKNOWN", "EDITOR": "UNKNOWN", "EDITDATE": "UNKNOWN", "MATCHSTAT": "MATCH", "EDITNOTE": "UNKNOWN", "OWNER1": "UNIVERSITY OF VERMONT", "OWNER2": "STATE AGRICULTURAL COLLEGE", "ADDRGL1": "UVM PLANNING DESIGN & CONSTRUCTION", "ADDRGL2": "31 SPEAR ST MARSH HALL SUITE 10", "CITYGL": "BURLINGTON", "STGL": "VT", "ZIPGL": "05405", "DESCPROP": "LIVING & LEARNING COMPLEX  L/L COMMONS A", "LOCAPROP": "N", "CAT": "Commercial Apt", "RESCODE": "C", "ACRESGL": 0.0, "REAL_FLV": 36661600, "HSTED_FLV": 0, "NRES_FLV": 36661600, "LAND_LV": 189300, "IMPRV_LV": 36472300, "EQUIPVAL": 0, "EQUIPCODE": "", "INVENVAL": 0, "HSDECL": "N", "HSITEVAL": 0, "VETEXAMT": 0, "EXPDESC": "Statutory", "ENDDATE": "", "STATUTE": "", "EXAMT_HS": 0, "EXAMT_NR": 0, "UVREDUC_HS": 0, "UVREDUC_NR": 0, "GLVAL_HS": 0.0, "GLVAL_NR": 0.0, "CRHOUSPCT": 0.0, "MUNGL1PCT": 0.0, "AOEGL_HS": 0.0, "AOEGL_NR": 0.0, "E911ADDR": "633 MAIN ST", "SHAPE_Length": 0.04618935916371837, "SHAPE_Area": 4.234595439923701e-05}, "geometry": {"type": "MultiPolygon", "coordinates": [[[[-73.19676084399998, 44.47187771000006], [-73.19607621699998, 44.47091570600003], [-73.19597166699998, 44.47077699300007], [-73.19582985899996, 44.47084099400007], [-73.19551699199997, 44.47095342400007], [-73.19452680899997, 44.47131352300005], [-73.19507914099995, 44.47264686500006], [-73.19515934899994, 44.47267364500004], [-73.19523537999999, 44.472706075000076], [-73.19530646199996, 44.472743828000034], [-73.19537186799994, 44.47278651500005], [-73.19543093499993, 44.47283370400004], [-73.19548305999996, 44.472884915000066], [-73.19552771399998, 44.47293962600003], [-73.19556443999994, 44.47299728100006], [-73.19585080399997, 44.47309945200004], [-73.19609396899995, 44.47320202600008], [-73.19554781699998, 44.473879330000045], [-73.19548287099997, 44.47396690800008], [-73.19556540199994, 44.47400409100004], [-73.19544524599996, 44.474139111000056], [-73.19512989599997, 44.47450719600005], [-73.19505545399994, 44.47458906700007], [-73.19485288499999, 44.474498477000054], [-73.19456709399998, 44.47436634700006], [-73.19427829899996, 44.47423761200008], [-73.19409626299995, 44.47415603500008], [-73.19392980899994, 44.47408044300005], [-73.19376181099994, 44.474006624000026], [-73.19372044599999, 44.473697799000036], [-73.19322312799994, 44.471071005000056], [-73.19291357299994, 44.46943919700004], [-73.19286756199995, 44.46920169300006], [-73.19242274499999, 44.466790280000055], [-73.19317444799998, 44.46675914400004], [-73.19531727299994, 44.466669343000035], [-73.19577379299994, 44.46665081400005], [-73.19835221499994, 44.46653425400007], [-73.19820159199998, 44.46582477800007], [-73.19905319099996, 44.465790070000025], [-73.19906879899997, 44.466487588000064], [-73.19991901399999, 44.466854210000065], [-73.20080891999999, 44.46697956700007], [-73.20075936399996, 44.46713667800003], [-73.20000782599993, 44.46701740300006], [-73.19993749799994, 44.46724493000005], [-73.19986520199996, 44.467472188000045], [-73.19979367999997, 44.46769845700004], [-73.19972138599996, 44.467925997000066], [-73.20047295599994, 44.468047101000025], [-73.20023342999997, 44.46880607300005], [-73.20025454099994, 44.469159313000034], [-73.20026134299997, 44.46931200900008], [-73.20030379699995, 44.470191138000075], [-73.20033591899994, 44.47090668100003], [-73.20036649999997, 44.47159171900006], [-73.19982306899993, 44.47160405000005], [-73.19977830499994, 44.47160488600008], [-73.19949480899999, 44.47161126300006], [-73.19944572699995, 44.471612408000055], [-73.19920974299998, 44.47161764900005], [-73.19892938899994, 44.47162400600007], [-73.19864510799994, 44.471630385000026], [-73.19836318399996, 44.47163689000007], [-73.19808047399994, 44.471643259000075], [-73.19781071999995, 44.47164926600004], [-73.19782347899996, 44.47189597100004], [-73.19781698999998, 44.471977708000054], [-73.19781220899995, 44.47210387200005], [-73.19779632099994, 44.47241852800005], [-73.19779462599996, 44.47244103700007], [-73.19779319699995, 44.47245299800005], [-73.19774518099996, 44.472675466000055], [-73.19774221299997, 44.47269010800005], [-73.19770157699998, 44.47287259600006], [-73.19767289299995, 44.47300354500004], [-73.19766360099999, 44.47304775500004], [-73.19763348699996, 44.473190524000074], [-73.19758624799994, 44.47341228400006], [-73.19753977099998, 44.47363221100005], [-73.19753064299994, 44.47369020100007], [-73.19742753099996, 44.47380487100003], [-73.19732286999994, 44.47392137800006], [-73.19722092499995, 44.474035197000035], [-73.19711626299994, 44.474151704000064], [-73.19701431499993, 44.47426524200006], [-73.19690887799999, 44.47438273700004], [-73.19680731999995, 44.47449613100008], [-73.19670342999996, 44.47461164900005], [-73.19659837899997, 44.47472872000003], [-73.19656425199997, 44.474766732000035], [-73.19649720499996, 44.47484140900008], [-73.19639370699997, 44.47495706500007], [-73.19624136199997, 44.475126733000025], [-73.19617541299993, 44.475096903000065], [-73.19658309899995, 44.47463291300005], [-73.19626717799997, 44.47449014400007], [-73.19696695099998, 44.473684924000054], [-73.19724578199998, 44.473351929000046], [-73.19717884599999, 44.47314014700004], [-73.19701245999994, 44.47255858700004], [-73.19684438299998, 44.47199967700004], [-73.19676084399998, 44.47187771000006]], [[-73.19777146399997, 44.47082689800004], [-73.19776918199994, 44.470569443000045], [-73.19719886099995, 44.470598659000075], [-73.19720941599996, 44.470858314000054], [-73.19700688199998, 44.470868970000026], [-73.19703146199998, 44.47141624200003], [-73.19779410599995, 44.471375728000055], [-73.19779512799994, 44.47136250300008], [-73.19777146399997, 44.47082689800004]]]]}}, {"type": "Feature", "properties": {"OBJECTID": 276986, "SPAN": "114-035-18268", "GLIST_SPAN": "114-035-18268", "MAPID": "050-4-099-000", "PARCID": "050-4-099.000", "PROPTYPE": "PARCEL", "YEAR": 2018, "GLYEAR": 2022, "TOWN": "BURLINGTON", "TNAME": "Burlington", "SOURCENAME": null, "SOURCETYPE": "UNKNOWN", "SOURCEDATE": "UNKNOWN", "EDITMETHOD": "UNKNOWN", "EDITOR": "UNKNOWN", "EDITDATE": "UNKNOWN", "MATCHSTAT": "MATCH", "EDITNOTE": "UNKNOWN", "OWNER1": "CITY DPW WATER/WASTEWATER DEPT", "OWNER2": "", "ADDRGL1": "PO BOX 878", "ADDRGL2": "234 PENNY LN", "CITYGL": "BURLINGTON", "STGL": "VT", "ZIPGL": "05401", "DESCPROP": "WATER TOWER WITH RENTAL ANTENNAS", "LOCAPROP": "N", "CAT": "Commercial", "RESCODE": "C", "ACRESGL": 0.32, "REAL_FLV": 1791100, "HSTED_FLV": 0, "NRES_FLV": 1791100, "LAND_LV": 1720500, "IMPRV_LV": 70600, "EQUIPVAL": 0, "EQUIPCODE": "", "INVENVAL": 0, "HSDECL": "N", "HSITEVAL": 0, "VETEXAMT": 0, "EXPDESC": "Statutory", "ENDDATE": "", "STATUTE": "", "EXAMT_HS": 0, "EXAMT_NR": 0, "UVREDUC_HS": 0, "UVREDUC_NR": 0, "GLVAL_HS": 0.0, "GLVAL_NR": 0.0, "CRHOUSPCT": 0.0, "MUNGL1PCT": 0.0, "AOEGL_HS": 0.0, "AOEGL_NR": 0.0, "E911ADDR": "354 SOUTH PROSPECT ST", "SHAPE_Length": 0.0016513287166082722, "SHAPE_Area": 1.4658441663791495e-07}, "geometry": {"type": "MultiPolygon", "coordinates": [[[[-73.19719886099995, 44.470598659000075], [-73.19776918199994, 44.470569443000045], [-73.19777146399997, 44.47082689800004], [-73.19720941599996, 44.470858314000054], [-73.19719886099995, 44.470598659000075]]]]}}, {"type": "Feature", "properties": {"OBJECTID": 278033, "SPAN": "114-035-18260", "GLIST_SPAN": "114-035-19091", "MAPID": "050-4-098-000", "PARCID": "054-3-001.041", "PROPTYPE": "PARCEL", "YEAR": 2018, "GLYEAR": 2022, "TOWN": "BURLINGTON", "TNAME": "Burlington", "SOURCENAME": null, "SOURCETYPE": "UNKNOWN", "SOURCEDATE": "UNKNOWN", "EDITMETHOD": "UNKNOWN", "EDITOR": "UNKNOWN", "EDITDATE": "UNKNOWN", "MATCHSTAT": "MATCH", "EDITNOTE": "UNKNOWN", "OWNER1": "UNIVERSITY OF VERMONT", "OWNER2": "STATE AGRICULTURAL COLLEGE", "ADDRGL1": "UVM PLANNING DESIGN & CONSTRUCTION", "ADDRGL2": "31 SPEAR ST MARSH HALL SUITE 10", "CITYGL": "BURLINGTON", "STGL": "VT", "ZIPGL": "05405", "DESCPROP": "BLUNDELL HOUSE  ALANA", "LOCAPROP": "N", "CAT": "Commercial", "RESCODE": "C", "ACRESGL": 0.0, "REAL_FLV": 292300, "HSTED_FLV": 0, "NRES_FLV": 292300, "LAND_LV": 17200, "IMPRV_LV": 275100, "EQUIPVAL": 0, "EQUIPCODE": "", "INVENVAL": 0, "HSDECL": "N", "HSITEVAL": 0, "VETEXAMT": 0, "EXPDESC": "Statutory", "ENDDATE": "", "STATUTE": "", "EXAMT_HS": 0, "EXAMT_NR": 0, "UVREDUC_HS": 0, "UVREDUC_NR": 0, "GLVAL_HS": 0.0, "GLVAL_NR": 0.0, "CRHOUSPCT": 0.0, "MUNGL1PCT": 0.0, "AOEGL_HS": 0.0, "AOEGL_NR": 0.0, "E911ADDR": "342 SOUTH PROSPECT ST", "SHAPE_Length": 0.04618935916371837, "SHAPE_Area": 4.234595439923701e-05}, "geometry": {"type": "MultiPolygon", "coordinates": [[[[-73.19676084399998, 44.47187771000006], [-73.19607621699998, 44.47091570600003], [-73.19597166699998, 44.47077699300007], [-73.19582985899996, 44.47084099400007], [-73.19551699199997, 44.47095342400007], [-73.19452680899997, 44.47131352300005], [-73.19507914099995, 44.47264686500006], [-73.19515934899994, 44.47267364500004], [-73.19523537999999, 44.472706075000076], [-73.19530646199996, 44.472743828000034], [-73.19537186799994, 44.47278651500005], [-73.19543093499993, 44.47283370400004], [-73.19548305999996, 44.472884915000066], [-73.19552771399998, 44.47293962600003], [-73.19556443999994, 44.47299728100006], [-73.19585080399997, 44.47309945200004], [-73.19609396899995, 44.47320202600008], [-73.19554781699998, 44.473879330000045], [-73.19548287099997, 44.47396690800008], [-73.19556540199994, 44.47400409100004], [-73.19544524599996, 44.474139111000056], [-73.19512989599997, 44.47450719600005], [-73.19505545399994, 44.47458906700007], [-73.19485288499999, 44.474498477000054], [-73.19456709399998, 44.47436634700006], [-73.19427829899996, 44.47423761200008], [-73.19409626299995, 44.47415603500008], [-73.19392980899994, 44.47408044300005], [-73.19376181099994, 44.474006624000026], [-73.19372044599999, 44.473697799000036], [-73.19322312799994, 44.471071005000056], [-73.19291357299994, 44.46943919700004], [-73.19286756199995, 44.46920169300006], [-73.19242274499999, 44.466790280000055], [-73.19317444799998, 44.46675914400004], [-73.19531727299994, 44.466669343000035], [-73.19577379299994, 44.46665081400005], [-73.19835221499994, 44.46653425400007], [-73.19820159199998, 44.46582477800007], [-73.19905319099996, 44.465790070000025], [-73.19906879899997, 44.466487588000064], [-73.19991901399999, 44.466854210000065], [-73.20080891999999, 44.46697956700007], [-73.20075936399996, 44.46713667800003], [-73.20000782599993, 44.46701740300006], [-73.19993749799994, 44.46724493000005], [-73.19986520199996, 44.467472188000045], [-73.19979367999997, 44.46769845700004], [-73.19972138599996, 44.467925997000066], [-73.20047295599994, 44.468047101000025], [-73.20023342999997, 44.46880607300005], [-73.20025454099994, 44.469159313000034], [-73.20026134299997, 44.46931200900008], [-73.20030379699995, 44.470191138000075], [-73.20033591899994, 44.47090668100003], [-73.20036649999997, 44.47159171900006], [-73.19982306899993, 44.47160405000005], [-73.19977830499994, 44.47160488600008], [-73.19949480899999, 44.47161126300006], [-73.19944572699995, 44.471612408000055], [-73.19920974299998, 44.47161764900005], [-73.19892938899994, 44.47162400600007], [-73.19864510799994, 44.471630385000026], [-73.19836318399996, 44.47163689000007], [-73.19808047399994, 44.471643259000075], [-73.19781071999995, 44.47164926600004], [-73.19782347899996, 44.47189597100004], [-73.19781698999998, 44.471977708000054], [-73.19781220899995, 44.47210387200005], [-73.19779632099994, 44.47241852800005], [-73.19779462599996, 44.47244103700007], [-73.19779319699995, 44.47245299800005], [-73.19774518099996, 44.472675466000055], [-73.19774221299997, 44.47269010800005], [-73.19770157699998, 44.47287259600006], [-73.19767289299995, 44.47300354500004], [-73.19766360099999, 44.47304775500004], [-73.19763348699996, 44.473190524000074], [-73.19758624799994, 44.47341228400006], [-73.19753977099998, 44.47363221100005], [-73.19753064299994, 44.47369020100007], [-73.19742753099996, 44.47380487100003], [-73.19732286999994, 44.47392137800006], [-73.19722092499995, 44.474035197000035], [-73.19711626299994, 44.474151704000064], [-73.19701431499993, 44.47426524200006], [-73.19690887799999, 44.47438273700004], [-73.19680731999995, 44.47449613100008], [-73.19670342999996, 44.47461164900005], [-73.19659837899997, 44.47472872000003], [-73.19656425199997, 44.474766732000035], [-73.19649720499996, 44.47484140900008], [-73.19639370699997, 44.47495706500007], [-73.19624136199997, 44.475126733000025], [-73.19617541299993, 44.475096903000065], [-73.19658309899995, 44.47463291300005], [-73.19626717799997, 44.47449014400007], [-73.19696695099998, 44.473684924000054], [-73.19724578199998, 44.473351929000046], [-73.19717884599999, 44.47314014700004], [-73.19701245999994, 44.47255858700004], [-73.19684438299998, 44.47199967700004], [-73.19676084399998, 44.47187771000006]], [[-73.19777146399997, 44.47082689800004], [-73.19776918199994, 44.470569443000045], [-73.19719886099995, 44.470598659000075], [-73.19720941599996, 44.470858314000054], [-73.19700688199998, 44.470868970000026], [-73.19703146199998, 44.47141624200003], [-73.19779410599995, 44.471375728000055], [-73.19779512799994, 44.47136250300008], [-73.19777146399997, 44.47082689800004]]]]}}, {"type": "Feature", "properties": {"OBJECTID": 278034, "SPAN": "114-035-18260", "GLIST_SPAN": "114-035-19094", "MAPID": "050-4-098-000", "PARCID": "054-3-001.320", "PROPTYPE": "PARCEL", "YEAR": 2018, "GLYEAR": 2022, "TOWN": "BURLINGTON", "TNAME": "Burlington", "SOURCENAME": null, "SOURCETYPE": "UNKNOWN", "SOURCEDATE": "UNKNOWN", "EDITMETHOD": "UNKNOWN", "EDITOR": "UNKNOWN", "EDITDATE": "UNKNOWN", "MATCHSTAT": "MATCH", "EDITNOTE": "UNKNOWN", "OWNER1": "UNIVERSITY OF VERMONT", "OWNER2": "STATE AGRICULTURAL COLLEGE", "ADDRGL1": "UVM PLANNING DESIGN & CONSTRUCTION", "ADDRGL2": "31 SPEAR ST MARSH HALL SUITE 10", "CITYGL": "BURLINGTON", "STGL": "VT", "ZIPGL": "05405", "DESCPROP": "CHRISTIE/WRIGHT/PATTERSON DORMS  CHRISTI", "LOCAPROP": "N", "CAT": "Commercial Apt", "RESCODE": "C", "ACRESGL": 0.0, "REAL_FLV": 15164000, "HSTED_FLV": 0, "NRES_FLV": 15164000, "LAND_LV": 253100, "IMPRV_LV": 14910900, "EQUIPVAL": 0, "EQUIPCODE": "", "INVENVAL": 0, "HSDECL": "N", "HSITEVAL": 0, "VETEXAMT": 0, "EXPDESC": "Statutory", "ENDDATE": "", "STATUTE": "", "EXAMT_HS": 0, "EXAMT_NR": 0, "UVREDUC_HS": 0, "UVREDUC_NR": 0, "GLVAL_HS": 0.0, "GLVAL_NR": 0.0, "CRHOUSPCT": 0.0, "MUNGL1PCT": 0.0, "AOEGL_HS": 0.0, "AOEGL_NR": 0.0, "E911ADDR": "436 SOUTH PROSPECT ST", "SHAPE_Length": 0.04618935916371837, "SHAPE_Area": 4.234595439923701e-05}, "geometry": {"type": "MultiPolygon", "coordinates": [[[[-73.19676084399998, 44.47187771000006], [-73.19607621699998, 44.47091570600003], [-73.19597166699998, 44.47077699300007], [-73.19582985899996, 44.47084099400007], [-73.19551699199997, 44.47095342400007], [-73.19452680899997, 44.47131352300005], [-73.19507914099995, 44.47264686500006], [-73.19515934899994, 44.47267364500004], [-73.19523537999999, 44.472706075000076], [-73.19530646199996, 44.472743828000034], [-73.19537186799994, 44.47278651500005], [-73.19543093499993, 44.47283370400004], [-73.19548305999996, 44.472884915000066], [-73.19552771399998, 44.47293962600003], [-73.19556443999994, 44.47299728100006], [-73.19585080399997, 44.47309945200004], [-73.19609396899995, 44.47320202600008], [-73.19554781699998, 44.473879330000045], [-73.19548287099997, 44.47396690800008], [-73.19556540199994, 44.47400409100004], [-73.19544524599996, 44.474139111000056], [-73.19512989599997, 44.47450719600005], [-73.19505545399994, 44.47458906700007], [-73.19485288499999, 44.474498477000054], [-73.19456709399998, 44.47436634700006], [-73.19427829899996, 44.47423761200008], [-73.19409626299995, 44.47415603500008], [-73.19392980899994, 44.47408044300005], [-73.19376181099994, 44.474006624000026], [-73.19372044599999, 44.473697799000036], [-73.19322312799994, 44.471071005000056], [-73.19291357299994, 44.46943919700004], [-73.19286756199995, 44.46920169300006], [-73.19242274499999, 44.466790280000055], [-73.19317444799998, 44.46675914400004], [-73.19531727299994, 44.466669343000035], [-73.19577379299994, 44.46665081400005], [-73.19835221499994, 44.46653425400007], [-73.19820159199998, 44.46582477800007], [-73.19905319099996, 44.465790070000025], [-73.19906879899997, 44.466487588000064], [-73.19991901399999, 44.466854210000065], [-73.20080891999999, 44.46697956700007], [-73.20075936399996, 44.46713667800003], [-73.20000782599993, 44.46701740300006], [-73.19993749799994, 44.46724493000005], [-73.19986520199996, 44.467472188000045], [-73.19979367999997, 44.46769845700004], [-73.19972138599996, 44.467925997000066], [-73.20047295599994, 44.468047101000025], [-73.20023342999997, 44.46880607300005], [-73.20025454099994, 44.469159313000034], [-73.20026134299997, 44.46931200900008], [-73.20030379699995, 44.470191138000075], [-73.20033591899994, 44.47090668100003], [-73.20036649999997, 44.47159171900006], [-73.19982306899993, 44.47160405000005], [-73.19977830499994, 44.47160488600008], [-73.19949480899999, 44.47161126300006], [-73.19944572699995, 44.471612408000055], [-73.19920974299998, 44.47161764900005], [-73.19892938899994, 44.47162400600007], [-73.19864510799994, 44.471630385000026], [-73.19836318399996, 44.47163689000007], [-73.19808047399994, 44.471643259000075], [-73.19781071999995, 44.47164926600004], [-73.19782347899996, 44.47189597100004], [-73.19781698999998, 44.471977708000054], [-73.19781220899995, 44.47210387200005], [-73.19779632099994, 44.47241852800005], [-73.19779462599996, 44.47244103700007], [-73.19779319699995, 44.47245299800005], [-73.19774518099996, 44.472675466000055], [-73.19774221299997, 44.47269010800005], [-73.19770157699998, 44.47287259600006], [-73.19767289299995, 44.47300354500004], [-73.19766360099999, 44.47304775500004], [-73.19763348699996, 44.473190524000074], [-73.19758624799994, 44.47341228400006], [-73.19753977099998, 44.47363221100005], [-73.19753064299994, 44.47369020100007], [-73.19742753099996, 44.47380487100003], [-73.19732286999994, 44.47392137800006], [-73.19722092499995, 44.474035197000035], [-73.19711626299994, 44.474151704000064], [-73.19701431499993, 44.47426524200006], [-73.19690887799999, 44.47438273700004], [-73.19680731999995, 44.47449613100008], [-73.19670342999996, 44.47461164900005], [-73.19659837899997, 44.47472872000003], [-73.19656425199997, 44.474766732000035], [-73.19649720499996, 44.47484140900008], [-73.19639370699997, 44.47495706500007], [-73.19624136199997, 44.475126733000025], [-73.19617541299993, 44.475096903000065], [-73.19658309899995, 44.47463291300005], [-73.19626717799997, 44.47449014400007], [-73.19696695099998, 44.473684924000054], [-73.19724578199998, 44.473351929000046], [-73.19717884599999, 44.47314014700004], [-73.19701245999994, 44.47255858700004], [-73.19684438299998, 44.47199967700004], [-73.19676084399998, 44.47187771000006]], [[-73.19777146399997, 44.47082689800004], [-73.19776918199994, 44.470569443000045], [-73.19719886099995, 44.470598659000075], [-73.19720941599996, 44.470858314000054], [-73.19700688199998, 44.470868970000026], [-73.19703146199998, 44.47141624200003], [-73.19779410599995, 44.471375728000055], [-73.19779512799994, 44.47136250300008], [-73.19777146399997, 44.47082689800004]]]]}}, {"type": "Feature", "properties": {"OBJECTID": 278037, "SPAN": "114-035-18260", "GLIST_SPAN": "114-035-19095", "MAPID": "050-4-098-000", "PARCID": "054-3-001.332", "PROPTYPE": "PARCEL", "YEAR": 2018, "GLYEAR": 2022, "TOWN": "BURLINGTON", "TNAME": "Burlington", "SOURCENAME": null, "SOURCETYPE": "UNKNOWN", "SOURCEDATE": "UNKNOWN", "EDITMETHOD": "UNKNOWN", "EDITOR": "UNKNOWN", "EDITDATE": "UNKNOWN", "MATCHSTAT": "MATCH", "EDITNOTE": "UNKNOWN", "OWNER1": "UNIVERSITY OF VERMONT", "OWNER2": "STATE AGRICULTURAL COLLEGE", "ADDRGL1": "UVM PLANNING DESIGN & CONSTRUCTION", "ADDRGL2": "31 SPEAR ST MARSH HALL SUITE 10", "CITYGL": "BURLINGTON", "STGL": "VT", "ZIPGL": "05405", "DESCPROP": "COOLIDGE HALL  HEAT FROM MAIN PLANT", "LOCAPROP": "N", "CAT": "Commercial Apt", "RESCODE": "C", "ACRESGL": 0.0, "REAL_FLV": 3151300, "HSTED_FLV": 0, "NRES_FLV": 3151300, "LAND_LV": 7500, "IMPRV_LV": 3143800, "EQUIPVAL": 0, "EQUIPCODE": "", "INVENVAL": 0, "HSDECL": "N", "HSITEVAL": 0, "VETEXAMT": 0, "EXPDESC": "Statutory", "ENDDATE": "", "STATUTE": "", "EXAMT_HS": 0, "EXAMT_NR": 0, "UVREDUC_HS": 0, "UVREDUC_NR": 0, "GLVAL_HS": 0.0, "GLVAL_NR": 0.0, "CRHOUSPCT": 0.0, "MUNGL1PCT": 0.0, "AOEGL_HS": 0.0, "AOEGL_NR": 0.0, "E911ADDR": "402 SOUTH PROSPECT ST", "SHAPE_Length": 0.04618935916371837, "SHAPE_Area": 4.234595439923701e-05}, "geometry": {"type": "MultiPolygon", "coordinates": [[[[-73.19676084399998, 44.47187771000006], [-73.19607621699998, 44.47091570600003], [-73.19597166699998, 44.47077699300007], [-73.19582985899996, 44.47084099400007], [-73.19551699199997, 44.47095342400007], [-73.19452680899997, 44.47131352300005], [-73.19507914099995, 44.47264686500006], [-73.19515934899994, 44.47267364500004], [-73.19523537999999, 44.472706075000076], [-73.19530646199996, 44.472743828000034], [-73.19537186799994, 44.47278651500005], [-73.19543093499993, 44.47283370400004], [-73.19548305999996, 44.472884915000066], [-73.19552771399998, 44.47293962600003], [-73.19556443999994, 44.47299728100006], [-73.19585080399997, 44.47309945200004], [-73.19609396899995, 44.47320202600008], [-73.19554781699998, 44.473879330000045], [-73.19548287099997, 44.47396690800008], [-73.19556540199994, 44.47400409100004], [-73.19544524599996, 44.474139111000056], [-73.19512989599997, 44.47450719600005], [-73.19505545399994, 44.47458906700007], [-73.19485288499999, 44.474498477000054], [-73.19456709399998, 44.47436634700006], [-73.19427829899996, 44.47423761200008], [-73.19409626299995, 44.47415603500008], [-73.19392980899994, 44.47408044300005], [-73.19376181099994, 44.474006624000026], [-73.19372044599999, 44.473697799000036], [-73.19322312799994, 44.471071005000056], [-73.19291357299994, 44.46943919700004], [-73.19286756199995, 44.46920169300006], [-73.19242274499999, 44.466790280000055], [-73.19317444799998, 44.46675914400004], [-73.19531727299994, 44.466669343000035], [-73.19577379299994, 44.46665081400005], [-73.19835221499994, 44.46653425400007], [-73.19820159199998, 44.46582477800007], [-73.19905319099996, 44.465790070000025], [-73.19906879899997, 44.466487588000064], [-73.19991901399999, 44.466854210000065], [-73.20080891999999, 44.46697956700007], [-73.20075936399996, 44.46713667800003], [-73.20000782599993, 44.46701740300006], [-73.19993749799994, 44.46724493000005], [-73.19986520199996, 44.467472188000045], [-73.19979367999997, 44.46769845700004], [-73.19972138599996, 44.467925997000066], [-73.20047295599994, 44.468047101000025], [-73.20023342999997, 44.46880607300005], [-73.20025454099994, 44.469159313000034], [-73.20026134299997, 44.46931200900008], [-73.20030379699995, 44.470191138000075], [-73.20033591899994, 44.47090668100003], [-73.20036649999997, 44.47159171900006], [-73.19982306899993, 44.47160405000005], [-73.19977830499994, 44.47160488600008], [-73.19949480899999, 44.47161126300006], [-73.19944572699995, 44.471612408000055], [-73.19920974299998, 44.47161764900005], [-73.19892938899994, 44.47162400600007], [-73.19864510799994, 44.471630385000026], [-73.19836318399996, 44.47163689000007], [-73.19808047399994, 44.471643259000075], [-73.19781071999995, 44.47164926600004], [-73.19782347899996, 44.47189597100004], [-73.19781698999998, 44.471977708000054], [-73.19781220899995, 44.47210387200005], [-73.19779632099994, 44.47241852800005], [-73.19779462599996, 44.47244103700007], [-73.19779319699995, 44.47245299800005], [-73.19774518099996, 44.472675466000055], [-73.19774221299997, 44.47269010800005], [-73.19770157699998, 44.47287259600006], [-73.19767289299995, 44.47300354500004], [-73.19766360099999, 44.47304775500004], [-73.19763348699996, 44.473190524000074], [-73.19758624799994, 44.47341228400006], [-73.19753977099998, 44.47363221100005], [-73.19753064299994, 44.47369020100007], [-73.19742753099996, 44.47380487100003], [-73.19732286999994, 44.47392137800006], [-73.19722092499995, 44.474035197000035], [-73.19711626299994, 44.474151704000064], [-73.19701431499993, 44.47426524200006], [-73.19690887799999, 44.47438273700004], [-73.19680731999995, 44.47449613100008], [-73.19670342999996, 44.47461164900005], [-73.19659837899997, 44.47472872000003], [-73.19656425199997, 44.474766732000035], [-73.19649720499996, 44.47484140900008], [-73.19639370699997, 44.47495706500007], [-73.19624136199997, 44.475126733000025], [-73.19617541299993, 44.475096903000065], [-73.19658309899995, 44.47463291300005], [-73.19626717799997, 44.47449014400007], [-73.19696695099998, 44.473684924000054], [-73.19724578199998, 44.473351929000046], [-73.19717884599999, 44.47314014700004], [-73.19701245999994, 44.47255858700004], [-73.19684438299998, 44.47199967700004], [-73.19676084399998, 44.47187771000006]], [[-73.19777146399997, 44.47082689800004], [-73.19776918199994, 44.470569443000045], [-73.19719886099995, 44.470598659000075], [-73.19720941599996, 44.470858314000054], [-73.19700688199998, 44.470868970000026], [-73.19703146199998, 44.47141624200003], [-73.19779410599995, 44.471375728000055], [-73.19779512799994, 44.47136250300008], [-73.19777146399997, 44.47082689800004]]]]}}, {"type": "Feature", "properties": {"OBJECTID": 278041, "SPAN": "114-035-18260", "GLIST_SPAN": "114-035-19096", "MAPID": "050-4-098-000", "PARCID": "054-3-001.352", "PROPTYPE": "PARCEL", "YEAR": 2018, "GLYEAR": 2022, "TOWN": "BURLINGTON", "TNAME": "Burlington", "SOURCENAME": null, "SOURCETYPE": "UNKNOWN", "SOURCEDATE": "UNKNOWN", "EDITMETHOD": "UNKNOWN", "EDITOR": "UNKNOWN", "EDITDATE": "UNKNOWN", "MATCHSTAT": "MATCH", "EDITNOTE": "UNKNOWN", "OWNER1": "UNIVERSITY OF VERMONT", "OWNER2": "STATE AGRICULTURAL COLLEGE", "ADDRGL1": "UVM PLANNING DESIGN & CONSTRUCTION", "ADDRGL2": "31 SPEAR ST MARSH HALL SUITE 10", "CITYGL": "BURLINGTON", "STGL": "VT", "ZIPGL": "05405", "DESCPROP": "MASON/SIMPSON/HAMILTON DORMS  MASON HALL", "LOCAPROP": "N", "CAT": "Commercial Apt", "RESCODE": "C", "ACRESGL": 0.0, "REAL_FLV": 14028800, "HSTED_FLV": 0, "NRES_FLV": 14028800, "LAND_LV": 116600, "IMPRV_LV": 13912200, "EQUIPVAL": 0, "EQUIPCODE": "", "INVENVAL": 0, "HSDECL": "N", "HSITEVAL": 0, "VETEXAMT": 0, "EXPDESC": "Statutory", "ENDDATE": "", "STATUTE": "", "EXAMT_HS": 0, "EXAMT_NR": 0, "UVREDUC_HS": 0, "UVREDUC_NR": 0, "GLVAL_HS": 0.0, "GLVAL_NR": 0.0, "CRHOUSPCT": 0.0, "MUNGL1PCT": 0.0, "AOEGL_HS": 0.0, "AOEGL_NR": 0.0, "E911ADDR": "438 SOUTH PROSPECT ST", "SHAPE_Length": 0.04618935916371837, "SHAPE_Area": 4.234595439923701e-05}, "geometry": {"type": "MultiPolygon", "coordinates": [[[[-73.19676084399998, 44.47187771000006], [-73.19607621699998, 44.47091570600003], [-73.19597166699998, 44.47077699300007], [-73.19582985899996, 44.47084099400007], [-73.19551699199997, 44.47095342400007], [-73.19452680899997, 44.47131352300005], [-73.19507914099995, 44.47264686500006], [-73.19515934899994, 44.47267364500004], [-73.19523537999999, 44.472706075000076], [-73.19530646199996, 44.472743828000034], [-73.19537186799994, 44.47278651500005], [-73.19543093499993, 44.47283370400004], [-73.19548305999996, 44.472884915000066], [-73.19552771399998, 44.47293962600003], [-73.19556443999994, 44.47299728100006], [-73.19585080399997, 44.47309945200004], [-73.19609396899995, 44.47320202600008], [-73.19554781699998, 44.473879330000045], [-73.19548287099997, 44.47396690800008], [-73.19556540199994, 44.47400409100004], [-73.19544524599996, 44.474139111000056], [-73.19512989599997, 44.47450719600005], [-73.19505545399994, 44.47458906700007], [-73.19485288499999, 44.474498477000054], [-73.19456709399998, 44.47436634700006], [-73.19427829899996, 44.47423761200008], [-73.19409626299995, 44.47415603500008], [-73.19392980899994, 44.47408044300005], [-73.19376181099994, 44.474006624000026], [-73.19372044599999, 44.473697799000036], [-73.19322312799994, 44.471071005000056], [-73.19291357299994, 44.46943919700004], [-73.19286756199995, 44.46920169300006], [-73.19242274499999, 44.466790280000055], [-73.19317444799998, 44.46675914400004], [-73.19531727299994, 44.466669343000035], [-73.19577379299994, 44.46665081400005], [-73.19835221499994, 44.46653425400007], [-73.19820159199998, 44.46582477800007], [-73.19905319099996, 44.465790070000025], [-73.19906879899997, 44.466487588000064], [-73.19991901399999, 44.466854210000065], [-73.20080891999999, 44.46697956700007], [-73.20075936399996, 44.46713667800003], [-73.20000782599993, 44.46701740300006], [-73.19993749799994, 44.46724493000005], [-73.19986520199996, 44.467472188000045], [-73.19979367999997, 44.46769845700004], [-73.19972138599996, 44.467925997000066], [-73.20047295599994, 44.468047101000025], [-73.20023342999997, 44.46880607300005], [-73.20025454099994, 44.469159313000034], [-73.20026134299997, 44.46931200900008], [-73.20030379699995, 44.470191138000075], [-73.20033591899994, 44.47090668100003], [-73.20036649999997, 44.47159171900006], [-73.19982306899993, 44.47160405000005], [-73.19977830499994, 44.47160488600008], [-73.19949480899999, 44.47161126300006], [-73.19944572699995, 44.471612408000055], [-73.19920974299998, 44.47161764900005], [-73.19892938899994, 44.47162400600007], [-73.19864510799994, 44.471630385000026], [-73.19836318399996, 44.47163689000007], [-73.19808047399994, 44.471643259000075], [-73.19781071999995, 44.47164926600004], [-73.19782347899996, 44.47189597100004], [-73.19781698999998, 44.471977708000054], [-73.19781220899995, 44.47210387200005], [-73.19779632099994, 44.47241852800005], [-73.19779462599996, 44.47244103700007], [-73.19779319699995, 44.47245299800005], [-73.19774518099996, 44.472675466000055], [-73.19774221299997, 44.47269010800005], [-73.19770157699998, 44.47287259600006], [-73.19767289299995, 44.47300354500004], [-73.19766360099999, 44.47304775500004], [-73.19763348699996, 44.473190524000074], [-73.19758624799994, 44.47341228400006], [-73.19753977099998, 44.47363221100005], [-73.19753064299994, 44.47369020100007], [-73.19742753099996, 44.47380487100003], [-73.19732286999994, 44.47392137800006], [-73.19722092499995, 44.474035197000035], [-73.19711626299994, 44.474151704000064], [-73.19701431499993, 44.47426524200006], [-73.19690887799999, 44.47438273700004], [-73.19680731999995, 44.47449613100008], [-73.19670342999996, 44.47461164900005], [-73.19659837899997, 44.47472872000003], [-73.19656425199997, 44.474766732000035], [-73.19649720499996, 44.47484140900008], [-73.19639370699997, 44.47495706500007], [-73.19624136199997, 44.475126733000025], [-73.19617541299993, 44.475096903000065], [-73.19658309899995, 44.47463291300005], [-73.19626717799997, 44.47449014400007], [-73.19696695099998, 44.473684924000054], [-73.19724578199998, 44.473351929000046], [-73.19717884599999, 44.47314014700004], [-73.19701245999994, 44.47255858700004], [-73.19684438299998, 44.47199967700004], [-73.19676084399998, 44.47187771000006]], [[-73.19777146399997, 44.47082689800004], [-73.19776918199994, 44.470569443000045], [-73.19719886099995, 44.470598659000075], [-73.19720941599996, 44.470858314000054], [-73.19700688199998, 44.470868970000026], [-73.19703146199998, 44.47141624200003], [-73.19779410599995, 44.471375728000055], [-73.19779512799994, 44.47136250300008], [-73.19777146399997, 44.47082689800004]]]]}}, {"type": "Feature", "properties": {"OBJECTID": 278044, "SPAN": "114-035-18260", "GLIST_SPAN": "114-035-19097", "MAPID": "050-4-098-000", "PARCID": "054-3-001.360", "PROPTYPE": "PARCEL", "YEAR": 2018, "GLYEAR": 2022, "TOWN": "BURLINGTON", "TNAME": "Burlington", "SOURCENAME": null, "SOURCETYPE": "UNKNOWN", "SOURCEDATE": "UNKNOWN", "EDITMETHOD": "UNKNOWN", "EDITOR": "UNKNOWN", "EDITDATE": "UNKNOWN", "MATCHSTAT": "MATCH", "EDITNOTE": "UNKNOWN", "OWNER1": "UNIVERSITY OF VERMONT", "OWNER2": "STATE AGRICULTURAL COLLEGE", "ADDRGL1": "UVM PLANNING DESIGN & CONSTRUCTION", "ADDRGL2": "31 SPEAR ST MARSH HALL SUITE 10", "CITYGL": "BURLINGTON", "STGL": "VT", "ZIPGL": "05405", "DESCPROP": "REDSTONE HALL", "LOCAPROP": "N", "CAT": "Commercial Apt", "RESCODE": "C", "ACRESGL": 0.0, "REAL_FLV": 2248400, "HSTED_FLV": 0, "NRES_FLV": 2248400, "LAND_LV": 0, "IMPRV_LV": 2248400, "EQUIPVAL": 0, "EQUIPCODE": "", "INVENVAL": 0, "HSDECL": "N", "HSITEVAL": 0, "VETEXAMT": 0, "EXPDESC": "Statutory", "ENDDATE": "", "STATUTE": "", "EXAMT_HS": 0, "EXAMT_NR": 0, "UVREDUC_HS": 0, "UVREDUC_NR": 0, "GLVAL_HS": 0.0, "GLVAL_NR": 0.0, "CRHOUSPCT": 0.0, "MUNGL1PCT": 0.0, "AOEGL_HS": 0.0, "AOEGL_NR": 0.0, "E911ADDR": "376 SOUTH PROSPECT ST", "SHAPE_Length": 0.04618935916371837, "SHAPE_Area": 4.234595439923701e-05}, "geometry": {"type": "MultiPolygon", "coordinates": [[[[-73.19676084399998, 44.47187771000006], [-73.19607621699998, 44.47091570600003], [-73.19597166699998, 44.47077699300007], [-73.19582985899996, 44.47084099400007], [-73.19551699199997, 44.47095342400007], [-73.19452680899997, 44.47131352300005], [-73.19507914099995, 44.47264686500006], [-73.19515934899994, 44.47267364500004], [-73.19523537999999, 44.472706075000076], [-73.19530646199996, 44.472743828000034], [-73.19537186799994, 44.47278651500005], [-73.19543093499993, 44.47283370400004], [-73.19548305999996, 44.472884915000066], [-73.19552771399998, 44.47293962600003], [-73.19556443999994, 44.47299728100006], [-73.19585080399997, 44.47309945200004], [-73.19609396899995, 44.47320202600008], [-73.19554781699998, 44.473879330000045], [-73.19548287099997, 44.47396690800008], [-73.19556540199994, 44.47400409100004], [-73.19544524599996, 44.474139111000056], [-73.19512989599997, 44.47450719600005], [-73.19505545399994, 44.47458906700007], [-73.19485288499999, 44.474498477000054], [-73.19456709399998, 44.47436634700006], [-73.19427829899996, 44.47423761200008], [-73.19409626299995, 44.47415603500008], [-73.19392980899994, 44.47408044300005], [-73.19376181099994, 44.474006624000026], [-73.19372044599999, 44.473697799000036], [-73.19322312799994, 44.471071005000056], [-73.19291357299994, 44.46943919700004], [-73.19286756199995, 44.46920169300006], [-73.19242274499999, 44.466790280000055], [-73.19317444799998, 44.46675914400004], [-73.19531727299994, 44.466669343000035], [-73.19577379299994, 44.46665081400005], [-73.19835221499994, 44.46653425400007], [-73.19820159199998, 44.46582477800007], [-73.19905319099996, 44.465790070000025], [-73.19906879899997, 44.466487588000064], [-73.19991901399999, 44.466854210000065], [-73.20080891999999, 44.46697956700007], [-73.20075936399996, 44.46713667800003], [-73.20000782599993, 44.46701740300006], [-73.19993749799994, 44.46724493000005], [-73.19986520199996, 44.467472188000045], [-73.19979367999997, 44.46769845700004], [-73.19972138599996, 44.467925997000066], [-73.20047295599994, 44.468047101000025], [-73.20023342999997, 44.46880607300005], [-73.20025454099994, 44.469159313000034], [-73.20026134299997, 44.46931200900008], [-73.20030379699995, 44.470191138000075], [-73.20033591899994, 44.47090668100003], [-73.20036649999997, 44.47159171900006], [-73.19982306899993, 44.47160405000005], [-73.19977830499994, 44.47160488600008], [-73.19949480899999, 44.47161126300006], [-73.19944572699995, 44.471612408000055], [-73.19920974299998, 44.47161764900005], [-73.19892938899994, 44.47162400600007], [-73.19864510799994, 44.471630385000026], [-73.19836318399996, 44.47163689000007], [-73.19808047399994, 44.471643259000075], [-73.19781071999995, 44.47164926600004], [-73.19782347899996, 44.47189597100004], [-73.19781698999998, 44.471977708000054], [-73.19781220899995, 44.47210387200005], [-73.19779632099994, 44.47241852800005], [-73.19779462599996, 44.47244103700007], [-73.19779319699995, 44.47245299800005], [-73.19774518099996, 44.472675466000055], [-73.19774221299997, 44.47269010800005], [-73.19770157699998, 44.47287259600006], [-73.19767289299995, 44.47300354500004], [-73.19766360099999, 44.47304775500004], [-73.19763348699996, 44.473190524000074], [-73.19758624799994, 44.47341228400006], [-73.19753977099998, 44.47363221100005], [-73.19753064299994, 44.47369020100007], [-73.19742753099996, 44.47380487100003], [-73.19732286999994, 44.47392137800006], [-73.19722092499995, 44.474035197000035], [-73.19711626299994, 44.474151704000064], [-73.19701431499993, 44.47426524200006], [-73.19690887799999, 44.47438273700004], [-73.19680731999995, 44.47449613100008], [-73.19670342999996, 44.47461164900005], [-73.19659837899997, 44.47472872000003], [-73.19656425199997, 44.474766732000035], [-73.19649720499996, 44.47484140900008], [-73.19639370699997, 44.47495706500007], [-73.19624136199997, 44.475126733000025], [-73.19617541299993, 44.475096903000065], [-73.19658309899995, 44.47463291300005], [-73.19626717799997, 44.47449014400007], [-73.19696695099998, 44.473684924000054], [-73.19724578199998, 44.473351929000046], [-73.19717884599999, 44.47314014700004], [-73.19701245999994, 44.47255858700004], [-73.19684438299998, 44.47199967700004], [-73.19676084399998, 44.47187771000006]], [[-73.19777146399997, 44.47082689800004], [-73.19776918199994, 44.470569443000045], [-73.19719886099995, 44.470598659000075], [-73.19720941599996, 44.470858314000054], [-73.19700688199998, 44.470868970000026], [-73.19703146199998, 44.47141624200003], [-73.19779410599995, 44.471375728000055], [-73.19779512799994, 44.47136250300008], [-73.19777146399997, 44.47082689800004]]]]}}, {"type": "Feature", "properties": {"OBJECTID": 278047, "SPAN": "114-035-18260", "GLIST_SPAN": "114-035-19098", "MAPID": "050-4-098-000", "PARCID": "054-3-001.364", "PROPTYPE": "PARCEL", "YEAR": 2018, "GLYEAR": 2022, "TOWN": "BURLINGTON", "TNAME": "Burlington", "SOURCENAME": null, "SOURCETYPE": "UNKNOWN", "SOURCEDATE": "UNKNOWN", "EDITMETHOD": "UNKNOWN", "EDITOR": "UNKNOWN", "EDITDATE": "UNKNOWN", "MATCHSTAT": "MATCH", "EDITNOTE": "UNKNOWN", "OWNER1": "UNIVERSITY OF VERMONT", "OWNER2": "STATE AGRICULTURAL COLLEGE", "ADDRGL1": "UVM PLANNING DESIGN & CONSTRUCTION", "ADDRGL2": "31 SPEAR ST MARSH HALL SUITE 10", "CITYGL": "BURLINGTON", "STGL": "VT", "ZIPGL": "05405", "DESCPROP": "ROBINSON HALL  HEAT FROM CENTRAL PLANT", "LOCAPROP": "N", "CAT": "Commercial", "RESCODE": "C", "ACRESGL": 0.0, "REAL_FLV": 1840800, "HSTED_FLV": 0, "NRES_FLV": 1840800, "LAND_LV": 4800, "IMPRV_LV": 1836000, "EQUIPVAL": 0, "EQUIPCODE": "", "INVENVAL": 0, "HSDECL": "N", "HSITEVAL": 0, "VETEXAMT": 0, "EXPDESC": "Statutory", "ENDDATE": "", "STATUTE": "", "EXAMT_HS": 0, "EXAMT_NR": 0, "UVREDUC_HS": 0, "UVREDUC_NR": 0, "GLVAL_HS": 0.0, "GLVAL_NR": 0.0, "CRHOUSPCT": 0.0, "MUNGL1PCT": 0.0, "AOEGL_HS": 0.0, "AOEGL_NR": 0.0, "E911ADDR": "406 SOUTH PROSPECT ST", "SHAPE_Length": 0.04618935916371837, "SHAPE_Area": 4.234595439923701e-05}, "geometry": {"type": "MultiPolygon", "coordinates": [[[[-73.19676084399998, 44.47187771000006], [-73.19607621699998, 44.47091570600003], [-73.19597166699998, 44.47077699300007], [-73.19582985899996, 44.47084099400007], [-73.19551699199997, 44.47095342400007], [-73.19452680899997, 44.47131352300005], [-73.19507914099995, 44.47264686500006], [-73.19515934899994, 44.47267364500004], [-73.19523537999999, 44.472706075000076], [-73.19530646199996, 44.472743828000034], [-73.19537186799994, 44.47278651500005], [-73.19543093499993, 44.47283370400004], [-73.19548305999996, 44.472884915000066], [-73.19552771399998, 44.47293962600003], [-73.19556443999994, 44.47299728100006], [-73.19585080399997, 44.47309945200004], [-73.19609396899995, 44.47320202600008], [-73.19554781699998, 44.473879330000045], [-73.19548287099997, 44.47396690800008], [-73.19556540199994, 44.47400409100004], [-73.19544524599996, 44.474139111000056], [-73.19512989599997, 44.47450719600005], [-73.19505545399994, 44.47458906700007], [-73.19485288499999, 44.474498477000054], [-73.19456709399998, 44.47436634700006], [-73.19427829899996, 44.47423761200008], [-73.19409626299995, 44.47415603500008], [-73.19392980899994, 44.47408044300005], [-73.19376181099994, 44.474006624000026], [-73.19372044599999, 44.473697799000036], [-73.19322312799994, 44.471071005000056], [-73.19291357299994, 44.46943919700004], [-73.19286756199995, 44.46920169300006], [-73.19242274499999, 44.466790280000055], [-73.19317444799998, 44.46675914400004], [-73.19531727299994, 44.466669343000035], [-73.19577379299994, 44.46665081400005], [-73.19835221499994, 44.46653425400007], [-73.19820159199998, 44.46582477800007], [-73.19905319099996, 44.465790070000025], [-73.19906879899997, 44.466487588000064], [-73.19991901399999, 44.466854210000065], [-73.20080891999999, 44.46697956700007], [-73.20075936399996, 44.46713667800003], [-73.20000782599993, 44.46701740300006], [-73.19993749799994, 44.46724493000005], [-73.19986520199996, 44.467472188000045], [-73.19979367999997, 44.46769845700004], [-73.19972138599996, 44.467925997000066], [-73.20047295599994, 44.468047101000025], [-73.20023342999997, 44.46880607300005], [-73.20025454099994, 44.469159313000034], [-73.20026134299997, 44.46931200900008], [-73.20030379699995, 44.470191138000075], [-73.20033591899994, 44.47090668100003], [-73.20036649999997, 44.47159171900006], [-73.19982306899993, 44.47160405000005], [-73.19977830499994, 44.47160488600008], [-73.19949480899999, 44.47161126300006], [-73.19944572699995, 44.471612408000055], [-73.19920974299998, 44.47161764900005], [-73.19892938899994, 44.47162400600007], [-73.19864510799994, 44.471630385000026], [-73.19836318399996, 44.47163689000007], [-73.19808047399994, 44.471643259000075], [-73.19781071999995, 44.47164926600004], [-73.19782347899996, 44.47189597100004], [-73.19781698999998, 44.471977708000054], [-73.19781220899995, 44.47210387200005], [-73.19779632099994, 44.47241852800005], [-73.19779462599996, 44.47244103700007], [-73.19779319699995, 44.47245299800005], [-73.19774518099996, 44.472675466000055], [-73.19774221299997, 44.47269010800005], [-73.19770157699998, 44.47287259600006], [-73.19767289299995, 44.47300354500004], [-73.19766360099999, 44.47304775500004], [-73.19763348699996, 44.473190524000074], [-73.19758624799994, 44.47341228400006], [-73.19753977099998, 44.47363221100005], [-73.19753064299994, 44.47369020100007], [-73.19742753099996, 44.47380487100003], [-73.19732286999994, 44.47392137800006], [-73.19722092499995, 44.474035197000035], [-73.19711626299994, 44.474151704000064], [-73.19701431499993, 44.47426524200006], [-73.19690887799999, 44.47438273700004], [-73.19680731999995, 44.47449613100008], [-73.19670342999996, 44.47461164900005], [-73.19659837899997, 44.47472872000003], [-73.19656425199997, 44.474766732000035], [-73.19649720499996, 44.47484140900008], [-73.19639370699997, 44.47495706500007], [-73.19624136199997, 44.475126733000025], [-73.19617541299993, 44.475096903000065], [-73.19658309899995, 44.47463291300005], [-73.19626717799997, 44.47449014400007], [-73.19696695099998, 44.473684924000054], [-73.19724578199998, 44.473351929000046], [-73.19717884599999, 44.47314014700004], [-73.19701245999994, 44.47255858700004], [-73.19684438299998, 44.47199967700004], [-73.19676084399998, 44.47187771000006]], [[-73.19777146399997, 44.47082689800004], [-73.19776918199994, 44.470569443000045], [-73.19719886099995, 44.470598659000075], [-73.19720941599996, 44.470858314000054], [-73.19700688199998, 44.470868970000026], [-73.19703146199998, 44.47141624200003], [-73.19779410599995, 44.471375728000055], [-73.19779512799994, 44.47136250300008], [-73.19777146399997, 44.47082689800004]]]]}}, {"type": "Feature", "properties": {"OBJECTID": 278050, "SPAN": "114-035-18260", "GLIST_SPAN": "114-035-19099", "MAPID": "050-4-098-000", "PARCID": "054-3-001.368", "PROPTYPE": "PARCEL", "YEAR": 2018, "GLYEAR": 2022, "TOWN": "BURLINGTON", "TNAME": "Burlington", "SOURCENAME": null, "SOURCETYPE": "UNKNOWN", "SOURCEDATE": "UNKNOWN", "EDITMETHOD": "UNKNOWN", "EDITOR": "UNKNOWN", "EDITDATE": "UNKNOWN", "MATCHSTAT": "MATCH", "EDITNOTE": "UNKNOWN", "OWNER1": "UNIVERSITY OF VERMONT", "OWNER2": "STATE AGRICULTURAL COLLEGE", "ADDRGL1": "UVM PLANNING DESIGN & CONSTRUCTION", "ADDRGL2": "31 SPEAR ST MARSH HALL SUITE 10", "CITYGL": "BURLINGTON", "STGL": "VT", "ZIPGL": "05405", "DESCPROP": "SLADE HALL  HEAT FROM CENTRAL PLANT", "LOCAPROP": "N", "CAT": "Commercial Apt", "RESCODE": "C", "ACRESGL": 0.0, "REAL_FLV": 927900, "HSTED_FLV": 0, "NRES_FLV": 927900, "LAND_LV": 9600, "IMPRV_LV": 918300, "EQUIPVAL": 0, "EQUIPCODE": "", "INVENVAL": 0, "HSDECL": "N", "HSITEVAL": 0, "VETEXAMT": 0, "EXPDESC": "Statutory", "ENDDATE": "", "STATUTE": "", "EXAMT_HS": 0, "EXAMT_NR": 0, "UVREDUC_HS": 0, "UVREDUC_NR": 0, "GLVAL_HS": 0.0, "GLVAL_NR": 0.0, "CRHOUSPCT": 0.0, "MUNGL1PCT": 0.0, "AOEGL_HS": 0.0, "AOEGL_NR": 0.0, "E911ADDR": "420 SOUTH PROSPECT ST", "SHAPE_Length": 0.04618935916371837, "SHAPE_Area": 4.234595439923701e-05}, "geometry": {"type": "MultiPolygon", "coordinates": [[[[-73.19676084399998, 44.47187771000006], [-73.19607621699998, 44.47091570600003], [-73.19597166699998, 44.47077699300007], [-73.19582985899996, 44.47084099400007], [-73.19551699199997, 44.47095342400007], [-73.19452680899997, 44.47131352300005], [-73.19507914099995, 44.47264686500006], [-73.19515934899994, 44.47267364500004], [-73.19523537999999, 44.472706075000076], [-73.19530646199996, 44.472743828000034], [-73.19537186799994, 44.47278651500005], [-73.19543093499993, 44.47283370400004], [-73.19548305999996, 44.472884915000066], [-73.19552771399998, 44.47293962600003], [-73.19556443999994, 44.47299728100006], [-73.19585080399997, 44.47309945200004], [-73.19609396899995, 44.47320202600008], [-73.19554781699998, 44.473879330000045], [-73.19548287099997, 44.47396690800008], [-73.19556540199994, 44.47400409100004], [-73.19544524599996, 44.474139111000056], [-73.19512989599997, 44.47450719600005], [-73.19505545399994, 44.47458906700007], [-73.19485288499999, 44.474498477000054], [-73.19456709399998, 44.47436634700006], [-73.19427829899996, 44.47423761200008], [-73.19409626299995, 44.47415603500008], [-73.19392980899994, 44.47408044300005], [-73.19376181099994, 44.474006624000026], [-73.19372044599999, 44.473697799000036], [-73.19322312799994, 44.471071005000056], [-73.19291357299994, 44.46943919700004], [-73.19286756199995, 44.46920169300006], [-73.19242274499999, 44.466790280000055], [-73.19317444799998, 44.46675914400004], [-73.19531727299994, 44.466669343000035], [-73.19577379299994, 44.46665081400005], [-73.19835221499994, 44.46653425400007], [-73.19820159199998, 44.46582477800007], [-73.19905319099996, 44.465790070000025], [-73.19906879899997, 44.466487588000064], [-73.19991901399999, 44.466854210000065], [-73.20080891999999, 44.46697956700007], [-73.20075936399996, 44.46713667800003], [-73.20000782599993, 44.46701740300006], [-73.19993749799994, 44.46724493000005], [-73.19986520199996, 44.467472188000045], [-73.19979367999997, 44.46769845700004], [-73.19972138599996, 44.467925997000066], [-73.20047295599994, 44.468047101000025], [-73.20023342999997, 44.46880607300005], [-73.20025454099994, 44.469159313000034], [-73.20026134299997, 44.46931200900008], [-73.20030379699995, 44.470191138000075], [-73.20033591899994, 44.47090668100003], [-73.20036649999997, 44.47159171900006], [-73.19982306899993, 44.47160405000005], [-73.19977830499994, 44.47160488600008], [-73.19949480899999, 44.47161126300006], [-73.19944572699995, 44.471612408000055], [-73.19920974299998, 44.47161764900005], [-73.19892938899994, 44.47162400600007], [-73.19864510799994, 44.471630385000026], [-73.19836318399996, 44.47163689000007], [-73.19808047399994, 44.471643259000075], [-73.19781071999995, 44.47164926600004], [-73.19782347899996, 44.47189597100004], [-73.19781698999998, 44.471977708000054], [-73.19781220899995, 44.47210387200005], [-73.19779632099994, 44.47241852800005], [-73.19779462599996, 44.47244103700007], [-73.19779319699995, 44.47245299800005], [-73.19774518099996, 44.472675466000055], [-73.19774221299997, 44.47269010800005], [-73.19770157699998, 44.47287259600006], [-73.19767289299995, 44.47300354500004], [-73.19766360099999, 44.47304775500004], [-73.19763348699996, 44.473190524000074], [-73.19758624799994, 44.47341228400006], [-73.19753977099998, 44.47363221100005], [-73.19753064299994, 44.47369020100007], [-73.19742753099996, 44.47380487100003], [-73.19732286999994, 44.47392137800006], [-73.19722092499995, 44.474035197000035], [-73.19711626299994, 44.474151704000064], [-73.19701431499993, 44.47426524200006], [-73.19690887799999, 44.47438273700004], [-73.19680731999995, 44.47449613100008], [-73.19670342999996, 44.47461164900005], [-73.19659837899997, 44.47472872000003], [-73.19656425199997, 44.474766732000035], [-73.19649720499996, 44.47484140900008], [-73.19639370699997, 44.47495706500007], [-73.19624136199997, 44.475126733000025], [-73.19617541299993, 44.475096903000065], [-73.19658309899995, 44.47463291300005], [-73.19626717799997, 44.47449014400007], [-73.19696695099998, 44.473684924000054], [-73.19724578199998, 44.473351929000046], [-73.19717884599999, 44.47314014700004], [-73.19701245999994, 44.47255858700004], [-73.19684438299998, 44.47199967700004], [-73.19676084399998, 44.47187771000006]], [[-73.19777146399997, 44.47082689800004], [-73.19776918199994, 44.470569443000045], [-73.19719886099995, 44.470598659000075], [-73.19720941599996, 44.470858314000054], [-73.19700688199998, 44.470868970000026], [-73.19703146199998, 44.47141624200003], [-73.19779410599995, 44.471375728000055], [-73.19779512799994, 44.47136250300008], [-73.19777146399997, 44.47082689800004]]]]}}, {"type": "Feature", "properties": {"OBJECTID": 278053, "SPAN": "114-035-18260", "GLIST_SPAN": "114-035-19100", "MAPID": "050-4-098-000", "PARCID": "054-3-001.372", "PROPTYPE": "PARCEL", "YEAR": 2018, "GLYEAR": 2022, "TOWN": "BURLINGTON", "TNAME": "Burlington", "SOURCENAME": null, "SOURCETYPE": "UNKNOWN", "SOURCEDATE": "UNKNOWN", "EDITMETHOD": "UNKNOWN", "EDITOR": "UNKNOWN", "EDITDATE": "UNKNOWN", "MATCHSTAT": "MATCH", "EDITNOTE": "UNKNOWN", "OWNER1": "UNIVERSITY OF VERMONT", "OWNER2": "STATE AGRICULTURAL COLLEGE", "ADDRGL1": "UVM PLANNING DESIGN & CONSTRUCTION", "ADDRGL2": "31 SPEAR ST MARSH HALL SUITE 10", "CITYGL": "BURLINGTON", "STGL": "VT", "ZIPGL": "05405", "DESCPROP": "WILKS/WING/DAVIS DORMS  WING HALL  UVM #", "LOCAPROP": "N", "CAT": "Commercial Apt", "RESCODE": "C", "ACRESGL": 0.0, "REAL_FLV": 13059600, "HSTED_FLV": 0, "NRES_FLV": 13059600, "LAND_LV": 107400, "IMPRV_LV": 12952200, "EQUIPVAL": 0, "EQUIPCODE": "", "INVENVAL": 0, "HSDECL": "N", "HSITEVAL": 0, "VETEXAMT": 0, "EXPDESC": "Statutory", "ENDDATE": "", "STATUTE": "", "EXAMT_HS": 0, "EXAMT_NR": 0, "UVREDUC_HS": 0, "UVREDUC_NR": 0, "GLVAL_HS": 0.0, "GLVAL_NR": 0.0, "CRHOUSPCT": 0.0, "MUNGL1PCT": 0.0, "AOEGL_HS": 0.0, "AOEGL_NR": 0.0, "E911ADDR": "486 SOUTH PROSPECT ST", "SHAPE_Length": 0.04618935916371837, "SHAPE_Area": 4.234595439923701e-05}, "geometry": {"type": "MultiPolygon", "coordinates": [[[[-73.19676084399998, 44.47187771000006], [-73.19607621699998, 44.47091570600003], [-73.19597166699998, 44.47077699300007], [-73.19582985899996, 44.47084099400007], [-73.19551699199997, 44.47095342400007], [-73.19452680899997, 44.47131352300005], [-73.19507914099995, 44.47264686500006], [-73.19515934899994, 44.47267364500004], [-73.19523537999999, 44.472706075000076], [-73.19530646199996, 44.472743828000034], [-73.19537186799994, 44.47278651500005], [-73.19543093499993, 44.47283370400004], [-73.19548305999996, 44.472884915000066], [-73.19552771399998, 44.47293962600003], [-73.19556443999994, 44.47299728100006], [-73.19585080399997, 44.47309945200004], [-73.19609396899995, 44.47320202600008], [-73.19554781699998, 44.473879330000045], [-73.19548287099997, 44.47396690800008], [-73.19556540199994, 44.47400409100004], [-73.19544524599996, 44.474139111000056], [-73.19512989599997, 44.47450719600005], [-73.19505545399994, 44.47458906700007], [-73.19485288499999, 44.474498477000054], [-73.19456709399998, 44.47436634700006], [-73.19427829899996, 44.47423761200008], [-73.19409626299995, 44.47415603500008], [-73.19392980899994, 44.47408044300005], [-73.19376181099994, 44.474006624000026], [-73.19372044599999, 44.473697799000036], [-73.19322312799994, 44.471071005000056], [-73.19291357299994, 44.46943919700004], [-73.19286756199995, 44.46920169300006], [-73.19242274499999, 44.466790280000055], [-73.19317444799998, 44.46675914400004], [-73.19531727299994, 44.466669343000035], [-73.19577379299994, 44.46665081400005], [-73.19835221499994, 44.46653425400007], [-73.19820159199998, 44.46582477800007], [-73.19905319099996, 44.465790070000025], [-73.19906879899997, 44.466487588000064], [-73.19991901399999, 44.466854210000065], [-73.20080891999999, 44.46697956700007], [-73.20075936399996, 44.46713667800003], [-73.20000782599993, 44.46701740300006], [-73.19993749799994, 44.46724493000005], [-73.19986520199996, 44.467472188000045], [-73.19979367999997, 44.46769845700004], [-73.19972138599996, 44.467925997000066], [-73.20047295599994, 44.468047101000025], [-73.20023342999997, 44.46880607300005], [-73.20025454099994, 44.469159313000034], [-73.20026134299997, 44.46931200900008], [-73.20030379699995, 44.470191138000075], [-73.20033591899994, 44.47090668100003], [-73.20036649999997, 44.47159171900006], [-73.19982306899993, 44.47160405000005], [-73.19977830499994, 44.47160488600008], [-73.19949480899999, 44.47161126300006], [-73.19944572699995, 44.471612408000055], [-73.19920974299998, 44.47161764900005], [-73.19892938899994, 44.47162400600007], [-73.19864510799994, 44.471630385000026], [-73.19836318399996, 44.47163689000007], [-73.19808047399994, 44.471643259000075], [-73.19781071999995, 44.47164926600004], [-73.19782347899996, 44.47189597100004], [-73.19781698999998, 44.471977708000054], [-73.19781220899995, 44.47210387200005], [-73.19779632099994, 44.47241852800005], [-73.19779462599996, 44.47244103700007], [-73.19779319699995, 44.47245299800005], [-73.19774518099996, 44.472675466000055], [-73.19774221299997, 44.47269010800005], [-73.19770157699998, 44.47287259600006], [-73.19767289299995, 44.47300354500004], [-73.19766360099999, 44.47304775500004], [-73.19763348699996, 44.473190524000074], [-73.19758624799994, 44.47341228400006], [-73.19753977099998, 44.47363221100005], [-73.19753064299994, 44.47369020100007], [-73.19742753099996, 44.47380487100003], [-73.19732286999994, 44.47392137800006], [-73.19722092499995, 44.474035197000035], [-73.19711626299994, 44.474151704000064], [-73.19701431499993, 44.47426524200006], [-73.19690887799999, 44.47438273700004], [-73.19680731999995, 44.47449613100008], [-73.19670342999996, 44.47461164900005], [-73.19659837899997, 44.47472872000003], [-73.19656425199997, 44.474766732000035], [-73.19649720499996, 44.47484140900008], [-73.19639370699997, 44.47495706500007], [-73.19624136199997, 44.475126733000025], [-73.19617541299993, 44.475096903000065], [-73.19658309899995, 44.47463291300005], [-73.19626717799997, 44.47449014400007], [-73.19696695099998, 44.473684924000054], [-73.19724578199998, 44.473351929000046], [-73.19717884599999, 44.47314014700004], [-73.19701245999994, 44.47255858700004], [-73.19684438299998, 44.47199967700004], [-73.19676084399998, 44.47187771000006]], [[-73.19777146399997, 44.47082689800004], [-73.19776918199994, 44.470569443000045], [-73.19719886099995, 44.470598659000075], [-73.19720941599996, 44.470858314000054], [-73.19700688199998, 44.470868970000026], [-73.19703146199998, 44.47141624200003], [-73.19779410599995, 44.471375728000055], [-73.19779512799994, 44.47136250300008], [-73.19777146399997, 44.47082689800004]]]]}}, {"type": "Feature", "properties": {"OBJECTID": 278685, "SPAN": "114-035-18260", "GLIST_SPAN": "114-035-20707", "MAPID": "050-4-098-000", "PARCID": "050-4-098.124", "PROPTYPE": "PARCEL", "YEAR": 2018, "GLYEAR": 2022, "TOWN": "BURLINGTON", "TNAME": "Burlington", "SOURCENAME": null, "SOURCETYPE": "UNKNOWN", "SOURCEDATE": "UNKNOWN", "EDITMETHOD": "UNKNOWN", "EDITOR": "UNKNOWN", "EDITDATE": "UNKNOWN", "MATCHSTAT": "MATCH", "EDITNOTE": "UNKNOWN", "OWNER1": "UNIVERSITY OF VERMONT", "OWNER2": "STATE AGRICULTURAL COLLEGE", "ADDRGL1": "UVM PLANNING DESIGN & CONSTRUCTION", "ADDRGL2": "31 SPEAR ST MARSH HALL SUITE 10", "CITYGL": "BURLINGTON", "STGL": "VT", "ZIPGL": "05405", "DESCPROP": "GUTTERSON PARKING GARAGE  AND IMMEDIATE", "LOCAPROP": "N", "CAT": "Commercial", "RESCODE": "C", "ACRESGL": 0.0, "REAL_FLV": 11379700, "HSTED_FLV": 0, "NRES_FLV": 11379700, "LAND_LV": 200800, "IMPRV_LV": 11178900, "EQUIPVAL": 0, "EQUIPCODE": "", "INVENVAL": 0, "HSDECL": "N", "HSITEVAL": 0, "VETEXAMT": 0, "EXPDESC": "Statutory", "ENDDATE": "", "STATUTE": "", "EXAMT_HS": 0, "EXAMT_NR": 0, "UVREDUC_HS": 0, "UVREDUC_NR": 0, "GLVAL_HS": 0.0, "GLVAL_NR": 0.0, "CRHOUSPCT": 0.0, "MUNGL1PCT": 0.0, "AOEGL_HS": 0.0, "AOEGL_NR": 0.0, "E911ADDR": "95 SPEAR ST", "SHAPE_Length": 0.04618935916371837, "SHAPE_Area": 4.234595439923701e-05}, "geometry": {"type": "MultiPolygon", "coordinates": [[[[-73.19676084399998, 44.47187771000006], [-73.19607621699998, 44.47091570600003], [-73.19597166699998, 44.47077699300007], [-73.19582985899996, 44.47084099400007], [-73.19551699199997, 44.47095342400007], [-73.19452680899997, 44.47131352300005], [-73.19507914099995, 44.47264686500006], [-73.19515934899994, 44.47267364500004], [-73.19523537999999, 44.472706075000076], [-73.19530646199996, 44.472743828000034], [-73.19537186799994, 44.47278651500005], [-73.19543093499993, 44.47283370400004], [-73.19548305999996, 44.472884915000066], [-73.19552771399998, 44.47293962600003], [-73.19556443999994, 44.47299728100006], [-73.19585080399997, 44.47309945200004], [-73.19609396899995, 44.47320202600008], [-73.19554781699998, 44.473879330000045], [-73.19548287099997, 44.47396690800008], [-73.19556540199994, 44.47400409100004], [-73.19544524599996, 44.474139111000056], [-73.19512989599997, 44.47450719600005], [-73.19505545399994, 44.47458906700007], [-73.19485288499999, 44.474498477000054], [-73.19456709399998, 44.47436634700006], [-73.19427829899996, 44.47423761200008], [-73.19409626299995, 44.47415603500008], [-73.19392980899994, 44.47408044300005], [-73.19376181099994, 44.474006624000026], [-73.19372044599999, 44.473697799000036], [-73.19322312799994, 44.471071005000056], [-73.19291357299994, 44.46943919700004], [-73.19286756199995, 44.46920169300006], [-73.19242274499999, 44.466790280000055], [-73.19317444799998, 44.46675914400004], [-73.19531727299994, 44.466669343000035], [-73.19577379299994, 44.46665081400005], [-73.19835221499994, 44.46653425400007], [-73.19820159199998, 44.46582477800007], [-73.19905319099996, 44.465790070000025], [-73.19906879899997, 44.466487588000064], [-73.19991901399999, 44.466854210000065], [-73.20080891999999, 44.46697956700007], [-73.20075936399996, 44.46713667800003], [-73.20000782599993, 44.46701740300006], [-73.19993749799994, 44.46724493000005], [-73.19986520199996, 44.467472188000045], [-73.19979367999997, 44.46769845700004], [-73.19972138599996, 44.467925997000066], [-73.20047295599994, 44.468047101000025], [-73.20023342999997, 44.46880607300005], [-73.20025454099994, 44.469159313000034], [-73.20026134299997, 44.46931200900008], [-73.20030379699995, 44.470191138000075], [-73.20033591899994, 44.47090668100003], [-73.20036649999997, 44.47159171900006], [-73.19982306899993, 44.47160405000005], [-73.19977830499994, 44.47160488600008], [-73.19949480899999, 44.47161126300006], [-73.19944572699995, 44.471612408000055], [-73.19920974299998, 44.47161764900005], [-73.19892938899994, 44.47162400600007], [-73.19864510799994, 44.471630385000026], [-73.19836318399996, 44.47163689000007], [-73.19808047399994, 44.471643259000075], [-73.19781071999995, 44.47164926600004], [-73.19782347899996, 44.47189597100004], [-73.19781698999998, 44.471977708000054], [-73.19781220899995, 44.47210387200005], [-73.19779632099994, 44.47241852800005], [-73.19779462599996, 44.47244103700007], [-73.19779319699995, 44.47245299800005], [-73.19774518099996, 44.472675466000055], [-73.19774221299997, 44.47269010800005], [-73.19770157699998, 44.47287259600006], [-73.19767289299995, 44.47300354500004], [-73.19766360099999, 44.47304775500004], [-73.19763348699996, 44.473190524000074], [-73.19758624799994, 44.47341228400006], [-73.19753977099998, 44.47363221100005], [-73.19753064299994, 44.47369020100007], [-73.19742753099996, 44.47380487100003], [-73.19732286999994, 44.47392137800006], [-73.19722092499995, 44.474035197000035], [-73.19711626299994, 44.474151704000064], [-73.19701431499993, 44.47426524200006], [-73.19690887799999, 44.47438273700004], [-73.19680731999995, 44.47449613100008], [-73.19670342999996, 44.47461164900005], [-73.19659837899997, 44.47472872000003], [-73.19656425199997, 44.474766732000035], [-73.19649720499996, 44.47484140900008], [-73.19639370699997, 44.47495706500007], [-73.19624136199997, 44.475126733000025], [-73.19617541299993, 44.475096903000065], [-73.19658309899995, 44.47463291300005], [-73.19626717799997, 44.47449014400007], [-73.19696695099998, 44.473684924000054], [-73.19724578199998, 44.473351929000046], [-73.19717884599999, 44.47314014700004], [-73.19701245999994, 44.47255858700004], [-73.19684438299998, 44.47199967700004], [-73.19676084399998, 44.47187771000006]], [[-73.19777146399997, 44.47082689800004], [-73.19776918199994, 44.470569443000045], [-73.19719886099995, 44.470598659000075], [-73.19720941599996, 44.470858314000054], [-73.19700688199998, 44.470868970000026], [-73.19703146199998, 44.47141624200003], [-73.19779410599995, 44.471375728000055], [-73.19779512799994, 44.47136250300008], [-73.19777146399997, 44.47082689800004]]]]}}, {"type": "Feature", "properties": {"OBJECTID": 278738, "SPAN": "114-035-18260", "GLIST_SPAN": "114-035-52628", "MAPID": "050-4-098-000", "PARCID": "050-4-098.002", "PROPTYPE": "PARCEL", "YEAR": 2018, "GLYEAR": 2022, "TOWN": "BURLINGTON", "TNAME": "Burlington", "SOURCENAME": null, "SOURCETYPE": "UNKNOWN", "SOURCEDATE": "UNKNOWN", "EDITMETHOD": "UNKNOWN", "EDITOR": "UNKNOWN", "EDITDATE": "UNKNOWN", "MATCHSTAT": "MATCH", "EDITNOTE": "UNKNOWN", "OWNER1": "UNIVERSITY OF VERMONT STATE AG. COLLEGE", "OWNER2": "REDSTONE LOFTS APT INC (LESSEE)", "ADDRGL1": "C/O REDSTONE", "ADDRGL2": "PO BOX 790", "CITYGL": "BURLINGTON", "STGL": "VT", "ZIPGL": "05402", "DESCPROP": "REDSTONE LOFTS", "LOCAPROP": "", "CAT": "Commercial Apt", "RESCODE": "C", "ACRESGL": 2.3, "REAL_FLV": 35810400, "HSTED_FLV": 0, "NRES_FLV": 35810400, "LAND_LV": 222600, "IMPRV_LV": 35587800, "EQUIPVAL": 0, "EQUIPCODE": "", "INVENVAL": 0, "HSDECL": "N", "HSITEVAL": 0, "VETEXAMT": 0, "EXPDESC": "Solar Plant", "ENDDATE": "", "STATUTE": "", "EXAMT_HS": 0, "EXAMT_NR": 222600, "UVREDUC_HS": 0, "UVREDUC_NR": 0, "GLVAL_HS": 0.0, "GLVAL_NR": 355878.0, "CRHOUSPCT": 0.0, "MUNGL1PCT": 358104.0, "AOEGL_HS": 0.0, "AOEGL_NR": 355878.0, "E911ADDR": "165 DAVIS RD (UVM)", "SHAPE_Length": 0.04618935916371837, "SHAPE_Area": 4.234595439923701e-05}, "geometry": {"type": "MultiPolygon", "coordinates": [[[[-73.19676084399998, 44.47187771000006], [-73.19607621699998, 44.47091570600003], [-73.19597166699998, 44.47077699300007], [-73.19582985899996, 44.47084099400007], [-73.19551699199997, 44.47095342400007], [-73.19452680899997, 44.47131352300005], [-73.19507914099995, 44.47264686500006], [-73.19515934899994, 44.47267364500004], [-73.19523537999999, 44.472706075000076], [-73.19530646199996, 44.472743828000034], [-73.19537186799994, 44.47278651500005], [-73.19543093499993, 44.47283370400004], [-73.19548305999996, 44.472884915000066], [-73.19552771399998, 44.47293962600003], [-73.19556443999994, 44.47299728100006], [-73.19585080399997, 44.47309945200004], [-73.19609396899995, 44.47320202600008], [-73.19554781699998, 44.473879330000045], [-73.19548287099997, 44.47396690800008], [-73.19556540199994, 44.47400409100004], [-73.19544524599996, 44.474139111000056], [-73.19512989599997, 44.47450719600005], [-73.19505545399994, 44.47458906700007], [-73.19485288499999, 44.474498477000054], [-73.19456709399998, 44.47436634700006], [-73.19427829899996, 44.47423761200008], [-73.19409626299995, 44.47415603500008], [-73.19392980899994, 44.47408044300005], [-73.19376181099994, 44.474006624000026], [-73.19372044599999, 44.473697799000036], [-73.19322312799994, 44.471071005000056], [-73.19291357299994, 44.46943919700004], [-73.19286756199995, 44.46920169300006], [-73.19242274499999, 44.466790280000055], [-73.19317444799998, 44.46675914400004], [-73.19531727299994, 44.466669343000035], [-73.19577379299994, 44.46665081400005], [-73.19835221499994, 44.46653425400007], [-73.19820159199998, 44.46582477800007], [-73.19905319099996, 44.465790070000025], [-73.19906879899997, 44.466487588000064], [-73.19991901399999, 44.466854210000065], [-73.20080891999999, 44.46697956700007], [-73.20075936399996, 44.46713667800003], [-73.20000782599993, 44.46701740300006], [-73.19993749799994, 44.46724493000005], [-73.19986520199996, 44.467472188000045], [-73.19979367999997, 44.46769845700004], [-73.19972138599996, 44.467925997000066], [-73.20047295599994, 44.468047101000025], [-73.20023342999997, 44.46880607300005], [-73.20025454099994, 44.469159313000034], [-73.20026134299997, 44.46931200900008], [-73.20030379699995, 44.470191138000075], [-73.20033591899994, 44.47090668100003], [-73.20036649999997, 44.47159171900006], [-73.19982306899993, 44.47160405000005], [-73.19977830499994, 44.47160488600008], [-73.19949480899999, 44.47161126300006], [-73.19944572699995, 44.471612408000055], [-73.19920974299998, 44.47161764900005], [-73.19892938899994, 44.47162400600007], [-73.19864510799994, 44.471630385000026], [-73.19836318399996, 44.47163689000007], [-73.19808047399994, 44.471643259000075], [-73.19781071999995, 44.47164926600004], [-73.19782347899996, 44.47189597100004], [-73.19781698999998, 44.471977708000054], [-73.19781220899995, 44.47210387200005], [-73.19779632099994, 44.47241852800005], [-73.19779462599996, 44.47244103700007], [-73.19779319699995, 44.47245299800005], [-73.19774518099996, 44.472675466000055], [-73.19774221299997, 44.47269010800005], [-73.19770157699998, 44.47287259600006], [-73.19767289299995, 44.47300354500004], [-73.19766360099999, 44.47304775500004], [-73.19763348699996, 44.473190524000074], [-73.19758624799994, 44.47341228400006], [-73.19753977099998, 44.47363221100005], [-73.19753064299994, 44.47369020100007], [-73.19742753099996, 44.47380487100003], [-73.19732286999994, 44.47392137800006], [-73.19722092499995, 44.474035197000035], [-73.19711626299994, 44.474151704000064], [-73.19701431499993, 44.47426524200006], [-73.19690887799999, 44.47438273700004], [-73.19680731999995, 44.47449613100008], [-73.19670342999996, 44.47461164900005], [-73.19659837899997, 44.47472872000003], [-73.19656425199997, 44.474766732000035], [-73.19649720499996, 44.47484140900008], [-73.19639370699997, 44.47495706500007], [-73.19624136199997, 44.475126733000025], [-73.19617541299993, 44.475096903000065], [-73.19658309899995, 44.47463291300005], [-73.19626717799997, 44.47449014400007], [-73.19696695099998, 44.473684924000054], [-73.19724578199998, 44.473351929000046], [-73.19717884599999, 44.47314014700004], [-73.19701245999994, 44.47255858700004], [-73.19684438299998, 44.47199967700004], [-73.19676084399998, 44.47187771000006]], [[-73.19777146399997, 44.47082689800004], [-73.19776918199994, 44.470569443000045], [-73.19719886099995, 44.470598659000075], [-73.19720941599996, 44.470858314000054], [-73.19700688199998, 44.470868970000026], [-73.19703146199998, 44.47141624200003], [-73.19779410599995, 44.471375728000055], [-73.19779512799994, 44.47136250300008], [-73.19777146399997, 44.47082689800004]]]]}}, {"type": "Feature", "properties": {"OBJECTID": 320280, "SPAN": null, "GLIST_SPAN": null, "MAPID": "050-4-097-000", "PARCID": null, "PROPTYPE": "PARCEL", "YEAR": 2018, "GLYEAR": null, "TOWN": "BURLINGTON", "TNAME": null, "SOURCENAME": null, "SOURCETYPE": "UNKNOWN", "SOURCEDATE": "UNKNOWN", "EDITMETHOD": "UNKNOWN", "EDITOR": "UNKNOWN", "EDITDATE": "UNKNOWN", "MATCHSTAT": "UNMATCHED", "EDITNOTE": "UNKNOWN", "OWNER1": null, "OWNER2": null, "ADDRGL1": null, "ADDRGL2": null, "CITYGL": null, "STGL": null, "ZIPGL": null, "DESCPROP": null, "LOCAPROP": null, "CAT": null, "RESCODE": null, "ACRESGL": null, "REAL_FLV": null, "HSTED_FLV": null, "NRES_FLV": null, "LAND_LV": null, "IMPRV_LV": null, "EQUIPVAL": null, "EQUIPCODE": null, "INVENVAL": null, "HSDECL": null, "HSITEVAL": null, "VETEXAMT": null, "EXPDESC": null, "ENDDATE": null, "STATUTE": null, "EXAMT_HS": null, "EXAMT_NR": null, "UVREDUC_HS": null, "UVREDUC_NR": null, "GLVAL_HS": null, "GLVAL_NR": null, "CRHOUSPCT": null, "MUNGL1PCT": null, "AOEGL_HS": null, "AOEGL_NR": null, "E911ADDR": null, "SHAPE_Length": 0.002626674455194077, "SHAPE_Area": 4.1971719729462426e-07}, "geometry": {"type": "MultiPolygon", "coordinates": [[[[-73.19720941599996, 44.470858314000054], [-73.19777146399997, 44.47082689800004], [-73.19779512799994, 44.47136250300008], [-73.19779410599995, 44.471375728000055], [-73.19703146199998, 44.47141624200003], [-73.19700688199998, 44.470868970000026], [-73.19720941599996, 44.470858314000054]]]]}}, {"type": "Feature", "properties": {"OBJECTID": 306764, "SPAN": "600-188-10200", "GLIST_SPAN": "600-188-10200", "MAPID": "1640-00140.", "PARCID": "1640-00140.", "PROPTYPE": "PARCEL", "YEAR": 2018, "GLYEAR": 2022, "TOWN": "SOUTH BURLINGTON", "TNAME": "South Burlington", "SOURCENAME": "CITY", "SOURCETYPE": "UNKNOWN", "SOURCEDATE": "UNKNOWN", "EDITMETHOD": "UNKNOWN", "EDITOR": "UNKNOWN", "EDITDATE": "UNKNOWN", "MATCHSTAT": "MATCH", "EDITNOTE": null, "OWNER1": "ANTOS WALTER & NANCY TRUST", "OWNER2": "", "ADDRGL1": "2024 HERMOSA DR", "ADDRGL2": "", "CITYGL": "BOULDER", "STGL": "CO", "ZIPGL": "80304", "DESCPROP": ".26A DWL", "LOCAPROP": "", "CAT": "Residential-1", "RESCODE": "NS", "ACRESGL": 0.26, "REAL_FLV": 272300, "HSTED_FLV": 0, "NRES_FLV": 272300, "LAND_LV": 97700, "IMPRV_LV": 174600, "EQUIPVAL": 0, "EQUIPCODE": "", "INVENVAL": 0, "HSDECL": "N", "HSITEVAL": 272300, "VETEXAMT": 0, "EXPDESC": "", "ENDDATE": "", "STATUTE": "", "EXAMT_HS": 0, "EXAMT_NR": 0, "UVREDUC_HS": 0, "UVREDUC_NR": 0, "GLVAL_HS": 0.0, "GLVAL_NR": 2723.0, "CRHOUSPCT": 0.0, "MUNGL1PCT": 2723.0, "AOEGL_HS": 0.0, "AOEGL_NR": 2723.0, "E911ADDR": "140 SPEAR ST", "SHAPE_Length": 0.0015446418252291767, "SHAPE_Area": 1.1683916387262843e-07}, "geometry": {"type": "MultiPolygon", "coordinates": [[[[-73.19132055099993, 44.46966144000004], [-73.19187977499996, 44.469612324000025], [-73.19189290099996, 44.46968639700003], [-73.19192075899997, 44.46981838800008], [-73.19135677699995, 44.46986544600003], [-73.19132055099993, 44.46966144000004]]]]}}, {"type": "Feature", "properties": {"OBJECTID": 306792, "SPAN": "600-188-10228", "GLIST_SPAN": "600-188-10228", "MAPID": "0610-00008.", "PARCID": "0610-00008.", "PROPTYPE": "PARCEL", "YEAR": 2018, "GLYEAR": 2022, "TOWN": "SOUTH BURLINGTON", "TNAME": "South Burlington", "SOURCENAME": "CITY", "SOURCETYPE": "UNKNOWN", "SOURCEDATE": "UNKNOWN", "EDITMETHOD": "UNKNOWN", "EDITOR": "UNKNOWN", "EDITDATE": "UNKNOWN", "MATCHSTAT": "MATCH", "EDITNOTE": null, "OWNER1": "ZHANG YANBIN", "OWNER2": "", "ADDRGL1": "305 ARIEL HOUSE", "ADDRGL2": "144 VAUGHAN WAY", "CITYGL": "LONDON", "STGL": "E1W2AG", "ZIPGL": "UK", "DESCPROP": ".26A DWL", "LOCAPROP": "", "CAT": "Residential-1", "RESCODE": "T", "ACRESGL": 0.26, "REAL_FLV": 329700, "HSTED_FLV": 0, "NRES_FLV": 329700, "LAND_LV": 117600, "IMPRV_LV": 212100, "EQUIPVAL": 0, "EQUIPCODE": "", "INVENVAL": 0, "HSDECL": "N", "HSITEVAL": 329700, "VETEXAMT": 0, "EXPDESC": "", "ENDDATE": "", "STATUTE": "", "EXAMT_HS": 0, "EXAMT_NR": 0, "UVREDUC_HS": 0, "UVREDUC_NR": 0, "GLVAL_HS": 0.0, "GLVAL_NR": 3297.0, "CRHOUSPCT": 0.0, "MUNGL1PCT": 3297.0, "AOEGL_HS": 0.0, "AOEGL_NR": 3297.0, "E911ADDR": "8 EAST TERR", "SHAPE_Length": 0.0015513825510762311, "SHAPE_Area": 1.164285677426128e-07}, "geometry": {"type": "MultiPolygon", "coordinates": [[[[-73.19028524499998, 44.47127686400006], [-73.19085539199995, 44.47121961700003], [-73.19089021899998, 44.47142006900003], [-73.19032380499993, 44.47147868800005], [-73.19028524499998, 44.47127686400006]]]]}}, {"type": "Feature", "properties": {"OBJECTID": 306856, "SPAN": "600-188-10298", "GLIST_SPAN": "600-188-10298", "MAPID": "0610-00004.", "PARCID": "0610-00004.", "PROPTYPE": "PARCEL", "YEAR": 2018, "GLYEAR": 2022, "TOWN": "SOUTH BURLINGTON", "TNAME": "South Burlington", "SOURCENAME": "CITY", "SOURCETYPE": "UNKNOWN", "SOURCEDATE": "UNKNOWN", "EDITMETHOD": "UNKNOWN", "EDITOR": "UNKNOWN", "EDITDATE": "UNKNOWN", "MATCHSTAT": "MATCH", "EDITNOTE": null, "OWNER1": "WILLEY AARON D", "OWNER2": "", "ADDRGL1": "20905 MONTGOMERY AVE", "ADDRGL2": "", "CITYGL": "HAYWARD", "STGL": "CA", "ZIPGL": "94541-2093", "DESCPROP": ".33A DWL", "LOCAPROP": "", "CAT": "Residential-1", "RESCODE": "NS", "ACRESGL": 0.33, "REAL_FLV": 354100, "HSTED_FLV": 0, "NRES_FLV": 354100, "LAND_LV": 106600, "IMPRV_LV": 247500, "EQUIPVAL": 0, "EQUIPCODE": "", "INVENVAL": 0, "HSDECL": "N", "HSITEVAL": 354100, "VETEXAMT": 0, "EXPDESC": "", "ENDDATE": "", "STATUTE": "", "EXAMT_HS": 0, "EXAMT_NR": 0, "UVREDUC_HS": 0, "UVREDUC_NR": 0, "GLVAL_HS": 0.0, "GLVAL_NR": 3541.0, "CRHOUSPCT": 0.0, "MUNGL1PCT": 3541.0, "AOEGL_HS": 0.0, "AOEGL_NR": 3541.0, "E911ADDR": "4 EAST TERR", "SHAPE_Length": 0.0015584309670149286, "SHAPE_Area": 1.193915710697748e-07}, "geometry": {"type": "MultiPolygon", "coordinates": [[[[-73.19024300099994, 44.47170696900008], [-73.19030301799995, 44.47164391600006], [-73.19033761799994, 44.471605873000044], [-73.19090518899998, 44.47166624700003], [-73.19089091799998, 44.471695157000056], [-73.19079828999998, 44.47181691000003], [-73.19076138799994, 44.47186845900006], [-73.19068913899997, 44.471936149000044], [-73.19024300099994, 44.47170696900008]]]]}}, {"type": "Feature", "properties": {"OBJECTID": 307189, "SPAN": "600-188-10443", "GLIST_SPAN": "600-188-10443", "MAPID": "0610-00024.", "PARCID": "0610-00024.", "PROPTYPE": "PARCEL", "YEAR": 2018, "GLYEAR": 2022, "TOWN": "SOUTH BURLINGTON", "TNAME": "South Burlington", "SOURCENAME": "CITY", "SOURCETYPE": "UNKNOWN", "SOURCEDATE": "UNKNOWN", "EDITMETHOD": "UNKNOWN", "EDITOR": "UNKNOWN", "EDITDATE": "UNKNOWN", "MATCHSTAT": "MATCH", "EDITNOTE": null, "OWNER1": "WEIGAND ANDREW", "OWNER2": "SCHWEITHELM KATRINA", "ADDRGL1": "115 CRESCENT RD", "ADDRGL2": "", "CITYGL": "BURLINGTON", "STGL": "VT", "ZIPGL": "05401", "DESCPROP": ".26A DWL", "LOCAPROP": "", "CAT": "Residential-1", "RESCODE": "T", "ACRESGL": 0.26, "REAL_FLV": 377000, "HSTED_FLV": 0, "NRES_FLV": 377000, "LAND_LV": 117600, "IMPRV_LV": 259400, "EQUIPVAL": 0, "EQUIPCODE": "", "INVENVAL": 0, "HSDECL": "N", "HSITEVAL": 281000, "VETEXAMT": 0, "EXPDESC": "", "ENDDATE": "", "STATUTE": "", "EXAMT_HS": 0, "EXAMT_NR": 0, "UVREDUC_HS": 0, "UVREDUC_NR": 0, "GLVAL_HS": 0.0, "GLVAL_NR": 3770.0, "CRHOUSPCT": 0.0, "MUNGL1PCT": 3770.0, "AOEGL_HS": 0.0, "AOEGL_NR": 3770.0, "E911ADDR": "24 EAST TERR", "SHAPE_Length": 0.0015407496540314333, "SHAPE_Area": 1.1477088641980999e-07}, "geometry": {"type": "MultiPolygon", "coordinates": [[[[-73.18989536299995, 44.46930634300003], [-73.19045997299997, 44.46925796000005], [-73.19048865999997, 44.46940426000003], [-73.19049782399998, 44.46945541100007], [-73.18993260099995, 44.46950826800003], [-73.18989536299995, 44.46930634300003]]]]}}, {"type": "Feature", "properties": {"OBJECTID": 307254, "SPAN": "600-188-10869", "GLIST_SPAN": "600-188-10869", "MAPID": "0610-00017.", "PARCID": "0610-00017.", "PROPTYPE": "PARCEL", "YEAR": 2018, "GLYEAR": 2022, "TOWN": "SOUTH BURLINGTON", "TNAME": "South Burlington", "SOURCENAME": "CITY", "SOURCETYPE": "UNKNOWN", "SOURCEDATE": "UNKNOWN", "EDITMETHOD": "UNKNOWN", "EDITOR": "UNKNOWN", "EDITDATE": "UNKNOWN", "MATCHSTAT": "MATCH", "EDITNOTE": null, "OWNER1": "BURKMAN KENNETH & JEANNETTE", "OWNER2": "", "ADDRGL1": "17 EAST TERR", "ADDRGL2": "", "CITYGL": "S BURLINGTON", "STGL": "VT", "ZIPGL": "05403", "DESCPROP": ".26A DWL", "LOCAPROP": "", "CAT": "Residential-1", "RESCODE": "T", "ACRESGL": 0.26, "REAL_FLV": 336600, "HSTED_FLV": 336600, "NRES_FLV": 0, "LAND_LV": 117600, "IMPRV_LV": 219000, "EQUIPVAL": 0, "EQUIPCODE": "", "INVENVAL": 0, "HSDECL": "Y", "HSITEVAL": 336600, "VETEXAMT": 0, "EXPDESC": "", "ENDDATE": "", "STATUTE": "", "EXAMT_HS": 0, "EXAMT_NR": 0, "UVREDUC_HS": 0, "UVREDUC_NR": 0, "GLVAL_HS": 3366.0, "GLVAL_NR": 0.0, "CRHOUSPCT": 0.0, "MUNGL1PCT": 3366.0, "AOEGL_HS": 3366.0, "AOEGL_NR": 0.0, "E911ADDR": "17 EAST TERR", "SHAPE_Length": 0.001549740189732113, "SHAPE_Area": 1.1759503484333192e-07}, "geometry": {"type": "MultiPolygon", "coordinates": [[[[-73.19079034499998, 44.46992402300003], [-73.19135677699995, 44.46986544600003], [-73.19139276799996, 44.47006733300003], [-73.19083154399993, 44.470130390000065], [-73.19080327299997, 44.46999631800003], [-73.19079034499998, 44.46992402300003]]]]}}, {"type": "Feature", "properties": {"OBJECTID": 307388, "SPAN": "600-188-10934", "GLIST_SPAN": "600-188-10934", "MAPID": "0610-121/2.", "PARCID": "0610-121/2.", "PROPTYPE": "PARCEL", "YEAR": 2018, "GLYEAR": 2022, "TOWN": "SOUTH BURLINGTON", "TNAME": "South Burlington", "SOURCENAME": "CITY", "SOURCETYPE": "UNKNOWN", "SOURCEDATE": "UNKNOWN", "EDITMETHOD": "UNKNOWN", "EDITOR": "UNKNOWN", "EDITDATE": "UNKNOWN", "MATCHSTAT": "MATCH", "EDITNOTE": null, "OWNER1": "BURLINGTON TENNIS CLUB", "OWNER2": "", "ADDRGL1": "BOX 143", "ADDRGL2": "", "CITYGL": "BURLINGTON", "STGL": "VT", "ZIPGL": "05402", "DESCPROP": "7.58A BLDGS", "LOCAPROP": "", "CAT": "Commercial", "RESCODE": "C", "ACRESGL": 7.58, "REAL_FLV": 1080700, "HSTED_FLV": 0, "NRES_FLV": 1080700, "LAND_LV": 970900, "IMPRV_LV": 109800, "EQUIPVAL": 0, "EQUIPCODE": "", "INVENVAL": 0, "HSDECL": "N", "HSITEVAL": 0, "VETEXAMT": 0, "EXPDESC": "", "ENDDATE": "", "STATUTE": "", "EXAMT_HS": 0, "EXAMT_NR": 0, "UVREDUC_HS": 0, "UVREDUC_NR": 0, "GLVAL_HS": 0.0, "GLVAL_NR": 10807.0, "CRHOUSPCT": 0.0, "MUNGL1PCT": 10807.0, "AOEGL_HS": 0.0, "AOEGL_NR": 10807.0, "E911ADDR": "45 TENNIS COURT", "SHAPE_Length": 0.010021005333683674, "SHAPE_Area": 3.3487483575042148e-06}, "geometry": {"type": "MultiPolygon", "coordinates": [[[[-73.18894408699998, 44.470737342000064], [-73.18826845299998, 44.47047149500003], [-73.18857193499997, 44.47007380800005], [-73.18835445399998, 44.46999267800004], [-73.18888926599993, 44.46927492800006], [-73.18953707099996, 44.46851139000006], [-73.18975020199997, 44.46850703000007], [-73.18978593899999, 44.468709872000034], [-73.18982553899997, 44.46891603300003], [-73.18986179999996, 44.469104394000055], [-73.18989536299995, 44.46930634300003], [-73.18993260099995, 44.46950826800003], [-73.18997358199994, 44.469712936000064], [-73.19001708399998, 44.46991004300003], [-73.19005664699995, 44.47011135200006], [-73.19009464999993, 44.470313118000036], [-73.19013370899995, 44.47051450200007], [-73.19068853999994, 44.47045765200005], [-73.19071760199995, 44.470605239000065], [-73.19015737199999, 44.470654823000075], [-73.19021117199998, 44.470919019000064], [-73.19025175099995, 44.47107114500005], [-73.19028524499998, 44.47127686400006], [-73.19032380499993, 44.47147868800005], [-73.19033761799994, 44.471605873000044], [-73.19030301799995, 44.47164391600006], [-73.19024300099994, 44.47170696900008], [-73.19017101399999, 44.47178945500008], [-73.19011905299999, 44.471743966000076], [-73.18952006299997, 44.471231669000076], [-73.18968802599994, 44.47102413500005], [-73.18951294699997, 44.47096116900008], [-73.18894408699998, 44.470737342000064]]]]}}, {"type": "Feature", "properties": {"OBJECTID": 307426, "SPAN": "600-188-11351", "GLIST_SPAN": "600-188-11351", "MAPID": "0610-00010.", "PARCID": "0610-00010.", "PROPTYPE": "PARCEL", "YEAR": 2018, "GLYEAR": 2022, "TOWN": "SOUTH BURLINGTON", "TNAME": "South Burlington", "SOURCENAME": "CITY", "SOURCETYPE": "UNKNOWN", "SOURCEDATE": "UNKNOWN", "EDITMETHOD": "UNKNOWN", "EDITOR": "UNKNOWN", "EDITDATE": "UNKNOWN", "MATCHSTAT": "MATCH", "EDITNOTE": null, "OWNER1": "BLAIR SARAH", "OWNER2": "", "ADDRGL1": "10 EAST TERR", "ADDRGL2": "", "CITYGL": "S BURLINGTON", "STGL": "VT", "ZIPGL": "05403", "DESCPROP": "0.26A DWL", "LOCAPROP": "", "CAT": "Residential-1", "RESCODE": "T", "ACRESGL": 0.26, "REAL_FLV": 352100, "HSTED_FLV": 352100, "NRES_FLV": 0, "LAND_LV": 117600, "IMPRV_LV": 234500, "EQUIPVAL": 0, "EQUIPCODE": "", "INVENVAL": 0, "HSDECL": "Y", "HSITEVAL": 352100, "VETEXAMT": 0, "EXPDESC": "", "ENDDATE": "", "STATUTE": "", "EXAMT_HS": 0, "EXAMT_NR": 0, "UVREDUC_HS": 0, "UVREDUC_NR": 0, "GLVAL_HS": 3521.0, "GLVAL_NR": 0.0, "CRHOUSPCT": 0.0, "MUNGL1PCT": 3521.0, "AOEGL_HS": 3521.0, "AOEGL_NR": 0.0, "E911ADDR": "10 EAST TERR", "SHAPE_Length": 0.0015583415959161777, "SHAPE_Area": 1.1832083363287412e-07}, "geometry": {"type": "MultiPolygon", "coordinates": [[[[-73.19025175099995, 44.47107114500005], [-73.19081947999996, 44.47101624100003], [-73.19085539199995, 44.47121961700003], [-73.19028524499998, 44.47127686400006], [-73.19025175099995, 44.47107114500005]]]]}}, {"type": "Feature", "properties": {"OBJECTID": 307785, "SPAN": "600-188-11069", "GLIST_SPAN": "600-188-11069", "MAPID": "1640-00088.", "PARCID": "1640-00088.", "PROPTYPE": "PARCEL", "YEAR": 2018, "GLYEAR": 2022, "TOWN": "SOUTH BURLINGTON", "TNAME": "South Burlington", "SOURCENAME": "CITY", "SOURCETYPE": "UNKNOWN", "SOURCEDATE": "UNKNOWN", "EDITMETHOD": "UNKNOWN", "EDITOR": "UNKNOWN", "EDITDATE": "UNKNOWN", "MATCHSTAT": "MATCH", "EDITNOTE": null, "OWNER1": "88 SPEAR LLC", "OWNER2": "", "ADDRGL1": "19 TIMBER RIDGE RD", "ADDRGL2": "", "CITYGL": "UNDERHILL", "STGL": "VT", "ZIPGL": "05489", "DESCPROP": ".26A; DWL", "LOCAPROP": "", "CAT": "Residential-1", "RESCODE": "C", "ACRESGL": 0.26, "REAL_FLV": 359300, "HSTED_FLV": 0, "NRES_FLV": 359300, "LAND_LV": 97700, "IMPRV_LV": 261600, "EQUIPVAL": 0, "EQUIPCODE": "", "INVENVAL": 0, "HSDECL": "N", "HSITEVAL": 359300, "VETEXAMT": 0, "EXPDESC": "", "ENDDATE": "", "STATUTE": "", "EXAMT_HS": 0, "EXAMT_NR": 0, "UVREDUC_HS": 0, "UVREDUC_NR": 0, "GLVAL_HS": 0.0, "GLVAL_NR": 3593.0, "CRHOUSPCT": 0.0, "MUNGL1PCT": 3593.0, "AOEGL_HS": 0.0, "AOEGL_NR": 3593.0, "E911ADDR": "88 SPEAR ST", "SHAPE_Length": 0.0016395242372844797, "SHAPE_Area": 1.341798785505616e-07}, "geometry": {"type": "MultiPolygon", "coordinates": [[[[-73.19158334599996, 44.471081741000035], [-73.19216865099997, 44.47102253000003], [-73.19221982599998, 44.47124518700008], [-73.19162819599995, 44.47130537400005], [-73.19158334599996, 44.471081741000035]]]]}}, {"type": "Feature", "properties": {"OBJECTID": 307942, "SPAN": "600-188-11528", "GLIST_SPAN": "600-188-11528", "MAPID": "1640-00074.", "PARCID": "1640-00074.", "PROPTYPE": "PARCEL", "YEAR": 2018, "GLYEAR": 2022, "TOWN": "SOUTH BURLINGTON", "TNAME": "South Burlington", "SOURCENAME": "CITY", "SOURCETYPE": "UNKNOWN", "SOURCEDATE": "UNKNOWN", "EDITMETHOD": "UNKNOWN", "EDITOR": "UNKNOWN", "EDITDATE": "UNKNOWN", "MATCHSTAT": "MATCH", "EDITNOTE": null, "OWNER1": "CONNOLLY QUALIFIED DOMESTIC TRUST", "OWNER2": "C/O FULL CIRCLE PROPERTY MGMT", "ADDRGL1": "PO BOX 4057", "ADDRGL2": "", "CITYGL": "BURLINGTON", "STGL": "VT", "ZIPGL": "05406", "DESCPROP": ".32A; DWL", "LOCAPROP": "", "CAT": "Residential-1", "RESCODE": "T", "ACRESGL": 0.32, "REAL_FLV": 273500, "HSTED_FLV": 0, "NRES_FLV": 273500, "LAND_LV": 98400, "IMPRV_LV": 175100, "EQUIPVAL": 0, "EQUIPCODE": "", "INVENVAL": 0, "HSDECL": "N", "HSITEVAL": 273500, "VETEXAMT": 0, "EXPDESC": "", "ENDDATE": "", "STATUTE": "", "EXAMT_HS": 0, "EXAMT_NR": 0, "UVREDUC_HS": 0, "UVREDUC_NR": 0, "GLVAL_HS": 0.0, "GLVAL_NR": 2735.0, "CRHOUSPCT": 0.0, "MUNGL1PCT": 2735.0, "AOEGL_HS": 0.0, "AOEGL_NR": 2735.0, "E911ADDR": "74 SPEAR ST", "SHAPE_Length": 0.001678805043891692, "SHAPE_Area": 1.624042659711801e-07}, "geometry": {"type": "MultiPolygon", "coordinates": [[[[-73.19171194099994, 44.47173912300008], [-73.19166751199998, 44.47150380200003], [-73.19222746699995, 44.47144941600004], [-73.19223884999997, 44.47151301700006], [-73.19227564099998, 44.47168085900006], [-73.19223265599999, 44.471740460000035], [-73.19172020699995, 44.47179039800005], [-73.19171194099994, 44.47173912300008]]]]}}, {"type": "Feature", "properties": {"OBJECTID": 308444, "SPAN": "600-188-13191", "GLIST_SPAN": "600-188-13191", "MAPID": "0610-00005.", "PARCID": "0610-00005.", "PROPTYPE": "PARCEL", "YEAR": 2018, "GLYEAR": 2022, "TOWN": "SOUTH BURLINGTON", "TNAME": "South Burlington", "SOURCENAME": "CITY", "SOURCETYPE": "UNKNOWN", "SOURCEDATE": "UNKNOWN", "EDITMETHOD": "UNKNOWN", "EDITOR": "UNKNOWN", "EDITDATE": "UNKNOWN", "MATCHSTAT": "MATCH", "EDITNOTE": null, "OWNER1": "STEINZOR SETH A", "OWNER2": "", "ADDRGL1": "5 EAST TERRACE", "ADDRGL2": "", "CITYGL": "S BURLINGTON", "STGL": "VT", "ZIPGL": "05403", "DESCPROP": ".26A; DWL", "LOCAPROP": "", "CAT": "Residential-1", "RESCODE": "T", "ACRESGL": 0.26, "REAL_FLV": 292700, "HSTED_FLV": 292700, "NRES_FLV": 0, "LAND_LV": 117600, "IMPRV_LV": 175100, "EQUIPVAL": 0, "EQUIPCODE": "", "INVENVAL": 0, "HSDECL": "Y", "HSITEVAL": 292700, "VETEXAMT": 0, "EXPDESC": "", "ENDDATE": "", "STATUTE": "", "EXAMT_HS": 0, "EXAMT_NR": 0, "UVREDUC_HS": 0, "UVREDUC_NR": 0, "GLVAL_HS": 2927.0, "GLVAL_NR": 0.0, "CRHOUSPCT": 0.0, "MUNGL1PCT": 2927.0, "AOEGL_HS": 2927.0, "AOEGL_NR": 0.0, "E911ADDR": "5 EAST TERR", "SHAPE_Length": 0.001560106282739354, "SHAPE_Area": 1.2187007822102598e-07}, "geometry": {"type": "MultiPolygon", "coordinates": [[[[-73.19102778599995, 44.47114934200005], [-73.19158334599996, 44.471081741000035], [-73.19162819599995, 44.47130537400005], [-73.19106525299998, 44.471353306000026], [-73.19103993499994, 44.471211495000034], [-73.19102778599995, 44.47114934200005]]]]}}, {"type": "Feature", "properties": {"OBJECTID": 308666, "SPAN": "600-188-11629", "GLIST_SPAN": "600-188-11629", "MAPID": "0610-00020.", "PARCID": "0610-00020.", "PROPTYPE": "PARCEL", "YEAR": 2018, "GLYEAR": 2022, "TOWN": "SOUTH BURLINGTON", "TNAME": "South Burlington", "SOURCENAME": "CITY", "SOURCETYPE": "UNKNOWN", "SOURCEDATE": "UNKNOWN", "EDITMETHOD": "UNKNOWN", "EDITOR": "UNKNOWN", "EDITDATE": "UNKNOWN", "MATCHSTAT": "MATCH", "EDITNOTE": null, "OWNER1": "FARLEY LIAM", "OWNER2": "", "ADDRGL1": "20 EAST TERRACE", "ADDRGL2": "", "CITYGL": "S BURLINGTON", "STGL": "VT", "ZIPGL": "05403", "DESCPROP": "0.26A; DWL", "LOCAPROP": "", "CAT": "Residential-1", "RESCODE": "T", "ACRESGL": 0.26, "REAL_FLV": 388300, "HSTED_FLV": 388300, "NRES_FLV": 0, "LAND_LV": 105800, "IMPRV_LV": 282500, "EQUIPVAL": 0, "EQUIPCODE": "", "INVENVAL": 0, "HSDECL": "Y", "HSITEVAL": 388300, "VETEXAMT": 0, "EXPDESC": "", "ENDDATE": "", "STATUTE": "", "EXAMT_HS": 0, "EXAMT_NR": 0, "UVREDUC_HS": 0, "UVREDUC_NR": 0, "GLVAL_HS": 3883.0, "GLVAL_NR": 0.0, "CRHOUSPCT": 0.0, "MUNGL1PCT": 3883.0, "AOEGL_HS": 3883.0, "AOEGL_NR": 0.0, "E911ADDR": "20 EAST TERR", "SHAPE_Length": 0.0015253581109273418, "SHAPE_Area": 1.1277046774347875e-07}, "geometry": {"type": "MultiPolygon", "coordinates": [[[[-73.18997358199994, 44.469712936000064], [-73.19053535299997, 44.46966475700003], [-73.19056171099999, 44.46981146200005], [-73.19057129699996, 44.46986521100007], [-73.19001708399998, 44.46991004300003], [-73.18997358199994, 44.469712936000064]]]]}}, {"type": "Feature", "properties": {"OBJECTID": 308837, "SPAN": "600-188-11673", "GLIST_SPAN": "600-188-11673", "MAPID": "0610-00022.", "PARCID": "0610-00022.", "PROPTYPE": "PARCEL", "YEAR": 2018, "GLYEAR": 2022, "TOWN": "SOUTH BURLINGTON", "TNAME": "South Burlington", "SOURCENAME": "CITY", "SOURCETYPE": "UNKNOWN", "SOURCEDATE": "UNKNOWN", "EDITMETHOD": "UNKNOWN", "EDITOR": "UNKNOWN", "EDITDATE": "UNKNOWN", "MATCHSTAT": "MATCH", "EDITNOTE": null, "OWNER1": "DELHAGEN LINDA K & PATTI", "OWNER2": "BREINER M & SAYERS R & K", "ADDRGL1": "22 EAST TERR", "ADDRGL2": "", "CITYGL": "S BURLINGTON", "STGL": "VT", "ZIPGL": "05403", "DESCPROP": ".26A; DWL", "LOCAPROP": "", "CAT": "Residential-1", "RESCODE": "T", "ACRESGL": 0.26, "REAL_FLV": 335000, "HSTED_FLV": 335000, "NRES_FLV": 0, "LAND_LV": 117600, "IMPRV_LV": 217400, "EQUIPVAL": 0, "EQUIPCODE": "", "INVENVAL": 0, "HSDECL": "Y", "HSITEVAL": 335000, "VETEXAMT": 0, "EXPDESC": "", "ENDDATE": "", "STATUTE": "", "EXAMT_HS": 0, "EXAMT_NR": 0, "UVREDUC_HS": 0, "UVREDUC_NR": 0, "GLVAL_HS": 3350.0, "GLVAL_NR": 0.0, "CRHOUSPCT": 0.0, "MUNGL1PCT": 3350.0, "AOEGL_HS": 3350.0, "AOEGL_NR": 0.0, "E911ADDR": "22 EAST TERR", "SHAPE_Length": 0.0015529360882661867, "SHAPE_Area": 1.186283507967976e-07}, "geometry": {"type": "MultiPolygon", "coordinates": [[[[-73.18993260099995, 44.46950826800003], [-73.19049782399998, 44.46945541100007], [-73.19052408399995, 44.46960203200007], [-73.19053535299997, 44.46966475700003], [-73.18997358199994, 44.469712936000064], [-73.18993260099995, 44.46950826800003]]]]}}, {"type": "Feature", "properties": {"OBJECTID": 308953, "SPAN": "600-188-12535", "GLIST_SPAN": "600-188-12535", "MAPID": "1640-00134.", "PARCID": "1640-00134.", "PROPTYPE": "PARCEL", "YEAR": 2018, "GLYEAR": 2022, "TOWN": "SOUTH BURLINGTON", "TNAME": "South Burlington", "SOURCENAME": "CITY", "SOURCETYPE": "UNKNOWN", "SOURCEDATE": "UNKNOWN", "EDITMETHOD": "UNKNOWN", "EDITOR": "UNKNOWN", "EDITDATE": "UNKNOWN", "MATCHSTAT": "MATCH", "EDITNOTE": null, "OWNER1": "BISSONETTE TINA M & SAMANTHA J", "OWNER2": "", "ADDRGL1": "19 TIMBER RIDGE RD", "ADDRGL2": "", "CITYGL": "UNDERHILL", "STGL": "VT", "ZIPGL": "05489", "DESCPROP": ".26A DWL", "LOCAPROP": "", "CAT": "Residential-1", "RESCODE": "T", "ACRESGL": 0.26, "REAL_FLV": 324300, "HSTED_FLV": 0, "NRES_FLV": 324300, "LAND_LV": 97700, "IMPRV_LV": 226600, "EQUIPVAL": 0, "EQUIPCODE": "", "INVENVAL": 0, "HSDECL": "N", "HSITEVAL": 324300, "VETEXAMT": 0, "EXPDESC": "", "ENDDATE": "", "STATUTE": "", "EXAMT_HS": 0, "EXAMT_NR": 0, "UVREDUC_HS": 0, "UVREDUC_NR": 0, "GLVAL_HS": 0.0, "GLVAL_NR": 3243.0, "CRHOUSPCT": 0.0, "MUNGL1PCT": 3243.0, "AOEGL_HS": 0.0, "AOEGL_NR": 3243.0, "E911ADDR": "134 SPEAR ST", "SHAPE_Length": 0.0015448225171959303, "SHAPE_Area": 1.1643716838477312e-07}, "geometry": {"type": "MultiPolygon", "coordinates": [[[[-73.19135677699995, 44.46986544600003], [-73.19192075899997, 44.46981838800008], [-73.19193596999997, 44.46989045200007], [-73.19195743799997, 44.470022423000046], [-73.19139276799996, 44.47006733300003], [-73.19135677699995, 44.46986544600003]]]]}}, {"type": "Feature", "properties": {"OBJECTID": 309270, "SPAN": "600-188-11783", "GLIST_SPAN": "600-188-11783", "MAPID": "1640-00096.", "PARCID": "1640-00096.", "PROPTYPE": "PARCEL", "YEAR": 2018, "GLYEAR": 2022, "TOWN": "SOUTH BURLINGTON", "TNAME": "South Burlington", "SOURCENAME": "CITY", "SOURCETYPE": "UNKNOWN", "SOURCEDATE": "UNKNOWN", "EDITMETHOD": "UNKNOWN", "EDITOR": "UNKNOWN", "EDITDATE": "UNKNOWN", "MATCHSTAT": "MATCH", "EDITNOTE": null, "OWNER1": "DIVINCENZO GERALD J & PATRICIA A", "OWNER2": "", "ADDRGL1": "96 SPEAR ST", "ADDRGL2": "", "CITYGL": "S BURLINGTON", "STGL": "VT", "ZIPGL": "05403", "DESCPROP": ".26A DWL", "LOCAPROP": "", "CAT": "Residential-1", "RESCODE": "T", "ACRESGL": 0.26, "REAL_FLV": 403600, "HSTED_FLV": 403600, "NRES_FLV": 0, "LAND_LV": 97700, "IMPRV_LV": 305900, "EQUIPVAL": 0, "EQUIPCODE": "", "INVENVAL": 0, "HSDECL": "Y", "HSITEVAL": 403600, "VETEXAMT": 0, "EXPDESC": "", "ENDDATE": "", "STATUTE": "", "EXAMT_HS": 0, "EXAMT_NR": 0, "UVREDUC_HS": 0, "UVREDUC_NR": 0, "GLVAL_HS": 4036.0, "GLVAL_NR": 0.0, "CRHOUSPCT": 0.0, "MUNGL1PCT": 4036.0, "AOEGL_HS": 4036.0, "AOEGL_NR": 0.0, "E911ADDR": "96 SPEAR ST", "SHAPE_Length": 0.001555619356618135, "SHAPE_Area": 1.1302797740751024e-07}, "geometry": {"type": "MultiPolygon", "coordinates": [[[[-73.19154594299994, 44.470879110000055], [-73.19211169299996, 44.470837860000074], [-73.19212363299994, 44.47090442100006], [-73.19216865099997, 44.47102253000003], [-73.19158334599996, 44.471081741000035], [-73.19154594299994, 44.470879110000055]]]]}}, {"type": "Feature", "properties": {"OBJECTID": 309534, "SPAN": "600-188-12699", "GLIST_SPAN": "600-188-12699", "MAPID": "0610-00016.", "PARCID": "0610-00016.", "PROPTYPE": "PARCEL", "YEAR": 2018, "GLYEAR": 2022, "TOWN": "SOUTH BURLINGTON", "TNAME": "South Burlington", "SOURCENAME": "CITY", "SOURCETYPE": "UNKNOWN", "SOURCEDATE": "UNKNOWN", "EDITMETHOD": "UNKNOWN", "EDITOR": "UNKNOWN", "EDITDATE": "UNKNOWN", "MATCHSTAT": "MATCH", "EDITNOTE": null, "OWNER1": "HAMILTON WILLIAM TRUST", "OWNER2": "", "ADDRGL1": "16 EAST TERRACE", "ADDRGL2": "", "CITYGL": "S BURLINGTON", "STGL": "VT", "ZIPGL": "05403", "DESCPROP": ".26A DWL", "LOCAPROP": "", "CAT": "Residential-1", "RESCODE": "T", "ACRESGL": 0.26, "REAL_FLV": 371400, "HSTED_FLV": 371400, "NRES_FLV": 0, "LAND_LV": 105800, "IMPRV_LV": 265600, "EQUIPVAL": 0, "EQUIPCODE": "", "INVENVAL": 0, "HSDECL": "Y", "HSITEVAL": 371400, "VETEXAMT": 0, "EXPDESC": "", "ENDDATE": "", "STATUTE": "", "EXAMT_HS": 0, "EXAMT_NR": 0, "UVREDUC_HS": 0, "UVREDUC_NR": 0, "GLVAL_HS": 3714.0, "GLVAL_NR": 0.0, "CRHOUSPCT": 0.0, "MUNGL1PCT": 3714.0, "AOEGL_HS": 3714.0, "AOEGL_NR": 0.0, "E911ADDR": "16 EAST TERR", "SHAPE_Length": 0.001519738953444406, "SHAPE_Area": 1.1304859568385819e-07}, "geometry": {"type": "MultiPolygon", "coordinates": [[[[-73.19005664699995, 44.47011135200006], [-73.19060748899994, 44.470058907000066], [-73.19064194999999, 44.470220452000035], [-73.19064936599995, 44.47025821700004], [-73.19009464999993, 44.470313118000036], [-73.19005664699995, 44.47011135200006]]]]}}, {"type": "Feature", "properties": {"OBJECTID": 309739, "SPAN": "600-188-12753", "GLIST_SPAN": "600-188-12753", "MAPID": "0610-00001.", "PARCID": "0610-00001.", "PROPTYPE": "PARCEL", "YEAR": 2018, "GLYEAR": 2022, "TOWN": "SOUTH BURLINGTON", "TNAME": "South Burlington", "SOURCENAME": "CITY", "SOURCETYPE": "UNKNOWN", "SOURCEDATE": "UNKNOWN", "EDITMETHOD": "UNKNOWN", "EDITOR": "UNKNOWN", "EDITDATE": "UNKNOWN", "MATCHSTAT": "MATCH", "EDITNOTE": null, "OWNER1": "HARRIS JOHN MATTHEW & JENNIFER", "OWNER2": "", "ADDRGL1": "85 ALDER LANE", "ADDRGL2": "", "CITYGL": "BURLINGTON", "STGL": "VT", "ZIPGL": "05401", "DESCPROP": ".26A DWL W/APT", "LOCAPROP": "", "CAT": "Residential-1", "RESCODE": "S", "ACRESGL": 0.26, "REAL_FLV": 332800, "HSTED_FLV": 0, "NRES_FLV": 332800, "LAND_LV": 117600, "IMPRV_LV": 215200, "EQUIPVAL": 0, "EQUIPCODE": "", "INVENVAL": 0, "HSDECL": "N", "HSITEVAL": 332800, "VETEXAMT": 0, "EXPDESC": "", "ENDDATE": "", "STATUTE": "", "EXAMT_HS": 0, "EXAMT_NR": 0, "UVREDUC_HS": 0, "UVREDUC_NR": 0, "GLVAL_HS": 0.0, "GLVAL_NR": 3328.0, "CRHOUSPCT": 0.0, "MUNGL1PCT": 3328.0, "AOEGL_HS": 0.0, "AOEGL_NR": 3328.0, "E911ADDR": "1 EAST TERR", "SHAPE_Length": 0.0016484124030326172, "SHAPE_Area": 1.3515858941016858e-07}, "geometry": {"type": "MultiPolygon", "coordinates": [[[[-73.19110400399995, 44.471557147000055], [-73.19166751199998, 44.47150380200003], [-73.19171194099994, 44.47173912300008], [-73.19109396999994, 44.471779420000075], [-73.19111006899993, 44.471583457000065], [-73.19110400399995, 44.471557147000055]]]]}}, {"type": "Feature", "properties": {"OBJECTID": 309813, "SPAN": "600-188-12774", "GLIST_SPAN": "600-188-12774", "MAPID": "1640-00156.", "PARCID": "1640-00156.", "PROPTYPE": "PARCEL", "YEAR": 2018, "GLYEAR": 2022, "TOWN": "SOUTH BURLINGTON", "TNAME": "South Burlington", "SOURCENAME": "CITY", "SOURCETYPE": "UNKNOWN", "SOURCEDATE": "UNKNOWN", "EDITMETHOD": "UNKNOWN", "EDITOR": "UNKNOWN", "EDITDATE": "UNKNOWN", "MATCHSTAT": "MATCH", "EDITNOTE": null, "OWNER1": "WEINSTEIN SARAH P & JOSHUA M", "OWNER2": "", "ADDRGL1": "156 SPEAR ST", "ADDRGL2": "", "CITYGL": "S BURLINGTON", "STGL": "VT", "ZIPGL": "05403", "DESCPROP": ".26A DWL", "LOCAPROP": "", "CAT": "Residential-1", "RESCODE": "T", "ACRESGL": 0.26, "REAL_FLV": 328800, "HSTED_FLV": 328800, "NRES_FLV": 0, "LAND_LV": 97700, "IMPRV_LV": 231100, "EQUIPVAL": 0, "EQUIPCODE": "", "INVENVAL": 0, "HSDECL": "Y", "HSITEVAL": 328800, "VETEXAMT": 0, "EXPDESC": "", "ENDDATE": "", "STATUTE": "", "EXAMT_HS": 0, "EXAMT_NR": 0, "UVREDUC_HS": 0, "UVREDUC_NR": 0, "GLVAL_HS": 3288.0, "GLVAL_NR": 0.0, "CRHOUSPCT": 0.0, "MUNGL1PCT": 3288.0, "AOEGL_HS": 3288.0, "AOEGL_NR": 0.0, "E911ADDR": "156 SPEAR ST", "SHAPE_Length": 0.0015496201003488922, "SHAPE_Area": 1.1733518553850316e-07}, "geometry": {"type": "MultiPolygon", "coordinates": [[[[-73.19124002999996, 44.469253396000056], [-73.19180270599998, 44.469204612000055], [-73.19182097599997, 44.46928368700003], [-73.19184340199996, 44.469408256000065], [-73.19127547199997, 44.46945739200004], [-73.19124002999996, 44.469253396000056]]]]}}, {"type": "Feature", "properties": {"OBJECTID": 309850, "SPAN": "600-188-11931", "GLIST_SPAN": "600-188-11931", "MAPID": "0610-00012.1/2", "PARCID": "0610-00012.1/2", "PROPTYPE": "PARCEL", "YEAR": 2018, "GLYEAR": 2022, "TOWN": "SOUTH BURLINGTON", "TNAME": "South Burlington", "SOURCENAME": "CITY", "SOURCETYPE": "UNKNOWN", "SOURCEDATE": "UNKNOWN", "EDITMETHOD": "UNKNOWN", "EDITOR": "UNKNOWN", "EDITDATE": "UNKNOWN", "MATCHSTAT": "MATCH", "EDITNOTE": null, "OWNER1": "TITUS DANIEL J", "OWNER2": "", "ADDRGL1": "830 HATHAWAY POINT RD", "ADDRGL2": "", "CITYGL": "ST ALBANS", "STGL": "VT", "ZIPGL": "05478", "DESCPROP": ".29A DWL", "LOCAPROP": "", "CAT": "Residential-1", "RESCODE": "S", "ACRESGL": 0.29, "REAL_FLV": 403100, "HSTED_FLV": 0, "NRES_FLV": 403100, "LAND_LV": 118000, "IMPRV_LV": 285100, "EQUIPVAL": 0, "EQUIPCODE": "", "INVENVAL": 0, "HSDECL": "N", "HSITEVAL": 403100, "VETEXAMT": 0, "EXPDESC": "", "ENDDATE": "", "STATUTE": "", "EXAMT_HS": 0, "EXAMT_NR": 0, "UVREDUC_HS": 0, "UVREDUC_NR": 0, "GLVAL_HS": 0.0, "GLVAL_NR": 4031.0, "CRHOUSPCT": 0.0, "MUNGL1PCT": 4031.0, "AOEGL_HS": 0.0, "AOEGL_NR": 4031.0, "E911ADDR": "121/2 EAST TERR", "SHAPE_Length": 0.0016482463667537948, "SHAPE_Area": 1.4735159888022074e-07}, "geometry": {"type": "MultiPolygon", "coordinates": [[[[-73.19071760199995, 44.470605239000065], [-73.19074830999995, 44.47076244800007], [-73.19076553199994, 44.47085940200003], [-73.19021117199998, 44.470919019000064], [-73.19015737199999, 44.470654823000075], [-73.19071760199995, 44.470605239000065]]]]}}, {"type": "Feature", "properties": {"OBJECTID": 309907, "SPAN": "600-188-11944", "GLIST_SPAN": "600-188-11944", "MAPID": "0610-00003.", "PARCID": "0610-00003.", "PROPTYPE": "PARCEL", "YEAR": 2018, "GLYEAR": 2022, "TOWN": "SOUTH BURLINGTON", "TNAME": "South Burlington", "SOURCENAME": "CITY", "SOURCETYPE": "UNKNOWN", "SOURCEDATE": "UNKNOWN", "EDITMETHOD": "UNKNOWN", "EDITOR": "UNKNOWN", "EDITDATE": "UNKNOWN", "MATCHSTAT": "MATCH", "EDITNOTE": null, "OWNER1": "EAST TERRACE M&A REALTY TRUST", "OWNER2": "", "ADDRGL1": "P O BOX 409", "ADDRGL2": "", "CITYGL": "WESTWOOD", "STGL": "MA", "ZIPGL": "02090", "DESCPROP": ".26A; DWL", "LOCAPROP": "", "CAT": "Residential-1", "RESCODE": "NS", "ACRESGL": 0.26, "REAL_FLV": 302200, "HSTED_FLV": 0, "NRES_FLV": 302200, "LAND_LV": 105800, "IMPRV_LV": 196400, "EQUIPVAL": 0, "EQUIPCODE": "", "INVENVAL": 0, "HSDECL": "N", "HSITEVAL": 302200, "VETEXAMT": 0, "EXPDESC": "", "ENDDATE": "", "STATUTE": "", "EXAMT_HS": 0, "EXAMT_NR": 0, "UVREDUC_HS": 0, "UVREDUC_NR": 0, "GLVAL_HS": 0.0, "GLVAL_NR": 3022.0, "CRHOUSPCT": 0.0, "MUNGL1PCT": 3022.0, "AOEGL_HS": 0.0, "AOEGL_NR": 3022.0, "E911ADDR": "3 EAST TERR", "SHAPE_Length": 0.0015407905356970902, "SHAPE_Area": 1.1533768721674445e-07}, "geometry": {"type": "MultiPolygon", "coordinates": [[[[-73.19106525299998, 44.471353306000026], [-73.19162819599995, 44.47130537400005], [-73.19166751199998, 44.47150380200003], [-73.19110400399995, 44.471557147000055], [-73.19107684599999, 44.47141826300003], [-73.19106525299998, 44.471353306000026]]]]}}, {"type": "Feature", "properties": {"OBJECTID": 310322, "SPAN": "600-188-14036", "GLIST_SPAN": "600-188-14036", "MAPID": "0610-00021.", "PARCID": "0610-00021.", "PROPTYPE": "PARCEL", "YEAR": 2018, "GLYEAR": 2022, "TOWN": "SOUTH BURLINGTON", "TNAME": "South Burlington", "SOURCENAME": "CITY", "SOURCETYPE": "UNKNOWN", "SOURCEDATE": "UNKNOWN", "EDITMETHOD": "UNKNOWN", "EDITOR": "UNKNOWN", "EDITDATE": "UNKNOWN", "MATCHSTAT": "MATCH", "EDITNOTE": null, "OWNER1": "BRACKBILL DEVON", "OWNER2": "FOSBENNER STEPHANIE", "ADDRGL1": "21 EAST TERRACE", "ADDRGL2": "", "CITYGL": "S BURLINGTON", "STGL": "VT", "ZIPGL": "05403", "DESCPROP": ".026A; DWL", "LOCAPROP": "", "CAT": "Residential-1", "RESCODE": "T", "ACRESGL": 0.26, "REAL_FLV": 311700, "HSTED_FLV": 0, "NRES_FLV": 311700, "LAND_LV": 117600, "IMPRV_LV": 194100, "EQUIPVAL": 0, "EQUIPCODE": "", "INVENVAL": 0, "HSDECL": "N", "HSITEVAL": 311700, "VETEXAMT": 0, "EXPDESC": "", "ENDDATE": "", "STATUTE": "", "EXAMT_HS": 0, "EXAMT_NR": 0, "UVREDUC_HS": 0, "UVREDUC_NR": 0, "GLVAL_HS": 0.0, "GLVAL_NR": 3117.0, "CRHOUSPCT": 0.0, "MUNGL1PCT": 3117.0, "AOEGL_HS": 0.0, "AOEGL_NR": 3117.0, "E911ADDR": "21 EAST TERR", "SHAPE_Length": 0.00155768093238218, "SHAPE_Area": 1.1859432408545331e-07}, "geometry": {"type": "MultiPolygon", "coordinates": [[[[-73.19071077999996, 44.46951509500008], [-73.19127547199997, 44.46945739200004], [-73.19132055099993, 44.46966144000004], [-73.19075162599995, 44.469720178000046], [-73.19072340199995, 44.46958549800007], [-73.19071077999996, 44.46951509500008]]]]}}, {"type": "Feature", "properties": {"OBJECTID": 310565, "SPAN": "600-188-14481", "GLIST_SPAN": "600-188-14481", "MAPID": "0610-00014.", "PARCID": "0610-00014.", "PROPTYPE": "PARCEL", "YEAR": 2018, "GLYEAR": 2022, "TOWN": "SOUTH BURLINGTON", "TNAME": "South Burlington", "SOURCENAME": "CITY", "SOURCETYPE": "UNKNOWN", "SOURCEDATE": "UNKNOWN", "EDITMETHOD": "UNKNOWN", "EDITOR": "UNKNOWN", "EDITDATE": "UNKNOWN", "MATCHSTAT": "MATCH", "EDITNOTE": null, "OWNER1": "M AND J PROPERTIES LLC", "OWNER2": "", "ADDRGL1": "61 NOTTINGHAM DR", "ADDRGL2": "", "CITYGL": "EATONTOWN", "STGL": "NJ", "ZIPGL": "07724", "DESCPROP": ".26A DWL", "LOCAPROP": "", "CAT": "Residential-1", "RESCODE": "C", "ACRESGL": 0.26, "REAL_FLV": 421200, "HSTED_FLV": 0, "NRES_FLV": 421200, "LAND_LV": 105800, "IMPRV_LV": 315400, "EQUIPVAL": 0, "EQUIPCODE": "", "INVENVAL": 0, "HSDECL": "N", "HSITEVAL": 421200, "VETEXAMT": 0, "EXPDESC": "", "ENDDATE": "", "STATUTE": "", "EXAMT_HS": 0, "EXAMT_NR": 0, "UVREDUC_HS": 0, "UVREDUC_NR": 0, "GLVAL_HS": 0.0, "GLVAL_NR": 4212.0, "CRHOUSPCT": 0.0, "MUNGL1PCT": 4212.0, "AOEGL_HS": 0.0, "AOEGL_NR": 4212.0, "E911ADDR": "14 EAST TERR", "SHAPE_Length": 0.001523544920860596, "SHAPE_Area": 1.1336555056921241e-07}, "geometry": {"type": "MultiPolygon", "coordinates": [[[[-73.19009464999993, 44.470313118000036], [-73.19064936599995, 44.47025821700004], [-73.19068113099996, 44.47042003400003], [-73.19068853999994, 44.47045765200005], [-73.19013370899995, 44.47051450200007], [-73.19009464999993, 44.470313118000036]]]]}}, {"type": "Feature", "properties": {"OBJECTID": 310642, "SPAN": "600-188-14560", "GLIST_SPAN": "600-188-14560", "MAPID": "1640-00148.", "PARCID": "1640-00148.", "PROPTYPE": "PARCEL", "YEAR": 2018, "GLYEAR": 2022, "TOWN": "SOUTH BURLINGTON", "TNAME": "South Burlington", "SOURCENAME": "CITY", "SOURCETYPE": "UNKNOWN", "SOURCEDATE": "UNKNOWN", "EDITMETHOD": "UNKNOWN", "EDITOR": "UNKNOWN", "EDITDATE": "UNKNOWN", "MATCHSTAT": "MATCH", "EDITNOTE": null, "OWNER1": "NEMCOSKY RONALD A & RADETTA A", "OWNER2": "", "ADDRGL1": "148 SPEAR ST", "ADDRGL2": "", "CITYGL": "S BURLINGTON", "STGL": "VT", "ZIPGL": "05403", "DESCPROP": ".26A; DWL", "LOCAPROP": "", "CAT": "Residential-1", "RESCODE": "T", "ACRESGL": 0.26, "REAL_FLV": 270500, "HSTED_FLV": 270500, "NRES_FLV": 0, "LAND_LV": 97700, "IMPRV_LV": 172800, "EQUIPVAL": 0, "EQUIPCODE": "", "INVENVAL": 0, "HSDECL": "Y", "HSITEVAL": 270500, "VETEXAMT": 0, "EXPDESC": "", "ENDDATE": "", "STATUTE": "", "EXAMT_HS": 0, "EXAMT_NR": 0, "UVREDUC_HS": 0, "UVREDUC_NR": 0, "GLVAL_HS": 2705.0, "GLVAL_NR": 0.0, "CRHOUSPCT": 0.0, "MUNGL1PCT": 2705.0, "AOEGL_HS": 2705.0, "AOEGL_NR": 0.0, "E911ADDR": "148 SPEAR ST", "SHAPE_Length": 0.0015476809359773263, "SHAPE_Area": 1.1701652206318622e-07}, "geometry": {"type": "MultiPolygon", "coordinates": [[[[-73.19127547199997, 44.46945739200004], [-73.19184340199996, 44.469408256000065], [-73.19185607999998, 44.469478647000074], [-73.19187977499996, 44.469612324000025], [-73.19132055099993, 44.46966144000004], [-73.19127547199997, 44.46945739200004]]]]}}, {"type": "Feature", "properties": {"OBJECTID": 310675, "SPAN": "600-188-14593", "GLIST_SPAN": "600-188-14593", "MAPID": "1640-00100.", "PARCID": "1640-00100.", "PROPTYPE": "PARCEL", "YEAR": 2018, "GLYEAR": 2022, "TOWN": "SOUTH BURLINGTON", "TNAME": "South Burlington", "SOURCENAME": "CITY", "SOURCETYPE": "UNKNOWN", "SOURCEDATE": "UNKNOWN", "EDITMETHOD": "UNKNOWN", "EDITOR": "UNKNOWN", "EDITDATE": "UNKNOWN", "MATCHSTAT": "MATCH", "EDITNOTE": null, "OWNER1": "NIELSON-KILCOYNE JOANN P LIFE ESTATE", "OWNER2": "", "ADDRGL1": "100 SPEAR ST", "ADDRGL2": "", "CITYGL": "S BURLINGTON", "STGL": "VT", "ZIPGL": "05403", "DESCPROP": ".26A DWL", "LOCAPROP": "", "CAT": "Residential-1", "RESCODE": "T", "ACRESGL": 0.26, "REAL_FLV": 304200, "HSTED_FLV": 0, "NRES_FLV": 304200, "LAND_LV": 97700, "IMPRV_LV": 206500, "EQUIPVAL": 0, "EQUIPCODE": "", "INVENVAL": 0, "HSDECL": "N", "HSITEVAL": 304200, "VETEXAMT": 0, "EXPDESC": "", "ENDDATE": "", "STATUTE": "", "EXAMT_HS": 0, "EXAMT_NR": 0, "UVREDUC_HS": 0, "UVREDUC_NR": 0, "GLVAL_HS": 0.0, "GLVAL_NR": 3042.0, "CRHOUSPCT": 0.0, "MUNGL1PCT": 3042.0, "AOEGL_HS": 0.0, "AOEGL_NR": 3042.0, "E911ADDR": "100 SPEAR ST", "SHAPE_Length": 0.0015447408182071756, "SHAPE_Area": 1.1608581123138312e-07}, "geometry": {"type": "MultiPolygon", "coordinates": [[[[-73.19151020099997, 44.470677790000025], [-73.19207412499998, 44.47063390400007], [-73.19208736399997, 44.47070215600007], [-73.19211169299996, 44.470837860000074], [-73.19154594299994, 44.470879110000055], [-73.19151020099997, 44.470677790000025]]]]}}, {"type": "Feature", "properties": {"OBJECTID": 310684, "SPAN": "600-188-14602", "GLIST_SPAN": "600-188-14602", "MAPID": "0610-00007.", "PARCID": "0610-00007.", "PROPTYPE": "PARCEL", "YEAR": 2018, "GLYEAR": 2022, "TOWN": "SOUTH BURLINGTON", "TNAME": "South Burlington", "SOURCENAME": "CITY", "SOURCETYPE": "UNKNOWN", "SOURCEDATE": "UNKNOWN", "EDITMETHOD": "UNKNOWN", "EDITOR": "UNKNOWN", "EDITDATE": "UNKNOWN", "MATCHSTAT": "MATCH", "EDITNOTE": null, "OWNER1": "MAKRIDES WENDY", "OWNER2": "", "ADDRGL1": "2004 S W JEFFERSON ST APT 5", "ADDRGL2": "", "CITYGL": "Portland", "STGL": "OR", "ZIPGL": "97201-6130", "DESCPROP": ".26A DWL", "LOCAPROP": "", "CAT": "Residential-1", "RESCODE": "T", "ACRESGL": 0.26, "REAL_FLV": 377300, "HSTED_FLV": 0, "NRES_FLV": 377300, "LAND_LV": 117600, "IMPRV_LV": 259700, "EQUIPVAL": 0, "EQUIPCODE": "", "INVENVAL": 0, "HSDECL": "N", "HSITEVAL": 377300, "VETEXAMT": 0, "EXPDESC": "", "ENDDATE": "", "STATUTE": "", "EXAMT_HS": 0, "EXAMT_NR": 0, "UVREDUC_HS": 0, "UVREDUC_NR": 0, "GLVAL_HS": 0.0, "GLVAL_NR": 3773.0, "CRHOUSPCT": 0.0, "MUNGL1PCT": 3773.0, "AOEGL_HS": 0.0, "AOEGL_NR": 3773.0, "E911ADDR": "7 EAST TERR", "SHAPE_Length": 0.0015345953660274743, "SHAPE_Area": 1.1569308637844847e-07}, "geometry": {"type": "MultiPolygon", "coordinates": [[[[-73.19098854299995, 44.47094555000007], [-73.19154594299994, 44.470879110000055], [-73.19158334599996, 44.471081741000035], [-73.19102778599995, 44.47114934200005], [-73.19100126699993, 44.47101374300007], [-73.19098854299995, 44.47094555000007]]]]}}, {"type": "Feature", "properties": {"OBJECTID": 310838, "SPAN": "600-188-14759", "GLIST_SPAN": "600-188-14759", "MAPID": "0610-00009.", "PARCID": "0610-00009.", "PROPTYPE": "PARCEL", "YEAR": 2018, "GLYEAR": 2022, "TOWN": "SOUTH BURLINGTON", "TNAME": "South Burlington", "SOURCENAME": "CITY", "SOURCETYPE": "UNKNOWN", "SOURCEDATE": "UNKNOWN", "EDITMETHOD": "UNKNOWN", "EDITOR": "UNKNOWN", "EDITDATE": "UNKNOWN", "MATCHSTAT": "MATCH", "EDITNOTE": null, "OWNER1": "KILCOYNE JOHN S & JOANN P N", "OWNER2": "", "ADDRGL1": "9 EAST TERRACE", "ADDRGL2": "", "CITYGL": "S BURLINGTON", "STGL": "VT", "ZIPGL": "05403", "DESCPROP": ".34A DWL", "LOCAPROP": "", "CAT": "Residential-1", "RESCODE": "T", "ACRESGL": 0.34, "REAL_FLV": 739400, "HSTED_FLV": 739400, "NRES_FLV": 0, "LAND_LV": 118600, "IMPRV_LV": 620800, "EQUIPVAL": 0, "EQUIPCODE": "", "INVENVAL": 0, "HSDECL": "Y", "HSITEVAL": 739400, "VETEXAMT": 0, "EXPDESC": "", "ENDDATE": "", "STATUTE": "", "EXAMT_HS": 0, "EXAMT_NR": 0, "UVREDUC_HS": 0, "UVREDUC_NR": 0, "GLVAL_HS": 7394.0, "GLVAL_NR": 0.0, "CRHOUSPCT": 0.0, "MUNGL1PCT": 7394.0, "AOEGL_HS": 7394.0, "AOEGL_NR": 0.0, "E911ADDR": "9 EAST TERR", "SHAPE_Length": 0.0016715565985070428, "SHAPE_Area": 1.5438417621943084e-07}, "geometry": {"type": "MultiPolygon", "coordinates": [[[[-73.19093787799994, 44.47067366500005], [-73.19149353699999, 44.47060993100007], [-73.19151020099997, 44.470677790000025], [-73.19154594299994, 44.470879110000055], [-73.19098854299995, 44.47094555000007], [-73.19095063699996, 44.47074237700008], [-73.19093787799994, 44.47067366500005]]]]}}, {"type": "Feature", "properties": {"OBJECTID": 310918, "SPAN": "600-188-14840", "GLIST_SPAN": "600-188-14840", "MAPID": "0610-00019.", "PARCID": "0610-00019.", "PROPTYPE": "PARCEL", "YEAR": 2018, "GLYEAR": 2022, "TOWN": "SOUTH BURLINGTON", "TNAME": "South Burlington", "SOURCENAME": "CITY", "SOURCETYPE": "UNKNOWN", "SOURCEDATE": "UNKNOWN", "EDITMETHOD": "UNKNOWN", "EDITOR": "UNKNOWN", "EDITDATE": "UNKNOWN", "MATCHSTAT": "MATCH", "EDITNOTE": null, "OWNER1": "PATERSON GORDON & HESTER H", "OWNER2": "", "ADDRGL1": "19 EAST TERR", "ADDRGL2": "", "CITYGL": "S BURLINGTON", "STGL": "VT", "ZIPGL": "05403", "DESCPROP": ".26A; DWL", "LOCAPROP": "", "CAT": "Residential-1", "RESCODE": "T", "ACRESGL": 0.26, "REAL_FLV": 390600, "HSTED_FLV": 390600, "NRES_FLV": 0, "LAND_LV": 117600, "IMPRV_LV": 273000, "EQUIPVAL": 0, "EQUIPCODE": "", "INVENVAL": 0, "HSDECL": "Y", "HSITEVAL": 390600, "VETEXAMT": 0, "EXPDESC": "", "ENDDATE": "", "STATUTE": "", "EXAMT_HS": 0, "EXAMT_NR": 0, "UVREDUC_HS": 0, "UVREDUC_NR": 0, "GLVAL_HS": 3906.0, "GLVAL_NR": 0.0, "CRHOUSPCT": 0.0, "MUNGL1PCT": 3906.0, "AOEGL_HS": 3906.0, "AOEGL_NR": 0.0, "E911ADDR": "19 EAST TERR", "SHAPE_Length": 0.0015561100607277198, "SHAPE_Area": 1.1781449107687874e-07}, "geometry": {"type": "MultiPolygon", "coordinates": [[[[-73.19075162599995, 44.469720178000046], [-73.19132055099993, 44.46966144000004], [-73.19135677699995, 44.46986544600003], [-73.19079034499998, 44.46992402300003], [-73.19076710599995, 44.46979404800004], [-73.19075162599995, 44.469720178000046]]]]}}, {"type": "Feature", "properties": {"OBJECTID": 310962, "SPAN": "600-188-14877", "GLIST_SPAN": "600-188-14877", "MAPID": "1640-00082.", "PARCID": "1640-00082.", "PROPTYPE": "PARCEL", "YEAR": 2018, "GLYEAR": 2022, "TOWN": "SOUTH BURLINGTON", "TNAME": "South Burlington", "SOURCENAME": "CITY", "SOURCETYPE": "UNKNOWN", "SOURCEDATE": "UNKNOWN", "EDITMETHOD": "UNKNOWN", "EDITOR": "UNKNOWN", "EDITDATE": "UNKNOWN", "MATCHSTAT": "MATCH", "EDITNOTE": null, "OWNER1": "PEDEN ROBERT B & MARCELLA M TRUST", "OWNER2": "", "ADDRGL1": "82 SPEAR STREET", "ADDRGL2": "", "CITYGL": "S BURLINGTON", "STGL": "VT", "ZIPGL": "05403", "DESCPROP": ".26A DWL", "LOCAPROP": "", "CAT": "Residential-1", "RESCODE": "T", "ACRESGL": 0.26, "REAL_FLV": 431700, "HSTED_FLV": 0, "NRES_FLV": 431700, "LAND_LV": 97700, "IMPRV_LV": 334000, "EQUIPVAL": 0, "EQUIPCODE": "", "INVENVAL": 0, "HSDECL": "N", "HSITEVAL": 431700, "VETEXAMT": 0, "EXPDESC": "", "ENDDATE": "", "STATUTE": "", "EXAMT_HS": 0, "EXAMT_NR": 0, "UVREDUC_HS": 0, "UVREDUC_NR": 0, "GLVAL_HS": 0.0, "GLVAL_NR": 4317.0, "CRHOUSPCT": 0.0, "MUNGL1PCT": 4317.0, "AOEGL_HS": 0.0, "AOEGL_NR": 4317.0, "E911ADDR": "82 SPEAR ST", "SHAPE_Length": 0.0015686582177670434, "SHAPE_Area": 1.1519831076931033e-07}, "geometry": {"type": "MultiPolygon", "coordinates": [[[[-73.19162819599995, 44.47130537400005], [-73.19221982599998, 44.47124518700008], [-73.19220183799996, 44.471306251000044], [-73.19222746699995, 44.47144941600004], [-73.19166751199998, 44.47150380200003], [-73.19162819599995, 44.47130537400005]]]]}}, {"type": "Feature", "properties": {"OBJECTID": 311177, "SPAN": "600-188-13731", "GLIST_SPAN": "600-188-13731", "MAPID": "0610-00018.", "PARCID": "0610-00018.", "PROPTYPE": "PARCEL", "YEAR": 2018, "GLYEAR": 2022, "TOWN": "SOUTH BURLINGTON", "TNAME": "South Burlington", "SOURCENAME": "CITY", "SOURCETYPE": "UNKNOWN", "SOURCEDATE": "UNKNOWN", "EDITMETHOD": "UNKNOWN", "EDITOR": "UNKNOWN", "EDITDATE": "UNKNOWN", "MATCHSTAT": "MATCH", "EDITNOTE": null, "OWNER1": "LEW RICHARD R & MARY W TRUST", "OWNER2": "", "ADDRGL1": "1067 MARBLE ISLAND RD UNIT 2", "ADDRGL2": "", "CITYGL": "COLCHESTER", "STGL": "VT", "ZIPGL": "05446", "DESCPROP": ".26A; DWL", "LOCAPROP": "", "CAT": "Residential-1", "RESCODE": "S", "ACRESGL": 0.26, "REAL_FLV": 359300, "HSTED_FLV": 0, "NRES_FLV": 359300, "LAND_LV": 117600, "IMPRV_LV": 241700, "EQUIPVAL": 0, "EQUIPCODE": "", "INVENVAL": 0, "HSDECL": "N", "HSITEVAL": 359300, "VETEXAMT": 0, "EXPDESC": "", "ENDDATE": "", "STATUTE": "", "EXAMT_HS": 0, "EXAMT_NR": 0, "UVREDUC_HS": 0, "UVREDUC_NR": 0, "GLVAL_HS": 0.0, "GLVAL_NR": 3593.0, "CRHOUSPCT": 0.0, "MUNGL1PCT": 3593.0, "AOEGL_HS": 0.0, "AOEGL_NR": 3593.0, "E911ADDR": "18 EAST TERR", "SHAPE_Length": 0.0015115849921827598, "SHAPE_Area": 1.1084718761609094e-07}, "geometry": {"type": "MultiPolygon", "coordinates": [[[[-73.19001708399998, 44.46991004300003], [-73.19057129699996, 44.46986521100007], [-73.19059746099998, 44.47001190700007], [-73.19060748899994, 44.470058907000066], [-73.19005664699995, 44.47011135200006], [-73.19001708399998, 44.46991004300003]]]]}}, {"type": "Feature", "properties": {"OBJECTID": 311223, "SPAN": "600-188-14971", "GLIST_SPAN": "600-188-14971", "MAPID": "1640-00106.", "PARCID": "1640-00106.", "PROPTYPE": "PARCEL", "YEAR": 2018, "GLYEAR": 2022, "TOWN": "SOUTH BURLINGTON", "TNAME": "South Burlington", "SOURCENAME": "CITY", "SOURCETYPE": "UNKNOWN", "SOURCEDATE": "UNKNOWN", "EDITMETHOD": "UNKNOWN", "EDITOR": "UNKNOWN", "EDITDATE": "UNKNOWN", "MATCHSTAT": "MATCH", "EDITNOTE": null, "OWNER1": "PETERSON GARTH L & CLARA J TRUST", "OWNER2": "", "ADDRGL1": "106 SPEAR ST", "ADDRGL2": "", "CITYGL": "S BURLINGTON", "STGL": "VT", "ZIPGL": "05403", "DESCPROP": ".26A DWL", "LOCAPROP": "", "CAT": "Residential-1", "RESCODE": "T", "ACRESGL": 0.26, "REAL_FLV": 398500, "HSTED_FLV": 398500, "NRES_FLV": 0, "LAND_LV": 97700, "IMPRV_LV": 300800, "EQUIPVAL": 0, "EQUIPCODE": "", "INVENVAL": 0, "HSDECL": "Y", "HSITEVAL": 398500, "VETEXAMT": 0, "EXPDESC": "", "ENDDATE": "", "STATUTE": "", "EXAMT_HS": 0, "EXAMT_NR": 0, "UVREDUC_HS": 0, "UVREDUC_NR": 0, "GLVAL_HS": 3985.0, "GLVAL_NR": 0.0, "CRHOUSPCT": 0.0, "MUNGL1PCT": 3985.0, "AOEGL_HS": 3985.0, "AOEGL_NR": 0.0, "E911ADDR": "106 SPEAR ST", "SHAPE_Length": 0.0015473581320992864, "SHAPE_Area": 1.1705023222465426e-07}, "geometry": {"type": "MultiPolygon", "coordinates": [[[[-73.19149353699999, 44.47060993100007], [-73.19147078699996, 44.47047394600003], [-73.19203558699996, 44.47043004400007], [-73.19204762199996, 44.470497238000064], [-73.19207412499998, 44.47063390400007], [-73.19151020099997, 44.470677790000025], [-73.19149353699999, 44.47060993100007]]]]}}, {"type": "Feature", "properties": {"OBJECTID": 312069, "SPAN": "600-188-15262", "GLIST_SPAN": "600-188-15262", "MAPID": "1640-00126.", "PARCID": "1640-00126.", "PROPTYPE": "PARCEL", "YEAR": 2018, "GLYEAR": 2022, "TOWN": "SOUTH BURLINGTON", "TNAME": "South Burlington", "SOURCENAME": "CITY", "SOURCETYPE": "UNKNOWN", "SOURCEDATE": "UNKNOWN", "EDITMETHOD": "UNKNOWN", "EDITOR": "UNKNOWN", "EDITDATE": "UNKNOWN", "MATCHSTAT": "MATCH", "EDITNOTE": null, "OWNER1": "CONNOLLY QUALIFIED DOMESTIC TRUST", "OWNER2": "C/O FULL CIRCLE PROPERTY MGMT", "ADDRGL1": "PO BOX 4057", "ADDRGL2": "", "CITYGL": "BURLINGTON", "STGL": "VT", "ZIPGL": "05406", "DESCPROP": ".26A DWL", "LOCAPROP": "", "CAT": "Residential-1", "RESCODE": "T", "ACRESGL": 0.26, "REAL_FLV": 336200, "HSTED_FLV": 0, "NRES_FLV": 336200, "LAND_LV": 97700, "IMPRV_LV": 238500, "EQUIPVAL": 0, "EQUIPCODE": "", "INVENVAL": 0, "HSDECL": "N", "HSITEVAL": 336200, "VETEXAMT": 0, "EXPDESC": "", "ENDDATE": "", "STATUTE": "", "EXAMT_HS": 0, "EXAMT_NR": 0, "UVREDUC_HS": 0, "UVREDUC_NR": 0, "GLVAL_HS": 0.0, "GLVAL_NR": 3362.0, "CRHOUSPCT": 0.0, "MUNGL1PCT": 3362.0, "AOEGL_HS": 0.0, "AOEGL_NR": 3362.0, "E911ADDR": "126 SPEAR ST", "SHAPE_Length": 0.0015444740953189096, "SHAPE_Area": 1.1593613625957051e-07}, "geometry": {"type": "MultiPolygon", "coordinates": [[[[-73.19139276799996, 44.47006733300003], [-73.19195743799997, 44.470022423000046], [-73.19196858099997, 44.470090912000046], [-73.19199687399998, 44.47022620000007], [-73.19143447799996, 44.470269435000034], [-73.19139276799996, 44.47006733300003]]]]}}, {"type": "Feature", "properties": {"OBJECTID": 312157, "SPAN": "600-188-15756", "GLIST_SPAN": "600-188-15756", "MAPID": "0610-00011.", "PARCID": "0610-00011.", "PROPTYPE": "PARCEL", "YEAR": 2018, "GLYEAR": 2022, "TOWN": "SOUTH BURLINGTON", "TNAME": "South Burlington", "SOURCENAME": "CITY", "SOURCETYPE": "UNKNOWN", "SOURCEDATE": "UNKNOWN", "EDITMETHOD": "UNKNOWN", "EDITOR": "UNKNOWN", "EDITDATE": "UNKNOWN", "MATCHSTAT": "MATCH", "EDITNOTE": null, "OWNER1": "DONG JING J", "OWNER2": "", "ADDRGL1": "1381 PUTNAM AVE", "ADDRGL2": "", "CITYGL": "BROOKLYN", "STGL": "NY", "ZIPGL": "11221-5033", "DESCPROP": ".34A DWL", "LOCAPROP": "", "CAT": "Residential-1", "RESCODE": "NS", "ACRESGL": 0.34, "REAL_FLV": 406400, "HSTED_FLV": 0, "NRES_FLV": 406400, "LAND_LV": 118600, "IMPRV_LV": 287800, "EQUIPVAL": 0, "EQUIPCODE": "", "INVENVAL": 0, "HSDECL": "N", "HSITEVAL": 406400, "VETEXAMT": 0, "EXPDESC": "", "ENDDATE": "", "STATUTE": "", "EXAMT_HS": 0, "EXAMT_NR": 0, "UVREDUC_HS": 0, "UVREDUC_NR": 0, "GLVAL_HS": 0.0, "GLVAL_NR": 4064.0, "CRHOUSPCT": 0.0, "MUNGL1PCT": 4064.0, "AOEGL_HS": 0.0, "AOEGL_NR": 4064.0, "E911ADDR": "11 EAST TERR", "SHAPE_Length": 0.0016760674241649719, "SHAPE_Area": 1.550826407598297e-07}, "geometry": {"type": "MultiPolygon", "coordinates": [[[[-73.19088655799999, 44.47040184000008], [-73.19144582799998, 44.47033696300008], [-73.19147078699996, 44.47047394600003], [-73.19149353699999, 44.47060993100007], [-73.19093787799994, 44.47067366500005], [-73.19089872699993, 44.47046272400007], [-73.19088655799999, 44.47040184000008]]]]}}, {"type": "Feature", "properties": {"OBJECTID": 312278, "SPAN": "600-188-15880", "GLIST_SPAN": "600-188-15880", "MAPID": "0610-00006.", "PARCID": "0610-00006.", "PROPTYPE": "PARCEL", "YEAR": 2018, "GLYEAR": 2022, "TOWN": "SOUTH BURLINGTON", "TNAME": "South Burlington", "SOURCENAME": "CITY", "SOURCETYPE": "UNKNOWN", "SOURCEDATE": "UNKNOWN", "EDITMETHOD": "UNKNOWN", "EDITOR": "UNKNOWN", "EDITDATE": "UNKNOWN", "MATCHSTAT": "MATCH", "EDITNOTE": null, "OWNER1": "ST HILAIRE JOHN E", "OWNER2": "", "ADDRGL1": "6 EAST TERRACE", "ADDRGL2": "", "CITYGL": "S BURLINGTON", "STGL": "VT", "ZIPGL": "05403", "DESCPROP": ".26A; DWL", "LOCAPROP": "", "CAT": "Residential-1", "RESCODE": "T", "ACRESGL": 0.26, "REAL_FLV": 330000, "HSTED_FLV": 330000, "NRES_FLV": 0, "LAND_LV": 117600, "IMPRV_LV": 212400, "EQUIPVAL": 0, "EQUIPCODE": "", "INVENVAL": 0, "HSDECL": "Y", "HSITEVAL": 330000, "VETEXAMT": 0, "EXPDESC": "", "ENDDATE": "", "STATUTE": "", "EXAMT_HS": 0, "EXAMT_NR": 0, "UVREDUC_HS": 0, "UVREDUC_NR": 0, "GLVAL_HS": 3300.0, "GLVAL_NR": 0.0, "CRHOUSPCT": 0.0, "MUNGL1PCT": 3300.0, "AOEGL_HS": 3300.0, "AOEGL_NR": 0.0, "E911ADDR": "6 EAST TERR", "SHAPE_Length": 0.0015158124000481956, "SHAPE_Area": 1.0722713544467026e-07}, "geometry": {"type": "MultiPolygon", "coordinates": [[[[-73.19033761799994, 44.471605873000044], [-73.19032380499993, 44.47147868800005], [-73.19089021899998, 44.47142006900003], [-73.19090933199993, 44.471548305000056], [-73.19090518899998, 44.47166624700003], [-73.19033761799994, 44.471605873000044]]]]}}, {"type": "Feature", "properties": {"OBJECTID": 312380, "SPAN": "600-188-15982", "GLIST_SPAN": "600-188-15982", "MAPID": "0610-00023.", "PARCID": "0610-00023.", "PROPTYPE": "PARCEL", "YEAR": 2018, "GLYEAR": 2022, "TOWN": "SOUTH BURLINGTON", "TNAME": "South Burlington", "SOURCENAME": "CITY", "SOURCETYPE": "UNKNOWN", "SOURCEDATE": "UNKNOWN", "EDITMETHOD": "UNKNOWN", "EDITOR": "UNKNOWN", "EDITDATE": "UNKNOWN", "MATCHSTAT": "MATCH", "EDITNOTE": null, "OWNER1": "SUGARMAN NANCY A LIFE ESTATE", "OWNER2": "", "ADDRGL1": "23 EAST TERR", "ADDRGL2": "", "CITYGL": "S BURLINGTON", "STGL": "VT", "ZIPGL": "05403", "DESCPROP": ".26A; DWL", "LOCAPROP": "", "CAT": "Residential-1", "RESCODE": "T", "ACRESGL": 0.26, "REAL_FLV": 281600, "HSTED_FLV": 281600, "NRES_FLV": 0, "LAND_LV": 117600, "IMPRV_LV": 164000, "EQUIPVAL": 0, "EQUIPCODE": "", "INVENVAL": 0, "HSDECL": "Y", "HSITEVAL": 281600, "VETEXAMT": 0, "EXPDESC": "", "ENDDATE": "", "STATUTE": "", "EXAMT_HS": 0, "EXAMT_NR": 0, "UVREDUC_HS": 0, "UVREDUC_NR": 0, "GLVAL_HS": 2816.0, "GLVAL_NR": 0.0, "CRHOUSPCT": 0.0, "MUNGL1PCT": 2816.0, "AOEGL_HS": 2816.0, "AOEGL_NR": 0.0, "E911ADDR": "23 EAST TERR", "SHAPE_Length": 0.0015568733949842034, "SHAPE_Area": 1.1941993195311393e-07}, "geometry": {"type": "MultiPolygon", "coordinates": [[[[-73.19067459299998, 44.46930365800006], [-73.19124002999996, 44.469253396000056], [-73.19127547199997, 44.46945739200004], [-73.19071077999996, 44.46951509500008], [-73.19068713899998, 44.46938322800003], [-73.19067459299998, 44.46930365800006]]]]}}, {"type": "Feature", "properties": {"OBJECTID": 312707, "SPAN": "600-188-16125", "GLIST_SPAN": "600-188-16125", "MAPID": "1810-00801.", "PARCID": "1810-00801.", "PROPTYPE": "PARCEL", "YEAR": 2018, "GLYEAR": 2022, "TOWN": "SOUTH BURLINGTON", "TNAME": "South Burlington", "SOURCENAME": "CITY", "SOURCETYPE": "UNKNOWN", "SOURCEDATE": "UNKNOWN", "EDITMETHOD": "UNKNOWN", "EDITOR": "UNKNOWN", "EDITDATE": "UNKNOWN", "MATCHSTAT": "MATCH", "EDITNOTE": null, "OWNER1": "TIMBERLAKE ASSOCIATES", "OWNER2": "", "ADDRGL1": "32 SAN REMO DRIVE", "ADDRGL2": "", "CITYGL": "S BURLINGTON", "STGL": "VT", "ZIPGL": "05403", "DESCPROP": "1.79A BLDG", "LOCAPROP": "", "CAT": "Commercial", "RESCODE": "C", "ACRESGL": 1.79, "REAL_FLV": 615700, "HSTED_FLV": 0, "NRES_FLV": 615700, "LAND_LV": 529100, "IMPRV_LV": 86600, "EQUIPVAL": 0, "EQUIPCODE": "", "INVENVAL": 0, "HSDECL": "N", "HSITEVAL": 0, "VETEXAMT": 0, "EXPDESC": "", "ENDDATE": "", "STATUTE": "", "EXAMT_HS": 0, "EXAMT_NR": 0, "UVREDUC_HS": 0, "UVREDUC_NR": 0, "GLVAL_HS": 0.0, "GLVAL_NR": 6157.0, "CRHOUSPCT": 0.0, "MUNGL1PCT": 6157.0, "AOEGL_HS": 0.0, "AOEGL_NR": 6157.0, "E911ADDR": "801 WILLISTON RD", "SHAPE_Length": 0.005141600655586874, "SHAPE_Area": 7.683910156842074e-07}, "geometry": {"type": "MultiPolygon", "coordinates": [[[[-73.18931008599998, 44.47196171000007], [-73.18967286399999, 44.471572363000064], [-73.18917873099997, 44.47132410300003], [-73.18951294699997, 44.47096116900008], [-73.18968802599994, 44.47102413500005], [-73.18952006299997, 44.471231669000076], [-73.19011905299999, 44.471743966000076], [-73.19017101399999, 44.47178945500008], [-73.19024300099994, 44.47170696900008], [-73.19068913899997, 44.471936149000044], [-73.19061315199997, 44.47200734100005], [-73.19058913799995, 44.472030707000044], [-73.19024008399998, 44.47237149400007], [-73.18931008599998, 44.47196171000007]]]]}}, {"type": "Feature", "properties": {"OBJECTID": 312899, "SPAN": "600-188-16159", "GLIST_SPAN": "600-188-16159", "MAPID": "1640-00112.", "PARCID": "1640-00112.", "PROPTYPE": "PARCEL", "YEAR": 2018, "GLYEAR": 2022, "TOWN": "SOUTH BURLINGTON", "TNAME": "South Burlington", "SOURCENAME": "CITY", "SOURCETYPE": "UNKNOWN", "SOURCEDATE": "UNKNOWN", "EDITMETHOD": "UNKNOWN", "EDITOR": "UNKNOWN", "EDITDATE": "UNKNOWN", "MATCHSTAT": "MATCH", "EDITNOTE": null, "OWNER1": "TOUSLEY PETER C & SYLVIA R TRUST", "OWNER2": "", "ADDRGL1": "112 SPEAR ST", "ADDRGL2": "", "CITYGL": "S BURLINGTON", "STGL": "VT", "ZIPGL": "05403", "DESCPROP": ".26A DWL", "LOCAPROP": "", "CAT": "Residential-1", "RESCODE": "T", "ACRESGL": 0.26, "REAL_FLV": 372700, "HSTED_FLV": 372700, "NRES_FLV": 0, "LAND_LV": 97700, "IMPRV_LV": 275000, "EQUIPVAL": 0, "EQUIPCODE": "", "INVENVAL": 0, "HSDECL": "Y", "HSITEVAL": 372700, "VETEXAMT": 0, "EXPDESC": "", "ENDDATE": "", "STATUTE": "", "EXAMT_HS": 0, "EXAMT_NR": 0, "UVREDUC_HS": 0, "UVREDUC_NR": 0, "GLVAL_HS": 3727.0, "GLVAL_NR": 0.0, "CRHOUSPCT": 0.0, "MUNGL1PCT": 3727.0, "AOEGL_HS": 3727.0, "AOEGL_NR": 0.0, "E911ADDR": "112 SPEAR ST", "SHAPE_Length": 0.00154577999276944, "SHAPE_Area": 1.1691679172859523e-07}, "geometry": {"type": "MultiPolygon", "coordinates": [[[[-73.19144582799998, 44.47033696300008], [-73.19143447799996, 44.470269435000034], [-73.19199687399998, 44.47022620000007], [-73.19201219199994, 44.47029946300006], [-73.19203558699996, 44.47043004400007], [-73.19147078699996, 44.47047394600003], [-73.19144582799998, 44.47033696300008]]]]}}, {"type": "Feature", "properties": {"OBJECTID": 313264, "SPAN": "600-188-16224", "GLIST_SPAN": "600-188-16224", "MAPID": "0610-00015.", "PARCID": "0610-00015.", "PROPTYPE": "PARCEL", "YEAR": 2018, "GLYEAR": 2022, "TOWN": "SOUTH BURLINGTON", "TNAME": "South Burlington", "SOURCENAME": "CITY", "SOURCETYPE": "UNKNOWN", "SOURCEDATE": "UNKNOWN", "EDITMETHOD": "UNKNOWN", "EDITOR": "UNKNOWN", "EDITDATE": "UNKNOWN", "MATCHSTAT": "MATCH", "EDITNOTE": null, "OWNER1": "TUTTLE JUDITH F TRUST", "OWNER2": "", "ADDRGL1": "1200 LAKE RD", "ADDRGL2": "", "CITYGL": "CHARLOTTE", "STGL": "VT", "ZIPGL": "05445", "DESCPROP": ".34A DWL", "LOCAPROP": "", "CAT": "Residential-1", "RESCODE": "S", "ACRESGL": 0.34, "REAL_FLV": 314400, "HSTED_FLV": 0, "NRES_FLV": 314400, "LAND_LV": 118600, "IMPRV_LV": 195800, "EQUIPVAL": 0, "EQUIPCODE": "", "INVENVAL": 0, "HSDECL": "N", "HSITEVAL": 314400, "VETEXAMT": 0, "EXPDESC": "", "ENDDATE": "", "STATUTE": "", "EXAMT_HS": 0, "EXAMT_NR": 0, "UVREDUC_HS": 0, "UVREDUC_NR": 0, "GLVAL_HS": 0.0, "GLVAL_NR": 3144.0, "CRHOUSPCT": 0.0, "MUNGL1PCT": 3144.0, "AOEGL_HS": 0.0, "AOEGL_NR": 3144.0, "E911ADDR": "15 EAST TERR", "SHAPE_Length": 0.0016795836645247648, "SHAPE_Area": 1.5521103170885552e-07}, "geometry": {"type": "MultiPolygon", "coordinates": [[[[-73.19083154399993, 44.470130390000065], [-73.19139276799996, 44.47006733300003], [-73.19143447799996, 44.470269435000034], [-73.19144582799998, 44.47033696300008], [-73.19088655799999, 44.47040184000008], [-73.19084591799998, 44.47019854600006], [-73.19083154399993, 44.470130390000065]]]]}}, {"type": "Feature", "properties": {"OBJECTID": 313998, "SPAN": "600-188-16464", "GLIST_SPAN": "600-188-16464", "MAPID": "0610-00012.", "PARCID": "0610-00012.", "PROPTYPE": "PARCEL", "YEAR": 2018, "GLYEAR": 2022, "TOWN": "SOUTH BURLINGTON", "TNAME": "South Burlington", "SOURCENAME": "CITY", "SOURCETYPE": "UNKNOWN", "SOURCEDATE": "UNKNOWN", "EDITMETHOD": "UNKNOWN", "EDITOR": "UNKNOWN", "EDITDATE": "UNKNOWN", "MATCHSTAT": "MATCH", "EDITNOTE": null, "OWNER1": "GREEN MOUNTAIN E & E PROPERTIES LLC", "OWNER2": "", "ADDRGL1": "57 PINNACLE DR", "ADDRGL2": "", "CITYGL": "S BURLINGTON", "STGL": "VT", "ZIPGL": "05403", "DESCPROP": ".22A DWL", "LOCAPROP": "", "CAT": "Residential-1", "RESCODE": "C", "ACRESGL": 0.22, "REAL_FLV": 363400, "HSTED_FLV": 0, "NRES_FLV": 363400, "LAND_LV": 117100, "IMPRV_LV": 246300, "EQUIPVAL": 0, "EQUIPCODE": "", "INVENVAL": 0, "HSDECL": "N", "HSITEVAL": 363400, "VETEXAMT": 0, "EXPDESC": "", "ENDDATE": "", "STATUTE": "", "EXAMT_HS": 0, "EXAMT_NR": 0, "UVREDUC_HS": 0, "UVREDUC_NR": 0, "GLVAL_HS": 0.0, "GLVAL_NR": 3634.0, "CRHOUSPCT": 0.0, "MUNGL1PCT": 3634.0, "AOEGL_HS": 0.0, "AOEGL_NR": 3634.0, "E911ADDR": "12 EAST TERR", "SHAPE_Length": 0.0014584140070817491, "SHAPE_Area": 8.767612959284466e-08}, "geometry": {"type": "MultiPolygon", "coordinates": [[[[-73.19021117199998, 44.470919019000064], [-73.19076553199994, 44.47085940200003], [-73.19078870499999, 44.47098986000003], [-73.19081947999996, 44.47101624100003], [-73.19025175099995, 44.47107114500005], [-73.19021117199998, 44.470919019000064]]]]}}, {"type": "Feature", "properties": {"OBJECTID": 323612, "SPAN": null, "GLIST_SPAN": null, "MAPID": null, "PARCID": null, "PROPTYPE": "ROW_ROAD", "YEAR": 2018, "GLYEAR": null, "TOWN": "SOUTH BURLINGTON", "TNAME": null, "SOURCENAME": "CITY", "SOURCETYPE": "UNKNOWN", "SOURCEDATE": "UNKNOWN", "EDITMETHOD": "UNKNOWN", "EDITOR": "UNKNOWN", "EDITDATE": "UNKNOWN", "MATCHSTAT": "EXEMPT", "EDITNOTE": null, "OWNER1": null, "OWNER2": null, "ADDRGL1": null, "ADDRGL2": null, "CITYGL": null, "STGL": null, "ZIPGL": null, "DESCPROP": null, "LOCAPROP": null, "CAT": null, "RESCODE": null, "ACRESGL": null, "REAL_FLV": null, "HSTED_FLV": null, "NRES_FLV": null, "LAND_LV": null, "IMPRV_LV": null, "EQUIPVAL": null, "EQUIPCODE": null, "INVENVAL": null, "HSDECL": null, "HSITEVAL": null, "VETEXAMT": null, "EXPDESC": null, "ENDDATE": null, "STATUTE": null, "EXAMT_HS": null, "EXAMT_NR": null, "UVREDUC_HS": null, "UVREDUC_NR": null, "GLVAL_HS": null, "GLVAL_NR": null, "CRHOUSPCT": null, "MUNGL1PCT": null, "AOEGL_HS": null, "AOEGL_NR": null, "E911ADDR": null, "SHAPE_Length": 0.012819253693974693, "SHAPE_Area": 1.4874734713574728e-06}, "geometry": {"type": "MultiPolygon", "coordinates": [[[[-73.18959628299996, 44.47239298400007], [-73.18906351599998, 44.47215286800008], [-73.18875888299993, 44.47201638400003], [-73.18864028599995, 44.47196095500004], [-73.18833529399996, 44.47182275700004], [-73.18818256599997, 44.47175321900005], [-73.18814429399998, 44.47173713800004], [-73.18707260399998, 44.47124754500004], [-73.18716947699994, 44.47114714500003], [-73.18726255999997, 44.471050674000026], [-73.18879055799994, 44.47172885100008], [-73.18931008599998, 44.47196171000007], [-73.19024008399998, 44.47237149400007], [-73.19058913799995, 44.472030707000044], [-73.19061315199997, 44.47200734100005], [-73.19068913899997, 44.471936149000044], [-73.19109396999994, 44.471779420000075], [-73.19171194099994, 44.47173912300008], [-73.19172020699995, 44.47179039800005], [-73.19223265599999, 44.471740460000035], [-73.19241969099994, 44.47167393400008], [-73.19233662499994, 44.471900540000036], [-73.19215595999998, 44.472025502000065], [-73.19197227399997, 44.47206894400006], [-73.19186845899998, 44.47207491700004], [-73.19192359699997, 44.472179062000066], [-73.19195131199996, 44.472247234000065], [-73.19187226699995, 44.472499335000066], [-73.19175752499996, 44.47246622400007], [-73.19177219199997, 44.47232031400006], [-73.19171145199994, 44.47216586700006], [-73.19161187299994, 44.47205679000007], [-73.19144427699996, 44.472008309000046], [-73.19119080899998, 44.47199634700007], [-73.19084301599997, 44.47210363600004], [-73.19056385399995, 44.47230247200008], [-73.19042694899997, 44.47242479700003], [-73.19035354499994, 44.472493522000036], [-73.19012647199997, 44.47240678800006], [-73.18995326299995, 44.47255632900004], [-73.18959628299996, 44.47239298400007]]]]}}, {"type": "Feature", "properties": {"OBJECTID": 323634, "SPAN": null, "GLIST_SPAN": null, "MAPID": "1810-00000.", "PARCID": null, "PROPTYPE": "PARCEL", "YEAR": 2018, "GLYEAR": null, "TOWN": "SOUTH BURLINGTON", "TNAME": null, "SOURCENAME": "CITY", "SOURCETYPE": "UNKNOWN", "SOURCEDATE": "UNKNOWN", "EDITMETHOD": "UNKNOWN", "EDITOR": "UNKNOWN", "EDITDATE": "UNKNOWN", "MATCHSTAT": "UNMATCHED", "EDITNOTE": null, "OWNER1": null, "OWNER2": null, "ADDRGL1": null, "ADDRGL2": null, "CITYGL": null, "STGL": null, "ZIPGL": null, "DESCPROP": null, "LOCAPROP": null, "CAT": null, "RESCODE": null, "ACRESGL": null, "REAL_FLV": null, "HSTED_FLV": null, "NRES_FLV": null, "LAND_LV": null, "IMPRV_LV": null, "EQUIPVAL": null, "EQUIPCODE": null, "INVENVAL": null, "HSDECL": null, "HSITEVAL": null, "VETEXAMT": null, "EXPDESC": null, "ENDDATE": null, "STATUTE": null, "EXAMT_HS": null, "EXAMT_NR": null, "UVREDUC_HS": null, "UVREDUC_NR": null, "GLVAL_HS": null, "GLVAL_NR": null, "CRHOUSPCT": null, "MUNGL1PCT": null, "AOEGL_HS": null, "AOEGL_NR": null, "E911ADDR": null, "SHAPE_Length": 0.016998895866529588, "SHAPE_Area": 5.99457797316847e-06}, "geometry": {"type": "MultiPolygon", "coordinates": [[[[-73.19154752799994, 44.47301661300003], [-73.19183000499999, 44.47273309700006], [-73.19221803099998, 44.47230861000003], [-73.19242801699994, 44.47207334700005], [-73.19252366599994, 44.47185045100008], [-73.19253829299998, 44.471709185000066], [-73.19250295799998, 44.471487083000056], [-73.19189896299997, 44.46833512300003], [-73.19184060099997, 44.468030543000054], [-73.19163012699994, 44.46682278700007], [-73.19223934699994, 44.46679424000007], [-73.19226345099997, 44.466793007000035], [-73.19275883299997, 44.469227689000036], [-73.19280914499996, 44.46947624400008], [-73.19313609099999, 44.471090557000025], [-73.19362054599998, 44.47348808600003], [-73.19368975899994, 44.47383062600005], [-73.19370983899995, 44.47399432600008], [-73.19347070999999, 44.473892361000026], [-73.19335320499994, 44.47384086400007], [-73.19323709299994, 44.47379067900005], [-73.19312918399999, 44.473741646000065], [-73.19306431799998, 44.47371454700004], [-73.19258455399995, 44.47350781100005], [-73.19209355699996, 44.47326190500007], [-73.19154752799994, 44.47301661300003]]]]}}, {"type": "Feature", "properties": {"OBJECTID": 268593, "SPAN": "114-035-18126", "GLIST_SPAN": "114-035-18126", "MAPID": "050-3-032-000", "PARCID": "050-3-032.000", "PROPTYPE": "PARCEL", "YEAR": 2018, "GLYEAR": 2022, "TOWN": "BURLINGTON", "TNAME": "Burlington", "SOURCENAME": null, "SOURCETYPE": "UNKNOWN", "SOURCEDATE": "UNKNOWN", "EDITMETHOD": "UNKNOWN", "EDITOR": "UNKNOWN", "EDITDATE": "UNKNOWN", "MATCHSTAT": "MATCH", "EDITNOTE": "UNKNOWN", "OWNER1": "THE GUTSCHOW FAMILY TRUST", "OWNER2": "GUTSCHOW PETER JOHANN", "ADDRGL1": "1110 IMPERIAL DR UNIT 408", "ADDRGL2": "", "CITYGL": "SARASOTA", "STGL": "FL", "ZIPGL": "34236", "DESCPROP": "", "LOCAPROP": "N", "CAT": "Residential-1", "RESCODE": "S", "ACRESGL": 0.17, "REAL_FLV": 652600, "HSTED_FLV": 0, "NRES_FLV": 652600, "LAND_LV": 176200, "IMPRV_LV": 476400, "EQUIPVAL": 0, "EQUIPCODE": "", "INVENVAL": 0, "HSDECL": "N", "HSITEVAL": 652600, "VETEXAMT": 0, "EXPDESC": "", "ENDDATE": "", "STATUTE": "", "EXAMT_HS": 0, "EXAMT_NR": 0, "UVREDUC_HS": 0, "UVREDUC_NR": 0, "GLVAL_HS": 0.0, "GLVAL_NR": 6526.0, "CRHOUSPCT": 0.0, "MUNGL1PCT": 6526.0, "AOEGL_HS": 0.0, "AOEGL_NR": 6526.0, "E911ADDR": "44 UNIVERSITY TR", "SHAPE_Length": 0.001387079077093799, "SHAPE_Area": 7.999735050294485e-08}, "geometry": {"type": "MultiPolygon", "coordinates": [[[[-73.19711626299994, 44.474151704000064], [-73.19722092499995, 44.474035197000035], [-73.19770945899995, 44.474259310000036], [-73.19760556899996, 44.47437468800007], [-73.19711626299994, 44.474151704000064]]]]}}, {"type": "Feature", "properties": {"OBJECTID": 268594, "SPAN": "114-035-18127", "GLIST_SPAN": "114-035-18127", "MAPID": "050-3-033-000", "PARCID": "050-3-033.000", "PROPTYPE": "PARCEL", "YEAR": 2018, "GLYEAR": 2022, "TOWN": "BURLINGTON", "TNAME": "Burlington", "SOURCENAME": null, "SOURCETYPE": "UNKNOWN", "SOURCEDATE": "UNKNOWN", "EDITMETHOD": "UNKNOWN", "EDITOR": "UNKNOWN", "EDITDATE": "UNKNOWN", "MATCHSTAT": "MATCH", "EDITNOTE": "UNKNOWN", "OWNER1": "BRYANT BARBARA", "OWNER2": "", "ADDRGL1": "116 HENRY  ST", "ADDRGL2": "", "CITYGL": "CAMBRIDGE", "STGL": "MA", "ZIPGL": "02139", "DESCPROP": "4/1/94: 20 % EC = MIXED STUDENT & RESIDE", "LOCAPROP": "N", "CAT": "Residential-1", "RESCODE": "S", "ACRESGL": 0.17, "REAL_FLV": 440900, "HSTED_FLV": 0, "NRES_FLV": 440900, "LAND_LV": 176200, "IMPRV_LV": 264700, "EQUIPVAL": 0, "EQUIPCODE": "", "INVENVAL": 0, "HSDECL": "N", "HSITEVAL": 440900, "VETEXAMT": 0, "EXPDESC": "", "ENDDATE": "", "STATUTE": "", "EXAMT_HS": 0, "EXAMT_NR": 0, "UVREDUC_HS": 0, "UVREDUC_NR": 0, "GLVAL_HS": 0.0, "GLVAL_NR": 4409.0, "CRHOUSPCT": 0.0, "MUNGL1PCT": 4409.0, "AOEGL_HS": 0.0, "AOEGL_NR": 4409.0, "E911ADDR": "50 UNIVERSITY TR", "SHAPE_Length": 0.001381983456841543, "SHAPE_Area": 7.869272898225108e-08}, "geometry": {"type": "MultiPolygon", "coordinates": [[[[-73.19722092499995, 44.474035197000035], [-73.19732286999994, 44.47392137800006], [-73.19781218099996, 44.47414492300004], [-73.19770945899995, 44.474259310000036], [-73.19722092499995, 44.474035197000035]]]]}}, {"type": "Feature", "properties": {"OBJECTID": 268999, "SPAN": "114-035-18153", "GLIST_SPAN": "114-035-18153", "MAPID": "050-3-060-000", "PARCID": "050-3-060.000", "PROPTYPE": "PARCEL", "YEAR": 2018, "GLYEAR": 2022, "TOWN": "BURLINGTON", "TNAME": "Burlington", "SOURCENAME": null, "SOURCETYPE": "UNKNOWN", "SOURCEDATE": "UNKNOWN", "EDITMETHOD": "UNKNOWN", "EDITOR": "UNKNOWN", "EDITDATE": "UNKNOWN", "MATCHSTAT": "MATCH", "EDITNOTE": "UNKNOWN", "OWNER1": "COUTURE LINDSEY", "OWNER2": "COUTURE SAM", "ADDRGL1": "97 ROBINSON PARKWAY", "ADDRGL2": "", "CITYGL": "BURLINGTON", "STGL": "VT", "ZIPGL": "05401", "DESCPROP": "", "LOCAPROP": "N", "CAT": "Residential-1", "RESCODE": "T", "ACRESGL": 0.17, "REAL_FLV": 557400, "HSTED_FLV": 0, "NRES_FLV": 557400, "LAND_LV": 175900, "IMPRV_LV": 381500, "EQUIPVAL": 0, "EQUIPCODE": "", "INVENVAL": 0, "HSDECL": "N", "HSITEVAL": 557400, "VETEXAMT": 0, "EXPDESC": "", "ENDDATE": "", "STATUTE": "", "EXAMT_HS": 0, "EXAMT_NR": 0, "UVREDUC_HS": 0, "UVREDUC_NR": 0, "GLVAL_HS": 0.0, "GLVAL_NR": 5574.0, "CRHOUSPCT": 0.0, "MUNGL1PCT": 5574.0, "AOEGL_HS": 0.0, "AOEGL_NR": 5574.0, "E911ADDR": "97 ROBINSON PW", "SHAPE_Length": 0.0012119715981408008, "SHAPE_Area": 7.885383642127947e-08}, "geometry": {"type": "MultiPolygon", "coordinates": [[[[-73.19781501399996, 44.473822331000065], [-73.19814816199994, 44.47363102500003], [-73.19818850799999, 44.47365482400005], [-73.19820986399998, 44.473667067000065], [-73.19823121599995, 44.47367903000003], [-73.19825335099995, 44.47369070700006], [-73.19827587399993, 44.473702099000036], [-73.198298, 44.473713073000056], [-73.19832130299994, 44.47372389800006], [-73.19810171199998, 44.47395191500004], [-73.19801762099996, 44.47391586800006], [-73.19781501399996, 44.473822331000065]]]]}}, {"type": "Feature", "properties": {"OBJECTID": 270746, "SPAN": "114-035-18128", "GLIST_SPAN": "114-035-18128", "MAPID": "050-3-034-000", "PARCID": "050-3-034.000", "PROPTYPE": "PARCEL", "YEAR": 2018, "GLYEAR": 2022, "TOWN": "BURLINGTON", "TNAME": "Burlington", "SOURCENAME": null, "SOURCETYPE": "UNKNOWN", "SOURCEDATE": "UNKNOWN", "EDITMETHOD": "UNKNOWN", "EDITOR": "UNKNOWN", "EDITDATE": "UNKNOWN", "MATCHSTAT": "MATCH", "EDITNOTE": "UNKNOWN", "OWNER1": "STEWART DOROTHY A", "OWNER2": "OMARA KENNETH", "ADDRGL1": "56 UNIVERSITY TERRACE", "ADDRGL2": "", "CITYGL": "BURLINGTON", "STGL": "VT", "ZIPGL": "05401", "DESCPROP": "", "LOCAPROP": "N", "CAT": "Residential-1", "RESCODE": "T", "ACRESGL": 0.17, "REAL_FLV": 458600, "HSTED_FLV": 458600, "NRES_FLV": 0, "LAND_LV": 176100, "IMPRV_LV": 282500, "EQUIPVAL": 0, "EQUIPCODE": "", "INVENVAL": 0, "HSDECL": "Y", "HSITEVAL": 458600, "VETEXAMT": 0, "EXPDESC": "", "ENDDATE": "", "STATUTE": "", "EXAMT_HS": 0, "EXAMT_NR": 0, "UVREDUC_HS": 0, "UVREDUC_NR": 0, "GLVAL_HS": 4586.0, "GLVAL_NR": 0.0, "CRHOUSPCT": 0.0, "MUNGL1PCT": 4586.0, "AOEGL_HS": 4586.0, "AOEGL_NR": 0.0, "E911ADDR": "56 UNIVERSITY TR", "SHAPE_Length": 0.0013869760658817166, "SHAPE_Area": 8.001558551025229e-08}, "geometry": {"type": "MultiPolygon", "coordinates": [[[[-73.19732286999994, 44.47392137800006], [-73.19742753099996, 44.47380487100003], [-73.19791567499993, 44.474029407000046], [-73.19781218099996, 44.47414492300004], [-73.19732286999994, 44.47392137800006]]]]}}, {"type": "Feature", "properties": {"OBJECTID": 270752, "SPAN": "114-035-18129", "GLIST_SPAN": "114-035-18129", "MAPID": "050-3-035-000", "PARCID": "050-3-035.000", "PROPTYPE": "PARCEL", "YEAR": 2018, "GLYEAR": 2022, "TOWN": "BURLINGTON", "TNAME": "Burlington", "SOURCENAME": null, "SOURCETYPE": "UNKNOWN", "SOURCEDATE": "UNKNOWN", "EDITMETHOD": "UNKNOWN", "EDITOR": "UNKNOWN", "EDITDATE": "UNKNOWN", "MATCHSTAT": "MATCH", "EDITNOTE": "UNKNOWN", "OWNER1": "PINEL ELIZABETH C", "OWNER2": "WINSTEN JONATHAN", "ADDRGL1": "60 UNIVERSITY TERRACE", "ADDRGL2": "", "CITYGL": "BURLINGTON", "STGL": "VT", "ZIPGL": "05401", "DESCPROP": "", "LOCAPROP": "N", "CAT": "Residential-1", "RESCODE": "T", "ACRESGL": 0.17, "REAL_FLV": 476300, "HSTED_FLV": 0, "NRES_FLV": 476300, "LAND_LV": 176100, "IMPRV_LV": 300200, "EQUIPVAL": 0, "EQUIPCODE": "", "INVENVAL": 0, "HSDECL": "N", "HSITEVAL": 476300, "VETEXAMT": 0, "EXPDESC": "", "ENDDATE": "", "STATUTE": "", "EXAMT_HS": 0, "EXAMT_NR": 0, "UVREDUC_HS": 0, "UVREDUC_NR": 0, "GLVAL_HS": 0.0, "GLVAL_NR": 4763.0, "CRHOUSPCT": 0.0, "MUNGL1PCT": 4763.0, "AOEGL_HS": 0.0, "AOEGL_NR": 4763.0, "E911ADDR": "60 UNIVERSITY TR", "SHAPE_Length": 0.0013808369897008264, "SHAPE_Area": 7.862670946445427e-08}, "geometry": {"type": "MultiPolygon", "coordinates": [[[[-73.19742753099996, 44.47380487100003], [-73.19753064299994, 44.47369020100007], [-73.19781501399996, 44.473822331000065], [-73.19801762099996, 44.47391586800006], [-73.19791567499993, 44.474029407000046], [-73.19742753099996, 44.47380487100003]]]]}}, {"type": "Feature", "properties": {"OBJECTID": 270755, "SPAN": "114-035-18130", "GLIST_SPAN": "114-035-18130", "MAPID": "050-3-036-000", "PARCID": "050-3-036.000", "PROPTYPE": "PARCEL", "YEAR": 2018, "GLYEAR": 2022, "TOWN": "BURLINGTON", "TNAME": "Burlington", "SOURCENAME": null, "SOURCETYPE": "UNKNOWN", "SOURCEDATE": "UNKNOWN", "EDITMETHOD": "UNKNOWN", "EDITOR": "UNKNOWN", "EDITDATE": "UNKNOWN", "MATCHSTAT": "MATCH", "EDITNOTE": "UNKNOWN", "OWNER1": "TOOMEY CHRISTIANA", "OWNER2": "", "ADDRGL1": "1032 IRVING ST", "ADDRGL2": "", "CITYGL": "SAN FRANCISCO", "STGL": "CA", "ZIPGL": "94122", "DESCPROP": "", "LOCAPROP": "N", "CAT": "Residential-1", "RESCODE": "NS", "ACRESGL": 0.17, "REAL_FLV": 585800, "HSTED_FLV": 0, "NRES_FLV": 585800, "LAND_LV": 176100, "IMPRV_LV": 409700, "EQUIPVAL": 0, "EQUIPCODE": "", "INVENVAL": 0, "HSDECL": "N", "HSITEVAL": 585800, "VETEXAMT": 0, "EXPDESC": "", "ENDDATE": "", "STATUTE": "", "EXAMT_HS": 0, "EXAMT_NR": 0, "UVREDUC_HS": 0, "UVREDUC_NR": 0, "GLVAL_HS": 0.0, "GLVAL_NR": 5858.0, "CRHOUSPCT": 0.0, "MUNGL1PCT": 5858.0, "AOEGL_HS": 0.0, "AOEGL_NR": 5858.0, "E911ADDR": "59 UNIVERSITY TR", "SHAPE_Length": 0.0014036992874174418, "SHAPE_Area": 7.994748161024573e-08}, "geometry": {"type": "MultiPolygon", "coordinates": [[[[-73.19807718599998, 44.474102103000064], [-73.19817913599996, 44.473988846000054], [-73.19832840399994, 44.47405585100006], [-73.19844489999997, 44.47410843200004], [-73.19866683499998, 44.474208600000054], [-73.19867901199996, 44.47420866600004], [-73.19857124599997, 44.47432814600006], [-73.19807718599998, 44.474102103000064]]]]}}, {"type": "Feature", "properties": {"OBJECTID": 276846, "SPAN": "114-035-18134", "GLIST_SPAN": "114-035-18134", "MAPID": "050-3-040-000", "PARCID": "050-3-040.000", "PROPTYPE": "PARCEL", "YEAR": 2018, "GLYEAR": 2022, "TOWN": "BURLINGTON", "TNAME": "Burlington", "SOURCENAME": null, "SOURCETYPE": "UNKNOWN", "SOURCEDATE": "UNKNOWN", "EDITMETHOD": "UNKNOWN", "EDITOR": "UNKNOWN", "EDITDATE": "UNKNOWN", "MATCHSTAT": "MATCH", "EDITNOTE": "UNKNOWN", "OWNER1": "DUCOLON COLIN K", "OWNER2": "DUCOLON ANNA E", "ADDRGL1": "41 UNIVERSITY TERRACE", "ADDRGL2": "", "CITYGL": "BURLINGTON", "STGL": "VT", "ZIPGL": "05401", "DESCPROP": "SINGLE FAM HOUSE", "LOCAPROP": "", "CAT": "Residential-1", "RESCODE": "T", "ACRESGL": 0.17, "REAL_FLV": 453100, "HSTED_FLV": 453100, "NRES_FLV": 0, "LAND_LV": 176200, "IMPRV_LV": 276900, "EQUIPVAL": 0, "EQUIPCODE": "", "INVENVAL": 0, "HSDECL": "Y", "HSITEVAL": 453100, "VETEXAMT": 0, "EXPDESC": "", "ENDDATE": "", "STATUTE": "", "EXAMT_HS": 0, "EXAMT_NR": 0, "UVREDUC_HS": 0, "UVREDUC_NR": 0, "GLVAL_HS": 4531.0, "GLVAL_NR": 0.0, "CRHOUSPCT": 0.0, "MUNGL1PCT": 4531.0, "AOEGL_HS": 4531.0, "AOEGL_NR": 0.0, "E911ADDR": "41 UNIVERSITY TR", "SHAPE_Length": 0.0013956856037400792, "SHAPE_Area": 7.996627317066053e-08}, "geometry": {"type": "MultiPolygon", "coordinates": [[[[-73.19766319399997, 44.474563043000046], [-73.19776708099994, 44.47444738400003], [-73.19826190199996, 44.47467131500008], [-73.19815917599993, 44.474785421000036], [-73.19766319399997, 44.474563043000046]]]]}}, {"type": "Feature", "properties": {"OBJECTID": 276859, "SPAN": "114-035-18131", "GLIST_SPAN": "114-035-18131", "MAPID": "050-3-037-000", "PARCID": "050-3-037.000", "PROPTYPE": "PARCEL", "YEAR": 2018, "GLYEAR": 2022, "TOWN": "BURLINGTON", "TNAME": "Burlington", "SOURCENAME": null, "SOURCETYPE": "UNKNOWN", "SOURCEDATE": "UNKNOWN", "EDITMETHOD": "UNKNOWN", "EDITOR": "UNKNOWN", "EDITDATE": "UNKNOWN", "MATCHSTAT": "MATCH", "EDITNOTE": "UNKNOWN", "OWNER1": "ZEHLE CHRISTA", "OWNER2": "", "ADDRGL1": "55 UNIVERSITY TERRACE", "ADDRGL2": "", "CITYGL": "BURLINGTON", "STGL": "VT", "ZIPGL": "05401", "DESCPROP": "", "LOCAPROP": "", "CAT": "Residential-1", "RESCODE": "T", "ACRESGL": 0.17, "REAL_FLV": 485900, "HSTED_FLV": 0, "NRES_FLV": 485900, "LAND_LV": 177400, "IMPRV_LV": 308500, "EQUIPVAL": 0, "EQUIPCODE": "", "INVENVAL": 0, "HSDECL": "N", "HSITEVAL": 485900, "VETEXAMT": 0, "EXPDESC": "", "ENDDATE": "", "STATUTE": "", "EXAMT_HS": 0, "EXAMT_NR": 0, "UVREDUC_HS": 0, "UVREDUC_NR": 0, "GLVAL_HS": 0.0, "GLVAL_NR": 4859.0, "CRHOUSPCT": 0.0, "MUNGL1PCT": 4859.0, "AOEGL_HS": 0.0, "AOEGL_NR": 4859.0, "E911ADDR": "55 UNIVERSITY TR", "SHAPE_Length": 0.0013938430317983808, "SHAPE_Area": 7.966718790315981e-08}, "geometry": {"type": "MultiPolygon", "coordinates": [[[[-73.19797446999996, 44.47421691100004], [-73.19807718599998, 44.474102103000064], [-73.19857124599997, 44.47432814600006], [-73.19846891199995, 44.47444211000004], [-73.19797446999996, 44.47421691100004]]]]}}, {"type": "Feature", "properties": {"OBJECTID": 276860, "SPAN": "114-035-18132", "GLIST_SPAN": "114-035-18132", "MAPID": "050-3-038-000", "PARCID": "050-3-038.000", "PROPTYPE": "PARCEL", "YEAR": 2018, "GLYEAR": 2022, "TOWN": "BURLINGTON", "TNAME": "Burlington", "SOURCENAME": null, "SOURCETYPE": "UNKNOWN", "SOURCEDATE": "UNKNOWN", "EDITMETHOD": "UNKNOWN", "EDITOR": "UNKNOWN", "EDITDATE": "UNKNOWN", "MATCHSTAT": "MATCH", "EDITNOTE": "UNKNOWN", "OWNER1": "MOORE GWEN", "OWNER2": "YOUNG KENNON", "ADDRGL1": "49 UNIVERSITY TER", "ADDRGL2": "", "CITYGL": "BURLINGTON", "STGL": "VT", "ZIPGL": "05401", "DESCPROP": "", "LOCAPROP": "", "CAT": "Residential-1", "RESCODE": "T", "ACRESGL": 0.17, "REAL_FLV": 461700, "HSTED_FLV": 461700, "NRES_FLV": 0, "LAND_LV": 176200, "IMPRV_LV": 285500, "EQUIPVAL": 0, "EQUIPCODE": "", "INVENVAL": 0, "HSDECL": "Y", "HSITEVAL": 461700, "VETEXAMT": 0, "EXPDESC": "", "ENDDATE": "", "STATUTE": "", "EXAMT_HS": 0, "EXAMT_NR": 0, "UVREDUC_HS": 0, "UVREDUC_NR": 0, "GLVAL_HS": 4617.0, "GLVAL_NR": 0.0, "CRHOUSPCT": 0.0, "MUNGL1PCT": 4617.0, "AOEGL_HS": 4617.0, "AOEGL_NR": 0.0, "E911ADDR": "49 UNIVERSITY TR", "SHAPE_Length": 0.0013972314971741383, "SHAPE_Area": 8.023702920557522e-08}, "geometry": {"type": "MultiPolygon", "coordinates": [[[[-73.19786980099997, 44.47433271600005], [-73.19797446999996, 44.47421691100004], [-73.19846891199995, 44.47444211000004], [-73.19836579399998, 44.47455621800003], [-73.19786980099997, 44.47433271600005]]]]}}, {"type": "Feature", "properties": {"OBJECTID": 276861, "SPAN": "114-035-18133", "GLIST_SPAN": "114-035-18133", "MAPID": "050-3-039-000", "PARCID": "050-3-039.000", "PROPTYPE": "PARCEL", "YEAR": 2018, "GLYEAR": 2022, "TOWN": "BURLINGTON", "TNAME": "Burlington", "SOURCENAME": null, "SOURCETYPE": "UNKNOWN", "SOURCEDATE": "UNKNOWN", "EDITMETHOD": "UNKNOWN", "EDITOR": "UNKNOWN", "EDITDATE": "UNKNOWN", "MATCHSTAT": "MATCH", "EDITNOTE": "UNKNOWN", "OWNER1": "WILKINS MARK S", "OWNER2": "WILKINS A. ELIZABETH", "ADDRGL1": "45 UNIVERSITY TERRACE", "ADDRGL2": "", "CITYGL": "BURLINGTON", "STGL": "VT", "ZIPGL": "05401", "DESCPROP": "", "LOCAPROP": "N", "CAT": "Residential-1", "RESCODE": "T", "ACRESGL": 0.17, "REAL_FLV": 445400, "HSTED_FLV": 445400, "NRES_FLV": 0, "LAND_LV": 176200, "IMPRV_LV": 269200, "EQUIPVAL": 0, "EQUIPCODE": "", "INVENVAL": 0, "HSDECL": "Y", "HSITEVAL": 445400, "VETEXAMT": 0, "EXPDESC": "", "ENDDATE": "", "STATUTE": "", "EXAMT_HS": 0, "EXAMT_NR": 0, "UVREDUC_HS": 0, "UVREDUC_NR": 0, "GLVAL_HS": 4454.0, "GLVAL_NR": 0.0, "CRHOUSPCT": 0.0, "MUNGL1PCT": 4454.0, "AOEGL_HS": 4454.0, "AOEGL_NR": 0.0, "E911ADDR": "45 UNIVERSITY TR", "SHAPE_Length": 0.0013961562841179028, "SHAPE_Area": 8.002485144355786e-08}, "geometry": {"type": "MultiPolygon", "coordinates": [[[[-73.19776708099994, 44.47444738400003], [-73.19786980099997, 44.47433271600005], [-73.19836579399998, 44.47455621800003], [-73.19826190199996, 44.47467131500008], [-73.19776708099994, 44.47444738400003]]]]}}, {"type": "Feature", "properties": {"OBJECTID": 276863, "SPAN": "114-035-18151", "GLIST_SPAN": "114-035-18151", "MAPID": "050-3-058-000", "PARCID": "050-3-058.000", "PROPTYPE": "PARCEL", "YEAR": 2018, "GLYEAR": 2022, "TOWN": "BURLINGTON", "TNAME": "Burlington", "SOURCENAME": null, "SOURCETYPE": "UNKNOWN", "SOURCEDATE": "UNKNOWN", "EDITMETHOD": "UNKNOWN", "EDITOR": "UNKNOWN", "EDITDATE": "UNKNOWN", "MATCHSTAT": "MATCH", "EDITNOTE": "UNKNOWN", "OWNER1": "JARRETT GLENN", "OWNER2": "BARBER JUDITH", "ADDRGL1": "105 ROBINSON PW", "ADDRGL2": "", "CITYGL": "BURLINGTON", "STGL": "VT", "ZIPGL": "05401", "DESCPROP": "LAND SIZE FROM GIS 2-9-94", "LOCAPROP": "", "CAT": "Residential-1", "RESCODE": "T", "ACRESGL": 0.4, "REAL_FLV": 621800, "HSTED_FLV": 520300, "NRES_FLV": 101500, "LAND_LV": 215800, "IMPRV_LV": 406000, "EQUIPVAL": 0, "EQUIPCODE": "", "INVENVAL": 0, "HSDECL": "Y", "HSITEVAL": 520300, "VETEXAMT": 0, "EXPDESC": "", "ENDDATE": "", "STATUTE": "", "EXAMT_HS": 0, "EXAMT_NR": 0, "UVREDUC_HS": 0, "UVREDUC_NR": 0, "GLVAL_HS": 5203.0, "GLVAL_NR": 1015.0, "CRHOUSPCT": 0.0, "MUNGL1PCT": 6218.0, "AOEGL_HS": 5203.0, "AOEGL_NR": 1015.0, "E911ADDR": "105 ROBINSON PW", "SHAPE_Length": 0.00174097843137517, "SHAPE_Area": 1.8175570488803613e-07}, "geometry": {"type": "MultiPolygon", "coordinates": [[[[-73.19844489999997, 44.47410843200004], [-73.19849875899996, 44.47378327900003], [-73.19853818399997, 44.47378319200004], [-73.19857704399993, 44.47377843000004], [-73.19861426299997, 44.47376912200008], [-73.19864881299998, 44.47375552500006], [-73.19867973999999, 44.47373801700007], [-73.19870618599998, 44.473717082000064], [-73.19872742099994, 44.47369329800006], [-73.19874285799995, 44.47366732300003], [-73.19904106099995, 44.473806256000046], [-73.19867901199996, 44.47420866600004], [-73.19866683499998, 44.474208600000054], [-73.19844489999997, 44.47410843200004]]]]}}, {"type": "Feature", "properties": {"OBJECTID": 276864, "SPAN": "114-035-18152", "GLIST_SPAN": "114-035-18152", "MAPID": "050-3-059-000", "PARCID": "050-3-059.000", "PROPTYPE": "PARCEL", "YEAR": 2018, "GLYEAR": 2022, "TOWN": "BURLINGTON", "TNAME": "Burlington", "SOURCENAME": null, "SOURCETYPE": "UNKNOWN", "SOURCEDATE": "UNKNOWN", "EDITMETHOD": "UNKNOWN", "EDITOR": "UNKNOWN", "EDITDATE": "UNKNOWN", "MATCHSTAT": "MATCH", "EDITNOTE": "UNKNOWN", "OWNER1": "HOWARD PHILIP", "OWNER2": "HOWARD THOMAS J", "ADDRGL1": "101 ROBINSON PW", "ADDRGL2": "", "CITYGL": "BURLINGTON", "STGL": "VT", "ZIPGL": "05401", "DESCPROP": "", "LOCAPROP": "N", "CAT": "Residential-1", "RESCODE": "T", "ACRESGL": 0.18, "REAL_FLV": 458900, "HSTED_FLV": 458900, "NRES_FLV": 0, "LAND_LV": 177400, "IMPRV_LV": 281500, "EQUIPVAL": 0, "EQUIPCODE": "", "INVENVAL": 0, "HSDECL": "Y", "HSITEVAL": 458900, "VETEXAMT": 0, "EXPDESC": "", "ENDDATE": "", "STATUTE": "", "EXAMT_HS": 0, "EXAMT_NR": 0, "UVREDUC_HS": 0, "UVREDUC_NR": 0, "GLVAL_HS": 4589.0, "GLVAL_NR": 0.0, "CRHOUSPCT": 0.0, "MUNGL1PCT": 4589.0, "AOEGL_HS": 4589.0, "AOEGL_NR": 0.0, "E911ADDR": "101 ROBINSON PW", "SHAPE_Length": 0.0012111123137575274, "SHAPE_Area": 8.642687330015601e-08}, "geometry": {"type": "MultiPolygon", "coordinates": [[[[-73.19810171199998, 44.47395191500004], [-73.19832130299994, 44.47372389800006], [-73.19842980899995, 44.47376527900008], [-73.19845132299997, 44.47377393800008], [-73.19847450999998, 44.47377999200006], [-73.19849875899996, 44.47378327900003], [-73.19844489999997, 44.47410843200004], [-73.19832840399994, 44.47405585100006], [-73.19817913599996, 44.473988846000054], [-73.19810171199998, 44.47395191500004]]]]}}, {"type": "Feature", "properties": {"OBJECTID": 276872, "SPAN": "114-035-18122", "GLIST_SPAN": "114-035-18122", "MAPID": "050-3-028-000", "PARCID": "050-3-028.000", "PROPTYPE": "PARCEL", "YEAR": 2018, "GLYEAR": 2022, "TOWN": "BURLINGTON", "TNAME": "Burlington", "SOURCENAME": null, "SOURCETYPE": "UNKNOWN", "SOURCEDATE": "UNKNOWN", "EDITMETHOD": "UNKNOWN", "EDITOR": "UNKNOWN", "EDITDATE": "UNKNOWN", "MATCHSTAT": "MATCH", "EDITNOTE": "UNKNOWN", "OWNER1": "BOUCHARD GILLES", "OWNER2": "OUELLETTE ELIZABETH", "ADDRGL1": "309 ELEANOR AV", "ADDRGL2": "", "CITYGL": "LOS ALTOS", "STGL": "CA", "ZIPGL": "94022", "DESCPROP": "ROOF IS HIP W/DORMER IOU", "LOCAPROP": "N", "CAT": "Residential-1", "RESCODE": "NS", "ACRESGL": 0.17, "REAL_FLV": 528500, "HSTED_FLV": 0, "NRES_FLV": 528500, "LAND_LV": 176200, "IMPRV_LV": 352300, "EQUIPVAL": 0, "EQUIPCODE": "", "INVENVAL": 0, "HSDECL": "N", "HSITEVAL": 528500, "VETEXAMT": 0, "EXPDESC": "", "ENDDATE": "", "STATUTE": "", "EXAMT_HS": 0, "EXAMT_NR": 0, "UVREDUC_HS": 0, "UVREDUC_NR": 0, "GLVAL_HS": 0.0, "GLVAL_NR": 5285.0, "CRHOUSPCT": 0.0, "MUNGL1PCT": 5285.0, "AOEGL_HS": 0.0, "AOEGL_NR": 5285.0, "E911ADDR": "26 UNIVERSITY TR", "SHAPE_Length": 0.0013814823352873077, "SHAPE_Area": 7.889964816274038e-08}, "geometry": {"type": "MultiPolygon", "coordinates": [[[[-73.19670342999996, 44.47461164900005], [-73.19680731999995, 44.47449613100008], [-73.19729353299994, 44.47472321300006], [-73.19719157799994, 44.47483618800004], [-73.19670342999996, 44.47461164900005]]]]}}, {"type": "Feature", "properties": {"OBJECTID": 276874, "SPAN": "114-035-18123", "GLIST_SPAN": "114-035-18123", "MAPID": "050-3-029-000", "PARCID": "050-3-029.000", "PROPTYPE": "PARCEL", "YEAR": 2018, "GLYEAR": 2022, "TOWN": "BURLINGTON", "TNAME": "Burlington", "SOURCENAME": null, "SOURCETYPE": "UNKNOWN", "SOURCEDATE": "UNKNOWN", "EDITMETHOD": "UNKNOWN", "EDITOR": "UNKNOWN", "EDITDATE": "UNKNOWN", "MATCHSTAT": "MATCH", "EDITNOTE": "UNKNOWN", "OWNER1": "FIELD STONE UNIVERSITY LLC", "OWNER2": "", "ADDRGL1": "168 LYMAN AVENUE", "ADDRGL2": "", "CITYGL": "BURLINGTON", "STGL": "VT", "ZIPGL": "05401", "DESCPROP": "SINGLE FAMILY HOUSE", "LOCAPROP": "", "CAT": "Residential-1", "RESCODE": "T", "ACRESGL": 0.17, "REAL_FLV": 474100, "HSTED_FLV": 0, "NRES_FLV": 474100, "LAND_LV": 176200, "IMPRV_LV": 297900, "EQUIPVAL": 0, "EQUIPCODE": "", "INVENVAL": 0, "HSDECL": "N", "HSITEVAL": 474100, "VETEXAMT": 0, "EXPDESC": "", "ENDDATE": "", "STATUTE": "", "EXAMT_HS": 0, "EXAMT_NR": 0, "UVREDUC_HS": 0, "UVREDUC_NR": 0, "GLVAL_HS": 0.0, "GLVAL_NR": 4741.0, "CRHOUSPCT": 0.0, "MUNGL1PCT": 4741.0, "AOEGL_HS": 0.0, "AOEGL_NR": 4741.0, "E911ADDR": "32 UNIVERSITY TR", "SHAPE_Length": 0.001382987708381583, "SHAPE_Area": 7.925581723322824e-08}, "geometry": {"type": "MultiPolygon", "coordinates": [[[[-73.19680731999995, 44.47449613100008], [-73.19690887799999, 44.47438273700004], [-73.19739780399993, 44.47460670800007], [-73.19729353299994, 44.47472321300006], [-73.19680731999995, 44.47449613100008]]]]}}, {"type": "Feature", "properties": {"OBJECTID": 276875, "SPAN": "114-035-18124", "GLIST_SPAN": "114-035-18124", "MAPID": "050-3-030-000", "PARCID": "050-3-030.000", "PROPTYPE": "PARCEL", "YEAR": 2018, "GLYEAR": 2022, "TOWN": "BURLINGTON", "TNAME": "Burlington", "SOURCENAME": null, "SOURCETYPE": "UNKNOWN", "SOURCEDATE": "UNKNOWN", "EDITMETHOD": "UNKNOWN", "EDITOR": "UNKNOWN", "EDITDATE": "UNKNOWN", "MATCHSTAT": "MATCH", "EDITNOTE": "UNKNOWN", "OWNER1": "YOU WANG LLC", "OWNER2": "", "ADDRGL1": "34 UNIVERSITY TER", "ADDRGL2": "", "CITYGL": "BURLINGTON", "STGL": "VT", "ZIPGL": "05401", "DESCPROP": "SINGLE FAMILY HOUSE", "LOCAPROP": "", "CAT": "Residential-1", "RESCODE": "NS", "ACRESGL": 0.17, "REAL_FLV": 515000, "HSTED_FLV": 0, "NRES_FLV": 515000, "LAND_LV": 176200, "IMPRV_LV": 338800, "EQUIPVAL": 0, "EQUIPCODE": "", "INVENVAL": 0, "HSDECL": "N", "HSITEVAL": 515000, "VETEXAMT": 0, "EXPDESC": "", "ENDDATE": "", "STATUTE": "", "EXAMT_HS": 0, "EXAMT_NR": 0, "UVREDUC_HS": 0, "UVREDUC_NR": 0, "GLVAL_HS": 0.0, "GLVAL_NR": 5150.0, "CRHOUSPCT": 0.0, "MUNGL1PCT": 5150.0, "AOEGL_HS": 0.0, "AOEGL_NR": 5150.0, "E911ADDR": "34 UNIVERSITY TR", "SHAPE_Length": 0.00139134575243149, "SHAPE_Area": 8.10880769456616e-08}, "geometry": {"type": "MultiPolygon", "coordinates": [[[[-73.19690887799999, 44.47438273700004], [-73.19701431499993, 44.47426524200006], [-73.19750323899996, 44.47448907100005], [-73.19739780399993, 44.47460670800007], [-73.19690887799999, 44.47438273700004]]]]}}]}