{"type": "FeatureCollection", "features": [{"type": "Feature", "properties": {"OBJECTID": 29329, "SPAN": "129-040-11518", "GLIST_SPAN": "129-040-11518", "MAPID": "23-21-35", "PARCID": "232100035.", "PROPTYPE": "PARCEL", "YEAR": 2023, "GLYEAR": 2022, "TOWN": "CASTLETON", "TNAME": "Castleton", "SOURCENAME": null, "SOURCETYPE": "UNKNOWN", "SOURCEDATE": "UNKNOWN", "EDITMETHOD": "UNKNOWN", "EDITOR": "UNKNOWN", "EDITDATE": "UNKNOWN", "MATCHSTAT": "MATCH", "EDITNOTE": "UNKNOWN", "OWNER1": "MEKELATOS PETER H", "OWNER2": "KOLB DEBORAH M", "ADDRGL1": "22 OWLS NEST CIRCLE", "ADDRGL2": "", "CITYGL": "MANCHESTER", "STGL": "VT", "ZIPGL": "05254", "DESCPROP": "COT/LOT; INDIAN POINT", "LOCAPROP": "", "CAT": "Seasonal-1", "RESCODE": "S", "ACRESGL": 0.33, "REAL_FLV": 350700, "HSTED_FLV": 0, "NRES_FLV": 350700, "LAND_LV": 299800, "IMPRV_LV": 50900, "EQUIPVAL": 0, "EQUIPCODE": "", "INVENVAL": 0, "HSDECL": "N", "HSITEVAL": 350700, "VETEXAMT": 0, "EXPDESC": "", "ENDDATE": "", "STATUTE": "", "EXAMT_HS": 0, "EXAMT_NR": 0, "UVREDUC_HS": 0, "UVREDUC_NR": 0, "GLVAL_HS": 0.0, "GLVAL_NR": 3507.0, "CRHOUSPCT": 0.0, "MUNGL1PCT": 3507.0, "AOEGL_HS": 0.0, "AOEGL_NR": 3507.0, "E911ADDR": "786 INDIAN POINT", "SHAPE_Length": 0.0023335982715761553, "SHAPE_Area": 1.408250100537086e-07}, "geometry": {"type": "MultiPolygon", "coordinates": [[[[-73.22210307099994, 43.618726449000064], [-73.22213410199998, 43.61855509500003], [-73.22277033699999, 43.618627927000034], [-73.22273611799994, 43.61868575600005], [-73.22265734499996, 43.618829435000066], [-73.22210307099994, 43.618726449000064]]], [[[-73.22284079499997, 43.61871724100007], [-73.22288582099998, 43.61864114600007], [-73.22301999899997, 43.61865650500005], [-73.22298078999995, 43.618680847000064], [-73.22290906599994, 43.61879838800007], [-73.22286180099996, 43.618848796000066], [-73.22282355099998, 43.61886031700004], [-73.22276801199996, 43.61884999700004], [-73.22284079499997, 43.61871724100007]]]]}}, {"type": "Feature", "properties": {"OBJECTID": 29331, "SPAN": "129-040-10381", "GLIST_SPAN": "129-040-10381", "MAPID": "23-21-36", "PARCID": "232100036.", "PROPTYPE": "PARCEL", "YEAR": 2023, "GLYEAR": 2022, "TOWN": "CASTLETON", "TNAME": "Castleton", "SOURCENAME": null, "SOURCETYPE": "UNKNOWN", "SOURCEDATE": "UNKNOWN", "EDITMETHOD": "UNKNOWN", "EDITOR": "UNKNOWN", "EDITDATE": "UNKNOWN", "MATCHSTAT": "MATCH", "EDITNOTE": "UNKNOWN", "OWNER1": "CARROLL MICHAEL", "OWNER2": "CARROLL CARLA", "ADDRGL1": "32 BROCKMEYER DR", "ADDRGL2": "", "CITYGL": "MASSAPEQUA", "STGL": "NY", "ZIPGL": "11758", "DESCPROP": "COT/LOT; INDIAN POINT SECT", "LOCAPROP": "", "CAT": "Seasonal-1", "RESCODE": "NS", "ACRESGL": 0.28, "REAL_FLV": 379100, "HSTED_FLV": 0, "NRES_FLV": 379100, "LAND_LV": 299000, "IMPRV_LV": 80100, "EQUIPVAL": 0, "EQUIPCODE": "", "INVENVAL": 0, "HSDECL": "N", "HSITEVAL": 379100, "VETEXAMT": 0, "EXPDESC": "", "ENDDATE": "", "STATUTE": "", "EXAMT_HS": 0, "EXAMT_NR": 0, "UVREDUC_HS": 0, "UVREDUC_NR": 0, "GLVAL_HS": 0.0, "GLVAL_NR": 3791.0, "CRHOUSPCT": 0.0, "MUNGL1PCT": 3791.0, "AOEGL_HS": 0.0, "AOEGL_NR": 3791.0, "E911ADDR": "774 INDIAN POINT", "SHAPE_Length": 0.002370886710667036, "SHAPE_Area": 1.3264131542014545e-07}, "geometry": {"type": "MultiPolygon", "coordinates": [[[[-73.22213410199998, 43.61855509500003], [-73.22217260699995, 43.61840682600007], [-73.22283381899996, 43.61847308600005], [-73.22279416199996, 43.61858766200004], [-73.22277033699999, 43.618627927000034], [-73.22213410199998, 43.61855509500003]]], [[[-73.22290181399995, 43.61861411700005], [-73.22294671099996, 43.61848439900007], [-73.223167, 43.618506472000036], [-73.22311573899998, 43.618556159000036], [-73.22310330499994, 43.61860478300008], [-73.22301999899997, 43.61865650500005], [-73.22288582099998, 43.61864114600007], [-73.22290181399995, 43.61861411700005]]]]}}, {"type": "Feature", "properties": {"OBJECTID": 29525, "SPAN": "129-040-11605", "GLIST_SPAN": "129-040-11605", "MAPID": "23-21-40", "PARCID": "232100040.", "PROPTYPE": "PARCEL", "YEAR": 2023, "GLYEAR": 2022, "TOWN": "CASTLETON", "TNAME": "Castleton", "SOURCENAME": null, "SOURCETYPE": "UNKNOWN", "SOURCEDATE": "UNKNOWN", "EDITMETHOD": "UNKNOWN", "EDITOR": "UNKNOWN", "EDITDATE": "UNKNOWN", "MATCHSTAT": "MATCH", "EDITNOTE": "UNKNOWN", "OWNER1": "O`CONNELL PATRICK & KIRSTEN", "OWNER2": "O`BRIEN KATHY", "ADDRGL1": "2027 SPEAR STREET", "ADDRGL2": "", "CITYGL": "CHARLOTTE", "STGL": "VT", "ZIPGL": "05445", "DESCPROP": "COT/LOT; INDIAN POINT LOT 81", "LOCAPROP": "", "CAT": "Seasonal-1", "RESCODE": "S", "ACRESGL": 0.32, "REAL_FLV": 138000, "HSTED_FLV": 0, "NRES_FLV": 138000, "LAND_LV": 103800, "IMPRV_LV": 34200, "EQUIPVAL": 0, "EQUIPCODE": "", "INVENVAL": 0, "HSDECL": "N", "HSITEVAL": 138000, "VETEXAMT": 0, "EXPDESC": "", "ENDDATE": "", "STATUTE": "", "EXAMT_HS": 0, "EXAMT_NR": 0, "UVREDUC_HS": 0, "UVREDUC_NR": 0, "GLVAL_HS": 0.0, "GLVAL_NR": 1380.0, "CRHOUSPCT": 0.0, "MUNGL1PCT": 1380.0, "AOEGL_HS": 0.0, "AOEGL_NR": 1380.0, "E911ADDR": "734 INDIAN POINT", "SHAPE_Length": 0.0018128449164623744, "SHAPE_Area": 1.4422637145236902e-07}, "geometry": {"type": "MultiPolygon", "coordinates": [[[[-73.22231485499998, 43.61797035300003], [-73.22238564099996, 43.61776009700003], [-73.22307830799997, 43.61781876800006], [-73.22299290699993, 43.61801735000006], [-73.22261007699996, 43.61799081500004], [-73.22231485499998, 43.61797035300003]]]]}}, {"type": "Feature", "properties": {"OBJECTID": 29948, "SPAN": "129-040-11870", "GLIST_SPAN": "129-040-11870", "MAPID": "23-21-34", "PARCID": "232100034.", "PROPTYPE": "PARCEL", "YEAR": 2023, "GLYEAR": 2022, "TOWN": "CASTLETON", "TNAME": "Castleton", "SOURCENAME": null, "SOURCETYPE": "UNKNOWN", "SOURCEDATE": "UNKNOWN", "EDITMETHOD": "UNKNOWN", "EDITOR": "UNKNOWN", "EDITDATE": "UNKNOWN", "MATCHSTAT": "MATCH", "EDITNOTE": "UNKNOWN", "OWNER1": "REMINGTON FREDERICK A", "OWNER2": "REMINGTON LINDA D", "ADDRGL1": "115 EAST STREET", "ADDRGL2": "", "CITYGL": "RUTLAND", "STGL": "VT", "ZIPGL": "05701", "DESCPROP": "COT/LOT; INDIAN POINT SEC", "LOCAPROP": "", "CAT": "Residential-1", "RESCODE": "T", "ACRESGL": 0.3, "REAL_FLV": 391100, "HSTED_FLV": 391100, "NRES_FLV": 0, "LAND_LV": 302900, "IMPRV_LV": 88200, "EQUIPVAL": 0, "EQUIPCODE": "", "INVENVAL": 0, "HSDECL": "Y", "HSITEVAL": 391100, "VETEXAMT": 0, "EXPDESC": "", "ENDDATE": "", "STATUTE": "", "EXAMT_HS": 0, "EXAMT_NR": 0, "UVREDUC_HS": 0, "UVREDUC_NR": 0, "GLVAL_HS": 3911.0, "GLVAL_NR": 0.0, "CRHOUSPCT": 0.0, "MUNGL1PCT": 3911.0, "AOEGL_HS": 3911.0, "AOEGL_NR": 0.0, "E911ADDR": "792 INDIAN POINT", "SHAPE_Length": 0.0018396470746464997, "SHAPE_Area": 9.62874171925259e-08}, "geometry": {"type": "MultiPolygon", "coordinates": [[[[-73.22208556199996, 43.618898811000065], [-73.22210307099994, 43.618726449000064], [-73.22265734499996, 43.618829435000066], [-73.22260635199996, 43.61892244500007], [-73.22257513499994, 43.61897512200005], [-73.22208556199996, 43.618898811000065]]], [[[-73.22271101899997, 43.61895395000005], [-73.22276801199996, 43.61884999700004], [-73.22282355099998, 43.61886031700004], [-73.22274566999994, 43.61900170400003], [-73.22268804299995, 43.61899272100004], [-73.22271101899997, 43.61895395000005]]]]}}, {"type": "Feature", "properties": {"OBJECTID": 30038, "SPAN": "129-040-12396", "GLIST_SPAN": "129-040-12396", "MAPID": "23-21-31", "PARCID": "232100031.", "PROPTYPE": "PARCEL", "YEAR": 2023, "GLYEAR": 2022, "TOWN": "CASTLETON", "TNAME": "Castleton", "SOURCENAME": null, "SOURCETYPE": "UNKNOWN", "SOURCEDATE": "UNKNOWN", "EDITMETHOD": "UNKNOWN", "EDITOR": "UNKNOWN", "EDITDATE": "UNKNOWN", "MATCHSTAT": "MATCH", "EDITNOTE": "UNKNOWN", "OWNER1": "WERNER JACQUELINE T ET AL", "OWNER2": "", "ADDRGL1": "626 EAST 20TH STREET APT 9C", "ADDRGL2": "", "CITYGL": "NEW YORK", "STGL": "NY", "ZIPGL": "10009", "DESCPROP": "COT/LOT; INDIAN POINT", "LOCAPROP": "", "CAT": "Seasonal-1", "RESCODE": "NS", "ACRESGL": 0.2, "REAL_FLV": 291900, "HSTED_FLV": 0, "NRES_FLV": 291900, "LAND_LV": 242600, "IMPRV_LV": 49300, "EQUIPVAL": 0, "EQUIPCODE": "", "INVENVAL": 0, "HSDECL": "N", "HSITEVAL": 291900, "VETEXAMT": 0, "EXPDESC": "", "ENDDATE": "", "STATUTE": "", "EXAMT_HS": 0, "EXAMT_NR": 0, "UVREDUC_HS": 0, "UVREDUC_NR": 0, "GLVAL_HS": 0.0, "GLVAL_NR": 2919.0, "CRHOUSPCT": 0.0, "MUNGL1PCT": 2919.0, "AOEGL_HS": 0.0, "AOEGL_NR": 2919.0, "E911ADDR": "370 BURKE RD", "SHAPE_Length": 0.001390100075513515, "SHAPE_Area": 8.854491494445198e-08}, "geometry": {"type": "MultiPolygon", "coordinates": [[[[-73.22199944599998, 43.61944349000004], [-73.22203776099997, 43.619275695000056], [-73.22256216299996, 43.619312629000035], [-73.22251933899997, 43.61947840800008], [-73.22199944599998, 43.61944349000004]]]]}}, {"type": "Feature", "properties": {"OBJECTID": 27194, "SPAN": "129-040-10102", "GLIST_SPAN": "129-040-10102", "MAPID": "40-50-57", "PARCID": "405000057.", "PROPTYPE": "PARCEL", "YEAR": 2023, "GLYEAR": 2022, "TOWN": "CASTLETON", "TNAME": "Castleton", "SOURCENAME": null, "SOURCETYPE": "UNKNOWN", "SOURCEDATE": "UNKNOWN", "EDITMETHOD": "UNKNOWN", "EDITOR": "UNKNOWN", "EDITDATE": "UNKNOWN", "MATCHSTAT": "MATCH", "EDITNOTE": "UNKNOWN", "OWNER1": "BAKER ROBERTA A REOVABLE FAM TR", "OWNER2": "", "ADDRGL1": "41 WOODLAWN ROAD", "ADDRGL2": "", "CITYGL": "NEW LONDON", "STGL": "CT", "ZIPGL": "06320", "DESCPROP": "COT/LOT; CREEK RD/ RIEHL ROAD EAST INCLU", "LOCAPROP": "", "CAT": "Residential-1", "RESCODE": "S", "ACRESGL": 1.38, "REAL_FLV": 261500, "HSTED_FLV": 0, "NRES_FLV": 261500, "LAND_LV": 188500, "IMPRV_LV": 73000, "EQUIPVAL": 0, "EQUIPCODE": "", "INVENVAL": 0, "HSDECL": "N", "HSITEVAL": 261500, "VETEXAMT": 0, "EXPDESC": "", "ENDDATE": "", "STATUTE": "", "EXAMT_HS": 0, "EXAMT_NR": 0, "UVREDUC_HS": 0, "UVREDUC_NR": 0, "GLVAL_HS": 0.0, "GLVAL_NR": 2615.0, "CRHOUSPCT": 0.0, "MUNGL1PCT": 2615.0, "AOEGL_HS": 0.0, "AOEGL_NR": 2615.0, "E911ADDR": "63 EAST RIEHL RD", "SHAPE_Length": 0.005960356526447989, "SHAPE_Area": 5.570183231517616e-07}, "geometry": {"type": "MultiPolygon", "coordinates": [[[[-73.23100260499996, 43.62214784500003], [-73.23197366299996, 43.621488416000034], [-73.23227883999994, 43.62173177100004], [-73.23200297399995, 43.62191911000008], [-73.23199044099994, 43.621927622000044], [-73.23192031799994, 43.62187215400007], [-73.23119358099996, 43.62236143300004], [-73.23108279699994, 43.62237815900005], [-73.23107275599995, 43.62236095700007], [-73.23102943199996, 43.62225583400004], [-73.23100260499996, 43.62214784500003]]], [[[-73.23046917299996, 43.62319891100003], [-73.23041259599995, 43.623145374000046], [-73.23035324499995, 43.62316591900003], [-73.23031949599994, 43.62310269500006], [-73.23034922299996, 43.62308002200007], [-73.23030051799998, 43.62300331200004], [-73.23034180899998, 43.622980838000046], [-73.23038249699994, 43.62302196100006], [-73.23051046699999, 43.62314301200007], [-73.23053388199997, 43.623157768000056], [-73.23046917299996, 43.62319891100003]]], [[[-73.23050499699997, 43.62291075100006], [-73.23120748699995, 43.62254703200006], [-73.23135501799999, 43.62263565100005], [-73.23067731199995, 43.62306656900006], [-73.23064860299996, 43.623048477000054], [-73.23053407299994, 43.622940139000036], [-73.23050499699997, 43.62291075100006]]]]}}, {"type": "Feature", "properties": {"OBJECTID": 28277, "SPAN": "129-040-11344", "GLIST_SPAN": "129-040-11344", "MAPID": "41-50-09", "PARCID": "415000009.", "PROPTYPE": "PARCEL", "YEAR": 2023, "GLYEAR": 2022, "TOWN": "CASTLETON", "TNAME": "Castleton", "SOURCENAME": null, "SOURCETYPE": "UNKNOWN", "SOURCEDATE": "UNKNOWN", "EDITMETHOD": "UNKNOWN", "EDITOR": "UNKNOWN", "EDITDATE": "UNKNOWN", "MATCHSTAT": "MATCH", "EDITNOTE": "UNKNOWN", "OWNER1": "JOHNSON FRANK", "OWNER2": "JOHNSON SUSAN", "ADDRGL1": "1259 CREEK ROAD", "ADDRGL2": "", "CITYGL": "CASTLETON", "STGL": "VT", "ZIPGL": "05735", "DESCPROP": "HSE/OB/LOT; CREEK RD; INCL LOT 10", "LOCAPROP": "", "CAT": "Residential-1", "RESCODE": "NS", "ACRESGL": 0.47, "REAL_FLV": 596000, "HSTED_FLV": 0, "NRES_FLV": 596000, "LAND_LV": 189700, "IMPRV_LV": 406300, "EQUIPVAL": 0, "EQUIPCODE": "", "INVENVAL": 0, "HSDECL": "N", "HSITEVAL": 596000, "VETEXAMT": 0, "EXPDESC": "", "ENDDATE": "", "STATUTE": "", "EXAMT_HS": 0, "EXAMT_NR": 0, "UVREDUC_HS": 0, "UVREDUC_NR": 0, "GLVAL_HS": 0.0, "GLVAL_NR": 5960.0, "CRHOUSPCT": 0.0, "MUNGL1PCT": 5960.0, "AOEGL_HS": 0.0, "AOEGL_NR": 5960.0, "E911ADDR": "1259 CREEK RD", "SHAPE_Length": 0.003078125855850079, "SHAPE_Area": 2.3681108313528945e-07}, "geometry": {"type": "MultiPolygon", "coordinates": [[[[-73.23015525899996, 43.62235032600006], [-73.23100260499996, 43.62214784500003], [-73.23102943199996, 43.62225583400004], [-73.23107275599995, 43.62236095700007], [-73.23027256999995, 43.622614103000046], [-73.23026929099996, 43.62260901500008], [-73.23020256299998, 43.62247832000003], [-73.23015553499994, 43.62235130600004], [-73.23015525899996, 43.62235032600006]]], [[[-73.23002465299999, 43.622612514000025], [-73.22997733499994, 43.62248947200004], [-73.22988142099996, 43.62249616200006], [-73.22986311399995, 43.62241320800007], [-73.22994476299993, 43.62240062600006], [-73.22997554599993, 43.62239327000003], [-73.23002249599995, 43.62252007200004], [-73.23009497999993, 43.62266204500003], [-73.23009939099995, 43.62266888900007], [-73.23005480099994, 43.62268299400006], [-73.23005355899994, 43.62267845100007], [-73.23002465299999, 43.622612514000025]]]]}}, {"type": "Feature", "properties": {"OBJECTID": 28333, "SPAN": "129-040-11405", "GLIST_SPAN": "129-040-11405", "MAPID": "41-50-02", "PARCID": "415000002.", "PROPTYPE": "PARCEL", "YEAR": 2023, "GLYEAR": 2022, "TOWN": "CASTLETON", "TNAME": "Castleton", "SOURCENAME": null, "SOURCETYPE": "UNKNOWN", "SOURCEDATE": "UNKNOWN", "EDITMETHOD": "UNKNOWN", "EDITOR": "UNKNOWN", "EDITDATE": "UNKNOWN", "MATCHSTAT": "MATCH", "EDITNOTE": "UNKNOWN", "OWNER1": "MACDONALD JAMES E", "OWNER2": "", "ADDRGL1": "19 CUNNINGHAM AVE", "ADDRGL2": "", "CITYGL": "FLORAL PARK", "STGL": "NY", "ZIPGL": "11001", "DESCPROP": "COT/GAR/LOT; PT-OF-PINES RD", "LOCAPROP": "", "CAT": "Residential-1", "RESCODE": "NS", "ACRESGL": 0.48, "REAL_FLV": 141100, "HSTED_FLV": 0, "NRES_FLV": 141100, "LAND_LV": 90000, "IMPRV_LV": 51100, "EQUIPVAL": 0, "EQUIPCODE": "", "INVENVAL": 0, "HSDECL": "N", "HSITEVAL": 141100, "VETEXAMT": 0, "EXPDESC": "", "ENDDATE": "", "STATUTE": "", "EXAMT_HS": 0, "EXAMT_NR": 0, "UVREDUC_HS": 0, "UVREDUC_NR": 0, "GLVAL_HS": 0.0, "GLVAL_NR": 1411.0, "CRHOUSPCT": 0.0, "MUNGL1PCT": 1411.0, "AOEGL_HS": 0.0, "AOEGL_NR": 1411.0, "E911ADDR": "138 RIEHL RD", "SHAPE_Length": 0.002185027801324537, "SHAPE_Area": 2.2399631708390709e-07}, "geometry": {"type": "MultiPolygon", "coordinates": [[[[-73.23309498899994, 43.62238309000003], [-73.23315074799996, 43.622312341000054], [-73.23309851599998, 43.62234809900008], [-73.23283612599994, 43.62215080500005], [-73.23324840199996, 43.62186857000006], [-73.23351596499998, 43.622062321000044], [-73.23360326999995, 43.62212554000007], [-73.23360275599998, 43.62223640900004], [-73.23355962299996, 43.62226283000007], [-73.23342872299997, 43.622208071000045], [-73.23324108499997, 43.62244614300005], [-73.23309498899994, 43.62238309000003]]]]}}, {"type": "Feature", "properties": {"OBJECTID": 28334, "SPAN": "129-040-11406", "GLIST_SPAN": "129-040-11406", "MAPID": "41-50-16", "PARCID": "415000016.", "PROPTYPE": "PARCEL", "YEAR": 2023, "GLYEAR": 2022, "TOWN": "CASTLETON", "TNAME": "Castleton", "SOURCENAME": null, "SOURCETYPE": "UNKNOWN", "SOURCEDATE": "UNKNOWN", "EDITMETHOD": "UNKNOWN", "EDITOR": "UNKNOWN", "EDITDATE": "UNKNOWN", "MATCHSTAT": "MATCH", "EDITNOTE": "UNKNOWN", "OWNER1": "ROTONDO CATHY A", "OWNER2": "", "ADDRGL1": "1149 CREEK ROAD", "ADDRGL2": "", "CITYGL": "CASTLETON", "STGL": "VT", "ZIPGL": "05735", "DESCPROP": "COT/GAR/OB/LOT/INCLUDES 415000018 & 19", "LOCAPROP": "", "CAT": "Residential-1", "RESCODE": "T", "ACRESGL": 0.72, "REAL_FLV": 473100, "HSTED_FLV": 473100, "NRES_FLV": 0, "LAND_LV": 221900, "IMPRV_LV": 251200, "EQUIPVAL": 0, "EQUIPCODE": "", "INVENVAL": 0, "HSDECL": "Y", "HSITEVAL": 473100, "VETEXAMT": 0, "EXPDESC": "", "ENDDATE": "", "STATUTE": "", "EXAMT_HS": 0, "EXAMT_NR": 0, "UVREDUC_HS": 0, "UVREDUC_NR": 0, "GLVAL_HS": 4731.0, "GLVAL_NR": 0.0, "CRHOUSPCT": 0.0, "MUNGL1PCT": 4731.0, "AOEGL_HS": 4731.0, "AOEGL_NR": 0.0, "E911ADDR": "1149 CREEK RD", "SHAPE_Length": 0.0035639630887389904, "SHAPE_Area": 3.119709725183964e-07}, "geometry": {"type": "MultiPolygon", "coordinates": [[[[-73.23021699399999, 43.62103509600007], [-73.23018062099999, 43.62071961800007], [-73.23017620599995, 43.62062128900004], [-73.23101458799994, 43.62064020100007], [-73.23096898199998, 43.62079582700005], [-73.23085578199994, 43.62079259500007], [-73.23083494399998, 43.62102253900008], [-73.23064620699995, 43.62102637400005], [-73.23021699399999, 43.62103509600007]]], [[[-73.22993018099999, 43.62063711700006], [-73.22992124899997, 43.62061553600006], [-73.22998710399997, 43.62061702200003], [-73.22999206699996, 43.620727584000065], [-73.23002796399999, 43.62103893700004], [-73.22999588099998, 43.62103958900008], [-73.22997880599996, 43.62097650900006], [-73.22986351899993, 43.62097434700007], [-73.22986454199997, 43.62089391100005], [-73.22994086499995, 43.620892336000054], [-73.22993771099993, 43.62082346500006], [-73.22996101499996, 43.620823091000034], [-73.22994787399995, 43.62073915500008], [-73.22995460699997, 43.62063893800007], [-73.22993018099999, 43.62063711700006]]]]}}, {"type": "Feature", "properties": {"OBJECTID": 28489, "SPAN": "129-040-10656", "GLIST_SPAN": "129-040-10656", "MAPID": "40-50-51", "PARCID": "405000051.", "PROPTYPE": "PARCEL", "YEAR": 2023, "GLYEAR": 2022, "TOWN": "CASTLETON", "TNAME": "Castleton", "SOURCENAME": null, "SOURCETYPE": "UNKNOWN", "SOURCEDATE": "UNKNOWN", "EDITMETHOD": "UNKNOWN", "EDITOR": "UNKNOWN", "EDITDATE": "UNKNOWN", "MATCHSTAT": "MATCH", "EDITNOTE": "UNKNOWN", "OWNER1": "SCHALL WILLIAM", "OWNER2": "SCHALL STEPHANIE", "ADDRGL1": "PO BOX 334", "ADDRGL2": "", "CITYGL": "BOMOSEEN", "STGL": "VT", "ZIPGL": "05732", "DESCPROP": "HSE/GAR/OB/LOT; INCLUDES 405000050", "LOCAPROP": "", "CAT": "Residential-1", "RESCODE": "T", "ACRESGL": 0.52, "REAL_FLV": 639100, "HSTED_FLV": 0, "NRES_FLV": 639100, "LAND_LV": 233500, "IMPRV_LV": 405600, "EQUIPVAL": 0, "EQUIPCODE": "", "INVENVAL": 0, "HSDECL": "N", "HSITEVAL": 639100, "VETEXAMT": 0, "EXPDESC": "", "ENDDATE": "", "STATUTE": "", "EXAMT_HS": 0, "EXAMT_NR": 0, "UVREDUC_HS": 0, "UVREDUC_NR": 0, "GLVAL_HS": 0.0, "GLVAL_NR": 6391.0, "CRHOUSPCT": 0.0, "MUNGL1PCT": 6391.0, "AOEGL_HS": 0.0, "AOEGL_NR": 6391.0, "E911ADDR": "41 EAST RIEHL RD", "SHAPE_Length": 0.0034439982570422926, "SHAPE_Area": 3.544031148383959e-07}, "geometry": {"type": "MultiPolygon", "coordinates": [[[[-73.23086618799994, 43.623177027000054], [-73.23143224699999, 43.62273612400003], [-73.23183740399998, 43.62307047300004], [-73.23142845399997, 43.62339369000006], [-73.23125028899995, 43.623339685000076], [-73.23107091699995, 43.62326944800003], [-73.23090551899998, 43.62319798300007], [-73.23086618799994, 43.623177027000054]]], [[[-73.23079736699998, 43.62339363700005], [-73.23086941099996, 43.62334197800004], [-73.23097781799999, 43.62338881800008], [-73.23116893999998, 43.62346365500008], [-73.23129301999995, 43.62350126600006], [-73.23124322499996, 43.62354085800007], [-73.23123695899994, 43.62353976300005], [-73.23111738699998, 43.62351639800005], [-73.23095703299998, 43.62344918300005], [-73.23079736699998, 43.62339363700005]]]]}}, {"type": "Feature", "properties": {"OBJECTID": 28503, "SPAN": "129-040-10670", "GLIST_SPAN": "129-040-10670", "MAPID": "41-50-14", "PARCID": "415000014.", "PROPTYPE": "PARCEL", "YEAR": 2023, "GLYEAR": 2022, "TOWN": "CASTLETON", "TNAME": "Castleton", "SOURCENAME": null, "SOURCETYPE": "UNKNOWN", "SOURCEDATE": "UNKNOWN", "EDITMETHOD": "UNKNOWN", "EDITOR": "UNKNOWN", "EDITDATE": "UNKNOWN", "MATCHSTAT": "MATCH", "EDITNOTE": "UNKNOWN", "OWNER1": "DORAN THOMAS", "OWNER2": "DORAN KAREN", "ADDRGL1": "1165 CREEK ROAD", "ADDRGL2": "", "CITYGL": "CASTLETON", "STGL": "VT", "ZIPGL": "05735", "DESCPROP": "COT/GAR/LAND/INCLUDES 41-50-13", "LOCAPROP": "", "CAT": "Residential-2", "RESCODE": "T", "ACRESGL": 11.89, "REAL_FLV": 460700, "HSTED_FLV": 460700, "NRES_FLV": 0, "LAND_LV": 323100, "IMPRV_LV": 137600, "EQUIPVAL": 0, "EQUIPCODE": "", "INVENVAL": 0, "HSDECL": "Y", "HSITEVAL": 443100, "VETEXAMT": 0, "EXPDESC": "", "ENDDATE": "", "STATUTE": "", "EXAMT_HS": 0, "EXAMT_NR": 0, "UVREDUC_HS": 0, "UVREDUC_NR": 0, "GLVAL_HS": 4607.0, "GLVAL_NR": 0.0, "CRHOUSPCT": 0.0, "MUNGL1PCT": 4607.0, "AOEGL_HS": 4607.0, "AOEGL_NR": 0.0, "E911ADDR": "1165 CREEK RD", "SHAPE_Length": 0.014521948242980563, "SHAPE_Area": 5.1415931240664346e-06}, "geometry": {"type": "MultiPolygon", "coordinates": [[[[-73.23098178999999, 43.622039157000074], [-73.23097220499994, 43.62192964500008], [-73.23010459099999, 43.62209297900006], [-73.23009949499993, 43.621936564000066], [-73.23010955599995, 43.62178467900003], [-73.23014203099996, 43.621577271000035], [-73.23018942999994, 43.62136905800003], [-73.23020836199998, 43.62125280400005], [-73.23021530299997, 43.621143403000076], [-73.23021887799996, 43.62105143900004], [-73.23021699399999, 43.62103509600007], [-73.23064620699995, 43.62102637400005], [-73.23083494399998, 43.62102253900008], [-73.23085578199994, 43.62079259500007], [-73.23096898199998, 43.62079582700005], [-73.23101458799994, 43.62064020100007], [-73.23101916499996, 43.62048112200006], [-73.23104219399994, 43.62034497900004], [-73.23111986299995, 43.61984004900006], [-73.23251355299993, 43.62004069300008], [-73.23268965099999, 43.62029571000005], [-73.23303508199996, 43.62079593300007], [-73.23332578799995, 43.620673414000066], [-73.23402808999998, 43.621004147000065], [-73.23393358399994, 43.62121081400005], [-73.23377740699993, 43.621552758000064], [-73.23360424199996, 43.62191582600008], [-73.23360326999995, 43.62212554000007], [-73.23351596499998, 43.622062321000044], [-73.23324840199996, 43.62186857000006], [-73.23268689299994, 43.62144636200003], [-73.23227883999994, 43.62173177100004], [-73.23197366299996, 43.621488416000034], [-73.23100260499996, 43.62214784500003], [-73.23098178999999, 43.622039157000074]]], [[[-73.22983499799994, 43.62123256000007], [-73.22986484999996, 43.62111529800006], [-73.22994361699995, 43.62113726300004], [-73.22993037799995, 43.62117377000004], [-73.22996007099994, 43.621177740000064], [-73.22997309799996, 43.62114548400007], [-73.22998166799994, 43.62112426400006], [-73.22999588099998, 43.62103958900008], [-73.23002796399999, 43.62103893700004], [-73.23002984399994, 43.62105523900004], [-73.23002661299995, 43.62113830800007], [-73.23002006099995, 43.62124157400007], [-73.23000243599995, 43.621349800000075], [-73.22995496899995, 43.62155831900003], [-73.22992125699994, 43.621773619000066], [-73.22991057299998, 43.621934888000055], [-73.22991600399996, 43.62210156300006], [-73.22991931599995, 43.62212785600008], [-73.22987778899994, 43.62213567400005], [-73.22985664699996, 43.62190435900004], [-73.22986314899998, 43.621861169000056], [-73.22986424199996, 43.62181762000006], [-73.22988203099999, 43.62176965000003], [-73.22990805999996, 43.62172605500007], [-73.22989937299997, 43.62167062200007], [-73.22989789999997, 43.62163726000006], [-73.22991577399995, 43.62161270000007], [-73.22992135099997, 43.62158147900004], [-73.22991035999996, 43.62152596100003], [-73.22991478499995, 43.62148118400006], [-73.22992644999994, 43.62140429600004], [-73.22992396599994, 43.621337863000065], [-73.22992881199997, 43.62126139000003], [-73.22983499799994, 43.62123256000007]]]]}}, {"type": "Feature", "properties": {"OBJECTID": 28593, "SPAN": "129-040-10177", "GLIST_SPAN": "129-040-10177", "MAPID": "40-50-60", "PARCID": "405000060.", "PROPTYPE": "PARCEL", "YEAR": 2023, "GLYEAR": 2022, "TOWN": "CASTLETON", "TNAME": "Castleton", "SOURCENAME": null, "SOURCETYPE": "UNKNOWN", "SOURCEDATE": "UNKNOWN", "EDITMETHOD": "UNKNOWN", "EDITOR": "UNKNOWN", "EDITDATE": "UNKNOWN", "MATCHSTAT": "MATCH", "EDITNOTE": "UNKNOWN", "OWNER1": "SCHLACTUS PETER M", "OWNER2": "SCHLACTUS JENNIFER A", "ADDRGL1": "80 BELLFAIR", "ADDRGL2": "", "CITYGL": "RYE BROOK", "STGL": "NY", "ZIPGL": "10573", "DESCPROP": "COT/BTHSE/LOT; CREEK RD; includes parcel", "LOCAPROP": "", "CAT": "Residential-1", "RESCODE": "NS", "ACRESGL": 0.57, "REAL_FLV": 619300, "HSTED_FLV": 0, "NRES_FLV": 619300, "LAND_LV": 224900, "IMPRV_LV": 394400, "EQUIPVAL": 0, "EQUIPCODE": "", "INVENVAL": 0, "HSDECL": "N", "HSITEVAL": 619300, "VETEXAMT": 0, "EXPDESC": "", "ENDDATE": "", "STATUTE": "", "EXAMT_HS": 0, "EXAMT_NR": 0, "UVREDUC_HS": 0, "UVREDUC_NR": 0, "GLVAL_HS": 0.0, "GLVAL_NR": 6193.0, "CRHOUSPCT": 0.0, "MUNGL1PCT": 6193.0, "AOEGL_HS": 0.0, "AOEGL_NR": 6193.0, "E911ADDR": "68 EAST RIEHL RD", "SHAPE_Length": 0.0033282499364309373, "SHAPE_Area": 2.791480526489138e-07}, "geometry": {"type": "MultiPolygon", "coordinates": [[[[-73.23027256999995, 43.622614103000046], [-73.23107275599995, 43.62236095700007], [-73.23108279699994, 43.62237815900005], [-73.23116326099995, 43.62248713500003], [-73.23120748699995, 43.62254703200006], [-73.23050499699997, 43.62291075100006], [-73.23044233899998, 43.62284742200006], [-73.23035797299997, 43.622746567000036], [-73.23027256999995, 43.622614103000046]]], [[[-73.23005480099994, 43.62268299400006], [-73.23009939099995, 43.62266888900007], [-73.23019131099994, 43.622811461000026], [-73.23028476299999, 43.622923179000054], [-73.23034180899998, 43.622980838000046], [-73.23030051799998, 43.62300331200004], [-73.23020855799996, 43.62304727800006], [-73.23010483999997, 43.62294791000005], [-73.23018421499995, 43.622908892000055], [-73.23014496399998, 43.62287021600008], [-73.23007956299995, 43.62277359800004], [-73.23005480099994, 43.62268299400006]]]]}}, {"type": "Feature", "properties": {"OBJECTID": 28934, "SPAN": "129-040-12024", "GLIST_SPAN": "129-040-12024", "MAPID": "41-50-21", "PARCID": "415000021.", "PROPTYPE": "PARCEL", "YEAR": 2023, "GLYEAR": 2022, "TOWN": "CASTLETON", "TNAME": "Castleton", "SOURCENAME": null, "SOURCETYPE": "UNKNOWN", "SOURCEDATE": "UNKNOWN", "EDITMETHOD": "UNKNOWN", "EDITOR": "UNKNOWN", "EDITDATE": "UNKNOWN", "MATCHSTAT": "MATCH", "EDITNOTE": "UNKNOWN", "OWNER1": "FONTEYN PAUL F", "OWNER2": "FONTEYN MARSHA E", "ADDRGL1": "PO BOX 13", "ADDRGL2": "", "CITYGL": "FAIRHAVEN", "STGL": "VT", "ZIPGL": "05743", "DESCPROP": "HSE/LOT; CREEK RD (+415000020)", "LOCAPROP": "", "CAT": "Residential-1", "RESCODE": "T", "ACRESGL": 0.39, "REAL_FLV": 388200, "HSTED_FLV": 388200, "NRES_FLV": 0, "LAND_LV": 219400, "IMPRV_LV": 168800, "EQUIPVAL": 0, "EQUIPCODE": "", "INVENVAL": 0, "HSDECL": "Y", "HSITEVAL": 388200, "VETEXAMT": 0, "EXPDESC": "", "ENDDATE": "", "STATUTE": "", "EXAMT_HS": 0, "EXAMT_NR": 0, "UVREDUC_HS": 0, "UVREDUC_NR": 0, "GLVAL_HS": 3882.0, "GLVAL_NR": 0.0, "CRHOUSPCT": 0.0, "MUNGL1PCT": 3882.0, "AOEGL_HS": 3882.0, "AOEGL_NR": 0.0, "E911ADDR": "1116 CREEK RD", "SHAPE_Length": 0.002657060128433004, "SHAPE_Area": 1.573693738518709e-07}, "geometry": {"type": "MultiPolygon", "coordinates": [[[[-73.23017620599995, 43.62062128900004], [-73.23016901799997, 43.620461172000034], [-73.23101916499996, 43.62048112200006], [-73.23101458799994, 43.62064020100007], [-73.23017620599995, 43.62062128900004]]], [[[-73.22982297899995, 43.620594003000065], [-73.22982614399996, 43.62056471500006], [-73.22984904699996, 43.62056592700003], [-73.22987696199993, 43.62044121400004], [-73.22991194899998, 43.62042573000008], [-73.22997941199998, 43.62042680900004], [-73.22997901499997, 43.62043682600006], [-73.22998710399997, 43.62061702200003], [-73.22992124899997, 43.62061553600006], [-73.22991651099994, 43.62060409000003], [-73.22982297899995, 43.620594003000065]]]]}}, {"type": "Feature", "properties": {"OBJECTID": 29060, "SPAN": "129-040-12162", "GLIST_SPAN": "129-040-12162", "MAPID": "41-50-06", "PARCID": "415000006.", "PROPTYPE": "PARCEL", "YEAR": 2023, "GLYEAR": 2022, "TOWN": "CASTLETON", "TNAME": "Castleton", "SOURCENAME": null, "SOURCETYPE": "UNKNOWN", "SOURCEDATE": "UNKNOWN", "EDITMETHOD": "UNKNOWN", "EDITOR": "UNKNOWN", "EDITDATE": "UNKNOWN", "MATCHSTAT": "MATCH", "EDITNOTE": "UNKNOWN", "OWNER1": "STODDARD ROBERT E & MARY C JTTRUST", "OWNER2": "C/O STODDARD ROBERT E & MARY C TRUSTEE", "ADDRGL1": "P.O. BOX 186", "ADDRGL2": "", "CITYGL": "SHARON", "STGL": "VT", "ZIPGL": "05065", "DESCPROP": "COT/LOT;INCL 41-50-05; LAKE ACCESS 40-50", "LOCAPROP": "", "CAT": "Residential-1", "RESCODE": "S", "ACRESGL": 0.49, "REAL_FLV": 190200, "HSTED_FLV": 0, "NRES_FLV": 190200, "LAND_LV": 105400, "IMPRV_LV": 84800, "EQUIPVAL": 0, "EQUIPCODE": "", "INVENVAL": 0, "HSDECL": "N", "HSITEVAL": 190200, "VETEXAMT": 0, "EXPDESC": "", "ENDDATE": "", "STATUTE": "", "EXAMT_HS": 0, "EXAMT_NR": 0, "UVREDUC_HS": 0, "UVREDUC_NR": 0, "GLVAL_HS": 0.0, "GLVAL_NR": 1902.0, "CRHOUSPCT": 0.0, "MUNGL1PCT": 1902.0, "AOEGL_HS": 0.0, "AOEGL_NR": 1902.0, "E911ADDR": "70 RIEHL RD", "SHAPE_Length": 0.002207275386889545, "SHAPE_Area": 2.803155538444432e-07}, "geometry": {"type": "MultiPolygon", "coordinates": [[[[-73.23187856499999, 43.62265745700006], [-73.23243997799995, 43.62228320000003], [-73.23251462299999, 43.62233931800006], [-73.23253660899996, 43.62235584700005], [-73.23279902399997, 43.622553124000035], [-73.23268628399995, 43.62263030200006], [-73.23254886799998, 43.62272437200005], [-73.23241145099996, 43.62281844300003], [-73.23215957999997, 43.622873481000056], [-73.23215575099994, 43.622874317000026], [-73.23187856499999, 43.62265745700006]]]]}}, {"type": "Feature", "properties": {"OBJECTID": 29079, "SPAN": "129-040-12182", "GLIST_SPAN": "129-040-12182", "MAPID": "40-50-56", "PARCID": "405000056.", "PROPTYPE": "PARCEL", "YEAR": 2023, "GLYEAR": 2022, "TOWN": "CASTLETON", "TNAME": "Castleton", "SOURCENAME": null, "SOURCETYPE": "UNKNOWN", "SOURCEDATE": "UNKNOWN", "EDITMETHOD": "UNKNOWN", "EDITOR": "UNKNOWN", "EDITDATE": "UNKNOWN", "MATCHSTAT": "MATCH", "EDITNOTE": "UNKNOWN", "OWNER1": "BURKE JOYCE TRUSTEE", "OWNER2": "SULLIVAN MADELINE ET AL", "ADDRGL1": "253 DAVID ROAD", "ADDRGL2": "", "CITYGL": "RUTLAND", "STGL": "VT", "ZIPGL": "05701", "DESCPROP": "COT/OB/LOT; CREEK RD", "LOCAPROP": "", "CAT": "Residential-1", "RESCODE": "S", "ACRESGL": 0.38, "REAL_FLV": 244300, "HSTED_FLV": 0, "NRES_FLV": 244300, "LAND_LV": 177300, "IMPRV_LV": 67000, "EQUIPVAL": 0, "EQUIPCODE": "", "INVENVAL": 0, "HSDECL": "N", "HSITEVAL": 244300, "VETEXAMT": 0, "EXPDESC": "", "ENDDATE": "", "STATUTE": "", "EXAMT_HS": 0, "EXAMT_NR": 0, "UVREDUC_HS": 0, "UVREDUC_NR": 0, "GLVAL_HS": 0.0, "GLVAL_NR": 2443.0, "CRHOUSPCT": 0.0, "MUNGL1PCT": 2443.0, "AOEGL_HS": 0.0, "AOEGL_NR": 2443.0, "E911ADDR": "59 EAST RIEHL RD", "SHAPE_Length": 0.0025508688299982958, "SHAPE_Area": 1.4629039640702864e-07}, "geometry": {"type": "MultiPolygon", "coordinates": [[[[-73.23067731199995, 43.62306656900006], [-73.23135501799999, 43.62263565100005], [-73.23147089499997, 43.622705257000064], [-73.23143224699999, 43.62273612400003], [-73.23086618799994, 43.623177027000054], [-73.23077818399997, 43.62313013600004], [-73.23067731199995, 43.62306656900006]]], [[[-73.23046917299996, 43.62319891100003], [-73.23053388199997, 43.623157768000056], [-73.23066028499994, 43.62323742400008], [-73.23073008699998, 43.62327461700005], [-73.23065473299994, 43.623328650000076], [-73.23054986899996, 43.62327527100007], [-73.23046917299996, 43.62319891100003]]]]}}, {"type": "Feature", "properties": {"OBJECTID": 29386, "SPAN": "129-040-11550", "GLIST_SPAN": "129-040-11550", "MAPID": "41-50-07", "PARCID": "415000007.", "PROPTYPE": "PARCEL", "YEAR": 2023, "GLYEAR": 2022, "TOWN": "CASTLETON", "TNAME": "Castleton", "SOURCENAME": null, "SOURCETYPE": "UNKNOWN", "SOURCEDATE": "UNKNOWN", "EDITMETHOD": "UNKNOWN", "EDITOR": "UNKNOWN", "EDITDATE": "UNKNOWN", "MATCHSTAT": "MATCH", "EDITNOTE": "UNKNOWN", "OWNER1": "MOLONEY THOMAS W III", "OWNER2": "", "ADDRGL1": "1170 N OCEAN BLVD", "ADDRGL2": "", "CITYGL": "PALM BEACH", "STGL": "FL", "ZIPGL": "33480", "DESCPROP": "HSE/GAR/OB/1.61 ACRES; POINT OF PINES", "LOCAPROP": "", "CAT": "Residential-1", "RESCODE": "NS", "ACRESGL": 1.61, "REAL_FLV": 119700, "HSTED_FLV": 0, "NRES_FLV": 119700, "LAND_LV": 118800, "IMPRV_LV": 900, "EQUIPVAL": 0, "EQUIPCODE": "", "INVENVAL": 0, "HSDECL": "N", "HSITEVAL": 119700, "VETEXAMT": 0, "EXPDESC": "", "ENDDATE": "", "STATUTE": "", "EXAMT_HS": 0, "EXAMT_NR": 0, "UVREDUC_HS": 0, "UVREDUC_NR": 0, "GLVAL_HS": 0.0, "GLVAL_NR": 1197.0, "CRHOUSPCT": 0.0, "MUNGL1PCT": 1197.0, "AOEGL_HS": 0.0, "AOEGL_NR": 1197.0, "E911ADDR": "49 RIEHL RD", "SHAPE_Length": 0.004661543142446074, "SHAPE_Area": 6.493943955570314e-07}, "geometry": {"type": "MultiPolygon", "coordinates": [[[[-73.23168100299995, 43.622723637000036], [-73.23155999599999, 43.622634094000034], [-73.23147552199998, 43.62270156100004], [-73.23147089499997, 43.622705257000064], [-73.23135501799999, 43.62263565100005], [-73.23120748699995, 43.62254703200006], [-73.23116326099995, 43.62248713500003], [-73.23108279699994, 43.62237815900005], [-73.23119358099996, 43.62236143300004], [-73.23192031799994, 43.62187215400007], [-73.23199044099994, 43.621927622000044], [-73.23243997799995, 43.62228320000003], [-73.23187856499999, 43.62265745700006], [-73.23215575099994, 43.622874317000026], [-73.23214945699993, 43.62287816400004], [-73.23200691499994, 43.62297543500006], [-73.23197232299998, 43.62294870900007], [-73.23168100299995, 43.622723637000036]], [[-73.23157017499994, 43.62259887500005], [-73.23140876599996, 43.62248410900003], [-73.23130140599994, 43.62250611800005], [-73.23145971699995, 43.622613870000066], [-73.23157017499994, 43.62259887500005]]]]}}, {"type": "Feature", "properties": {"OBJECTID": 29448, "SPAN": "129-040-11575", "GLIST_SPAN": "129-040-11575", "MAPID": "41-50-04", "PARCID": "415000004.", "PROPTYPE": "PARCEL", "YEAR": 2023, "GLYEAR": 2022, "TOWN": "CASTLETON", "TNAME": "Castleton", "SOURCENAME": null, "SOURCETYPE": "UNKNOWN", "SOURCEDATE": "UNKNOWN", "EDITMETHOD": "UNKNOWN", "EDITOR": "UNKNOWN", "EDITDATE": "UNKNOWN", "MATCHSTAT": "MATCH", "EDITNOTE": "UNKNOWN", "OWNER1": "MOSS RICHARD W", "OWNER2": "RANGO WENDY LEE", "ADDRGL1": "42 PROSPECT STREET", "ADDRGL2": "", "CITYGL": "FAIR HAVEN", "STGL": "VT", "ZIPGL": "05743", "DESCPROP": "HSE/LOT; POINT OF PINES", "LOCAPROP": "", "CAT": "Residential-1", "RESCODE": "T", "ACRESGL": 0.69, "REAL_FLV": 260700, "HSTED_FLV": 260700, "NRES_FLV": 0, "LAND_LV": 94900, "IMPRV_LV": 165800, "EQUIPVAL": 0, "EQUIPCODE": "", "INVENVAL": 0, "HSDECL": "Y", "HSITEVAL": 260700, "VETEXAMT": 0, "EXPDESC": "", "ENDDATE": "", "STATUTE": "", "EXAMT_HS": 0, "EXAMT_NR": 0, "UVREDUC_HS": 0, "UVREDUC_NR": 0, "GLVAL_HS": 2607.0, "GLVAL_NR": 0.0, "CRHOUSPCT": 0.0, "MUNGL1PCT": 2607.0, "AOEGL_HS": 2607.0, "AOEGL_NR": 0.0, "E911ADDR": "100 RIEHL RD", "SHAPE_Length": 0.002759456906975894, "SHAPE_Area": 3.4886167804223885e-07}, "geometry": {"type": "MultiPolygon", "coordinates": [[[[-73.23200297399995, 43.62191911000008], [-73.23227883999994, 43.62173177100004], [-73.23283612599994, 43.62215080500005], [-73.23309851599998, 43.62234809900008], [-73.23296111699995, 43.62244216000005], [-73.23282370099997, 43.622536231000026], [-73.23279902399997, 43.622553124000035], [-73.23253660899996, 43.62235584700005], [-73.23251462299999, 43.62233931800006], [-73.23243997799995, 43.62228320000003], [-73.23199044099994, 43.621927622000044], [-73.23200297399995, 43.62191911000008]]]]}}, {"type": "Feature", "properties": {"OBJECTID": 29482, "SPAN": "129-040-10930", "GLIST_SPAN": "129-040-10930", "MAPID": "41-50-03", "PARCID": "415000003.", "PROPTYPE": "PARCEL", "YEAR": 2023, "GLYEAR": 2022, "TOWN": "CASTLETON", "TNAME": "Castleton", "SOURCENAME": null, "SOURCETYPE": "UNKNOWN", "SOURCEDATE": "UNKNOWN", "EDITMETHOD": "UNKNOWN", "EDITOR": "UNKNOWN", "EDITDATE": "UNKNOWN", "MATCHSTAT": "MATCH", "EDITNOTE": "UNKNOWN", "OWNER1": "RODERICK ALEX J", "OWNER2": "", "ADDRGL1": "105 RIEHL ROAD", "ADDRGL2": "", "CITYGL": "CASTLETON", "STGL": "VT", "ZIPGL": "05735", "DESCPROP": "COT/LOT; POINT OF PINES", "LOCAPROP": "", "CAT": "Residential-1", "RESCODE": "T", "ACRESGL": 0.75, "REAL_FLV": 219100, "HSTED_FLV": 219100, "NRES_FLV": 0, "LAND_LV": 96300, "IMPRV_LV": 122800, "EQUIPVAL": 0, "EQUIPCODE": "", "INVENVAL": 0, "HSDECL": "Y", "HSITEVAL": 219100, "VETEXAMT": 0, "EXPDESC": "", "ENDDATE": "", "STATUTE": "", "EXAMT_HS": 0, "EXAMT_NR": 0, "UVREDUC_HS": 0, "UVREDUC_NR": 0, "GLVAL_HS": 2191.0, "GLVAL_NR": 0.0, "CRHOUSPCT": 0.0, "MUNGL1PCT": 2191.0, "AOEGL_HS": 2191.0, "AOEGL_NR": 0.0, "E911ADDR": "105 RIEHL RD", "SHAPE_Length": 0.0023973716017748068, "SHAPE_Area": 3.312931194147798e-07}, "geometry": {"type": "MultiPolygon", "coordinates": [[[[-73.23227883999994, 43.62173177100004], [-73.23268689299994, 43.62144636200003], [-73.23324840199996, 43.62186857000006], [-73.23283612599994, 43.62215080500005], [-73.23227883999994, 43.62173177100004]]]]}}, {"type": "Feature", "properties": {"OBJECTID": 29854, "SPAN": "129-040-11769", "GLIST_SPAN": "129-040-11769", "MAPID": "40-50-47", "PARCID": "405000047.", "PROPTYPE": "PARCEL", "YEAR": 2023, "GLYEAR": 2022, "TOWN": "CASTLETON", "TNAME": "Castleton", "SOURCENAME": null, "SOURCETYPE": "UNKNOWN", "SOURCEDATE": "UNKNOWN", "EDITMETHOD": "UNKNOWN", "EDITOR": "UNKNOWN", "EDITDATE": "UNKNOWN", "MATCHSTAT": "MATCH", "EDITNOTE": "UNKNOWN", "OWNER1": "POINT OF PINES COLONY", "OWNER2": "ATTN LISA SHAPPY", "ADDRGL1": "253 DAVID ROAD", "ADDRGL2": "", "CITYGL": "RUTLAND", "STGL": "VT", "ZIPGL": "05701", "DESCPROP": "VACANT LOT  2.60 ACRES; CREEK RD", "LOCAPROP": "", "CAT": "Miscellaneous", "RESCODE": "NS", "ACRESGL": 2.6, "REAL_FLV": 7100, "HSTED_FLV": 0, "NRES_FLV": 7100, "LAND_LV": 7100, "IMPRV_LV": 0, "EQUIPVAL": 0, "EQUIPCODE": "", "INVENVAL": 0, "HSDECL": "N", "HSITEVAL": 0, "VETEXAMT": 0, "EXPDESC": "", "ENDDATE": "", "STATUTE": "", "EXAMT_HS": 0, "EXAMT_NR": 0, "UVREDUC_HS": 0, "UVREDUC_NR": 0, "GLVAL_HS": 0.0, "GLVAL_NR": 71.0, "CRHOUSPCT": 0.0, "MUNGL1PCT": 71.0, "AOEGL_HS": 0.0, "AOEGL_NR": 71.0, "E911ADDR": "CREEK RD", "SHAPE_Length": 0.005460858160397041, "SHAPE_Area": 1.4156670337741885e-06}, "geometry": {"type": "MultiPolygon", "coordinates": [[[[-73.23309851599998, 43.62234809900008], [-73.23315074799996, 43.622312341000054], [-73.23309498899994, 43.62238309000003], [-73.23324108499997, 43.62244614300005], [-73.23343588099993, 43.62253021400005], [-73.23339193399994, 43.62265646600008], [-73.23323721099996, 43.62310094600008], [-73.23303168899997, 43.623437608000074], [-73.23300835699996, 43.62347582700005], [-73.23291640099995, 43.623625238000045], [-73.23289356999999, 43.62366233400007], [-73.23280192999994, 43.623813003000066], [-73.23277476999993, 43.62385765500005], [-73.23276038499995, 43.623881306000044], [-73.23270384599994, 43.62383890600006], [-73.23266079799998, 43.623806623000064], [-73.23252258699995, 43.623732208000035], [-73.23238074499994, 43.62368033100006], [-73.23217415299996, 43.62360502200005], [-73.23151435199998, 43.623419727000055], [-73.23142845399997, 43.62339369000006], [-73.23183740399998, 43.62307047300004], [-73.23200691499994, 43.62297543500006], [-73.23214945699993, 43.62287816400004], [-73.23215575099994, 43.622874317000026], [-73.23215957999997, 43.622873481000056], [-73.23241145099996, 43.62281844300003], [-73.23254886799998, 43.62272437200005], [-73.23268628399995, 43.62263030200006], [-73.23279902399997, 43.622553124000035], [-73.23282370099997, 43.622536231000026], [-73.23296111699995, 43.62244216000005], [-73.23309851599998, 43.62234809900008]]]]}}, {"type": "Feature", "properties": {"OBJECTID": 29962, "SPAN": "129-040-11885", "GLIST_SPAN": "129-040-11885", "MAPID": "40-50-52", "PARCID": "405000052.", "PROPTYPE": "PARCEL", "YEAR": 2023, "GLYEAR": 2022, "TOWN": "CASTLETON", "TNAME": "Castleton", "SOURCENAME": null, "SOURCETYPE": "UNKNOWN", "SOURCEDATE": "UNKNOWN", "EDITMETHOD": "UNKNOWN", "EDITOR": "UNKNOWN", "EDITDATE": "UNKNOWN", "MATCHSTAT": "MATCH", "EDITNOTE": "UNKNOWN", "OWNER1": "O`LOUGHLIN SANDRA R", "OWNER2": "", "ADDRGL1": "158 W ACTON RD", "ADDRGL2": "", "CITYGL": "STOW", "STGL": "MA", "ZIPGL": "01775", "DESCPROP": "COT/GAR/LOT; CREEK RD", "LOCAPROP": "", "CAT": "Residential-1", "RESCODE": "NS", "ACRESGL": 0.13, "REAL_FLV": 144800, "HSTED_FLV": 0, "NRES_FLV": 144800, "LAND_LV": 84800, "IMPRV_LV": 60000, "EQUIPVAL": 0, "EQUIPCODE": "", "INVENVAL": 0, "HSDECL": "N", "HSITEVAL": 144800, "VETEXAMT": 0, "EXPDESC": "", "ENDDATE": "", "STATUTE": "", "EXAMT_HS": 0, "EXAMT_NR": 0, "UVREDUC_HS": 0, "UVREDUC_NR": 0, "GLVAL_HS": 0.0, "GLVAL_NR": 1448.0, "CRHOUSPCT": 0.0, "MUNGL1PCT": 1448.0, "AOEGL_HS": 0.0, "AOEGL_NR": 1448.0, "E911ADDR": "35 EAST RIEHL RD", "SHAPE_Length": 0.0020561307787337136, "SHAPE_Area": 1.0791113133815008e-07}, "geometry": {"type": "MultiPolygon", "coordinates": [[[[-73.23147552199998, 43.62270156100004], [-73.23155999599999, 43.622634094000034], [-73.23168100299995, 43.622723637000036], [-73.23197232299998, 43.62294870900007], [-73.23200691499994, 43.62297543500006], [-73.23183740399998, 43.62307047300004], [-73.23143224699999, 43.62273612400003], [-73.23147089499997, 43.622705257000064], [-73.23147552199998, 43.62270156100004]]], [[[-73.23130140599994, 43.62250611800005], [-73.23140876599996, 43.62248410900003], [-73.23157017499994, 43.62259887500005], [-73.23145971699995, 43.622613870000066], [-73.23130140599994, 43.62250611800005]]]]}}, {"type": "Feature", "properties": {"OBJECTID": 30048, "SPAN": "129-040-12406", "GLIST_SPAN": "129-040-12406", "MAPID": "41-50-11", "PARCID": "415000011.", "PROPTYPE": "PARCEL", "YEAR": 2023, "GLYEAR": 2022, "TOWN": "CASTLETON", "TNAME": "Castleton", "SOURCENAME": null, "SOURCETYPE": "UNKNOWN", "SOURCEDATE": "UNKNOWN", "EDITMETHOD": "UNKNOWN", "EDITOR": "UNKNOWN", "EDITDATE": "UNKNOWN", "MATCHSTAT": "MATCH", "EDITNOTE": "UNKNOWN", "OWNER1": "WHITE REVOCABLE TRUST", "OWNER2": "C/O WHITE TRUSTEES EDWARD H & CHRISTINA", "ADDRGL1": "2004 SHIPLEY ROAD #1216", "ADDRGL2": "", "CITYGL": "WILMINGTON", "STGL": "DE", "ZIPGL": "19803", "DESCPROP": "COT/LOT; CREEK RD; INCL LOT 12", "LOCAPROP": "", "CAT": "Seasonal-1", "RESCODE": "NS", "ACRESGL": 0.43, "REAL_FLV": 245500, "HSTED_FLV": 0, "NRES_FLV": 245500, "LAND_LV": 186300, "IMPRV_LV": 59200, "EQUIPVAL": 0, "EQUIPCODE": "", "INVENVAL": 0, "HSDECL": "N", "HSITEVAL": 245500, "VETEXAMT": 0, "EXPDESC": "", "ENDDATE": "", "STATUTE": "", "EXAMT_HS": 0, "EXAMT_NR": 0, "UVREDUC_HS": 0, "UVREDUC_NR": 0, "GLVAL_HS": 0.0, "GLVAL_NR": 2455.0, "CRHOUSPCT": 0.0, "MUNGL1PCT": 2455.0, "AOEGL_HS": 0.0, "AOEGL_NR": 2455.0, "E911ADDR": "1231 CREEK RD", "SHAPE_Length": 0.002857083078693657, "SHAPE_Area": 2.2064811709686516e-07}, "geometry": {"type": "MultiPolygon", "coordinates": [[[[-73.23010459099999, 43.62209297900006], [-73.23097220499994, 43.62192964500008], [-73.23098178999999, 43.622039157000074], [-73.23100260499996, 43.62214784500003], [-73.23015525899996, 43.62235032600006], [-73.23012212899994, 43.62223272600005], [-73.23010461399997, 43.62209368100008], [-73.23010459099999, 43.62209297900006]]], [[[-73.22987778899994, 43.62213567400005], [-73.22991931599995, 43.62212785600008], [-73.22993505199997, 43.62225278900007], [-73.22997170599996, 43.62238290000005], [-73.22997554599993, 43.62239327000003], [-73.22994476299993, 43.62240062600006], [-73.22987824999996, 43.62214071300008], [-73.22987778899994, 43.62213567400005]]]]}}, {"type": "Feature", "properties": {"OBJECTID": 27213, "SPAN": "129-040-10124", "GLIST_SPAN": "129-040-10124", "MAPID": "23-20-68", "PARCID": "232000068.", "PROPTYPE": "PARCEL", "YEAR": 2023, "GLYEAR": 2022, "TOWN": "CASTLETON", "TNAME": "Castleton", "SOURCENAME": null, "SOURCETYPE": "UNKNOWN", "SOURCEDATE": "UNKNOWN", "EDITMETHOD": "UNKNOWN", "EDITOR": "UNKNOWN", "EDITDATE": "UNKNOWN", "MATCHSTAT": "MATCH", "EDITNOTE": "UNKNOWN", "OWNER1": "AICHER THOMAS P", "OWNER2": "", "ADDRGL1": "110 MERCHANTS ROW", "ADDRGL2": "", "CITYGL": "RUTLAND", "STGL": "VT", "ZIPGL": "05701", "DESCPROP": "COT/OB/2.19 ACRES; VALLULA SEC", "LOCAPROP": "", "CAT": "Seasonal-1", "RESCODE": "T", "ACRESGL": 2.19, "REAL_FLV": 355000, "HSTED_FLV": 355000, "NRES_FLV": 0, "LAND_LV": 301000, "IMPRV_LV": 54000, "EQUIPVAL": 0, "EQUIPCODE": "", "INVENVAL": 0, "HSDECL": "Y", "HSITEVAL": 354400, "VETEXAMT": 0, "EXPDESC": "", "ENDDATE": "", "STATUTE": "", "EXAMT_HS": 0, "EXAMT_NR": 0, "UVREDUC_HS": 0, "UVREDUC_NR": 0, "GLVAL_HS": 3550.0, "GLVAL_NR": 0.0, "CRHOUSPCT": 0.0, "MUNGL1PCT": 3550.0, "AOEGL_HS": 3550.0, "AOEGL_NR": 0.0, "E911ADDR": "155 NOYES RD", "SHAPE_Length": 0.008469740560750354, "SHAPE_Area": 9.109786418866352e-07}, "geometry": {"type": "MultiPolygon", "coordinates": [[[[-73.21824111899997, 43.620433914000046], [-73.21880732299996, 43.62010673300006], [-73.21971329199994, 43.62008154000006], [-73.22150008799997, 43.620084965000046], [-73.22183546499997, 43.620100757000046], [-73.22233331199999, 43.62012419700005], [-73.22230526299995, 43.62016650000004], [-73.22225939799995, 43.620226099000035], [-73.22221747899994, 43.62039311800004], [-73.21939761899995, 43.620273875000066], [-73.21868662699995, 43.62038863300006], [-73.21824111899997, 43.620433914000046]]]]}}, {"type": "Feature", "properties": {"OBJECTID": 28327, "SPAN": "129-040-11399", "GLIST_SPAN": "129-040-11399", "MAPID": "23-21-29", "PARCID": "232100029.", "PROPTYPE": "PARCEL", "YEAR": 2023, "GLYEAR": 2022, "TOWN": "CASTLETON", "TNAME": "Castleton", "SOURCENAME": null, "SOURCETYPE": "UNKNOWN", "SOURCEDATE": "UNKNOWN", "EDITMETHOD": "UNKNOWN", "EDITOR": "UNKNOWN", "EDITDATE": "UNKNOWN", "MATCHSTAT": "MATCH", "EDITNOTE": "UNKNOWN", "OWNER1": "CLARK KERRY", "OWNER2": "", "ADDRGL1": "208 DAM ROAD", "ADDRGL2": "", "CITYGL": "CHITTENDEN", "STGL": "VT", "ZIPGL": "05737", "DESCPROP": "COT/LOT; INDIAN POINT SEC", "LOCAPROP": "", "CAT": "Residential-1", "RESCODE": "S", "ACRESGL": 0.18, "REAL_FLV": 293400, "HSTED_FLV": 0, "NRES_FLV": 293400, "LAND_LV": 239400, "IMPRV_LV": 54000, "EQUIPVAL": 0, "EQUIPCODE": "", "INVENVAL": 0, "HSDECL": "N", "HSITEVAL": 293400, "VETEXAMT": 0, "EXPDESC": "", "ENDDATE": "", "STATUTE": "", "EXAMT_HS": 0, "EXAMT_NR": 0, "UVREDUC_HS": 0, "UVREDUC_NR": 0, "GLVAL_HS": 0.0, "GLVAL_NR": 2934.0, "CRHOUSPCT": 0.0, "MUNGL1PCT": 2934.0, "AOEGL_HS": 0.0, "AOEGL_NR": 2934.0, "E911ADDR": "330 BURKE RD", "SHAPE_Length": 0.0014158952909200668, "SHAPE_Area": 8.807390586963594e-08}, "geometry": {"type": "MultiPolygon", "coordinates": [[[[-73.22188907899994, 43.61976842000007], [-73.22194514199998, 43.619608938000056], [-73.22247640299997, 43.61964462100008], [-73.22243684199998, 43.61980521100003], [-73.22188907899994, 43.61976842000007]]]]}}, {"type": "Feature", "properties": {"OBJECTID": 28723, "SPAN": "129-040-10830", "GLIST_SPAN": "129-040-10830", "MAPID": "23-21-28", "PARCID": "232100028.", "PROPTYPE": "PARCEL", "YEAR": 2023, "GLYEAR": 2022, "TOWN": "CASTLETON", "TNAME": "Castleton", "SOURCENAME": null, "SOURCETYPE": "UNKNOWN", "SOURCEDATE": "UNKNOWN", "EDITMETHOD": "UNKNOWN", "EDITOR": "UNKNOWN", "EDITDATE": "UNKNOWN", "MATCHSTAT": "MATCH", "EDITNOTE": "UNKNOWN", "OWNER1": "FOX MAREE E REVOCABLE TRUST", "OWNER2": "", "ADDRGL1": "268 BROADWAY # 307", "ADDRGL2": "", "CITYGL": "SARATOGA SPRINGS", "STGL": "NY", "ZIPGL": "12866", "DESCPROP": "2 COT/LOT; INDIAN POINT", "LOCAPROP": "", "CAT": "Seasonal-1", "RESCODE": "NS", "ACRESGL": 0.27, "REAL_FLV": 298600, "HSTED_FLV": 0, "NRES_FLV": 298600, "LAND_LV": 252800, "IMPRV_LV": 45800, "EQUIPVAL": 0, "EQUIPCODE": "", "INVENVAL": 0, "HSDECL": "N", "HSITEVAL": 298600, "VETEXAMT": 0, "EXPDESC": "", "ENDDATE": "", "STATUTE": "", "EXAMT_HS": 0, "EXAMT_NR": 0, "UVREDUC_HS": 0, "UVREDUC_NR": 0, "GLVAL_HS": 0.0, "GLVAL_NR": 2986.0, "CRHOUSPCT": 0.0, "MUNGL1PCT": 2986.0, "AOEGL_HS": 0.0, "AOEGL_NR": 2986.0, "E911ADDR": "316 BURKE RD", "SHAPE_Length": 0.001730184014162538, "SHAPE_Area": 1.2392896576086582e-07}, "geometry": {"type": "MultiPolygon", "coordinates": [[[[-73.22171867299994, 43.619924910000066], [-73.22174162799996, 43.61974462000006], [-73.22188907899994, 43.61976842000007], [-73.22243684199998, 43.61980521100003], [-73.22237490499998, 43.61998548200006], [-73.22186612399997, 43.61994871100006], [-73.22171867299994, 43.619924910000066]]]]}}, {"type": "Feature", "properties": {"OBJECTID": 28902, "SPAN": "129-040-11989", "GLIST_SPAN": "129-040-11989", "MAPID": "23-21-30", "PARCID": "232100030.", "PROPTYPE": "PARCEL", "YEAR": 2023, "GLYEAR": 2022, "TOWN": "CASTLETON", "TNAME": "Castleton", "SOURCENAME": null, "SOURCETYPE": "UNKNOWN", "SOURCEDATE": "UNKNOWN", "EDITMETHOD": "UNKNOWN", "EDITOR": "UNKNOWN", "EDITDATE": "UNKNOWN", "MATCHSTAT": "MATCH", "EDITNOTE": "UNKNOWN", "OWNER1": "ROBERTELLO ASSET MANAGMENTLLC", "OWNER2": "", "ADDRGL1": "23 CAMPBELL ROAD", "ADDRGL2": "", "CITYGL": "RUTLAND TOWN", "STGL": "VT", "ZIPGL": "05701", "DESCPROP": "COT/LOT; INDIAN POINT SECTION", "LOCAPROP": "", "CAT": "Residential-1", "RESCODE": "S", "ACRESGL": 4.17, "REAL_FLV": 610200, "HSTED_FLV": 0, "NRES_FLV": 610200, "LAND_LV": 418100, "IMPRV_LV": 192100, "EQUIPVAL": 0, "EQUIPCODE": "", "INVENVAL": 0, "HSDECL": "N", "HSITEVAL": 544100, "VETEXAMT": 0, "EXPDESC": "", "ENDDATE": "", "STATUTE": "", "EXAMT_HS": 0, "EXAMT_NR": 0, "UVREDUC_HS": 0, "UVREDUC_NR": 0, "GLVAL_HS": 0.0, "GLVAL_NR": 6102.0, "CRHOUSPCT": 0.0, "MUNGL1PCT": 6102.0, "AOEGL_HS": 0.0, "AOEGL_NR": 6102.0, "E911ADDR": "352 BURKE RD", "SHAPE_Length": 0.007694358129555532, "SHAPE_Area": 2.2421242437003155e-06}, "geometry": {"type": "MultiPolygon", "coordinates": [[[[-73.21956838899996, 43.61994830200007], [-73.21982960099996, 43.61888142600003], [-73.22129709699993, 43.61891190400007], [-73.22189365499997, 43.61892428700003], [-73.22187397199997, 43.619118022000066], [-73.22185082999994, 43.61925617800006], [-73.22181318499997, 43.619421042000056], [-73.22176220599994, 43.61957499700003], [-73.22170467499996, 43.61973865400006], [-73.22174162799996, 43.61974462000006], [-73.22159424899996, 43.61991992000003], [-73.22008237299997, 43.61993400600005], [-73.21956838899996, 43.61994830200007]]], [[[-73.22194514199998, 43.619608938000056], [-73.22199944599998, 43.61944349000004], [-73.22251933899997, 43.61947840800008], [-73.22247640299997, 43.61964462100008], [-73.22194514199998, 43.619608938000056]]]]}}, {"type": "Feature", "properties": {"OBJECTID": 29034, "SPAN": "129-040-12134", "GLIST_SPAN": "129-040-12134", "MAPID": "23-21-39", "PARCID": "232100039.", "PROPTYPE": "PARCEL", "YEAR": 2023, "GLYEAR": 2022, "TOWN": "CASTLETON", "TNAME": "Castleton", "SOURCENAME": null, "SOURCETYPE": "UNKNOWN", "SOURCEDATE": "UNKNOWN", "EDITMETHOD": "UNKNOWN", "EDITOR": "UNKNOWN", "EDITDATE": "UNKNOWN", "MATCHSTAT": "MATCH", "EDITNOTE": "UNKNOWN", "OWNER1": "O`BRIEN SHANE & CAITLIN", "OWNER2": "", "ADDRGL1": "PO BOX 476", "ADDRGL2": "", "CITYGL": "BOMOSEEN", "STGL": "VT", "ZIPGL": "05732", "DESCPROP": "HSE/2.49 ACRES; INDIAN POINT SEC", "LOCAPROP": "", "CAT": "Residential-1", "RESCODE": "T", "ACRESGL": 2.37, "REAL_FLV": 192700, "HSTED_FLV": 0, "NRES_FLV": 192700, "LAND_LV": 105200, "IMPRV_LV": 87500, "EQUIPVAL": 0, "EQUIPCODE": "", "INVENVAL": 0, "HSDECL": "N", "HSITEVAL": 192100, "VETEXAMT": 0, "EXPDESC": "", "ENDDATE": "", "STATUTE": "", "EXAMT_HS": 0, "EXAMT_NR": 0, "UVREDUC_HS": 0, "UVREDUC_NR": 0, "GLVAL_HS": 0.0, "GLVAL_NR": 1927.0, "CRHOUSPCT": 0.0, "MUNGL1PCT": 1927.0, "AOEGL_HS": 0.0, "AOEGL_NR": 1927.0, "E911ADDR": "408 BURKE RD", "SHAPE_Length": 0.006073181741038746, "SHAPE_Area": 1.0981235608160688e-06}, "geometry": {"type": "MultiPolygon", "coordinates": [[[[-73.22129709699993, 43.61891190400007], [-73.22138087899998, 43.617905611000026], [-73.22231485499998, 43.61797035300003], [-73.22261007699996, 43.61799081500004], [-73.22255171699999, 43.61833437000007], [-73.22218818899995, 43.61830871700005], [-73.22217260699995, 43.61840682600007], [-73.22213410199998, 43.61855509500003], [-73.22210307099994, 43.618726449000064], [-73.22208556199996, 43.618898811000065], [-73.22206193599999, 43.619131363000065], [-73.22203776099997, 43.619275695000056], [-73.22199944599998, 43.61944349000004], [-73.22194514199998, 43.619608938000056], [-73.22188907899994, 43.61976842000007], [-73.22174162799996, 43.61974462000006], [-73.22170467499996, 43.61973865400006], [-73.22176220599994, 43.61957499700003], [-73.22181318499997, 43.619421042000056], [-73.22185082999994, 43.61925617800006], [-73.22187397199997, 43.619118022000066], [-73.22189365499997, 43.61892428700003], [-73.22129709699993, 43.61891190400007]]]]}}, {"type": "Feature", "properties": {"OBJECTID": 29395, "SPAN": "129-040-11556", "GLIST_SPAN": "129-040-11556", "MAPID": "04-02-14.1", "PARCID": "040200014.1", "PROPTYPE": "PARCEL", "YEAR": 2023, "GLYEAR": 2022, "TOWN": "CASTLETON", "TNAME": "Castleton", "SOURCENAME": null, "SOURCETYPE": "UNKNOWN", "SOURCEDATE": "UNKNOWN", "EDITMETHOD": "UNKNOWN", "EDITOR": "UNKNOWN", "EDITDATE": "UNKNOWN", "MATCHSTAT": "MATCH", "EDITNOTE": "UNKNOWN", "OWNER1": "SHEDD JAY", "OWNER2": "C/O MYHRE SHAUN J & SAMANTHA A", "ADDRGL1": "831 DRAKE ROAD", "ADDRGL2": "", "CITYGL": "CASTLETON", "STGL": "VT", "ZIPGL": "05735", "DESCPROP": "HSE/GAR/OB/LAND", "LOCAPROP": "", "CAT": "Residential-2", "RESCODE": "T", "ACRESGL": 10.94, "REAL_FLV": 241800, "HSTED_FLV": 241800, "NRES_FLV": 0, "LAND_LV": 61300, "IMPRV_LV": 180500, "EQUIPVAL": 0, "EQUIPCODE": "", "INVENVAL": 0, "HSDECL": "Y", "HSITEVAL": 225200, "VETEXAMT": 0, "EXPDESC": "", "ENDDATE": "", "STATUTE": "", "EXAMT_HS": 0, "EXAMT_NR": 0, "UVREDUC_HS": 0, "UVREDUC_NR": 0, "GLVAL_HS": 2418.0, "GLVAL_NR": 0.0, "CRHOUSPCT": 0.0, "MUNGL1PCT": 2418.0, "AOEGL_HS": 2418.0, "AOEGL_NR": 0.0, "E911ADDR": "831 DRAKE RD", "SHAPE_Length": 0.01046529458259946, "SHAPE_Area": 4.911525073668519e-06}, "geometry": {"type": "MultiPolygon", "coordinates": [[[[-73.21669647999994, 43.620438440000044], [-73.21666451899995, 43.62025887500005], [-73.21559620299996, 43.62035717200007], [-73.21566406899996, 43.62021377200006], [-73.21593629499995, 43.619505195000045], [-73.21603395499994, 43.61916757200004], [-73.21605279699997, 43.619083266000075], [-73.21768678299998, 43.618932674000064], [-73.21805008299998, 43.618881531000056], [-73.21841791599996, 43.618852091000065], [-73.21982960099996, 43.61888142600003], [-73.21956838899996, 43.61994830200007], [-73.21873823899995, 43.61997138600003], [-73.21816490799995, 43.62030268600006], [-73.21669647999994, 43.620438440000044]]]]}}, {"type": "Feature", "properties": {"OBJECTID": 30026, "SPAN": "129-040-12382", "GLIST_SPAN": "129-040-12382", "MAPID": "23-21-27", "PARCID": "232100027.", "PROPTYPE": "PARCEL", "YEAR": 2023, "GLYEAR": 2022, "TOWN": "CASTLETON", "TNAME": "Castleton", "SOURCENAME": null, "SOURCETYPE": "UNKNOWN", "SOURCEDATE": "UNKNOWN", "EDITMETHOD": "UNKNOWN", "EDITOR": "UNKNOWN", "EDITDATE": "UNKNOWN", "MATCHSTAT": "MATCH", "EDITNOTE": "UNKNOWN", "OWNER1": "CENNAMO ROBERT D", "OWNER2": "CENNAMO SUZETTE", "ADDRGL1": "340 EAST MOUNTAIN ROAD", "ADDRGL2": "", "CITYGL": "WESTFIELD", "STGL": "MA", "ZIPGL": "01085", "DESCPROP": "HSE/LOT", "LOCAPROP": "", "CAT": "Residential-1", "RESCODE": "NS", "ACRESGL": 0.28, "REAL_FLV": 400700, "HSTED_FLV": 0, "NRES_FLV": 400700, "LAND_LV": 250400, "IMPRV_LV": 150300, "EQUIPVAL": 0, "EQUIPCODE": "", "INVENVAL": 0, "HSDECL": "N", "HSITEVAL": 400700, "VETEXAMT": 0, "EXPDESC": "", "ENDDATE": "", "STATUTE": "", "EXAMT_HS": 0, "EXAMT_NR": 0, "UVREDUC_HS": 0, "UVREDUC_NR": 0, "GLVAL_HS": 0.0, "GLVAL_NR": 4007.0, "CRHOUSPCT": 0.0, "MUNGL1PCT": 4007.0, "AOEGL_HS": 0.0, "AOEGL_NR": 4007.0, "E911ADDR": "310 BURKE RD", "SHAPE_Length": 0.0022550828385966724, "SHAPE_Area": 1.3988743017202497e-07}, "geometry": {"type": "MultiPolygon", "coordinates": [[[[-73.22159424899996, 43.61991992000003], [-73.22174162799996, 43.61974462000006], [-73.22171867299994, 43.619924910000066], [-73.22186612399997, 43.61994871100006], [-73.22237490499998, 43.61998548200006], [-73.22233331199999, 43.62012419700005], [-73.22183546499997, 43.620100757000046], [-73.22150008799997, 43.620084965000046], [-73.22152180499995, 43.619968061000066], [-73.22159424899996, 43.61991992000003]]]]}}, {"type": "Feature", "properties": {"OBJECTID": 184928, "SPAN": null, "GLIST_SPAN": null, "MAPID": null, "PARCID": null, "PROPTYPE": "ROW_ROAD", "YEAR": 2023, "GLYEAR": null, "TOWN": "CASTLETON", "TNAME": null, "SOURCENAME": null, "SOURCETYPE": "UNKNOWN", "SOURCEDATE": "UNKNOWN", "EDITMETHOD": "UNKNOWN", "EDITOR": "UNKNOWN", "EDITDATE": "UNKNOWN", "MATCHSTAT": "EXEMPT", "EDITNOTE": "UNKNOWN", "OWNER1": null, "OWNER2": null, "ADDRGL1": null, "ADDRGL2": null, "CITYGL": null, "STGL": null, "ZIPGL": null, "DESCPROP": null, "LOCAPROP": null, "CAT": null, "RESCODE": null, "ACRESGL": null, "REAL_FLV": null, "HSTED_FLV": null, "NRES_FLV": null, "LAND_LV": null, "IMPRV_LV": null, "EQUIPVAL": null, "EQUIPCODE": null, "INVENVAL": null, "HSDECL": null, "HSITEVAL": null, "VETEXAMT": null, "EXPDESC": null, "ENDDATE": null, "STATUTE": null, "EXAMT_HS": null, "EXAMT_NR": null, "UVREDUC_HS": null, "UVREDUC_NR": null, "GLVAL_HS": null, "GLVAL_NR": null, "CRHOUSPCT": null, "MUNGL1PCT": null, "AOEGL_HS": null, "AOEGL_NR": null, "E911ADDR": null, "SHAPE_Length": 0.012830116546419267, "SHAPE_Area": 9.0176252646019e-07}, "geometry": {"type": "MultiPolygon", "coordinates": [[[[-73.21653339199997, 43.62059179000005], [-73.21650141699996, 43.620412146000035], [-73.21553220299995, 43.62050132400003], [-73.21559620299996, 43.62035717200007], [-73.21666451899995, 43.62025887500005], [-73.21669647999994, 43.620438440000044], [-73.21816490799995, 43.62030268600006], [-73.21873823899995, 43.61997138600003], [-73.21956838899996, 43.61994830200007], [-73.22008237299997, 43.61993400600005], [-73.22159424899996, 43.61991992000003], [-73.22152180499995, 43.619968061000066], [-73.22150008799997, 43.620084965000046], [-73.21971329199994, 43.62008154000006], [-73.21880732299996, 43.62010673300006], [-73.21824111899997, 43.620433914000046], [-73.21653339199997, 43.62059179000005]]]]}}, {"type": "Feature", "properties": {"OBJECTID": 29446, "SPAN": "129-040-10439", "GLIST_SPAN": "129-040-10439", "MAPID": "23-21-26", "PARCID": "232100026.", "PROPTYPE": "PARCEL", "YEAR": 2023, "GLYEAR": 2022, "TOWN": "CASTLETON", "TNAME": "Castleton", "SOURCENAME": null, "SOURCETYPE": "UNKNOWN", "SOURCEDATE": "UNKNOWN", "EDITMETHOD": "UNKNOWN", "EDITOR": "UNKNOWN", "EDITDATE": "UNKNOWN", "MATCHSTAT": "MATCH", "EDITNOTE": "UNKNOWN", "OWNER1": "SLATE VALLEY UNIFIED UNION SCHOOL DIST", "OWNER2": "", "ADDRGL1": "49 MAIN STREET", "ADDRGL2": "", "CITYGL": "FAIR HAVEN", "STGL": "VT", "ZIPGL": "05743", "DESCPROP": "CAST ELEM SCH/42.30 ACRES; ROUTE 30N", "LOCAPROP": "", "CAT": "Commercial", "RESCODE": "S", "ACRESGL": 42.3, "REAL_FLV": 6186100, "HSTED_FLV": 0, "NRES_FLV": 6186100, "LAND_LV": 578800, "IMPRV_LV": 5607300, "EQUIPVAL": 0, "EQUIPCODE": "", "INVENVAL": 0, "HSDECL": "N", "HSITEVAL": 0, "VETEXAMT": 0, "EXPDESC": "Statutory", "ENDDATE": "", "STATUTE": "", "EXAMT_HS": 0, "EXAMT_NR": 0, "UVREDUC_HS": 0, "UVREDUC_NR": 0, "GLVAL_HS": 0.0, "GLVAL_NR": 0.0, "CRHOUSPCT": 0.0, "MUNGL1PCT": 0.0, "AOEGL_HS": 0.0, "AOEGL_NR": 0.0, "E911ADDR": "263 ELEMENTARY SCHOOL RD", "SHAPE_Length": 0.019795128892358554, "SHAPE_Area": 1.7710847765326504e-05}, "geometry": {"type": "MultiPolygon", "coordinates": [[[[-73.20961435499999, 43.621187718000044], [-73.20944145499993, 43.61986693000006], [-73.20947903499996, 43.619863605000035], [-73.20985948299995, 43.61983741000006], [-73.21008812499997, 43.61983365200007], [-73.21032114699995, 43.61984347900005], [-73.21054861799996, 43.61989846800003], [-73.21077827899995, 43.619970616000046], [-73.21085321899994, 43.619844715000056], [-73.21061602099996, 43.61977019900007], [-73.21035704299999, 43.61970759400003], [-73.21009146599994, 43.61969639400007], [-73.20984842499996, 43.61970039000005], [-73.20946200799995, 43.619726996000054], [-73.20946201699996, 43.61972693000007], [-73.20977986799994, 43.617464133000055], [-73.21472665399995, 43.61707947800005], [-73.21412002499994, 43.62081193600005], [-73.21132509099994, 43.62104506000003], [-73.21111500099994, 43.62106258100005], [-73.20961435499999, 43.621187718000044]]]]}}, {"type": "Feature", "properties": {"OBJECTID": 28232, "SPAN": "129-040-11295", "GLIST_SPAN": "129-040-11295", "MAPID": "23-20-60", "PARCID": "232000060.", "PROPTYPE": "PARCEL", "YEAR": 2023, "GLYEAR": 2022, "TOWN": "CASTLETON", "TNAME": "Castleton", "SOURCENAME": null, "SOURCETYPE": "UNKNOWN", "SOURCEDATE": "UNKNOWN", "EDITMETHOD": "UNKNOWN", "EDITOR": "UNKNOWN", "EDITDATE": "UNKNOWN", "MATCHSTAT": "MATCH", "EDITNOTE": "UNKNOWN", "OWNER1": "LAMPHERE FAMILY TRUST", "OWNER2": "ATTN GEORGE LAMPHERE TRUSTEE", "ADDRGL1": "273 ROLLIN IRISH ROAD", "ADDRGL2": "", "CITYGL": "WESTFORD", "STGL": "VT", "ZIPGL": "05494", "DESCPROP": "COT/OB/53.20 ACRES", "LOCAPROP": "", "CAT": "Residential-2", "RESCODE": "S", "ACRESGL": 53.2, "REAL_FLV": 706100, "HSTED_FLV": 0, "NRES_FLV": 706100, "LAND_LV": 592900, "IMPRV_LV": 113200, "EQUIPVAL": 0, "EQUIPCODE": "", "INVENVAL": 0, "HSDECL": "N", "HSITEVAL": 644700, "VETEXAMT": 0, "EXPDESC": "", "ENDDATE": "", "STATUTE": "", "EXAMT_HS": 0, "EXAMT_NR": 0, "UVREDUC_HS": 0, "UVREDUC_NR": 0, "GLVAL_HS": 0.0, "GLVAL_NR": 7061.0, "CRHOUSPCT": 0.0, "MUNGL1PCT": 7061.0, "AOEGL_HS": 0.0, "AOEGL_NR": 7061.0, "E911ADDR": "550 VILLULA RD", "SHAPE_Length": 0.024040225379484352, "SHAPE_Area": 2.4005838746455988e-05}, "geometry": {"type": "MultiPolygon", "coordinates": [[[[-73.21439369799998, 43.62471098100008], [-73.21448412899997, 43.62432343300003], [-73.21474060199995, 43.62330680600007], [-73.21525301999998, 43.62164080800005], [-73.21545469799997, 43.62074936800008], [-73.21553220299995, 43.62050132400003], [-73.21650141699996, 43.620412146000035], [-73.21653339199997, 43.62059179000005], [-73.21824111899997, 43.620433914000046], [-73.21868662699995, 43.62038863300006], [-73.21895977499997, 43.620521247000056], [-73.21912992899996, 43.62082043100003], [-73.21915433199996, 43.62145115100003], [-73.21961695099998, 43.62139852400003], [-73.22052569699997, 43.621434298000054], [-73.22048792699997, 43.62188611600004], [-73.22110989199996, 43.62191329800004], [-73.22114786799995, 43.62145878500007], [-73.22183286999996, 43.62148574200006], [-73.22182380299995, 43.62153221500006], [-73.22182706799998, 43.621591685000055], [-73.22182286999998, 43.62161240900008], [-73.22126000799994, 43.62161953000003], [-73.22118837099998, 43.621977892000075], [-73.22111673399996, 43.62233625400006], [-73.22104733499998, 43.62287661400006], [-73.22104657199998, 43.62288255100003], [-73.22100729399995, 43.62306134900007], [-73.22156034499994, 43.62307198700006], [-73.22148807099995, 43.623452], [-73.22149527199997, 43.62357046600005], [-73.22145660499996, 43.62374006400006], [-73.22140487099995, 43.62380386400008], [-73.22132467199998, 43.623922863000075], [-73.22122640799995, 43.62398279400003], [-73.22116260699994, 43.62400426100004], [-73.22107507599998, 43.62399639500006], [-73.22099920999995, 43.623988395000026], [-73.22086507699998, 43.623976595000045], [-73.22076021099997, 43.623977196000055], [-73.22060301399995, 43.62398666100006], [-73.22048108099995, 43.624025594000045], [-73.22035328199996, 43.62405599500005], [-73.22022568299997, 43.624107594000066], [-73.22002328499997, 43.624235859000066], [-73.21995461599994, 43.62436504600004], [-73.21933015599996, 43.62441257100005], [-73.21924669599997, 43.624630480000064], [-73.21924664399995, 43.62463061400007], [-73.21924442799997, 43.624630696000054], [-73.21871134899999, 43.62468149700004], [-73.21870496299994, 43.62463233500006], [-73.21861130699995, 43.62464099400006], [-73.21861755899994, 43.62469016500006], [-73.21811863099998, 43.62473591300005], [-73.21721417099997, 43.62481487300005], [-73.21564252599995, 43.624952061000045], [-73.21426280799994, 43.62507157400006], [-73.21434529899994, 43.62487325400008], [-73.21439369799998, 43.62471098100008]]]]}}, {"type": "Feature", "properties": {"OBJECTID": 28272, "SPAN": "129-040-11339", "GLIST_SPAN": "129-040-11339", "MAPID": "23-20-62", "PARCID": "232000062.", "PROPTYPE": "PARCEL", "YEAR": 2023, "GLYEAR": 2022, "TOWN": "CASTLETON", "TNAME": "Castleton", "SOURCENAME": null, "SOURCETYPE": "UNKNOWN", "SOURCEDATE": "UNKNOWN", "EDITMETHOD": "UNKNOWN", "EDITOR": "UNKNOWN", "EDITDATE": "UNKNOWN", "MATCHSTAT": "MATCH", "EDITNOTE": "UNKNOWN", "OWNER1": "LERTOLA THOMAS", "OWNER2": "LERTOLA JUDITH F", "ADDRGL1": "30 EASTRIDGE CIRCLE", "ADDRGL2": "", "CITYGL": "MENDON", "STGL": "VT", "ZIPGL": "05701", "DESCPROP": "2 COT/OB/GAR/LOT  (LOTS #2 3); VILLULA S", "LOCAPROP": "", "CAT": "Residential-1", "RESCODE": "S", "ACRESGL": 0.6, "REAL_FLV": 460900, "HSTED_FLV": 0, "NRES_FLV": 460900, "LAND_LV": 326400, "IMPRV_LV": 134500, "EQUIPVAL": 0, "EQUIPCODE": "", "INVENVAL": 0, "HSDECL": "N", "HSITEVAL": 460900, "VETEXAMT": 0, "EXPDESC": "", "ENDDATE": "", "STATUTE": "", "EXAMT_HS": 0, "EXAMT_NR": 0, "UVREDUC_HS": 0, "UVREDUC_NR": 0, "GLVAL_HS": 0.0, "GLVAL_NR": 4609.0, "CRHOUSPCT": 0.0, "MUNGL1PCT": 4609.0, "AOEGL_HS": 0.0, "AOEGL_NR": 4609.0, "E911ADDR": "600 VILLULA RD", "SHAPE_Length": 0.0021973018447946414, "SHAPE_Area": 2.937798462821455e-07}, "geometry": {"type": "MultiPolygon", "coordinates": [[[[-73.22104733499998, 43.62287661400006], [-73.22111673399996, 43.62233625400006], [-73.22168146499996, 43.62234982500007], [-73.22165726999998, 43.62249441000006], [-73.22158426999994, 43.62272340700008], [-73.22157617799996, 43.62289472600003], [-73.22104733499998, 43.62287661400006]]]]}}, {"type": "Feature", "properties": {"OBJECTID": 28373, "SPAN": "129-040-11451", "GLIST_SPAN": "129-040-11451", "MAPID": "23-20-66", "PARCID": "232000066.", "PROPTYPE": "PARCEL", "YEAR": 2023, "GLYEAR": 2022, "TOWN": "CASTLETON", "TNAME": "Castleton", "SOURCENAME": null, "SOURCETYPE": "UNKNOWN", "SOURCEDATE": "UNKNOWN", "EDITMETHOD": "UNKNOWN", "EDITOR": "UNKNOWN", "EDITDATE": "UNKNOWN", "MATCHSTAT": "MATCH", "EDITNOTE": "UNKNOWN", "OWNER1": "MARSZALKOWSKI CAROL B TRUST", "OWNER2": "", "ADDRGL1": "4539 SE 6 PLACE UNIT #1C", "ADDRGL2": "", "CITYGL": "CAPE CORAL", "STGL": "FL", "ZIPGL": "33904", "DESCPROP": "COT/LOT; VILLULA SEC", "LOCAPROP": "", "CAT": "Residential-1", "RESCODE": "NS", "ACRESGL": 0.38, "REAL_FLV": 225400, "HSTED_FLV": 0, "NRES_FLV": 225400, "LAND_LV": 155100, "IMPRV_LV": 70300, "EQUIPVAL": 0, "EQUIPCODE": "", "INVENVAL": 0, "HSDECL": "N", "HSITEVAL": 225400, "VETEXAMT": 0, "EXPDESC": "", "ENDDATE": "", "STATUTE": "", "EXAMT_HS": 0, "EXAMT_NR": 0, "UVREDUC_HS": 0, "UVREDUC_NR": 0, "GLVAL_HS": 0.0, "GLVAL_NR": 2254.0, "CRHOUSPCT": 0.0, "MUNGL1PCT": 2254.0, "AOEGL_HS": 0.0, "AOEGL_NR": 2254.0, "E911ADDR": "663 VILLULA RD", "SHAPE_Length": 0.0021547020778043065, "SHAPE_Area": 2.828781862510221e-07}, "geometry": {"type": "MultiPolygon", "coordinates": [[[[-73.22048792699997, 43.62188611600004], [-73.22052569699997, 43.621434298000054], [-73.22114786799995, 43.62145878500007], [-73.22110989199996, 43.62191329800004], [-73.22048792699997, 43.62188611600004]]]]}}, {"type": "Feature", "properties": {"OBJECTID": 28632, "SPAN": "129-040-10198", "GLIST_SPAN": "129-040-10198", "MAPID": "23-20-61", "PARCID": "232000061.", "PROPTYPE": "PARCEL", "YEAR": 2023, "GLYEAR": 2022, "TOWN": "CASTLETON", "TNAME": "Castleton", "SOURCENAME": null, "SOURCETYPE": "UNKNOWN", "SOURCEDATE": "UNKNOWN", "EDITMETHOD": "UNKNOWN", "EDITOR": "UNKNOWN", "EDITDATE": "UNKNOWN", "MATCHSTAT": "MATCH", "EDITNOTE": "UNKNOWN", "OWNER1": "VAUGHN NEIL E", "OWNER2": "", "ADDRGL1": "432 MAIN STREET", "ADDRGL2": "", "CITYGL": "BEACON", "STGL": "NY", "ZIPGL": "12508", "DESCPROP": "COT/LOT; VILLULA SEC", "LOCAPROP": "", "CAT": "Residential-1", "RESCODE": "NS", "ACRESGL": 0.2, "REAL_FLV": 329500, "HSTED_FLV": 0, "NRES_FLV": 329500, "LAND_LV": 255400, "IMPRV_LV": 74100, "EQUIPVAL": 0, "EQUIPCODE": "", "INVENVAL": 0, "HSDECL": "N", "HSITEVAL": 329500, "VETEXAMT": 0, "EXPDESC": "", "ENDDATE": "", "STATUTE": "", "EXAMT_HS": 0, "EXAMT_NR": 0, "UVREDUC_HS": 0, "UVREDUC_NR": 0, "GLVAL_HS": 0.0, "GLVAL_NR": 3295.0, "CRHOUSPCT": 0.0, "MUNGL1PCT": 3295.0, "AOEGL_HS": 0.0, "AOEGL_NR": 3295.0, "E911ADDR": "578 VILLULA RD", "SHAPE_Length": 0.0014496895355657839, "SHAPE_Area": 9.873008517940245e-08}, "geometry": {"type": "MultiPolygon", "coordinates": [[[[-73.22104657199998, 43.62288255100003], [-73.22104733499998, 43.62287661400006], [-73.22157617799996, 43.62289472600003], [-73.22157026999997, 43.62301980400008], [-73.22156034499994, 43.62307198700006], [-73.22100729399995, 43.62306134900007], [-73.22104657199998, 43.62288255100003]]]]}}, {"type": "Feature", "properties": {"OBJECTID": 28987, "SPAN": "129-040-12085", "GLIST_SPAN": "129-040-12085", "MAPID": "23-20-67", "PARCID": "232000067.", "PROPTYPE": "PARCEL", "YEAR": 2023, "GLYEAR": 2022, "TOWN": "CASTLETON", "TNAME": "Castleton", "SOURCENAME": null, "SOURCETYPE": "UNKNOWN", "SOURCEDATE": "UNKNOWN", "EDITMETHOD": "UNKNOWN", "EDITOR": "UNKNOWN", "EDITDATE": "UNKNOWN", "MATCHSTAT": "MATCH", "EDITNOTE": "UNKNOWN", "OWNER1": "MARTIN THOMAS P", "OWNER2": "MARTIN GAYE", "ADDRGL1": "242 SOUTH MAIN STREET", "ADDRGL2": "", "CITYGL": "RUTLAND", "STGL": "VT", "ZIPGL": "05701", "DESCPROP": "COT/OB/LAND; VILLULA SEC", "LOCAPROP": "", "CAT": "Residential-1", "RESCODE": "S", "ACRESGL": 4.73, "REAL_FLV": 954700, "HSTED_FLV": 0, "NRES_FLV": 954700, "LAND_LV": 385000, "IMPRV_LV": 569700, "EQUIPVAL": 0, "EQUIPCODE": "", "INVENVAL": 0, "HSDECL": "N", "HSITEVAL": 946500, "VETEXAMT": 0, "EXPDESC": "", "ENDDATE": "", "STATUTE": "", "EXAMT_HS": 0, "EXAMT_NR": 0, "UVREDUC_HS": 0, "UVREDUC_NR": 0, "GLVAL_HS": 0.0, "GLVAL_NR": 9547.0, "CRHOUSPCT": 0.0, "MUNGL1PCT": 9547.0, "AOEGL_HS": 0.0, "AOEGL_NR": 9547.0, "E911ADDR": "660 VILLULA RD", "SHAPE_Length": 0.007868325529929075, "SHAPE_Area": 2.4610639523377e-06}, "geometry": {"type": "MultiPolygon", "coordinates": [[[[-73.22052569699997, 43.621434298000054], [-73.21961695099998, 43.62139852400003], [-73.21915433199996, 43.62145115100003], [-73.21912992899996, 43.62082043100003], [-73.21895977499997, 43.620521247000056], [-73.21940198999994, 43.62044395500004], [-73.22132555499996, 43.62052319500003], [-73.22130699299998, 43.620703752000054], [-73.22154859999995, 43.62071786900003], [-73.22149673099995, 43.62089496600004], [-73.22172954999996, 43.62091291200005], [-73.22173618099998, 43.62093432300003], [-73.22180971099993, 43.62094684900006], [-73.22185468799995, 43.620942842000034], [-73.22186935699995, 43.62092365700005], [-73.22196321399997, 43.62093092300006], [-73.22195459999995, 43.62104909100003], [-73.22188560099994, 43.62112582300006], [-73.22185206799998, 43.62124448800006], [-73.22184700099996, 43.62130802200005], [-73.22184331599993, 43.621398405000036], [-73.22191800199994, 43.62140068700006], [-73.22191383999996, 43.621470369000065], [-73.22183494399997, 43.62147511300003], [-73.22183286999996, 43.62148574200006], [-73.22114786799995, 43.62145878500007], [-73.22052569699997, 43.621434298000054]]]]}}, {"type": "Feature", "properties": {"OBJECTID": 29456, "SPAN": "129-040-10916", "GLIST_SPAN": "129-040-10916", "MAPID": "23-20-65", "PARCID": "232000065.", "PROPTYPE": "PARCEL", "YEAR": 2023, "GLYEAR": 2022, "TOWN": "CASTLETON", "TNAME": "Castleton", "SOURCENAME": null, "SOURCETYPE": "UNKNOWN", "SOURCEDATE": "UNKNOWN", "EDITMETHOD": "UNKNOWN", "EDITOR": "UNKNOWN", "EDITDATE": "UNKNOWN", "MATCHSTAT": "MATCH", "EDITNOTE": "UNKNOWN", "OWNER1": "PRONOVOST WILLIAM F II", "OWNER2": "LONGLOIS JESSICA C", "ADDRGL1": "PO BOX 1172", "ADDRGL2": "", "CITYGL": "MANCHESTER CENTER", "STGL": "VT", "ZIPGL": "05255", "DESCPROP": "COT/LOT; VILLULA SEC", "LOCAPROP": "", "CAT": "Seasonal-1", "RESCODE": "S", "ACRESGL": 0.21, "REAL_FLV": 267600, "HSTED_FLV": 0, "NRES_FLV": 267600, "LAND_LV": 233500, "IMPRV_LV": 34100, "EQUIPVAL": 0, "EQUIPCODE": "", "INVENVAL": 0, "HSDECL": "N", "HSITEVAL": 267600, "VETEXAMT": 0, "EXPDESC": "", "ENDDATE": "", "STATUTE": "", "EXAMT_HS": 0, "EXAMT_NR": 0, "UVREDUC_HS": 0, "UVREDUC_NR": 0, "GLVAL_HS": 0.0, "GLVAL_NR": 2676.0, "CRHOUSPCT": 0.0, "MUNGL1PCT": 2676.0, "AOEGL_HS": 0.0, "AOEGL_NR": 2676.0, "E911ADDR": "159 NOYES RD", "SHAPE_Length": 0.001449650576782729, "SHAPE_Area": 9.495711076589402e-08}, "geometry": {"type": "MultiPolygon", "coordinates": [[[[-73.22173618099998, 43.62093432300003], [-73.22172954999996, 43.62091291200005], [-73.22149673099995, 43.62089496600004], [-73.22154859999995, 43.62071786900003], [-73.22209649699994, 43.62075549700006], [-73.22204506499997, 43.620820027000036], [-73.22198948199997, 43.62087769500005], [-73.22196321399997, 43.62093092300006], [-73.22186935699995, 43.62092365700005], [-73.22185468799995, 43.620942842000034], [-73.22180971099993, 43.62094684900006], [-73.22173618099998, 43.62093432300003]]]]}}, {"type": "Feature", "properties": {"OBJECTID": 29837, "SPAN": "129-040-11751", "GLIST_SPAN": "129-040-11751", "MAPID": "23-20-69", "PARCID": "232000069.", "PROPTYPE": "PARCEL", "YEAR": 2023, "GLYEAR": 2022, "TOWN": "CASTLETON", "TNAME": "Castleton", "SOURCENAME": null, "SOURCETYPE": "UNKNOWN", "SOURCEDATE": "UNKNOWN", "EDITMETHOD": "UNKNOWN", "EDITOR": "UNKNOWN", "EDITDATE": "UNKNOWN", "MATCHSTAT": "MATCH", "EDITNOTE": "UNKNOWN", "OWNER1": "PIETRYKA FAMILY TRUST THE", "OWNER2": "PIETRYKA STANLEY E.", "ADDRGL1": "PO BOX 575", "ADDRGL2": "", "CITYGL": "BOMOSEEN", "STGL": "VT", "ZIPGL": "05732", "DESCPROP": "HSE/GAR/OB/1.55 ACRES; VALLULA SEC", "LOCAPROP": "", "CAT": "Residential-1", "RESCODE": "T", "ACRESGL": 1.55, "REAL_FLV": 432400, "HSTED_FLV": 432400, "NRES_FLV": 0, "LAND_LV": 334700, "IMPRV_LV": 97700, "EQUIPVAL": 0, "EQUIPCODE": "", "INVENVAL": 0, "HSDECL": "Y", "HSITEVAL": 432400, "VETEXAMT": 0, "EXPDESC": "", "ENDDATE": "", "STATUTE": "", "EXAMT_HS": 0, "EXAMT_NR": 0, "UVREDUC_HS": 0, "UVREDUC_NR": 0, "GLVAL_HS": 4324.0, "GLVAL_NR": 0.0, "CRHOUSPCT": 0.0, "MUNGL1PCT": 4324.0, "AOEGL_HS": 4324.0, "AOEGL_NR": 0.0, "E911ADDR": "157 NOYES RD", "SHAPE_Length": 0.007577733679949387, "SHAPE_Area": 7.286889990227835e-07}, "geometry": {"type": "MultiPolygon", "coordinates": [[[[-73.22132555499996, 43.62052319500003], [-73.21940198999994, 43.62044395500004], [-73.21895977499997, 43.620521247000056], [-73.21868662699995, 43.62038863300006], [-73.21939761899995, 43.620273875000066], [-73.22221747899994, 43.62039311800004], [-73.22218706499996, 43.62051429600007], [-73.22211966599997, 43.62072642800007], [-73.22209649699994, 43.62075549700006], [-73.22154859999995, 43.62071786900003], [-73.22130699299998, 43.620703752000054], [-73.22132555499996, 43.62052319500003]]]]}}, {"type": "Feature", "properties": {"OBJECTID": 29864, "SPAN": "129-040-11781", "GLIST_SPAN": "129-040-11781", "MAPID": "23-20-64", "PARCID": "232000064.", "PROPTYPE": "PARCEL", "YEAR": 2023, "GLYEAR": 2022, "TOWN": "CASTLETON", "TNAME": "Castleton", "SOURCENAME": null, "SOURCETYPE": "UNKNOWN", "SOURCEDATE": "UNKNOWN", "EDITMETHOD": "UNKNOWN", "EDITOR": "UNKNOWN", "EDITDATE": "UNKNOWN", "MATCHSTAT": "MATCH", "EDITNOTE": "UNKNOWN", "OWNER1": "POTTER NORMAN & SAUNDRA LE", "OWNER2": "", "ADDRGL1": "5 PIERPOINT AVE", "ADDRGL2": "", "CITYGL": "RUTLAND", "STGL": "VT", "ZIPGL": "05701", "DESCPROP": "COT/LOT; VILLULA SEC", "LOCAPROP": "", "CAT": "Residential-1", "RESCODE": "T", "ACRESGL": 0.36, "REAL_FLV": 465600, "HSTED_FLV": 465600, "NRES_FLV": 0, "LAND_LV": 289900, "IMPRV_LV": 175700, "EQUIPVAL": 0, "EQUIPCODE": "", "INVENVAL": 0, "HSDECL": "Y", "HSITEVAL": 465600, "VETEXAMT": 0, "EXPDESC": "", "ENDDATE": "", "STATUTE": "", "EXAMT_HS": 0, "EXAMT_NR": 0, "UVREDUC_HS": 0, "UVREDUC_NR": 0, "GLVAL_HS": 4656.0, "GLVAL_NR": 0.0, "CRHOUSPCT": 0.0, "MUNGL1PCT": 4656.0, "AOEGL_HS": 4656.0, "AOEGL_NR": 0.0, "E911ADDR": "658 VILLULA RD", "SHAPE_Length": 0.0018662769570996132, "SHAPE_Area": 2.0418178140421812e-07}, "geometry": {"type": "MultiPolygon", "coordinates": [[[[-73.22126000799994, 43.62161953000003], [-73.22182286999998, 43.62161240900008], [-73.22179960099999, 43.62172728500008], [-73.22181759999995, 43.621773817000076], [-73.22177555999997, 43.62189017600008], [-73.22175123599999, 43.621970772000054], [-73.22118837099998, 43.621977892000075], [-73.22126000799994, 43.62161953000003]]]]}}, {"type": "Feature", "properties": {"OBJECTID": 29866, "SPAN": "129-040-11783", "GLIST_SPAN": "129-040-11783", "MAPID": "23-20-63", "PARCID": "232000063.", "PROPTYPE": "PARCEL", "YEAR": 2023, "GLYEAR": 2022, "TOWN": "CASTLETON", "TNAME": "Castleton", "SOURCENAME": null, "SOURCETYPE": "UNKNOWN", "SOURCEDATE": "UNKNOWN", "EDITMETHOD": "UNKNOWN", "EDITOR": "UNKNOWN", "EDITDATE": "UNKNOWN", "MATCHSTAT": "MATCH", "EDITNOTE": "UNKNOWN", "OWNER1": "POTTER JAMES & JILL E LE", "OWNER2": "", "ADDRGL1": "PO BOX 644", "ADDRGL2": "", "CITYGL": "BOMOSEEN", "STGL": "VT", "ZIPGL": "05732", "DESCPROP": "2 HSE/OB/LOT; VILLULA SEC", "LOCAPROP": "", "CAT": "Residential-1", "RESCODE": "T", "ACRESGL": 0.44, "REAL_FLV": 398000, "HSTED_FLV": 398000, "NRES_FLV": 0, "LAND_LV": 290200, "IMPRV_LV": 107800, "EQUIPVAL": 0, "EQUIPCODE": "", "INVENVAL": 0, "HSDECL": "Y", "HSITEVAL": 398000, "VETEXAMT": 0, "EXPDESC": "", "ENDDATE": "", "STATUTE": "", "EXAMT_HS": 0, "EXAMT_NR": 0, "UVREDUC_HS": 0, "UVREDUC_NR": 0, "GLVAL_HS": 3980.0, "GLVAL_NR": 0.0, "CRHOUSPCT": 0.0, "MUNGL1PCT": 3980.0, "AOEGL_HS": 3980.0, "AOEGL_NR": 0.0, "E911ADDR": "626 VILLULA RD", "SHAPE_Length": 0.0018857543788557733, "SHAPE_Area": 2.1105483702419631e-07}, "geometry": {"type": "MultiPolygon", "coordinates": [[[[-73.22118837099998, 43.621977892000075], [-73.22175123599999, 43.621970772000054], [-73.22175726899997, 43.622091614000055], [-73.22170620099996, 43.62220201300005], [-73.22168146499996, 43.62234982500007], [-73.22111673399996, 43.62233625400006], [-73.22118837099998, 43.621977892000075]]]]}}, {"type": "Feature", "properties": {"OBJECTID": 28127, "SPAN": "129-040-11177", "GLIST_SPAN": "129-040-11177", "MAPID": "23-21-18", "PARCID": "232100018.", "PROPTYPE": "PARCEL", "YEAR": 2023, "GLYEAR": 2022, "TOWN": "CASTLETON", "TNAME": "Castleton", "SOURCENAME": null, "SOURCETYPE": "UNKNOWN", "SOURCEDATE": "UNKNOWN", "EDITMETHOD": "UNKNOWN", "EDITOR": "UNKNOWN", "EDITDATE": "UNKNOWN", "MATCHSTAT": "MATCH", "EDITNOTE": "UNKNOWN", "OWNER1": "CROWLEY ROBERT F JR", "OWNER2": "CROWLEY KATIE L", "ADDRGL1": "37 MOUNTAIN VIEW DRIVE", "ADDRGL2": "", "CITYGL": "BOMOSEEN", "STGL": "VT", "ZIPGL": "05732", "DESCPROP": "HSE/LOT; DRAKE RD", "LOCAPROP": "", "CAT": "Residential-1", "RESCODE": "T", "ACRESGL": 0.96, "REAL_FLV": 206600, "HSTED_FLV": 206600, "NRES_FLV": 0, "LAND_LV": 44300, "IMPRV_LV": 162300, "EQUIPVAL": 0, "EQUIPCODE": "", "INVENVAL": 0, "HSDECL": "Y", "HSITEVAL": 206600, "VETEXAMT": 0, "EXPDESC": "", "ENDDATE": "", "STATUTE": "", "EXAMT_HS": 0, "EXAMT_NR": 0, "UVREDUC_HS": 0, "UVREDUC_NR": 0, "GLVAL_HS": 2066.0, "GLVAL_NR": 0.0, "CRHOUSPCT": 0.0, "MUNGL1PCT": 2066.0, "AOEGL_HS": 2066.0, "AOEGL_NR": 0.0, "E911ADDR": "37 MOUNTAIN VIEW LN", "SHAPE_Length": 0.003049494068396878, "SHAPE_Area": 4.572221950563995e-07}, "geometry": {"type": "MultiPolygon", "coordinates": [[[[-73.21341164399996, 43.62332363000007], [-73.21352534099998, 43.62292051000003], [-73.21462176699998, 43.62306413700003], [-73.21455553299995, 43.62327947700004], [-73.21450815699995, 43.62346727000005], [-73.21341164399996, 43.62332363000007]]]]}}, {"type": "Feature", "properties": {"OBJECTID": 28413, "SPAN": "129-040-10137", "GLIST_SPAN": "129-040-10137", "MAPID": "23-21-22", "PARCID": "232100022.", "PROPTYPE": "PARCEL", "YEAR": 2023, "GLYEAR": 2022, "TOWN": "CASTLETON", "TNAME": "Castleton", "SOURCENAME": null, "SOURCETYPE": "UNKNOWN", "SOURCEDATE": "UNKNOWN", "EDITMETHOD": "UNKNOWN", "EDITOR": "UNKNOWN", "EDITDATE": "UNKNOWN", "MATCHSTAT": "MATCH", "EDITNOTE": "UNKNOWN", "OWNER1": "BATHALON MARK J", "OWNER2": "BATHALON HEATHER J", "ADDRGL1": "PO BOX 455", "ADDRGL2": "", "CITYGL": "BOMOSEEN", "STGL": "VT", "ZIPGL": "05732", "DESCPROP": "HSE/LOT; DRAKE RD", "LOCAPROP": "", "CAT": "Residential-1", "RESCODE": "T", "ACRESGL": 2.2, "REAL_FLV": 129300, "HSTED_FLV": 129300, "NRES_FLV": 0, "LAND_LV": 46400, "IMPRV_LV": 82900, "EQUIPVAL": 0, "EQUIPCODE": "", "INVENVAL": 0, "HSDECL": "Y", "HSITEVAL": 128700, "VETEXAMT": 0, "EXPDESC": "", "ENDDATE": "", "STATUTE": "", "EXAMT_HS": 0, "EXAMT_NR": 0, "UVREDUC_HS": 0, "UVREDUC_NR": 0, "GLVAL_HS": 1293.0, "GLVAL_NR": 0.0, "CRHOUSPCT": 0.0, "MUNGL1PCT": 1293.0, "AOEGL_HS": 1293.0, "AOEGL_NR": 0.0, "E911ADDR": "136 MOUNTAIN VIEW LN", "SHAPE_Length": 0.004253553659138673, "SHAPE_Area": 1.0905910729033587e-06}, "geometry": {"type": "MultiPolygon", "coordinates": [[[[-73.21401991799996, 43.621174214000064], [-73.21519357799997, 43.62105777900007], [-73.21506757699996, 43.62161470900003], [-73.21490997399997, 43.62212712100006], [-73.21379054199997, 43.62198020400007], [-73.21401991799996, 43.621174214000064]]]]}}, {"type": "Feature", "properties": {"OBJECTID": 28449, "SPAN": "129-040-10614", "GLIST_SPAN": "129-040-10614", "MAPID": "23-21-23", "PARCID": "232100023.", "PROPTYPE": "PARCEL", "YEAR": 2023, "GLYEAR": 2022, "TOWN": "CASTLETON", "TNAME": "Castleton", "SOURCENAME": null, "SOURCETYPE": "UNKNOWN", "SOURCEDATE": "UNKNOWN", "EDITMETHOD": "UNKNOWN", "EDITOR": "UNKNOWN", "EDITDATE": "UNKNOWN", "MATCHSTAT": "MATCH", "EDITNOTE": "UNKNOWN", "OWNER1": "DECAROLIS FRANCIS", "OWNER2": "DECAROLIS SUSAN", "ADDRGL1": "196 MOUNTAIN VIEW LN", "ADDRGL2": "", "CITYGL": "BOMOSEEN", "STGL": "VT", "ZIPGL": "05732", "DESCPROP": "HSE/GAR/LOT; DRAKE RD", "LOCAPROP": "", "CAT": "Residential-1", "RESCODE": "T", "ACRESGL": 0.99, "REAL_FLV": 149500, "HSTED_FLV": 149500, "NRES_FLV": 0, "LAND_LV": 38400, "IMPRV_LV": 111100, "EQUIPVAL": 0, "EQUIPCODE": "", "INVENVAL": 0, "HSDECL": "Y", "HSITEVAL": 149500, "VETEXAMT": 0, "EXPDESC": "", "ENDDATE": "", "STATUTE": "", "EXAMT_HS": 0, "EXAMT_NR": 0, "UVREDUC_HS": 0, "UVREDUC_NR": 0, "GLVAL_HS": 1495.0, "GLVAL_NR": 0.0, "CRHOUSPCT": 0.0, "MUNGL1PCT": 1495.0, "AOEGL_HS": 1495.0, "AOEGL_NR": 0.0, "E911ADDR": "196 MOUNTAIN VIEW LN", "SHAPE_Length": 0.00305119509090587, "SHAPE_Area": 3.9575781291194537e-07}, "geometry": {"type": "MultiPolygon", "coordinates": [[[[-73.21412002499994, 43.62081193600005], [-73.21526930999994, 43.62072303800005], [-73.21519357799997, 43.62105777900007], [-73.21401991799996, 43.621174214000064], [-73.21412002499994, 43.62081193600005]]]]}}, {"type": "Feature", "properties": {"OBJECTID": 28590, "SPAN": "129-040-10748", "GLIST_SPAN": "129-040-10748", "MAPID": "23-21-21", "PARCID": "232100021.", "PROPTYPE": "PARCEL", "YEAR": 2023, "GLYEAR": 2022, "TOWN": "CASTLETON", "TNAME": "Castleton", "SOURCENAME": null, "SOURCETYPE": "UNKNOWN", "SOURCEDATE": "UNKNOWN", "EDITMETHOD": "UNKNOWN", "EDITOR": "UNKNOWN", "EDITDATE": "UNKNOWN", "MATCHSTAT": "MATCH", "EDITNOTE": "UNKNOWN", "OWNER1": "ERWIN MICHAEL A", "OWNER2": "ERWIN DARLENE B", "ADDRGL1": "92 MOUNTAIN VIEW LN", "ADDRGL2": "", "CITYGL": "BOMOSEEN", "STGL": "VT", "ZIPGL": "05732", "DESCPROP": "HSE/GAR/LOT; DRAKE RD", "LOCAPROP": "", "CAT": "Residential-1", "RESCODE": "T", "ACRESGL": 0.96, "REAL_FLV": 141800, "HSTED_FLV": 110714, "NRES_FLV": 31086, "LAND_LV": 42100, "IMPRV_LV": 99700, "EQUIPVAL": 0, "EQUIPCODE": "", "INVENVAL": 0, "HSDECL": "Y", "HSITEVAL": 110714, "VETEXAMT": 0, "EXPDESC": "", "ENDDATE": "", "STATUTE": "", "EXAMT_HS": 0, "EXAMT_NR": 0, "UVREDUC_HS": 0, "UVREDUC_NR": 0, "GLVAL_HS": 1107.0, "GLVAL_NR": 310.86, "CRHOUSPCT": 0.0, "MUNGL1PCT": 1418.0, "AOEGL_HS": 1107.0, "AOEGL_NR": 310.86, "E911ADDR": "92 MOUNTAIN VIEW LN", "SHAPE_Length": 0.0030887636124351785, "SHAPE_Area": 4.6669463783574167e-07}, "geometry": {"type": "MultiPolygon", "coordinates": [[[[-73.21367663799998, 43.62238407000007], [-73.21379054199997, 43.62198020400007], [-73.21490997399997, 43.62212712100006], [-73.21478618799995, 43.622529575000044], [-73.21367663799998, 43.62238407000007]]]]}}, {"type": "Feature", "properties": {"OBJECTID": 28802, "SPAN": "129-040-10876", "GLIST_SPAN": "129-040-10876", "MAPID": "23-21-20", "PARCID": "232100020.", "PROPTYPE": "PARCEL", "YEAR": 2023, "GLYEAR": 2022, "TOWN": "CASTLETON", "TNAME": "Castleton", "SOURCENAME": null, "SOURCETYPE": "UNKNOWN", "SOURCEDATE": "UNKNOWN", "EDITMETHOD": "UNKNOWN", "EDITOR": "UNKNOWN", "EDITDATE": "UNKNOWN", "MATCHSTAT": "MATCH", "EDITNOTE": "UNKNOWN", "OWNER1": "CROWLEY ROBERT F SR", "OWNER2": "CROWLEY DEBBIE A", "ADDRGL1": "28 MOUNTAIN VIEW DRIVE", "ADDRGL2": "", "CITYGL": "BOMOSEEN", "STGL": "VT", "ZIPGL": "05732", "DESCPROP": "HSE/LOT; DRAKE RD", "LOCAPROP": "", "CAT": "Residential-1", "RESCODE": "T", "ACRESGL": 0.96, "REAL_FLV": 90300, "HSTED_FLV": 90300, "NRES_FLV": 0, "LAND_LV": 42100, "IMPRV_LV": 48200, "EQUIPVAL": 0, "EQUIPCODE": "", "INVENVAL": 0, "HSDECL": "Y", "HSITEVAL": 90300, "VETEXAMT": 0, "EXPDESC": "", "ENDDATE": "", "STATUTE": "", "EXAMT_HS": 0, "EXAMT_NR": 0, "UVREDUC_HS": 0, "UVREDUC_NR": 0, "GLVAL_HS": 903.0, "GLVAL_NR": 0.0, "CRHOUSPCT": 0.0, "MUNGL1PCT": 903.0, "AOEGL_HS": 903.0, "AOEGL_NR": 0.0, "E911ADDR": "28 MOUNTAIN VIEW LN", "SHAPE_Length": 0.0030650892353055303, "SHAPE_Area": 4.6048535895406785e-07}, "geometry": {"type": "MultiPolygon", "coordinates": [[[[-73.21356324199996, 43.622786132000044], [-73.21367663799998, 43.62238407000007], [-73.21478618799995, 43.622529575000044], [-73.21466295499994, 43.622930230000065], [-73.21356324199996, 43.622786132000044]]]]}}, {"type": "Feature", "properties": {"OBJECTID": 28357, "SPAN": "129-040-11433", "GLIST_SPAN": "129-040-11433", "MAPID": "40-50-37", "PARCID": "405000037.", "PROPTYPE": "PARCEL", "YEAR": 2023, "GLYEAR": 2022, "TOWN": "CASTLETON", "TNAME": "Castleton", "SOURCENAME": null, "SOURCETYPE": "UNKNOWN", "SOURCEDATE": "UNKNOWN", "EDITMETHOD": "UNKNOWN", "EDITOR": "UNKNOWN", "EDITDATE": "UNKNOWN", "MATCHSTAT": "MATCH", "EDITNOTE": "UNKNOWN", "OWNER1": "MANLEY MARK ET AL", "OWNER2": "C/O LINDA POWELL", "ADDRGL1": "205 AIRPORT RD", "ADDRGL2": "", "CITYGL": "WARWICK", "STGL": "RI", "ZIPGL": "02889", "DESCPROP": "COT/LOT;", "LOCAPROP": "", "CAT": "Residential-1", "RESCODE": "NS", "ACRESGL": 0.13, "REAL_FLV": 154200, "HSTED_FLV": 0, "NRES_FLV": 154200, "LAND_LV": 97200, "IMPRV_LV": 57000, "EQUIPVAL": 0, "EQUIPCODE": "", "INVENVAL": 0, "HSDECL": "N", "HSITEVAL": 154200, "VETEXAMT": 0, "EXPDESC": "", "ENDDATE": "", "STATUTE": "", "EXAMT_HS": 0, "EXAMT_NR": 0, "UVREDUC_HS": 0, "UVREDUC_NR": 0, "GLVAL_HS": 0.0, "GLVAL_NR": 1542.0, "CRHOUSPCT": 0.0, "MUNGL1PCT": 1542.0, "AOEGL_HS": 0.0, "AOEGL_NR": 1542.0, "E911ADDR": "1028 POINT OF PINES RD", "SHAPE_Length": 0.0012580049103068734, "SHAPE_Area": 8.188530017611099e-08}, "geometry": {"type": "MultiPolygon", "coordinates": [[[[-73.23291640099995, 43.623625238000045], [-73.23300835699996, 43.62347582700005], [-73.23341455399998, 43.62352380900006], [-73.23341345699998, 43.623525646000076], [-73.23331207799998, 43.62369048200003], [-73.23329816299997, 43.62371310700007], [-73.23289356999999, 43.62366233400007], [-73.23291640099995, 43.623625238000045]]]]}}, {"type": "Feature", "properties": {"OBJECTID": 29853, "SPAN": "129-040-11768", "GLIST_SPAN": "129-040-11768", "MAPID": "40-50-46", "PARCID": "405000046.", "PROPTYPE": "PARCEL", "YEAR": 2023, "GLYEAR": 2022, "TOWN": "CASTLETON", "TNAME": "Castleton", "SOURCENAME": null, "SOURCETYPE": "UNKNOWN", "SOURCEDATE": "UNKNOWN", "EDITMETHOD": "UNKNOWN", "EDITOR": "UNKNOWN", "EDITDATE": "UNKNOWN", "MATCHSTAT": "MATCH", "EDITNOTE": "UNKNOWN", "OWNER1": "POINT OF PINES COLONY", "OWNER2": "ATTN LISA SHAPPY", "ADDRGL1": "253 DAVID ROAD", "ADDRGL2": "", "CITYGL": "RUTLAND", "STGL": "VT", "ZIPGL": "05701", "DESCPROP": "VACANT LOT; CREEK RD", "LOCAPROP": "", "CAT": "Miscellaneous", "RESCODE": "S", "ACRESGL": 0.06, "REAL_FLV": 36900, "HSTED_FLV": 0, "NRES_FLV": 36900, "LAND_LV": 35900, "IMPRV_LV": 1000, "EQUIPVAL": 0, "EQUIPCODE": "", "INVENVAL": 0, "HSDECL": "N", "HSITEVAL": 0, "VETEXAMT": 0, "EXPDESC": "", "ENDDATE": "", "STATUTE": "", "EXAMT_HS": 0, "EXAMT_NR": 0, "UVREDUC_HS": 0, "UVREDUC_NR": 0, "GLVAL_HS": 0.0, "GLVAL_NR": 369.0, "CRHOUSPCT": 0.0, "MUNGL1PCT": 369.0, "AOEGL_HS": 0.0, "AOEGL_NR": 369.0, "E911ADDR": "CREEK RD", "SHAPE_Length": 0.0005612882845739503, "SHAPE_Area": 5.645996040980559e-09}, "geometry": {"type": "MultiPolygon", "coordinates": [[[[-73.23169847899999, 43.623654216000034], [-73.23171607299997, 43.62362343700005], [-73.23196349799997, 43.62369292300008], [-73.23191156799999, 43.62369459800004], [-73.23169847899999, 43.623654216000034]]]]}}, {"type": "Feature", "properties": {"OBJECTID": 30212, "SPAN": "129-040-12602", "GLIST_SPAN": "129-040-12602", "MAPID": "40-50-44", "PARCID": "405000044.", "PROPTYPE": "PARCEL", "YEAR": 2023, "GLYEAR": 2022, "TOWN": "CASTLETON", "TNAME": "Castleton", "SOURCENAME": null, "SOURCETYPE": "UNKNOWN", "SOURCEDATE": "UNKNOWN", "EDITMETHOD": "UNKNOWN", "EDITOR": "UNKNOWN", "EDITDATE": "UNKNOWN", "MATCHSTAT": "MATCH", "EDITNOTE": "UNKNOWN", "OWNER1": "BROWNSON DONNA", "OWNER2": "", "ADDRGL1": "10 WINIFRED DRIVE", "ADDRGL2": "", "CITYGL": "ALBANY", "STGL": "NY", "ZIPGL": "12205", "DESCPROP": "LOT/LAKE ACCESS STRIP FOR 405000036", "LOCAPROP": "", "CAT": "Miscellaneous", "RESCODE": "NS", "ACRESGL": 0.05, "REAL_FLV": 46200, "HSTED_FLV": 0, "NRES_FLV": 46200, "LAND_LV": 42200, "IMPRV_LV": 4000, "EQUIPVAL": 0, "EQUIPCODE": "", "INVENVAL": 0, "HSDECL": "N", "HSITEVAL": 0, "VETEXAMT": 0, "EXPDESC": "", "ENDDATE": "", "STATUTE": "", "EXAMT_HS": 0, "EXAMT_NR": 0, "UVREDUC_HS": 0, "UVREDUC_NR": 0, "GLVAL_HS": 0.0, "GLVAL_NR": 462.0, "CRHOUSPCT": 0.0, "MUNGL1PCT": 462.0, "AOEGL_HS": 0.0, "AOEGL_NR": 462.0, "E911ADDR": "CREEK RD", "SHAPE_Length": 0.000514583839774371, "SHAPE_Area": 6.648553157600029e-09}, "geometry": {"type": "MultiPolygon", "coordinates": [[[[-73.23245558299993, 43.62391790200007], [-73.23235909399995, 43.62384891800008], [-73.23234717599996, 43.62386494800006], [-73.23231514299994, 43.62385634800006], [-73.23232612199996, 43.62383714300006], [-73.23227857999996, 43.62381475300003], [-73.23228705399998, 43.62379964500008], [-73.23229594699995, 43.62380288700007], [-73.23242318599995, 43.62384942400007], [-73.23247685299998, 43.623878320000074], [-73.23245558299993, 43.62391790200007]]]]}}, {"type": "Feature", "properties": {"OBJECTID": 30213, "SPAN": "129-040-12603", "GLIST_SPAN": "129-040-12603", "MAPID": "40-50-43", "PARCID": "405000043.", "PROPTYPE": "PARCEL", "YEAR": 2023, "GLYEAR": 2022, "TOWN": "CASTLETON", "TNAME": "Castleton", "SOURCENAME": null, "SOURCETYPE": "UNKNOWN", "SOURCEDATE": "UNKNOWN", "EDITMETHOD": "UNKNOWN", "EDITOR": "UNKNOWN", "EDITDATE": "UNKNOWN", "MATCHSTAT": "MATCH", "EDITNOTE": "UNKNOWN", "OWNER1": "WILKINSON JASON M", "OWNER2": "", "ADDRGL1": "PO BOX 1062", "ADDRGL2": "", "CITYGL": "FALLING WATERS", "STGL": "WV", "ZIPGL": "25419-1062", "DESCPROP": "LOT", "LOCAPROP": "", "CAT": "Miscellaneous", "RESCODE": "NS", "ACRESGL": 0.01, "REAL_FLV": 29900, "HSTED_FLV": 0, "NRES_FLV": 29900, "LAND_LV": 29900, "IMPRV_LV": 0, "EQUIPVAL": 0, "EQUIPCODE": "", "INVENVAL": 0, "HSDECL": "N", "HSITEVAL": 0, "VETEXAMT": 0, "EXPDESC": "", "ENDDATE": "", "STATUTE": "", "EXAMT_HS": 0, "EXAMT_NR": 0, "UVREDUC_HS": 0, "UVREDUC_NR": 0, "GLVAL_HS": 0.0, "GLVAL_NR": 299.0, "CRHOUSPCT": 0.0, "MUNGL1PCT": 299.0, "AOEGL_HS": 0.0, "AOEGL_NR": 299.0, "E911ADDR": "CREEK RD", "SHAPE_Length": 0.0003351886079364913, "SHAPE_Area": 6.9845093358276855e-09}, "geometry": {"type": "MultiPolygon", "coordinates": [[[[-73.23245558299993, 43.62391790200007], [-73.23247685299998, 43.623878320000074], [-73.23253593599998, 43.62391013100006], [-73.23255134399994, 43.623921686000074], [-73.23252009299995, 43.623979838000025], [-73.23243339599998, 43.62396199500006], [-73.23245558299993, 43.62391790200007]]]]}}, {"type": "Feature", "properties": {"OBJECTID": 30214, "SPAN": "129-040-12604", "GLIST_SPAN": "129-040-12604", "MAPID": "40-50-54", "PARCID": "405000054.", "PROPTYPE": "PARCEL", "YEAR": 2023, "GLYEAR": 2022, "TOWN": "CASTLETON", "TNAME": "Castleton", "SOURCENAME": null, "SOURCETYPE": "UNKNOWN", "SOURCEDATE": "UNKNOWN", "EDITMETHOD": "UNKNOWN", "EDITOR": "UNKNOWN", "EDITDATE": "UNKNOWN", "MATCHSTAT": "MATCH", "EDITNOTE": "UNKNOWN", "OWNER1": "SHEA MICHAEL", "OWNER2": "", "ADDRGL1": "36-10 194TH STREET", "ADDRGL2": "", "CITYGL": "FLUSHING", "STGL": "NY", "ZIPGL": "11358", "DESCPROP": "LOT/LAKE ACCESS STRIP", "LOCAPROP": "", "CAT": "Miscellaneous", "RESCODE": "NS", "ACRESGL": 0.07, "REAL_FLV": 26700, "HSTED_FLV": 0, "NRES_FLV": 26700, "LAND_LV": 26700, "IMPRV_LV": 0, "EQUIPVAL": 0, "EQUIPCODE": "", "INVENVAL": 0, "HSDECL": "N", "HSITEVAL": 0, "VETEXAMT": 0, "EXPDESC": "", "ENDDATE": "", "STATUTE": "", "EXAMT_HS": 0, "EXAMT_NR": 0, "UVREDUC_HS": 0, "UVREDUC_NR": 0, "GLVAL_HS": 0.0, "GLVAL_NR": 267.0, "CRHOUSPCT": 0.0, "MUNGL1PCT": 267.0, "AOEGL_HS": 0.0, "AOEGL_NR": 267.0, "E911ADDR": "CREEK RD", "SHAPE_Length": 0.0004933142047138111, "SHAPE_Area": 1.24459419258985e-08}, "geometry": {"type": "MultiPolygon", "coordinates": [[[[-73.23065473299994, 43.623328650000076], [-73.23073008699998, 43.62327461700005], [-73.23080117899997, 43.62331249600004], [-73.23086941099996, 43.62334197800004], [-73.23079736699998, 43.62339363700005], [-73.23075009599995, 43.62337719100003], [-73.23065473299994, 43.623328650000076]]]]}}, {"type": "Feature", "properties": {"OBJECTID": 30215, "SPAN": "129-040-12605", "GLIST_SPAN": "129-040-12605", "MAPID": "40-50-48", "PARCID": "405000048.", "PROPTYPE": "PARCEL", "YEAR": 2023, "GLYEAR": 2022, "TOWN": "CASTLETON", "TNAME": "Castleton", "SOURCENAME": null, "SOURCETYPE": "UNKNOWN", "SOURCEDATE": "UNKNOWN", "EDITMETHOD": "UNKNOWN", "EDITOR": "UNKNOWN", "EDITDATE": "UNKNOWN", "MATCHSTAT": "MATCH", "EDITNOTE": "UNKNOWN", "OWNER1": "STODDARD ROBERT E & MARY C JTTRUST", "OWNER2": "C/O STODDARD ROBERT E & MARY C TRUSTEE", "ADDRGL1": "P.O. BOX 186", "ADDRGL2": "", "CITYGL": "SHARON", "STGL": "VT", "ZIPGL": "05065", "DESCPROP": "LOT/LAKE ACCESS STRIP FOR 41-50-06", "LOCAPROP": "", "CAT": "Miscellaneous", "RESCODE": "S", "ACRESGL": 0.06, "REAL_FLV": 46000, "HSTED_FLV": 0, "NRES_FLV": 46000, "LAND_LV": 46000, "IMPRV_LV": 0, "EQUIPVAL": 0, "EQUIPCODE": "", "INVENVAL": 0, "HSDECL": "N", "HSITEVAL": 0, "VETEXAMT": 0, "EXPDESC": "", "ENDDATE": "", "STATUTE": "", "EXAMT_HS": 0, "EXAMT_NR": 0, "UVREDUC_HS": 0, "UVREDUC_NR": 0, "GLVAL_HS": 0.0, "GLVAL_NR": 460.0, "CRHOUSPCT": 0.0, "MUNGL1PCT": 460.0, "AOEGL_HS": 0.0, "AOEGL_NR": 460.0, "E911ADDR": "CREEK RD", "SHAPE_Length": 0.0006439676864863395, "SHAPE_Area": 1.4139326363534307e-08}, "geometry": {"type": "MultiPolygon", "coordinates": [[[[-73.23152718199998, 43.62370042300006], [-73.23156901499993, 43.623606994000056], [-73.23151103599997, 43.623588813000026], [-73.23152234399998, 43.623569031000045], [-73.23171607299997, 43.62362343700005], [-73.23169847899999, 43.623654216000034], [-73.23164901499996, 43.62364484200003], [-73.23160641499999, 43.623722679000025], [-73.23152718199998, 43.62370042300006]]]]}}, {"type": "Feature", "properties": {"OBJECTID": 30218, "SPAN": "129-040-12608", "GLIST_SPAN": "129-040-12608", "MAPID": "40-50-45", "PARCID": "405000045.", "PROPTYPE": "PARCEL", "YEAR": 2023, "GLYEAR": 2022, "TOWN": "CASTLETON", "TNAME": "Castleton", "SOURCENAME": null, "SOURCETYPE": "UNKNOWN", "SOURCEDATE": "UNKNOWN", "EDITMETHOD": "UNKNOWN", "EDITOR": "UNKNOWN", "EDITDATE": "UNKNOWN", "MATCHSTAT": "MATCH", "EDITNOTE": "UNKNOWN", "OWNER1": "MOSS RICHARD W", "OWNER2": "RANGO WENDY LEE", "ADDRGL1": "42 PROSPECT STREET", "ADDRGL2": "", "CITYGL": "FAIR HAVEN", "STGL": "VT", "ZIPGL": "05743", "DESCPROP": "VACANT  LAKE FRONTAGE PARCEL", "LOCAPROP": "", "CAT": "Miscellaneous", "RESCODE": "S", "ACRESGL": 0.02, "REAL_FLV": 30600, "HSTED_FLV": 0, "NRES_FLV": 30600, "LAND_LV": 30600, "IMPRV_LV": 0, "EQUIPVAL": 0, "EQUIPCODE": "", "INVENVAL": 0, "HSDECL": "N", "HSITEVAL": 0, "VETEXAMT": 0, "EXPDESC": "", "ENDDATE": "", "STATUTE": "", "EXAMT_HS": 0, "EXAMT_NR": 0, "UVREDUC_HS": 0, "UVREDUC_NR": 0, "GLVAL_HS": 0.0, "GLVAL_NR": 306.0, "CRHOUSPCT": 0.0, "MUNGL1PCT": 306.0, "AOEGL_HS": 0.0, "AOEGL_NR": 306.0, "E911ADDR": "POINT OF PINES RD", "SHAPE_Length": 0.00024032480773466893, "SHAPE_Area": 3.42806965000455e-09}, "geometry": {"type": "MultiPolygon", "coordinates": [[[[-73.23219575599995, 43.623820298000055], [-73.23222067199998, 43.62377544700007], [-73.23228705399998, 43.62379964500008], [-73.23227857999996, 43.62381475300003], [-73.23226400399994, 43.62384074100004], [-73.23219575599995, 43.623820298000055]]]]}}, {"type": "Feature", "properties": {"OBJECTID": 30219, "SPAN": "129-040-12609", "GLIST_SPAN": "129-040-12609", "MAPID": "40-50-41", "PARCID": "405000041.", "PROPTYPE": "PARCEL", "YEAR": 2023, "GLYEAR": 2022, "TOWN": "CASTLETON", "TNAME": "Castleton", "SOURCENAME": null, "SOURCETYPE": "UNKNOWN", "SOURCEDATE": "UNKNOWN", "EDITMETHOD": "UNKNOWN", "EDITOR": "UNKNOWN", "EDITDATE": "UNKNOWN", "MATCHSTAT": "MATCH", "EDITNOTE": "UNKNOWN", "OWNER1": "COURSEN NICHOL M", "OWNER2": "LAWRENCE BENJAMIN J", "ADDRGL1": "14 VISTA LANE", "ADDRGL2": "", "CITYGL": "LAKE PLACID", "STGL": "NY", "ZIPGL": "12446", "DESCPROP": "VACANT LOT", "LOCAPROP": "", "CAT": "Miscellaneous", "RESCODE": "NS", "ACRESGL": 0.04, "REAL_FLV": 40300, "HSTED_FLV": 0, "NRES_FLV": 40300, "LAND_LV": 40300, "IMPRV_LV": 0, "EQUIPVAL": 0, "EQUIPCODE": "", "INVENVAL": 0, "HSDECL": "N", "HSITEVAL": 0, "VETEXAMT": 0, "EXPDESC": "", "ENDDATE": "", "STATUTE": "", "EXAMT_HS": 0, "EXAMT_NR": 0, "UVREDUC_HS": 0, "UVREDUC_NR": 0, "GLVAL_HS": 0.0, "GLVAL_NR": 403.0, "CRHOUSPCT": 0.0, "MUNGL1PCT": 403.0, "AOEGL_HS": 0.0, "AOEGL_NR": 403.0, "E911ADDR": "POINT OF PINES RD", "SHAPE_Length": 0.00034799300834623684, "SHAPE_Area": 2.6603356982533434e-09}, "geometry": {"type": "MultiPolygon", "coordinates": [[[[-73.23260557899994, 43.62400863100004], [-73.23262288999996, 43.62397534000007], [-73.23262832399996, 43.623979416000054], [-73.23271046299999, 43.62407281600008], [-73.23272670299997, 43.62409680300004], [-73.23266767199993, 43.624046167000074], [-73.23260557899994, 43.62400863100004]]]]}}, {"type": "Feature", "properties": {"OBJECTID": 30221, "SPAN": "129-040-12612", "GLIST_SPAN": "129-040-12612", "MAPID": "40-50-42", "PARCID": "405000042.", "PROPTYPE": "PARCEL", "YEAR": 2023, "GLYEAR": 2022, "TOWN": "CASTLETON", "TNAME": "Castleton", "SOURCENAME": null, "SOURCETYPE": "UNKNOWN", "SOURCEDATE": "UNKNOWN", "EDITMETHOD": "UNKNOWN", "EDITOR": "UNKNOWN", "EDITDATE": "UNKNOWN", "MATCHSTAT": "MATCH", "EDITNOTE": "UNKNOWN", "OWNER1": "WILLIAMS FAMILY TRUST", "OWNER2": "TRUSTEE ERICA SCHWEITZ", "ADDRGL1": "P. O. BOX 4001", "ADDRGL2": "", "CITYGL": "EVERGREEN", "STGL": "CO", "ZIPGL": "80437", "DESCPROP": "LOT/LAKE ACCESS STRIP;405000038", "LOCAPROP": "", "CAT": "Miscellaneous", "RESCODE": "S", "ACRESGL": 0.01, "REAL_FLV": 29900, "HSTED_FLV": 0, "NRES_FLV": 29900, "LAND_LV": 29900, "IMPRV_LV": 0, "EQUIPVAL": 0, "EQUIPCODE": "", "INVENVAL": 0, "HSDECL": "N", "HSITEVAL": 0, "VETEXAMT": 0, "EXPDESC": "", "ENDDATE": "", "STATUTE": "", "EXAMT_HS": 0, "EXAMT_NR": 0, "UVREDUC_HS": 0, "UVREDUC_NR": 0, "GLVAL_HS": 0.0, "GLVAL_NR": 299.0, "CRHOUSPCT": 0.0, "MUNGL1PCT": 299.0, "AOEGL_HS": 0.0, "AOEGL_NR": 299.0, "E911ADDR": "POINT OF PINES RD", "SHAPE_Length": 0.0002831740115726569, "SHAPE_Area": 4.590817094837924e-09}, "geometry": {"type": "MultiPolygon", "coordinates": [[[[-73.23252009299995, 43.623979838000025], [-73.23255134399994, 43.623921686000074], [-73.23262288999996, 43.62397534000007], [-73.23260557899994, 43.62400863100004], [-73.23252009299995, 43.623979838000025]]]]}}, {"type": "Feature", "properties": {"OBJECTID": 30252, "SPAN": "129-040-12659", "GLIST_SPAN": "129-040-12659", "MAPID": "40-50-49", "PARCID": "405000049.", "PROPTYPE": "PARCEL", "YEAR": 2023, "GLYEAR": 2022, "TOWN": "CASTLETON", "TNAME": "Castleton", "SOURCENAME": null, "SOURCETYPE": "UNKNOWN", "SOURCEDATE": "UNKNOWN", "EDITMETHOD": "UNKNOWN", "EDITOR": "UNKNOWN", "EDITDATE": "UNKNOWN", "MATCHSTAT": "MATCH", "EDITNOTE": "UNKNOWN", "OWNER1": "BURFOOT CAITLIN", "OWNER2": "", "ADDRGL1": "159A ESSEX STREET", "ADDRGL2": "", "CITYGL": "MIDDLETON", "STGL": "MA", "ZIPGL": "01949", "DESCPROP": "LOT/LAKE ACCESS STRIP", "LOCAPROP": "", "CAT": "Miscellaneous", "RESCODE": "NS", "ACRESGL": 0.08, "REAL_FLV": 60500, "HSTED_FLV": 0, "NRES_FLV": 60500, "LAND_LV": 42700, "IMPRV_LV": 17800, "EQUIPVAL": 0, "EQUIPCODE": "", "INVENVAL": 0, "HSDECL": "N", "HSITEVAL": 0, "VETEXAMT": 0, "EXPDESC": "", "ENDDATE": "", "STATUTE": "", "EXAMT_HS": 0, "EXAMT_NR": 0, "UVREDUC_HS": 0, "UVREDUC_NR": 0, "GLVAL_HS": 0.0, "GLVAL_NR": 605.0, "CRHOUSPCT": 0.0, "MUNGL1PCT": 605.0, "AOEGL_HS": 0.0, "AOEGL_NR": 605.0, "E911ADDR": "CREEK RD", "SHAPE_Length": 0.0007747580814661947, "SHAPE_Area": 2.0922218469841414e-08}, "geometry": {"type": "MultiPolygon", "coordinates": [[[[-73.23124322499996, 43.62354085800007], [-73.23129301999995, 43.62350126600006], [-73.23144394199994, 43.62354701300006], [-73.23152234399998, 43.623569031000045], [-73.23151103599997, 43.623588813000026], [-73.23146058199995, 43.62367707900006], [-73.23133606399995, 43.623637373000065], [-73.23137493599995, 43.623563872000034], [-73.23124322499996, 43.62354085800007]]]]}}, {"type": "Feature", "properties": {"OBJECTID": 28799, "SPAN": "129-040-10282", "GLIST_SPAN": "129-040-10282", "MAPID": "40-50-04", "PARCID": "405000004.", "PROPTYPE": "PARCEL", "YEAR": 2023, "GLYEAR": 2022, "TOWN": "CASTLETON", "TNAME": "Castleton", "SOURCENAME": null, "SOURCETYPE": "UNKNOWN", "SOURCEDATE": "UNKNOWN", "EDITMETHOD": "UNKNOWN", "EDITOR": "UNKNOWN", "EDITDATE": "UNKNOWN", "MATCHSTAT": "MATCH", "EDITNOTE": "UNKNOWN", "OWNER1": "SPARKS KATHLEEN M", "OWNER2": "SPARKS KHELE T", "ADDRGL1": "1738 CREEK ROAD", "ADDRGL2": "", "CITYGL": "CASTLETON", "STGL": "VT", "ZIPGL": "05735", "DESCPROP": "HSE/OB/LOT; CREEK RD", "LOCAPROP": "", "CAT": "Residential-1", "RESCODE": "T", "ACRESGL": 0.5, "REAL_FLV": 450800, "HSTED_FLV": 450800, "NRES_FLV": 0, "LAND_LV": 303800, "IMPRV_LV": 147000, "EQUIPVAL": 0, "EQUIPCODE": "", "INVENVAL": 0, "HSDECL": "Y", "HSITEVAL": 450800, "VETEXAMT": 0, "EXPDESC": "", "ENDDATE": "", "STATUTE": "", "EXAMT_HS": 0, "EXAMT_NR": 0, "UVREDUC_HS": 0, "UVREDUC_NR": 0, "GLVAL_HS": 4508.0, "GLVAL_NR": 0.0, "CRHOUSPCT": 0.0, "MUNGL1PCT": 4508.0, "AOEGL_HS": 4508.0, "AOEGL_NR": 0.0, "E911ADDR": "1738 CREEK RD", "SHAPE_Length": 0.0037494503721842453, "SHAPE_Area": 2.799406863522491e-07}, "geometry": {"type": "MultiPolygon", "coordinates": [[[[-73.23265656299998, 43.627355428000044], [-73.23265076299998, 43.62732604100006], [-73.23283975799995, 43.627330045000065], [-73.23284798699996, 43.627396746000045], [-73.23286897799994, 43.627564506000056], [-73.23291589999997, 43.62777493900006], [-73.23298827899998, 43.62803524100008], [-73.23308767099996, 43.628329131000044], [-73.23317245799996, 43.628562799000065], [-73.23322841799995, 43.628707045000056], [-73.23326710599997, 43.62877866100007], [-73.23297196499993, 43.628926869000054], [-73.23296995899994, 43.62891614600005], [-73.23295069199997, 43.628859946000034], [-73.23290995999997, 43.628824146000056], [-73.23286549399995, 43.62872994700007], [-73.23286489399999, 43.62868261500006], [-73.23286115999997, 43.628635348000046], [-73.23290069199999, 43.62857201500003], [-73.23290015999999, 43.62852921600006], [-73.23287795999994, 43.628484349000075], [-73.23289275899998, 43.62843255000007], [-73.23291349299996, 43.62834681800007], [-73.23291075899994, 43.62812842000005], [-73.23286475899994, 43.627910222000025], [-73.23281755999994, 43.62784982200003], [-73.23281049299999, 43.627791357000035], [-73.23279296099997, 43.62777022300003], [-73.23278416099998, 43.62771335800005], [-73.23278129399995, 43.62763655800006], [-73.23275475999998, 43.627553360000036], [-73.23273136099994, 43.62749662600004], [-73.23272336099996, 43.62749462600004], [-73.23265656299998, 43.627355428000044]]]]}}, {"type": "Feature", "properties": {"OBJECTID": 28885, "SPAN": "129-040-11972", "GLIST_SPAN": "129-040-11972", "MAPID": "40-50-06", "PARCID": "405000006.", "PROPTYPE": "PARCEL", "YEAR": 2023, "GLYEAR": 2022, "TOWN": "CASTLETON", "TNAME": "Castleton", "SOURCENAME": null, "SOURCETYPE": "UNKNOWN", "SOURCEDATE": "UNKNOWN", "EDITMETHOD": "UNKNOWN", "EDITOR": "UNKNOWN", "EDITDATE": "UNKNOWN", "MATCHSTAT": "MATCH", "EDITNOTE": "UNKNOWN", "OWNER1": "SMITH PHILLIP JAY", "OWNER2": "SMITH STACEY LYNN", "ADDRGL1": "P.O. BOX 1573", "ADDRGL2": "", "CITYGL": "RUTLAND", "STGL": "VT", "ZIPGL": "05701", "DESCPROP": "LAND/INCLUDES 405000007 HSE BURNED DOWN", "LOCAPROP": "", "CAT": "Seasonal-1", "RESCODE": "S", "ACRESGL": 0.0, "REAL_FLV": 194000, "HSTED_FLV": 0, "NRES_FLV": 194000, "LAND_LV": 160300, "IMPRV_LV": 33700, "EQUIPVAL": 0, "EQUIPCODE": "", "INVENVAL": 0, "HSDECL": "N", "HSITEVAL": 142900, "VETEXAMT": 0, "EXPDESC": "", "ENDDATE": "", "STATUTE": "", "EXAMT_HS": 0, "EXAMT_NR": 0, "UVREDUC_HS": 0, "UVREDUC_NR": 0, "GLVAL_HS": 0.0, "GLVAL_NR": 1940.0, "CRHOUSPCT": 0.0, "MUNGL1PCT": 1940.0, "AOEGL_HS": 0.0, "AOEGL_NR": 1940.0, "E911ADDR": "1647 CREEK RD", "SHAPE_Length": 0.004822295286063692, "SHAPE_Area": 6.930025587066254e-07}, "geometry": {"type": "MultiPolygon", "coordinates": [[[[-73.23300675699994, 43.626714109000034], [-73.23300811999997, 43.62660293700003], [-73.23380146499994, 43.626640018000046], [-73.23375168199993, 43.627349363000064], [-73.23302984299994, 43.62733407300004], [-73.23301948099999, 43.627250074000074], [-73.23300919699994, 43.62701804300008], [-73.23300675699994, 43.626714109000034]]], [[[-73.23262776099995, 43.62677023400005], [-73.23262555599996, 43.62658505400003], [-73.23281939199995, 43.626594115000046], [-73.23281792299997, 43.62671389800005], [-73.23282038399998, 43.62702065000008], [-73.23283092099996, 43.627258409000035], [-73.23283975799995, 43.627330045000065], [-73.23265076299998, 43.62732604100006], [-73.23263349599995, 43.62723856200006], [-73.23263496299995, 43.62711463100004], [-73.23263029499998, 43.62697736500007], [-73.23262656099996, 43.62693236600006], [-73.23262289399997, 43.62687836500004], [-73.23262776099995, 43.62677023400005]]]]}}, {"type": "Feature", "properties": {"OBJECTID": 27116, "SPAN": "129-040-10018", "GLIST_SPAN": "129-040-10018", "MAPID": "23-20-42", "PARCID": "232000042.", "PROPTYPE": "PARCEL", "YEAR": 2023, "GLYEAR": 2022, "TOWN": "CASTLETON", "TNAME": "Castleton", "SOURCENAME": null, "SOURCETYPE": "UNKNOWN", "SOURCEDATE": "UNKNOWN", "EDITMETHOD": "UNKNOWN", "EDITOR": "UNKNOWN", "EDITDATE": "UNKNOWN", "MATCHSTAT": "MATCH", "EDITNOTE": "UNKNOWN", "OWNER1": "FOLEY ROBERT A & RHONDA J", "OWNER2": "", "ADDRGL1": "422 LITTLE RUTLAND ROAD", "ADDRGL2": "", "CITYGL": "CASTLETON", "STGL": "VT", "ZIPGL": "05735", "DESCPROP": "2 HSE/LOT; ESL-LITTLE RUTLAND", "LOCAPROP": "", "CAT": "Residential-1", "RESCODE": "T", "ACRESGL": 0.26, "REAL_FLV": 333100, "HSTED_FLV": 307220, "NRES_FLV": 25880, "LAND_LV": 260100, "IMPRV_LV": 73000, "EQUIPVAL": 0, "EQUIPCODE": "", "INVENVAL": 0, "HSDECL": "Y", "HSITEVAL": 307220, "VETEXAMT": 0, "EXPDESC": "", "ENDDATE": "", "STATUTE": "", "EXAMT_HS": 0, "EXAMT_NR": 0, "UVREDUC_HS": 0, "UVREDUC_NR": 0, "GLVAL_HS": 3072.0, "GLVAL_NR": 258.8, "CRHOUSPCT": 0.0, "MUNGL1PCT": 3331.0, "AOEGL_HS": 3072.0, "AOEGL_NR": 258.8, "E911ADDR": "422 LITTLE RUTLAND RD", "SHAPE_Length": 0.00319399476360611, "SHAPE_Area": 2.0654195295160558e-07}, "geometry": {"type": "MultiPolygon", "coordinates": [[[[-73.21804823599996, 43.62595957000008], [-73.21805584799995, 43.625822345000074], [-73.21952114299995, 43.625900398000056], [-73.21950262399997, 43.626008375000026], [-73.21948520499996, 43.62604455300004], [-73.21862950699995, 43.625993949000076], [-73.21804823599996, 43.62595957000008]]]]}}, {"type": "Feature", "properties": {"OBJECTID": 27172, "SPAN": "129-040-10076", "GLIST_SPAN": "129-040-10076", "MAPID": "23-20-49", "PARCID": "232000049.", "PROPTYPE": "PARCEL", "YEAR": 2023, "GLYEAR": 2022, "TOWN": "CASTLETON", "TNAME": "Castleton", "SOURCENAME": null, "SOURCETYPE": "UNKNOWN", "SOURCEDATE": "UNKNOWN", "EDITMETHOD": "UNKNOWN", "EDITOR": "UNKNOWN", "EDITDATE": "UNKNOWN", "MATCHSTAT": "MATCH", "EDITNOTE": "UNKNOWN", "OWNER1": "ATKINS GEORGE", "OWNER2": "ATKINS ELLEN", "ADDRGL1": "PO BOX 2", "ADDRGL2": "", "CITYGL": "BOMOSEEN", "STGL": "VT", "ZIPGL": "05732", "DESCPROP": "HSE/GAR/1.10 ACRES (LOT #2); VETERANS EX", "LOCAPROP": "", "CAT": "Residential-1", "RESCODE": "T", "ACRESGL": 1.2, "REAL_FLV": 196200, "HSTED_FLV": 196200, "NRES_FLV": 0, "LAND_LV": 54000, "IMPRV_LV": 142200, "EQUIPVAL": 0, "EQUIPCODE": "", "INVENVAL": 0, "HSDECL": "Y", "HSITEVAL": 196200, "VETEXAMT": 40000, "EXPDESC": "", "ENDDATE": "", "STATUTE": "", "EXAMT_HS": 0, "EXAMT_NR": 0, "UVREDUC_HS": 0, "UVREDUC_NR": 0, "GLVAL_HS": 1562.0, "GLVAL_NR": 0.0, "CRHOUSPCT": 0.0, "MUNGL1PCT": 1562.0, "AOEGL_HS": 1862.0, "AOEGL_NR": 0.0, "E911ADDR": "140 VINCENT-EGAN RD", "SHAPE_Length": 0.003339522880540239, "SHAPE_Area": 5.845183505920257e-07}, "geometry": {"type": "MultiPolygon", "coordinates": [[[[-73.21722872899994, 43.62555763000006], [-73.21807105499994, 43.62554821400005], [-73.21806345099998, 43.62568527800005], [-73.21805584799995, 43.625822345000074], [-73.21804823599996, 43.62595957000008], [-73.21804021999998, 43.62610409300004], [-73.21698883999994, 43.62603195300005], [-73.21683627699997, 43.62556201500007], [-73.21722872899994, 43.62555763000006]]]]}}, {"type": "Feature", "properties": {"OBJECTID": 28066, "SPAN": "129-040-11112", "GLIST_SPAN": "129-040-11112", "MAPID": "23-20-58", "PARCID": "232000058.", "PROPTYPE": "PARCEL", "YEAR": 2023, "GLYEAR": 2022, "TOWN": "CASTLETON", "TNAME": "Castleton", "SOURCENAME": null, "SOURCETYPE": "UNKNOWN", "SOURCEDATE": "UNKNOWN", "EDITMETHOD": "UNKNOWN", "EDITOR": "UNKNOWN", "EDITDATE": "UNKNOWN", "MATCHSTAT": "MATCH", "EDITNOTE": "UNKNOWN", "OWNER1": "HURLEY PATRICK J JR", "OWNER2": "HURLEY LUCILLE", "ADDRGL1": "270 VINCENT EGAN ROAD", "ADDRGL2": "", "CITYGL": "BOMOSEEN", "STGL": "VT", "ZIPGL": "05732", "DESCPROP": "COT/LOT; VINCENT RD", "LOCAPROP": "", "CAT": "Residential-1", "RESCODE": "T", "ACRESGL": 0.75, "REAL_FLV": 509200, "HSTED_FLV": 0, "NRES_FLV": 509200, "LAND_LV": 324500, "IMPRV_LV": 184700, "EQUIPVAL": 0, "EQUIPCODE": "", "INVENVAL": 0, "HSDECL": "N", "HSITEVAL": 509200, "VETEXAMT": 0, "EXPDESC": "", "ENDDATE": "", "STATUTE": "", "EXAMT_HS": 0, "EXAMT_NR": 0, "UVREDUC_HS": 0, "UVREDUC_NR": 0, "GLVAL_HS": 0.0, "GLVAL_NR": 5092.0, "CRHOUSPCT": 0.0, "MUNGL1PCT": 5092.0, "AOEGL_HS": 0.0, "AOEGL_NR": 5092.0, "E911ADDR": "270 VINCENT-EGAN RD", "SHAPE_Length": 0.003035914530164882, "SHAPE_Area": 3.807124301741206e-07}, "geometry": {"type": "MultiPolygon", "coordinates": [[[[-73.21861755899994, 43.62469016500006], [-73.21861130699995, 43.62464099400006], [-73.21870496299994, 43.62463233500006], [-73.21871134899999, 43.62468149700004], [-73.21924442799997, 43.624630696000054], [-73.21924664399995, 43.62463061400007], [-73.21982484699998, 43.624609183000075], [-73.21978402199994, 43.62468598900006], [-73.21968191999997, 43.62489602000005], [-73.21894946299994, 43.62502459900003], [-73.21862470999997, 43.62502755600008], [-73.21861755899994, 43.62469016500006]]]]}}, {"type": "Feature", "properties": {"OBJECTID": 28114, "SPAN": "129-040-11164", "GLIST_SPAN": "129-040-11164", "MAPID": "23-20-59", "PARCID": "232000059.", "PROPTYPE": "PARCEL", "YEAR": 2023, "GLYEAR": 2022, "TOWN": "CASTLETON", "TNAME": "Castleton", "SOURCENAME": null, "SOURCETYPE": "UNKNOWN", "SOURCEDATE": "UNKNOWN", "EDITMETHOD": "UNKNOWN", "EDITOR": "UNKNOWN", "EDITDATE": "UNKNOWN", "MATCHSTAT": "MATCH", "EDITNOTE": "UNKNOWN", "OWNER1": "LUNCOVE LLC", "OWNER2": "", "ADDRGL1": "23 REID ROAD", "ADDRGL2": "", "CITYGL": "ARGYLE", "STGL": "NY", "ZIPGL": "12809", "DESCPROP": "COT/LOT; VILLULA RD", "LOCAPROP": "", "CAT": "Residential-1", "RESCODE": "NS", "ACRESGL": 0.26, "REAL_FLV": 410100, "HSTED_FLV": 0, "NRES_FLV": 410100, "LAND_LV": 249100, "IMPRV_LV": 161000, "EQUIPVAL": 0, "EQUIPCODE": "", "INVENVAL": 0, "HSDECL": "N", "HSITEVAL": 410100, "VETEXAMT": 0, "EXPDESC": "", "ENDDATE": "", "STATUTE": "", "EXAMT_HS": 0, "EXAMT_NR": 0, "UVREDUC_HS": 0, "UVREDUC_NR": 0, "GLVAL_HS": 0.0, "GLVAL_NR": 4101.0, "CRHOUSPCT": 0.0, "MUNGL1PCT": 4101.0, "AOEGL_HS": 0.0, "AOEGL_NR": 4101.0, "E911ADDR": "460 VILLULA RD", "SHAPE_Length": 0.0017148376856437318, "SHAPE_Area": 1.3528487137919271e-07}, "geometry": {"type": "MultiPolygon", "coordinates": [[[[-73.21933015599996, 43.62441257100005], [-73.21995461599994, 43.62436504600004], [-73.21982484699998, 43.624609183000075], [-73.21924664399995, 43.62463061400007], [-73.21924669599997, 43.624630480000064], [-73.21933015599996, 43.62441257100005]]]]}}, {"type": "Feature", "properties": {"OBJECTID": 28876, "SPAN": "129-040-11963", "GLIST_SPAN": "129-040-11963", "MAPID": "23-20-57", "PARCID": "232000057.", "PROPTYPE": "PARCEL", "YEAR": 2023, "GLYEAR": 2022, "TOWN": "CASTLETON", "TNAME": "Castleton", "SOURCENAME": null, "SOURCETYPE": "UNKNOWN", "SOURCEDATE": "UNKNOWN", "EDITMETHOD": "UNKNOWN", "EDITOR": "UNKNOWN", "EDITDATE": "UNKNOWN", "MATCHSTAT": "MATCH", "EDITNOTE": "UNKNOWN", "OWNER1": "BERMAN DARRELL J", "OWNER2": "BERMAN PAMELA J", "ADDRGL1": "65 MERWIN LAKE ROAD", "ADDRGL2": "", "CITYGL": "KINDERHOOK", "STGL": "NY", "ZIPGL": "12106", "DESCPROP": "COT/GAR/OB/LAND", "LOCAPROP": "", "CAT": "Residential-1", "RESCODE": "NS", "ACRESGL": 0.82, "REAL_FLV": 485500, "HSTED_FLV": 0, "NRES_FLV": 485500, "LAND_LV": 346600, "IMPRV_LV": 138900, "EQUIPVAL": 0, "EQUIPCODE": "", "INVENVAL": 0, "HSDECL": "N", "HSITEVAL": 485500, "VETEXAMT": 0, "EXPDESC": "", "ENDDATE": "", "STATUTE": "", "EXAMT_HS": 0, "EXAMT_NR": 0, "UVREDUC_HS": 0, "UVREDUC_NR": 0, "GLVAL_HS": 0.0, "GLVAL_NR": 4855.0, "CRHOUSPCT": 0.0, "MUNGL1PCT": 4855.0, "AOEGL_HS": 0.0, "AOEGL_NR": 4855.0, "E911ADDR": "280 VINCENT-EGAN RD", "SHAPE_Length": 0.0028143928165974426, "SHAPE_Area": 3.6926668131807935e-07}, "geometry": {"type": "MultiPolygon", "coordinates": [[[[-73.21894946299994, 43.62502459900003], [-73.21968191999997, 43.62489602000005], [-73.21963768899997, 43.625127184000064], [-73.21959822399998, 43.625233183000034], [-73.21958809099993, 43.62536024800005], [-73.21958302899998, 43.62537461800008], [-73.21863110699996, 43.625329288000046], [-73.21862470999997, 43.62502755600008], [-73.21894946299994, 43.62502459900003]]]]}}, {"type": "Feature", "properties": {"OBJECTID": 29040, "SPAN": "129-040-12140", "GLIST_SPAN": "129-040-12140", "MAPID": "23-20-43", "PARCID": "232000043.", "PROPTYPE": "PARCEL", "YEAR": 2023, "GLYEAR": 2022, "TOWN": "CASTLETON", "TNAME": "Castleton", "SOURCENAME": null, "SOURCETYPE": "UNKNOWN", "SOURCEDATE": "UNKNOWN", "EDITMETHOD": "UNKNOWN", "EDITOR": "UNKNOWN", "EDITDATE": "UNKNOWN", "MATCHSTAT": "MATCH", "EDITNOTE": "UNKNOWN", "OWNER1": "WILSON DONALD LESLIE TRUST", "OWNER2": "", "ADDRGL1": "121 GRANDVIEW AVENUE", "ADDRGL2": "", "CITYGL": "MARSHFIELD", "STGL": "MA", "ZIPGL": "02050", "DESCPROP": "3 COT/LOT; LITTLE RUTLAND", "LOCAPROP": "", "CAT": "Residential-1", "RESCODE": "NS", "ACRESGL": 1.0, "REAL_FLV": 457100, "HSTED_FLV": 0, "NRES_FLV": 457100, "LAND_LV": 375000, "IMPRV_LV": 82100, "EQUIPVAL": 0, "EQUIPCODE": "", "INVENVAL": 0, "HSDECL": "N", "HSITEVAL": 457100, "VETEXAMT": 0, "EXPDESC": "", "ENDDATE": "", "STATUTE": "", "EXAMT_HS": 0, "EXAMT_NR": 0, "UVREDUC_HS": 0, "UVREDUC_NR": 0, "GLVAL_HS": 0.0, "GLVAL_NR": 4571.0, "CRHOUSPCT": 0.0, "MUNGL1PCT": 4571.0, "AOEGL_HS": 0.0, "AOEGL_NR": 4571.0, "E911ADDR": "440 LITTLE RUTLAND RD", "SHAPE_Length": 0.0035012009332951737, "SHAPE_Area": 4.1184883956695313e-07}, "geometry": {"type": "MultiPolygon", "coordinates": [[[[-73.21806345099998, 43.62568527800005], [-73.21807105499994, 43.62554821400005], [-73.21954449899994, 43.62561838200003], [-73.21954469099995, 43.625635646000035], [-73.21954622299995, 43.62575417800008], [-73.21952114299995, 43.625900398000056], [-73.21805584799995, 43.625822345000074], [-73.21806345099998, 43.62568527800005]]]]}}, {"type": "Feature", "properties": {"OBJECTID": 29574, "SPAN": "129-040-11627", "GLIST_SPAN": "129-040-11627", "MAPID": "23-20-44", "PARCID": "232000044.", "PROPTYPE": "PARCEL", "YEAR": 2023, "GLYEAR": 2022, "TOWN": "CASTLETON", "TNAME": "Castleton", "SOURCENAME": null, "SOURCETYPE": "UNKNOWN", "SOURCEDATE": "UNKNOWN", "EDITMETHOD": "UNKNOWN", "EDITOR": "UNKNOWN", "EDITDATE": "UNKNOWN", "MATCHSTAT": "MATCH", "EDITNOTE": "UNKNOWN", "OWNER1": "GATTA THOMAS", "OWNER2": "SAUSA-GATTA MICHELLE", "ADDRGL1": "1182 HIGHLAND PARK ROAD", "ADDRGL2": "", "CITYGL": "SCHENECTADY", "STGL": "NY", "ZIPGL": "12309", "DESCPROP": "LITTLE RUTLAND 1.72 AC LAND; INCLUDES PR", "LOCAPROP": "", "CAT": "Residential-1", "RESCODE": "NS", "ACRESGL": 1.72, "REAL_FLV": 377200, "HSTED_FLV": 0, "NRES_FLV": 377200, "LAND_LV": 377200, "IMPRV_LV": 0, "EQUIPVAL": 0, "EQUIPCODE": "", "INVENVAL": 0, "HSDECL": "N", "HSITEVAL": 377200, "VETEXAMT": 0, "EXPDESC": "", "ENDDATE": "", "STATUTE": "", "EXAMT_HS": 0, "EXAMT_NR": 0, "UVREDUC_HS": 0, "UVREDUC_NR": 0, "GLVAL_HS": 0.0, "GLVAL_NR": 3772.0, "CRHOUSPCT": 0.0, "MUNGL1PCT": 3772.0, "AOEGL_HS": 0.0, "AOEGL_NR": 3772.0, "E911ADDR": "266 VINCENT-EGAN RD", "SHAPE_Length": 0.004634050264355564, "SHAPE_Area": 6.769263399117686e-07}, "geometry": {"type": "MultiPolygon", "coordinates": [[[[-73.21811863099998, 43.62473591300005], [-73.21861755899994, 43.62469016500006], [-73.21862470999997, 43.62502755600008], [-73.21863110699996, 43.625329288000046], [-73.21958302899998, 43.62537461800008], [-73.21953729099994, 43.625504446000036], [-73.21954388999995, 43.625563646000046], [-73.21954449899994, 43.62561838200003], [-73.21807105499994, 43.62554821400005], [-73.21811863099998, 43.62473591300005]]]]}}, {"type": "Feature", "properties": {"OBJECTID": 29695, "SPAN": "129-040-11674", "GLIST_SPAN": "129-040-11674", "MAPID": "23-20-55", "PARCID": "232000055.", "PROPTYPE": "PARCEL", "YEAR": 2023, "GLYEAR": 2022, "TOWN": "CASTLETON", "TNAME": "Castleton", "SOURCENAME": null, "SOURCETYPE": "UNKNOWN", "SOURCEDATE": "UNKNOWN", "EDITMETHOD": "UNKNOWN", "EDITOR": "UNKNOWN", "EDITDATE": "UNKNOWN", "MATCHSTAT": "MATCH", "EDITNOTE": "UNKNOWN", "OWNER1": "DYDO JR WILLIAM J", "OWNER2": "C/O HURLEY PATRICK J & LUCILLE D", "ADDRGL1": "270 VINCENT EGAN ROAD", "ADDRGL2": "", "CITYGL": "BOMOSEEN", "STGL": "VT", "ZIPGL": "05732", "DESCPROP": "GAR/INDOOR POOL; 1.30 ACRES; VINCENT RD", "LOCAPROP": "", "CAT": "Residential-1", "RESCODE": "T", "ACRESGL": 1.3, "REAL_FLV": 99300, "HSTED_FLV": 0, "NRES_FLV": 99300, "LAND_LV": 35100, "IMPRV_LV": 64200, "EQUIPVAL": 0, "EQUIPCODE": "", "INVENVAL": 0, "HSDECL": "N", "HSITEVAL": 99300, "VETEXAMT": 0, "EXPDESC": "", "ENDDATE": "", "STATUTE": "", "EXAMT_HS": 0, "EXAMT_NR": 0, "UVREDUC_HS": 0, "UVREDUC_NR": 0, "GLVAL_HS": 0.0, "GLVAL_NR": 993.0, "CRHOUSPCT": 0.0, "MUNGL1PCT": 993.0, "AOEGL_HS": 0.0, "AOEGL_NR": 993.0, "E911ADDR": "VINCENT-EGAN RD", "SHAPE_Length": 0.0033068714279100397, "SHAPE_Area": 6.783588862118187e-07}, "geometry": {"type": "MultiPolygon", "coordinates": [[[[-73.21721417099997, 43.62481487300005], [-73.21811863099998, 43.62473591300005], [-73.21807105499994, 43.62554821400005], [-73.21722872899994, 43.62555763000006], [-73.21721417099997, 43.62481487300005]]]]}}, {"type": "Feature", "properties": {"OBJECTID": 27176, "SPAN": "129-040-10080", "GLIST_SPAN": "129-040-10080", "MAPID": "23-21-15", "PARCID": "232100015.", "PROPTYPE": "PARCEL", "YEAR": 2023, "GLYEAR": 2022, "TOWN": "CASTLETON", "TNAME": "Castleton", "SOURCENAME": null, "SOURCETYPE": "UNKNOWN", "SOURCEDATE": "UNKNOWN", "EDITMETHOD": "UNKNOWN", "EDITOR": "UNKNOWN", "EDITDATE": "UNKNOWN", "MATCHSTAT": "MATCH", "EDITNOTE": "UNKNOWN", "OWNER1": "KREISER CRAIG W", "OWNER2": "KREISER MARIE D", "ADDRGL1": "PO BOX 544", "ADDRGL2": "", "CITYGL": "BOMOSEEN", "STGL": "VT", "ZIPGL": "05732", "DESCPROP": "HSE/GAR/LOT", "LOCAPROP": "", "CAT": "Residential-1", "RESCODE": "T", "ACRESGL": 1.3, "REAL_FLV": 203000, "HSTED_FLV": 203000, "NRES_FLV": 0, "LAND_LV": 57200, "IMPRV_LV": 145800, "EQUIPVAL": 0, "EQUIPCODE": "", "INVENVAL": 0, "HSDECL": "Y", "HSITEVAL": 203000, "VETEXAMT": 0, "EXPDESC": "", "ENDDATE": "", "STATUTE": "", "EXAMT_HS": 0, "EXAMT_NR": 0, "UVREDUC_HS": 0, "UVREDUC_NR": 0, "GLVAL_HS": 2030.0, "GLVAL_NR": 0.0, "CRHOUSPCT": 0.0, "MUNGL1PCT": 2030.0, "AOEGL_HS": 2030.0, "AOEGL_NR": 0.0, "E911ADDR": "1144 DRAKE RD", "SHAPE_Length": 0.0034134104292560504, "SHAPE_Area": 6.348001832516474e-07}, "geometry": {"type": "MultiPolygon", "coordinates": [[[[-73.21316280399998, 43.62417683900003], [-73.21317563999997, 43.62412874200004], [-73.21318424399993, 43.62412987100004], [-73.21430391999996, 43.62427682300006], [-73.21429817199999, 43.62429960800006], [-73.21420824699999, 43.624684983000066], [-73.21416896499994, 43.62481668700008], [-73.21303264499994, 43.62466735400005], [-73.21301935499997, 43.624665607000054], [-73.21310250199997, 43.62440280100003], [-73.21316280399998, 43.62417683900003]]]]}}, {"type": "Feature", "properties": {"OBJECTID": 28608, "SPAN": "129-040-10185", "GLIST_SPAN": "129-040-10185", "MAPID": "23-20-54", "PARCID": "232000054.", "PROPTYPE": "PARCEL", "YEAR": 2023, "GLYEAR": 2022, "TOWN": "CASTLETON", "TNAME": "Castleton", "SOURCENAME": null, "SOURCETYPE": "UNKNOWN", "SOURCEDATE": "UNKNOWN", "EDITMETHOD": "UNKNOWN", "EDITOR": "UNKNOWN", "EDITDATE": "UNKNOWN", "MATCHSTAT": "MATCH", "EDITNOTE": "UNKNOWN", "OWNER1": "NICHOLS LANE S", "OWNER2": "NICHOLS SHERI", "ADDRGL1": "57 VINCENT EAGAN ROAD", "ADDRGL2": "", "CITYGL": "BOMOSEEN", "STGL": "VT", "ZIPGL": "05732", "DESCPROP": "HSE/GAR/4 ACRES; DRAKE RD", "LOCAPROP": "", "CAT": "Residential-1", "RESCODE": "T", "ACRESGL": 4.0, "REAL_FLV": 179300, "HSTED_FLV": 179300, "NRES_FLV": 0, "LAND_LV": 51800, "IMPRV_LV": 127500, "EQUIPVAL": 0, "EQUIPCODE": "", "INVENVAL": 0, "HSDECL": "Y", "HSITEVAL": 173300, "VETEXAMT": 0, "EXPDESC": "", "ENDDATE": "", "STATUTE": "", "EXAMT_HS": 0, "EXAMT_NR": 0, "UVREDUC_HS": 0, "UVREDUC_NR": 0, "GLVAL_HS": 1793.0, "GLVAL_NR": 0.0, "CRHOUSPCT": 0.0, "MUNGL1PCT": 1793.0, "AOEGL_HS": 1793.0, "AOEGL_NR": 0.0, "E911ADDR": "57 VINCENT-EGAN RD", "SHAPE_Length": 0.007432340594312858, "SHAPE_Area": 1.8902758135841848e-06}, "geometry": {"type": "MultiPolygon", "coordinates": [[[[-73.21564252599995, 43.624952061000045], [-73.21721417099997, 43.62481487300005], [-73.21722872899994, 43.62555763000006], [-73.21683627699997, 43.62556201500007], [-73.21676075599999, 43.62556285900007], [-73.21668523399995, 43.62556370300007], [-73.21404308499996, 43.62556614500005], [-73.21419578199993, 43.62523271300006], [-73.21426280799994, 43.62507157400006], [-73.21564252599995, 43.624952061000045]]]]}}, {"type": "Feature", "properties": {"OBJECTID": 28785, "SPAN": "129-040-10866", "GLIST_SPAN": "129-040-10866", "MAPID": "23-20-52", "PARCID": "232000052.", "PROPTYPE": "PARCEL", "YEAR": 2023, "GLYEAR": 2022, "TOWN": "CASTLETON", "TNAME": "Castleton", "SOURCENAME": null, "SOURCETYPE": "UNKNOWN", "SOURCEDATE": "UNKNOWN", "EDITMETHOD": "UNKNOWN", "EDITOR": "UNKNOWN", "EDITDATE": "UNKNOWN", "MATCHSTAT": "MATCH", "EDITNOTE": "UNKNOWN", "OWNER1": "THOMPSON PAUL III & ANNA", "OWNER2": "", "ADDRGL1": "1241 DRAKE ROAD", "ADDRGL2": "", "CITYGL": "BOMOSEEN", "STGL": "VT", "ZIPGL": "05732", "DESCPROP": "MH/3 ACRES; DRAKE RD", "LOCAPROP": "", "CAT": "Residential-1", "RESCODE": "T", "ACRESGL": 2.64, "REAL_FLV": 167700, "HSTED_FLV": 0, "NRES_FLV": 167700, "LAND_LV": 47700, "IMPRV_LV": 120000, "EQUIPVAL": 0, "EQUIPCODE": "", "INVENVAL": 0, "HSDECL": "N", "HSITEVAL": 165800, "VETEXAMT": 0, "EXPDESC": "", "ENDDATE": "", "STATUTE": "", "EXAMT_HS": 0, "EXAMT_NR": 0, "UVREDUC_HS": 0, "UVREDUC_NR": 0, "GLVAL_HS": 0.0, "GLVAL_NR": 1677.0, "CRHOUSPCT": 0.0, "MUNGL1PCT": 1677.0, "AOEGL_HS": 0.0, "AOEGL_NR": 1677.0, "E911ADDR": "1241 DRAKE RD", "SHAPE_Length": 0.006754975830083227, "SHAPE_Area": 1.1958376245658838e-06}, "geometry": {"type": "MultiPolygon", "coordinates": [[[[-73.21427613499998, 43.626144553000074], [-73.21452702499994, 43.62567382700007], [-73.21401087699996, 43.62563179700004], [-73.21402742099997, 43.62560035100006], [-73.21404308499996, 43.62556614500005], [-73.21668523399995, 43.62556370300007], [-73.21676075599999, 43.62556285900007], [-73.21671930199994, 43.62602658900005], [-73.21664377199994, 43.62602634800004], [-73.21602442199998, 43.62602436900005], [-73.21427613499998, 43.626144553000074]]]]}}, {"type": "Feature", "properties": {"OBJECTID": 29121, "SPAN": "129-040-12229", "GLIST_SPAN": "129-040-12229", "MAPID": "23-21-16", "PARCID": "232100016.", "PROPTYPE": "PARCEL", "YEAR": 2023, "GLYEAR": 2022, "TOWN": "CASTLETON", "TNAME": "Castleton", "SOURCENAME": null, "SOURCETYPE": "UNKNOWN", "SOURCEDATE": "UNKNOWN", "EDITMETHOD": "UNKNOWN", "EDITOR": "UNKNOWN", "EDITDATE": "UNKNOWN", "MATCHSTAT": "MATCH", "EDITNOTE": "UNKNOWN", "OWNER1": "RYAN SHARON J", "OWNER2": "", "ADDRGL1": "1102 DRAKE ROAD", "ADDRGL2": "", "CITYGL": "BOMOSEEN", "STGL": "VT", "ZIPGL": "05732", "DESCPROP": "HSE/GAR/LOT; DRAKE RD", "LOCAPROP": "", "CAT": "Residential-1", "RESCODE": "T", "ACRESGL": 0.97, "REAL_FLV": 213000, "HSTED_FLV": 165780, "NRES_FLV": 47220, "LAND_LV": 55600, "IMPRV_LV": 157400, "EQUIPVAL": 0, "EQUIPCODE": "", "INVENVAL": 0, "HSDECL": "Y", "HSITEVAL": 165780, "VETEXAMT": 0, "EXPDESC": "", "ENDDATE": "", "STATUTE": "", "EXAMT_HS": 0, "EXAMT_NR": 0, "UVREDUC_HS": 0, "UVREDUC_NR": 0, "GLVAL_HS": 1658.0, "GLVAL_NR": 472.2, "CRHOUSPCT": 0.0, "MUNGL1PCT": 2130.0, "AOEGL_HS": 1658.0, "AOEGL_NR": 472.2, "E911ADDR": "1102 DRAKE RD", "SHAPE_Length": 0.0030906770206452668, "SHAPE_Area": 4.66118835348443e-07}, "geometry": {"type": "MultiPolygon", "coordinates": [[[[-73.21317607699996, 43.62412709900008], [-73.21329759899999, 43.623727975000065], [-73.21440572899996, 43.62387327600004], [-73.21430391999996, 43.62427682300006], [-73.21318424399993, 43.62412987100004], [-73.21317563999997, 43.62412874200004], [-73.21317607699996, 43.62412709900008]]]]}}, {"type": "Feature", "properties": {"OBJECTID": 29851, "SPAN": "129-040-11766", "GLIST_SPAN": "129-040-11766", "MAPID": "23-21-17", "PARCID": "232100017.", "PROPTYPE": "PARCEL", "YEAR": 2023, "GLYEAR": 2022, "TOWN": "CASTLETON", "TNAME": "Castleton", "SOURCENAME": null, "SOURCETYPE": "UNKNOWN", "SOURCEDATE": "UNKNOWN", "EDITMETHOD": "UNKNOWN", "EDITOR": "UNKNOWN", "EDITDATE": "UNKNOWN", "MATCHSTAT": "MATCH", "EDITNOTE": "UNKNOWN", "OWNER1": "ZEITLER JOSEPH P", "OWNER2": "ZEITLER LINDSAY W", "ADDRGL1": "1082 DRAKE RD", "ADDRGL2": "", "CITYGL": "BOMOSEEN", "STGL": "VT", "ZIPGL": "05732", "DESCPROP": "HSE/GAR/ .96 ACRES", "LOCAPROP": "", "CAT": "Residential-1", "RESCODE": "T", "ACRESGL": 0.96, "REAL_FLV": 188800, "HSTED_FLV": 188800, "NRES_FLV": 0, "LAND_LV": 44300, "IMPRV_LV": 144500, "EQUIPVAL": 0, "EQUIPCODE": "", "INVENVAL": 0, "HSDECL": "Y", "HSITEVAL": 188800, "VETEXAMT": 0, "EXPDESC": "", "ENDDATE": "", "STATUTE": "", "EXAMT_HS": 0, "EXAMT_NR": 0, "UVREDUC_HS": 0, "UVREDUC_NR": 0, "GLVAL_HS": 1888.0, "GLVAL_NR": 0.0, "CRHOUSPCT": 0.0, "MUNGL1PCT": 1888.0, "AOEGL_HS": 1888.0, "AOEGL_NR": 0.0, "E911ADDR": "1082 DRAKE RD", "SHAPE_Length": 0.0030623441914660165, "SHAPE_Area": 4.6227064617671276e-07}, "geometry": {"type": "MultiPolygon", "coordinates": [[[[-73.21329759899999, 43.623727975000065], [-73.21341164399996, 43.62332363000007], [-73.21450815699995, 43.62346727000005], [-73.21440572899996, 43.62387327600004], [-73.21329759899999, 43.623727975000065]]]]}}, {"type": "Feature", "properties": {"OBJECTID": 29973, "SPAN": "129-040-11896", "GLIST_SPAN": "129-040-11896", "MAPID": "23-21-14", "PARCID": "232100014.", "PROPTYPE": "PARCEL", "YEAR": 2023, "GLYEAR": 2022, "TOWN": "CASTLETON", "TNAME": "Castleton", "SOURCENAME": null, "SOURCETYPE": "UNKNOWN", "SOURCEDATE": "UNKNOWN", "EDITMETHOD": "UNKNOWN", "EDITOR": "UNKNOWN", "EDITDATE": "UNKNOWN", "MATCHSTAT": "MATCH", "EDITNOTE": "UNKNOWN", "OWNER1": "LYNCH JEFFERY S", "OWNER2": "PELTIER SUSAN A", "ADDRGL1": "1180 DRAKE ROAD", "ADDRGL2": "", "CITYGL": "BOMOSEEN", "STGL": "VT", "ZIPGL": "05732", "DESCPROP": "HSE/GAR/1 ACRE", "LOCAPROP": "", "CAT": "Residential-1", "RESCODE": "T", "ACRESGL": 1.0, "REAL_FLV": 207300, "HSTED_FLV": 207300, "NRES_FLV": 0, "LAND_LV": 47300, "IMPRV_LV": 160000, "EQUIPVAL": 0, "EQUIPCODE": "", "INVENVAL": 0, "HSDECL": "Y", "HSITEVAL": 207300, "VETEXAMT": 0, "EXPDESC": "", "ENDDATE": "", "STATUTE": "", "EXAMT_HS": 0, "EXAMT_NR": 0, "UVREDUC_HS": 0, "UVREDUC_NR": 0, "GLVAL_HS": 2073.0, "GLVAL_NR": 0.0, "CRHOUSPCT": 0.0, "MUNGL1PCT": 2073.0, "AOEGL_HS": 2073.0, "AOEGL_NR": 0.0, "E911ADDR": "1180 DRAKE RD", "SHAPE_Length": 0.0031874816736489255, "SHAPE_Area": 4.730977260381481e-07}, "geometry": {"type": "MultiPolygon", "coordinates": [[[[-73.21300413899996, 43.62471369900004], [-73.21301935499997, 43.624665607000054], [-73.21303264499994, 43.62466735400005], [-73.21416896499994, 43.62481668700008], [-73.21416235799995, 43.62483883900006], [-73.21405819799998, 43.625089253000056], [-73.21288222399994, 43.62520064700004], [-73.21300413899996, 43.62471369900004]]]]}}, {"type": "Feature", "properties": {"OBJECTID": 27106, "SPAN": "129-040-10008", "GLIST_SPAN": "129-040-10008", "MAPID": "23-20-40", "PARCID": "232000040.", "PROPTYPE": "PARCEL", "YEAR": 2023, "GLYEAR": 2022, "TOWN": "CASTLETON", "TNAME": "Castleton", "SOURCENAME": null, "SOURCETYPE": "UNKNOWN", "SOURCEDATE": "UNKNOWN", "EDITMETHOD": "UNKNOWN", "EDITOR": "UNKNOWN", "EDITDATE": "UNKNOWN", "MATCHSTAT": "MATCH", "EDITNOTE": "UNKNOWN", "OWNER1": "WILSON DONALD LESLIE TRUST 2004", "OWNER2": "", "ADDRGL1": "121 GRANDVIEW AVENUE", "ADDRGL2": "", "CITYGL": "MARSHFIELD", "STGL": "ME", "ZIPGL": "02050", "DESCPROP": "GARAGE/LOT; LITTLE RUTLAND", "LOCAPROP": "", "CAT": "Miscellaneous", "RESCODE": "NS", "ACRESGL": 0.19, "REAL_FLV": 42800, "HSTED_FLV": 0, "NRES_FLV": 42800, "LAND_LV": 27000, "IMPRV_LV": 15800, "EQUIPVAL": 0, "EQUIPCODE": "", "INVENVAL": 0, "HSDECL": "N", "HSITEVAL": 0, "VETEXAMT": 0, "EXPDESC": "", "ENDDATE": "", "STATUTE": "", "EXAMT_HS": 0, "EXAMT_NR": 0, "UVREDUC_HS": 0, "UVREDUC_NR": 0, "GLVAL_HS": 0.0, "GLVAL_NR": 428.0, "CRHOUSPCT": 0.0, "MUNGL1PCT": 428.0, "AOEGL_HS": 0.0, "AOEGL_NR": 428.0, "E911ADDR": "LITTLE RUTLAND RD", "SHAPE_Length": 0.0014685779831390313, "SHAPE_Area": 9.117483196890109e-08}, "geometry": {"type": "MultiPolygon", "coordinates": [[[[-73.21804021999998, 43.62610409300004], [-73.21804823599996, 43.62595957000008], [-73.21862950699995, 43.625993949000076], [-73.21860738099997, 43.62615378800007], [-73.21803960399996, 43.62611517000005], [-73.21804021999998, 43.62610409300004]]]]}}, {"type": "Feature", "properties": {"OBJECTID": 27125, "SPAN": "129-040-10027", "GLIST_SPAN": "129-040-10027", "MAPID": "23-20-36", "PARCID": "232000036.", "PROPTYPE": "PARCEL", "YEAR": 2023, "GLYEAR": 2022, "TOWN": "CASTLETON", "TNAME": "Castleton", "SOURCENAME": null, "SOURCETYPE": "UNKNOWN", "SOURCEDATE": "UNKNOWN", "EDITMETHOD": "UNKNOWN", "EDITOR": "UNKNOWN", "EDITDATE": "UNKNOWN", "MATCHSTAT": "MATCH", "EDITNOTE": "UNKNOWN", "OWNER1": "KNAPPMILLER LLC", "OWNER2": "", "ADDRGL1": "292 WINDRIDGE DRIVE", "ADDRGL2": "", "CITYGL": "RUTLAND", "STGL": "VT", "ZIPGL": "05701", "DESCPROP": "HSE/LOT; LITTLE RUTLAND", "LOCAPROP": "", "CAT": "Residential-1", "RESCODE": "S", "ACRESGL": 0.73, "REAL_FLV": 383400, "HSTED_FLV": 0, "NRES_FLV": 383400, "LAND_LV": 311700, "IMPRV_LV": 71700, "EQUIPVAL": 0, "EQUIPCODE": "", "INVENVAL": 0, "HSDECL": "N", "HSITEVAL": 383400, "VETEXAMT": 0, "EXPDESC": "", "ENDDATE": "", "STATUTE": "", "EXAMT_HS": 0, "EXAMT_NR": 0, "UVREDUC_HS": 0, "UVREDUC_NR": 0, "GLVAL_HS": 0.0, "GLVAL_NR": 3834.0, "CRHOUSPCT": 0.0, "MUNGL1PCT": 3834.0, "AOEGL_HS": 0.0, "AOEGL_NR": 3834.0, "E911ADDR": "388 LITTLE RUTLAND RD", "SHAPE_Length": 0.0018943509358708029, "SHAPE_Area": 7.963707418062416e-08}, "geometry": {"type": "MultiPolygon", "coordinates": [[[[-73.21888637799998, 43.626467270000035], [-73.21933273799993, 43.62641575300006], [-73.21927798399997, 43.626605866000034], [-73.21846245199998, 43.626515260000076], [-73.21855442699996, 43.62650558300004], [-73.21888637799998, 43.626467270000035]]]]}}, {"type": "Feature", "properties": {"OBJECTID": 28026, "SPAN": "129-040-11069", "GLIST_SPAN": "129-040-11069", "MAPID": "23-20-26", "PARCID": "232000026.", "PROPTYPE": "PARCEL", "YEAR": 2023, "GLYEAR": 2022, "TOWN": "CASTLETON", "TNAME": "Castleton", "SOURCENAME": null, "SOURCETYPE": "UNKNOWN", "SOURCEDATE": "UNKNOWN", "EDITMETHOD": "UNKNOWN", "EDITOR": "UNKNOWN", "EDITDATE": "UNKNOWN", "MATCHSTAT": "MATCH", "EDITNOTE": "UNKNOWN", "OWNER1": "SEAVER TOM G", "OWNER2": "SEAVER BRENDA L", "ADDRGL1": "43 LEONARDO DRIVE", "ADDRGL2": "", "CITYGL": "CLIFTON PARK", "STGL": "NY", "ZIPGL": "12065", "DESCPROP": "HSE/LOT; LITTLE RUTLAND", "LOCAPROP": "", "CAT": "Residential-1", "RESCODE": "NS", "ACRESGL": 0.2, "REAL_FLV": 411900, "HSTED_FLV": 0, "NRES_FLV": 411900, "LAND_LV": 254000, "IMPRV_LV": 157900, "EQUIPVAL": 0, "EQUIPCODE": "", "INVENVAL": 0, "HSDECL": "N", "HSITEVAL": 411900, "VETEXAMT": 0, "EXPDESC": "", "ENDDATE": "", "STATUTE": "", "EXAMT_HS": 0, "EXAMT_NR": 0, "UVREDUC_HS": 0, "UVREDUC_NR": 0, "GLVAL_HS": 0.0, "GLVAL_NR": 4119.0, "CRHOUSPCT": 0.0, "MUNGL1PCT": 4119.0, "AOEGL_HS": 0.0, "AOEGL_NR": 4119.0, "E911ADDR": "288 LITTLE RUTLAND RD", "SHAPE_Length": 0.001426380614923251, "SHAPE_Area": 8.936486460374874e-08}, "geometry": {"type": "MultiPolygon", "coordinates": [[[[-73.21767178099998, 43.62793717300008], [-73.21775104199997, 43.62779463800007], [-73.21828021199997, 43.62790302700006], [-73.21823143799998, 43.628005554000026], [-73.21820265799994, 43.628062786000044], [-73.21767178099998, 43.62793717300008]]]]}}, {"type": "Feature", "properties": {"OBJECTID": 28082, "SPAN": "129-040-11128", "GLIST_SPAN": "129-040-11128", "MAPID": "23-20-25", "PARCID": "232000025.", "PROPTYPE": "PARCEL", "YEAR": 2023, "GLYEAR": 2022, "TOWN": "CASTLETON", "TNAME": "Castleton", "SOURCENAME": null, "SOURCETYPE": "UNKNOWN", "SOURCEDATE": "UNKNOWN", "EDITMETHOD": "UNKNOWN", "EDITOR": "UNKNOWN", "EDITDATE": "UNKNOWN", "MATCHSTAT": "MATCH", "EDITNOTE": "UNKNOWN", "OWNER1": "KILCHEVSKY EITAN S", "OWNER2": "KILCHEVSKY LAURIE S", "ADDRGL1": "9 EQUESTRIAN RIDGE", "ADDRGL2": "", "CITYGL": "NEWTOWN", "STGL": "CT", "ZIPGL": "06470", "DESCPROP": "COT/LOT  (LOT #12); LITTLE RUTLAND", "LOCAPROP": "", "CAT": "Residential-1", "RESCODE": "NS", "ACRESGL": 0.16, "REAL_FLV": 328100, "HSTED_FLV": 0, "NRES_FLV": 328100, "LAND_LV": 222900, "IMPRV_LV": 105200, "EQUIPVAL": 0, "EQUIPCODE": "", "INVENVAL": 0, "HSDECL": "N", "HSITEVAL": 328100, "VETEXAMT": 0, "EXPDESC": "", "ENDDATE": "", "STATUTE": "", "EXAMT_HS": 0, "EXAMT_NR": 0, "UVREDUC_HS": 0, "UVREDUC_NR": 0, "GLVAL_HS": 0.0, "GLVAL_NR": 3281.0, "CRHOUSPCT": 0.0, "MUNGL1PCT": 3281.0, "AOEGL_HS": 0.0, "AOEGL_NR": 3281.0, "E911ADDR": "270 LITTLE RUTLAND RD", "SHAPE_Length": 0.0013699421589323337, "SHAPE_Area": 7.466229471471602e-08}, "geometry": {"type": "MultiPolygon", "coordinates": [[[[-73.21760168799995, 43.62806322400007], [-73.21767178099998, 43.62793717300008], [-73.21820265799994, 43.628062786000044], [-73.21814863699996, 43.62813995500005], [-73.21811890899994, 43.628185606000045], [-73.21760168799995, 43.62806322400007]]]]}}, {"type": "Feature", "properties": {"OBJECTID": 28240, "SPAN": "129-040-11303", "GLIST_SPAN": "129-040-11303", "MAPID": "23-20-29", "PARCID": "232000029.", "PROPTYPE": "PARCEL", "YEAR": 2023, "GLYEAR": 2022, "TOWN": "CASTLETON", "TNAME": "Castleton", "SOURCENAME": null, "SOURCETYPE": "UNKNOWN", "SOURCEDATE": "UNKNOWN", "EDITMETHOD": "UNKNOWN", "EDITOR": "UNKNOWN", "EDITDATE": "UNKNOWN", "MATCHSTAT": "MATCH", "EDITNOTE": "UNKNOWN", "OWNER1": "KENOSH MICHAEL J", "OWNER2": "KENOSH KRISTEN F", "ADDRGL1": "314 LITTLE RUTLAND ROAD", "ADDRGL2": "", "CITYGL": "BOMOSEEN", "STGL": "VT", "ZIPGL": "05732", "DESCPROP": "HOUSE; LOT (+232000046)", "LOCAPROP": "", "CAT": "Residential-1", "RESCODE": "T", "ACRESGL": 1.25, "REAL_FLV": 560100, "HSTED_FLV": 560100, "NRES_FLV": 0, "LAND_LV": 294600, "IMPRV_LV": 265500, "EQUIPVAL": 0, "EQUIPCODE": "", "INVENVAL": 0, "HSDECL": "Y", "HSITEVAL": 560100, "VETEXAMT": 0, "EXPDESC": "", "ENDDATE": "", "STATUTE": "", "EXAMT_HS": 0, "EXAMT_NR": 0, "UVREDUC_HS": 0, "UVREDUC_NR": 0, "GLVAL_HS": 5601.0, "GLVAL_NR": 0.0, "CRHOUSPCT": 0.0, "MUNGL1PCT": 5601.0, "AOEGL_HS": 5601.0, "AOEGL_NR": 0.0, "E911ADDR": "314 LITTLE RUTLAND RD", "SHAPE_Length": 0.004673695096956238, "SHAPE_Area": 5.590901984076085e-07}, "geometry": {"type": "MultiPolygon", "coordinates": [[[[-73.21677262799994, 43.62706956100004], [-73.21798205399995, 43.62701295800008], [-73.217648, 43.62761370000004], [-73.21704161499997, 43.62744722800005], [-73.21677262799994, 43.62706956100004]]], [[[-73.21792334799994, 43.62748477300005], [-73.21800155299997, 43.627344135000044], [-73.21861035299997, 43.62744100100008], [-73.21866200199997, 43.62744921900003], [-73.21858310099998, 43.62757602500005], [-73.21856989999998, 43.62760902500003], [-73.21855673599998, 43.62762407100007], [-73.21792334799994, 43.62748477300005]]]]}}, {"type": "Feature", "properties": {"OBJECTID": 28298, "SPAN": "129-040-11366", "GLIST_SPAN": "129-040-11366", "MAPID": "23-20-30", "PARCID": "232000030.", "PROPTYPE": "PARCEL", "YEAR": 2023, "GLYEAR": 2022, "TOWN": "CASTLETON", "TNAME": "Castleton", "SOURCENAME": null, "SOURCETYPE": "UNKNOWN", "SOURCEDATE": "UNKNOWN", "EDITMETHOD": "UNKNOWN", "EDITOR": "UNKNOWN", "EDITDATE": "UNKNOWN", "MATCHSTAT": "MATCH", "EDITNOTE": "UNKNOWN", "OWNER1": "BRUGGER ROBERT L", "OWNER2": "BRUGGER LENORE J", "ADDRGL1": "P4606 ARLINGTON AVE", "ADDRGL2": "", "CITYGL": "BRONX", "STGL": "NY", "ZIPGL": "10471", "DESCPROP": "COT/LOT  (LOT #7); LITTLE RUTLAND", "LOCAPROP": "", "CAT": "Residential-1", "RESCODE": "NS", "ACRESGL": 0.23, "REAL_FLV": 309900, "HSTED_FLV": 0, "NRES_FLV": 309900, "LAND_LV": 258700, "IMPRV_LV": 51200, "EQUIPVAL": 0, "EQUIPCODE": "", "INVENVAL": 0, "HSDECL": "N", "HSITEVAL": 309900, "VETEXAMT": 0, "EXPDESC": "", "ENDDATE": "", "STATUTE": "", "EXAMT_HS": 0, "EXAMT_NR": 0, "UVREDUC_HS": 0, "UVREDUC_NR": 0, "GLVAL_HS": 0.0, "GLVAL_NR": 3099.0, "CRHOUSPCT": 0.0, "MUNGL1PCT": 3099.0, "AOEGL_HS": 0.0, "AOEGL_NR": 3099.0, "E911ADDR": "328 LITTLE RUTLAND RD", "SHAPE_Length": 0.0017194472310668254, "SHAPE_Area": 1.045736634360997e-07}, "geometry": {"type": "MultiPolygon", "coordinates": [[[[-73.21800155299997, 43.627344135000044], [-73.21807319599998, 43.62721529400005], [-73.21877997499996, 43.627298186000075], [-73.21866200199997, 43.62744921900003], [-73.21861035299997, 43.62744100100008], [-73.21800155299997, 43.627344135000044]]]]}}, {"type": "Feature", "properties": {"OBJECTID": 28542, "SPAN": "129-040-10713", "GLIST_SPAN": "129-040-10713", "MAPID": "23-20-24", "PARCID": "232000024.", "PROPTYPE": "PARCEL", "YEAR": 2023, "GLYEAR": 2022, "TOWN": "CASTLETON", "TNAME": "Castleton", "SOURCENAME": null, "SOURCETYPE": "UNKNOWN", "SOURCEDATE": "UNKNOWN", "EDITMETHOD": "UNKNOWN", "EDITOR": "UNKNOWN", "EDITDATE": "UNKNOWN", "MATCHSTAT": "MATCH", "EDITNOTE": "UNKNOWN", "OWNER1": "EARLS MARGARET L.", "OWNER2": "", "ADDRGL1": "95 FAR HORIZONS DRIVE", "ADDRGL2": "", "CITYGL": "MONROE", "STGL": "CT", "ZIPGL": "06468", "DESCPROP": "HSE/LOT; LITTLE RUTLAND", "LOCAPROP": "", "CAT": "Residential-1", "RESCODE": "NS", "ACRESGL": 0.18, "REAL_FLV": 329800, "HSTED_FLV": 0, "NRES_FLV": 329800, "LAND_LV": 248900, "IMPRV_LV": 80900, "EQUIPVAL": 0, "EQUIPCODE": "", "INVENVAL": 0, "HSDECL": "N", "HSITEVAL": 329800, "VETEXAMT": 0, "EXPDESC": "", "ENDDATE": "", "STATUTE": "", "EXAMT_HS": 0, "EXAMT_NR": 0, "UVREDUC_HS": 0, "UVREDUC_NR": 0, "GLVAL_HS": 0.0, "GLVAL_NR": 3298.0, "CRHOUSPCT": 0.0, "MUNGL1PCT": 3298.0, "AOEGL_HS": 0.0, "AOEGL_NR": 3298.0, "E911ADDR": "248 LITTLE RUTLAND RD", "SHAPE_Length": 0.0013874975465188513, "SHAPE_Area": 8.738829120871228e-08}, "geometry": {"type": "MultiPolygon", "coordinates": [[[[-73.21752234199994, 43.628205912000055], [-73.21760168799995, 43.62806322400007], [-73.21811890899994, 43.628185606000045], [-73.21804190599994, 43.62828501800004], [-73.21799681399995, 43.62834267300008], [-73.21793657199999, 43.62832530900005], [-73.21752234199994, 43.628205912000055]]]]}}, {"type": "Feature", "properties": {"OBJECTID": 28789, "SPAN": "129-040-10868", "GLIST_SPAN": "129-040-10868", "MAPID": "23-20-27", "PARCID": "232000027.", "PROPTYPE": "PARCEL", "YEAR": 2023, "GLYEAR": 2022, "TOWN": "CASTLETON", "TNAME": "Castleton", "SOURCENAME": null, "SOURCETYPE": "UNKNOWN", "SOURCEDATE": "UNKNOWN", "EDITMETHOD": "UNKNOWN", "EDITOR": "UNKNOWN", "EDITDATE": "UNKNOWN", "MATCHSTAT": "MATCH", "EDITNOTE": "UNKNOWN", "OWNER1": "MATSON SCOTT", "OWNER2": "MATSON MARCI", "ADDRGL1": "1059 WILDERNESS RD", "ADDRGL2": "", "CITYGL": "SHREWSBURY", "STGL": "VT", "ZIPGL": "05738", "DESCPROP": "COT/LOT  (LOT #10); LITTLE RUTLAND", "LOCAPROP": "", "CAT": "Seasonal-1", "RESCODE": "S", "ACRESGL": 0.21, "REAL_FLV": 295300, "HSTED_FLV": 0, "NRES_FLV": 295300, "LAND_LV": 255400, "IMPRV_LV": 39900, "EQUIPVAL": 0, "EQUIPCODE": "", "INVENVAL": 0, "HSDECL": "N", "HSITEVAL": 295300, "VETEXAMT": 0, "EXPDESC": "", "ENDDATE": "", "STATUTE": "", "EXAMT_HS": 0, "EXAMT_NR": 0, "UVREDUC_HS": 0, "UVREDUC_NR": 0, "GLVAL_HS": 0.0, "GLVAL_NR": 2953.0, "CRHOUSPCT": 0.0, "MUNGL1PCT": 2953.0, "AOEGL_HS": 0.0, "AOEGL_NR": 2953.0, "E911ADDR": "294 LITTLE RUTLAND RD", "SHAPE_Length": 0.001521494657399247, "SHAPE_Area": 9.124272120083163e-08}, "geometry": {"type": "MultiPolygon", "coordinates": [[[[-73.21775104199997, 43.62779463800007], [-73.21783946299996, 43.627635627000075], [-73.21842421099996, 43.62777699500003], [-73.21837603499995, 43.62779395700005], [-73.21833883599999, 43.62782395700003], [-73.21830023799998, 43.62786775600006], [-73.21828021199997, 43.62790302700006], [-73.21775104199997, 43.62779463800007]]]]}}, {"type": "Feature", "properties": {"OBJECTID": 28898, "SPAN": "129-040-11985", "GLIST_SPAN": "129-040-11985", "MAPID": "23-20-33", "PARCID": "232000033.", "PROPTYPE": "PARCEL", "YEAR": 2023, "GLYEAR": 2022, "TOWN": "CASTLETON", "TNAME": "Castleton", "SOURCENAME": null, "SOURCETYPE": "UNKNOWN", "SOURCEDATE": "UNKNOWN", "EDITMETHOD": "UNKNOWN", "EDITOR": "UNKNOWN", "EDITDATE": "UNKNOWN", "MATCHSTAT": "MATCH", "EDITNOTE": "UNKNOWN", "OWNER1": "PEM GRAY LLC", "OWNER2": "", "ADDRGL1": "185 SPRUCE LANE", "ADDRGL2": "", "CITYGL": "DORSET", "STGL": "VT", "ZIPGL": "05251", "DESCPROP": "HSE/LOT; LITTLE RUTLAND", "LOCAPROP": "", "CAT": "Seasonal-1", "RESCODE": "S", "ACRESGL": 0.28, "REAL_FLV": 333500, "HSTED_FLV": 0, "NRES_FLV": 333500, "LAND_LV": 275800, "IMPRV_LV": 57700, "EQUIPVAL": 0, "EQUIPCODE": "", "INVENVAL": 0, "HSDECL": "N", "HSITEVAL": 333500, "VETEXAMT": 0, "EXPDESC": "", "ENDDATE": "", "STATUTE": "", "EXAMT_HS": 0, "EXAMT_NR": 0, "UVREDUC_HS": 0, "UVREDUC_NR": 0, "GLVAL_HS": 0.0, "GLVAL_NR": 3335.0, "CRHOUSPCT": 0.0, "MUNGL1PCT": 3335.0, "AOEGL_HS": 0.0, "AOEGL_NR": 3335.0, "E911ADDR": "340 LITTLE RUTLAND RD", "SHAPE_Length": 0.002244669975829393, "SHAPE_Area": 1.4368032335203505e-07}, "geometry": {"type": "MultiPolygon", "coordinates": [[[[-73.21876138699997, 43.62696253300004], [-73.21862372899994, 43.62693306400007], [-73.21820243299999, 43.626982878000035], [-73.21833082899997, 43.62675197300007], [-73.21915641099997, 43.62691004200008], [-73.21914589399995, 43.62693029900004], [-73.21910635099994, 43.62702330700006], [-73.21906043199994, 43.62706857000006], [-73.21898989899995, 43.62711703100007], [-73.21893173999996, 43.62709146600008], [-73.21888093199993, 43.626988125000025], [-73.21876138699997, 43.62696253300004]]]]}}, {"type": "Feature", "properties": {"OBJECTID": 28906, "SPAN": "129-040-11993", "GLIST_SPAN": "129-040-11993", "MAPID": "23-20-22", "PARCID": "232000022.", "PROPTYPE": "PARCEL", "YEAR": 2023, "GLYEAR": 2022, "TOWN": "CASTLETON", "TNAME": "Castleton", "SOURCENAME": null, "SOURCETYPE": "UNKNOWN", "SOURCEDATE": "UNKNOWN", "EDITMETHOD": "UNKNOWN", "EDITOR": "UNKNOWN", "EDITDATE": "UNKNOWN", "MATCHSTAT": "MATCH", "EDITNOTE": "UNKNOWN", "OWNER1": "WILK STEVE & LESLIE", "OWNER2": "", "ADDRGL1": "2 ELMWOOD DRIVE", "ADDRGL2": "", "CITYGL": "RUTLAND", "STGL": "VT", "ZIPGL": "05701-4638", "DESCPROP": "HSE/GAR/LAND", "LOCAPROP": "", "CAT": "Residential-1", "RESCODE": "S", "ACRESGL": 0.28, "REAL_FLV": 614900, "HSTED_FLV": 0, "NRES_FLV": 614900, "LAND_LV": 238000, "IMPRV_LV": 376900, "EQUIPVAL": 0, "EQUIPCODE": "", "INVENVAL": 0, "HSDECL": "N", "HSITEVAL": 614900, "VETEXAMT": 0, "EXPDESC": "", "ENDDATE": "", "STATUTE": "", "EXAMT_HS": 0, "EXAMT_NR": 0, "UVREDUC_HS": 0, "UVREDUC_NR": 0, "GLVAL_HS": 0.0, "GLVAL_NR": 6149.0, "CRHOUSPCT": 0.0, "MUNGL1PCT": 6149.0, "AOEGL_HS": 0.0, "AOEGL_NR": 6149.0, "E911ADDR": "232 LITTLE RUTLAND RD", "SHAPE_Length": 0.0020173236038105117, "SHAPE_Area": 1.109833061699845e-07}, "geometry": {"type": "MultiPolygon", "coordinates": [[[[-73.21723303199997, 43.62864760300005], [-73.21782929799997, 43.628593831000046], [-73.21777675099997, 43.628735447000054], [-73.21691401899994, 43.62880271600005], [-73.21693871999997, 43.62870296600005], [-73.21723303199997, 43.62864760300005]]]]}}, {"type": "Feature", "properties": {"OBJECTID": 29028, "SPAN": "129-040-12128", "GLIST_SPAN": "129-040-12128", "MAPID": "23-20-28", "PARCID": "232000028.", "PROPTYPE": "PARCEL", "YEAR": 2023, "GLYEAR": 2022, "TOWN": "CASTLETON", "TNAME": "Castleton", "SOURCENAME": null, "SOURCETYPE": "UNKNOWN", "SOURCEDATE": "UNKNOWN", "EDITMETHOD": "UNKNOWN", "EDITOR": "UNKNOWN", "EDITDATE": "UNKNOWN", "MATCHSTAT": "MATCH", "EDITNOTE": "UNKNOWN", "OWNER1": "SOLIMANO MICHAEL R", "OWNER2": "SOLIMANO CARA R", "ADDRGL1": "301 WYNNRIDGE DRIVE", "ADDRGL2": "", "CITYGL": "RUTLAND", "STGL": "VT", "ZIPGL": "05701", "DESCPROP": "COT/LOT  (L0T #9); LITTLE RUTLAND", "LOCAPROP": "", "CAT": "Residential-1", "RESCODE": "S", "ACRESGL": 0.22, "REAL_FLV": 364800, "HSTED_FLV": 0, "NRES_FLV": 364800, "LAND_LV": 257300, "IMPRV_LV": 107500, "EQUIPVAL": 0, "EQUIPCODE": "", "INVENVAL": 0, "HSDECL": "N", "HSITEVAL": 364800, "VETEXAMT": 0, "EXPDESC": "", "ENDDATE": "", "STATUTE": "", "EXAMT_HS": 0, "EXAMT_NR": 0, "UVREDUC_HS": 0, "UVREDUC_NR": 0, "GLVAL_HS": 0.0, "GLVAL_NR": 3648.0, "CRHOUSPCT": 0.0, "MUNGL1PCT": 3648.0, "AOEGL_HS": 0.0, "AOEGL_NR": 3648.0, "E911ADDR": "304 LITTLE RUTLAND RD", "SHAPE_Length": 0.0016572343874280782, "SHAPE_Area": 1.1238321668657997e-07}, "geometry": {"type": "MultiPolygon", "coordinates": [[[[-73.21783946299996, 43.627635627000075], [-73.21792334799994, 43.62748477300005], [-73.21855673599998, 43.62762407100007], [-73.21854423299999, 43.62763835900006], [-73.21852549999994, 43.62766242500004], [-73.21852343199998, 43.62771842400008], [-73.21850790099995, 43.62775062500003], [-73.21847230099996, 43.62777835700007], [-73.21842421099996, 43.62777699500003], [-73.21783946299996, 43.627635627000075]]]]}}, {"type": "Feature", "properties": {"OBJECTID": 29041, "SPAN": "129-040-12141", "GLIST_SPAN": "129-040-12141", "MAPID": "23-20-38", "PARCID": "232000038.", "PROPTYPE": "PARCEL", "YEAR": 2023, "GLYEAR": 2022, "TOWN": "CASTLETON", "TNAME": "Castleton", "SOURCENAME": null, "SOURCETYPE": "UNKNOWN", "SOURCEDATE": "UNKNOWN", "EDITMETHOD": "UNKNOWN", "EDITOR": "UNKNOWN", "EDITDATE": "UNKNOWN", "MATCHSTAT": "MATCH", "EDITNOTE": "UNKNOWN", "OWNER1": "KULLMAN DEAN J", "OWNER2": "KULLMAN JOHN J", "ADDRGL1": "18 LAKE SHORE DRIVE", "ADDRGL2": "", "CITYGL": "ROCKAWAY", "STGL": "NJ", "ZIPGL": "07866", "DESCPROP": "VACANT LOT; LITTLE RUTLAND", "LOCAPROP": "", "CAT": "Miscellaneous", "RESCODE": "NS", "ACRESGL": 0.06, "REAL_FLV": 51800, "HSTED_FLV": 0, "NRES_FLV": 51800, "LAND_LV": 51800, "IMPRV_LV": 0, "EQUIPVAL": 0, "EQUIPCODE": "", "INVENVAL": 0, "HSDECL": "N", "HSITEVAL": 0, "VETEXAMT": 0, "EXPDESC": "", "ENDDATE": "", "STATUTE": "", "EXAMT_HS": 0, "EXAMT_NR": 0, "UVREDUC_HS": 0, "UVREDUC_NR": 0, "GLVAL_HS": 0.0, "GLVAL_NR": 518.0, "CRHOUSPCT": 0.0, "MUNGL1PCT": 518.0, "AOEGL_HS": 0.0, "AOEGL_NR": 518.0, "E911ADDR": "LITTLE RUTLAND RD", "SHAPE_Length": 0.0015964327386208835, "SHAPE_Area": 2.1094981898466646e-08}, "geometry": {"type": "MultiPolygon", "coordinates": [[[[-73.21857905699994, 43.62634195800007], [-73.21858316199996, 43.62631468600006], [-73.21888501199999, 43.62632405700003], [-73.21935494599995, 43.62633864400004], [-73.21934712499996, 43.62636580000003], [-73.21888090799996, 43.626351328000055], [-73.21857905699994, 43.62634195800007]]]]}}, {"type": "Feature", "properties": {"OBJECTID": 29118, "SPAN": "129-040-12226", "GLIST_SPAN": "129-040-12226", "MAPID": "23-20-31", "PARCID": "232000031.", "PROPTYPE": "PARCEL", "YEAR": 2023, "GLYEAR": 2022, "TOWN": "CASTLETON", "TNAME": "Castleton", "SOURCENAME": null, "SOURCETYPE": "UNKNOWN", "SOURCEDATE": "UNKNOWN", "EDITMETHOD": "UNKNOWN", "EDITOR": "UNKNOWN", "EDITDATE": "UNKNOWN", "MATCHSTAT": "MATCH", "EDITNOTE": "UNKNOWN", "OWNER1": "BUTCHER FAMILY CAMPS LLC", "OWNER2": "", "ADDRGL1": "PO BOX 422", "ADDRGL2": "", "CITYGL": "BOMOSEEN", "STGL": "VT", "ZIPGL": "05732", "DESCPROP": "2 COT/OB/LOT  (LOT #5); INCLUDES 23-20-0", "LOCAPROP": "", "CAT": "Seasonal-1", "RESCODE": "C", "ACRESGL": 0.53, "REAL_FLV": 358300, "HSTED_FLV": 0, "NRES_FLV": 358300, "LAND_LV": 297700, "IMPRV_LV": 60600, "EQUIPVAL": 0, "EQUIPCODE": "", "INVENVAL": 0, "HSDECL": "N", "HSITEVAL": 358300, "VETEXAMT": 0, "EXPDESC": "", "ENDDATE": "", "STATUTE": "", "EXAMT_HS": 0, "EXAMT_NR": 0, "UVREDUC_HS": 0, "UVREDUC_NR": 0, "GLVAL_HS": 0.0, "GLVAL_NR": 3583.0, "CRHOUSPCT": 0.0, "MUNGL1PCT": 3583.0, "AOEGL_HS": 0.0, "AOEGL_NR": 3583.0, "E911ADDR": "352 LITTLE RUTLAND RD", "SHAPE_Length": 0.002127195389926155, "SHAPE_Area": 2.2783754072488778e-07}, "geometry": {"type": "MultiPolygon", "coordinates": [[[[-73.21820243299999, 43.626982878000035], [-73.21862372899994, 43.62693306400007], [-73.21876138699997, 43.62696253300004], [-73.21888093199993, 43.626988125000025], [-73.21893173999996, 43.62709146600008], [-73.21898989899995, 43.62711703100007], [-73.21886110299994, 43.62718859700004], [-73.21877997499996, 43.627298186000075], [-73.21807319599998, 43.62721529400005], [-73.21820243299999, 43.626982878000035]]]]}}, {"type": "Feature", "properties": {"OBJECTID": 29293, "SPAN": "129-040-11500", "GLIST_SPAN": "129-040-11500", "MAPID": "23-20-37", "PARCID": "232000037.", "PROPTYPE": "PARCEL", "YEAR": 2023, "GLYEAR": 2022, "TOWN": "CASTLETON", "TNAME": "Castleton", "SOURCENAME": null, "SOURCETYPE": "UNKNOWN", "SOURCEDATE": "UNKNOWN", "EDITMETHOD": "UNKNOWN", "EDITOR": "UNKNOWN", "EDITDATE": "UNKNOWN", "MATCHSTAT": "MATCH", "EDITNOTE": "UNKNOWN", "OWNER1": "DICARLO THOMAS", "OWNER2": "", "ADDRGL1": "396 LITTLE RUTLAND ROAD", "ADDRGL2": "", "CITYGL": "CASTLETON", "STGL": "VT", "ZIPGL": "05735", "DESCPROP": "HSE/LOT (+23-20-39 & 23-20-45); LITTLE R", "LOCAPROP": "", "CAT": "Residential-1", "RESCODE": "T", "ACRESGL": 0.7, "REAL_FLV": 546400, "HSTED_FLV": 0, "NRES_FLV": 546400, "LAND_LV": 295800, "IMPRV_LV": 250600, "EQUIPVAL": 0, "EQUIPCODE": "", "INVENVAL": 0, "HSDECL": "N", "HSITEVAL": 546400, "VETEXAMT": 0, "EXPDESC": "", "ENDDATE": "", "STATUTE": "", "EXAMT_HS": 0, "EXAMT_NR": 0, "UVREDUC_HS": 0, "UVREDUC_NR": 0, "GLVAL_HS": 0.0, "GLVAL_NR": 5464.0, "CRHOUSPCT": 0.0, "MUNGL1PCT": 5464.0, "AOEGL_HS": 0.0, "AOEGL_NR": 5464.0, "E911ADDR": "396 LITTLE RUTLAND RD", "SHAPE_Length": 0.0033924598797249613, "SHAPE_Area": 3.099341489063618e-07}, "geometry": {"type": "MultiPolygon", "coordinates": [[[[-73.21801749799994, 43.62628983900004], [-73.21803960399996, 43.62611517000005], [-73.21860738099997, 43.62615378800007], [-73.21858316199996, 43.62631468600006], [-73.21857905699994, 43.62634195800007], [-73.21888090799996, 43.626351328000055], [-73.21934712499996, 43.62636580000003], [-73.21933273799993, 43.62641575300006], [-73.21888637799998, 43.626467270000035], [-73.21855442699996, 43.62650558300004], [-73.21846245199998, 43.626515260000076], [-73.21824614599996, 43.626538020000055], [-73.21798257799998, 43.62656575200003], [-73.21801749799994, 43.62628983900004]]]]}}, {"type": "Feature", "properties": {"OBJECTID": 29721, "SPAN": "129-040-11025", "GLIST_SPAN": "129-040-11025", "MAPID": "23-20-23", "PARCID": "232000023.", "PROPTYPE": "PARCEL", "YEAR": 2023, "GLYEAR": 2022, "TOWN": "CASTLETON", "TNAME": "Castleton", "SOURCENAME": null, "SOURCETYPE": "UNKNOWN", "SOURCEDATE": "UNKNOWN", "EDITMETHOD": "UNKNOWN", "EDITOR": "UNKNOWN", "EDITDATE": "UNKNOWN", "MATCHSTAT": "MATCH", "EDITNOTE": "UNKNOWN", "OWNER1": "HEMM PROPERTIES LLC", "OWNER2": "", "ADDRGL1": "PO BOX 607", "ADDRGL2": "", "CITYGL": "PROCTOR", "STGL": "VT", "ZIPGL": "05765", "DESCPROP": "HSE/CABINS/OB/4.40 ACRES; LITTLE RUTLAND", "LOCAPROP": "", "CAT": "Commercial Apt", "RESCODE": "C", "ACRESGL": 4.4, "REAL_FLV": 669800, "HSTED_FLV": 0, "NRES_FLV": 669800, "LAND_LV": 383600, "IMPRV_LV": 286200, "EQUIPVAL": 0, "EQUIPCODE": "", "INVENVAL": 0, "HSDECL": "N", "HSITEVAL": 0, "VETEXAMT": 0, "EXPDESC": "", "ENDDATE": "", "STATUTE": "", "EXAMT_HS": 0, "EXAMT_NR": 0, "UVREDUC_HS": 0, "UVREDUC_NR": 0, "GLVAL_HS": 0.0, "GLVAL_NR": 6698.0, "CRHOUSPCT": 0.0, "MUNGL1PCT": 6698.0, "AOEGL_HS": 0.0, "AOEGL_NR": 6698.0, "E911ADDR": "177 HEMMSTED CIR", "SHAPE_Length": 0.008199643149176483, "SHAPE_Area": 2.0090505296557403e-06}, "geometry": {"type": "MultiPolygon", "coordinates": [[[[-73.21631407399997, 43.62670335900003], [-73.21678720099999, 43.62666642800008], [-73.21677262799994, 43.62706956100004], [-73.21704161499997, 43.62744722800005], [-73.217648, 43.62761370000004], [-73.21714237499998, 43.62852296500006], [-73.21656830799998, 43.62863095200004], [-73.21590130699997, 43.62868058300006], [-73.21601779599996, 43.62821811400005], [-73.21622992299996, 43.62770869900004], [-73.21631407399997, 43.62670335900003]]], [[[-73.21728182899994, 43.62863842400003], [-73.21740352499995, 43.62841958000007], [-73.21770191199994, 43.628505586000074], [-73.21782153699996, 43.62841032800003], [-73.21787370999994, 43.62842421800008], [-73.21790719499995, 43.628371413000025], [-73.21793657199999, 43.62832530900005], [-73.21799681399995, 43.62834267300008], [-73.21795383999995, 43.628397618000065], [-73.21794163899995, 43.62841675000004], [-73.21782929799997, 43.628593831000046], [-73.21723303199997, 43.62864760300005], [-73.21728182899994, 43.62863842400003]]]]}}, {"type": "Feature", "properties": {"OBJECTID": 29766, "SPAN": "129-040-10554", "GLIST_SPAN": "129-040-10554", "MAPID": "23-20-35", "PARCID": "232000035.", "PROPTYPE": "PARCEL", "YEAR": 2023, "GLYEAR": 2022, "TOWN": "CASTLETON", "TNAME": "Castleton", "SOURCENAME": null, "SOURCETYPE": "UNKNOWN", "SOURCEDATE": "UNKNOWN", "EDITMETHOD": "UNKNOWN", "EDITOR": "UNKNOWN", "EDITDATE": "UNKNOWN", "MATCHSTAT": "MATCH", "EDITNOTE": "UNKNOWN", "OWNER1": "HEWITT DAVID", "OWNER2": "HEWITT SARAH", "ADDRGL1": "44 HEWITT STREET", "ADDRGL2": "", "CITYGL": "NORTH POMFRET", "STGL": "VT", "ZIPGL": "05053", "DESCPROP": "HSE/GAR/LOT; LITTLE RUTLAND RD", "LOCAPROP": "", "CAT": "Residential-1", "RESCODE": "S", "ACRESGL": 0.29, "REAL_FLV": 359400, "HSTED_FLV": 0, "NRES_FLV": 359400, "LAND_LV": 265700, "IMPRV_LV": 93700, "EQUIPVAL": 0, "EQUIPCODE": "", "INVENVAL": 0, "HSDECL": "N", "HSITEVAL": 359400, "VETEXAMT": 0, "EXPDESC": "", "ENDDATE": "", "STATUTE": "", "EXAMT_HS": 0, "EXAMT_NR": 0, "UVREDUC_HS": 0, "UVREDUC_NR": 0, "GLVAL_HS": 0.0, "GLVAL_NR": 3594.0, "CRHOUSPCT": 0.0, "MUNGL1PCT": 3594.0, "AOEGL_HS": 0.0, "AOEGL_NR": 3594.0, "E911ADDR": "386 LITTLE RUTLAND RD", "SHAPE_Length": 0.001979938140784924, "SHAPE_Area": 1.232480928018514e-07}, "geometry": {"type": "MultiPolygon", "coordinates": [[[[-73.21838808399997, 43.62664900600004], [-73.21846245199998, 43.626515260000076], [-73.21927798399997, 43.626605866000034], [-73.21924037299993, 43.62673645700005], [-73.21923215099997, 43.626754496000046], [-73.21838808399997, 43.62664900600004]]]]}}, {"type": "Feature", "properties": {"OBJECTID": 29804, "SPAN": "129-040-11728", "GLIST_SPAN": "129-040-11728", "MAPID": "23-20-34", "PARCID": "232000034.", "PROPTYPE": "PARCEL", "YEAR": 2023, "GLYEAR": 2022, "TOWN": "CASTLETON", "TNAME": "Castleton", "SOURCENAME": null, "SOURCETYPE": "UNKNOWN", "SOURCEDATE": "UNKNOWN", "EDITMETHOD": "UNKNOWN", "EDITOR": "UNKNOWN", "EDITDATE": "UNKNOWN", "MATCHSTAT": "MATCH", "EDITNOTE": "UNKNOWN", "OWNER1": "PEM GRAY LLC", "OWNER2": "", "ADDRGL1": "185 SPRUCE LANE", "ADDRGL2": "", "CITYGL": "DORSET", "STGL": "VT", "ZIPGL": "05251", "DESCPROP": "COT/LOT  (LOT #3); LITTLE RUTLAND", "LOCAPROP": "", "CAT": "Seasonal-1", "RESCODE": "S", "ACRESGL": 0.28, "REAL_FLV": 339100, "HSTED_FLV": 0, "NRES_FLV": 339100, "LAND_LV": 265700, "IMPRV_LV": 73400, "EQUIPVAL": 0, "EQUIPCODE": "", "INVENVAL": 0, "HSDECL": "N", "HSITEVAL": 339100, "VETEXAMT": 0, "EXPDESC": "", "ENDDATE": "", "STATUTE": "", "EXAMT_HS": 0, "EXAMT_NR": 0, "UVREDUC_HS": 0, "UVREDUC_NR": 0, "GLVAL_HS": 0.0, "GLVAL_NR": 3391.0, "CRHOUSPCT": 0.0, "MUNGL1PCT": 3391.0, "AOEGL_HS": 0.0, "AOEGL_NR": 3391.0, "E911ADDR": "370 LITTLE RUTLAND RD", "SHAPE_Length": 0.0019820890991679206, "SHAPE_Area": 1.1686106710571291e-07}, "geometry": {"type": "MultiPolygon", "coordinates": [[[[-73.21833082899997, 43.62675197300007], [-73.21838808399997, 43.62664900600004], [-73.21923215099997, 43.626754496000046], [-73.21919604199996, 43.626833711000074], [-73.21915641099997, 43.62691004200008], [-73.21833082899997, 43.62675197300007]]]]}}, {"type": "Feature", "properties": {"OBJECTID": 29913, "SPAN": "129-040-11833", "GLIST_SPAN": "129-040-11833", "MAPID": "23-20-41", "PARCID": "232000041.", "PROPTYPE": "PARCEL", "YEAR": 2023, "GLYEAR": 2022, "TOWN": "CASTLETON", "TNAME": "Castleton", "SOURCENAME": null, "SOURCETYPE": "UNKNOWN", "SOURCEDATE": "UNKNOWN", "EDITMETHOD": "UNKNOWN", "EDITOR": "UNKNOWN", "EDITDATE": "UNKNOWN", "MATCHSTAT": "MATCH", "EDITNOTE": "UNKNOWN", "OWNER1": "RASHES ALAN M", "OWNER2": "", "ADDRGL1": "PO BOX 41", "ADDRGL2": "", "CITYGL": "BOMOSEEN", "STGL": "VT", "ZIPGL": "05732", "DESCPROP": "1 COT/1HSE/LOT; LITTLE RUTLAND", "LOCAPROP": "", "CAT": "Residential-1", "RESCODE": "T", "ACRESGL": 0.29, "REAL_FLV": 476000, "HSTED_FLV": 0, "NRES_FLV": 476000, "LAND_LV": 264300, "IMPRV_LV": 211700, "EQUIPVAL": 0, "EQUIPCODE": "", "INVENVAL": 0, "HSDECL": "N", "HSITEVAL": 419800, "VETEXAMT": 0, "EXPDESC": "", "ENDDATE": "", "STATUTE": "", "EXAMT_HS": 0, "EXAMT_NR": 0, "UVREDUC_HS": 0, "UVREDUC_NR": 0, "GLVAL_HS": 0.0, "GLVAL_NR": 4760.0, "CRHOUSPCT": 0.0, "MUNGL1PCT": 4760.0, "AOEGL_HS": 0.0, "AOEGL_NR": 4760.0, "E911ADDR": "416 LITTLE RUTLAND RD", "SHAPE_Length": 0.001990078994042638, "SHAPE_Area": 1.2987026491001727e-07}, "geometry": {"type": "MultiPolygon", "coordinates": [[[[-73.21860738099997, 43.62615378800007], [-73.21862950699995, 43.625993949000076], [-73.21948520499996, 43.62604455300004], [-73.21941411499995, 43.62619220500005], [-73.21860738099997, 43.62615378800007]]]]}}, {"type": "Feature", "properties": {"OBJECTID": 30064, "SPAN": "129-040-12424", "GLIST_SPAN": "129-040-12424", "MAPID": "23-20-47", "PARCID": "232000047.", "PROPTYPE": "PARCEL", "YEAR": 2023, "GLYEAR": 2022, "TOWN": "CASTLETON", "TNAME": "Castleton", "SOURCENAME": null, "SOURCETYPE": "UNKNOWN", "SOURCEDATE": "UNKNOWN", "EDITMETHOD": "UNKNOWN", "EDITOR": "UNKNOWN", "EDITDATE": "UNKNOWN", "MATCHSTAT": "MATCH", "EDITNOTE": "UNKNOWN", "OWNER1": "KULLMAN DEAN J", "OWNER2": "KULLMAN JOHN J", "ADDRGL1": "18 LAKE SHORE DRIVE", "ADDRGL2": "", "CITYGL": "ROCKAWAY", "STGL": "NJ", "ZIPGL": "07866", "DESCPROP": "HSE/OB/LAKE ACCESS 232000038", "LOCAPROP": "", "CAT": "Residential-1", "RESCODE": "NS", "ACRESGL": 1.23, "REAL_FLV": 172900, "HSTED_FLV": 0, "NRES_FLV": 172900, "LAND_LV": 75700, "IMPRV_LV": 97200, "EQUIPVAL": 0, "EQUIPCODE": "", "INVENVAL": 0, "HSDECL": "N", "HSITEVAL": 172900, "VETEXAMT": 0, "EXPDESC": "", "ENDDATE": "", "STATUTE": "", "EXAMT_HS": 0, "EXAMT_NR": 0, "UVREDUC_HS": 0, "UVREDUC_NR": 0, "GLVAL_HS": 0.0, "GLVAL_NR": 1729.0, "CRHOUSPCT": 0.0, "MUNGL1PCT": 1729.0, "AOEGL_HS": 0.0, "AOEGL_NR": 1729.0, "E911ADDR": "371 LITTLE RUTLAND RD", "SHAPE_Length": 0.0036222142462069666, "SHAPE_Area": 5.680950576984921e-07}, "geometry": {"type": "MultiPolygon", "coordinates": [[[[-73.21798257799998, 43.62656575200003], [-73.21824614599996, 43.626538020000055], [-73.21798205399995, 43.62701295800008], [-73.21677262799994, 43.62706956100004], [-73.21678720099999, 43.62666642800008], [-73.21718474899995, 43.62663539400006], [-73.21798257799998, 43.62656575200003]]]]}}, {"type": "Feature", "properties": {"OBJECTID": 30083, "SPAN": "129-040-12446", "GLIST_SPAN": "129-040-12446", "MAPID": "23-20-48", "PARCID": "232000048.", "PROPTYPE": "PARCEL", "YEAR": 2023, "GLYEAR": 2022, "TOWN": "CASTLETON", "TNAME": "Castleton", "SOURCENAME": null, "SOURCETYPE": "UNKNOWN", "SOURCEDATE": "UNKNOWN", "EDITMETHOD": "UNKNOWN", "EDITOR": "UNKNOWN", "EDITDATE": "UNKNOWN", "MATCHSTAT": "MATCH", "EDITNOTE": "UNKNOWN", "OWNER1": "GATTA FAMILY TRUST", "OWNER2": "THOMAS S & RICHARD J GATTA TRUSTEES", "ADDRGL1": "1182 HIGHLAND PARK ROAD", "ADDRGL2": "", "CITYGL": "SCHENECTADY", "STGL": "NY", "ZIPGL": "12309", "DESCPROP": "HSE/LOT", "LOCAPROP": "", "CAT": "Residential-1", "RESCODE": "NS", "ACRESGL": 1.1, "REAL_FLV": 221600, "HSTED_FLV": 0, "NRES_FLV": 221600, "LAND_LV": 53700, "IMPRV_LV": 167900, "EQUIPVAL": 0, "EQUIPCODE": "", "INVENVAL": 0, "HSDECL": "N", "HSITEVAL": 221600, "VETEXAMT": 0, "EXPDESC": "", "ENDDATE": "", "STATUTE": "", "EXAMT_HS": 0, "EXAMT_NR": 0, "UVREDUC_HS": 0, "UVREDUC_NR": 0, "GLVAL_HS": 0.0, "GLVAL_NR": 2216.0, "CRHOUSPCT": 0.0, "MUNGL1PCT": 2216.0, "AOEGL_HS": 0.0, "AOEGL_NR": 2216.0, "E911ADDR": "136 VINCENT-EGAN RD", "SHAPE_Length": 0.0029544308876498534, "SHAPE_Area": 4.924888923376492e-07}, "geometry": {"type": "MultiPolygon", "coordinates": [[[[-73.21718474899995, 43.62663539400006], [-73.21698883999994, 43.62603195300005], [-73.21804021999998, 43.62610409300004], [-73.21803960399996, 43.62611517000005], [-73.21801749799994, 43.62628983900004], [-73.21798257799998, 43.62656575200003], [-73.21718474899995, 43.62663539400006]]]]}}, {"type": "Feature", "properties": {"OBJECTID": 30128, "SPAN": "129-040-12498", "GLIST_SPAN": "129-040-12498", "MAPID": "23-20-40.1", "PARCID": "232000040.1", "PROPTYPE": "PARCEL", "YEAR": 2023, "GLYEAR": 2022, "TOWN": "CASTLETON", "TNAME": "Castleton", "SOURCENAME": null, "SOURCETYPE": "UNKNOWN", "SOURCEDATE": "UNKNOWN", "EDITMETHOD": "UNKNOWN", "EDITOR": "UNKNOWN", "EDITDATE": "UNKNOWN", "MATCHSTAT": "MATCH", "EDITNOTE": "UNKNOWN", "OWNER1": "HEALD CHRISTOPER & KAREN", "OWNER2": "", "ADDRGL1": "1195 BLUEBERRY LAND", "ADDRGL2": "", "CITYGL": "RUTLAND", "STGL": "VT", "ZIPGL": "05701", "DESCPROP": "HOUSE & LOT; LITTLE RUTLAND ROAD", "LOCAPROP": "", "CAT": "Residential-1", "RESCODE": "S", "ACRESGL": 0.3, "REAL_FLV": 390600, "HSTED_FLV": 0, "NRES_FLV": 390600, "LAND_LV": 268000, "IMPRV_LV": 122600, "EQUIPVAL": 0, "EQUIPCODE": "", "INVENVAL": 0, "HSDECL": "N", "HSITEVAL": 390600, "VETEXAMT": 0, "EXPDESC": "", "ENDDATE": "", "STATUTE": "", "EXAMT_HS": 0, "EXAMT_NR": 0, "UVREDUC_HS": 0, "UVREDUC_NR": 0, "GLVAL_HS": 0.0, "GLVAL_NR": 3906.0, "CRHOUSPCT": 0.0, "MUNGL1PCT": 3906.0, "AOEGL_HS": 0.0, "AOEGL_NR": 3906.0, "E911ADDR": "406 LITTLE RUTLAND RD", "SHAPE_Length": 0.0019009864351603228, "SHAPE_Area": 1.2208698334830237e-07}, "geometry": {"type": "MultiPolygon", "coordinates": [[[[-73.21858316199996, 43.62631468600006], [-73.21860738099997, 43.62615378800007], [-73.21941411499995, 43.62619220500005], [-73.21937182499994, 43.62628003900005], [-73.21935494599995, 43.62633864400004], [-73.21888501199999, 43.62632405700003], [-73.21858316199996, 43.62631468600006]]]]}}, {"type": "Feature", "properties": {"OBJECTID": 30254, "SPAN": "129-040-12663", "GLIST_SPAN": "129-040-12663", "MAPID": "23-20-23.A", "PARCID": "232000023.A", "PROPTYPE": "PARCEL", "YEAR": 2023, "GLYEAR": 2022, "TOWN": "CASTLETON", "TNAME": "Castleton", "SOURCENAME": null, "SOURCETYPE": "UNKNOWN", "SOURCEDATE": "UNKNOWN", "EDITMETHOD": "UNKNOWN", "EDITOR": "UNKNOWN", "EDITDATE": "UNKNOWN", "MATCHSTAT": "MATCH", "EDITNOTE": "UNKNOWN", "OWNER1": "WEDINGER RICHARD", "OWNER2": "WEDINGER JILL", "ADDRGL1": "654 SANDY NOOK STREET", "ADDRGL2": "", "CITYGL": "SIESTA KEY", "STGL": "FL", "ZIPGL": "34242", "DESCPROP": "HSE/LAND", "LOCAPROP": "", "CAT": "Residential-1", "RESCODE": "NS", "ACRESGL": 0.12, "REAL_FLV": 418100, "HSTED_FLV": 0, "NRES_FLV": 418100, "LAND_LV": 204700, "IMPRV_LV": 213400, "EQUIPVAL": 0, "EQUIPCODE": "", "INVENVAL": 0, "HSDECL": "N", "HSITEVAL": 418100, "VETEXAMT": 0, "EXPDESC": "", "ENDDATE": "", "STATUTE": "", "EXAMT_HS": 0, "EXAMT_NR": 0, "UVREDUC_HS": 0, "UVREDUC_NR": 0, "GLVAL_HS": 0.0, "GLVAL_NR": 4181.0, "CRHOUSPCT": 0.0, "MUNGL1PCT": 4181.0, "AOEGL_HS": 0.0, "AOEGL_NR": 4181.0, "E911ADDR": "242 LITTLE RUTLAND RD", "SHAPE_Length": 0.0011764818543690612, "SHAPE_Area": 3.9999879174944516e-08}, "geometry": {"type": "MultiPolygon", "coordinates": [[[[-73.21740352499995, 43.62841958000007], [-73.21745303199998, 43.62833055100003], [-73.21775141899997, 43.628416558000026], [-73.21782884399994, 43.628349152000055], [-73.21790719499995, 43.628371413000025], [-73.21787370999994, 43.62842421800008], [-73.21782153699996, 43.62841032800003], [-73.21770191199994, 43.628505586000074], [-73.21740352499995, 43.62841958000007]]]]}}, {"type": "Feature", "properties": {"OBJECTID": 30255, "SPAN": "129-040-12664", "GLIST_SPAN": "129-040-12664", "MAPID": "23-20-23.B", "PARCID": "232000023.B", "PROPTYPE": "PARCEL", "YEAR": 2023, "GLYEAR": 2022, "TOWN": "CASTLETON", "TNAME": "Castleton", "SOURCENAME": null, "SOURCETYPE": "UNKNOWN", "SOURCEDATE": "UNKNOWN", "EDITMETHOD": "UNKNOWN", "EDITOR": "UNKNOWN", "EDITDATE": "UNKNOWN", "MATCHSTAT": "MATCH", "EDITNOTE": "UNKNOWN", "OWNER1": "GRONBECK JEFFREY M & KELLY M", "OWNER2": "", "ADDRGL1": "3037 WHITE PINE DRIVE", "ADDRGL2": "", "CITYGL": "GIBSONIA", "STGL": "PA", "ZIPGL": "15044", "DESCPROP": "HSE/LOT", "LOCAPROP": "", "CAT": "Residential-1", "RESCODE": "NS", "ACRESGL": 0.16, "REAL_FLV": 481700, "HSTED_FLV": 0, "NRES_FLV": 481700, "LAND_LV": 182600, "IMPRV_LV": 299100, "EQUIPVAL": 0, "EQUIPCODE": "", "INVENVAL": 0, "HSDECL": "N", "HSITEVAL": 481700, "VETEXAMT": 0, "EXPDESC": "", "ENDDATE": "", "STATUTE": "", "EXAMT_HS": 0, "EXAMT_NR": 0, "UVREDUC_HS": 0, "UVREDUC_NR": 0, "GLVAL_HS": 0.0, "GLVAL_NR": 4817.0, "CRHOUSPCT": 0.0, "MUNGL1PCT": 4817.0, "AOEGL_HS": 0.0, "AOEGL_NR": 4817.0, "E911ADDR": "250 LITTLE RUTLAND RD", "SHAPE_Length": 0.0011230188803706977, "SHAPE_Area": 5.095368753228984e-08}, "geometry": {"type": "MultiPolygon", "coordinates": [[[[-73.21775141899997, 43.628416558000026], [-73.21745303199998, 43.62833055100003], [-73.21752234199994, 43.628205912000055], [-73.21793657199999, 43.62832530900005], [-73.21790719499995, 43.628371413000025], [-73.21782884399994, 43.628349152000055], [-73.21775141899997, 43.628416558000026]]]]}}, {"type": "Feature", "properties": {"OBJECTID": 28551, "SPAN": "129-040-10721", "GLIST_SPAN": "129-040-10721", "MAPID": "23-20-51", "PARCID": "232000051.", "PROPTYPE": "PARCEL", "YEAR": 2023, "GLYEAR": 2022, "TOWN": "CASTLETON", "TNAME": "Castleton", "SOURCENAME": null, "SOURCETYPE": "UNKNOWN", "SOURCEDATE": "UNKNOWN", "EDITMETHOD": "UNKNOWN", "EDITOR": "UNKNOWN", "EDITDATE": "UNKNOWN", "MATCHSTAT": "MATCH", "EDITNOTE": "UNKNOWN", "OWNER1": "EDGERTON TERRI", "OWNER2": "EDGERTON MARISA", "ADDRGL1": "1243 DRAKE RD", "ADDRGL2": "", "CITYGL": "BOMOSEEN", "STGL": "VT", "ZIPGL": "05732", "DESCPROP": "HSE/GAR/LAND", "LOCAPROP": "", "CAT": "Residential-1", "RESCODE": "T", "ACRESGL": 4.1, "REAL_FLV": 148000, "HSTED_FLV": 148000, "NRES_FLV": 0, "LAND_LV": 52100, "IMPRV_LV": 95900, "EQUIPVAL": 0, "EQUIPCODE": "", "INVENVAL": 0, "HSDECL": "Y", "HSITEVAL": 141700, "VETEXAMT": 0, "EXPDESC": "", "ENDDATE": "", "STATUTE": "", "EXAMT_HS": 0, "EXAMT_NR": 0, "UVREDUC_HS": 0, "UVREDUC_NR": 0, "GLVAL_HS": 1480.0, "GLVAL_NR": 0.0, "CRHOUSPCT": 0.0, "MUNGL1PCT": 1480.0, "AOEGL_HS": 1480.0, "AOEGL_NR": 0.0, "E911ADDR": "1243 DRAKE RD", "SHAPE_Length": 0.008255290854329949, "SHAPE_Area": 2.1567525406372666e-06}, "geometry": {"type": "MultiPolygon", "coordinates": [[[[-73.21427613499998, 43.626144553000074], [-73.21602442199998, 43.62602436900005], [-73.21664377199994, 43.62602634800004], [-73.21671930199994, 43.62602658900005], [-73.21676075599999, 43.62556285900007], [-73.21683627699997, 43.62556201500007], [-73.21698883999994, 43.62603195300005], [-73.21718474899995, 43.62663539400006], [-73.21678720099999, 43.62666642800008], [-73.21631407399997, 43.62670335900003], [-73.21542789699998, 43.62677252700007], [-73.21389535699996, 43.626892130000044], [-73.21427613499998, 43.626144553000074]]]]}}, {"type": "Feature", "properties": {"OBJECTID": 28649, "SPAN": "129-040-10781", "GLIST_SPAN": "129-040-10781", "MAPID": "23-20-53", "PARCID": "232000053.", "PROPTYPE": "PARCEL", "YEAR": 2023, "GLYEAR": 2022, "TOWN": "CASTLETON", "TNAME": "Castleton", "SOURCENAME": null, "SOURCETYPE": "UNKNOWN", "SOURCEDATE": "UNKNOWN", "EDITMETHOD": "UNKNOWN", "EDITOR": "UNKNOWN", "EDITDATE": "UNKNOWN", "MATCHSTAT": "MATCH", "EDITNOTE": "UNKNOWN", "OWNER1": "FENTON DAVID M", "OWNER2": "", "ADDRGL1": "1295 DRAKE RD", "ADDRGL2": "", "CITYGL": "BOMOSEEN", "STGL": "VT", "ZIPGL": "05732", "DESCPROP": "HSE/GAR/1.7 ACRES; DRAKE RD", "LOCAPROP": "", "CAT": "Residential-1", "RESCODE": "T", "ACRESGL": 1.7, "REAL_FLV": 179600, "HSTED_FLV": 179600, "NRES_FLV": 0, "LAND_LV": 44900, "IMPRV_LV": 134700, "EQUIPVAL": 0, "EQUIPCODE": "", "INVENVAL": 0, "HSDECL": "Y", "HSITEVAL": 179600, "VETEXAMT": 0, "EXPDESC": "", "ENDDATE": "", "STATUTE": "", "EXAMT_HS": 0, "EXAMT_NR": 0, "UVREDUC_HS": 0, "UVREDUC_NR": 0, "GLVAL_HS": 1796.0, "GLVAL_NR": 0.0, "CRHOUSPCT": 0.0, "MUNGL1PCT": 1796.0, "AOEGL_HS": 1796.0, "AOEGL_NR": 0.0, "E911ADDR": "1295 DRAKE RD", "SHAPE_Length": 0.003936055119113156, "SHAPE_Area": 6.806583460576864e-07}, "geometry": {"type": "MultiPolygon", "coordinates": [[[[-73.21346004199995, 43.62667881500005], [-73.21401087699996, 43.62563179700004], [-73.21452702499994, 43.62567382700007], [-73.21427613499998, 43.626144553000074], [-73.21389535699996, 43.626892130000044], [-73.21332525399998, 43.626936615000034], [-73.21346004199995, 43.62667881500005]]]]}}, {"type": "Feature", "properties": {"OBJECTID": 28672, "SPAN": "129-040-10217", "GLIST_SPAN": "129-040-10217", "MAPID": "23-21-11", "PARCID": "232100011.", "PROPTYPE": "PARCEL", "YEAR": 2023, "GLYEAR": 2022, "TOWN": "CASTLETON", "TNAME": "Castleton", "SOURCENAME": null, "SOURCETYPE": "UNKNOWN", "SOURCEDATE": "UNKNOWN", "EDITMETHOD": "UNKNOWN", "EDITOR": "UNKNOWN", "EDITDATE": "UNKNOWN", "MATCHSTAT": "MATCH", "EDITNOTE": "UNKNOWN", "OWNER1": "CHURCHILL-BOUTWELL ANDREA L", "OWNER2": "BOUTWELL TODD", "ADDRGL1": "1500 DRAKE ROAD", "ADDRGL2": "", "CITYGL": "BOMOSEEN", "STGL": "VT", "ZIPGL": "05732", "DESCPROP": "MH/10.11 ACRES; DRAKE RD", "LOCAPROP": "", "CAT": "Mobile Home/la", "RESCODE": "T", "ACRESGL": 10.11, "REAL_FLV": 124400, "HSTED_FLV": 0, "NRES_FLV": 124400, "LAND_LV": 62600, "IMPRV_LV": 61800, "EQUIPVAL": 0, "EQUIPCODE": "", "INVENVAL": 0, "HSDECL": "N", "HSITEVAL": 108700, "VETEXAMT": 0, "EXPDESC": "", "ENDDATE": "", "STATUTE": "", "EXAMT_HS": 0, "EXAMT_NR": 0, "UVREDUC_HS": 0, "UVREDUC_NR": 0, "GLVAL_HS": 0.0, "GLVAL_NR": 1244.0, "CRHOUSPCT": 0.0, "MUNGL1PCT": 1244.0, "AOEGL_HS": 0.0, "AOEGL_NR": 1244.0, "E911ADDR": "1372 DRAKE RD", "SHAPE_Length": 0.008913783759046908, "SHAPE_Area": 4.46297934787709e-06}, "geometry": {"type": "MultiPolygon", "coordinates": [[[[-73.20986647299998, 43.62752376600008], [-73.21289091499995, 43.627381005000075], [-73.21282023399993, 43.62751619000005], [-73.21270703699997, 43.62776332000004], [-73.21263490999996, 43.627956631000075], [-73.21256810199998, 43.62819891500004], [-73.21253294899998, 43.62837434100004], [-73.21250511699998, 43.62882809600006], [-73.21249777999998, 43.62906569300003], [-73.21163090299996, 43.62913707200005], [-73.21012981299998, 43.62926065600004], [-73.20986647299998, 43.62752376600008]]]]}}, {"type": "Feature", "properties": {"OBJECTID": 28676, "SPAN": "129-040-10219", "GLIST_SPAN": "129-040-10219", "MAPID": "23-20-14", "PARCID": "232000014.", "PROPTYPE": "PARCEL", "YEAR": 2023, "GLYEAR": 2022, "TOWN": "CASTLETON", "TNAME": "Castleton", "SOURCENAME": null, "SOURCETYPE": "UNKNOWN", "SOURCEDATE": "UNKNOWN", "EDITMETHOD": "UNKNOWN", "EDITOR": "UNKNOWN", "EDITDATE": "UNKNOWN", "MATCHSTAT": "MATCH", "EDITNOTE": "UNKNOWN", "OWNER1": "BOUTWELL MICHELE", "OWNER2": "SHELDRICK BRIDGET B", "ADDRGL1": "PO BOX 461", "ADDRGL2": "", "CITYGL": "BOMOSEEN", "STGL": "VT", "ZIPGL": "05732", "DESCPROP": "HSE/GAR/OB/10.004 ACRES; LITTLE RUTLAND", "LOCAPROP": "", "CAT": "Residential-2", "RESCODE": "T", "ACRESGL": 10.0, "REAL_FLV": 223600, "HSTED_FLV": 223600, "NRES_FLV": 0, "LAND_LV": 67500, "IMPRV_LV": 156100, "EQUIPVAL": 0, "EQUIPCODE": "", "INVENVAL": 0, "HSDECL": "Y", "HSITEVAL": 208000, "VETEXAMT": 0, "EXPDESC": "", "ENDDATE": "", "STATUTE": "", "EXAMT_HS": 0, "EXAMT_NR": 0, "UVREDUC_HS": 0, "UVREDUC_NR": 0, "GLVAL_HS": 2236.0, "GLVAL_NR": 0.0, "CRHOUSPCT": 0.0, "MUNGL1PCT": 2236.0, "AOEGL_HS": 2236.0, "AOEGL_NR": 0.0, "E911ADDR": "121 LITTLE RUTLAND RD", "SHAPE_Length": 0.010419411754564331, "SHAPE_Area": 4.53297465023108e-06}, "geometry": {"type": "MultiPolygon", "coordinates": [[[[-73.21389535699996, 43.626892130000044], [-73.21542789699998, 43.62677252700007], [-73.21552714599994, 43.62765800200003], [-73.21622992299996, 43.62770869900004], [-73.21601779599996, 43.62821811400005], [-73.21590130699997, 43.62868058300006], [-73.21575599399995, 43.62869139600008], [-73.21470025899998, 43.628769945000045], [-73.21406282099997, 43.62881736600008], [-73.21450502099998, 43.628225189000034], [-73.21276670199995, 43.62817710100006], [-73.21281882299996, 43.627988076000065], [-73.21288789799996, 43.62780294500004], [-73.21299816399994, 43.62756221300003], [-73.21332525399998, 43.626936615000034], [-73.21389535699996, 43.626892130000044]]]]}}, {"type": "Feature", "properties": {"OBJECTID": 29247, "SPAN": "129-040-10307", "GLIST_SPAN": "129-040-10307", "MAPID": "23-20-14.1", "PARCID": "232000014.1", "PROPTYPE": "PARCEL", "YEAR": 2023, "GLYEAR": 2022, "TOWN": "CASTLETON", "TNAME": "Castleton", "SOURCENAME": null, "SOURCETYPE": "UNKNOWN", "SOURCEDATE": "UNKNOWN", "EDITMETHOD": "UNKNOWN", "EDITOR": "UNKNOWN", "EDITDATE": "UNKNOWN", "MATCHSTAT": "MATCH", "EDITNOTE": "UNKNOWN", "OWNER1": "SILVA JODI L", "OWNER2": "SILVA ROBERT J", "ADDRGL1": "PO BOX 505", "ADDRGL2": "", "CITYGL": "BOMOSEEN", "STGL": "VT", "ZIPGL": "05732", "DESCPROP": "2 HSE/LOT", "LOCAPROP": "", "CAT": "Residential-1", "RESCODE": "T", "ACRESGL": 1.67, "REAL_FLV": 207600, "HSTED_FLV": 207600, "NRES_FLV": 0, "LAND_LV": 52000, "IMPRV_LV": 155600, "EQUIPVAL": 0, "EQUIPCODE": "", "INVENVAL": 0, "HSDECL": "Y", "HSITEVAL": 207600, "VETEXAMT": 0, "EXPDESC": "", "ENDDATE": "", "STATUTE": "", "EXAMT_HS": 0, "EXAMT_NR": 0, "UVREDUC_HS": 0, "UVREDUC_NR": 0, "GLVAL_HS": 2076.0, "GLVAL_NR": 0.0, "CRHOUSPCT": 0.0, "MUNGL1PCT": 2076.0, "AOEGL_HS": 2076.0, "AOEGL_NR": 0.0, "E911ADDR": "77 HEMMSTED CIR", "SHAPE_Length": 0.0034933510482796446, "SHAPE_Area": 7.511742331534513e-07}, "geometry": {"type": "MultiPolygon", "coordinates": [[[[-73.21542789699998, 43.62677252700007], [-73.21631407399997, 43.62670335900003], [-73.21622992299996, 43.62770869900004], [-73.21552714599994, 43.62765800200003], [-73.21542789699998, 43.62677252700007]]]]}}, {"type": "Feature", "properties": {"OBJECTID": 30210, "SPAN": "129-040-12599", "GLIST_SPAN": "129-040-12599", "MAPID": "23-20-14.2", "PARCID": "232000014.2", "PROPTYPE": "PARCEL", "YEAR": 2023, "GLYEAR": 2022, "TOWN": "CASTLETON", "TNAME": "Castleton", "SOURCENAME": null, "SOURCETYPE": "UNKNOWN", "SOURCEDATE": "UNKNOWN", "EDITMETHOD": "UNKNOWN", "EDITOR": "UNKNOWN", "EDITDATE": "UNKNOWN", "MATCHSTAT": "MATCH", "EDITNOTE": "UNKNOWN", "OWNER1": "SHELDRICK BRIDGET", "OWNER2": "", "ADDRGL1": "PO BOX 57", "ADDRGL2": "", "CITYGL": "WELLS", "STGL": "VT", "ZIPGL": "05774", "DESCPROP": "VACANT LOT/2.28 ACRES; LITTLE RUTLAND RD", "LOCAPROP": "", "CAT": "Miscellaneous", "RESCODE": "S", "ACRESGL": 2.28, "REAL_FLV": 43800, "HSTED_FLV": 0, "NRES_FLV": 43800, "LAND_LV": 43800, "IMPRV_LV": 0, "EQUIPVAL": 0, "EQUIPCODE": "", "INVENVAL": 0, "HSDECL": "N", "HSITEVAL": 0, "VETEXAMT": 0, "EXPDESC": "", "ENDDATE": "", "STATUTE": "", "EXAMT_HS": 0, "EXAMT_NR": 0, "UVREDUC_HS": 0, "UVREDUC_NR": 0, "GLVAL_HS": 0.0, "GLVAL_NR": 438.0, "CRHOUSPCT": 0.0, "MUNGL1PCT": 438.0, "AOEGL_HS": 0.0, "AOEGL_NR": 438.0, "E911ADDR": "LITTLE RUTLAND RD", "SHAPE_Length": 0.004601943932416346, "SHAPE_Area": 1.0405079165024605e-06}, "geometry": {"type": "MultiPolygon", "coordinates": [[[[-73.21275424499999, 43.628222280000045], [-73.21276670199995, 43.62817710100006], [-73.21450502099998, 43.628225189000034], [-73.21406282099997, 43.62881736600008], [-73.21351302299996, 43.628858265000076], [-73.21269117199995, 43.62891969200007], [-73.21269385899996, 43.628832687000056], [-73.21272117499996, 43.62838730400006], [-73.21275424499999, 43.628222280000045]]]]}}, {"type": "Feature", "properties": {"OBJECTID": 55977, "SPAN": "216-070-10049", "GLIST_SPAN": "216-070-10049", "MAPID": "04-01-34", "PARCID": "040134.", "PROPTYPE": "PARCEL", "YEAR": 2023, "GLYEAR": 2022, "TOWN": "FAIR HAVEN", "TNAME": "Fair Haven", "SOURCENAME": null, "SOURCETYPE": "UNKNOWN", "SOURCEDATE": "UNKNOWN", "EDITMETHOD": "UNKNOWN", "EDITOR": "UNKNOWN", "EDITDATE": "UNKNOWN", "MATCHSTAT": "MATCH", "EDITNOTE": "UNKNOWN", "OWNER1": "JOHNSON CHRISTOPHER", "OWNER2": "RODRIGUEZ MICHELLE M", "ADDRGL1": "1675 SCOTCH HILL RD", "ADDRGL2": "", "CITYGL": "FAIR HAVEN", "STGL": "VT", "ZIPGL": "05743", "DESCPROP": "LAND & DWL", "LOCAPROP": "", "CAT": "Residential-1", "RESCODE": "T", "ACRESGL": 2.7, "REAL_FLV": 205000, "HSTED_FLV": 0, "NRES_FLV": 205000, "LAND_LV": 67700, "IMPRV_LV": 137300, "EQUIPVAL": 0, "EQUIPCODE": "", "INVENVAL": 0, "HSDECL": "Y", "HSITEVAL": 0, "VETEXAMT": 0, "EXPDESC": "", "ENDDATE": "", "STATUTE": "", "EXAMT_HS": 0, "EXAMT_NR": 0, "UVREDUC_HS": 0, "UVREDUC_NR": 0, "GLVAL_HS": 0.0, "GLVAL_NR": 2050.0, "CRHOUSPCT": 0.0, "MUNGL1PCT": 2050.0, "AOEGL_HS": 0.0, "AOEGL_NR": 2050.0, "E911ADDR": "1675 SCOTCH HILL RD.", "SHAPE_Length": 0.005894327241122806, "SHAPE_Area": 1.2676240833796016e-06}, "geometry": {"type": "MultiPolygon", "coordinates": [[[[-73.24932668699995, 43.628547628000035], [-73.24954551999997, 43.62816503300007], [-73.25176129699997, 43.62883370900005], [-73.25176759799996, 43.62883561000007], [-73.25175076399995, 43.62888045600005], [-73.25167278499998, 43.62899948200004], [-73.25158925999995, 43.62911650600006], [-73.25150028499996, 43.629231391000076], [-73.25140596399996, 43.62934400300003], [-73.25071915699993, 43.629181155000026], [-73.24993475199994, 43.628900386000055], [-73.25006742499994, 43.62875224000004], [-73.24932668699995, 43.628547628000035]]]]}}, {"type": "Feature", "properties": {"OBJECTID": 56099, "SPAN": "216-070-10188", "GLIST_SPAN": "216-070-10188", "MAPID": "04-01-35", "PARCID": "040135.", "PROPTYPE": "PARCEL", "YEAR": 2023, "GLYEAR": 2022, "TOWN": "FAIR HAVEN", "TNAME": "Fair Haven", "SOURCENAME": null, "SOURCETYPE": "UNKNOWN", "SOURCEDATE": "UNKNOWN", "EDITMETHOD": "UNKNOWN", "EDITOR": "UNKNOWN", "EDITDATE": "UNKNOWN", "MATCHSTAT": "MATCH", "EDITNOTE": "UNKNOWN", "OWNER1": "CAMARA DAVID C", "OWNER2": "", "ADDRGL1": "PO BOX 8", "ADDRGL2": "", "CITYGL": "FAIR HAVEN", "STGL": "VT", "ZIPGL": "05743", "DESCPROP": "LAND & DWL", "LOCAPROP": "", "CAT": "Residential-2", "RESCODE": "T", "ACRESGL": 132.16, "REAL_FLV": 428500, "HSTED_FLV": 428500, "NRES_FLV": 0, "LAND_LV": 164300, "IMPRV_LV": 264200, "EQUIPVAL": 0, "EQUIPCODE": "", "INVENVAL": 0, "HSDECL": "Y", "HSITEVAL": 336200, "VETEXAMT": 0, "EXPDESC": "", "ENDDATE": "", "STATUTE": "", "EXAMT_HS": 0, "EXAMT_NR": 0, "UVREDUC_HS": 0, "UVREDUC_NR": 0, "GLVAL_HS": 4285.0, "GLVAL_NR": 0.0, "CRHOUSPCT": 0.0, "MUNGL1PCT": 4285.0, "AOEGL_HS": 4285.0, "AOEGL_NR": 0.0, "E911ADDR": "1771 SCOTCH HILL RD.", "SHAPE_Length": 0.03645865305078514, "SHAPE_Area": 5.4791818712181435e-05}, "geometry": {"type": "MultiPolygon", "coordinates": [[[[-73.24044243899993, 43.63212180600004], [-73.24086710899996, 43.625050687000055], [-73.24131610299997, 43.625194889000056], [-73.24400777699998, 43.62518659700004], [-73.24496673699997, 43.62494435800005], [-73.24601343599994, 43.62497431000003], [-73.24680404499998, 43.625107066000055], [-73.24735449399998, 43.62526590600004], [-73.24786192199997, 43.62535759700006], [-73.24829865699996, 43.62542024000004], [-73.24831586699997, 43.62542012800003], [-73.24873638099996, 43.62547270600004], [-73.24923539799994, 43.62562946300005], [-73.24822065099994, 43.627284821000046], [-73.24821506799998, 43.62730632800003], [-73.24820864199995, 43.62730544800007], [-73.24777178999994, 43.62805581300006], [-73.24916543999996, 43.62850308600008], [-73.24932668699995, 43.628547628000035], [-73.25006742499994, 43.62875224000004], [-73.24993475199994, 43.628900386000055], [-73.25071915699993, 43.629181155000026], [-73.25140596399996, 43.62934400300003], [-73.25128930999995, 43.62948194100005], [-73.25067988799998, 43.63023631600004], [-73.25026611699997, 43.63075630800006], [-73.24981393099995, 43.63130769700007], [-73.24973092999994, 43.63141299100005], [-73.24965297399996, 43.631520300000034], [-73.24958015399994, 43.63162949600007], [-73.24868912999995, 43.631380249000074], [-73.24717777599994, 43.631043197000054], [-73.24392327599998, 43.630317321000064], [-73.24320663499998, 43.63257495400006], [-73.24044243899993, 43.63212180600004]]]]}}, {"type": "Feature", "properties": {"OBJECTID": 54316, "SPAN": "216-070-11352", "GLIST_SPAN": "216-070-11352", "MAPID": "05-01-10.22", "PARCID": "050110.22", "PROPTYPE": "PARCEL", "YEAR": 2023, "GLYEAR": 2022, "TOWN": "FAIR HAVEN", "TNAME": "Fair Haven", "SOURCENAME": null, "SOURCETYPE": "UNKNOWN", "SOURCEDATE": "UNKNOWN", "EDITMETHOD": "UNKNOWN", "EDITOR": "UNKNOWN", "EDITDATE": "UNKNOWN", "MATCHSTAT": "MATCH", "EDITNOTE": "UNKNOWN", "OWNER1": "CAMARA SHAWN", "OWNER2": "", "ADDRGL1": "PO BOX 8", "ADDRGL2": "", "CITYGL": "FAIR HAVEN", "STGL": "VT", "ZIPGL": "05743", "DESCPROP": "LAND", "LOCAPROP": "", "CAT": "Miscellaneous", "RESCODE": "S", "ACRESGL": 10.0, "REAL_FLV": 34700, "HSTED_FLV": 0, "NRES_FLV": 34700, "LAND_LV": 34700, "IMPRV_LV": 0, "EQUIPVAL": 0, "EQUIPCODE": "", "INVENVAL": 0, "HSDECL": "N", "HSITEVAL": 0, "VETEXAMT": 0, "EXPDESC": "", "ENDDATE": "", "STATUTE": "", "EXAMT_HS": 0, "EXAMT_NR": 0, "UVREDUC_HS": 0, "UVREDUC_NR": 0, "GLVAL_HS": 0.0, "GLVAL_NR": 347.0, "CRHOUSPCT": 0.0, "MUNGL1PCT": 347.0, "AOEGL_HS": 0.0, "AOEGL_NR": 347.0, "E911ADDR": "SCOTCH HILL E/S", "SHAPE_Length": 0.008016890298579197, "SHAPE_Area": 3.5406590751664074e-06}, "geometry": {"type": "MultiPolygon", "coordinates": [[[[-73.24636715699995, 43.632489227000065], [-73.24717777599994, 43.631043197000054], [-73.24868912999995, 43.631380249000074], [-73.24958015399994, 43.63162949600007], [-73.24953136799996, 43.63170851900003], [-73.24948527299995, 43.631788389000064], [-73.24944189599995, 43.63186905800006], [-73.24921500599999, 43.63228853000004], [-73.24896180099995, 43.63274771600004], [-73.24636715699995, 43.632489227000065]]]]}}, {"type": "Feature", "properties": {"OBJECTID": 185774, "SPAN": null, "GLIST_SPAN": null, "MAPID": "05-01-10.21", "PARCID": null, "PROPTYPE": "PARCEL", "YEAR": 2023, "GLYEAR": null, "TOWN": "FAIR HAVEN", "TNAME": null, "SOURCENAME": null, "SOURCETYPE": "UNKNOWN", "SOURCEDATE": "UNKNOWN", "EDITMETHOD": "UNKNOWN", "EDITOR": "UNKNOWN", "EDITDATE": "UNKNOWN", "MATCHSTAT": "UNMATCHED", "EDITNOTE": "UNKNOWN", "OWNER1": null, "OWNER2": null, "ADDRGL1": null, "ADDRGL2": null, "CITYGL": null, "STGL": null, "ZIPGL": null, "DESCPROP": null, "LOCAPROP": null, "CAT": null, "RESCODE": null, "ACRESGL": null, "REAL_FLV": null, "HSTED_FLV": null, "NRES_FLV": null, "LAND_LV": null, "IMPRV_LV": null, "EQUIPVAL": null, "EQUIPCODE": null, "INVENVAL": null, "HSDECL": null, "HSITEVAL": null, "VETEXAMT": null, "EXPDESC": null, "ENDDATE": null, "STATUTE": null, "EXAMT_HS": null, "EXAMT_NR": null, "UVREDUC_HS": null, "UVREDUC_NR": null, "GLVAL_HS": null, "GLVAL_NR": null, "CRHOUSPCT": null, "MUNGL1PCT": null, "AOEGL_HS": null, "AOEGL_NR": null, "E911ADDR": null, "SHAPE_Length": 0.02376164449147241, "SHAPE_Area": 1.8650270734192158e-05}, "geometry": {"type": "MultiPolygon", "coordinates": [[[[-73.24037092799995, 43.63335475300005], [-73.24044243899993, 43.63212180600004], [-73.24320663499998, 43.63257495400006], [-73.24392327599998, 43.630317321000064], [-73.24717777599994, 43.631043197000054], [-73.24636715699995, 43.632489227000065], [-73.24896180099995, 43.63274771600004], [-73.24889312099998, 43.63286931400006], [-73.24835503199995, 43.63382151800005], [-73.24817856199996, 43.634118459000035], [-73.24807324499994, 43.634287689000075], [-73.24796004999996, 43.63445421400007], [-73.24783911099996, 43.63461784200007], [-73.24037092799995, 43.63335475300005]]]]}}, {"type": "Feature", "properties": {"OBJECTID": 29405, "SPAN": "129-040-10897", "GLIST_SPAN": "129-040-10897", "MAPID": "04-01-10", "PARCID": "040100010.", "PROPTYPE": "PARCEL", "YEAR": 2023, "GLYEAR": 2022, "TOWN": "CASTLETON", "TNAME": "Castleton", "SOURCENAME": null, "SOURCETYPE": "UNKNOWN", "SOURCEDATE": "UNKNOWN", "EDITMETHOD": "UNKNOWN", "EDITOR": "UNKNOWN", "EDITDATE": "UNKNOWN", "MATCHSTAT": "MATCH", "EDITNOTE": "UNKNOWN", "OWNER1": "GLEASON FRANK ESTATE", "OWNER2": "ATTN GLEASON RICHARD", "ADDRGL1": "544 FERNCLIFF RD", "ADDRGL2": "", "CITYGL": "LITTLETON", "STGL": "NC", "ZIPGL": "27850", "DESCPROP": "VACANT LOT 9.50 ACRES; COON HILL RD", "LOCAPROP": "", "CAT": "Miscellaneous", "RESCODE": "NS", "ACRESGL": 9.5, "REAL_FLV": 29200, "HSTED_FLV": 0, "NRES_FLV": 29200, "LAND_LV": 29200, "IMPRV_LV": 0, "EQUIPVAL": 0, "EQUIPCODE": "", "INVENVAL": 0, "HSDECL": "N", "HSITEVAL": 0, "VETEXAMT": 0, "EXPDESC": "", "ENDDATE": "", "STATUTE": "", "EXAMT_HS": 0, "EXAMT_NR": 0, "UVREDUC_HS": 0, "UVREDUC_NR": 0, "GLVAL_HS": 0.0, "GLVAL_NR": 292.0, "CRHOUSPCT": 0.0, "MUNGL1PCT": 292.0, "AOEGL_HS": 0.0, "AOEGL_NR": 292.0, "E911ADDR": "COON HILL RD", "SHAPE_Length": 0.010364773945975484, "SHAPE_Area": 3.022086796271751e-06}, "geometry": {"type": "MultiPolygon", "coordinates": [[[[-73.23822600199998, 43.63095339300003], [-73.23864885499995, 43.63002529700003], [-73.23934531699996, 43.62991799300005], [-73.23912133499994, 43.63046353500005], [-73.23989825999996, 43.63048081100004], [-73.24010897799997, 43.628855273000056], [-73.24073620599995, 43.62874831100004], [-73.24051970599999, 43.63123578200003], [-73.23982305899995, 43.63120309000004], [-73.23819698699998, 43.63112676900005], [-73.23822600199998, 43.63095339300003]]]]}}, {"type": "Feature", "properties": {"OBJECTID": 29407, "SPAN": "129-040-11561", "GLIST_SPAN": "129-040-11561", "MAPID": "04-01-11", "PARCID": "040100011.", "PROPTYPE": "PARCEL", "YEAR": 2023, "GLYEAR": 2022, "TOWN": "CASTLETON", "TNAME": "Castleton", "SOURCENAME": null, "SOURCETYPE": "UNKNOWN", "SOURCEDATE": "UNKNOWN", "EDITMETHOD": "UNKNOWN", "EDITOR": "UNKNOWN", "EDITDATE": "UNKNOWN", "MATCHSTAT": "MATCH", "EDITNOTE": "UNKNOWN", "OWNER1": "MORIARITY FLYNN LYDIA", "OWNER2": "", "ADDRGL1": "991 PROSPECT HILL RD", "ADDRGL2": "", "CITYGL": "RUTLAND", "STGL": "VT", "ZIPGL": "05701", "DESCPROP": "VACANT LOT; COON HILL RD", "LOCAPROP": "", "CAT": "Miscellaneous", "RESCODE": "NS", "ACRESGL": 4.3, "REAL_FLV": 9700, "HSTED_FLV": 0, "NRES_FLV": 9700, "LAND_LV": 9700, "IMPRV_LV": 0, "EQUIPVAL": 0, "EQUIPCODE": "", "INVENVAL": 0, "HSDECL": "N", "HSITEVAL": 0, "VETEXAMT": 0, "EXPDESC": "", "ENDDATE": "", "STATUTE": "", "EXAMT_HS": 0, "EXAMT_NR": 0, "UVREDUC_HS": 0, "UVREDUC_NR": 0, "GLVAL_HS": 0.0, "GLVAL_NR": 97.0, "CRHOUSPCT": 0.0, "MUNGL1PCT": 97.0, "AOEGL_HS": 0.0, "AOEGL_NR": 97.0, "E911ADDR": "COON HILL RD", "SHAPE_Length": 0.00877767528125741, "SHAPE_Area": 2.4979885361553344e-06}, "geometry": {"type": "MultiPolygon", "coordinates": [[[[-73.23912133499994, 43.63046353500005], [-73.23934531699996, 43.62991799300005], [-73.23864885499995, 43.63002529700003], [-73.23866462999996, 43.629990673000066], [-73.23876400099994, 43.62966037900003], [-73.23877872099996, 43.62948826000007], [-73.23865972399994, 43.62928157600004], [-73.23810991099998, 43.62883553000006], [-73.23801391399996, 43.62857539000004], [-73.23813029699994, 43.627856347000034], [-73.23814546199998, 43.62775658900006], [-73.23822439599996, 43.62786232600007], [-73.23850019799994, 43.62823177700005], [-73.23887821699998, 43.62863411300003], [-73.23914211299996, 43.62880294800004], [-73.23955733799994, 43.628949342000055], [-73.24010897799997, 43.628855273000056], [-73.23989825999996, 43.63048081100004], [-73.23912133499994, 43.63046353500005]]]]}}, {"type": "Feature", "properties": {"OBJECTID": 29220, "SPAN": "129-040-12335", "GLIST_SPAN": "129-040-12335", "MAPID": "04-01-09", "PARCID": "040100009.", "PROPTYPE": "PARCEL", "YEAR": 2023, "GLYEAR": 2022, "TOWN": "CASTLETON", "TNAME": "Castleton", "SOURCENAME": null, "SOURCETYPE": "UNKNOWN", "SOURCEDATE": "UNKNOWN", "EDITMETHOD": "UNKNOWN", "EDITOR": "UNKNOWN", "EDITDATE": "UNKNOWN", "MATCHSTAT": "MATCH", "EDITNOTE": "UNKNOWN", "OWNER1": "VERMONT STATE DEPARTMENT OF", "OWNER2": "FISH AND WILDLIFE", "ADDRGL1": "103 S MAIN ST", "ADDRGL2": "", "CITYGL": "WATERBURY", "STGL": "VT", "ZIPGL": "05671", "DESCPROP": "68.70 ACRES (ED KEHOE FISH ACCESS); POIN", "LOCAPROP": "", "CAT": "Commercial", "RESCODE": "C", "ACRESGL": 68.7, "REAL_FLV": 616500, "HSTED_FLV": 0, "NRES_FLV": 616500, "LAND_LV": 616500, "IMPRV_LV": 0, "EQUIPVAL": 0, "EQUIPCODE": "", "INVENVAL": 0, "HSDECL": "N", "HSITEVAL": 0, "VETEXAMT": 0, "EXPDESC": "", "ENDDATE": "", "STATUTE": "", "EXAMT_HS": 0, "EXAMT_NR": 0, "UVREDUC_HS": 0, "UVREDUC_NR": 0, "GLVAL_HS": 0.0, "GLVAL_NR": 0.0, "CRHOUSPCT": 0.0, "MUNGL1PCT": 0.0, "AOEGL_HS": 0.0, "AOEGL_NR": 0.0, "E911ADDR": "POINT OF PINES RD", "SHAPE_Length": 0.02736858251918199, "SHAPE_Area": 3.0455465595604286e-05}, "geometry": {"type": "MultiPolygon", "coordinates": [[[[-73.23287315099998, 43.63421700400005], [-73.23278709099998, 43.63382138500003], [-73.23214991599997, 43.633902687000045], [-73.23213901699995, 43.633798994000074], [-73.23212061999999, 43.63369446100006], [-73.23209826799996, 43.63360646700005], [-73.23204471399998, 43.633454097000026], [-73.23198018099998, 43.63328755200007], [-73.23195710699997, 43.63318994300005], [-73.23194003599997, 43.63308549000004], [-73.23193081699998, 43.63298911600003], [-73.23193273699997, 43.632927634000055], [-73.23193937299999, 43.63277698200005], [-73.23195575399996, 43.63264536300005], [-73.23199894399994, 43.63241177500004], [-73.23208609799997, 43.63212190300004], [-73.23217145099994, 43.63193576300006], [-73.23222392399998, 43.631848373000025], [-73.23228897599995, 43.63176832700003], [-73.23237442199996, 43.63168381700007], [-73.23251066799997, 43.63157434900006], [-73.23269100599998, 43.63146753900003], [-73.23293713599998, 43.63132457700004], [-73.23307585399994, 43.631226929000036], [-73.23316705099995, 43.63115590000007], [-73.23326218199998, 43.63106334300005], [-73.23333425899995, 43.63096846800005], [-73.23346745599997, 43.63075140400008], [-73.23353986399997, 43.63061068400003], [-73.23372818599995, 43.63017160800007], [-73.233765, 43.63004190200007], [-73.23380490499994, 43.62987191500008], [-73.23381937199997, 43.62971443300006], [-73.23381255999993, 43.62957233000003], [-73.23377986399998, 43.629416323000044], [-73.23373086099997, 43.629273805000025], [-73.23529673699994, 43.62871346600008], [-73.23804453099996, 43.627621386000044], [-73.23807333599996, 43.62765997100007], [-73.23814546199998, 43.62775658900006], [-73.23813029699994, 43.627856347000034], [-73.23801391399996, 43.62857539000004], [-73.23810991099998, 43.62883553000006], [-73.23865972399994, 43.62928157600004], [-73.23877872099996, 43.62948826000007], [-73.23876400099994, 43.62966037900003], [-73.23866462999996, 43.629990673000066], [-73.23864885499995, 43.63002529700003], [-73.23822600199998, 43.63095339300003], [-73.23819698699998, 43.63112676900005], [-73.23799929599994, 43.63230798600006], [-73.23789240199994, 43.63257088600005], [-73.23712565899996, 43.633929385000044], [-73.23701264499994, 43.634081742000035], [-73.23533338399994, 43.63434814800007], [-73.23298279199997, 43.63472101200006], [-73.23287315099998, 43.63421700400005]]], [[[-73.23221171599994, 43.631557315000066], [-73.23238020499997, 43.63147463100006], [-73.23222789599998, 43.63159700400007], [-73.23213116299996, 43.631692678000036], [-73.23205543599994, 43.631785860000036], [-73.23199496199999, 43.63188657400008], [-73.23190374799998, 43.63208549600006], [-73.23181280199998, 43.63238797500003], [-73.23176804099995, 43.632630052000025], [-73.23175079599997, 43.63276860800005], [-73.23174395699994, 43.632923885000025], [-73.23174181999997, 43.632992321000074], [-73.23175195999994, 43.633098336000046], [-73.23177015099998, 43.63320964600007], [-73.23179572199996, 43.63331782000006], [-73.23186229999999, 43.633489646000044], [-73.23173401599996, 43.633212951000075], [-73.23169923899997, 43.632987838000076], [-73.23170291199995, 43.63283449700003], [-73.23175206299999, 43.63254776500003], [-73.23176977699995, 43.632319266000025], [-73.23183566199998, 43.63208088600004], [-73.23195162399998, 43.631834308000066], [-73.23206124099994, 43.63168228100005], [-73.23221171599994, 43.631557315000066]]]]}}, {"type": "Feature", "properties": {"OBJECTID": 30003, "SPAN": "129-040-12356", "GLIST_SPAN": "129-040-12356", "MAPID": "40-50-01", "PARCID": "405000001.", "PROPTYPE": "PARCEL", "YEAR": 2023, "GLYEAR": 2022, "TOWN": "CASTLETON", "TNAME": "Castleton", "SOURCENAME": null, "SOURCETYPE": "UNKNOWN", "SOURCEDATE": "UNKNOWN", "EDITMETHOD": "UNKNOWN", "EDITOR": "UNKNOWN", "EDITDATE": "UNKNOWN", "MATCHSTAT": "MATCH", "EDITNOTE": "UNKNOWN", "OWNER1": "VERMONT STATE DEPARTMENT OF", "OWNER2": "FISH AND WILDLIFE", "ADDRGL1": "103 S MAIN ST", "ADDRGL2": "", "CITYGL": "WATERBURY", "STGL": "VT", "ZIPGL": "05671", "DESCPROP": "VACANT LOT; CREEK RD", "LOCAPROP": "", "CAT": "Miscellaneous", "RESCODE": "C", "ACRESGL": 0.55, "REAL_FLV": 267000, "HSTED_FLV": 0, "NRES_FLV": 267000, "LAND_LV": 267000, "IMPRV_LV": 0, "EQUIPVAL": 0, "EQUIPCODE": "", "INVENVAL": 0, "HSDECL": "N", "HSITEVAL": 0, "VETEXAMT": 0, "EXPDESC": "", "ENDDATE": "", "STATUTE": "", "EXAMT_HS": 0, "EXAMT_NR": 0, "UVREDUC_HS": 0, "UVREDUC_NR": 0, "GLVAL_HS": 0.0, "GLVAL_NR": 0.0, "CRHOUSPCT": 0.0, "MUNGL1PCT": 0.0, "AOEGL_HS": 0.0, "AOEGL_NR": 0.0, "E911ADDR": "CREEK RD", "SHAPE_Length": 0.0027237818909382552, "SHAPE_Area": 2.8812213426244477e-07}, "geometry": {"type": "MultiPolygon", "coordinates": [[[[-73.23340211299995, 43.629634200000055], [-73.23338882599995, 43.62955184400005], [-73.23338484399994, 43.62951773900005], [-73.23340956699997, 43.62949780800005], [-73.23342784599998, 43.62950781200004], [-73.23344168799997, 43.62953080600005], [-73.23344568799996, 43.62955280500006], [-73.23344456999996, 43.629590105000034], [-73.23358410499998, 43.62958472500003], [-73.23362064499997, 43.629568033000055], [-73.23362421799999, 43.62958508000003], [-73.23363031399998, 43.62971224700004], [-73.23361712799993, 43.629855778000035], [-73.23357939299996, 43.63001651900004], [-73.23354511799994, 43.63013727600003], [-73.23336113299996, 43.630566240000064], [-73.23330795799995, 43.630669580000074], [-73.23325704499996, 43.630598561000056], [-73.23319114999998, 43.630499533000034], [-73.23316328999994, 43.63042339700007], [-73.23316055699996, 43.63035959700005], [-73.23315928999995, 43.630285197000035], [-73.23316468999997, 43.63022113200003], [-73.23317969099998, 43.630175199000064], [-73.23320228999995, 43.63012473300006], [-73.23323728999998, 43.630046735000064], [-73.23326948899995, 43.62998120200007], [-73.23329995599994, 43.62991240200006], [-73.23332512299999, 43.62986221300008], [-73.23335723099996, 43.62978672400004], [-73.23338675599996, 43.62969733800003], [-73.23340211299995, 43.629634200000055]]]]}}, {"type": "Feature", "properties": {"OBJECTID": 30123, "SPAN": "129-040-12491", "GLIST_SPAN": "129-040-12491", "MAPID": "40-50-02", "PARCID": "405000002.", "PROPTYPE": "PARCEL", "YEAR": 2023, "GLYEAR": 2022, "TOWN": "CASTLETON", "TNAME": "Castleton", "SOURCENAME": null, "SOURCETYPE": "UNKNOWN", "SOURCEDATE": "UNKNOWN", "EDITMETHOD": "UNKNOWN", "EDITOR": "UNKNOWN", "EDITDATE": "UNKNOWN", "MATCHSTAT": "MATCH", "EDITNOTE": "UNKNOWN", "OWNER1": "BENDER STEPHEN D", "OWNER2": "BENDER JUDITH K", "ADDRGL1": "1753 CREEK ROAD", "ADDRGL2": "", "CITYGL": "CASTLETON", "STGL": "VT", "ZIPGL": "05735", "DESCPROP": "COT/GAR/2.49 ACRES; CREEK RD; INCL 40500", "LOCAPROP": "", "CAT": "Residential-1", "RESCODE": "T", "ACRESGL": 2.49, "REAL_FLV": 430300, "HSTED_FLV": 430300, "NRES_FLV": 0, "LAND_LV": 285900, "IMPRV_LV": 144400, "EQUIPVAL": 0, "EQUIPCODE": "", "INVENVAL": 0, "HSDECL": "Y", "HSITEVAL": 429200, "VETEXAMT": 0, "EXPDESC": "", "ENDDATE": "", "STATUTE": "", "EXAMT_HS": 0, "EXAMT_NR": 0, "UVREDUC_HS": 0, "UVREDUC_NR": 0, "GLVAL_HS": 4303.0, "GLVAL_NR": 0.0, "CRHOUSPCT": 0.0, "MUNGL1PCT": 4303.0, "AOEGL_HS": 4303.0, "AOEGL_NR": 0.0, "E911ADDR": "1753 CREEK RD", "SHAPE_Length": 0.0065445593898748175, "SHAPE_Area": 1.1465261872519423e-06}, "geometry": {"type": "MultiPolygon", "coordinates": [[[[-73.23335572399998, 43.62852948600005], [-73.23508209099998, 43.628361804000065], [-73.23529673699994, 43.62871346600008], [-73.23373086099997, 43.629273805000025], [-73.23364139099994, 43.629095996000046], [-73.23340762999999, 43.62866328200005], [-73.23335572399998, 43.62852948600005]]], [[[-73.23297196499993, 43.628926869000054], [-73.23326710599997, 43.62877866100007], [-73.23346479199995, 43.629144600000075], [-73.23355007099997, 43.62931407900004], [-73.23359450899994, 43.62944332200004], [-73.23342055399996, 43.62926334200006], [-73.23327708999994, 43.62918994300003], [-73.23324268899995, 43.62915860900006], [-73.23313948999999, 43.62908954400007], [-73.23298949199994, 43.628990345000034], [-73.23297669199997, 43.62895214400004], [-73.23297196499993, 43.628926869000054]]]]}}, {"type": "Feature", "properties": {"OBJECTID": 184944, "SPAN": null, "GLIST_SPAN": null, "MAPID": null, "PARCID": null, "PROPTYPE": "PARCEL", "YEAR": 2023, "GLYEAR": null, "TOWN": "CASTLETON", "TNAME": null, "SOURCENAME": null, "SOURCETYPE": "UNKNOWN", "SOURCEDATE": "UNKNOWN", "EDITMETHOD": "UNKNOWN", "EDITOR": "VCGI", "EDITDATE": "20230912", "MATCHSTAT": "UNMATCHED", "EDITNOTE": "Updated MATCHSTAT based on PROPTYPE", "OWNER1": null, "OWNER2": null, "ADDRGL1": null, "ADDRGL2": null, "CITYGL": null, "STGL": null, "ZIPGL": null, "DESCPROP": null, "LOCAPROP": null, "CAT": null, "RESCODE": null, "ACRESGL": null, "REAL_FLV": null, "HSTED_FLV": null, "NRES_FLV": null, "LAND_LV": null, "IMPRV_LV": null, "EQUIPVAL": null, "EQUIPCODE": null, "INVENVAL": null, "HSDECL": null, "HSITEVAL": null, "VETEXAMT": null, "EXPDESC": null, "ENDDATE": null, "STATUTE": null, "EXAMT_HS": null, "EXAMT_NR": null, "UVREDUC_HS": null, "UVREDUC_NR": null, "GLVAL_HS": null, "GLVAL_NR": null, "CRHOUSPCT": null, "MUNGL1PCT": null, "AOEGL_HS": null, "AOEGL_NR": null, "E911ADDR": null, "SHAPE_Length": 0.010914481066790773, "SHAPE_Area": 3.837289364918172e-06}, "geometry": {"type": "MultiPolygon", "coordinates": [[[[-73.23924808199996, 43.63568530500004], [-73.23982305899995, 43.63120309000004], [-73.24051970599999, 43.63123578200003], [-73.24044253799997, 43.63212235000003], [-73.24037102899996, 43.63335528600004], [-73.24021959399994, 43.63592369000003], [-73.23924808199996, 43.63568530500004]]]]}}, {"type": "Feature", "properties": {"OBJECTID": 29404, "SPAN": "129-040-11560", "GLIST_SPAN": "129-040-11560", "MAPID": "04-01-08", "PARCID": "040100008.", "PROPTYPE": "PARCEL", "YEAR": 2023, "GLYEAR": 2022, "TOWN": "CASTLETON", "TNAME": "Castleton", "SOURCENAME": null, "SOURCETYPE": "UNKNOWN", "SOURCEDATE": "UNKNOWN", "EDITMETHOD": "UNKNOWN", "EDITOR": "UNKNOWN", "EDITDATE": "UNKNOWN", "MATCHSTAT": "MATCH", "EDITNOTE": "UNKNOWN", "OWNER1": "HATHAWAY IRENE", "OWNER2": "", "ADDRGL1": "741 PROSPECT HILL ROAD", "ADDRGL2": "", "CITYGL": "RUTLAND", "STGL": "VT", "ZIPGL": "05701", "DESCPROP": "VACANT LAND", "LOCAPROP": "", "CAT": "Miscellaneous", "RESCODE": "S", "ACRESGL": 18.7, "REAL_FLV": 21300, "HSTED_FLV": 0, "NRES_FLV": 21300, "LAND_LV": 21300, "IMPRV_LV": 0, "EQUIPVAL": 0, "EQUIPCODE": "", "INVENVAL": 0, "HSDECL": "N", "HSITEVAL": 0, "VETEXAMT": 0, "EXPDESC": "", "ENDDATE": "", "STATUTE": "", "EXAMT_HS": 0, "EXAMT_NR": 0, "UVREDUC_HS": 0, "UVREDUC_NR": 0, "GLVAL_HS": 0.0, "GLVAL_NR": 213.0, "CRHOUSPCT": 0.0, "MUNGL1PCT": 213.0, "AOEGL_HS": 0.0, "AOEGL_NR": 213.0, "E911ADDR": "COON HILL RD", "SHAPE_Length": 0.01391120473305621, "SHAPE_Area": 9.083612343418819e-06}, "geometry": {"type": "MultiPolygon", "coordinates": [[[[-73.23799929599994, 43.63230798600006], [-73.23819698699998, 43.63112676900005], [-73.23982305899995, 43.63120309000004], [-73.23924808199996, 43.63568530500004], [-73.23844781699995, 43.63548893500007], [-73.23607052199998, 43.634905537000066], [-73.23646856999994, 43.63462929000008], [-73.23683364499993, 43.634323057000074], [-73.23701264499994, 43.634081742000035], [-73.23712565899996, 43.633929385000044], [-73.23789240199994, 43.63257088600005], [-73.23799929599994, 43.63230798600006]]]]}}, {"type": "Feature", "properties": {"OBJECTID": 55280, "SPAN": "216-070-10934", "GLIST_SPAN": "216-070-10934", "MAPID": "04-01-13", "PARCID": "040113.", "PROPTYPE": "PARCEL", "YEAR": 2023, "GLYEAR": 2022, "TOWN": "FAIR HAVEN", "TNAME": "Fair Haven", "SOURCENAME": null, "SOURCETYPE": "UNKNOWN", "SOURCEDATE": "UNKNOWN", "EDITMETHOD": "UNKNOWN", "EDITOR": "UNKNOWN", "EDITDATE": "UNKNOWN", "MATCHSTAT": "MATCH", "EDITNOTE": "UNKNOWN", "OWNER1": "ROBERTS HUGH R", "OWNER2": "ROBERTS DANIELLE L", "ADDRGL1": "PO BOX 81", "ADDRGL2": "", "CITYGL": "FAIR HAVEN", "STGL": "VT", "ZIPGL": "05743", "DESCPROP": "LAND", "LOCAPROP": "", "CAT": "Miscellaneous", "RESCODE": "T", "ACRESGL": 116.0, "REAL_FLV": 88200, "HSTED_FLV": 0, "NRES_FLV": 88200, "LAND_LV": 88200, "IMPRV_LV": 0, "EQUIPVAL": 0, "EQUIPCODE": "", "INVENVAL": 0, "HSDECL": "N", "HSITEVAL": 0, "VETEXAMT": 0, "EXPDESC": "", "ENDDATE": "", "STATUTE": "", "EXAMT_HS": 0, "EXAMT_NR": 0, "UVREDUC_HS": 0, "UVREDUC_NR": 0, "GLVAL_HS": 0.0, "GLVAL_NR": 882.0, "CRHOUSPCT": 0.0, "MUNGL1PCT": 882.0, "AOEGL_HS": 0.0, "AOEGL_NR": 882.0, "E911ADDR": "SCOTCH HILL RD. W/S", "SHAPE_Length": 0.014097794961210839, "SHAPE_Area": 1.304878307748556e-05}, "geometry": {"type": "MultiPolygon", "coordinates": [[[[-73.25104873199996, 43.63807021100007], [-73.24886521999997, 43.637983097000074], [-73.24839611099998, 43.63799387100005], [-73.24667702099998, 43.63753303300007], [-73.24658723199997, 43.63705494300007], [-73.24658102699993, 43.63699976700008], [-73.24657719899994, 43.63694447700004], [-73.24657575399993, 43.636889127000074], [-73.24657669099997, 43.636833773000035], [-73.24658077099997, 43.63676734300003], [-73.24658789099993, 43.63670104900007], [-73.24659804299995, 43.63663496300006], [-73.24661121599996, 43.63656915900003], [-73.24662739499996, 43.636503710000056], [-73.24664656199997, 43.636438688000055], [-73.24666869699996, 43.63637416600005], [-73.24669377499998, 43.63631021300006], [-73.24672176699994, 43.63624690200004], [-73.24675264399997, 43.63618430200006], [-73.24678636999994, 43.636122483000065], [-73.24682290999993, 43.636061512000026], [-73.24686222099996, 43.63600145800007], [-73.24690425999995, 43.63594238700006], [-73.24694898199994, 43.63588436400005], [-73.24699633599994, 43.63582745400004], [-73.24704626999994, 43.63577171900005], [-73.24740966799999, 43.635380498000075], [-73.24785597299996, 43.63486872900006], [-73.24794673099996, 43.63475783200005], [-73.24803393899998, 43.63464544300007], [-73.25113876199998, 43.63491762700005], [-73.25104873199996, 43.63807021100007]]]]}}, {"type": "Feature", "properties": {"OBJECTID": 55038, "SPAN": "216-070-10769", "GLIST_SPAN": "216-070-10769", "MAPID": "05-01-08", "PARCID": "050108.", "PROPTYPE": "PARCEL", "YEAR": 2023, "GLYEAR": 2022, "TOWN": "FAIR HAVEN", "TNAME": "Fair Haven", "SOURCENAME": null, "SOURCETYPE": "UNKNOWN", "SOURCEDATE": "UNKNOWN", "EDITMETHOD": "UNKNOWN", "EDITOR": "UNKNOWN", "EDITDATE": "UNKNOWN", "MATCHSTAT": "MATCH", "EDITNOTE": "UNKNOWN", "OWNER1": "LARAMIE JOSEPH P", "OWNER2": "LARAMIE CAROLINE", "ADDRGL1": "375 SCOTCH HILL RD", "ADDRGL2": "", "CITYGL": "FAIR HAVEN", "STGL": "VT", "ZIPGL": "05743", "DESCPROP": "LAND & DWL", "LOCAPROP": "", "CAT": "Residential-1", "RESCODE": "T", "ACRESGL": 3.0, "REAL_FLV": 139900, "HSTED_FLV": 0, "NRES_FLV": 139900, "LAND_LV": 58000, "IMPRV_LV": 81900, "EQUIPVAL": 0, "EQUIPCODE": "", "INVENVAL": 0, "HSDECL": "N", "HSITEVAL": 0, "VETEXAMT": 0, "EXPDESC": "", "ENDDATE": "", "STATUTE": "", "EXAMT_HS": 0, "EXAMT_NR": 0, "UVREDUC_HS": 0, "UVREDUC_NR": 0, "GLVAL_HS": 0.0, "GLVAL_NR": 1399.0, "CRHOUSPCT": 0.0, "MUNGL1PCT": 1399.0, "AOEGL_HS": 0.0, "AOEGL_NR": 1399.0, "E911ADDR": "2414 SCOTCH HILL RD.", "SHAPE_Length": 0.0069191750990903215, "SHAPE_Area": 1.3574952228730931e-06}, "geometry": {"type": "MultiPolygon", "coordinates": [[[[-73.24655552799999, 43.639127776000066], [-73.24663955999995, 43.63864735000004], [-73.24665603299997, 43.63852292200005], [-73.24834497999996, 43.63881055100006], [-73.24839611099998, 43.63799387100005], [-73.24886521999997, 43.637983097000074], [-73.24848586099995, 43.63929686400007], [-73.24655552799999, 43.639127776000066]]]]}}, {"type": "Feature", "properties": {"OBJECTID": 55391, "SPAN": "216-070-11058", "GLIST_SPAN": "216-070-11058", "MAPID": "04-01-12", "PARCID": "040112.", "PROPTYPE": "PARCEL", "YEAR": 2023, "GLYEAR": 2022, "TOWN": "FAIR HAVEN", "TNAME": "Fair Haven", "SOURCENAME": null, "SOURCETYPE": "UNKNOWN", "SOURCEDATE": "UNKNOWN", "EDITMETHOD": "UNKNOWN", "EDITOR": "UNKNOWN", "EDITDATE": "UNKNOWN", "MATCHSTAT": "MATCH", "EDITNOTE": "UNKNOWN", "OWNER1": "HEALD CHAD E", "OWNER2": "JOKINEN LAURA J", "ADDRGL1": "2486 SCOTCH HILL RD", "ADDRGL2": "", "CITYGL": "FAIR HAVEN", "STGL": "VT", "ZIPGL": "05743-9279", "DESCPROP": "LAND & DWL", "LOCAPROP": "", "CAT": "Residential-2", "RESCODE": "T", "ACRESGL": 17.7, "REAL_FLV": 245100, "HSTED_FLV": 245100, "NRES_FLV": 0, "LAND_LV": 98300, "IMPRV_LV": 146800, "EQUIPVAL": 0, "EQUIPCODE": "", "INVENVAL": 0, "HSDECL": "Y", "HSITEVAL": 186800, "VETEXAMT": 0, "EXPDESC": "", "ENDDATE": "", "STATUTE": "", "EXAMT_HS": 0, "EXAMT_NR": 0, "UVREDUC_HS": 0, "UVREDUC_NR": 0, "GLVAL_HS": 2451.0, "GLVAL_NR": 0.0, "CRHOUSPCT": 0.0, "MUNGL1PCT": 2451.0, "AOEGL_HS": 2451.0, "AOEGL_NR": 0.0, "E911ADDR": "2486 SCOTCH HILL RD.", "SHAPE_Length": 0.014230083913418878, "SHAPE_Area": 9.130083593504147e-06}, "geometry": {"type": "MultiPolygon", "coordinates": [[[[-73.24646695999996, 43.63954011100003], [-73.24655552799999, 43.639127776000066], [-73.24848586099995, 43.63929686400007], [-73.24886521999997, 43.637983097000074], [-73.25104873199996, 43.63807021100007], [-73.25112196599997, 43.639366590000066], [-73.25105418799996, 43.63974194800005], [-73.25093401799995, 43.640637265000066], [-73.24617896399997, 43.64047349300006], [-73.24618309499994, 43.64045650600008], [-73.24646695999996, 43.63954011100003]]]]}}, {"type": "Feature", "properties": {"OBJECTID": 56207, "SPAN": "216-070-10307", "GLIST_SPAN": "216-070-10307", "MAPID": "05-01-09", "PARCID": "050109.", "PROPTYPE": "PARCEL", "YEAR": 2023, "GLYEAR": 2022, "TOWN": "FAIR HAVEN", "TNAME": "Fair Haven", "SOURCENAME": null, "SOURCETYPE": "UNKNOWN", "SOURCEDATE": "UNKNOWN", "EDITMETHOD": "UNKNOWN", "EDITOR": "UNKNOWN", "EDITDATE": "UNKNOWN", "MATCHSTAT": "MATCH", "EDITNOTE": "UNKNOWN", "OWNER1": "DOCKUM JEFFREY S", "OWNER2": "", "ADDRGL1": "2342 SCOTCH HILL RD", "ADDRGL2": "", "CITYGL": "FAIR HAVEN", "STGL": "VT", "ZIPGL": "05743", "DESCPROP": "LAND & DWL", "LOCAPROP": "", "CAT": "Residential-1", "RESCODE": "T", "ACRESGL": 2.9, "REAL_FLV": 163400, "HSTED_FLV": 163400, "NRES_FLV": 0, "LAND_LV": 69000, "IMPRV_LV": 94400, "EQUIPVAL": 0, "EQUIPCODE": "", "INVENVAL": 0, "HSDECL": "Y", "HSITEVAL": 154400, "VETEXAMT": 0, "EXPDESC": "", "ENDDATE": "", "STATUTE": "", "EXAMT_HS": 0, "EXAMT_NR": 0, "UVREDUC_HS": 0, "UVREDUC_NR": 0, "GLVAL_HS": 1634.0, "GLVAL_NR": 0.0, "CRHOUSPCT": 0.0, "MUNGL1PCT": 1634.0, "AOEGL_HS": 1634.0, "AOEGL_NR": 0.0, "E911ADDR": "2342 SCOTCH HILL RD.", "SHAPE_Length": 0.005307289708364187, "SHAPE_Area": 1.5230359368520169e-06}, "geometry": {"type": "MultiPolygon", "coordinates": [[[[-73.24668006599995, 43.63754924600005], [-73.24667702099998, 43.63753303300007], [-73.24839611099998, 43.63799387100005], [-73.24834497999996, 43.63881055100006], [-73.24665603299997, 43.63852292200005], [-73.24670338099997, 43.63816528800004], [-73.24671128899996, 43.63807726700003], [-73.24671545199999, 43.63798911200007], [-73.24671586599999, 43.63790090500004], [-73.24671252799999, 43.637812731000054], [-73.24670544399999, 43.63772467500007], [-73.24669461999997, 43.63763681900008], [-73.24668006599995, 43.63754924600005]]]]}}, {"type": "Feature", "properties": {"OBJECTID": 29325, "SPAN": "129-040-11516", "GLIST_SPAN": "129-040-11516", "MAPID": "22-21-24", "PARCID": "222100024.", "PROPTYPE": "PARCEL", "YEAR": 2023, "GLYEAR": 2022, "TOWN": "CASTLETON", "TNAME": "Castleton", "SOURCENAME": null, "SOURCETYPE": "UNKNOWN", "SOURCEDATE": "UNKNOWN", "EDITMETHOD": "UNKNOWN", "EDITOR": "UNKNOWN", "EDITDATE": "UNKNOWN", "MATCHSTAT": "MATCH", "EDITNOTE": "UNKNOWN", "OWNER1": "MEALEY ROBERT", "OWNER2": "MEALEY ROBIN P", "ADDRGL1": "18 RIDGEWOOD STREET", "ADDRGL2": "", "CITYGL": "EAST NORTHPORT", "STGL": "NY", "ZIPGL": "11731", "DESCPROP": "COT/GAR/OB/LAND; INC 22-21-19-2", "LOCAPROP": "", "CAT": "Residential-1", "RESCODE": "NS", "ACRESGL": 4.25, "REAL_FLV": 418600, "HSTED_FLV": 0, "NRES_FLV": 418600, "LAND_LV": 361100, "IMPRV_LV": 57500, "EQUIPVAL": 0, "EQUIPCODE": "", "INVENVAL": 0, "HSDECL": "N", "HSITEVAL": 418600, "VETEXAMT": 0, "EXPDESC": "", "ENDDATE": "", "STATUTE": "", "EXAMT_HS": 0, "EXAMT_NR": 0, "UVREDUC_HS": 0, "UVREDUC_NR": 0, "GLVAL_HS": 0.0, "GLVAL_NR": 4186.0, "CRHOUSPCT": 0.0, "MUNGL1PCT": 4186.0, "AOEGL_HS": 0.0, "AOEGL_NR": 4186.0, "E911ADDR": "2260 CREEK RD", "SHAPE_Length": 0.008513602535849001, "SHAPE_Area": 1.9355964759236197e-06}, "geometry": {"type": "MultiPolygon", "coordinates": [[[[-73.23298279199997, 43.63472101200006], [-73.23533338399994, 43.63434814800007], [-73.23553160699998, 43.635004664000064], [-73.23333363999996, 43.635358007000036], [-73.23297938699994, 43.635414952000076], [-73.23297777699997, 43.63540407900007], [-73.23295724999997, 43.635331836000034], [-73.23292635999996, 43.635260008000046], [-73.23285810899995, 43.635164108000026], [-73.23277578799997, 43.635071485000026], [-73.23254501699995, 43.63488654400004], [-73.23244853899996, 43.634805750000055], [-73.23298279199997, 43.63472101200006]]], [[[-73.23227982699996, 43.63497094000007], [-73.23235937399994, 43.63494043000003], [-73.23240369699994, 43.63497754700006], [-73.23262548799994, 43.635155292000036], [-73.23269451199997, 43.63523295500005], [-73.23275101199994, 43.635312345000045], [-73.23277418699996, 43.635366230000045], [-73.23277840999998, 43.63538109400008], [-73.23251052699999, 43.63542443500006], [-73.23247306799993, 43.635293741000055], [-73.23243686699993, 43.635226110000076], [-73.23241390599998, 43.63516366600004], [-73.23238167499994, 43.63510315500008], [-73.23236768999993, 43.635055633000036], [-73.23231599099995, 43.63499518500004], [-73.23227982699996, 43.63497094000007]]]]}}, {"type": "Feature", "properties": {"OBJECTID": 29736, "SPAN": "129-040-11691", "GLIST_SPAN": "129-040-11691", "MAPID": "22-21-19", "PARCID": "222100019.", "PROPTYPE": "PARCEL", "YEAR": 2023, "GLYEAR": 2022, "TOWN": "CASTLETON", "TNAME": "Castleton", "SOURCENAME": null, "SOURCETYPE": "UNKNOWN", "SOURCEDATE": "UNKNOWN", "EDITMETHOD": "UNKNOWN", "EDITOR": "UNKNOWN", "EDITDATE": "UNKNOWN", "MATCHSTAT": "MATCH", "EDITNOTE": "UNKNOWN", "OWNER1": "ROBERTS GLEN K", "OWNER2": "ROBERTS PATRICIA F", "ADDRGL1": "PO BOX 461", "ADDRGL2": "", "CITYGL": "FAIR HAVEN", "STGL": "VT", "ZIPGL": "05743", "DESCPROP": "VACANT LOT 24 ACRES (+222000017); CREEK", "LOCAPROP": "", "CAT": "Miscellaneous", "RESCODE": "S", "ACRESGL": 24.0, "REAL_FLV": 46400, "HSTED_FLV": 0, "NRES_FLV": 46400, "LAND_LV": 46400, "IMPRV_LV": 0, "EQUIPVAL": 0, "EQUIPCODE": "", "INVENVAL": 0, "HSDECL": "N", "HSITEVAL": 0, "VETEXAMT": 0, "EXPDESC": "", "ENDDATE": "", "STATUTE": "", "EXAMT_HS": 0, "EXAMT_NR": 0, "UVREDUC_HS": 0, "UVREDUC_NR": 0, "GLVAL_HS": 0.0, "GLVAL_NR": 464.0, "CRHOUSPCT": 0.0, "MUNGL1PCT": 464.0, "AOEGL_HS": 0.0, "AOEGL_NR": 464.0, "E911ADDR": "CREEK RD", "SHAPE_Length": 0.015357457784907708, "SHAPE_Area": 8.239976450821302e-06}, "geometry": {"type": "MultiPolygon", "coordinates": [[[[-73.23445334499996, 43.63800607100006], [-73.23439420399995, 43.63765479800003], [-73.23285682699998, 43.637765443000035], [-73.23260540299998, 43.63715002200007], [-73.23254826899995, 43.63696252600005], [-73.23216484999995, 43.636999640000056], [-73.23217299599997, 43.63694747900007], [-73.23223729599994, 43.63676900300004], [-73.23235173999996, 43.63651873800006], [-73.23252363499995, 43.63624559500005], [-73.23276912099993, 43.63592081300004], [-73.23289054999998, 43.63578225900005], [-73.23296048399999, 43.63566317500005], [-73.23298542299995, 43.635549748000074], [-73.23298908899994, 43.63548046100004], [-73.23297938699994, 43.635414952000076], [-73.23333363999996, 43.635358007000036], [-73.23553160699998, 43.635004664000064], [-73.23533338399994, 43.63434814800007], [-73.23701264499994, 43.634081742000035], [-73.23683364499993, 43.634323057000074], [-73.23646856999994, 43.63462929000008], [-73.23607052199998, 43.634905537000066], [-73.23578240999996, 43.635133266000025], [-73.23558874799994, 43.635446828000056], [-73.23549145699997, 43.635673121000025], [-73.23548087299997, 43.63595924100008], [-73.23550140499998, 43.636246793000055], [-73.23551252599998, 43.63665759000003], [-73.23549578399997, 43.637077788000056], [-73.23549808899998, 43.63724683700008], [-73.23540366299994, 43.63724683600003], [-73.23540366099996, 43.63745082600008], [-73.23537441899998, 43.637575103000074], [-73.23534470699997, 43.637708806000035], [-73.23528788099998, 43.63785442300008], [-73.23522194699996, 43.637945081000055], [-73.23445334499996, 43.63800607100006]]]]}}, {"type": "Feature", "properties": {"OBJECTID": 30211, "SPAN": "129-040-12601", "GLIST_SPAN": "129-040-12601", "MAPID": "04-01-08.1", "PARCID": "040100008.1", "PROPTYPE": "PARCEL", "YEAR": 2023, "GLYEAR": 2022, "TOWN": "CASTLETON", "TNAME": "Castleton", "SOURCENAME": null, "SOURCETYPE": "UNKNOWN", "SOURCEDATE": "UNKNOWN", "EDITMETHOD": "UNKNOWN", "EDITOR": "UNKNOWN", "EDITDATE": "UNKNOWN", "MATCHSTAT": "MATCH", "EDITNOTE": "UNKNOWN", "OWNER1": "BARTHOLOMEW CLARE", "OWNER2": "", "ADDRGL1": "105 AINES ROAD", "ADDRGL2": "", "CITYGL": "BENSON", "STGL": "VT", "ZIPGL": "05743", "DESCPROP": "CAMP/LAND;COON HILL RD", "LOCAPROP": "", "CAT": "Seasonal-2", "RESCODE": "S", "ACRESGL": 22.0, "REAL_FLV": 106100, "HSTED_FLV": 0, "NRES_FLV": 106100, "LAND_LV": 68400, "IMPRV_LV": 37700, "EQUIPVAL": 0, "EQUIPCODE": "", "INVENVAL": 0, "HSDECL": "N", "HSITEVAL": 84100, "VETEXAMT": 0, "EXPDESC": "", "ENDDATE": "", "STATUTE": "", "EXAMT_HS": 0, "EXAMT_NR": 0, "UVREDUC_HS": 0, "UVREDUC_NR": 0, "GLVAL_HS": 0.0, "GLVAL_NR": 1061.0, "CRHOUSPCT": 0.0, "MUNGL1PCT": 1061.0, "AOEGL_HS": 0.0, "AOEGL_NR": 1061.0, "E911ADDR": "234 COON HILL RD", "SHAPE_Length": 0.0135069724071197, "SHAPE_Area": 1.028931727240134e-05}, "geometry": {"type": "MultiPolygon", "coordinates": [[[[-73.23578240999996, 43.635133266000025], [-73.23607052199998, 43.634905537000066], [-73.23844781699995, 43.63548893500007], [-73.23827395399996, 43.63873625800005], [-73.23479622699995, 43.63864271400007], [-73.23485450099997, 43.63855287500007], [-73.23519359699998, 43.638228850000075], [-73.23536573299998, 43.63804106400005], [-73.23546416699998, 43.63790571800007], [-73.23552940799993, 43.63773853500004], [-73.23556072999997, 43.63759758400005], [-73.23559252399997, 43.63746246200003], [-73.23559252499996, 43.63724683700008], [-73.23549808899998, 43.63724683700008], [-73.23549578399997, 43.637077788000056], [-73.23551252599998, 43.63665759000003], [-73.23550140499998, 43.636246793000055], [-73.23548087299997, 43.63595924100008], [-73.23549145699997, 43.635673121000025], [-73.23558874799994, 43.635446828000056], [-73.23578240999996, 43.635133266000025]]]]}}, {"type": "Feature", "properties": {"OBJECTID": 55282, "SPAN": "216-070-10936", "GLIST_SPAN": "216-070-10936", "MAPID": "05-01-10.01", "PARCID": "050110.1", "PROPTYPE": "PARCEL", "YEAR": 2023, "GLYEAR": 2022, "TOWN": "FAIR HAVEN", "TNAME": "Fair Haven", "SOURCENAME": null, "SOURCETYPE": "UNKNOWN", "SOURCEDATE": "UNKNOWN", "EDITMETHOD": "UNKNOWN", "EDITOR": "UNKNOWN", "EDITDATE": "UNKNOWN", "MATCHSTAT": "MATCH", "EDITNOTE": "UNKNOWN", "OWNER1": "ROBERTS GLEN K", "OWNER2": "ROBERTS PATTY", "ADDRGL1": "PO BOX 461", "ADDRGL2": "", "CITYGL": "FAIR HAVEN", "STGL": "VT", "ZIPGL": "05743", "DESCPROP": "LAND & DWL", "LOCAPROP": "", "CAT": "Residential-2", "RESCODE": "T", "ACRESGL": 151.0, "REAL_FLV": 363400, "HSTED_FLV": 363400, "NRES_FLV": 0, "LAND_LV": 172600, "IMPRV_LV": 190800, "EQUIPVAL": 0, "EQUIPCODE": "", "INVENVAL": 0, "HSDECL": "Y", "HSITEVAL": 262800, "VETEXAMT": 0, "EXPDESC": "", "ENDDATE": "", "STATUTE": "", "EXAMT_HS": 0, "EXAMT_NR": 0, "UVREDUC_HS": 0, "UVREDUC_NR": 0, "GLVAL_HS": 3634.0, "GLVAL_NR": 0.0, "CRHOUSPCT": 0.0, "MUNGL1PCT": 3634.0, "AOEGL_HS": 3634.0, "AOEGL_NR": 0.0, "E911ADDR": "2185 SCOTCH HILL ROAD", "SHAPE_Length": 0.02990765162020674, "SHAPE_Area": 5.144570208851935e-05}, "geometry": {"type": "MultiPolygon", "coordinates": [[[[-73.23986285699993, 43.64197107200005], [-73.24037092799995, 43.63335475300005], [-73.24783911099996, 43.63461784200007], [-73.24769557699994, 43.63479631000007], [-73.24725158399997, 43.63530542700005], [-73.24688971099994, 43.63569500600005], [-73.24683634899998, 43.63575456600006], [-73.24678574599994, 43.63581538100004], [-73.24673795499996, 43.63587738600006], [-73.24669302999996, 43.63594051000007], [-73.24665102199998, 43.636004685000046], [-73.24661197399996, 43.63606984000006], [-73.24657593399996, 43.636135901000046], [-73.24654293699996, 43.63620279700007], [-73.24651302299998, 43.636270453000066], [-73.24648622499996, 43.63633879400004], [-73.24646257099994, 43.63640774500004], [-73.24644208699993, 43.63647722800005], [-73.24642479799996, 43.63654716900004], [-73.24641072099996, 43.63661748900006], [-73.24639987299997, 43.63668810900003], [-73.24639226399995, 43.636758953000026], [-73.24638790499995, 43.63682994100003], [-73.24638689799997, 43.63689025600007], [-73.24638851699996, 43.636950564000074], [-73.24639275999994, 43.637010805000045], [-73.24639962199996, 43.637070917000074], [-73.24649293599998, 43.637567784000055], [-73.24650679099994, 43.63765115000007], [-73.24651709399996, 43.637734788000046], [-73.24652383799997, 43.63781861700005], [-73.24652701499997, 43.63790255600003], [-73.24652662199998, 43.637986528000056], [-73.24652265799995, 43.63807045000004], [-73.24651512899999, 43.63815424300003], [-73.24645539999995, 43.638608935000036], [-73.24637753099995, 43.63906217700003], [-73.24628158699994, 43.63951358800006], [-73.24599786399995, 43.640429511000036], [-73.24580494299994, 43.641222870000036], [-73.24557451099997, 43.64198387500005], [-73.23986285699993, 43.64197107200005]]]]}}, {"type": "Feature", "properties": {"OBJECTID": 28504, "SPAN": "129-040-10671", "GLIST_SPAN": "129-040-10671", "MAPID": "22-21-01", "PARCID": "222100001.", "PROPTYPE": "PARCEL", "YEAR": 2023, "GLYEAR": 2022, "TOWN": "CASTLETON", "TNAME": "Castleton", "SOURCENAME": null, "SOURCETYPE": "UNKNOWN", "SOURCEDATE": "UNKNOWN", "EDITMETHOD": "UNKNOWN", "EDITOR": "UNKNOWN", "EDITDATE": "UNKNOWN", "MATCHSTAT": "MATCH", "EDITNOTE": "UNKNOWN", "OWNER1": "DORAN THOMAS L", "OWNER2": "", "ADDRGL1": "1165 CREEK ROAD", "ADDRGL2": "", "CITYGL": "CASTLETON", "STGL": "VT", "ZIPGL": "05735", "DESCPROP": "HSE/1.20 ACRES; CREEK RD", "LOCAPROP": "", "CAT": "Residential-1", "RESCODE": "T", "ACRESGL": 1.2, "REAL_FLV": 195100, "HSTED_FLV": 0, "NRES_FLV": 195100, "LAND_LV": 45600, "IMPRV_LV": 149500, "EQUIPVAL": 0, "EQUIPCODE": "", "INVENVAL": 0, "HSDECL": "N", "HSITEVAL": 195100, "VETEXAMT": 0, "EXPDESC": "", "ENDDATE": "", "STATUTE": "", "EXAMT_HS": 0, "EXAMT_NR": 0, "UVREDUC_HS": 0, "UVREDUC_NR": 0, "GLVAL_HS": 0.0, "GLVAL_NR": 1951.0, "CRHOUSPCT": 0.0, "MUNGL1PCT": 1951.0, "AOEGL_HS": 0.0, "AOEGL_NR": 1951.0, "E911ADDR": "51 COON HILL RD", "SHAPE_Length": 0.003956087472592586, "SHAPE_Area": 7.161644179058997e-07}, "geometry": {"type": "MultiPolygon", "coordinates": [[[[-73.23353704199997, 43.63918357400007], [-73.23454205299998, 43.638813592000076], [-73.23452650599995, 43.63902348500005], [-73.23442049299996, 43.63991322800007], [-73.23434643599995, 43.64012428400008], [-73.23427282899996, 43.64031165200004], [-73.23423565899998, 43.64021167100003], [-73.23412292599994, 43.63998754200003], [-73.23384206399999, 43.63955888700008], [-73.23353704199997, 43.63918357400007]]]]}}, {"type": "Feature", "properties": {"OBJECTID": 28677, "SPAN": "129-040-10798", "GLIST_SPAN": "129-040-10798", "MAPID": "22-21-02", "PARCID": "222100002.", "PROPTYPE": "PARCEL", "YEAR": 2023, "GLYEAR": 2022, "TOWN": "CASTLETON", "TNAME": "Castleton", "SOURCENAME": null, "SOURCETYPE": "UNKNOWN", "SOURCEDATE": "UNKNOWN", "EDITMETHOD": "UNKNOWN", "EDITOR": "UNKNOWN", "EDITDATE": "UNKNOWN", "MATCHSTAT": "MATCH", "EDITNOTE": "UNKNOWN", "OWNER1": "PUSHEE KEITH W", "OWNER2": "PUSHEE BRYAN J", "ADDRGL1": "44 OCEAN AVENUE", "ADDRGL2": "", "CITYGL": "NORTHPORT", "STGL": "NY", "ZIPGL": "11768", "DESCPROP": "HSE/1.32 ACRES; CREEK RD", "LOCAPROP": "", "CAT": "Residential-1", "RESCODE": "NS", "ACRESGL": 1.32, "REAL_FLV": 131300, "HSTED_FLV": 0, "NRES_FLV": 131300, "LAND_LV": 57300, "IMPRV_LV": 74000, "EQUIPVAL": 0, "EQUIPCODE": "", "INVENVAL": 0, "HSDECL": "N", "HSITEVAL": 131300, "VETEXAMT": 0, "EXPDESC": "", "ENDDATE": "", "STATUTE": "", "EXAMT_HS": 0, "EXAMT_NR": 0, "UVREDUC_HS": 0, "UVREDUC_NR": 0, "GLVAL_HS": 0.0, "GLVAL_NR": 1313.0, "CRHOUSPCT": 0.0, "MUNGL1PCT": 1313.0, "AOEGL_HS": 0.0, "AOEGL_NR": 1313.0, "E911ADDR": "77 WEST CASTLETON RD", "SHAPE_Length": 0.00592901521892617, "SHAPE_Area": 1.6126129330101913e-06}, "geometry": {"type": "MultiPolygon", "coordinates": [[[[-73.23445334499996, 43.63800607100006], [-73.23522194699996, 43.637945081000055], [-73.23520320899996, 43.63797084500004], [-73.23503965799995, 43.63814926500004], [-73.23469211299994, 43.63848136400003], [-73.23459146799996, 43.63863652300006], [-73.23454205299998, 43.638813592000076], [-73.23353704199997, 43.63918357400007], [-73.23348919799997, 43.63912470300005], [-73.23325092899995, 43.638834114000076], [-73.23309884999998, 43.638578765000034], [-73.23298632799998, 43.63843566000003], [-73.23287205099996, 43.638350186000025], [-73.23282866699998, 43.63832939500003], [-73.23296649399998, 43.63825196000005], [-73.23291005699997, 43.63812851900008], [-73.23445334499996, 43.63800607100006]]]]}}, {"type": "Feature", "properties": {"OBJECTID": 29880, "SPAN": "129-040-11799", "GLIST_SPAN": "129-040-11799", "MAPID": "22-21-29", "PARCID": "222100029.", "PROPTYPE": "PARCEL", "YEAR": 2023, "GLYEAR": 2022, "TOWN": "CASTLETON", "TNAME": "Castleton", "SOURCENAME": null, "SOURCETYPE": "UNKNOWN", "SOURCEDATE": "UNKNOWN", "EDITMETHOD": "UNKNOWN", "EDITOR": "UNKNOWN", "EDITDATE": "UNKNOWN", "MATCHSTAT": "MATCH", "EDITNOTE": "UNKNOWN", "OWNER1": "PRITCHARD GEORGE P", "OWNER2": "PRITCHARD KIMBERLY", "ADDRGL1": "PO BOX 245", "ADDRGL2": "", "CITYGL": "HYDEVILLE", "STGL": "VT", "ZIPGL": "05750", "DESCPROP": "COT/LOT/ INCLUDES 222100030", "LOCAPROP": "", "CAT": "Residential-1", "RESCODE": "S", "ACRESGL": 0.7, "REAL_FLV": 296300, "HSTED_FLV": 0, "NRES_FLV": 296300, "LAND_LV": 236100, "IMPRV_LV": 60200, "EQUIPVAL": 0, "EQUIPCODE": "", "INVENVAL": 0, "HSDECL": "N", "HSITEVAL": 296300, "VETEXAMT": 0, "EXPDESC": "", "ENDDATE": "", "STATUTE": "", "EXAMT_HS": 0, "EXAMT_NR": 0, "UVREDUC_HS": 0, "UVREDUC_NR": 0, "GLVAL_HS": 0.0, "GLVAL_NR": 2963.0, "CRHOUSPCT": 0.0, "MUNGL1PCT": 2963.0, "AOEGL_HS": 0.0, "AOEGL_NR": 2963.0, "E911ADDR": "2159 CREEK RD", "SHAPE_Length": 0.002661773057739545, "SHAPE_Area": 2.8324818884987023e-07}, "geometry": {"type": "MultiPolygon", "coordinates": [[[[-73.23214991599997, 43.633902687000045], [-73.23278709099998, 43.63382138500003], [-73.23287315099998, 43.63421700400005], [-73.23219310499996, 43.63432486700003], [-73.23217015699998, 43.63419027200007], [-73.23215661799998, 43.63396643900006], [-73.23214991599997, 43.633902687000045]]], [[[-73.23195576199998, 43.63404169900008], [-73.23196808099993, 43.63397467200008], [-73.23197979899999, 43.63416837700004], [-73.23189215299993, 43.63417580200007], [-73.23194026899995, 43.63410628300005], [-73.23195576199998, 43.63404169900008]]]]}}, {"type": "Feature", "properties": {"OBJECTID": 28314, "SPAN": "129-040-11383", "GLIST_SPAN": "129-040-11383", "MAPID": "23-20-20", "PARCID": "232000020.", "PROPTYPE": "PARCEL", "YEAR": 2023, "GLYEAR": 2022, "TOWN": "CASTLETON", "TNAME": "Castleton", "SOURCENAME": null, "SOURCETYPE": "UNKNOWN", "SOURCEDATE": "UNKNOWN", "EDITMETHOD": "UNKNOWN", "EDITOR": "UNKNOWN", "EDITDATE": "UNKNOWN", "MATCHSTAT": "MATCH", "EDITNOTE": "UNKNOWN", "OWNER1": "LOSNECK MELINDA QUINN", "OWNER2": "", "ADDRGL1": "396 WINNICK ROAD", "ADDRGL2": "", "CITYGL": "BOMOSEEN", "STGL": "VT", "ZIPGL": "05732", "DESCPROP": "HSE/LOT", "LOCAPROP": "", "CAT": "Residential-1", "RESCODE": "T", "ACRESGL": 0.28, "REAL_FLV": 488100, "HSTED_FLV": 488100, "NRES_FLV": 0, "LAND_LV": 262900, "IMPRV_LV": 225200, "EQUIPVAL": 0, "EQUIPCODE": "", "INVENVAL": 0, "HSDECL": "Y", "HSITEVAL": 488100, "VETEXAMT": 0, "EXPDESC": "", "ENDDATE": "", "STATUTE": "", "EXAMT_HS": 0, "EXAMT_NR": 0, "UVREDUC_HS": 0, "UVREDUC_NR": 0, "GLVAL_HS": 4881.0, "GLVAL_NR": 0.0, "CRHOUSPCT": 0.0, "MUNGL1PCT": 4881.0, "AOEGL_HS": 4881.0, "AOEGL_NR": 0.0, "E911ADDR": "396 WINNICK RD", "SHAPE_Length": 0.0020804757181795697, "SHAPE_Area": 1.71878178788614e-07}, "geometry": {"type": "MultiPolygon", "coordinates": [[[[-73.21760360299999, 43.629051652000044], [-73.21770919199997, 43.62904383800003], [-73.21766430899999, 43.62919861000006], [-73.21764184399996, 43.62926654300003], [-73.21764189899994, 43.62927155500006], [-73.21723427299997, 43.629304631000025], [-73.21680979699994, 43.62923782200005], [-73.21684087099999, 43.629108090000045], [-73.21728423299999, 43.629075284000066], [-73.21760360299999, 43.629051652000044]]]]}}, {"type": "Feature", "properties": {"OBJECTID": 28315, "SPAN": "129-040-11384", "GLIST_SPAN": "129-040-11384", "MAPID": "23-20-21", "PARCID": "232000021.", "PROPTYPE": "PARCEL", "YEAR": 2023, "GLYEAR": 2022, "TOWN": "CASTLETON", "TNAME": "Castleton", "SOURCENAME": null, "SOURCETYPE": "UNKNOWN", "SOURCEDATE": "UNKNOWN", "EDITMETHOD": "UNKNOWN", "EDITOR": "UNKNOWN", "EDITDATE": "UNKNOWN", "MATCHSTAT": "MATCH", "EDITNOTE": "UNKNOWN", "OWNER1": "DUTIL ERIC R", "OWNER2": "", "ADDRGL1": "PO BOX 505", "ADDRGL2": "", "CITYGL": "BETHEL", "STGL": "VT", "ZIPGL": "05032", "DESCPROP": "COT/LOT; LITTLE RUTLAND", "LOCAPROP": "", "CAT": "Residential-1", "RESCODE": "T", "ACRESGL": 0.52, "REAL_FLV": 645400, "HSTED_FLV": 645400, "NRES_FLV": 0, "LAND_LV": 280400, "IMPRV_LV": 365000, "EQUIPVAL": 0, "EQUIPCODE": "", "INVENVAL": 0, "HSDECL": "Y", "HSITEVAL": 645400, "VETEXAMT": 0, "EXPDESC": "", "ENDDATE": "", "STATUTE": "", "EXAMT_HS": 0, "EXAMT_NR": 0, "UVREDUC_HS": 0, "UVREDUC_NR": 0, "GLVAL_HS": 6454.0, "GLVAL_NR": 0.0, "CRHOUSPCT": 0.0, "MUNGL1PCT": 6454.0, "AOEGL_HS": 6454.0, "AOEGL_NR": 0.0, "E911ADDR": "216 LITTLE RUTLAND RD", "SHAPE_Length": 0.0023086705873459606, "SHAPE_Area": 2.3488593946999592e-07}, "geometry": {"type": "MultiPolygon", "coordinates": [[[[-73.21759850199999, 43.628775834000066], [-73.21776662899998, 43.62876272500006], [-73.21776358499994, 43.628770931000076], [-73.21773546199995, 43.62884407800004], [-73.21771261299995, 43.62895438000004], [-73.21771470899995, 43.62902481300006], [-73.21770919199997, 43.62904383800003], [-73.21760360299999, 43.629051652000044], [-73.21728423299999, 43.629075284000066], [-73.21684087099999, 43.629108090000045], [-73.21687453599998, 43.62896754800005], [-73.21690755399999, 43.62882970800007], [-73.21722674199998, 43.628804821000074], [-73.21745204999996, 43.62878725400003], [-73.21759850199999, 43.628775834000066]]]]}}, {"type": "Feature", "properties": {"OBJECTID": 28846, "SPAN": "129-040-11932", "GLIST_SPAN": "129-040-11932", "MAPID": "23-20-18", "PARCID": "232000018.", "PROPTYPE": "PARCEL", "YEAR": 2023, "GLYEAR": 2022, "TOWN": "CASTLETON", "TNAME": "Castleton", "SOURCENAME": null, "SOURCETYPE": "UNKNOWN", "SOURCEDATE": "UNKNOWN", "EDITMETHOD": "UNKNOWN", "EDITOR": "UNKNOWN", "EDITDATE": "UNKNOWN", "MATCHSTAT": "MATCH", "EDITNOTE": "UNKNOWN", "OWNER1": "ROSEN HEATHER M", "OWNER2": "", "ADDRGL1": "50 EAST 79TH ST APT# 9A", "ADDRGL2": "", "CITYGL": "NEW YORK", "STGL": "NY", "ZIPGL": "10075", "DESCPROP": "HSE/GAR/OB/1 ACRE", "LOCAPROP": "", "CAT": "Residential-1", "RESCODE": "NS", "ACRESGL": 1.0, "REAL_FLV": 1263700, "HSTED_FLV": 0, "NRES_FLV": 1263700, "LAND_LV": 371000, "IMPRV_LV": 892700, "EQUIPVAL": 0, "EQUIPCODE": "", "INVENVAL": 0, "HSDECL": "N", "HSITEVAL": 1263700, "VETEXAMT": 0, "EXPDESC": "", "ENDDATE": "", "STATUTE": "", "EXAMT_HS": 0, "EXAMT_NR": 0, "UVREDUC_HS": 0, "UVREDUC_NR": 0, "GLVAL_HS": 0.0, "GLVAL_NR": 12637.0, "CRHOUSPCT": 0.0, "MUNGL1PCT": 12637.0, "AOEGL_HS": 0.0, "AOEGL_NR": 12637.0, "E911ADDR": "350 WINNICK RD", "SHAPE_Length": 0.004618172246029036, "SHAPE_Area": 4.393602874873816e-07}, "geometry": {"type": "MultiPolygon", "coordinates": [[[[-73.21635569599994, 43.63026398100004], [-73.21659642399999, 43.62962637700008], [-73.21673942499996, 43.629115597000066], [-73.21684087099999, 43.629108090000045], [-73.21680979699994, 43.62923782200005], [-73.21666391799994, 43.629809676000036], [-73.21756463299994, 43.629652587000066], [-73.21753850899995, 43.62971784900003], [-73.21746622399996, 43.62985347000006], [-73.21741844599995, 43.630084801000066], [-73.21741919699997, 43.63013566800004], [-73.21742000999996, 43.63014713300004], [-73.21681929899995, 43.63001910200006], [-73.21649811999998, 43.63022738500007], [-73.21635569599994, 43.63026398100004]]]]}}, {"type": "Feature", "properties": {"OBJECTID": 28991, "SPAN": "129-040-12089", "GLIST_SPAN": "129-040-12089", "MAPID": "23-20-16", "PARCID": "232000016.", "PROPTYPE": "PARCEL", "YEAR": 2023, "GLYEAR": 2022, "TOWN": "CASTLETON", "TNAME": "Castleton", "SOURCENAME": null, "SOURCETYPE": "UNKNOWN", "SOURCEDATE": "UNKNOWN", "EDITMETHOD": "UNKNOWN", "EDITOR": "UNKNOWN", "EDITDATE": "UNKNOWN", "MATCHSTAT": "MATCH", "EDITNOTE": "UNKNOWN", "OWNER1": "SMITH WILLIAM R JR", "OWNER2": "SMITH SUSAN", "ADDRGL1": "158 LITTLE RUTLAND RD", "ADDRGL2": "", "CITYGL": "BOMOSEEN", "STGL": "VT", "ZIPGL": "05732-7716", "DESCPROP": "HSE/LOT/OBS", "LOCAPROP": "", "CAT": "Residential-1", "RESCODE": "T", "ACRESGL": 0.69, "REAL_FLV": 160400, "HSTED_FLV": 160400, "NRES_FLV": 0, "LAND_LV": 41600, "IMPRV_LV": 118800, "EQUIPVAL": 0, "EQUIPCODE": "", "INVENVAL": 0, "HSDECL": "Y", "HSITEVAL": 160400, "VETEXAMT": 0, "EXPDESC": "", "ENDDATE": "", "STATUTE": "", "EXAMT_HS": 0, "EXAMT_NR": 0, "UVREDUC_HS": 0, "UVREDUC_NR": 0, "GLVAL_HS": 1604.0, "GLVAL_NR": 0.0, "CRHOUSPCT": 0.0, "MUNGL1PCT": 1604.0, "AOEGL_HS": 1604.0, "AOEGL_NR": 0.0, "E911ADDR": "158 LITTLE RUTLAND RD", "SHAPE_Length": 0.005411692776144387, "SHAPE_Area": 3.458807309931161e-07}, "geometry": {"type": "MultiPolygon", "coordinates": [[[[-73.21575575999998, 43.62921036800003], [-73.21577523799994, 43.62882784900006], [-73.21660179199995, 43.62876634500003], [-73.21693871999997, 43.62870296600005], [-73.21691401899994, 43.62880271600005], [-73.21777675099997, 43.628735447000054], [-73.21776662899998, 43.62876272500006], [-73.21759850199999, 43.628775834000066], [-73.21745204999996, 43.62878725400003], [-73.21722674199998, 43.628804821000074], [-73.21690755399999, 43.62882970800007], [-73.21687453599998, 43.62896754800005], [-73.21684087099999, 43.629108090000045], [-73.21673942499996, 43.629115597000066], [-73.21678788099996, 43.62891456500006], [-73.21640836199998, 43.628931796000074], [-73.21631595999997, 43.62890267100005], [-73.21625628199996, 43.629045062000046], [-73.21635004899997, 43.62908160300003], [-73.21634743299995, 43.62915919200003], [-73.21626854799996, 43.62916515100005], [-73.21575575999998, 43.62921036800003]]]]}}, {"type": "Feature", "properties": {"OBJECTID": 29185, "SPAN": "129-040-12297", "GLIST_SPAN": "129-040-12297", "MAPID": "23-20-19", "PARCID": "232000019.", "PROPTYPE": "PARCEL", "YEAR": 2023, "GLYEAR": 2022, "TOWN": "CASTLETON", "TNAME": "Castleton", "SOURCENAME": null, "SOURCETYPE": "UNKNOWN", "SOURCEDATE": "UNKNOWN", "EDITMETHOD": "UNKNOWN", "EDITOR": "UNKNOWN", "EDITDATE": "UNKNOWN", "MATCHSTAT": "MATCH", "EDITNOTE": "UNKNOWN", "OWNER1": "CSORGO MARK & DENISE", "OWNER2": "", "ADDRGL1": "392 WINNICK ROAD", "ADDRGL2": "", "CITYGL": "BOMOSEEN", "STGL": "VT", "ZIPGL": "07532", "DESCPROP": "DWLBLD &.84 ACRES", "LOCAPROP": "", "CAT": "Residential-1", "RESCODE": "T", "ACRESGL": 0.84, "REAL_FLV": 769500, "HSTED_FLV": 769500, "NRES_FLV": 0, "LAND_LV": 363000, "IMPRV_LV": 406500, "EQUIPVAL": 0, "EQUIPCODE": "", "INVENVAL": 0, "HSDECL": "Y", "HSITEVAL": 769500, "VETEXAMT": 0, "EXPDESC": "", "ENDDATE": "", "STATUTE": "", "EXAMT_HS": 0, "EXAMT_NR": 0, "UVREDUC_HS": 0, "UVREDUC_NR": 0, "GLVAL_HS": 7695.0, "GLVAL_NR": 0.0, "CRHOUSPCT": 0.0, "MUNGL1PCT": 7695.0, "AOEGL_HS": 7695.0, "AOEGL_NR": 0.0, "E911ADDR": "392 WINNICK RD", "SHAPE_Length": 0.002769906925907258, "SHAPE_Area": 3.7760987323889227e-07}, "geometry": {"type": "MultiPolygon", "coordinates": [[[[-73.21666391799994, 43.629809676000036], [-73.21680979699994, 43.62923782200005], [-73.21723427299997, 43.629304631000025], [-73.21764189899994, 43.62927155500006], [-73.21764244099995, 43.62932154200007], [-73.21762550999995, 43.62936820900006], [-73.21756751099997, 43.62938974100007], [-73.21756304399997, 43.62950400600005], [-73.21755210999999, 43.62956760600008], [-73.21756451099998, 43.62962680600003], [-73.21756515899995, 43.629651272000046], [-73.21756463299994, 43.629652587000066], [-73.21666391799994, 43.629809676000036]]]]}}, {"type": "Feature", "properties": {"OBJECTID": 27198, "SPAN": "129-040-10107", "GLIST_SPAN": "129-040-10107", "MAPID": "23-20-10", "PARCID": "232000010.", "PROPTYPE": "PARCEL", "YEAR": 2023, "GLYEAR": 2022, "TOWN": "CASTLETON", "TNAME": "Castleton", "SOURCENAME": null, "SOURCETYPE": "UNKNOWN", "SOURCEDATE": "UNKNOWN", "EDITMETHOD": "UNKNOWN", "EDITOR": "UNKNOWN", "EDITDATE": "UNKNOWN", "MATCHSTAT": "MATCH", "EDITNOTE": "UNKNOWN", "OWNER1": "BALCH CHRISTINE", "OWNER2": "BALCH DEWEY G", "ADDRGL1": "1571 DRAKE RD", "ADDRGL2": "", "CITYGL": "BOMOSEEN", "STGL": "VT", "ZIPGL": "05732", "DESCPROP": "HSE/1.04 ACRES; DRAKE RD", "LOCAPROP": "", "CAT": "Residential-1", "RESCODE": "T", "ACRESGL": 1.04, "REAL_FLV": 123900, "HSTED_FLV": 123900, "NRES_FLV": 0, "LAND_LV": 45100, "IMPRV_LV": 78800, "EQUIPVAL": 0, "EQUIPCODE": "", "INVENVAL": 0, "HSDECL": "Y", "HSITEVAL": 123900, "VETEXAMT": 0, "EXPDESC": "", "ENDDATE": "", "STATUTE": "", "EXAMT_HS": 0, "EXAMT_NR": 0, "UVREDUC_HS": 0, "UVREDUC_NR": 0, "GLVAL_HS": 1239.0, "GLVAL_NR": 0.0, "CRHOUSPCT": 0.0, "MUNGL1PCT": 1239.0, "AOEGL_HS": 1239.0, "AOEGL_NR": 0.0, "E911ADDR": "1571 DRAKE RD", "SHAPE_Length": 0.003549720426755867, "SHAPE_Area": 4.070545687721706e-07}, "geometry": {"type": "MultiPolygon", "coordinates": [[[[-73.21257801399997, 43.63049129500007], [-73.21398885099995, 43.63040377000004], [-73.21408240399995, 43.630669554000065], [-73.21251884299994, 43.630772198000045], [-73.21255340599998, 43.63064516900005], [-73.21257801399997, 43.63049129500007]]]]}}, {"type": "Feature", "properties": {"OBJECTID": 28106, "SPAN": "129-040-11155", "GLIST_SPAN": "129-040-11155", "MAPID": "23-20-12", "PARCID": "232000012.", "PROPTYPE": "PARCEL", "YEAR": 2023, "GLYEAR": 2022, "TOWN": "CASTLETON", "TNAME": "Castleton", "SOURCENAME": null, "SOURCETYPE": "UNKNOWN", "SOURCEDATE": "UNKNOWN", "EDITMETHOD": "UNKNOWN", "EDITOR": "UNKNOWN", "EDITDATE": "UNKNOWN", "MATCHSTAT": "MATCH", "EDITNOTE": "UNKNOWN", "OWNER1": "JOHNSON JEFFREY D", "OWNER2": "JOHNSON JERILYN", "ADDRGL1": "1525 DRAKE RD", "ADDRGL2": "", "CITYGL": "BOMOSEEN", "STGL": "VT", "ZIPGL": "05732", "DESCPROP": "HSE/GAR/OB/3.55 ACRES; DRAKE RD", "LOCAPROP": "", "CAT": "Residential-1", "RESCODE": "T", "ACRESGL": 3.55, "REAL_FLV": 233400, "HSTED_FLV": 233400, "NRES_FLV": 0, "LAND_LV": 52600, "IMPRV_LV": 180800, "EQUIPVAL": 0, "EQUIPCODE": "", "INVENVAL": 0, "HSDECL": "Y", "HSITEVAL": 228700, "VETEXAMT": 0, "EXPDESC": "", "ENDDATE": "", "STATUTE": "", "EXAMT_HS": 0, "EXAMT_NR": 0, "UVREDUC_HS": 0, "UVREDUC_NR": 0, "GLVAL_HS": 2334.0, "GLVAL_NR": 0.0, "CRHOUSPCT": 0.0, "MUNGL1PCT": 2334.0, "AOEGL_HS": 2334.0, "AOEGL_NR": 0.0, "E911ADDR": "1525 DRAKE RD", "SHAPE_Length": 0.007077514519584479, "SHAPE_Area": 1.6663164925776326e-06}, "geometry": {"type": "MultiPolygon", "coordinates": [[[[-73.21262076999994, 43.63022394400008], [-73.21266444899999, 43.629777783000065], [-73.21267415899996, 43.62946896200003], [-73.21375945199998, 43.62968031200006], [-73.21447080599995, 43.62981883400005], [-73.21491623399999, 43.62957811500007], [-73.21516820699998, 43.629561221000074], [-73.21520263399998, 43.63008869500004], [-73.21391400899995, 43.63019114200006], [-73.21398885099995, 43.63040377000004], [-73.21257801399997, 43.63049129500007], [-73.21262076999994, 43.63022394400008]]]]}}, {"type": "Feature", "properties": {"OBJECTID": 28379, "SPAN": "129-040-11457", "GLIST_SPAN": "129-040-11457", "MAPID": "04-02-07.2", "PARCID": "040200007.2", "PROPTYPE": "PARCEL", "YEAR": 2023, "GLYEAR": 2022, "TOWN": "CASTLETON", "TNAME": "Castleton", "SOURCENAME": null, "SOURCETYPE": "UNKNOWN", "SOURCEDATE": "UNKNOWN", "EDITMETHOD": "UNKNOWN", "EDITOR": "UNKNOWN", "EDITDATE": "UNKNOWN", "MATCHSTAT": "MATCH", "EDITNOTE": "UNKNOWN", "OWNER1": "MARTIN WILLIAM C", "OWNER2": "BUSHEE KATHLEEN", "ADDRGL1": "113 WINNICK RD", "ADDRGL2": "", "CITYGL": "BOMOSEEN", "STGL": "VT", "ZIPGL": "05732", "DESCPROP": "HSE/LAND; WINNICK RD", "LOCAPROP": "", "CAT": "Residential-1", "RESCODE": "T", "ACRESGL": 3.23, "REAL_FLV": 241200, "HSTED_FLV": 241200, "NRES_FLV": 0, "LAND_LV": 69200, "IMPRV_LV": 172000, "EQUIPVAL": 0, "EQUIPCODE": "", "INVENVAL": 0, "HSDECL": "Y", "HSITEVAL": 237500, "VETEXAMT": 0, "EXPDESC": "", "ENDDATE": "", "STATUTE": "", "EXAMT_HS": 0, "EXAMT_NR": 0, "UVREDUC_HS": 0, "UVREDUC_NR": 0, "GLVAL_HS": 2412.0, "GLVAL_NR": 0.0, "CRHOUSPCT": 0.0, "MUNGL1PCT": 2412.0, "AOEGL_HS": 2412.0, "AOEGL_NR": 0.0, "E911ADDR": "113 WINNICK RD", "SHAPE_Length": 0.006190668556854718, "SHAPE_Area": 1.4888585044002841e-06}, "geometry": {"type": "MultiPolygon", "coordinates": [[[[-73.21419019199993, 43.63096382600003], [-73.21410111599994, 43.63072271100003], [-73.21592144999994, 43.630571144000044], [-73.21651939299994, 43.630634616000066], [-73.21631199199999, 43.630873672000064], [-73.21626187099997, 43.63086143600003], [-73.21587178499993, 43.63076587000006], [-73.21575797499997, 43.63088213000003], [-73.21555883699995, 43.63103228700004], [-73.21544820999998, 43.63113312400003], [-73.21537431699994, 43.63122883600005], [-73.21528734099996, 43.631392650000066], [-73.21520282499995, 43.63158327300005], [-73.21512164299997, 43.63168544200005], [-73.21500130799996, 43.63178023100005], [-73.21489679899997, 43.63180404500008], [-73.21456491099997, 43.63175068100003], [-73.21436839199998, 43.63163057700007], [-73.21423869699998, 43.63138758200006], [-73.21419019199993, 43.63096382600003]]]]}}, {"type": "Feature", "properties": {"OBJECTID": 28395, "SPAN": "129-040-11474", "GLIST_SPAN": "129-040-11474", "MAPID": "23-20-12.1", "PARCID": "232000012.1", "PROPTYPE": "PARCEL", "YEAR": 2023, "GLYEAR": 2022, "TOWN": "CASTLETON", "TNAME": "Castleton", "SOURCENAME": null, "SOURCETYPE": "UNKNOWN", "SOURCEDATE": "UNKNOWN", "EDITMETHOD": "UNKNOWN", "EDITOR": "UNKNOWN", "EDITDATE": "UNKNOWN", "MATCHSTAT": "MATCH", "EDITNOTE": "UNKNOWN", "OWNER1": "MAYNARD WILLIAM P & RUTH A LE", "OWNER2": "", "ADDRGL1": "1475 DRAKE RD", "ADDRGL2": "", "CITYGL": "BOMOSEEN", "STGL": "VT", "ZIPGL": "05732", "DESCPROP": "HSE/1.1 ACRES; DRAKE RD", "LOCAPROP": "", "CAT": "Residential-1", "RESCODE": "T", "ACRESGL": 1.1, "REAL_FLV": 138200, "HSTED_FLV": 138200, "NRES_FLV": 0, "LAND_LV": 45300, "IMPRV_LV": 92900, "EQUIPVAL": 0, "EQUIPCODE": "", "INVENVAL": 0, "HSDECL": "Y", "HSITEVAL": 138200, "VETEXAMT": 0, "EXPDESC": "", "ENDDATE": "", "STATUTE": "", "EXAMT_HS": 0, "EXAMT_NR": 0, "UVREDUC_HS": 0, "UVREDUC_NR": 0, "GLVAL_HS": 1382.0, "GLVAL_NR": 0.0, "CRHOUSPCT": 0.0, "MUNGL1PCT": 1382.0, "AOEGL_HS": 1382.0, "AOEGL_NR": 0.0, "E911ADDR": "1475 DRAKE RD", "SHAPE_Length": 0.00308717888923324, "SHAPE_Area": 5.214890405898329e-07}, "geometry": {"type": "MultiPolygon", "coordinates": [[[[-73.21268691499995, 43.62905759800003], [-73.21353225999997, 43.62899471900005], [-73.21375945199998, 43.62968031200006], [-73.21267415899996, 43.62946896200003], [-73.21267714499999, 43.62937396800004], [-73.21268691499995, 43.62905759800003]]]]}}, {"type": "Feature", "properties": {"OBJECTID": 28674, "SPAN": "129-040-10218", "GLIST_SPAN": "129-040-10218", "MAPID": "23-21-10", "PARCID": "232100010.", "PROPTYPE": "PARCEL", "YEAR": 2023, "GLYEAR": 2022, "TOWN": "CASTLETON", "TNAME": "Castleton", "SOURCENAME": null, "SOURCETYPE": "UNKNOWN", "SOURCEDATE": "UNKNOWN", "EDITMETHOD": "UNKNOWN", "EDITOR": "UNKNOWN", "EDITDATE": "UNKNOWN", "MATCHSTAT": "MATCH", "EDITNOTE": "UNKNOWN", "OWNER1": "BOUTWELL TODD", "OWNER2": "", "ADDRGL1": "1500 DRAKE RD", "ADDRGL2": "", "CITYGL": "BOMOSEEN", "STGL": "VT", "ZIPGL": "05732", "DESCPROP": "HSE/LOT; DRAKE RD", "LOCAPROP": "", "CAT": "Residential-1", "RESCODE": "T", "ACRESGL": 0.67, "REAL_FLV": 100600, "HSTED_FLV": 0, "NRES_FLV": 100600, "LAND_LV": 39100, "IMPRV_LV": 61500, "EQUIPVAL": 0, "EQUIPCODE": "", "INVENVAL": 0, "HSDECL": "N", "HSITEVAL": 100600, "VETEXAMT": 0, "EXPDESC": "", "ENDDATE": "", "STATUTE": "", "EXAMT_HS": 0, "EXAMT_NR": 0, "UVREDUC_HS": 0, "UVREDUC_NR": 0, "GLVAL_HS": 0.0, "GLVAL_NR": 1006.0, "CRHOUSPCT": 0.0, "MUNGL1PCT": 1006.0, "AOEGL_HS": 0.0, "AOEGL_NR": 1006.0, "E911ADDR": "1466 DRAKE RD", "SHAPE_Length": 0.002313872460309622, "SHAPE_Area": 2.6286351277310306e-07}, "geometry": {"type": "MultiPolygon", "coordinates": [[[[-73.21163090299996, 43.62913707200005], [-73.21249777999998, 43.62906569300003], [-73.21248835599994, 43.62937083700007], [-73.21248809299993, 43.62937919500007], [-73.21167164299999, 43.62944565400005], [-73.21163090299996, 43.62913707200005]]]]}}, {"type": "Feature", "properties": {"OBJECTID": 28699, "SPAN": "129-040-10815", "GLIST_SPAN": "129-040-10815", "MAPID": "23-20-07", "PARCID": "232000007.", "PROPTYPE": "PARCEL", "YEAR": 2023, "GLYEAR": 2022, "TOWN": "CASTLETON", "TNAME": "Castleton", "SOURCENAME": null, "SOURCETYPE": "UNKNOWN", "SOURCEDATE": "UNKNOWN", "EDITMETHOD": "UNKNOWN", "EDITOR": "UNKNOWN", "EDITDATE": "UNKNOWN", "MATCHSTAT": "MATCH", "EDITNOTE": "UNKNOWN", "OWNER1": "FORTE GUIDO P JR REVOCABLE TRUST", "OWNER2": "FORTE HELEN", "ADDRGL1": "9 UPLAND DR", "ADDRGL2": "", "CITYGL": "RUTLAND", "STGL": "VT", "ZIPGL": "05701", "DESCPROP": "COT/LOT; LITTLE RUTLAND;INCL 23-20-08", "LOCAPROP": "", "CAT": "Residential-1", "RESCODE": "S", "ACRESGL": 2.12, "REAL_FLV": 430500, "HSTED_FLV": 0, "NRES_FLV": 430500, "LAND_LV": 333600, "IMPRV_LV": 96900, "EQUIPVAL": 0, "EQUIPCODE": "", "INVENVAL": 0, "HSDECL": "N", "HSITEVAL": 429200, "VETEXAMT": 0, "EXPDESC": "", "ENDDATE": "", "STATUTE": "", "EXAMT_HS": 0, "EXAMT_NR": 0, "UVREDUC_HS": 0, "UVREDUC_NR": 0, "GLVAL_HS": 0.0, "GLVAL_NR": 4305.0, "CRHOUSPCT": 0.0, "MUNGL1PCT": 4305.0, "AOEGL_HS": 0.0, "AOEGL_NR": 4305.0, "E911ADDR": "348 WINNICK RD", "SHAPE_Length": 0.005944945729073059, "SHAPE_Area": 9.59199421918631e-07}, "geometry": {"type": "MultiPolygon", "coordinates": [[[[-73.21600740099996, 43.63052020400005], [-73.21602899499999, 43.63002665300007], [-73.21598746299998, 43.63002740700006], [-73.21626854799996, 43.62916515100005], [-73.21634743299995, 43.62915919200003], [-73.21673942499996, 43.629115597000066], [-73.21659642399999, 43.62962637700008], [-73.21635569599994, 43.63026398100004], [-73.21649811999998, 43.63022738500007], [-73.21681929899995, 43.63001910200006], [-73.21742000999996, 43.63014713300004], [-73.21742131299999, 43.63016550200007], [-73.21741444599996, 43.63023720000007], [-73.21739718099997, 43.630316607000054], [-73.21738416699998, 43.63038504100007], [-73.21737750499994, 43.63043315500005], [-73.21735336999996, 43.63045901600003], [-73.21667317899994, 43.630476428000065], [-73.21600740099996, 43.63052020400005]]]]}}, {"type": "Feature", "properties": {"OBJECTID": 28716, "SPAN": "129-040-10234", "GLIST_SPAN": "129-040-10234", "MAPID": "23-20-04", "PARCID": "232000004.", "PROPTYPE": "PARCEL", "YEAR": 2023, "GLYEAR": 2022, "TOWN": "CASTLETON", "TNAME": "Castleton", "SOURCENAME": null, "SOURCETYPE": "UNKNOWN", "SOURCEDATE": "UNKNOWN", "EDITMETHOD": "UNKNOWN", "EDITOR": "UNKNOWN", "EDITDATE": "UNKNOWN", "MATCHSTAT": "MATCH", "EDITNOTE": "UNKNOWN", "OWNER1": "BREWER ANDREW P", "OWNER2": "", "ADDRGL1": "94 CRAVER RD", "ADDRGL2": "", "CITYGL": "WEST SAND LAKE", "STGL": "NY", "ZIPGL": "12196", "DESCPROP": "COT/LOT; LITTLE RUTLAND", "LOCAPROP": "", "CAT": "Residential-1", "RESCODE": "T", "ACRESGL": 0.28, "REAL_FLV": 286400, "HSTED_FLV": 0, "NRES_FLV": 286400, "LAND_LV": 249900, "IMPRV_LV": 36500, "EQUIPVAL": 0, "EQUIPCODE": "", "INVENVAL": 0, "HSDECL": "N", "HSITEVAL": 286400, "VETEXAMT": 0, "EXPDESC": "", "ENDDATE": "", "STATUTE": "", "EXAMT_HS": 0, "EXAMT_NR": 0, "UVREDUC_HS": 0, "UVREDUC_NR": 0, "GLVAL_HS": 0.0, "GLVAL_NR": 2864.0, "CRHOUSPCT": 0.0, "MUNGL1PCT": 2864.0, "AOEGL_HS": 0.0, "AOEGL_NR": 2864.0, "E911ADDR": "94 LAKEVIEW LN", "SHAPE_Length": 0.0014309492981129366, "SHAPE_Area": 1.1411824334973035e-07}, "geometry": {"type": "MultiPolygon", "coordinates": [[[[-73.21608708599996, 43.63116831600007], [-73.21625517299998, 43.63094487600006], [-73.21667411799996, 43.63108362400004], [-73.21651205399996, 43.631282989000056], [-73.21650067599995, 43.631298738000055], [-73.21608708599996, 43.63116831600007]]]]}}, {"type": "Feature", "properties": {"OBJECTID": 28728, "SPAN": "129-040-10241", "GLIST_SPAN": "129-040-10241", "MAPID": "23-20-03", "PARCID": "232000003.", "PROPTYPE": "PARCEL", "YEAR": 2023, "GLYEAR": 2022, "TOWN": "CASTLETON", "TNAME": "Castleton", "SOURCENAME": null, "SOURCETYPE": "UNKNOWN", "SOURCEDATE": "UNKNOWN", "EDITMETHOD": "UNKNOWN", "EDITOR": "UNKNOWN", "EDITDATE": "UNKNOWN", "MATCHSTAT": "MATCH", "EDITNOTE": "UNKNOWN", "OWNER1": "BRIMMER JOHN E", "OWNER2": "WELSH CATHLEEN P", "ADDRGL1": "1340 LAKEVIEW CIRCLE", "ADDRGL2": "", "CITYGL": "HARRISONBURG", "STGL": "VA", "ZIPGL": "22801", "DESCPROP": "COT/LOT; LAKEVIEW LANE", "LOCAPROP": "", "CAT": "Residential-1", "RESCODE": "NS", "ACRESGL": 0.32, "REAL_FLV": 383900, "HSTED_FLV": 0, "NRES_FLV": 383900, "LAND_LV": 255000, "IMPRV_LV": 128900, "EQUIPVAL": 0, "EQUIPCODE": "", "INVENVAL": 0, "HSDECL": "N", "HSITEVAL": 383900, "VETEXAMT": 0, "EXPDESC": "", "ENDDATE": "", "STATUTE": "", "EXAMT_HS": 0, "EXAMT_NR": 0, "UVREDUC_HS": 0, "UVREDUC_NR": 0, "GLVAL_HS": 0.0, "GLVAL_NR": 3839.0, "CRHOUSPCT": 0.0, "MUNGL1PCT": 3839.0, "AOEGL_HS": 0.0, "AOEGL_NR": 3839.0, "E911ADDR": "80 LAKEVIEW LN", "SHAPE_Length": 0.0014435795513810846, "SHAPE_Area": 1.2066428129698737e-07}, "geometry": {"type": "MultiPolygon", "coordinates": [[[[-73.21592885299998, 43.631428277000055], [-73.21608708599996, 43.63116831600007], [-73.21650067599995, 43.631298738000055], [-73.21630549899999, 43.63153201400007], [-73.21629870899994, 43.631540130000076], [-73.21592976799997, 43.63143205200004], [-73.21592698899997, 43.63143123800006], [-73.21592726099993, 43.631430892000026], [-73.21592885299998, 43.631428277000055]]]]}}, {"type": "Feature", "properties": {"OBJECTID": 28845, "SPAN": "129-040-11931", "GLIST_SPAN": "129-040-11931", "MAPID": "23-20-17", "PARCID": "232000017.", "PROPTYPE": "PARCEL", "YEAR": 2023, "GLYEAR": 2022, "TOWN": "CASTLETON", "TNAME": "Castleton", "SOURCENAME": null, "SOURCETYPE": "UNKNOWN", "SOURCEDATE": "UNKNOWN", "EDITMETHOD": "UNKNOWN", "EDITOR": "UNKNOWN", "EDITDATE": "UNKNOWN", "MATCHSTAT": "MATCH", "EDITNOTE": "UNKNOWN", "OWNER1": "ROSEN HEATHER M", "OWNER2": "", "ADDRGL1": "50 EAST 79TH ST APT# 9A", "ADDRGL2": "", "CITYGL": "NEW YORK", "STGL": "NY", "ZIPGL": "10075", "DESCPROP": "DWELLING AND LAND", "LOCAPROP": "", "CAT": "Residential-1", "RESCODE": "NS", "ACRESGL": 0.2, "REAL_FLV": 189800, "HSTED_FLV": 0, "NRES_FLV": 189800, "LAND_LV": 34000, "IMPRV_LV": 155800, "EQUIPVAL": 0, "EQUIPCODE": "", "INVENVAL": 0, "HSDECL": "N", "HSITEVAL": 189800, "VETEXAMT": 0, "EXPDESC": "", "ENDDATE": "", "STATUTE": "", "EXAMT_HS": 0, "EXAMT_NR": 0, "UVREDUC_HS": 0, "UVREDUC_NR": 0, "GLVAL_HS": 0.0, "GLVAL_NR": 1898.0, "CRHOUSPCT": 0.0, "MUNGL1PCT": 1898.0, "AOEGL_HS": 0.0, "AOEGL_NR": 1898.0, "E911ADDR": "353 WINNICK RD", "SHAPE_Length": 0.0014106512943159405, "SHAPE_Area": 9.85736934041939e-08}, "geometry": {"type": "MultiPolygon", "coordinates": [[[[-73.21625628199996, 43.629045062000046], [-73.21631595999997, 43.62890267100005], [-73.21640836199998, 43.628931796000074], [-73.21678788099996, 43.62891456500006], [-73.21673942499996, 43.629115597000066], [-73.21634743299995, 43.62915919200003], [-73.21635004899997, 43.62908160300003], [-73.21625628199996, 43.629045062000046]]]]}}, {"type": "Feature", "properties": {"OBJECTID": 29427, "SPAN": "129-040-10906", "GLIST_SPAN": "129-040-10906", "MAPID": "23-20-06", "PARCID": "232000006.", "PROPTYPE": "PARCEL", "YEAR": 2023, "GLYEAR": 2022, "TOWN": "CASTLETON", "TNAME": "Castleton", "SOURCENAME": null, "SOURCETYPE": "UNKNOWN", "SOURCEDATE": "UNKNOWN", "EDITMETHOD": "UNKNOWN", "EDITOR": "UNKNOWN", "EDITDATE": "UNKNOWN", "MATCHSTAT": "MATCH", "EDITNOTE": "UNKNOWN", "OWNER1": "GOETSCHIUS SUSAN B", "OWNER2": "", "ADDRGL1": "136 LAKEVIEW LANE", "ADDRGL2": "", "CITYGL": "BOMOSEEN", "STGL": "VT", "ZIPGL": "05732", "DESCPROP": "COT/LOT/ INCLUDES 040200007-6", "LOCAPROP": "", "CAT": "Residential-1", "RESCODE": "T", "ACRESGL": 0.27, "REAL_FLV": 408500, "HSTED_FLV": 408500, "NRES_FLV": 0, "LAND_LV": 255400, "IMPRV_LV": 153100, "EQUIPVAL": 0, "EQUIPCODE": "", "INVENVAL": 0, "HSDECL": "Y", "HSITEVAL": 408500, "VETEXAMT": 0, "EXPDESC": "", "ENDDATE": "", "STATUTE": "", "EXAMT_HS": 0, "EXAMT_NR": 0, "UVREDUC_HS": 0, "UVREDUC_NR": 0, "GLVAL_HS": 4085.0, "GLVAL_NR": 0.0, "CRHOUSPCT": 0.0, "MUNGL1PCT": 4085.0, "AOEGL_HS": 4085.0, "AOEGL_NR": 0.0, "E911ADDR": "136 LAKEVIEW LN", "SHAPE_Length": 0.0027134797140587574, "SHAPE_Area": 1.3338189929153087e-07}, "geometry": {"type": "MultiPolygon", "coordinates": [[[[-73.21660532399994, 43.63053557100005], [-73.21721931299999, 43.63051769000003], [-73.21717951399995, 43.63057313000007], [-73.21698751599996, 43.63070179500005], [-73.21689573699996, 43.630769384000075], [-73.21651939299994, 43.630634616000066], [-73.21592144999994, 43.630571144000044], [-73.21630209599994, 43.63055467000004], [-73.21660532399994, 43.63053557100005]]]]}}, {"type": "Feature", "properties": {"OBJECTID": 29566, "SPAN": "129-040-11624", "GLIST_SPAN": "129-040-11624", "MAPID": "23-20-11", "PARCID": "232000011.", "PROPTYPE": "PARCEL", "YEAR": 2023, "GLYEAR": 2022, "TOWN": "CASTLETON", "TNAME": "Castleton", "SOURCENAME": null, "SOURCETYPE": "UNKNOWN", "SOURCEDATE": "UNKNOWN", "EDITMETHOD": "UNKNOWN", "EDITOR": "UNKNOWN", "EDITDATE": "UNKNOWN", "MATCHSTAT": "MATCH", "EDITNOTE": "UNKNOWN", "OWNER1": "OCONNOR LAWRENCE J", "OWNER2": "IVEY NANCY", "ADDRGL1": "1619 DRAKE RD", "ADDRGL2": "", "CITYGL": "BOMOSEEN", "STGL": "VTVT", "ZIPGL": "05732", "DESCPROP": "HSE/OB/2.26 ACRES; DRAKE RD", "LOCAPROP": "", "CAT": "Residential-1", "RESCODE": "T", "ACRESGL": 2.26, "REAL_FLV": 250700, "HSTED_FLV": 0, "NRES_FLV": 250700, "LAND_LV": 48800, "IMPRV_LV": 201900, "EQUIPVAL": 0, "EQUIPCODE": "", "INVENVAL": 0, "HSDECL": "N", "HSITEVAL": 183273, "VETEXAMT": 0, "EXPDESC": "", "ENDDATE": "", "STATUTE": "", "EXAMT_HS": 0, "EXAMT_NR": 0, "UVREDUC_HS": 0, "UVREDUC_NR": 0, "GLVAL_HS": 0.0, "GLVAL_NR": 2507.0, "CRHOUSPCT": 0.0, "MUNGL1PCT": 2507.0, "AOEGL_HS": 0.0, "AOEGL_NR": 2507.0, "E911ADDR": "1619 DRAKE RD", "SHAPE_Length": 0.004142836079056539, "SHAPE_Area": 1.0167187819778034e-06}, "geometry": {"type": "MultiPolygon", "coordinates": [[[[-73.21247262799994, 43.63088085500004], [-73.21349555699999, 43.630821162000075], [-73.21301327499998, 43.63179426900007], [-73.21274334099996, 43.631986149000056], [-73.21198956799998, 43.63156351100008], [-73.21240528099997, 43.63098084100005], [-73.21247155099996, 43.63088091800006], [-73.21247262799994, 43.63088085500004]]]]}}, {"type": "Feature", "properties": {"OBJECTID": 29594, "SPAN": "129-040-10496", "GLIST_SPAN": "129-040-10496", "MAPID": "23-20-09", "PARCID": "232000009.", "PROPTYPE": "PARCEL", "YEAR": 2023, "GLYEAR": 2022, "TOWN": "CASTLETON", "TNAME": "Castleton", "SOURCENAME": null, "SOURCETYPE": "UNKNOWN", "SOURCEDATE": "UNKNOWN", "EDITMETHOD": "UNKNOWN", "EDITOR": "UNKNOWN", "EDITDATE": "UNKNOWN", "MATCHSTAT": "MATCH", "EDITNOTE": "UNKNOWN", "OWNER1": "CLINCH HELEN LE", "OWNER2": "", "ADDRGL1": "6 BLACK PINE ROAD", "ADDRGL2": "", "CITYGL": "HOLLAND", "STGL": "PA", "ZIPGL": "18966", "DESCPROP": "COT/4.13 ACRES;INCLUDES 232000009-1", "LOCAPROP": "", "CAT": "Residential-1", "RESCODE": "NS", "ACRESGL": 4.13, "REAL_FLV": 168800, "HSTED_FLV": 0, "NRES_FLV": 168800, "LAND_LV": 80000, "IMPRV_LV": 88800, "EQUIPVAL": 0, "EQUIPCODE": "", "INVENVAL": 0, "HSDECL": "N", "HSITEVAL": 162400, "VETEXAMT": 0, "EXPDESC": "", "ENDDATE": "", "STATUTE": "", "EXAMT_HS": 0, "EXAMT_NR": 0, "UVREDUC_HS": 0, "UVREDUC_NR": 0, "GLVAL_HS": 0.0, "GLVAL_NR": 1688.0, "CRHOUSPCT": 0.0, "MUNGL1PCT": 1688.0, "AOEGL_HS": 0.0, "AOEGL_NR": 1688.0, "E911ADDR": "77 WINNICK RD", "SHAPE_Length": 0.013027004148313192, "SHAPE_Area": 1.8610356226860707e-06}, "geometry": {"type": "MultiPolygon", "coordinates": [[[[-73.21408240399995, 43.630669554000065], [-73.21398885099995, 43.63040377000004], [-73.21391400899995, 43.63019114200006], [-73.21520263399998, 43.63008869500004], [-73.21516820699998, 43.629561221000074], [-73.21573984699995, 43.629522895000036], [-73.21575575999998, 43.62921036800003], [-73.21626854799996, 43.62916515100005], [-73.21598746299998, 43.63002740700006], [-73.21602899499999, 43.63002665300007], [-73.21600740099996, 43.63052020400005], [-73.21667317899994, 43.630476428000065], [-73.21735336999996, 43.63045901600003], [-73.21721931299999, 43.63051769000003], [-73.21660532399994, 43.63053557100005], [-73.21630209599994, 43.63055467000004], [-73.21592144999994, 43.630571144000044], [-73.21410111599994, 43.63072271100003], [-73.21249617199999, 43.63082807100005], [-73.21251532199994, 43.63078514100005], [-73.21251884299994, 43.630772198000045], [-73.21408240399995, 43.630669554000065]]]]}}, {"type": "Feature", "properties": {"OBJECTID": 29827, "SPAN": "129-040-11741", "GLIST_SPAN": "129-040-11741", "MAPID": "23-20-13", "PARCID": "232000013.", "PROPTYPE": "PARCEL", "YEAR": 2023, "GLYEAR": 2022, "TOWN": "CASTLETON", "TNAME": "Castleton", "SOURCENAME": null, "SOURCETYPE": "UNKNOWN", "SOURCEDATE": "UNKNOWN", "EDITMETHOD": "UNKNOWN", "EDITOR": "UNKNOWN", "EDITDATE": "UNKNOWN", "MATCHSTAT": "MATCH", "EDITNOTE": "UNKNOWN", "OWNER1": "PETERSON KARL ERIK J", "OWNER2": "DEVINE TARA J", "ADDRGL1": "118 LITTLE RUTLAND ROAD", "ADDRGL2": "", "CITYGL": "BOMOSEEN", "STGL": "VT", "ZIPGL": "05732", "DESCPROP": "HSE/GAR/LAND", "LOCAPROP": "", "CAT": "Residential-1", "RESCODE": "T", "ACRESGL": 3.53, "REAL_FLV": 211400, "HSTED_FLV": 211400, "NRES_FLV": 0, "LAND_LV": 57600, "IMPRV_LV": 153800, "EQUIPVAL": 0, "EQUIPCODE": "", "INVENVAL": 0, "HSDECL": "Y", "HSITEVAL": 206800, "VETEXAMT": 0, "EXPDESC": "", "ENDDATE": "", "STATUTE": "", "EXAMT_HS": 0, "EXAMT_NR": 0, "UVREDUC_HS": 0, "UVREDUC_NR": 0, "GLVAL_HS": 2114.0, "GLVAL_NR": 0.0, "CRHOUSPCT": 0.0, "MUNGL1PCT": 2114.0, "AOEGL_HS": 2114.0, "AOEGL_NR": 0.0, "E911ADDR": "118 LITTLE RUTLAND RD", "SHAPE_Length": 0.005723869008105491, "SHAPE_Area": 1.579603762264399e-06}, "geometry": {"type": "MultiPolygon", "coordinates": [[[[-73.21471949999994, 43.62890639800003], [-73.21577523799994, 43.62882784900006], [-73.21575575999998, 43.62921036800003], [-73.21573984699995, 43.629522895000036], [-73.21516820699998, 43.629561221000074], [-73.21491623399999, 43.62957811500007], [-73.21447080599995, 43.62981883400005], [-73.21375945199998, 43.62968031200006], [-73.21353225999997, 43.62899471900005], [-73.21471949999994, 43.62890639800003]]]]}}, {"type": "Feature", "properties": {"OBJECTID": 29883, "SPAN": "129-040-11802", "GLIST_SPAN": "129-040-11802", "MAPID": "23-20-05", "PARCID": "232000005.", "PROPTYPE": "PARCEL", "YEAR": 2023, "GLYEAR": 2022, "TOWN": "CASTLETON", "TNAME": "Castleton", "SOURCENAME": null, "SOURCETYPE": "UNKNOWN", "SOURCEDATE": "UNKNOWN", "EDITMETHOD": "UNKNOWN", "EDITOR": "UNKNOWN", "EDITDATE": "UNKNOWN", "MATCHSTAT": "MATCH", "EDITNOTE": "UNKNOWN", "OWNER1": "PROCTOR SUSAN ANDERSON", "OWNER2": "", "ADDRGL1": "355 DRAKE ROAD", "ADDRGL2": "", "CITYGL": "BOMOSEEN", "STGL": "VT", "ZIPGL": "05732", "DESCPROP": "COT/LOT; LITTLE RUTLAND", "LOCAPROP": "", "CAT": "Residential-1", "RESCODE": "T", "ACRESGL": 0.35, "REAL_FLV": 298200, "HSTED_FLV": 0, "NRES_FLV": 298200, "LAND_LV": 266600, "IMPRV_LV": 31600, "EQUIPVAL": 0, "EQUIPCODE": "", "INVENVAL": 0, "HSDECL": "N", "HSITEVAL": 298200, "VETEXAMT": 0, "EXPDESC": "", "ENDDATE": "", "STATUTE": "", "EXAMT_HS": 0, "EXAMT_NR": 0, "UVREDUC_HS": 0, "UVREDUC_NR": 0, "GLVAL_HS": 0.0, "GLVAL_NR": 2982.0, "CRHOUSPCT": 0.0, "MUNGL1PCT": 2982.0, "AOEGL_HS": 0.0, "AOEGL_NR": 2982.0, "E911ADDR": "116 LAKEVIEW LN", "SHAPE_Length": 0.001633676859963515, "SHAPE_Area": 1.5978249229354076e-07}, "geometry": {"type": "MultiPolygon", "coordinates": [[[[-73.21631199199999, 43.630873672000064], [-73.21651939299994, 43.630634616000066], [-73.21689573699996, 43.630769384000075], [-73.21676085199994, 43.63097692500003], [-73.21667411799996, 43.63108362400004], [-73.21625517299998, 43.63094487600006], [-73.21631199199999, 43.630873672000064]]]]}}, {"type": "Feature", "properties": {"OBJECTID": 30235, "SPAN": "129-040-12637", "GLIST_SPAN": "129-040-12637", "MAPID": "23-20-01.1", "PARCID": "232000001.1", "PROPTYPE": "PARCEL", "YEAR": 2023, "GLYEAR": 2022, "TOWN": "CASTLETON", "TNAME": "Castleton", "SOURCENAME": null, "SOURCETYPE": "UNKNOWN", "SOURCEDATE": "UNKNOWN", "EDITMETHOD": "UNKNOWN", "EDITOR": "UNKNOWN", "EDITDATE": "UNKNOWN", "MATCHSTAT": "MATCH", "EDITNOTE": "UNKNOWN", "OWNER1": "BELDEN BRUCE", "OWNER2": "BELDEN VERLENE", "ADDRGL1": "15 BELDEN ROAD", "ADDRGL2": "", "CITYGL": "RUTLAND", "STGL": "VT", "ZIPGL": "05701", "DESCPROP": "VACANT LAND", "LOCAPROP": "", "CAT": "Miscellaneous", "RESCODE": "S", "ACRESGL": 1.0, "REAL_FLV": 40000, "HSTED_FLV": 0, "NRES_FLV": 40000, "LAND_LV": 40000, "IMPRV_LV": 0, "EQUIPVAL": 0, "EQUIPCODE": "", "INVENVAL": 0, "HSDECL": "N", "HSITEVAL": 0, "VETEXAMT": 0, "EXPDESC": "", "ENDDATE": "", "STATUTE": "", "EXAMT_HS": 0, "EXAMT_NR": 0, "UVREDUC_HS": 0, "UVREDUC_NR": 0, "GLVAL_HS": 0.0, "GLVAL_NR": 400.0, "CRHOUSPCT": 0.0, "MUNGL1PCT": 400.0, "AOEGL_HS": 0.0, "AOEGL_NR": 400.0, "E911ADDR": "WINNICK RD", "SHAPE_Length": 0.004002375574031524, "SHAPE_Area": 5.032769342719523e-07}, "geometry": {"type": "MultiPolygon", "coordinates": [[[[-73.21520282499995, 43.63158327300005], [-73.21528734099996, 43.631392650000066], [-73.21537431699994, 43.63122883600005], [-73.21544820999998, 43.63113312400003], [-73.21555883699995, 43.63103228700004], [-73.21575797499997, 43.63088213000003], [-73.21587178499993, 43.63076587000006], [-73.21626187099997, 43.63086143600003], [-73.21631199199999, 43.630873672000064], [-73.21625517299998, 43.63094487600006], [-73.21608708599996, 43.63116831600007], [-73.21592885299998, 43.631428277000055], [-73.21592726099993, 43.631430892000026], [-73.21592698899997, 43.63143123800006], [-73.21583403499994, 43.63154933900006], [-73.21583195299996, 43.63155189100007], [-73.21576663399998, 43.63153577600008], [-73.21540185699996, 43.63144578400005], [-73.21525818799995, 43.631862151000064], [-73.21489679899997, 43.63180404500008], [-73.21500130799996, 43.63178023100005], [-73.21512164299997, 43.63168544200005], [-73.21520282499995, 43.63158327300005]]]]}}, {"type": "Feature", "properties": {"OBJECTID": 28161, "SPAN": "129-040-11215", "GLIST_SPAN": "129-040-11215", "MAPID": "38-50-20", "PARCID": "385000020.", "PROPTYPE": "PARCEL", "YEAR": 2023, "GLYEAR": 2022, "TOWN": "CASTLETON", "TNAME": "Castleton", "SOURCENAME": null, "SOURCETYPE": "UNKNOWN", "SOURCEDATE": "UNKNOWN", "EDITMETHOD": "UNKNOWN", "EDITOR": "UNKNOWN", "EDITDATE": "UNKNOWN", "MATCHSTAT": "MATCH", "EDITNOTE": "UNKNOWN", "OWNER1": "HELM REVOCABLE TRUST JAMES E & JANE A", "OWNER2": "JAMES E & JANE A HELM TRUSTEES", "ADDRGL1": "PO BOX 173", "ADDRGL2": "", "CITYGL": "BOMOSEEN", "STGL": "VT", "ZIPGL": "05732", "DESCPROP": "COT/LOT; LITTLE RUTLAND SEC; INCL 04-02-", "LOCAPROP": "", "CAT": "Seasonal-1", "RESCODE": "T", "ACRESGL": 1.17, "REAL_FLV": 359000, "HSTED_FLV": 0, "NRES_FLV": 359000, "LAND_LV": 332900, "IMPRV_LV": 26100, "EQUIPVAL": 0, "EQUIPCODE": "", "INVENVAL": 0, "HSDECL": "N", "HSITEVAL": 359000, "VETEXAMT": 0, "EXPDESC": "", "ENDDATE": "", "STATUTE": "", "EXAMT_HS": 0, "EXAMT_NR": 0, "UVREDUC_HS": 0, "UVREDUC_NR": 0, "GLVAL_HS": 0.0, "GLVAL_NR": 3590.0, "CRHOUSPCT": 0.0, "MUNGL1PCT": 3590.0, "AOEGL_HS": 0.0, "AOEGL_NR": 3590.0, "E911ADDR": "89 NORTH WINNICK RD", "SHAPE_Length": 0.0030331895636783028, "SHAPE_Area": 5.25193441522872e-07}, "geometry": {"type": "MultiPolygon", "coordinates": [[[[-73.21453684999994, 43.63241934000007], [-73.21458071499995, 43.63227118700007], [-73.21497802699997, 43.632411938000075], [-73.21539234099998, 43.63255841500006], [-73.21552478699994, 43.63260524000003], [-73.21527084899998, 43.633043471000065], [-73.21514938199994, 43.63319598100003], [-73.21502971499996, 43.63314888800005], [-73.21483213699997, 43.63307113600007], [-73.21462788799994, 43.63299075600003], [-73.21466054499996, 43.63293525900008], [-73.21468102899996, 43.63273829900004], [-73.21456475099995, 43.632532764000075], [-73.21453684999994, 43.63241934000007]]]]}}, {"type": "Feature", "properties": {"OBJECTID": 28558, "SPAN": "129-040-10160", "GLIST_SPAN": "129-040-10160", "MAPID": "23-20-01", "PARCID": "232000001.", "PROPTYPE": "PARCEL", "YEAR": 2023, "GLYEAR": 2022, "TOWN": "CASTLETON", "TNAME": "Castleton", "SOURCENAME": null, "SOURCETYPE": "UNKNOWN", "SOURCEDATE": "UNKNOWN", "EDITMETHOD": "UNKNOWN", "EDITOR": "UNKNOWN", "EDITDATE": "UNKNOWN", "MATCHSTAT": "MATCH", "EDITNOTE": "UNKNOWN", "OWNER1": "BELDEN VERLENE PTR", "OWNER2": "VERLENE BELDEN TRUST", "ADDRGL1": "20 BELDEN ROAD", "ADDRGL2": "", "CITYGL": "RUTLAND", "STGL": "VT", "ZIPGL": "05701", "DESCPROP": "COT/GAR/OB/1.01 ACRES", "LOCAPROP": "", "CAT": "Residential-1", "RESCODE": "T", "ACRESGL": 1.01, "REAL_FLV": 546200, "HSTED_FLV": 546200, "NRES_FLV": 0, "LAND_LV": 304600, "IMPRV_LV": 241600, "EQUIPVAL": 0, "EQUIPCODE": "", "INVENVAL": 0, "HSDECL": "Y", "HSITEVAL": 546200, "VETEXAMT": 0, "EXPDESC": "", "ENDDATE": "", "STATUTE": "", "EXAMT_HS": 0, "EXAMT_NR": 0, "UVREDUC_HS": 0, "UVREDUC_NR": 0, "GLVAL_HS": 5462.0, "GLVAL_NR": 0.0, "CRHOUSPCT": 0.0, "MUNGL1PCT": 5462.0, "AOEGL_HS": 5462.0, "AOEGL_NR": 0.0, "E911ADDR": "260 WINNICK RD", "SHAPE_Length": 0.0028617778549393314, "SHAPE_Area": 4.162634182396835e-07}, "geometry": {"type": "MultiPolygon", "coordinates": [[[[-73.21525818799995, 43.631862151000064], [-73.21540185699996, 43.63144578400005], [-73.21576663399998, 43.63153577600008], [-73.21583195299996, 43.63155189100007], [-73.21570253599998, 43.631710447000046], [-73.21611759399997, 43.63183654800008], [-73.21610714399998, 43.63188831300005], [-73.21607145899998, 43.63194858300005], [-73.21605572499993, 43.63196991700005], [-73.21588814499995, 43.63219820900008], [-73.21540848199999, 43.63211620000004], [-73.21518912799996, 43.63203612400008], [-73.21525818799995, 43.631862151000064]]]]}}, {"type": "Feature", "properties": {"OBJECTID": 29336, "SPAN": "129-040-11523", "GLIST_SPAN": "129-040-11523", "MAPID": "04-02-07.3", "PARCID": "040200007.3", "PROPTYPE": "PARCEL", "YEAR": 2023, "GLYEAR": 2022, "TOWN": "CASTLETON", "TNAME": "Castleton", "SOURCENAME": null, "SOURCETYPE": "UNKNOWN", "SOURCEDATE": "UNKNOWN", "EDITMETHOD": "UNKNOWN", "EDITOR": "UNKNOWN", "EDITDATE": "UNKNOWN", "MATCHSTAT": "MATCH", "EDITNOTE": "UNKNOWN", "OWNER1": "MELNYCHUK FAMILY TRUST THE", "OWNER2": "", "ADDRGL1": "1143 LIGHTSTREET RD", "ADDRGL2": "", "CITYGL": "BLOOMSBURG", "STGL": "PA", "ZIPGL": "17815", "DESCPROP": "HSE/LOT 8.20 ACRES; LAKE RIGHTS", "LOCAPROP": "", "CAT": "Residential-2", "RESCODE": "NS", "ACRESGL": 8.2, "REAL_FLV": 316700, "HSTED_FLV": 0, "NRES_FLV": 316700, "LAND_LV": 80700, "IMPRV_LV": 236000, "EQUIPVAL": 0, "EQUIPCODE": "", "INVENVAL": 0, "HSDECL": "N", "HSITEVAL": 303200, "VETEXAMT": 0, "EXPDESC": "", "ENDDATE": "", "STATUTE": "", "EXAMT_HS": 0, "EXAMT_NR": 0, "UVREDUC_HS": 0, "UVREDUC_NR": 0, "GLVAL_HS": 0.0, "GLVAL_NR": 3167.0, "CRHOUSPCT": 0.0, "MUNGL1PCT": 3167.0, "AOEGL_HS": 0.0, "AOEGL_NR": 3167.0, "E911ADDR": "1712 DRAKE RD", "SHAPE_Length": 0.009131637712746069, "SHAPE_Area": 3.8553165622276425e-06}, "geometry": {"type": "MultiPolygon", "coordinates": [[[[-73.21257359899994, 43.63402875400004], [-73.21199161599998, 43.63382531700006], [-73.21011945299995, 43.63391054400006], [-73.21022476599995, 43.63383119400004], [-73.21058894499998, 43.63354232200004], [-73.21086182999994, 43.63328254400005], [-73.21099090499996, 43.63311870900003], [-73.21115612999995, 43.63288344600005], [-73.21137303199998, 43.632537987000035], [-73.21171776799997, 43.63197989400004], [-73.21282765099994, 43.63250055900005], [-73.21348814299995, 43.633604296000044], [-73.21367398699994, 43.633934398000065], [-73.21353386899995, 43.63414114900007], [-73.21310772499999, 43.63409169000005], [-73.21257359899994, 43.63402875400004]]]]}}, {"type": "Feature", "properties": {"OBJECTID": 29339, "SPAN": "129-040-11525", "GLIST_SPAN": "129-040-11525", "MAPID": "38-50-22", "PARCID": "385000022.", "PROPTYPE": "PARCEL", "YEAR": 2023, "GLYEAR": 2022, "TOWN": "CASTLETON", "TNAME": "Castleton", "SOURCENAME": null, "SOURCETYPE": "UNKNOWN", "SOURCEDATE": "UNKNOWN", "EDITMETHOD": "UNKNOWN", "EDITOR": "UNKNOWN", "EDITDATE": "UNKNOWN", "MATCHSTAT": "MATCH", "EDITNOTE": "UNKNOWN", "OWNER1": "MERCHAND ANTHONY", "OWNER2": "", "ADDRGL1": "134 SOUTH ST", "ADDRGL2": "", "CITYGL": "RUTLAND", "STGL": "VT", "ZIPGL": "05701", "DESCPROP": "COT/LOT; LITTLE RUTLAND SEC", "LOCAPROP": "", "CAT": "Seasonal-1", "RESCODE": "S", "ACRESGL": 0.21, "REAL_FLV": 254900, "HSTED_FLV": 0, "NRES_FLV": 254900, "LAND_LV": 225700, "IMPRV_LV": 29200, "EQUIPVAL": 0, "EQUIPCODE": "", "INVENVAL": 0, "HSDECL": "N", "HSITEVAL": 254900, "VETEXAMT": 0, "EXPDESC": "", "ENDDATE": "", "STATUTE": "", "EXAMT_HS": 0, "EXAMT_NR": 0, "UVREDUC_HS": 0, "UVREDUC_NR": 0, "GLVAL_HS": 0.0, "GLVAL_NR": 2549.0, "CRHOUSPCT": 0.0, "MUNGL1PCT": 2549.0, "AOEGL_HS": 0.0, "AOEGL_NR": 2549.0, "E911ADDR": "24 LAKEVIEW LN", "SHAPE_Length": 0.001472325480126515, "SHAPE_Area": 1.1664155844935874e-07}, "geometry": {"type": "MultiPolygon", "coordinates": [[[[-73.21527820199998, 43.63231685300008], [-73.21540848199999, 43.63211620000004], [-73.21588814499995, 43.63219820900008], [-73.21568891099997, 43.63244411900007], [-73.21527820199998, 43.63231685300008]]]]}}, {"type": "Feature", "properties": {"OBJECTID": 29370, "SPAN": "129-040-11542", "GLIST_SPAN": "129-040-11542", "MAPID": "23-20-02", "PARCID": "232000002.", "PROPTYPE": "PARCEL", "YEAR": 2023, "GLYEAR": 2022, "TOWN": "CASTLETON", "TNAME": "Castleton", "SOURCENAME": null, "SOURCETYPE": "UNKNOWN", "SOURCEDATE": "UNKNOWN", "EDITMETHOD": "UNKNOWN", "EDITOR": "UNKNOWN", "EDITDATE": "UNKNOWN", "MATCHSTAT": "MATCH", "EDITNOTE": "UNKNOWN", "OWNER1": "KIN OF MILLS INC", "OWNER2": "ATTN JANET MILLS WONG", "ADDRGL1": "179  BOULEVARD", "ADDRGL2": "", "CITYGL": "GLEN ROCK", "STGL": "NJ", "ZIPGL": "07452", "DESCPROP": "COT/LOT; LITTLE RUTLAND", "LOCAPROP": "", "CAT": "Seasonal-1", "RESCODE": "C", "ACRESGL": 0.32, "REAL_FLV": 301000, "HSTED_FLV": 0, "NRES_FLV": 301000, "LAND_LV": 259500, "IMPRV_LV": 41500, "EQUIPVAL": 0, "EQUIPCODE": "", "INVENVAL": 0, "HSDECL": "N", "HSITEVAL": 301000, "VETEXAMT": 0, "EXPDESC": "", "ENDDATE": "", "STATUTE": "", "EXAMT_HS": 0, "EXAMT_NR": 0, "UVREDUC_HS": 0, "UVREDUC_NR": 0, "GLVAL_HS": 0.0, "GLVAL_NR": 3010.0, "CRHOUSPCT": 0.0, "MUNGL1PCT": 3010.0, "AOEGL_HS": 0.0, "AOEGL_NR": 3010.0, "E911ADDR": "62 LAKEVIEW LN", "SHAPE_Length": 0.0015315285659213665, "SHAPE_Area": 1.3248246203840108e-07}, "geometry": {"type": "MultiPolygon", "coordinates": [[[[-73.21583403499994, 43.63154933900006], [-73.21592698899997, 43.63143123800006], [-73.21592976799997, 43.63143205200004], [-73.21629870899994, 43.631540130000076], [-73.21625358099993, 43.63160530700003], [-73.21616628699996, 43.63170885200003], [-73.21612553299997, 43.631797221000056], [-73.21611759399997, 43.63183654800008], [-73.21570253599998, 43.631710447000046], [-73.21583195299996, 43.63155189100007], [-73.21583403499994, 43.63154933900006]]]]}}, {"type": "Feature", "properties": {"OBJECTID": 29549, "SPAN": "129-040-10958", "GLIST_SPAN": "129-040-10958", "MAPID": "38-50-17", "PARCID": "385000017.", "PROPTYPE": "PARCEL", "YEAR": 2023, "GLYEAR": 2022, "TOWN": "CASTLETON", "TNAME": "Castleton", "SOURCENAME": null, "SOURCETYPE": "UNKNOWN", "SOURCEDATE": "UNKNOWN", "EDITMETHOD": "UNKNOWN", "EDITOR": "UNKNOWN", "EDITDATE": "UNKNOWN", "MATCHSTAT": "MATCH", "EDITNOTE": "UNKNOWN", "OWNER1": "GURNEY DONALD I", "OWNER2": "GURNEY ARLENE G", "ADDRGL1": "GUERNEY RD BOX 68", "ADDRGL2": "", "CITYGL": "N SPRINGFIELD", "STGL": "VT", "ZIPGL": "05150", "DESCPROP": "COT/LOT; BOOTHERY SEC", "LOCAPROP": "", "CAT": "Residential-1", "RESCODE": "S", "ACRESGL": 0.25, "REAL_FLV": 420800, "HSTED_FLV": 0, "NRES_FLV": 420800, "LAND_LV": 242100, "IMPRV_LV": 178700, "EQUIPVAL": 0, "EQUIPCODE": "", "INVENVAL": 0, "HSDECL": "N", "HSITEVAL": 420800, "VETEXAMT": 0, "EXPDESC": "", "ENDDATE": "", "STATUTE": "", "EXAMT_HS": 0, "EXAMT_NR": 0, "UVREDUC_HS": 0, "UVREDUC_NR": 0, "GLVAL_HS": 0.0, "GLVAL_NR": 4208.0, "CRHOUSPCT": 0.0, "MUNGL1PCT": 4208.0, "AOEGL_HS": 0.0, "AOEGL_NR": 4208.0, "E911ADDR": "137 NORTH WINNICK RD", "SHAPE_Length": 0.002307114977705038, "SHAPE_Area": 1.9995641728216735e-07}, "geometry": {"type": "MultiPolygon", "coordinates": [[[[-73.21353386899995, 43.63414114900007], [-73.21367398699994, 43.633934398000065], [-73.21404570099997, 43.63398306800008], [-73.21455915099995, 43.634042933000046], [-73.21452013999993, 43.63414676000008], [-73.21446518499994, 43.634250017000056], [-73.21442417099996, 43.63424519300003], [-73.21396183699994, 43.634190818000036], [-73.21353386899995, 43.63414114900007]]]]}}, {"type": "Feature", "properties": {"OBJECTID": 29723, "SPAN": "129-040-11026", "GLIST_SPAN": "129-040-11026", "MAPID": "38-50-18", "PARCID": "385000018.", "PROPTYPE": "PARCEL", "YEAR": 2023, "GLYEAR": 2022, "TOWN": "CASTLETON", "TNAME": "Castleton", "SOURCENAME": null, "SOURCETYPE": "UNKNOWN", "SOURCEDATE": "UNKNOWN", "EDITMETHOD": "UNKNOWN", "EDITOR": "UNKNOWN", "EDITDATE": "UNKNOWN", "MATCHSTAT": "MATCH", "EDITNOTE": "UNKNOWN", "OWNER1": "HEMM MARSHA TRUSTEE", "OWNER2": "MARSHA HEMM REV TRUST", "ADDRGL1": "PO BOX 607", "ADDRGL2": "", "CITYGL": "PROCTOR", "STGL": "VT", "ZIPGL": "05765", "DESCPROP": "HSE/GAR/LOT; INCLUDES 040200007-5", "LOCAPROP": "", "CAT": "Residential-1", "RESCODE": "S", "ACRESGL": 0.39, "REAL_FLV": 271400, "HSTED_FLV": 271400, "NRES_FLV": 0, "LAND_LV": 186400, "IMPRV_LV": 85000, "EQUIPVAL": 0, "EQUIPCODE": "", "INVENVAL": 0, "HSDECL": "Y", "HSITEVAL": 271400, "VETEXAMT": 0, "EXPDESC": "", "ENDDATE": "", "STATUTE": "", "EXAMT_HS": 0, "EXAMT_NR": 0, "UVREDUC_HS": 0, "UVREDUC_NR": 0, "GLVAL_HS": 2714.0, "GLVAL_NR": 0.0, "CRHOUSPCT": 0.0, "MUNGL1PCT": 2714.0, "AOEGL_HS": 2714.0, "AOEGL_NR": 0.0, "E911ADDR": "133 NORTH WINNICK RD", "SHAPE_Length": 0.0021429172024766885, "SHAPE_Area": 1.8162988918311406e-07}, "geometry": {"type": "MultiPolygon", "coordinates": [[[[-73.21423533899997, 43.633541981000064], [-73.21455247999995, 43.63316191500007], [-73.21468322099997, 43.633212840000056], [-73.21457983099998, 43.633451197000056], [-73.21496083299996, 43.633609454000066], [-73.21492306399995, 43.63365366700003], [-73.21488777899998, 43.63370049800005], [-73.21483553299998, 43.63373412000004], [-73.21476896099995, 43.63377044900005], [-73.21423533899997, 43.633541981000064]]]]}}, {"type": "Feature", "properties": {"OBJECTID": 29836, "SPAN": "129-040-11750", "GLIST_SPAN": "129-040-11750", "MAPID": "38-50-19", "PARCID": "385000019.", "PROPTYPE": "PARCEL", "YEAR": 2023, "GLYEAR": 2022, "TOWN": "CASTLETON", "TNAME": "Castleton", "SOURCENAME": null, "SOURCETYPE": "UNKNOWN", "SOURCEDATE": "UNKNOWN", "EDITMETHOD": "UNKNOWN", "EDITOR": "UNKNOWN", "EDITDATE": "UNKNOWN", "MATCHSTAT": "MATCH", "EDITNOTE": "UNKNOWN", "OWNER1": "GAMMONS MATTHEW R", "OWNER2": "FOSTER JULIE A", "ADDRGL1": "158 CHAFFEE RIDGE PLACE", "ADDRGL2": "", "CITYGL": "RUTLAND", "STGL": "VT", "ZIPGL": "05701", "DESCPROP": "COT/OB/LOT; LITTLE RUTLAND SEC", "LOCAPROP": "", "CAT": "Seasonal-1", "RESCODE": "S", "ACRESGL": 0.26, "REAL_FLV": 273700, "HSTED_FLV": 0, "NRES_FLV": 273700, "LAND_LV": 246800, "IMPRV_LV": 26900, "EQUIPVAL": 0, "EQUIPCODE": "", "INVENVAL": 0, "HSDECL": "N", "HSITEVAL": 273700, "VETEXAMT": 0, "EXPDESC": "", "ENDDATE": "", "STATUTE": "", "EXAMT_HS": 0, "EXAMT_NR": 0, "UVREDUC_HS": 0, "UVREDUC_NR": 0, "GLVAL_HS": 0.0, "GLVAL_NR": 2737.0, "CRHOUSPCT": 0.0, "MUNGL1PCT": 2737.0, "AOEGL_HS": 0.0, "AOEGL_NR": 2737.0, "E911ADDR": "101 NORTH WINNICK RD", "SHAPE_Length": 0.0013545275273404496, "SHAPE_Area": 1.113260654820033e-07}, "geometry": {"type": "MultiPolygon", "coordinates": [[[[-73.21457983099998, 43.633451197000056], [-73.21468322099997, 43.633212840000056], [-73.21506600999999, 43.633361937000075], [-73.21503265999996, 43.633475840000074], [-73.21500873299993, 43.63353790800005], [-73.21496474399999, 43.63360487800003], [-73.21496083299996, 43.633609454000066], [-73.21457983099998, 43.633451197000056]]]]}}, {"type": "Feature", "properties": {"OBJECTID": 29974, "SPAN": "129-040-11897", "GLIST_SPAN": "129-040-11897", "MAPID": "38-50-21", "PARCID": "385000021.", "PROPTYPE": "PARCEL", "YEAR": 2023, "GLYEAR": 2022, "TOWN": "CASTLETON", "TNAME": "Castleton", "SOURCENAME": null, "SOURCETYPE": "UNKNOWN", "SOURCEDATE": "UNKNOWN", "EDITMETHOD": "UNKNOWN", "EDITOR": "UNKNOWN", "EDITDATE": "UNKNOWN", "MATCHSTAT": "MATCH", "EDITNOTE": "UNKNOWN", "OWNER1": "MARSH ERIC J", "OWNER2": "", "ADDRGL1": "1365 N GROVE STREET", "ADDRGL2": "", "CITYGL": "RUTLAND", "STGL": "VT", "ZIPGL": "05701", "DESCPROP": "COT/LOT; LITTLE RUTLAND SEC", "LOCAPROP": "", "CAT": "Seasonal-1", "RESCODE": "S", "ACRESGL": 0.26, "REAL_FLV": 287900, "HSTED_FLV": 0, "NRES_FLV": 287900, "LAND_LV": 251900, "IMPRV_LV": 36000, "EQUIPVAL": 0, "EQUIPCODE": "", "INVENVAL": 0, "HSDECL": "N", "HSITEVAL": 287900, "VETEXAMT": 0, "EXPDESC": "", "ENDDATE": "", "STATUTE": "", "EXAMT_HS": 0, "EXAMT_NR": 0, "UVREDUC_HS": 0, "UVREDUC_NR": 0, "GLVAL_HS": 0.0, "GLVAL_NR": 2879.0, "CRHOUSPCT": 0.0, "MUNGL1PCT": 2879.0, "AOEGL_HS": 0.0, "AOEGL_NR": 2879.0, "E911ADDR": "22 LAKEVIEW LN", "SHAPE_Length": 0.0025395044012085457, "SHAPE_Area": 2.050658072335765e-07}, "geometry": {"type": "MultiPolygon", "coordinates": [[[[-73.21458071499995, 43.63227118700007], [-73.21463611199994, 43.632084088000056], [-73.21527820199998, 43.63231685300008], [-73.21568891099997, 43.63244411900007], [-73.21552478699994, 43.63260524000003], [-73.21539234099998, 43.63255841500006], [-73.21497802699997, 43.632411938000075], [-73.21458071499995, 43.63227118700007]]]]}}, {"type": "Feature", "properties": {"OBJECTID": 30056, "SPAN": "129-040-12414", "GLIST_SPAN": "129-040-12414", "MAPID": "04-02-07", "PARCID": "040200007.", "PROPTYPE": "PARCEL", "YEAR": 2023, "GLYEAR": 2022, "TOWN": "CASTLETON", "TNAME": "Castleton", "SOURCENAME": null, "SOURCETYPE": "UNKNOWN", "SOURCEDATE": "UNKNOWN", "EDITMETHOD": "UNKNOWN", "EDITOR": "UNKNOWN", "EDITDATE": "UNKNOWN", "MATCHSTAT": "MATCH", "EDITNOTE": "UNKNOWN", "OWNER1": "MARTIN ANITA W", "OWNER2": "", "ADDRGL1": "135 NORTH WINNICK ROAD", "ADDRGL2": "", "CITYGL": "BOMOSEEN", "STGL": "VT", "ZIPGL": "05732", "DESCPROP": "HSE/GAR/LOT; WINNICK RD", "LOCAPROP": "", "CAT": "Residential-1", "RESCODE": "T", "ACRESGL": 3.59, "REAL_FLV": 491200, "HSTED_FLV": 491200, "NRES_FLV": 0, "LAND_LV": 344500, "IMPRV_LV": 146700, "EQUIPVAL": 0, "EQUIPCODE": "", "INVENVAL": 0, "HSDECL": "Y", "HSITEVAL": 486700, "VETEXAMT": 0, "EXPDESC": "", "ENDDATE": "", "STATUTE": "", "EXAMT_HS": 0, "EXAMT_NR": 0, "UVREDUC_HS": 0, "UVREDUC_NR": 0, "GLVAL_HS": 4912.0, "GLVAL_NR": 0.0, "CRHOUSPCT": 0.0, "MUNGL1PCT": 4912.0, "AOEGL_HS": 4912.0, "AOEGL_NR": 0.0, "E911ADDR": "135 NORTH WINNICK RD", "SHAPE_Length": 0.008200127463736584, "SHAPE_Area": 1.5979221727027635e-06}, "geometry": {"type": "MultiPolygon", "coordinates": [[[[-73.21173237599999, 43.631956245000026], [-73.21198956799998, 43.63156351100008], [-73.21274334099996, 43.631986149000056], [-73.21419946499998, 43.63356287600004], [-73.21470451599998, 43.63377792600005], [-73.21475013299994, 43.633797350000066], [-73.21455915099995, 43.634042933000046], [-73.21404570099997, 43.63398306800008], [-73.21367398699994, 43.633934398000065], [-73.21348814299995, 43.633604296000044], [-73.21282765099994, 43.63250055900005], [-73.21171776799997, 43.63197989400004], [-73.21173237599999, 43.631956245000026]]]]}}, {"type": "Feature", "properties": {"OBJECTID": 30203, "SPAN": "129-040-12589", "GLIST_SPAN": "129-040-12589", "MAPID": "04-02-07.4", "PARCID": "040200007.4", "PROPTYPE": "PARCEL", "YEAR": 2023, "GLYEAR": 2022, "TOWN": "CASTLETON", "TNAME": "Castleton", "SOURCENAME": null, "SOURCETYPE": "UNKNOWN", "SOURCEDATE": "UNKNOWN", "EDITMETHOD": "UNKNOWN", "EDITOR": "UNKNOWN", "EDITDATE": "UNKNOWN", "MATCHSTAT": "MATCH", "EDITNOTE": "UNKNOWN", "OWNER1": "SCHECHTER ETHAN D & LEAKHENA A", "OWNER2": "", "ADDRGL1": "10 NETHERLANDS ROAD", "ADDRGL2": "", "CITYGL": "BROOKLINE", "STGL": "MA", "ZIPGL": "02445-5442", "DESCPROP": "HOUSE/LAND", "LOCAPROP": "", "CAT": "Residential-2", "RESCODE": "NS", "ACRESGL": 8.03, "REAL_FLV": 462400, "HSTED_FLV": 0, "NRES_FLV": 462400, "LAND_LV": 116200, "IMPRV_LV": 346200, "EQUIPVAL": 0, "EQUIPCODE": "", "INVENVAL": 0, "HSDECL": "N", "HSITEVAL": 415800, "VETEXAMT": 0, "EXPDESC": "", "ENDDATE": "", "STATUTE": "", "EXAMT_HS": 0, "EXAMT_NR": 0, "UVREDUC_HS": 0, "UVREDUC_NR": 0, "GLVAL_HS": 0.0, "GLVAL_NR": 4624.0, "CRHOUSPCT": 0.0, "MUNGL1PCT": 4624.0, "AOEGL_HS": 0.0, "AOEGL_NR": 4624.0, "E911ADDR": "58 NORTH WINNICK RD", "SHAPE_Length": 0.013458009516417565, "SHAPE_Area": 3.521741381669814e-06}, "geometry": {"type": "MultiPolygon", "coordinates": [[[[-73.21419946499998, 43.63356287600004], [-73.21274334099996, 43.631986149000056], [-73.21301327499998, 43.63179426900007], [-73.21349555699999, 43.630821162000075], [-73.21247262799994, 43.63088085500004], [-73.21247475299998, 43.63087609100006], [-73.21249617199999, 43.63082807100005], [-73.21410111599994, 43.63072271100003], [-73.21419019199993, 43.63096382600003], [-73.21423869699998, 43.63138758200006], [-73.21436839199998, 43.63163057700007], [-73.21456491099997, 43.63175068100003], [-73.21489679899997, 43.63180404500008], [-73.21525818799995, 43.631862151000064], [-73.21518912799996, 43.63203612400008], [-73.21540848199999, 43.63211620000004], [-73.21527820199998, 43.63231685300008], [-73.21463611199994, 43.632084088000056], [-73.21458071499995, 43.63227118700007], [-73.21453684999994, 43.63241934000007], [-73.21456475099995, 43.632532764000075], [-73.21468102899996, 43.63273829900004], [-73.21466054499996, 43.63293525900008], [-73.21462788799994, 43.63299075600003], [-73.21483213699997, 43.63307113600007], [-73.21502971499996, 43.63314888800005], [-73.21514938199994, 43.63319598100003], [-73.21510917099994, 43.63328473800004], [-73.21506600999999, 43.633361937000075], [-73.21468322099997, 43.633212840000056], [-73.21455247999995, 43.63316191500007], [-73.21423533899997, 43.633541981000064], [-73.21476896099995, 43.63377044900005], [-73.21475013299994, 43.633797350000066], [-73.21470451599998, 43.63377792600005], [-73.21419946499998, 43.63356287600004]]]]}}, {"type": "Feature", "properties": {"OBJECTID": 28660, "SPAN": "129-040-10214", "GLIST_SPAN": "129-040-10214", "MAPID": "22-21-25", "PARCID": "222100025.", "PROPTYPE": "PARCEL", "YEAR": 2023, "GLYEAR": 2022, "TOWN": "CASTLETON", "TNAME": "Castleton", "SOURCENAME": null, "SOURCETYPE": "UNKNOWN", "SOURCEDATE": "UNKNOWN", "EDITMETHOD": "UNKNOWN", "EDITOR": "UNKNOWN", "EDITDATE": "UNKNOWN", "MATCHSTAT": "MATCH", "EDITNOTE": "UNKNOWN", "OWNER1": "BOURQUE WILLIAM E", "OWNER2": "BOURQUE JOAN L TRST LAKE HOUSE TR", "ADDRGL1": "PO BOX 9", "ADDRGL2": "", "CITYGL": "CHESTER", "STGL": "VT", "ZIPGL": "05143", "DESCPROP": "COT/LOT; CREEK RD", "LOCAPROP": "", "CAT": "Residential-1", "RESCODE": "S", "ACRESGL": 0.17, "REAL_FLV": 302800, "HSTED_FLV": 0, "NRES_FLV": 302800, "LAND_LV": 238800, "IMPRV_LV": 64000, "EQUIPVAL": 0, "EQUIPCODE": "", "INVENVAL": 0, "HSDECL": "N", "HSITEVAL": 302800, "VETEXAMT": 0, "EXPDESC": "", "ENDDATE": "", "STATUTE": "", "EXAMT_HS": 0, "EXAMT_NR": 0, "UVREDUC_HS": 0, "UVREDUC_NR": 0, "GLVAL_HS": 0.0, "GLVAL_NR": 3028.0, "CRHOUSPCT": 0.0, "MUNGL1PCT": 3028.0, "AOEGL_HS": 0.0, "AOEGL_NR": 3028.0, "E911ADDR": "2209 CREEK RD", "SHAPE_Length": 0.0010727331262580012, "SHAPE_Area": 4.894628122873596e-08}, "geometry": {"type": "MultiPolygon", "coordinates": [[[[-73.23189308399998, 43.63479101900003], [-73.23217600199996, 43.634754617000056], [-73.23221296099996, 43.634801577000076], [-73.23228865999994, 43.63488121200004], [-73.23235937399994, 43.63494043000003], [-73.23227982699996, 43.63497094000007], [-73.23221594299997, 43.63496037500005], [-73.23215990099999, 43.634957952000036], [-73.23211010099999, 43.63493915200007], [-73.23210210199994, 43.63493428600003], [-73.23204610199997, 43.63489115300007], [-73.23202160699998, 43.63485809500003], [-73.23195501799995, 43.634819324000034], [-73.23189308399998, 43.63479101900003]]]]}}, {"type": "Feature", "properties": {"OBJECTID": 28679, "SPAN": "129-040-10799", "GLIST_SPAN": "129-040-10799", "MAPID": "22-21-22", "PARCID": "222100022.", "PROPTYPE": "PARCEL", "YEAR": 2023, "GLYEAR": 2022, "TOWN": "CASTLETON", "TNAME": "Castleton", "SOURCENAME": null, "SOURCETYPE": "UNKNOWN", "SOURCEDATE": "UNKNOWN", "EDITMETHOD": "UNKNOWN", "EDITOR": "UNKNOWN", "EDITDATE": "UNKNOWN", "MATCHSTAT": "MATCH", "EDITNOTE": "UNKNOWN", "OWNER1": "FLORY ALBERT SR", "OWNER2": "", "ADDRGL1": "188 GREENSBORO ROAD", "ADDRGL2": "", "CITYGL": "HANOVER", "STGL": "NH", "ZIPGL": "03755", "DESCPROP": "VACANT LOT; CREEK RD", "LOCAPROP": "", "CAT": "Miscellaneous", "RESCODE": "NS", "ACRESGL": 0.31, "REAL_FLV": 48000, "HSTED_FLV": 0, "NRES_FLV": 48000, "LAND_LV": 48000, "IMPRV_LV": 0, "EQUIPVAL": 0, "EQUIPCODE": "", "INVENVAL": 0, "HSDECL": "N", "HSITEVAL": 0, "VETEXAMT": 0, "EXPDESC": "", "ENDDATE": "", "STATUTE": "", "EXAMT_HS": 0, "EXAMT_NR": 0, "UVREDUC_HS": 0, "UVREDUC_NR": 0, "GLVAL_HS": 0.0, "GLVAL_NR": 480.0, "CRHOUSPCT": 0.0, "MUNGL1PCT": 480.0, "AOEGL_HS": 0.0, "AOEGL_NR": 480.0, "E911ADDR": "CREEK RD", "SHAPE_Length": 0.0026860757337546885, "SHAPE_Area": 7.790172414474944e-08}, "geometry": {"type": "MultiPolygon", "coordinates": [[[[-73.23233569899998, 43.63615587400005], [-73.23239408199998, 43.636037620000025], [-73.23245280299994, 43.636054271000035], [-73.23235474799998, 43.636183998000035], [-73.23217572599998, 43.636468464000075], [-73.23205613499994, 43.636729984000056], [-73.23198686299997, 43.63692225900007], [-73.23195934499995, 43.63709845200003], [-73.23196077199998, 43.63712308700008], [-73.23178696799994, 43.63713441500005], [-73.23180135299998, 43.637104573000045], [-73.23180736999996, 43.637079063000044], [-73.23184050499998, 43.636997731000065], [-73.23186750399998, 43.63692326600005], [-73.23221710099995, 43.63634807100004], [-73.23233569899998, 43.63615587400005]]]]}}, {"type": "Feature", "properties": {"OBJECTID": 29720, "SPAN": "129-040-10538", "GLIST_SPAN": "129-040-10538", "MAPID": "22-21-26", "PARCID": "222100026.", "PROPTYPE": "PARCEL", "YEAR": 2023, "GLYEAR": 2022, "TOWN": "CASTLETON", "TNAME": "Castleton", "SOURCENAME": null, "SOURCETYPE": "UNKNOWN", "SOURCEDATE": "UNKNOWN", "EDITMETHOD": "UNKNOWN", "EDITOR": "UNKNOWN", "EDITDATE": "UNKNOWN", "MATCHSTAT": "MATCH", "EDITNOTE": "UNKNOWN", "OWNER1": "COOK JAMES", "OWNER2": "COOK LINDA", "ADDRGL1": "2 EAST CHERRY ST", "ADDRGL2": "", "CITYGL": "WENONAH", "STGL": "NJ", "ZIPGL": "08090", "DESCPROP": "COT/LOT; CREEK RD", "LOCAPROP": "", "CAT": "Residential-1", "RESCODE": "NS", "ACRESGL": 0.17, "REAL_FLV": 283700, "HSTED_FLV": 0, "NRES_FLV": 283700, "LAND_LV": 230900, "IMPRV_LV": 52800, "EQUIPVAL": 0, "EQUIPCODE": "", "INVENVAL": 0, "HSDECL": "N", "HSITEVAL": 283700, "VETEXAMT": 0, "EXPDESC": "", "ENDDATE": "", "STATUTE": "", "EXAMT_HS": 0, "EXAMT_NR": 0, "UVREDUC_HS": 0, "UVREDUC_NR": 0, "GLVAL_HS": 0.0, "GLVAL_NR": 2837.0, "CRHOUSPCT": 0.0, "MUNGL1PCT": 2837.0, "AOEGL_HS": 0.0, "AOEGL_NR": 2837.0, "E911ADDR": "2200 CREEK RD", "SHAPE_Length": 0.0009605277370512308, "SHAPE_Area": 5.067803854769116e-08}, "geometry": {"type": "MultiPolygon", "coordinates": [[[[-73.23179502299996, 43.63462817200008], [-73.23207353199996, 43.634589369000025], [-73.23208162599997, 43.63460949200004], [-73.23213881299995, 43.634707365000054], [-73.23217600199996, 43.634754617000056], [-73.23189308399998, 43.63479101900003], [-73.23183877099996, 43.63474875400004], [-73.23181996999995, 43.63466668800004], [-73.23179502299996, 43.63462817200008]]]]}}, {"type": "Feature", "properties": {"OBJECTID": 29724, "SPAN": "129-040-10539", "GLIST_SPAN": "129-040-10539", "MAPID": "22-21-27", "PARCID": "222100027.", "PROPTYPE": "PARCEL", "YEAR": 2023, "GLYEAR": 2022, "TOWN": "CASTLETON", "TNAME": "Castleton", "SOURCENAME": null, "SOURCETYPE": "UNKNOWN", "SOURCEDATE": "UNKNOWN", "EDITMETHOD": "UNKNOWN", "EDITOR": "UNKNOWN", "EDITDATE": "UNKNOWN", "MATCHSTAT": "MATCH", "EDITNOTE": "UNKNOWN", "OWNER1": "COOK JAMES G", "OWNER2": "COOK LINDA E", "ADDRGL1": "2 EAST CHERRY ST", "ADDRGL2": "", "CITYGL": "WENONAH", "STGL": "NJ", "ZIPGL": "08090", "DESCPROP": "COT/LOT   (+22-21-28); CREEK RD", "LOCAPROP": "", "CAT": "Residential-1", "RESCODE": "NS", "ACRESGL": 0.74, "REAL_FLV": 371900, "HSTED_FLV": 0, "NRES_FLV": 371900, "LAND_LV": 286400, "IMPRV_LV": 85500, "EQUIPVAL": 0, "EQUIPCODE": "", "INVENVAL": 0, "HSDECL": "N", "HSITEVAL": 371900, "VETEXAMT": 0, "EXPDESC": "", "ENDDATE": "", "STATUTE": "", "EXAMT_HS": 0, "EXAMT_NR": 0, "UVREDUC_HS": 0, "UVREDUC_NR": 0, "GLVAL_HS": 0.0, "GLVAL_NR": 3719.0, "CRHOUSPCT": 0.0, "MUNGL1PCT": 3719.0, "AOEGL_HS": 0.0, "AOEGL_NR": 3719.0, "E911ADDR": "2192 CREEK RD", "SHAPE_Length": 0.003616988509351328, "SHAPE_Area": 4.2988992257944145e-07}, "geometry": {"type": "MultiPolygon", "coordinates": [[[[-73.23219310499996, 43.63432486700003], [-73.23287315099998, 43.63421700400005], [-73.23298279199997, 43.63472101200006], [-73.23244853899996, 43.634805750000055], [-73.23243815499995, 43.634797055000035], [-73.23237293499994, 43.634728444000075], [-73.23230830399996, 43.63464632400007], [-73.23225979799997, 43.63456331000003], [-73.23222201299996, 43.634469366000076], [-73.23219771399994, 43.63435190100006], [-73.23219310499996, 43.63432486700003]]], [[[-73.23189215299993, 43.63417580200007], [-73.23197979899999, 43.63416837700004], [-73.23198181599997, 43.63420172900004], [-73.23201059299998, 43.63437052200004], [-73.23203715299996, 43.634498922000034], [-73.23207353199996, 43.634589369000025], [-73.23179502299996, 43.63462817200008], [-73.23177497099994, 43.63462935500007], [-73.23176390399993, 43.63460648900008], [-73.23175634399996, 43.634558027000026], [-73.23175104799998, 43.63451475900007], [-73.23175508299994, 43.634454110000036], [-73.23179054699995, 43.634403518000056], [-73.23182417599998, 43.63434138800005], [-73.23186532799997, 43.63421456000003], [-73.23189215299993, 43.63417580200007]]]]}}, {"type": "Feature", "properties": {"OBJECTID": 29761, "SPAN": "129-040-11704", "GLIST_SPAN": "129-040-11704", "MAPID": "22-21-23", "PARCID": "222100023.", "PROPTYPE": "PARCEL", "YEAR": 2023, "GLYEAR": 2022, "TOWN": "CASTLETON", "TNAME": "Castleton", "SOURCENAME": null, "SOURCETYPE": "UNKNOWN", "SOURCEDATE": "UNKNOWN", "EDITMETHOD": "UNKNOWN", "EDITOR": "UNKNOWN", "EDITDATE": "UNKNOWN", "MATCHSTAT": "MATCH", "EDITNOTE": "UNKNOWN", "OWNER1": "MARY`S REST LLC", "OWNER2": "", "ADDRGL1": "18 RIDGEWOOD STREET", "ADDRGL2": "", "CITYGL": "EAST NORTHPORT", "STGL": "NY", "ZIPGL": "11731", "DESCPROP": "COT/LOT; CREEK RD", "LOCAPROP": "", "CAT": "Residential-1", "RESCODE": "NS", "ACRESGL": 0.31, "REAL_FLV": 311600, "HSTED_FLV": 0, "NRES_FLV": 311600, "LAND_LV": 281200, "IMPRV_LV": 30400, "EQUIPVAL": 0, "EQUIPCODE": "", "INVENVAL": 0, "HSDECL": "N", "HSITEVAL": 311600, "VETEXAMT": 0, "EXPDESC": "", "ENDDATE": "", "STATUTE": "", "EXAMT_HS": 0, "EXAMT_NR": 0, "UVREDUC_HS": 0, "UVREDUC_NR": 0, "GLVAL_HS": 0.0, "GLVAL_NR": 3116.0, "CRHOUSPCT": 0.0, "MUNGL1PCT": 3116.0, "AOEGL_HS": 0.0, "AOEGL_NR": 3116.0, "E911ADDR": "2288 CREEK RD", "SHAPE_Length": 0.00175963269459838, "SHAPE_Area": 1.2267475082121636e-07}, "geometry": {"type": "MultiPolygon", "coordinates": [[[[-73.23251052699999, 43.63542443500006], [-73.23277840999998, 43.63538109400008], [-73.23279097699998, 43.63542532400004], [-73.23279984299995, 43.635485188000075], [-73.23279714099993, 43.635536252000065], [-73.23277765299997, 43.63562488200006], [-73.23272291099994, 43.63571809500007], [-73.23260651299995, 43.635850909000055], [-73.23245280299994, 43.636054271000035], [-73.23239408199998, 43.636037620000025], [-73.23247176399997, 43.63588027600008], [-73.23251629699996, 43.635713345000056], [-73.23252769999993, 43.63550721300004], [-73.23251052699999, 43.63542443500006]]]]}}, {"type": "Feature", "properties": {"OBJECTID": 28264, "SPAN": "129-040-11332", "GLIST_SPAN": "129-040-11332", "MAPID": "22-21-08", "PARCID": "222100008.", "PROPTYPE": "PARCEL", "YEAR": 2023, "GLYEAR": 2022, "TOWN": "CASTLETON", "TNAME": "Castleton", "SOURCENAME": null, "SOURCETYPE": "UNKNOWN", "SOURCEDATE": "UNKNOWN", "EDITMETHOD": "UNKNOWN", "EDITOR": "UNKNOWN", "EDITDATE": "UNKNOWN", "MATCHSTAT": "MATCH", "EDITNOTE": "UNKNOWN", "OWNER1": "LEMMO REVOCABLE LIVING TRUST", "OWNER2": "", "ADDRGL1": "175 AVALON BEACH RD", "ADDRGL2": "", "CITYGL": "FAIR HAVEN", "STGL": "VT", "ZIPGL": "05743", "DESCPROP": "HSE/LOT; AVALON SEC", "LOCAPROP": "", "CAT": "Residential-1", "RESCODE": "T", "ACRESGL": 0.2, "REAL_FLV": 349800, "HSTED_FLV": 349800, "NRES_FLV": 0, "LAND_LV": 200700, "IMPRV_LV": 149100, "EQUIPVAL": 0, "EQUIPCODE": "", "INVENVAL": 0, "HSDECL": "Y", "HSITEVAL": 349800, "VETEXAMT": 0, "EXPDESC": "", "ENDDATE": "", "STATUTE": "", "EXAMT_HS": 0, "EXAMT_NR": 0, "UVREDUC_HS": 0, "UVREDUC_NR": 0, "GLVAL_HS": 3498.0, "GLVAL_NR": 0.0, "CRHOUSPCT": 0.0, "MUNGL1PCT": 3498.0, "AOEGL_HS": 3498.0, "AOEGL_NR": 0.0, "E911ADDR": "175 AVALON BEACH RD", "SHAPE_Length": 0.0013912468972624326, "SHAPE_Area": 9.212743659021906e-08}, "geometry": {"type": "MultiPolygon", "coordinates": [[[[-73.22914914899997, 43.63926408900005], [-73.22933924799997, 43.63879942700004], [-73.22934208799995, 43.63879981700006], [-73.22942441199996, 43.638811116000056], [-73.22952423499999, 43.638821359000076], [-73.22933096299994, 43.639301225000054], [-73.22914914899997, 43.63926408900005]]]]}}, {"type": "Feature", "properties": {"OBJECTID": 28492, "SPAN": "129-040-10659", "GLIST_SPAN": "129-040-10659", "MAPID": "22-21-11", "PARCID": "222100011.", "PROPTYPE": "PARCEL", "YEAR": 2023, "GLYEAR": 2022, "TOWN": "CASTLETON", "TNAME": "Castleton", "SOURCENAME": null, "SOURCETYPE": "UNKNOWN", "SOURCEDATE": "UNKNOWN", "EDITMETHOD": "UNKNOWN", "EDITOR": "UNKNOWN", "EDITDATE": "UNKNOWN", "MATCHSTAT": "MATCH", "EDITNOTE": "UNKNOWN", "OWNER1": "SCOTT CAROL", "OWNER2": "", "ADDRGL1": "7 PELKEY AVE", "ADDRGL2": "", "CITYGL": "FAIR HAVEN", "STGL": "VT", "ZIPGL": "05743", "DESCPROP": "VACANT LOT .35 ACRE; AVALON SEC", "LOCAPROP": "", "CAT": "Miscellaneous", "RESCODE": "S", "ACRESGL": 0.35, "REAL_FLV": 151500, "HSTED_FLV": 0, "NRES_FLV": 151500, "LAND_LV": 150900, "IMPRV_LV": 600, "EQUIPVAL": 0, "EQUIPCODE": "", "INVENVAL": 0, "HSDECL": "N", "HSITEVAL": 0, "VETEXAMT": 0, "EXPDESC": "", "ENDDATE": "", "STATUTE": "", "EXAMT_HS": 0, "EXAMT_NR": 0, "UVREDUC_HS": 0, "UVREDUC_NR": 0, "GLVAL_HS": 0.0, "GLVAL_NR": 1515.0, "CRHOUSPCT": 0.0, "MUNGL1PCT": 1515.0, "AOEGL_HS": 0.0, "AOEGL_NR": 1515.0, "E911ADDR": "AVALON BEACH RD", "SHAPE_Length": 0.0018930522239104272, "SHAPE_Area": 2.124053662265319e-07}, "geometry": {"type": "MultiPolygon", "coordinates": [[[[-73.22843643499994, 43.63911851000006], [-73.22855356899998, 43.63860039100007], [-73.22862445399994, 43.63861745000003], [-73.22874873799998, 43.63862502200004], [-73.22884733699993, 43.63862625200005], [-73.22893718299997, 43.63862872800007], [-73.22898932899994, 43.63864710200005], [-73.22876733799995, 43.639186101000064], [-73.22843643499994, 43.63911851000006]]]]}}, {"type": "Feature", "properties": {"OBJECTID": 28497, "SPAN": "129-040-10664", "GLIST_SPAN": "129-040-10664", "MAPID": "22-21-12", "PARCID": "222100012.", "PROPTYPE": "PARCEL", "YEAR": 2023, "GLYEAR": 2022, "TOWN": "CASTLETON", "TNAME": "Castleton", "SOURCENAME": null, "SOURCETYPE": "UNKNOWN", "SOURCEDATE": "UNKNOWN", "EDITMETHOD": "UNKNOWN", "EDITOR": "UNKNOWN", "EDITDATE": "UNKNOWN", "MATCHSTAT": "MATCH", "EDITNOTE": "UNKNOWN", "OWNER1": "DORAN MARGARET E PATRICIA A", "OWNER2": "WELLS CATHY D", "ADDRGL1": "PO BOX 584", "ADDRGL2": "", "CITYGL": "LAKE PLACID", "STGL": "NY", "ZIPGL": "12946", "DESCPROP": "COT/LOT; AVALON SEC", "LOCAPROP": "", "CAT": "Residential-1", "RESCODE": "NS", "ACRESGL": 0.42, "REAL_FLV": 271600, "HSTED_FLV": 0, "NRES_FLV": 271600, "LAND_LV": 240000, "IMPRV_LV": 31600, "EQUIPVAL": 0, "EQUIPCODE": "", "INVENVAL": 0, "HSDECL": "N", "HSITEVAL": 271600, "VETEXAMT": 0, "EXPDESC": "", "ENDDATE": "", "STATUTE": "", "EXAMT_HS": 0, "EXAMT_NR": 0, "UVREDUC_HS": 0, "UVREDUC_NR": 0, "GLVAL_HS": 0.0, "GLVAL_NR": 2716.0, "CRHOUSPCT": 0.0, "MUNGL1PCT": 2716.0, "AOEGL_HS": 0.0, "AOEGL_NR": 2716.0, "E911ADDR": "229 AVALON BEACH RD", "SHAPE_Length": 0.0018028502974787725, "SHAPE_Area": 2.0213923127474707e-07}, "geometry": {"type": "MultiPolygon", "coordinates": [[[[-73.22812043299996, 43.63855478200003], [-73.22828960899994, 43.63855232600008], [-73.22851723499997, 43.638591647000055], [-73.22855356899998, 43.63860039100007], [-73.22843643499994, 43.63911851000006], [-73.22810553499994, 43.639050919000056], [-73.22812043299996, 43.63855478200003]]]]}}, {"type": "Feature", "properties": {"OBJECTID": 28499, "SPAN": "129-040-10666", "GLIST_SPAN": "129-040-10666", "MAPID": "22-21-14", "PARCID": "222100014.", "PROPTYPE": "PARCEL", "YEAR": 2023, "GLYEAR": 2022, "TOWN": "CASTLETON", "TNAME": "Castleton", "SOURCENAME": null, "SOURCETYPE": "UNKNOWN", "SOURCEDATE": "UNKNOWN", "EDITMETHOD": "UNKNOWN", "EDITOR": "UNKNOWN", "EDITDATE": "UNKNOWN", "MATCHSTAT": "MATCH", "EDITNOTE": "UNKNOWN", "OWNER1": "DORAN DANIEL", "OWNER2": "DORAN SUSAN", "ADDRGL1": "36 HACKMAN ROAD", "ADDRGL2": "", "CITYGL": "WEST  HAVEN", "STGL": "VT", "ZIPGL": "05743", "DESCPROP": "VACANT LOT .40 ACRE; AVALON BEACH RD", "LOCAPROP": "", "CAT": "Miscellaneous", "RESCODE": "S", "ACRESGL": 0.4, "REAL_FLV": 51400, "HSTED_FLV": 0, "NRES_FLV": 51400, "LAND_LV": 51400, "IMPRV_LV": 0, "EQUIPVAL": 0, "EQUIPCODE": "", "INVENVAL": 0, "HSDECL": "N", "HSITEVAL": 0, "VETEXAMT": 0, "EXPDESC": "", "ENDDATE": "", "STATUTE": "", "EXAMT_HS": 0, "EXAMT_NR": 0, "UVREDUC_HS": 0, "UVREDUC_NR": 0, "GLVAL_HS": 0.0, "GLVAL_NR": 514.0, "CRHOUSPCT": 0.0, "MUNGL1PCT": 514.0, "AOEGL_HS": 0.0, "AOEGL_NR": 514.0, "E911ADDR": "AVALON BEACH RD", "SHAPE_Length": 0.002108279253746971, "SHAPE_Area": 1.5534365914247192e-07}, "geometry": {"type": "MultiPolygon", "coordinates": [[[[-73.23095318099996, 43.63814528800003], [-73.23104427299995, 43.638091114000076], [-73.23150953499999, 43.63876470100007], [-73.23144509699995, 43.63878039600007], [-73.23129868099994, 43.63855151700005], [-73.23092357199994, 43.63852252700008], [-73.23085195899995, 43.63844248500004], [-73.23081208799994, 43.638303474000054], [-73.23082941799998, 43.63827630600008], [-73.23089419299998, 43.63823800700004], [-73.23091750199995, 43.63820031100005], [-73.23095318099996, 43.63814528800003]]]]}}, {"type": "Feature", "properties": {"OBJECTID": 28580, "SPAN": "129-040-10171", "GLIST_SPAN": "129-040-10171", "MAPID": "22-21-06", "PARCID": "222100006.", "PROPTYPE": "PARCEL", "YEAR": 2023, "GLYEAR": 2022, "TOWN": "CASTLETON", "TNAME": "Castleton", "SOURCENAME": null, "SOURCETYPE": "UNKNOWN", "SOURCEDATE": "UNKNOWN", "EDITMETHOD": "UNKNOWN", "EDITOR": "UNKNOWN", "EDITDATE": "UNKNOWN", "MATCHSTAT": "MATCH", "EDITNOTE": "UNKNOWN", "OWNER1": "HUGHART JOSEPH M & DENISE M TRUST", "OWNER2": "", "ADDRGL1": "PO BOX 729", "ADDRGL2": "", "CITYGL": "PLACIDA", "STGL": "FL", "ZIPGL": "33946", "DESCPROP": "HSE/OB/LOT; AVALON SEC", "LOCAPROP": "", "CAT": "Seasonal-1", "RESCODE": "NS", "ACRESGL": 0.4, "REAL_FLV": 296300, "HSTED_FLV": 0, "NRES_FLV": 296300, "LAND_LV": 229100, "IMPRV_LV": 67200, "EQUIPVAL": 0, "EQUIPCODE": "", "INVENVAL": 0, "HSDECL": "N", "HSITEVAL": 296300, "VETEXAMT": 0, "EXPDESC": "", "ENDDATE": "", "STATUTE": "", "EXAMT_HS": 0, "EXAMT_NR": 0, "UVREDUC_HS": 0, "UVREDUC_NR": 0, "GLVAL_HS": 0.0, "GLVAL_NR": 2963.0, "CRHOUSPCT": 0.0, "MUNGL1PCT": 2963.0, "AOEGL_HS": 0.0, "AOEGL_NR": 2963.0, "E911ADDR": "157 AVALON BEACH RD", "SHAPE_Length": 0.001913762015550996, "SHAPE_Area": 1.8797441879765362e-07}, "geometry": {"type": "MultiPolygon", "coordinates": [[[[-73.22947306899994, 43.63945990000008], [-73.22971914299995, 43.63882455300006], [-73.22990031799998, 43.63887946300008], [-73.22999841399997, 43.63889129000006], [-73.22976268799994, 43.63949921900007], [-73.22947306899994, 43.63945990000008]]]]}}, {"type": "Feature", "properties": {"OBJECTID": 28618, "SPAN": "129-040-10191", "GLIST_SPAN": "129-040-10191", "MAPID": "22-21-07", "PARCID": "222100007.", "PROPTYPE": "PARCEL", "YEAR": 2023, "GLYEAR": 2022, "TOWN": "CASTLETON", "TNAME": "Castleton", "SOURCENAME": null, "SOURCETYPE": "UNKNOWN", "SOURCEDATE": "UNKNOWN", "EDITMETHOD": "UNKNOWN", "EDITOR": "UNKNOWN", "EDITDATE": "UNKNOWN", "MATCHSTAT": "MATCH", "EDITNOTE": "UNKNOWN", "OWNER1": "GRUBE DEANNA", "OWNER2": "", "ADDRGL1": "2521 15TH STREET", "ADDRGL2": "", "CITYGL": "COLUMBUS", "STGL": "GA", "ZIPGL": "31906", "DESCPROP": "AVALON SEC VETERAN EXEMPTION", "LOCAPROP": "", "CAT": "Residential-1", "RESCODE": "NS", "ACRESGL": 0.27, "REAL_FLV": 331900, "HSTED_FLV": 0, "NRES_FLV": 331900, "LAND_LV": 208400, "IMPRV_LV": 123500, "EQUIPVAL": 0, "EQUIPCODE": "", "INVENVAL": 0, "HSDECL": "N", "HSITEVAL": 331900, "VETEXAMT": 0, "EXPDESC": "", "ENDDATE": "", "STATUTE": "", "EXAMT_HS": 0, "EXAMT_NR": 0, "UVREDUC_HS": 0, "UVREDUC_NR": 0, "GLVAL_HS": 0.0, "GLVAL_NR": 3319.0, "CRHOUSPCT": 0.0, "MUNGL1PCT": 3319.0, "AOEGL_HS": 0.0, "AOEGL_NR": 3319.0, "E911ADDR": "167 AVALON BEACH RD", "SHAPE_Length": 0.0017269849749946499, "SHAPE_Area": 1.254444375558454e-07}, "geometry": {"type": "MultiPolygon", "coordinates": [[[[-73.22933096299994, 43.639301225000054], [-73.22952423499999, 43.638821359000076], [-73.22959490299996, 43.63882503100007], [-73.22962446999998, 43.63880863900005], [-73.22971914299995, 43.63882455300006], [-73.22947306899994, 43.63945990000008], [-73.22928741499999, 43.63943469600008], [-73.22933096299994, 43.639301225000054]]]]}}, {"type": "Feature", "properties": {"OBJECTID": 29025, "SPAN": "129-040-12125", "GLIST_SPAN": "129-040-12125", "MAPID": "22-21-05", "PARCID": "222100005.", "PROPTYPE": "PARCEL", "YEAR": 2023, "GLYEAR": 2022, "TOWN": "CASTLETON", "TNAME": "Castleton", "SOURCENAME": null, "SOURCETYPE": "UNKNOWN", "SOURCEDATE": "UNKNOWN", "EDITMETHOD": "UNKNOWN", "EDITOR": "UNKNOWN", "EDITDATE": "UNKNOWN", "MATCHSTAT": "MATCH", "EDITNOTE": "UNKNOWN", "OWNER1": "ST GEORGE MIRIAM", "OWNER2": "C/O BAKER COLBY & HEATHER", "ADDRGL1": "96 DAVIS STREET", "ADDRGL2": "", "CITYGL": "RUTLAND", "STGL": "VT", "ZIPGL": "05701", "DESCPROP": "MH/OB/LOT; AVALON SEC", "LOCAPROP": "", "CAT": "Residential-1", "RESCODE": "S", "ACRESGL": 0.42, "REAL_FLV": 246500, "HSTED_FLV": 0, "NRES_FLV": 246500, "LAND_LV": 236200, "IMPRV_LV": 10300, "EQUIPVAL": 0, "EQUIPCODE": "", "INVENVAL": 0, "HSDECL": "N", "HSITEVAL": 246500, "VETEXAMT": 0, "EXPDESC": "", "ENDDATE": "", "STATUTE": "", "EXAMT_HS": 0, "EXAMT_NR": 0, "UVREDUC_HS": 0, "UVREDUC_NR": 0, "GLVAL_HS": 0.0, "GLVAL_NR": 2465.0, "CRHOUSPCT": 0.0, "MUNGL1PCT": 2465.0, "AOEGL_HS": 0.0, "AOEGL_NR": 2465.0, "E911ADDR": "139 AVALON BEACH RD", "SHAPE_Length": 0.0020395900714433794, "SHAPE_Area": 2.283002093030617e-07}, "geometry": {"type": "MultiPolygon", "coordinates": [[[[-73.22976268799994, 43.63949921900007], [-73.22999841399997, 43.63889129000006], [-73.23006874199996, 43.63891430100006], [-73.23010035599998, 43.63894323100004], [-73.23017040399998, 43.638955546000034], [-73.23022823999997, 43.63893212000005], [-73.23035693599996, 43.638959415000045], [-73.23013399599995, 43.639549627000065], [-73.22976268799994, 43.63949921900007]]]]}}, {"type": "Feature", "properties": {"OBJECTID": 29128, "SPAN": "129-040-12236", "GLIST_SPAN": "129-040-12236", "MAPID": "22-21-16", "PARCID": "222100016.", "PROPTYPE": "PARCEL", "YEAR": 2023, "GLYEAR": 2022, "TOWN": "CASTLETON", "TNAME": "Castleton", "SOURCENAME": null, "SOURCETYPE": "UNKNOWN", "SOURCEDATE": "UNKNOWN", "EDITMETHOD": "UNKNOWN", "EDITOR": "UNKNOWN", "EDITDATE": "UNKNOWN", "MATCHSTAT": "MATCH", "EDITNOTE": "UNKNOWN", "OWNER1": "BJERKE MARYANN", "OWNER2": "MORCERF ERIN ANN", "ADDRGL1": "5571 MILES DRIVE", "ADDRGL2": "", "CITYGL": "PORT ORANGE", "STGL": "FL", "ZIPGL": "32127", "DESCPROP": "COT/LOT; CREEK RD", "LOCAPROP": "", "CAT": "Seasonal-1", "RESCODE": "NS", "ACRESGL": 0.32, "REAL_FLV": 262500, "HSTED_FLV": 0, "NRES_FLV": 262500, "LAND_LV": 223100, "IMPRV_LV": 39400, "EQUIPVAL": 0, "EQUIPCODE": "", "INVENVAL": 0, "HSDECL": "N", "HSITEVAL": 262500, "VETEXAMT": 0, "EXPDESC": "", "ENDDATE": "", "STATUTE": "", "EXAMT_HS": 0, "EXAMT_NR": 0, "UVREDUC_HS": 0, "UVREDUC_NR": 0, "GLVAL_HS": 0.0, "GLVAL_NR": 2625.0, "CRHOUSPCT": 0.0, "MUNGL1PCT": 2625.0, "AOEGL_HS": 0.0, "AOEGL_NR": 2625.0, "E911ADDR": "2424 CREEK RD", "SHAPE_Length": 0.0012054515458334058, "SHAPE_Area": 7.969198778505837e-08}, "geometry": {"type": "MultiPolygon", "coordinates": [[[[-73.23182444099996, 43.63781375600007], [-73.23190768499995, 43.637785575000066], [-73.23193061399996, 43.63778594000007], [-73.23194890099995, 43.63777162100007], [-73.23202527999996, 43.63771181300007], [-73.23203697799994, 43.63788083900005], [-73.23206583799998, 43.638134070000035], [-73.23175979499996, 43.63801610100006], [-73.23175805699998, 43.63795425100005], [-73.23177764099995, 43.63786734800004], [-73.23182444099996, 43.63781375600007]]]]}}, {"type": "Feature", "properties": {"OBJECTID": 29259, "SPAN": "129-040-10321", "GLIST_SPAN": "129-040-10321", "MAPID": "22-21-13", "PARCID": "222100013.", "PROPTYPE": "PARCEL", "YEAR": 2023, "GLYEAR": 2022, "TOWN": "CASTLETON", "TNAME": "Castleton", "SOURCENAME": null, "SOURCETYPE": "UNKNOWN", "SOURCEDATE": "UNKNOWN", "EDITMETHOD": "UNKNOWN", "EDITOR": "UNKNOWN", "EDITDATE": "UNKNOWN", "MATCHSTAT": "MATCH", "EDITNOTE": "UNKNOWN", "OWNER1": "BUNOSSO FAMILY LIVING TRUST", "OWNER2": "BUNOSSO FRANK M TRUSTEE", "ADDRGL1": "37 HIGHLAND RD", "ADDRGL2": "", "CITYGL": "OXFORD", "STGL": "CT", "ZIPGL": "06478", "DESCPROP": "MH/OB/LOT; AVALON BEACH RD", "LOCAPROP": "", "CAT": "Mobile Home/la", "RESCODE": "NS", "ACRESGL": 0.25, "REAL_FLV": 271800, "HSTED_FLV": 0, "NRES_FLV": 271800, "LAND_LV": 260700, "IMPRV_LV": 11100, "EQUIPVAL": 0, "EQUIPCODE": "", "INVENVAL": 0, "HSDECL": "N", "HSITEVAL": 271800, "VETEXAMT": 0, "EXPDESC": "", "ENDDATE": "", "STATUTE": "", "EXAMT_HS": 0, "EXAMT_NR": 0, "UVREDUC_HS": 0, "UVREDUC_NR": 0, "GLVAL_HS": 0.0, "GLVAL_NR": 2718.0, "CRHOUSPCT": 0.0, "MUNGL1PCT": 2718.0, "AOEGL_HS": 0.0, "AOEGL_NR": 2718.0, "E911ADDR": "74 AVALON BEACH RD", "SHAPE_Length": 0.0014884605853667712, "SHAPE_Area": 1.1611964810708465e-07}, "geometry": {"type": "MultiPolygon", "coordinates": [[[[-73.23091343999994, 43.63856283600006], [-73.23092357199994, 43.63852252700008], [-73.23129868099994, 43.63855151700005], [-73.23144509699995, 43.63878039600007], [-73.23140333499998, 43.63879056800005], [-73.23128445799995, 43.638815633000036], [-73.23092505899996, 43.638789502000066], [-73.23097180499997, 43.638712019000025], [-73.23096877899997, 43.63867548600007], [-73.23090858099994, 43.63863391500007], [-73.23090109799995, 43.63860230600005], [-73.23091343999994, 43.63856283600006]]]]}}, {"type": "Feature", "properties": {"OBJECTID": 29452, "SPAN": "129-040-10441", "GLIST_SPAN": "129-040-10441", "MAPID": "22-21-03", "PARCID": "222100003.", "PROPTYPE": "PARCEL", "YEAR": 2023, "GLYEAR": 2022, "TOWN": "CASTLETON", "TNAME": "Castleton", "SOURCENAME": null, "SOURCETYPE": "UNKNOWN", "SOURCEDATE": "UNKNOWN", "EDITMETHOD": "UNKNOWN", "EDITOR": "UNKNOWN", "EDITDATE": "UNKNOWN", "MATCHSTAT": "MATCH", "EDITNOTE": "UNKNOWN", "OWNER1": "CATHOLIC DIOCESE OF BURLINGTON", "OWNER2": "", "ADDRGL1": "20 PINE STREET", "ADDRGL2": "", "CITYGL": "BURLINGTON", "STGL": "VT", "ZIPGL": "05401", "DESCPROP": "ST MATTHEWS CHURCH/.64A; CREEK RD", "LOCAPROP": "", "CAT": "Commercial", "RESCODE": "C", "ACRESGL": 0.64, "REAL_FLV": 287500, "HSTED_FLV": 0, "NRES_FLV": 287500, "LAND_LV": 215500, "IMPRV_LV": 72000, "EQUIPVAL": 0, "EQUIPCODE": "", "INVENVAL": 0, "HSDECL": "N", "HSITEVAL": 0, "VETEXAMT": 0, "EXPDESC": "Statutory", "ENDDATE": "", "STATUTE": "", "EXAMT_HS": 0, "EXAMT_NR": 0, "UVREDUC_HS": 0, "UVREDUC_NR": 0, "GLVAL_HS": 0.0, "GLVAL_NR": 0.0, "CRHOUSPCT": 0.0, "MUNGL1PCT": 0.0, "AOEGL_HS": 0.0, "AOEGL_NR": 0.0, "E911ADDR": "29 AVALON BEACH RD", "SHAPE_Length": 0.003330163936082132, "SHAPE_Area": 3.800039621524353e-07}, "geometry": {"type": "MultiPolygon", "coordinates": [[[[-73.23227682099997, 43.63874891800003], [-73.23215652599998, 43.63839881800004], [-73.23210921199995, 43.638564452000026], [-73.23205056599994, 43.63861962500005], [-73.23200945599996, 43.63856851500003], [-73.23158363299996, 43.638039106000065], [-73.23165677899993, 43.63803479400008], [-73.23175979499996, 43.63801610100006], [-73.23206583799998, 43.638134070000035], [-73.23215494699997, 43.638194663000036], [-73.23224312199994, 43.63825062500007], [-73.23237894799996, 43.63831049300006], [-73.23247420599995, 43.63834383500006], [-73.23263716999998, 43.638401961000056], [-73.23270659999997, 43.63843523400004], [-73.23271850699996, 43.63873784000003], [-73.23227682099997, 43.63874891800003]]]]}}, {"type": "Feature", "properties": {"OBJECTID": 29734, "SPAN": "129-040-11690", "GLIST_SPAN": "129-040-11690", "MAPID": "22-21-19.1", "PARCID": "222100019.1", "PROPTYPE": "PARCEL", "YEAR": 2023, "GLYEAR": 2022, "TOWN": "CASTLETON", "TNAME": "Castleton", "SOURCENAME": null, "SOURCETYPE": "UNKNOWN", "SOURCEDATE": "UNKNOWN", "EDITMETHOD": "UNKNOWN", "EDITOR": "UNKNOWN", "EDITDATE": "UNKNOWN", "MATCHSTAT": "MATCH", "EDITNOTE": "UNKNOWN", "OWNER1": "PUSHEE ANNE", "OWNER2": "", "ADDRGL1": "47 GEORGE ARDEN AVENUE", "ADDRGL2": "", "CITYGL": "WARWICK", "STGL": "RI", "ZIPGL": "02886", "DESCPROP": "COT/LOT   (+22-21-21); CREEK RD", "LOCAPROP": "", "CAT": "Residential-1", "RESCODE": "NS", "ACRESGL": 0.18, "REAL_FLV": 278200, "HSTED_FLV": 0, "NRES_FLV": 278200, "LAND_LV": 177800, "IMPRV_LV": 100400, "EQUIPVAL": 0, "EQUIPCODE": "", "INVENVAL": 0, "HSDECL": "N", "HSITEVAL": 278200, "VETEXAMT": 0, "EXPDESC": "", "ENDDATE": "", "STATUTE": "", "EXAMT_HS": 0, "EXAMT_NR": 0, "UVREDUC_HS": 0, "UVREDUC_NR": 0, "GLVAL_HS": 0.0, "GLVAL_NR": 2782.0, "CRHOUSPCT": 0.0, "MUNGL1PCT": 2782.0, "AOEGL_HS": 0.0, "AOEGL_NR": 2782.0, "E911ADDR": "2385 CREEK RD", "SHAPE_Length": 0.0016953482000516226, "SHAPE_Area": 9.208016450817517e-08}, "geometry": {"type": "MultiPolygon", "coordinates": [[[[-73.23216484999995, 43.636999640000056], [-73.23254826899995, 43.63696252600005], [-73.23260540299998, 43.63715002200007], [-73.23215410899996, 43.63719748900007], [-73.23214865699998, 43.63710333000006], [-73.23216484999995, 43.636999640000056]]], [[[-73.23178696799994, 43.63713441500005], [-73.23196077199998, 43.63712308700008], [-73.23196394599995, 43.637177905000044], [-73.23178732299993, 43.63718941600007], [-73.23178696799994, 43.63713441500005]]]]}}, {"type": "Feature", "properties": {"OBJECTID": 29762, "SPAN": "129-040-11705", "GLIST_SPAN": "129-040-11705", "MAPID": "22-21-15", "PARCID": "222100015.", "PROPTYPE": "PARCEL", "YEAR": 2023, "GLYEAR": 2022, "TOWN": "CASTLETON", "TNAME": "Castleton", "SOURCENAME": null, "SOURCETYPE": "UNKNOWN", "SOURCEDATE": "UNKNOWN", "EDITMETHOD": "UNKNOWN", "EDITOR": "UNKNOWN", "EDITDATE": "UNKNOWN", "MATCHSTAT": "MATCH", "EDITNOTE": "UNKNOWN", "OWNER1": "PELLEGRINO MARY C", "OWNER2": "PELLEGRINO CHRISTINE", "ADDRGL1": "210 MARBLE ISLAND ROAD", "ADDRGL2": "", "CITYGL": "COLCHESTER", "STGL": "VT", "ZIPGL": "05446", "DESCPROP": "HSE/.81 ACRE; AVALON BEACH RD", "LOCAPROP": "", "CAT": "Residential-1", "RESCODE": "S", "ACRESGL": 0.81, "REAL_FLV": 369200, "HSTED_FLV": 0, "NRES_FLV": 369200, "LAND_LV": 330400, "IMPRV_LV": 38800, "EQUIPVAL": 0, "EQUIPCODE": "", "INVENVAL": 0, "HSDECL": "N", "HSITEVAL": 369200, "VETEXAMT": 0, "EXPDESC": "", "ENDDATE": "", "STATUTE": "", "EXAMT_HS": 0, "EXAMT_NR": 0, "UVREDUC_HS": 0, "UVREDUC_NR": 0, "GLVAL_HS": 0.0, "GLVAL_NR": 3692.0, "CRHOUSPCT": 0.0, "MUNGL1PCT": 3692.0, "AOEGL_HS": 0.0, "AOEGL_NR": 3692.0, "E911ADDR": "56 AVALON BEACH RD", "SHAPE_Length": 0.0026435555736287783, "SHAPE_Area": 3.57816171518405e-07}, "geometry": {"type": "MultiPolygon", "coordinates": [[[[-73.23150953499999, 43.63876470100007], [-73.23104427299995, 43.638091114000076], [-73.23109386599998, 43.638095785000075], [-73.23111642799995, 43.63813294500005], [-73.23117697799995, 43.63814812100003], [-73.23125751999999, 43.638146419000066], [-73.23134362999997, 43.63814863300007], [-73.23136706199995, 43.638133553000046], [-73.23142254699997, 43.63806682200004], [-73.23158363299996, 43.638039106000065], [-73.23200945599996, 43.63856851500003], [-73.23195743099996, 43.638617459000045], [-73.23186180499994, 43.63866647000003], [-73.23174505599997, 43.638707339000064], [-73.23150953499999, 43.63876470100007]]]]}}, {"type": "Feature", "properties": {"OBJECTID": 29765, "SPAN": "129-040-11707", "GLIST_SPAN": "129-040-11707", "MAPID": "22-21-10", "PARCID": "222100010.", "PROPTYPE": "PARCEL", "YEAR": 2023, "GLYEAR": 2022, "TOWN": "CASTLETON", "TNAME": "Castleton", "SOURCENAME": null, "SOURCETYPE": "UNKNOWN", "SOURCEDATE": "UNKNOWN", "EDITMETHOD": "UNKNOWN", "EDITOR": "UNKNOWN", "EDITDATE": "UNKNOWN", "MATCHSTAT": "MATCH", "EDITNOTE": "UNKNOWN", "OWNER1": "PELLEGRINO TERRANCE", "OWNER2": "PELLEGRINO SUSAN", "ADDRGL1": "193 AVALON BEACH RD", "ADDRGL2": "", "CITYGL": "FAIR HAVEN", "STGL": "VT", "ZIPGL": "05743", "DESCPROP": "HSE/GAR/LOT; AVALON SEC", "LOCAPROP": "", "CAT": "Residential-1", "RESCODE": "T", "ACRESGL": 0.27, "REAL_FLV": 334000, "HSTED_FLV": 334000, "NRES_FLV": 0, "LAND_LV": 209400, "IMPRV_LV": 124600, "EQUIPVAL": 0, "EQUIPCODE": "", "INVENVAL": 0, "HSDECL": "Y", "HSITEVAL": 334000, "VETEXAMT": 0, "EXPDESC": "", "ENDDATE": "", "STATUTE": "", "EXAMT_HS": 0, "EXAMT_NR": 0, "UVREDUC_HS": 0, "UVREDUC_NR": 0, "GLVAL_HS": 3340.0, "GLVAL_NR": 0.0, "CRHOUSPCT": 0.0, "MUNGL1PCT": 3340.0, "AOEGL_HS": 3340.0, "AOEGL_NR": 0.0, "E911ADDR": "193 AVALON BEACH RD", "SHAPE_Length": 0.0014874136702533684, "SHAPE_Area": 1.0334607949859995e-07}, "geometry": {"type": "MultiPolygon", "coordinates": [[[[-73.22876733799995, 43.639186101000064], [-73.22898932899994, 43.63864710200005], [-73.22903013199993, 43.63866171500007], [-73.22907079699996, 43.63869071400006], [-73.22915627499998, 43.63873719000003], [-73.22894915199998, 43.639223238000056], [-73.22876733799995, 43.639186101000064]]]]}}, {"type": "Feature", "properties": {"OBJECTID": 29892, "SPAN": "129-040-11811", "GLIST_SPAN": "129-040-11811", "MAPID": "22-21-17.1", "PARCID": "222100017.1", "PROPTYPE": "PARCEL", "YEAR": 2023, "GLYEAR": 2022, "TOWN": "CASTLETON", "TNAME": "Castleton", "SOURCENAME": null, "SOURCETYPE": "UNKNOWN", "SOURCEDATE": "UNKNOWN", "EDITMETHOD": "UNKNOWN", "EDITOR": "UNKNOWN", "EDITDATE": "UNKNOWN", "MATCHSTAT": "MATCH", "EDITNOTE": "UNKNOWN", "OWNER1": "PUSHEE KEITH DAVID KEITH CARL", "OWNER2": "ATTN ALICE PUSHEE", "ADDRGL1": "47 GEORGE ARDEN AVENUE", "ADDRGL2": "", "CITYGL": "WARWICK", "STGL": "RI", "ZIPGL": "02886", "DESCPROP": "HSE/LOT (+222100018); CREEK RD", "LOCAPROP": "", "CAT": "Residential-1", "RESCODE": "NS", "ACRESGL": 2.8, "REAL_FLV": 417500, "HSTED_FLV": 0, "NRES_FLV": 417500, "LAND_LV": 272300, "IMPRV_LV": 145200, "EQUIPVAL": 0, "EQUIPCODE": "", "INVENVAL": 0, "HSDECL": "N", "HSITEVAL": 415100, "VETEXAMT": 0, "EXPDESC": "", "ENDDATE": "", "STATUTE": "", "EXAMT_HS": 0, "EXAMT_NR": 0, "UVREDUC_HS": 0, "UVREDUC_NR": 0, "GLVAL_HS": 0.0, "GLVAL_NR": 4175.0, "CRHOUSPCT": 0.0, "MUNGL1PCT": 4175.0, "AOEGL_HS": 0.0, "AOEGL_NR": 4175.0, "E911ADDR": "2417 CREEK RD", "SHAPE_Length": 0.007803570278994289, "SHAPE_Area": 1.2151132901768863e-06}, "geometry": {"type": "MultiPolygon", "coordinates": [[[[-73.23222545099998, 43.63787173700007], [-73.23219962099995, 43.63749851000006], [-73.23215757999998, 43.63725743800006], [-73.23215410899996, 43.63719748900007], [-73.23260540299998, 43.63715002200007], [-73.23285682699998, 43.637765443000035], [-73.23439420399995, 43.63765479800003], [-73.23445334499996, 43.63800607100006], [-73.23291005699997, 43.63812851900008], [-73.23296649399998, 43.63825196000005], [-73.23282866699998, 43.63832939500003], [-73.23273118499998, 43.63828267800005], [-73.23255683199994, 43.63822049100003], [-73.23246915099998, 43.63818980000008], [-73.23235508799996, 43.63813952500004], [-73.23228166499996, 43.63809292600007], [-73.23224805599995, 43.63807007200006], [-73.23222545099998, 43.63787173700007]]], [[[-73.23178732299993, 43.63718941600007], [-73.23196394599995, 43.637177905000044], [-73.23196921799996, 43.63726895700006], [-73.23201135499994, 43.637510588000055], [-73.23202166399994, 43.63765955500003], [-73.23195357099996, 43.63762865800004], [-73.23191330299994, 43.63762885800003], [-73.23186970299997, 43.63759796900007], [-73.23185871299995, 43.637558442000056], [-73.23187236299998, 43.637528565000025], [-73.23190367799998, 43.63751092800004], [-73.23196254299995, 43.63749529300003], [-73.23199234799995, 43.63747693800008], [-73.23195256999998, 43.63729426200007], [-73.23193370299998, 43.63726733000004], [-73.23188990399996, 43.637236130000076], [-73.23185576999998, 43.63723186200008], [-73.23180882299994, 43.637215636000064], [-73.23178732299993, 43.63718941600007]]]]}}, {"type": "Feature", "properties": {"OBJECTID": 30104, "SPAN": "129-040-12471", "GLIST_SPAN": "129-040-12471", "MAPID": "22-21-09", "PARCID": "222100009.", "PROPTYPE": "PARCEL", "YEAR": 2023, "GLYEAR": 2022, "TOWN": "CASTLETON", "TNAME": "Castleton", "SOURCENAME": null, "SOURCETYPE": "UNKNOWN", "SOURCEDATE": "UNKNOWN", "EDITMETHOD": "UNKNOWN", "EDITOR": "UNKNOWN", "EDITDATE": "UNKNOWN", "MATCHSTAT": "MATCH", "EDITNOTE": "UNKNOWN", "OWNER1": "YESMAN DAVID A", "OWNER2": "YESMAN SHARON L", "ADDRGL1": "18 UNION ST", "ADDRGL2": "", "CITYGL": "SPRINGFIELD", "STGL": "VT", "ZIPGL": "05156", "DESCPROP": "COT/LOT; AVALON SEC", "LOCAPROP": "", "CAT": "Residential-1", "RESCODE": "S", "ACRESGL": 0.22, "REAL_FLV": 236300, "HSTED_FLV": 0, "NRES_FLV": 236300, "LAND_LV": 204100, "IMPRV_LV": 32200, "EQUIPVAL": 0, "EQUIPCODE": "", "INVENVAL": 0, "HSDECL": "N", "HSITEVAL": 236300, "VETEXAMT": 0, "EXPDESC": "", "ENDDATE": "", "STATUTE": "", "EXAMT_HS": 0, "EXAMT_NR": 0, "UVREDUC_HS": 0, "UVREDUC_NR": 0, "GLVAL_HS": 0.0, "GLVAL_NR": 2363.0, "CRHOUSPCT": 0.0, "MUNGL1PCT": 2363.0, "AOEGL_HS": 0.0, "AOEGL_NR": 2363.0, "E911ADDR": "181 AVALON BEACH RD", "SHAPE_Length": 0.0014277813975553239, "SHAPE_Area": 1.0130248886583681e-07}, "geometry": {"type": "MultiPolygon", "coordinates": [[[[-73.22894915199998, 43.639223238000056], [-73.22915627499998, 43.63873719000003], [-73.22930439599997, 43.63878711400008], [-73.22933924799997, 43.63879942700004], [-73.22914914899997, 43.63926408900005], [-73.22894915199998, 43.639223238000056]]]]}}, {"type": "Feature", "properties": {"OBJECTID": 28875, "SPAN": "129-040-11962", "GLIST_SPAN": "129-040-11962", "MAPID": "22-20-53", "PARCID": "222000053.", "PROPTYPE": "PARCEL", "YEAR": 2023, "GLYEAR": 2022, "TOWN": "CASTLETON", "TNAME": "Castleton", "SOURCENAME": null, "SOURCETYPE": "UNKNOWN", "SOURCEDATE": "UNKNOWN", "EDITMETHOD": "UNKNOWN", "EDITOR": "UNKNOWN", "EDITDATE": "UNKNOWN", "MATCHSTAT": "MATCH", "EDITNOTE": "UNKNOWN", "OWNER1": "SAARI ARNE", "OWNER2": "SAARI MARY", "ADDRGL1": "20 ORCHARD ST", "ADDRGL2": "", "CITYGL": "COLD SPRING", "STGL": "NY", "ZIPGL": "10516", "DESCPROP": "HSE/LOT .50 ACRES; AVALON SEC", "LOCAPROP": "", "CAT": "Residential-1", "RESCODE": "NS", "ACRESGL": 0.5, "REAL_FLV": 380300, "HSTED_FLV": 0, "NRES_FLV": 380300, "LAND_LV": 233700, "IMPRV_LV": 146600, "EQUIPVAL": 0, "EQUIPCODE": "", "INVENVAL": 0, "HSDECL": "N", "HSITEVAL": 380300, "VETEXAMT": 0, "EXPDESC": "", "ENDDATE": "", "STATUTE": "", "EXAMT_HS": 0, "EXAMT_NR": 0, "UVREDUC_HS": 0, "UVREDUC_NR": 0, "GLVAL_HS": 0.0, "GLVAL_NR": 3803.0, "CRHOUSPCT": 0.0, "MUNGL1PCT": 3803.0, "AOEGL_HS": 0.0, "AOEGL_NR": 3803.0, "E911ADDR": "365 AVALON BEACH RD", "SHAPE_Length": 0.002393988352483916, "SHAPE_Area": 2.1552311254033796e-07}, "geometry": {"type": "MultiPolygon", "coordinates": [[[[-73.22586578599999, 43.63930226300005], [-73.22590649199998, 43.63928488100004], [-73.22608092299998, 43.63948232700005], [-73.22649484599998, 43.63995085600004], [-73.22624166499998, 43.64007067800003], [-73.22622534699997, 43.640052206000064], [-73.22582264599998, 43.63959638700004], [-73.22592029399993, 43.63955326400003], [-73.22572365599996, 43.639331741000035], [-73.22586578599999, 43.63930226300005]]]]}}, {"type": "Feature", "properties": {"OBJECTID": 29001, "SPAN": "129-040-12099", "GLIST_SPAN": "129-040-12099", "MAPID": "22-20-55", "PARCID": "222000055.", "PROPTYPE": "PARCEL", "YEAR": 2023, "GLYEAR": 2022, "TOWN": "CASTLETON", "TNAME": "Castleton", "SOURCENAME": null, "SOURCETYPE": "UNKNOWN", "SOURCEDATE": "UNKNOWN", "EDITMETHOD": "UNKNOWN", "EDITOR": "UNKNOWN", "EDITDATE": "UNKNOWN", "MATCHSTAT": "MATCH", "EDITNOTE": "UNKNOWN", "OWNER1": "SOSNOFF HARVEY", "OWNER2": "SOSNOFF TRUST ALICIA TRUSTEE", "ADDRGL1": "10297 LIVORNO DRIVE", "ADDRGL2": "", "CITYGL": "FORT MYERS", "STGL": "FL", "ZIPGL": "33913", "DESCPROP": "HSE/LOT; AVALON SEC", "LOCAPROP": "", "CAT": "Residential-1", "RESCODE": "NS", "ACRESGL": 0.4, "REAL_FLV": 304500, "HSTED_FLV": 0, "NRES_FLV": 304500, "LAND_LV": 226100, "IMPRV_LV": 78400, "EQUIPVAL": 0, "EQUIPCODE": "", "INVENVAL": 0, "HSDECL": "N", "HSITEVAL": 304500, "VETEXAMT": 0, "EXPDESC": "", "ENDDATE": "", "STATUTE": "", "EXAMT_HS": 0, "EXAMT_NR": 0, "UVREDUC_HS": 0, "UVREDUC_NR": 0, "GLVAL_HS": 0.0, "GLVAL_NR": 3045.0, "CRHOUSPCT": 0.0, "MUNGL1PCT": 3045.0, "AOEGL_HS": 0.0, "AOEGL_NR": 3045.0, "E911ADDR": "333 AVALON BEACH RD", "SHAPE_Length": 0.002054829770286299, "SHAPE_Area": 1.8139887001470984e-07}, "geometry": {"type": "MultiPolygon", "coordinates": [[[[-73.22634277099996, 43.63920667600007], [-73.22650223599999, 43.639171678000025], [-73.22658131399999, 43.639261340000076], [-73.22698910999998, 43.63972810400003], [-73.22676584699997, 43.63983099300003], [-73.22635733699997, 43.63936339700007], [-73.22623914299999, 43.639228107000065], [-73.22634277099996, 43.63920667600007]]]]}}, {"type": "Feature", "properties": {"OBJECTID": 28363, "SPAN": "129-040-11439", "GLIST_SPAN": "129-040-11439", "MAPID": "38-50-01", "PARCID": "385000001.", "PROPTYPE": "PARCEL", "YEAR": 2023, "GLYEAR": 2022, "TOWN": "CASTLETON", "TNAME": "Castleton", "SOURCENAME": null, "SOURCETYPE": "UNKNOWN", "SOURCEDATE": "UNKNOWN", "EDITMETHOD": "UNKNOWN", "EDITOR": "UNKNOWN", "EDITDATE": "UNKNOWN", "MATCHSTAT": "MATCH", "EDITNOTE": "UNKNOWN", "OWNER1": "MANOR PROPERTIES LLC", "OWNER2": "ATTN MARKELL SEITZMAN", "ADDRGL1": "PO BOX 482", "ADDRGL2": "", "CITYGL": "BOMOSEEN", "STGL": "VT", "ZIPGL": "05732", "DESCPROP": "HSE/GAR/LAND; BOOTH`RY/#(1/2)12131415", "LOCAPROP": "", "CAT": "Residential-1", "RESCODE": "T", "ACRESGL": 0.87, "REAL_FLV": 1132400, "HSTED_FLV": 0, "NRES_FLV": 1132400, "LAND_LV": 363000, "IMPRV_LV": 769400, "EQUIPVAL": 0, "EQUIPCODE": "", "INVENVAL": 0, "HSDECL": "N", "HSITEVAL": 1132400, "VETEXAMT": 0, "EXPDESC": "", "ENDDATE": "", "STATUTE": "", "EXAMT_HS": 0, "EXAMT_NR": 0, "UVREDUC_HS": 0, "UVREDUC_NR": 0, "GLVAL_HS": 0.0, "GLVAL_NR": 11324.0, "CRHOUSPCT": 0.0, "MUNGL1PCT": 11324.0, "AOEGL_HS": 0.0, "AOEGL_NR": 11324.0, "E911ADDR": "216 BOOTH RD", "SHAPE_Length": 0.002609097023497556, "SHAPE_Area": 4.2425090929805074e-07}, "geometry": {"type": "MultiPolygon", "coordinates": [[[[-73.21258848899998, 43.63533553900004], [-73.21261681699997, 43.63530259600003], [-73.21315217599994, 43.63579028400005], [-73.21306606099995, 43.63585954200005], [-73.21300822299997, 43.63590738700003], [-73.21295205499996, 43.63594843800007], [-73.21287191099998, 43.636018242000034], [-73.21277687599996, 43.636088855000025], [-73.21272935899998, 43.63614354100008], [-73.21268375899996, 43.63617214100003], [-73.21257435799998, 43.63623134800008], [-73.21225550999998, 43.635722756000064], [-73.21258848899998, 43.63533553900004]]]]}}, {"type": "Feature", "properties": {"OBJECTID": 28380, "SPAN": "129-040-11458", "GLIST_SPAN": "129-040-11458", "MAPID": "38-50-15", "PARCID": "385000015.", "PROPTYPE": "PARCEL", "YEAR": 2023, "GLYEAR": 2022, "TOWN": "CASTLETON", "TNAME": "Castleton", "SOURCENAME": null, "SOURCETYPE": "UNKNOWN", "SOURCEDATE": "UNKNOWN", "EDITMETHOD": "UNKNOWN", "EDITOR": "UNKNOWN", "EDITDATE": "UNKNOWN", "MATCHSTAT": "MATCH", "EDITNOTE": "UNKNOWN", "OWNER1": "OSHEA EDWARD", "OWNER2": "OSHEA TAMMY", "ADDRGL1": "PO BOX 273", "ADDRGL2": "", "CITYGL": "HYDEVILLE", "STGL": "VT", "ZIPGL": "05750", "DESCPROP": "COT/LOT   (+385000016) & PORTION OF 38-5", "LOCAPROP": "", "CAT": "Seasonal-1", "RESCODE": "T", "ACRESGL": 0.56, "REAL_FLV": 330600, "HSTED_FLV": 0, "NRES_FLV": 330600, "LAND_LV": 290900, "IMPRV_LV": 39700, "EQUIPVAL": 0, "EQUIPCODE": "", "INVENVAL": 0, "HSDECL": "N", "HSITEVAL": 330600, "VETEXAMT": 0, "EXPDESC": "", "ENDDATE": "", "STATUTE": "", "EXAMT_HS": 0, "EXAMT_NR": 0, "UVREDUC_HS": 0, "UVREDUC_NR": 0, "GLVAL_HS": 0.0, "GLVAL_NR": 3306.0, "CRHOUSPCT": 0.0, "MUNGL1PCT": 3306.0, "AOEGL_HS": 0.0, "AOEGL_NR": 3306.0, "E911ADDR": "324 BOOTH RD", "SHAPE_Length": 0.0031447966052112197, "SHAPE_Area": 2.535624205409939e-07}, "geometry": {"type": "MultiPolygon", "coordinates": [[[[-73.21349247899997, 43.63456066800006], [-73.21310772499999, 43.63409169000005], [-73.21353386899995, 43.63414114900007], [-73.21396183699994, 43.634190818000036], [-73.21442417099996, 43.63424519300003], [-73.21446518499994, 43.634250017000056], [-73.21435175499994, 43.634390042000064], [-73.21390981599995, 43.634306034000076], [-73.21378557999998, 43.634282418000055], [-73.21365003299996, 43.63447549000006], [-73.21349247899997, 43.63456066800006]]]]}}, {"type": "Feature", "properties": {"OBJECTID": 28734, "SPAN": "129-040-10244", "GLIST_SPAN": "129-040-10244", "MAPID": "38-50-13", "PARCID": "385000013.", "PROPTYPE": "PARCEL", "YEAR": 2023, "GLYEAR": 2022, "TOWN": "CASTLETON", "TNAME": "Castleton", "SOURCENAME": null, "SOURCETYPE": "UNKNOWN", "SOURCEDATE": "UNKNOWN", "EDITMETHOD": "UNKNOWN", "EDITOR": "UNKNOWN", "EDITDATE": "UNKNOWN", "MATCHSTAT": "MATCH", "EDITNOTE": "UNKNOWN", "OWNER1": "HAMMER CHARLES R", "OWNER2": "BAEZ SANDRA", "ADDRGL1": "9 COTTAGE COURT", "ADDRGL2": "", "CITYGL": "MAPLEWOOD", "STGL": "NJ", "ZIPGL": "07040", "DESCPROP": "COT/LOT; BOOTH RD - LOT 3", "LOCAPROP": "", "CAT": "Seasonal-1", "RESCODE": "NS", "ACRESGL": 0.15, "REAL_FLV": 271900, "HSTED_FLV": 0, "NRES_FLV": 271900, "LAND_LV": 235500, "IMPRV_LV": 36400, "EQUIPVAL": 0, "EQUIPCODE": "", "INVENVAL": 0, "HSDECL": "N", "HSITEVAL": 271900, "VETEXAMT": 0, "EXPDESC": "", "ENDDATE": "", "STATUTE": "", "EXAMT_HS": 0, "EXAMT_NR": 0, "UVREDUC_HS": 0, "UVREDUC_NR": 0, "GLVAL_HS": 0.0, "GLVAL_NR": 2719.0, "CRHOUSPCT": 0.0, "MUNGL1PCT": 2719.0, "AOEGL_HS": 0.0, "AOEGL_NR": 2719.0, "E911ADDR": "320 BOOTH RD", "SHAPE_Length": 0.0012034253801838284, "SHAPE_Area": 6.658513738968764e-08}, "geometry": {"type": "MultiPolygon", "coordinates": [[[[-73.21374781199995, 43.63453163500003], [-73.21384614799996, 43.63443225300006], [-73.21425097399998, 43.63454382400005], [-73.21414972199995, 43.634691083000064], [-73.21373050799997, 43.63454128400008], [-73.21374781199995, 43.63453163500003]]]]}}, {"type": "Feature", "properties": {"OBJECTID": 28957, "SPAN": "129-040-12048", "GLIST_SPAN": "129-040-12048", "MAPID": "38-50-02", "PARCID": "385000002.", "PROPTYPE": "PARCEL", "YEAR": 2023, "GLYEAR": 2022, "TOWN": "CASTLETON", "TNAME": "Castleton", "SOURCENAME": null, "SOURCETYPE": "UNKNOWN", "SOURCEDATE": "UNKNOWN", "EDITMETHOD": "UNKNOWN", "EDITOR": "UNKNOWN", "EDITDATE": "UNKNOWN", "MATCHSTAT": "MATCH", "EDITNOTE": "UNKNOWN", "OWNER1": "SIMMONS PATRICIA M TRUSTEE", "OWNER2": "C/0 SIMMONS SCOTT", "ADDRGL1": "191 MIDDLE ROAD", "ADDRGL2": "", "CITYGL": "NEWBURY", "STGL": "MA", "ZIPGL": "01922", "DESCPROP": "HSE/LOT; BOOTHERY - LOT 17 18 & (1/2)19", "LOCAPROP": "", "CAT": "Residential-1", "RESCODE": "NS", "ACRESGL": 0.4, "REAL_FLV": 469000, "HSTED_FLV": 0, "NRES_FLV": 469000, "LAND_LV": 308300, "IMPRV_LV": 160700, "EQUIPVAL": 0, "EQUIPCODE": "", "INVENVAL": 0, "HSDECL": "N", "HSITEVAL": 469000, "VETEXAMT": 0, "EXPDESC": "", "ENDDATE": "", "STATUTE": "", "EXAMT_HS": 0, "EXAMT_NR": 0, "UVREDUC_HS": 0, "UVREDUC_NR": 0, "GLVAL_HS": 0.0, "GLVAL_NR": 4690.0, "CRHOUSPCT": 0.0, "MUNGL1PCT": 4690.0, "AOEGL_HS": 0.0, "AOEGL_NR": 4690.0, "E911ADDR": "182 BOOTH RD", "SHAPE_Length": 0.0018947977676680547, "SHAPE_Area": 2.1737529456837804e-07}, "geometry": {"type": "MultiPolygon", "coordinates": [[[[-73.21212192799999, 43.63587136000007], [-73.21225550999998, 43.635722756000064], [-73.21257435799998, 43.63623134800008], [-73.21246655599998, 43.63630233600003], [-73.21240360199994, 43.63636334100005], [-73.21231623899996, 43.63639222900008], [-73.21224486399996, 43.636414941000055], [-73.21216919199998, 43.636435504000076], [-73.21215776399998, 43.63640082000006], [-73.21201711199996, 43.63597393800006], [-73.21212192799999, 43.63587136000007]]]]}}, {"type": "Feature", "properties": {"OBJECTID": 29130, "SPAN": "129-040-12238", "GLIST_SPAN": "129-040-12238", "MAPID": "38-50-09", "PARCID": "385000009.", "PROPTYPE": "PARCEL", "YEAR": 2023, "GLYEAR": 2022, "TOWN": "CASTLETON", "TNAME": "Castleton", "SOURCENAME": null, "SOURCETYPE": "UNKNOWN", "SOURCEDATE": "UNKNOWN", "EDITMETHOD": "UNKNOWN", "EDITOR": "UNKNOWN", "EDITDATE": "UNKNOWN", "MATCHSTAT": "MATCH", "EDITNOTE": "UNKNOWN", "OWNER1": "BELCHACK JAMIE", "OWNER2": "KESSELRING NICOLE S", "ADDRGL1": "625 CREAM HILL ROAD", "ADDRGL2": "", "CITYGL": "MENDON", "STGL": "VT", "ZIPGL": "05701", "DESCPROP": "DWL; BOOTHERY - LOT 7 PT", "LOCAPROP": "", "CAT": "Residential-1", "RESCODE": "NS", "ACRESGL": 0.25, "REAL_FLV": 357700, "HSTED_FLV": 0, "NRES_FLV": 357700, "LAND_LV": 214400, "IMPRV_LV": 143300, "EQUIPVAL": 0, "EQUIPCODE": "", "INVENVAL": 0, "HSDECL": "N", "HSITEVAL": 327100, "VETEXAMT": 0, "EXPDESC": "", "ENDDATE": "", "STATUTE": "", "EXAMT_HS": 0, "EXAMT_NR": 0, "UVREDUC_HS": 0, "UVREDUC_NR": 0, "GLVAL_HS": 0.0, "GLVAL_NR": 3577.0, "CRHOUSPCT": 0.0, "MUNGL1PCT": 3577.0, "AOEGL_HS": 0.0, "AOEGL_NR": 3577.0, "E911ADDR": "272 BOOTH RD", "SHAPE_Length": 0.0020304730457356293, "SHAPE_Area": 2.3285514451935234e-07}, "geometry": {"type": "MultiPolygon", "coordinates": [[[[-73.21308436699996, 43.63488753300004], [-73.21333841999996, 43.63475343500005], [-73.21386711899999, 43.63496348900003], [-73.21376414199995, 43.63506751400007], [-73.21370448099998, 43.63515628400006], [-73.21357024399998, 43.63528629600006], [-73.21302357699994, 43.63497022800004], [-73.21308436699996, 43.63488753300004]]]]}}, {"type": "Feature", "properties": {"OBJECTID": 29148, "SPAN": "129-040-12258", "GLIST_SPAN": "129-040-12258", "MAPID": "38-50-07", "PARCID": "385000007.", "PROPTYPE": "PARCEL", "YEAR": 2023, "GLYEAR": 2022, "TOWN": "CASTLETON", "TNAME": "Castleton", "SOURCENAME": null, "SOURCETYPE": "UNKNOWN", "SOURCEDATE": "UNKNOWN", "EDITMETHOD": "UNKNOWN", "EDITOR": "UNKNOWN", "EDITDATE": "UNKNOWN", "MATCHSTAT": "MATCH", "EDITNOTE": "UNKNOWN", "OWNER1": "TOWER RICHARD H", "OWNER2": "", "ADDRGL1": "PO BOX 662", "ADDRGL2": "", "CITYGL": "BOMOSEEN", "STGL": "VT", "ZIPGL": "05732", "DESCPROP": "COT/LOT; BOOTHERY LOT 9", "LOCAPROP": "", "CAT": "Residential-1", "RESCODE": "T", "ACRESGL": 0.16, "REAL_FLV": 301500, "HSTED_FLV": 301500, "NRES_FLV": 0, "LAND_LV": 248400, "IMPRV_LV": 53100, "EQUIPVAL": 0, "EQUIPCODE": "", "INVENVAL": 0, "HSDECL": "Y", "HSITEVAL": 301500, "VETEXAMT": 0, "EXPDESC": "", "ENDDATE": "", "STATUTE": "", "EXAMT_HS": 0, "EXAMT_NR": 0, "UVREDUC_HS": 0, "UVREDUC_NR": 0, "GLVAL_HS": 3015.0, "GLVAL_NR": 0.0, "CRHOUSPCT": 0.0, "MUNGL1PCT": 3015.0, "AOEGL_HS": 3015.0, "AOEGL_NR": 0.0, "E911ADDR": "248 BOOTH RD", "SHAPE_Length": 0.0016884546174902341, "SHAPE_Area": 1.1050143717648822e-07}, "geometry": {"type": "MultiPolygon", "coordinates": [[[[-73.21282500099994, 43.63510625600003], [-73.21295457699995, 43.63501777600004], [-73.21351234299993, 43.63534237300007], [-73.21350960699993, 43.63534502300007], [-73.21341032299995, 43.63549298700008], [-73.21340833499994, 43.63549529800008], [-73.21282500099994, 43.63510625600003]]]]}}, {"type": "Feature", "properties": {"OBJECTID": 29294, "SPAN": "129-040-10357", "GLIST_SPAN": "129-040-10357", "MAPID": "38-50-10", "PARCID": "385000010.", "PROPTYPE": "PARCEL", "YEAR": 2023, "GLYEAR": 2022, "TOWN": "CASTLETON", "TNAME": "Castleton", "SOURCENAME": null, "SOURCETYPE": "UNKNOWN", "SOURCEDATE": "UNKNOWN", "EDITMETHOD": "UNKNOWN", "EDITOR": "UNKNOWN", "EDITDATE": "UNKNOWN", "MATCHSTAT": "MATCH", "EDITNOTE": "UNKNOWN", "OWNER1": "GOLDEN WILLOW TRUST/UA", "OWNER2": "", "ADDRGL1": "589 PINTAIL DRIVE", "ADDRGL2": "", "CITYGL": "AIKEN", "STGL": "SC", "ZIPGL": "29803", "DESCPROP": "HSE/LAND/INCLUDES 385000011", "LOCAPROP": "", "CAT": "Residential-1", "RESCODE": "NS", "ACRESGL": 0.2, "REAL_FLV": 343800, "HSTED_FLV": 0, "NRES_FLV": 343800, "LAND_LV": 245500, "IMPRV_LV": 98300, "EQUIPVAL": 0, "EQUIPCODE": "", "INVENVAL": 0, "HSDECL": "N", "HSITEVAL": 343800, "VETEXAMT": 0, "EXPDESC": "", "ENDDATE": "", "STATUTE": "", "EXAMT_HS": 0, "EXAMT_NR": 0, "UVREDUC_HS": 0, "UVREDUC_NR": 0, "GLVAL_HS": 0.0, "GLVAL_NR": 3438.0, "CRHOUSPCT": 0.0, "MUNGL1PCT": 3438.0, "AOEGL_HS": 0.0, "AOEGL_NR": 3438.0, "E911ADDR": "310 BOOTH RD", "SHAPE_Length": 0.0015998774355722985, "SHAPE_Area": 1.1519547988609935e-07}, "geometry": {"type": "MultiPolygon", "coordinates": [[[[-73.21355628399994, 43.634638437000035], [-73.21358784599994, 43.63462083700006], [-73.21405608399994, 43.63481020200004], [-73.21403290599994, 43.634831863000045], [-73.21386711899999, 43.63496348900003], [-73.21333841999996, 43.63475343500005], [-73.21355628399994, 43.634638437000035]]]]}}, {"type": "Feature", "properties": {"OBJECTID": 29298, "SPAN": "129-040-10359", "GLIST_SPAN": "129-040-10359", "MAPID": "38-50-12", "PARCID": "385000012.", "PROPTYPE": "PARCEL", "YEAR": 2023, "GLYEAR": 2022, "TOWN": "CASTLETON", "TNAME": "Castleton", "SOURCENAME": null, "SOURCETYPE": "UNKNOWN", "SOURCEDATE": "UNKNOWN", "EDITMETHOD": "UNKNOWN", "EDITOR": "UNKNOWN", "EDITDATE": "UNKNOWN", "MATCHSTAT": "MATCH", "EDITNOTE": "UNKNOWN", "OWNER1": "CARAVELLO LYNN M LIVING TRUST", "OWNER2": "", "ADDRGL1": "589 PINTAIL DRIVE", "ADDRGL2": "", "CITYGL": "AIKEN", "STGL": "SC", "ZIPGL": "29803", "DESCPROP": "GARAGE/LOT", "LOCAPROP": "", "CAT": "Residential-1", "RESCODE": "NS", "ACRESGL": 0.81, "REAL_FLV": 130400, "HSTED_FLV": 0, "NRES_FLV": 130400, "LAND_LV": 86200, "IMPRV_LV": 44200, "EQUIPVAL": 0, "EQUIPCODE": "", "INVENVAL": 0, "HSDECL": "N", "HSITEVAL": 130400, "VETEXAMT": 0, "EXPDESC": "", "ENDDATE": "", "STATUTE": "", "EXAMT_HS": 0, "EXAMT_NR": 0, "UVREDUC_HS": 0, "UVREDUC_NR": 0, "GLVAL_HS": 0.0, "GLVAL_NR": 1304.0, "CRHOUSPCT": 0.0, "MUNGL1PCT": 1304.0, "AOEGL_HS": 0.0, "AOEGL_NR": 1304.0, "E911ADDR": "1 BOOTH RD", "SHAPE_Length": 0.0024424491574085235, "SHAPE_Area": 2.839848410647323e-07}, "geometry": {"type": "MultiPolygon", "coordinates": [[[[-73.21315655299998, 43.63473806600007], [-73.21257359899994, 43.63402875400004], [-73.21310772499999, 43.63409169000005], [-73.21349247899997, 43.63456066800006], [-73.21315655299998, 43.63473806600007]]]]}}, {"type": "Feature", "properties": {"OBJECTID": 29479, "SPAN": "129-040-10929", "GLIST_SPAN": "129-040-10929", "MAPID": "38-50-11.1", "PARCID": "385000011.1", "PROPTYPE": "PARCEL", "YEAR": 2023, "GLYEAR": 2022, "TOWN": "CASTLETON", "TNAME": "Castleton", "SOURCENAME": null, "SOURCETYPE": "UNKNOWN", "SOURCEDATE": "UNKNOWN", "EDITMETHOD": "UNKNOWN", "EDITOR": "UNKNOWN", "EDITDATE": "UNKNOWN", "MATCHSTAT": "MATCH", "EDITNOTE": "UNKNOWN", "OWNER1": "MILLER DAVID A", "OWNER2": "MILLER CELESTE V", "ADDRGL1": "70 SILVER BROOK LANE", "ADDRGL2": "", "CITYGL": "NORTH GRANBY", "STGL": "CT", "ZIPGL": "06060", "DESCPROP": "HSE/LOT; BOOTHERY - LOT 4", "LOCAPROP": "", "CAT": "Residential-1", "RESCODE": "NS", "ACRESGL": 0.14, "REAL_FLV": 362200, "HSTED_FLV": 0, "NRES_FLV": 362200, "LAND_LV": 231800, "IMPRV_LV": 130400, "EQUIPVAL": 0, "EQUIPCODE": "", "INVENVAL": 0, "HSDECL": "N", "HSITEVAL": 362200, "VETEXAMT": 0, "EXPDESC": "", "ENDDATE": "", "STATUTE": "", "EXAMT_HS": 0, "EXAMT_NR": 0, "UVREDUC_HS": 0, "UVREDUC_NR": 0, "GLVAL_HS": 0.0, "GLVAL_NR": 3622.0, "CRHOUSPCT": 0.0, "MUNGL1PCT": 3622.0, "AOEGL_HS": 0.0, "AOEGL_NR": 3622.0, "E911ADDR": "316 BOOTH RD", "SHAPE_Length": 0.001265114991759359, "SHAPE_Area": 6.411407922581272e-08}, "geometry": {"type": "MultiPolygon", "coordinates": [[[[-73.21358784599994, 43.63462083700006], [-73.21373050799997, 43.63454128400008], [-73.21414972199995, 43.634691083000064], [-73.21405608399994, 43.63481020200004], [-73.21358784599994, 43.63462083700006]]]]}}, {"type": "Feature", "properties": {"OBJECTID": 29507, "SPAN": "129-040-11599", "GLIST_SPAN": "129-040-11599", "MAPID": "38-50-14", "PARCID": "385000014.", "PROPTYPE": "PARCEL", "YEAR": 2023, "GLYEAR": 2022, "TOWN": "CASTLETON", "TNAME": "Castleton", "SOURCENAME": null, "SOURCETYPE": "UNKNOWN", "SOURCEDATE": "UNKNOWN", "EDITMETHOD": "UNKNOWN", "EDITOR": "UNKNOWN", "EDITDATE": "UNKNOWN", "MATCHSTAT": "MATCH", "EDITNOTE": "UNKNOWN", "OWNER1": "MUSCATELLO MARTIN P REV LIVING TRUST", "OWNER2": "MUSCATELLO JO I REV LIVING TRUST", "ADDRGL1": "4 ROWDY ACRES", "ADDRGL2": "", "CITYGL": "CHITTENDEN", "STGL": "VT", "ZIPGL": "05737", "DESCPROP": "COT/LOT; BOOTHERY - LOT 2", "LOCAPROP": "", "CAT": "Seasonal-1", "RESCODE": "S", "ACRESGL": 0.16, "REAL_FLV": 276100, "HSTED_FLV": 0, "NRES_FLV": 276100, "LAND_LV": 236800, "IMPRV_LV": 39300, "EQUIPVAL": 0, "EQUIPCODE": "", "INVENVAL": 0, "HSDECL": "N", "HSITEVAL": 276100, "VETEXAMT": 0, "EXPDESC": "", "ENDDATE": "", "STATUTE": "", "EXAMT_HS": 0, "EXAMT_NR": 0, "UVREDUC_HS": 0, "UVREDUC_NR": 0, "GLVAL_HS": 0.0, "GLVAL_NR": 2761.0, "CRHOUSPCT": 0.0, "MUNGL1PCT": 2761.0, "AOEGL_HS": 0.0, "AOEGL_NR": 2761.0, "E911ADDR": "322 BOOTH RD", "SHAPE_Length": 0.0011950030055480588, "SHAPE_Area": 6.731445442374329e-08}, "geometry": {"type": "MultiPolygon", "coordinates": [[[[-73.21384614799996, 43.63443225300006], [-73.21390981599995, 43.634306034000076], [-73.21435175499994, 43.634390042000064], [-73.21425097399998, 43.63454382400005], [-73.21384614799996, 43.63443225300006]]]]}}, {"type": "Feature", "properties": {"OBJECTID": 29897, "SPAN": "129-040-11816", "GLIST_SPAN": "129-040-11816", "MAPID": "38-50-03", "PARCID": "385000003.", "PROPTYPE": "PARCEL", "YEAR": 2023, "GLYEAR": 2022, "TOWN": "CASTLETON", "TNAME": "Castleton", "SOURCENAME": null, "SOURCETYPE": "UNKNOWN", "SOURCEDATE": "UNKNOWN", "EDITMETHOD": "UNKNOWN", "EDITOR": "UNKNOWN", "EDITDATE": "UNKNOWN", "MATCHSTAT": "MATCH", "EDITNOTE": "UNKNOWN", "OWNER1": "RACY ANIS & ANN S", "OWNER2": "", "ADDRGL1": "395 WATER STREET", "ADDRGL2": "", "CITYGL": "CANTERBURY", "STGL": "CT", "ZIPGL": "06331", "DESCPROP": "HSE/GAR/LOT; BOOTHERY - PT  19  20", "LOCAPROP": "", "CAT": "Residential-1", "RESCODE": "NS", "ACRESGL": 0.39, "REAL_FLV": 813300, "HSTED_FLV": 0, "NRES_FLV": 813300, "LAND_LV": 306500, "IMPRV_LV": 506800, "EQUIPVAL": 0, "EQUIPCODE": "", "INVENVAL": 0, "HSDECL": "N", "HSITEVAL": 813300, "VETEXAMT": 0, "EXPDESC": "", "ENDDATE": "", "STATUTE": "", "EXAMT_HS": 0, "EXAMT_NR": 0, "UVREDUC_HS": 0, "UVREDUC_NR": 0, "GLVAL_HS": 0.0, "GLVAL_NR": 8133.0, "CRHOUSPCT": 0.0, "MUNGL1PCT": 8133.0, "AOEGL_HS": 0.0, "AOEGL_NR": 8133.0, "E911ADDR": "178 BOOTH RD", "SHAPE_Length": 0.0020414754284520218, "SHAPE_Area": 2.3664296544995334e-07}, "geometry": {"type": "MultiPolygon", "coordinates": [[[[-73.21197068199996, 43.63603365800003], [-73.21201711199996, 43.63597393800006], [-73.21215776399998, 43.63640082000006], [-73.21216919199998, 43.636435504000076], [-73.21218451499993, 43.63648414900007], [-73.21193925099993, 43.636599260000025], [-73.21179090199996, 43.63663233600005], [-73.21173076799994, 43.636635270000056], [-73.21166356799995, 43.63663826900006], [-73.21155724699997, 43.636619352000025], [-73.21163376799996, 43.63628668400003], [-73.21186415699998, 43.63616319700003], [-73.21197068199996, 43.63603365800003]]]]}}, {"type": "Feature", "properties": {"OBJECTID": 30073, "SPAN": "129-040-12434", "GLIST_SPAN": "129-040-12434", "MAPID": "38-50-06", "PARCID": "385000006.", "PROPTYPE": "PARCEL", "YEAR": 2023, "GLYEAR": 2022, "TOWN": "CASTLETON", "TNAME": "Castleton", "SOURCENAME": null, "SOURCETYPE": "UNKNOWN", "SOURCEDATE": "UNKNOWN", "EDITMETHOD": "UNKNOWN", "EDITOR": "UNKNOWN", "EDITDATE": "UNKNOWN", "MATCHSTAT": "MATCH", "EDITNOTE": "UNKNOWN", "OWNER1": "KIERNAN KEVIN R", "OWNER2": "KIERNAN KATHLEEN C", "ADDRGL1": "202 HALEY HOUSE LANE", "ADDRGL2": "", "CITYGL": "CARY", "STGL": "NC", "ZIPGL": "27519", "DESCPROP": "HSE/LOT; BOOTHERY", "LOCAPROP": "", "CAT": "Residential-1", "RESCODE": "NS", "ACRESGL": 0.3, "REAL_FLV": 309400, "HSTED_FLV": 0, "NRES_FLV": 309400, "LAND_LV": 258000, "IMPRV_LV": 51400, "EQUIPVAL": 0, "EQUIPCODE": "", "INVENVAL": 0, "HSDECL": "N", "HSITEVAL": 309400, "VETEXAMT": 0, "EXPDESC": "", "ENDDATE": "", "STATUTE": "", "EXAMT_HS": 0, "EXAMT_NR": 0, "UVREDUC_HS": 0, "UVREDUC_NR": 0, "GLVAL_HS": 0.0, "GLVAL_NR": 3094.0, "CRHOUSPCT": 0.0, "MUNGL1PCT": 3094.0, "AOEGL_HS": 0.0, "AOEGL_NR": 3094.0, "E911ADDR": "240 BOOTH RD", "SHAPE_Length": 0.002163956553830533, "SHAPE_Area": 2.4050127907251507e-07}, "geometry": {"type": "MultiPolygon", "coordinates": [[[[-73.21315217599994, 43.63579028400005], [-73.21261681699997, 43.63530259600003], [-73.21276683199994, 43.635147387000075], [-73.21278007599994, 43.63513368400004], [-73.21282500099994, 43.63510625600003], [-73.21340833499994, 43.63549529800008], [-73.21339052399998, 43.63551601000006], [-73.21338834399995, 43.635530051000046], [-73.21340016399995, 43.63553140600004], [-73.21338278699994, 43.635559139000065], [-73.21337097299994, 43.63555826100003], [-73.21336124899995, 43.63556784700006], [-73.21336990799995, 43.635579224000026], [-73.21334263199998, 43.63560178000006], [-73.21332558899996, 43.63560236200004], [-73.21331402899995, 43.635604957000055], [-73.21328985499997, 43.63562360200007], [-73.21328196399998, 43.63564954900005], [-73.21324595199997, 43.635654239000075], [-73.21320707099994, 43.63569645500007], [-73.21318621699999, 43.63573528400008], [-73.21316019899996, 43.635783831000026], [-73.21315217599994, 43.63579028400005]]]]}}, {"type": "Feature", "properties": {"OBJECTID": 30095, "SPAN": "129-040-12461", "GLIST_SPAN": "129-040-12461", "MAPID": "38-50-05", "PARCID": "385000005.", "PROPTYPE": "PARCEL", "YEAR": 2023, "GLYEAR": 2022, "TOWN": "CASTLETON", "TNAME": "Castleton", "SOURCENAME": null, "SOURCETYPE": "UNKNOWN", "SOURCEDATE": "UNKNOWN", "EDITMETHOD": "UNKNOWN", "EDITOR": "UNKNOWN", "EDITDATE": "UNKNOWN", "MATCHSTAT": "MATCH", "EDITNOTE": "UNKNOWN", "OWNER1": "ARNOLD BRYAN C & LORI T", "OWNER2": "", "ADDRGL1": "241 BOOTH ROAD", "ADDRGL2": "", "CITYGL": "BOMOSEEN", "STGL": "VT", "ZIPGL": "05732", "DESCPROP": "VACANT LOT 7.61 AC; LAKE ACCESS 38500000", "LOCAPROP": "", "CAT": "Residential-2", "RESCODE": "T", "ACRESGL": 7.61, "REAL_FLV": 695500, "HSTED_FLV": 695500, "NRES_FLV": 0, "LAND_LV": 154900, "IMPRV_LV": 540600, "EQUIPVAL": 0, "EQUIPCODE": "", "INVENVAL": 0, "HSDECL": "Y", "HSITEVAL": 674900, "VETEXAMT": 0, "EXPDESC": "", "ENDDATE": "", "STATUTE": "", "EXAMT_HS": 0, "EXAMT_NR": 0, "UVREDUC_HS": 0, "UVREDUC_NR": 0, "GLVAL_HS": 6955.0, "GLVAL_NR": 0.0, "CRHOUSPCT": 0.0, "MUNGL1PCT": 6955.0, "AOEGL_HS": 6955.0, "AOEGL_NR": 0.0, "E911ADDR": "241 BOOTH RD", "SHAPE_Length": 0.010972654090642244, "SHAPE_Area": 3.5584969870763372e-06}, "geometry": {"type": "MultiPolygon", "coordinates": [[[[-73.21201711199996, 43.63597393800006], [-73.21011945299995, 43.63391054400006], [-73.21199161599998, 43.63382531700006], [-73.21257359899994, 43.63402875400004], [-73.21315655299998, 43.63473806600007], [-73.21349247899997, 43.63456066800006], [-73.21365003299996, 43.63447549000006], [-73.21378557999998, 43.634282418000055], [-73.21390981599995, 43.634306034000076], [-73.21384614799996, 43.63443225300006], [-73.21374781199995, 43.63453163500003], [-73.21373050799997, 43.63454128400008], [-73.21358784599994, 43.63462083700006], [-73.21355628399994, 43.634638437000035], [-73.21333841999996, 43.63475343500005], [-73.21308436699996, 43.63488753300004], [-73.21302357699994, 43.63497022800004], [-73.21357024399998, 43.63528629600006], [-73.21356621199999, 43.63529020200008], [-73.21351234299993, 43.63534237300007], [-73.21295457699995, 43.63501777600004], [-73.21282500099994, 43.63510625600003], [-73.21278007599994, 43.63513368400004], [-73.21276683199994, 43.635147387000075], [-73.21261681699997, 43.63530259600003], [-73.21258848899998, 43.63533553900004], [-73.21225550999998, 43.635722756000064], [-73.21212192799999, 43.63587136000007], [-73.21201711199996, 43.63597393800006]]]]}}, {"type": "Feature", "properties": {"OBJECTID": 28771, "SPAN": "129-040-10265", "GLIST_SPAN": "129-040-10265", "MAPID": "08-01-15", "PARCID": "080100015.", "PROPTYPE": "PARCEL", "YEAR": 2023, "GLYEAR": 2022, "TOWN": "CASTLETON", "TNAME": "Castleton", "SOURCENAME": null, "SOURCETYPE": "UNKNOWN", "SOURCEDATE": "UNKNOWN", "EDITMETHOD": "UNKNOWN", "EDITOR": "UNKNOWN", "EDITDATE": "UNKNOWN", "MATCHSTAT": "MATCH", "EDITNOTE": "UNKNOWN", "OWNER1": "BROWN CHARLES W", "OWNER2": "BROWN MARY LOU", "ADDRGL1": "2504 SOUTH ST", "ADDRGL2": "", "CITYGL": "CASTLETON", "STGL": "VT", "ZIPGL": "05735", "DESCPROP": "HSE/FARM /LAND; INC 08-01-081011 & 08-", "LOCAPROP": "", "CAT": "Farm", "RESCODE": "T", "ACRESGL": 177.75, "REAL_FLV": 370700, "HSTED_FLV": 370700, "NRES_FLV": 0, "LAND_LV": 199400, "IMPRV_LV": 171300, "EQUIPVAL": 0, "EQUIPCODE": "", "INVENVAL": 0, "HSDECL": "Y", "HSITEVAL": 212500, "VETEXAMT": 0, "EXPDESC": "", "ENDDATE": "", "STATUTE": "", "EXAMT_HS": 0, "EXAMT_NR": 0, "UVREDUC_HS": 0, "UVREDUC_NR": 0, "GLVAL_HS": 3707.0, "GLVAL_NR": 0.0, "CRHOUSPCT": 0.0, "MUNGL1PCT": 3707.0, "AOEGL_HS": 3707.0, "AOEGL_NR": 0.0, "E911ADDR": "2504 SOUTH ST", "SHAPE_Length": 0.0817278743024032, "SHAPE_Area": 7.499074924418553e-05}, "geometry": {"type": "MultiPolygon", "coordinates": [[[[-73.20508914899995, 43.60530690500008], [-73.20480591599994, 43.603720201000044], [-73.20294354099997, 43.60383189100003], [-73.20230064099997, 43.60387438300006], [-73.20200697499996, 43.601508239000054], [-73.20554779099996, 43.600986585000044], [-73.20489902699995, 43.59833576800003], [-73.20353758299996, 43.59838570100004], [-73.20328885899994, 43.59616495700004], [-73.20318691899996, 43.59507032600004], [-73.20288784399997, 43.59363001500003], [-73.20283363199997, 43.59340744000008], [-73.20401266299996, 43.593342893000056], [-73.20443403699994, 43.59244386200004], [-73.20493349799995, 43.59253890600007], [-73.20566679199999, 43.59268875200007], [-73.20690900199997, 43.59293843700004], [-73.20756587799997, 43.593070348000026], [-73.20762138099997, 43.59430377500007], [-73.20805754099996, 43.594276378000075], [-73.20836825799995, 43.59565343400004], [-73.20898681099999, 43.59566594100005], [-73.20908979299998, 43.59742970600007], [-73.20920297899994, 43.59918477300005], [-73.20928136599997, 43.60051952800006], [-73.20931351799999, 43.601003078000076], [-73.20633500599996, 43.60111150300003], [-73.20643824399997, 43.60261848300007], [-73.20941682999995, 43.60251005500004], [-73.20942832299994, 43.60267168200005], [-73.20945048199997, 43.60308379600008], [-73.20939637399994, 43.60377698700006], [-73.20936389099995, 43.60399159900004], [-73.20929030699995, 43.60427215000004], [-73.20927456999993, 43.60434021100008], [-73.20905681899995, 43.60436104100006], [-73.20846676199994, 43.60443309800007], [-73.20741675099998, 43.60463067300003], [-73.20644813799998, 43.604883038000025], [-73.20627086399998, 43.60494001400008], [-73.20508914899995, 43.60530690500008]]], [[[-73.20602747599997, 43.592618935000075], [-73.20580781199999, 43.59141929900005], [-73.20570274799996, 43.59084550800003], [-73.20564484999994, 43.59052929500007], [-73.20670051799993, 43.59049353000006], [-73.20665173899994, 43.590235334000056], [-73.20712298699993, 43.59018887600007], [-73.20634250999996, 43.58975373200008], [-73.20652197399994, 43.58967044900004], [-73.20738105299995, 43.59016343400003], [-73.20746766999997, 43.590545090000035], [-73.20753156699993, 43.59093187000008], [-73.20760356499994, 43.59136767700005], [-73.20876347999996, 43.591404252000075], [-73.20978497999994, 43.59148348800005], [-73.20968997699998, 43.59191627200005], [-73.20956223599995, 43.59249712400003], [-73.20901491099994, 43.59239184200004], [-73.20884430599995, 43.59318138000003], [-73.20844416899996, 43.593104409000034], [-73.20695926199994, 43.592806222000036], [-73.20602747599997, 43.592618935000075]]], [[[-73.21049751099997, 43.603639599000076], [-73.20975991799997, 43.60360899800003], [-73.20959973299995, 43.60359380700004], [-73.20963944799996, 43.603085004000036], [-73.20963411399998, 43.60298583400004], [-73.21290999299998, 43.60166604900007], [-73.21292115599994, 43.60124399000006], [-73.21428464299998, 43.600999743000045], [-73.21486935399997, 43.60064402900008], [-73.21690882099995, 43.60044731100004], [-73.21684823099997, 43.601249446000054], [-73.21682319899998, 43.601247166000064], [-73.21659951799995, 43.60121249000008], [-73.21646852399994, 43.60119189100004], [-73.21633665499996, 43.60120322200004], [-73.21610703099998, 43.60123138400007], [-73.21590545699996, 43.601282688000026], [-73.21571649299995, 43.601422236000076], [-73.21564505999999, 43.601490686000034], [-73.21562746099994, 43.60153481900005], [-73.21563732799996, 43.60160061700003], [-73.21570809999997, 43.60161170900005], [-73.21583835199993, 43.60161089300004], [-73.21598444399996, 43.601678391000064], [-73.21609707499994, 43.601754834000076], [-73.21617031999995, 43.60183138800005], [-73.21618368099996, 43.60195510300008], [-73.21609804499997, 43.60208735500004], [-73.21593674899998, 43.60215487200003], [-73.21583565999998, 43.602256956000076], [-73.21584887099993, 43.60239477700003], [-73.21583430099997, 43.602483515000074], [-73.21565242799994, 43.602543515000036], [-73.21537967599994, 43.602580567000075], [-73.21512806699997, 43.60263394200007], [-73.21487565499996, 43.60277786100005], [-73.21458513699997, 43.60282360700006], [-73.21435235399997, 43.602833770000075], [-73.21413174199995, 43.60280447300005], [-73.21381505399995, 43.60279527100005], [-73.21352644599995, 43.60281540900007], [-73.21329188399994, 43.60281407300005], [-73.21318754099997, 43.60270112100005], [-73.21318468899995, 43.60258610100004], [-73.21318053199997, 43.60248736700004], [-73.21306518599994, 43.60233614900005], [-73.21300210899994, 43.60227315800006], [-73.21295934499994, 43.60223045200007], [-73.21284710799995, 43.602215957000055], [-73.21268925999993, 43.60226143800003], [-73.21256409099993, 43.60233781100004], [-73.21249830399995, 43.60241348100004], [-73.21242695799998, 43.60249681000005], [-73.21239969099997, 43.60274287400006], [-73.21241295899995, 43.60284820700008], [-73.21228209299994, 43.60302460500003], [-73.21216776099999, 43.60306927100004], [-73.21209569399997, 43.60310047000007], [-73.21182516499994, 43.603225070000065], [-73.21175336599998, 43.603282602000036], [-73.21170510099995, 43.60329166900004], [-73.21162656599995, 43.60329660200006], [-73.21155416899995, 43.60330580200008], [-73.21145256799997, 43.603403068000034], [-73.21145296799995, 43.603438201000074], [-73.21145050199993, 43.603450800000076], [-73.21145390099997, 43.60350846700004], [-73.21138836999995, 43.60359226500003], [-73.21126196899996, 43.603641398000036], [-73.21121357099997, 43.603632866000055], [-73.21118337099995, 43.603633065000054], [-73.21109810599995, 43.603624266000054], [-73.21108690399996, 43.60362819900007], [-73.21096410599995, 43.60364879800005], [-73.21049751099997, 43.603639599000076]]]]}}, {"type": "Feature", "properties": {"OBJECTID": 28986, "SPAN": "129-040-12084", "GLIST_SPAN": "129-040-12084", "MAPID": "08-01-20.1", "PARCID": "080100020.1", "PROPTYPE": "PARCEL", "YEAR": 2023, "GLYEAR": 2022, "TOWN": "CASTLETON", "TNAME": "Castleton", "SOURCENAME": null, "SOURCETYPE": "UNKNOWN", "SOURCEDATE": "UNKNOWN", "EDITMETHOD": "UNKNOWN", "EDITOR": "UNKNOWN", "EDITDATE": "UNKNOWN", "MATCHSTAT": "MATCH", "EDITNOTE": "UNKNOWN", "OWNER1": "SMITH MICHAEL", "OWNER2": "", "ADDRGL1": "742 ROUTE 30 SOUTH", "ADDRGL2": "", "CITYGL": "BOMOSEEN", "STGL": "VT", "ZIPGL": "05732", "DESCPROP": "VACANT LOT 12.36 ACRES; ROUTE 30S", "LOCAPROP": "", "CAT": "Mobile Home/la", "RESCODE": "T", "ACRESGL": 12.36, "REAL_FLV": 53400, "HSTED_FLV": 53400, "NRES_FLV": 0, "LAND_LV": 44100, "IMPRV_LV": 9300, "EQUIPVAL": 0, "EQUIPCODE": "", "INVENVAL": 0, "HSDECL": "Y", "HSITEVAL": 44300, "VETEXAMT": 0, "EXPDESC": "", "ENDDATE": "", "STATUTE": "", "EXAMT_HS": 0, "EXAMT_NR": 0, "UVREDUC_HS": 0, "UVREDUC_NR": 0, "GLVAL_HS": 534.0, "GLVAL_NR": 0.0, "CRHOUSPCT": 0.0, "MUNGL1PCT": 534.0, "AOEGL_HS": 534.0, "AOEGL_NR": 0.0, "E911ADDR": "742 ROUTE 30 SOUTH", "SHAPE_Length": 0.01289339663504564, "SHAPE_Area": 5.160217205890623e-06}, "geometry": {"type": "MultiPolygon", "coordinates": [[[[-73.20988324599995, 43.59801372600003], [-73.20986556999998, 43.59773969200006], [-73.20929999099997, 43.59775924000007], [-73.20929327599998, 43.59765510700004], [-73.21023590499993, 43.59762252500008], [-73.21021848599997, 43.59734848100004], [-73.20927586099998, 43.59738106300006], [-73.20921275899997, 43.59630038700004], [-73.21209262499997, 43.59645324600007], [-73.21214042099996, 43.59693482600005], [-73.21225366399995, 43.597543803000065], [-73.21230696699996, 43.59775145900005], [-73.21234211099994, 43.598032868000075], [-73.21241185199995, 43.59828291500003], [-73.20933825199995, 43.598352480000074], [-73.20933533799996, 43.59830731000005], [-73.20990092199997, 43.59828776100005], [-73.20989208299994, 43.598150744000066], [-73.20988324599995, 43.59801372600003]]]]}}, {"type": "Feature", "properties": {"OBJECTID": 29815, "SPAN": "129-040-10580", "GLIST_SPAN": "129-040-10580", "MAPID": "08-01-19", "PARCID": "080100019.", "PROPTYPE": "PARCEL", "YEAR": 2023, "GLYEAR": 2022, "TOWN": "CASTLETON", "TNAME": "Castleton", "SOURCENAME": null, "SOURCETYPE": "UNKNOWN", "SOURCEDATE": "UNKNOWN", "EDITMETHOD": "UNKNOWN", "EDITOR": "UNKNOWN", "EDITDATE": "UNKNOWN", "MATCHSTAT": "MATCH", "EDITNOTE": "UNKNOWN", "OWNER1": "ARES JOSEPH H JR", "OWNER2": "ARES MICHAEL A", "ADDRGL1": "3408 EUBANKS AVE", "ADDRGL2": "", "CITYGL": "ORLANDO", "STGL": "FL", "ZIPGL": "32806", "DESCPROP": "HSE/OB/LOT;INC 08-01-19-1", "LOCAPROP": "", "CAT": "Residential-1", "RESCODE": "NS", "ACRESGL": 0.34, "REAL_FLV": 78900, "HSTED_FLV": 0, "NRES_FLV": 78900, "LAND_LV": 25800, "IMPRV_LV": 53100, "EQUIPVAL": 0, "EQUIPCODE": "", "INVENVAL": 0, "HSDECL": "N", "HSITEVAL": 78900, "VETEXAMT": 0, "EXPDESC": "", "ENDDATE": "", "STATUTE": "", "EXAMT_HS": 0, "EXAMT_NR": 0, "UVREDUC_HS": 0, "UVREDUC_NR": 0, "GLVAL_HS": 0.0, "GLVAL_NR": 789.0, "CRHOUSPCT": 0.0, "MUNGL1PCT": 789.0, "AOEGL_HS": 0.0, "AOEGL_NR": 789.0, "E911ADDR": "720 ROUTE 30 SOUTH", "SHAPE_Length": 0.0016810492704657824, "SHAPE_Area": 1.5533477775992415e-07}, "geometry": {"type": "MultiPolygon", "coordinates": [[[[-73.20931766499996, 43.598033275000034], [-73.20988324599995, 43.59801372600003], [-73.20989208299994, 43.598150744000066], [-73.20990092199997, 43.59828776100005], [-73.20933533799996, 43.59830731000005], [-73.20931766499996, 43.598033275000034]]]]}}, {"type": "Feature", "properties": {"OBJECTID": 29817, "SPAN": "129-040-10582", "GLIST_SPAN": "129-040-10582", "MAPID": "08-01-17", "PARCID": "080100017.", "PROPTYPE": "PARCEL", "YEAR": 2023, "GLYEAR": 2022, "TOWN": "CASTLETON", "TNAME": "Castleton", "SOURCENAME": null, "SOURCETYPE": "UNKNOWN", "SOURCEDATE": "UNKNOWN", "EDITMETHOD": "UNKNOWN", "EDITOR": "UNKNOWN", "EDITDATE": "UNKNOWN", "MATCHSTAT": "MATCH", "EDITNOTE": "UNKNOWN", "OWNER1": "CULL RAYMOND C", "OWNER2": "CULL JANICE P", "ADDRGL1": "750 ROUTE 30 S", "ADDRGL2": "", "CITYGL": "BOMOSEEN", "STGL": "VT", "ZIPGL": "05732", "DESCPROP": "HSE/GAR/OB/LOT; ROUTE 30", "LOCAPROP": "", "CAT": "Residential-1", "RESCODE": "T", "ACRESGL": 0.34, "REAL_FLV": 98000, "HSTED_FLV": 98000, "NRES_FLV": 0, "LAND_LV": 23200, "IMPRV_LV": 74800, "EQUIPVAL": 0, "EQUIPCODE": "", "INVENVAL": 0, "HSDECL": "Y", "HSITEVAL": 98000, "VETEXAMT": 0, "EXPDESC": "", "ENDDATE": "", "STATUTE": "", "EXAMT_HS": 0, "EXAMT_NR": 0, "UVREDUC_HS": 0, "UVREDUC_NR": 0, "GLVAL_HS": 980.0, "GLVAL_NR": 0.0, "CRHOUSPCT": 0.0, "MUNGL1PCT": 980.0, "AOEGL_HS": 980.0, "AOEGL_NR": 0.0, "E911ADDR": "750 ROUTE 30 SOUTH", "SHAPE_Length": 0.002435574359599953, "SHAPE_Area": 2.5891879767735565e-07}, "geometry": {"type": "MultiPolygon", "coordinates": [[[[-73.20927586099998, 43.59738106300006], [-73.21021848599997, 43.59734848100004], [-73.21023590499993, 43.59762252500008], [-73.20929327599998, 43.59765510700004], [-73.20927834399998, 43.59742358600005], [-73.20927586099998, 43.59738106300006]]]]}}, {"type": "Feature", "properties": {"OBJECTID": 29915, "SPAN": "129-040-11835", "GLIST_SPAN": "129-040-11835", "MAPID": "08-01-18", "PARCID": "080100018.", "PROPTYPE": "PARCEL", "YEAR": 2023, "GLYEAR": 2022, "TOWN": "CASTLETON", "TNAME": "Castleton", "SOURCENAME": null, "SOURCETYPE": "UNKNOWN", "SOURCEDATE": "UNKNOWN", "EDITMETHOD": "UNKNOWN", "EDITOR": "UNKNOWN", "EDITDATE": "UNKNOWN", "MATCHSTAT": "MATCH", "EDITNOTE": "UNKNOWN", "OWNER1": "BRIGGS CHRISTINE", "OWNER2": "", "ADDRGL1": "734 ROUTE 30 SOUTH", "ADDRGL2": "", "CITYGL": "BOMOSEEN", "STGL": "VT", "ZIPGL": "05732", "DESCPROP": "HSE/GAR/LOT; ROUTE 30", "LOCAPROP": "", "CAT": "Residential-1", "RESCODE": "T", "ACRESGL": 0.34, "REAL_FLV": 106500, "HSTED_FLV": 0, "NRES_FLV": 106500, "LAND_LV": 25800, "IMPRV_LV": 80700, "EQUIPVAL": 0, "EQUIPCODE": "", "INVENVAL": 0, "HSDECL": "N", "HSITEVAL": 106500, "VETEXAMT": 0, "EXPDESC": "", "ENDDATE": "", "STATUTE": "", "EXAMT_HS": 0, "EXAMT_NR": 0, "UVREDUC_HS": 0, "UVREDUC_NR": 0, "GLVAL_HS": 0.0, "GLVAL_NR": 1065.0, "CRHOUSPCT": 0.0, "MUNGL1PCT": 1065.0, "AOEGL_HS": 0.0, "AOEGL_NR": 1065.0, "E911ADDR": "734 ROUTE 30 SOUTH", "SHAPE_Length": 0.001681043305221939, "SHAPE_Area": 1.5533395222830594e-07}, "geometry": {"type": "MultiPolygon", "coordinates": [[[[-73.20929999099997, 43.59775924000007], [-73.20986556999998, 43.59773969200006], [-73.20988324599995, 43.59801372600003], [-73.20931766499996, 43.598033275000034], [-73.20929999099997, 43.59775924000007]]]]}}, {"type": "Feature", "properties": {"OBJECTID": 29518, "SPAN": "129-040-10463", "GLIST_SPAN": "129-040-10463", "MAPID": "08-01-14.7", "PARCID": "080100014.7", "PROPTYPE": "PARCEL", "YEAR": 2023, "GLYEAR": 2022, "TOWN": "CASTLETON", "TNAME": "Castleton", "SOURCENAME": null, "SOURCETYPE": "UNKNOWN", "SOURCEDATE": "UNKNOWN", "EDITMETHOD": "UNKNOWN", "EDITOR": "UNKNOWN", "EDITDATE": "UNKNOWN", "MATCHSTAT": "MATCH", "EDITNOTE": "UNKNOWN", "OWNER1": "MOYER BETTY A", "OWNER2": "", "ADDRGL1": "119 BLUE CAT LN", "ADDRGL2": "", "CITYGL": "CASTLETON", "STGL": "VT", "ZIPGL": "05735", "DESCPROP": "HSE/2.14 ACRES; BLUE CAT LANE", "LOCAPROP": "", "CAT": "Residential-1", "RESCODE": "T", "ACRESGL": 2.14, "REAL_FLV": 201300, "HSTED_FLV": 201300, "NRES_FLV": 0, "LAND_LV": 58400, "IMPRV_LV": 142900, "EQUIPVAL": 0, "EQUIPCODE": "", "INVENVAL": 0, "HSDECL": "Y", "HSITEVAL": 200900, "VETEXAMT": 0, "EXPDESC": "", "ENDDATE": "", "STATUTE": "", "EXAMT_HS": 0, "EXAMT_NR": 0, "UVREDUC_HS": 0, "UVREDUC_NR": 0, "GLVAL_HS": 2013.0, "GLVAL_NR": 0.0, "CRHOUSPCT": 0.0, "MUNGL1PCT": 2013.0, "AOEGL_HS": 2013.0, "AOEGL_NR": 0.0, "E911ADDR": "119 BLUE CAT LN", "SHAPE_Length": 0.004039656213862387, "SHAPE_Area": 9.140991561995341e-07}, "geometry": {"type": "MultiPolygon", "coordinates": [[[[-73.20089655599998, 43.59657978600006], [-73.20092572899995, 43.596571340000025], [-73.20095256999997, 43.596559495000065], [-73.20097633799998, 43.59654457900007], [-73.20099637399994, 43.59652700600003], [-73.20101212399999, 43.596507262000046], [-73.20102315099996, 43.59648589300008], [-73.20157764399994, 43.59649365900003], [-73.20173460099994, 43.59782706500005], [-73.20109734999994, 43.597901781000076], [-73.20089655599998, 43.59657978600006]]]]}}, {"type": "Feature", "properties": {"OBJECTID": 29676, "SPAN": "129-040-11006", "GLIST_SPAN": "129-040-11006", "MAPID": "08-01-14.6", "PARCID": "080100014.6", "PROPTYPE": "PARCEL", "YEAR": 2023, "GLYEAR": 2022, "TOWN": "CASTLETON", "TNAME": "Castleton", "SOURCENAME": null, "SOURCETYPE": "UNKNOWN", "SOURCEDATE": "UNKNOWN", "EDITMETHOD": "UNKNOWN", "EDITOR": "UNKNOWN", "EDITDATE": "UNKNOWN", "MATCHSTAT": "MATCH", "EDITNOTE": "UNKNOWN", "OWNER1": "HARVEY LAWRENCE J", "OWNER2": "HARVEY KIMBERLY M", "ADDRGL1": "106 BLUE CAT LN", "ADDRGL2": "", "CITYGL": "CASTLETON", "STGL": "VT", "ZIPGL": "05735", "DESCPROP": "HSE/2.25 ACRES; BLUE CAT LANE", "LOCAPROP": "", "CAT": "Residential-1", "RESCODE": "T", "ACRESGL": 2.25, "REAL_FLV": 203900, "HSTED_FLV": 203900, "NRES_FLV": 0, "LAND_LV": 58800, "IMPRV_LV": 145100, "EQUIPVAL": 0, "EQUIPCODE": "", "INVENVAL": 0, "HSDECL": "Y", "HSITEVAL": 203100, "VETEXAMT": 0, "EXPDESC": "", "ENDDATE": "", "STATUTE": "", "EXAMT_HS": 0, "EXAMT_NR": 0, "UVREDUC_HS": 0, "UVREDUC_NR": 0, "GLVAL_HS": 2039.0, "GLVAL_NR": 0.0, "CRHOUSPCT": 0.0, "MUNGL1PCT": 2039.0, "AOEGL_HS": 2039.0, "AOEGL_NR": 0.0, "E911ADDR": "106 BLUE CAT LN", "SHAPE_Length": 0.004576475703771056, "SHAPE_Area": 1.0196789886134896e-06}, "geometry": {"type": "MultiPolygon", "coordinates": [[[[-73.20070339299997, 43.59654203900004], [-73.20072640899997, 43.59655727000006], [-73.20075255799998, 43.59656954400003], [-73.20078112599998, 43.596578528000066], [-73.20081133899998, 43.59658397700008], [-73.20084237199995, 43.59658574200006], [-73.20084365299994, 43.596585735000076], [-73.20087039699996, 43.59658413100004], [-73.20089655599998, 43.59657978600006], [-73.20109734999994, 43.597901781000076], [-73.19981911799994, 43.59805164000005], [-73.20070339299997, 43.59654203900004]]]]}}, {"type": "Feature", "properties": {"OBJECTID": 28276, "SPAN": "129-040-11343", "GLIST_SPAN": "129-040-11343", "MAPID": "08-01-20", "PARCID": "080100020.", "PROPTYPE": "PARCEL", "YEAR": 2023, "GLYEAR": 2022, "TOWN": "CASTLETON", "TNAME": "Castleton", "SOURCENAME": null, "SOURCETYPE": "UNKNOWN", "SOURCEDATE": "UNKNOWN", "EDITMETHOD": "UNKNOWN", "EDITOR": "UNKNOWN", "EDITDATE": "UNKNOWN", "MATCHSTAT": "MATCH", "EDITNOTE": "UNKNOWN", "OWNER1": "GODFREY SARAH L", "OWNER2": "JOHNSON REBECCA L", "ADDRGL1": "203 CURTIS BROOK ROAD", "ADDRGL2": "", "CITYGL": "RUTLAND", "STGL": "VT", "ZIPGL": "05701", "DESCPROP": "VACANT LAND; CURRENT USE", "LOCAPROP": "", "CAT": "Miscellaneous", "RESCODE": "S", "ACRESGL": 28.04, "REAL_FLV": 59700, "HSTED_FLV": 0, "NRES_FLV": 59700, "LAND_LV": 59700, "IMPRV_LV": 0, "EQUIPVAL": 0, "EQUIPCODE": "", "INVENVAL": 0, "HSDECL": "N", "HSITEVAL": 0, "VETEXAMT": 0, "EXPDESC": "", "ENDDATE": "", "STATUTE": "", "EXAMT_HS": 0, "EXAMT_NR": 0, "UVREDUC_HS": 0, "UVREDUC_NR": 48800, "GLVAL_HS": 0.0, "GLVAL_NR": 109.0, "CRHOUSPCT": 0.0, "MUNGL1PCT": 109.0, "AOEGL_HS": 0.0, "AOEGL_NR": 109.0, "E911ADDR": "ROUTE 30 SOUTH", "SHAPE_Length": 0.014676959705459689, "SHAPE_Area": 1.3094547565742614e-05}, "geometry": {"type": "MultiPolygon", "coordinates": [[[[-73.20933825199995, 43.598352480000074], [-73.21241185199995, 43.59828291500003], [-73.21256916099998, 43.59919756700003], [-73.21258407799996, 43.59931338700005], [-73.21263529699996, 43.59971107300004], [-73.21273359199995, 43.600354552000056], [-73.21292115599994, 43.60124399000006], [-73.21290999299998, 43.60166604900007], [-73.20963411399998, 43.60298583400004], [-73.20961688699998, 43.60266546400004], [-73.20955745399993, 43.60182970500006], [-73.20946991999995, 43.60051329300006], [-73.20939153399996, 43.59917863800007], [-73.20933825199995, 43.598352480000074]]]]}}, {"type": "Feature", "properties": {"OBJECTID": 27115, "SPAN": "129-040-10017", "GLIST_SPAN": "129-040-10017", "MAPID": "08-01-13", "PARCID": "080100013.", "PROPTYPE": "PARCEL", "YEAR": 2023, "GLYEAR": 2022, "TOWN": "CASTLETON", "TNAME": "Castleton", "SOURCENAME": null, "SOURCETYPE": "UNKNOWN", "SOURCEDATE": "UNKNOWN", "EDITMETHOD": "UNKNOWN", "EDITOR": "UNKNOWN", "EDITDATE": "UNKNOWN", "MATCHSTAT": "MATCH", "EDITNOTE": "UNKNOWN", "OWNER1": "ADAMS WILLIAM J JR", "OWNER2": "ADAMS DARLENE C", "ADDRGL1": "962 SAND HILL RD", "ADDRGL2": "", "CITYGL": "CASTLETON", "STGL": "VT", "ZIPGL": "05735", "DESCPROP": "HSE/7.89 ACRES; SAND HILL RD", "LOCAPROP": "", "CAT": "Residential-2", "RESCODE": "T", "ACRESGL": 7.89, "REAL_FLV": 200900, "HSTED_FLV": 200900, "NRES_FLV": 0, "LAND_LV": 67100, "IMPRV_LV": 133800, "EQUIPVAL": 0, "EQUIPCODE": "", "INVENVAL": 0, "HSDECL": "Y", "HSITEVAL": 191000, "VETEXAMT": 0, "EXPDESC": "", "ENDDATE": "", "STATUTE": "", "EXAMT_HS": 0, "EXAMT_NR": 0, "UVREDUC_HS": 0, "UVREDUC_NR": 0, "GLVAL_HS": 2009.0, "GLVAL_NR": 0.0, "CRHOUSPCT": 0.0, "MUNGL1PCT": 2009.0, "AOEGL_HS": 2009.0, "AOEGL_NR": 0.0, "E911ADDR": "962 SAND HILL RD", "SHAPE_Length": 0.007386249465638523, "SHAPE_Area": 3.441691972734885e-06}, "geometry": {"type": "MultiPolygon", "coordinates": [[[[-73.19812493199998, 43.59653671900003], [-73.19836768399995, 43.59637151900006], [-73.19931758699994, 43.597451482000054], [-73.19981911799994, 43.59805164000005], [-73.19924047499995, 43.59856890100008], [-73.19787082199997, 43.598252466000076], [-73.19728659499998, 43.598141154000075], [-73.19710451999998, 43.59743925200007], [-73.19734396599995, 43.59716380000003], [-73.19752654299998, 43.59697850600003], [-73.19774887799997, 43.59678500900003], [-73.19812493199998, 43.59653671900003]]]]}}, {"type": "Feature", "properties": {"OBJECTID": 28374, "SPAN": "129-040-11452", "GLIST_SPAN": "129-040-11452", "MAPID": "08-01-14.5", "PARCID": "080100014.5", "PROPTYPE": "PARCEL", "YEAR": 2023, "GLYEAR": 2022, "TOWN": "CASTLETON", "TNAME": "Castleton", "SOURCENAME": null, "SOURCETYPE": "UNKNOWN", "SOURCEDATE": "UNKNOWN", "EDITMETHOD": "UNKNOWN", "EDITOR": "UNKNOWN", "EDITDATE": "UNKNOWN", "MATCHSTAT": "MATCH", "EDITNOTE": "UNKNOWN", "OWNER1": "MCCONAGHY WILLIAM", "OWNER2": "", "ADDRGL1": "104 BLUE CAT LANE", "ADDRGL2": "", "CITYGL": "CASTLETON", "STGL": "VT", "ZIPGL": "05735", "DESCPROP": "HSE/2.1 ACRES; BLUE CAT LANE", "LOCAPROP": "", "CAT": "Residential-1", "RESCODE": "T", "ACRESGL": 2.1, "REAL_FLV": 192700, "HSTED_FLV": 192700, "NRES_FLV": 0, "LAND_LV": 58300, "IMPRV_LV": 134400, "EQUIPVAL": 0, "EQUIPCODE": "", "INVENVAL": 0, "HSDECL": "Y", "HSITEVAL": 192400, "VETEXAMT": 0, "EXPDESC": "", "ENDDATE": "", "STATUTE": "", "EXAMT_HS": 0, "EXAMT_NR": 0, "UVREDUC_HS": 0, "UVREDUC_NR": 0, "GLVAL_HS": 1927.0, "GLVAL_NR": 0.0, "CRHOUSPCT": 0.0, "MUNGL1PCT": 1927.0, "AOEGL_HS": 1927.0, "AOEGL_NR": 0.0, "E911ADDR": "104 BLUE CAT LN", "SHAPE_Length": 0.004514419130862112, "SHAPE_Area": 9.54225550903649e-07}, "geometry": {"type": "MultiPolygon", "coordinates": [[[[-73.19931758699994, 43.597451482000054], [-73.19983051499997, 43.596908771000074], [-73.20039900099994, 43.596307264000075], [-73.20065371499999, 43.596435074000055], [-73.20065327499998, 43.596458314000074], [-73.20065823899995, 43.59648127400004], [-73.20066846699996, 43.59650329600004], [-73.20068366399994, 43.59652374700005], [-73.20070339299997, 43.59654203900004], [-73.19981911799994, 43.59805164000005], [-73.19931758699994, 43.597451482000054]]]]}}, {"type": "Feature", "properties": {"OBJECTID": 28730, "SPAN": "129-040-10242", "GLIST_SPAN": "129-040-10242", "MAPID": "08-01-49", "PARCID": "080100049.", "PROPTYPE": "PARCEL", "YEAR": 2023, "GLYEAR": 2022, "TOWN": "CASTLETON", "TNAME": "Castleton", "SOURCENAME": null, "SOURCETYPE": "UNKNOWN", "SOURCEDATE": "UNKNOWN", "EDITMETHOD": "UNKNOWN", "EDITOR": "UNKNOWN", "EDITDATE": "UNKNOWN", "MATCHSTAT": "MATCH", "EDITNOTE": "UNKNOWN", "OWNER1": "BRISLIN GERALD F", "OWNER2": "BRISLIN MARY T", "ADDRGL1": "977 SAND HILL RD", "ADDRGL2": "", "CITYGL": "CASTLETON", "STGL": "VT", "ZIPGL": "05735", "DESCPROP": "HSE/GAR/6.54 ACRES; SAND HILL RD", "LOCAPROP": "", "CAT": "Residential-2", "RESCODE": "T", "ACRESGL": 6.54, "REAL_FLV": 197800, "HSTED_FLV": 197800, "NRES_FLV": 0, "LAND_LV": 68900, "IMPRV_LV": 128900, "EQUIPVAL": 0, "EQUIPCODE": "", "INVENVAL": 0, "HSDECL": "Y", "HSITEVAL": 186400, "VETEXAMT": 0, "EXPDESC": "", "ENDDATE": "", "STATUTE": "", "EXAMT_HS": 0, "EXAMT_NR": 0, "UVREDUC_HS": 0, "UVREDUC_NR": 0, "GLVAL_HS": 1978.0, "GLVAL_NR": 0.0, "CRHOUSPCT": 0.0, "MUNGL1PCT": 1978.0, "AOEGL_HS": 1978.0, "AOEGL_NR": 0.0, "E911ADDR": "977 SAND HILL RD", "SHAPE_Length": 0.007927564292059458, "SHAPE_Area": 3.128781058341099e-06}, "geometry": {"type": "MultiPolygon", "coordinates": [[[[-73.19696361699994, 43.59734452500004], [-73.19692837799994, 43.597124380000025], [-73.19638967899994, 43.59714931600007], [-73.19609428099994, 43.594906682000044], [-73.19861128999997, 43.59591884100007], [-73.19829312999997, 43.596234339000034], [-73.19799696999996, 43.59643588700004], [-73.19761234499998, 43.59668983500006], [-73.19737717899994, 43.59689449800004], [-73.19718732699994, 43.59708717400008], [-73.19696361699994, 43.59734452500004]]]]}}, {"type": "Feature", "properties": {"OBJECTID": 28953, "SPAN": "129-040-12043", "GLIST_SPAN": "129-040-12043", "MAPID": "08-01-14.3", "PARCID": "080100014.3", "PROPTYPE": "PARCEL", "YEAR": 2023, "GLYEAR": 2022, "TOWN": "CASTLETON", "TNAME": "Castleton", "SOURCENAME": null, "SOURCETYPE": "UNKNOWN", "SOURCEDATE": "UNKNOWN", "EDITMETHOD": "UNKNOWN", "EDITOR": "UNKNOWN", "EDITDATE": "UNKNOWN", "MATCHSTAT": "MATCH", "EDITNOTE": "UNKNOWN", "OWNER1": "SHEREN JAMES", "OWNER2": "SHEREN LILLIAN", "ADDRGL1": "56 BLUE CAT LN", "ADDRGL2": "", "CITYGL": "CASTLETON", "STGL": "VT", "ZIPGL": "05735", "DESCPROP": "HSE/2.06 ACRES; SAND HILL RD", "LOCAPROP": "", "CAT": "Residential-1", "RESCODE": "T", "ACRESGL": 2.06, "REAL_FLV": 217000, "HSTED_FLV": 217000, "NRES_FLV": 0, "LAND_LV": 58200, "IMPRV_LV": 158800, "EQUIPVAL": 0, "EQUIPCODE": "", "INVENVAL": 0, "HSDECL": "Y", "HSITEVAL": 216800, "VETEXAMT": 0, "EXPDESC": "", "ENDDATE": "", "STATUTE": "", "EXAMT_HS": 0, "EXAMT_NR": 0, "UVREDUC_HS": 0, "UVREDUC_NR": 0, "GLVAL_HS": 2170.0, "GLVAL_NR": 0.0, "CRHOUSPCT": 0.0, "MUNGL1PCT": 2170.0, "AOEGL_HS": 2170.0, "AOEGL_NR": 0.0, "E911ADDR": "56 BLUE CAT LN", "SHAPE_Length": 0.004183835799531125, "SHAPE_Area": 9.279205785014666e-07}, "geometry": {"type": "MultiPolygon", "coordinates": [[[[-73.19896028199997, 43.59580480300008], [-73.19910991299997, 43.59566040800007], [-73.20039900099994, 43.596307264000075], [-73.19983051499997, 43.596908771000074], [-73.19874579999998, 43.59601749400008], [-73.19896028199997, 43.59580480300008]]]]}}, {"type": "Feature", "properties": {"OBJECTID": 29270, "SPAN": "129-040-10334", "GLIST_SPAN": "129-040-10334", "MAPID": "08-01-14.4", "PARCID": "080100014.4", "PROPTYPE": "PARCEL", "YEAR": 2023, "GLYEAR": 2022, "TOWN": "CASTLETON", "TNAME": "Castleton", "SOURCENAME": null, "SOURCETYPE": "UNKNOWN", "SOURCEDATE": "UNKNOWN", "EDITMETHOD": "UNKNOWN", "EDITOR": "UNKNOWN", "EDITDATE": "UNKNOWN", "MATCHSTAT": "MATCH", "EDITNOTE": "UNKNOWN", "OWNER1": "MAHONEY MACKENZIE", "OWNER2": "STAPLES KELLEY E", "ADDRGL1": "996 SAND HILL ROAD", "ADDRGL2": "", "CITYGL": "CASTLETON", "STGL": "VT", "ZIPGL": "05735", "DESCPROP": "HSE/2.00 ACRES; SAND HILL RD", "LOCAPROP": "", "CAT": "Residential-1", "RESCODE": "T", "ACRESGL": 2.0, "REAL_FLV": 173400, "HSTED_FLV": 173400, "NRES_FLV": 0, "LAND_LV": 58000, "IMPRV_LV": 115400, "EQUIPVAL": 0, "EQUIPCODE": "", "INVENVAL": 0, "HSDECL": "Y", "HSITEVAL": 173400, "VETEXAMT": 0, "EXPDESC": "", "ENDDATE": "", "STATUTE": "", "EXAMT_HS": 0, "EXAMT_NR": 0, "UVREDUC_HS": 0, "UVREDUC_NR": 0, "GLVAL_HS": 1734.0, "GLVAL_NR": 0.0, "CRHOUSPCT": 0.0, "MUNGL1PCT": 1734.0, "AOEGL_HS": 1734.0, "AOEGL_NR": 0.0, "E911ADDR": "996 SAND HILL RD", "SHAPE_Length": 0.004108075587369506, "SHAPE_Area": 8.919912050591077e-07}, "geometry": {"type": "MultiPolygon", "coordinates": [[[[-73.19843496499993, 43.596325731000036], [-73.19874579999998, 43.59601749400008], [-73.19983051499997, 43.596908771000074], [-73.19931758699994, 43.597451482000054], [-73.19836768399995, 43.59637151900006], [-73.19843496499993, 43.596325731000036]]]]}}, {"type": "Feature", "properties": {"OBJECTID": 30275, "SPAN": "129-040-12690", "GLIST_SPAN": "129-040-12690", "MAPID": "09-01-25.3", "PARCID": "090100025.3", "PROPTYPE": "PARCEL", "YEAR": 2023, "GLYEAR": 2022, "TOWN": "CASTLETON", "TNAME": "Castleton", "SOURCENAME": null, "SOURCETYPE": "UNKNOWN", "SOURCEDATE": "UNKNOWN", "EDITMETHOD": "UNKNOWN", "EDITOR": "UNKNOWN", "EDITDATE": "UNKNOWN", "MATCHSTAT": "MATCH", "EDITNOTE": "UNKNOWN", "OWNER1": "STOCKWELL AMANDA L", "OWNER2": "", "ADDRGL1": "864 SAND HILL RD", "ADDRGL2": "", "CITYGL": "CASTLETON", "STGL": "VT", "ZIPGL": "05735", "DESCPROP": "DWL & 2.08 AC SUBDIV FROM HARRIS 0901000", "LOCAPROP": "PORTION OF PARC. 090100025", "CAT": "Residential-1", "RESCODE": "T", "ACRESGL": 2.08, "REAL_FLV": 223800, "HSTED_FLV": 0, "NRES_FLV": 223800, "LAND_LV": 48200, "IMPRV_LV": 175600, "EQUIPVAL": 0, "EQUIPCODE": "", "INVENVAL": 0, "HSDECL": "N", "HSITEVAL": 223600, "VETEXAMT": 0, "EXPDESC": "", "ENDDATE": "", "STATUTE": "", "EXAMT_HS": 0, "EXAMT_NR": 0, "UVREDUC_HS": 0, "UVREDUC_NR": 0, "GLVAL_HS": 0.0, "GLVAL_NR": 2238.0, "CRHOUSPCT": 0.0, "MUNGL1PCT": 2238.0, "AOEGL_HS": 0.0, "AOEGL_NR": 2238.0, "E911ADDR": "864 SAND HILL RD", "SHAPE_Length": 0.004539597886482263, "SHAPE_Area": 9.27727796498288e-07}, "geometry": {"type": "MultiPolygon", "coordinates": [[[[-73.19696242199996, 43.597602718000076], [-73.19710451999998, 43.59743925200007], [-73.19728659499998, 43.598141154000075], [-73.19787082199997, 43.598252466000076], [-73.19754609799998, 43.59857268800005], [-73.19729975299998, 43.598815614000046], [-73.19622154899997, 43.59823205200007], [-73.19628747499996, 43.598147202000064], [-73.19643609799994, 43.59803076500003], [-73.19676215599998, 43.59778100400007], [-73.19696242199996, 43.597602718000076]]]]}}, {"type": "Feature", "properties": {"OBJECTID": 28523, "SPAN": "129-040-10692", "GLIST_SPAN": "129-040-10692", "MAPID": "09-01-24", "PARCID": "090100024.", "PROPTYPE": "PARCEL", "YEAR": 2023, "GLYEAR": 2022, "TOWN": "CASTLETON", "TNAME": "Castleton", "SOURCENAME": null, "SOURCETYPE": "UNKNOWN", "SOURCEDATE": "UNKNOWN", "EDITMETHOD": "UNKNOWN", "EDITOR": "UNKNOWN", "EDITDATE": "UNKNOWN", "MATCHSTAT": "MATCH", "EDITNOTE": "UNKNOWN", "OWNER1": "OUIMET MAURICE D JR", "OWNER2": "OUIMET SUZANNE M", "ADDRGL1": "2240 EAST HUBBARDTON ROAD", "ADDRGL2": "", "CITYGL": "CASTLETON", "STGL": "VT", "ZIPGL": "05735", "DESCPROP": "MH/21.32 ACRES; SOUTH ST EXT", "LOCAPROP": "", "CAT": "Residential-2", "RESCODE": "T", "ACRESGL": 21.32, "REAL_FLV": 168700, "HSTED_FLV": 0, "NRES_FLV": 168700, "LAND_LV": 64300, "IMPRV_LV": 104400, "EQUIPVAL": 0, "EQUIPCODE": "", "INVENVAL": 0, "HSDECL": "N", "HSITEVAL": 141800, "VETEXAMT": 0, "EXPDESC": "", "ENDDATE": "", "STATUTE": "", "EXAMT_HS": 0, "EXAMT_NR": 0, "UVREDUC_HS": 0, "UVREDUC_NR": 0, "GLVAL_HS": 0.0, "GLVAL_NR": 1687.0, "CRHOUSPCT": 0.0, "MUNGL1PCT": 1687.0, "AOEGL_HS": 0.0, "AOEGL_NR": 1687.0, "E911ADDR": "1660 SOUTH ST", "SHAPE_Length": 0.017710682444628027, "SHAPE_Area": 9.923574522321706e-06}, "geometry": {"type": "MultiPolygon", "coordinates": [[[[-73.18828720899995, 43.59724744400006], [-73.19088639699999, 43.59574324000005], [-73.19200425699995, 43.59509085900004], [-73.19204685099999, 43.59608110600004], [-73.19332821599994, 43.59602866700004], [-73.19301788099995, 43.59772006800006], [-73.19186898999999, 43.59784962100008], [-73.19045766699998, 43.59798240500004], [-73.18953838499993, 43.59807779000005], [-73.18868912799996, 43.598160696000036], [-73.18774994399996, 43.59828660800008], [-73.18613492499998, 43.59850310600007], [-73.18828720899995, 43.59724744400006]]]]}}, {"type": "Feature", "properties": {"OBJECTID": 29660, "SPAN": "129-040-11000", "GLIST_SPAN": "129-040-11000", "MAPID": "09-01-25", "PARCID": "090100025.", "PROPTYPE": "PARCEL", "YEAR": 2023, "GLYEAR": 2022, "TOWN": "CASTLETON", "TNAME": "Castleton", "SOURCENAME": null, "SOURCETYPE": "UNKNOWN", "SOURCEDATE": "UNKNOWN", "EDITMETHOD": "UNKNOWN", "EDITOR": "UNKNOWN", "EDITDATE": "UNKNOWN", "MATCHSTAT": "MATCH", "EDITNOTE": "UNKNOWN", "OWNER1": "HARRIS ROBERT LIFE EST", "OWNER2": "HARRIS MARY LEE LIFE EST", "ADDRGL1": "825 SAND HILL RD", "ADDRGL2": "", "CITYGL": "CASTLETON", "STGL": "VT", "ZIPGL": "05735", "DESCPROP": "INCLUDES 09-01-10;CURRENT USE APPLIED", "LOCAPROP": "", "CAT": "Farm", "RESCODE": "T", "ACRESGL": 176.77, "REAL_FLV": 318100, "HSTED_FLV": 318100, "NRES_FLV": 0, "LAND_LV": 248300, "IMPRV_LV": 69800, "EQUIPVAL": 0, "EQUIPCODE": "", "INVENVAL": 0, "HSDECL": "Y", "HSITEVAL": 123300, "VETEXAMT": 0, "EXPDESC": "", "ENDDATE": "", "STATUTE": "", "EXAMT_HS": 0, "EXAMT_NR": 0, "UVREDUC_HS": 145400, "UVREDUC_NR": 0, "GLVAL_HS": 1727.0, "GLVAL_NR": 0.0, "CRHOUSPCT": 0.0, "MUNGL1PCT": 1727.0, "AOEGL_HS": 1727.0, "AOEGL_NR": 0.0, "E911ADDR": "825 SAND HILL RD", "SHAPE_Length": 0.07899973574564743, "SHAPE_Area": 7.560570734971647e-05}, "geometry": {"type": "MultiPolygon", "coordinates": [[[[-73.19559856099994, 43.599169251000035], [-73.19601736599998, 43.59850989500006], [-73.19615200799996, 43.59832155300006], [-73.19622154899997, 43.59823205200007], [-73.19729975299998, 43.598815614000046], [-73.19754609799998, 43.59857268800005], [-73.19787082199997, 43.598252466000076], [-73.19924047499995, 43.59856890100008], [-73.19981911799994, 43.59805164000005], [-73.20109734999994, 43.597901781000076], [-73.20173460099994, 43.59782706500005], [-73.20157764399994, 43.59649365900003], [-73.20155989199998, 43.59634284100008], [-73.20247135499994, 43.59629877100008], [-73.20328885899994, 43.59616495700004], [-73.20353758299996, 43.59838570100004], [-73.20489902699995, 43.59833576800003], [-73.20554779099996, 43.600986585000044], [-73.20200697499996, 43.601508239000054], [-73.20121793299995, 43.60159521500003], [-73.19613865199995, 43.602169315000026], [-73.19620981999998, 43.603246194000064], [-73.19539463799998, 43.60318485700003], [-73.19492343799999, 43.603149399000074], [-73.19526239399994, 43.602660136000054], [-73.19346007499996, 43.602523880000035], [-73.19386278799993, 43.60195194200003], [-73.19470897699995, 43.60061935700003], [-73.19512938299994, 43.599935963000064], [-73.19559856099994, 43.599169251000035]]], [[[-73.18716593999994, 43.60248183700003], [-73.18711025199997, 43.60170102700005], [-73.18585017499998, 43.60218180600003], [-73.18497277299997, 43.60222689300008], [-73.18324809099994, 43.60231549800005], [-73.18318229799996, 43.602037006000046], [-73.18290751799998, 43.60087387800007], [-73.18308567799994, 43.600672176000046], [-73.19223081299998, 43.59982385100005], [-73.19186898999999, 43.59784962100008], [-73.19301788099995, 43.59772006800006], [-73.19332821599994, 43.59602866700004], [-73.19204685099999, 43.59608110600004], [-73.19200425699995, 43.59509085900004], [-73.19368095899995, 43.59411229300008], [-73.19400173199995, 43.593924515000026], [-73.19597237099998, 43.59399469200008], [-73.19603332599996, 43.59445068700006], [-73.19609428099994, 43.594906682000044], [-73.19638967899994, 43.59714931600007], [-73.19692837799994, 43.597124380000025], [-73.19696361699994, 43.59734452500004], [-73.19680897499995, 43.597522420000075], [-73.19662039599996, 43.59769030100006], [-73.19629844799994, 43.59793691300007], [-73.19616600899997, 43.598040671000035], [-73.19613402699997, 43.59806572700006], [-73.19598603999998, 43.598256191000075], [-73.19584784799997, 43.598449498000036], [-73.19579980699996, 43.59852513200008], [-73.19542663999994, 43.59911263500004], [-73.19495699699996, 43.59988010200004], [-73.19322810899996, 43.59975077400003], [-73.19291507699995, 43.600252940000075], [-73.19086632199998, 43.600067145000025], [-73.18915431499994, 43.602665141000045], [-73.18909314899997, 43.60275795600006], [-73.18719485899999, 43.60257962700007], [-73.18716593999994, 43.60248183700003]]]]}}, {"type": "Feature", "properties": {"OBJECTID": 184946, "SPAN": null, "GLIST_SPAN": null, "MAPID": "09-01-25.2", "PARCID": null, "PROPTYPE": "PARCEL", "YEAR": 2023, "GLYEAR": null, "TOWN": "CASTLETON", "TNAME": null, "SOURCENAME": null, "SOURCETYPE": "UNKNOWN", "SOURCEDATE": "UNKNOWN", "EDITMETHOD": "UNKNOWN", "EDITOR": "UNKNOWN", "EDITDATE": "UNKNOWN", "MATCHSTAT": "UNMATCHED", "EDITNOTE": "UNKNOWN", "OWNER1": null, "OWNER2": null, "ADDRGL1": null, "ADDRGL2": null, "CITYGL": null, "STGL": null, "ZIPGL": null, "DESCPROP": null, "LOCAPROP": null, "CAT": null, "RESCODE": null, "ACRESGL": null, "REAL_FLV": null, "HSTED_FLV": null, "NRES_FLV": null, "LAND_LV": null, "IMPRV_LV": null, "EQUIPVAL": null, "EQUIPCODE": null, "INVENVAL": null, "HSDECL": null, "HSITEVAL": null, "VETEXAMT": null, "EXPDESC": null, "ENDDATE": null, "STATUTE": null, "EXAMT_HS": null, "EXAMT_NR": null, "UVREDUC_HS": null, "UVREDUC_NR": null, "GLVAL_HS": null, "GLVAL_NR": null, "CRHOUSPCT": null, "MUNGL1PCT": null, "AOEGL_HS": null, "AOEGL_NR": null, "E911ADDR": null, "SHAPE_Length": 0.004650122013157026, "SHAPE_Area": 9.055251043588748e-07}, "geometry": {"type": "MultiPolygon", "coordinates": [[[[-73.19291507699995, 43.600252940000075], [-73.19322810899996, 43.59975077400003], [-73.19495699699996, 43.59988010200004], [-73.19465073499998, 43.60037794900006], [-73.19291507699995, 43.600252940000075]]]]}}, {"type": "Feature", "properties": {"OBJECTID": 28045, "SPAN": "129-040-11091", "GLIST_SPAN": "129-040-11091", "MAPID": "08-01-12", "PARCID": "080100012.", "PROPTYPE": "PARCEL", "YEAR": 2023, "GLYEAR": 2022, "TOWN": "CASTLETON", "TNAME": "Castleton", "SOURCENAME": null, "SOURCETYPE": "UNKNOWN", "SOURCEDATE": "UNKNOWN", "EDITMETHOD": "UNKNOWN", "EDITOR": "UNKNOWN", "EDITDATE": "UNKNOWN", "MATCHSTAT": "MATCH", "EDITNOTE": "UNKNOWN", "OWNER1": "R & L LLC", "OWNER2": "", "ADDRGL1": "189 STABLES  ROAD", "ADDRGL2": "", "CITYGL": "CASTLETON", "STGL": "VT", "ZIPGL": "05735", "DESCPROP": "LUXURY HOMES/9.74 ACRES; ROUTE 30", "LOCAPROP": "", "CAT": "Commercial", "RESCODE": "C", "ACRESGL": 9.74, "REAL_FLV": 696600, "HSTED_FLV": 0, "NRES_FLV": 696600, "LAND_LV": 92700, "IMPRV_LV": 603900, "EQUIPVAL": 0, "EQUIPCODE": "", "INVENVAL": 0, "HSDECL": "N", "HSITEVAL": 0, "VETEXAMT": 0, "EXPDESC": "", "ENDDATE": "", "STATUTE": "", "EXAMT_HS": 0, "EXAMT_NR": 0, "UVREDUC_HS": 0, "UVREDUC_NR": 0, "GLVAL_HS": 0.0, "GLVAL_NR": 6966.0, "CRHOUSPCT": 0.0, "MUNGL1PCT": 6966.0, "AOEGL_HS": 0.0, "AOEGL_NR": 6966.0, "E911ADDR": "443 ROUTE 30 SOUTH", "SHAPE_Length": 0.008982073892788748, "SHAPE_Area": 4.498511295749417e-06}, "geometry": {"type": "MultiPolygon", "coordinates": [[[[-73.20633500599996, 43.60111150300003], [-73.20931351799999, 43.601003078000076], [-73.20936893799995, 43.601836555000034], [-73.20941682999995, 43.60251005500004], [-73.20643824399997, 43.60261848300007], [-73.20633500599996, 43.60111150300003]]]]}}, {"type": "Feature", "properties": {"OBJECTID": 28105, "SPAN": "129-040-11154", "GLIST_SPAN": "129-040-11154", "MAPID": "44-50-64", "PARCID": "445000064.", "PROPTYPE": "PARCEL", "YEAR": 2023, "GLYEAR": 2022, "TOWN": "CASTLETON", "TNAME": "Castleton", "SOURCENAME": null, "SOURCETYPE": "UNKNOWN", "SOURCEDATE": "UNKNOWN", "EDITMETHOD": "UNKNOWN", "EDITOR": "UNKNOWN", "EDITDATE": "UNKNOWN", "MATCHSTAT": "MATCH", "EDITNOTE": "UNKNOWN", "OWNER1": "RIDER KEITH", "OWNER2": "ATTN JOYCE RIDER", "ADDRGL1": "PO BOX 156", "ADDRGL2": "", "CITYGL": "BOMOSEEN", "STGL": "VT", "ZIPGL": "05732", "DESCPROP": "HSE/OB/LAND; INC 44-50-65", "LOCAPROP": "", "CAT": "Residential-1", "RESCODE": "T", "ACRESGL": 2.41, "REAL_FLV": 130600, "HSTED_FLV": 130600, "NRES_FLV": 0, "LAND_LV": 39200, "IMPRV_LV": 91400, "EQUIPVAL": 0, "EQUIPCODE": "", "INVENVAL": 0, "HSDECL": "Y", "HSITEVAL": 129400, "VETEXAMT": 0, "EXPDESC": "", "ENDDATE": "", "STATUTE": "", "EXAMT_HS": 0, "EXAMT_NR": 0, "UVREDUC_HS": 0, "UVREDUC_NR": 0, "GLVAL_HS": 1306.0, "GLVAL_NR": 0.0, "CRHOUSPCT": 0.0, "MUNGL1PCT": 1306.0, "AOEGL_HS": 1306.0, "AOEGL_NR": 0.0, "E911ADDR": "224 ROUTE 30 SOUTH", "SHAPE_Length": 0.0037702735519807304, "SHAPE_Area": 8.344092051009765e-07}, "geometry": {"type": "MultiPolygon", "coordinates": [[[[-73.20966503599993, 43.60448548100004], [-73.20997987899995, 43.60446938300004], [-73.21000441799998, 43.60466609700006], [-73.21002350399993, 43.604819098000064], [-73.21017886699997, 43.60547610500004], [-73.21019982099995, 43.605617591000055], [-73.20919935899997, 43.60552355200008], [-73.20930570899998, 43.60503335400006], [-73.20942712499993, 43.604508241000076], [-73.20966503599993, 43.60448548100004]]]]}}, {"type": "Feature", "properties": {"OBJECTID": 28642, "SPAN": "129-040-10203", "GLIST_SPAN": "129-040-10203", "MAPID": "44-50-63", "PARCID": "445000063.", "PROPTYPE": "PARCEL", "YEAR": 2023, "GLYEAR": 2022, "TOWN": "CASTLETON", "TNAME": "Castleton", "SOURCENAME": null, "SOURCETYPE": "UNKNOWN", "SOURCEDATE": "UNKNOWN", "EDITMETHOD": "UNKNOWN", "EDITOR": "UNKNOWN", "EDITDATE": "UNKNOWN", "MATCHSTAT": "MATCH", "EDITNOTE": "UNKNOWN", "OWNER1": "BOMOSEEN GRANGE 273", "OWNER2": "", "ADDRGL1": "17 CHURCH ST", "ADDRGL2": "", "CITYGL": "POULTNEY", "STGL": "VT", "ZIPGL": "05764", "DESCPROP": "BOM GRNGE/2.55 ACRES; ROUTE 30S", "LOCAPROP": "", "CAT": "Commercial", "RESCODE": "S", "ACRESGL": 2.55, "REAL_FLV": 109300, "HSTED_FLV": 0, "NRES_FLV": 109300, "LAND_LV": 39700, "IMPRV_LV": 69600, "EQUIPVAL": 0, "EQUIPCODE": "", "INVENVAL": 0, "HSDECL": "N", "HSITEVAL": 0, "VETEXAMT": 0, "EXPDESC": "Non-Approved (Voted)", "ENDDATE": "6/30/2025 0:00:00", "STATUTE": "3840", "EXAMT_HS": 0, "EXAMT_NR": 109300, "UVREDUC_HS": 0, "UVREDUC_NR": 0, "GLVAL_HS": 0.0, "GLVAL_NR": 0.0, "CRHOUSPCT": 0.0, "MUNGL1PCT": 0.0, "AOEGL_HS": 0.0, "AOEGL_NR": 1093.0, "E911ADDR": "178 ROUTE 30 SOUTH", "SHAPE_Length": 0.005655231270354753, "SHAPE_Area": 1.1847180032149723e-06}, "geometry": {"type": "MultiPolygon", "coordinates": [[[[-73.20908207499997, 43.60606414400007], [-73.20919935899997, 43.60552355200008], [-73.21019982099995, 43.605617591000055], [-73.21017886699997, 43.60547610500004], [-73.21121719999996, 43.605479864000074], [-73.21137879699995, 43.60607746200003], [-73.20908207499997, 43.60606414400007]]]]}}, {"type": "Feature", "properties": {"OBJECTID": 29101, "SPAN": "129-040-12209", "GLIST_SPAN": "129-040-12209", "MAPID": "44-50-62", "PARCID": "445000062.", "PROPTYPE": "PARCEL", "YEAR": 2023, "GLYEAR": 2022, "TOWN": "CASTLETON", "TNAME": "Castleton", "SOURCENAME": null, "SOURCETYPE": "UNKNOWN", "SOURCEDATE": "UNKNOWN", "EDITMETHOD": "UNKNOWN", "EDITOR": "UNKNOWN", "EDITDATE": "UNKNOWN", "MATCHSTAT": "MATCH", "EDITNOTE": "UNKNOWN", "OWNER1": "STATE OF VERMONT AGENCY OF TRANSPORTATIO", "OWNER2": "", "ADDRGL1": "109 STATE STREET", "ADDRGL2": "", "CITYGL": "MONTPELIER", "STGL": "VT", "ZIPGL": "05609-6200", "DESCPROP": "OFFICE/WAREHSE/HSE/LOT; ROUTE 30S", "LOCAPROP": "", "CAT": "Commercial", "RESCODE": "C", "ACRESGL": 0.65, "REAL_FLV": 133200, "HSTED_FLV": 0, "NRES_FLV": 133200, "LAND_LV": 30100, "IMPRV_LV": 103100, "EQUIPVAL": 0, "EQUIPCODE": "", "INVENVAL": 0, "HSDECL": "N", "HSITEVAL": 0, "VETEXAMT": 0, "EXPDESC": "", "ENDDATE": "", "STATUTE": "", "EXAMT_HS": 0, "EXAMT_NR": 0, "UVREDUC_HS": 0, "UVREDUC_NR": 0, "GLVAL_HS": 0.0, "GLVAL_NR": 0.0, "CRHOUSPCT": 0.0, "MUNGL1PCT": 0.0, "AOEGL_HS": 0.0, "AOEGL_NR": 0.0, "E911ADDR": "205 ROUTE 30 SOUTH", "SHAPE_Length": 0.002374882278337309, "SHAPE_Area": 2.93341641777771e-07}, "geometry": {"type": "MultiPolygon", "coordinates": [[[[-73.20854045399994, 43.60602906500003], [-73.20871168999997, 43.60521551900007], [-73.20906893399996, 43.60524395500005], [-73.20889253499996, 43.60605698900008], [-73.20854045399994, 43.60602906500003]]]]}}, {"type": "Feature", "properties": {"OBJECTID": 30005, "SPAN": "129-040-12358", "GLIST_SPAN": "129-040-12358", "MAPID": "44-50-61", "PARCID": "445000061.", "PROPTYPE": "PARCEL", "YEAR": 2023, "GLYEAR": 2022, "TOWN": "CASTLETON", "TNAME": "Castleton", "SOURCENAME": null, "SOURCETYPE": "UNKNOWN", "SOURCEDATE": "UNKNOWN", "EDITMETHOD": "UNKNOWN", "EDITOR": "UNKNOWN", "EDITDATE": "UNKNOWN", "MATCHSTAT": "MATCH", "EDITNOTE": "UNKNOWN", "OWNER1": "VERMONT STATE DEPARTMENT OF", "OWNER2": "VERMONT TRANSPORTATION", "ADDRGL1": "133 STATE STREET", "ADDRGL2": "", "CITYGL": "MONTPELIER", "STGL": "VT", "ZIPGL": "05602", "DESCPROP": "HWY DEPT BLDGS/15 ACRES; ROUTE 30S", "LOCAPROP": "", "CAT": "Commercial", "RESCODE": "C", "ACRESGL": 15.0, "REAL_FLV": 316400, "HSTED_FLV": 0, "NRES_FLV": 316400, "LAND_LV": 69800, "IMPRV_LV": 246600, "EQUIPVAL": 0, "EQUIPCODE": "", "INVENVAL": 0, "HSDECL": "N", "HSITEVAL": 0, "VETEXAMT": 0, "EXPDESC": "", "ENDDATE": "", "STATUTE": "", "EXAMT_HS": 0, "EXAMT_NR": 0, "UVREDUC_HS": 0, "UVREDUC_NR": 0, "GLVAL_HS": 0.0, "GLVAL_NR": 0.0, "CRHOUSPCT": 0.0, "MUNGL1PCT": 0.0, "AOEGL_HS": 0.0, "AOEGL_NR": 0.0, "E911ADDR": "143 ROUTE 30 SOUTH", "SHAPE_Length": 0.012145075836987086, "SHAPE_Area": 6.941924450865529e-06}, "geometry": {"type": "MultiPolygon", "coordinates": [[[[-73.20511224899997, 43.605496628000026], [-73.20637020799995, 43.60510606400004], [-73.20654069799997, 43.605051271000036], [-73.20749017999998, 43.60480388900004], [-73.20851873699996, 43.604610351000076], [-73.20909373799998, 43.60454013300006], [-73.20923138899997, 43.60452696500005], [-73.20911955699995, 43.605010625000034], [-73.20906893399996, 43.60524395500005], [-73.20871168999997, 43.60521551900007], [-73.20854045399994, 43.60602906500003], [-73.20889253499996, 43.60605698900008], [-73.20875647699995, 43.606684073000054], [-73.20788904499994, 43.60672591000008], [-73.20783125999998, 43.60687083500005], [-73.20704972499993, 43.60692645200004], [-73.20591974099995, 43.60703690200006], [-73.20549490399998, 43.607065187000046], [-73.20511224899997, 43.605496628000026]]]]}}, {"type": "Feature", "properties": {"OBJECTID": 29418, "SPAN": "129-040-10902", "GLIST_SPAN": "129-040-10902", "MAPID": "25-20-38", "PARCID": "252000038.", "PROPTYPE": "PARCEL", "YEAR": 2023, "GLYEAR": 2022, "TOWN": "CASTLETON", "TNAME": "Castleton", "SOURCENAME": null, "SOURCETYPE": "UNKNOWN", "SOURCEDATE": "UNKNOWN", "EDITMETHOD": "UNKNOWN", "EDITOR": "UNKNOWN", "EDITDATE": "UNKNOWN", "MATCHSTAT": "MATCH", "EDITNOTE": "UNKNOWN", "OWNER1": "CARPENTER HORACE", "OWNER2": "CARPENTER BETH", "ADDRGL1": "275 NORTH ORWELL  ROAD", "ADDRGL2": "", "CITYGL": "ORWELL", "STGL": "VT", "ZIPGL": "05760", "DESCPROP": "2 GARAGES/INCLUDES 080100012-1/12-2/12-3", "LOCAPROP": "", "CAT": "Commercial", "RESCODE": "S", "ACRESGL": 74.95, "REAL_FLV": 381800, "HSTED_FLV": 0, "NRES_FLV": 381800, "LAND_LV": 166100, "IMPRV_LV": 215700, "EQUIPVAL": 0, "EQUIPCODE": "", "INVENVAL": 0, "HSDECL": "N", "HSITEVAL": 0, "VETEXAMT": 0, "EXPDESC": "", "ENDDATE": "", "STATUTE": "", "EXAMT_HS": 0, "EXAMT_NR": 0, "UVREDUC_HS": 0, "UVREDUC_NR": 68200, "GLVAL_HS": 0.0, "GLVAL_NR": 3136.0, "CRHOUSPCT": 0.0, "MUNGL1PCT": 3136.0, "AOEGL_HS": 0.0, "AOEGL_NR": 3136.0, "E911ADDR": "1653 MAIN ST", "SHAPE_Length": 0.025791362903633017, "SHAPE_Area": 3.383636056968821e-05}, "geometry": {"type": "MultiPolygon", "coordinates": [[[[-73.19680183599996, 43.60693586600007], [-73.19674018799998, 43.60655167300007], [-73.19663437699995, 43.60589224700004], [-73.19652753999998, 43.60522640700003], [-73.19642281699998, 43.60457372700006], [-73.19629075799998, 43.603750657000035], [-73.19620981999998, 43.603246194000064], [-73.19613865199995, 43.602169315000026], [-73.20121793299995, 43.60159521500003], [-73.20200697499996, 43.601508239000054], [-73.20230064099997, 43.60387438300006], [-73.20294354099997, 43.60383189100003], [-73.20480591599994, 43.603720201000044], [-73.20508914899995, 43.60530690500008], [-73.20386849099998, 43.60568586900007], [-73.20115672599997, 43.60653615600006], [-73.20028834099998, 43.60681094500006], [-73.20017817399997, 43.606746962000045], [-73.19988172499995, 43.60668161500007], [-73.19904358799994, 43.60681543700008], [-73.19835547499997, 43.60692617500007], [-73.19804468899997, 43.606963162000056], [-73.19680183599996, 43.60693586600007]]]]}}, {"type": "Feature", "properties": {"OBJECTID": 29508, "SPAN": "129-040-10940", "GLIST_SPAN": "129-040-10940", "MAPID": "44-50-58.1", "PARCID": "445000058.1", "PROPTYPE": "PARCEL", "YEAR": 2023, "GLYEAR": 2022, "TOWN": "CASTLETON", "TNAME": "Castleton", "SOURCENAME": null, "SOURCETYPE": "UNKNOWN", "SOURCEDATE": "UNKNOWN", "EDITMETHOD": "UNKNOWN", "EDITOR": "UNKNOWN", "EDITDATE": "UNKNOWN", "MATCHSTAT": "MATCH", "EDITNOTE": "UNKNOWN", "OWNER1": "HARVEY HOUSE LTD", "OWNER2": "C/O TECHNICAL PLANNING & MGMT", "ADDRGL1": "6971 MAIN STREET SUITE 4", "ADDRGL2": "", "CITYGL": "WAITSFIELD", "STGL": "VT", "ZIPGL": "05673", "DESCPROP": "OB/LOT; ROUTE 4A", "LOCAPROP": "", "CAT": "Commercial Apt", "RESCODE": "S", "ACRESGL": 6.78, "REAL_FLV": 455000, "HSTED_FLV": 0, "NRES_FLV": 455000, "LAND_LV": 51200, "IMPRV_LV": 403800, "EQUIPVAL": 0, "EQUIPCODE": "", "INVENVAL": 0, "HSDECL": "N", "HSITEVAL": 0, "VETEXAMT": 0, "EXPDESC": "Qualified Housing Units", "ENDDATE": "", "STATUTE": "", "EXAMT_HS": 0, "EXAMT_NR": 45500, "UVREDUC_HS": 0, "UVREDUC_NR": 0, "GLVAL_HS": 0.0, "GLVAL_NR": 4095.0, "CRHOUSPCT": 0.0, "MUNGL1PCT": 4550.0, "AOEGL_HS": 0.0, "AOEGL_NR": 4095.0, "E911ADDR": "1997 MAIN ST", "SHAPE_Length": 0.007899830994675207, "SHAPE_Area": 3.071614031146288e-06}, "geometry": {"type": "MultiPolygon", "coordinates": [[[[-73.20396679999999, 43.60585224300007], [-73.20511224899997, 43.605496628000026], [-73.20549490399998, 43.607065187000046], [-73.20548248299997, 43.607146991000036], [-73.20479311299994, 43.60722853500005], [-73.20486598799994, 43.60773052700006], [-73.20489284899998, 43.60791555900005], [-73.20419731999993, 43.60782751700003], [-73.20407779199996, 43.607033939000075], [-73.20351988899995, 43.60696331300005], [-73.20338424099998, 43.606034915000066], [-73.20396679999999, 43.60585224300007]]]]}}, {"type": "Feature", "properties": {"OBJECTID": 183204, "SPAN": null, "GLIST_SPAN": null, "MAPID": null, "PARCID": null, "PROPTYPE": "ROW_RAIL", "YEAR": 2023, "GLYEAR": null, "TOWN": "CASTLETON", "TNAME": null, "SOURCENAME": null, "SOURCETYPE": "UNKNOWN", "SOURCEDATE": "UNKNOWN", "EDITMETHOD": "UNKNOWN", "EDITOR": "UNKNOWN", "EDITDATE": "UNKNOWN", "MATCHSTAT": "EXEMPT", "EDITNOTE": "UNKNOWN", "OWNER1": null, "OWNER2": null, "ADDRGL1": null, "ADDRGL2": null, "CITYGL": null, "STGL": null, "ZIPGL": null, "DESCPROP": null, "LOCAPROP": null, "CAT": null, "RESCODE": null, "ACRESGL": null, "REAL_FLV": null, "HSTED_FLV": null, "NRES_FLV": null, "LAND_LV": null, "IMPRV_LV": null, "EQUIPVAL": null, "EQUIPCODE": null, "INVENVAL": null, "HSDECL": null, "HSITEVAL": null, "VETEXAMT": null, "EXPDESC": null, "ENDDATE": null, "STATUTE": null, "EXAMT_HS": null, "EXAMT_NR": null, "UVREDUC_HS": null, "UVREDUC_NR": null, "GLVAL_HS": null, "GLVAL_NR": null, "CRHOUSPCT": null, "MUNGL1PCT": null, "AOEGL_HS": null, "AOEGL_NR": null, "E911ADDR": null, "SHAPE_Length": 0.018848410033251488, "SHAPE_Area": 1.7192677582491771e-06}, "geometry": {"type": "MultiPolygon", "coordinates": [[[[-73.20905681899995, 43.60436104100006], [-73.20927456999993, 43.60434021100008], [-73.20923138899997, 43.60452696500005], [-73.20909373799998, 43.60454013300006], [-73.20851873699996, 43.604610351000076], [-73.20749017999998, 43.60480388900004], [-73.20654069799997, 43.605051271000036], [-73.20637020799995, 43.60510606400004], [-73.20511224899997, 43.605496628000026], [-73.20396679999999, 43.60585224300007], [-73.20338424099998, 43.606034915000066], [-73.20335650899995, 43.60604361000003], [-73.20125548899995, 43.60670238800003], [-73.20050617199996, 43.606937455000036], [-73.20028834099998, 43.60681094500006], [-73.20115672599997, 43.60653615600006], [-73.20386849099998, 43.60568586900007], [-73.20508914899995, 43.60530690500008], [-73.20627086399998, 43.60494001400008], [-73.20644813799998, 43.604883038000025], [-73.20741675099998, 43.60463067300003], [-73.20846676199994, 43.60443309800007], [-73.20905681899995, 43.60436104100006]]]]}}, {"type": "Feature", "properties": {"OBJECTID": 28356, "SPAN": "129-040-11432", "GLIST_SPAN": "129-040-11432", "MAPID": "25-20-40", "PARCID": "252000040.", "PROPTYPE": "PARCEL", "YEAR": 2023, "GLYEAR": 2022, "TOWN": "CASTLETON", "TNAME": "Castleton", "SOURCENAME": null, "SOURCETYPE": "UNKNOWN", "SOURCEDATE": "UNKNOWN", "EDITMETHOD": "UNKNOWN", "EDITOR": "UNKNOWN", "EDITDATE": "UNKNOWN", "MATCHSTAT": "MATCH", "EDITNOTE": "UNKNOWN", "OWNER1": "MANDIGO DAVID JR", "OWNER2": "MANDIGO RENEE M", "ADDRGL1": "163 SUNCREST TER", "ADDRGL2": "", "CITYGL": "CASTLETON", "STGL": "VT", "ZIPGL": "05735", "DESCPROP": "HSE/GAR/1 ACRE; PINE TERRACE", "LOCAPROP": "", "CAT": "Residential-1", "RESCODE": "T", "ACRESGL": 1.0, "REAL_FLV": 173900, "HSTED_FLV": 173900, "NRES_FLV": 0, "LAND_LV": 55000, "IMPRV_LV": 118900, "EQUIPVAL": 0, "EQUIPCODE": "", "INVENVAL": 0, "HSDECL": "Y", "HSITEVAL": 173900, "VETEXAMT": 0, "EXPDESC": "", "ENDDATE": "", "STATUTE": "", "EXAMT_HS": 0, "EXAMT_NR": 0, "UVREDUC_HS": 0, "UVREDUC_NR": 0, "GLVAL_HS": 1739.0, "GLVAL_NR": 0.0, "CRHOUSPCT": 0.0, "MUNGL1PCT": 1739.0, "AOEGL_HS": 1739.0, "AOEGL_NR": 0.0, "E911ADDR": "163 SUNCREST TERR", "SHAPE_Length": 0.00277703486806538, "SHAPE_Area": 4.489935208775772e-07}, "geometry": {"type": "MultiPolygon", "coordinates": [[[[-73.19538535799995, 43.60372772100004], [-73.19539463799998, 43.60318485700003], [-73.19620981999998, 43.603246194000064], [-73.19629075799998, 43.603750657000035], [-73.19564910999998, 43.60373440300003], [-73.19538535799995, 43.60372772100004]]]]}}, {"type": "Feature", "properties": {"OBJECTID": 29155, "SPAN": "129-040-12265", "GLIST_SPAN": "129-040-12265", "MAPID": "25-20-41", "PARCID": "252000041.", "PROPTYPE": "PARCEL", "YEAR": 2023, "GLYEAR": 2022, "TOWN": "CASTLETON", "TNAME": "Castleton", "SOURCENAME": null, "SOURCETYPE": "UNKNOWN", "SOURCEDATE": "UNKNOWN", "EDITMETHOD": "UNKNOWN", "EDITOR": "UNKNOWN", "EDITDATE": "UNKNOWN", "MATCHSTAT": "MATCH", "EDITNOTE": "UNKNOWN", "OWNER1": "GROSS CHRISTOPHER W", "OWNER2": "", "ADDRGL1": "147 SUNCREST TERRACE", "ADDRGL2": "", "CITYGL": "CASTLETON", "STGL": "VT", "ZIPGL": "05735", "DESCPROP": "HSE/GAR/LOT; PINE TERRACE", "LOCAPROP": "", "CAT": "Residential-1", "RESCODE": "T", "ACRESGL": 0.58, "REAL_FLV": 132400, "HSTED_FLV": 132400, "NRES_FLV": 0, "LAND_LV": 45800, "IMPRV_LV": 86600, "EQUIPVAL": 0, "EQUIPCODE": "", "INVENVAL": 0, "HSDECL": "Y", "HSITEVAL": 132400, "VETEXAMT": 0, "EXPDESC": "", "ENDDATE": "", "STATUTE": "", "EXAMT_HS": 0, "EXAMT_NR": 0, "UVREDUC_HS": 0, "UVREDUC_NR": 0, "GLVAL_HS": 1324.0, "GLVAL_NR": 0.0, "CRHOUSPCT": 0.0, "MUNGL1PCT": 1324.0, "AOEGL_HS": 1324.0, "AOEGL_NR": 0.0, "E911ADDR": "147 SUNCREST TERR", "SHAPE_Length": 0.002053662443708694, "SHAPE_Area": 2.6166742732606636e-07}, "geometry": {"type": "MultiPolygon", "coordinates": [[[[-73.19491375099994, 43.603715744000056], [-73.19492343799999, 43.603149399000074], [-73.19539463799998, 43.60318485700003], [-73.19538535799995, 43.60372772100004], [-73.19491375099994, 43.603715744000056]]]]}}, {"type": "Feature", "properties": {"OBJECTID": 28311, "SPAN": "129-040-11380", "GLIST_SPAN": "129-040-11380", "MAPID": "25-20-42", "PARCID": "252000042.", "PROPTYPE": "PARCEL", "YEAR": 2023, "GLYEAR": 2022, "TOWN": "CASTLETON", "TNAME": "Castleton", "SOURCENAME": null, "SOURCETYPE": "UNKNOWN", "SOURCEDATE": "UNKNOWN", "EDITMETHOD": "UNKNOWN", "EDITOR": "UNKNOWN", "EDITDATE": "UNKNOWN", "MATCHSTAT": "MATCH", "EDITNOTE": "UNKNOWN", "OWNER1": "LORD LAWRENCE A", "OWNER2": "LORD VIRGINIA D", "ADDRGL1": "129 SUNCREST TER", "ADDRGL2": "", "CITYGL": "CASTLETON", "STGL": "VT", "ZIPGL": "05735", "DESCPROP": "HSE/OB/LOT; PINE TERRACE", "LOCAPROP": "", "CAT": "Residential-1", "RESCODE": "T", "ACRESGL": 0.6, "REAL_FLV": 137500, "HSTED_FLV": 137500, "NRES_FLV": 0, "LAND_LV": 46200, "IMPRV_LV": 91300, "EQUIPVAL": 0, "EQUIPCODE": "", "INVENVAL": 0, "HSDECL": "Y", "HSITEVAL": 137500, "VETEXAMT": 0, "EXPDESC": "", "ENDDATE": "", "STATUTE": "", "EXAMT_HS": 0, "EXAMT_NR": 0, "UVREDUC_HS": 0, "UVREDUC_NR": 0, "GLVAL_HS": 1375.0, "GLVAL_NR": 0.0, "CRHOUSPCT": 0.0, "MUNGL1PCT": 1375.0, "AOEGL_HS": 1375.0, "AOEGL_NR": 0.0, "E911ADDR": "129 SUNCREST TERR", "SHAPE_Length": 0.0020986154282861954, "SHAPE_Area": 2.721663736084913e-07}, "geometry": {"type": "MultiPolygon", "coordinates": [[[[-73.19444312799999, 43.603703791000044], [-73.19445321799998, 43.60311401400003], [-73.19492343799999, 43.603149399000074], [-73.19491375099994, 43.603715744000056], [-73.19444312799999, 43.603703791000044]]]]}}, {"type": "Feature", "properties": {"OBJECTID": 28384, "SPAN": "129-040-11463", "GLIST_SPAN": "129-040-11463", "MAPID": "25-20-47", "PARCID": "252000047.", "PROPTYPE": "PARCEL", "YEAR": 2023, "GLYEAR": 2022, "TOWN": "CASTLETON", "TNAME": "Castleton", "SOURCENAME": null, "SOURCETYPE": "UNKNOWN", "SOURCEDATE": "UNKNOWN", "EDITMETHOD": "UNKNOWN", "EDITOR": "UNKNOWN", "EDITDATE": "UNKNOWN", "MATCHSTAT": "MATCH", "EDITNOTE": "UNKNOWN", "OWNER1": "MATES ANN E", "OWNER2": "", "ADDRGL1": "210 PLANTATION COURT", "ADDRGL2": "", "CITYGL": "LUGOFF", "STGL": "SC", "ZIPGL": "29078", "DESCPROP": "HSE/OB/LOT; SAND HILL RD", "LOCAPROP": "", "CAT": "Residential-1", "RESCODE": "NS", "ACRESGL": 0.7, "REAL_FLV": 134900, "HSTED_FLV": 0, "NRES_FLV": 134900, "LAND_LV": 48400, "IMPRV_LV": 86500, "EQUIPVAL": 0, "EQUIPCODE": "", "INVENVAL": 0, "HSDECL": "N", "HSITEVAL": 134900, "VETEXAMT": 0, "EXPDESC": "", "ENDDATE": "", "STATUTE": "", "EXAMT_HS": 0, "EXAMT_NR": 0, "UVREDUC_HS": 0, "UVREDUC_NR": 0, "GLVAL_HS": 0.0, "GLVAL_NR": 1349.0, "CRHOUSPCT": 0.0, "MUNGL1PCT": 1349.0, "AOEGL_HS": 0.0, "AOEGL_NR": 1349.0, "E911ADDR": "418 SAND HILL RD", "SHAPE_Length": 0.0025039889458651887, "SHAPE_Area": 3.182009298464496e-07}, "geometry": {"type": "MultiPolygon", "coordinates": [[[[-73.19268800499998, 43.60364672000003], [-73.19289486199995, 43.60333852900004], [-73.19372087099998, 43.60365240300007], [-73.19350690699997, 43.60395804800004], [-73.19268800499998, 43.60364672000003]]]]}}, {"type": "Feature", "properties": {"OBJECTID": 28628, "SPAN": "129-040-10196", "GLIST_SPAN": "129-040-10196", "MAPID": "25-20-47.1", "PARCID": "252000047.1", "PROPTYPE": "PARCEL", "YEAR": 2023, "GLYEAR": 2022, "TOWN": "CASTLETON", "TNAME": "Castleton", "SOURCENAME": null, "SOURCETYPE": "UNKNOWN", "SOURCEDATE": "UNKNOWN", "EDITMETHOD": "UNKNOWN", "EDITOR": "UNKNOWN", "EDITDATE": "UNKNOWN", "MATCHSTAT": "MATCH", "EDITNOTE": "UNKNOWN", "OWNER1": "NICHOLSON STEPHEN G & SARAH M", "OWNER2": "", "ADDRGL1": "18 SUNCREST TERRACE", "ADDRGL2": "", "CITYGL": "CASTLETON", "STGL": "VT", "ZIPGL": "05735", "DESCPROP": "HSE/OB/LOT; SUNCREST TER", "LOCAPROP": "", "CAT": "Residential-1", "RESCODE": "T", "ACRESGL": 0.78, "REAL_FLV": 157900, "HSTED_FLV": 157900, "NRES_FLV": 0, "LAND_LV": 50200, "IMPRV_LV": 107700, "EQUIPVAL": 0, "EQUIPCODE": "", "INVENVAL": 0, "HSDECL": "Y", "HSITEVAL": 157900, "VETEXAMT": 40000, "EXPDESC": "", "ENDDATE": "", "STATUTE": "", "EXAMT_HS": 0, "EXAMT_NR": 0, "UVREDUC_HS": 0, "UVREDUC_NR": 0, "GLVAL_HS": 1179.0, "GLVAL_NR": 0.0, "CRHOUSPCT": 0.0, "MUNGL1PCT": 1179.0, "AOEGL_HS": 1479.0, "AOEGL_NR": 0.0, "E911ADDR": "18 SUNCREST TERR", "SHAPE_Length": 0.0033953857107743546, "SHAPE_Area": 3.4918599278769526e-07}, "geometry": {"type": "MultiPolygon", "coordinates": [[[[-73.19289486199995, 43.60333852900004], [-73.19302586399994, 43.60314335100003], [-73.19377659699995, 43.60320021800004], [-73.19377751099995, 43.603824099000065], [-73.19377785799998, 43.604061055000045], [-73.19350690699997, 43.60395804800004], [-73.19372087099998, 43.60365240300007], [-73.19289486199995, 43.60333852900004]]]]}}, {"type": "Feature", "properties": {"OBJECTID": 28989, "SPAN": "129-040-12087", "GLIST_SPAN": "129-040-12087", "MAPID": "25-20-43", "PARCID": "252000043.", "PROPTYPE": "PARCEL", "YEAR": 2023, "GLYEAR": 2022, "TOWN": "CASTLETON", "TNAME": "Castleton", "SOURCENAME": null, "SOURCETYPE": "UNKNOWN", "SOURCEDATE": "UNKNOWN", "EDITMETHOD": "UNKNOWN", "EDITOR": "UNKNOWN", "EDITDATE": "UNKNOWN", "MATCHSTAT": "MATCH", "EDITNOTE": "UNKNOWN", "OWNER1": "SMITH THOMAS H", "OWNER2": "SMITH VIRGINIA", "ADDRGL1": "PO BOX 223", "ADDRGL2": "", "CITYGL": "CASTLETON", "STGL": "VT", "ZIPGL": "05735", "DESCPROP": "HSE/GAR/LOT", "LOCAPROP": "", "CAT": "Residential-1", "RESCODE": "T", "ACRESGL": 0.65, "REAL_FLV": 129500, "HSTED_FLV": 129500, "NRES_FLV": 0, "LAND_LV": 47300, "IMPRV_LV": 82200, "EQUIPVAL": 0, "EQUIPCODE": "", "INVENVAL": 0, "HSDECL": "Y", "HSITEVAL": 129500, "VETEXAMT": 0, "EXPDESC": "", "ENDDATE": "", "STATUTE": "", "EXAMT_HS": 0, "EXAMT_NR": 0, "UVREDUC_HS": 0, "UVREDUC_NR": 0, "GLVAL_HS": 1295.0, "GLVAL_NR": 0.0, "CRHOUSPCT": 0.0, "MUNGL1PCT": 1295.0, "AOEGL_HS": 1295.0, "AOEGL_NR": 0.0, "E911ADDR": "105 SUNCREST TERR", "SHAPE_Length": 0.002171711454311724, "SHAPE_Area": 2.9083375085752617e-07}, "geometry": {"type": "MultiPolygon", "coordinates": [[[[-73.19396607599998, 43.603691672000025], [-73.19396517299998, 43.603076514000065], [-73.19445321799998, 43.60311401400003], [-73.19444312799999, 43.603703791000044], [-73.19396607599998, 43.603691672000025]]]]}}, {"type": "Feature", "properties": {"OBJECTID": 29020, "SPAN": "129-040-12119", "GLIST_SPAN": "129-040-12119", "MAPID": "25-21-41", "PARCID": "252100041.", "PROPTYPE": "PARCEL", "YEAR": 2023, "GLYEAR": 2022, "TOWN": "CASTLETON", "TNAME": "Castleton", "SOURCENAME": null, "SOURCETYPE": "UNKNOWN", "SOURCEDATE": "UNKNOWN", "EDITMETHOD": "UNKNOWN", "EDITOR": "UNKNOWN", "EDITDATE": "UNKNOWN", "MATCHSTAT": "MATCH", "EDITNOTE": "UNKNOWN", "OWNER1": "CULPO PAUL D", "OWNER2": "CULPO KATHLEEN K", "ADDRGL1": "511 SANDHILL RD", "ADDRGL2": "", "CITYGL": "CASTLETON", "STGL": "VT", "ZIPGL": "05735", "DESCPROP": "HSE/OB/LAND", "LOCAPROP": "", "CAT": "Residential-1", "RESCODE": "T", "ACRESGL": 4.53, "REAL_FLV": 248100, "HSTED_FLV": 248100, "NRES_FLV": 0, "LAND_LV": 65600, "IMPRV_LV": 182500, "EQUIPVAL": 0, "EQUIPCODE": "", "INVENVAL": 0, "HSDECL": "Y", "HSITEVAL": 240500, "VETEXAMT": 0, "EXPDESC": "", "ENDDATE": "", "STATUTE": "", "EXAMT_HS": 0, "EXAMT_NR": 0, "UVREDUC_HS": 0, "UVREDUC_NR": 0, "GLVAL_HS": 2481.0, "GLVAL_NR": 0.0, "CRHOUSPCT": 0.0, "MUNGL1PCT": 2481.0, "AOEGL_HS": 2481.0, "AOEGL_NR": 0.0, "E911ADDR": "511 SAND HILL RD", "SHAPE_Length": 0.0073448862341501005, "SHAPE_Area": 2.387139895248652e-06}, "geometry": {"type": "MultiPolygon", "coordinates": [[[[-73.19027722799996, 43.602772180000045], [-73.19082466799995, 43.60199849800006], [-73.19342950499998, 43.60226617200004], [-73.19291334599995, 43.60299920800003], [-73.19289737099996, 43.60302189600003], [-73.19283843699998, 43.60310970100005], [-73.19021287199996, 43.60286313000006], [-73.19027722799996, 43.602772180000045]]]]}}, {"type": "Feature", "properties": {"OBJECTID": 29379, "SPAN": "129-040-10409", "GLIST_SPAN": "129-040-10409", "MAPID": "09-01-11", "PARCID": "090100011.", "PROPTYPE": "PARCEL", "YEAR": 2023, "GLYEAR": 2022, "TOWN": "CASTLETON", "TNAME": "Castleton", "SOURCENAME": null, "SOURCETYPE": "UNKNOWN", "SOURCEDATE": "UNKNOWN", "EDITMETHOD": "UNKNOWN", "EDITOR": "UNKNOWN", "EDITDATE": "UNKNOWN", "MATCHSTAT": "MATCH", "EDITNOTE": "UNKNOWN", "OWNER1": "TOWN OF CASTLETON", "OWNER2": "", "ADDRGL1": "PO BOX 727", "ADDRGL2": "", "CITYGL": "CASTLETON", "STGL": "VT", "ZIPGL": "05735", "DESCPROP": "VACANT LOT 18.28 ACRES; SAND HILL RD", "LOCAPROP": "", "CAT": "Miscellaneous", "RESCODE": "T", "ACRESGL": 18.28, "REAL_FLV": 69500, "HSTED_FLV": 0, "NRES_FLV": 69500, "LAND_LV": 69500, "IMPRV_LV": 0, "EQUIPVAL": 0, "EQUIPCODE": "", "INVENVAL": 0, "HSDECL": "N", "HSITEVAL": 0, "VETEXAMT": 0, "EXPDESC": "Statutory", "ENDDATE": "", "STATUTE": "", "EXAMT_HS": 0, "EXAMT_NR": 0, "UVREDUC_HS": 0, "UVREDUC_NR": 0, "GLVAL_HS": 0.0, "GLVAL_NR": 0.0, "CRHOUSPCT": 0.0, "MUNGL1PCT": 0.0, "AOEGL_HS": 0.0, "AOEGL_NR": 0.0, "E911ADDR": "SAND HILL RD", "SHAPE_Length": 0.01407142272003561, "SHAPE_Area": 8.44572405194654e-06}, "geometry": {"type": "MultiPolygon", "coordinates": [[[[-73.18915431499994, 43.602665141000045], [-73.19086632199998, 43.600067145000025], [-73.19291507699995, 43.600252940000075], [-73.19465073499998, 43.60037794900006], [-73.19463587399997, 43.60040210600005], [-73.19453712499995, 43.600562627000045], [-73.19369300999995, 43.60189193900004], [-73.19342950499998, 43.60226617200004], [-73.19082466799995, 43.60199849800006], [-73.19027722799996, 43.602772180000045], [-73.19021287199996, 43.60286313000006], [-73.18909314899997, 43.60275795600006], [-73.18915431499994, 43.602665141000045]]]]}}, {"type": "Feature", "properties": {"OBJECTID": 30225, "SPAN": "129-040-12618", "GLIST_SPAN": "129-040-12618", "MAPID": "09-01-25.1", "PARCID": "090100025.1", "PROPTYPE": "PARCEL", "YEAR": 2023, "GLYEAR": 2022, "TOWN": "CASTLETON", "TNAME": "Castleton", "SOURCENAME": null, "SOURCETYPE": "UNKNOWN", "SOURCEDATE": "UNKNOWN", "EDITMETHOD": "UNKNOWN", "EDITOR": "UNKNOWN", "EDITDATE": "UNKNOWN", "MATCHSTAT": "MATCH", "EDITNOTE": "UNKNOWN", "OWNER1": "FABIAN WALTER F", "OWNER2": "", "ADDRGL1": "9 SUNCREST TERRACE", "ADDRGL2": "", "CITYGL": "CASTLETON", "STGL": "VT", "ZIPGL": "05735", "DESCPROP": "HSE/GAR/LAND", "LOCAPROP": "", "CAT": "Residential-1", "RESCODE": "T", "ACRESGL": 2.03, "REAL_FLV": 177400, "HSTED_FLV": 177400, "NRES_FLV": 0, "LAND_LV": 58100, "IMPRV_LV": 119300, "EQUIPVAL": 0, "EQUIPCODE": "", "INVENVAL": 0, "HSDECL": "Y", "HSITEVAL": 177300, "VETEXAMT": 0, "EXPDESC": "", "ENDDATE": "", "STATUTE": "", "EXAMT_HS": 0, "EXAMT_NR": 0, "UVREDUC_HS": 0, "UVREDUC_NR": 0, "GLVAL_HS": 1774.0, "GLVAL_NR": 0.0, "CRHOUSPCT": 0.0, "MUNGL1PCT": 1774.0, "AOEGL_HS": 1774.0, "AOEGL_NR": 0.0, "E911ADDR": "9 SUNCREST TERR", "SHAPE_Length": 0.004812530012114705, "SHAPE_Area": 9.289448754150933e-07}, "geometry": {"type": "MultiPolygon", "coordinates": [[[[-73.19311614599997, 43.60301232100005], [-73.19346007499996, 43.602523880000035], [-73.19526239399994, 43.602660136000054], [-73.19492343799999, 43.603149399000074], [-73.19445321799998, 43.60311401400003], [-73.19396517299998, 43.603076514000065], [-73.19311614599997, 43.60301232100005]]]]}}, {"type": "Feature", "properties": {"OBJECTID": 27141, "SPAN": "129-040-10042", "GLIST_SPAN": "129-040-10042", "MAPID": "25-20-35", "PARCID": "252000035.", "PROPTYPE": "PARCEL", "YEAR": 2023, "GLYEAR": 2022, "TOWN": "CASTLETON", "TNAME": "Castleton", "SOURCENAME": null, "SOURCETYPE": "UNKNOWN", "SOURCEDATE": "UNKNOWN", "EDITMETHOD": "UNKNOWN", "EDITOR": "UNKNOWN", "EDITDATE": "UNKNOWN", "MATCHSTAT": "MATCH", "EDITNOTE": "UNKNOWN", "OWNER1": "AUSTIN AMERY PROPERTIES LLC", "OWNER2": "", "ADDRGL1": "PO BOX 354", "ADDRGL2": "", "CITYGL": "BOMOSEEN", "STGL": "VT", "ZIPGL": "05732", "DESCPROP": "HSE/OBS/1.67 ACRES; ROUTE 4A", "LOCAPROP": "", "CAT": "Residential-1", "RESCODE": "C", "ACRESGL": 1.67, "REAL_FLV": 121000, "HSTED_FLV": 0, "NRES_FLV": 121000, "LAND_LV": 72000, "IMPRV_LV": 49000, "EQUIPVAL": 0, "EQUIPCODE": "", "INVENVAL": 0, "HSDECL": "N", "HSITEVAL": 96200, "VETEXAMT": 0, "EXPDESC": "", "ENDDATE": "", "STATUTE": "", "EXAMT_HS": 0, "EXAMT_NR": 0, "UVREDUC_HS": 0, "UVREDUC_NR": 0, "GLVAL_HS": 0.0, "GLVAL_NR": 1210.0, "CRHOUSPCT": 0.0, "MUNGL1PCT": 1210.0, "AOEGL_HS": 0.0, "AOEGL_NR": 1210.0, "E911ADDR": "1565 MAIN ST", "SHAPE_Length": 0.003788113755503808, "SHAPE_Area": 6.896156023121522e-07}, "geometry": {"type": "MultiPolygon", "coordinates": [[[[-73.19514136199996, 43.606596780000075], [-73.19491878199995, 43.60576465500003], [-73.19535075499994, 43.60581698500005], [-73.19573802799994, 43.606616915000075], [-73.19591098299998, 43.60697415100003], [-73.19571963199996, 43.60700996400004], [-73.19551901899996, 43.60706821200006], [-73.19532729099996, 43.607124859000066], [-73.19528588799994, 43.60713707900004], [-73.19514136199996, 43.606596780000075]]]]}}, {"type": "Feature", "properties": {"OBJECTID": 27178, "SPAN": "129-040-10082", "GLIST_SPAN": "129-040-10082", "MAPID": "25-20-37", "PARCID": "252000037.", "PROPTYPE": "PARCEL", "YEAR": 2023, "GLYEAR": 2022, "TOWN": "CASTLETON", "TNAME": "Castleton", "SOURCENAME": null, "SOURCETYPE": "UNKNOWN", "SOURCEDATE": "UNKNOWN", "EDITMETHOD": "UNKNOWN", "EDITOR": "UNKNOWN", "EDITDATE": "UNKNOWN", "MATCHSTAT": "MATCH", "EDITNOTE": "UNKNOWN", "OWNER1": "AUSTIN GORDON E", "OWNER2": "AUSTIN EDITH", "ADDRGL1": "147 AUSTIN LANE", "ADDRGL2": "", "CITYGL": "CASTLETON", "STGL": "VT", "ZIPGL": "05735", "DESCPROP": "HSE/8 ACRES; ROUTE 4A", "LOCAPROP": "", "CAT": "Residential-2", "RESCODE": "T", "ACRESGL": 8.0, "REAL_FLV": 104200, "HSTED_FLV": 104200, "NRES_FLV": 0, "LAND_LV": 48900, "IMPRV_LV": 55300, "EQUIPVAL": 0, "EQUIPCODE": "", "INVENVAL": 0, "HSDECL": "Y", "HSITEVAL": 93600, "VETEXAMT": 40000, "EXPDESC": "", "ENDDATE": "", "STATUTE": "", "EXAMT_HS": 0, "EXAMT_NR": 0, "UVREDUC_HS": 0, "UVREDUC_NR": 0, "GLVAL_HS": 642.0, "GLVAL_NR": 0.0, "CRHOUSPCT": 0.0, "MUNGL1PCT": 642.0, "AOEGL_HS": 942.0, "AOEGL_NR": 0.0, "E911ADDR": "147 AUSTIN LN", "SHAPE_Length": 0.008198873716200298, "SHAPE_Area": 3.5217134188082412e-06}, "geometry": {"type": "MultiPolygon", "coordinates": [[[[-73.19371627099997, 43.604784866000045], [-73.19377348399996, 43.60451369900005], [-73.19425040399994, 43.60452451000003], [-73.19472215899998, 43.60453520100003], [-73.19519398399996, 43.60454589200003], [-73.19642281699998, 43.60457372700006], [-73.19652753999998, 43.60522640700003], [-73.19663437699995, 43.60589224700004], [-73.19535075499994, 43.60581698500005], [-73.19491878199995, 43.60576465500003], [-73.19354466699997, 43.60559817800004], [-73.19364074799995, 43.60514280600006], [-73.19371627099997, 43.604784866000045]]]]}}, {"type": "Feature", "properties": {"OBJECTID": 27179, "SPAN": "129-040-10083", "GLIST_SPAN": "129-040-10083", "MAPID": "25-20-37.1", "PARCID": "252000037.1", "PROPTYPE": "PARCEL", "YEAR": 2023, "GLYEAR": 2022, "TOWN": "CASTLETON", "TNAME": "Castleton", "SOURCENAME": null, "SOURCETYPE": "UNKNOWN", "SOURCEDATE": "UNKNOWN", "EDITMETHOD": "UNKNOWN", "EDITOR": "UNKNOWN", "EDITDATE": "UNKNOWN", "MATCHSTAT": "MATCH", "EDITNOTE": "UNKNOWN", "OWNER1": "CONWAY ROBERT J", "OWNER2": "C/O KEEFE KEVIN & BELDEN BOBBI", "ADDRGL1": "71 AUSTIN LANE", "ADDRGL2": "", "CITYGL": "CASTLETON", "STGL": "VT", "ZIPGL": "05735", "DESCPROP": "HSE/GAR/OB/1.60 ACRES", "LOCAPROP": "", "CAT": "Residential-1", "RESCODE": "T", "ACRESGL": 1.6, "REAL_FLV": 126600, "HSTED_FLV": 0, "NRES_FLV": 126600, "LAND_LV": 36100, "IMPRV_LV": 90500, "EQUIPVAL": 0, "EQUIPCODE": "", "INVENVAL": 0, "HSDECL": "N", "HSITEVAL": 125800, "VETEXAMT": 0, "EXPDESC": "", "ENDDATE": "", "STATUTE": "", "EXAMT_HS": 0, "EXAMT_NR": 0, "UVREDUC_HS": 0, "UVREDUC_NR": 0, "GLVAL_HS": 0.0, "GLVAL_NR": 1266.0, "CRHOUSPCT": 0.0, "MUNGL1PCT": 1266.0, "AOEGL_HS": 0.0, "AOEGL_NR": 1266.0, "E911ADDR": "71 AUSTIN LN", "SHAPE_Length": 0.0038467145578612106, "SHAPE_Area": 8.327072437316524e-07}, "geometry": {"type": "MultiPolygon", "coordinates": [[[[-73.19573802799994, 43.606616915000075], [-73.19535075499994, 43.60581698500005], [-73.19663437699995, 43.60589224700004], [-73.19674018799998, 43.60655167300007], [-73.19573802799994, 43.606616915000075]]]]}}, {"type": "Feature", "properties": {"OBJECTID": 28009, "SPAN": "129-040-11051", "GLIST_SPAN": "129-040-11051", "MAPID": "25-20-44", "PARCID": "252000044.", "PROPTYPE": "PARCEL", "YEAR": 2023, "GLYEAR": 2022, "TOWN": "CASTLETON", "TNAME": "Castleton", "SOURCENAME": null, "SOURCETYPE": "UNKNOWN", "SOURCEDATE": "UNKNOWN", "EDITMETHOD": "UNKNOWN", "EDITOR": "UNKNOWN", "EDITDATE": "UNKNOWN", "MATCHSTAT": "MATCH", "EDITNOTE": "UNKNOWN", "OWNER1": "HINNERS CAROLE BARNES", "OWNER2": "", "ADDRGL1": "140 SUNCREST TERRACE", "ADDRGL2": "", "CITYGL": "CASTLETON", "STGL": "VT", "ZIPGL": "05735-9515", "DESCPROP": "HSE/.72 ACRES; SUNCREST  TERRACE", "LOCAPROP": "", "CAT": "Residential-1", "RESCODE": "T", "ACRESGL": 0.72, "REAL_FLV": 191200, "HSTED_FLV": 191200, "NRES_FLV": 0, "LAND_LV": 44000, "IMPRV_LV": 147200, "EQUIPVAL": 0, "EQUIPCODE": "", "INVENVAL": 0, "HSDECL": "Y", "HSITEVAL": 191200, "VETEXAMT": 0, "EXPDESC": "", "ENDDATE": "", "STATUTE": "", "EXAMT_HS": 0, "EXAMT_NR": 0, "UVREDUC_HS": 0, "UVREDUC_NR": 0, "GLVAL_HS": 1912.0, "GLVAL_NR": 0.0, "CRHOUSPCT": 0.0, "MUNGL1PCT": 1912.0, "AOEGL_HS": 1912.0, "AOEGL_NR": 0.0, "E911ADDR": "140 SUNCREST TERR", "SHAPE_Length": 0.002316891764568743, "SHAPE_Area": 3.2388819731540616e-07}, "geometry": {"type": "MultiPolygon", "coordinates": [[[[-73.19472215899998, 43.60453520100003], [-73.19472114099995, 43.603848070000026], [-73.19519296299995, 43.60386005300006], [-73.19519398399996, 43.60454589200003], [-73.19472215899998, 43.60453520100003]]]]}}, {"type": "Feature", "properties": {"OBJECTID": 28943, "SPAN": "129-040-12033", "GLIST_SPAN": "129-040-12033", "MAPID": "25-20-39", "PARCID": "252000039.", "PROPTYPE": "PARCEL", "YEAR": 2023, "GLYEAR": 2022, "TOWN": "CASTLETON", "TNAME": "Castleton", "SOURCENAME": null, "SOURCETYPE": "UNKNOWN", "SOURCEDATE": "UNKNOWN", "EDITMETHOD": "UNKNOWN", "EDITOR": "UNKNOWN", "EDITDATE": "UNKNOWN", "MATCHSTAT": "MATCH", "EDITNOTE": "UNKNOWN", "OWNER1": "MADSEN CHARLES A", "OWNER2": "BLODGET SHERRILL B", "ADDRGL1": "174 SUNCREST TERRACE", "ADDRGL2": "", "CITYGL": "CASTLETON", "STGL": "VT", "ZIPGL": "05735", "DESCPROP": "HSE/GAR/2.02 ACRES; PINE TERRACE", "LOCAPROP": "", "CAT": "Residential-1", "RESCODE": "T", "ACRESGL": 2.02, "REAL_FLV": 194300, "HSTED_FLV": 194300, "NRES_FLV": 0, "LAND_LV": 53900, "IMPRV_LV": 140400, "EQUIPVAL": 0, "EQUIPCODE": "", "INVENVAL": 0, "HSDECL": "Y", "HSITEVAL": 194200, "VETEXAMT": 0, "EXPDESC": "", "ENDDATE": "", "STATUTE": "", "EXAMT_HS": 0, "EXAMT_NR": 0, "UVREDUC_HS": 0, "UVREDUC_NR": 0, "GLVAL_HS": 1943.0, "GLVAL_NR": 0.0, "CRHOUSPCT": 0.0, "MUNGL1PCT": 1943.0, "AOEGL_HS": 1943.0, "AOEGL_NR": 0.0, "E911ADDR": "174 SUNCREST TERR", "SHAPE_Length": 0.003980516859301691, "SHAPE_Area": 8.933340842098319e-07}, "geometry": {"type": "MultiPolygon", "coordinates": [[[[-73.19519398399996, 43.60454589200003], [-73.19519296299995, 43.60386005300006], [-73.19564570699998, 43.603871549000075], [-73.19564910999998, 43.60373440300003], [-73.19629075799998, 43.603750657000035], [-73.19642281699998, 43.60457372700006], [-73.19519398399996, 43.60454589200003]]]]}}, {"type": "Feature", "properties": {"OBJECTID": 30036, "SPAN": "129-040-12394", "GLIST_SPAN": "129-040-12394", "MAPID": "25-20-36", "PARCID": "252000036.", "PROPTYPE": "PARCEL", "YEAR": 2023, "GLYEAR": 2022, "TOWN": "CASTLETON", "TNAME": "Castleton", "SOURCENAME": null, "SOURCETYPE": "UNKNOWN", "SOURCEDATE": "UNKNOWN", "EDITMETHOD": "UNKNOWN", "EDITOR": "UNKNOWN", "EDITDATE": "UNKNOWN", "MATCHSTAT": "MATCH", "EDITNOTE": "UNKNOWN", "OWNER1": "MORRILL HOUSE LLC", "OWNER2": "", "ADDRGL1": "P.O. BOX 545", "ADDRGL2": "", "CITYGL": "BOMOSEEN", "STGL": "VT", "ZIPGL": "05732", "DESCPROP": "APT HSE/SNACK BAR/.73 ACRES; ROUTE 4A", "LOCAPROP": "", "CAT": "Commercial", "RESCODE": "C", "ACRESGL": 0.73, "REAL_FLV": 177100, "HSTED_FLV": 0, "NRES_FLV": 177100, "LAND_LV": 62400, "IMPRV_LV": 114700, "EQUIPVAL": 0, "EQUIPCODE": "", "INVENVAL": 0, "HSDECL": "N", "HSITEVAL": 0, "VETEXAMT": 0, "EXPDESC": "", "ENDDATE": "", "STATUTE": "", "EXAMT_HS": 0, "EXAMT_NR": 0, "UVREDUC_HS": 0, "UVREDUC_NR": 0, "GLVAL_HS": 0.0, "GLVAL_NR": 1771.0, "CRHOUSPCT": 0.0, "MUNGL1PCT": 1771.0, "AOEGL_HS": 0.0, "AOEGL_NR": 1771.0, "E911ADDR": "1607 MAIN ST", "SHAPE_Length": 0.0027376547671386026, "SHAPE_Area": 3.5616926147968096e-07}, "geometry": {"type": "MultiPolygon", "coordinates": [[[[-73.19663293599996, 43.60695792100006], [-73.19636062399996, 43.60694122700005], [-73.19617911199998, 43.60694395000007], [-73.19597146699994, 43.606962794000026], [-73.19593361399996, 43.606969915000036], [-73.19591098299998, 43.60697415100003], [-73.19573802799994, 43.606616915000075], [-73.19674018799998, 43.60655167300007], [-73.19680183599996, 43.60693586600007], [-73.19680931799996, 43.60698040200003], [-73.19663293599996, 43.60695792100006]]]]}}, {"type": "Feature", "properties": {"OBJECTID": 27218, "SPAN": "129-040-10129", "GLIST_SPAN": "129-040-10129", "MAPID": "25-20-45", "PARCID": "252000045.", "PROPTYPE": "PARCEL", "YEAR": 2023, "GLYEAR": 2022, "TOWN": "CASTLETON", "TNAME": "Castleton", "SOURCENAME": null, "SOURCETYPE": "UNKNOWN", "SOURCEDATE": "UNKNOWN", "EDITMETHOD": "UNKNOWN", "EDITOR": "UNKNOWN", "EDITDATE": "UNKNOWN", "MATCHSTAT": "MATCH", "EDITNOTE": "UNKNOWN", "OWNER1": "TERIELE JOHN", "OWNER2": "TERIELE PETRINA", "ADDRGL1": "110 SUNCREST TERRACE", "ADDRGL2": "", "CITYGL": "CASTLETON", "STGL": "VT", "ZIPGL": "05735", "DESCPROP": "HSE/GAR/LOT; SUNCREST TERRACE", "LOCAPROP": "", "CAT": "Residential-1", "RESCODE": "T", "ACRESGL": 0.72, "REAL_FLV": 180700, "HSTED_FLV": 180700, "NRES_FLV": 0, "LAND_LV": 46400, "IMPRV_LV": 134300, "EQUIPVAL": 0, "EQUIPCODE": "", "INVENVAL": 0, "HSDECL": "Y", "HSITEVAL": 180700, "VETEXAMT": 0, "EXPDESC": "", "ENDDATE": "", "STATUTE": "", "EXAMT_HS": 0, "EXAMT_NR": 0, "UVREDUC_HS": 0, "UVREDUC_NR": 0, "GLVAL_HS": 1807.0, "GLVAL_NR": 0.0, "CRHOUSPCT": 0.0, "MUNGL1PCT": 1807.0, "AOEGL_HS": 1807.0, "AOEGL_NR": 0.0, "E911ADDR": "110 SUNCREST TERR", "SHAPE_Length": 0.0023193337911136583, "SHAPE_Area": 3.244490064702709e-07}, "geometry": {"type": "MultiPolygon", "coordinates": [[[[-73.19425040399994, 43.60452451000003], [-73.19424939099997, 43.60383608700005], [-73.19472114099995, 43.603848070000026], [-73.19472215899998, 43.60453520100003], [-73.19425040399994, 43.60452451000003]]]]}}, {"type": "Feature", "properties": {"OBJECTID": 28342, "SPAN": "129-040-11417", "GLIST_SPAN": "129-040-11417", "MAPID": "25-20-29", "PARCID": "252000029.", "PROPTYPE": "PARCEL", "YEAR": 2023, "GLYEAR": 2022, "TOWN": "CASTLETON", "TNAME": "Castleton", "SOURCENAME": null, "SOURCETYPE": "UNKNOWN", "SOURCEDATE": "UNKNOWN", "EDITMETHOD": "UNKNOWN", "EDITOR": "UNKNOWN", "EDITDATE": "UNKNOWN", "MATCHSTAT": "MATCH", "EDITNOTE": "UNKNOWN", "OWNER1": "LOUGHAN JR PATRICK F", "OWNER2": "", "ADDRGL1": "PO BOX 97", "ADDRGL2": "", "CITYGL": "CASTLETON", "STGL": "VT", "ZIPGL": "05735", "DESCPROP": "HSE/GAR/1.96 ACRES; SAND HILL RD", "LOCAPROP": "", "CAT": "Residential-1", "RESCODE": "T", "ACRESGL": 1.67, "REAL_FLV": 135200, "HSTED_FLV": 135200, "NRES_FLV": 0, "LAND_LV": 57000, "IMPRV_LV": 78200, "EQUIPVAL": 0, "EQUIPCODE": "", "INVENVAL": 0, "HSDECL": "Y", "HSITEVAL": 135200, "VETEXAMT": 0, "EXPDESC": "", "ENDDATE": "", "STATUTE": "", "EXAMT_HS": 0, "EXAMT_NR": 0, "UVREDUC_HS": 0, "UVREDUC_NR": 0, "GLVAL_HS": 1352.0, "GLVAL_NR": 0.0, "CRHOUSPCT": 0.0, "MUNGL1PCT": 1352.0, "AOEGL_HS": 1352.0, "AOEGL_NR": 0.0, "E911ADDR": "174 SAND HILL RD", "SHAPE_Length": 0.004338148188993443, "SHAPE_Area": 7.402576123177928e-07}, "geometry": {"type": "MultiPolygon", "coordinates": [[[[-73.19050923099996, 43.60671619100003], [-73.19075234199994, 43.606392742000025], [-73.19169643399994, 43.60670558400005], [-73.19222762499999, 43.60676027800008], [-73.19224465599996, 43.60710499700008], [-73.19181442699994, 43.60711364300005], [-73.19039975499999, 43.606877947000044], [-73.19050923099996, 43.60671619100003]]]]}}, {"type": "Feature", "properties": {"OBJECTID": 28770, "SPAN": "129-040-10856", "GLIST_SPAN": "129-040-10856", "MAPID": "25-20-52", "PARCID": "252000052.", "PROPTYPE": "PARCEL", "YEAR": 2023, "GLYEAR": 2022, "TOWN": "CASTLETON", "TNAME": "Castleton", "SOURCENAME": null, "SOURCETYPE": "UNKNOWN", "SOURCEDATE": "UNKNOWN", "EDITMETHOD": "UNKNOWN", "EDITOR": "UNKNOWN", "EDITDATE": "UNKNOWN", "MATCHSTAT": "MATCH", "EDITNOTE": "UNKNOWN", "OWNER1": "ROSARIO EMILIO I", "OWNER2": "", "ADDRGL1": "318 SAND HILL RD", "ADDRGL2": "", "CITYGL": "CASTLETON", "STGL": "VT", "ZIPGL": "05735", "DESCPROP": "HSE/GAR/LOT 3.09 ACRES (+2520052-1); SAN", "LOCAPROP": "", "CAT": "Residential-1", "RESCODE": "T", "ACRESGL": 3.09, "REAL_FLV": 167900, "HSTED_FLV": 167900, "NRES_FLV": 0, "LAND_LV": 61300, "IMPRV_LV": 106600, "EQUIPVAL": 0, "EQUIPCODE": "", "INVENVAL": 0, "HSDECL": "Y", "HSITEVAL": 164600, "VETEXAMT": 0, "EXPDESC": "", "ENDDATE": "", "STATUTE": "", "EXAMT_HS": 0, "EXAMT_NR": 0, "UVREDUC_HS": 0, "UVREDUC_NR": 0, "GLVAL_HS": 1679.0, "GLVAL_NR": 0.0, "CRHOUSPCT": 0.0, "MUNGL1PCT": 1679.0, "AOEGL_HS": 1679.0, "AOEGL_NR": 0.0, "E911ADDR": "318 SAND HILL RD", "SHAPE_Length": 0.005069029369543141, "SHAPE_Area": 1.3139590496843652e-06}, "geometry": {"type": "MultiPolygon", "coordinates": [[[[-73.19199388799996, 43.604680839000025], [-73.19206737199994, 43.60457136200006], [-73.19364074799995, 43.60514280600006], [-73.19354466699997, 43.60559817800004], [-73.19345010199999, 43.605855259000066], [-73.19256500299997, 43.605525975000035], [-73.19165599599995, 43.60518853800005], [-73.19168317599997, 43.60515230300007], [-73.19199388799996, 43.604680839000025]]]]}}, {"type": "Feature", "properties": {"OBJECTID": 28838, "SPAN": "129-040-10894", "GLIST_SPAN": "129-040-10894", "MAPID": "25-20-51", "PARCID": "252000051.", "PROPTYPE": "PARCEL", "YEAR": 2023, "GLYEAR": 2022, "TOWN": "CASTLETON", "TNAME": "Castleton", "SOURCENAME": null, "SOURCETYPE": "UNKNOWN", "SOURCEDATE": "UNKNOWN", "EDITMETHOD": "UNKNOWN", "EDITOR": "UNKNOWN", "EDITDATE": "UNKNOWN", "MATCHSTAT": "MATCH", "EDITNOTE": "UNKNOWN", "OWNER1": "GILLEN JOHN", "OWNER2": "GILLEN MARY", "ADDRGL1": "346 SAND HILL RD", "ADDRGL2": "", "CITYGL": "CASTLETON", "STGL": "VT", "ZIPGL": "05735", "DESCPROP": "HSE/GAR/1.33 ACRES; SAND HILL RD", "LOCAPROP": "", "CAT": "Residential-1", "RESCODE": "T", "ACRESGL": 1.33, "REAL_FLV": 167100, "HSTED_FLV": 167100, "NRES_FLV": 0, "LAND_LV": 56000, "IMPRV_LV": 111100, "EQUIPVAL": 0, "EQUIPCODE": "", "INVENVAL": 0, "HSDECL": "Y", "HSITEVAL": 167100, "VETEXAMT": 0, "EXPDESC": "", "ENDDATE": "", "STATUTE": "", "EXAMT_HS": 0, "EXAMT_NR": 0, "UVREDUC_HS": 0, "UVREDUC_NR": 0, "GLVAL_HS": 1671.0, "GLVAL_NR": 0.0, "CRHOUSPCT": 0.0, "MUNGL1PCT": 1671.0, "AOEGL_HS": 1671.0, "AOEGL_NR": 0.0, "E911ADDR": "346 SAND HILL RD", "SHAPE_Length": 0.003944465792244539, "SHAPE_Area": 5.793637222193424e-07}, "geometry": {"type": "MultiPolygon", "coordinates": [[[[-73.19206737199994, 43.60457136200006], [-73.19227425699995, 43.60426314100005], [-73.19371627099997, 43.604784866000045], [-73.19364074799995, 43.60514280600006], [-73.19206737199994, 43.60457136200006]]]]}}, {"type": "Feature", "properties": {"OBJECTID": 28954, "SPAN": "129-040-12044", "GLIST_SPAN": "129-040-12044", "MAPID": "25-20-48", "PARCID": "252000048.", "PROPTYPE": "PARCEL", "YEAR": 2023, "GLYEAR": 2022, "TOWN": "CASTLETON", "TNAME": "Castleton", "SOURCENAME": null, "SOURCETYPE": "UNKNOWN", "SOURCEDATE": "UNKNOWN", "EDITMETHOD": "UNKNOWN", "EDITOR": "UNKNOWN", "EDITDATE": "UNKNOWN", "MATCHSTAT": "MATCH", "EDITNOTE": "UNKNOWN", "OWNER1": "MILLER DAVID J", "OWNER2": "MILLER KAREN S", "ADDRGL1": "408 SAND HILL ROAD", "ADDRGL2": "", "CITYGL": "CASTLETON", "STGL": "VT", "ZIPGL": "05735", "DESCPROP": "HSE/GAR/LOT; SAND HILL RD", "LOCAPROP": "", "CAT": "Residential-1", "RESCODE": "T", "ACRESGL": 0.7, "REAL_FLV": 145200, "HSTED_FLV": 145200, "NRES_FLV": 0, "LAND_LV": 48400, "IMPRV_LV": 96800, "EQUIPVAL": 0, "EQUIPCODE": "", "INVENVAL": 0, "HSDECL": "Y", "HSITEVAL": 145200, "VETEXAMT": 0, "EXPDESC": "", "ENDDATE": "", "STATUTE": "", "EXAMT_HS": 0, "EXAMT_NR": 0, "UVREDUC_HS": 0, "UVREDUC_NR": 0, "GLVAL_HS": 1452.0, "GLVAL_NR": 0.0, "CRHOUSPCT": 0.0, "MUNGL1PCT": 1452.0, "AOEGL_HS": 1452.0, "AOEGL_NR": 0.0, "E911ADDR": "408 SAND HILL RD", "SHAPE_Length": 0.00339978296778892, "SHAPE_Area": 4.788785662318096e-07}, "geometry": {"type": "MultiPolygon", "coordinates": [[[[-73.19248112799994, 43.60395493600004], [-73.19268800499998, 43.60364672000003], [-73.19350690699997, 43.60395804800004], [-73.19377785799998, 43.604061055000045], [-73.19377348399996, 43.60451369900005], [-73.19328237499997, 43.60426167700007], [-73.19248112799994, 43.60395493600004]]]]}}, {"type": "Feature", "properties": {"OBJECTID": 28998, "SPAN": "129-040-12096", "GLIST_SPAN": "129-040-12096", "MAPID": "25-20-50", "PARCID": "252000050.", "PROPTYPE": "PARCEL", "YEAR": 2023, "GLYEAR": 2022, "TOWN": "CASTLETON", "TNAME": "Castleton", "SOURCENAME": null, "SOURCETYPE": "UNKNOWN", "SOURCEDATE": "UNKNOWN", "EDITMETHOD": "UNKNOWN", "EDITOR": "UNKNOWN", "EDITDATE": "UNKNOWN", "MATCHSTAT": "MATCH", "EDITNOTE": "UNKNOWN", "OWNER1": "THOMPSON DUNLEAVY DANIELLE", "OWNER2": "C/O FLEMING JOHN & WAITE STEPHANIE", "ADDRGL1": "372 SAND HILL ROAD", "ADDRGL2": "", "CITYGL": "CASTLETON", "STGL": "VT", "ZIPGL": "05735", "DESCPROP": "HSE/GAR/LOT; SAND HILL RD", "LOCAPROP": "", "CAT": "Residential-1", "RESCODE": "T", "ACRESGL": 0.6, "REAL_FLV": 130600, "HSTED_FLV": 130600, "NRES_FLV": 0, "LAND_LV": 46200, "IMPRV_LV": 84400, "EQUIPVAL": 0, "EQUIPCODE": "", "INVENVAL": 0, "HSDECL": "Y", "HSITEVAL": 130600, "VETEXAMT": 0, "EXPDESC": "", "ENDDATE": "", "STATUTE": "", "EXAMT_HS": 0, "EXAMT_NR": 0, "UVREDUC_HS": 0, "UVREDUC_NR": 0, "GLVAL_HS": 1306.0, "GLVAL_NR": 0.0, "CRHOUSPCT": 0.0, "MUNGL1PCT": 1306.0, "AOEGL_HS": 1306.0, "AOEGL_NR": 0.0, "E911ADDR": "372 SAND HILL RD", "SHAPE_Length": 0.0035917796038026817, "SHAPE_Area": 4.930335549848292e-07}, "geometry": {"type": "MultiPolygon", "coordinates": [[[[-73.19227425699995, 43.60426314100005], [-73.19248112799994, 43.60395493600004], [-73.19328237499997, 43.60426167700007], [-73.19377348399996, 43.60451369900005], [-73.19371627099997, 43.604784866000045], [-73.19227425699995, 43.60426314100005]]]]}}, {"type": "Feature", "properties": {"OBJECTID": 29100, "SPAN": "129-040-12208", "GLIST_SPAN": "129-040-12208", "MAPID": "25-20-31", "PARCID": "252000031.", "PROPTYPE": "PARCEL", "YEAR": 2023, "GLYEAR": 2022, "TOWN": "CASTLETON", "TNAME": "Castleton", "SOURCENAME": null, "SOURCETYPE": "UNKNOWN", "SOURCEDATE": "UNKNOWN", "EDITMETHOD": "UNKNOWN", "EDITOR": "UNKNOWN", "EDITDATE": "UNKNOWN", "MATCHSTAT": "MATCH", "EDITNOTE": "UNKNOWN", "OWNER1": "WOOD DONALD P", "OWNER2": "WOOD LINDA J", "ADDRGL1": "218 SAND HILL RD", "ADDRGL2": "", "CITYGL": "CASTLETON", "STGL": "VT", "ZIPGL": "05735", "DESCPROP": "HOUSE/LOT 2A 3A 4A 5A 4.21 ACRES; SA", "LOCAPROP": "", "CAT": "Residential-1", "RESCODE": "T", "ACRESGL": 4.21, "REAL_FLV": 220500, "HSTED_FLV": 220500, "NRES_FLV": 0, "LAND_LV": 57900, "IMPRV_LV": 162600, "EQUIPVAL": 0, "EQUIPCODE": "", "INVENVAL": 0, "HSDECL": "Y", "HSITEVAL": 218500, "VETEXAMT": 0, "EXPDESC": "", "ENDDATE": "", "STATUTE": "", "EXAMT_HS": 0, "EXAMT_NR": 0, "UVREDUC_HS": 0, "UVREDUC_NR": 0, "GLVAL_HS": 2205.0, "GLVAL_NR": 0.0, "CRHOUSPCT": 0.0, "MUNGL1PCT": 2205.0, "AOEGL_HS": 2205.0, "AOEGL_NR": 0.0, "E911ADDR": "218 SAND HILL RD", "SHAPE_Length": 0.006766579758279464, "SHAPE_Area": 1.7882017405106788e-06}, "geometry": {"type": "MultiPolygon", "coordinates": [[[[-73.19075234199994, 43.606392742000025], [-73.19092970099996, 43.60615676900005], [-73.19097844399994, 43.60609179100004], [-73.19157012899996, 43.606306], [-73.19178375599995, 43.60600059300003], [-73.19212162399998, 43.606122998000046], [-73.19256500299997, 43.605525975000035], [-73.19345010199999, 43.605855259000066], [-73.19324110999997, 43.60661464000003], [-73.19253506999996, 43.606733914000074], [-73.19222762499999, 43.60676027800008], [-73.19169643399994, 43.60670558400005], [-73.19075234199994, 43.606392742000025]]]]}}, {"type": "Feature", "properties": {"OBJECTID": 29292, "SPAN": "129-040-10356", "GLIST_SPAN": "129-040-10356", "MAPID": "25-20-30", "PARCID": "252000030.", "PROPTYPE": "PARCEL", "YEAR": 2023, "GLYEAR": 2022, "TOWN": "CASTLETON", "TNAME": "Castleton", "SOURCENAME": null, "SOURCETYPE": "UNKNOWN", "SOURCEDATE": "UNKNOWN", "EDITMETHOD": "UNKNOWN", "EDITOR": "UNKNOWN", "EDITDATE": "UNKNOWN", "MATCHSTAT": "MATCH", "EDITNOTE": "UNKNOWN", "OWNER1": "HAYES BONITA M", "OWNER2": "", "ADDRGL1": "230 SAND HILL ROAD", "ADDRGL2": "", "CITYGL": "CASTLETON", "STGL": "VT", "ZIPGL": "05735", "DESCPROP": "HSE/GAR/LOT; SAND HILL RD", "LOCAPROP": "", "CAT": "Residential-1", "RESCODE": "T", "ACRESGL": 0.5, "REAL_FLV": 180000, "HSTED_FLV": 180000, "NRES_FLV": 0, "LAND_LV": 44000, "IMPRV_LV": 136000, "EQUIPVAL": 0, "EQUIPCODE": "", "INVENVAL": 0, "HSDECL": "Y", "HSITEVAL": 180000, "VETEXAMT": 0, "EXPDESC": "", "ENDDATE": "", "STATUTE": "", "EXAMT_HS": 0, "EXAMT_NR": 0, "UVREDUC_HS": 0, "UVREDUC_NR": 0, "GLVAL_HS": 1800.0, "GLVAL_NR": 0.0, "CRHOUSPCT": 0.0, "MUNGL1PCT": 1800.0, "AOEGL_HS": 1800.0, "AOEGL_NR": 0.0, "E911ADDR": "230 SAND HILL RD", "SHAPE_Length": 0.001994687059940083, "SHAPE_Area": 2.241821754541617e-07}, "geometry": {"type": "MultiPolygon", "coordinates": [[[[-73.19097844399994, 43.60609179100004], [-73.19120432599993, 43.605790667000065], [-73.19178375599995, 43.60600059300003], [-73.19157012899996, 43.606306], [-73.19097844399994, 43.60609179100004]]]]}}, {"type": "Feature", "properties": {"OBJECTID": 29341, "SPAN": "129-040-11526", "GLIST_SPAN": "129-040-11526", "MAPID": "25-20-46", "PARCID": "252000046.", "PROPTYPE": "PARCEL", "YEAR": 2023, "GLYEAR": 2022, "TOWN": "CASTLETON", "TNAME": "Castleton", "SOURCENAME": null, "SOURCETYPE": "UNKNOWN", "SOURCEDATE": "UNKNOWN", "EDITMETHOD": "UNKNOWN", "EDITOR": "UNKNOWN", "EDITDATE": "UNKNOWN", "MATCHSTAT": "MATCH", "EDITNOTE": "UNKNOWN", "OWNER1": "HEFLIN JAMES A", "OWNER2": "HEFLIN REBECCA K", "ADDRGL1": "88 SUNCREST TERRACE", "ADDRGL2": "", "CITYGL": "CASTLETON", "STGL": "VT", "ZIPGL": "05735", "DESCPROP": "HSE/GAR/LOT; PINE TERRACE", "LOCAPROP": "", "CAT": "Residential-1", "RESCODE": "T", "ACRESGL": 0.72, "REAL_FLV": 165700, "HSTED_FLV": 0, "NRES_FLV": 165700, "LAND_LV": 46400, "IMPRV_LV": 119300, "EQUIPVAL": 0, "EQUIPCODE": "", "INVENVAL": 0, "HSDECL": "N", "HSITEVAL": 165700, "VETEXAMT": 0, "EXPDESC": "", "ENDDATE": "", "STATUTE": "", "EXAMT_HS": 0, "EXAMT_NR": 0, "UVREDUC_HS": 0, "UVREDUC_NR": 0, "GLVAL_HS": 0.0, "GLVAL_NR": 1657.0, "CRHOUSPCT": 0.0, "MUNGL1PCT": 1657.0, "AOEGL_HS": 0.0, "AOEGL_NR": 1657.0, "E911ADDR": "88 SUNCREST TERR", "SHAPE_Length": 0.0023271199020700913, "SHAPE_Area": 3.262874781278858e-07}, "geometry": {"type": "MultiPolygon", "coordinates": [[[[-73.19377785799998, 43.604061055000045], [-73.19377751099995, 43.603824099000065], [-73.19424939099997, 43.60383608700005], [-73.19425040399994, 43.60452451000003], [-73.19377348399996, 43.60451369900005], [-73.19377785799998, 43.604061055000045]]]]}}, {"type": "Feature", "properties": {"OBJECTID": 29368, "SPAN": "129-040-11541", "GLIST_SPAN": "129-040-11541", "MAPID": "25-20-32", "PARCID": "252000032.", "PROPTYPE": "PARCEL", "YEAR": 2023, "GLYEAR": 2022, "TOWN": "CASTLETON", "TNAME": "Castleton", "SOURCENAME": null, "SOURCETYPE": "UNKNOWN", "SOURCEDATE": "UNKNOWN", "EDITMETHOD": "UNKNOWN", "EDITOR": "UNKNOWN", "EDITDATE": "UNKNOWN", "MATCHSTAT": "MATCH", "EDITNOTE": "UNKNOWN", "OWNER1": "PICKETT WAYNE E", "OWNER2": "PICKETT SHERRI LYNN", "ADDRGL1": "264 SAND HILL RD", "ADDRGL2": "", "CITYGL": "CASTLETON", "STGL": "VT", "ZIPGL": "05735", "DESCPROP": "HSE/GAR/1.55 ACRES; SAND HILL RD", "LOCAPROP": "", "CAT": "Residential-1", "RESCODE": "T", "ACRESGL": 1.55, "REAL_FLV": 162100, "HSTED_FLV": 162100, "NRES_FLV": 0, "LAND_LV": 56700, "IMPRV_LV": 105400, "EQUIPVAL": 0, "EQUIPCODE": "", "INVENVAL": 0, "HSDECL": "Y", "HSITEVAL": 162100, "VETEXAMT": 0, "EXPDESC": "", "ENDDATE": "", "STATUTE": "", "EXAMT_HS": 0, "EXAMT_NR": 0, "UVREDUC_HS": 0, "UVREDUC_NR": 0, "GLVAL_HS": 1621.0, "GLVAL_NR": 0.0, "CRHOUSPCT": 0.0, "MUNGL1PCT": 1621.0, "AOEGL_HS": 1621.0, "AOEGL_NR": 0.0, "E911ADDR": "264 SAND HILL RD", "SHAPE_Length": 0.0034416195866328555, "SHAPE_Area": 6.973741923254628e-07}, "geometry": {"type": "MultiPolygon", "coordinates": [[[[-73.19120432599993, 43.605790667000065], [-73.19165599599995, 43.60518853800005], [-73.19256500299997, 43.605525975000035], [-73.19212162399998, 43.606122998000046], [-73.19178375599995, 43.60600059300003], [-73.19120432599993, 43.605790667000065]]]]}}, {"type": "Feature", "properties": {"OBJECTID": 29502, "SPAN": "129-040-10937", "GLIST_SPAN": "129-040-10937", "MAPID": "25-20-26", "PARCID": "252000026.", "PROPTYPE": "PARCEL", "YEAR": 2023, "GLYEAR": 2022, "TOWN": "CASTLETON", "TNAME": "Castleton", "SOURCENAME": null, "SOURCETYPE": "UNKNOWN", "SOURCEDATE": "UNKNOWN", "EDITMETHOD": "UNKNOWN", "EDITOR": "UNKNOWN", "EDITDATE": "UNKNOWN", "MATCHSTAT": "MATCH", "EDITNOTE": "UNKNOWN", "OWNER1": "GALVIN CHRISTINE T", "OWNER2": "", "ADDRGL1": "350 MAIN ST", "ADDRGL2": "", "CITYGL": "CASTLETON", "STGL": "VT", "ZIPGL": "05735", "DESCPROP": "HSE/6.39 ACRES; ROUTE 4A LOTS1&3", "LOCAPROP": "", "CAT": "Residential-2", "RESCODE": "T", "ACRESGL": 6.39, "REAL_FLV": 142300, "HSTED_FLV": 0, "NRES_FLV": 142300, "LAND_LV": 83700, "IMPRV_LV": 58600, "EQUIPVAL": 0, "EQUIPCODE": "", "INVENVAL": 0, "HSDECL": "N", "HSITEVAL": 134100, "VETEXAMT": 0, "EXPDESC": "", "ENDDATE": "", "STATUTE": "", "EXAMT_HS": 0, "EXAMT_NR": 0, "UVREDUC_HS": 0, "UVREDUC_NR": 0, "GLVAL_HS": 0.0, "GLVAL_NR": 1423.0, "CRHOUSPCT": 0.0, "MUNGL1PCT": 1423.0, "AOEGL_HS": 0.0, "AOEGL_NR": 1423.0, "E911ADDR": "1429 MAIN ST", "SHAPE_Length": 0.00948246167965541, "SHAPE_Area": 2.875361142046898e-06}, "geometry": {"type": "MultiPolygon", "coordinates": [[[[-73.19271444099996, 43.607446336000066], [-73.19253506999996, 43.606733914000074], [-73.19324110999997, 43.60661464000003], [-73.19345010199999, 43.605855259000066], [-73.19354466699997, 43.60559817800004], [-73.19491878199995, 43.60576465500003], [-73.19514136199996, 43.606596780000075], [-73.19443762099996, 43.60679562000007], [-73.19426872199995, 43.60684334100006], [-73.19439593299995, 43.60723869700007], [-73.19425627799995, 43.607280452000055], [-73.19414108699993, 43.60692813500003], [-73.19316882899994, 43.60722965800005], [-73.19343170199994, 43.60767556700006], [-73.19339136599996, 43.607687561000034], [-73.19288921399993, 43.607847486000026], [-73.19270143999995, 43.60790497100004], [-73.19258506599994, 43.607465871000045], [-73.19271444099996, 43.607446336000066]]]]}}, {"type": "Feature", "properties": {"OBJECTID": 29583, "SPAN": "129-040-10970", "GLIST_SPAN": "129-040-10970", "MAPID": "09-01-22.1", "PARCID": "090100022.1", "PROPTYPE": "PARCEL", "YEAR": 2023, "GLYEAR": 2022, "TOWN": "CASTLETON", "TNAME": "Castleton", "SOURCENAME": null, "SOURCETYPE": "UNKNOWN", "SOURCEDATE": "UNKNOWN", "EDITMETHOD": "UNKNOWN", "EDITOR": "UNKNOWN", "EDITDATE": "UNKNOWN", "MATCHSTAT": "MATCH", "EDITNOTE": "UNKNOWN", "OWNER1": "HADEKA WILLIAM & DALE", "OWNER2": "", "ADDRGL1": "1334 SOUTH ST", "ADDRGL2": "", "CITYGL": "CASTLETON", "STGL": "VT", "ZIPGL": "05735", "DESCPROP": "HSE/10.14 ACRES; SOUTH ST EXT", "LOCAPROP": "", "CAT": "Residential-2", "RESCODE": "T", "ACRESGL": 11.48, "REAL_FLV": 343000, "HSTED_FLV": 343000, "NRES_FLV": 0, "LAND_LV": 59000, "IMPRV_LV": 284000, "EQUIPVAL": 0, "EQUIPCODE": "", "INVENVAL": 0, "HSDECL": "Y", "HSITEVAL": 325800, "VETEXAMT": 0, "EXPDESC": "", "ENDDATE": "", "STATUTE": "", "EXAMT_HS": 0, "EXAMT_NR": 0, "UVREDUC_HS": 0, "UVREDUC_NR": 0, "GLVAL_HS": 3430.0, "GLVAL_NR": 0.0, "CRHOUSPCT": 0.0, "MUNGL1PCT": 3430.0, "AOEGL_HS": 3430.0, "AOEGL_NR": 0.0, "E911ADDR": "1334 SOUTH ST", "SHAPE_Length": 0.010177674526731545, "SHAPE_Area": 5.1892455068703856e-06}, "geometry": {"type": "MultiPolygon", "coordinates": [[[[-73.18626551899996, 43.59819361700005], [-73.18599525299999, 43.59581682600003], [-73.18586656899998, 43.59468315600003], [-73.18609014899994, 43.59466577000006], [-73.18644447199995, 43.594636524000066], [-73.18653760599994, 43.59462883600003], [-73.18719377199994, 43.59457761200008], [-73.18733423499998, 43.59581340500006], [-73.18793643199996, 43.59578386700008], [-73.18808952199998, 43.59713056800007], [-73.18626551899996, 43.59819361700005]]]]}}, {"type": "Feature", "properties": {"OBJECTID": 28222, "SPAN": "129-040-11280", "GLIST_SPAN": "129-040-11280", "MAPID": "25-21-56", "PARCID": "252100056.", "PROPTYPE": "PARCEL", "YEAR": 2023, "GLYEAR": 2022, "TOWN": "CASTLETON", "TNAME": "Castleton", "SOURCENAME": null, "SOURCETYPE": "UNKNOWN", "SOURCEDATE": "UNKNOWN", "EDITMETHOD": "UNKNOWN", "EDITOR": "UNKNOWN", "EDITDATE": "UNKNOWN", "MATCHSTAT": "MATCH", "EDITNOTE": "UNKNOWN", "OWNER1": "MACH MICHAEL", "OWNER2": "", "ADDRGL1": "1070 SOUTH STREET", "ADDRGL2": "", "CITYGL": "CASTLETON", "STGL": "VT", "ZIPGL": "05735", "DESCPROP": "HSE/REPAIR SHOP/LOT; SOUTH ST", "LOCAPROP": "", "CAT": "Residential-1", "RESCODE": "T", "ACRESGL": 0.66, "REAL_FLV": 114000, "HSTED_FLV": 114000, "NRES_FLV": 0, "LAND_LV": 32800, "IMPRV_LV": 81200, "EQUIPVAL": 0, "EQUIPCODE": "", "INVENVAL": 0, "HSDECL": "Y", "HSITEVAL": 114000, "VETEXAMT": 0, "EXPDESC": "", "ENDDATE": "", "STATUTE": "", "EXAMT_HS": 0, "EXAMT_NR": 0, "UVREDUC_HS": 0, "UVREDUC_NR": 0, "GLVAL_HS": 1140.0, "GLVAL_NR": 0.0, "CRHOUSPCT": 0.0, "MUNGL1PCT": 1140.0, "AOEGL_HS": 1140.0, "AOEGL_NR": 0.0, "E911ADDR": "1070 SOUTH ST", "SHAPE_Length": 0.0024947485820344594, "SHAPE_Area": 2.9933549210255873e-07}, "geometry": {"type": "MultiPolygon", "coordinates": [[[[-73.18166523199994, 43.596592067000074], [-73.18191888599995, 43.596389385000066], [-73.18252389299994, 43.59708509200004], [-73.18227120199998, 43.59728889200005], [-73.18166523199994, 43.596592067000074]]]]}}, {"type": "Feature", "properties": {"OBJECTID": 28258, "SPAN": "129-040-11323", "GLIST_SPAN": "129-040-11323", "MAPID": "25-21-55", "PARCID": "252100055.", "PROPTYPE": "PARCEL", "YEAR": 2023, "GLYEAR": 2022, "TOWN": "CASTLETON", "TNAME": "Castleton", "SOURCENAME": null, "SOURCETYPE": "UNKNOWN", "SOURCEDATE": "UNKNOWN", "EDITMETHOD": "UNKNOWN", "EDITOR": "UNKNOWN", "EDITDATE": "UNKNOWN", "MATCHSTAT": "MATCH", "EDITNOTE": "UNKNOWN", "OWNER1": "DUNCAN SCOTT H", "OWNER2": "DUNCAN ROBERT K", "ADDRGL1": "1038 SOUTH ST", "ADDRGL2": "", "CITYGL": "CASTLETON", "STGL": "VT", "ZIPGL": "05735", "DESCPROP": "HSE/APT/LAND", "LOCAPROP": "", "CAT": "Residential-1", "RESCODE": "T", "ACRESGL": 1.95, "REAL_FLV": 195800, "HSTED_FLV": 169200, "NRES_FLV": 26600, "LAND_LV": 37500, "IMPRV_LV": 158300, "EQUIPVAL": 0, "EQUIPCODE": "", "INVENVAL": 0, "HSDECL": "Y", "HSITEVAL": 169200, "VETEXAMT": 0, "EXPDESC": "", "ENDDATE": "", "STATUTE": "", "EXAMT_HS": 0, "EXAMT_NR": 0, "UVREDUC_HS": 0, "UVREDUC_NR": 0, "GLVAL_HS": 1692.0, "GLVAL_NR": 266.0, "CRHOUSPCT": 0.0, "MUNGL1PCT": 1958.0, "AOEGL_HS": 1692.0, "AOEGL_NR": 266.0, "E911ADDR": "1038 SOUTH ST", "SHAPE_Length": 0.004205339974742694, "SHAPE_Area": 8.781767699652932e-07}, "geometry": {"type": "MultiPolygon", "coordinates": [[[[-73.18149784899998, 43.596725812000045], [-73.18166523199994, 43.596592067000074], [-73.18227120199998, 43.59728889200005], [-73.18244466399995, 43.59767399900005], [-73.18224665099996, 43.59769477000003], [-73.18185259699999, 43.59762178100004], [-73.18153888899997, 43.59754445000004], [-73.18135397699996, 43.59743577200004], [-73.18078212499995, 43.597306193000065], [-73.18089971499995, 43.59721259500003], [-73.18149784899998, 43.596725812000045]]]]}}, {"type": "Feature", "properties": {"OBJECTID": 28313, "SPAN": "129-040-11382", "GLIST_SPAN": "129-040-11382", "MAPID": "25-21-60", "PARCID": "252100060.", "PROPTYPE": "PARCEL", "YEAR": 2023, "GLYEAR": 2022, "TOWN": "CASTLETON", "TNAME": "Castleton", "SOURCENAME": null, "SOURCETYPE": "UNKNOWN", "SOURCEDATE": "UNKNOWN", "EDITMETHOD": "UNKNOWN", "EDITOR": "UNKNOWN", "EDITDATE": "UNKNOWN", "MATCHSTAT": "MATCH", "EDITNOTE": "UNKNOWN", "OWNER1": "GAY RICHARD", "OWNER2": "GAY MELISSA", "ADDRGL1": "10 HIGH STREET", "ADDRGL2": "", "CITYGL": "FAIR HAVEN", "STGL": "VT", "ZIPGL": "05743", "DESCPROP": "OBS/4.20 ACRES; SOUTH ST", "LOCAPROP": "", "CAT": "Commercial", "RESCODE": "S", "ACRESGL": 4.2, "REAL_FLV": 64500, "HSTED_FLV": 0, "NRES_FLV": 64500, "LAND_LV": 45600, "IMPRV_LV": 18900, "EQUIPVAL": 0, "EQUIPCODE": "", "INVENVAL": 0, "HSDECL": "N", "HSITEVAL": 0, "VETEXAMT": 0, "EXPDESC": "", "ENDDATE": "", "STATUTE": "", "EXAMT_HS": 0, "EXAMT_NR": 0, "UVREDUC_HS": 0, "UVREDUC_NR": 0, "GLVAL_HS": 0.0, "GLVAL_NR": 645.0, "CRHOUSPCT": 0.0, "MUNGL1PCT": 645.0, "AOEGL_HS": 0.0, "AOEGL_NR": 645.0, "E911ADDR": "1050 SOUTH ST", "SHAPE_Length": 0.0070595339986013195, "SHAPE_Area": 1.730902566324844e-06}, "geometry": {"type": "MultiPolygon", "coordinates": [[[[-73.18227120199998, 43.59728889200005], [-73.18252389299994, 43.59708509200004], [-73.18300018899998, 43.597630656000035], [-73.18348424699997, 43.59818720200008], [-73.18444299799995, 43.599290591000056], [-73.18320973399995, 43.59894223100008], [-73.18229649599994, 43.598701266000035], [-73.18252563099998, 43.598558310000044], [-73.18254624099995, 43.598377869000046], [-73.18248272799997, 43.59789724700005], [-73.18244466399995, 43.59767399900005], [-73.18227120199998, 43.59728889200005]]]]}}, {"type": "Feature", "properties": {"OBJECTID": 28352, "SPAN": "129-040-11428", "GLIST_SPAN": "129-040-11428", "MAPID": "25-21-53", "PARCID": "252100053.", "PROPTYPE": "PARCEL", "YEAR": 2023, "GLYEAR": 2022, "TOWN": "CASTLETON", "TNAME": "Castleton", "SOURCENAME": null, "SOURCETYPE": "UNKNOWN", "SOURCEDATE": "UNKNOWN", "EDITMETHOD": "UNKNOWN", "EDITOR": "UNKNOWN", "EDITDATE": "UNKNOWN", "MATCHSTAT": "MATCH", "EDITNOTE": "UNKNOWN", "OWNER1": "CLEVELAND STEPHANIE A", "OWNER2": "", "ADDRGL1": "22 BEAM ROAD", "ADDRGL2": "", "CITYGL": "CASTLETON", "STGL": "VT", "ZIPGL": "05735", "DESCPROP": "HSE/GAR/LOT; SOUTH ST", "LOCAPROP": "", "CAT": "Residential-1", "RESCODE": "T", "ACRESGL": 0.46, "REAL_FLV": 129200, "HSTED_FLV": 129200, "NRES_FLV": 0, "LAND_LV": 35300, "IMPRV_LV": 93900, "EQUIPVAL": 0, "EQUIPCODE": "", "INVENVAL": 0, "HSDECL": "Y", "HSITEVAL": 129200, "VETEXAMT": 0, "EXPDESC": "", "ENDDATE": "", "STATUTE": "", "EXAMT_HS": 0, "EXAMT_NR": 0, "UVREDUC_HS": 0, "UVREDUC_NR": 0, "GLVAL_HS": 1292.0, "GLVAL_NR": 0.0, "CRHOUSPCT": 0.0, "MUNGL1PCT": 1292.0, "AOEGL_HS": 1292.0, "AOEGL_NR": 0.0, "E911ADDR": "22 BEAM RD", "SHAPE_Length": 0.0020811331114151035, "SHAPE_Area": 2.1720697641802512e-07}, "geometry": {"type": "MultiPolygon", "coordinates": [[[[-73.18015694299999, 43.59780381100006], [-73.18029440699996, 43.597694397000055], [-73.18089867799995, 43.597927999000035], [-73.18074048099999, 43.59819599700006], [-73.18002194799993, 43.597914881000065], [-73.18015694299999, 43.59780381100006]]]]}}, {"type": "Feature", "properties": {"OBJECTID": 28429, "SPAN": "129-040-10144", "GLIST_SPAN": "129-040-10144", "MAPID": "25-21-59", "PARCID": "252100059.", "PROPTYPE": "PARCEL", "YEAR": 2023, "GLYEAR": 2022, "TOWN": "CASTLETON", "TNAME": "Castleton", "SOURCENAME": null, "SOURCETYPE": "UNKNOWN", "SOURCEDATE": "UNKNOWN", "EDITMETHOD": "UNKNOWN", "EDITOR": "UNKNOWN", "EDITDATE": "UNKNOWN", "MATCHSTAT": "MATCH", "EDITNOTE": "UNKNOWN", "OWNER1": "BEAM GERALD F", "OWNER2": "", "ADDRGL1": "93 BEAM RD", "ADDRGL2": "", "CITYGL": "CASTLETON", "STGL": "VT", "ZIPGL": "05735", "DESCPROP": "HSE/GAR/1.78ACRES; SOUTH ST EXT", "LOCAPROP": "", "CAT": "Residential-1", "RESCODE": "T", "ACRESGL": 1.87, "REAL_FLV": 110600, "HSTED_FLV": 110600, "NRES_FLV": 0, "LAND_LV": 47600, "IMPRV_LV": 63000, "EQUIPVAL": 0, "EQUIPCODE": "", "INVENVAL": 0, "HSDECL": "Y", "HSITEVAL": 110600, "VETEXAMT": 0, "EXPDESC": "", "ENDDATE": "", "STATUTE": "", "EXAMT_HS": 0, "EXAMT_NR": 0, "UVREDUC_HS": 0, "UVREDUC_NR": 0, "GLVAL_HS": 1106.0, "GLVAL_NR": 0.0, "CRHOUSPCT": 0.0, "MUNGL1PCT": 1106.0, "AOEGL_HS": 1106.0, "AOEGL_NR": 0.0, "E911ADDR": "93 BEAM RD", "SHAPE_Length": 0.003737908531407447, "SHAPE_Area": 8.817062932783197e-07}, "geometry": {"type": "MultiPolygon", "coordinates": [[[[-73.18157592099993, 43.59803444000005], [-73.18185259699999, 43.59762178100004], [-73.18224665099996, 43.59769477000003], [-73.18244466399995, 43.59767399900005], [-73.18248272799997, 43.59789724700005], [-73.18254624099995, 43.598377869000046], [-73.18252563099998, 43.598558310000044], [-73.18229649599994, 43.598701266000035], [-73.18136970499995, 43.59845671700003], [-73.18153409699994, 43.59817363800005], [-73.18149319399998, 43.59815782600003], [-73.18157592099993, 43.59803444000005]]]]}}, {"type": "Feature", "properties": {"OBJECTID": 28809, "SPAN": "129-040-10287", "GLIST_SPAN": "129-040-10287", "MAPID": "25-21-52", "PARCID": "252100052.", "PROPTYPE": "PARCEL", "YEAR": 2023, "GLYEAR": 2022, "TOWN": "CASTLETON", "TNAME": "Castleton", "SOURCENAME": null, "SOURCETYPE": "UNKNOWN", "SOURCEDATE": "UNKNOWN", "EDITMETHOD": "UNKNOWN", "EDITOR": "UNKNOWN", "EDITDATE": "UNKNOWN", "MATCHSTAT": "MATCH", "EDITNOTE": "UNKNOWN", "OWNER1": "CASTLETON PROPERTIES LLC", "OWNER2": "", "ADDRGL1": "240 FARMSTEAD DRIVE", "ADDRGL2": "", "CITYGL": "SHELBURNE", "STGL": "VT", "ZIPGL": "05482", "DESCPROP": "3 APT BLDGS/1.6 ACRES; SOUTH ST", "LOCAPROP": "", "CAT": "Commercial Apt", "RESCODE": "C", "ACRESGL": 1.6, "REAL_FLV": 838000, "HSTED_FLV": 0, "NRES_FLV": 838000, "LAND_LV": 91800, "IMPRV_LV": 746200, "EQUIPVAL": 0, "EQUIPCODE": "", "INVENVAL": 0, "HSDECL": "N", "HSITEVAL": 0, "VETEXAMT": 0, "EXPDESC": "", "ENDDATE": "", "STATUTE": "", "EXAMT_HS": 0, "EXAMT_NR": 0, "UVREDUC_HS": 0, "UVREDUC_NR": 0, "GLVAL_HS": 0.0, "GLVAL_NR": 8380.0, "CRHOUSPCT": 0.0, "MUNGL1PCT": 8380.0, "AOEGL_HS": 0.0, "AOEGL_NR": 8380.0, "E911ADDR": "35 MEADOW LN", "SHAPE_Length": 0.004177147487642294, "SHAPE_Area": 8.581665337418137e-07}, "geometry": {"type": "MultiPolygon", "coordinates": [[[[-73.17968625499998, 43.598191076000035], [-73.18002194799993, 43.597914881000065], [-73.18074048099999, 43.59819599700006], [-73.18118834399996, 43.59838365400003], [-73.18105528499996, 43.59889735100006], [-73.18105218599999, 43.598909312000046], [-73.18099064599994, 43.598889651000036], [-73.17947831699996, 43.59838232900006], [-73.17968625499998, 43.598191076000035]]]]}}, {"type": "Feature", "properties": {"OBJECTID": 29528, "SPAN": "129-040-10466", "GLIST_SPAN": "129-040-10466", "MAPID": "25-21-57", "PARCID": "252100057.", "PROPTYPE": "PARCEL", "YEAR": 2023, "GLYEAR": 2022, "TOWN": "CASTLETON", "TNAME": "Castleton", "SOURCENAME": null, "SOURCETYPE": "UNKNOWN", "SOURCEDATE": "UNKNOWN", "EDITMETHOD": "UNKNOWN", "EDITOR": "UNKNOWN", "EDITDATE": "UNKNOWN", "MATCHSTAT": "MATCH", "EDITNOTE": "UNKNOWN", "OWNER1": "CHILDS SCOTT", "OWNER2": "CHILDS DAWN C", "ADDRGL1": "55  BEAM ROAD", "ADDRGL2": "", "CITYGL": "CASTLETON", "STGL": "VT", "ZIPGL": "05735", "DESCPROP": "MH/GAR/LOT; SOUTH ST", "LOCAPROP": "", "CAT": "Residential-1", "RESCODE": "T", "ACRESGL": 0.49, "REAL_FLV": 128200, "HSTED_FLV": 128200, "NRES_FLV": 0, "LAND_LV": 35800, "IMPRV_LV": 92400, "EQUIPVAL": 0, "EQUIPCODE": "", "INVENVAL": 0, "HSDECL": "Y", "HSITEVAL": 128200, "VETEXAMT": 0, "EXPDESC": "", "ENDDATE": "", "STATUTE": "", "EXAMT_HS": 0, "EXAMT_NR": 0, "UVREDUC_HS": 0, "UVREDUC_NR": 0, "GLVAL_HS": 1282.0, "GLVAL_NR": 0.0, "CRHOUSPCT": 0.0, "MUNGL1PCT": 1282.0, "AOEGL_HS": 1282.0, "AOEGL_NR": 0.0, "E911ADDR": "55 BEAM RD", "SHAPE_Length": 0.002208728887097508, "SHAPE_Area": 2.4841749324516914e-07}, "geometry": {"type": "MultiPolygon", "coordinates": [[[[-73.18154304399997, 43.597949967000034], [-73.18144476399993, 43.59789578700003], [-73.18130089299996, 43.59792812100005], [-73.18101025299995, 43.59781576600005], [-73.18135397699996, 43.59743577200004], [-73.18153888899997, 43.59754445000004], [-73.18185259699999, 43.59762178100004], [-73.18157592099993, 43.59803444000005], [-73.18154304399997, 43.597949967000034]]]]}}, {"type": "Feature", "properties": {"OBJECTID": 29579, "SPAN": "129-040-10968", "GLIST_SPAN": "129-040-10968", "MAPID": "09-01-21", "PARCID": "090100021.", "PROPTYPE": "PARCEL", "YEAR": 2023, "GLYEAR": 2022, "TOWN": "CASTLETON", "TNAME": "Castleton", "SOURCENAME": null, "SOURCETYPE": "UNKNOWN", "SOURCEDATE": "UNKNOWN", "EDITMETHOD": "UNKNOWN", "EDITOR": "UNKNOWN", "EDITDATE": "UNKNOWN", "MATCHSTAT": "MATCH", "EDITNOTE": "UNKNOWN", "OWNER1": "HADEKA GERALD", "OWNER2": "HADEKA MARY BETH", "ADDRGL1": "PO BOX 1506", "ADDRGL2": "", "CITYGL": "CASTLETON", "STGL": "VT", "ZIPGL": "05735", "DESCPROP": "HSE/OB/1.95 ACRES; SOUTH ST EXT REAR", "LOCAPROP": "", "CAT": "Residential-1", "RESCODE": "T", "ACRESGL": 1.95, "REAL_FLV": 343600, "HSTED_FLV": 343600, "NRES_FLV": 0, "LAND_LV": 42800, "IMPRV_LV": 300800, "EQUIPVAL": 0, "EQUIPCODE": "", "INVENVAL": 0, "HSDECL": "Y", "HSITEVAL": 343600, "VETEXAMT": 0, "EXPDESC": "", "ENDDATE": "", "STATUTE": "", "EXAMT_HS": 0, "EXAMT_NR": 0, "UVREDUC_HS": 0, "UVREDUC_NR": 0, "GLVAL_HS": 3436.0, "GLVAL_NR": 0.0, "CRHOUSPCT": 0.0, "MUNGL1PCT": 3436.0, "AOEGL_HS": 3436.0, "AOEGL_NR": 0.0, "E911ADDR": "1084 SOUTH ST", "SHAPE_Length": 0.0041306024195138565, "SHAPE_Area": 9.196871696814642e-07}, "geometry": {"type": "MultiPolygon", "coordinates": [[[[-73.18300018899998, 43.597630656000035], [-73.18444973299995, 43.59698706000006], [-73.18440774199996, 43.59778613300006], [-73.18348424699997, 43.59818720200008], [-73.18300018899998, 43.597630656000035]]]]}}, {"type": "Feature", "properties": {"OBJECTID": 29679, "SPAN": "129-040-11007", "GLIST_SPAN": "129-040-11007", "MAPID": "25-21-58", "PARCID": "252100058.", "PROPTYPE": "PARCEL", "YEAR": 2023, "GLYEAR": 2022, "TOWN": "CASTLETON", "TNAME": "Castleton", "SOURCENAME": null, "SOURCETYPE": "UNKNOWN", "SOURCEDATE": "UNKNOWN", "EDITMETHOD": "UNKNOWN", "EDITOR": "UNKNOWN", "EDITDATE": "UNKNOWN", "MATCHSTAT": "MATCH", "EDITNOTE": "UNKNOWN", "OWNER1": "HARVEY RAYMOND J", "OWNER2": "", "ADDRGL1": "PO BOX 218", "ADDRGL2": "", "CITYGL": "CASTLETON", "STGL": "VT", "ZIPGL": "05735", "DESCPROP": "HSE/GAR/LOT", "LOCAPROP": "", "CAT": "Residential-1", "RESCODE": "T", "ACRESGL": 0.46, "REAL_FLV": 129000, "HSTED_FLV": 129000, "NRES_FLV": 0, "LAND_LV": 35300, "IMPRV_LV": 93700, "EQUIPVAL": 0, "EQUIPCODE": "", "INVENVAL": 0, "HSDECL": "Y", "HSITEVAL": 129000, "VETEXAMT": 0, "EXPDESC": "", "ENDDATE": "", "STATUTE": "", "EXAMT_HS": 0, "EXAMT_NR": 0, "UVREDUC_HS": 0, "UVREDUC_NR": 0, "GLVAL_HS": 1290.0, "GLVAL_NR": 0.0, "CRHOUSPCT": 0.0, "MUNGL1PCT": 1290.0, "AOEGL_HS": 1290.0, "AOEGL_NR": 0.0, "E911ADDR": "46 BEAM RD", "SHAPE_Length": 0.00200091621499876, "SHAPE_Area": 2.1572103849644589e-07}, "geometry": {"type": "MultiPolygon", "coordinates": [[[[-73.18074048099999, 43.59819599700006], [-73.18089867799995, 43.597927999000035], [-73.18149319399998, 43.59815782600003], [-73.18153409699994, 43.59817363800005], [-73.18136970499995, 43.59845671700003], [-73.18118834399996, 43.59838365400003], [-73.18074048099999, 43.59819599700006]]]]}}, {"type": "Feature", "properties": {"OBJECTID": 29981, "SPAN": "129-040-11904", "GLIST_SPAN": "129-040-11904", "MAPID": "25-21-54", "PARCID": "252100054.", "PROPTYPE": "PARCEL", "YEAR": 2023, "GLYEAR": 2022, "TOWN": "CASTLETON", "TNAME": "Castleton", "SOURCENAME": null, "SOURCETYPE": "UNKNOWN", "SOURCEDATE": "UNKNOWN", "EDITMETHOD": "UNKNOWN", "EDITOR": "UNKNOWN", "EDITDATE": "UNKNOWN", "MATCHSTAT": "MATCH", "EDITNOTE": "UNKNOWN", "OWNER1": "HOFMANN REVOCABLE TRUST JEANNE E", "OWNER2": "C/O HOFMANN JEANNE E", "ADDRGL1": "27 BEAM RD", "ADDRGL2": "", "CITYGL": "CASTLETON", "STGL": "VT", "ZIPGL": "05735", "DESCPROP": "MH/OB/LOT; BEAM RD", "LOCAPROP": "", "CAT": "Residential-1", "RESCODE": "T", "ACRESGL": 0.54, "REAL_FLV": 148000, "HSTED_FLV": 148000, "NRES_FLV": 0, "LAND_LV": 32600, "IMPRV_LV": 115400, "EQUIPVAL": 0, "EQUIPCODE": "", "INVENVAL": 0, "HSDECL": "Y", "HSITEVAL": 148000, "VETEXAMT": 0, "EXPDESC": "", "ENDDATE": "", "STATUTE": "", "EXAMT_HS": 0, "EXAMT_NR": 0, "UVREDUC_HS": 0, "UVREDUC_NR": 0, "GLVAL_HS": 1480.0, "GLVAL_NR": 0.0, "CRHOUSPCT": 0.0, "MUNGL1PCT": 1480.0, "AOEGL_HS": 1480.0, "AOEGL_NR": 0.0, "E911ADDR": "27 BEAM RD", "SHAPE_Length": 0.002180785388175976, "SHAPE_Area": 2.5406070742254615e-07}, "geometry": {"type": "MultiPolygon", "coordinates": [[[[-73.18042579099995, 43.59758982100004], [-73.18078212499995, 43.597306193000065], [-73.18135397699996, 43.59743577200004], [-73.18101025299995, 43.59781576600005], [-73.18042579099995, 43.59758982100004]]]]}}, {"type": "Feature", "properties": {"OBJECTID": 184809, "SPAN": null, "GLIST_SPAN": null, "MAPID": null, "PARCID": null, "PROPTYPE": "ROW_ROAD", "YEAR": 2023, "GLYEAR": null, "TOWN": "CASTLETON", "TNAME": null, "SOURCENAME": null, "SOURCETYPE": "UNKNOWN", "SOURCEDATE": "UNKNOWN", "EDITMETHOD": "UNKNOWN", "EDITOR": "UNKNOWN", "EDITDATE": "UNKNOWN", "MATCHSTAT": "EXEMPT", "EDITNOTE": "UNKNOWN", "OWNER1": null, "OWNER2": null, "ADDRGL1": null, "ADDRGL2": null, "CITYGL": null, "STGL": null, "ZIPGL": null, "DESCPROP": null, "LOCAPROP": null, "CAT": null, "RESCODE": null, "ACRESGL": null, "REAL_FLV": null, "HSTED_FLV": null, "NRES_FLV": null, "LAND_LV": null, "IMPRV_LV": null, "EQUIPVAL": null, "EQUIPCODE": null, "INVENVAL": null, "HSDECL": null, "HSITEVAL": null, "VETEXAMT": null, "EXPDESC": null, "ENDDATE": null, "STATUTE": null, "EXAMT_HS": null, "EXAMT_NR": null, "UVREDUC_HS": null, "UVREDUC_NR": null, "GLVAL_HS": null, "GLVAL_NR": null, "CRHOUSPCT": null, "MUNGL1PCT": null, "AOEGL_HS": null, "AOEGL_NR": null, "E911ADDR": null, "SHAPE_Length": 0.0028902671824921067, "SHAPE_Area": 1.9782602692995104e-07}, "geometry": {"type": "MultiPolygon", "coordinates": [[[[-73.18149319399998, 43.59815782600003], [-73.18089867799995, 43.597927999000035], [-73.18029440699996, 43.597694397000055], [-73.18042579099995, 43.59758982100004], [-73.18101025299995, 43.59781576600005], [-73.18130089299996, 43.59792812100005], [-73.18144476399993, 43.59789578700003], [-73.18154304399997, 43.597949967000034], [-73.18157592099993, 43.59803444000005], [-73.18149319399998, 43.59815782600003]]]]}}, {"type": "Feature", "properties": {"OBJECTID": 29212, "SPAN": "129-040-12326", "GLIST_SPAN": "129-040-12326", "MAPID": "09-01-23", "PARCID": "090100023.", "PROPTYPE": "PARCEL", "YEAR": 2023, "GLYEAR": 2022, "TOWN": "CASTLETON", "TNAME": "Castleton", "SOURCENAME": null, "SOURCETYPE": "UNKNOWN", "SOURCEDATE": "UNKNOWN", "EDITMETHOD": "UNKNOWN", "EDITOR": "UNKNOWN", "EDITDATE": "UNKNOWN", "MATCHSTAT": "MATCH", "EDITNOTE": "UNKNOWN", "OWNER1": "VERMONT STATE COLLEGES SCOTT DIKEMAN", "OWNER2": "", "ADDRGL1": "62 ALUMNI LANE", "ADDRGL2": "", "CITYGL": "CASTLETON", "STGL": "VT", "ZIPGL": "05735", "DESCPROP": "VACANT LOT 34.42 ACRES; SOUTH ST EXT - R", "LOCAPROP": "", "CAT": "Miscellaneous", "RESCODE": "C", "ACRESGL": 34.42, "REAL_FLV": 41500, "HSTED_FLV": 0, "NRES_FLV": 41500, "LAND_LV": 41500, "IMPRV_LV": 0, "EQUIPVAL": 0, "EQUIPCODE": "", "INVENVAL": 0, "HSDECL": "N", "HSITEVAL": 0, "VETEXAMT": 0, "EXPDESC": "", "ENDDATE": "", "STATUTE": "", "EXAMT_HS": 0, "EXAMT_NR": 0, "UVREDUC_HS": 0, "UVREDUC_NR": 0, "GLVAL_HS": 0.0, "GLVAL_NR": 0.0, "CRHOUSPCT": 0.0, "MUNGL1PCT": 0.0, "AOEGL_HS": 0.0, "AOEGL_NR": 0.0, "E911ADDR": "SAND HILL RD", "SHAPE_Length": 0.020720352693101792, "SHAPE_Area": 1.4891671842534053e-05}, "geometry": {"type": "MultiPolygon", "coordinates": [[[[-73.19045766699998, 43.59798240500004], [-73.19186898999999, 43.59784962100008], [-73.19223081299998, 43.59982385100005], [-73.18308567799994, 43.600672176000046], [-73.18312657699994, 43.600625871000034], [-73.18356909799996, 43.600204887000075], [-73.18396326899995, 43.59988065400006], [-73.18481707499996, 43.59927924900006], [-73.18613492499998, 43.59850310600007], [-73.18774994399996, 43.59828660800008], [-73.18868912799996, 43.598160696000036], [-73.18953838499993, 43.59807779000005], [-73.19045766699998, 43.59798240500004]]]]}}, {"type": "Feature", "properties": {"OBJECTID": 184872, "SPAN": null, "GLIST_SPAN": null, "MAPID": null, "PARCID": null, "PROPTYPE": "ROW_RAIL", "YEAR": 2023, "GLYEAR": null, "TOWN": "CASTLETON", "TNAME": null, "SOURCENAME": null, "SOURCETYPE": "UNKNOWN", "SOURCEDATE": "UNKNOWN", "EDITMETHOD": "UNKNOWN", "EDITOR": "UNKNOWN", "EDITDATE": "UNKNOWN", "MATCHSTAT": "EXEMPT", "EDITNOTE": "UNKNOWN", "OWNER1": null, "OWNER2": null, "ADDRGL1": null, "ADDRGL2": null, "CITYGL": null, "STGL": null, "ZIPGL": null, "DESCPROP": null, "LOCAPROP": null, "CAT": null, "RESCODE": null, "ACRESGL": null, "REAL_FLV": null, "HSTED_FLV": null, "NRES_FLV": null, "LAND_LV": null, "IMPRV_LV": null, "EQUIPVAL": null, "EQUIPCODE": null, "INVENVAL": null, "HSDECL": null, "HSITEVAL": null, "VETEXAMT": null, "EXPDESC": null, "ENDDATE": null, "STATUTE": null, "EXAMT_HS": null, "EXAMT_NR": null, "UVREDUC_HS": null, "UVREDUC_NR": null, "GLVAL_HS": null, "GLVAL_NR": null, "CRHOUSPCT": null, "MUNGL1PCT": null, "AOEGL_HS": null, "AOEGL_NR": null, "E911ADDR": null, "SHAPE_Length": 0.04671330280679094, "SHAPE_Area": 4.819862097179328e-06}, "geometry": {"type": "MultiPolygon", "coordinates": [[[[-73.19672139299996, 43.59209986700006], [-73.19734075499997, 43.59174288100007], [-73.19765594499995, 43.591792293000026], [-73.19687692199994, 43.59224130700005], [-73.19400173199995, 43.593924515000026], [-73.19368095899995, 43.59411229300008], [-73.19200425699995, 43.59509085900004], [-73.19088639699999, 43.59574324000005], [-73.18828720899995, 43.59724744400006], [-73.18613492499998, 43.59850310600007], [-73.18481707499996, 43.59927924900006], [-73.18396326899995, 43.59988065400006], [-73.18356909799996, 43.600204887000075], [-73.18312657699994, 43.600625871000034], [-73.18308567799994, 43.600672176000046], [-73.18290751799998, 43.60087387800007], [-73.18280651199996, 43.60098823200008], [-73.18233362299998, 43.60154861500007], [-73.18196191399994, 43.60211645800007], [-73.18178672199997, 43.602384087000075], [-73.18133287799998, 43.60315156300004], [-73.18030011199994, 43.60482360300006], [-73.17998670699996, 43.60536565800004], [-73.17972777199998, 43.60579047600004], [-73.17966948399999, 43.60543908200003], [-73.17975698999999, 43.60529552300005], [-73.18007156299996, 43.60475145300006], [-73.18031639199995, 43.604355088000034], [-73.18092289699996, 43.60337316700003], [-73.18110474999997, 43.603078743000026], [-73.18112565499996, 43.603043392000075], [-73.18155968499997, 43.60230942700008], [-73.18179772599996, 43.60194578900007], [-73.18191789399998, 43.601762217000044], [-73.18211431399999, 43.601462154000046], [-73.18259545799998, 43.60089199000004], [-73.18292240799997, 43.60052183700003], [-73.18307699699994, 43.600374773000055], [-73.18325557499998, 43.60020488600003], [-73.18337650199999, 43.600089843000035], [-73.18378294299998, 43.59975551800005], [-73.18429387299994, 43.59939563300003], [-73.18444299799995, 43.599290591000056], [-73.18465161999995, 43.59914364000008], [-73.18618765199994, 43.59823899700007], [-73.18626551899996, 43.59819361700005], [-73.18808952199998, 43.59713056800007], [-73.18813168199995, 43.59710599600004], [-73.18996258299995, 43.59604643000006], [-73.19073080999993, 43.59560182800004], [-73.19086704999995, 43.59552232000004], [-73.19352483399996, 43.593971199000066], [-73.19368539299995, 43.59387720900003], [-73.19672139299996, 43.59209986700006]]]]}}, {"type": "Feature", "properties": {"OBJECTID": 28299, "SPAN": "129-040-11367", "GLIST_SPAN": "129-040-11367", "MAPID": "25-21-46", "PARCID": "252100046.", "PROPTYPE": "PARCEL", "YEAR": 2023, "GLYEAR": 2022, "TOWN": "CASTLETON", "TNAME": "Castleton", "SOURCENAME": null, "SOURCETYPE": "UNKNOWN", "SOURCEDATE": "UNKNOWN", "EDITMETHOD": "UNKNOWN", "EDITOR": "UNKNOWN", "EDITDATE": "UNKNOWN", "MATCHSTAT": "MATCH", "EDITNOTE": "UNKNOWN", "OWNER1": "LOBDELL SCOTT O", "OWNER2": "HODSDEN HEATHER", "ADDRGL1": "118 MEADOW LN", "ADDRGL2": "", "CITYGL": "CASTLETON", "STGL": "VT", "ZIPGL": "05735", "DESCPROP": "HSE/2 ACRES; SOUTH ST", "LOCAPROP": "", "CAT": "Residential-1", "RESCODE": "T", "ACRESGL": 1.52, "REAL_FLV": 133800, "HSTED_FLV": 133800, "NRES_FLV": 0, "LAND_LV": 46400, "IMPRV_LV": 87400, "EQUIPVAL": 0, "EQUIPCODE": "", "INVENVAL": 0, "HSDECL": "Y", "HSITEVAL": 133800, "VETEXAMT": 0, "EXPDESC": "", "ENDDATE": "", "STATUTE": "", "EXAMT_HS": 0, "EXAMT_NR": 0, "UVREDUC_HS": 0, "UVREDUC_NR": 0, "GLVAL_HS": 1338.0, "GLVAL_NR": 0.0, "CRHOUSPCT": 0.0, "MUNGL1PCT": 1338.0, "AOEGL_HS": 1338.0, "AOEGL_NR": 0.0, "E911ADDR": "118 MEADOW LN", "SHAPE_Length": 0.0038234253903820965, "SHAPE_Area": 6.809325901026883e-07}, "geometry": {"type": "MultiPolygon", "coordinates": [[[[-73.18158830499993, 43.600460988000066], [-73.18121852699994, 43.59914365700007], [-73.18124713199995, 43.59915267400004], [-73.18146319999994, 43.599220786000046], [-73.18146231999998, 43.59919314700005], [-73.18171346899999, 43.599272599000074], [-73.18221663399999, 43.60044753900007], [-73.18209172199994, 43.600459973000056], [-73.18196607399994, 43.60046754900003], [-73.18184004999995, 43.60047024700003], [-73.18171400799997, 43.60046805700006], [-73.18158830499993, 43.600460988000066]]]]}}, {"type": "Feature", "properties": {"OBJECTID": 28310, "SPAN": "129-040-11379", "GLIST_SPAN": "129-040-11379", "MAPID": "25-21-48", "PARCID": "252100048.", "PROPTYPE": "PARCEL", "YEAR": 2023, "GLYEAR": 2022, "TOWN": "CASTLETON", "TNAME": "Castleton", "SOURCENAME": null, "SOURCETYPE": "UNKNOWN", "SOURCEDATE": "UNKNOWN", "EDITMETHOD": "UNKNOWN", "EDITOR": "UNKNOWN", "EDITDATE": "UNKNOWN", "MATCHSTAT": "MATCH", "EDITNOTE": "UNKNOWN", "OWNER1": "LORD JOAN", "OWNER2": "", "ADDRGL1": "68 MEADOW LN", "ADDRGL2": "", "CITYGL": "CASTLETON", "STGL": "VT", "ZIPGL": "05735", "DESCPROP": "HSE/GAR/POOL/2 ACRES; SOUTH ST EXT", "LOCAPROP": "", "CAT": "Residential-1", "RESCODE": "T", "ACRESGL": 2.0, "REAL_FLV": 156200, "HSTED_FLV": 156200, "NRES_FLV": 0, "LAND_LV": 48000, "IMPRV_LV": 108200, "EQUIPVAL": 0, "EQUIPCODE": "", "INVENVAL": 0, "HSDECL": "Y", "HSITEVAL": 156200, "VETEXAMT": 0, "EXPDESC": "", "ENDDATE": "", "STATUTE": "", "EXAMT_HS": 0, "EXAMT_NR": 0, "UVREDUC_HS": 0, "UVREDUC_NR": 0, "GLVAL_HS": 1562.0, "GLVAL_NR": 0.0, "CRHOUSPCT": 0.0, "MUNGL1PCT": 1562.0, "AOEGL_HS": 1562.0, "AOEGL_NR": 0.0, "E911ADDR": "68 MEADOW LN", "SHAPE_Length": 0.0040764395380053975, "SHAPE_Area": 8.507201208459814e-07}, "geometry": {"type": "MultiPolygon", "coordinates": [[[[-73.18017816699995, 43.60019286000005], [-73.18030104999997, 43.59880141200006], [-73.18076756099998, 43.59896692700005], [-73.18093863899998, 43.60036199600006], [-73.18017816699995, 43.60019286000005]]]]}}, {"type": "Feature", "properties": {"OBJECTID": 28461, "SPAN": "129-040-10627", "GLIST_SPAN": "129-040-10627", "MAPID": "25-21-45", "PARCID": "252100045.", "PROPTYPE": "PARCEL", "YEAR": 2023, "GLYEAR": 2022, "TOWN": "CASTLETON", "TNAME": "Castleton", "SOURCENAME": null, "SOURCETYPE": "UNKNOWN", "SOURCEDATE": "UNKNOWN", "EDITMETHOD": "UNKNOWN", "EDITOR": "UNKNOWN", "EDITDATE": "UNKNOWN", "MATCHSTAT": "MATCH", "EDITNOTE": "UNKNOWN", "OWNER1": "DENSMORE JOHN J", "OWNER2": "DENSMORE MONIQUE M", "ADDRGL1": "105 MEADOW LN", "ADDRGL2": "", "CITYGL": "CASTLETON", "STGL": "VT", "ZIPGL": "05735", "DESCPROP": "HSE/2 ACRES; SOUTH ST", "LOCAPROP": "", "CAT": "Residential-1", "RESCODE": "T", "ACRESGL": 2.0, "REAL_FLV": 130500, "HSTED_FLV": 130500, "NRES_FLV": 0, "LAND_LV": 47700, "IMPRV_LV": 82800, "EQUIPVAL": 0, "EQUIPCODE": "", "INVENVAL": 0, "HSDECL": "Y", "HSITEVAL": 130500, "VETEXAMT": 0, "EXPDESC": "", "ENDDATE": "", "STATUTE": "", "EXAMT_HS": 0, "EXAMT_NR": 0, "UVREDUC_HS": 0, "UVREDUC_NR": 0, "GLVAL_HS": 1305.0, "GLVAL_NR": 0.0, "CRHOUSPCT": 0.0, "MUNGL1PCT": 1305.0, "AOEGL_HS": 1305.0, "AOEGL_NR": 0.0, "E911ADDR": "105 MEADOW LN", "SHAPE_Length": 0.004952890358926252, "SHAPE_Area": 8.935864523893919e-07}, "geometry": {"type": "MultiPolygon", "coordinates": [[[[-73.18145651399993, 43.59901071100006], [-73.18120985599995, 43.59893180600005], [-73.18121017199996, 43.59895978700007], [-73.18105218599999, 43.598909312000046], [-73.18105528499996, 43.59889735100006], [-73.18118834399996, 43.59838365400003], [-73.18136970499995, 43.59845671700003], [-73.18229649599994, 43.598701266000035], [-73.18320973399995, 43.59894223100008], [-73.18216639499997, 43.59924398600003], [-73.18213185999997, 43.59925423100003], [-73.18145742299998, 43.59903924900004], [-73.18145714899998, 43.59903064900004], [-73.18145651399993, 43.59901071100006]]]]}}, {"type": "Feature", "properties": {"OBJECTID": 28719, "SPAN": "129-040-10828", "GLIST_SPAN": "129-040-10828", "MAPID": "25-21-43", "PARCID": "252100043.", "PROPTYPE": "PARCEL", "YEAR": 2023, "GLYEAR": 2022, "TOWN": "CASTLETON", "TNAME": "Castleton", "SOURCENAME": null, "SOURCETYPE": "UNKNOWN", "SOURCEDATE": "UNKNOWN", "EDITMETHOD": "UNKNOWN", "EDITOR": "UNKNOWN", "EDITDATE": "UNKNOWN", "MATCHSTAT": "MATCH", "EDITNOTE": "UNKNOWN", "OWNER1": "FOWLER KERRY W", "OWNER2": "", "ADDRGL1": "PO BOX 184", "ADDRGL2": "", "CITYGL": "CASTLETON", "STGL": "VT", "ZIPGL": "05735", "DESCPROP": "HSE/GAR/LAND", "LOCAPROP": "", "CAT": "Residential-1", "RESCODE": "T", "ACRESGL": 4.23, "REAL_FLV": 156900, "HSTED_FLV": 156900, "NRES_FLV": 0, "LAND_LV": 42800, "IMPRV_LV": 114100, "EQUIPVAL": 0, "EQUIPCODE": "", "INVENVAL": 0, "HSDECL": "Y", "HSITEVAL": 151500, "VETEXAMT": 0, "EXPDESC": "", "ENDDATE": "", "STATUTE": "", "EXAMT_HS": 0, "EXAMT_NR": 0, "UVREDUC_HS": 0, "UVREDUC_NR": 0, "GLVAL_HS": 1569.0, "GLVAL_NR": 0.0, "CRHOUSPCT": 0.0, "MUNGL1PCT": 1569.0, "AOEGL_HS": 1569.0, "AOEGL_NR": 0.0, "E911ADDR": "151 MEADOW LN", "SHAPE_Length": 0.006342508240135239, "SHAPE_Area": 1.980286984150733e-06}, "geometry": {"type": "MultiPolygon", "coordinates": [[[[-73.18171346899999, 43.599272599000074], [-73.18173034999995, 43.599277939000046], [-73.18207097399994, 43.59938569500008], [-73.18321054999996, 43.59908962700007], [-73.18429387299994, 43.59939563300003], [-73.18378294299998, 43.59975551800005], [-73.18337650199999, 43.600089843000035], [-73.18325557499998, 43.60020488600003], [-73.18265515199994, 43.60036561800007], [-73.18256838399998, 43.600387848000025], [-73.18248034499999, 43.60040725500005], [-73.18234939199994, 43.60043051700006], [-73.18221663399999, 43.60044753900007], [-73.18171346899999, 43.599272599000074]]]]}}, {"type": "Feature", "properties": {"OBJECTID": 28863, "SPAN": "129-040-11949", "GLIST_SPAN": "129-040-11949", "MAPID": "25-21-38", "PARCID": "252100038.", "PROPTYPE": "PARCEL", "YEAR": 2023, "GLYEAR": 2022, "TOWN": "CASTLETON", "TNAME": "Castleton", "SOURCENAME": null, "SOURCETYPE": "UNKNOWN", "SOURCEDATE": "UNKNOWN", "EDITMETHOD": "UNKNOWN", "EDITOR": "UNKNOWN", "EDITDATE": "UNKNOWN", "MATCHSTAT": "MATCH", "EDITNOTE": "UNKNOWN", "OWNER1": "ROBINSON MICHAEL", "OWNER2": "ROBINSON CYNTHIA", "ADDRGL1": "2383 FERRY RD", "ADDRGL2": "", "CITYGL": "CHARLOTTE", "STGL": "VT", "ZIPGL": "05445", "DESCPROP": "HSE/GRNHSE/OB/LOT; SOUTH ST", "LOCAPROP": "", "CAT": "Residential-1", "RESCODE": "T", "ACRESGL": 0.19, "REAL_FLV": 178700, "HSTED_FLV": 0, "NRES_FLV": 178700, "LAND_LV": 25700, "IMPRV_LV": 153000, "EQUIPVAL": 0, "EQUIPCODE": "", "INVENVAL": 0, "HSDECL": "N", "HSITEVAL": 178700, "VETEXAMT": 0, "EXPDESC": "", "ENDDATE": "", "STATUTE": "", "EXAMT_HS": 0, "EXAMT_NR": 0, "UVREDUC_HS": 0, "UVREDUC_NR": 0, "GLVAL_HS": 0.0, "GLVAL_NR": 1787.0, "CRHOUSPCT": 0.0, "MUNGL1PCT": 1787.0, "AOEGL_HS": 0.0, "AOEGL_NR": 1787.0, "E911ADDR": "698 SOUTH ST", "SHAPE_Length": 0.001216299235463967, "SHAPE_Area": 8.810603884419222e-08}, "geometry": {"type": "MultiPolygon", "coordinates": [[[[-73.17878897699995, 43.601017452000065], [-73.17879455899998, 43.60089211500008], [-73.17916411599998, 43.60090450600006], [-73.17919316199993, 43.60109466400007], [-73.17881300699997, 43.60115863200008], [-73.17878897699995, 43.601017452000065]]]]}}, {"type": "Feature", "properties": {"OBJECTID": 29214, "SPAN": "129-040-12328", "GLIST_SPAN": "129-040-12328", "MAPID": "25-21-44", "PARCID": "252100044.", "PROPTYPE": "PARCEL", "YEAR": 2023, "GLYEAR": 2022, "TOWN": "CASTLETON", "TNAME": "Castleton", "SOURCENAME": null, "SOURCETYPE": "UNKNOWN", "SOURCEDATE": "UNKNOWN", "EDITMETHOD": "UNKNOWN", "EDITOR": "UNKNOWN", "EDITDATE": "UNKNOWN", "MATCHSTAT": "MATCH", "EDITNOTE": "UNKNOWN", "OWNER1": "VERMONT STATE COLLEGES SCOTT DIKEMAN", "OWNER2": "", "ADDRGL1": "62 ALUMNI LANE", "ADDRGL2": "", "CITYGL": "CASTLETON", "STGL": "VT", "ZIPGL": "05735", "DESCPROP": "VACANT LOT; PASSWAY - SOUTH ST EXT", "LOCAPROP": "", "CAT": "Miscellaneous", "RESCODE": "C", "ACRESGL": 0.85, "REAL_FLV": 2100, "HSTED_FLV": 0, "NRES_FLV": 2100, "LAND_LV": 2100, "IMPRV_LV": 0, "EQUIPVAL": 0, "EQUIPCODE": "", "INVENVAL": 0, "HSDECL": "N", "HSITEVAL": 0, "VETEXAMT": 0, "EXPDESC": "", "ENDDATE": "", "STATUTE": "", "EXAMT_HS": 0, "EXAMT_NR": 0, "UVREDUC_HS": 0, "UVREDUC_NR": 0, "GLVAL_HS": 0.0, "GLVAL_NR": 0.0, "CRHOUSPCT": 0.0, "MUNGL1PCT": 0.0, "AOEGL_HS": 0.0, "AOEGL_NR": 0.0, "E911ADDR": "MEADOW LN", "SHAPE_Length": 0.006389401455476956, "SHAPE_Area": 4.132934119154405e-07}, "geometry": {"type": "MultiPolygon", "coordinates": [[[[-73.18429387299994, 43.59939563300003], [-73.18321054999996, 43.59908962700007], [-73.18207097399994, 43.59938569500008], [-73.18173034999995, 43.599277939000046], [-73.18171346899999, 43.599272599000074], [-73.18146231999998, 43.59919314700005], [-73.18146191899996, 43.59918053800004], [-73.18145742299998, 43.59903924900004], [-73.18213185999997, 43.59925423100003], [-73.18216639499997, 43.59924398600003], [-73.18320973399995, 43.59894223100008], [-73.18444299799995, 43.599290591000056], [-73.18429387299994, 43.59939563300003]]]]}}, {"type": "Feature", "properties": {"OBJECTID": 29231, "SPAN": "129-040-12346", "GLIST_SPAN": "129-040-12346", "MAPID": "09-01-12", "PARCID": "090100012.", "PROPTYPE": "PARCEL", "YEAR": 2023, "GLYEAR": 2022, "TOWN": "CASTLETON", "TNAME": "Castleton", "SOURCENAME": null, "SOURCETYPE": "UNKNOWN", "SOURCEDATE": "UNKNOWN", "EDITMETHOD": "UNKNOWN", "EDITOR": "UNKNOWN", "EDITDATE": "UNKNOWN", "MATCHSTAT": "MATCH", "EDITNOTE": "UNKNOWN", "OWNER1": "VERMONT STATE DEPARTMENT OF", "OWNER2": "VERMONT TRANSPORTATION", "ADDRGL1": "133 STATE STREET", "ADDRGL2": "", "CITYGL": "MONTPELIER", "STGL": "VT", "ZIPGL": "05602", "DESCPROP": "1.67 ACRES; R\\R TRACKS; TRIANGLE", "LOCAPROP": "", "CAT": "Miscellaneous", "RESCODE": "C", "ACRESGL": 1.67, "REAL_FLV": 26000, "HSTED_FLV": 0, "NRES_FLV": 26000, "LAND_LV": 26000, "IMPRV_LV": 0, "EQUIPVAL": 0, "EQUIPCODE": "", "INVENVAL": 0, "HSDECL": "N", "HSITEVAL": 0, "VETEXAMT": 0, "EXPDESC": "", "ENDDATE": "", "STATUTE": "", "EXAMT_HS": 0, "EXAMT_NR": 0, "UVREDUC_HS": 0, "UVREDUC_NR": 0, "GLVAL_HS": 0.0, "GLVAL_NR": 0.0, "CRHOUSPCT": 0.0, "MUNGL1PCT": 0.0, "AOEGL_HS": 0.0, "AOEGL_NR": 0.0, "E911ADDR": "SOUTH ST", "SHAPE_Length": 0.00522695887167141, "SHAPE_Area": 8.163608228571499e-07}, "geometry": {"type": "MultiPolygon", "coordinates": [[[[-73.18137837399996, 43.60070692900007], [-73.18117780499995, 43.600550189000046], [-73.18139150899998, 43.600591673000054], [-73.18172704199998, 43.600610895000045], [-73.18195465899998, 43.60061562200008], [-73.18224973399998, 43.60059343200004], [-73.18253272099997, 43.60053534700006], [-73.18278065399994, 43.60047604400006], [-73.18300663799994, 43.600401469000076], [-73.18307699699994, 43.600374773000055], [-73.18292240799997, 43.60052183700003], [-73.18259545799998, 43.60089199000004], [-73.18211431399999, 43.601462154000046], [-73.18191789399998, 43.601762217000044], [-73.18191655799995, 43.60170684500008], [-73.18188868499993, 43.60149063400007], [-73.18181208299995, 43.601255362000074], [-73.18170240399996, 43.601052424000045], [-73.18156457899994, 43.60088378300003], [-73.18137837399996, 43.60070692900007]]]]}}, {"type": "Feature", "properties": {"OBJECTID": 29406, "SPAN": "129-040-10425", "GLIST_SPAN": "129-040-10425", "MAPID": "25-21-50", "PARCID": "252100050.", "PROPTYPE": "PARCEL", "YEAR": 2023, "GLYEAR": 2022, "TOWN": "CASTLETON", "TNAME": "Castleton", "SOURCENAME": null, "SOURCETYPE": "UNKNOWN", "SOURCEDATE": "UNKNOWN", "EDITMETHOD": "UNKNOWN", "EDITOR": "UNKNOWN", "EDITDATE": "UNKNOWN", "MATCHSTAT": "MATCH", "EDITNOTE": "UNKNOWN", "OWNER1": "TOWN OF CASTLETON", "OWNER2": "", "ADDRGL1": "PO BOX 727", "ADDRGL2": "", "CITYGL": "CASTLETON", "STGL": "VT", "ZIPGL": "05735-0727", "DESCPROP": "UNDERGROUND PUMP STATION; SOUTH ST", "LOCAPROP": "", "CAT": "Commercial", "RESCODE": "T", "ACRESGL": 0.07, "REAL_FLV": 1000, "HSTED_FLV": 0, "NRES_FLV": 1000, "LAND_LV": 1000, "IMPRV_LV": 0, "EQUIPVAL": 0, "EQUIPCODE": "", "INVENVAL": 0, "HSDECL": "N", "HSITEVAL": 0, "VETEXAMT": 0, "EXPDESC": "Statutory", "ENDDATE": "", "STATUTE": "", "EXAMT_HS": 0, "EXAMT_NR": 0, "UVREDUC_HS": 0, "UVREDUC_NR": 0, "GLVAL_HS": 0.0, "GLVAL_NR": 0.0, "CRHOUSPCT": 0.0, "MUNGL1PCT": 0.0, "AOEGL_HS": 0.0, "AOEGL_NR": 0.0, "E911ADDR": "SOUTH ST", "SHAPE_Length": 0.0007196139561899149, "SHAPE_Area": 3.149862400495742e-08}, "geometry": {"type": "MultiPolygon", "coordinates": [[[[-73.17890678099997, 43.600151305000054], [-73.17892932099994, 43.600021104000064], [-73.17911809099996, 43.600021284000036], [-73.17908521899994, 43.600184143000035], [-73.17889865599994, 43.60019618700005], [-73.17890678099997, 43.600151305000054]]]]}}, {"type": "Feature", "properties": {"OBJECTID": 29806, "SPAN": "129-040-11729", "GLIST_SPAN": "129-040-11729", "MAPID": "25-21-51", "PARCID": "252100051.", "PROPTYPE": "PARCEL", "YEAR": 2023, "GLYEAR": 2022, "TOWN": "CASTLETON", "TNAME": "Castleton", "SOURCENAME": null, "SOURCETYPE": "UNKNOWN", "SOURCEDATE": "UNKNOWN", "EDITMETHOD": "UNKNOWN", "EDITOR": "UNKNOWN", "EDITDATE": "UNKNOWN", "MATCHSTAT": "MATCH", "EDITNOTE": "UNKNOWN", "OWNER1": "BELDEN JEFFREY T & KATELYN D", "OWNER2": "", "ADDRGL1": "844 SOUTH STREET", "ADDRGL2": "", "CITYGL": "CASTLETON", "STGL": "VT", "ZIPGL": "05735", "DESCPROP": "HSE/GAR/POOL/2 ACRES", "LOCAPROP": "", "CAT": "Residential-1", "RESCODE": "T", "ACRESGL": 2.0, "REAL_FLV": 271400, "HSTED_FLV": 271400, "NRES_FLV": 0, "LAND_LV": 43000, "IMPRV_LV": 228400, "EQUIPVAL": 0, "EQUIPCODE": "", "INVENVAL": 0, "HSDECL": "Y", "HSITEVAL": 271400, "VETEXAMT": 0, "EXPDESC": "", "ENDDATE": "", "STATUTE": "", "EXAMT_HS": 0, "EXAMT_NR": 0, "UVREDUC_HS": 0, "UVREDUC_NR": 0, "GLVAL_HS": 2714.0, "GLVAL_NR": 0.0, "CRHOUSPCT": 0.0, "MUNGL1PCT": 2714.0, "AOEGL_HS": 2714.0, "AOEGL_NR": 0.0, "E911ADDR": "844 SOUTH ST", "SHAPE_Length": 0.004363906514176804, "SHAPE_Area": 9.094808988204276e-07}, "geometry": {"type": "MultiPolygon", "coordinates": [[[[-73.17923851599994, 43.59867760700007], [-73.17937139799994, 43.598497793000035], [-73.17983622299994, 43.59864960400006], [-73.17942454899998, 43.60016497200007], [-73.17927347899996, 43.600171989000046], [-73.17908521899994, 43.600184143000035], [-73.17911809099996, 43.600021284000036], [-73.17892932099994, 43.600021104000064], [-73.17901964299995, 43.59949934700006], [-73.17907267299995, 43.59918208200003], [-73.17912416299998, 43.59893698500008], [-73.17917382699994, 43.59879280200005], [-73.17923851599994, 43.59867760700007]]]]}}, {"type": "Feature", "properties": {"OBJECTID": 29970, "SPAN": "129-040-11893", "GLIST_SPAN": "129-040-11893", "MAPID": "25-21-39", "PARCID": "252100039.", "PROPTYPE": "PARCEL", "YEAR": 2023, "GLYEAR": 2022, "TOWN": "CASTLETON", "TNAME": "Castleton", "SOURCENAME": null, "SOURCETYPE": "UNKNOWN", "SOURCEDATE": "UNKNOWN", "EDITMETHOD": "UNKNOWN", "EDITOR": "UNKNOWN", "EDITDATE": "UNKNOWN", "MATCHSTAT": "MATCH", "EDITNOTE": "UNKNOWN", "OWNER1": "RIORDAN PATRICK M", "OWNER2": "", "ADDRGL1": "15 MADISON STREET", "ADDRGL2": "", "CITYGL": "RUTLAND", "STGL": "VT", "ZIPGL": "05701", "DESCPROP": "2 HSE/LOT; SOUTH ST", "LOCAPROP": "", "CAT": "Residential-1", "RESCODE": "S", "ACRESGL": 0.73, "REAL_FLV": 116100, "HSTED_FLV": 0, "NRES_FLV": 116100, "LAND_LV": 32100, "IMPRV_LV": 84000, "EQUIPVAL": 0, "EQUIPCODE": "", "INVENVAL": 0, "HSDECL": "N", "HSITEVAL": 116100, "VETEXAMT": 0, "EXPDESC": "", "ENDDATE": "", "STATUTE": "", "EXAMT_HS": 0, "EXAMT_NR": 0, "UVREDUC_HS": 0, "UVREDUC_NR": 0, "GLVAL_HS": 0.0, "GLVAL_NR": 1161.0, "CRHOUSPCT": 0.0, "MUNGL1PCT": 1161.0, "AOEGL_HS": 0.0, "AOEGL_NR": 1161.0, "E911ADDR": "694 SOUTH ST", "SHAPE_Length": 0.003049742120482622, "SHAPE_Area": 3.474287162613553e-07}, "geometry": {"type": "MultiPolygon", "coordinates": [[[[-73.17925894899997, 43.601237025000046], [-73.17918299799999, 43.60119532700003], [-73.17882223499998, 43.60121285400004], [-73.17881300699997, 43.60115863200008], [-73.17919316199993, 43.60109466400007], [-73.17916411599998, 43.60090450600006], [-73.17985797699998, 43.600927768000076], [-73.18001918199997, 43.601313652000044], [-73.17934454499994, 43.60139238100004], [-73.17925894899997, 43.601237025000046]]]]}}, {"type": "Feature", "properties": {"OBJECTID": 30017, "SPAN": "129-040-12373", "GLIST_SPAN": "129-040-12373", "MAPID": "25-21-47", "PARCID": "252100047.", "PROPTYPE": "PARCEL", "YEAR": 2023, "GLYEAR": 2022, "TOWN": "CASTLETON", "TNAME": "Castleton", "SOURCENAME": null, "SOURCETYPE": "UNKNOWN", "SOURCEDATE": "UNKNOWN", "EDITMETHOD": "UNKNOWN", "EDITOR": "UNKNOWN", "EDITDATE": "UNKNOWN", "MATCHSTAT": "MATCH", "EDITNOTE": "UNKNOWN", "OWNER1": "HERSON EDWARD O", "OWNER2": "", "ADDRGL1": "210 WEST 103RD STREET 4D", "ADDRGL2": "", "CITYGL": "NEW YORK", "STGL": "NY", "ZIPGL": "10025", "DESCPROP": "HSE/2 ACRES; SOUTH ST", "LOCAPROP": "", "CAT": "Residential-1", "RESCODE": "NS", "ACRESGL": 2.0, "REAL_FLV": 126700, "HSTED_FLV": 0, "NRES_FLV": 126700, "LAND_LV": 47400, "IMPRV_LV": 79300, "EQUIPVAL": 0, "EQUIPCODE": "", "INVENVAL": 0, "HSDECL": "N", "HSITEVAL": 126700, "VETEXAMT": 0, "EXPDESC": "", "ENDDATE": "", "STATUTE": "", "EXAMT_HS": 0, "EXAMT_NR": 0, "UVREDUC_HS": 0, "UVREDUC_NR": 0, "GLVAL_HS": 0.0, "GLVAL_NR": 1267.0, "CRHOUSPCT": 0.0, "MUNGL1PCT": 1267.0, "AOEGL_HS": 0.0, "AOEGL_NR": 1267.0, "E911ADDR": "100 MEADOW LN", "SHAPE_Length": 0.00393075246489155, "SHAPE_Area": 7.186325287032139e-07}, "geometry": {"type": "MultiPolygon", "coordinates": [[[[-73.18093863899998, 43.60036199600006], [-73.18076756099998, 43.59896692700005], [-73.18090446299993, 43.599015499000075], [-73.18121228099994, 43.59911297200006], [-73.18121852699994, 43.59914365700007], [-73.18158830499993, 43.600460988000066], [-73.18142397199995, 43.60044335600003], [-73.18126074199995, 43.60042095400007], [-73.18109887799994, 43.60039382000008], [-73.18093863899998, 43.60036199600006]]]]}}, {"type": "Feature", "properties": {"OBJECTID": 30098, "SPAN": "129-040-12464", "GLIST_SPAN": "129-040-12464", "MAPID": "25-21-49", "PARCID": "252100049.", "PROPTYPE": "PARCEL", "YEAR": 2023, "GLYEAR": 2022, "TOWN": "CASTLETON", "TNAME": "Castleton", "SOURCENAME": null, "SOURCETYPE": "UNKNOWN", "SOURCEDATE": "UNKNOWN", "EDITMETHOD": "UNKNOWN", "EDITOR": "UNKNOWN", "EDITDATE": "UNKNOWN", "MATCHSTAT": "MATCH", "EDITNOTE": "UNKNOWN", "OWNER1": "WYMAN GERALDINE F", "OWNER2": "", "ADDRGL1": "PO BOX 342", "ADDRGL2": "", "CITYGL": "CASTLETON", "STGL": "VT", "ZIPGL": "05735", "DESCPROP": "HSE/OB/2 ACRES; SOUTH ST", "LOCAPROP": "", "CAT": "Residential-1", "RESCODE": "T", "ACRESGL": 2.0, "REAL_FLV": 116900, "HSTED_FLV": 116900, "NRES_FLV": 0, "LAND_LV": 48000, "IMPRV_LV": 68900, "EQUIPVAL": 0, "EQUIPCODE": "", "INVENVAL": 0, "HSDECL": "Y", "HSITEVAL": 116900, "VETEXAMT": 0, "EXPDESC": "", "ENDDATE": "", "STATUTE": "", "EXAMT_HS": 0, "EXAMT_NR": 0, "UVREDUC_HS": 0, "UVREDUC_NR": 0, "GLVAL_HS": 1169.0, "GLVAL_NR": 0.0, "CRHOUSPCT": 0.0, "MUNGL1PCT": 1169.0, "AOEGL_HS": 1169.0, "AOEGL_NR": 0.0, "E911ADDR": "44 MEADOW LN", "SHAPE_Length": 0.0042122476178945685, "SHAPE_Area": 8.984424620635688e-07}, "geometry": {"type": "MultiPolygon", "coordinates": [[[[-73.18001077699995, 43.60016784600003], [-73.17968559099995, 43.60015284600007], [-73.17942454899998, 43.60016497200007], [-73.17983622299994, 43.59864960400006], [-73.18030104999997, 43.59880141200006], [-73.18017816699995, 43.60019286000005], [-73.18001077699995, 43.60016784600003]]]]}}, {"type": "Feature", "properties": {"OBJECTID": 29573, "SPAN": "129-040-10965", "GLIST_SPAN": "129-040-10965", "MAPID": "09-01-20", "PARCID": "090100020.", "PROPTYPE": "PARCEL", "YEAR": 2023, "GLYEAR": 2022, "TOWN": "CASTLETON", "TNAME": "Castleton", "SOURCENAME": null, "SOURCETYPE": "UNKNOWN", "SOURCEDATE": "UNKNOWN", "EDITMETHOD": "UNKNOWN", "EDITOR": "UNKNOWN", "EDITDATE": "UNKNOWN", "MATCHSTAT": "MATCH", "EDITNOTE": "UNKNOWN", "OWNER1": "HADEKA STONE CORP", "OWNER2": "", "ADDRGL1": "PO BOX 1506", "ADDRGL2": "", "CITYGL": "CASTLETON", "STGL": "VT", "ZIPGL": "05735", "DESCPROP": "IND BLDGS/QUARRY/85.10 ACRES; STASO RD", "LOCAPROP": "", "CAT": "Industrial", "RESCODE": "C", "ACRESGL": 85.1, "REAL_FLV": 464500, "HSTED_FLV": 0, "NRES_FLV": 464500, "LAND_LV": 191800, "IMPRV_LV": 272700, "EQUIPVAL": 0, "EQUIPCODE": "", "INVENVAL": 0, "HSDECL": "N", "HSITEVAL": 0, "VETEXAMT": 0, "EXPDESC": "", "ENDDATE": "", "STATUTE": "", "EXAMT_HS": 0, "EXAMT_NR": 0, "UVREDUC_HS": 0, "UVREDUC_NR": 0, "GLVAL_HS": 0.0, "GLVAL_NR": 4645.0, "CRHOUSPCT": 0.0, "MUNGL1PCT": 4645.0, "AOEGL_HS": 0.0, "AOEGL_NR": 4645.0, "E911ADDR": "460 STASO RD", "SHAPE_Length": 0.03213749185323501, "SHAPE_Area": 3.842180777155498e-05}, "geometry": {"type": "MultiPolygon", "coordinates": [[[[-73.17566612499996, 43.60119886600006], [-73.17564066399996, 43.60092514300004], [-73.17526402399994, 43.60094364500003], [-73.17522652099996, 43.60050782400003], [-73.17499526699999, 43.600481616000025], [-73.17484823399997, 43.60047617300006], [-73.17387213499995, 43.60043043400003], [-73.17389463199999, 43.60049546100004], [-73.17370208599993, 43.60040232400007], [-73.17353873399998, 43.60033835000007], [-73.17336822699997, 43.600277333000065], [-73.17311892999999, 43.60020683600004], [-73.17291072499995, 43.600157497000055], [-73.17165583699995, 43.59991078500008], [-73.17121662999995, 43.59979839700003], [-73.17093321799996, 43.599692220000065], [-73.17061587799998, 43.59956717500006], [-73.17036767999997, 43.59940592800007], [-73.16997197699999, 43.599146233000056], [-73.16968195699997, 43.59897723900008], [-73.16948294699995, 43.598891061000074], [-73.16929166399996, 43.59882595000005], [-73.16913012199996, 43.598794414000054], [-73.16899808299996, 43.59877784100007], [-73.16884948999996, 43.598772147000034], [-73.16863118999999, 43.59877716500006], [-73.16844790699997, 43.598805061000064], [-73.16825969299998, 43.59885388300006], [-73.16803829199995, 43.598940285000026], [-73.16795551299998, 43.598988346000056], [-73.16793485999995, 43.598472421000054], [-73.16838468099996, 43.598031769000045], [-73.16902834799998, 43.59792378900005], [-73.17133696399998, 43.597200471000065], [-73.17516260799994, 43.59665219200008], [-73.17635847799994, 43.59634514100003], [-73.17681899299998, 43.59634549500004], [-73.17722355999996, 43.59602329400008], [-73.17793232999998, 43.59557465800003], [-73.17885660799993, 43.595174592000035], [-73.17925394499997, 43.59498462000005], [-73.17983289799997, 43.59586292500006], [-73.18017429799994, 43.596208251000064], [-73.18021895599998, 43.59649447000004], [-73.18017139299997, 43.59689901400003], [-73.17935737199997, 43.59758428500004], [-73.17987555199994, 43.59782813400005], [-73.17954137199996, 43.59810308400006], [-73.17925250299999, 43.59836877400005], [-73.17906752699997, 43.59861907900006], [-73.17899399799995, 43.598750015000064], [-73.17893891799997, 43.59890991900005], [-73.17888565499999, 43.59916345700003], [-73.17883232299994, 43.599482515000034], [-73.17871957599993, 43.60013379700007], [-73.17865724399996, 43.60047809500003], [-73.17863770199995, 43.600477547000025], [-73.17856675199994, 43.600437541000076], [-73.17830879999997, 43.60048668600007], [-73.17821851299993, 43.60048722200003], [-73.17798326399998, 43.60046525900003], [-73.17788293499996, 43.60044818200004], [-73.17776574599998, 43.60038715300004], [-73.17760481899995, 43.600375721000034], [-73.17770536099994, 43.601035583000055], [-73.17705805099996, 43.60110242700006], [-73.17640335099998, 43.601149777000046], [-73.17589433899997, 43.60118901200008], [-73.17566612499996, 43.60119886600006]]]]}}, {"type": "Feature", "properties": {"OBJECTID": 28546, "SPAN": "129-040-10719", "GLIST_SPAN": "129-040-10719", "MAPID": "25-21-42", "PARCID": "252100042.", "PROPTYPE": "PARCEL", "YEAR": 2023, "GLYEAR": 2022, "TOWN": "CASTLETON", "TNAME": "Castleton", "SOURCENAME": null, "SOURCETYPE": "UNKNOWN", "SOURCEDATE": "UNKNOWN", "EDITMETHOD": "UNKNOWN", "EDITOR": "UNKNOWN", "EDITDATE": "UNKNOWN", "MATCHSTAT": "MATCH", "EDITNOTE": "UNKNOWN", "OWNER1": "EDDY MONA", "OWNER2": "EDDY JOSEPH", "ADDRGL1": "56 STASO RD", "ADDRGL2": "", "CITYGL": "CASTLETON", "STGL": "VT", "ZIPGL": "05735", "DESCPROP": "HSE/OB/1.17 ACRES; COR SOUTH ST & STASO", "LOCAPROP": "", "CAT": "Residential-1", "RESCODE": "T", "ACRESGL": 1.17, "REAL_FLV": 99600, "HSTED_FLV": 99600, "NRES_FLV": 0, "LAND_LV": 45500, "IMPRV_LV": 54100, "EQUIPVAL": 0, "EQUIPCODE": "", "INVENVAL": 0, "HSDECL": "Y", "HSITEVAL": 99600, "VETEXAMT": 0, "EXPDESC": "", "ENDDATE": "", "STATUTE": "", "EXAMT_HS": 0, "EXAMT_NR": 0, "UVREDUC_HS": 0, "UVREDUC_NR": 0, "GLVAL_HS": 996.0, "GLVAL_NR": 0.0, "CRHOUSPCT": 0.0, "MUNGL1PCT": 996.0, "AOEGL_HS": 996.0, "AOEGL_NR": 0.0, "E911ADDR": "56 STASO RD", "SHAPE_Length": 0.0030620619418561526, "SHAPE_Area": 5.164515463347807e-07}, "geometry": {"type": "MultiPolygon", "coordinates": [[[[-73.17770536099994, 43.601035583000055], [-73.17760481899995, 43.600375721000034], [-73.17776574599998, 43.60038715300004], [-73.17788293499996, 43.60044818200004], [-73.17798326399998, 43.60046525900003], [-73.17821851299993, 43.60048722200003], [-73.17830879999997, 43.60048668600007], [-73.17856675199994, 43.600437541000076], [-73.17863770199995, 43.600477547000025], [-73.17865724399996, 43.60047809500003], [-73.17861478199995, 43.600712635000036], [-73.17859780999999, 43.60085049000003], [-73.17853687499996, 43.60090142700005], [-73.17844624599996, 43.60094520600006], [-73.17834961899996, 43.60098101700004], [-73.17828694699995, 43.60100025600008], [-73.17812813199998, 43.600998806000064], [-73.17795801399996, 43.60100949100007], [-73.17770536099994, 43.601035583000055]]]]}}, {"type": "Feature", "properties": {"OBJECTID": 28744, "SPAN": "129-040-10842", "GLIST_SPAN": "129-040-10842", "MAPID": "25-21-17", "PARCID": "252100017.", "PROPTYPE": "PARCEL", "YEAR": 2023, "GLYEAR": 2022, "TOWN": "CASTLETON", "TNAME": "Castleton", "SOURCENAME": null, "SOURCETYPE": "UNKNOWN", "SOURCEDATE": "UNKNOWN", "EDITMETHOD": "UNKNOWN", "EDITOR": "UNKNOWN", "EDITDATE": "UNKNOWN", "MATCHSTAT": "MATCH", "EDITNOTE": "UNKNOWN", "OWNER1": "FREDERICK KEITH", "OWNER2": "LEMAY JOANNE", "ADDRGL1": "248 STASO RD", "ADDRGL2": "", "CITYGL": "CASTLETON", "STGL": "VT", "ZIPGL": "05735", "DESCPROP": "HSE/1.2 ACRES; STASO RD", "LOCAPROP": "", "CAT": "Residential-1", "RESCODE": "T", "ACRESGL": 1.2, "REAL_FLV": 135700, "HSTED_FLV": 135700, "NRES_FLV": 0, "LAND_LV": 43400, "IMPRV_LV": 92300, "EQUIPVAL": 0, "EQUIPCODE": "", "INVENVAL": 0, "HSDECL": "Y", "HSITEVAL": 135700, "VETEXAMT": 0, "EXPDESC": "", "ENDDATE": "", "STATUTE": "", "EXAMT_HS": 0, "EXAMT_NR": 0, "UVREDUC_HS": 0, "UVREDUC_NR": 0, "GLVAL_HS": 1357.0, "GLVAL_NR": 0.0, "CRHOUSPCT": 0.0, "MUNGL1PCT": 1357.0, "AOEGL_HS": 1357.0, "AOEGL_NR": 0.0, "E911ADDR": "248 STASO RD", "SHAPE_Length": 0.003653520971895495, "SHAPE_Area": 5.417452154906743e-07}, "geometry": {"type": "MultiPolygon", "coordinates": [[[[-73.17389463199999, 43.60049546100004], [-73.17387213499995, 43.60043043400003], [-73.17484823399997, 43.60047617300006], [-73.17499526699999, 43.600481616000025], [-73.17522652099996, 43.60050782400003], [-73.17526402399994, 43.60094364500003], [-73.17528422699996, 43.60117841700003], [-73.17525271999995, 43.60117526000005], [-73.17514459699998, 43.60114898300003], [-73.17500145299994, 43.601092255000026], [-73.17478781599993, 43.60098742000008], [-73.17390328599998, 43.60049964700005], [-73.17389463199999, 43.60049546100004]]]]}}, {"type": "Feature", "properties": {"OBJECTID": 29278, "SPAN": "129-040-10345", "GLIST_SPAN": "129-040-10345", "MAPID": "25-21-18", "PARCID": "252100018.", "PROPTYPE": "PARCEL", "YEAR": 2023, "GLYEAR": 2022, "TOWN": "CASTLETON", "TNAME": "Castleton", "SOURCENAME": null, "SOURCETYPE": "UNKNOWN", "SOURCEDATE": "UNKNOWN", "EDITMETHOD": "UNKNOWN", "EDITOR": "UNKNOWN", "EDITDATE": "UNKNOWN", "MATCHSTAT": "MATCH", "EDITNOTE": "UNKNOWN", "OWNER1": "GREEN MOUNTAIN POWER CORP.", "OWNER2": "ATTN PROPERTY TAX ADMIN.", "ADDRGL1": "2154 POST ROAD", "ADDRGL2": "", "CITYGL": "RUTLAND", "STGL": "VT", "ZIPGL": "05701-6200", "DESCPROP": "LAND ONLY; STASO RD", "LOCAPROP": "", "CAT": "Commercial", "RESCODE": "C", "ACRESGL": 0.23, "REAL_FLV": 39000, "HSTED_FLV": 0, "NRES_FLV": 39000, "LAND_LV": 37400, "IMPRV_LV": 1600, "EQUIPVAL": 0, "EQUIPCODE": "", "INVENVAL": 0, "HSDECL": "N", "HSITEVAL": 0, "VETEXAMT": 0, "EXPDESC": "", "ENDDATE": "", "STATUTE": "", "EXAMT_HS": 0, "EXAMT_NR": 0, "UVREDUC_HS": 0, "UVREDUC_NR": 0, "GLVAL_HS": 0.0, "GLVAL_NR": 390.0, "CRHOUSPCT": 0.0, "MUNGL1PCT": 390.0, "AOEGL_HS": 0.0, "AOEGL_NR": 390.0, "E911ADDR": "192 STASO RD", "SHAPE_Length": 0.0012704826321880355, "SHAPE_Area": 9.810118351638288e-08}, "geometry": {"type": "MultiPolygon", "coordinates": [[[[-73.17526402399994, 43.60094364500003], [-73.17564066399996, 43.60092514300004], [-73.17566612499996, 43.60119886600006], [-73.17565387499997, 43.60119939400005], [-73.17546719399996, 43.60119674900005], [-73.17528422699996, 43.60117841700003], [-73.17526402399994, 43.60094364500003]]]]}}, {"type": "Feature", "properties": {"OBJECTID": 29398, "SPAN": "129-040-10421", "GLIST_SPAN": "129-040-10421", "MAPID": "09-01-13", "PARCID": "090100013.", "PROPTYPE": "PARCEL", "YEAR": 2023, "GLYEAR": 2022, "TOWN": "CASTLETON", "TNAME": "Castleton", "SOURCENAME": null, "SOURCETYPE": "UNKNOWN", "SOURCEDATE": "UNKNOWN", "EDITMETHOD": "UNKNOWN", "EDITOR": "UNKNOWN", "EDITDATE": "UNKNOWN", "MATCHSTAT": "MATCH", "EDITNOTE": "UNKNOWN", "OWNER1": "TOWN OF CASTLETON", "OWNER2": "", "ADDRGL1": "PO BOX 727", "ADDRGL2": "", "CITYGL": "CASTLETON", "STGL": "VT", "ZIPGL": "05735-0727", "DESCPROP": "TRANSFER STATION/TOWN GARAGE; STASO RD", "LOCAPROP": "", "CAT": "Commercial", "RESCODE": "T", "ACRESGL": 28.9, "REAL_FLV": 200700, "HSTED_FLV": 0, "NRES_FLV": 200700, "LAND_LV": 80300, "IMPRV_LV": 120400, "EQUIPVAL": 0, "EQUIPCODE": "", "INVENVAL": 0, "HSDECL": "N", "HSITEVAL": 0, "VETEXAMT": 0, "EXPDESC": "Statutory", "ENDDATE": "", "STATUTE": "", "EXAMT_HS": 0, "EXAMT_NR": 0, "UVREDUC_HS": 0, "UVREDUC_NR": 0, "GLVAL_HS": 0.0, "GLVAL_NR": 0.0, "CRHOUSPCT": 0.0, "MUNGL1PCT": 0.0, "AOEGL_HS": 0.0, "AOEGL_NR": 0.0, "E911ADDR": "273 STASO RD", "SHAPE_Length": 0.01886089994598249, "SHAPE_Area": 1.2741303962618714e-05}, "geometry": {"type": "MultiPolygon", "coordinates": [[[[-73.16781262799998, 43.60183699800007], [-73.16750197999994, 43.60002667800006], [-73.16729639399995, 43.60005313900007], [-73.16748533999998, 43.59973934800007], [-73.16763093399999, 43.59950493500003], [-73.16789873699997, 43.59920872600003], [-73.16801132799998, 43.59913150700004], [-73.16814269899999, 43.59905523500004], [-73.16833649399996, 43.59897960500007], [-73.16849921299996, 43.59893739700004], [-73.16865368899994, 43.59891388400007], [-73.16884749999997, 43.59890943000005], [-73.16897698099996, 43.59891439200004], [-73.16908949399993, 43.59892851400008], [-73.16922665299995, 43.59895528900006], [-73.16939439399994, 43.59901238800006], [-73.16957409899999, 43.59909020600003], [-73.16984958699999, 43.59925073200003], [-73.17024153199998, 43.599507962000075], [-73.17050652399996, 43.59968011900003], [-73.17084498299994, 43.59981348700006], [-73.17114169199994, 43.599924643000065], [-73.17159977099993, 43.60004186100008], [-73.17285678799993, 43.60028899100007], [-73.17305539899996, 43.60033605800004], [-73.17329217099996, 43.60040301200007], [-73.17345224199994, 43.60046029500006], [-73.17360481199995, 43.60052004800008], [-73.17379384199995, 43.60061148300008], [-73.17467786999998, 43.601098980000074], [-73.17490323499999, 43.60120957000004], [-73.17506889299995, 43.60127522000005], [-73.17520952699994, 43.60130939800007], [-73.17543298399994, 43.60133178800004], [-73.17519447699993, 43.60135617200007], [-73.17473564499994, 43.60140308100006], [-73.17473868099995, 43.60142767200006], [-73.17139079099996, 43.60159176600007], [-73.17030184499998, 43.601652571000045], [-73.16981468499995, 43.60167603600007], [-73.16902903899995, 43.60173639900006], [-73.16781262799998, 43.60183699800007]]]]}}, {"type": "Feature", "properties": {"OBJECTID": 27118, "SPAN": "129-040-10020", "GLIST_SPAN": "129-040-10020", "MAPID": "25-21-15", "PARCID": "252100015.", "PROPTYPE": "PARCEL", "YEAR": 2023, "GLYEAR": 2022, "TOWN": "CASTLETON", "TNAME": "Castleton", "SOURCENAME": null, "SOURCETYPE": "UNKNOWN", "SOURCEDATE": "UNKNOWN", "EDITMETHOD": "UNKNOWN", "EDITOR": "UNKNOWN", "EDITDATE": "UNKNOWN", "MATCHSTAT": "MATCH", "EDITNOTE": "UNKNOWN", "OWNER1": "SLATER JR HENRY", "OWNER2": "SLATER CARRIE", "ADDRGL1": "556 SOUTH ST", "ADDRGL2": "", "CITYGL": "CASTLETON", "STGL": "VT", "ZIPGL": "05735", "DESCPROP": "HSE/OB/LOT; SOUTH ST", "LOCAPROP": "", "CAT": "Residential-1", "RESCODE": "T", "ACRESGL": 0.23, "REAL_FLV": 154900, "HSTED_FLV": 154900, "NRES_FLV": 0, "LAND_LV": 27700, "IMPRV_LV": 127200, "EQUIPVAL": 0, "EQUIPCODE": "", "INVENVAL": 0, "HSDECL": "Y", "HSITEVAL": 154900, "VETEXAMT": 0, "EXPDESC": "", "ENDDATE": "", "STATUTE": "", "EXAMT_HS": 0, "EXAMT_NR": 0, "UVREDUC_HS": 0, "UVREDUC_NR": 0, "GLVAL_HS": 1549.0, "GLVAL_NR": 0.0, "CRHOUSPCT": 0.0, "MUNGL1PCT": 1549.0, "AOEGL_HS": 1549.0, "AOEGL_NR": 0.0, "E911ADDR": "556 SOUTH ST", "SHAPE_Length": 0.0018950316598854153, "SHAPE_Area": 2.0767588788134405e-07}, "geometry": {"type": "MultiPolygon", "coordinates": [[[[-73.17967827099994, 43.602879044000076], [-73.17977124299995, 43.60286724700006], [-73.17984149599994, 43.603206346000036], [-73.17924442199995, 43.60328210700004], [-73.17922962499995, 43.60321213000003], [-73.17917536099998, 43.60294285700007], [-73.17954811199996, 43.602895559000046], [-73.17967827099994, 43.602879044000076]]]]}}, {"type": "Feature", "properties": {"OBJECTID": 28623, "SPAN": "129-040-10768", "GLIST_SPAN": "129-040-10768", "MAPID": "25-21-36", "PARCID": "252100036.", "PROPTYPE": "PARCEL", "YEAR": 2023, "GLYEAR": 2022, "TOWN": "CASTLETON", "TNAME": "Castleton", "SOURCENAME": null, "SOURCETYPE": "UNKNOWN", "SOURCEDATE": "UNKNOWN", "EDITMETHOD": "UNKNOWN", "EDITOR": "UNKNOWN", "EDITDATE": "UNKNOWN", "MATCHSTAT": "MATCH", "EDITNOTE": "UNKNOWN", "OWNER1": "MEYER TRISHA A", "OWNER2": "", "ADDRGL1": "650 SOUTH STREET", "ADDRGL2": "", "CITYGL": "CASTLETON", "STGL": "VT", "ZIPGL": "05735", "DESCPROP": "HSE/OB/POOL/14.20 ACRES; SOUTH ST", "LOCAPROP": "", "CAT": "Residential-2", "RESCODE": "T", "ACRESGL": 14.2, "REAL_FLV": 215800, "HSTED_FLV": 0, "NRES_FLV": 215800, "LAND_LV": 61600, "IMPRV_LV": 154200, "EQUIPVAL": 0, "EQUIPCODE": "", "INVENVAL": 0, "HSDECL": "N", "HSITEVAL": 195800, "VETEXAMT": 0, "EXPDESC": "", "ENDDATE": "", "STATUTE": "", "EXAMT_HS": 0, "EXAMT_NR": 0, "UVREDUC_HS": 0, "UVREDUC_NR": 0, "GLVAL_HS": 0.0, "GLVAL_NR": 2158.0, "CRHOUSPCT": 0.0, "MUNGL1PCT": 2158.0, "AOEGL_HS": 0.0, "AOEGL_NR": 2158.0, "E911ADDR": "650 SOUTH ST", "SHAPE_Length": 0.01367830825855468, "SHAPE_Area": 6.056185598794062e-06}, "geometry": {"type": "MultiPolygon", "coordinates": [[[[-73.17984149599994, 43.603206346000036], [-73.17977124299995, 43.60286724700006], [-73.17967827099994, 43.602879044000076], [-73.17962333199995, 43.602607628000044], [-73.17949317199998, 43.60262414400006], [-73.17912065899998, 43.602671411000074], [-73.17909330799995, 43.602535688000046], [-73.17983758599996, 43.60244124800005], [-73.17978264699997, 43.602169831000026], [-73.17903860799998, 43.60226424100006], [-73.17898120899997, 43.60197940900008], [-73.17886745299995, 43.60144805300007], [-73.17934454499994, 43.60139238100004], [-73.18001918199997, 43.601313652000044], [-73.17985797699998, 43.600927768000076], [-73.17916411599998, 43.60090450600006], [-73.17879455899998, 43.60089211500008], [-73.17878905599997, 43.600809911000056], [-73.17880242999996, 43.60072769900006], [-73.17888200699997, 43.60028814900005], [-73.17928296499997, 43.60026226400004], [-73.17968561899994, 43.60024356100007], [-73.17999420599995, 43.60025779500006], [-73.18024762499994, 43.60029566500003], [-73.18052850099997, 43.60037164100004], [-73.18093568899997, 43.600493922000055], [-73.18128307499995, 43.60076539500005], [-73.18146120199998, 43.60093457800008], [-73.18159014099996, 43.601092347000076], [-73.18169289299993, 43.60128246900007], [-73.18176545999995, 43.601505349000035], [-73.18179208299995, 43.60171186700006], [-73.18179772599996, 43.60194578900007], [-73.18155968499997, 43.60230942700008], [-73.18112565499996, 43.603043392000075], [-73.17984149599994, 43.603206346000036]]]]}}, {"type": "Feature", "properties": {"OBJECTID": 28982, "SPAN": "129-040-12079", "GLIST_SPAN": "129-040-12079", "MAPID": "25-21-33", "PARCID": "252100033.", "PROPTYPE": "PARCEL", "YEAR": 2023, "GLYEAR": 2022, "TOWN": "CASTLETON", "TNAME": "Castleton", "SOURCENAME": null, "SOURCETYPE": "UNKNOWN", "SOURCEDATE": "UNKNOWN", "EDITMETHOD": "UNKNOWN", "EDITOR": "UNKNOWN", "EDITDATE": "UNKNOWN", "MATCHSTAT": "MATCH", "EDITNOTE": "UNKNOWN", "OWNER1": "589 SOUTH STREET LLC", "OWNER2": "", "ADDRGL1": "2357 NORTH RD", "ADDRGL2": "", "CITYGL": "CASTLETON", "STGL": "VT", "ZIPGL": "05735", "DESCPROP": "2 UNIT HSE/OB/LOT; SOUTH ST", "LOCAPROP": "", "CAT": "Residential-1", "RESCODE": "C", "ACRESGL": 0.9, "REAL_FLV": 108100, "HSTED_FLV": 0, "NRES_FLV": 108100, "LAND_LV": 38400, "IMPRV_LV": 69700, "EQUIPVAL": 0, "EQUIPCODE": "", "INVENVAL": 0, "HSDECL": "N", "HSITEVAL": 108100, "VETEXAMT": 0, "EXPDESC": "", "ENDDATE": "", "STATUTE": "", "EXAMT_HS": 0, "EXAMT_NR": 0, "UVREDUC_HS": 0, "UVREDUC_NR": 0, "GLVAL_HS": 0.0, "GLVAL_NR": 1081.0, "CRHOUSPCT": 0.0, "MUNGL1PCT": 1081.0, "AOEGL_HS": 0.0, "AOEGL_NR": 1081.0, "E911ADDR": "589 SOUTH ST", "SHAPE_Length": 0.003525129745393771, "SHAPE_Area": 4.894279271395259e-07}, "geometry": {"type": "MultiPolygon", "coordinates": [[[[-73.17798123599994, 43.60291407100004], [-73.17782903299997, 43.60215670600007], [-73.17806873199999, 43.60213469900003], [-73.17813779199997, 43.60249333000007], [-73.17887925499997, 43.602420136000035], [-73.17896172799993, 43.60282939600006], [-73.17798123599994, 43.60291407100004]]]]}}, {"type": "Feature", "properties": {"OBJECTID": 29055, "SPAN": "129-040-12157", "GLIST_SPAN": "129-040-12157", "MAPID": "25-21-37", "PARCID": "252100037.", "PROPTYPE": "PARCEL", "YEAR": 2023, "GLYEAR": 2022, "TOWN": "CASTLETON", "TNAME": "Castleton", "SOURCENAME": null, "SOURCETYPE": "UNKNOWN", "SOURCEDATE": "UNKNOWN", "EDITMETHOD": "UNKNOWN", "EDITOR": "UNKNOWN", "EDITDATE": "UNKNOWN", "MATCHSTAT": "MATCH", "EDITNOTE": "UNKNOWN", "OWNER1": "MORRILL HOUSE LLC", "OWNER2": "", "ADDRGL1": "PO BOX 545", "ADDRGL2": "", "CITYGL": "BOMOSEEN", "STGL": "VT", "ZIPGL": "05732", "DESCPROP": "HSE/GAR/OB/LOT; SOUTH ST", "LOCAPROP": "", "CAT": "Residential-1", "RESCODE": "C", "ACRESGL": 0.23, "REAL_FLV": 162100, "HSTED_FLV": 0, "NRES_FLV": 162100, "LAND_LV": 27700, "IMPRV_LV": 134400, "EQUIPVAL": 0, "EQUIPCODE": "", "INVENVAL": 0, "HSDECL": "N", "HSITEVAL": 162100, "VETEXAMT": 0, "EXPDESC": "", "ENDDATE": "", "STATUTE": "", "EXAMT_HS": 0, "EXAMT_NR": 0, "UVREDUC_HS": 0, "UVREDUC_NR": 0, "GLVAL_HS": 0.0, "GLVAL_NR": 1621.0, "CRHOUSPCT": 0.0, "MUNGL1PCT": 1621.0, "AOEGL_HS": 0.0, "AOEGL_NR": 1621.0, "E911ADDR": "676 SOUTH ST", "SHAPE_Length": 0.0013450978525505275, "SHAPE_Area": 9.874358459124248e-08}, "geometry": {"type": "MultiPolygon", "coordinates": [[[[-73.17882223499998, 43.60121285400004], [-73.17918299799999, 43.60119532700003], [-73.17925894899997, 43.601237025000046], [-73.17934454499994, 43.60139238100004], [-73.17886745299995, 43.60144805300007], [-73.17884215999999, 43.60132991100005], [-73.17882223499998, 43.60121285400004]]]]}}, {"type": "Feature", "properties": {"OBJECTID": 29213, "SPAN": "129-040-12327", "GLIST_SPAN": "129-040-12327", "MAPID": "25-21-40", "PARCID": "252100040.", "PROPTYPE": "PARCEL", "YEAR": 2023, "GLYEAR": 2022, "TOWN": "CASTLETON", "TNAME": "Castleton", "SOURCENAME": null, "SOURCETYPE": "UNKNOWN", "SOURCEDATE": "UNKNOWN", "EDITMETHOD": "UNKNOWN", "EDITOR": "UNKNOWN", "EDITDATE": "UNKNOWN", "MATCHSTAT": "MATCH", "EDITNOTE": "UNKNOWN", "OWNER1": "VERMONT STATE COLLEGES SCOTT DIKEMAN", "OWNER2": "", "ADDRGL1": "62 ALUMNI LANE", "ADDRGL2": "", "CITYGL": "CASTLETON", "STGL": "VT", "ZIPGL": "05735", "DESCPROP": "VACANT LOT 1.59 ACRES; SOUTH ST REAR", "LOCAPROP": "", "CAT": "Miscellaneous", "RESCODE": "C", "ACRESGL": 1.59, "REAL_FLV": 4800, "HSTED_FLV": 0, "NRES_FLV": 4800, "LAND_LV": 4800, "IMPRV_LV": 0, "EQUIPVAL": 0, "EQUIPCODE": "", "INVENVAL": 0, "HSDECL": "N", "HSITEVAL": 0, "VETEXAMT": 0, "EXPDESC": "", "ENDDATE": "", "STATUTE": "", "EXAMT_HS": 0, "EXAMT_NR": 0, "UVREDUC_HS": 0, "UVREDUC_NR": 0, "GLVAL_HS": 0.0, "GLVAL_NR": 0.0, "CRHOUSPCT": 0.0, "MUNGL1PCT": 0.0, "AOEGL_HS": 0.0, "AOEGL_NR": 0.0, "E911ADDR": "SOUTH ST", "SHAPE_Length": 0.003982620272518102, "SHAPE_Area": 7.594481806216171e-07}, "geometry": {"type": "MultiPolygon", "coordinates": [[[[-73.18280651199996, 43.60098823200008], [-73.18290751799998, 43.60087387800007], [-73.18318229799996, 43.602037006000046], [-73.18196191399994, 43.60211645800007], [-73.18233362299998, 43.60154861500007], [-73.18280651199996, 43.60098823200008]]]]}}, {"type": "Feature", "properties": {"OBJECTID": 29252, "SPAN": "129-040-10313", "GLIST_SPAN": "129-040-10313", "MAPID": "25-21-14", "PARCID": "252100014.", "PROPTYPE": "PARCEL", "YEAR": 2023, "GLYEAR": 2022, "TOWN": "CASTLETON", "TNAME": "Castleton", "SOURCENAME": null, "SOURCETYPE": "UNKNOWN", "SOURCEDATE": "UNKNOWN", "EDITMETHOD": "UNKNOWN", "EDITOR": "UNKNOWN", "EDITDATE": "UNKNOWN", "MATCHSTAT": "MATCH", "EDITNOTE": "UNKNOWN", "OWNER1": "COLEMAN DARLENE", "OWNER2": "BRUNO JAY A", "ADDRGL1": "532 SOUTH ST", "ADDRGL2": "", "CITYGL": "CASTLETON", "STGL": "VT", "ZIPGL": "05735", "DESCPROP": "HSE/1.20 ACRES; SOUTH ST", "LOCAPROP": "", "CAT": "Residential-1", "RESCODE": "T", "ACRESGL": 1.2, "REAL_FLV": 63400, "HSTED_FLV": 63400, "NRES_FLV": 0, "LAND_LV": 40600, "IMPRV_LV": 22800, "EQUIPVAL": 0, "EQUIPCODE": "", "INVENVAL": 0, "HSDECL": "Y", "HSITEVAL": 63400, "VETEXAMT": 0, "EXPDESC": "", "ENDDATE": "", "STATUTE": "", "EXAMT_HS": 0, "EXAMT_NR": 0, "UVREDUC_HS": 0, "UVREDUC_NR": 0, "GLVAL_HS": 634.0, "GLVAL_NR": 0.0, "CRHOUSPCT": 0.0, "MUNGL1PCT": 634.0, "AOEGL_HS": 634.0, "AOEGL_NR": 0.0, "E911ADDR": "532 SOUTH ST", "SHAPE_Length": 0.004216721714988418, "SHAPE_Area": 5.333709146222629e-07}, "geometry": {"type": "MultiPolygon", "coordinates": [[[[-73.17984149599994, 43.603206346000036], [-73.18112565499996, 43.603043392000075], [-73.18110474999997, 43.603078743000026], [-73.18092289699996, 43.60337316700003], [-73.17930744199998, 43.603580134000026], [-73.17924442199995, 43.60328210700004], [-73.17984149599994, 43.603206346000036]]]]}}, {"type": "Feature", "properties": {"OBJECTID": 29487, "SPAN": "129-040-10932", "GLIST_SPAN": "129-040-10932", "MAPID": "25-21-32", "PARCID": "252100032.", "PROPTYPE": "PARCEL", "YEAR": 2023, "GLYEAR": 2022, "TOWN": "CASTLETON", "TNAME": "Castleton", "SOURCENAME": null, "SOURCETYPE": "UNKNOWN", "SOURCEDATE": "UNKNOWN", "EDITMETHOD": "UNKNOWN", "EDITOR": "UNKNOWN", "EDITDATE": "UNKNOWN", "MATCHSTAT": "MATCH", "EDITNOTE": "UNKNOWN", "OWNER1": "GRAY FRANCES A & RICHARD F JR", "OWNER2": "GRAY DIANE ET AL", "ADDRGL1": "617 SOUTH ST", "ADDRGL2": "", "CITYGL": "CASTLETON", "STGL": "VT", "ZIPGL": "05735", "DESCPROP": "HSE/OB/.60 ACRES; SOUTH ST", "LOCAPROP": "", "CAT": "Residential-1", "RESCODE": "T", "ACRESGL": 0.75, "REAL_FLV": 115700, "HSTED_FLV": 115700, "NRES_FLV": 0, "LAND_LV": 34200, "IMPRV_LV": 81500, "EQUIPVAL": 0, "EQUIPCODE": "", "INVENVAL": 0, "HSDECL": "Y", "HSITEVAL": 115700, "VETEXAMT": 0, "EXPDESC": "", "ENDDATE": "", "STATUTE": "", "EXAMT_HS": 0, "EXAMT_NR": 0, "UVREDUC_HS": 0, "UVREDUC_NR": 0, "GLVAL_HS": 1157.0, "GLVAL_NR": 0.0, "CRHOUSPCT": 0.0, "MUNGL1PCT": 1157.0, "AOEGL_HS": 1157.0, "AOEGL_NR": 0.0, "E911ADDR": "617 SOUTH ST", "SHAPE_Length": 0.0022131395229402035, "SHAPE_Area": 2.685070645527009e-07}, "geometry": {"type": "MultiPolygon", "coordinates": [[[[-73.17843577099995, 43.60210100100005], [-73.17880805699997, 43.60206682000006], [-73.17887925499997, 43.602420136000035], [-73.17813779199997, 43.60249333000007], [-73.17806873199999, 43.60213469900003], [-73.17843577099995, 43.60210100100005]]]]}}, {"type": "Feature", "properties": {"OBJECTID": 29589, "SPAN": "129-040-11631", "GLIST_SPAN": "129-040-11631", "MAPID": "25-21-31", "PARCID": "252100031.", "PROPTYPE": "PARCEL", "YEAR": 2023, "GLYEAR": 2022, "TOWN": "CASTLETON", "TNAME": "Castleton", "SOURCENAME": null, "SOURCETYPE": "UNKNOWN", "SOURCEDATE": "UNKNOWN", "EDITMETHOD": "UNKNOWN", "EDITOR": "UNKNOWN", "EDITDATE": "UNKNOWN", "MATCHSTAT": "MATCH", "EDITNOTE": "UNKNOWN", "OWNER1": "O`ROURKE HARRY JR TRUST", "OWNER2": "", "ADDRGL1": "1683 POND HILL ROAD", "ADDRGL2": "", "CITYGL": "CASTLETON", "STGL": "VT", "ZIPGL": "05735", "DESCPROP": "LOT; SOUTH ST", "LOCAPROP": "", "CAT": "Miscellaneous", "RESCODE": "T", "ACRESGL": 0.29, "REAL_FLV": 22900, "HSTED_FLV": 0, "NRES_FLV": 22900, "LAND_LV": 22900, "IMPRV_LV": 0, "EQUIPVAL": 0, "EQUIPCODE": "", "INVENVAL": 0, "HSDECL": "N", "HSITEVAL": 0, "VETEXAMT": 0, "EXPDESC": "", "ENDDATE": "", "STATUTE": "", "EXAMT_HS": 0, "EXAMT_NR": 0, "UVREDUC_HS": 0, "UVREDUC_NR": 0, "GLVAL_HS": 0.0, "GLVAL_NR": 229.0, "CRHOUSPCT": 0.0, "MUNGL1PCT": 229.0, "AOEGL_HS": 0.0, "AOEGL_NR": 229.0, "E911ADDR": "SOUTH ST", "SHAPE_Length": 0.001575784792345216, "SHAPE_Area": 1.5385252601584653e-07}, "geometry": {"type": "MultiPolygon", "coordinates": [[[[-73.17834790499995, 43.60169725700007], [-73.17872248599997, 43.601663184000074], [-73.17879456999998, 43.60199989000006], [-73.17880805699997, 43.60206682000006], [-73.17843577099995, 43.60210100100005], [-73.17834790499995, 43.60169725700007]]]]}}, {"type": "Feature", "properties": {"OBJECTID": 29602, "SPAN": "129-040-10978", "GLIST_SPAN": "129-040-10978", "MAPID": "25-21-13", "PARCID": "252100013.", "PROPTYPE": "PARCEL", "YEAR": 2023, "GLYEAR": 2022, "TOWN": "CASTLETON", "TNAME": "Castleton", "SOURCENAME": null, "SOURCETYPE": "UNKNOWN", "SOURCEDATE": "UNKNOWN", "EDITMETHOD": "UNKNOWN", "EDITOR": "UNKNOWN", "EDITDATE": "UNKNOWN", "MATCHSTAT": "MATCH", "EDITNOTE": "UNKNOWN", "OWNER1": "GRAY THEODORE", "OWNER2": "GRAY RICHARD F & BONNIE L", "ADDRGL1": "92 FURNACE STREET", "ADDRGL2": "", "CITYGL": "POULTNEY", "STGL": "VT", "ZIPGL": "05764", "DESCPROP": "MHL 24x46 INCLUDES SD LOTS  2 3 & 4; 2", "LOCAPROP": "", "CAT": "Residential-1", "RESCODE": "T", "ACRESGL": 2.39, "REAL_FLV": 123600, "HSTED_FLV": 123600, "NRES_FLV": 0, "LAND_LV": 44200, "IMPRV_LV": 79400, "EQUIPVAL": 0, "EQUIPCODE": "", "INVENVAL": 0, "HSDECL": "Y", "HSITEVAL": 122400, "VETEXAMT": 0, "EXPDESC": "", "ENDDATE": "", "STATUTE": "", "EXAMT_HS": 0, "EXAMT_NR": 0, "UVREDUC_HS": 0, "UVREDUC_NR": 0, "GLVAL_HS": 1236.0, "GLVAL_NR": 0.0, "CRHOUSPCT": 0.0, "MUNGL1PCT": 1236.0, "AOEGL_HS": 1236.0, "AOEGL_NR": 0.0, "E911ADDR": "458 SOUTH ST", "SHAPE_Length": 0.004485072104067005, "SHAPE_Area": 1.0886614599052454e-06}, "geometry": {"type": "MultiPolygon", "coordinates": [[[[-73.17930744199998, 43.603580134000026], [-73.18092289699996, 43.60337316700003], [-73.18031639199995, 43.604355088000034], [-73.17947530899994, 43.604422071000045], [-73.17936530499998, 43.60385376800008], [-73.17930744199998, 43.603580134000026]]]]}}, {"type": "Feature", "properties": {"OBJECTID": 29670, "SPAN": "129-040-10522", "GLIST_SPAN": "129-040-10522", "MAPID": "25-21-34", "PARCID": "252100034.", "PROPTYPE": "PARCEL", "YEAR": 2023, "GLYEAR": 2022, "TOWN": "CASTLETON", "TNAME": "Castleton", "SOURCENAME": null, "SOURCETYPE": "UNKNOWN", "SOURCEDATE": "UNKNOWN", "EDITMETHOD": "UNKNOWN", "EDITOR": "UNKNOWN", "EDITDATE": "UNKNOWN", "MATCHSTAT": "MATCH", "EDITNOTE": "UNKNOWN", "OWNER1": "HEATH KALEIGH A", "OWNER2": "", "ADDRGL1": "578 SOUTH STREET", "ADDRGL2": "", "CITYGL": "CASTLETON", "STGL": "VT", "ZIPGL": "05735", "DESCPROP": "HSE/GAR/LOT; SOUTH ST", "LOCAPROP": "", "CAT": "Residential-1", "RESCODE": "T", "ACRESGL": 0.23, "REAL_FLV": 105300, "HSTED_FLV": 105300, "NRES_FLV": 0, "LAND_LV": 27700, "IMPRV_LV": 77600, "EQUIPVAL": 0, "EQUIPCODE": "", "INVENVAL": 0, "HSDECL": "Y", "HSITEVAL": 105300, "VETEXAMT": 0, "EXPDESC": "", "ENDDATE": "", "STATUTE": "", "EXAMT_HS": 0, "EXAMT_NR": 0, "UVREDUC_HS": 0, "UVREDUC_NR": 0, "GLVAL_HS": 1053.0, "GLVAL_NR": 0.0, "CRHOUSPCT": 0.0, "MUNGL1PCT": 1053.0, "AOEGL_HS": 1053.0, "AOEGL_NR": 0.0, "E911ADDR": "578 SOUTH ST", "SHAPE_Length": 0.0015674692483803423, "SHAPE_Area": 1.399704230831544e-07}, "geometry": {"type": "MultiPolygon", "coordinates": [[[[-73.17949317199998, 43.60262414400006], [-73.17962333199995, 43.602607628000044], [-73.17967827099994, 43.602879044000076], [-73.17954811199996, 43.602895559000046], [-73.17917536099998, 43.60294285700007], [-73.17912065899998, 43.602671411000074], [-73.17949317199998, 43.60262414400006]]]]}}, {"type": "Feature", "properties": {"OBJECTID": 29711, "SPAN": "129-040-10535", "GLIST_SPAN": "129-040-10535", "MAPID": "25-21-29", "PARCID": "252100029.", "PROPTYPE": "PARCEL", "YEAR": 2023, "GLYEAR": 2022, "TOWN": "CASTLETON", "TNAME": "Castleton", "SOURCENAME": null, "SOURCETYPE": "UNKNOWN", "SOURCEDATE": "UNKNOWN", "EDITMETHOD": "UNKNOWN", "EDITOR": "UNKNOWN", "EDITDATE": "UNKNOWN", "MATCHSTAT": "MATCH", "EDITNOTE": "UNKNOWN", "OWNER1": "CONNORS ALFRED J", "OWNER2": "CONNORS GARA", "ADDRGL1": "19 STASO RD", "ADDRGL2": "", "CITYGL": "CASTLETON", "STGL": "VT", "ZIPGL": "05735", "DESCPROP": "HSE/LOT; SOUTH ST", "LOCAPROP": "", "CAT": "Residential-1", "RESCODE": "T", "ACRESGL": 0.28, "REAL_FLV": 108700, "HSTED_FLV": 108700, "NRES_FLV": 0, "LAND_LV": 31400, "IMPRV_LV": 77300, "EQUIPVAL": 0, "EQUIPCODE": "", "INVENVAL": 0, "HSDECL": "Y", "HSITEVAL": 108700, "VETEXAMT": 0, "EXPDESC": "", "ENDDATE": "", "STATUTE": "", "EXAMT_HS": 0, "EXAMT_NR": 0, "UVREDUC_HS": 0, "UVREDUC_NR": 0, "GLVAL_HS": 1087.0, "GLVAL_NR": 0.0, "CRHOUSPCT": 0.0, "MUNGL1PCT": 1087.0, "AOEGL_HS": 1087.0, "AOEGL_NR": 0.0, "E911ADDR": "19 STASO RD", "SHAPE_Length": 0.0013173395806042516, "SHAPE_Area": 1.0446132378862188e-07}, "geometry": {"type": "MultiPolygon", "coordinates": [[[[-73.17829719099996, 43.60146422400004], [-73.17822593099999, 43.601136782000026], [-73.17826999899995, 43.60113714200003], [-73.17836023799998, 43.601147222000066], [-73.17843454799998, 43.60116561900003], [-73.17851441199997, 43.601190048000035], [-73.17858577499999, 43.60122688700005], [-73.17864459099997, 43.60128655200003], [-73.17865519899993, 43.60134887800007], [-73.17867258199993, 43.60143007700003], [-73.17829719099996, 43.60146422400004]]]]}}, {"type": "Feature", "properties": {"OBJECTID": 29893, "SPAN": "129-040-11812", "GLIST_SPAN": "129-040-11812", "MAPID": "25-21-30", "PARCID": "252100030.", "PROPTYPE": "PARCEL", "YEAR": 2023, "GLYEAR": 2022, "TOWN": "CASTLETON", "TNAME": "Castleton", "SOURCENAME": null, "SOURCETYPE": "UNKNOWN", "SOURCEDATE": "UNKNOWN", "EDITMETHOD": "UNKNOWN", "EDITOR": "UNKNOWN", "EDITDATE": "UNKNOWN", "MATCHSTAT": "MATCH", "EDITNOTE": "UNKNOWN", "OWNER1": "PARK SORAYA", "OWNER2": "", "ADDRGL1": "PO BOX 1123", "ADDRGL2": "", "CITYGL": "CASTLETON", "STGL": "VT", "ZIPGL": "05735", "DESCPROP": "HSE/GAR/LOT; SOUTH ST", "LOCAPROP": "", "CAT": "Residential-1", "RESCODE": "T", "ACRESGL": 0.3, "REAL_FLV": 111300, "HSTED_FLV": 111300, "NRES_FLV": 0, "LAND_LV": 28800, "IMPRV_LV": 82500, "EQUIPVAL": 0, "EQUIPCODE": "", "INVENVAL": 0, "HSDECL": "Y", "HSITEVAL": 111300, "VETEXAMT": 0, "EXPDESC": "", "ENDDATE": "", "STATUTE": "", "EXAMT_HS": 0, "EXAMT_NR": 0, "UVREDUC_HS": 0, "UVREDUC_NR": 0, "GLVAL_HS": 1113.0, "GLVAL_NR": 0.0, "CRHOUSPCT": 0.0, "MUNGL1PCT": 1113.0, "AOEGL_HS": 1113.0, "AOEGL_NR": 0.0, "E911ADDR": "653 SOUTH ST", "SHAPE_Length": 0.0012299448036825476, "SHAPE_Area": 8.911403000622787e-08}, "geometry": {"type": "MultiPolygon", "coordinates": [[[[-73.17829719099996, 43.60146422400004], [-73.17867258199993, 43.60143007700003], [-73.17872248599997, 43.601663184000074], [-73.17834790499995, 43.60169725700007], [-73.17832961199997, 43.60161320000003], [-73.17829719099996, 43.60146422400004]]]]}}, {"type": "Feature", "properties": {"OBJECTID": 29966, "SPAN": "129-040-11889", "GLIST_SPAN": "129-040-11889", "MAPID": "25-21-35", "PARCID": "252100035.", "PROPTYPE": "PARCEL", "YEAR": 2023, "GLYEAR": 2022, "TOWN": "CASTLETON", "TNAME": "Castleton", "SOURCENAME": null, "SOURCETYPE": "UNKNOWN", "SOURCEDATE": "UNKNOWN", "EDITMETHOD": "UNKNOWN", "EDITOR": "UNKNOWN", "EDITDATE": "UNKNOWN", "MATCHSTAT": "MATCH", "EDITNOTE": "UNKNOWN", "OWNER1": "RILEY TERRANCE J JR", "OWNER2": "RILEY JOANN", "ADDRGL1": "PO BOX 195", "ADDRGL2": "", "CITYGL": "CASTLETON", "STGL": "VT", "ZIPGL": "05735", "DESCPROP": "HSE/POOL/LOT; SOUTH ST", "LOCAPROP": "", "CAT": "Residential-1", "RESCODE": "T", "ACRESGL": 0.46, "REAL_FLV": 140900, "HSTED_FLV": 140900, "NRES_FLV": 0, "LAND_LV": 31400, "IMPRV_LV": 109500, "EQUIPVAL": 0, "EQUIPCODE": "", "INVENVAL": 0, "HSDECL": "Y", "HSITEVAL": 140900, "VETEXAMT": 0, "EXPDESC": "", "ENDDATE": "", "STATUTE": "", "EXAMT_HS": 0, "EXAMT_NR": 0, "UVREDUC_HS": 0, "UVREDUC_NR": 0, "GLVAL_HS": 1409.0, "GLVAL_NR": 0.0, "CRHOUSPCT": 0.0, "MUNGL1PCT": 1409.0, "AOEGL_HS": 1409.0, "AOEGL_NR": 0.0, "E911ADDR": "608 SOUTH ST", "SHAPE_Length": 0.0020540755478578687, "SHAPE_Area": 2.0716476126173283e-07}, "geometry": {"type": "MultiPolygon", "coordinates": [[[[-73.17903860799998, 43.60226424100006], [-73.17978264699997, 43.602169831000026], [-73.17983758599996, 43.60244124800005], [-73.17909330799995, 43.602535688000046], [-73.17903860799998, 43.60226424100006]]]]}}, {"type": "Feature", "properties": {"OBJECTID": 29210, "SPAN": "129-040-12323", "GLIST_SPAN": "129-040-12323", "MAPID": "25-21-12", "PARCID": "252100012.", "PROPTYPE": "PARCEL", "YEAR": 2023, "GLYEAR": 2022, "TOWN": "CASTLETON", "TNAME": "Castleton", "SOURCENAME": null, "SOURCETYPE": "UNKNOWN", "SOURCEDATE": "UNKNOWN", "EDITMETHOD": "UNKNOWN", "EDITOR": "UNKNOWN", "EDITDATE": "UNKNOWN", "MATCHSTAT": "MATCH", "EDITNOTE": "UNKNOWN", "OWNER1": "SAND HILL LLC", "OWNER2": "", "ADDRGL1": "114 MOORINGS PARK DRIVE", "ADDRGL2": "", "CITYGL": "NAPLES", "STGL": "FL", "ZIPGL": "34105", "DESCPROP": "VACANT LOT 71.75 ACRES; SAND HILL RD", "LOCAPROP": "", "CAT": "Miscellaneous", "RESCODE": "C", "ACRESGL": 71.75, "REAL_FLV": 128900, "HSTED_FLV": 0, "NRES_FLV": 128900, "LAND_LV": 128900, "IMPRV_LV": 0, "EQUIPVAL": 0, "EQUIPCODE": "", "INVENVAL": 0, "HSDECL": "N", "HSITEVAL": 0, "VETEXAMT": 0, "EXPDESC": "", "ENDDATE": "", "STATUTE": "", "EXAMT_HS": 0, "EXAMT_NR": 0, "UVREDUC_HS": 0, "UVREDUC_NR": 0, "GLVAL_HS": 0.0, "GLVAL_NR": 1289.0, "CRHOUSPCT": 0.0, "MUNGL1PCT": 1289.0, "AOEGL_HS": 0.0, "AOEGL_NR": 1289.0, "E911ADDR": "118 SAND HILL RD", "SHAPE_Length": 0.02980933535243205, "SHAPE_Area": 3.1346639096233963e-05}, "geometry": {"type": "MultiPolygon", "coordinates": [[[[-73.18577754199998, 43.609116346000064], [-73.18558147599998, 43.60798127000004], [-73.18534965599997, 43.60800483100007], [-73.18419802899996, 43.60812187100004], [-73.18404129099997, 43.608139333000054], [-73.18401567199999, 43.607582742000034], [-73.18571151899994, 43.60745960600008], [-73.18542917199994, 43.60482572800004], [-73.18497277299997, 43.60222689300008], [-73.18585017499998, 43.60218180600003], [-73.18711025199997, 43.60170102700005], [-73.18716593999994, 43.60248183700003], [-73.18719485899999, 43.60257962700007], [-73.18909314899997, 43.60275795600006], [-73.19021287199996, 43.60286313000006], [-73.19283843699998, 43.60310970100005], [-73.19182392799996, 43.60462116000008], [-73.19151517599994, 43.60508986600007], [-73.19076403399998, 43.606091020000065], [-73.19034162299994, 43.60665302000007], [-73.19021796699997, 43.60683572800008], [-73.18967570399997, 43.606750248000026], [-73.18938769399995, 43.60671210700008], [-73.18806191199997, 43.60653652600007], [-73.18786212199996, 43.60751284200006], [-73.18783012699998, 43.60770899200003], [-73.18769241899997, 43.607674960000054], [-73.18762469099994, 43.608375256000045], [-73.18711281399999, 43.608674448000045], [-73.18633259199999, 43.60899089900005], [-73.18611357999998, 43.60907972700005], [-73.18577754199998, 43.609116346000064]]]]}}, {"type": "Feature", "properties": {"OBJECTID": 29383, "SPAN": "129-040-10411", "GLIST_SPAN": "129-040-10411", "MAPID": "25-21-09", "PARCID": "252100009.", "PROPTYPE": "PARCEL", "YEAR": 2023, "GLYEAR": 2022, "TOWN": "CASTLETON", "TNAME": "Castleton", "SOURCENAME": null, "SOURCETYPE": "UNKNOWN", "SOURCEDATE": "UNKNOWN", "EDITMETHOD": "UNKNOWN", "EDITOR": "UNKNOWN", "EDITDATE": "UNKNOWN", "MATCHSTAT": "MATCH", "EDITNOTE": "UNKNOWN", "OWNER1": "CASTLETON UNIVERSITY", "OWNER2": "", "ADDRGL1": "PO BOX 20", "ADDRGL2": "", "CITYGL": "CASTLETON", "STGL": "VT", "ZIPGL": "05735", "DESCPROP": "CASTLETON COLLEGE", "LOCAPROP": "", "CAT": "Commercial", "RESCODE": "C", "ACRESGL": 67.94, "REAL_FLV": 65252100, "HSTED_FLV": 0, "NRES_FLV": 65252100, "LAND_LV": 1221500, "IMPRV_LV": 64030600, "EQUIPVAL": 0, "EQUIPCODE": "", "INVENVAL": 0, "HSDECL": "N", "HSITEVAL": 0, "VETEXAMT": 0, "EXPDESC": "", "ENDDATE": "", "STATUTE": "", "EXAMT_HS": 0, "EXAMT_NR": 0, "UVREDUC_HS": 0, "UVREDUC_NR": 0, "GLVAL_HS": 0.0, "GLVAL_NR": 0.0, "CRHOUSPCT": 0.0, "MUNGL1PCT": 0.0, "AOEGL_HS": 0.0, "AOEGL_NR": 0.0, "E911ADDR": "SOUTH ST", "SHAPE_Length": 0.02496771290032177, "SHAPE_Area": 2.9656552673653785e-05}, "geometry": {"type": "MultiPolygon", "coordinates": [[[[-73.18241335699997, 43.60917821400005], [-73.18234245399998, 43.60879961900008], [-73.18224915199994, 43.60881005700003], [-73.18215584799998, 43.608820484000034], [-73.18136449799994, 43.60889949500006], [-73.18084096999996, 43.60895242000004], [-73.18075994799995, 43.608575665000046], [-73.18020111199996, 43.608662167000034], [-73.18006748199997, 43.60795201700006], [-73.18093041099996, 43.60790222500003], [-73.18092368099997, 43.60766634600003], [-73.18078806499994, 43.60767288400007], [-73.18073372099997, 43.60712838400008], [-73.18006433499994, 43.60717156000004], [-73.17995067599998, 43.60717889000006], [-73.17989230799998, 43.606782354000075], [-73.17972777199998, 43.60579047600004], [-73.17998670699996, 43.60536565800004], [-73.18030011199994, 43.60482360300006], [-73.18133287799998, 43.60315156300004], [-73.18178672199997, 43.602384087000075], [-73.18196191399994, 43.60211645800007], [-73.18318229799996, 43.602037006000046], [-73.18324809099994, 43.60231549800005], [-73.18497277299997, 43.60222689300008], [-73.18542917199994, 43.60482572800004], [-73.18571151899994, 43.60745960600008], [-73.18401567199999, 43.607582742000034], [-73.18401289599996, 43.607522421000056], [-73.18290752799999, 43.60828612300003], [-73.18308359299994, 43.60908801800008], [-73.18290168699997, 43.60911249800006], [-73.18241335699997, 43.60917821400005]]]]}}, {"type": "Feature", "properties": {"OBJECTID": 30299, "SPAN": "129-040-12720", "GLIST_SPAN": "129-040-12720", "MAPID": "25-21-13.1", "PARCID": "252100013.1", "PROPTYPE": "PARCEL", "YEAR": 2023, "GLYEAR": 2022, "TOWN": "CASTLETON", "TNAME": "Castleton", "SOURCENAME": null, "SOURCETYPE": "UNKNOWN", "SOURCEDATE": "UNKNOWN", "EDITMETHOD": "UNKNOWN", "EDITOR": "VCGI", "EDITDATE": "20230912", "MATCHSTAT": "MATCH", "EDITNOTE": "Updated MATCHSTAT based on 2022 Grand List", "OWNER1": "CAMPBELL SEAN & JILLIAN", "OWNER2": "", "ADDRGL1": "428 SOUTH STREET", "ADDRGL2": "", "CITYGL": "CASTLETON", "STGL": "VT", "ZIPGL": "05735", "DESCPROP": "DWL BLD & .988 AC", "LOCAPROP": "", "CAT": "Residential-1", "RESCODE": "T", "ACRESGL": 0.99, "REAL_FLV": 101000, "HSTED_FLV": 0, "NRES_FLV": 101000, "LAND_LV": 39800, "IMPRV_LV": 61200, "EQUIPVAL": 0, "EQUIPCODE": "", "INVENVAL": 0, "HSDECL": "N", "HSITEVAL": 101000, "VETEXAMT": 0, "EXPDESC": "", "ENDDATE": "", "STATUTE": "", "EXAMT_HS": 0, "EXAMT_NR": 0, "UVREDUC_HS": 0, "UVREDUC_NR": 0, "GLVAL_HS": 0.0, "GLVAL_NR": 1010.0, "CRHOUSPCT": 0.0, "MUNGL1PCT": 1010.0, "AOEGL_HS": 0.0, "AOEGL_NR": 1010.0, "E911ADDR": "428 SOUTH ST", "SHAPE_Length": 0.003141706706952409, "SHAPE_Area": 4.2782733621862737e-07}, "geometry": {"type": "MultiPolygon", "coordinates": [[[[-73.17947530899994, 43.604422071000045], [-73.18031639199995, 43.604355088000034], [-73.18007156299996, 43.60475145300006], [-73.17975698999999, 43.60529552300005], [-73.17966948399999, 43.60543908200003], [-73.17962655399998, 43.60518028300004], [-73.17949180999994, 43.604507315000035], [-73.17947530899994, 43.604422071000045]]]]}}, {"type": "Feature", "properties": {"OBJECTID": 27209, "SPAN": "129-040-10118", "GLIST_SPAN": "129-040-10118", "MAPID": "25-21-27", "PARCID": "252100027.", "PROPTYPE": "PARCEL", "YEAR": 2023, "GLYEAR": 2022, "TOWN": "CASTLETON", "TNAME": "Castleton", "SOURCENAME": null, "SOURCETYPE": "UNKNOWN", "SOURCEDATE": "UNKNOWN", "EDITMETHOD": "UNKNOWN", "EDITOR": "UNKNOWN", "EDITDATE": "UNKNOWN", "MATCHSTAT": "MATCH", "EDITNOTE": "UNKNOWN", "OWNER1": "BAPTIE THOMAS R", "OWNER2": "BAPTIE MAY", "ADDRGL1": "64 STASO LNDG", "ADDRGL2": "", "CITYGL": "CASTLETON", "STGL": "VT", "ZIPGL": "05735", "DESCPROP": "HSE/LOT; STASO RD", "LOCAPROP": "", "CAT": "Residential-1", "RESCODE": "T", "ACRESGL": 0.65, "REAL_FLV": 106800, "HSTED_FLV": 106800, "NRES_FLV": 0, "LAND_LV": 36800, "IMPRV_LV": 70000, "EQUIPVAL": 0, "EQUIPCODE": "", "INVENVAL": 0, "HSDECL": "Y", "HSITEVAL": 106800, "VETEXAMT": 0, "EXPDESC": "", "ENDDATE": "", "STATUTE": "", "EXAMT_HS": 0, "EXAMT_NR": 0, "UVREDUC_HS": 0, "UVREDUC_NR": 0, "GLVAL_HS": 1068.0, "GLVAL_NR": 0.0, "CRHOUSPCT": 0.0, "MUNGL1PCT": 1068.0, "AOEGL_HS": 1068.0, "AOEGL_NR": 0.0, "E911ADDR": "64 STASO LANDING", "SHAPE_Length": 0.0022093814480518836, "SHAPE_Area": 2.879773391468087e-07}, "geometry": {"type": "MultiPolygon", "coordinates": [[[[-73.17780203399997, 43.601664406000054], [-73.17832961199997, 43.60161320000003], [-73.17834790499995, 43.60169725700007], [-73.17843577099995, 43.60210100100005], [-73.17806873199999, 43.60213469900003], [-73.17782903299997, 43.60215670600007], [-73.17776028599997, 43.60182931700007], [-73.17783513599994, 43.601822053000035], [-73.17780203399997, 43.601664406000054]]]]}}, {"type": "Feature", "properties": {"OBJECTID": 28067, "SPAN": "129-040-11113", "GLIST_SPAN": "129-040-11113", "MAPID": "25-21-24", "PARCID": "252100024.", "PROPTYPE": "PARCEL", "YEAR": 2023, "GLYEAR": 2022, "TOWN": "CASTLETON", "TNAME": "Castleton", "SOURCENAME": null, "SOURCETYPE": "UNKNOWN", "SOURCEDATE": "UNKNOWN", "EDITMETHOD": "UNKNOWN", "EDITOR": "UNKNOWN", "EDITDATE": "UNKNOWN", "MATCHSTAT": "MATCH", "EDITNOTE": "UNKNOWN", "OWNER1": "HURLEY RUSSELL W", "OWNER2": "HURLEY LYNDA J", "ADDRGL1": "12 BELLA DRIVE", "ADDRGL2": "", "CITYGL": "SABATTUS", "STGL": "ME", "ZIPGL": "04280", "DESCPROP": "DUPLEX/OB/1.07 ACRES; STASO RD", "LOCAPROP": "", "CAT": "Residential-1", "RESCODE": "NS", "ACRESGL": 1.07, "REAL_FLV": 184200, "HSTED_FLV": 0, "NRES_FLV": 184200, "LAND_LV": 43000, "IMPRV_LV": 141200, "EQUIPVAL": 0, "EQUIPCODE": "", "INVENVAL": 0, "HSDECL": "N", "HSITEVAL": 114000, "VETEXAMT": 0, "EXPDESC": "", "ENDDATE": "", "STATUTE": "", "EXAMT_HS": 0, "EXAMT_NR": 0, "UVREDUC_HS": 0, "UVREDUC_NR": 0, "GLVAL_HS": 0.0, "GLVAL_NR": 1842.0, "CRHOUSPCT": 0.0, "MUNGL1PCT": 1842.0, "AOEGL_HS": 0.0, "AOEGL_NR": 1842.0, "E911ADDR": "27 LILLIAN DR", "SHAPE_Length": 0.0029878041286626788, "SHAPE_Area": 4.879027996742923e-07}, "geometry": {"type": "MultiPolygon", "coordinates": [[[[-73.17652998599993, 43.601278464000075], [-73.17701873799996, 43.601243116000035], [-73.17712107199998, 43.60173049500003], [-73.17722366299995, 43.60221909000006], [-73.17673798899995, 43.602269137000064], [-73.17664674499997, 43.601834559000054], [-73.17652998599993, 43.601278464000075]]]]}}, {"type": "Feature", "properties": {"OBJECTID": 28278, "SPAN": "129-040-11345", "GLIST_SPAN": "129-040-11345", "MAPID": "25-21-20", "PARCID": "252100020.", "PROPTYPE": "PARCEL", "YEAR": 2023, "GLYEAR": 2022, "TOWN": "CASTLETON", "TNAME": "Castleton", "SOURCENAME": null, "SOURCETYPE": "UNKNOWN", "SOURCEDATE": "UNKNOWN", "EDITMETHOD": "UNKNOWN", "EDITOR": "UNKNOWN", "EDITDATE": "UNKNOWN", "MATCHSTAT": "MATCH", "EDITNOTE": "UNKNOWN", "OWNER1": "THOMAS JOYCE A", "OWNER2": "", "ADDRGL1": "PO BOX 24", "ADDRGL2": "", "CITYGL": "CASTLETON", "STGL": "VT", "ZIPGL": "05735", "DESCPROP": "HSE/LOT  (+25-21-19-1); STASO RD (REAR)", "LOCAPROP": "", "CAT": "Residential-1", "RESCODE": "T", "ACRESGL": 0.78, "REAL_FLV": 165300, "HSTED_FLV": 0, "NRES_FLV": 165300, "LAND_LV": 39000, "IMPRV_LV": 126300, "EQUIPVAL": 0, "EQUIPCODE": "", "INVENVAL": 0, "HSDECL": "N", "HSITEVAL": 165300, "VETEXAMT": 0, "EXPDESC": "", "ENDDATE": "", "STATUTE": "", "EXAMT_HS": 0, "EXAMT_NR": 0, "UVREDUC_HS": 0, "UVREDUC_NR": 0, "GLVAL_HS": 0.0, "GLVAL_NR": 1653.0, "CRHOUSPCT": 0.0, "MUNGL1PCT": 1653.0, "AOEGL_HS": 0.0, "AOEGL_NR": 1653.0, "E911ADDR": "99 LILLIAN DR", "SHAPE_Length": 0.0033253608697165686, "SHAPE_Area": 4.4641824175848864e-07}, "geometry": {"type": "MultiPolygon", "coordinates": [[[[-73.17483040799993, 43.60202256100007], [-73.17473868099995, 43.60142767200006], [-73.17473564499994, 43.60140308100006], [-73.17519447699993, 43.60135617200007], [-73.17528102199998, 43.60176841200007], [-73.17525582799993, 43.60176288700006], [-73.17522969899994, 43.601760616000035], [-73.17520342199998, 43.60176167100008], [-73.17517779499997, 43.601766017000045], [-73.17515359099997, 43.601773525000056], [-73.17513154299996, 43.60178396600003], [-73.17511231899994, 43.60179702500005], [-73.17509649699997, 43.601812307000046], [-73.17508455999996, 43.60182935000006], [-73.17507686399995, 43.60184763900003], [-73.17507364699998, 43.60186662000007], [-73.17507500299996, 43.60188571900005], [-73.17508089099994, 43.60190435800007], [-73.17509113399996, 43.60192197300006], [-73.17510542399998, 43.60193803400006], [-73.17512332399997, 43.60195205100007], [-73.17514429599998, 43.60196360300006], [-73.17516770599997, 43.60197234100008], [-73.17519284499997, 43.60197799800005], [-73.17521895099998, 43.60198040500006], [-73.17524523699996, 43.60197948800004], [-73.17533636599995, 43.602413557000034], [-73.17489703599995, 43.60245882100003], [-73.17483040799993, 43.60202256100007]]]]}}, {"type": "Feature", "properties": {"OBJECTID": 28296, "SPAN": "129-040-11364", "GLIST_SPAN": "129-040-11364", "MAPID": "25-21-21", "PARCID": "252100021.", "PROPTYPE": "PARCEL", "YEAR": 2023, "GLYEAR": 2022, "TOWN": "CASTLETON", "TNAME": "Castleton", "SOURCENAME": null, "SOURCETYPE": "UNKNOWN", "SOURCEDATE": "UNKNOWN", "EDITMETHOD": "UNKNOWN", "EDITOR": "UNKNOWN", "EDITDATE": "UNKNOWN", "MATCHSTAT": "MATCH", "EDITNOTE": "UNKNOWN", "OWNER1": "TAYLOR CORRINA A", "OWNER2": "", "ADDRGL1": "81 LILLIAN DR", "ADDRGL2": "", "CITYGL": "CASTLETON", "STGL": "VT", "ZIPGL": "05735", "DESCPROP": "HSE/GAR/LOT; STASO RD (REAR)", "LOCAPROP": "", "CAT": "Residential-1", "RESCODE": "T", "ACRESGL": 0.46, "REAL_FLV": 165900, "HSTED_FLV": 131964, "NRES_FLV": 33936, "LAND_LV": 33500, "IMPRV_LV": 132400, "EQUIPVAL": 0, "EQUIPCODE": "", "INVENVAL": 0, "HSDECL": "Y", "HSITEVAL": 131964, "VETEXAMT": 0, "EXPDESC": "", "ENDDATE": "", "STATUTE": "", "EXAMT_HS": 0, "EXAMT_NR": 0, "UVREDUC_HS": 0, "UVREDUC_NR": 0, "GLVAL_HS": 1320.0, "GLVAL_NR": 339.36, "CRHOUSPCT": 0.0, "MUNGL1PCT": 1659.0, "AOEGL_HS": 1320.0, "AOEGL_NR": 339.36, "E911ADDR": "81 LILLIAN DR", "SHAPE_Length": 0.0018265701838151634, "SHAPE_Area": 2.0722489961484963e-07}, "geometry": {"type": "MultiPolygon", "coordinates": [[[[-73.17524713499995, 43.601979293000056], [-73.17571240199999, 43.601931181000054], [-73.17580356999997, 43.60236541900008], [-73.17533636599995, 43.602413557000034], [-73.17524523699996, 43.60197948800004], [-73.17524713499995, 43.601979293000056]]]]}}, {"type": "Feature", "properties": {"OBJECTID": 29139, "SPAN": "129-040-12248", "GLIST_SPAN": "129-040-12248", "MAPID": "25-21-28", "PARCID": "252100028.", "PROPTYPE": "PARCEL", "YEAR": 2023, "GLYEAR": 2022, "TOWN": "CASTLETON", "TNAME": "Castleton", "SOURCENAME": null, "SOURCETYPE": "UNKNOWN", "SOURCEDATE": "UNKNOWN", "EDITMETHOD": "UNKNOWN", "EDITOR": "UNKNOWN", "EDITDATE": "UNKNOWN", "MATCHSTAT": "MATCH", "EDITNOTE": "UNKNOWN", "OWNER1": "CESIRO BRIAN T", "OWNER2": "", "ADDRGL1": "74 STASO ROAD", "ADDRGL2": "", "CITYGL": "CASTLETON", "STGL": "VT", "ZIPGL": "05735", "DESCPROP": "HSE/GAR/LOT; STASO RD", "LOCAPROP": "", "CAT": "Residential-1", "RESCODE": "T", "ACRESGL": 0.55, "REAL_FLV": 123700, "HSTED_FLV": 123700, "NRES_FLV": 0, "LAND_LV": 35000, "IMPRV_LV": 88700, "EQUIPVAL": 0, "EQUIPCODE": "", "INVENVAL": 0, "HSDECL": "Y", "HSITEVAL": 123700, "VETEXAMT": 0, "EXPDESC": "", "ENDDATE": "", "STATUTE": "", "EXAMT_HS": 0, "EXAMT_NR": 0, "UVREDUC_HS": 0, "UVREDUC_NR": 0, "GLVAL_HS": 1237.0, "GLVAL_NR": 0.0, "CRHOUSPCT": 0.0, "MUNGL1PCT": 1237.0, "AOEGL_HS": 1237.0, "AOEGL_NR": 0.0, "E911ADDR": "74 STASO LANDING", "SHAPE_Length": 0.002046460108307751, "SHAPE_Area": 2.620323246744179e-07}, "geometry": {"type": "MultiPolygon", "coordinates": [[[[-73.17797943499994, 43.60114582600005], [-73.17813521499994, 43.601136041000075], [-73.17822593099999, 43.601136782000026], [-73.17829719099996, 43.60146422400004], [-73.17832961199997, 43.60161320000003], [-73.17780203399997, 43.601664406000054], [-73.17769921799999, 43.60117476400006], [-73.17797943499994, 43.60114582600005]]]]}}, {"type": "Feature", "properties": {"OBJECTID": 29150, "SPAN": "129-040-12260", "GLIST_SPAN": "129-040-12260", "MAPID": "25-21-22.1", "PARCID": "252100022.1", "PROPTYPE": "PARCEL", "YEAR": 2023, "GLYEAR": 2022, "TOWN": "CASTLETON", "TNAME": "Castleton", "SOURCENAME": null, "SOURCETYPE": "UNKNOWN", "SOURCEDATE": "UNKNOWN", "EDITMETHOD": "UNKNOWN", "EDITOR": "UNKNOWN", "EDITDATE": "UNKNOWN", "MATCHSTAT": "MATCH", "EDITNOTE": "UNKNOWN", "OWNER1": "TRACEY ALFRED D", "OWNER2": "TRACEY KIMBERLY A", "ADDRGL1": "69 LILLIAN DR", "ADDRGL2": "", "CITYGL": "CASTLETON", "STGL": "VT", "ZIPGL": "05735", "DESCPROP": "HSE/GAR/LOT; STASO RD - REAR", "LOCAPROP": "", "CAT": "Residential-1", "RESCODE": "T", "ACRESGL": 0.46, "REAL_FLV": 140900, "HSTED_FLV": 0, "NRES_FLV": 140900, "LAND_LV": 33500, "IMPRV_LV": 107400, "EQUIPVAL": 0, "EQUIPCODE": "", "INVENVAL": 0, "HSDECL": "N", "HSITEVAL": 140900, "VETEXAMT": 0, "EXPDESC": "", "ENDDATE": "", "STATUTE": "", "EXAMT_HS": 0, "EXAMT_NR": 0, "UVREDUC_HS": 0, "UVREDUC_NR": 0, "GLVAL_HS": 0.0, "GLVAL_NR": 1409.0, "CRHOUSPCT": 0.0, "MUNGL1PCT": 1409.0, "AOEGL_HS": 0.0, "AOEGL_NR": 1409.0, "E911ADDR": "69 LILLIAN DR", "SHAPE_Length": 0.0018269604737886796, "SHAPE_Area": 2.0731570274377326e-07}, "geometry": {"type": "MultiPolygon", "coordinates": [[[[-73.17571240199999, 43.601931181000054], [-73.17617958799997, 43.601882870000054], [-73.17627079499994, 43.602317278000044], [-73.17580356999997, 43.60236541900008], [-73.17571240199999, 43.601931181000054]]]]}}, {"type": "Feature", "properties": {"OBJECTID": 29186, "SPAN": "129-040-12298", "GLIST_SPAN": "129-040-12298", "MAPID": "25-21-19", "PARCID": "252100019.", "PROPTYPE": "PARCEL", "YEAR": 2023, "GLYEAR": 2022, "TOWN": "CASTLETON", "TNAME": "Castleton", "SOURCENAME": null, "SOURCETYPE": "UNKNOWN", "SOURCEDATE": "UNKNOWN", "EDITMETHOD": "UNKNOWN", "EDITOR": "UNKNOWN", "EDITDATE": "UNKNOWN", "MATCHSTAT": "MATCH", "EDITNOTE": "UNKNOWN", "OWNER1": "VEBER MARGUERITE N", "OWNER2": "", "ADDRGL1": "127 JEFFERSON DRIVE", "ADDRGL2": "", "CITYGL": "PALMYRA", "STGL": "VA", "ZIPGL": "22963", "DESCPROP": "DUPLEX & .459AC", "LOCAPROP": "", "CAT": "Residential-1", "RESCODE": "NS", "ACRESGL": 0.46, "REAL_FLV": 171300, "HSTED_FLV": 0, "NRES_FLV": 171300, "LAND_LV": 33500, "IMPRV_LV": 137800, "EQUIPVAL": 0, "EQUIPCODE": "", "INVENVAL": 0, "HSDECL": "N", "HSITEVAL": 171300, "VETEXAMT": 0, "EXPDESC": "", "ENDDATE": "", "STATUTE": "", "EXAMT_HS": 0, "EXAMT_NR": 0, "UVREDUC_HS": 0, "UVREDUC_NR": 0, "GLVAL_HS": 0.0, "GLVAL_NR": 1713.0, "CRHOUSPCT": 0.0, "MUNGL1PCT": 1713.0, "AOEGL_HS": 0.0, "AOEGL_NR": 1713.0, "E911ADDR": "116 LILLIAN DR", "SHAPE_Length": 0.001926539383827905, "SHAPE_Area": 2.3265442516973015e-07}, "geometry": {"type": "MultiPolygon", "coordinates": [[[[-73.17519447699993, 43.60135617200007], [-73.17543298399994, 43.60133178800004], [-73.17545241399995, 43.601333734000036], [-73.17565763799996, 43.601336642000035], [-73.17568271799996, 43.60133555900006], [-73.17577749099996, 43.60178697900005], [-73.17529534899995, 43.601836656000046], [-73.17528102199998, 43.60176841200007], [-73.17519447699993, 43.60135617200007]]]]}}, {"type": "Feature", "properties": {"OBJECTID": 29501, "SPAN": "129-040-11596", "GLIST_SPAN": "129-040-11596", "MAPID": "25-21-25", "PARCID": "252100025.", "PROPTYPE": "PARCEL", "YEAR": 2023, "GLYEAR": 2022, "TOWN": "CASTLETON", "TNAME": "Castleton", "SOURCENAME": null, "SOURCETYPE": "UNKNOWN", "SOURCEDATE": "UNKNOWN", "EDITMETHOD": "UNKNOWN", "EDITOR": "UNKNOWN", "EDITDATE": "UNKNOWN", "MATCHSTAT": "MATCH", "EDITNOTE": "UNKNOWN", "OWNER1": "MURRAY EDWARD J", "OWNER2": "MURRAY SANDRA J", "ADDRGL1": "20 STASO LANDING", "ADDRGL2": "", "CITYGL": "CASTLETON", "STGL": "VT", "ZIPGL": "05735", "DESCPROP": "HSE/LOT; STASO RD", "LOCAPROP": "", "CAT": "Residential-1", "RESCODE": "T", "ACRESGL": 0.53, "REAL_FLV": 111300, "HSTED_FLV": 111300, "NRES_FLV": 0, "LAND_LV": 34700, "IMPRV_LV": 76600, "EQUIPVAL": 0, "EQUIPCODE": "", "INVENVAL": 0, "HSDECL": "Y", "HSITEVAL": 111300, "VETEXAMT": 0, "EXPDESC": "", "ENDDATE": "", "STATUTE": "", "EXAMT_HS": 0, "EXAMT_NR": 0, "UVREDUC_HS": 0, "UVREDUC_NR": 0, "GLVAL_HS": 1113.0, "GLVAL_NR": 0.0, "CRHOUSPCT": 0.0, "MUNGL1PCT": 1113.0, "AOEGL_HS": 1113.0, "AOEGL_NR": 0.0, "E911ADDR": "20 STASO LANDING", "SHAPE_Length": 0.0020647874529323997, "SHAPE_Area": 2.6411943660969863e-07}, "geometry": {"type": "MultiPolygon", "coordinates": [[[[-73.17708068399998, 43.60123863600006], [-73.17754971299996, 43.601190202000055], [-73.17765233499995, 43.60167893500005], [-73.17712107199998, 43.60173049500003], [-73.17701873799996, 43.601243116000035], [-73.17708068399998, 43.60123863600006]]]]}}, {"type": "Feature", "properties": {"OBJECTID": 29814, "SPAN": "129-040-11733", "GLIST_SPAN": "129-040-11733", "MAPID": "25-21-23", "PARCID": "252100023.", "PROPTYPE": "PARCEL", "YEAR": 2023, "GLYEAR": 2022, "TOWN": "CASTLETON", "TNAME": "Castleton", "SOURCENAME": null, "SOURCETYPE": "UNKNOWN", "SOURCEDATE": "UNKNOWN", "EDITMETHOD": "UNKNOWN", "EDITOR": "UNKNOWN", "EDITDATE": "UNKNOWN", "MATCHSTAT": "MATCH", "EDITNOTE": "UNKNOWN", "OWNER1": "KEHOE EARL J", "OWNER2": "KEHOE GLORIA J", "ADDRGL1": "161 STASO ROAD", "ADDRGL2": "", "CITYGL": "CASTLETON", "STGL": "VT", "ZIPGL": "05735", "DESCPROP": "MH/GAR/LOT; STASO RD", "LOCAPROP": "", "CAT": "Mobile Home/la", "RESCODE": "T", "ACRESGL": 0.63, "REAL_FLV": 69800, "HSTED_FLV": 69800, "NRES_FLV": 0, "LAND_LV": 38300, "IMPRV_LV": 31500, "EQUIPVAL": 0, "EQUIPCODE": "", "INVENVAL": 0, "HSDECL": "Y", "HSITEVAL": 69800, "VETEXAMT": 0, "EXPDESC": "", "ENDDATE": "", "STATUTE": "", "EXAMT_HS": 0, "EXAMT_NR": 0, "UVREDUC_HS": 0, "UVREDUC_NR": 0, "GLVAL_HS": 698.0, "GLVAL_NR": 0.0, "CRHOUSPCT": 0.0, "MUNGL1PCT": 698.0, "AOEGL_HS": 698.0, "AOEGL_NR": 0.0, "E911ADDR": "161 STASO RD", "SHAPE_Length": 0.002321410133854772, "SHAPE_Area": 3.150208728665507e-07}, "geometry": {"type": "MultiPolygon", "coordinates": [[[[-73.17642265199999, 43.60128622700006], [-73.17644605299995, 43.60128453500005], [-73.17643408099997, 43.601719324000044], [-73.17577749099996, 43.60178697900005], [-73.17568271799996, 43.60133555900006], [-73.17590989799999, 43.60132575000006], [-73.17642265199999, 43.60128622700006]]]]}}, {"type": "Feature", "properties": {"OBJECTID": 29850, "SPAN": "129-040-11765", "GLIST_SPAN": "129-040-11765", "MAPID": "25-21-26", "PARCID": "252100026.", "PROPTYPE": "PARCEL", "YEAR": 2023, "GLYEAR": 2022, "TOWN": "CASTLETON", "TNAME": "Castleton", "SOURCENAME": null, "SOURCETYPE": "UNKNOWN", "SOURCEDATE": "UNKNOWN", "EDITMETHOD": "UNKNOWN", "EDITOR": "UNKNOWN", "EDITDATE": "UNKNOWN", "MATCHSTAT": "MATCH", "EDITNOTE": "UNKNOWN", "OWNER1": "POCZOBUT RICHARD B", "OWNER2": "POCZOBUT DIANE D", "ADDRGL1": "44 STASO LNDG", "ADDRGL2": "", "CITYGL": "CASTLETON", "STGL": "VT", "ZIPGL": "05735", "DESCPROP": "HSE/LOT; STASO RD", "LOCAPROP": "", "CAT": "Residential-1", "RESCODE": "T", "ACRESGL": 0.65, "REAL_FLV": 162200, "HSTED_FLV": 162200, "NRES_FLV": 0, "LAND_LV": 36800, "IMPRV_LV": 125400, "EQUIPVAL": 0, "EQUIPCODE": "", "INVENVAL": 0, "HSDECL": "Y", "HSITEVAL": 162200, "VETEXAMT": 0, "EXPDESC": "", "ENDDATE": "", "STATUTE": "", "EXAMT_HS": 0, "EXAMT_NR": 0, "UVREDUC_HS": 0, "UVREDUC_NR": 0, "GLVAL_HS": 1622.0, "GLVAL_NR": 0.0, "CRHOUSPCT": 0.0, "MUNGL1PCT": 1622.0, "AOEGL_HS": 1622.0, "AOEGL_NR": 0.0, "E911ADDR": "44 STASO LANDING", "SHAPE_Length": 0.002212399086476149, "SHAPE_Area": 2.890384240148171e-07}, "geometry": {"type": "MultiPolygon", "coordinates": [[[[-73.17722366299995, 43.60221909000006], [-73.17712107199998, 43.60173049500003], [-73.17765233499995, 43.60167893500005], [-73.17768543699998, 43.60183658200003], [-73.17776028599997, 43.60182931700007], [-73.17782903299997, 43.60215670600007], [-73.17722366299995, 43.60221909000006]]]]}}, {"type": "Feature", "properties": {"OBJECTID": 29914, "SPAN": "129-040-11834", "GLIST_SPAN": "129-040-11834", "MAPID": "25-21-22", "PARCID": "252100022.", "PROPTYPE": "PARCEL", "YEAR": 2023, "GLYEAR": 2022, "TOWN": "CASTLETON", "TNAME": "Castleton", "SOURCENAME": null, "SOURCETYPE": "UNKNOWN", "SOURCEDATE": "UNKNOWN", "EDITMETHOD": "UNKNOWN", "EDITOR": "UNKNOWN", "EDITDATE": "UNKNOWN", "MATCHSTAT": "MATCH", "EDITNOTE": "UNKNOWN", "OWNER1": "RAY EDWARD H", "OWNER2": "RAY THERESA M", "ADDRGL1": "39 LILLIAN DRIVE", "ADDRGL2": "", "CITYGL": "CASTLETON", "STGL": "VT", "ZIPGL": "05735", "DESCPROP": "HSE/LOT; STASO RD (REAR)", "LOCAPROP": "", "CAT": "Residential-1", "RESCODE": "T", "ACRESGL": 0.46, "REAL_FLV": 152400, "HSTED_FLV": 152400, "NRES_FLV": 0, "LAND_LV": 33500, "IMPRV_LV": 118900, "EQUIPVAL": 0, "EQUIPCODE": "", "INVENVAL": 0, "HSDECL": "Y", "HSITEVAL": 152400, "VETEXAMT": 0, "EXPDESC": "", "ENDDATE": "", "STATUTE": "", "EXAMT_HS": 0, "EXAMT_NR": 0, "UVREDUC_HS": 0, "UVREDUC_NR": 0, "GLVAL_HS": 1524.0, "GLVAL_NR": 0.0, "CRHOUSPCT": 0.0, "MUNGL1PCT": 1524.0, "AOEGL_HS": 1524.0, "AOEGL_NR": 0.0, "E911ADDR": "39 LILLIAN DR", "SHAPE_Length": 0.0018272491522322728, "SHAPE_Area": 2.073839254849559e-07}, "geometry": {"type": "MultiPolygon", "coordinates": [[[[-73.17617958799997, 43.601882870000054], [-73.17664674499997, 43.601834559000054], [-73.17673798899995, 43.602269137000064], [-73.17627079499994, 43.602317278000044], [-73.17617958799997, 43.601882870000054]]]]}}, {"type": "Feature", "properties": {"OBJECTID": 184871, "SPAN": null, "GLIST_SPAN": null, "MAPID": null, "PARCID": null, "PROPTYPE": "ROW_ROAD", "YEAR": 2023, "GLYEAR": null, "TOWN": "CASTLETON", "TNAME": null, "SOURCENAME": null, "SOURCETYPE": "UNKNOWN", "SOURCEDATE": "UNKNOWN", "EDITMETHOD": "UNKNOWN", "EDITOR": "UNKNOWN", "EDITDATE": "UNKNOWN", "MATCHSTAT": "EXEMPT", "EDITNOTE": "UNKNOWN", "OWNER1": null, "OWNER2": null, "ADDRGL1": null, "ADDRGL2": null, "CITYGL": null, "STGL": null, "ZIPGL": null, "DESCPROP": null, "LOCAPROP": null, "CAT": null, "RESCODE": null, "ACRESGL": null, "REAL_FLV": null, "HSTED_FLV": null, "NRES_FLV": null, "LAND_LV": null, "IMPRV_LV": null, "EQUIPVAL": null, "EQUIPCODE": null, "INVENVAL": null, "HSDECL": null, "HSITEVAL": null, "VETEXAMT": null, "EXPDESC": null, "ENDDATE": null, "STATUTE": null, "EXAMT_HS": null, "EXAMT_NR": null, "UVREDUC_HS": null, "UVREDUC_NR": null, "GLVAL_HS": null, "GLVAL_NR": null, "CRHOUSPCT": null, "MUNGL1PCT": null, "AOEGL_HS": null, "AOEGL_NR": null, "E911ADDR": null, "SHAPE_Length": 0.00420050822871954, "SHAPE_Area": 2.822633860677756e-07}, "geometry": {"type": "MultiPolygon", "coordinates": [[[[-73.17528102199998, 43.60176841200007], [-73.17529534899995, 43.601836656000046], [-73.17577749099996, 43.60178697900005], [-73.17643408099997, 43.601719324000044], [-73.17644605299995, 43.60128453500005], [-73.17652998599993, 43.601278464000075], [-73.17664674499997, 43.601834559000054], [-73.17617958799997, 43.601882870000054], [-73.17571240199999, 43.601931181000054], [-73.17524713499995, 43.601979293000056], [-73.17524523699996, 43.60197948800004], [-73.17521895099998, 43.60198040500006], [-73.17519284499997, 43.60197799800005], [-73.17516770599997, 43.60197234100008], [-73.17514429599998, 43.60196360300006], [-73.17512332399997, 43.60195205100007], [-73.17510542399998, 43.60193803400006], [-73.17509113399996, 43.60192197300006], [-73.17508089099994, 43.60190435800007], [-73.17507500299996, 43.60188571900005], [-73.17507364699998, 43.60186662000007], [-73.17507686399995, 43.60184763900003], [-73.17508455999996, 43.60182935000006], [-73.17509649699997, 43.601812307000046], [-73.17511231899994, 43.60179702500005], [-73.17513154299996, 43.60178396600003], [-73.17515359099997, 43.601773525000056], [-73.17517779499997, 43.601766017000045], [-73.17520342199998, 43.60176167100008], [-73.17522969899994, 43.601760616000035], [-73.17525582799993, 43.60176288700006], [-73.17528102199998, 43.60176841200007]]]]}}, {"type": "Feature", "properties": {"OBJECTID": 28855, "SPAN": "129-040-11941", "GLIST_SPAN": "129-040-11941", "MAPID": "25-21-16", "PARCID": "252100016.", "PROPTYPE": "PARCEL", "YEAR": 2023, "GLYEAR": 2022, "TOWN": "CASTLETON", "TNAME": "Castleton", "SOURCENAME": null, "SOURCETYPE": "UNKNOWN", "SOURCEDATE": "UNKNOWN", "EDITMETHOD": "UNKNOWN", "EDITOR": "UNKNOWN", "EDITDATE": "UNKNOWN", "MATCHSTAT": "MATCH", "EDITNOTE": "UNKNOWN", "OWNER1": "LAMOUNTAIN JAMES E", "OWNER2": "LAMOUNTAIN ERIN", "ADDRGL1": "767 ELLIS ORCHARD DR", "ADDRGL2": "", "CITYGL": "CASTLETON", "STGL": "VT", "ZIPGL": "05735", "DESCPROP": "HSE/GAR/2.10 ACRES; STASO RD (REAR)", "LOCAPROP": "", "CAT": "Residential-1", "RESCODE": "T", "ACRESGL": 2.1, "REAL_FLV": 195200, "HSTED_FLV": 195200, "NRES_FLV": 0, "LAND_LV": 41800, "IMPRV_LV": 153400, "EQUIPVAL": 0, "EQUIPCODE": "", "INVENVAL": 0, "HSDECL": "Y", "HSITEVAL": 194900, "VETEXAMT": 0, "EXPDESC": "", "ENDDATE": "", "STATUTE": "", "EXAMT_HS": 0, "EXAMT_NR": 0, "UVREDUC_HS": 0, "UVREDUC_NR": 0, "GLVAL_HS": 1952.0, "GLVAL_NR": 0.0, "CRHOUSPCT": 0.0, "MUNGL1PCT": 1952.0, "AOEGL_HS": 1952.0, "AOEGL_NR": 0.0, "E911ADDR": "767 ELLIS ORCHARD DR", "SHAPE_Length": 0.004234982225546515, "SHAPE_Area": 9.44788427720303e-07}, "geometry": {"type": "MultiPolygon", "coordinates": [[[[-73.17175264199994, 43.603066057000035], [-73.17321441599995, 43.60286131700008], [-73.17298589999996, 43.60372055200003], [-73.17162775399999, 43.60355145200003], [-73.17175264199994, 43.603066057000035]]]]}}, {"type": "Feature", "properties": {"OBJECTID": 30256, "SPAN": "129-040-12665", "GLIST_SPAN": "129-040-12665", "MAPID": "09-01-02.B1", "PARCID": "090100002.B1", "PROPTYPE": "PARCEL", "YEAR": 2023, "GLYEAR": 2022, "TOWN": "CASTLETON", "TNAME": "Castleton", "SOURCENAME": null, "SOURCETYPE": "UNKNOWN", "SOURCEDATE": "UNKNOWN", "EDITMETHOD": "UNKNOWN", "EDITOR": "UNKNOWN", "EDITDATE": "UNKNOWN", "MATCHSTAT": "MATCH", "EDITNOTE": "UNKNOWN", "OWNER1": "MORSE TERRY W", "OWNER2": "MORSE MARY ANNE L", "ADDRGL1": "653 ELLIS ORCHARD DRIVE", "ADDRGL2": "", "CITYGL": "CASTLETON", "STGL": "VT", "ZIPGL": "05735", "DESCPROP": "HSE/LAND", "LOCAPROP": "", "CAT": "Residential-1", "RESCODE": "T", "ACRESGL": 2.03, "REAL_FLV": 233800, "HSTED_FLV": 233800, "NRES_FLV": 0, "LAND_LV": 43100, "IMPRV_LV": 190700, "EQUIPVAL": 0, "EQUIPCODE": "", "INVENVAL": 0, "HSDECL": "Y", "HSITEVAL": 233700, "VETEXAMT": 0, "EXPDESC": "", "ENDDATE": "", "STATUTE": "", "EXAMT_HS": 0, "EXAMT_NR": 0, "UVREDUC_HS": 0, "UVREDUC_NR": 0, "GLVAL_HS": 2338.0, "GLVAL_NR": 0.0, "CRHOUSPCT": 0.0, "MUNGL1PCT": 2338.0, "AOEGL_HS": 2338.0, "AOEGL_NR": 0.0, "E911ADDR": "653 ELLIS ORCHARD DR", "SHAPE_Length": 0.0040859964733628885, "SHAPE_Area": 9.164836015637759e-07}, "geometry": {"type": "MultiPolygon", "coordinates": [[[[-73.17147036899996, 43.604202636000025], [-73.17162775399999, 43.60355145200003], [-73.17298589999996, 43.60372055200003], [-73.17283080499993, 43.60437822200004], [-73.17147036899996, 43.604202636000025]]]]}}, {"type": "Feature", "properties": {"OBJECTID": 29381, "SPAN": "129-040-10410", "GLIST_SPAN": "129-040-10410", "MAPID": "25-21-08", "PARCID": "252100008.", "PROPTYPE": "PARCEL", "YEAR": 2023, "GLYEAR": 2022, "TOWN": "CASTLETON", "TNAME": "Castleton", "SOURCENAME": null, "SOURCETYPE": "UNKNOWN", "SOURCEDATE": "UNKNOWN", "EDITMETHOD": "UNKNOWN", "EDITOR": "UNKNOWN", "EDITDATE": "UNKNOWN", "MATCHSTAT": "MATCH", "EDITNOTE": "UNKNOWN", "OWNER1": "CASTLETON UNIVERSITY", "OWNER2": "", "ADDRGL1": "PO BOX 20", "ADDRGL2": "", "CITYGL": "CASTLETON", "STGL": "VT", "ZIPGL": "05735", "DESCPROP": "PRESIDENT`S HSE/MAINT BLDG", "LOCAPROP": "", "CAT": "Commercial", "RESCODE": "T", "ACRESGL": 47.24, "REAL_FLV": 1457100, "HSTED_FLV": 0, "NRES_FLV": 1457100, "LAND_LV": 572700, "IMPRV_LV": 884400, "EQUIPVAL": 0, "EQUIPCODE": "", "INVENVAL": 0, "HSDECL": "N", "HSITEVAL": 0, "VETEXAMT": 0, "EXPDESC": "", "ENDDATE": "", "STATUTE": "", "EXAMT_HS": 0, "EXAMT_NR": 0, "UVREDUC_HS": 0, "UVREDUC_NR": 0, "GLVAL_HS": 0.0, "GLVAL_NR": 0.0, "CRHOUSPCT": 0.0, "MUNGL1PCT": 0.0, "AOEGL_HS": 0.0, "AOEGL_NR": 0.0, "E911ADDR": "119 ALUMNI DR", "SHAPE_Length": 0.01975019018417277, "SHAPE_Area": 2.169763003782362e-05}, "geometry": {"type": "MultiPolygon", "coordinates": [[[[-73.17534925499996, 43.605317788000036], [-73.17489703599995, 43.60245882100003], [-73.17533636599995, 43.602413557000034], [-73.17580356999997, 43.60236541900008], [-73.17627079499994, 43.602317278000044], [-73.17673798899995, 43.602269137000064], [-73.17722366299995, 43.60221909000006], [-73.17782903299997, 43.60215670600007], [-73.17798123599994, 43.60291407100004], [-73.17896172799993, 43.60282939600006], [-73.17904295699998, 43.603232484000046], [-73.17917855299999, 43.60387373800006], [-73.17930495099995, 43.604526743000065], [-73.17943942399995, 43.60519836700007], [-73.17952002399994, 43.605684272000076], [-73.17899407599998, 43.606547084000056], [-73.17861781599998, 43.60711348600006], [-73.17806510699995, 43.60779864400007], [-73.17743280999997, 43.60850382700005], [-73.17658762899998, 43.609221827000056], [-73.17630127999996, 43.60945546700003], [-73.17534925499996, 43.605317788000036]]]]}}, {"type": "Feature", "properties": {"OBJECTID": 27108, "SPAN": "129-040-10001", "GLIST_SPAN": "129-040-10001", "MAPID": "44-50-45", "PARCID": "445000045.", "PROPTYPE": "PARCEL", "YEAR": 2023, "GLYEAR": 2022, "TOWN": "CASTLETON", "TNAME": "Castleton", "SOURCENAME": null, "SOURCETYPE": "UNKNOWN", "SOURCEDATE": "UNKNOWN", "EDITMETHOD": "UNKNOWN", "EDITOR": "UNKNOWN", "EDITDATE": "UNKNOWN", "MATCHSTAT": "MATCH", "EDITNOTE": "UNKNOWN", "OWNER1": "BRUNO MICHAEL", "OWNER2": "BRUNO ALAYNE", "ADDRGL1": "PO BOX 553", "ADDRGL2": "", "CITYGL": "BOMOSEEN", "STGL": "VT", "ZIPGL": "05732", "DESCPROP": "HSE/GAR/OB/1 ACRE; ROUTE 4A", "LOCAPROP": "", "CAT": "Residential-1", "RESCODE": "T", "ACRESGL": 1.0, "REAL_FLV": 343200, "HSTED_FLV": 0, "NRES_FLV": 343200, "LAND_LV": 110000, "IMPRV_LV": 233200, "EQUIPVAL": 0, "EQUIPCODE": "", "INVENVAL": 0, "HSDECL": "N", "HSITEVAL": 180600, "VETEXAMT": 0, "EXPDESC": "", "ENDDATE": "", "STATUTE": "", "EXAMT_HS": 0, "EXAMT_NR": 0, "UVREDUC_HS": 0, "UVREDUC_NR": 0, "GLVAL_HS": 0.0, "GLVAL_NR": 3432.0, "CRHOUSPCT": 0.0, "MUNGL1PCT": 3432.0, "AOEGL_HS": 0.0, "AOEGL_NR": 3432.0, "E911ADDR": "92 ROUTE 4A WEST", "SHAPE_Length": 0.002904987808975183, "SHAPE_Area": 4.766240223244696e-07}, "geometry": {"type": "MultiPolygon", "coordinates": [[[[-73.20965248399995, 43.609666935000064], [-73.20985069199997, 43.60875329500004], [-73.21021378999995, 43.608782957000074], [-73.21035095299999, 43.60878962500004], [-73.21026126999993, 43.60924659800003], [-73.21016799199998, 43.60972187600004], [-73.20965248399995, 43.609666935000064]]]]}}, {"type": "Feature", "properties": {"OBJECTID": 28073, "SPAN": "129-040-11119", "GLIST_SPAN": "129-040-11119", "MAPID": "44-50-54", "PARCID": "445000054.", "PROPTYPE": "PARCEL", "YEAR": 2023, "GLYEAR": 2022, "TOWN": "CASTLETON", "TNAME": "Castleton", "SOURCENAME": null, "SOURCETYPE": "UNKNOWN", "SOURCEDATE": "UNKNOWN", "EDITMETHOD": "UNKNOWN", "EDITOR": "UNKNOWN", "EDITDATE": "UNKNOWN", "MATCHSTAT": "MATCH", "EDITNOTE": "UNKNOWN", "OWNER1": "HUTCHINSON KENNETH T JR", "OWNER2": "HUTCHINSON MARY P", "ADDRGL1": "2155 MAIN ST", "ADDRGL2": "", "CITYGL": "CASTLETON", "STGL": "VT", "ZIPGL": "05735", "DESCPROP": "HSE/LOT; ROUTE 4A", "LOCAPROP": "", "CAT": "Residential-1", "RESCODE": "T", "ACRESGL": 1.8, "REAL_FLV": 84300, "HSTED_FLV": 84300, "NRES_FLV": 0, "LAND_LV": 42400, "IMPRV_LV": 41900, "EQUIPVAL": 0, "EQUIPCODE": "", "INVENVAL": 0, "HSDECL": "Y", "HSITEVAL": 84300, "VETEXAMT": 0, "EXPDESC": "", "ENDDATE": "", "STATUTE": "", "EXAMT_HS": 0, "EXAMT_NR": 0, "UVREDUC_HS": 0, "UVREDUC_NR": 0, "GLVAL_HS": 843.0, "GLVAL_NR": 0.0, "CRHOUSPCT": 0.0, "MUNGL1PCT": 843.0, "AOEGL_HS": 843.0, "AOEGL_NR": 0.0, "E911ADDR": "2155 MAIN ST", "SHAPE_Length": 0.0023149593284170463, "SHAPE_Area": 3.078412309883874e-07}, "geometry": {"type": "MultiPolygon", "coordinates": [[[[-73.20718444799996, 43.60768003000004], [-73.20770727599995, 43.607640150000066], [-73.20769148099998, 43.60778116700004], [-73.20764198299997, 43.60823433300004], [-73.20705721599995, 43.608160818000044], [-73.20706003099997, 43.60810999600005], [-73.20707612599995, 43.60781943600006], [-73.20720730699998, 43.60780789200004], [-73.20718444799996, 43.60768003000004]]]]}}, {"type": "Feature", "properties": {"OBJECTID": 28146, "SPAN": "129-040-11198", "GLIST_SPAN": "129-040-11198", "MAPID": "44-50-42.1", "PARCID": "445000042.1", "PROPTYPE": "PARCEL", "YEAR": 2023, "GLYEAR": 2022, "TOWN": "CASTLETON", "TNAME": "Castleton", "SOURCENAME": null, "SOURCETYPE": "UNKNOWN", "SOURCEDATE": "UNKNOWN", "EDITMETHOD": "UNKNOWN", "EDITOR": "UNKNOWN", "EDITDATE": "UNKNOWN", "MATCHSTAT": "MATCH", "EDITNOTE": "UNKNOWN", "OWNER1": "GONDAL PETROLEUM INC.", "OWNER2": "C/O CASTLETON CORNER PROPERTIES LLC", "ADDRGL1": "16 ROUTE 4A", "ADDRGL2": "", "CITYGL": "CASTLETON", "STGL": "VT", "ZIPGL": "05735", "DESCPROP": "DELI/GAS/BOTTLE RET/STORAGE/ COR RTES 4A", "LOCAPROP": "", "CAT": "Commercial", "RESCODE": "C", "ACRESGL": 0.46, "REAL_FLV": 325100, "HSTED_FLV": 0, "NRES_FLV": 325100, "LAND_LV": 172500, "IMPRV_LV": 152600, "EQUIPVAL": 0, "EQUIPCODE": "", "INVENVAL": 0, "HSDECL": "N", "HSITEVAL": 0, "VETEXAMT": 0, "EXPDESC": "", "ENDDATE": "", "STATUTE": "", "EXAMT_HS": 0, "EXAMT_NR": 0, "UVREDUC_HS": 0, "UVREDUC_NR": 0, "GLVAL_HS": 0.0, "GLVAL_NR": 3251.0, "CRHOUSPCT": 0.0, "MUNGL1PCT": 3251.0, "AOEGL_HS": 0.0, "AOEGL_NR": 3251.0, "E911ADDR": "16 ROUTE 4A WEST", "SHAPE_Length": 0.002013510812245107, "SHAPE_Area": 2.2031719627949167e-07}, "geometry": {"type": "MultiPolygon", "coordinates": [[[[-73.20844783499996, 43.60889375000005], [-73.20851012799994, 43.608621879000054], [-73.20872937999997, 43.60862159900006], [-73.20905069099996, 43.60866187600004], [-73.20900015299998, 43.60886617500006], [-73.20895528699998, 43.60886160300004], [-73.20888688199994, 43.60912252800006], [-73.20874873699995, 43.60910745600006], [-73.20876279499998, 43.60904519200005], [-73.20842190499997, 43.60901184200003], [-73.20844783499996, 43.60889375000005]]]]}}, {"type": "Feature", "properties": {"OBJECTID": 28204, "SPAN": "129-040-11262", "GLIST_SPAN": "129-040-11262", "MAPID": "43-50-44", "PARCID": "435000044.", "PROPTYPE": "PARCEL", "YEAR": 2023, "GLYEAR": 2022, "TOWN": "CASTLETON", "TNAME": "Castleton", "SOURCENAME": null, "SOURCETYPE": "UNKNOWN", "SOURCEDATE": "UNKNOWN", "EDITMETHOD": "UNKNOWN", "EDITOR": "UNKNOWN", "EDITDATE": "UNKNOWN", "MATCHSTAT": "MATCH", "EDITNOTE": "UNKNOWN", "OWNER1": "KUEHN JONATHAN A", "OWNER2": "", "ADDRGL1": "PO BOX 7", "ADDRGL2": "", "CITYGL": "BOMOSEEN", "STGL": "VT", "ZIPGL": "05732", "DESCPROP": "HSE/LOT; ROUTE 4A", "LOCAPROP": "", "CAT": "Residential-1", "RESCODE": "T", "ACRESGL": 0.62, "REAL_FLV": 154300, "HSTED_FLV": 154300, "NRES_FLV": 0, "LAND_LV": 33900, "IMPRV_LV": 120400, "EQUIPVAL": 0, "EQUIPCODE": "", "INVENVAL": 0, "HSDECL": "Y", "HSITEVAL": 154300, "VETEXAMT": 0, "EXPDESC": "", "ENDDATE": "", "STATUTE": "", "EXAMT_HS": 0, "EXAMT_NR": 0, "UVREDUC_HS": 0, "UVREDUC_NR": 0, "GLVAL_HS": 1543.0, "GLVAL_NR": 0.0, "CRHOUSPCT": 0.0, "MUNGL1PCT": 1543.0, "AOEGL_HS": 1543.0, "AOEGL_NR": 0.0, "E911ADDR": "106 ROUTE 4A WEST", "SHAPE_Length": 0.002052281896583644, "SHAPE_Area": 2.51240294979532e-07}, "geometry": {"type": "MultiPolygon", "coordinates": [[[[-73.21026126999993, 43.60924659800003], [-73.21035095299999, 43.60878962500004], [-73.21054217999995, 43.60879892100007], [-73.21074801399999, 43.60880543500008], [-73.21091134499994, 43.60931541300005], [-73.21026126999993, 43.60924659800003]]]]}}, {"type": "Feature", "properties": {"OBJECTID": 28237, "SPAN": "129-040-11300", "GLIST_SPAN": "129-040-11300", "MAPID": "44-50-52", "PARCID": "445000052.", "PROPTYPE": "PARCEL", "YEAR": 2023, "GLYEAR": 2022, "TOWN": "CASTLETON", "TNAME": "Castleton", "SOURCENAME": null, "SOURCETYPE": "UNKNOWN", "SOURCEDATE": "UNKNOWN", "EDITMETHOD": "UNKNOWN", "EDITOR": "UNKNOWN", "EDITDATE": "UNKNOWN", "MATCHSTAT": "MATCH", "EDITNOTE": "UNKNOWN", "OWNER1": "SAMMIS JARROD E", "OWNER2": "", "ADDRGL1": "PO BOX 14", "ADDRGL2": "", "CITYGL": "FAIR HAVEN", "STGL": "VT", "ZIPGL": "05743", "DESCPROP": "HSE/OB/LOT; ROUTE 4A", "LOCAPROP": "", "CAT": "Residential-1", "RESCODE": "S", "ACRESGL": 0.17, "REAL_FLV": 50600, "HSTED_FLV": 50600, "NRES_FLV": 0, "LAND_LV": 24000, "IMPRV_LV": 26600, "EQUIPVAL": 0, "EQUIPCODE": "", "INVENVAL": 0, "HSDECL": "Y", "HSITEVAL": 50600, "VETEXAMT": 0, "EXPDESC": "", "ENDDATE": "", "STATUTE": "", "EXAMT_HS": 0, "EXAMT_NR": 0, "UVREDUC_HS": 0, "UVREDUC_NR": 0, "GLVAL_HS": 506.0, "GLVAL_NR": 0.0, "CRHOUSPCT": 0.0, "MUNGL1PCT": 506.0, "AOEGL_HS": 506.0, "AOEGL_NR": 0.0, "E911ADDR": "2191 MAIN ST", "SHAPE_Length": 0.0016151302422443615, "SHAPE_Area": 1.4549088047921252e-07}, "geometry": {"type": "MultiPolygon", "coordinates": [[[[-73.20791262599994, 43.60776177500003], [-73.20818249799999, 43.60773810900008], [-73.20813682499994, 43.60829654100007], [-73.20785778299995, 43.60826146200003], [-73.20791262599994, 43.60776177500003]]]]}}, {"type": "Feature", "properties": {"OBJECTID": 28331, "SPAN": "129-040-11403", "GLIST_SPAN": "129-040-11403", "MAPID": "44-50-41", "PARCID": "445000041.", "PROPTYPE": "PARCEL", "YEAR": 2023, "GLYEAR": 2022, "TOWN": "CASTLETON", "TNAME": "Castleton", "SOURCENAME": null, "SOURCETYPE": "UNKNOWN", "SOURCEDATE": "UNKNOWN", "EDITMETHOD": "UNKNOWN", "EDITOR": "UNKNOWN", "EDITDATE": "UNKNOWN", "MATCHSTAT": "MATCH", "EDITNOTE": "UNKNOWN", "OWNER1": "M T ASSOCIATES LLC", "OWNER2": "MIDWY OIL CORP DBA", "ADDRGL1": "217 NORTH MAIN ST", "ADDRGL2": "", "CITYGL": "RUTLAND", "STGL": "VT", "ZIPGL": "05701", "DESCPROP": "DUNKIN DONUTS/GAS/LOT; ROUTE 4A", "LOCAPROP": "", "CAT": "Commercial", "RESCODE": "S", "ACRESGL": 0.43, "REAL_FLV": 535400, "HSTED_FLV": 0, "NRES_FLV": 535400, "LAND_LV": 84900, "IMPRV_LV": 450500, "EQUIPVAL": 0, "EQUIPCODE": "", "INVENVAL": 0, "HSDECL": "N", "HSITEVAL": 0, "VETEXAMT": 0, "EXPDESC": "", "ENDDATE": "", "STATUTE": "", "EXAMT_HS": 0, "EXAMT_NR": 0, "UVREDUC_HS": 0, "UVREDUC_NR": 0, "GLVAL_HS": 0.0, "GLVAL_NR": 5354.0, "CRHOUSPCT": 0.0, "MUNGL1PCT": 5354.0, "AOEGL_HS": 0.0, "AOEGL_NR": 5354.0, "E911ADDR": "2194 MAIN ST", "SHAPE_Length": 0.0018878898140215106, "SHAPE_Area": 2.0404827797951766e-07}, "geometry": {"type": "MultiPolygon", "coordinates": [[[[-73.20764241299997, 43.60885698700008], [-73.20773559099996, 43.60852451100004], [-73.20832411299995, 43.60859849500008], [-73.20826151799997, 43.60887168100004], [-73.20824899899998, 43.60892869700007], [-73.20764241299997, 43.60885698700008]]]]}}, {"type": "Feature", "properties": {"OBJECTID": 28368, "SPAN": "129-040-11445", "GLIST_SPAN": "129-040-11445", "MAPID": "44-50-38", "PARCID": "445000038.", "PROPTYPE": "PARCEL", "YEAR": 2023, "GLYEAR": 2022, "TOWN": "CASTLETON", "TNAME": "Castleton", "SOURCENAME": null, "SOURCETYPE": "UNKNOWN", "SOURCEDATE": "UNKNOWN", "EDITMETHOD": "UNKNOWN", "EDITOR": "UNKNOWN", "EDITDATE": "UNKNOWN", "MATCHSTAT": "MATCH", "EDITNOTE": "UNKNOWN", "OWNER1": "MARCY DEAN R", "OWNER2": "MARCY JULIE M", "ADDRGL1": "2138 MAIN ST", "ADDRGL2": "", "CITYGL": "CASTLETON", "STGL": "VT", "ZIPGL": "05735", "DESCPROP": "HSE/OB/1.10 ACRES; ROUTE 4A", "LOCAPROP": "", "CAT": "Residential-1", "RESCODE": "T", "ACRESGL": 1.63, "REAL_FLV": 208400, "HSTED_FLV": 208400, "NRES_FLV": 0, "LAND_LV": 41900, "IMPRV_LV": 166500, "EQUIPVAL": 0, "EQUIPCODE": "", "INVENVAL": 0, "HSDECL": "Y", "HSITEVAL": 208400, "VETEXAMT": 0, "EXPDESC": "", "ENDDATE": "", "STATUTE": "", "EXAMT_HS": 0, "EXAMT_NR": 0, "UVREDUC_HS": 0, "UVREDUC_NR": 0, "GLVAL_HS": 2084.0, "GLVAL_NR": 0.0, "CRHOUSPCT": 0.0, "MUNGL1PCT": 2084.0, "AOEGL_HS": 2084.0, "AOEGL_NR": 0.0, "E911ADDR": "2138 MAIN ST", "SHAPE_Length": 0.0033273277580520067, "SHAPE_Area": 6.810971339211707e-07}, "geometry": {"type": "MultiPolygon", "coordinates": [[[[-73.20623080699994, 43.609261350000054], [-73.20646249599997, 43.608370034000075], [-73.20671412799999, 43.608396095000046], [-73.20715933099996, 43.60845206600004], [-73.20699518499998, 43.60937013300003], [-73.20623080699994, 43.609261350000054]]]]}}, {"type": "Feature", "properties": {"OBJECTID": 28431, "SPAN": "129-040-10145", "GLIST_SPAN": "129-040-10145", "MAPID": "44-50-51.3", "PARCID": "445000051.3", "PROPTYPE": "PARCEL", "YEAR": 2023, "GLYEAR": 2022, "TOWN": "CASTLETON", "TNAME": "Castleton", "SOURCENAME": null, "SOURCETYPE": "UNKNOWN", "SOURCEDATE": "UNKNOWN", "EDITMETHOD": "UNKNOWN", "EDITOR": "UNKNOWN", "EDITDATE": "UNKNOWN", "MATCHSTAT": "MATCH", "EDITNOTE": "UNKNOWN", "OWNER1": "SCARBOROUGH JOHN", "OWNER2": "SCARBOROUGH ROBYN L", "ADDRGL1": "PO BOX 503", "ADDRGL2": "", "CITYGL": "BOMOSEEN", "STGL": "VT", "ZIPGL": "05732", "DESCPROP": "HSE/SHED/GAR/1.02 ACRES; ROUTE 30S", "LOCAPROP": "", "CAT": "Residential-1", "RESCODE": "T", "ACRESGL": 1.02, "REAL_FLV": 136200, "HSTED_FLV": 136200, "NRES_FLV": 0, "LAND_LV": 35100, "IMPRV_LV": 101100, "EQUIPVAL": 0, "EQUIPCODE": "", "INVENVAL": 0, "HSDECL": "Y", "HSITEVAL": 136200, "VETEXAMT": 0, "EXPDESC": "", "ENDDATE": "", "STATUTE": "", "EXAMT_HS": 0, "EXAMT_NR": 0, "UVREDUC_HS": 0, "UVREDUC_NR": 0, "GLVAL_HS": 1362.0, "GLVAL_NR": 0.0, "CRHOUSPCT": 0.0, "MUNGL1PCT": 1362.0, "AOEGL_HS": 1362.0, "AOEGL_NR": 0.0, "E911ADDR": "69 ROUTE 30 SOUTH", "SHAPE_Length": 0.0036312107000599264, "SHAPE_Area": 4.7372329499437964e-07}, "geometry": {"type": "MultiPolygon", "coordinates": [[[[-73.20769148099998, 43.60778116700004], [-73.20770727599995, 43.607640150000066], [-73.20718444799996, 43.60768003000004], [-73.20712559699996, 43.607350849000056], [-73.20859889099995, 43.60739923600005], [-73.20852819499999, 43.60770779200004], [-73.20818249799999, 43.60773810900008], [-73.20791262599994, 43.60776177500003], [-73.20769148099998, 43.60778116700004]]]]}}, {"type": "Feature", "properties": {"OBJECTID": 28486, "SPAN": "129-040-10653", "GLIST_SPAN": "129-040-10653", "MAPID": "43-50-11", "PARCID": "435000011.", "PROPTYPE": "PARCEL", "YEAR": 2023, "GLYEAR": 2022, "TOWN": "CASTLETON", "TNAME": "Castleton", "SOURCENAME": null, "SOURCETYPE": "UNKNOWN", "SOURCEDATE": "UNKNOWN", "EDITMETHOD": "UNKNOWN", "EDITOR": "UNKNOWN", "EDITDATE": "UNKNOWN", "MATCHSTAT": "MATCH", "EDITNOTE": "UNKNOWN", "OWNER1": "ROGERS STEPHEN R", "OWNER2": "ROGERS CINDY M", "ADDRGL1": "PO BOX 622", "ADDRGL2": "", "CITYGL": "BOMOSEEN", "STGL": "VT", "ZIPGL": "05732", "DESCPROP": "HSE/OB/1.93 ACRES; ROUTE 4A", "LOCAPROP": "", "CAT": "Residential-1", "RESCODE": "T", "ACRESGL": 1.93, "REAL_FLV": 218200, "HSTED_FLV": 218200, "NRES_FLV": 0, "LAND_LV": 42800, "IMPRV_LV": 175400, "EQUIPVAL": 0, "EQUIPCODE": "", "INVENVAL": 0, "HSDECL": "Y", "HSITEVAL": 218200, "VETEXAMT": 0, "EXPDESC": "", "ENDDATE": "", "STATUTE": "", "EXAMT_HS": 0, "EXAMT_NR": 0, "UVREDUC_HS": 0, "UVREDUC_NR": 0, "GLVAL_HS": 2182.0, "GLVAL_NR": 0.0, "CRHOUSPCT": 0.0, "MUNGL1PCT": 2182.0, "AOEGL_HS": 2182.0, "AOEGL_NR": 0.0, "E911ADDR": "118 ROUTE 4A WEST", "SHAPE_Length": 0.005101917945249235, "SHAPE_Area": 8.794009635156995e-07}, "geometry": {"type": "MultiPolygon", "coordinates": [[[[-73.21016799199998, 43.60972187600004], [-73.21026126999993, 43.60924659800003], [-73.21091134499994, 43.60931541300005], [-73.21074801399999, 43.60880543500008], [-73.21084165899998, 43.608808398000065], [-73.21095410099997, 43.60915835700007], [-73.21100903699994, 43.60932933400005], [-73.21112920899998, 43.60970334600006], [-73.21129501499996, 43.60969588000006], [-73.21138168699997, 43.60969197700007], [-73.21151097499995, 43.61008415600003], [-73.21112972299994, 43.61007849900005], [-73.21011132099994, 43.610045728000046], [-73.21016799199998, 43.60972187600004]]]]}}, {"type": "Feature", "properties": {"OBJECTID": 28557, "SPAN": "129-040-10729", "GLIST_SPAN": "129-040-10729", "MAPID": "44-50-44", "PARCID": "445000044.", "PROPTYPE": "PARCEL", "YEAR": 2023, "GLYEAR": 2022, "TOWN": "CASTLETON", "TNAME": "Castleton", "SOURCENAME": null, "SOURCETYPE": "UNKNOWN", "SOURCEDATE": "UNKNOWN", "EDITMETHOD": "UNKNOWN", "EDITOR": "UNKNOWN", "EDITDATE": "UNKNOWN", "MATCHSTAT": "MATCH", "EDITNOTE": "UNKNOWN", "OWNER1": "COLLETTE S REBECCA", "OWNER2": "", "ADDRGL1": "446 DELANCEY RD", "ADDRGL2": "", "CITYGL": "SUDBURY", "STGL": "VT", "ZIPGL": "05733", "DESCPROP": "APTS/OB/.89 ACRE; ROUTE 4A", "LOCAPROP": "", "CAT": "Residential-1", "RESCODE": "S", "ACRESGL": 0.89, "REAL_FLV": 205800, "HSTED_FLV": 0, "NRES_FLV": 205800, "LAND_LV": 105200, "IMPRV_LV": 100600, "EQUIPVAL": 0, "EQUIPCODE": "", "INVENVAL": 0, "HSDECL": "N", "HSITEVAL": 205800, "VETEXAMT": 0, "EXPDESC": "", "ENDDATE": "", "STATUTE": "", "EXAMT_HS": 0, "EXAMT_NR": 0, "UVREDUC_HS": 0, "UVREDUC_NR": 0, "GLVAL_HS": 0.0, "GLVAL_NR": 2058.0, "CRHOUSPCT": 0.0, "MUNGL1PCT": 2058.0, "AOEGL_HS": 0.0, "AOEGL_NR": 2058.0, "E911ADDR": "68 ROUTE 4A WEST", "SHAPE_Length": 0.002806660670357369, "SHAPE_Area": 4.3754141699828983e-07}, "geometry": {"type": "MultiPolygon", "coordinates": [[[[-73.20917401399998, 43.60960050500006], [-73.20938602899997, 43.60870391000003], [-73.20964777499995, 43.608736718000046], [-73.20985069199997, 43.60875329500004], [-73.20965248399995, 43.609666935000064], [-73.20917401399998, 43.60960050500006]]]]}}, {"type": "Feature", "properties": {"OBJECTID": 28634, "SPAN": "129-040-10199", "GLIST_SPAN": "129-040-10199", "MAPID": "44-50-42", "PARCID": "445000042.", "PROPTYPE": "PARCEL", "YEAR": 2023, "GLYEAR": 2022, "TOWN": "CASTLETON", "TNAME": "Castleton", "SOURCENAME": null, "SOURCETYPE": "UNKNOWN", "SOURCEDATE": "UNKNOWN", "EDITMETHOD": "UNKNOWN", "EDITOR": "UNKNOWN", "EDITDATE": "UNKNOWN", "MATCHSTAT": "MATCH", "EDITNOTE": "UNKNOWN", "OWNER1": "LEVEL 7 LLC", "OWNER2": "ATTN: BIRD WENDA", "ADDRGL1": "PO BOX 600", "ADDRGL2": "", "CITYGL": "BOMOSEEN", "STGL": "VT", "ZIPGL": "05732", "DESCPROP": "RLTY OFF/WRE HSE/HSE/.48A; ROUTE 30N", "LOCAPROP": "", "CAT": "Commercial", "RESCODE": "S", "ACRESGL": 0.9, "REAL_FLV": 321200, "HSTED_FLV": 0, "NRES_FLV": 321200, "LAND_LV": 105600, "IMPRV_LV": 215600, "EQUIPVAL": 0, "EQUIPCODE": "", "INVENVAL": 0, "HSDECL": "N", "HSITEVAL": 0, "VETEXAMT": 0, "EXPDESC": "", "ENDDATE": "", "STATUTE": "", "EXAMT_HS": 0, "EXAMT_NR": 0, "UVREDUC_HS": 0, "UVREDUC_NR": 0, "GLVAL_HS": 0.0, "GLVAL_NR": 3212.0, "CRHOUSPCT": 0.0, "MUNGL1PCT": 3212.0, "AOEGL_HS": 0.0, "AOEGL_NR": 3212.0, "E911ADDR": "55 ROUTE 30 NORTH", "SHAPE_Length": 0.0019481764174847115, "SHAPE_Area": 2.273335422463306e-07}, "geometry": {"type": "MultiPolygon", "coordinates": [[[[-73.20831872799994, 43.60948175100003], [-73.20842190499997, 43.60901184200003], [-73.20876279499998, 43.60904519200005], [-73.20874873699995, 43.60910745600006], [-73.20888688199994, 43.60912252800006], [-73.20880111399998, 43.60954873000003], [-73.20831872799994, 43.60948175100003]]]]}}, {"type": "Feature", "properties": {"OBJECTID": 28841, "SPAN": "129-040-10297", "GLIST_SPAN": "129-040-10297", "MAPID": "44-50-51", "PARCID": "445000051.", "PROPTYPE": "PARCEL", "YEAR": 2023, "GLYEAR": 2022, "TOWN": "CASTLETON", "TNAME": "Castleton", "SOURCENAME": null, "SOURCETYPE": "UNKNOWN", "SOURCEDATE": "UNKNOWN", "EDITMETHOD": "UNKNOWN", "EDITOR": "UNKNOWN", "EDITDATE": "UNKNOWN", "MATCHSTAT": "MATCH", "EDITNOTE": "UNKNOWN", "OWNER1": "BROWN MICHAEL", "OWNER2": "BROWN ROBIN", "ADDRGL1": "109 ROUTE 30 S", "ADDRGL2": "", "CITYGL": "BOMOSEEN", "STGL": "VT", "ZIPGL": "05732", "DESCPROP": "MH/LOT; ROUTE 30S", "LOCAPROP": "", "CAT": "Residential-1", "RESCODE": "T", "ACRESGL": 1.03, "REAL_FLV": 120200, "HSTED_FLV": 120200, "NRES_FLV": 0, "LAND_LV": 35100, "IMPRV_LV": 85100, "EQUIPVAL": 0, "EQUIPCODE": "", "INVENVAL": 0, "HSDECL": "Y", "HSITEVAL": 120200, "VETEXAMT": 0, "EXPDESC": "", "ENDDATE": "", "STATUTE": "", "EXAMT_HS": 0, "EXAMT_NR": 0, "UVREDUC_HS": 0, "UVREDUC_NR": 0, "GLVAL_HS": 1202.0, "GLVAL_NR": 0.0, "CRHOUSPCT": 0.0, "MUNGL1PCT": 1202.0, "AOEGL_HS": 1202.0, "AOEGL_NR": 0.0, "E911ADDR": "109 ROUTE 30 SOUTH", "SHAPE_Length": 0.003956706359229026, "SHAPE_Area": 4.5879946228450504e-07}, "geometry": {"type": "MultiPolygon", "coordinates": [[[[-73.20788904499994, 43.60672591000008], [-73.20875647699995, 43.606684073000054], [-73.20866824799998, 43.60709070900003], [-73.20707404299998, 43.607062477000056], [-73.20704972499993, 43.60692645200004], [-73.20783125999998, 43.60687083500005], [-73.20788904499994, 43.60672591000008]]]]}}, {"type": "Feature", "properties": {"OBJECTID": 28858, "SPAN": "129-040-11944", "GLIST_SPAN": "129-040-11944", "MAPID": "44-50-53", "PARCID": "445000053.", "PROPTYPE": "PARCEL", "YEAR": 2023, "GLYEAR": 2022, "TOWN": "CASTLETON", "TNAME": "Castleton", "SOURCENAME": null, "SOURCETYPE": "UNKNOWN", "SOURCEDATE": "UNKNOWN", "EDITMETHOD": "UNKNOWN", "EDITOR": "UNKNOWN", "EDITDATE": "UNKNOWN", "MATCHSTAT": "MATCH", "EDITNOTE": "UNKNOWN", "OWNER1": "CHAMPINE KARL D", "OWNER2": "", "ADDRGL1": "255 CLARENDON AVENUE", "ADDRGL2": "", "CITYGL": "WEST RUTLAND", "STGL": "VT", "ZIPGL": "05777", "DESCPROP": "COMM BUSINESS/LAND", "LOCAPROP": "", "CAT": "Commercial", "RESCODE": "S", "ACRESGL": 0.25, "REAL_FLV": 47500, "HSTED_FLV": 0, "NRES_FLV": 47500, "LAND_LV": 38500, "IMPRV_LV": 9000, "EQUIPVAL": 0, "EQUIPCODE": "", "INVENVAL": 0, "HSDECL": "N", "HSITEVAL": 0, "VETEXAMT": 0, "EXPDESC": "", "ENDDATE": "", "STATUTE": "", "EXAMT_HS": 0, "EXAMT_NR": 0, "UVREDUC_HS": 0, "UVREDUC_NR": 0, "GLVAL_HS": 0.0, "GLVAL_NR": 475.0, "CRHOUSPCT": 0.0, "MUNGL1PCT": 475.0, "AOEGL_HS": 0.0, "AOEGL_NR": 475.0, "E911ADDR": "2175 MAIN ST", "SHAPE_Length": 0.0013980410380057338, "SHAPE_Area": 1.0428791008404459e-07}, "geometry": {"type": "MultiPolygon", "coordinates": [[[[-73.20769148099998, 43.60778116700004], [-73.20791262599994, 43.60776177500003], [-73.20785778299995, 43.60826146200003], [-73.20764198299997, 43.60823433300004], [-73.20769148099998, 43.60778116700004]]]]}}, {"type": "Feature", "properties": {"OBJECTID": 28874, "SPAN": "129-040-11961", "GLIST_SPAN": "129-040-11961", "MAPID": "43-50-43", "PARCID": "435000043.", "PROPTYPE": "PARCEL", "YEAR": 2023, "GLYEAR": 2022, "TOWN": "CASTLETON", "TNAME": "Castleton", "SOURCENAME": null, "SOURCETYPE": "UNKNOWN", "SOURCEDATE": "UNKNOWN", "EDITMETHOD": "UNKNOWN", "EDITOR": "UNKNOWN", "EDITDATE": "UNKNOWN", "MATCHSTAT": "MATCH", "EDITNOTE": "UNKNOWN", "OWNER1": "BLOOMER JR ROBERT A.", "OWNER2": "", "ADDRGL1": "134 ROUTE 4 A WEST", "ADDRGL2": "", "CITYGL": "CASTLETON", "STGL": "VT", "ZIPGL": "05735", "DESCPROP": "HSE/GAR/LOT; ROUTE 4A", "LOCAPROP": "", "CAT": "Residential-1", "RESCODE": "T", "ACRESGL": 0.5, "REAL_FLV": 90700, "HSTED_FLV": 90700, "NRES_FLV": 0, "LAND_LV": 32000, "IMPRV_LV": 58700, "EQUIPVAL": 0, "EQUIPCODE": "", "INVENVAL": 0, "HSDECL": "Y", "HSITEVAL": 90700, "VETEXAMT": 0, "EXPDESC": "", "ENDDATE": "", "STATUTE": "", "EXAMT_HS": 0, "EXAMT_NR": 0, "UVREDUC_HS": 0, "UVREDUC_NR": 0, "GLVAL_HS": 907.0, "GLVAL_NR": 0.0, "CRHOUSPCT": 0.0, "MUNGL1PCT": 907.0, "AOEGL_HS": 907.0, "AOEGL_NR": 0.0, "E911ADDR": "134 ROUTE 4A WEST", "SHAPE_Length": 0.00227816819741192, "SHAPE_Area": 1.9418105864307775e-07}, "geometry": {"type": "MultiPolygon", "coordinates": [[[[-73.21095410099997, 43.60915835700007], [-73.21084165899998, 43.608808398000065], [-73.21101712199999, 43.60881395100006], [-73.21111299699999, 43.60881370300007], [-73.21129501499996, 43.60969588000006], [-73.21112920899998, 43.60970334600006], [-73.21100903699994, 43.60932933400005], [-73.21095410099997, 43.60915835700007]]]]}}, {"type": "Feature", "properties": {"OBJECTID": 28928, "SPAN": "129-040-12016", "GLIST_SPAN": "129-040-12016", "MAPID": "44-50-48", "PARCID": "445000048.", "PROPTYPE": "PARCEL", "YEAR": 2023, "GLYEAR": 2022, "TOWN": "CASTLETON", "TNAME": "Castleton", "SOURCENAME": null, "SOURCETYPE": "UNKNOWN", "SOURCEDATE": "UNKNOWN", "EDITMETHOD": "UNKNOWN", "EDITOR": "UNKNOWN", "EDITDATE": "UNKNOWN", "MATCHSTAT": "MATCH", "EDITNOTE": "UNKNOWN", "OWNER1": "HAZEN KEVIN J.", "OWNER2": "", "ADDRGL1": "P.O. BOX 33", "ADDRGL2": "", "CITYGL": "CASTLETON", "STGL": "VT", "ZIPGL": "05735", "DESCPROP": "HSE/LOT; ROUTE 30S", "LOCAPROP": "", "CAT": "Residential-1", "RESCODE": "T", "ACRESGL": 0.26, "REAL_FLV": 74700, "HSTED_FLV": 0, "NRES_FLV": 74700, "LAND_LV": 24600, "IMPRV_LV": 50100, "EQUIPVAL": 0, "EQUIPCODE": "", "INVENVAL": 0, "HSDECL": "N", "HSITEVAL": 74700, "VETEXAMT": 0, "EXPDESC": "", "ENDDATE": "", "STATUTE": "", "EXAMT_HS": 0, "EXAMT_NR": 0, "UVREDUC_HS": 0, "UVREDUC_NR": 0, "GLVAL_HS": 0.0, "GLVAL_NR": 747.0, "CRHOUSPCT": 0.0, "MUNGL1PCT": 747.0, "AOEGL_HS": 0.0, "AOEGL_NR": 747.0, "E911ADDR": "74 ROUTE 30 SOUTH", "SHAPE_Length": 0.0014227892325938394, "SHAPE_Area": 1.1168742975910391e-07}, "geometry": {"type": "MultiPolygon", "coordinates": [[[[-73.20877586499995, 43.607462061000035], [-73.20882929499999, 43.60722885900003], [-73.20882937299996, 43.607228864000035], [-73.20929559799998, 43.607259019000026], [-73.20925343399995, 43.60749295000005], [-73.20877586499995, 43.607462061000035]]]]}}, {"type": "Feature", "properties": {"OBJECTID": 29007, "SPAN": "129-040-12105", "GLIST_SPAN": "129-040-12105", "MAPID": "08-01-03.3", "PARCID": "080100003.3", "PROPTYPE": "PARCEL", "YEAR": 2023, "GLYEAR": 2022, "TOWN": "CASTLETON", "TNAME": "Castleton", "SOURCENAME": null, "SOURCETYPE": "UNKNOWN", "SOURCEDATE": "UNKNOWN", "EDITMETHOD": "UNKNOWN", "EDITOR": "UNKNOWN", "EDITDATE": "UNKNOWN", "MATCHSTAT": "MATCH", "EDITNOTE": "UNKNOWN", "OWNER1": "HURLBURT AUTO REPAIR", "OWNER2": "", "ADDRGL1": "PO BOX 411", "ADDRGL2": "", "CITYGL": "BOMOSEEN", "STGL": "VT", "ZIPGL": "05732", "DESCPROP": "COMM AND LAND", "LOCAPROP": "", "CAT": "Commercial", "RESCODE": "T", "ACRESGL": 0.9, "REAL_FLV": 121900, "HSTED_FLV": 0, "NRES_FLV": 121900, "LAND_LV": 63800, "IMPRV_LV": 58100, "EQUIPVAL": 0, "EQUIPCODE": "", "INVENVAL": 0, "HSDECL": "N", "HSITEVAL": 0, "VETEXAMT": 0, "EXPDESC": "", "ENDDATE": "", "STATUTE": "", "EXAMT_HS": 0, "EXAMT_NR": 0, "UVREDUC_HS": 0, "UVREDUC_NR": 0, "GLVAL_HS": 0.0, "GLVAL_NR": 1219.0, "CRHOUSPCT": 0.0, "MUNGL1PCT": 1219.0, "AOEGL_HS": 0.0, "AOEGL_NR": 1219.0, "E911ADDR": "49 ROUTE 4A WEST", "SHAPE_Length": 0.0031781380112074, "SHAPE_Area": 3.995075941980435e-07}, "geometry": {"type": "MultiPolygon", "coordinates": [[[[-73.20945294099994, 43.608461748000025], [-73.20951889999998, 43.608101343000044], [-73.20915042899998, 43.608055781000076], [-73.20925343399995, 43.60749295000005], [-73.20990706499998, 43.60752210000004], [-73.20989177599995, 43.607729627000026], [-73.20972751299996, 43.60812630500004], [-73.20957100599998, 43.60810778700005], [-73.20950503399996, 43.60846827800003], [-73.20945294099994, 43.608461748000025]]]]}}, {"type": "Feature", "properties": {"OBJECTID": 29010, "SPAN": "129-040-12108", "GLIST_SPAN": "129-040-12108", "MAPID": "08-01-03", "PARCID": "080100003.", "PROPTYPE": "PARCEL", "YEAR": 2023, "GLYEAR": 2022, "TOWN": "CASTLETON", "TNAME": "Castleton", "SOURCENAME": null, "SOURCETYPE": "UNKNOWN", "SOURCEDATE": "UNKNOWN", "EDITMETHOD": "UNKNOWN", "EDITOR": "UNKNOWN", "EDITDATE": "UNKNOWN", "MATCHSTAT": "MATCH", "EDITNOTE": "UNKNOWN", "OWNER1": "LEWIS JAMES R", "OWNER2": "GOLDI-LEWIS KIMBERLY", "ADDRGL1": "70 OLD KING HIGHWAY NORTH", "ADDRGL2": "", "CITYGL": "DARIEN", "STGL": "CT", "ZIPGL": "06820", "DESCPROP": "APTS/PHYSICAL REHAB", "LOCAPROP": "", "CAT": "Commercial", "RESCODE": "NS", "ACRESGL": 0.52, "REAL_FLV": 251000, "HSTED_FLV": 0, "NRES_FLV": 251000, "LAND_LV": 88900, "IMPRV_LV": 162100, "EQUIPVAL": 0, "EQUIPCODE": "", "INVENVAL": 0, "HSDECL": "N", "HSITEVAL": 0, "VETEXAMT": 0, "EXPDESC": "", "ENDDATE": "", "STATUTE": "", "EXAMT_HS": 0, "EXAMT_NR": 0, "UVREDUC_HS": 0, "UVREDUC_NR": 0, "GLVAL_HS": 0.0, "GLVAL_NR": 2510.0, "CRHOUSPCT": 0.0, "MUNGL1PCT": 2510.0, "AOEGL_HS": 0.0, "AOEGL_NR": 2510.0, "E911ADDR": "85 ROUTE 4A WEST", "SHAPE_Length": 0.0020279450430679886, "SHAPE_Area": 2.353096605824163e-07}, "geometry": {"type": "MultiPolygon", "coordinates": [[[[-73.20981298899994, 43.608501757000056], [-73.20987843099994, 43.60814416100004], [-73.21047660499994, 43.60819187300007], [-73.21051521199996, 43.608550156000035], [-73.21024412799994, 43.608536978000075], [-73.20981298899994, 43.608501757000056]]]]}}, {"type": "Feature", "properties": {"OBJECTID": 29011, "SPAN": "129-040-12110", "GLIST_SPAN": "129-040-12110", "MAPID": "44-50-43", "PARCID": "445000043.", "PROPTYPE": "PARCEL", "YEAR": 2023, "GLYEAR": 2022, "TOWN": "CASTLETON", "TNAME": "Castleton", "SOURCENAME": null, "SOURCETYPE": "UNKNOWN", "SOURCEDATE": "UNKNOWN", "EDITMETHOD": "UNKNOWN", "EDITOR": "UNKNOWN", "EDITDATE": "UNKNOWN", "MATCHSTAT": "MATCH", "EDITNOTE": "UNKNOWN", "OWNER1": "BILAL MUHAMMAD", "OWNER2": "HAYAT ASIA", "ADDRGL1": "PO BOX 162", "ADDRGL2": "", "CITYGL": "BOMOSEEN", "STGL": "VT", "ZIPGL": "05732", "DESCPROP": "HSE/GAR/POOL/LOT; ROUTE 4A", "LOCAPROP": "", "CAT": "Residential-1", "RESCODE": "T", "ACRESGL": 0.74, "REAL_FLV": 237100, "HSTED_FLV": 210640, "NRES_FLV": 26460, "LAND_LV": 98600, "IMPRV_LV": 138500, "EQUIPVAL": 0, "EQUIPCODE": "", "INVENVAL": 0, "HSDECL": "Y", "HSITEVAL": 210640, "VETEXAMT": 0, "EXPDESC": "", "ENDDATE": "", "STATUTE": "", "EXAMT_HS": 0, "EXAMT_NR": 0, "UVREDUC_HS": 0, "UVREDUC_NR": 0, "GLVAL_HS": 2106.0, "GLVAL_NR": 264.6, "CRHOUSPCT": 0.0, "MUNGL1PCT": 2371.0, "AOEGL_HS": 2106.0, "AOEGL_NR": 264.6, "E911ADDR": "40 ROUTE 4A WEST", "SHAPE_Length": 0.0025958049529552626, "SHAPE_Area": 3.426720170054107e-07}, "geometry": {"type": "MultiPolygon", "coordinates": [[[[-73.20888688199994, 43.60912252800006], [-73.20895528699998, 43.60886160300004], [-73.20900015299998, 43.60886617500006], [-73.20905069099996, 43.60866187600004], [-73.20938602899997, 43.60870391000003], [-73.20917401399998, 43.60960050500006], [-73.20906812999993, 43.60958580300007], [-73.20880111399998, 43.60954873000003], [-73.20888688199994, 43.60912252800006]]]]}}, {"type": "Feature", "properties": {"OBJECTID": 29012, "SPAN": "129-040-12111", "GLIST_SPAN": "129-040-12111", "MAPID": "44-50-40", "PARCID": "445000040.", "PROPTYPE": "PARCEL", "YEAR": 2023, "GLYEAR": 2022, "TOWN": "CASTLETON", "TNAME": "Castleton", "SOURCENAME": null, "SOURCETYPE": "UNKNOWN", "SOURCEDATE": "UNKNOWN", "EDITMETHOD": "UNKNOWN", "EDITOR": "UNKNOWN", "EDITDATE": "UNKNOWN", "MATCHSTAT": "MATCH", "EDITNOTE": "UNKNOWN", "OWNER1": "MULHOLLAND KEVIN", "OWNER2": "HARVEY ALLISON", "ADDRGL1": "P O BOX 1572", "ADDRGL2": "", "CITYGL": "CASTLETON", "STGL": "VT", "ZIPGL": "05735", "DESCPROP": "HSE/OB/LOT", "LOCAPROP": "", "CAT": "Residential-1", "RESCODE": "T", "ACRESGL": 0.5, "REAL_FLV": 93900, "HSTED_FLV": 0, "NRES_FLV": 93900, "LAND_LV": 32000, "IMPRV_LV": 61900, "EQUIPVAL": 0, "EQUIPCODE": "", "INVENVAL": 0, "HSDECL": "N", "HSITEVAL": 93900, "VETEXAMT": 0, "EXPDESC": "", "ENDDATE": "", "STATUTE": "", "EXAMT_HS": 0, "EXAMT_NR": 0, "UVREDUC_HS": 0, "UVREDUC_NR": 0, "GLVAL_HS": 0.0, "GLVAL_NR": 939.0, "CRHOUSPCT": 0.0, "MUNGL1PCT": 939.0, "AOEGL_HS": 0.0, "AOEGL_NR": 939.0, "E911ADDR": "2172 MAIN ST", "SHAPE_Length": 0.002428320962571556, "SHAPE_Area": 2.65177533701093e-07}, "geometry": {"type": "MultiPolygon", "coordinates": [[[[-73.20724231999998, 43.60939330600007], [-73.20740508099993, 43.60848296100005], [-73.20773559099996, 43.60852451100004], [-73.20764241299997, 43.60885698700008], [-73.20754824099998, 43.60919300900008], [-73.20748571099995, 43.60941612800008], [-73.20724231999998, 43.60939330600007]]]]}}, {"type": "Feature", "properties": {"OBJECTID": 29014, "SPAN": "129-040-12113", "GLIST_SPAN": "129-040-12113", "MAPID": "44-50-47", "PARCID": "445000047.", "PROPTYPE": "PARCEL", "YEAR": 2023, "GLYEAR": 2022, "TOWN": "CASTLETON", "TNAME": "Castleton", "SOURCENAME": null, "SOURCETYPE": "UNKNOWN", "SOURCEDATE": "UNKNOWN", "EDITMETHOD": "UNKNOWN", "EDITOR": "UNKNOWN", "EDITDATE": "UNKNOWN", "MATCHSTAT": "MATCH", "EDITNOTE": "UNKNOWN", "OWNER1": "ELLIS CONCRETE INC", "OWNER2": "", "ADDRGL1": "612 WEST STREET", "ADDRGL2": "", "CITYGL": "FAIRHAVEN", "STGL": "VT", "ZIPGL": "05743-9200", "DESCPROP": "OFFICE/RENTAL SPACE", "LOCAPROP": "", "CAT": "Commercial", "RESCODE": "T", "ACRESGL": 0.3, "REAL_FLV": 117800, "HSTED_FLV": 0, "NRES_FLV": 117800, "LAND_LV": 71300, "IMPRV_LV": 46500, "EQUIPVAL": 0, "EQUIPCODE": "", "INVENVAL": 0, "HSDECL": "N", "HSITEVAL": 0, "VETEXAMT": 0, "EXPDESC": "", "ENDDATE": "", "STATUTE": "", "EXAMT_HS": 0, "EXAMT_NR": 0, "UVREDUC_HS": 0, "UVREDUC_NR": 0, "GLVAL_HS": 0.0, "GLVAL_NR": 1178.0, "CRHOUSPCT": 0.0, "MUNGL1PCT": 1178.0, "AOEGL_HS": 0.0, "AOEGL_NR": 1178.0, "E911ADDR": "47 ROUTE 4A WEST", "SHAPE_Length": 0.0014746807448003446, "SHAPE_Area": 1.3568906611489578e-07}, "geometry": {"type": "MultiPolygon", "coordinates": [[[[-73.20908458099996, 43.60841557500004], [-73.20915042899998, 43.608055781000076], [-73.20951889999998, 43.608101343000044], [-73.20945294099994, 43.608461748000025], [-73.20908458099996, 43.60841557500004]]]]}}, {"type": "Feature", "properties": {"OBJECTID": 29015, "SPAN": "129-040-12114", "GLIST_SPAN": "129-040-12114", "MAPID": "44-50-26.1", "PARCID": "445000026.1", "PROPTYPE": "PARCEL", "YEAR": 2023, "GLYEAR": 2022, "TOWN": "CASTLETON", "TNAME": "Castleton", "SOURCENAME": null, "SOURCETYPE": "UNKNOWN", "SOURCEDATE": "UNKNOWN", "EDITMETHOD": "UNKNOWN", "EDITOR": "UNKNOWN", "EDITDATE": "UNKNOWN", "MATCHSTAT": "MATCH", "EDITNOTE": "UNKNOWN", "OWNER1": "HARVEY ALLISON M", "OWNER2": "MULHOLLAND KEVIN M", "ADDRGL1": "PO BOX 1572", "ADDRGL2": "", "CITYGL": "CASTLETON", "STGL": "VT", "ZIPGL": "05735", "DESCPROP": ".46 ACRES; ROUTE 30N; PHARMACY LOT", "LOCAPROP": "", "CAT": "Commercial", "RESCODE": "T", "ACRESGL": 0.46, "REAL_FLV": 351200, "HSTED_FLV": 0, "NRES_FLV": 351200, "LAND_LV": 86200, "IMPRV_LV": 265000, "EQUIPVAL": 0, "EQUIPCODE": "", "INVENVAL": 0, "HSDECL": "N", "HSITEVAL": 0, "VETEXAMT": 0, "EXPDESC": "", "ENDDATE": "", "STATUTE": "", "EXAMT_HS": 0, "EXAMT_NR": 0, "UVREDUC_HS": 0, "UVREDUC_NR": 0, "GLVAL_HS": 0.0, "GLVAL_NR": 3512.0, "CRHOUSPCT": 0.0, "MUNGL1PCT": 3512.0, "AOEGL_HS": 0.0, "AOEGL_NR": 3512.0, "E911ADDR": "34 ROUTE 30 NORTH", "SHAPE_Length": 0.0019370349708066783, "SHAPE_Area": 2.1402930615187744e-07}, "geometry": {"type": "MultiPolygon", "coordinates": [[[[-73.20754824099998, 43.60919300900008], [-73.20764241299997, 43.60885698700008], [-73.20824899899998, 43.60892869700007], [-73.20817470199995, 43.609267069000055], [-73.20754824099998, 43.60919300900008]]]]}}, {"type": "Feature", "properties": {"OBJECTID": 29016, "SPAN": "129-040-12115", "GLIST_SPAN": "129-040-12115", "MAPID": "43-51-01.3", "PARCID": "435100001.3", "PROPTYPE": "PARCEL", "YEAR": 2023, "GLYEAR": 2022, "TOWN": "CASTLETON", "TNAME": "Castleton", "SOURCENAME": null, "SOURCETYPE": "UNKNOWN", "SOURCEDATE": "UNKNOWN", "EDITMETHOD": "UNKNOWN", "EDITOR": "UNKNOWN", "EDITDATE": "UNKNOWN", "MATCHSTAT": "MATCH", "EDITNOTE": "UNKNOWN", "OWNER1": "SPAFFORD NANCY ANN", "OWNER2": "", "ADDRGL1": "PO BOX 62", "ADDRGL2": "", "CITYGL": "BOMOSEEN", "STGL": "VT", "ZIPGL": "05732", "DESCPROP": "ROUTE 4A; ROXIE FRIES", "LOCAPROP": "", "CAT": "Commercial", "RESCODE": "T", "ACRESGL": 0.99, "REAL_FLV": 44600, "HSTED_FLV": 0, "NRES_FLV": 44600, "LAND_LV": 39800, "IMPRV_LV": 4800, "EQUIPVAL": 0, "EQUIPCODE": "", "INVENVAL": 0, "HSDECL": "N", "HSITEVAL": 0, "VETEXAMT": 0, "EXPDESC": "", "ENDDATE": "", "STATUTE": "", "EXAMT_HS": 0, "EXAMT_NR": 0, "UVREDUC_HS": 0, "UVREDUC_NR": 0, "GLVAL_HS": 0.0, "GLVAL_NR": 446.0, "CRHOUSPCT": 0.0, "MUNGL1PCT": 446.0, "AOEGL_HS": 0.0, "AOEGL_NR": 446.0, "E911ADDR": "151 ROUTE 4A WEST", "SHAPE_Length": 0.002817806473452962, "SHAPE_Area": 4.449684416110951e-07}, "geometry": {"type": "MultiPolygon", "coordinates": [[[[-73.21080690899998, 43.607707676000075], [-73.21130772299995, 43.60768128800004], [-73.21154862699996, 43.60856366500008], [-73.21144176399997, 43.60856595100006], [-73.21103648599995, 43.608566997000025], [-73.21080690899998, 43.607707676000075]]]]}}, {"type": "Feature", "properties": {"OBJECTID": 29351, "SPAN": "129-040-10394", "GLIST_SPAN": "129-040-10394", "MAPID": "44-50-37", "PARCID": "445000037.", "PROPTYPE": "PARCEL", "YEAR": 2023, "GLYEAR": 2022, "TOWN": "CASTLETON", "TNAME": "Castleton", "SOURCENAME": null, "SOURCETYPE": "UNKNOWN", "SOURCEDATE": "UNKNOWN", "EDITMETHOD": "UNKNOWN", "EDITOR": "UNKNOWN", "EDITDATE": "UNKNOWN", "MATCHSTAT": "MATCH", "EDITNOTE": "UNKNOWN", "OWNER1": "CASTLETON COMM SENIORS INC", "OWNER2": "", "ADDRGL1": "2108 MAIN ST", "ADDRGL2": "", "CITYGL": "CASTLETON", "STGL": "VT", "ZIPGL": "05735", "DESCPROP": "HSE/WELLNESS CENTER/5.41 INCL 44-50-55 +", "LOCAPROP": "", "CAT": "Commercial", "RESCODE": "T", "ACRESGL": 5.41, "REAL_FLV": 590000, "HSTED_FLV": 0, "NRES_FLV": 590000, "LAND_LV": 52500, "IMPRV_LV": 537500, "EQUIPVAL": 0, "EQUIPCODE": "", "INVENVAL": 0, "HSDECL": "N", "HSITEVAL": 0, "VETEXAMT": 0, "EXPDESC": "Non-Approved (Voted)", "ENDDATE": "6/30/2026 0:00:00", "STATUTE": "3840", "EXAMT_HS": 0, "EXAMT_NR": 512100, "UVREDUC_HS": 0, "UVREDUC_NR": 0, "GLVAL_HS": 0.0, "GLVAL_NR": 779.0, "CRHOUSPCT": 0.0, "MUNGL1PCT": 779.0, "AOEGL_HS": 0.0, "AOEGL_NR": 5900.0, "E911ADDR": "2108 MAIN ST", "SHAPE_Length": 0.009512915947970234, "SHAPE_Area": 2.6654983917434183e-06}, "geometry": {"type": "MultiPolygon", "coordinates": [[[[-73.20591974099995, 43.60703690200006], [-73.20704972499993, 43.60692645200004], [-73.20707404299998, 43.607062477000056], [-73.20712559699996, 43.607350849000056], [-73.20718444799996, 43.60768003000004], [-73.20720730699998, 43.60780789200004], [-73.20707612599995, 43.60781943600006], [-73.20658888099996, 43.60786230700006], [-73.20652342199998, 43.608099236000044], [-73.20553601299997, 43.607996969000055], [-73.20489284899998, 43.60791555900005], [-73.20486598799994, 43.60773052700006], [-73.20479311299994, 43.60722853500005], [-73.20548248299997, 43.607146991000036], [-73.20549490399998, 43.607065187000046], [-73.20591974099995, 43.60703690200006]]], [[[-73.20560867599994, 43.60917280700005], [-73.20583426999997, 43.60830496900007], [-73.20646249599997, 43.608370034000075], [-73.20623080699994, 43.609261350000054], [-73.20560867599994, 43.60917280700005]]]]}}, {"type": "Feature", "properties": {"OBJECTID": 29353, "SPAN": "129-040-10395", "GLIST_SPAN": "129-040-10395", "MAPID": "44-50-55.1", "PARCID": "445000055.1", "PROPTYPE": "PARCEL", "YEAR": 2023, "GLYEAR": 2022, "TOWN": "CASTLETON", "TNAME": "Castleton", "SOURCENAME": null, "SOURCETYPE": "UNKNOWN", "SOURCEDATE": "UNKNOWN", "EDITMETHOD": "UNKNOWN", "EDITOR": "UNKNOWN", "EDITDATE": "UNKNOWN", "MATCHSTAT": "MATCH", "EDITNOTE": "UNKNOWN", "OWNER1": "MARCY DEAN R", "OWNER2": "MARCY JULIE M", "ADDRGL1": "2138 MAIN STREET", "ADDRGL2": "", "CITYGL": "CASTLETON", "STGL": "VT", "ZIPGL": "05735", "DESCPROP": "HOUSE/LOT/OB", "LOCAPROP": "", "CAT": "Residential-1", "RESCODE": "T", "ACRESGL": 0.8, "REAL_FLV": 127000, "HSTED_FLV": 0, "NRES_FLV": 127000, "LAND_LV": 36800, "IMPRV_LV": 90200, "EQUIPVAL": 0, "EQUIPCODE": "", "INVENVAL": 0, "HSDECL": "N", "HSITEVAL": 127000, "VETEXAMT": 0, "EXPDESC": "", "ENDDATE": "", "STATUTE": "", "EXAMT_HS": 0, "EXAMT_NR": 0, "UVREDUC_HS": 0, "UVREDUC_NR": 0, "GLVAL_HS": 0.0, "GLVAL_NR": 1270.0, "CRHOUSPCT": 0.0, "MUNGL1PCT": 1270.0, "AOEGL_HS": 0.0, "AOEGL_NR": 1270.0, "E911ADDR": "2133 MAIN ST", "SHAPE_Length": 0.0016142045006351494, "SHAPE_Area": 1.4722831302497278e-07}, "geometry": {"type": "MultiPolygon", "coordinates": [[[[-73.20658888099996, 43.60786230700006], [-73.20707612599995, 43.60781943600006], [-73.20706003099997, 43.60810999600005], [-73.20705721599995, 43.608160818000044], [-73.20677295999997, 43.608125080000036], [-73.20652342199998, 43.608099236000044], [-73.20658888099996, 43.60786230700006]]]]}}, {"type": "Feature", "properties": {"OBJECTID": 29408, "SPAN": "129-040-10898", "GLIST_SPAN": "129-040-10898", "MAPID": "08-01-03.1", "PARCID": "080100003.1", "PROPTYPE": "PARCEL", "YEAR": 2023, "GLYEAR": 2022, "TOWN": "CASTLETON", "TNAME": "Castleton", "SOURCENAME": null, "SOURCETYPE": "UNKNOWN", "SOURCEDATE": "UNKNOWN", "EDITMETHOD": "UNKNOWN", "EDITOR": "UNKNOWN", "EDITDATE": "UNKNOWN", "MATCHSTAT": "MATCH", "EDITNOTE": "UNKNOWN", "OWNER1": "HUBBARDTON FORGE LLC", "OWNER2": "", "ADDRGL1": "154 ROUTE 30 SOUTH", "ADDRGL2": "", "CITYGL": "CASTLETON", "STGL": "VT", "ZIPGL": "05735", "DESCPROP": "MFG/OFFICE/WAREHSE BLDG/12.95  AC;INCLUD", "LOCAPROP": "", "CAT": "Industrial", "RESCODE": "C", "ACRESGL": 12.95, "REAL_FLV": 2678500, "HSTED_FLV": 0, "NRES_FLV": 2678500, "LAND_LV": 187500, "IMPRV_LV": 2491000, "EQUIPVAL": 0, "EQUIPCODE": "", "INVENVAL": 0, "HSDECL": "N", "HSITEVAL": 0, "VETEXAMT": 0, "EXPDESC": "", "ENDDATE": "", "STATUTE": "", "EXAMT_HS": 0, "EXAMT_NR": 0, "UVREDUC_HS": 0, "UVREDUC_NR": 0, "GLVAL_HS": 0.0, "GLVAL_NR": 26785.0, "CRHOUSPCT": 0.0, "MUNGL1PCT": 26785.0, "AOEGL_HS": 0.0, "AOEGL_NR": 26785.0, "E911ADDR": "154 ROUTE 30 SOUTH", "SHAPE_Length": 0.01219784193471543, "SHAPE_Area": 5.932214258888428e-06}, "geometry": {"type": "MultiPolygon", "coordinates": [[[[-73.20883080099998, 43.607222285000034], [-73.20908207499997, 43.60606414400007], [-73.21137879699995, 43.60607746200003], [-73.21155236199996, 43.60608173700007], [-73.21311895499997, 43.60590374700007], [-73.21329984899995, 43.60632721700006], [-73.21324288699998, 43.60634182500007], [-73.21334220299997, 43.60669668400004], [-73.21345507099994, 43.60703743500005], [-73.21270285999998, 43.60708516600005], [-73.21251618799994, 43.607105552000064], [-73.21208004199997, 43.60713435100007], [-73.21168149399995, 43.60716066600003], [-73.21180477199994, 43.60765509700008], [-73.21130772299995, 43.60768128800004], [-73.21080690899998, 43.607707676000075], [-73.21042659099999, 43.60772771300003], [-73.21040767299996, 43.607544423000036], [-73.20990706499998, 43.60752210000004], [-73.20925343399995, 43.60749295000005], [-73.20929559799998, 43.607259019000026], [-73.20882937299996, 43.607228864000035], [-73.20883080099998, 43.607222285000034]]]]}}, {"type": "Feature", "properties": {"OBJECTID": 29498, "SPAN": "129-040-11595", "GLIST_SPAN": "129-040-11595", "MAPID": "44-50-49", "PARCID": "445000049.", "PROPTYPE": "PARCEL", "YEAR": 2023, "GLYEAR": 2022, "TOWN": "CASTLETON", "TNAME": "Castleton", "SOURCENAME": null, "SOURCETYPE": "UNKNOWN", "SOURCEDATE": "UNKNOWN", "EDITMETHOD": "UNKNOWN", "EDITOR": "UNKNOWN", "EDITDATE": "UNKNOWN", "MATCHSTAT": "MATCH", "EDITNOTE": "UNKNOWN", "OWNER1": "ROCO LLC", "OWNER2": "C/O ROSEN MICHAEL N", "ADDRGL1": "50 EAST 79TH STREET APT#9A", "ADDRGL2": "", "CITYGL": "NEW YORK", "STGL": "NY", "ZIPGL": "10075", "DESCPROP": "OFFICE/APT/LAND", "LOCAPROP": "", "CAT": "Commercial", "RESCODE": "C", "ACRESGL": 1.0, "REAL_FLV": 200000, "HSTED_FLV": 0, "NRES_FLV": 200000, "LAND_LV": 110000, "IMPRV_LV": 90000, "EQUIPVAL": 0, "EQUIPCODE": "", "INVENVAL": 0, "HSDECL": "N", "HSITEVAL": 0, "VETEXAMT": 0, "EXPDESC": "", "ENDDATE": "", "STATUTE": "", "EXAMT_HS": 0, "EXAMT_NR": 0, "UVREDUC_HS": 0, "UVREDUC_NR": 0, "GLVAL_HS": 0.0, "GLVAL_NR": 2000.0, "CRHOUSPCT": 0.0, "MUNGL1PCT": 2000.0, "AOEGL_HS": 0.0, "AOEGL_NR": 2000.0, "E911ADDR": "15 ROUTE 4A WEST", "SHAPE_Length": 0.0028452276692431987, "SHAPE_Area": 4.573148991724779e-07}, "geometry": {"type": "MultiPolygon", "coordinates": [[[[-73.20857213199997, 43.60835126300003], [-73.20877586499995, 43.607462061000035], [-73.20925343399995, 43.60749295000005], [-73.20915042899998, 43.608055781000076], [-73.20908458099996, 43.60841557500004], [-73.20878714399998, 43.608378292000054], [-73.20857213199997, 43.60835126300003]]]]}}, {"type": "Feature", "properties": {"OBJECTID": 29732, "SPAN": "129-040-11029", "GLIST_SPAN": "129-040-11029", "MAPID": "44-50-50", "PARCID": "445000050.", "PROPTYPE": "PARCEL", "YEAR": 2023, "GLYEAR": 2022, "TOWN": "CASTLETON", "TNAME": "Castleton", "SOURCENAME": null, "SOURCETYPE": "UNKNOWN", "SOURCEDATE": "UNKNOWN", "EDITMETHOD": "UNKNOWN", "EDITOR": "UNKNOWN", "EDITDATE": "UNKNOWN", "MATCHSTAT": "MATCH", "EDITNOTE": "UNKNOWN", "OWNER1": "HENSKE JEAN LE", "OWNER2": "", "ADDRGL1": "PO BOX 262", "ADDRGL2": "", "CITYGL": "BOMOSEEN", "STGL": "VT", "ZIPGL": "05732", "DESCPROP": "HSE/OB/LOT; ROUTE 4A", "LOCAPROP": "", "CAT": "Residential-1", "RESCODE": "T", "ACRESGL": 0.39, "REAL_FLV": 141000, "HSTED_FLV": 56183, "NRES_FLV": 84817, "LAND_LV": 23800, "IMPRV_LV": 117200, "EQUIPVAL": 0, "EQUIPCODE": "", "INVENVAL": 0, "HSDECL": "Y", "HSITEVAL": 56183, "VETEXAMT": 0, "EXPDESC": "", "ENDDATE": "", "STATUTE": "", "EXAMT_HS": 0, "EXAMT_NR": 0, "UVREDUC_HS": 0, "UVREDUC_NR": 0, "GLVAL_HS": 562.0, "GLVAL_NR": 848.17, "CRHOUSPCT": 0.0, "MUNGL1PCT": 1410.0, "AOEGL_HS": 562.0, "AOEGL_NR": 848.17, "E911ADDR": "17 ROUTE 30 SOUTH", "SHAPE_Length": 0.001794732007368452, "SHAPE_Area": 1.753498738286819e-07}, "geometry": {"type": "MultiPolygon", "coordinates": [[[[-73.20818249799999, 43.60773810900008], [-73.20852819499999, 43.60770779200004], [-73.20838611799996, 43.60832788000005], [-73.20813682499994, 43.60829654100007], [-73.20818249799999, 43.60773810900008]]]]}}, {"type": "Feature", "properties": {"OBJECTID": 29740, "SPAN": "129-040-11693", "GLIST_SPAN": "129-040-11693", "MAPID": "44-50-39", "PARCID": "445000039.", "PROPTYPE": "PARCEL", "YEAR": 2023, "GLYEAR": 2022, "TOWN": "CASTLETON", "TNAME": "Castleton", "SOURCENAME": null, "SOURCETYPE": "UNKNOWN", "SOURCEDATE": "UNKNOWN", "EDITMETHOD": "UNKNOWN", "EDITOR": "UNKNOWN", "EDITDATE": "UNKNOWN", "MATCHSTAT": "MATCH", "EDITNOTE": "UNKNOWN", "OWNER1": "O`BRIEN JAMES M", "OWNER2": "", "ADDRGL1": "PO BOX 201", "ADDRGL2": "", "CITYGL": "BLOUNTS CREEK", "STGL": "NC", "ZIPGL": "27814", "DESCPROP": "APTS/LOT; ROUTE 4", "LOCAPROP": "", "CAT": "Commercial Apt", "RESCODE": "NS", "ACRESGL": 0.5, "REAL_FLV": 165200, "HSTED_FLV": 0, "NRES_FLV": 165200, "LAND_LV": 32000, "IMPRV_LV": 133200, "EQUIPVAL": 0, "EQUIPCODE": "", "INVENVAL": 0, "HSDECL": "N", "HSITEVAL": 0, "VETEXAMT": 0, "EXPDESC": "", "ENDDATE": "", "STATUTE": "", "EXAMT_HS": 0, "EXAMT_NR": 0, "UVREDUC_HS": 0, "UVREDUC_NR": 0, "GLVAL_HS": 0.0, "GLVAL_NR": 1652.0, "CRHOUSPCT": 0.0, "MUNGL1PCT": 1652.0, "AOEGL_HS": 0.0, "AOEGL_NR": 1652.0, "E911ADDR": "2158 MAIN ST", "SHAPE_Length": 0.0023533098769884858, "SHAPE_Area": 2.2971801406553522e-07}, "geometry": {"type": "MultiPolygon", "coordinates": [[[[-73.20699518499998, 43.60937013300003], [-73.20715933099996, 43.60845206600004], [-73.20740508099993, 43.60848296100005], [-73.20724231999998, 43.60939330600007], [-73.20699518499998, 43.60937013300003]]]]}}, {"type": "Feature", "properties": {"OBJECTID": 29916, "SPAN": "129-040-11836", "GLIST_SPAN": "129-040-11836", "MAPID": "44-50-51.2", "PARCID": "445000051.2", "PROPTYPE": "PARCEL", "YEAR": 2023, "GLYEAR": 2022, "TOWN": "CASTLETON", "TNAME": "Castleton", "SOURCENAME": null, "SOURCETYPE": "UNKNOWN", "SOURCEDATE": "UNKNOWN", "EDITMETHOD": "UNKNOWN", "EDITOR": "UNKNOWN", "EDITDATE": "UNKNOWN", "MATCHSTAT": "MATCH", "EDITNOTE": "UNKNOWN", "OWNER1": "RAZANOUSKI MICHAEL", "OWNER2": "", "ADDRGL1": "79 ROUTE 30 SOUTH", "ADDRGL2": "", "CITYGL": "BOMOSEEN", "STGL": "VT", "ZIPGL": "05732", "DESCPROP": "MH/LOT; ROUTE 30S", "LOCAPROP": "", "CAT": "Mobile Home/la", "RESCODE": "T", "ACRESGL": 1.01, "REAL_FLV": 69900, "HSTED_FLV": 69900, "NRES_FLV": 0, "LAND_LV": 35100, "IMPRV_LV": 34800, "EQUIPVAL": 0, "EQUIPCODE": "", "INVENVAL": 0, "HSDECL": "Y", "HSITEVAL": 69900, "VETEXAMT": 0, "EXPDESC": "", "ENDDATE": "", "STATUTE": "", "EXAMT_HS": 0, "EXAMT_NR": 0, "UVREDUC_HS": 0, "UVREDUC_NR": 0, "GLVAL_HS": 699.0, "GLVAL_NR": 0.0, "CRHOUSPCT": 0.0, "MUNGL1PCT": 699.0, "AOEGL_HS": 699.0, "AOEGL_NR": 0.0, "E911ADDR": "79 ROUTE 30 SOUTH", "SHAPE_Length": 0.0036777189087988243, "SHAPE_Area": 4.582202757655063e-07}, "geometry": {"type": "MultiPolygon", "coordinates": [[[[-73.20712559699996, 43.607350849000056], [-73.20707404299998, 43.607062477000056], [-73.20866824799998, 43.60709070900003], [-73.20864446199994, 43.60720033900003], [-73.20859889099995, 43.60739923600005], [-73.20712559699996, 43.607350849000056]]]]}}, {"type": "Feature", "properties": {"OBJECTID": 29965, "SPAN": "129-040-11888", "GLIST_SPAN": "129-040-11888", "MAPID": "44-50-46", "PARCID": "445000046.", "PROPTYPE": "PARCEL", "YEAR": 2023, "GLYEAR": 2022, "TOWN": "CASTLETON", "TNAME": "Castleton", "SOURCENAME": null, "SOURCETYPE": "UNKNOWN", "SOURCEDATE": "UNKNOWN", "EDITMETHOD": "UNKNOWN", "EDITOR": "UNKNOWN", "EDITDATE": "UNKNOWN", "MATCHSTAT": "MATCH", "EDITNOTE": "UNKNOWN", "OWNER1": "RILEY ELIZABETH D TR", "OWNER2": "C/O ASSET 20024 LLC", "ADDRGL1": "75 COLUMBIA AVENUE", "ADDRGL2": "", "CITYGL": "CEDARHURST", "STGL": "NY", "ZIPGL": "11516", "DESCPROP": "BOMOSEEN PO/LOT; ROUTE 4A", "LOCAPROP": "", "CAT": "Commercial", "RESCODE": "C", "ACRESGL": 0.25, "REAL_FLV": 148700, "HSTED_FLV": 0, "NRES_FLV": 148700, "LAND_LV": 77000, "IMPRV_LV": 71700, "EQUIPVAL": 0, "EQUIPCODE": "", "INVENVAL": 0, "HSDECL": "N", "HSITEVAL": 0, "VETEXAMT": 0, "EXPDESC": "", "ENDDATE": "", "STATUTE": "", "EXAMT_HS": 0, "EXAMT_NR": 0, "UVREDUC_HS": 0, "UVREDUC_NR": 0, "GLVAL_HS": 0.0, "GLVAL_NR": 1487.0, "CRHOUSPCT": 0.0, "MUNGL1PCT": 1487.0, "AOEGL_HS": 0.0, "AOEGL_NR": 1487.0, "E911ADDR": "63 ROUTE 4A WEST", "SHAPE_Length": 0.0013494196219967895, "SHAPE_Area": 1.1325708239753707e-07}, "geometry": {"type": "MultiPolygon", "coordinates": [[[[-73.20950503399996, 43.60846827800003], [-73.20957100599998, 43.60810778700005], [-73.20972751299996, 43.60812630500004], [-73.20987843099994, 43.60814416100004], [-73.20981298899994, 43.608501757000056], [-73.20969567999998, 43.60849217400005], [-73.20950503399996, 43.60846827800003]]]]}}, {"type": "Feature", "properties": {"OBJECTID": 29998, "SPAN": "129-040-11919", "GLIST_SPAN": "129-040-11919", "MAPID": "43-51-01.2", "PARCID": "435100001.2", "PROPTYPE": "PARCEL", "YEAR": 2023, "GLYEAR": 2022, "TOWN": "CASTLETON", "TNAME": "Castleton", "SOURCENAME": null, "SOURCETYPE": "UNKNOWN", "SOURCEDATE": "UNKNOWN", "EDITMETHOD": "UNKNOWN", "EDITOR": "UNKNOWN", "EDITDATE": "UNKNOWN", "MATCHSTAT": "MATCH", "EDITNOTE": "UNKNOWN", "OWNER1": "SPAFFORD JOHN E", "OWNER2": "", "ADDRGL1": "P O BOX 62", "ADDRGL2": "", "CITYGL": "BOMOSEEN", "STGL": "VT", "ZIPGL": "05732", "DESCPROP": "MH/LOT; ROUTE 4A", "LOCAPROP": "", "CAT": "Residential-1", "RESCODE": "T", "ACRESGL": 0.87, "REAL_FLV": 115400, "HSTED_FLV": 0, "NRES_FLV": 115400, "LAND_LV": 37900, "IMPRV_LV": 77500, "EQUIPVAL": 0, "EQUIPCODE": "", "INVENVAL": 0, "HSDECL": "N", "HSITEVAL": 115400, "VETEXAMT": 0, "EXPDESC": "", "ENDDATE": "", "STATUTE": "", "EXAMT_HS": 0, "EXAMT_NR": 0, "UVREDUC_HS": 0, "UVREDUC_NR": 0, "GLVAL_HS": 0.0, "GLVAL_NR": 1154.0, "CRHOUSPCT": 0.0, "MUNGL1PCT": 1154.0, "AOEGL_HS": 0.0, "AOEGL_NR": 1154.0, "E911ADDR": "113 ROUTE 4A WEST", "SHAPE_Length": 0.0026190685599734357, "SHAPE_Area": 3.796145927813675e-07}, "geometry": {"type": "MultiPolygon", "coordinates": [[[[-73.21042659099999, 43.60772771300003], [-73.21080690899998, 43.607707676000075], [-73.21103648599995, 43.608566997000025], [-73.21102391399995, 43.608567030000074], [-73.21056091499997, 43.60855237700008], [-73.21051521199996, 43.608550156000035], [-73.21047660499994, 43.60819187300007], [-73.21042659099999, 43.60772771300003]]]]}}, {"type": "Feature", "properties": {"OBJECTID": 30154, "SPAN": "129-040-12527", "GLIST_SPAN": "129-040-12527", "MAPID": "08-01-03.5", "PARCID": "080100003.5", "PROPTYPE": "PARCEL", "YEAR": 2023, "GLYEAR": 2022, "TOWN": "CASTLETON", "TNAME": "Castleton", "SOURCENAME": null, "SOURCETYPE": "UNKNOWN", "SOURCEDATE": "UNKNOWN", "EDITMETHOD": "UNKNOWN", "EDITOR": "UNKNOWN", "EDITDATE": "UNKNOWN", "MATCHSTAT": "MATCH", "EDITNOTE": "UNKNOWN", "OWNER1": "DUTIL ERIC", "OWNER2": "", "ADDRGL1": "PO BOX 505", "ADDRGL2": "", "CITYGL": "BETHEL", "STGL": "VT", "ZIPGL": "05032", "DESCPROP": "COMM AND LAND", "LOCAPROP": "", "CAT": "Commercial", "RESCODE": "T", "ACRESGL": 0.62, "REAL_FLV": 351800, "HSTED_FLV": 0, "NRES_FLV": 351800, "LAND_LV": 56400, "IMPRV_LV": 295400, "EQUIPVAL": 0, "EQUIPCODE": "", "INVENVAL": 0, "HSDECL": "N", "HSITEVAL": 0, "VETEXAMT": 0, "EXPDESC": "", "ENDDATE": "", "STATUTE": "", "EXAMT_HS": 0, "EXAMT_NR": 0, "UVREDUC_HS": 0, "UVREDUC_NR": 0, "GLVAL_HS": 0.0, "GLVAL_NR": 3518.0, "CRHOUSPCT": 0.0, "MUNGL1PCT": 3518.0, "AOEGL_HS": 0.0, "AOEGL_NR": 3518.0, "E911ADDR": "87 ROUTE 4A WEST", "SHAPE_Length": 0.002541693241516312, "SHAPE_Area": 3.8101399424134693e-07}, "geometry": {"type": "MultiPolygon", "coordinates": [[[[-73.20989177599995, 43.607729627000026], [-73.20990706499998, 43.60752210000004], [-73.21040767299996, 43.607544423000036], [-73.21042659099999, 43.60772771300003], [-73.21047660499994, 43.60819187300007], [-73.20987843099994, 43.60814416100004], [-73.20972751299996, 43.60812630500004], [-73.20989177599995, 43.607729627000026]]]]}}, {"type": "Feature", "properties": {"OBJECTID": 28078, "SPAN": "129-040-11124", "GLIST_SPAN": "129-040-11124", "MAPID": "44-50-60", "PARCID": "445000060.", "PROPTYPE": "PARCEL", "YEAR": 2023, "GLYEAR": 2022, "TOWN": "CASTLETON", "TNAME": "Castleton", "SOURCENAME": null, "SOURCETYPE": "UNKNOWN", "SOURCEDATE": "UNKNOWN", "EDITMETHOD": "UNKNOWN", "EDITOR": "UNKNOWN", "EDITDATE": "UNKNOWN", "MATCHSTAT": "MATCH", "EDITNOTE": "UNKNOWN", "OWNER1": "IMMEL CHRISTOPHER A", "OWNER2": "IMMEL MARGARET", "ADDRGL1": "PO BOX 276", "ADDRGL2": "", "CITYGL": "CASTLETON", "STGL": "VT", "ZIPGL": "05735", "DESCPROP": "HSE/3.58 ACRES; ROUTE 4A", "LOCAPROP": "", "CAT": "Residential-1", "RESCODE": "T", "ACRESGL": 3.58, "REAL_FLV": 116600, "HSTED_FLV": 116600, "NRES_FLV": 0, "LAND_LV": 47700, "IMPRV_LV": 68900, "EQUIPVAL": 0, "EQUIPCODE": "", "INVENVAL": 0, "HSDECL": "Y", "HSITEVAL": 111900, "VETEXAMT": 0, "EXPDESC": "", "ENDDATE": "", "STATUTE": "", "EXAMT_HS": 0, "EXAMT_NR": 0, "UVREDUC_HS": 0, "UVREDUC_NR": 0, "GLVAL_HS": 1166.0, "GLVAL_NR": 0.0, "CRHOUSPCT": 0.0, "MUNGL1PCT": 1166.0, "AOEGL_HS": 1166.0, "AOEGL_NR": 0.0, "E911ADDR": "1893 MAIN ST", "SHAPE_Length": 0.007639189628691599, "SHAPE_Area": 1.8014262295421343e-06}, "geometry": {"type": "MultiPolygon", "coordinates": [[[[-73.20125548899995, 43.60670238800003], [-73.20335650899995, 43.60604361000003], [-73.20339511599997, 43.60629995600004], [-73.20274155699997, 43.60652044200003], [-73.20289483699997, 43.60753211400004], [-73.20218415299996, 43.60734619100003], [-73.20043834999996, 43.60710758300007], [-73.20050617199996, 43.606937455000036], [-73.20125548899995, 43.60670238800003]]]]}}, {"type": "Feature", "properties": {"OBJECTID": 28403, "SPAN": "129-040-11925", "GLIST_SPAN": "129-040-11925", "MAPID": "44-50-32", "PARCID": "445000032.", "PROPTYPE": "PARCEL", "YEAR": 2023, "GLYEAR": 2022, "TOWN": "CASTLETON", "TNAME": "Castleton", "SOURCENAME": null, "SOURCETYPE": "UNKNOWN", "SOURCEDATE": "UNKNOWN", "EDITMETHOD": "UNKNOWN", "EDITOR": "UNKNOWN", "EDITDATE": "UNKNOWN", "MATCHSTAT": "MATCH", "EDITNOTE": "UNKNOWN", "OWNER1": "RSY LLC", "OWNER2": "", "ADDRGL1": "1860 MAIN STREET", "ADDRGL2": "", "CITYGL": "CASTLETON", "STGL": "VT", "ZIPGL": "05735", "DESCPROP": "HSE/GAR/OB/MH/2.64 ACRES; ROUTE 4A", "LOCAPROP": "", "CAT": "Residential-1", "RESCODE": "T", "ACRESGL": 2.64, "REAL_FLV": 96500, "HSTED_FLV": 0, "NRES_FLV": 96500, "LAND_LV": 41000, "IMPRV_LV": 55500, "EQUIPVAL": 0, "EQUIPCODE": "", "INVENVAL": 0, "HSDECL": "N", "HSITEVAL": 94600, "VETEXAMT": 0, "EXPDESC": "", "ENDDATE": "", "STATUTE": "", "EXAMT_HS": 0, "EXAMT_NR": 0, "UVREDUC_HS": 0, "UVREDUC_NR": 0, "GLVAL_HS": 0.0, "GLVAL_NR": 965.0, "CRHOUSPCT": 0.0, "MUNGL1PCT": 965.0, "AOEGL_HS": 0.0, "AOEGL_NR": 965.0, "E911ADDR": "43 ROONEY RD", "SHAPE_Length": 0.005095693988837473, "SHAPE_Area": 1.228383755207013e-06}, "geometry": {"type": "MultiPolygon", "coordinates": [[[[-73.20186785599998, 43.60879537000005], [-73.20168674099995, 43.60792764000007], [-73.20220581899997, 43.60797914900007], [-73.20267210399999, 43.60798078800008], [-73.20265041399995, 43.608117047000064], [-73.20304713199994, 43.60815530700006], [-73.20309320499996, 43.607966213000054], [-73.20336637199995, 43.60800079400008], [-73.20318855099998, 43.60887465500008], [-73.20186785599998, 43.60879537000005]]]]}}, {"type": "Feature", "properties": {"OBJECTID": 28408, "SPAN": "129-040-11926", "GLIST_SPAN": "129-040-11926", "MAPID": "44-50-32.1", "PARCID": "445000032.1", "PROPTYPE": "PARCEL", "YEAR": 2023, "GLYEAR": 2022, "TOWN": "CASTLETON", "TNAME": "Castleton", "SOURCENAME": null, "SOURCETYPE": "UNKNOWN", "SOURCEDATE": "UNKNOWN", "EDITMETHOD": "UNKNOWN", "EDITOR": "UNKNOWN", "EDITDATE": "UNKNOWN", "MATCHSTAT": "MATCH", "EDITNOTE": "UNKNOWN", "OWNER1": "RSY LLC", "OWNER2": "", "ADDRGL1": "1860 MAIN STREET", "ADDRGL2": "", "CITYGL": "CASTLETON", "STGL": "VT", "ZIPGL": "05735", "DESCPROP": "HSE/LOT; ROUTE 4A", "LOCAPROP": "", "CAT": "Residential-1", "RESCODE": "C", "ACRESGL": 0.36, "REAL_FLV": 98700, "HSTED_FLV": 0, "NRES_FLV": 98700, "LAND_LV": 26900, "IMPRV_LV": 71800, "EQUIPVAL": 0, "EQUIPCODE": "", "INVENVAL": 0, "HSDECL": "N", "HSITEVAL": 98700, "VETEXAMT": 0, "EXPDESC": "", "ENDDATE": "", "STATUTE": "", "EXAMT_HS": 0, "EXAMT_NR": 0, "UVREDUC_HS": 0, "UVREDUC_NR": 0, "GLVAL_HS": 0.0, "GLVAL_NR": 987.0, "CRHOUSPCT": 0.0, "MUNGL1PCT": 987.0, "AOEGL_HS": 0.0, "AOEGL_NR": 987.0, "E911ADDR": "26 ROONEY RD", "SHAPE_Length": 0.003131344671553272, "SHAPE_Area": 1.4469000456532477e-07}, "geometry": {"type": "MultiPolygon", "coordinates": [[[[-73.20203668199997, 43.60789532500007], [-73.20222937499994, 43.607888727000045], [-73.20239584899997, 43.60789086900007], [-73.20259884199999, 43.60790846500004], [-73.20288755199994, 43.607940178000035], [-73.20309320499996, 43.607966213000054], [-73.20304713199994, 43.60815530700006], [-73.20265041399995, 43.608117047000064], [-73.20267210399999, 43.60798078800008], [-73.20220581899997, 43.60797914900007], [-73.20168674099995, 43.60792764000007], [-73.20170065799994, 43.60792600700006], [-73.20179691099997, 43.60791465800003], [-73.20203668199997, 43.60789532500007]]]]}}, {"type": "Feature", "properties": {"OBJECTID": 28850, "SPAN": "129-040-11936", "GLIST_SPAN": "129-040-11936", "MAPID": "44-50-35", "PARCID": "445000035.", "PROPTYPE": "PARCEL", "YEAR": 2023, "GLYEAR": 2022, "TOWN": "CASTLETON", "TNAME": "Castleton", "SOURCENAME": null, "SOURCETYPE": "UNKNOWN", "SOURCEDATE": "UNKNOWN", "EDITMETHOD": "UNKNOWN", "EDITOR": "UNKNOWN", "EDITDATE": "UNKNOWN", "MATCHSTAT": "MATCH", "EDITNOTE": "UNKNOWN", "OWNER1": "HOLDEN MICHAEL", "OWNER2": "HOLDEN SUSAN M", "ADDRGL1": "2034 MAIN ST", "ADDRGL2": "", "CITYGL": "CASTLETON", "STGL": "VT", "ZIPGL": "05735", "DESCPROP": "HSE/OB/LOT; ROUTE 4A", "LOCAPROP": "", "CAT": "Residential-1", "RESCODE": "T", "ACRESGL": 0.5, "REAL_FLV": 120100, "HSTED_FLV": 120100, "NRES_FLV": 0, "LAND_LV": 32000, "IMPRV_LV": 88100, "EQUIPVAL": 0, "EQUIPCODE": "", "INVENVAL": 0, "HSDECL": "Y", "HSITEVAL": 120100, "VETEXAMT": 0, "EXPDESC": "", "ENDDATE": "", "STATUTE": "", "EXAMT_HS": 0, "EXAMT_NR": 0, "UVREDUC_HS": 0, "UVREDUC_NR": 0, "GLVAL_HS": 1201.0, "GLVAL_NR": 0.0, "CRHOUSPCT": 0.0, "MUNGL1PCT": 1201.0, "AOEGL_HS": 1201.0, "AOEGL_NR": 0.0, "E911ADDR": "2034 MAIN ST", "SHAPE_Length": 0.002780738023911708, "SHAPE_Area": 4.30988560474233e-07}, "geometry": {"type": "MultiPolygon", "coordinates": [[[[-73.20450107599999, 43.60858732200006], [-73.20444073699997, 43.60813679700004], [-73.20493170199995, 43.60819894400004], [-73.20499204299995, 43.608649469000056], [-73.20505000599996, 43.60909329300006], [-73.20459438199998, 43.60903562000004], [-73.20455710799996, 43.60900569100005], [-73.20450107599999, 43.60858732200006]]]]}}, {"type": "Feature", "properties": {"OBJECTID": 28867, "SPAN": "129-040-11953", "GLIST_SPAN": "129-040-11953", "MAPID": "44-50-36", "PARCID": "445000036.", "PROPTYPE": "PARCEL", "YEAR": 2023, "GLYEAR": 2022, "TOWN": "CASTLETON", "TNAME": "Castleton", "SOURCENAME": null, "SOURCETYPE": "UNKNOWN", "SOURCEDATE": "UNKNOWN", "EDITMETHOD": "UNKNOWN", "EDITOR": "UNKNOWN", "EDITDATE": "UNKNOWN", "MATCHSTAT": "MATCH", "EDITNOTE": "UNKNOWN", "OWNER1": "RUTLAND WEST NEIGHBORHOOD HOUSING SERVIC", "OWNER2": "", "ADDRGL1": "110 MARBLE STREET", "ADDRGL2": "", "CITYGL": "WEST RUTLAND", "STGL": "VT", "ZIPGL": "05777", "DESCPROP": "1.39 ACRES; ROUTE 4A", "LOCAPROP": "", "CAT": "Residential-1", "RESCODE": "C", "ACRESGL": 1.39, "REAL_FLV": 29200, "HSTED_FLV": 29200, "NRES_FLV": 0, "LAND_LV": 29200, "IMPRV_LV": 0, "EQUIPVAL": 0, "EQUIPCODE": "", "INVENVAL": 0, "HSDECL": "Y", "HSITEVAL": 29200, "VETEXAMT": 0, "EXPDESC": "", "ENDDATE": "", "STATUTE": "", "EXAMT_HS": 0, "EXAMT_NR": 0, "UVREDUC_HS": 0, "UVREDUC_NR": 0, "GLVAL_HS": 292.0, "GLVAL_NR": 0.0, "CRHOUSPCT": 30.0, "MUNGL1PCT": 292.0, "AOEGL_HS": 292.0, "AOEGL_NR": 0.0, "E911ADDR": "MAIN ST", "SHAPE_Length": 0.0032719512727756622, "SHAPE_Area": 6.461462569501965e-07}, "geometry": {"type": "MultiPolygon", "coordinates": [[[[-73.20499204299995, 43.608649469000056], [-73.20493170199995, 43.60819894400004], [-73.20547696499995, 43.60826796100008], [-73.20583426999997, 43.60830496900007], [-73.20560867599994, 43.60917280700005], [-73.20505000599996, 43.60909329300006], [-73.20499204299995, 43.608649469000056]]]]}}, {"type": "Feature", "properties": {"OBJECTID": 29039, "SPAN": "129-040-12139", "GLIST_SPAN": "129-040-12139", "MAPID": "44-50-31", "PARCID": "445000031.", "PROPTYPE": "PARCEL", "YEAR": 2023, "GLYEAR": 2022, "TOWN": "CASTLETON", "TNAME": "Castleton", "SOURCENAME": null, "SOURCETYPE": "UNKNOWN", "SOURCEDATE": "UNKNOWN", "EDITMETHOD": "UNKNOWN", "EDITOR": "UNKNOWN", "EDITDATE": "UNKNOWN", "MATCHSTAT": "MATCH", "EDITNOTE": "UNKNOWN", "OWNER1": "WOLMUTH ALAN J", "OWNER2": "WOLMUTH NANCY L", "ADDRGL1": "82 PATRICIA LN", "ADDRGL2": "", "CITYGL": "CASTLETON", "STGL": "VT", "ZIPGL": "05735", "DESCPROP": "HSE/LOT; PATRICIA LANE", "LOCAPROP": "", "CAT": "Residential-1", "RESCODE": "T", "ACRESGL": 1.09, "REAL_FLV": 99800, "HSTED_FLV": 99800, "NRES_FLV": 0, "LAND_LV": 38300, "IMPRV_LV": 61500, "EQUIPVAL": 0, "EQUIPCODE": "", "INVENVAL": 0, "HSDECL": "Y", "HSITEVAL": 99800, "VETEXAMT": 0, "EXPDESC": "", "ENDDATE": "", "STATUTE": "", "EXAMT_HS": 0, "EXAMT_NR": 0, "UVREDUC_HS": 0, "UVREDUC_NR": 0, "GLVAL_HS": 998.0, "GLVAL_NR": 0.0, "CRHOUSPCT": 0.0, "MUNGL1PCT": 998.0, "AOEGL_HS": 998.0, "AOEGL_NR": 0.0, "E911ADDR": "82 PATRICIA LN", "SHAPE_Length": 0.002208790421847411, "SHAPE_Area": 2.433344696193039e-07}, "geometry": {"type": "MultiPolygon", "coordinates": [[[[-73.20383398399997, 43.60912039100003], [-73.20441165899996, 43.609052415000065], [-73.20472578599998, 43.609304648000034], [-73.20390078299994, 43.60949257600004], [-73.20383398399997, 43.60912039100003]]]]}}, {"type": "Feature", "properties": {"OBJECTID": 29511, "SPAN": "129-040-10941", "GLIST_SPAN": "129-040-10941", "MAPID": "44-50-58", "PARCID": "445000058.", "PROPTYPE": "PARCEL", "YEAR": 2023, "GLYEAR": 2022, "TOWN": "CASTLETON", "TNAME": "Castleton", "SOURCENAME": null, "SOURCETYPE": "UNKNOWN", "SOURCEDATE": "UNKNOWN", "EDITMETHOD": "UNKNOWN", "EDITOR": "UNKNOWN", "EDITDATE": "UNKNOWN", "MATCHSTAT": "MATCH", "EDITNOTE": "UNKNOWN", "OWNER1": "PARKER PAIGE", "OWNER2": "", "ADDRGL1": "1991 MAIN STREET", "ADDRGL2": "", "CITYGL": "CASTLETON", "STGL": "VT", "ZIPGL": "05735", "DESCPROP": "HSE/LOT; ROUTE 4A", "LOCAPROP": "", "CAT": "Residential-1", "RESCODE": "T", "ACRESGL": 1.0, "REAL_FLV": 77600, "HSTED_FLV": 0, "NRES_FLV": 77600, "LAND_LV": 38000, "IMPRV_LV": 39600, "EQUIPVAL": 0, "EQUIPCODE": "", "INVENVAL": 0, "HSDECL": "N", "HSITEVAL": 77600, "VETEXAMT": 0, "EXPDESC": "", "ENDDATE": "", "STATUTE": "", "EXAMT_HS": 0, "EXAMT_NR": 0, "UVREDUC_HS": 0, "UVREDUC_NR": 0, "GLVAL_HS": 0.0, "GLVAL_NR": 776.0, "CRHOUSPCT": 0.0, "MUNGL1PCT": 776.0, "AOEGL_HS": 0.0, "AOEGL_NR": 776.0, "E911ADDR": "1991 MAIN ST", "SHAPE_Length": 0.0027297761446672007, "SHAPE_Area": 4.343011258307856e-07}, "geometry": {"type": "MultiPolygon", "coordinates": [[[[-73.20363940999994, 43.607756892000054], [-73.20351988899995, 43.60696331300005], [-73.20407779199996, 43.607033939000075], [-73.20419731999993, 43.60782751700003], [-73.20363940999994, 43.607756892000054]]]]}}, {"type": "Feature", "properties": {"OBJECTID": 29731, "SPAN": "129-040-11689", "GLIST_SPAN": "129-040-11689", "MAPID": "44-50-33", "PARCID": "445000033.", "PROPTYPE": "PARCEL", "YEAR": 2023, "GLYEAR": 2022, "TOWN": "CASTLETON", "TNAME": "Castleton", "SOURCENAME": null, "SOURCETYPE": "UNKNOWN", "SOURCEDATE": "UNKNOWN", "EDITMETHOD": "UNKNOWN", "EDITOR": "UNKNOWN", "EDITDATE": "UNKNOWN", "MATCHSTAT": "MATCH", "EDITNOTE": "UNKNOWN", "OWNER1": "PARSONS HILL PARTNERSHIP", "OWNER2": "", "ADDRGL1": "6971 MAIN STREET SUITE 4", "ADDRGL2": "", "CITYGL": "WAITSFIELD", "STGL": "VT", "ZIPGL": "05673", "DESCPROP": "APTS/8.60 ACRES; ROUTE 4A", "LOCAPROP": "", "CAT": "Commercial Apt", "RESCODE": "S", "ACRESGL": 8.6, "REAL_FLV": 814300, "HSTED_FLV": 0, "NRES_FLV": 814300, "LAND_LV": 104500, "IMPRV_LV": 709800, "EQUIPVAL": 0, "EQUIPCODE": "", "INVENVAL": 0, "HSDECL": "N", "HSITEVAL": 0, "VETEXAMT": 0, "EXPDESC": "Qualified Housing Units", "ENDDATE": "", "STATUTE": "", "EXAMT_HS": 0, "EXAMT_NR": 81430, "UVREDUC_HS": 0, "UVREDUC_NR": 0, "GLVAL_HS": 0.0, "GLVAL_NR": 7328.7, "CRHOUSPCT": 0.0, "MUNGL1PCT": 8143.0, "AOEGL_HS": 0.0, "AOEGL_NR": 7328.7, "E911ADDR": "49 PARSONS HILL RD", "SHAPE_Length": 0.008799074858913913, "SHAPE_Area": 3.673384235516451e-06}, "geometry": {"type": "MultiPolygon", "coordinates": [[[[-73.20222865199997, 43.61053698400008], [-73.20186785599998, 43.60879537000005], [-73.20318855099998, 43.60887465500008], [-73.20336637199995, 43.60800079400008], [-73.20366764399995, 43.608038933000046], [-73.20383398399997, 43.60912039100003], [-73.20390078299994, 43.60949257600004], [-73.20395418199996, 43.609664689000056], [-73.20403933699998, 43.61028328400005], [-73.20408870499995, 43.61064191200006], [-73.20222865199997, 43.61053698400008]]]]}}, {"type": "Feature", "properties": {"OBJECTID": 29997, "SPAN": "129-040-11918", "GLIST_SPAN": "129-040-11918", "MAPID": "44-50-30", "PARCID": "445000030.", "PROPTYPE": "PARCEL", "YEAR": 2023, "GLYEAR": 2022, "TOWN": "CASTLETON", "TNAME": "Castleton", "SOURCENAME": null, "SOURCETYPE": "UNKNOWN", "SOURCEDATE": "UNKNOWN", "EDITMETHOD": "UNKNOWN", "EDITOR": "UNKNOWN", "EDITDATE": "UNKNOWN", "MATCHSTAT": "MATCH", "EDITNOTE": "UNKNOWN", "OWNER1": "TAGGART GEORGE L", "OWNER2": "", "ADDRGL1": "PO BOX 296", "ADDRGL2": "", "CITYGL": "BOMOSEEN", "STGL": "VT", "ZIPGL": "05732", "DESCPROP": "MOBILE HOME", "LOCAPROP": "", "CAT": "Mobile Home/la", "RESCODE": "T", "ACRESGL": 0.92, "REAL_FLV": 85100, "HSTED_FLV": 85100, "NRES_FLV": 0, "LAND_LV": 36800, "IMPRV_LV": 48300, "EQUIPVAL": 0, "EQUIPCODE": "", "INVENVAL": 0, "HSDECL": "Y", "HSITEVAL": 85100, "VETEXAMT": 0, "EXPDESC": "", "ENDDATE": "", "STATUTE": "", "EXAMT_HS": 0, "EXAMT_NR": 0, "UVREDUC_HS": 0, "UVREDUC_NR": 0, "GLVAL_HS": 851.0, "GLVAL_NR": 0.0, "CRHOUSPCT": 0.0, "MUNGL1PCT": 851.0, "AOEGL_HS": 851.0, "AOEGL_NR": 0.0, "E911ADDR": "94 PATRICIA LN", "SHAPE_Length": 0.004004813915842153, "SHAPE_Area": 3.215867103359522e-07}, "geometry": {"type": "MultiPolygon", "coordinates": [[[[-73.20390078299994, 43.60949257600004], [-73.20472578599998, 43.609304648000034], [-73.20498685699994, 43.60951427700007], [-73.20499735999994, 43.60958046400003], [-73.20395418199996, 43.609664689000056], [-73.20390078299994, 43.60949257600004]]], [[[-73.20513131099995, 43.60946675300005], [-73.20459438199998, 43.60903562000004], [-73.20505000599996, 43.60909329300006], [-73.20513131099995, 43.60946675300005]]]]}}, {"type": "Feature", "properties": {"OBJECTID": 30092, "SPAN": "129-040-12457", "GLIST_SPAN": "129-040-12457", "MAPID": "44-50-34", "PARCID": "445000034.", "PROPTYPE": "PARCEL", "YEAR": 2023, "GLYEAR": 2022, "TOWN": "CASTLETON", "TNAME": "Castleton", "SOURCENAME": null, "SOURCETYPE": "UNKNOWN", "SOURCEDATE": "UNKNOWN", "EDITMETHOD": "UNKNOWN", "EDITOR": "UNKNOWN", "EDITDATE": "UNKNOWN", "MATCHSTAT": "MATCH", "EDITNOTE": "UNKNOWN", "OWNER1": "WOODS GLEN", "OWNER2": "WOODS WANDA", "ADDRGL1": "6037 MONUMENT HILL ROAD", "ADDRGL2": "", "CITYGL": "CASTLETON", "STGL": "VT", "ZIPGL": "05735", "DESCPROP": "HSE/OB/1.44 ACRES", "LOCAPROP": "", "CAT": "Residential-1", "RESCODE": "T", "ACRESGL": 1.3, "REAL_FLV": 98200, "HSTED_FLV": 0, "NRES_FLV": 98200, "LAND_LV": 40900, "IMPRV_LV": 57300, "EQUIPVAL": 0, "EQUIPCODE": "", "INVENVAL": 0, "HSDECL": "N", "HSITEVAL": 98200, "VETEXAMT": 0, "EXPDESC": "", "ENDDATE": "", "STATUTE": "", "EXAMT_HS": 0, "EXAMT_NR": 0, "UVREDUC_HS": 0, "UVREDUC_NR": 0, "GLVAL_HS": 0.0, "GLVAL_NR": 982.0, "CRHOUSPCT": 0.0, "MUNGL1PCT": 982.0, "AOEGL_HS": 0.0, "AOEGL_NR": 982.0, "E911ADDR": "1992 MAIN ST", "SHAPE_Length": 0.003243049739271085, "SHAPE_Area": 6.024378622996055e-07}, "geometry": {"type": "MultiPolygon", "coordinates": [[[[-73.20383398399997, 43.60912039100003], [-73.20366764399995, 43.608038933000046], [-73.20428641699993, 43.608117262000064], [-73.20441165899996, 43.609052415000065], [-73.20383398399997, 43.60912039100003]]]]}}, {"type": "Feature", "properties": {"OBJECTID": 30197, "SPAN": "129-040-12579", "GLIST_SPAN": "129-040-12579", "MAPID": "44-50-59.1", "PARCID": "445000059.1", "PROPTYPE": "PARCEL", "YEAR": 2023, "GLYEAR": 2022, "TOWN": "CASTLETON", "TNAME": "Castleton", "SOURCENAME": null, "SOURCETYPE": "UNKNOWN", "SOURCEDATE": "UNKNOWN", "EDITMETHOD": "UNKNOWN", "EDITOR": "UNKNOWN", "EDITDATE": "UNKNOWN", "MATCHSTAT": "MATCH", "EDITNOTE": "UNKNOWN", "OWNER1": "ETTORI ROBERT J", "OWNER2": "ETTORI KIMBERLY S ET AL", "ADDRGL1": "PO BOX 1945", "ADDRGL2": "", "CITYGL": "ORMOND BEACH", "STGL": "FL", "ZIPGL": "32175", "DESCPROP": "FUNERAL HOME WITH LIVING AREA APT AND", "LOCAPROP": "", "CAT": "Commercial", "RESCODE": "NS", "ACRESGL": 0.0, "REAL_FLV": 236100, "HSTED_FLV": 0, "NRES_FLV": 236100, "LAND_LV": 0, "IMPRV_LV": 236100, "EQUIPVAL": 0, "EQUIPCODE": "", "INVENVAL": 0, "HSDECL": "N", "HSITEVAL": 0, "VETEXAMT": 0, "EXPDESC": "", "ENDDATE": "", "STATUTE": "", "EXAMT_HS": 0, "EXAMT_NR": 0, "UVREDUC_HS": 0, "UVREDUC_NR": 0, "GLVAL_HS": 0.0, "GLVAL_NR": 2361.0, "CRHOUSPCT": 0.0, "MUNGL1PCT": 2361.0, "AOEGL_HS": 0.0, "AOEGL_NR": 2361.0, "E911ADDR": "1939 MAIN ST", "SHAPE_Length": 0.0038483254641683952, "SHAPE_Area": 8.234900820724779e-07}, "geometry": {"type": "MultiPolygon", "coordinates": [[[[-73.20274155699997, 43.60652044200003], [-73.20339882199994, 43.60632455900003], [-73.20360787799996, 43.607712640000045], [-73.20289483699997, 43.60753211400004], [-73.20274155699997, 43.60652044200003]]]]}}, {"type": "Feature", "properties": {"OBJECTID": 184917, "SPAN": null, "GLIST_SPAN": null, "MAPID": null, "PARCID": null, "PROPTYPE": "PARCEL", "YEAR": 2023, "GLYEAR": null, "TOWN": "CASTLETON", "TNAME": null, "SOURCENAME": null, "SOURCETYPE": "UNKNOWN", "SOURCEDATE": "UNKNOWN", "EDITMETHOD": "UNKNOWN", "EDITOR": "VCGI", "EDITDATE": "20230912", "MATCHSTAT": "UNMATCHED", "EDITNOTE": "Updated MATCHSTAT based on PROPTYPE", "OWNER1": null, "OWNER2": null, "ADDRGL1": null, "ADDRGL2": null, "CITYGL": null, "STGL": null, "ZIPGL": null, "DESCPROP": null, "LOCAPROP": null, "CAT": null, "RESCODE": null, "ACRESGL": null, "REAL_FLV": null, "HSTED_FLV": null, "NRES_FLV": null, "LAND_LV": null, "IMPRV_LV": null, "EQUIPVAL": null, "EQUIPCODE": null, "INVENVAL": null, "HSDECL": null, "HSITEVAL": null, "VETEXAMT": null, "EXPDESC": null, "ENDDATE": null, "STATUTE": null, "EXAMT_HS": null, "EXAMT_NR": null, "UVREDUC_HS": null, "UVREDUC_NR": null, "GLVAL_HS": null, "GLVAL_NR": null, "CRHOUSPCT": null, "MUNGL1PCT": null, "AOEGL_HS": null, "AOEGL_NR": null, "E911ADDR": null, "SHAPE_Length": 0.004875968272395015, "SHAPE_Area": 5.305317900175442e-08}, "geometry": {"type": "MultiPolygon", "coordinates": [[[[-73.20360787799996, 43.607712640000045], [-73.20339882199994, 43.60632455900003], [-73.20274155699997, 43.60652044200003], [-73.20339511599997, 43.60629995600004], [-73.20335650899995, 43.60604361000003], [-73.20338424099998, 43.606034915000066], [-73.20351988899995, 43.60696331300005], [-73.20363940999994, 43.607756892000054], [-73.20361337499997, 43.607753596000066], [-73.20360787799996, 43.607712640000045]]]]}}, {"type": "Feature", "properties": {"OBJECTID": 27183, "SPAN": "129-040-12112", "GLIST_SPAN": "129-040-10087", "MAPID": "44-50-26", "PARCID": "445000026.B", "PROPTYPE": "PARCEL", "YEAR": 2023, "GLYEAR": 2022, "TOWN": "CASTLETON", "TNAME": "Castleton", "SOURCENAME": null, "SOURCETYPE": "UNKNOWN", "SOURCEDATE": "UNKNOWN", "EDITMETHOD": "UNKNOWN", "EDITOR": "UNKNOWN", "EDITDATE": "UNKNOWN", "MATCHSTAT": "MATCH", "EDITNOTE": "UNKNOWN", "OWNER1": "B V A K INC", "OWNER2": "ATTN HARVEY ALLISON", "ADDRGL1": "PO BOX 1572", "ADDRGL2": "", "CITYGL": "CASTLETON", "STGL": "VT", "ZIPGL": "05735", "DESCPROP": "LAND IS 44-50-26; CAR WASH (BLDG ONLY);", "LOCAPROP": "", "CAT": "Commercial", "RESCODE": "C", "ACRESGL": 0.0, "REAL_FLV": 121700, "HSTED_FLV": 0, "NRES_FLV": 121700, "LAND_LV": 0, "IMPRV_LV": 121700, "EQUIPVAL": 0, "EQUIPCODE": "", "INVENVAL": 0, "HSDECL": "N", "HSITEVAL": 0, "VETEXAMT": 0, "EXPDESC": "", "ENDDATE": "", "STATUTE": "", "EXAMT_HS": 0, "EXAMT_NR": 0, "UVREDUC_HS": 0, "UVREDUC_NR": 0, "GLVAL_HS": 0.0, "GLVAL_NR": 1217.0, "CRHOUSPCT": 0.0, "MUNGL1PCT": 1217.0, "AOEGL_HS": 0.0, "AOEGL_NR": 1217.0, "E911ADDR": "78 ROUTE 30 NORTH", "SHAPE_Length": 0.004189699172847656, "SHAPE_Area": 9.886018006052863e-07}, "geometry": {"type": "MultiPolygon", "coordinates": [[[[-73.20687544899994, 43.610125046000064], [-73.20699518499998, 43.60937013300003], [-73.20724231999998, 43.60939330600007], [-73.20748571099995, 43.60941612800008], [-73.20754824099998, 43.60919300900008], [-73.20817470199995, 43.609267069000055], [-73.20801117599996, 43.610011806000045], [-73.20796469299995, 43.61022090200004], [-73.20687544899994, 43.610125046000064]]]]}}, {"type": "Feature", "properties": {"OBJECTID": 27208, "SPAN": "129-040-10117", "GLIST_SPAN": "129-040-10117", "MAPID": "44-50-04", "PARCID": "445000004.", "PROPTYPE": "PARCEL", "YEAR": 2023, "GLYEAR": 2022, "TOWN": "CASTLETON", "TNAME": "Castleton", "SOURCENAME": null, "SOURCETYPE": "UNKNOWN", "SOURCEDATE": "UNKNOWN", "EDITMETHOD": "UNKNOWN", "EDITOR": "UNKNOWN", "EDITDATE": "UNKNOWN", "MATCHSTAT": "MATCH", "EDITNOTE": "UNKNOWN", "OWNER1": "TRAVERSE LAWRENCE E", "OWNER2": "", "ADDRGL1": "87 PRESTON LANE", "ADDRGL2": "", "CITYGL": "CASTLETON", "STGL": "VT", "ZIPGL": "05735", "DESCPROP": "HSE/GAR/LOT; PRESTON LANE", "LOCAPROP": "", "CAT": "Residential-1", "RESCODE": "T", "ACRESGL": 0.27, "REAL_FLV": 121100, "HSTED_FLV": 0, "NRES_FLV": 121100, "LAND_LV": 30300, "IMPRV_LV": 90800, "EQUIPVAL": 0, "EQUIPCODE": "", "INVENVAL": 0, "HSDECL": "N", "HSITEVAL": 121100, "VETEXAMT": 0, "EXPDESC": "", "ENDDATE": "", "STATUTE": "", "EXAMT_HS": 0, "EXAMT_NR": 0, "UVREDUC_HS": 0, "UVREDUC_NR": 0, "GLVAL_HS": 0.0, "GLVAL_NR": 1211.0, "CRHOUSPCT": 0.0, "MUNGL1PCT": 1211.0, "AOEGL_HS": 0.0, "AOEGL_NR": 1211.0, "E911ADDR": "87 PRESTON LN", "SHAPE_Length": 0.0013760366004361365, "SHAPE_Area": 1.0931238978859007e-07}, "geometry": {"type": "MultiPolygon", "coordinates": [[[[-73.20933193099995, 43.611523771000066], [-73.20930162799993, 43.611209649000045], [-73.20953894799999, 43.61120088700005], [-73.20952717099993, 43.61123832900006], [-73.20966244899995, 43.61122872000004], [-73.20970748899998, 43.61149644400007], [-73.20952771599997, 43.611513116000026], [-73.20933193099995, 43.611523771000066]]]]}}, {"type": "Feature", "properties": {"OBJECTID": 28063, "SPAN": "129-040-11109", "GLIST_SPAN": "129-040-11109", "MAPID": "44-50-17.4", "PARCID": "445000017.4", "PROPTYPE": "PARCEL", "YEAR": 2023, "GLYEAR": 2022, "TOWN": "CASTLETON", "TNAME": "Castleton", "SOURCENAME": null, "SOURCETYPE": "UNKNOWN", "SOURCEDATE": "UNKNOWN", "EDITMETHOD": "UNKNOWN", "EDITOR": "UNKNOWN", "EDITDATE": "UNKNOWN", "MATCHSTAT": "MATCH", "EDITNOTE": "UNKNOWN", "OWNER1": "DUCHARME DANIEL", "OWNER2": "HURLBURT-DUCHARME HEATHER", "ADDRGL1": "226 ROUTE 30 N", "ADDRGL2": "", "CITYGL": "BOMOSEEN", "STGL": "VT", "ZIPGL": "05732", "DESCPROP": "HSE/LOT; ROUTE 30N", "LOCAPROP": "", "CAT": "Residential-1", "RESCODE": "T", "ACRESGL": 0.94, "REAL_FLV": 105500, "HSTED_FLV": 105500, "NRES_FLV": 0, "LAND_LV": 31700, "IMPRV_LV": 73800, "EQUIPVAL": 0, "EQUIPCODE": "", "INVENVAL": 0, "HSDECL": "Y", "HSITEVAL": 105500, "VETEXAMT": 0, "EXPDESC": "", "ENDDATE": "", "STATUTE": "", "EXAMT_HS": 0, "EXAMT_NR": 0, "UVREDUC_HS": 0, "UVREDUC_NR": 0, "GLVAL_HS": 1055.0, "GLVAL_NR": 0.0, "CRHOUSPCT": 0.0, "MUNGL1PCT": 1055.0, "AOEGL_HS": 1055.0, "AOEGL_NR": 0.0, "E911ADDR": "226 ROUTE 30 NORTH", "SHAPE_Length": 0.003186224769847932, "SHAPE_Area": 4.269847550357051e-07}, "geometry": {"type": "MultiPolygon", "coordinates": [[[[-73.20545335199995, 43.61152422500004], [-73.20541934899995, 43.61129573900007], [-73.20672326499994, 43.61132582400006], [-73.20665626399995, 43.61166567600003], [-73.20547059699999, 43.61164162000006], [-73.20545335199995, 43.61152422500004]]]]}}, {"type": "Feature", "properties": {"OBJECTID": 28064, "SPAN": "129-040-11110", "GLIST_SPAN": "129-040-11110", "MAPID": "44-50-11", "PARCID": "445000011.", "PROPTYPE": "PARCEL", "YEAR": 2023, "GLYEAR": 2022, "TOWN": "CASTLETON", "TNAME": "Castleton", "SOURCENAME": null, "SOURCETYPE": "UNKNOWN", "SOURCEDATE": "UNKNOWN", "EDITMETHOD": "UNKNOWN", "EDITOR": "UNKNOWN", "EDITDATE": "UNKNOWN", "MATCHSTAT": "MATCH", "EDITNOTE": "UNKNOWN", "OWNER1": "HURLBURT BERNARD E", "OWNER2": "HAMBLIN SHANE M", "ADDRGL1": "206 ROUTE 30 N", "ADDRGL2": "", "CITYGL": "BOMOSEEN", "STGL": "VT", "ZIPGL": "05732", "DESCPROP": "HSE/GAR/0B/LOT; ROUTE 30N", "LOCAPROP": "", "CAT": "Residential-1", "RESCODE": "T", "ACRESGL": 0.71, "REAL_FLV": 67000, "HSTED_FLV": 0, "NRES_FLV": 67000, "LAND_LV": 33600, "IMPRV_LV": 33400, "EQUIPVAL": 0, "EQUIPCODE": "", "INVENVAL": 0, "HSDECL": "N", "HSITEVAL": 67000, "VETEXAMT": 0, "EXPDESC": "", "ENDDATE": "", "STATUTE": "", "EXAMT_HS": 0, "EXAMT_NR": 0, "UVREDUC_HS": 0, "UVREDUC_NR": 0, "GLVAL_HS": 0.0, "GLVAL_NR": 670.0, "CRHOUSPCT": 0.0, "MUNGL1PCT": 670.0, "AOEGL_HS": 0.0, "AOEGL_NR": 670.0, "E911ADDR": "206 ROUTE 30 NORTH", "SHAPE_Length": 0.002663285491980167, "SHAPE_Area": 3.365280429488375e-07}, "geometry": {"type": "MultiPolygon", "coordinates": [[[[-73.20665626399995, 43.61166567600003], [-73.20672326499994, 43.61132582400006], [-73.20710491499995, 43.61133544000006], [-73.20770590999996, 43.61138892500003], [-73.20763025699995, 43.61173493800004], [-73.20702187199998, 43.611669074000076], [-73.20665626399995, 43.61166567600003]]]]}}, {"type": "Feature", "properties": {"OBJECTID": 28065, "SPAN": "129-040-11111", "GLIST_SPAN": "129-040-11111", "MAPID": "44-50-17", "PARCID": "445000017.", "PROPTYPE": "PARCEL", "YEAR": 2023, "GLYEAR": 2022, "TOWN": "CASTLETON", "TNAME": "Castleton", "SOURCENAME": null, "SOURCETYPE": "UNKNOWN", "SOURCEDATE": "UNKNOWN", "EDITMETHOD": "UNKNOWN", "EDITOR": "UNKNOWN", "EDITDATE": "UNKNOWN", "MATCHSTAT": "MATCH", "EDITNOTE": "UNKNOWN", "OWNER1": "HURLBURT EDMUND R & RUTH B", "OWNER2": "HAMBLIN SHEILA", "ADDRGL1": "198 ROUTE 30 N", "ADDRGL2": "", "CITYGL": "BOMOSEEN", "STGL": "VT", "ZIPGL": "05732", "DESCPROP": "MH/LOT; ROUTE 30N", "LOCAPROP": "", "CAT": "Mobile Home/la", "RESCODE": "T", "ACRESGL": 1.15, "REAL_FLV": 65300, "HSTED_FLV": 65300, "NRES_FLV": 0, "LAND_LV": 36600, "IMPRV_LV": 28700, "EQUIPVAL": 0, "EQUIPCODE": "", "INVENVAL": 0, "HSDECL": "Y", "HSITEVAL": 65300, "VETEXAMT": 0, "EXPDESC": "", "ENDDATE": "", "STATUTE": "", "EXAMT_HS": 0, "EXAMT_NR": 0, "UVREDUC_HS": 0, "UVREDUC_NR": 0, "GLVAL_HS": 653.0, "GLVAL_NR": 0.0, "CRHOUSPCT": 0.0, "MUNGL1PCT": 653.0, "AOEGL_HS": 653.0, "AOEGL_NR": 0.0, "E911ADDR": "198 ROUTE 30 NORTH", "SHAPE_Length": 0.005141366969280305, "SHAPE_Area": 5.136530330371145e-07}, "geometry": {"type": "MultiPolygon", "coordinates": [[[[-73.20540503999996, 43.61119958300003], [-73.20538398999997, 43.61105970300008], [-73.20594983399997, 43.61108242900008], [-73.20775684899996, 43.61115594600005], [-73.20770590999996, 43.61138892500003], [-73.20710491499995, 43.61133544000006], [-73.20672326499994, 43.61132582400006], [-73.20541934899995, 43.61129573900007], [-73.20540503999996, 43.61119958300003]]]]}}, {"type": "Feature", "properties": {"OBJECTID": 28137, "SPAN": "129-040-11189", "GLIST_SPAN": "129-040-11189", "MAPID": "44-50-25.CB", "PARCID": "445000025.CB", "PROPTYPE": "PARCEL", "YEAR": 2023, "GLYEAR": 2022, "TOWN": "CASTLETON", "TNAME": "Castleton", "SOURCENAME": null, "SOURCETYPE": "UNKNOWN", "SOURCEDATE": "UNKNOWN", "EDITMETHOD": "UNKNOWN", "EDITOR": "UNKNOWN", "EDITDATE": "UNKNOWN", "MATCHSTAT": "MATCH", "EDITNOTE": "UNKNOWN", "OWNER1": "KEBI INC", "OWNER2": "", "ADDRGL1": "PO BOX 922", "ADDRGL2": "", "CITYGL": "CASTLETON", "STGL": "VT", "ZIPGL": "05735", "DESCPROP": "LAND/BUILDING; ROUTE 30N", "LOCAPROP": "", "CAT": "Commercial", "RESCODE": "C", "ACRESGL": 0.5, "REAL_FLV": 143800, "HSTED_FLV": 0, "NRES_FLV": 143800, "LAND_LV": 88000, "IMPRV_LV": 55800, "EQUIPVAL": 0, "EQUIPCODE": "", "INVENVAL": 0, "HSDECL": "N", "HSITEVAL": 0, "VETEXAMT": 0, "EXPDESC": "", "ENDDATE": "", "STATUTE": "", "EXAMT_HS": 0, "EXAMT_NR": 0, "UVREDUC_HS": 0, "UVREDUC_NR": 0, "GLVAL_HS": 0.0, "GLVAL_NR": 1438.0, "CRHOUSPCT": 0.0, "MUNGL1PCT": 1438.0, "AOEGL_HS": 0.0, "AOEGL_NR": 1438.0, "E911ADDR": "85 ROUTE 30 NORTH", "SHAPE_Length": 0.002105761995077736, "SHAPE_Area": 2.3148503288690972e-07}, "geometry": {"type": "MultiPolygon", "coordinates": [[[[-73.20824890199998, 43.609799760000044], [-73.20831872799994, 43.60948175100003], [-73.20880111399998, 43.60954873000003], [-73.20906812999993, 43.60958580300007], [-73.20894647799997, 43.60988293300005], [-73.20824890199998, 43.609799760000044]]]]}}, {"type": "Feature", "properties": {"OBJECTID": 28221, "SPAN": "129-040-11279", "GLIST_SPAN": "129-040-11279", "MAPID": "44-50-08", "PARCID": "445000008.", "PROPTYPE": "PARCEL", "YEAR": 2023, "GLYEAR": 2022, "TOWN": "CASTLETON", "TNAME": "Castleton", "SOURCENAME": null, "SOURCETYPE": "UNKNOWN", "SOURCEDATE": "UNKNOWN", "EDITMETHOD": "UNKNOWN", "EDITOR": "UNKNOWN", "EDITDATE": "UNKNOWN", "MATCHSTAT": "MATCH", "EDITNOTE": "UNKNOWN", "OWNER1": "LAFOND JOHN M", "OWNER2": "LAFOND DARLENE A", "ADDRGL1": "56 PRESTON LANE", "ADDRGL2": "", "CITYGL": "BOMOSEEN", "STGL": "VT", "ZIPGL": "05732", "DESCPROP": "HSE/LOT; PRESTON LANE", "LOCAPROP": "", "CAT": "Residential-1", "RESCODE": "T", "ACRESGL": 0.3, "REAL_FLV": 146500, "HSTED_FLV": 146500, "NRES_FLV": 0, "LAND_LV": 30800, "IMPRV_LV": 115700, "EQUIPVAL": 0, "EQUIPCODE": "", "INVENVAL": 0, "HSDECL": "Y", "HSITEVAL": 146500, "VETEXAMT": 0, "EXPDESC": "", "ENDDATE": "", "STATUTE": "", "EXAMT_HS": 0, "EXAMT_NR": 0, "UVREDUC_HS": 0, "UVREDUC_NR": 0, "GLVAL_HS": 1465.0, "GLVAL_NR": 0.0, "CRHOUSPCT": 0.0, "MUNGL1PCT": 1465.0, "AOEGL_HS": 1465.0, "AOEGL_NR": 0.0, "E911ADDR": "56 PRESTON LN", "SHAPE_Length": 0.0015436152905047888, "SHAPE_Area": 1.378762773084779e-07}, "geometry": {"type": "MultiPolygon", "coordinates": [[[[-73.20852789499997, 43.611664854000026], [-73.20901835199999, 43.611650843000064], [-73.20905024399997, 43.611924197000064], [-73.20856378099995, 43.611953060000076], [-73.20852789499997, 43.611664854000026]]]]}}, {"type": "Feature", "properties": {"OBJECTID": 28225, "SPAN": "129-040-11284", "GLIST_SPAN": "129-040-11284", "MAPID": "44-50-10", "PARCID": "445000010.", "PROPTYPE": "PARCEL", "YEAR": 2023, "GLYEAR": 2022, "TOWN": "CASTLETON", "TNAME": "Castleton", "SOURCENAME": null, "SOURCETYPE": "UNKNOWN", "SOURCEDATE": "UNKNOWN", "EDITMETHOD": "UNKNOWN", "EDITOR": "UNKNOWN", "EDITDATE": "UNKNOWN", "MATCHSTAT": "MATCH", "EDITNOTE": "UNKNOWN", "OWNER1": "TOWN OF CASTLETON", "OWNER2": "", "ADDRGL1": "PO BOX 727", "ADDRGL2": "", "CITYGL": "CASTLETON", "STGL": "VT", "ZIPGL": "05735", "DESCPROP": "3.30 ACRES ( INCLUDS 445010-1); RTE 30N", "LOCAPROP": "", "CAT": "Commercial", "RESCODE": "C", "ACRESGL": 3.3, "REAL_FLV": 1074400, "HSTED_FLV": 0, "NRES_FLV": 1074400, "LAND_LV": 76900, "IMPRV_LV": 997500, "EQUIPVAL": 0, "EQUIPCODE": "", "INVENVAL": 0, "HSDECL": "N", "HSITEVAL": 0, "VETEXAMT": 0, "EXPDESC": "Statutory", "ENDDATE": "", "STATUTE": "", "EXAMT_HS": 0, "EXAMT_NR": 0, "UVREDUC_HS": 0, "UVREDUC_NR": 0, "GLVAL_HS": 0.0, "GLVAL_NR": 0.0, "CRHOUSPCT": 0.0, "MUNGL1PCT": 0.0, "AOEGL_HS": 0.0, "AOEGL_NR": 0.0, "E911ADDR": "ROUTE 30 NORTH", "SHAPE_Length": 0.009068645882099081, "SHAPE_Area": 1.122462817941374e-06}, "geometry": {"type": "MultiPolygon", "coordinates": [[[[-73.21056715799995, 43.611803430000066], [-73.21190822799997, 43.61168528800005], [-73.21194714899997, 43.61196367700006], [-73.20982283699993, 43.612101847000076], [-73.20933711099997, 43.612153188000036], [-73.20847129199996, 43.61224469900003], [-73.20769035599994, 43.61232723300003], [-73.20776939899997, 43.61197165900006], [-73.20838134699994, 43.611963883000044], [-73.20856378099995, 43.611953060000076], [-73.20905024399997, 43.611924197000064], [-73.20980227499996, 43.611872540000036], [-73.21056715799995, 43.611803430000066]]]]}}, {"type": "Feature", "properties": {"OBJECTID": 28282, "SPAN": "129-040-10586", "GLIST_SPAN": "129-040-10586", "MAPID": "44-50-17.1", "PARCID": "445000017.1", "PROPTYPE": "PARCEL", "YEAR": 2023, "GLYEAR": 2022, "TOWN": "CASTLETON", "TNAME": "Castleton", "SOURCENAME": null, "SOURCETYPE": "UNKNOWN", "SOURCEDATE": "UNKNOWN", "EDITMETHOD": "UNKNOWN", "EDITOR": "UNKNOWN", "EDITDATE": "UNKNOWN", "MATCHSTAT": "MATCH", "EDITNOTE": "UNKNOWN", "OWNER1": "CURAVOO MARK", "OWNER2": "HOULE HEATHER", "ADDRGL1": "PO BOX 546", "ADDRGL2": "", "CITYGL": "BOMOSEEN", "STGL": "VT", "ZIPGL": "05732", "DESCPROP": "MH/OB/1.04 ACRES; ROUTE 30N", "LOCAPROP": "", "CAT": "Residential-1", "RESCODE": "T", "ACRESGL": 1.04, "REAL_FLV": 99300, "HSTED_FLV": 0, "NRES_FLV": 99300, "LAND_LV": 38100, "IMPRV_LV": 61200, "EQUIPVAL": 0, "EQUIPCODE": "", "INVENVAL": 0, "HSDECL": "N", "HSITEVAL": 99300, "VETEXAMT": 0, "EXPDESC": "", "ENDDATE": "", "STATUTE": "", "EXAMT_HS": 0, "EXAMT_NR": 0, "UVREDUC_HS": 0, "UVREDUC_NR": 0, "GLVAL_HS": 0.0, "GLVAL_NR": 993.0, "CRHOUSPCT": 0.0, "MUNGL1PCT": 993.0, "AOEGL_HS": 0.0, "AOEGL_NR": 993.0, "E911ADDR": "258 ROUTE 30 NORTH", "SHAPE_Length": 0.0031068031160479412, "SHAPE_Area": 4.6151399328794815e-07}, "geometry": {"type": "MultiPolygon", "coordinates": [[[[-73.20639132299993, 43.61242419200005], [-73.20636630499996, 43.61194031900004], [-73.20694422499997, 43.61200732000003], [-73.20755552499998, 43.612073519000035], [-73.20748315499998, 43.61239907000004], [-73.20639132299993, 43.61242419200005]]]]}}, {"type": "Feature", "properties": {"OBJECTID": 28420, "SPAN": "129-040-10140", "GLIST_SPAN": "129-040-10140", "MAPID": "44-50-21", "PARCID": "445000021.", "PROPTYPE": "PARCEL", "YEAR": 2023, "GLYEAR": 2022, "TOWN": "CASTLETON", "TNAME": "Castleton", "SOURCENAME": null, "SOURCETYPE": "UNKNOWN", "SOURCEDATE": "UNKNOWN", "EDITMETHOD": "UNKNOWN", "EDITOR": "UNKNOWN", "EDITDATE": "UNKNOWN", "MATCHSTAT": "MATCH", "EDITNOTE": "UNKNOWN", "OWNER1": "DELANCE ZACHARY M", "OWNER2": "DELANCE LORI A", "ADDRGL1": "62 CASTLETON MEADOWS LANE", "ADDRGL2": "", "CITYGL": "CASTLETON", "STGL": "VT", "ZIPGL": "05735", "DESCPROP": "HSE/LOT; MEADOW LANE", "LOCAPROP": "", "CAT": "Residential-1", "RESCODE": "T", "ACRESGL": 0.25, "REAL_FLV": 120000, "HSTED_FLV": 0, "NRES_FLV": 120000, "LAND_LV": 25300, "IMPRV_LV": 94700, "EQUIPVAL": 0, "EQUIPCODE": "", "INVENVAL": 0, "HSDECL": "N", "HSITEVAL": 120000, "VETEXAMT": 0, "EXPDESC": "", "ENDDATE": "", "STATUTE": "", "EXAMT_HS": 0, "EXAMT_NR": 0, "UVREDUC_HS": 0, "UVREDUC_NR": 0, "GLVAL_HS": 0.0, "GLVAL_NR": 1200.0, "CRHOUSPCT": 0.0, "MUNGL1PCT": 1200.0, "AOEGL_HS": 0.0, "AOEGL_NR": 1200.0, "E911ADDR": "62 CASTLETON MEADOWS", "SHAPE_Length": 0.0014056880709131822, "SHAPE_Area": 1.1843259893671552e-07}, "geometry": {"type": "MultiPolygon", "coordinates": [[[[-73.20891011099997, 43.61082305800005], [-73.20895914799996, 43.61082151000005], [-73.20898649099996, 43.61082374400007], [-73.20901311199998, 43.61082879800006], [-73.20903846499994, 43.610836566000046], [-73.20906202899994, 43.61084688900007], [-73.20908331699997, 43.61085955500005], [-73.20908410699997, 43.61086009600007], [-73.20911113399995, 43.61087602200007], [-73.20914119899999, 43.61088875000007], [-73.20917359299995, 43.61089798100005], [-73.20920755199995, 43.61090349500006], [-73.20924227299997, 43.61090516400003], [-73.20924277599994, 43.61090516000007], [-73.20926757499996, 43.61090393300003], [-73.20929203999998, 43.610900738000055], [-73.20922220299997, 43.611212581000075], [-73.20893562499998, 43.61122315800003], [-73.20891011099997, 43.61082305800005]]]]}}, {"type": "Feature", "properties": {"OBJECTID": 28426, "SPAN": "129-040-10598", "GLIST_SPAN": "129-040-10598", "MAPID": "44-50-18", "PARCID": "445000018.", "PROPTYPE": "PARCEL", "YEAR": 2023, "GLYEAR": 2022, "TOWN": "CASTLETON", "TNAME": "Castleton", "SOURCENAME": null, "SOURCETYPE": "UNKNOWN", "SOURCEDATE": "UNKNOWN", "EDITMETHOD": "UNKNOWN", "EDITOR": "UNKNOWN", "EDITDATE": "UNKNOWN", "MATCHSTAT": "MATCH", "EDITNOTE": "UNKNOWN", "OWNER1": "WHITE TERENCE M", "OWNER2": "", "ADDRGL1": "PO BOX 367", "ADDRGL2": "", "CITYGL": "BOMOSEEN", "STGL": "VT", "ZIPGL": "05732", "DESCPROP": "APT/OFFICE/GAR; ROUTE 30N", "LOCAPROP": "", "CAT": "Residential-1", "RESCODE": "S", "ACRESGL": 3.1, "REAL_FLV": 247500, "HSTED_FLV": 0, "NRES_FLV": 247500, "LAND_LV": 76300, "IMPRV_LV": 171200, "EQUIPVAL": 0, "EQUIPCODE": "", "INVENVAL": 0, "HSDECL": "N", "HSITEVAL": 244200, "VETEXAMT": 0, "EXPDESC": "", "ENDDATE": "", "STATUTE": "", "EXAMT_HS": 0, "EXAMT_NR": 0, "UVREDUC_HS": 0, "UVREDUC_NR": 0, "GLVAL_HS": 0.0, "GLVAL_NR": 2475.0, "CRHOUSPCT": 0.0, "MUNGL1PCT": 2475.0, "AOEGL_HS": 0.0, "AOEGL_NR": 2475.0, "E911ADDR": "178 ROUTE 30 NORTH", "SHAPE_Length": 0.006147179023472472, "SHAPE_Area": 1.4232414171716605e-06}, "geometry": {"type": "MultiPolygon", "coordinates": [[[[-73.20536220799994, 43.61091316000005], [-73.20527777799998, 43.61038812700008], [-73.20583856599995, 43.610452646000056], [-73.20786333799998, 43.61067683300007], [-73.20775810099997, 43.611150216000055], [-73.20775684899996, 43.61115594600005], [-73.20594983399997, 43.61108242900008], [-73.20538398999997, 43.61105970300008], [-73.20537020399996, 43.61096809900005], [-73.20536220799994, 43.61091316000005]]]]}}, {"type": "Feature", "properties": {"OBJECTID": 28428, "SPAN": "129-040-10600", "GLIST_SPAN": "129-040-10600", "MAPID": "44-50-28", "PARCID": "445000028.", "PROPTYPE": "PARCEL", "YEAR": 2023, "GLYEAR": 2022, "TOWN": "CASTLETON", "TNAME": "Castleton", "SOURCENAME": null, "SOURCETYPE": "UNKNOWN", "SOURCEDATE": "UNKNOWN", "EDITMETHOD": "UNKNOWN", "EDITOR": "UNKNOWN", "EDITDATE": "UNKNOWN", "MATCHSTAT": "MATCH", "EDITNOTE": "UNKNOWN", "OWNER1": "DANTUONO III JOSEPH", "OWNER2": "ATTN JOSEPHINE ZIMMERMAN", "ADDRGL1": "87 CHARLES AVE", "ADDRGL2": "", "CITYGL": "MASSAPEQUA PARK", "STGL": "NY", "ZIPGL": "11762", "DESCPROP": "HSE/4.90 ACRES; ROUTE 30N", "LOCAPROP": "", "CAT": "Residential-1", "RESCODE": "NS", "ACRESGL": 4.9, "REAL_FLV": 143200, "HSTED_FLV": 0, "NRES_FLV": 143200, "LAND_LV": 49700, "IMPRV_LV": 93500, "EQUIPVAL": 0, "EQUIPCODE": "", "INVENVAL": 0, "HSDECL": "N", "HSITEVAL": 134500, "VETEXAMT": 0, "EXPDESC": "", "ENDDATE": "", "STATUTE": "", "EXAMT_HS": 0, "EXAMT_NR": 0, "UVREDUC_HS": 0, "UVREDUC_NR": 0, "GLVAL_HS": 0.0, "GLVAL_NR": 1432.0, "CRHOUSPCT": 0.0, "MUNGL1PCT": 1432.0, "AOEGL_HS": 0.0, "AOEGL_NR": 1432.0, "E911ADDR": "148 ROUTE 30 NORTH", "SHAPE_Length": 0.008206428284016609, "SHAPE_Area": 2.631465213606341e-06}, "geometry": {"type": "MultiPolygon", "coordinates": [[[[-73.20513131099995, 43.60946675300005], [-73.20505000599996, 43.60909329300006], [-73.20560867599994, 43.60917280700005], [-73.20623080699994, 43.609261350000054], [-73.20699518499998, 43.60937013300003], [-73.20687544899994, 43.610125046000064], [-73.20796469299995, 43.61022090200004], [-73.20789343999996, 43.61054142000006], [-73.20786333799998, 43.61067683300007], [-73.20583856599995, 43.610452646000056], [-73.20527777799998, 43.61038812700008], [-73.20526327299996, 43.610297925000054], [-73.20524447399998, 43.61017990600004], [-73.20513131099995, 43.60946675300005]]]]}}, {"type": "Feature", "properties": {"OBJECTID": 28476, "SPAN": "129-040-12102", "GLIST_SPAN": "129-040-10642", "MAPID": "44-50-23", "PARCID": "445000023.CB2", "PROPTYPE": "PARCEL", "YEAR": 2023, "GLYEAR": 2022, "TOWN": "CASTLETON", "TNAME": "Castleton", "SOURCENAME": null, "SOURCETYPE": "UNKNOWN", "SOURCEDATE": "UNKNOWN", "EDITMETHOD": "UNKNOWN", "EDITOR": "UNKNOWN", "EDITDATE": "UNKNOWN", "MATCHSTAT": "MATCH", "EDITNOTE": "UNKNOWN", "OWNER1": "DIEKEL PAUL", "OWNER2": "DIEKEL CHRISTINE", "ADDRGL1": "49 CASTLETON MEADOWS", "ADDRGL2": "", "CITYGL": "CASTLETON", "STGL": "VT", "ZIPGL": "05735", "DESCPROP": "BUILDING ONLY; ROUTE 30N", "LOCAPROP": "", "CAT": "Commercial", "RESCODE": "T", "ACRESGL": 0.0, "REAL_FLV": 234400, "HSTED_FLV": 0, "NRES_FLV": 234400, "LAND_LV": 0, "IMPRV_LV": 234400, "EQUIPVAL": 0, "EQUIPCODE": "", "INVENVAL": 0, "HSDECL": "N", "HSITEVAL": 0, "VETEXAMT": 0, "EXPDESC": "", "ENDDATE": "", "STATUTE": "", "EXAMT_HS": 0, "EXAMT_NR": 0, "UVREDUC_HS": 0, "UVREDUC_NR": 0, "GLVAL_HS": 0.0, "GLVAL_NR": 2344.0, "CRHOUSPCT": 0.0, "MUNGL1PCT": 2344.0, "AOEGL_HS": 0.0, "AOEGL_NR": 2344.0, "E911ADDR": "49 CASTLETON MEADOWS", "SHAPE_Length": 0.0030451818087558974, "SHAPE_Area": 4.3217728057572774e-07}, "geometry": {"type": "MultiPolygon", "coordinates": [[[[-73.20815285599997, 43.610234682000055], [-73.20930779899999, 43.61037442700007], [-73.20913247899995, 43.61059581100005], [-73.20910298199993, 43.61060959100007], [-73.20907676699994, 43.610626516000025], [-73.20905878699995, 43.61064244900007], [-73.20903772499997, 43.61065624400004], [-73.20901405699993, 43.61066759300007], [-73.20898831599999, 43.610676237000064], [-73.20896108399995, 43.610681982000074], [-73.20893297499998, 43.610684699000046], [-73.20804650999997, 43.61071306800005], [-73.20815285599997, 43.610234682000055]]]]}}, {"type": "Feature", "properties": {"OBJECTID": 28478, "SPAN": "129-040-10644", "GLIST_SPAN": "129-040-10644", "MAPID": "44-50-06", "PARCID": "445000006.", "PROPTYPE": "PARCEL", "YEAR": 2023, "GLYEAR": 2022, "TOWN": "CASTLETON", "TNAME": "Castleton", "SOURCENAME": null, "SOURCETYPE": "UNKNOWN", "SOURCEDATE": "UNKNOWN", "EDITMETHOD": "UNKNOWN", "EDITOR": "UNKNOWN", "EDITDATE": "UNKNOWN", "MATCHSTAT": "MATCH", "EDITNOTE": "UNKNOWN", "OWNER1": "DIERCKSEN HANS", "OWNER2": "ACBIN PATRICIA", "ADDRGL1": "71 PRESTON LN", "ADDRGL2": "", "CITYGL": "BOMOSEEN", "STGL": "VT", "ZIPGL": "05732", "DESCPROP": "HSE/LOT; PRESTON LANE", "LOCAPROP": "", "CAT": "Residential-1", "RESCODE": "T", "ACRESGL": 0.28, "REAL_FLV": 141300, "HSTED_FLV": 141300, "NRES_FLV": 0, "LAND_LV": 30400, "IMPRV_LV": 110900, "EQUIPVAL": 0, "EQUIPCODE": "", "INVENVAL": 0, "HSDECL": "Y", "HSITEVAL": 141300, "VETEXAMT": 0, "EXPDESC": "", "ENDDATE": "", "STATUTE": "", "EXAMT_HS": 0, "EXAMT_NR": 0, "UVREDUC_HS": 0, "UVREDUC_NR": 0, "GLVAL_HS": 1413.0, "GLVAL_NR": 0.0, "CRHOUSPCT": 0.0, "MUNGL1PCT": 1413.0, "AOEGL_HS": 1413.0, "AOEGL_NR": 0.0, "E911ADDR": "71 PRESTON LN", "SHAPE_Length": 0.0013758836227081108, "SHAPE_Area": 1.1771234673544634e-07}, "geometry": {"type": "MultiPolygon", "coordinates": [[[[-73.20922220299997, 43.611212581000075], [-73.20930162799993, 43.611209649000045], [-73.20933193099995, 43.611523771000066], [-73.20900436699998, 43.61154159600005], [-73.20895910099995, 43.61154301200003], [-73.20893562499998, 43.61122315800003], [-73.20922220299997, 43.611212581000075]]]]}}, {"type": "Feature", "properties": {"OBJECTID": 28693, "SPAN": "129-040-10811", "GLIST_SPAN": "129-040-10811", "MAPID": "44-50-05", "PARCID": "445000005.", "PROPTYPE": "PARCEL", "YEAR": 2023, "GLYEAR": 2022, "TOWN": "CASTLETON", "TNAME": "Castleton", "SOURCENAME": null, "SOURCETYPE": "UNKNOWN", "SOURCEDATE": "UNKNOWN", "EDITMETHOD": "UNKNOWN", "EDITOR": "UNKNOWN", "EDITDATE": "UNKNOWN", "MATCHSTAT": "MATCH", "EDITNOTE": "UNKNOWN", "OWNER1": "COLBURN RAEGAN E", "OWNER2": "", "ADDRGL1": "84 PRESTON LANE", "ADDRGL2": "", "CITYGL": "CASTLETON", "STGL": "VT", "ZIPGL": "05735-9738", "DESCPROP": "HSE/GAR/LOT; PRESTON LANE", "LOCAPROP": "", "CAT": "Residential-1", "RESCODE": "T", "ACRESGL": 0.5, "REAL_FLV": 99000, "HSTED_FLV": 99000, "NRES_FLV": 0, "LAND_LV": 34200, "IMPRV_LV": 64800, "EQUIPVAL": 0, "EQUIPCODE": "", "INVENVAL": 0, "HSDECL": "Y", "HSITEVAL": 99000, "VETEXAMT": 0, "EXPDESC": "", "ENDDATE": "", "STATUTE": "", "EXAMT_HS": 0, "EXAMT_NR": 0, "UVREDUC_HS": 0, "UVREDUC_NR": 0, "GLVAL_HS": 990.0, "GLVAL_NR": 0.0, "CRHOUSPCT": 0.0, "MUNGL1PCT": 990.0, "AOEGL_HS": 990.0, "AOEGL_NR": 0.0, "E911ADDR": "84 PRESTON LN", "SHAPE_Length": 0.0020577272295928453, "SHAPE_Area": 2.0537533524413353e-07}, "geometry": {"type": "MultiPolygon", "coordinates": [[[[-73.20955268999995, 43.61161890100004], [-73.20976999299995, 43.611599209000076], [-73.20980227499996, 43.611872540000036], [-73.20905024399997, 43.611924197000064], [-73.20901835199999, 43.611650843000064], [-73.20955268999995, 43.61161890100004]]]]}}, {"type": "Feature", "properties": {"OBJECTID": 28811, "SPAN": "129-040-10288", "GLIST_SPAN": "129-040-10288", "MAPID": "44-50-01", "PARCID": "445000001.", "PROPTYPE": "PARCEL", "YEAR": 2023, "GLYEAR": 2022, "TOWN": "CASTLETON", "TNAME": "Castleton", "SOURCENAME": null, "SOURCETYPE": "UNKNOWN", "SOURCEDATE": "UNKNOWN", "EDITMETHOD": "UNKNOWN", "EDITOR": "UNKNOWN", "EDITDATE": "UNKNOWN", "MATCHSTAT": "MATCH", "EDITNOTE": "UNKNOWN", "OWNER1": "BROWN DORIS J", "OWNER2": "", "ADDRGL1": "122 PRESTON LANE", "ADDRGL2": "", "CITYGL": "BOMOSEEN", "STGL": "VT", "ZIPGL": "05732", "DESCPROP": "HSE/LOT; PRESTON LANE", "LOCAPROP": "", "CAT": "Residential-1", "RESCODE": "T", "ACRESGL": 0.5, "REAL_FLV": 148700, "HSTED_FLV": 148700, "NRES_FLV": 0, "LAND_LV": 34200, "IMPRV_LV": 114500, "EQUIPVAL": 0, "EQUIPCODE": "", "INVENVAL": 0, "HSDECL": "Y", "HSITEVAL": 148700, "VETEXAMT": 0, "EXPDESC": "", "ENDDATE": "", "STATUTE": "", "EXAMT_HS": 0, "EXAMT_NR": 0, "UVREDUC_HS": 0, "UVREDUC_NR": 0, "GLVAL_HS": 1487.0, "GLVAL_NR": 0.0, "CRHOUSPCT": 0.0, "MUNGL1PCT": 1487.0, "AOEGL_HS": 1487.0, "AOEGL_NR": 0.0, "E911ADDR": "122 PRESTON LN", "SHAPE_Length": 0.0020719229397216684, "SHAPE_Area": 2.092276221468604e-07}, "geometry": {"type": "MultiPolygon", "coordinates": [[[[-73.20976999299995, 43.611599209000076], [-73.21051931899996, 43.611531306000074], [-73.21056715799995, 43.611803430000066], [-73.20980227499996, 43.611872540000036], [-73.20976999299995, 43.611599209000076]]]]}}, {"type": "Feature", "properties": {"OBJECTID": 28947, "SPAN": "129-040-12037", "GLIST_SPAN": "129-040-12037", "MAPID": "44-50-17.3", "PARCID": "445000017.3", "PROPTYPE": "PARCEL", "YEAR": 2023, "GLYEAR": 2022, "TOWN": "CASTLETON", "TNAME": "Castleton", "SOURCENAME": null, "SOURCETYPE": "UNKNOWN", "SOURCEDATE": "UNKNOWN", "EDITMETHOD": "UNKNOWN", "EDITOR": "UNKNOWN", "EDITDATE": "UNKNOWN", "MATCHSTAT": "MATCH", "EDITNOTE": "UNKNOWN", "OWNER1": "SHELDON LINDA B", "OWNER2": "ATTN LINDA SQUIER", "ADDRGL1": "P O BOX 84", "ADDRGL2": "", "CITYGL": "BOMOSEEN", "STGL": "VT", "ZIPGL": "05732", "DESCPROP": "HSE/LOT 1.12 ACRES; ROUTE 30N", "LOCAPROP": "", "CAT": "Residential-1", "RESCODE": "T", "ACRESGL": 1.12, "REAL_FLV": 64400, "HSTED_FLV": 0, "NRES_FLV": 64400, "LAND_LV": 29300, "IMPRV_LV": 35100, "EQUIPVAL": 0, "EQUIPCODE": "", "INVENVAL": 0, "HSDECL": "N", "HSITEVAL": 64400, "VETEXAMT": 0, "EXPDESC": "", "ENDDATE": "", "STATUTE": "", "EXAMT_HS": 0, "EXAMT_NR": 0, "UVREDUC_HS": 0, "UVREDUC_NR": 0, "GLVAL_HS": 0.0, "GLVAL_NR": 644.0, "CRHOUSPCT": 0.0, "MUNGL1PCT": 644.0, "AOEGL_HS": 0.0, "AOEGL_NR": 644.0, "E911ADDR": "256 ROUTE 30 NORTH", "SHAPE_Length": 0.0036673250834825736, "SHAPE_Area": 4.6104114137504444e-07}, "geometry": {"type": "MultiPolygon", "coordinates": [[[[-73.20694422499997, 43.61200732000003], [-73.20636630499996, 43.61194031900004], [-73.20552229399993, 43.611979716000064], [-73.20550895299993, 43.61189246500004], [-73.20547059699999, 43.61164162000006], [-73.20665626399995, 43.61166567600003], [-73.20702187199998, 43.611669074000076], [-73.20694422499997, 43.61200732000003]]]]}}, {"type": "Feature", "properties": {"OBJECTID": 29005, "SPAN": "129-040-12103", "GLIST_SPAN": "129-040-12103", "MAPID": "44-50-25", "PARCID": "445000025.", "PROPTYPE": "PARCEL", "YEAR": 2023, "GLYEAR": 2022, "TOWN": "CASTLETON", "TNAME": "Castleton", "SOURCENAME": null, "SOURCETYPE": "UNKNOWN", "SOURCEDATE": "UNKNOWN", "EDITMETHOD": "UNKNOWN", "EDITOR": "UNKNOWN", "EDITDATE": "UNKNOWN", "MATCHSTAT": "MATCH", "EDITNOTE": "UNKNOWN", "OWNER1": "MULHOLLAND KEVIN", "OWNER2": "MULHOLLAND JILL", "ADDRGL1": "PO BOX  922", "ADDRGL2": "", "CITYGL": "CASTLETON", "STGL": "VT", "ZIPGL": "05735", "DESCPROP": "MOBILE HOME", "LOCAPROP": "", "CAT": "Mobile Home/la", "RESCODE": "T", "ACRESGL": 0.46, "REAL_FLV": 45300, "HSTED_FLV": 0, "NRES_FLV": 45300, "LAND_LV": 34500, "IMPRV_LV": 10800, "EQUIPVAL": 0, "EQUIPCODE": "", "INVENVAL": 0, "HSDECL": "N", "HSITEVAL": 45300, "VETEXAMT": 0, "EXPDESC": "", "ENDDATE": "", "STATUTE": "", "EXAMT_HS": 0, "EXAMT_NR": 0, "UVREDUC_HS": 0, "UVREDUC_NR": 0, "GLVAL_HS": 0.0, "GLVAL_NR": 453.0, "CRHOUSPCT": 0.0, "MUNGL1PCT": 453.0, "AOEGL_HS": 0.0, "AOEGL_NR": 453.0, "E911ADDR": "87 ROUTE 30 NORTH", "SHAPE_Length": 0.001921689163893987, "SHAPE_Area": 2.1056225598332005e-07}, "geometry": {"type": "MultiPolygon", "coordinates": [[[[-73.20894647799997, 43.60988293300005], [-73.20906812999993, 43.60958580300007], [-73.20917401399998, 43.60960050500006], [-73.20965248399995, 43.609666935000064], [-73.20956794899996, 43.61002937600006], [-73.20894647799997, 43.60988293300005]]]]}}, {"type": "Feature", "properties": {"OBJECTID": 29009, "SPAN": "129-040-12107", "GLIST_SPAN": "129-040-12107", "MAPID": "44-50-25.1", "PARCID": "445000025.1", "PROPTYPE": "PARCEL", "YEAR": 2023, "GLYEAR": 2022, "TOWN": "CASTLETON", "TNAME": "Castleton", "SOURCENAME": null, "SOURCETYPE": "UNKNOWN", "SOURCEDATE": "UNKNOWN", "EDITMETHOD": "UNKNOWN", "EDITOR": "UNKNOWN", "EDITDATE": "UNKNOWN", "MATCHSTAT": "MATCH", "EDITNOTE": "UNKNOWN", "OWNER1": "BROWN MICHAEL", "OWNER2": "", "ADDRGL1": "PO BOX 391", "ADDRGL2": "", "CITYGL": "WEST RUTLAND", "STGL": "VT", "ZIPGL": "05777", "DESCPROP": "MHL/GAR/LAND/COMBINED WITH 445000025-1T", "LOCAPROP": "", "CAT": "Mobile Home/la", "RESCODE": "S", "ACRESGL": 0.4, "REAL_FLV": 30600, "HSTED_FLV": 0, "NRES_FLV": 30600, "LAND_LV": 12200, "IMPRV_LV": 18400, "EQUIPVAL": 0, "EQUIPCODE": "", "INVENVAL": 0, "HSDECL": "N", "HSITEVAL": 30600, "VETEXAMT": 0, "EXPDESC": "", "ENDDATE": "", "STATUTE": "", "EXAMT_HS": 0, "EXAMT_NR": 0, "UVREDUC_HS": 0, "UVREDUC_NR": 0, "GLVAL_HS": 0.0, "GLVAL_NR": 306.0, "CRHOUSPCT": 0.0, "MUNGL1PCT": 306.0, "AOEGL_HS": 0.0, "AOEGL_NR": 306.0, "E911ADDR": "89 ROUTE 30 NORTH", "SHAPE_Length": 0.0017629873219015112, "SHAPE_Area": 1.8419223280169562e-07}, "geometry": {"type": "MultiPolygon", "coordinates": [[[[-73.20956794899996, 43.61002937600006], [-73.20965248399995, 43.609666935000064], [-73.21016799199998, 43.60972187600004], [-73.21011132099994, 43.610045728000046], [-73.20956794899996, 43.61002937600006]]]]}}, {"type": "Feature", "properties": {"OBJECTID": 29044, "SPAN": "129-040-12145", "GLIST_SPAN": "129-040-12145", "MAPID": "44-50-22", "PARCID": "445000022.", "PROPTYPE": "PARCEL", "YEAR": 2023, "GLYEAR": 2022, "TOWN": "CASTLETON", "TNAME": "Castleton", "SOURCENAME": null, "SOURCETYPE": "UNKNOWN", "SOURCEDATE": "UNKNOWN", "EDITMETHOD": "UNKNOWN", "EDITOR": "UNKNOWN", "EDITDATE": "UNKNOWN", "MATCHSTAT": "MATCH", "EDITNOTE": "UNKNOWN", "OWNER1": "CASTLETON HOUSING LLC", "OWNER2": "ATTN EASTPOINT PROPERTIES INC", "ADDRGL1": "5A EAST POINT DRIVE", "ADDRGL2": "", "CITYGL": "BEDFORD", "STGL": "NH", "ZIPGL": "03110", "DESCPROP": "CAST MEADOWS APTS/5.30 ACRES; ROUTE 30N", "LOCAPROP": "", "CAT": "Commercial Apt", "RESCODE": "NS", "ACRESGL": 5.3, "REAL_FLV": 1445700, "HSTED_FLV": 0, "NRES_FLV": 1445700, "LAND_LV": 94900, "IMPRV_LV": 1350800, "EQUIPVAL": 0, "EQUIPCODE": "", "INVENVAL": 0, "HSDECL": "N", "HSITEVAL": 0, "VETEXAMT": 0, "EXPDESC": "Qualified Housing Units", "ENDDATE": "", "STATUTE": "", "EXAMT_HS": 0, "EXAMT_NR": 137341, "UVREDUC_HS": 0, "UVREDUC_NR": 0, "GLVAL_HS": 0.0, "GLVAL_NR": 13083.59, "CRHOUSPCT": 0.0, "MUNGL1PCT": 14457.0, "AOEGL_HS": 0.0, "AOEGL_NR": 13083.59, "E911ADDR": "96 CASTLETON MEADOWS", "SHAPE_Length": 0.007318340081437265, "SHAPE_Area": 2.5462689864851394e-06}, "geometry": {"type": "MultiPolygon", "coordinates": [[[[-73.20930162799993, 43.611209649000045], [-73.20922220299997, 43.611212581000075], [-73.20929203999998, 43.610900738000055], [-73.20932858699996, 43.61089200200007], [-73.20936257199997, 43.61087889500004], [-73.20939301099997, 43.61086179600005], [-73.20941902699997, 43.61084120000004], [-73.20943986599997, 43.61081770100003], [-73.20945492899995, 43.610791977000076], [-73.20946378099995, 43.61076477100005], [-73.20946616499998, 43.61073686900005], [-73.20946201299995, 43.61070907700008], [-73.20945144399997, 43.610682197000074], [-73.20943476399998, 43.610657004000075], [-73.20941245499995, 43.61063422800004], [-73.20938515999995, 43.61061452600006], [-73.20935366799995, 43.610598465000066], [-73.20931888999996, 43.610586511000065], [-73.20928182599994, 43.61057900800006], [-73.20924354999994, 43.61057617400007], [-73.20920516599995, 43.61057808900006], [-73.20916778299994, 43.610584698000025], [-73.20913247899995, 43.61059581100005], [-73.20930779899999, 43.61037442700007], [-73.20944902699995, 43.610196091000034], [-73.20956794899996, 43.61002937600006], [-73.21011132099994, 43.610045728000046], [-73.21112972299994, 43.61007849900005], [-73.21151097499995, 43.61008415600003], [-73.21170160499997, 43.61068003500003], [-73.21181872099999, 43.61104611500008], [-73.21041359799995, 43.61117255700003], [-73.21003822099993, 43.611202029000026], [-73.20966244899995, 43.61122872000004], [-73.20952717099993, 43.61123832900006], [-73.20953894799999, 43.61120088700005], [-73.20930162799993, 43.611209649000045]]]]}}, {"type": "Feature", "properties": {"OBJECTID": 29238, "SPAN": "129-040-10298", "GLIST_SPAN": "129-040-10298", "MAPID": "44-50-12", "PARCID": "445000012.", "PROPTYPE": "PARCEL", "YEAR": 2023, "GLYEAR": 2022, "TOWN": "CASTLETON", "TNAME": "Castleton", "SOURCENAME": null, "SOURCETYPE": "UNKNOWN", "SOURCEDATE": "UNKNOWN", "EDITMETHOD": "UNKNOWN", "EDITOR": "UNKNOWN", "EDITDATE": "UNKNOWN", "MATCHSTAT": "MATCH", "EDITNOTE": "UNKNOWN", "OWNER1": "BROWN PAUL J", "OWNER2": "BROWN PATRICIA ROSE", "ADDRGL1": "PO BOX 1", "ADDRGL2": "", "CITYGL": "BOMOSEEN", "STGL": "VT", "ZIPGL": "05732", "DESCPROP": "HSE/OB/LOT; ROUTE 30N", "LOCAPROP": "", "CAT": "Residential-1", "RESCODE": "T", "ACRESGL": 0.46, "REAL_FLV": 65200, "HSTED_FLV": 65200, "NRES_FLV": 0, "LAND_LV": 31400, "IMPRV_LV": 33800, "EQUIPVAL": 0, "EQUIPCODE": "", "INVENVAL": 0, "HSDECL": "Y", "HSITEVAL": 65200, "VETEXAMT": 0, "EXPDESC": "", "ENDDATE": "", "STATUTE": "", "EXAMT_HS": 0, "EXAMT_NR": 0, "UVREDUC_HS": 0, "UVREDUC_NR": 0, "GLVAL_HS": 652.0, "GLVAL_NR": 0.0, "CRHOUSPCT": 0.0, "MUNGL1PCT": 652.0, "AOEGL_HS": 652.0, "AOEGL_NR": 0.0, "E911ADDR": "248 ROUTE 30 NORTH", "SHAPE_Length": 0.0019205885437630242, "SHAPE_Area": 2.1146122082290124e-07}, "geometry": {"type": "MultiPolygon", "coordinates": [[[[-73.20694422499997, 43.61200732000003], [-73.20702187199998, 43.611669074000076], [-73.20763025699995, 43.61173493800004], [-73.20759826699998, 43.61188124700004], [-73.20755552499998, 43.612073519000035], [-73.20694422499997, 43.61200732000003]]]]}}, {"type": "Feature", "properties": {"OBJECTID": 29239, "SPAN": "129-040-10299", "GLIST_SPAN": "129-040-10299", "MAPID": "44-50-17.2", "PARCID": "445000017.2", "PROPTYPE": "PARCEL", "YEAR": 2023, "GLYEAR": 2022, "TOWN": "CASTLETON", "TNAME": "Castleton", "SOURCENAME": null, "SOURCETYPE": "UNKNOWN", "SOURCEDATE": "UNKNOWN", "EDITMETHOD": "UNKNOWN", "EDITOR": "UNKNOWN", "EDITDATE": "UNKNOWN", "MATCHSTAT": "MATCH", "EDITNOTE": "UNKNOWN", "OWNER1": "SQUIER JOSEPH A", "OWNER2": "SQUIER LINDA A", "ADDRGL1": "P.O. BOX 84", "ADDRGL2": "", "CITYGL": "BOMOSEEN", "STGL": "VT", "ZIPGL": "05732", "DESCPROP": "HSE/GAR/LAND;REAR OFF RT 30", "LOCAPROP": "", "CAT": "Residential-1", "RESCODE": "T", "ACRESGL": 1.05, "REAL_FLV": 124800, "HSTED_FLV": 124800, "NRES_FLV": 0, "LAND_LV": 29200, "IMPRV_LV": 95600, "EQUIPVAL": 0, "EQUIPCODE": "", "INVENVAL": 0, "HSDECL": "Y", "HSITEVAL": 124800, "VETEXAMT": 0, "EXPDESC": "", "ENDDATE": "", "STATUTE": "", "EXAMT_HS": 0, "EXAMT_NR": 0, "UVREDUC_HS": 0, "UVREDUC_NR": 0, "GLVAL_HS": 1248.0, "GLVAL_NR": 0.0, "CRHOUSPCT": 0.0, "MUNGL1PCT": 1248.0, "AOEGL_HS": 1248.0, "AOEGL_NR": 0.0, "E911ADDR": "260 ROUTE 30 NORTH", "SHAPE_Length": 0.002596139127817592, "SHAPE_Area": 3.9007237770224605e-07}, "geometry": {"type": "MultiPolygon", "coordinates": [[[[-73.20552229399993, 43.611979716000064], [-73.20636630499996, 43.61194031900004], [-73.20639132299993, 43.61242419200005], [-73.20559305999996, 43.61244255300005], [-73.20552229399993, 43.611979716000064]]]]}}, {"type": "Feature", "properties": {"OBJECTID": 29262, "SPAN": "129-040-10325", "GLIST_SPAN": "129-040-10325", "MAPID": "44-50-19", "PARCID": "445000019.", "PROPTYPE": "PARCEL", "YEAR": 2023, "GLYEAR": 2022, "TOWN": "CASTLETON", "TNAME": "Castleton", "SOURCENAME": null, "SOURCETYPE": "UNKNOWN", "SOURCEDATE": "UNKNOWN", "EDITMETHOD": "UNKNOWN", "EDITOR": "UNKNOWN", "EDITDATE": "UNKNOWN", "MATCHSTAT": "MATCH", "EDITNOTE": "UNKNOWN", "OWNER1": "BURKE JOHN D", "OWNER2": "", "ADDRGL1": "PO BOX 1455", "ADDRGL2": "", "CITYGL": "CASTLETON", "STGL": "VT", "ZIPGL": "05735", "DESCPROP": "OFFICES/LOT; ROUTE 30N", "LOCAPROP": "", "CAT": "Commercial", "RESCODE": "T", "ACRESGL": 0.4, "REAL_FLV": 206700, "HSTED_FLV": 0, "NRES_FLV": 206700, "LAND_LV": 53200, "IMPRV_LV": 153500, "EQUIPVAL": 0, "EQUIPCODE": "", "INVENVAL": 0, "HSDECL": "N", "HSITEVAL": 0, "VETEXAMT": 0, "EXPDESC": "", "ENDDATE": "", "STATUTE": "", "EXAMT_HS": 0, "EXAMT_NR": 0, "UVREDUC_HS": 0, "UVREDUC_NR": 0, "GLVAL_HS": 0.0, "GLVAL_NR": 2067.0, "CRHOUSPCT": 0.0, "MUNGL1PCT": 2067.0, "AOEGL_HS": 0.0, "AOEGL_NR": 2067.0, "E911ADDR": "21 PRESTON LN", "SHAPE_Length": 0.0018411499983150615, "SHAPE_Area": 1.889706799151346e-07}, "geometry": {"type": "MultiPolygon", "coordinates": [[[[-73.20792562199995, 43.61125828400003], [-73.20847887899998, 43.61123994500008], [-73.20850644199999, 43.61155718100008], [-73.20785729999994, 43.611570776000065], [-73.20792562199995, 43.61125828400003]]]]}}, {"type": "Feature", "properties": {"OBJECTID": 29302, "SPAN": "129-040-10362", "GLIST_SPAN": "129-040-10362", "MAPID": "44-50-20", "PARCID": "445000020.", "PROPTYPE": "PARCEL", "YEAR": 2023, "GLYEAR": 2022, "TOWN": "CASTLETON", "TNAME": "Castleton", "SOURCENAME": null, "SOURCETYPE": "UNKNOWN", "SOURCEDATE": "UNKNOWN", "EDITMETHOD": "UNKNOWN", "EDITOR": "UNKNOWN", "EDITDATE": "UNKNOWN", "MATCHSTAT": "MATCH", "EDITNOTE": "UNKNOWN", "OWNER1": "BOMOLAKEVIEW LLC", "OWNER2": "", "ADDRGL1": "PO BOX 447", "ADDRGL2": "", "CITYGL": "BOMOSEEN", "STGL": "VT", "ZIPGL": "05732", "DESCPROP": "VET CLINIC/LOT; ROUTE 30N", "LOCAPROP": "", "CAT": "Commercial", "RESCODE": "C", "ACRESGL": 0.51, "REAL_FLV": 281900, "HSTED_FLV": 0, "NRES_FLV": 281900, "LAND_LV": 56300, "IMPRV_LV": 225600, "EQUIPVAL": 0, "EQUIPCODE": "", "INVENVAL": 0, "HSDECL": "N", "HSITEVAL": 0, "VETEXAMT": 0, "EXPDESC": "", "ENDDATE": "", "STATUTE": "", "EXAMT_HS": 0, "EXAMT_NR": 0, "UVREDUC_HS": 0, "UVREDUC_NR": 0, "GLVAL_HS": 0.0, "GLVAL_NR": 2819.0, "CRHOUSPCT": 0.0, "MUNGL1PCT": 2819.0, "AOEGL_HS": 0.0, "AOEGL_NR": 2819.0, "E911ADDR": "179 ROUTE 30 NORTH", "SHAPE_Length": 0.001980021425329328, "SHAPE_Area": 2.313898726753788e-07}, "geometry": {"type": "MultiPolygon", "coordinates": [[[[-73.20801578399994, 43.61085128500008], [-73.20858948699998, 43.61083317900005], [-73.20849821999997, 43.61123930400004], [-73.20847887899998, 43.61123994500008], [-73.20792562199995, 43.61125828400003], [-73.20794450599993, 43.61117191300008], [-73.20801578399994, 43.61085128500008]]]]}}, {"type": "Feature", "properties": {"OBJECTID": 29304, "SPAN": "129-040-10363", "GLIST_SPAN": "129-040-10363", "MAPID": "44-50-21.1", "PARCID": "445000021.1", "PROPTYPE": "PARCEL", "YEAR": 2023, "GLYEAR": 2022, "TOWN": "CASTLETON", "TNAME": "Castleton", "SOURCENAME": null, "SOURCETYPE": "UNKNOWN", "SOURCEDATE": "UNKNOWN", "EDITMETHOD": "UNKNOWN", "EDITOR": "UNKNOWN", "EDITDATE": "UNKNOWN", "MATCHSTAT": "MATCH", "EDITNOTE": "UNKNOWN", "OWNER1": "CARINI JANET M", "OWNER2": "", "ADDRGL1": "39 WOODWARD AVE", "ADDRGL2": "", "CITYGL": "W RUTLAND", "STGL": "VT", "ZIPGL": "05777", "DESCPROP": "HSE/LOT .34 ACRES; CASTLETON MEADOW ROAD", "LOCAPROP": "", "CAT": "Residential-1", "RESCODE": "T", "ACRESGL": 0.34, "REAL_FLV": 72000, "HSTED_FLV": 0, "NRES_FLV": 72000, "LAND_LV": 26600, "IMPRV_LV": 45400, "EQUIPVAL": 0, "EQUIPCODE": "", "INVENVAL": 0, "HSDECL": "N", "HSITEVAL": 72000, "VETEXAMT": 0, "EXPDESC": "", "ENDDATE": "", "STATUTE": "", "EXAMT_HS": 0, "EXAMT_NR": 0, "UVREDUC_HS": 0, "UVREDUC_NR": 0, "GLVAL_HS": 0.0, "GLVAL_NR": 720.0, "CRHOUSPCT": 0.0, "MUNGL1PCT": 720.0, "AOEGL_HS": 0.0, "AOEGL_NR": 720.0, "E911ADDR": "38 CASTLETON MEADOWS", "SHAPE_Length": 0.0015756530236500856, "SHAPE_Area": 1.5235369911051245e-07}, "geometry": {"type": "MultiPolygon", "coordinates": [[[[-73.20858948699998, 43.61083317900005], [-73.20891011099997, 43.61082305800005], [-73.20893562499998, 43.61122315800003], [-73.20849821999997, 43.61123930400004], [-73.20858948699998, 43.61083317900005]]]]}}, {"type": "Feature", "properties": {"OBJECTID": 29350, "SPAN": "129-040-11531", "GLIST_SPAN": "129-040-11531", "MAPID": "44-50-24", "PARCID": "445000024.", "PROPTYPE": "PARCEL", "YEAR": 2023, "GLYEAR": 2022, "TOWN": "CASTLETON", "TNAME": "Castleton", "SOURCENAME": null, "SOURCETYPE": "UNKNOWN", "SOURCEDATE": "UNKNOWN", "EDITMETHOD": "UNKNOWN", "EDITOR": "UNKNOWN", "EDITDATE": "UNKNOWN", "MATCHSTAT": "MATCH", "EDITNOTE": "UNKNOWN", "OWNER1": "GLOBAL MONTELLO GROUP CORP", "OWNER2": "", "ADDRGL1": "800 SOUTH STREET SUITE 500", "ADDRGL2": "", "CITYGL": "WALTHAM", "STGL": "MA", "ZIPGL": "02453", "DESCPROP": "COMM BLDG/1.21 ACRES; ROUTE 30N", "LOCAPROP": "", "CAT": "Commercial", "RESCODE": "S", "ACRESGL": 1.21, "REAL_FLV": 300600, "HSTED_FLV": 0, "NRES_FLV": 300600, "LAND_LV": 110600, "IMPRV_LV": 190000, "EQUIPVAL": 0, "EQUIPCODE": "", "INVENVAL": 0, "HSDECL": "N", "HSITEVAL": 0, "VETEXAMT": 0, "EXPDESC": "", "ENDDATE": "", "STATUTE": "", "EXAMT_HS": 0, "EXAMT_NR": 0, "UVREDUC_HS": 0, "UVREDUC_NR": 0, "GLVAL_HS": 0.0, "GLVAL_NR": 3006.0, "CRHOUSPCT": 0.0, "MUNGL1PCT": 3006.0, "AOEGL_HS": 0.0, "AOEGL_NR": 3006.0, "E911ADDR": "111 ROUTE 30 NORTH", "SHAPE_Length": 0.003382044522096045, "SHAPE_Area": 5.416397015974287e-07}, "geometry": {"type": "MultiPolygon", "coordinates": [[[[-73.20819756799995, 43.61003354700006], [-73.20824890199998, 43.609799760000044], [-73.20894647799997, 43.60988293300005], [-73.20956794899996, 43.61002937600006], [-73.20944902699995, 43.610196091000034], [-73.20930779899999, 43.61037442700007], [-73.20815285599997, 43.610234682000055], [-73.20819756799995, 43.61003354700006]]]]}}, {"type": "Feature", "properties": {"OBJECTID": 29397, "SPAN": "129-040-11557", "GLIST_SPAN": "129-040-11557", "MAPID": "44-50-09", "PARCID": "445000009.", "PROPTYPE": "PARCEL", "YEAR": 2023, "GLYEAR": 2022, "TOWN": "CASTLETON", "TNAME": "Castleton", "SOURCENAME": null, "SOURCETYPE": "UNKNOWN", "SOURCEDATE": "UNKNOWN", "EDITMETHOD": "UNKNOWN", "EDITOR": "UNKNOWN", "EDITDATE": "UNKNOWN", "MATCHSTAT": "MATCH", "EDITNOTE": "UNKNOWN", "OWNER1": "MOORE NORMAN", "OWNER2": "MOORE DANIEL", "ADDRGL1": "22 PRESTON LANE", "ADDRGL2": "", "CITYGL": "BOMOSEEN", "STGL": "VT", "ZIPGL": "05732", "DESCPROP": "HSE/LOT; PRESTON LANE", "LOCAPROP": "", "CAT": "Residential-1", "RESCODE": "T", "ACRESGL": 0.36, "REAL_FLV": 118300, "HSTED_FLV": 118300, "NRES_FLV": 0, "LAND_LV": 31800, "IMPRV_LV": 86500, "EQUIPVAL": 0, "EQUIPCODE": "", "INVENVAL": 0, "HSDECL": "Y", "HSITEVAL": 118300, "VETEXAMT": 0, "EXPDESC": "", "ENDDATE": "", "STATUTE": "", "EXAMT_HS": 0, "EXAMT_NR": 0, "UVREDUC_HS": 0, "UVREDUC_NR": 0, "GLVAL_HS": 1183.0, "GLVAL_NR": 0.0, "CRHOUSPCT": 0.0, "MUNGL1PCT": 1183.0, "AOEGL_HS": 1183.0, "AOEGL_NR": 0.0, "E911ADDR": "22 PRESTON LN", "SHAPE_Length": 0.0017220828189805917, "SHAPE_Area": 1.6516830620269878e-07}, "geometry": {"type": "MultiPolygon", "coordinates": [[[[-73.20783345299998, 43.61167913300005], [-73.20834673999997, 43.61166867000003], [-73.20838134699994, 43.611963883000044], [-73.20776939899997, 43.61197165900006], [-73.20778467499997, 43.611902943000075], [-73.20783345299998, 43.61167913300005]]]]}}, {"type": "Feature", "properties": {"OBJECTID": 29776, "SPAN": "129-040-10559", "GLIST_SPAN": "129-040-10559", "MAPID": "44-50-07", "PARCID": "445000007.", "PROPTYPE": "PARCEL", "YEAR": 2023, "GLYEAR": 2022, "TOWN": "CASTLETON", "TNAME": "Castleton", "SOURCENAME": null, "SOURCETYPE": "UNKNOWN", "SOURCEDATE": "UNKNOWN", "EDITMETHOD": "UNKNOWN", "EDITOR": "UNKNOWN", "EDITDATE": "UNKNOWN", "MATCHSTAT": "MATCH", "EDITNOTE": "UNKNOWN", "OWNER1": "COUSINEAU LOUISE", "OWNER2": "", "ADDRGL1": "53 PRESTON LN", "ADDRGL2": "", "CITYGL": "BOMOSEEN", "STGL": "VT", "ZIPGL": "05732", "DESCPROP": "MH/GAR/OB/LOT; PRESTON LANE", "LOCAPROP": "", "CAT": "Residential-1", "RESCODE": "T", "ACRESGL": 0.33, "REAL_FLV": 114800, "HSTED_FLV": 114800, "NRES_FLV": 0, "LAND_LV": 31300, "IMPRV_LV": 83500, "EQUIPVAL": 0, "EQUIPCODE": "", "INVENVAL": 0, "HSDECL": "Y", "HSITEVAL": 114800, "VETEXAMT": 0, "EXPDESC": "", "ENDDATE": "", "STATUTE": "", "EXAMT_HS": 0, "EXAMT_NR": 0, "UVREDUC_HS": 0, "UVREDUC_NR": 0, "GLVAL_HS": 1148.0, "GLVAL_NR": 0.0, "CRHOUSPCT": 0.0, "MUNGL1PCT": 1148.0, "AOEGL_HS": 1148.0, "AOEGL_NR": 0.0, "E911ADDR": "53 PRESTON LN", "SHAPE_Length": 0.0015490807373263287, "SHAPE_Area": 1.452222470964008e-07}, "geometry": {"type": "MultiPolygon", "coordinates": [[[[-73.20849821999997, 43.61123930400004], [-73.20893562499998, 43.61122315800003], [-73.20895910099995, 43.61154301200003], [-73.20850644199999, 43.61155718100008], [-73.20847887899998, 43.61123994500008], [-73.20849821999997, 43.61123930400004]]]]}}, {"type": "Feature", "properties": {"OBJECTID": 30008, "SPAN": "129-040-12361", "GLIST_SPAN": "129-040-12361", "MAPID": "44-50-03", "PARCID": "445000003.", "PROPTYPE": "PARCEL", "YEAR": 2023, "GLYEAR": 2022, "TOWN": "CASTLETON", "TNAME": "Castleton", "SOURCENAME": null, "SOURCETYPE": "UNKNOWN", "SOURCEDATE": "UNKNOWN", "EDITMETHOD": "UNKNOWN", "EDITOR": "UNKNOWN", "EDITDATE": "UNKNOWN", "MATCHSTAT": "MATCH", "EDITNOTE": "UNKNOWN", "OWNER1": "PRESEAU EILEEN LIFE ESTATE", "OWNER2": "PRESEAU TAYLOR REMAINDERMAN", "ADDRGL1": "109 PRESTON LANE", "ADDRGL2": "", "CITYGL": "CASTLETON", "STGL": "VT", "ZIPGL": "05735", "DESCPROP": "HSE/LOT; PRESTON LANE; INC 44-50-02", "LOCAPROP": "", "CAT": "Residential-1", "RESCODE": "T", "ACRESGL": 0.5, "REAL_FLV": 120600, "HSTED_FLV": 120600, "NRES_FLV": 0, "LAND_LV": 34200, "IMPRV_LV": 86400, "EQUIPVAL": 0, "EQUIPCODE": "", "INVENVAL": 0, "HSDECL": "Y", "HSITEVAL": 120600, "VETEXAMT": 0, "EXPDESC": "", "ENDDATE": "", "STATUTE": "", "EXAMT_HS": 0, "EXAMT_NR": 0, "UVREDUC_HS": 0, "UVREDUC_NR": 0, "GLVAL_HS": 1206.0, "GLVAL_NR": 0.0, "CRHOUSPCT": 0.0, "MUNGL1PCT": 1206.0, "AOEGL_HS": 1206.0, "AOEGL_NR": 0.0, "E911ADDR": "109 PRESTON LN", "SHAPE_Length": 0.0020350184853062535, "SHAPE_Area": 1.9806436917565418e-07}, "geometry": {"type": "MultiPolygon", "coordinates": [[[[-73.21003822099993, 43.611202029000026], [-73.21041359799995, 43.61117255700003], [-73.21045654099999, 43.61142697300005], [-73.20970748899998, 43.61149644400007], [-73.20966244899995, 43.61122872000004], [-73.21003822099993, 43.611202029000026]]]]}}, {"type": "Feature", "properties": {"OBJECTID": 184921, "SPAN": null, "GLIST_SPAN": null, "MAPID": null, "PARCID": null, "PROPTYPE": "PARCEL", "YEAR": 2023, "GLYEAR": null, "TOWN": "CASTLETON", "TNAME": null, "SOURCENAME": null, "SOURCETYPE": "UNKNOWN", "SOURCEDATE": "UNKNOWN", "EDITMETHOD": "UNKNOWN", "EDITOR": "VCGI", "EDITDATE": "20230912", "MATCHSTAT": "UNMATCHED", "EDITNOTE": "Updated MATCHSTAT based on PROPTYPE", "OWNER1": null, "OWNER2": null, "ADDRGL1": null, "ADDRGL2": null, "CITYGL": null, "STGL": null, "ZIPGL": null, "DESCPROP": null, "LOCAPROP": null, "CAT": null, "RESCODE": null, "ACRESGL": null, "REAL_FLV": null, "HSTED_FLV": null, "NRES_FLV": null, "LAND_LV": null, "IMPRV_LV": null, "EQUIPVAL": null, "EQUIPCODE": null, "INVENVAL": null, "HSDECL": null, "HSITEVAL": null, "VETEXAMT": null, "EXPDESC": null, "ENDDATE": null, "STATUTE": null, "EXAMT_HS": null, "EXAMT_NR": null, "UVREDUC_HS": null, "UVREDUC_NR": null, "GLVAL_HS": null, "GLVAL_NR": null, "CRHOUSPCT": null, "MUNGL1PCT": null, "AOEGL_HS": null, "AOEGL_NR": null, "E911ADDR": null, "SHAPE_Length": 0.000951616508890484, "SHAPE_Area": 5.327892418361034e-08}, "geometry": {"type": "MultiPolygon", "coordinates": [[[[-73.20851280399995, 43.61166528500007], [-73.20852789499997, 43.611664854000026], [-73.20856378099995, 43.611953060000076], [-73.20838134699994, 43.611963883000044], [-73.20834673999997, 43.61166867000003], [-73.20851280399995, 43.61166528500007]]]]}}, {"type": "Feature", "properties": {"OBJECTID": 27140, "SPAN": "129-040-10041", "GLIST_SPAN": "129-040-10041", "MAPID": "44-50-16", "PARCID": "445000016.", "PROPTYPE": "PARCEL", "YEAR": 2023, "GLYEAR": 2022, "TOWN": "CASTLETON", "TNAME": "Castleton", "SOURCENAME": null, "SOURCETYPE": "UNKNOWN", "SOURCEDATE": "UNKNOWN", "EDITMETHOD": "UNKNOWN", "EDITOR": "UNKNOWN", "EDITDATE": "UNKNOWN", "MATCHSTAT": "MATCH", "EDITNOTE": "UNKNOWN", "OWNER1": "PITANIELLO KAREN S", "OWNER2": "PITANIELLO THOMAS J", "ADDRGL1": "194 PATRICIA LN", "ADDRGL2": "", "CITYGL": "CASTLETON", "STGL": "VT", "ZIPGL": "05735", "DESCPROP": "HSE/2 ACRES", "LOCAPROP": "", "CAT": "Residential-1", "RESCODE": "T", "ACRESGL": 2.0, "REAL_FLV": 164100, "HSTED_FLV": 164100, "NRES_FLV": 0, "LAND_LV": 48000, "IMPRV_LV": 116100, "EQUIPVAL": 0, "EQUIPCODE": "", "INVENVAL": 0, "HSDECL": "Y", "HSITEVAL": 164100, "VETEXAMT": 0, "EXPDESC": "", "ENDDATE": "", "STATUTE": "", "EXAMT_HS": 0, "EXAMT_NR": 0, "UVREDUC_HS": 0, "UVREDUC_NR": 0, "GLVAL_HS": 1641.0, "GLVAL_NR": 0.0, "CRHOUSPCT": 0.0, "MUNGL1PCT": 1641.0, "AOEGL_HS": 1641.0, "AOEGL_NR": 0.0, "E911ADDR": "194 PATRICIA LN", "SHAPE_Length": 0.0036079839849066475, "SHAPE_Area": 7.842437214702127e-07}, "geometry": {"type": "MultiPolygon", "coordinates": [[[[-73.20403933699998, 43.61028328400005], [-73.20509535599996, 43.610198023000066], [-73.20511328799995, 43.61031059800007], [-73.20521213399996, 43.61092529700005], [-73.20521216799995, 43.61092553100008], [-73.20413966799998, 43.61101212300008], [-73.20408870499995, 43.61064191200006], [-73.20403933699998, 43.61028328400005]]]]}}, {"type": "Feature", "properties": {"OBJECTID": 29342, "SPAN": "129-040-10389", "GLIST_SPAN": "129-040-10389", "MAPID": "44-50-15", "PARCID": "445000015.", "PROPTYPE": "PARCEL", "YEAR": 2023, "GLYEAR": 2022, "TOWN": "CASTLETON", "TNAME": "Castleton", "SOURCENAME": null, "SOURCETYPE": "UNKNOWN", "SOURCEDATE": "UNKNOWN", "EDITMETHOD": "UNKNOWN", "EDITOR": "UNKNOWN", "EDITDATE": "UNKNOWN", "MATCHSTAT": "MATCH", "EDITNOTE": "UNKNOWN", "OWNER1": "LEVINS CHRISTOPHER", "OWNER2": "", "ADDRGL1": "252 PATRICIA LANE", "ADDRGL2": "", "CITYGL": "CASTLETON", "STGL": "VT", "ZIPGL": "05735", "DESCPROP": "HSE/POOL/2 ACRES", "LOCAPROP": "", "CAT": "Residential-1", "RESCODE": "T", "ACRESGL": 2.0, "REAL_FLV": 258900, "HSTED_FLV": 258900, "NRES_FLV": 0, "LAND_LV": 48000, "IMPRV_LV": 210900, "EQUIPVAL": 0, "EQUIPCODE": "", "INVENVAL": 0, "HSDECL": "Y", "HSITEVAL": 258900, "VETEXAMT": 0, "EXPDESC": "", "ENDDATE": "", "STATUTE": "", "EXAMT_HS": 0, "EXAMT_NR": 0, "UVREDUC_HS": 0, "UVREDUC_NR": 0, "GLVAL_HS": 2589.0, "GLVAL_NR": 0.0, "CRHOUSPCT": 0.0, "MUNGL1PCT": 2589.0, "AOEGL_HS": 2589.0, "AOEGL_NR": 0.0, "E911ADDR": "252 PATRICIA LN", "SHAPE_Length": 0.0036216975953817605, "SHAPE_Area": 7.893184505810838e-07}, "geometry": {"type": "MultiPolygon", "coordinates": [[[[-73.20413966799998, 43.61101212300008], [-73.20521216799995, 43.61092553100008], [-73.20522007199997, 43.610979832000055], [-73.20525492599995, 43.61121144300006], [-73.20532074799996, 43.61165374900003], [-73.20425126799995, 43.61174009700005], [-73.20413966799998, 43.61101212300008]]]]}}, {"type": "Feature", "properties": {"OBJECTID": 29388, "SPAN": "129-040-11551", "GLIST_SPAN": "129-040-11551", "MAPID": "44-50-29", "PARCID": "445000029.", "PROPTYPE": "PARCEL", "YEAR": 2023, "GLYEAR": 2022, "TOWN": "CASTLETON", "TNAME": "Castleton", "SOURCENAME": null, "SOURCETYPE": "UNKNOWN", "SOURCEDATE": "UNKNOWN", "EDITMETHOD": "UNKNOWN", "EDITOR": "UNKNOWN", "EDITDATE": "UNKNOWN", "MATCHSTAT": "MATCH", "EDITNOTE": "UNKNOWN", "OWNER1": "MONGEUR RAYMOND L", "OWNER2": "", "ADDRGL1": "PO BOX 47", "ADDRGL2": "", "CITYGL": "BOMOSEEN", "STGL": "VT", "ZIPGL": "05732", "DESCPROP": "HSE/GAR/2 ACRES", "LOCAPROP": "", "CAT": "Residential-1", "RESCODE": "T", "ACRESGL": 1.7, "REAL_FLV": 261600, "HSTED_FLV": 261600, "NRES_FLV": 0, "LAND_LV": 47100, "IMPRV_LV": 214500, "EQUIPVAL": 0, "EQUIPCODE": "", "INVENVAL": 0, "HSDECL": "Y", "HSITEVAL": 261600, "VETEXAMT": 40000, "EXPDESC": "", "ENDDATE": "", "STATUTE": "", "EXAMT_HS": 0, "EXAMT_NR": 0, "UVREDUC_HS": 0, "UVREDUC_NR": 0, "GLVAL_HS": 2216.0, "GLVAL_NR": 0.0, "CRHOUSPCT": 0.0, "MUNGL1PCT": 2216.0, "AOEGL_HS": 2516.0, "AOEGL_NR": 0.0, "E911ADDR": "138 PATRICIA LN", "SHAPE_Length": 0.003355742368319069, "SHAPE_Area": 6.564921116639596e-07}, "geometry": {"type": "MultiPolygon", "coordinates": [[[[-73.20395418199996, 43.609664689000056], [-73.20499735999994, 43.60958046400003], [-73.20509447599994, 43.61019249700007], [-73.20509535599996, 43.610198023000066], [-73.20403933699998, 43.61028328400005], [-73.20395418199996, 43.609664689000056]]]]}}, {"type": "Feature", "properties": {"OBJECTID": 29415, "SPAN": "129-040-10901", "GLIST_SPAN": "129-040-10901", "MAPID": "44-50-14", "PARCID": "445000014.", "PROPTYPE": "PARCEL", "YEAR": 2023, "GLYEAR": 2022, "TOWN": "CASTLETON", "TNAME": "Castleton", "SOURCENAME": null, "SOURCETYPE": "UNKNOWN", "SOURCEDATE": "UNKNOWN", "EDITMETHOD": "UNKNOWN", "EDITOR": "UNKNOWN", "EDITDATE": "UNKNOWN", "MATCHSTAT": "MATCH", "EDITNOTE": "UNKNOWN", "OWNER1": "LANFEAR CALVIN JR", "OWNER2": "LANFEAR BECKY", "ADDRGL1": "260 PATRICIA LANE", "ADDRGL2": "", "CITYGL": "CASTLETON", "STGL": "VT", "ZIPGL": "05735", "DESCPROP": "HSE/GAR; 2 ACRES", "LOCAPROP": "", "CAT": "Residential-1", "RESCODE": "T", "ACRESGL": 2.0, "REAL_FLV": 199800, "HSTED_FLV": 199800, "NRES_FLV": 0, "LAND_LV": 45800, "IMPRV_LV": 154000, "EQUIPVAL": 0, "EQUIPCODE": "", "INVENVAL": 0, "HSDECL": "Y", "HSITEVAL": 199800, "VETEXAMT": 0, "EXPDESC": "", "ENDDATE": "", "STATUTE": "", "EXAMT_HS": 0, "EXAMT_NR": 0, "UVREDUC_HS": 0, "UVREDUC_NR": 0, "GLVAL_HS": 1998.0, "GLVAL_NR": 0.0, "CRHOUSPCT": 0.0, "MUNGL1PCT": 1998.0, "AOEGL_HS": 1998.0, "AOEGL_NR": 0.0, "E911ADDR": "260 PATRICIA LN", "SHAPE_Length": 0.004003390639976209, "SHAPE_Area": 9.454191602812349e-07}, "geometry": {"type": "MultiPolygon", "coordinates": [[[[-73.20532074799996, 43.61165374900003], [-73.20547059699999, 43.61164162000006], [-73.20550895299993, 43.61189246500004], [-73.20552229399993, 43.611979716000064], [-73.20559305999996, 43.61244255300005], [-73.20436273099995, 43.61247084100006], [-73.20425126799995, 43.61174009700005], [-73.20532074799996, 43.61165374900003]]]]}}, {"type": "Feature", "properties": {"OBJECTID": 28048, "SPAN": "129-040-11094", "GLIST_SPAN": "129-040-11094", "MAPID": "25-20-14", "PARCID": "252000014.", "PROPTYPE": "PARCEL", "YEAR": 2023, "GLYEAR": 2022, "TOWN": "CASTLETON", "TNAME": "Castleton", "SOURCENAME": null, "SOURCETYPE": "UNKNOWN", "SOURCEDATE": "UNKNOWN", "EDITMETHOD": "UNKNOWN", "EDITOR": "UNKNOWN", "EDITDATE": "UNKNOWN", "MATCHSTAT": "MATCH", "EDITNOTE": "UNKNOWN", "OWNER1": "HUGHES JOHN C", "OWNER2": "", "ADDRGL1": "PO BOX 277", "ADDRGL2": "", "CITYGL": "BOMOSEEN", "STGL": "VT", "ZIPGL": "05732", "DESCPROP": "HSE/LOT 3.7 ACRES; ROUTE 4A", "LOCAPROP": "", "CAT": "Residential-1", "RESCODE": "C", "ACRESGL": 3.7, "REAL_FLV": 144700, "HSTED_FLV": 0, "NRES_FLV": 144700, "LAND_LV": 48100, "IMPRV_LV": 96600, "EQUIPVAL": 0, "EQUIPCODE": "", "INVENVAL": 0, "HSDECL": "N", "HSITEVAL": 139600, "VETEXAMT": 0, "EXPDESC": "", "ENDDATE": "", "STATUTE": "", "EXAMT_HS": 0, "EXAMT_NR": 0, "UVREDUC_HS": 0, "UVREDUC_NR": 0, "GLVAL_HS": 0.0, "GLVAL_NR": 1447.0, "CRHOUSPCT": 0.0, "MUNGL1PCT": 1447.0, "AOEGL_HS": 0.0, "AOEGL_NR": 1447.0, "E911ADDR": "1522 MAIN ST", "SHAPE_Length": 0.007161009938611303, "SHAPE_Area": 1.7020409080115996e-06}, "geometry": {"type": "MultiPolygon", "coordinates": [[[[-73.19576686099998, 43.60744319500003], [-73.19698365999994, 43.60732847700007], [-73.19797966899995, 43.60754144600003], [-73.19705679299994, 43.607784464000076], [-73.19706099599995, 43.60781172700007], [-73.19616745699994, 43.60808654600004], [-73.19511093399996, 43.60841236500005], [-73.19493594199997, 43.60796366200003], [-73.19478308399994, 43.60756743200005], [-73.19535011299996, 43.60749518500006], [-73.19576686099998, 43.60744319500003]]]]}}, {"type": "Feature", "properties": {"OBJECTID": 29392, "SPAN": "129-040-10418", "GLIST_SPAN": "129-040-10418", "MAPID": "08-01-01.2", "PARCID": "080100001.2", "PROPTYPE": "PARCEL", "YEAR": 2023, "GLYEAR": 2022, "TOWN": "CASTLETON", "TNAME": "Castleton", "SOURCENAME": null, "SOURCETYPE": "UNKNOWN", "SOURCEDATE": "UNKNOWN", "EDITMETHOD": "UNKNOWN", "EDITOR": "UNKNOWN", "EDITDATE": "UNKNOWN", "MATCHSTAT": "MATCH", "EDITNOTE": "UNKNOWN", "OWNER1": "TOWN OF CASTLETON", "OWNER2": "", "ADDRGL1": "PO BOX 727", "ADDRGL2": "", "CITYGL": "CASTLETON", "STGL": "VT", "ZIPGL": "05735-0727", "DESCPROP": "PUMPING STATION/1.50 ACRES; ROUTE 4A", "LOCAPROP": "", "CAT": "Commercial", "RESCODE": "T", "ACRESGL": 1.5, "REAL_FLV": 92000, "HSTED_FLV": 0, "NRES_FLV": 92000, "LAND_LV": 41500, "IMPRV_LV": 50500, "EQUIPVAL": 0, "EQUIPCODE": "", "INVENVAL": 0, "HSDECL": "N", "HSITEVAL": 0, "VETEXAMT": 0, "EXPDESC": "Statutory", "ENDDATE": "", "STATUTE": "", "EXAMT_HS": 0, "EXAMT_NR": 0, "UVREDUC_HS": 0, "UVREDUC_NR": 0, "GLVAL_HS": 0.0, "GLVAL_NR": 0.0, "CRHOUSPCT": 0.0, "MUNGL1PCT": 0.0, "AOEGL_HS": 0.0, "AOEGL_NR": 0.0, "E911ADDR": "1780 MAIN ST", "SHAPE_Length": 0.005619397538106853, "SHAPE_Area": 7.368260383556618e-07}, "geometry": {"type": "MultiPolygon", "coordinates": [[[[-73.19863371599996, 43.60752483200008], [-73.19875168599998, 43.60748782700006], [-73.19907820799995, 43.607531909000045], [-73.19976662999994, 43.607614399000056], [-73.20003255499995, 43.607647437000026], [-73.20024538699994, 43.60767503500006], [-73.20035708699999, 43.607693899000026], [-73.20096557399995, 43.60782595300003], [-73.20119245899997, 43.607863730000076], [-73.20119992699995, 43.60797345100008], [-73.20119899499997, 43.60802647600008], [-73.20079605999996, 43.60805468800004], [-73.20046123099996, 43.60805373800008], [-73.20008475699996, 43.608026024000026], [-73.19988590899999, 43.60798821600008], [-73.19954965599999, 43.60786419000004], [-73.19856530099997, 43.607697760000065], [-73.19859607499995, 43.60761417500004], [-73.19863371599996, 43.60752483200008]]]]}}, {"type": "Feature", "properties": {"OBJECTID": 28043, "SPAN": "129-040-11087", "GLIST_SPAN": "129-040-11087", "MAPID": "25-20-21", "PARCID": "252000021.", "PROPTYPE": "PARCEL", "YEAR": 2023, "GLYEAR": 2022, "TOWN": "CASTLETON", "TNAME": "Castleton", "SOURCENAME": null, "SOURCETYPE": "UNKNOWN", "SOURCEDATE": "UNKNOWN", "EDITMETHOD": "UNKNOWN", "EDITOR": "UNKNOWN", "EDITDATE": "UNKNOWN", "MATCHSTAT": "MATCH", "EDITNOTE": "UNKNOWN", "OWNER1": "FOWLER BRUCE S & CINDY G", "OWNER2": "C/O FURMAN ROIE A", "ADDRGL1": "1366 MAIN STREET", "ADDRGL2": "", "CITYGL": "CASTLETON", "STGL": "VT", "ZIPGL": "05735", "DESCPROP": "HSE/OB/POOL/1.21 ACRES; ROUTE 4A", "LOCAPROP": "", "CAT": "Residential-1", "RESCODE": "T", "ACRESGL": 1.21, "REAL_FLV": 114300, "HSTED_FLV": 0, "NRES_FLV": 114300, "LAND_LV": 40600, "IMPRV_LV": 73700, "EQUIPVAL": 0, "EQUIPCODE": "", "INVENVAL": 0, "HSDECL": "N", "HSITEVAL": 114300, "VETEXAMT": 0, "EXPDESC": "", "ENDDATE": "", "STATUTE": "", "EXAMT_HS": 0, "EXAMT_NR": 0, "UVREDUC_HS": 0, "UVREDUC_NR": 0, "GLVAL_HS": 0.0, "GLVAL_NR": 1143.0, "CRHOUSPCT": 0.0, "MUNGL1PCT": 1143.0, "AOEGL_HS": 0.0, "AOEGL_NR": 1143.0, "E911ADDR": "1366 MAIN ST", "SHAPE_Length": 0.0030572354198478728, "SHAPE_Area": 5.324423585151512e-07}, "geometry": {"type": "MultiPolygon", "coordinates": [[[[-73.19169467399996, 43.60847043200005], [-73.19221990899996, 43.60831687000007], [-73.19229783899993, 43.608501122000064], [-73.19241651899995, 43.60878171000007], [-73.19260148199999, 43.60921900900007], [-73.19208685599995, 43.60938062400004], [-73.19190635899997, 43.60896341600005], [-73.19190632099998, 43.608963327000026], [-73.19186021599995, 43.60885595500008], [-73.19169467399996, 43.60847043200005]]]]}}, {"type": "Feature", "properties": {"OBJECTID": 28049, "SPAN": "129-040-11095", "GLIST_SPAN": "129-040-11095", "MAPID": "25-20-14.1", "PARCID": "252000014.1", "PROPTYPE": "PARCEL", "YEAR": 2023, "GLYEAR": 2022, "TOWN": "CASTLETON", "TNAME": "Castleton", "SOURCENAME": null, "SOURCETYPE": "UNKNOWN", "SOURCEDATE": "UNKNOWN", "EDITMETHOD": "UNKNOWN", "EDITOR": "UNKNOWN", "EDITDATE": "UNKNOWN", "MATCHSTAT": "MATCH", "EDITNOTE": "UNKNOWN", "OWNER1": "HUGHES JOHN C", "OWNER2": "", "ADDRGL1": "PO BOX 277", "ADDRGL2": "", "CITYGL": "BOMOSEEN", "STGL": "VT", "ZIPGL": "05732", "DESCPROP": "HSE/LOT .98 ACRES; ROUTE 4A", "LOCAPROP": "", "CAT": "Residential-1", "RESCODE": "C", "ACRESGL": 0.98, "REAL_FLV": 166000, "HSTED_FLV": 0, "NRES_FLV": 166000, "LAND_LV": 39700, "IMPRV_LV": 126300, "EQUIPVAL": 0, "EQUIPCODE": "", "INVENVAL": 0, "HSDECL": "N", "HSITEVAL": 166000, "VETEXAMT": 0, "EXPDESC": "", "ENDDATE": "", "STATUTE": "", "EXAMT_HS": 0, "EXAMT_NR": 0, "UVREDUC_HS": 0, "UVREDUC_NR": 0, "GLVAL_HS": 0.0, "GLVAL_NR": 1660.0, "CRHOUSPCT": 0.0, "MUNGL1PCT": 1660.0, "AOEGL_HS": 0.0, "AOEGL_NR": 1660.0, "E911ADDR": "1512 MAIN ST", "SHAPE_Length": 0.0027754633461961695, "SHAPE_Area": 4.315256801795743e-07}, "geometry": {"type": "MultiPolygon", "coordinates": [[[[-73.19432726099996, 43.60770071400003], [-73.19478308399994, 43.60756743200005], [-73.19493594199997, 43.60796366200003], [-73.19511093399996, 43.60841236500005], [-73.19466166499996, 43.60855941800003], [-73.19432726099996, 43.60770071400003]]]]}}, {"type": "Feature", "properties": {"OBJECTID": 28050, "SPAN": "129-040-11096", "GLIST_SPAN": "129-040-11096", "MAPID": "25-20-28.1", "PARCID": "252000028.1", "PROPTYPE": "PARCEL", "YEAR": 2023, "GLYEAR": 2022, "TOWN": "CASTLETON", "TNAME": "Castleton", "SOURCENAME": null, "SOURCETYPE": "UNKNOWN", "SOURCEDATE": "UNKNOWN", "EDITMETHOD": "UNKNOWN", "EDITOR": "UNKNOWN", "EDITDATE": "UNKNOWN", "MATCHSTAT": "MATCH", "EDITNOTE": "UNKNOWN", "OWNER1": "WHYTES APARTMENTS LLC", "OWNER2": "", "ADDRGL1": "418 BROOKWOOD RD", "ADDRGL2": "", "CITYGL": "MENDON", "STGL": "VT", "ZIPGL": "05701", "DESCPROP": "APT HSE/1.12 ACRES; ROUTE 4A", "LOCAPROP": "", "CAT": "Residential-1", "RESCODE": "C", "ACRESGL": 1.12, "REAL_FLV": 323000, "HSTED_FLV": 0, "NRES_FLV": 323000, "LAND_LV": 45400, "IMPRV_LV": 277600, "EQUIPVAL": 0, "EQUIPCODE": "", "INVENVAL": 0, "HSDECL": "N", "HSITEVAL": 323000, "VETEXAMT": 0, "EXPDESC": "", "ENDDATE": "", "STATUTE": "", "EXAMT_HS": 0, "EXAMT_NR": 0, "UVREDUC_HS": 0, "UVREDUC_NR": 0, "GLVAL_HS": 0.0, "GLVAL_NR": 3230.0, "CRHOUSPCT": 0.0, "MUNGL1PCT": 3230.0, "AOEGL_HS": 0.0, "AOEGL_NR": 3230.0, "E911ADDR": "62 SAND HILL RD", "SHAPE_Length": 0.003138550800733551, "SHAPE_Area": 5.478776992898789e-07}, "geometry": {"type": "MultiPolygon", "coordinates": [[[[-73.18990964299996, 43.60853515500003], [-73.19009210399997, 43.607981874000075], [-73.19093892599994, 43.60803745100003], [-73.19098811599997, 43.60840673600006], [-73.19089199099994, 43.60843611200005], [-73.19050200799995, 43.60855561900007], [-73.19004554999998, 43.60868452600005], [-73.18989269199994, 43.60872764800007], [-73.18990964299996, 43.60853515500003]]]]}}, {"type": "Feature", "properties": {"OBJECTID": 28051, "SPAN": "129-040-11097", "GLIST_SPAN": "129-040-11097", "MAPID": "25-20-28.2", "PARCID": "252000028.2", "PROPTYPE": "PARCEL", "YEAR": 2023, "GLYEAR": 2022, "TOWN": "CASTLETON", "TNAME": "Castleton", "SOURCENAME": null, "SOURCETYPE": "UNKNOWN", "SOURCEDATE": "UNKNOWN", "EDITMETHOD": "UNKNOWN", "EDITOR": "UNKNOWN", "EDITDATE": "UNKNOWN", "MATCHSTAT": "MATCH", "EDITNOTE": "UNKNOWN", "OWNER1": "WHYTES APARTMENTS LLC", "OWNER2": "", "ADDRGL1": "418 BROOKWOOD RD", "ADDRGL2": "", "CITYGL": "MENDON", "STGL": "VT", "ZIPGL": "05701", "DESCPROP": "APT HSE/1.21 ACRES; SAND HILL RD", "LOCAPROP": "", "CAT": "Residential-1", "RESCODE": "C", "ACRESGL": 1.21, "REAL_FLV": 323000, "HSTED_FLV": 0, "NRES_FLV": 323000, "LAND_LV": 45600, "IMPRV_LV": 277400, "EQUIPVAL": 0, "EQUIPCODE": "", "INVENVAL": 0, "HSDECL": "N", "HSITEVAL": 323000, "VETEXAMT": 0, "EXPDESC": "", "ENDDATE": "", "STATUTE": "", "EXAMT_HS": 0, "EXAMT_NR": 0, "UVREDUC_HS": 0, "UVREDUC_NR": 0, "GLVAL_HS": 0.0, "GLVAL_NR": 3230.0, "CRHOUSPCT": 0.0, "MUNGL1PCT": 3230.0, "AOEGL_HS": 0.0, "AOEGL_NR": 3230.0, "E911ADDR": "80 SAND HILL RD", "SHAPE_Length": 0.0030785016201450863, "SHAPE_Area": 5.513835402387507e-07}, "geometry": {"type": "MultiPolygon", "coordinates": [[[[-73.19091055499996, 43.60782446400003], [-73.19183130999994, 43.607533198000056], [-73.19184247999993, 43.607810818000075], [-73.19185627999997, 43.60815379100006], [-73.19181481799995, 43.60816571300006], [-73.19152275599998, 43.60824996400004], [-73.19101311599997, 43.60839909600003], [-73.19098811599997, 43.60840673600006], [-73.19093892599994, 43.60803745100003], [-73.19091055499996, 43.60782446400003]]]]}}, {"type": "Feature", "properties": {"OBJECTID": 28412, "SPAN": "129-040-10588", "GLIST_SPAN": "129-040-10588", "MAPID": "25-21-11", "PARCID": "252100011.", "PROPTYPE": "PARCEL", "YEAR": 2023, "GLYEAR": 2022, "TOWN": "CASTLETON", "TNAME": "Castleton", "SOURCENAME": null, "SOURCETYPE": "UNKNOWN", "SOURCEDATE": "UNKNOWN", "EDITMETHOD": "UNKNOWN", "EDITOR": "UNKNOWN", "EDITDATE": "UNKNOWN", "MATCHSTAT": "MATCH", "EDITNOTE": "UNKNOWN", "OWNER1": "CZACHOR JOSEPH", "OWNER2": "CZACHOR JOANNE", "ADDRGL1": "149 SAND HILL RD", "ADDRGL2": "", "CITYGL": "CASTLETON", "STGL": "VT", "ZIPGL": "05735", "DESCPROP": "HSE/GAR/LOT/INCLUDES 25-21-10-1", "LOCAPROP": "", "CAT": "Residential-1", "RESCODE": "T", "ACRESGL": 0.68, "REAL_FLV": 149000, "HSTED_FLV": 149000, "NRES_FLV": 0, "LAND_LV": 39200, "IMPRV_LV": 109800, "EQUIPVAL": 0, "EQUIPCODE": "", "INVENVAL": 0, "HSDECL": "Y", "HSITEVAL": 149000, "VETEXAMT": 0, "EXPDESC": "", "ENDDATE": "", "STATUTE": "", "EXAMT_HS": 0, "EXAMT_NR": 0, "UVREDUC_HS": 0, "UVREDUC_NR": 0, "GLVAL_HS": 1490.0, "GLVAL_NR": 0.0, "CRHOUSPCT": 0.0, "MUNGL1PCT": 1490.0, "AOEGL_HS": 1490.0, "AOEGL_NR": 0.0, "E911ADDR": "149 SAND HILL RD", "SHAPE_Length": 0.002348626526649532, "SHAPE_Area": 2.7941039087894393e-07}, "geometry": {"type": "MultiPolygon", "coordinates": [[[[-73.18927787199993, 43.60699330700004], [-73.18938769399995, 43.60671210700008], [-73.18967570399997, 43.606750248000026], [-73.19021796699997, 43.60683572800008], [-73.19016575199998, 43.60691287800006], [-73.19009173899997, 43.60707346000004], [-73.19005488399995, 43.60720119100006], [-73.18954358699995, 43.607064397000045], [-73.18927787199993, 43.60699330700004]]]]}}, {"type": "Feature", "properties": {"OBJECTID": 28434, "SPAN": "129-040-10604", "GLIST_SPAN": "129-040-10604", "MAPID": "25-20-27", "PARCID": "252000027.", "PROPTYPE": "PARCEL", "YEAR": 2023, "GLYEAR": 2022, "TOWN": "CASTLETON", "TNAME": "Castleton", "SOURCENAME": null, "SOURCETYPE": "UNKNOWN", "SOURCEDATE": "UNKNOWN", "EDITMETHOD": "UNKNOWN", "EDITOR": "UNKNOWN", "EDITDATE": "UNKNOWN", "MATCHSTAT": "MATCH", "EDITNOTE": "UNKNOWN", "OWNER1": "DAVIS ALBERT H JR & TERESA LE", "OWNER2": "", "ADDRGL1": "PO BOX 217", "ADDRGL2": "", "CITYGL": "CASTLETON", "STGL": "VT", "ZIPGL": "05735", "DESCPROP": "HSE/SHED/LOT/INCLUDES 25-20-00027-1 & 27", "LOCAPROP": "", "CAT": "Residential-1", "RESCODE": "T", "ACRESGL": 2.07, "REAL_FLV": 121500, "HSTED_FLV": 121500, "NRES_FLV": 0, "LAND_LV": 68100, "IMPRV_LV": 53400, "EQUIPVAL": 0, "EQUIPCODE": "", "INVENVAL": 0, "HSDECL": "Y", "HSITEVAL": 96400, "VETEXAMT": 0, "EXPDESC": "", "ENDDATE": "", "STATUTE": "", "EXAMT_HS": 0, "EXAMT_NR": 0, "UVREDUC_HS": 0, "UVREDUC_NR": 0, "GLVAL_HS": 1215.0, "GLVAL_NR": 0.0, "CRHOUSPCT": 0.0, "MUNGL1PCT": 1215.0, "AOEGL_HS": 1215.0, "AOEGL_NR": 0.0, "E911ADDR": "1371 MAIN ST", "SHAPE_Length": 0.004325848577242031, "SHAPE_Area": 8.911409581856199e-07}, "geometry": {"type": "MultiPolygon", "coordinates": [[[[-73.19222762499999, 43.60676027800008], [-73.19253506999996, 43.606733914000074], [-73.19271444099996, 43.607446336000066], [-73.19258506599994, 43.607465871000045], [-73.19270143999995, 43.60790497100004], [-73.19230173999995, 43.60802733300005], [-73.19229647799995, 43.60802894100004], [-73.19229633999998, 43.608028983000054], [-73.19189275299993, 43.60814330200003], [-73.19185627999997, 43.60815379100006], [-73.19184247999993, 43.607810818000075], [-73.19183130999994, 43.607533198000056], [-73.19181442699994, 43.60711364300005], [-73.19224465599996, 43.60710499700008], [-73.19222762499999, 43.60676027800008]]]]}}, {"type": "Feature", "properties": {"OBJECTID": 28438, "SPAN": "129-040-10606", "GLIST_SPAN": "129-040-10606", "MAPID": "25-21-01.1", "PARCID": "252100001.1", "PROPTYPE": "PARCEL", "YEAR": 2023, "GLYEAR": 2022, "TOWN": "CASTLETON", "TNAME": "Castleton", "SOURCENAME": null, "SOURCETYPE": "UNKNOWN", "SOURCEDATE": "UNKNOWN", "EDITMETHOD": "UNKNOWN", "EDITOR": "UNKNOWN", "EDITDATE": "UNKNOWN", "MATCHSTAT": "MATCH", "EDITNOTE": "UNKNOWN", "OWNER1": "DAVIS EDWARD", "OWNER2": "DAVIS TAMMY M", "ADDRGL1": "99 SAND HILL ROAD", "ADDRGL2": "", "CITYGL": "CASTLETON", "STGL": "VT", "ZIPGL": "05735", "DESCPROP": "HOUSE & LOT GAR W/APT.", "LOCAPROP": "", "CAT": "Residential-1", "RESCODE": "T", "ACRESGL": 1.0, "REAL_FLV": 355700, "HSTED_FLV": 262490, "NRES_FLV": 93210, "LAND_LV": 45000, "IMPRV_LV": 310700, "EQUIPVAL": 0, "EQUIPCODE": "", "INVENVAL": 0, "HSDECL": "Y", "HSITEVAL": 262490, "VETEXAMT": 0, "EXPDESC": "", "ENDDATE": "", "STATUTE": "", "EXAMT_HS": 0, "EXAMT_NR": 0, "UVREDUC_HS": 0, "UVREDUC_NR": 0, "GLVAL_HS": 2625.0, "GLVAL_NR": 932.1, "CRHOUSPCT": 0.0, "MUNGL1PCT": 3557.0, "AOEGL_HS": 2625.0, "AOEGL_NR": 932.1, "E911ADDR": "99 SAND HILL RD", "SHAPE_Length": 0.0025291943662385033, "SHAPE_Area": 2.605050981105568e-07}, "geometry": {"type": "MultiPolygon", "coordinates": [[[[-73.18897920299997, 43.607740281000076], [-73.18922876499994, 43.60741637700005], [-73.18998903799996, 43.607498417000045], [-73.18996826499995, 43.60761447500005], [-73.18966527999999, 43.607590610000045], [-73.18962144999995, 43.60786309100007], [-73.18929265499997, 43.60783672200006], [-73.18897920299997, 43.607740281000076]]]]}}, {"type": "Feature", "properties": {"OBJECTID": 28563, "SPAN": "129-040-10732", "GLIST_SPAN": "129-040-10732", "MAPID": "25-20-34", "PARCID": "252000034.", "PROPTYPE": "PARCEL", "YEAR": 2023, "GLYEAR": 2022, "TOWN": "CASTLETON", "TNAME": "Castleton", "SOURCENAME": null, "SOURCETYPE": "UNKNOWN", "SOURCEDATE": "UNKNOWN", "EDITMETHOD": "UNKNOWN", "EDITOR": "UNKNOWN", "EDITDATE": "UNKNOWN", "MATCHSTAT": "MATCH", "EDITNOTE": "UNKNOWN", "OWNER1": "S & B LLC", "OWNER2": "", "ADDRGL1": "P O BOX 477", "ADDRGL2": "", "CITYGL": "CASTLETON", "STGL": "VT", "ZIPGL": "05735", "DESCPROP": "AUTO BODY SHOP; ROUTE 4A", "LOCAPROP": "", "CAT": "Commercial", "RESCODE": "C", "ACRESGL": 1.2, "REAL_FLV": 245100, "HSTED_FLV": 0, "NRES_FLV": 245100, "LAND_LV": 70600, "IMPRV_LV": 174500, "EQUIPVAL": 0, "EQUIPCODE": "", "INVENVAL": 0, "HSDECL": "N", "HSITEVAL": 0, "VETEXAMT": 0, "EXPDESC": "", "ENDDATE": "", "STATUTE": "", "EXAMT_HS": 0, "EXAMT_NR": 0, "UVREDUC_HS": 0, "UVREDUC_NR": 0, "GLVAL_HS": 0.0, "GLVAL_NR": 2451.0, "CRHOUSPCT": 0.0, "MUNGL1PCT": 2451.0, "AOEGL_HS": 0.0, "AOEGL_NR": 2451.0, "E911ADDR": "1529 MAIN ST", "SHAPE_Length": 0.0029014972365988476, "SHAPE_Area": 4.952996758830711e-07}, "geometry": {"type": "MultiPolygon", "coordinates": [[[[-73.19443762099996, 43.60679562000007], [-73.19514136199996, 43.606596780000075], [-73.19528588799994, 43.60713707900004], [-73.19525090799993, 43.607147404000045], [-73.19493715599998, 43.60722975500005], [-73.19469559999999, 43.60729570500007], [-73.19463118099998, 43.60731515300006], [-73.19443911799993, 43.607372904000044], [-73.19439593299995, 43.60723869700007], [-73.19426872199995, 43.60684334100006], [-73.19443762099996, 43.60679562000007]]]]}}, {"type": "Feature", "properties": {"OBJECTID": 28572, "SPAN": "129-040-10167", "GLIST_SPAN": "129-040-10167", "MAPID": "25-20-16.1", "PARCID": "252000016.1", "PROPTYPE": "PARCEL", "YEAR": 2023, "GLYEAR": 2022, "TOWN": "CASTLETON", "TNAME": "Castleton", "SOURCENAME": null, "SOURCETYPE": "UNKNOWN", "SOURCEDATE": "UNKNOWN", "EDITMETHOD": "UNKNOWN", "EDITOR": "UNKNOWN", "EDITDATE": "UNKNOWN", "MATCHSTAT": "MATCH", "EDITNOTE": "UNKNOWN", "OWNER1": "HUTCHINSON RONALD", "OWNER2": "HUTCHINSON BARBARA", "ADDRGL1": "PO BOX1001", "ADDRGL2": "", "CITYGL": "CASTLETON", "STGL": "VT", "ZIPGL": "05735", "DESCPROP": "HSE/LOT; ROUTE 4A", "LOCAPROP": "", "CAT": "Residential-1", "RESCODE": "T", "ACRESGL": 0.48, "REAL_FLV": 98900, "HSTED_FLV": 98900, "NRES_FLV": 0, "LAND_LV": 28600, "IMPRV_LV": 70300, "EQUIPVAL": 0, "EQUIPCODE": "", "INVENVAL": 0, "HSDECL": "Y", "HSITEVAL": 98900, "VETEXAMT": 0, "EXPDESC": "", "ENDDATE": "", "STATUTE": "", "EXAMT_HS": 0, "EXAMT_NR": 0, "UVREDUC_HS": 0, "UVREDUC_NR": 0, "GLVAL_HS": 989.0, "GLVAL_NR": 0.0, "CRHOUSPCT": 0.0, "MUNGL1PCT": 989.0, "AOEGL_HS": 989.0, "AOEGL_NR": 0.0, "E911ADDR": "37 GUMP RD", "SHAPE_Length": 0.0019188863693440077, "SHAPE_Area": 1.8065110453038546e-07}, "geometry": {"type": "MultiPolygon", "coordinates": [[[[-73.19275308899995, 43.60847383300006], [-73.19342168799994, 43.608278347000066], [-73.19352865399998, 43.608516458000054], [-73.19285604499998, 43.60871311600005], [-73.19284241599996, 43.608681441000044], [-73.19275308899995, 43.60847383300006]]]]}}, {"type": "Feature", "properties": {"OBJECTID": 28736, "SPAN": "129-040-10245", "GLIST_SPAN": "129-040-10245", "MAPID": "25-20-23", "PARCID": "252000023.", "PROPTYPE": "PARCEL", "YEAR": 2023, "GLYEAR": 2022, "TOWN": "CASTLETON", "TNAME": "Castleton", "SOURCENAME": null, "SOURCETYPE": "UNKNOWN", "SOURCEDATE": "UNKNOWN", "EDITMETHOD": "UNKNOWN", "EDITOR": "UNKNOWN", "EDITDATE": "UNKNOWN", "MATCHSTAT": "MATCH", "EDITNOTE": "UNKNOWN", "OWNER1": "BRONSON DENNIS & ELAINE", "OWNER2": "", "ADDRGL1": "113 MARY LANE", "ADDRGL2": "", "CITYGL": "CASTLETON", "STGL": "VT", "ZIPGL": "05735", "DESCPROP": "", "LOCAPROP": "", "CAT": "Residential-1", "RESCODE": "T", "ACRESGL": 1.23, "REAL_FLV": 149300, "HSTED_FLV": 0, "NRES_FLV": 149300, "LAND_LV": 40700, "IMPRV_LV": 108600, "EQUIPVAL": 0, "EQUIPCODE": "", "INVENVAL": 0, "HSDECL": "N", "HSITEVAL": 149300, "VETEXAMT": 0, "EXPDESC": "", "ENDDATE": "", "STATUTE": "", "EXAMT_HS": 0, "EXAMT_NR": 0, "UVREDUC_HS": 0, "UVREDUC_NR": 0, "GLVAL_HS": 0.0, "GLVAL_NR": 1493.0, "CRHOUSPCT": 0.0, "MUNGL1PCT": 1493.0, "AOEGL_HS": 0.0, "AOEGL_NR": 1493.0, "E911ADDR": "1266 MAIN ST", "SHAPE_Length": 0.003447981103453954, "SHAPE_Area": 7.11056378804333e-07}, "geometry": {"type": "MultiPolygon", "coordinates": [[[[-73.18969881299995, 43.60906202000007], [-73.19038849599997, 43.60885230300005], [-73.19065977399998, 43.60947169100007], [-73.19079509899996, 43.60978627800006], [-73.19019530399999, 43.60997462700004], [-73.19014820099994, 43.60998932100006], [-73.18969881299995, 43.60906202000007]]]]}}, {"type": "Feature", "properties": {"OBJECTID": 29492, "SPAN": "129-040-10934", "GLIST_SPAN": "129-040-10934", "MAPID": "25-20-18", "PARCID": "252000018.", "PROPTYPE": "PARCEL", "YEAR": 2023, "GLYEAR": 2022, "TOWN": "CASTLETON", "TNAME": "Castleton", "SOURCENAME": null, "SOURCETYPE": "UNKNOWN", "SOURCEDATE": "UNKNOWN", "EDITMETHOD": "UNKNOWN", "EDITOR": "UNKNOWN", "EDITDATE": "UNKNOWN", "MATCHSTAT": "MATCH", "EDITNOTE": "UNKNOWN", "OWNER1": "FREUND NATHAN I", "OWNER2": "", "ADDRGL1": "1970 E HUBBARDTON ROAD", "ADDRGL2": "", "CITYGL": "CASTLETON", "STGL": "VT", "ZIPGL": "05735", "DESCPROP": "HSE/OB/LOT; ROUTE 4A", "LOCAPROP": "", "CAT": "Residential-1", "RESCODE": "T", "ACRESGL": 0.44, "REAL_FLV": 116300, "HSTED_FLV": 0, "NRES_FLV": 116300, "LAND_LV": 26600, "IMPRV_LV": 89700, "EQUIPVAL": 0, "EQUIPCODE": "", "INVENVAL": 0, "HSDECL": "N", "HSITEVAL": 116300, "VETEXAMT": 0, "EXPDESC": "", "ENDDATE": "", "STATUTE": "", "EXAMT_HS": 0, "EXAMT_NR": 0, "UVREDUC_HS": 0, "UVREDUC_NR": 0, "GLVAL_HS": 0.0, "GLVAL_NR": 1163.0, "CRHOUSPCT": 0.0, "MUNGL1PCT": 1163.0, "AOEGL_HS": 0.0, "AOEGL_NR": 1163.0, "E911ADDR": "54 GUMP RD", "SHAPE_Length": 0.0017913863829493678, "SHAPE_Area": 1.984754650107452e-07}, "geometry": {"type": "MultiPolygon", "coordinates": [[[[-73.19241651899995, 43.60878171000007], [-73.19284241599996, 43.608681441000044], [-73.19285604499998, 43.60871311600005], [-73.19301750099999, 43.609088359000054], [-73.19260148199999, 43.60921900900007], [-73.19241651899995, 43.60878171000007]]]]}}, {"type": "Feature", "properties": {"OBJECTID": 29499, "SPAN": "129-040-10936", "GLIST_SPAN": "129-040-10936", "MAPID": "25-20-15", "PARCID": "252000015.", "PROPTYPE": "PARCEL", "YEAR": 2023, "GLYEAR": 2022, "TOWN": "CASTLETON", "TNAME": "Castleton", "SOURCENAME": null, "SOURCETYPE": "UNKNOWN", "SOURCEDATE": "UNKNOWN", "EDITMETHOD": "UNKNOWN", "EDITOR": "UNKNOWN", "EDITDATE": "UNKNOWN", "MATCHSTAT": "MATCH", "EDITNOTE": "UNKNOWN", "OWNER1": "LOUGHAN PATRICK F SR", "OWNER2": "LOUGHAN MELISSA J", "ADDRGL1": "98 PNE HILL ROAD", "ADDRGL2": "", "CITYGL": "WEST RUTLAND", "STGL": "VT", "ZIPGL": "05777", "DESCPROP": "COMM BLDG/LAND; ROUTE 4A", "LOCAPROP": "", "CAT": "Commercial", "RESCODE": "S", "ACRESGL": 2.01, "REAL_FLV": 231000, "HSTED_FLV": 0, "NRES_FLV": 231000, "LAND_LV": 73000, "IMPRV_LV": 158000, "EQUIPVAL": 0, "EQUIPCODE": "", "INVENVAL": 0, "HSDECL": "N", "HSITEVAL": 0, "VETEXAMT": 0, "EXPDESC": "", "ENDDATE": "", "STATUTE": "", "EXAMT_HS": 0, "EXAMT_NR": 0, "UVREDUC_HS": 0, "UVREDUC_NR": 0, "GLVAL_HS": 0.0, "GLVAL_NR": 2310.0, "CRHOUSPCT": 0.0, "MUNGL1PCT": 2310.0, "AOEGL_HS": 0.0, "AOEGL_NR": 2310.0, "E911ADDR": "1454 MAIN ST", "SHAPE_Length": 0.003979397985662667, "SHAPE_Area": 9.810875828657594e-07}, "geometry": {"type": "MultiPolygon", "coordinates": [[[[-73.19330211799996, 43.60800045600007], [-73.19432726099996, 43.60770071400003], [-73.19466166499996, 43.60855941800003], [-73.19368061199998, 43.608880105000026], [-73.19352865399998, 43.608516458000054], [-73.19342168799994, 43.608278347000066], [-73.19330211799996, 43.60800045600007]]]]}}, {"type": "Feature", "properties": {"OBJECTID": 29581, "SPAN": "129-040-10492", "GLIST_SPAN": "129-040-10492", "MAPID": "25-21-01", "PARCID": "252100001.", "PROPTYPE": "PARCEL", "YEAR": 2023, "GLYEAR": 2022, "TOWN": "CASTLETON", "TNAME": "Castleton", "SOURCENAME": null, "SOURCETYPE": "UNKNOWN", "SOURCEDATE": "UNKNOWN", "EDITMETHOD": "UNKNOWN", "EDITOR": "UNKNOWN", "EDITDATE": "UNKNOWN", "MATCHSTAT": "MATCH", "EDITNOTE": "UNKNOWN", "OWNER1": "DAVIS EDWARD", "OWNER2": "", "ADDRGL1": "99 SAND HILL ROAD", "ADDRGL2": "", "CITYGL": "CASTLETON", "STGL": "VT", "ZIPGL": "05735", "DESCPROP": "LOG HOME .17AC LOT; SAND HILL RD", "LOCAPROP": "", "CAT": "Residential-1", "RESCODE": "T", "ACRESGL": 0.17, "REAL_FLV": 160300, "HSTED_FLV": 0, "NRES_FLV": 160300, "LAND_LV": 30100, "IMPRV_LV": 130200, "EQUIPVAL": 0, "EQUIPCODE": "", "INVENVAL": 0, "HSDECL": "N", "HSITEVAL": 160300, "VETEXAMT": 0, "EXPDESC": "", "ENDDATE": "", "STATUTE": "", "EXAMT_HS": 0, "EXAMT_NR": 0, "UVREDUC_HS": 0, "UVREDUC_NR": 0, "GLVAL_HS": 0.0, "GLVAL_NR": 1603.0, "CRHOUSPCT": 0.0, "MUNGL1PCT": 1603.0, "AOEGL_HS": 0.0, "AOEGL_NR": 1603.0, "E911ADDR": "97 SAND HILL RD", "SHAPE_Length": 0.0011462401066502127, "SHAPE_Area": 8.13967520607552e-08}, "geometry": {"type": "MultiPolygon", "coordinates": [[[[-73.18962144999995, 43.60786309100007], [-73.18966527999999, 43.607590610000045], [-73.18996826499995, 43.60761447500005], [-73.18992137899994, 43.607876420000025], [-73.18962144999995, 43.60786309100007]]]]}}, {"type": "Feature", "properties": {"OBJECTID": 29666, "SPAN": "129-040-11002", "GLIST_SPAN": "129-040-11002", "MAPID": "25-20-19", "PARCID": "252000019.", "PROPTYPE": "PARCEL", "YEAR": 2023, "GLYEAR": 2022, "TOWN": "CASTLETON", "TNAME": "Castleton", "SOURCENAME": null, "SOURCETYPE": "UNKNOWN", "SOURCEDATE": "UNKNOWN", "EDITMETHOD": "UNKNOWN", "EDITOR": "UNKNOWN", "EDITDATE": "UNKNOWN", "MATCHSTAT": "MATCH", "EDITNOTE": "UNKNOWN", "OWNER1": "HART JOHN D JR", "OWNER2": "", "ADDRGL1": "24 GUMP RD", "ADDRGL2": "", "CITYGL": "CASTLETON", "STGL": "VT", "ZIPGL": "05735", "DESCPROP": "HSE/GAR/LOT; ROUTE 4A", "LOCAPROP": "", "CAT": "Residential-1", "RESCODE": "T", "ACRESGL": 0.31, "REAL_FLV": 96800, "HSTED_FLV": 86100, "NRES_FLV": 10700, "LAND_LV": 26100, "IMPRV_LV": 70700, "EQUIPVAL": 0, "EQUIPCODE": "", "INVENVAL": 0, "HSDECL": "Y", "HSITEVAL": 86100, "VETEXAMT": 0, "EXPDESC": "", "ENDDATE": "", "STATUTE": "", "EXAMT_HS": 0, "EXAMT_NR": 0, "UVREDUC_HS": 0, "UVREDUC_NR": 0, "GLVAL_HS": 861.0, "GLVAL_NR": 107.0, "CRHOUSPCT": 0.0, "MUNGL1PCT": 968.0, "AOEGL_HS": 861.0, "AOEGL_NR": 107.0, "E911ADDR": "24 GUMP RD", "SHAPE_Length": 0.0015047477761969586, "SHAPE_Area": 1.366206565383793e-07}, "geometry": {"type": "MultiPolygon", "coordinates": [[[[-73.19229783899993, 43.608501122000064], [-73.19271173099997, 43.60837771000007], [-73.19275308899995, 43.60847383300006], [-73.19284241599996, 43.608681441000044], [-73.19241651899995, 43.60878171000007], [-73.19229783899993, 43.608501122000064]]]]}}, {"type": "Feature", "properties": {"OBJECTID": 29696, "SPAN": "129-040-11014", "GLIST_SPAN": "129-040-11014", "MAPID": "25-20-20", "PARCID": "252000020.", "PROPTYPE": "PARCEL", "YEAR": 2023, "GLYEAR": 2022, "TOWN": "CASTLETON", "TNAME": "Castleton", "SOURCENAME": null, "SOURCETYPE": "UNKNOWN", "SOURCEDATE": "UNKNOWN", "EDITMETHOD": "UNKNOWN", "EDITOR": "UNKNOWN", "EDITDATE": "UNKNOWN", "MATCHSTAT": "MATCH", "EDITNOTE": "UNKNOWN", "OWNER1": "HERSON EDWARD", "OWNER2": "", "ADDRGL1": "210 WEST 103RD ST 4D", "ADDRGL2": "", "CITYGL": "NEW YORK", "STGL": "NY", "ZIPGL": "10025", "DESCPROP": "HSE/OB/LOT; ROUTE 4A", "LOCAPROP": "", "CAT": "Residential-1", "RESCODE": "NS", "ACRESGL": 0.22, "REAL_FLV": 74500, "HSTED_FLV": 0, "NRES_FLV": 74500, "LAND_LV": 24800, "IMPRV_LV": 49700, "EQUIPVAL": 0, "EQUIPCODE": "", "INVENVAL": 0, "HSDECL": "N", "HSITEVAL": 74500, "VETEXAMT": 0, "EXPDESC": "", "ENDDATE": "", "STATUTE": "", "EXAMT_HS": 0, "EXAMT_NR": 0, "UVREDUC_HS": 0, "UVREDUC_NR": 0, "GLVAL_HS": 0.0, "GLVAL_NR": 745.0, "CRHOUSPCT": 0.0, "MUNGL1PCT": 745.0, "AOEGL_HS": 0.0, "AOEGL_NR": 745.0, "E911ADDR": "10 GUMP RD", "SHAPE_Length": 0.0012607643242619716, "SHAPE_Area": 8.525908767321418e-08}, "geometry": {"type": "MultiPolygon", "coordinates": [[[[-73.19221990899996, 43.60831687000007], [-73.19263352199994, 43.60819594000003], [-73.19271173099997, 43.60837771000007], [-73.19229783899993, 43.608501122000064], [-73.19221990899996, 43.60831687000007]]]]}}, {"type": "Feature", "properties": {"OBJECTID": 29770, "SPAN": "129-040-10556", "GLIST_SPAN": "129-040-10556", "MAPID": "25-20-16", "PARCID": "252000016.", "PROPTYPE": "PARCEL", "YEAR": 2023, "GLYEAR": 2022, "TOWN": "CASTLETON", "TNAME": "Castleton", "SOURCENAME": null, "SOURCETYPE": "UNKNOWN", "SOURCEDATE": "UNKNOWN", "EDITMETHOD": "UNKNOWN", "EDITOR": "UNKNOWN", "EDITDATE": "UNKNOWN", "MATCHSTAT": "MATCH", "EDITNOTE": "UNKNOWN", "OWNER1": "LOUGHAN PATRICK F SR", "OWNER2": "LOUGHAN MELISSA J", "ADDRGL1": "98 PINE HILL ROAD", "ADDRGL2": "", "CITYGL": "WEST RUTLAND", "STGL": "VT", "ZIPGL": "05777", "DESCPROP": "HSE/LOT", "LOCAPROP": "", "CAT": "Residential-1", "RESCODE": "S", "ACRESGL": 0.49, "REAL_FLV": 100800, "HSTED_FLV": 0, "NRES_FLV": 100800, "LAND_LV": 28700, "IMPRV_LV": 72100, "EQUIPVAL": 0, "EQUIPCODE": "", "INVENVAL": 0, "HSDECL": "N", "HSITEVAL": 100800, "VETEXAMT": 0, "EXPDESC": "", "ENDDATE": "", "STATUTE": "", "EXAMT_HS": 0, "EXAMT_NR": 0, "UVREDUC_HS": 0, "UVREDUC_NR": 0, "GLVAL_HS": 0.0, "GLVAL_NR": 1008.0, "CRHOUSPCT": 0.0, "MUNGL1PCT": 1008.0, "AOEGL_HS": 0.0, "AOEGL_NR": 1008.0, "E911ADDR": "19 GUMP RD", "SHAPE_Length": 0.0019982265041911572, "SHAPE_Area": 2.0917172467491664e-07}, "geometry": {"type": "MultiPolygon", "coordinates": [[[[-73.19263352199994, 43.60819594000003], [-73.19330211799996, 43.60800045600007], [-73.19342168799994, 43.608278347000066], [-73.19275308899995, 43.60847383300006], [-73.19271173099997, 43.60837771000007], [-73.19263352199994, 43.60819594000003]]]]}}, {"type": "Feature", "properties": {"OBJECTID": 29865, "SPAN": "129-040-11782", "GLIST_SPAN": "129-040-11782", "MAPID": "25-20-28", "PARCID": "252000028.", "PROPTYPE": "PARCEL", "YEAR": 2023, "GLYEAR": 2022, "TOWN": "CASTLETON", "TNAME": "Castleton", "SOURCENAME": null, "SOURCETYPE": "UNKNOWN", "SOURCEDATE": "UNKNOWN", "EDITMETHOD": "UNKNOWN", "EDITOR": "UNKNOWN", "EDITDATE": "UNKNOWN", "MATCHSTAT": "MATCH", "EDITNOTE": "UNKNOWN", "OWNER1": "POTTER WILLIAM J", "OWNER2": "POTTER JILL M", "ADDRGL1": "90 SAND HILL RD", "ADDRGL2": "", "CITYGL": "CASTLETON", "STGL": "VT", "ZIPGL": "05735", "DESCPROP": "HSE/OB/3.10 ACRES; SAND HILL RD", "LOCAPROP": "", "CAT": "Residential-1", "RESCODE": "T", "ACRESGL": 3.1, "REAL_FLV": 143600, "HSTED_FLV": 143600, "NRES_FLV": 0, "LAND_LV": 50600, "IMPRV_LV": 93000, "EQUIPVAL": 0, "EQUIPCODE": "", "INVENVAL": 0, "HSDECL": "Y", "HSITEVAL": 140300, "VETEXAMT": 0, "EXPDESC": "", "ENDDATE": "", "STATUTE": "", "EXAMT_HS": 0, "EXAMT_NR": 0, "UVREDUC_HS": 0, "UVREDUC_NR": 0, "GLVAL_HS": 1436.0, "GLVAL_NR": 0.0, "CRHOUSPCT": 0.0, "MUNGL1PCT": 1436.0, "AOEGL_HS": 1436.0, "AOEGL_NR": 0.0, "E911ADDR": "90 SAND HILL RD", "SHAPE_Length": 0.0050396449200105055, "SHAPE_Area": 1.3648969955414426e-06}, "geometry": {"type": "MultiPolygon", "coordinates": [[[[-73.19034072999995, 43.606965159000026], [-73.19039975499999, 43.606877947000044], [-73.19181442699994, 43.60711364300005], [-73.19183130999994, 43.607533198000056], [-73.19091055499996, 43.60782446400003], [-73.19093892599994, 43.60803745100003], [-73.19009210399997, 43.607981874000075], [-73.19020782799998, 43.607339585000034], [-73.19027423299997, 43.60710943500004], [-73.19034072999995, 43.606965159000026]]]]}}, {"type": "Feature", "properties": {"OBJECTID": 29958, "SPAN": "129-040-11881", "GLIST_SPAN": "129-040-11881", "MAPID": "25-20-17", "PARCID": "252000017.", "PROPTYPE": "PARCEL", "YEAR": 2023, "GLYEAR": 2022, "TOWN": "CASTLETON", "TNAME": "Castleton", "SOURCENAME": null, "SOURCETYPE": "UNKNOWN", "SOURCEDATE": "UNKNOWN", "EDITMETHOD": "UNKNOWN", "EDITOR": "UNKNOWN", "EDITDATE": "UNKNOWN", "MATCHSTAT": "MATCH", "EDITNOTE": "UNKNOWN", "OWNER1": "RICHER THOMAS K", "OWNER2": "RICHER FRANCES", "ADDRGL1": "51 GUMP RD", "ADDRGL2": "", "CITYGL": "CASTLETON", "STGL": "VT", "ZIPGL": "05735", "DESCPROP": "MH/OBS/LOT; ROUTE 4A", "LOCAPROP": "", "CAT": "Mobile Home/la", "RESCODE": "T", "ACRESGL": 0.5, "REAL_FLV": 48900, "HSTED_FLV": 0, "NRES_FLV": 48900, "LAND_LV": 27400, "IMPRV_LV": 21500, "EQUIPVAL": 0, "EQUIPCODE": "", "INVENVAL": 0, "HSDECL": "N", "HSITEVAL": 48900, "VETEXAMT": 0, "EXPDESC": "", "ENDDATE": "", "STATUTE": "", "EXAMT_HS": 0, "EXAMT_NR": 0, "UVREDUC_HS": 0, "UVREDUC_NR": 0, "GLVAL_HS": 0.0, "GLVAL_NR": 489.0, "CRHOUSPCT": 0.0, "MUNGL1PCT": 489.0, "AOEGL_HS": 0.0, "AOEGL_NR": 489.0, "E911ADDR": "51 GUMP RD", "SHAPE_Length": 0.0021984364019356772, "SHAPE_Area": 2.7846381008473884e-07}, "geometry": {"type": "MultiPolygon", "coordinates": [[[[-73.19285604499998, 43.60871311600005], [-73.19352865399998, 43.608516458000054], [-73.19368061199998, 43.608880105000026], [-73.19301750099999, 43.609088359000054], [-73.19285604499998, 43.60871311600005]]]]}}, {"type": "Feature", "properties": {"OBJECTID": 30135, "SPAN": "129-040-12507", "GLIST_SPAN": "129-040-12507", "MAPID": "25-20-22.1", "PARCID": "252000022.1", "PROPTYPE": "PARCEL", "YEAR": 2023, "GLYEAR": 2022, "TOWN": "CASTLETON", "TNAME": "Castleton", "SOURCENAME": null, "SOURCETYPE": "UNKNOWN", "SOURCEDATE": "UNKNOWN", "EDITMETHOD": "UNKNOWN", "EDITOR": "UNKNOWN", "EDITDATE": "UNKNOWN", "MATCHSTAT": "MATCH", "EDITNOTE": "UNKNOWN", "OWNER1": "GOODERMOTE TOBY", "OWNER2": "JORDAN KATON", "ADDRGL1": "41 DEVON LANE", "ADDRGL2": "", "CITYGL": "CASTLETON", "STGL": "VT", "ZIPGL": "05735", "DESCPROP": "HSE/LOT", "LOCAPROP": "", "CAT": "Residential-1", "RESCODE": "T", "ACRESGL": 0.47, "REAL_FLV": 100900, "HSTED_FLV": 100900, "NRES_FLV": 0, "LAND_LV": 28500, "IMPRV_LV": 72400, "EQUIPVAL": 0, "EQUIPCODE": "", "INVENVAL": 0, "HSDECL": "Y", "HSITEVAL": 100900, "VETEXAMT": 0, "EXPDESC": "", "ENDDATE": "", "STATUTE": "", "EXAMT_HS": 0, "EXAMT_NR": 0, "UVREDUC_HS": 0, "UVREDUC_NR": 0, "GLVAL_HS": 1009.0, "GLVAL_NR": 0.0, "CRHOUSPCT": 0.0, "MUNGL1PCT": 1009.0, "AOEGL_HS": 1009.0, "AOEGL_NR": 0.0, "E911ADDR": "41 DEVON LN", "SHAPE_Length": 0.0018651615208868208, "SHAPE_Area": 2.1074212228498983e-07}, "geometry": {"type": "MultiPolygon", "coordinates": [[[[-73.19131300899994, 43.60858201700006], [-73.19169467399996, 43.60847043200005], [-73.19186021599995, 43.60885595500008], [-73.19190632099998, 43.608963327000026], [-73.19190635899997, 43.60896341600005], [-73.19152961599997, 43.60907468100004], [-73.19131300899994, 43.60858201700006]]]]}}, {"type": "Feature", "properties": {"OBJECTID": 30136, "SPAN": "129-040-12508", "GLIST_SPAN": "129-040-12508", "MAPID": "25-20-22.2", "PARCID": "252000022.2", "PROPTYPE": "PARCEL", "YEAR": 2023, "GLYEAR": 2022, "TOWN": "CASTLETON", "TNAME": "Castleton", "SOURCENAME": null, "SOURCETYPE": "UNKNOWN", "SOURCEDATE": "UNKNOWN", "EDITMETHOD": "UNKNOWN", "EDITOR": "UNKNOWN", "EDITDATE": "UNKNOWN", "MATCHSTAT": "MATCH", "EDITNOTE": "UNKNOWN", "OWNER1": "FABIAN RONALD E", "OWNER2": "", "ADDRGL1": "1710 PLEASANT STREET", "ADDRGL2": "", "CITYGL": "WEST RUTLAND", "STGL": "VT", "ZIPGL": "05777", "DESCPROP": "HSE/LOT", "LOCAPROP": "", "CAT": "Residential-1", "RESCODE": "S", "ACRESGL": 0.47, "REAL_FLV": 94400, "HSTED_FLV": 0, "NRES_FLV": 94400, "LAND_LV": 28400, "IMPRV_LV": 66000, "EQUIPVAL": 0, "EQUIPCODE": "", "INVENVAL": 0, "HSDECL": "N", "HSITEVAL": 94400, "VETEXAMT": 0, "EXPDESC": "", "ENDDATE": "", "STATUTE": "", "EXAMT_HS": 0, "EXAMT_NR": 0, "UVREDUC_HS": 0, "UVREDUC_NR": 0, "GLVAL_HS": 0.0, "GLVAL_NR": 944.0, "CRHOUSPCT": 0.0, "MUNGL1PCT": 944.0, "AOEGL_HS": 0.0, "AOEGL_NR": 944.0, "E911ADDR": "29 DEVON LN", "SHAPE_Length": 0.0018587220973805359, "SHAPE_Area": 2.087779450086168e-07}, "geometry": {"type": "MultiPolygon", "coordinates": [[[[-73.19093829599996, 43.60869156700005], [-73.19131300899994, 43.60858201700006], [-73.19152961599997, 43.60907468100004], [-73.19152656499995, 43.60907558200006], [-73.19138263899998, 43.609118023000065], [-73.19138248299998, 43.60911806800004], [-73.19137698899993, 43.609119683000074], [-73.19115416899996, 43.609185198000034], [-73.19093829599996, 43.60869156700005]]]]}}, {"type": "Feature", "properties": {"OBJECTID": 30137, "SPAN": "129-040-12509", "GLIST_SPAN": "129-040-12509", "MAPID": "25-20-22.3", "PARCID": "252000022.3", "PROPTYPE": "PARCEL", "YEAR": 2023, "GLYEAR": 2022, "TOWN": "CASTLETON", "TNAME": "Castleton", "SOURCENAME": null, "SOURCETYPE": "UNKNOWN", "SOURCEDATE": "UNKNOWN", "EDITMETHOD": "UNKNOWN", "EDITOR": "UNKNOWN", "EDITDATE": "UNKNOWN", "MATCHSTAT": "MATCH", "EDITNOTE": "UNKNOWN", "OWNER1": "BIZON DONNA", "OWNER2": "BIZON STANLEY", "ADDRGL1": "17 DEVON LN", "ADDRGL2": "", "CITYGL": "CASTLETON", "STGL": "VT", "ZIPGL": "05735", "DESCPROP": "HSE/LOT", "LOCAPROP": "", "CAT": "Residential-1", "RESCODE": "T", "ACRESGL": 0.47, "REAL_FLV": 91700, "HSTED_FLV": 91700, "NRES_FLV": 0, "LAND_LV": 28400, "IMPRV_LV": 63300, "EQUIPVAL": 0, "EQUIPCODE": "", "INVENVAL": 0, "HSDECL": "Y", "HSITEVAL": 91700, "VETEXAMT": 0, "EXPDESC": "", "ENDDATE": "", "STATUTE": "", "EXAMT_HS": 0, "EXAMT_NR": 0, "UVREDUC_HS": 0, "UVREDUC_NR": 0, "GLVAL_HS": 917.0, "GLVAL_NR": 0.0, "CRHOUSPCT": 0.0, "MUNGL1PCT": 917.0, "AOEGL_HS": 917.0, "AOEGL_NR": 0.0, "E911ADDR": "17 DEVON LN", "SHAPE_Length": 0.001864650901646196, "SHAPE_Area": 2.102434333963652e-07}, "geometry": {"type": "MultiPolygon", "coordinates": [[[[-73.19056053999998, 43.608802006000076], [-73.19093829599996, 43.60869156700005], [-73.19115416899996, 43.609185198000034], [-73.19115111699995, 43.60918609500004], [-73.19077758799995, 43.60929616300007], [-73.19056053999998, 43.608802006000076]]]]}}, {"type": "Feature", "properties": {"OBJECTID": 30139, "SPAN": "129-040-12511", "GLIST_SPAN": "129-040-12511", "MAPID": "25-20-22.5", "PARCID": "252000022.5", "PROPTYPE": "PARCEL", "YEAR": 2023, "GLYEAR": 2022, "TOWN": "CASTLETON", "TNAME": "Castleton", "SOURCENAME": null, "SOURCETYPE": "UNKNOWN", "SOURCEDATE": "UNKNOWN", "EDITMETHOD": "UNKNOWN", "EDITOR": "UNKNOWN", "EDITDATE": "UNKNOWN", "MATCHSTAT": "MATCH", "EDITNOTE": "UNKNOWN", "OWNER1": "FAY ROLAND G LE", "OWNER2": "", "ADDRGL1": "42 DEVON LANE", "ADDRGL2": "", "CITYGL": "CASTLETON", "STGL": "VT", "ZIPGL": "05735", "DESCPROP": "HSE/.485 AC/42 DEVON LN", "LOCAPROP": "", "CAT": "Residential-1", "RESCODE": "T", "ACRESGL": 0.49, "REAL_FLV": 89700, "HSTED_FLV": 89700, "NRES_FLV": 0, "LAND_LV": 25800, "IMPRV_LV": 63900, "EQUIPVAL": 0, "EQUIPCODE": "", "INVENVAL": 0, "HSDECL": "Y", "HSITEVAL": 89700, "VETEXAMT": 0, "EXPDESC": "", "ENDDATE": "", "STATUTE": "", "EXAMT_HS": 0, "EXAMT_NR": 0, "UVREDUC_HS": 0, "UVREDUC_NR": 0, "GLVAL_HS": 897.0, "GLVAL_NR": 0.0, "CRHOUSPCT": 0.0, "MUNGL1PCT": 897.0, "AOEGL_HS": 897.0, "AOEGL_NR": 0.0, "E911ADDR": "42 DEVON LN", "SHAPE_Length": 0.002427010585529123, "SHAPE_Area": 2.1820376749757785e-07}, "geometry": {"type": "MultiPolygon", "coordinates": [[[[-73.19142189599995, 43.609381591000044], [-73.19145158599997, 43.60938317600005], [-73.19145223699996, 43.609383173000026], [-73.19148353399999, 43.60938106700007], [-73.19151391599996, 43.609375217000036], [-73.19154254099993, 43.60936578500008], [-73.19156861699997, 43.60935303300005], [-73.19159141899996, 43.60933731400007], [-73.19161031499993, 43.60931906400003], [-73.19162478099997, 43.609298788000046], [-73.19163441799998, 43.60927705000006], [-73.19163895699995, 43.60925445100003], [-73.19163827299997, 43.609231617000034], [-73.19163238399994, 43.609209184000065], [-73.19162145399997, 43.60918777100005], [-73.19160578599997, 43.60916797200008], [-73.19158581499994, 43.609150337000074], [-73.19156209299996, 43.609135355000035], [-73.19153527899994, 43.60912343900003], [-73.19150611499998, 43.60911492100007], [-73.19147541199999, 43.60911003900003], [-73.19144401899996, 43.609108924000054], [-73.19141280499997, 43.60911161100006], [-73.19138263899998, 43.609118023000065], [-73.19152656499995, 43.60907558200006], [-73.19152961599997, 43.60907468100004], [-73.19190635899997, 43.60896341600005], [-73.19208685599995, 43.60938062400004], [-73.19149999799998, 43.609564919000036], [-73.19142189599995, 43.609381591000044]]]]}}, {"type": "Feature", "properties": {"OBJECTID": 30277, "SPAN": "129-040-12693", "GLIST_SPAN": "129-040-12693", "MAPID": "25-20-26.2", "PARCID": "252000026.2", "PROPTYPE": "PARCEL", "YEAR": 2023, "GLYEAR": 2022, "TOWN": "CASTLETON", "TNAME": "Castleton", "SOURCENAME": null, "SOURCETYPE": "UNKNOWN", "SOURCEDATE": "UNKNOWN", "EDITMETHOD": "UNKNOWN", "EDITOR": "UNKNOWN", "EDITDATE": "UNKNOWN", "MATCHSTAT": "MATCH", "EDITNOTE": "UNKNOWN", "OWNER1": "BROADSTONE DG NORTHEAST LLC", "OWNER2": "", "ADDRGL1": "800 CLINTON SQUARE", "ADDRGL2": "", "CITYGL": "ROCHESTER", "STGL": "NY", "ZIPGL": "14604", "DESCPROP": "RETAIL STORE/1.13 ACRES; ROUTE 4A LOT 2", "LOCAPROP": "", "CAT": "Commercial", "RESCODE": "C", "ACRESGL": 1.13, "REAL_FLV": 856500, "HSTED_FLV": 0, "NRES_FLV": 856500, "LAND_LV": 124300, "IMPRV_LV": 732200, "EQUIPVAL": 0, "EQUIPCODE": "", "INVENVAL": 0, "HSDECL": "N", "HSITEVAL": 0, "VETEXAMT": 0, "EXPDESC": "", "ENDDATE": "", "STATUTE": "", "EXAMT_HS": 0, "EXAMT_NR": 0, "UVREDUC_HS": 0, "UVREDUC_NR": 0, "GLVAL_HS": 0.0, "GLVAL_NR": 8565.0, "CRHOUSPCT": 0.0, "MUNGL1PCT": 8565.0, "AOEGL_HS": 0.0, "AOEGL_NR": 8565.0, "E911ADDR": "1429 MAIN ST", "SHAPE_Length": 0.0032448858259966004, "SHAPE_Area": 5.094527772469046e-07}, "geometry": {"type": "MultiPolygon", "coordinates": [[[[-73.19343170199994, 43.60767556700006], [-73.19316882899994, 43.60722965800005], [-73.19414108699993, 43.60692813500003], [-73.19425627799995, 43.607280452000055], [-73.19439593299995, 43.60723869700007], [-73.19443911799993, 43.607372904000044], [-73.19428747699999, 43.60741849900006], [-73.19382419999994, 43.607558855000036], [-73.19343170199994, 43.60767556700006]]]]}}, {"type": "Feature", "properties": {"OBJECTID": 184877, "SPAN": null, "GLIST_SPAN": null, "MAPID": null, "PARCID": null, "PROPTYPE": "ROW_ROAD", "YEAR": 2023, "GLYEAR": null, "TOWN": "CASTLETON", "TNAME": null, "SOURCENAME": null, "SOURCETYPE": "UNKNOWN", "SOURCEDATE": "UNKNOWN", "EDITMETHOD": "UNKNOWN", "EDITOR": "UNKNOWN", "EDITDATE": "UNKNOWN", "MATCHSTAT": "EXEMPT", "EDITNOTE": "UNKNOWN", "OWNER1": null, "OWNER2": null, "ADDRGL1": null, "ADDRGL2": null, "CITYGL": null, "STGL": null, "ZIPGL": null, "DESCPROP": null, "LOCAPROP": null, "CAT": null, "RESCODE": null, "ACRESGL": null, "REAL_FLV": null, "HSTED_FLV": null, "NRES_FLV": null, "LAND_LV": null, "IMPRV_LV": null, "EQUIPVAL": null, "EQUIPCODE": null, "INVENVAL": null, "HSDECL": null, "HSITEVAL": null, "VETEXAMT": null, "EXPDESC": null, "ENDDATE": null, "STATUTE": null, "EXAMT_HS": null, "EXAMT_NR": null, "UVREDUC_HS": null, "UVREDUC_NR": null, "GLVAL_HS": null, "GLVAL_NR": null, "CRHOUSPCT": null, "MUNGL1PCT": null, "AOEGL_HS": null, "AOEGL_NR": null, "E911ADDR": null, "SHAPE_Length": 0.0034587096104839337, "SHAPE_Area": 2.6795028185224027e-07}, "geometry": {"type": "MultiPolygon", "coordinates": [[[[-73.19038849599997, 43.60885230300005], [-73.19056053999998, 43.608802006000076], [-73.19077758799995, 43.60929616300007], [-73.19115111699995, 43.60918609500004], [-73.19115416899996, 43.609185198000034], [-73.19137698899993, 43.609119683000074], [-73.19138248299998, 43.60911806800004], [-73.19138263899998, 43.609118023000065], [-73.19141280499997, 43.60911161100006], [-73.19144401899996, 43.609108924000054], [-73.19147541199999, 43.60911003900003], [-73.19150611499998, 43.60911492100007], [-73.19153527899994, 43.60912343900003], [-73.19156209299996, 43.609135355000035], [-73.19158581499994, 43.609150337000074], [-73.19160578599997, 43.60916797200008], [-73.19162145399997, 43.60918777100005], [-73.19163238399994, 43.609209184000065], [-73.19163827299997, 43.609231617000034], [-73.19163895699995, 43.60925445100003], [-73.19163441799998, 43.60927705000006], [-73.19162478099997, 43.609298788000046], [-73.19161031499993, 43.60931906400003], [-73.19159141899996, 43.60933731400007], [-73.19156861699997, 43.60935303300005], [-73.19154254099993, 43.60936578500008], [-73.19151391599996, 43.609375217000036], [-73.19148353399999, 43.60938106700007], [-73.19145223699996, 43.609383173000026], [-73.19145158599997, 43.60938317600005], [-73.19142189599995, 43.609381591000044], [-73.19139342099999, 43.60937675000008], [-73.19136631699996, 43.60936877200004], [-73.19134123399994, 43.60935784700007], [-73.19131877499996, 43.60934423900005], [-73.19129947699997, 43.609328273000074], [-73.19128380499996, 43.60931033300005], [-73.19127213299998, 43.609290850000036], [-73.19065977399998, 43.60947169100007], [-73.19038849599997, 43.60885230300005]]]]}}, {"type": "Feature", "properties": {"OBJECTID": 29999, "SPAN": "129-040-11922", "GLIST_SPAN": "129-040-11922", "MAPID": "25-20-07", "PARCID": "252000007.", "PROPTYPE": "PARCEL", "YEAR": 2023, "GLYEAR": 2022, "TOWN": "CASTLETON", "TNAME": "Castleton", "SOURCENAME": null, "SOURCETYPE": "UNKNOWN", "SOURCEDATE": "UNKNOWN", "EDITMETHOD": "UNKNOWN", "EDITOR": "UNKNOWN", "EDITDATE": "UNKNOWN", "MATCHSTAT": "MATCH", "EDITNOTE": "UNKNOWN", "OWNER1": "ROONEY WILLIAM T", "OWNER2": "ROONEY CATHERINE J", "ADDRGL1": "1860 MAIN STREET", "ADDRGL2": "", "CITYGL": "CASTLETON", "STGL": "VT", "ZIPGL": "05735", "DESCPROP": "HSE/115.8 AC/INCLUDES 080100001-1", "LOCAPROP": "", "CAT": "Residential-2", "RESCODE": "T", "ACRESGL": 115.8, "REAL_FLV": 333300, "HSTED_FLV": 276441, "NRES_FLV": 56859, "LAND_LV": 153900, "IMPRV_LV": 179400, "EQUIPVAL": 0, "EQUIPCODE": "", "INVENVAL": 0, "HSDECL": "Y", "HSITEVAL": 159741, "VETEXAMT": 40000, "EXPDESC": "", "ENDDATE": "", "STATUTE": "", "EXAMT_HS": 0, "EXAMT_NR": 0, "UVREDUC_HS": 80900, "UVREDUC_NR": 0, "GLVAL_HS": 1555.0, "GLVAL_NR": 568.59, "CRHOUSPCT": 0.0, "MUNGL1PCT": 2124.0, "AOEGL_HS": 1855.0, "AOEGL_NR": 568.59, "E911ADDR": "1860 MAIN ST", "SHAPE_Length": 0.04033175106439676, "SHAPE_Area": 5.1126236616508496e-05}, "geometry": {"type": "MultiPolygon", "coordinates": [[[[-73.19090307199997, 43.612552374000074], [-73.19218179299997, 43.611347237000075], [-73.19213724599996, 43.611253582000074], [-73.19194159099999, 43.61110758700005], [-73.19168189599998, 43.61102079200003], [-73.19127589899995, 43.610926593000045], [-73.19036150899996, 43.61077839400008], [-73.19004637999996, 43.610705729000074], [-73.18981038099997, 43.61067639600003], [-73.18965837199994, 43.61068817800003], [-73.18960358199996, 43.61055696600005], [-73.18853510099996, 43.610689566000076], [-73.19029388399997, 43.61014091800007], [-73.19381141399998, 43.60903627500005], [-73.19606402599999, 43.60833060500005], [-73.19710532499994, 43.60800411200006], [-73.19711120199997, 43.60803379500004], [-73.19813401699997, 43.60768559300004], [-73.19815507399994, 43.607705259000056], [-73.19830486199999, 43.60767045000006], [-73.19848807599993, 43.60768093400003], [-73.19856530099997, 43.607697760000065], [-73.19954965599999, 43.60786419000004], [-73.19988590899999, 43.60798821600008], [-73.20008475699996, 43.608026024000026], [-73.20046123099996, 43.60805373800008], [-73.20079605999996, 43.60805468800004], [-73.20119899499997, 43.60802647600008], [-73.20134663699997, 43.60800700600004], [-73.20149697299996, 43.60795278300003], [-73.20162103699994, 43.60793634100003], [-73.20168674099995, 43.60792764000007], [-73.20186785599998, 43.60879537000005], [-73.20222865199997, 43.61053698400008], [-73.20408870499995, 43.61064191200006], [-73.20413966799998, 43.61101212300008], [-73.20425126799995, 43.61174009700005], [-73.20436273099995, 43.61247084100006], [-73.20033041799996, 43.61276361400007], [-73.20025788799995, 43.61237210100006], [-73.19800670099994, 43.612556366000035], [-73.19075778099995, 43.61314939600004], [-73.19090307199997, 43.612552374000074]]]]}}, {"type": "Feature", "properties": {"OBJECTID": 28116, "SPAN": "129-040-11166", "GLIST_SPAN": "129-040-11166", "MAPID": "25-20-24", "PARCID": "252000024.", "PROPTYPE": "PARCEL", "YEAR": 2023, "GLYEAR": 2022, "TOWN": "CASTLETON", "TNAME": "Castleton", "SOURCENAME": null, "SOURCETYPE": "UNKNOWN", "SOURCEDATE": "UNKNOWN", "EDITMETHOD": "UNKNOWN", "EDITOR": "UNKNOWN", "EDITDATE": "UNKNOWN", "MATCHSTAT": "MATCH", "EDITNOTE": "UNKNOWN", "OWNER1": "JOKINEN GERALD E JR", "OWNER2": "", "ADDRGL1": "2 BROOKSIDE MOBILE PARK", "ADDRGL2": "", "CITYGL": "RUTLAND", "STGL": "VT", "ZIPGL": "05701", "DESCPROP": "HSE/GAR/LOT; MAIN ST", "LOCAPROP": "", "CAT": "Residential-1", "RESCODE": "S", "ACRESGL": 0.82, "REAL_FLV": 127600, "HSTED_FLV": 0, "NRES_FLV": 127600, "LAND_LV": 37100, "IMPRV_LV": 90500, "EQUIPVAL": 0, "EQUIPCODE": "", "INVENVAL": 0, "HSDECL": "N", "HSITEVAL": 127600, "VETEXAMT": 0, "EXPDESC": "", "ENDDATE": "", "STATUTE": "", "EXAMT_HS": 0, "EXAMT_NR": 0, "UVREDUC_HS": 0, "UVREDUC_NR": 0, "GLVAL_HS": 0.0, "GLVAL_NR": 1276.0, "CRHOUSPCT": 0.0, "MUNGL1PCT": 1276.0, "AOEGL_HS": 0.0, "AOEGL_NR": 1276.0, "E911ADDR": "1236 MAIN ST", "SHAPE_Length": 0.0027902940141338864, "SHAPE_Area": 3.705640009292352e-07}, "geometry": {"type": "MultiPolygon", "coordinates": [[[[-73.18935096999996, 43.609167789000026], [-73.18969881299995, 43.60906202000007], [-73.19014820099994, 43.60998932100006], [-73.18980150799996, 43.61009747300005], [-73.18935096999996, 43.609167789000026]]]]}}, {"type": "Feature", "properties": {"OBJECTID": 30138, "SPAN": "129-040-12510", "GLIST_SPAN": "129-040-12510", "MAPID": "25-20-22.4", "PARCID": "252000022.4", "PROPTYPE": "PARCEL", "YEAR": 2023, "GLYEAR": 2022, "TOWN": "CASTLETON", "TNAME": "Castleton", "SOURCENAME": null, "SOURCETYPE": "UNKNOWN", "SOURCEDATE": "UNKNOWN", "EDITMETHOD": "UNKNOWN", "EDITOR": "UNKNOWN", "EDITDATE": "UNKNOWN", "MATCHSTAT": "MATCH", "EDITNOTE": "UNKNOWN", "OWNER1": "THIBAULT MARK E", "OWNER2": "THIBAULT BETH A", "ADDRGL1": "22 DEVON LANE", "ADDRGL2": "", "CITYGL": "CASTLETON", "STGL": "VT", "ZIPGL": "05735", "DESCPROP": "HSE/LOT", "LOCAPROP": "", "CAT": "Residential-1", "RESCODE": "T", "ACRESGL": 0.51, "REAL_FLV": 86100, "HSTED_FLV": 0, "NRES_FLV": 86100, "LAND_LV": 26100, "IMPRV_LV": 60000, "EQUIPVAL": 0, "EQUIPCODE": "", "INVENVAL": 0, "HSDECL": "N", "HSITEVAL": 86100, "VETEXAMT": 0, "EXPDESC": "", "ENDDATE": "", "STATUTE": "", "EXAMT_HS": 0, "EXAMT_NR": 0, "UVREDUC_HS": 0, "UVREDUC_NR": 0, "GLVAL_HS": 0.0, "GLVAL_NR": 861.0, "CRHOUSPCT": 0.0, "MUNGL1PCT": 861.0, "AOEGL_HS": 0.0, "AOEGL_NR": 861.0, "E911ADDR": "22 DEVON LN", "SHAPE_Length": 0.00210140793118008, "SHAPE_Area": 2.3801060044009696e-07}, "geometry": {"type": "MultiPolygon", "coordinates": [[[[-73.19065977399998, 43.60947169100007], [-73.19127213299998, 43.609290850000036], [-73.19128380499996, 43.60931033300005], [-73.19129947699997, 43.609328273000074], [-73.19131877499996, 43.60934423900005], [-73.19134123399994, 43.60935784700007], [-73.19136631699996, 43.60936877200004], [-73.19139342099999, 43.60937675000008], [-73.19142189599995, 43.609381591000044], [-73.19149999799998, 43.609564919000036], [-73.19079509899996, 43.60978627800006], [-73.19065977399998, 43.60947169100007]]]]}}, {"type": "Feature", "properties": {"OBJECTID": 28180, "SPAN": "129-040-11236", "GLIST_SPAN": "129-040-11236", "MAPID": "44-50-13T.1", "PARCID": "44500013T.1", "PROPTYPE": "PARCEL", "YEAR": 2023, "GLYEAR": 2022, "TOWN": "CASTLETON", "TNAME": "Castleton", "SOURCENAME": null, "SOURCETYPE": "UNKNOWN", "SOURCEDATE": "UNKNOWN", "EDITMETHOD": "UNKNOWN", "EDITOR": "UNKNOWN", "EDITDATE": "UNKNOWN", "MATCHSTAT": "MATCH", "EDITNOTE": "UNKNOWN", "OWNER1": "FRASIER KARL", "OWNER2": "", "ADDRGL1": "47 DALEY LANE", "ADDRGL2": "", "CITYGL": "BOMOSEEN", "STGL": "VT", "ZIPGL": "05732", "DESCPROP": "MH; ROUTE 30N", "LOCAPROP": "", "CAT": "Residential-1", "RESCODE": "T", "ACRESGL": 1.07, "REAL_FLV": 58300, "HSTED_FLV": 0, "NRES_FLV": 58300, "LAND_LV": 38200, "IMPRV_LV": 20100, "EQUIPVAL": 0, "EQUIPCODE": "", "INVENVAL": 0, "HSDECL": "N", "HSITEVAL": 58300, "VETEXAMT": 0, "EXPDESC": "", "ENDDATE": "", "STATUTE": "", "EXAMT_HS": 0, "EXAMT_NR": 0, "UVREDUC_HS": 0, "UVREDUC_NR": 0, "GLVAL_HS": 0.0, "GLVAL_NR": 583.0, "CRHOUSPCT": 0.0, "MUNGL1PCT": 583.0, "AOEGL_HS": 0.0, "AOEGL_NR": 583.0, "E911ADDR": "47 DALEY LN", "SHAPE_Length": 0.0028713036257643704, "SHAPE_Area": 5.022531492324267e-07}, "geometry": {"type": "MultiPolygon", "coordinates": [[[[-73.20640772399997, 43.61304896300004], [-73.20692052599998, 43.612935245000074], [-73.20729373599994, 43.61295046500004], [-73.20714036599998, 43.613630906000026], [-73.20631747099998, 43.61347750300007], [-73.20640772399997, 43.61304896300004]]]]}}, {"type": "Feature", "properties": {"OBJECTID": 28419, "SPAN": "129-040-10593", "GLIST_SPAN": "129-040-10593", "MAPID": "44-50-13", "PARCID": "445000013.", "PROPTYPE": "PARCEL", "YEAR": 2023, "GLYEAR": 2022, "TOWN": "CASTLETON", "TNAME": "Castleton", "SOURCENAME": null, "SOURCETYPE": "UNKNOWN", "SOURCEDATE": "UNKNOWN", "EDITMETHOD": "UNKNOWN", "EDITOR": "UNKNOWN", "EDITDATE": "UNKNOWN", "MATCHSTAT": "MATCH", "EDITNOTE": "UNKNOWN", "OWNER1": "ORZELL MAUREEN D", "OWNER2": "", "ADDRGL1": "56 DALEY LANE", "ADDRGL2": "", "CITYGL": "BOMOSEEN", "STGL": "VT", "ZIPGL": "05732", "DESCPROP": "HSE/LOT 3.08 ACRES; ROUTE 30N", "LOCAPROP": "", "CAT": "Residential-1", "RESCODE": "T", "ACRESGL": 2.01, "REAL_FLV": 123500, "HSTED_FLV": 123500, "NRES_FLV": 0, "LAND_LV": 41100, "IMPRV_LV": 82400, "EQUIPVAL": 0, "EQUIPCODE": "", "INVENVAL": 0, "HSDECL": "Y", "HSITEVAL": 123400, "VETEXAMT": 0, "EXPDESC": "", "ENDDATE": "", "STATUTE": "", "EXAMT_HS": 0, "EXAMT_NR": 0, "UVREDUC_HS": 0, "UVREDUC_NR": 0, "GLVAL_HS": 1235.0, "GLVAL_NR": 0.0, "CRHOUSPCT": 0.0, "MUNGL1PCT": 1235.0, "AOEGL_HS": 1235.0, "AOEGL_NR": 0.0, "E911ADDR": "56 DALEY LN", "SHAPE_Length": 0.004801419655599084, "SHAPE_Area": 8.910479422752141e-07}, "geometry": {"type": "MultiPolygon", "coordinates": [[[[-73.20574878599996, 43.613377068000034], [-73.20576542099997, 43.61262823100003], [-73.20645181299994, 43.61260431300008], [-73.20744522499996, 43.612569689000054], [-73.20735782299994, 43.61295308000007], [-73.20729373599994, 43.61295046500004], [-73.20692052599998, 43.612935245000074], [-73.20640772399997, 43.61304896300004], [-73.20631747099998, 43.61347750300007], [-73.20574878599996, 43.613377068000034]]]]}}, {"type": "Feature", "properties": {"OBJECTID": 28721, "SPAN": "129-040-10829", "GLIST_SPAN": "129-040-10829", "MAPID": "08-01-02", "PARCID": "080100002.", "PROPTYPE": "PARCEL", "YEAR": 2023, "GLYEAR": 2022, "TOWN": "CASTLETON", "TNAME": "Castleton", "SOURCENAME": null, "SOURCETYPE": "UNKNOWN", "SOURCEDATE": "UNKNOWN", "EDITMETHOD": "UNKNOWN", "EDITOR": "UNKNOWN", "EDITDATE": "UNKNOWN", "MATCHSTAT": "MATCH", "EDITNOTE": "UNKNOWN", "OWNER1": "FOWLER ROBERT", "OWNER2": "FOWLER KERI", "ADDRGL1": "PO BOX 648", "ADDRGL2": "", "CITYGL": "CASTLETON", "STGL": "VT", "ZIPGL": "05735", "DESCPROP": "HSE/GAR/OB/INCLUDES 080100002-1", "LOCAPROP": "", "CAT": "Residential-1", "RESCODE": "T", "ACRESGL": 2.0, "REAL_FLV": 136800, "HSTED_FLV": 136800, "NRES_FLV": 0, "LAND_LV": 40400, "IMPRV_LV": 96400, "EQUIPVAL": 0, "EQUIPCODE": "", "INVENVAL": 0, "HSDECL": "Y", "HSITEVAL": 136800, "VETEXAMT": 0, "EXPDESC": "", "ENDDATE": "", "STATUTE": "", "EXAMT_HS": 0, "EXAMT_NR": 0, "UVREDUC_HS": 0, "UVREDUC_NR": 0, "GLVAL_HS": 1368.0, "GLVAL_NR": 0.0, "CRHOUSPCT": 0.0, "MUNGL1PCT": 1368.0, "AOEGL_HS": 1368.0, "AOEGL_NR": 0.0, "E911ADDR": "384 ROUTE 30 NORTH", "SHAPE_Length": 0.00410443059950303, "SHAPE_Area": 8.555110875281251e-07}, "geometry": {"type": "MultiPolygon", "coordinates": [[[[-73.20551480999995, 43.61397474300003], [-73.20574878599996, 43.613377068000034], [-73.20631747099998, 43.61347750300007], [-73.20714036599998, 43.613630906000026], [-73.20700309799997, 43.61416150900004], [-73.20551480999995, 43.61397474300003]]]]}}, {"type": "Feature", "properties": {"OBJECTID": 29704, "SPAN": "129-040-10532", "GLIST_SPAN": "129-040-10532", "MAPID": "08-01-01.3", "PARCID": "080100001.3", "PROPTYPE": "PARCEL", "YEAR": 2023, "GLYEAR": 2022, "TOWN": "CASTLETON", "TNAME": "Castleton", "SOURCENAME": null, "SOURCETYPE": "UNKNOWN", "SOURCEDATE": "UNKNOWN", "EDITMETHOD": "UNKNOWN", "EDITOR": "UNKNOWN", "EDITDATE": "UNKNOWN", "MATCHSTAT": "MATCH", "EDITNOTE": "UNKNOWN", "OWNER1": "COMMUNITY HEALTH CENTERS OF THE RUTLAND", "OWNER2": "", "ADDRGL1": "71 ALLEN ST SUITE 101", "ADDRGL2": "", "CITYGL": "RUTLAND", "STGL": "VT", "ZIPGL": "05701", "DESCPROP": "MEDICAL CENTER/LOT 5.6 ACRES; ROUTE 30N", "LOCAPROP": "", "CAT": "Commercial", "RESCODE": "S", "ACRESGL": 5.65, "REAL_FLV": 2506600, "HSTED_FLV": 0, "NRES_FLV": 2506600, "LAND_LV": 150400, "IMPRV_LV": 2356200, "EQUIPVAL": 0, "EQUIPCODE": "", "INVENVAL": 0, "HSDECL": "N", "HSITEVAL": 0, "VETEXAMT": 0, "EXPDESC": "", "ENDDATE": "", "STATUTE": "", "EXAMT_HS": 0, "EXAMT_NR": 0, "UVREDUC_HS": 0, "UVREDUC_NR": 0, "GLVAL_HS": 0.0, "GLVAL_NR": 25066.0, "CRHOUSPCT": 0.0, "MUNGL1PCT": 25066.0, "AOEGL_HS": 0.0, "AOEGL_NR": 25066.0, "E911ADDR": "275 ROUTE 30 NORTH", "SHAPE_Length": 0.0065668143701418154, "SHAPE_Area": 2.715132395638895e-06}, "geometry": {"type": "MultiPolygon", "coordinates": [[[[-73.20753324399993, 43.61328917600008], [-73.20926186899999, 43.61325414800007], [-73.20923829099996, 43.61462760300003], [-73.20742319099998, 43.614895482000065], [-73.20740491199996, 43.61424544300007], [-73.20736511699994, 43.613997478000044], [-73.20753324399993, 43.61328917600008]]]]}}, {"type": "Feature", "properties": {"OBJECTID": 30272, "SPAN": "129-040-12685", "GLIST_SPAN": "129-040-12685", "MAPID": "08-01-01.4", "PARCID": "080100001.4", "PROPTYPE": "PARCEL", "YEAR": 2023, "GLYEAR": 2022, "TOWN": "CASTLETON", "TNAME": "Castleton", "SOURCENAME": null, "SOURCETYPE": "UNKNOWN", "SOURCEDATE": "UNKNOWN", "EDITMETHOD": "UNKNOWN", "EDITOR": "UNKNOWN", "EDITDATE": "UNKNOWN", "MATCHSTAT": "MATCH", "EDITNOTE": "UNKNOWN", "OWNER1": "TOWN OF CASTLETON", "OWNER2": "", "ADDRGL1": "PO BOX 727", "ADDRGL2": "", "CITYGL": "CASTLETON", "STGL": "VT", "ZIPGL": "05735", "DESCPROP": "NEW FIRE HOUSE/5.09 ACRES; ROUTE 30", "LOCAPROP": "", "CAT": "Commercial", "RESCODE": "T", "ACRESGL": 5.09, "REAL_FLV": 1710500, "HSTED_FLV": 0, "NRES_FLV": 1710500, "LAND_LV": 149200, "IMPRV_LV": 1561300, "EQUIPVAL": 0, "EQUIPCODE": "", "INVENVAL": 0, "HSDECL": "N", "HSITEVAL": 0, "VETEXAMT": 0, "EXPDESC": "Statutory", "ENDDATE": "", "STATUTE": "", "EXAMT_HS": 0, "EXAMT_NR": 0, "UVREDUC_HS": 0, "UVREDUC_NR": 0, "GLVAL_HS": 0.0, "GLVAL_NR": 0.0, "CRHOUSPCT": 0.0, "MUNGL1PCT": 0.0, "AOEGL_HS": 0.0, "AOEGL_NR": 0.0, "E911ADDR": "273 ROUTE 30 NORTH", "SHAPE_Length": 0.006555252866105678, "SHAPE_Area": 2.2833786387506125e-06}, "geometry": {"type": "MultiPolygon", "coordinates": [[[[-73.20933711099997, 43.612153188000036], [-73.20982283699993, 43.612101847000076], [-73.20975262999997, 43.613247433000026], [-73.20926186899999, 43.61325414800007], [-73.20753324399993, 43.61328917600008], [-73.20760962399999, 43.61298516700003], [-73.20754590099995, 43.61297704700007], [-73.20769035599994, 43.61232723300003], [-73.20847129199996, 43.61224469900003], [-73.20933711099997, 43.612153188000036]]]]}}, {"type": "Feature", "properties": {"OBJECTID": 29838, "SPAN": "129-040-11752", "GLIST_SPAN": "129-040-11752", "MAPID": "04-02-13", "PARCID": "040200013.", "PROPTYPE": "PARCEL", "YEAR": 2023, "GLYEAR": 2022, "TOWN": "CASTLETON", "TNAME": "Castleton", "SOURCENAME": null, "SOURCETYPE": "UNKNOWN", "SOURCEDATE": "UNKNOWN", "EDITMETHOD": "UNKNOWN", "EDITOR": "UNKNOWN", "EDITDATE": "UNKNOWN", "MATCHSTAT": "MATCH", "EDITNOTE": "UNKNOWN", "OWNER1": "PIKE ROGER M TRUST UAD 6-22-17", "OWNER2": "", "ADDRGL1": "90 EDGERTON ST", "ADDRGL2": "", "CITYGL": "RUTLAND", "STGL": "VT", "ZIPGL": "05701", "DESCPROP": "VACANT LOT 40.45 ACRES; ROUTE 30", "LOCAPROP": "", "CAT": "Miscellaneous", "RESCODE": "S", "ACRESGL": 40.45, "REAL_FLV": 130000, "HSTED_FLV": 0, "NRES_FLV": 130000, "LAND_LV": 130000, "IMPRV_LV": 0, "EQUIPVAL": 0, "EQUIPCODE": "", "INVENVAL": 0, "HSDECL": "N", "HSITEVAL": 0, "VETEXAMT": 0, "EXPDESC": "", "ENDDATE": "", "STATUTE": "", "EXAMT_HS": 0, "EXAMT_NR": 0, "UVREDUC_HS": 0, "UVREDUC_NR": 0, "GLVAL_HS": 0.0, "GLVAL_NR": 1300.0, "CRHOUSPCT": 0.0, "MUNGL1PCT": 1300.0, "AOEGL_HS": 0.0, "AOEGL_NR": 1300.0, "E911ADDR": "ROUTE 30 NORTH", "SHAPE_Length": 0.02087370090659058, "SHAPE_Area": 1.730421451828335e-05}, "geometry": {"type": "MultiPolygon", "coordinates": [[[[-73.20639132299993, 43.61242419200005], [-73.20748315499998, 43.61239907000004], [-73.20744522499996, 43.612569689000054], [-73.20645181299994, 43.61260431300008], [-73.20576542099997, 43.61262823100003], [-73.20574878599996, 43.613377068000034], [-73.20551480999995, 43.61397474300003], [-73.20172566899998, 43.617487090000054], [-73.20119916299996, 43.61745259300005], [-73.20033041799996, 43.61276361400007], [-73.20436273099995, 43.61247084100006], [-73.20559305999996, 43.61244255300005], [-73.20639132299993, 43.61242419200005]]]]}}, {"type": "Feature", "properties": {"OBJECTID": 28899, "SPAN": "129-040-11986", "GLIST_SPAN": "129-040-11986", "MAPID": "04-02-20", "PARCID": "040200020.", "PROPTYPE": "PARCEL", "YEAR": 2023, "GLYEAR": 2022, "TOWN": "CASTLETON", "TNAME": "Castleton", "SOURCENAME": null, "SOURCETYPE": "UNKNOWN", "SOURCEDATE": "UNKNOWN", "EDITMETHOD": "UNKNOWN", "EDITOR": "UNKNOWN", "EDITDATE": "UNKNOWN", "MATCHSTAT": "MATCH", "EDITNOTE": "UNKNOWN", "OWNER1": "BELDEN COMPANY", "OWNER2": "", "ADDRGL1": "20 BELDEN ROAD", "ADDRGL2": "", "CITYGL": "RUTLAND", "STGL": "VT", "ZIPGL": "05701", "DESCPROP": "VACANT LOT 13.65 ACRES; ROUTE 30", "LOCAPROP": "", "CAT": "Commercial", "RESCODE": "S", "ACRESGL": 13.65, "REAL_FLV": 75000, "HSTED_FLV": 0, "NRES_FLV": 75000, "LAND_LV": 75000, "IMPRV_LV": 0, "EQUIPVAL": 0, "EQUIPCODE": "", "INVENVAL": 0, "HSDECL": "N", "HSITEVAL": 0, "VETEXAMT": 0, "EXPDESC": "", "ENDDATE": "", "STATUTE": "", "EXAMT_HS": 0, "EXAMT_NR": 0, "UVREDUC_HS": 0, "UVREDUC_NR": 0, "GLVAL_HS": 0.0, "GLVAL_NR": 750.0, "CRHOUSPCT": 0.0, "MUNGL1PCT": 750.0, "AOEGL_HS": 0.0, "AOEGL_NR": 750.0, "E911ADDR": "ROUTE 30 NORTH", "SHAPE_Length": 0.013259274098854, "SHAPE_Area": 6.082800112485473e-06}, "geometry": {"type": "MultiPolygon", "coordinates": [[[[-73.20172566899998, 43.617487090000054], [-73.20551480999995, 43.61397474300003], [-73.20700309799997, 43.61416150900004], [-73.20663053599998, 43.61490377800004], [-73.20601657199995, 43.61536159500008], [-73.20397169899996, 43.61682439400005], [-73.20291407199994, 43.61756494500003], [-73.20172566899998, 43.617487090000054]]]]}}, {"type": "Feature", "properties": {"OBJECTID": 28402, "SPAN": "129-040-11923", "GLIST_SPAN": "129-040-11923", "MAPID": "09-01-01.1", "PARCID": "090100001.1", "PROPTYPE": "PARCEL", "YEAR": 2023, "GLYEAR": 2022, "TOWN": "CASTLETON", "TNAME": "Castleton", "SOURCENAME": null, "SOURCETYPE": "UNKNOWN", "SOURCEDATE": "UNKNOWN", "EDITMETHOD": "UNKNOWN", "EDITOR": "UNKNOWN", "EDITDATE": "UNKNOWN", "MATCHSTAT": "MATCH", "EDITNOTE": "UNKNOWN", "OWNER1": "ROONEY YVONNE S", "OWNER2": "", "ADDRGL1": "1860 MAIN ST", "ADDRGL2": "", "CITYGL": "CASTLETON", "STGL": "VT", "ZIPGL": "05735", "DESCPROP": "VACANT LAND", "LOCAPROP": "", "CAT": "Miscellaneous", "RESCODE": "T", "ACRESGL": 2.14, "REAL_FLV": 3200, "HSTED_FLV": 0, "NRES_FLV": 3200, "LAND_LV": 3200, "IMPRV_LV": 0, "EQUIPVAL": 0, "EQUIPCODE": "", "INVENVAL": 0, "HSDECL": "N", "HSITEVAL": 0, "VETEXAMT": 0, "EXPDESC": "", "ENDDATE": "", "STATUTE": "", "EXAMT_HS": 0, "EXAMT_NR": 0, "UVREDUC_HS": 0, "UVREDUC_NR": 0, "GLVAL_HS": 0.0, "GLVAL_NR": 32.0, "CRHOUSPCT": 0.0, "MUNGL1PCT": 32.0, "AOEGL_HS": 0.0, "AOEGL_NR": 32.0, "E911ADDR": "ROUTE 4A", "SHAPE_Length": 0.003866417090021893, "SHAPE_Area": 8.767541369973644e-07}, "geometry": {"type": "MultiPolygon", "coordinates": [[[[-73.18961184499994, 43.613322664000066], [-73.18987401399994, 43.61231859600008], [-73.19090307199997, 43.612552374000074], [-73.19075778099995, 43.61314939600004], [-73.18961184499994, 43.613322664000066]]]]}}, {"type": "Feature", "properties": {"OBJECTID": 29598, "SPAN": "129-040-11635", "GLIST_SPAN": "129-040-11635", "MAPID": "05-01-20", "PARCID": "050100020.", "PROPTYPE": "PARCEL", "YEAR": 2023, "GLYEAR": 2022, "TOWN": "CASTLETON", "TNAME": "Castleton", "SOURCENAME": null, "SOURCETYPE": "UNKNOWN", "SOURCEDATE": "UNKNOWN", "EDITMETHOD": "UNKNOWN", "EDITOR": "UNKNOWN", "EDITDATE": "UNKNOWN", "MATCHSTAT": "MATCH", "EDITNOTE": "UNKNOWN", "OWNER1": "O`ROURKE HARRY JR TRUST", "OWNER2": "", "ADDRGL1": "1683 POND HILL ROAD", "ADDRGL2": "", "CITYGL": "CASTLETON", "STGL": "VT", "ZIPGL": "05735", "DESCPROP": "HSE/FARM BLDGS/228.56 ACRES; BROWN RD", "LOCAPROP": "", "CAT": "Farm", "RESCODE": "T", "ACRESGL": 228.56, "REAL_FLV": 436500, "HSTED_FLV": 0, "NRES_FLV": 436500, "LAND_LV": 247900, "IMPRV_LV": 188600, "EQUIPVAL": 0, "EQUIPCODE": "", "INVENVAL": 0, "HSDECL": "N", "HSITEVAL": 232600, "VETEXAMT": 0, "EXPDESC": "", "ENDDATE": "", "STATUTE": "", "EXAMT_HS": 0, "EXAMT_NR": 0, "UVREDUC_HS": 0, "UVREDUC_NR": 0, "GLVAL_HS": 0.0, "GLVAL_NR": 4365.0, "CRHOUSPCT": 0.0, "MUNGL1PCT": 4365.0, "AOEGL_HS": 0.0, "AOEGL_NR": 4365.0, "E911ADDR": "538 BROWN FARM RD", "SHAPE_Length": 0.042145484996428666, "SHAPE_Area": 8.650825203448762e-05}, "geometry": {"type": "MultiPolygon", "coordinates": [[[[-73.19243320699997, 43.62022156200004], [-73.19195632599997, 43.61819899100004], [-73.18949893299998, 43.61824543800003], [-73.18945966799998, 43.617505281000035], [-73.18795473799997, 43.61655574300005], [-73.18832579099995, 43.61631374500007], [-73.18854655799998, 43.61616774100003], [-73.18865062899994, 43.61611809900006], [-73.18874593099997, 43.61609327300005], [-73.18876765899995, 43.61608761300005], [-73.18883050099998, 43.616086703000065], [-73.18894366199999, 43.61608506500005], [-73.18918686999996, 43.61609570300004], [-73.18934252899999, 43.616101222000054], [-73.18946066199999, 43.61609216200003], [-73.18960790899996, 43.61605792000006], [-73.18974120399997, 43.61599611500003], [-73.18963155499995, 43.61588423500007], [-73.18952700799997, 43.61593271100003], [-73.18942156799994, 43.61595723000005], [-73.18933718899996, 43.615963701000055], [-73.18919714399993, 43.61595873600004], [-73.18894745999995, 43.61594781500003], [-73.18881856299998, 43.615949681000075], [-73.18870343699996, 43.615958625000076], [-73.18863540399997, 43.61597634700007], [-73.18829464799995, 43.61352601200008], [-73.18961184499994, 43.613322664000066], [-73.19075778099995, 43.61314939600004], [-73.19800670099994, 43.612556366000035], [-73.20025788799995, 43.61237210100006], [-73.20033041799996, 43.61276361400007], [-73.20119916299996, 43.61745259300005], [-73.20130227799996, 43.61847880500005], [-73.20071074799995, 43.61872782000006], [-73.19996150399999, 43.619020222000074], [-73.19936846399997, 43.619228408000026], [-73.19919936599996, 43.61933660600005], [-73.19849354799999, 43.61973610900003], [-73.19796758099994, 43.62005378300006], [-73.19738655199995, 43.62036461900004], [-73.19702659299998, 43.620675722000044], [-73.19655431499996, 43.621084265000036], [-73.19636569899995, 43.621246513000074], [-73.19580679299997, 43.62149666200003], [-73.19531620799995, 43.62166180000003], [-73.19448335299995, 43.62189413100003], [-73.19393119599994, 43.62202539200007], [-73.19288397699995, 43.62213326800003], [-73.19243320699997, 43.62022156200004]]]]}}, {"type": "Feature", "properties": {"OBJECTID": 28117, "SPAN": "129-040-11167", "GLIST_SPAN": "129-040-11167", "MAPID": "45-52-19", "PARCID": "455200019.", "PROPTYPE": "PARCEL", "YEAR": 2023, "GLYEAR": 2022, "TOWN": "CASTLETON", "TNAME": "Castleton", "SOURCENAME": null, "SOURCETYPE": "UNKNOWN", "SOURCEDATE": "UNKNOWN", "EDITMETHOD": "UNKNOWN", "EDITOR": "UNKNOWN", "EDITDATE": "UNKNOWN", "MATCHSTAT": "MATCH", "EDITNOTE": "UNKNOWN", "OWNER1": "JOKINEN GERALD E SR", "OWNER2": "SHELDRICK SHARON O", "ADDRGL1": "PO BOX 203", "ADDRGL2": "", "CITYGL": "CASTLETON", "STGL": "VT", "ZIPGL": "05735", "DESCPROP": "HSE/OB/LOT; MAIN ST", "LOCAPROP": "", "CAT": "Residential-1", "RESCODE": "T", "ACRESGL": 0.48, "REAL_FLV": 103600, "HSTED_FLV": 103600, "NRES_FLV": 0, "LAND_LV": 30100, "IMPRV_LV": 73500, "EQUIPVAL": 0, "EQUIPCODE": "", "INVENVAL": 0, "HSDECL": "Y", "HSITEVAL": 103600, "VETEXAMT": 0, "EXPDESC": "", "ENDDATE": "", "STATUTE": "", "EXAMT_HS": 0, "EXAMT_NR": 0, "UVREDUC_HS": 0, "UVREDUC_NR": 0, "GLVAL_HS": 1036.0, "GLVAL_NR": 0.0, "CRHOUSPCT": 0.0, "MUNGL1PCT": 1036.0, "AOEGL_HS": 1036.0, "AOEGL_NR": 0.0, "E911ADDR": "1027 MAIN ST", "SHAPE_Length": 0.0022718067395227004, "SHAPE_Area": 2.173122047893793e-07}, "geometry": {"type": "MultiPolygon", "coordinates": [[[[-73.18525262399999, 43.608997431000034], [-73.18549783899994, 43.608967052000025], [-73.18554604899998, 43.609141572000055], [-73.18573423599997, 43.60982280300004], [-73.18570966999994, 43.60982607400007], [-73.18548964399997, 43.609855449000065], [-73.18525262399999, 43.608997431000034]]]]}}, {"type": "Feature", "properties": {"OBJECTID": 28189, "SPAN": "129-040-11245", "GLIST_SPAN": "129-040-11245", "MAPID": "25-21-10", "PARCID": "252100010.", "PROPTYPE": "PARCEL", "YEAR": 2023, "GLYEAR": 2022, "TOWN": "CASTLETON", "TNAME": "Castleton", "SOURCENAME": null, "SOURCETYPE": "UNKNOWN", "SOURCEDATE": "UNKNOWN", "EDITMETHOD": "UNKNOWN", "EDITOR": "UNKNOWN", "EDITDATE": "UNKNOWN", "MATCHSTAT": "MATCH", "EDITNOTE": "UNKNOWN", "OWNER1": "BRANNOCK JAY E & TEARSA L", "OWNER2": "", "ADDRGL1": "59 FARR DRIVE", "ADDRGL2": "", "CITYGL": "CASTLETON", "STGL": "VT", "ZIPGL": "05735", "DESCPROP": "HSE/OB/3.62 ACRES; SAND HILL RD ; parcel", "LOCAPROP": "", "CAT": "Residential-1", "RESCODE": "T", "ACRESGL": 3.62, "REAL_FLV": 53900, "HSTED_FLV": 0, "NRES_FLV": 53900, "LAND_LV": 52900, "IMPRV_LV": 1000, "EQUIPVAL": 0, "EQUIPCODE": "", "INVENVAL": 0, "HSDECL": "N", "HSITEVAL": 49000, "VETEXAMT": 0, "EXPDESC": "", "ENDDATE": "", "STATUTE": "", "EXAMT_HS": 0, "EXAMT_NR": 0, "UVREDUC_HS": 0, "UVREDUC_NR": 0, "GLVAL_HS": 0.0, "GLVAL_NR": 539.0, "CRHOUSPCT": 0.0, "MUNGL1PCT": 539.0, "AOEGL_HS": 0.0, "AOEGL_NR": 539.0, "E911ADDR": "115 SAND HILL RD", "SHAPE_Length": 0.005879685491771765, "SHAPE_Area": 1.405989126083794e-06}, "geometry": {"type": "MultiPolygon", "coordinates": [[[[-73.18786212199996, 43.60751284200006], [-73.18806191199997, 43.60653652600007], [-73.18938769399995, 43.60671210700008], [-73.18927787199993, 43.60699330700004], [-73.18954358699995, 43.607064397000045], [-73.19005488399995, 43.60720119100006], [-73.19002157699998, 43.60731663200005], [-73.18998903799996, 43.607498417000045], [-73.18922876499994, 43.60741637700005], [-73.18786212199996, 43.60751284200006]]]]}}, {"type": "Feature", "properties": {"OBJECTID": 28600, "SPAN": "129-040-10753", "GLIST_SPAN": "129-040-10753", "MAPID": "25-21-05", "PARCID": "252100005.", "PROPTYPE": "PARCEL", "YEAR": 2023, "GLYEAR": 2022, "TOWN": "CASTLETON", "TNAME": "Castleton", "SOURCENAME": null, "SOURCETYPE": "UNKNOWN", "SOURCEDATE": "UNKNOWN", "EDITMETHOD": "UNKNOWN", "EDITOR": "UNKNOWN", "EDITDATE": "UNKNOWN", "MATCHSTAT": "MATCH", "EDITNOTE": "UNKNOWN", "OWNER1": "GARRETT`S PROPERTIES LLC", "OWNER2": "", "ADDRGL1": "PO BOX 1292", "ADDRGL2": "", "CITYGL": "MONTPELIER", "STGL": "VT", "ZIPGL": "05601", "DESCPROP": "HSE/GAR/OB/LOT; MAIN ST", "LOCAPROP": "", "CAT": "Residential-1", "RESCODE": "C", "ACRESGL": 0.4, "REAL_FLV": 148900, "HSTED_FLV": 0, "NRES_FLV": 148900, "LAND_LV": 30400, "IMPRV_LV": 118500, "EQUIPVAL": 0, "EQUIPCODE": "", "INVENVAL": 0, "HSDECL": "N", "HSITEVAL": 148900, "VETEXAMT": 0, "EXPDESC": "", "ENDDATE": "", "STATUTE": "", "EXAMT_HS": 0, "EXAMT_NR": 0, "UVREDUC_HS": 0, "UVREDUC_NR": 0, "GLVAL_HS": 0.0, "GLVAL_NR": 1489.0, "CRHOUSPCT": 0.0, "MUNGL1PCT": 1489.0, "AOEGL_HS": 0.0, "AOEGL_NR": 1489.0, "E911ADDR": "1077 MAIN ST", "SHAPE_Length": 0.002008035264280859, "SHAPE_Area": 2.053637374082293e-07}, "geometry": {"type": "MultiPolygon", "coordinates": [[[[-73.18611357999998, 43.60907972700005], [-73.18633259199999, 43.60899089900005], [-73.18666521199998, 43.60965350200007], [-73.18659469899995, 43.60967173500006], [-73.18646631599995, 43.60970510200008], [-73.18635719699995, 43.60972718200003], [-73.18633203399997, 43.60973198100004], [-73.18611357999998, 43.60907972700005]]]]}}, {"type": "Feature", "properties": {"OBJECTID": 28755, "SPAN": "129-040-10847", "GLIST_SPAN": "129-040-10847", "MAPID": "25-21-07", "PARCID": "252100007.", "PROPTYPE": "PARCEL", "YEAR": 2023, "GLYEAR": 2022, "TOWN": "CASTLETON", "TNAME": "Castleton", "SOURCENAME": null, "SOURCETYPE": "UNKNOWN", "SOURCEDATE": "UNKNOWN", "EDITMETHOD": "UNKNOWN", "EDITOR": "UNKNOWN", "EDITDATE": "UNKNOWN", "MATCHSTAT": "MATCH", "EDITNOTE": "UNKNOWN", "OWNER1": "FRYE DIANNA", "OWNER2": "", "ADDRGL1": "PO BOX 508", "ADDRGL2": "", "CITYGL": "CASTLETON", "STGL": "VT", "ZIPGL": "05735", "DESCPROP": "MH/LOT; MAIN ST", "LOCAPROP": "", "CAT": "Mobile Home/la", "RESCODE": "T", "ACRESGL": 0.37, "REAL_FLV": 40800, "HSTED_FLV": 40800, "NRES_FLV": 0, "LAND_LV": 29900, "IMPRV_LV": 10900, "EQUIPVAL": 0, "EQUIPCODE": "", "INVENVAL": 0, "HSDECL": "Y", "HSITEVAL": 40800, "VETEXAMT": 0, "EXPDESC": "", "ENDDATE": "", "STATUTE": "", "EXAMT_HS": 0, "EXAMT_NR": 0, "UVREDUC_HS": 0, "UVREDUC_NR": 0, "GLVAL_HS": 408.0, "GLVAL_NR": 0.0, "CRHOUSPCT": 0.0, "MUNGL1PCT": 408.0, "AOEGL_HS": 408.0, "AOEGL_NR": 0.0, "E911ADDR": "1041 MAIN ST", "SHAPE_Length": 0.001864481626961595, "SHAPE_Area": 1.592896956709144e-07}, "geometry": {"type": "MultiPolygon", "coordinates": [[[[-73.18554604899998, 43.609141572000055], [-73.18577754199998, 43.609116346000064], [-73.18595703899996, 43.609793033000074], [-73.18593116499994, 43.60979658200006], [-73.18573423599997, 43.60982280300004], [-73.18554604899998, 43.609141572000055]]]]}}, {"type": "Feature", "properties": {"OBJECTID": 28878, "SPAN": "129-040-11965", "GLIST_SPAN": "129-040-11965", "MAPID": "25-21-03", "PARCID": "252100003.", "PROPTYPE": "PARCEL", "YEAR": 2023, "GLYEAR": 2022, "TOWN": "CASTLETON", "TNAME": "Castleton", "SOURCENAME": null, "SOURCETYPE": "UNKNOWN", "SOURCEDATE": "UNKNOWN", "EDITMETHOD": "UNKNOWN", "EDITOR": "UNKNOWN", "EDITDATE": "UNKNOWN", "MATCHSTAT": "MATCH", "EDITNOTE": "UNKNOWN", "OWNER1": "SALTIS SONYA", "OWNER2": "", "ADDRGL1": "PO BOX 713", "ADDRGL2": "", "CITYGL": "CASTLETON", "STGL": "VT", "ZIPGL": "05735", "DESCPROP": "HSE/OB/3.05 ACRES; MAIN ST", "LOCAPROP": "", "CAT": "Residential-1", "RESCODE": "S", "ACRESGL": 3.05, "REAL_FLV": 231000, "HSTED_FLV": 0, "NRES_FLV": 231000, "LAND_LV": 46100, "IMPRV_LV": 184900, "EQUIPVAL": 0, "EQUIPCODE": "", "INVENVAL": 0, "HSDECL": "N", "HSITEVAL": 227800, "VETEXAMT": 0, "EXPDESC": "", "ENDDATE": "", "STATUTE": "", "EXAMT_HS": 0, "EXAMT_NR": 0, "UVREDUC_HS": 0, "UVREDUC_NR": 0, "GLVAL_HS": 0.0, "GLVAL_NR": 2310.0, "CRHOUSPCT": 0.0, "MUNGL1PCT": 2310.0, "AOEGL_HS": 0.0, "AOEGL_NR": 2310.0, "E911ADDR": "1141 MAIN ST", "SHAPE_Length": 0.005064734385765364, "SHAPE_Area": 1.2977345203416759e-06}, "geometry": {"type": "MultiPolygon", "coordinates": [[[[-73.18762469099994, 43.608375256000045], [-73.18769241899997, 43.607674960000054], [-73.18783012699998, 43.60770899200003], [-73.18812251599996, 43.607908724000026], [-73.18806990799999, 43.60800223900003], [-73.18849156699997, 43.60913033500003], [-73.18739718999996, 43.609445519000076], [-73.18711281399999, 43.608674448000045], [-73.18762469099994, 43.608375256000045]]]]}}, {"type": "Feature", "properties": {"OBJECTID": 28879, "SPAN": "129-040-11966", "GLIST_SPAN": "129-040-11966", "MAPID": "25-21-06", "PARCID": "252100006.", "PROPTYPE": "PARCEL", "YEAR": 2023, "GLYEAR": 2022, "TOWN": "CASTLETON", "TNAME": "Castleton", "SOURCENAME": null, "SOURCETYPE": "UNKNOWN", "SOURCEDATE": "UNKNOWN", "EDITMETHOD": "UNKNOWN", "EDITOR": "UNKNOWN", "EDITDATE": "UNKNOWN", "MATCHSTAT": "MATCH", "EDITNOTE": "UNKNOWN", "OWNER1": "SALTIS SONYA E", "OWNER2": "", "ADDRGL1": "PO BOX 713", "ADDRGL2": "", "CITYGL": "CASTLETON", "STGL": "VT", "ZIPGL": "05735", "DESCPROP": "HSE/OB/LOT; ROUTE 4A", "LOCAPROP": "", "CAT": "Residential-1", "RESCODE": "T", "ACRESGL": 0.55, "REAL_FLV": 122700, "HSTED_FLV": 122700, "NRES_FLV": 0, "LAND_LV": 32800, "IMPRV_LV": 89900, "EQUIPVAL": 0, "EQUIPCODE": "", "INVENVAL": 0, "HSDECL": "Y", "HSITEVAL": 122700, "VETEXAMT": 0, "EXPDESC": "", "ENDDATE": "", "STATUTE": "", "EXAMT_HS": 0, "EXAMT_NR": 0, "UVREDUC_HS": 0, "UVREDUC_NR": 0, "GLVAL_HS": 1227.0, "GLVAL_NR": 0.0, "CRHOUSPCT": 0.0, "MUNGL1PCT": 1227.0, "AOEGL_HS": 1227.0, "AOEGL_NR": 0.0, "E911ADDR": "1055 MAIN ST", "SHAPE_Length": 0.0021060422391426343, "SHAPE_Area": 2.4688795706166327e-07}, "geometry": {"type": "MultiPolygon", "coordinates": [[[[-73.18577754199998, 43.609116346000064], [-73.18611357999998, 43.60907972700005], [-73.18633203399997, 43.60973198100004], [-73.18615234899994, 43.60976625200004], [-73.18595703899996, 43.609793033000074], [-73.18577754199998, 43.609116346000064]]]]}}, {"type": "Feature", "properties": {"OBJECTID": 29802, "SPAN": "129-040-11727", "GLIST_SPAN": "129-040-11727", "MAPID": "25-21-03.2", "PARCID": "252100003.2", "PROPTYPE": "PARCEL", "YEAR": 2023, "GLYEAR": 2022, "TOWN": "CASTLETON", "TNAME": "Castleton", "SOURCENAME": null, "SOURCETYPE": "UNKNOWN", "SOURCEDATE": "UNKNOWN", "EDITMETHOD": "UNKNOWN", "EDITOR": "UNKNOWN", "EDITDATE": "UNKNOWN", "MATCHSTAT": "MATCH", "EDITNOTE": "UNKNOWN", "OWNER1": "DAVIS EDWARD J", "OWNER2": "", "ADDRGL1": "99 SAND HILL ROAD", "ADDRGL2": "", "CITYGL": "CASTLETON", "STGL": "VT", "ZIPGL": "05735", "DESCPROP": "2 VACANT LOT .956 ACRES; SAND HILL RD DE", "LOCAPROP": "", "CAT": "Miscellaneous", "RESCODE": "T", "ACRESGL": 0.96, "REAL_FLV": 38000, "HSTED_FLV": 0, "NRES_FLV": 38000, "LAND_LV": 35400, "IMPRV_LV": 2600, "EQUIPVAL": 0, "EQUIPCODE": "", "INVENVAL": 0, "HSDECL": "N", "HSITEVAL": 0, "VETEXAMT": 0, "EXPDESC": "", "ENDDATE": "", "STATUTE": "", "EXAMT_HS": 0, "EXAMT_NR": 0, "UVREDUC_HS": 0, "UVREDUC_NR": 0, "GLVAL_HS": 0.0, "GLVAL_NR": 380.0, "CRHOUSPCT": 0.0, "MUNGL1PCT": 380.0, "AOEGL_HS": 0.0, "AOEGL_NR": 380.0, "E911ADDR": "SAND HILL RD", "SHAPE_Length": 0.00518729041848417, "SHAPE_Area": 6.534663561758884e-07}, "geometry": {"type": "MultiPolygon", "coordinates": [[[[-73.18786212199996, 43.60751284200006], [-73.18922876499994, 43.60741637700005], [-73.18897920299997, 43.607740281000076], [-73.18929265499997, 43.60783672200006], [-73.18962144999995, 43.60786309100007], [-73.18992137899994, 43.607876420000025], [-73.18990786299997, 43.607951928000034], [-73.18989272799996, 43.607997821000026], [-73.18812251599996, 43.607908724000026], [-73.18783012699998, 43.60770899200003], [-73.18786212199996, 43.60751284200006]]]]}}, {"type": "Feature", "properties": {"OBJECTID": 29813, "SPAN": "129-040-10579", "GLIST_SPAN": "129-040-10579", "MAPID": "45-52-18", "PARCID": "455200018.", "PROPTYPE": "PARCEL", "YEAR": 2023, "GLYEAR": 2022, "TOWN": "CASTLETON", "TNAME": "Castleton", "SOURCENAME": null, "SOURCETYPE": "UNKNOWN", "SOURCEDATE": "UNKNOWN", "EDITMETHOD": "UNKNOWN", "EDITOR": "UNKNOWN", "EDITDATE": "UNKNOWN", "MATCHSTAT": "MATCH", "EDITNOTE": "UNKNOWN", "OWNER1": "MCMURRY DANIEL J JR", "OWNER2": "MOSS RICHARD W", "ADDRGL1": "1015 MAIN ST", "ADDRGL2": "", "CITYGL": "CASTLETON", "STGL": "VT", "ZIPGL": "05735", "DESCPROP": "COMM BLDG/5.15 ACRES; MAIN ST", "LOCAPROP": "", "CAT": "Commercial", "RESCODE": "C", "ACRESGL": 5.15, "REAL_FLV": 245800, "HSTED_FLV": 0, "NRES_FLV": 245800, "LAND_LV": 67300, "IMPRV_LV": 178500, "EQUIPVAL": 0, "EQUIPCODE": "", "INVENVAL": 0, "HSDECL": "N", "HSITEVAL": 0, "VETEXAMT": 0, "EXPDESC": "", "ENDDATE": "", "STATUTE": "", "EXAMT_HS": 0, "EXAMT_NR": 0, "UVREDUC_HS": 0, "UVREDUC_NR": 0, "GLVAL_HS": 0.0, "GLVAL_NR": 2458.0, "CRHOUSPCT": 0.0, "MUNGL1PCT": 2458.0, "AOEGL_HS": 0.0, "AOEGL_NR": 2458.0, "E911ADDR": "1015 MAIN ST", "SHAPE_Length": 0.006932711961411786, "SHAPE_Area": 2.240970579643378e-06}, "geometry": {"type": "MultiPolygon", "coordinates": [[[[-73.18470556299997, 43.60969444500006], [-73.18447797599998, 43.609668803000034], [-73.18432396399999, 43.609680129000026], [-73.18431171199995, 43.60957075600004], [-73.18421887399995, 43.60838754500003], [-73.18419802899996, 43.60812187100004], [-73.18534965599997, 43.60800483100007], [-73.18558147599998, 43.60798127000004], [-73.18577754199998, 43.609116346000064], [-73.18554604899998, 43.609141572000055], [-73.18549783899994, 43.608967052000025], [-73.18525262399999, 43.608997431000034], [-73.18548964399997, 43.609855449000065], [-73.18498119399999, 43.609923329000026], [-73.18490659199995, 43.60978158700004], [-73.18470556299997, 43.60969444500006]]]]}}, {"type": "Feature", "properties": {"OBJECTID": 29928, "SPAN": "129-040-11849", "GLIST_SPAN": "129-040-11849", "MAPID": "25-21-02", "PARCID": "252100002.", "PROPTYPE": "PARCEL", "YEAR": 2023, "GLYEAR": 2022, "TOWN": "CASTLETON", "TNAME": "Castleton", "SOURCENAME": null, "SOURCETYPE": "UNKNOWN", "SOURCEDATE": "UNKNOWN", "EDITMETHOD": "UNKNOWN", "EDITOR": "UNKNOWN", "EDITDATE": "UNKNOWN", "MATCHSTAT": "MATCH", "EDITNOTE": "UNKNOWN", "OWNER1": "REHLEN JOHN W", "OWNER2": "REHLEN PAMELA H", "ADDRGL1": "PO BOX 275", "ADDRGL2": "", "CITYGL": "CASTLETON", "STGL": "VT", "ZIPGL": "05735", "DESCPROP": "BIRDSEYE CABINS/3.13 ACRES; ROUTE 4A", "LOCAPROP": "", "CAT": "Commercial", "RESCODE": "T", "ACRESGL": 3.13, "REAL_FLV": 95200, "HSTED_FLV": 0, "NRES_FLV": 95200, "LAND_LV": 46400, "IMPRV_LV": 48800, "EQUIPVAL": 0, "EQUIPCODE": "", "INVENVAL": 0, "HSDECL": "N", "HSITEVAL": 0, "VETEXAMT": 0, "EXPDESC": "", "ENDDATE": "", "STATUTE": "", "EXAMT_HS": 0, "EXAMT_NR": 0, "UVREDUC_HS": 0, "UVREDUC_NR": 0, "GLVAL_HS": 0.0, "GLVAL_NR": 952.0, "CRHOUSPCT": 0.0, "MUNGL1PCT": 952.0, "AOEGL_HS": 0.0, "AOEGL_NR": 952.0, "E911ADDR": "48 HEWITT RD", "SHAPE_Length": 0.005156346068542034, "SHAPE_Area": 1.5398159421864272e-06}, "geometry": {"type": "MultiPolygon", "coordinates": [[[[-73.18806990799999, 43.60800223900003], [-73.18812251599996, 43.607908724000026], [-73.18989272799996, 43.607997821000026], [-73.18972228799998, 43.608514643000035], [-73.18969830199995, 43.60878704500004], [-73.18858160599996, 43.60910440300006], [-73.18849156699997, 43.60913033500003], [-73.18806990799999, 43.60800223900003]]]]}}, {"type": "Feature", "properties": {"OBJECTID": 30014, "SPAN": "129-040-12368", "GLIST_SPAN": "129-040-12368", "MAPID": "25-21-04", "PARCID": "252100004.", "PROPTYPE": "PARCEL", "YEAR": 2023, "GLYEAR": 2022, "TOWN": "CASTLETON", "TNAME": "Castleton", "SOURCENAME": null, "SOURCETYPE": "UNKNOWN", "SOURCEDATE": "UNKNOWN", "EDITMETHOD": "UNKNOWN", "EDITOR": "UNKNOWN", "EDITDATE": "UNKNOWN", "MATCHSTAT": "MATCH", "EDITNOTE": "UNKNOWN", "OWNER1": "WAITE SIDNEY A", "OWNER2": "WAITE MARY V", "ADDRGL1": "PO BOX 176", "ADDRGL2": "", "CITYGL": "CASTLETON", "STGL": "VT", "ZIPGL": "05735", "DESCPROP": "HSE/GAR/1.41 ACRES; MAIN ST", "LOCAPROP": "", "CAT": "Residential-1", "RESCODE": "T", "ACRESGL": 1.41, "REAL_FLV": 124000, "HSTED_FLV": 124000, "NRES_FLV": 0, "LAND_LV": 41200, "IMPRV_LV": 82800, "EQUIPVAL": 0, "EQUIPCODE": "", "INVENVAL": 0, "HSDECL": "Y", "HSITEVAL": 124000, "VETEXAMT": 0, "EXPDESC": "", "ENDDATE": "", "STATUTE": "", "EXAMT_HS": 0, "EXAMT_NR": 0, "UVREDUC_HS": 0, "UVREDUC_NR": 0, "GLVAL_HS": 1240.0, "GLVAL_NR": 0.0, "CRHOUSPCT": 0.0, "MUNGL1PCT": 1240.0, "AOEGL_HS": 1240.0, "AOEGL_NR": 0.0, "E911ADDR": "1099 MAIN ST", "SHAPE_Length": 0.003166190742195226, "SHAPE_Area": 6.239373379042805e-07}, "geometry": {"type": "MultiPolygon", "coordinates": [[[[-73.18633259199999, 43.60899089900005], [-73.18711281399999, 43.608674448000045], [-73.18739718999996, 43.609445519000076], [-73.18723106499993, 43.60949336200008], [-73.18678234199996, 43.60962321300008], [-73.18666521199998, 43.60965350200007], [-73.18633259199999, 43.60899089900005]]]]}}, {"type": "Feature", "properties": {"OBJECTID": 27180, "SPAN": "129-040-10084", "GLIST_SPAN": "129-040-10084", "MAPID": "45-52-22", "PARCID": "455200022.", "PROPTYPE": "PARCEL", "YEAR": 2023, "GLYEAR": 2022, "TOWN": "CASTLETON", "TNAME": "Castleton", "SOURCENAME": null, "SOURCETYPE": "UNKNOWN", "SOURCEDATE": "UNKNOWN", "EDITMETHOD": "UNKNOWN", "EDITOR": "UNKNOWN", "EDITDATE": "UNKNOWN", "MATCHSTAT": "MATCH", "EDITNOTE": "UNKNOWN", "OWNER1": "BLUE CAT LLC", "OWNER2": "", "ADDRGL1": "P O BOX 275", "ADDRGL2": "", "CITYGL": "CASTLETON", "STGL": "VT", "ZIPGL": "05735", "DESCPROP": "2 HSE/OB/LOT; GLENBROOK RD", "LOCAPROP": "", "CAT": "Residential-1", "RESCODE": "S", "ACRESGL": 0.58, "REAL_FLV": 181200, "HSTED_FLV": 0, "NRES_FLV": 181200, "LAND_LV": 37400, "IMPRV_LV": 143800, "EQUIPVAL": 0, "EQUIPCODE": "", "INVENVAL": 0, "HSDECL": "N", "HSITEVAL": 133100, "VETEXAMT": 0, "EXPDESC": "", "ENDDATE": "", "STATUTE": "", "EXAMT_HS": 0, "EXAMT_NR": 0, "UVREDUC_HS": 0, "UVREDUC_NR": 0, "GLVAL_HS": 0.0, "GLVAL_NR": 1812.0, "CRHOUSPCT": 0.0, "MUNGL1PCT": 1812.0, "AOEGL_HS": 0.0, "AOEGL_NR": 1812.0, "E911ADDR": "77 GLENBROOK RD", "SHAPE_Length": 0.002213899051809865, "SHAPE_Area": 2.531575930785076e-07}, "geometry": {"type": "MultiPolygon", "coordinates": [[[[-73.18147105599996, 43.60936481600004], [-73.18224331499994, 43.60928753400003], [-73.18229897699996, 43.60958474800003], [-73.18151763199995, 43.609706311000025], [-73.18147105599996, 43.60936481600004]]]]}}, {"type": "Feature", "properties": {"OBJECTID": 28018, "SPAN": "129-040-11060", "GLIST_SPAN": "129-040-11060", "MAPID": "45-52-29", "PARCID": "455200029.", "PROPTYPE": "PARCEL", "YEAR": 2023, "GLYEAR": 2022, "TOWN": "CASTLETON", "TNAME": "Castleton", "SOURCENAME": null, "SOURCETYPE": "UNKNOWN", "SOURCEDATE": "UNKNOWN", "EDITMETHOD": "UNKNOWN", "EDITOR": "UNKNOWN", "EDITDATE": "UNKNOWN", "MATCHSTAT": "MATCH", "EDITNOTE": "UNKNOWN", "OWNER1": "VERMONT STATE COLLEGES SCOTT DIKEMAN", "OWNER2": "", "ADDRGL1": "62 ALUMNI LANE", "ADDRGL2": "", "CITYGL": "CASTLETON", "STGL": "VT", "ZIPGL": "05735", "DESCPROP": "HSE/GAR/1.59 AC; SOUTH ST;INCLUDES 45520", "LOCAPROP": "", "CAT": "Commercial", "RESCODE": "C", "ACRESGL": 1.59, "REAL_FLV": 192300, "HSTED_FLV": 0, "NRES_FLV": 192300, "LAND_LV": 41800, "IMPRV_LV": 150500, "EQUIPVAL": 0, "EQUIPCODE": "", "INVENVAL": 0, "HSDECL": "N", "HSITEVAL": 0, "VETEXAMT": 0, "EXPDESC": "", "ENDDATE": "", "STATUTE": "", "EXAMT_HS": 0, "EXAMT_NR": 0, "UVREDUC_HS": 0, "UVREDUC_NR": 0, "GLVAL_HS": 0.0, "GLVAL_NR": 0.0, "CRHOUSPCT": 0.0, "MUNGL1PCT": 0.0, "AOEGL_HS": 0.0, "AOEGL_NR": 0.0, "E911ADDR": "248 SOUTH ST", "SHAPE_Length": 0.003349944606502789, "SHAPE_Area": 6.289734226256682e-07}, "geometry": {"type": "MultiPolygon", "coordinates": [[[[-73.18005368299998, 43.60787868400007], [-73.17995067599998, 43.60717889000006], [-73.18006433499994, 43.60717156000004], [-73.18073372099997, 43.60712838400008], [-73.18078806499994, 43.60767288400007], [-73.18092368099997, 43.60766634600003], [-73.18093041099996, 43.60790222500003], [-73.18006748199997, 43.60795201700006], [-73.18005368299998, 43.60787868400007]]]]}}, {"type": "Feature", "properties": {"OBJECTID": 28060, "SPAN": "129-040-11106", "GLIST_SPAN": "129-040-11106", "MAPID": "45-51-24", "PARCID": "455100024.", "PROPTYPE": "PARCEL", "YEAR": 2023, "GLYEAR": 2022, "TOWN": "CASTLETON", "TNAME": "Castleton", "SOURCENAME": null, "SOURCETYPE": "UNKNOWN", "SOURCEDATE": "UNKNOWN", "EDITMETHOD": "UNKNOWN", "EDITOR": "UNKNOWN", "EDITDATE": "UNKNOWN", "MATCHSTAT": "MATCH", "EDITNOTE": "UNKNOWN", "OWNER1": "MORRILL HOUSE LLC", "OWNER2": "", "ADDRGL1": "2357 NORTH ROAD", "ADDRGL2": "", "CITYGL": "CASTLETON", "STGL": "VT", "ZIPGL": "05735", "DESCPROP": "HSE/GAR/LOT; SOUTH ST", "LOCAPROP": "", "CAT": "Residential-1", "RESCODE": "C", "ACRESGL": 0.44, "REAL_FLV": 150600, "HSTED_FLV": 0, "NRES_FLV": 150600, "LAND_LV": 31000, "IMPRV_LV": 119600, "EQUIPVAL": 0, "EQUIPCODE": "", "INVENVAL": 0, "HSDECL": "N", "HSITEVAL": 150600, "VETEXAMT": 0, "EXPDESC": "", "ENDDATE": "", "STATUTE": "", "EXAMT_HS": 0, "EXAMT_NR": 0, "UVREDUC_HS": 0, "UVREDUC_NR": 0, "GLVAL_HS": 0.0, "GLVAL_NR": 1506.0, "CRHOUSPCT": 0.0, "MUNGL1PCT": 1506.0, "AOEGL_HS": 0.0, "AOEGL_NR": 1506.0, "E911ADDR": "131 SOUTH ST", "SHAPE_Length": 0.002342253267020934, "SHAPE_Area": 1.7687199460972248e-07}, "geometry": {"type": "MultiPolygon", "coordinates": [[[[-73.17947592199994, 43.609151060000045], [-73.18008563599994, 43.60906102400003], [-73.18009122799998, 43.609090742000035], [-73.18012064999994, 43.609236714000076], [-73.17916250999997, 43.60937818900004], [-73.17908748999997, 43.60920841800004], [-73.17947592199994, 43.609151060000045]]]]}}, {"type": "Feature", "properties": {"OBJECTID": 28754, "SPAN": "129-040-10254", "GLIST_SPAN": "129-040-10254", "MAPID": "45-52-23", "PARCID": "455200023.", "PROPTYPE": "PARCEL", "YEAR": 2023, "GLYEAR": 2022, "TOWN": "CASTLETON", "TNAME": "Castleton", "SOURCENAME": null, "SOURCETYPE": "UNKNOWN", "SOURCEDATE": "UNKNOWN", "EDITMETHOD": "UNKNOWN", "EDITOR": "UNKNOWN", "EDITDATE": "UNKNOWN", "MATCHSTAT": "MATCH", "EDITNOTE": "UNKNOWN", "OWNER1": "JOFI LLC", "OWNER2": "", "ADDRGL1": "38 BALDWIN AVENUE", "ADDRGL2": "", "CITYGL": "SOUTH BURLINGTON", "STGL": "VT", "ZIPGL": "05403", "DESCPROP": "HSE/GAR/1.09 ACRES; GLENBROOK RD;INCL 45", "LOCAPROP": "", "CAT": "Residential-1", "RESCODE": "S", "ACRESGL": 1.09, "REAL_FLV": 114000, "HSTED_FLV": 0, "NRES_FLV": 114000, "LAND_LV": 43100, "IMPRV_LV": 70900, "EQUIPVAL": 0, "EQUIPCODE": "", "INVENVAL": 0, "HSDECL": "N", "HSITEVAL": 114000, "VETEXAMT": 0, "EXPDESC": "", "ENDDATE": "", "STATUTE": "", "EXAMT_HS": 0, "EXAMT_NR": 0, "UVREDUC_HS": 0, "UVREDUC_NR": 0, "GLVAL_HS": 0.0, "GLVAL_NR": 1140.0, "CRHOUSPCT": 0.0, "MUNGL1PCT": 1140.0, "AOEGL_HS": 0.0, "AOEGL_NR": 1140.0, "E911ADDR": "103 GLENBROOK RD", "SHAPE_Length": 0.003602354884830894, "SHAPE_Area": 4.885234021950598e-07}, "geometry": {"type": "MultiPolygon", "coordinates": [[[[-73.18147105599996, 43.60936481600004], [-73.18143750399997, 43.60911880500004], [-73.18088481199999, 43.60917398400005], [-73.18084096999996, 43.60895242000004], [-73.18136449799994, 43.60889949500006], [-73.18215584799998, 43.608820484000034], [-73.18224331499994, 43.60928753400003], [-73.18147105599996, 43.60936481600004]]]]}}, {"type": "Feature", "properties": {"OBJECTID": 28758, "SPAN": "129-040-10257", "GLIST_SPAN": "129-040-10257", "MAPID": "45-52-20", "PARCID": "455200020.", "PROPTYPE": "PARCEL", "YEAR": 2023, "GLYEAR": 2022, "TOWN": "CASTLETON", "TNAME": "Castleton", "SOURCENAME": null, "SOURCETYPE": "UNKNOWN", "SOURCEDATE": "UNKNOWN", "EDITMETHOD": "UNKNOWN", "EDITOR": "UNKNOWN", "EDITDATE": "UNKNOWN", "MATCHSTAT": "MATCH", "EDITNOTE": "UNKNOWN", "OWNER1": "VERMONT STATE COLLEGES SCOTT DIKEMAN", "OWNER2": "", "ADDRGL1": "62 ALUMNI LANE", "ADDRGL2": "", "CITYGL": "CASTLETON", "STGL": "VT", "ZIPGL": "05735", "DESCPROP": "BLDG/ 4.2 ACRES", "LOCAPROP": "", "CAT": "Commercial", "RESCODE": "C", "ACRESGL": 4.2, "REAL_FLV": 45600, "HSTED_FLV": 0, "NRES_FLV": 45600, "LAND_LV": 45600, "IMPRV_LV": 0, "EQUIPVAL": 0, "EQUIPCODE": "", "INVENVAL": 0, "HSDECL": "N", "HSITEVAL": 0, "VETEXAMT": 0, "EXPDESC": "", "ENDDATE": "", "STATUTE": "", "EXAMT_HS": 0, "EXAMT_NR": 0, "UVREDUC_HS": 0, "UVREDUC_NR": 0, "GLVAL_HS": 0.0, "GLVAL_NR": 0.0, "CRHOUSPCT": 0.0, "MUNGL1PCT": 0.0, "AOEGL_HS": 0.0, "AOEGL_NR": 0.0, "E911ADDR": "GLENBROOK RD", "SHAPE_Length": 0.006163918541889388, "SHAPE_Area": 2.0951280389173315e-06}, "geometry": {"type": "MultiPolygon", "coordinates": [[[[-73.18324955699995, 43.60957248400007], [-73.18318236799996, 43.60930252700007], [-73.18312624799995, 43.60930805800007], [-73.18308359299994, 43.60908801800008], [-73.18290752799999, 43.60828612300003], [-73.18401289599996, 43.607522421000056], [-73.18401567199999, 43.607582742000034], [-73.18404129099997, 43.608139333000054], [-73.18419802899996, 43.60812187100004], [-73.18421887399995, 43.60838754500003], [-73.18431171199995, 43.60957075600004], [-73.18357806999995, 43.60969281400003], [-73.18329255799995, 43.60974525700004], [-73.18324955699995, 43.60957248400007]]]]}}, {"type": "Feature", "properties": {"OBJECTID": 28760, "SPAN": "129-040-10258", "GLIST_SPAN": "129-040-10258", "MAPID": "45-52-21", "PARCID": "455200021.", "PROPTYPE": "PARCEL", "YEAR": 2023, "GLYEAR": 2022, "TOWN": "CASTLETON", "TNAME": "Castleton", "SOURCENAME": null, "SOURCETYPE": "UNKNOWN", "SOURCEDATE": "UNKNOWN", "EDITMETHOD": "UNKNOWN", "EDITOR": "UNKNOWN", "EDITDATE": "UNKNOWN", "MATCHSTAT": "MATCH", "EDITNOTE": "UNKNOWN", "OWNER1": "BARRETT SEAN M", "OWNER2": "", "ADDRGL1": "82 GLENBROOK ROAD", "ADDRGL2": "", "CITYGL": "CASTLETON", "STGL": "VT", "ZIPGL": "05735", "DESCPROP": "HSE/LAND/INCLUDES 455200014", "LOCAPROP": "", "CAT": "Residential-1", "RESCODE": "T", "ACRESGL": 0.8, "REAL_FLV": 210200, "HSTED_FLV": 210200, "NRES_FLV": 0, "LAND_LV": 41400, "IMPRV_LV": 168800, "EQUIPVAL": 0, "EQUIPCODE": "", "INVENVAL": 0, "HSDECL": "Y", "HSITEVAL": 210200, "VETEXAMT": 0, "EXPDESC": "", "ENDDATE": "", "STATUTE": "", "EXAMT_HS": 0, "EXAMT_NR": 0, "UVREDUC_HS": 0, "UVREDUC_NR": 0, "GLVAL_HS": 2102.0, "GLVAL_NR": 0.0, "CRHOUSPCT": 0.0, "MUNGL1PCT": 2102.0, "AOEGL_HS": 2102.0, "AOEGL_NR": 0.0, "E911ADDR": "82 GLENBROOK RD", "SHAPE_Length": 0.0024665074168947507, "SHAPE_Area": 3.1819918044175904e-07}, "geometry": {"type": "MultiPolygon", "coordinates": [[[[-73.18304408399996, 43.60959937600006], [-73.18302903599994, 43.60954281200003], [-73.18277306899995, 43.609557239000026], [-73.18249163999997, 43.60959621100005], [-73.18241335699997, 43.60917821400005], [-73.18290168699997, 43.60911249800006], [-73.18308359299994, 43.60908801800008], [-73.18312624799995, 43.60930805800007], [-73.18318236799996, 43.60930252700007], [-73.18324955699995, 43.60957248400007], [-73.18304408399996, 43.60959937600006]]]]}}, {"type": "Feature", "properties": {"OBJECTID": 29140, "SPAN": "129-040-12249", "GLIST_SPAN": "129-040-12249", "MAPID": "45-52-25", "PARCID": "455200025.", "PROPTYPE": "PARCEL", "YEAR": 2023, "GLYEAR": 2022, "TOWN": "CASTLETON", "TNAME": "Castleton", "SOURCENAME": null, "SOURCETYPE": "UNKNOWN", "SOURCEDATE": "UNKNOWN", "EDITMETHOD": "UNKNOWN", "EDITOR": "UNKNOWN", "EDITDATE": "UNKNOWN", "MATCHSTAT": "MATCH", "EDITNOTE": "UNKNOWN", "OWNER1": "REED JOHN H", "OWNER2": "", "ADDRGL1": "18 STAGECOACH ROAD", "ADDRGL2": "", "CITYGL": "CONWAY", "STGL": "AR", "ZIPGL": "72034-4915", "DESCPROP": "HSE/LOT; SOUTH ST", "LOCAPROP": "", "CAT": "Residential-1", "RESCODE": "NS", "ACRESGL": 0.43, "REAL_FLV": 108600, "HSTED_FLV": 0, "NRES_FLV": 108600, "LAND_LV": 30900, "IMPRV_LV": 77700, "EQUIPVAL": 0, "EQUIPCODE": "", "INVENVAL": 0, "HSDECL": "N", "HSITEVAL": 108600, "VETEXAMT": 0, "EXPDESC": "", "ENDDATE": "", "STATUTE": "", "EXAMT_HS": 0, "EXAMT_NR": 0, "UVREDUC_HS": 0, "UVREDUC_NR": 0, "GLVAL_HS": 0.0, "GLVAL_NR": 1086.0, "CRHOUSPCT": 0.0, "MUNGL1PCT": 1086.0, "AOEGL_HS": 0.0, "AOEGL_NR": 1086.0, "E911ADDR": "118 SOUTH ST", "SHAPE_Length": 0.0027471929130222345, "SHAPE_Area": 2.7900857191505585e-07}, "geometry": {"type": "MultiPolygon", "coordinates": [[[[-73.18088481199999, 43.60917398400005], [-73.18143750399997, 43.60911880500004], [-73.18147105599996, 43.60936481600004], [-73.18100669699999, 43.60941110300007], [-73.18035959099996, 43.60947560200003], [-73.18031035599995, 43.60923133400007], [-73.18088481199999, 43.60917398400005]]]]}}, {"type": "Feature", "properties": {"OBJECTID": 29149, "SPAN": "129-040-12259", "GLIST_SPAN": "129-040-12259", "MAPID": "45-52-27", "PARCID": "455200027.", "PROPTYPE": "PARCEL", "YEAR": 2023, "GLYEAR": 2022, "TOWN": "CASTLETON", "TNAME": "Castleton", "SOURCENAME": null, "SOURCETYPE": "UNKNOWN", "SOURCEDATE": "UNKNOWN", "EDITMETHOD": "UNKNOWN", "EDITOR": "UNKNOWN", "EDITDATE": "UNKNOWN", "MATCHSTAT": "MATCH", "EDITNOTE": "UNKNOWN", "OWNER1": "BLUE CAT LLC", "OWNER2": "", "ADDRGL1": "PO BOX 275", "ADDRGL2": "", "CITYGL": "CASTLETON", "STGL": "VT", "ZIPGL": "05735", "DESCPROP": "HSE/OB/LOT; SOUTH ST", "LOCAPROP": "", "CAT": "Residential-1", "RESCODE": "T", "ACRESGL": 0.46, "REAL_FLV": 109200, "HSTED_FLV": 0, "NRES_FLV": 109200, "LAND_LV": 31400, "IMPRV_LV": 77800, "EQUIPVAL": 0, "EQUIPCODE": "", "INVENVAL": 0, "HSDECL": "N", "HSITEVAL": 109200, "VETEXAMT": 0, "EXPDESC": "", "ENDDATE": "", "STATUTE": "", "EXAMT_HS": 0, "EXAMT_NR": 0, "UVREDUC_HS": 0, "UVREDUC_NR": 0, "GLVAL_HS": 0.0, "GLVAL_NR": 1092.0, "CRHOUSPCT": 0.0, "MUNGL1PCT": 1092.0, "AOEGL_HS": 0.0, "AOEGL_NR": 1092.0, "E911ADDR": "146 SOUTH ST", "SHAPE_Length": 0.0018825258947335354, "SHAPE_Area": 2.1069917484727353e-07}, "geometry": {"type": "MultiPolygon", "coordinates": [[[[-73.18020111199996, 43.608662167000034], [-73.18075994799995, 43.608575665000046], [-73.18084096999996, 43.60895242000004], [-73.18026665499997, 43.60901047800007], [-73.18020111199996, 43.608662167000034]]]]}}, {"type": "Feature", "properties": {"OBJECTID": 29215, "SPAN": "129-040-12329", "GLIST_SPAN": "129-040-12329", "MAPID": "45-51-27", "PARCID": "455100027.", "PROPTYPE": "PARCEL", "YEAR": 2023, "GLYEAR": 2022, "TOWN": "CASTLETON", "TNAME": "Castleton", "SOURCENAME": null, "SOURCETYPE": "UNKNOWN", "SOURCEDATE": "UNKNOWN", "EDITMETHOD": "UNKNOWN", "EDITOR": "UNKNOWN", "EDITDATE": "UNKNOWN", "MATCHSTAT": "MATCH", "EDITNOTE": "UNKNOWN", "OWNER1": "VERMONT STATE COLLEGES SCOTT DIKEMAN", "OWNER2": "", "ADDRGL1": "62 ALUMNI LANE", "ADDRGL2": "", "CITYGL": "CASTLETON", "STGL": "VT", "ZIPGL": "05735", "DESCPROP": "HSE/GAR/1.04 ACRES; SEMINARY LANE", "LOCAPROP": "", "CAT": "Commercial", "RESCODE": "C", "ACRESGL": 1.04, "REAL_FLV": 173900, "HSTED_FLV": 0, "NRES_FLV": 173900, "LAND_LV": 52400, "IMPRV_LV": 121500, "EQUIPVAL": 0, "EQUIPCODE": "", "INVENVAL": 0, "HSDECL": "N", "HSITEVAL": 0, "VETEXAMT": 0, "EXPDESC": "", "ENDDATE": "", "STATUTE": "", "EXAMT_HS": 0, "EXAMT_NR": 0, "UVREDUC_HS": 0, "UVREDUC_NR": 0, "GLVAL_HS": 0.0, "GLVAL_NR": 0.0, "CRHOUSPCT": 0.0, "MUNGL1PCT": 0.0, "AOEGL_HS": 0.0, "AOEGL_NR": 0.0, "E911ADDR": "64 SEMINARY LN", "SHAPE_Length": 0.0036339273070414447, "SHAPE_Area": 5.063615097417052e-07}, "geometry": {"type": "MultiPolygon", "coordinates": [[[[-73.17887769399994, 43.610004923000076], [-73.17857673899994, 43.60862977200003], [-73.17882533499994, 43.608617356000025], [-73.17886351199996, 43.608739496000055], [-73.17892400499994, 43.608933034000074], [-73.17901349899995, 43.60921934700008], [-73.17908748999997, 43.60920841800004], [-73.17916250999997, 43.60937818900004], [-73.17916252699996, 43.609378227000036], [-73.17926562199995, 43.60963638800007], [-73.17937715099998, 43.60991566400003], [-73.17925863699998, 43.60993272400003], [-73.17887769399994, 43.610004923000076]]]]}}, {"type": "Feature", "properties": {"OBJECTID": 29387, "SPAN": "129-040-10413", "GLIST_SPAN": "129-040-10413", "MAPID": "45-51-14", "PARCID": "455100014.", "PROPTYPE": "PARCEL", "YEAR": 2023, "GLYEAR": 2022, "TOWN": "CASTLETON", "TNAME": "Castleton", "SOURCENAME": null, "SOURCETYPE": "UNKNOWN", "SOURCEDATE": "UNKNOWN", "EDITMETHOD": "UNKNOWN", "EDITOR": "UNKNOWN", "EDITDATE": "UNKNOWN", "MATCHSTAT": "MATCH", "EDITNOTE": "UNKNOWN", "OWNER1": "CASTLETON UNIVERSITY", "OWNER2": "", "ADDRGL1": "PO BOX 20", "ADDRGL2": "", "CITYGL": "CASTLETON", "STGL": "VT", "ZIPGL": "05735", "DESCPROP": "CSC/14.12 AC; ELM ST;INCLUDES 455100028", "LOCAPROP": "", "CAT": "Commercial", "RESCODE": "C", "ACRESGL": 14.12, "REAL_FLV": 24439300, "HSTED_FLV": 0, "NRES_FLV": 24439300, "LAND_LV": 1143700, "IMPRV_LV": 23295600, "EQUIPVAL": 0, "EQUIPCODE": "", "INVENVAL": 0, "HSDECL": "N", "HSITEVAL": 0, "VETEXAMT": 0, "EXPDESC": "", "ENDDATE": "", "STATUTE": "", "EXAMT_HS": 0, "EXAMT_NR": 0, "UVREDUC_HS": 0, "UVREDUC_NR": 0, "GLVAL_HS": 0.0, "GLVAL_NR": 0.0, "CRHOUSPCT": 0.0, "MUNGL1PCT": 0.0, "AOEGL_HS": 0.0, "AOEGL_NR": 0.0, "E911ADDR": "ELM ST", "SHAPE_Length": 0.015169255245077524, "SHAPE_Area": 6.448029414260974e-06}, "geometry": {"type": "MultiPolygon", "coordinates": [[[[-73.17789925999995, 43.61087438200008], [-73.17783615499997, 43.61071059100004], [-73.17743898999998, 43.61081124200007], [-73.17714730599994, 43.61017484200005], [-73.17699967999994, 43.61020004300008], [-73.17665203699994, 43.60944152800005], [-73.17677537499998, 43.609340892000034], [-73.17763272499997, 43.60861255100008], [-73.17827709699998, 43.60789389900003], [-73.17883785399994, 43.607198760000074], [-73.17922024699999, 43.606623124000066], [-73.17957831499996, 43.60603567900006], [-73.17970474599997, 43.60679785600007], [-73.17986627599998, 43.607895272000064], [-73.17998503599995, 43.60852641100007], [-73.17954851999997, 43.60858123500003], [-73.17882533499994, 43.608617356000025], [-73.17857673899994, 43.60862977200003], [-73.17887769399994, 43.610004923000076], [-73.17925863699998, 43.60993272400003], [-73.17931622099997, 43.61013404400006], [-73.17934945899998, 43.61025024800006], [-73.17920381599998, 43.61027927500004], [-73.17853182399995, 43.61040721200004], [-73.17846002399995, 43.61022507800004], [-73.17831483899994, 43.61025529500006], [-73.17850483199999, 43.61073724200003], [-73.17789925999995, 43.61087438200008]]]]}}, {"type": "Feature", "properties": {"OBJECTID": 29517, "SPAN": "129-040-10944", "GLIST_SPAN": "129-040-10944", "MAPID": "45-52-26", "PARCID": "455200026.", "PROPTYPE": "PARCEL", "YEAR": 2023, "GLYEAR": 2022, "TOWN": "CASTLETON", "TNAME": "Castleton", "SOURCENAME": null, "SOURCETYPE": "UNKNOWN", "SOURCEDATE": "UNKNOWN", "EDITMETHOD": "UNKNOWN", "EDITOR": "UNKNOWN", "EDITDATE": "UNKNOWN", "MATCHSTAT": "MATCH", "EDITNOTE": "UNKNOWN", "OWNER1": "STAUDTER ROBERT", "OWNER2": "STAUDTER TAMRA", "ADDRGL1": "PO BOX 724", "ADDRGL2": "", "CITYGL": "CASTLETON", "STGL": "VT", "ZIPGL": "05735", "DESCPROP": "HSE/GAR/LOT; SOUTH ST", "LOCAPROP": "", "CAT": "Residential-1", "RESCODE": "T", "ACRESGL": 0.28, "REAL_FLV": 107200, "HSTED_FLV": 0, "NRES_FLV": 107200, "LAND_LV": 28500, "IMPRV_LV": 78700, "EQUIPVAL": 0, "EQUIPCODE": "", "INVENVAL": 0, "HSDECL": "N", "HSITEVAL": 107200, "VETEXAMT": 0, "EXPDESC": "", "ENDDATE": "", "STATUTE": "", "EXAMT_HS": 0, "EXAMT_NR": 0, "UVREDUC_HS": 0, "UVREDUC_NR": 0, "GLVAL_HS": 0.0, "GLVAL_NR": 1072.0, "CRHOUSPCT": 0.0, "MUNGL1PCT": 1072.0, "AOEGL_HS": 0.0, "AOEGL_NR": 1072.0, "E911ADDR": "132 SOUTH ST", "SHAPE_Length": 0.0016055555141868342, "SHAPE_Area": 1.2965085450755286e-07}, "geometry": {"type": "MultiPolygon", "coordinates": [[[[-73.18026665499997, 43.60901047800007], [-73.18084096999996, 43.60895242000004], [-73.18088481199999, 43.60917398400005], [-73.18031035599995, 43.60923133400007], [-73.18027814099997, 43.60907151200007], [-73.18026665499997, 43.60901047800007]]]]}}, {"type": "Feature", "properties": {"OBJECTID": 29947, "SPAN": "129-040-11869", "GLIST_SPAN": "129-040-11869", "MAPID": "45-51-25", "PARCID": "455100025.", "PROPTYPE": "PARCEL", "YEAR": 2023, "GLYEAR": 2022, "TOWN": "CASTLETON", "TNAME": "Castleton", "SOURCENAME": null, "SOURCETYPE": "UNKNOWN", "SOURCEDATE": "UNKNOWN", "EDITMETHOD": "UNKNOWN", "EDITOR": "UNKNOWN", "EDITDATE": "UNKNOWN", "MATCHSTAT": "MATCH", "EDITNOTE": "UNKNOWN", "OWNER1": "VERMONT STATE COLLEGES", "OWNER2": "ATTN SCOTT DIKEMAN", "ADDRGL1": "62 ALUMNI LANE", "ADDRGL2": "", "CITYGL": "CASTLETON", "STGL": "VT", "ZIPGL": "05735", "DESCPROP": "HSE/LOT; SEMINARY LANE INCL 45-51-26", "LOCAPROP": "", "CAT": "Commercial", "RESCODE": "C", "ACRESGL": 1.31, "REAL_FLV": 409400, "HSTED_FLV": 0, "NRES_FLV": 409400, "LAND_LV": 53200, "IMPRV_LV": 356200, "EQUIPVAL": 0, "EQUIPCODE": "", "INVENVAL": 0, "HSDECL": "N", "HSITEVAL": 0, "VETEXAMT": 0, "EXPDESC": "", "ENDDATE": "", "STATUTE": "", "EXAMT_HS": 0, "EXAMT_NR": 0, "UVREDUC_HS": 0, "UVREDUC_NR": 0, "GLVAL_HS": 0.0, "GLVAL_NR": 0.0, "CRHOUSPCT": 0.0, "MUNGL1PCT": 0.0, "AOEGL_HS": 0.0, "AOEGL_NR": 0.0, "E911ADDR": "30 SEMINARY LN", "SHAPE_Length": 0.003422504371531177, "SHAPE_Area": 6.402329946160985e-07}, "geometry": {"type": "MultiPolygon", "coordinates": [[[[-73.17954851999997, 43.60858123500003], [-73.17998503599995, 43.60852641100007], [-73.18008563599994, 43.60906102400003], [-73.17947592199994, 43.609151060000045], [-73.17908748999997, 43.60920841800004], [-73.17901349899995, 43.60921934700008], [-73.17892400499994, 43.608933034000074], [-73.17886351199996, 43.608739496000055], [-73.17882533499994, 43.608617356000025], [-73.17954851999997, 43.60858123500003]]]]}}, {"type": "Feature", "properties": {"OBJECTID": 30047, "SPAN": "129-040-12405", "GLIST_SPAN": "129-040-12405", "MAPID": "45-51-23", "PARCID": "455100023.", "PROPTYPE": "PARCEL", "YEAR": 2023, "GLYEAR": 2022, "TOWN": "CASTLETON", "TNAME": "Castleton", "SOURCENAME": null, "SOURCETYPE": "UNKNOWN", "SOURCEDATE": "UNKNOWN", "EDITMETHOD": "UNKNOWN", "EDITOR": "UNKNOWN", "EDITDATE": "UNKNOWN", "MATCHSTAT": "MATCH", "EDITNOTE": "UNKNOWN", "OWNER1": "VERMONT STATE COLLEGES SCOTT DIKEMAN", "OWNER2": "", "ADDRGL1": "62 ALUMNI LANE", "ADDRGL2": "", "CITYGL": "CASTLETON", "STGL": "VT", "ZIPGL": "05735", "DESCPROP": "HSE/GAR/OB/LOT; SOUTH ST", "LOCAPROP": "", "CAT": "Commercial", "RESCODE": "C", "ACRESGL": 0.51, "REAL_FLV": 125800, "HSTED_FLV": 0, "NRES_FLV": 125800, "LAND_LV": 32200, "IMPRV_LV": 93600, "EQUIPVAL": 0, "EQUIPCODE": "", "INVENVAL": 0, "HSDECL": "N", "HSITEVAL": 0, "VETEXAMT": 0, "EXPDESC": "", "ENDDATE": "", "STATUTE": "", "EXAMT_HS": 0, "EXAMT_NR": 0, "UVREDUC_HS": 0, "UVREDUC_NR": 0, "GLVAL_HS": 0.0, "GLVAL_NR": 0.0, "CRHOUSPCT": 0.0, "MUNGL1PCT": 0.0, "AOEGL_HS": 0.0, "AOEGL_NR": 0.0, "E911ADDR": "119 SOUTH ST", "SHAPE_Length": 0.002429535123358678, "SHAPE_Area": 2.5245343385790364e-07}, "geometry": {"type": "MultiPolygon", "coordinates": [[[[-73.17916250999997, 43.60937818900004], [-73.18012064999994, 43.609236714000076], [-73.18017298599995, 43.609496368000066], [-73.17926562199995, 43.60963638800007], [-73.17916252699996, 43.609378227000036], [-73.17916250999997, 43.60937818900004]]]]}}, {"type": "Feature", "properties": {"OBJECTID": 27101, "SPAN": "129-040-10004", "GLIST_SPAN": "129-040-10004", "MAPID": "45-50-64", "PARCID": "455000064.", "PROPTYPE": "PARCEL", "YEAR": 2023, "GLYEAR": 2022, "TOWN": "CASTLETON", "TNAME": "Castleton", "SOURCENAME": null, "SOURCETYPE": "UNKNOWN", "SOURCEDATE": "UNKNOWN", "EDITMETHOD": "UNKNOWN", "EDITOR": "UNKNOWN", "EDITDATE": "UNKNOWN", "MATCHSTAT": "MATCH", "EDITNOTE": "UNKNOWN", "OWNER1": "ABATIELL WENDY & ETHAN", "OWNER2": "ABATIELL ANTHONY & SANDRA", "ADDRGL1": "954 MAIN ST", "ADDRGL2": "", "CITYGL": "CASTLETON", "STGL": "VT", "ZIPGL": "05735", "DESCPROP": "HSE/GAR/1.68 ACRES; MAIN ST", "LOCAPROP": "", "CAT": "Residential-1", "RESCODE": "T", "ACRESGL": 1.86, "REAL_FLV": 181700, "HSTED_FLV": 181700, "NRES_FLV": 0, "LAND_LV": 52600, "IMPRV_LV": 129100, "EQUIPVAL": 0, "EQUIPCODE": "", "INVENVAL": 0, "HSDECL": "Y", "HSITEVAL": 181700, "VETEXAMT": 0, "EXPDESC": "", "ENDDATE": "", "STATUTE": "", "EXAMT_HS": 0, "EXAMT_NR": 0, "UVREDUC_HS": 0, "UVREDUC_NR": 0, "GLVAL_HS": 1817.0, "GLVAL_NR": 0.0, "CRHOUSPCT": 0.0, "MUNGL1PCT": 1817.0, "AOEGL_HS": 1817.0, "AOEGL_NR": 0.0, "E911ADDR": "954 MAIN ST", "SHAPE_Length": 0.003950175441584278, "SHAPE_Area": 7.965012035992132e-07}, "geometry": {"type": "MultiPolygon", "coordinates": [[[[-73.18394088899998, 43.61068537600005], [-73.18381692799994, 43.61038055800003], [-73.18392153499997, 43.61035731000004], [-73.18420509899994, 43.61030889700004], [-73.18431587599997, 43.61029326900007], [-73.18448358299997, 43.61064569000007], [-73.18472379699995, 43.61057243000005], [-73.18483187299995, 43.61074070700005], [-73.18509672299996, 43.61115308700005], [-73.18496981099997, 43.611193710000066], [-73.18437006199997, 43.61140177200008], [-73.18421386999995, 43.61145054900004], [-73.18417578099996, 43.611355454000034], [-73.18403335199997, 43.610999854000056], [-73.18406607099996, 43.61099319200008], [-73.18394088899998, 43.61068537600005]]]]}}, {"type": "Feature", "properties": {"OBJECTID": 28124, "SPAN": "129-040-11174", "GLIST_SPAN": "129-040-11174", "MAPID": "25-20-12", "PARCID": "252000012.", "PROPTYPE": "PARCEL", "YEAR": 2023, "GLYEAR": 2022, "TOWN": "CASTLETON", "TNAME": "Castleton", "SOURCENAME": null, "SOURCETYPE": "UNKNOWN", "SOURCEDATE": "UNKNOWN", "EDITMETHOD": "UNKNOWN", "EDITOR": "UNKNOWN", "EDITDATE": "UNKNOWN", "MATCHSTAT": "MATCH", "EDITNOTE": "UNKNOWN", "OWNER1": "HURST ROBERT W", "OWNER2": "", "ADDRGL1": "PO BOX 127", "ADDRGL2": "", "CITYGL": "GREENSBORO", "STGL": "VT", "ZIPGL": "05841", "DESCPROP": "HSE/1 ACRE; MAIN ST", "LOCAPROP": "", "CAT": "Residential-1", "RESCODE": "S", "ACRESGL": 1.0, "REAL_FLV": 133100, "HSTED_FLV": 0, "NRES_FLV": 133100, "LAND_LV": 40000, "IMPRV_LV": 93100, "EQUIPVAL": 0, "EQUIPCODE": "", "INVENVAL": 0, "HSDECL": "N", "HSITEVAL": 133100, "VETEXAMT": 0, "EXPDESC": "", "ENDDATE": "", "STATUTE": "", "EXAMT_HS": 0, "EXAMT_NR": 0, "UVREDUC_HS": 0, "UVREDUC_NR": 0, "GLVAL_HS": 0.0, "GLVAL_NR": 1331.0, "CRHOUSPCT": 0.0, "MUNGL1PCT": 1331.0, "AOEGL_HS": 0.0, "AOEGL_NR": 1331.0, "E911ADDR": "1114 MAIN ST", "SHAPE_Length": 0.0033837361919605872, "SHAPE_Area": 4.131586399007539e-07}, "geometry": {"type": "MultiPolygon", "coordinates": [[[[-73.18794496199996, 43.61067661000004], [-73.18770188799994, 43.61024247000006], [-73.18746008799997, 43.61031292100006], [-73.18718918999997, 43.60980077200003], [-73.18737047099995, 43.60974831300007], [-73.18773241699995, 43.60964407300003], [-73.18801864999995, 43.61042950800004], [-73.18828276899995, 43.610571236000055], [-73.18794496199996, 43.61067661000004]]]]}}, {"type": "Feature", "properties": {"OBJECTID": 28756, "SPAN": "129-040-10256", "GLIST_SPAN": "129-040-10256", "MAPID": "45-52-16", "PARCID": "455200016.", "PROPTYPE": "PARCEL", "YEAR": 2023, "GLYEAR": 2022, "TOWN": "CASTLETON", "TNAME": "Castleton", "SOURCENAME": null, "SOURCETYPE": "UNKNOWN", "SOURCEDATE": "UNKNOWN", "EDITMETHOD": "UNKNOWN", "EDITOR": "UNKNOWN", "EDITDATE": "UNKNOWN", "MATCHSTAT": "MATCH", "EDITNOTE": "UNKNOWN", "OWNER1": "VERMONT STATE COLLEGES SCOTT DIKEMAN", "OWNER2": "", "ADDRGL1": "62 ALUMNI LANE", "ADDRGL2": "", "CITYGL": "CASTLETON", "STGL": "VT", "ZIPGL": "05735", "DESCPROP": "VACANT LOT; US 4 CAS VILLAGE", "LOCAPROP": "", "CAT": "Miscellaneous", "RESCODE": "C", "ACRESGL": 0.3, "REAL_FLV": 28800, "HSTED_FLV": 0, "NRES_FLV": 28800, "LAND_LV": 28800, "IMPRV_LV": 0, "EQUIPVAL": 0, "EQUIPCODE": "", "INVENVAL": 0, "HSDECL": "N", "HSITEVAL": 0, "VETEXAMT": 0, "EXPDESC": "", "ENDDATE": "", "STATUTE": "", "EXAMT_HS": 0, "EXAMT_NR": 0, "UVREDUC_HS": 0, "UVREDUC_NR": 0, "GLVAL_HS": 0.0, "GLVAL_NR": 0.0, "CRHOUSPCT": 0.0, "MUNGL1PCT": 0.0, "AOEGL_HS": 0.0, "AOEGL_NR": 0.0, "E911ADDR": "MAIN ST", "SHAPE_Length": 0.0023804509566739377, "SHAPE_Area": 1.8478518568933215e-07}, "geometry": {"type": "MultiPolygon", "coordinates": [[[[-73.18357806999995, 43.60969281400003], [-73.18431171199995, 43.60957075600004], [-73.18432396399999, 43.609680129000026], [-73.18391814899996, 43.609744284000044], [-73.18401906699995, 43.60998578700003], [-73.18404756499996, 43.610053986000025], [-73.18382303299995, 43.610092320000035], [-73.18371867099995, 43.61011551300004], [-73.18357806999995, 43.60969281400003]]]]}}, {"type": "Feature", "properties": {"OBJECTID": 28817, "SPAN": "129-040-10886", "GLIST_SPAN": "129-040-10886", "MAPID": "25-20-08", "PARCID": "252000008.", "PROPTYPE": "PARCEL", "YEAR": 2023, "GLYEAR": 2022, "TOWN": "CASTLETON", "TNAME": "Castleton", "SOURCENAME": null, "SOURCETYPE": "UNKNOWN", "SOURCEDATE": "UNKNOWN", "EDITMETHOD": "UNKNOWN", "EDITOR": "UNKNOWN", "EDITDATE": "UNKNOWN", "MATCHSTAT": "MATCH", "EDITNOTE": "UNKNOWN", "OWNER1": "GILBERT WILLIAM N III", "OWNER2": "GILBERT SUSAN", "ADDRGL1": "PO BOX 452", "ADDRGL2": "", "CITYGL": "HYDEVILLE", "STGL": "VT", "ZIPGL": "05750", "DESCPROP": "HSE/GAR/OB/1.30 ACRES; MAIN ST", "LOCAPROP": "", "CAT": "Residential-1", "RESCODE": "T", "ACRESGL": 1.3, "REAL_FLV": 117700, "HSTED_FLV": 0, "NRES_FLV": 117700, "LAND_LV": 40900, "IMPRV_LV": 76800, "EQUIPVAL": 0, "EQUIPCODE": "", "INVENVAL": 0, "HSDECL": "N", "HSITEVAL": 117700, "VETEXAMT": 0, "EXPDESC": "", "ENDDATE": "", "STATUTE": "", "EXAMT_HS": 0, "EXAMT_NR": 0, "UVREDUC_HS": 0, "UVREDUC_NR": 0, "GLVAL_HS": 0.0, "GLVAL_NR": 1177.0, "CRHOUSPCT": 0.0, "MUNGL1PCT": 1177.0, "AOEGL_HS": 0.0, "AOEGL_NR": 1177.0, "E911ADDR": "1018 MAIN ST", "SHAPE_Length": 0.0037750366224754113, "SHAPE_Area": 5.875687671925045e-07}, "geometry": {"type": "MultiPolygon", "coordinates": [[[[-73.18499478899997, 43.610200442000064], [-73.18563879299995, 43.61011446500004], [-73.18628820999999, 43.61122136000006], [-73.18594159699995, 43.61132977600005], [-73.18570053399998, 43.61097511400004], [-73.18542163399997, 43.61062615800006], [-73.18511720399994, 43.610336920000066], [-73.18499478899997, 43.610200442000064]]]]}}, {"type": "Feature", "properties": {"OBJECTID": 28888, "SPAN": "129-040-11975", "GLIST_SPAN": "129-040-11975", "MAPID": "25-20-05", "PARCID": "252000005.", "PROPTYPE": "PARCEL", "YEAR": 2023, "GLYEAR": 2022, "TOWN": "CASTLETON", "TNAME": "Castleton", "SOURCENAME": null, "SOURCETYPE": "UNKNOWN", "SOURCEDATE": "UNKNOWN", "EDITMETHOD": "UNKNOWN", "EDITOR": "UNKNOWN", "EDITDATE": "UNKNOWN", "MATCHSTAT": "MATCH", "EDITNOTE": "UNKNOWN", "OWNER1": "SAVAGE FAMILY DEVELOPMENT INC", "OWNER2": "", "ADDRGL1": "PO BOX 1208", "ADDRGL2": "", "CITYGL": "CASTLETON", "STGL": "VT", "ZIPGL": "05735", "DESCPROP": "VACANT LOT; CEMETERY RD", "LOCAPROP": "", "CAT": "Miscellaneous", "RESCODE": "T", "ACRESGL": 2.42, "REAL_FLV": 5400, "HSTED_FLV": 0, "NRES_FLV": 5400, "LAND_LV": 5400, "IMPRV_LV": 0, "EQUIPVAL": 0, "EQUIPCODE": "", "INVENVAL": 0, "HSDECL": "N", "HSITEVAL": 0, "VETEXAMT": 0, "EXPDESC": "", "ENDDATE": "", "STATUTE": "", "EXAMT_HS": 0, "EXAMT_NR": 0, "UVREDUC_HS": 0, "UVREDUC_NR": 0, "GLVAL_HS": 0.0, "GLVAL_NR": 54.0, "CRHOUSPCT": 0.0, "MUNGL1PCT": 54.0, "AOEGL_HS": 0.0, "AOEGL_NR": 54.0, "E911ADDR": "SAVAGE RD", "SHAPE_Length": 0.004195649849424824, "SHAPE_Area": 1.0465382210547875e-06}, "geometry": {"type": "MultiPolygon", "coordinates": [[[[-73.18766659799996, 43.610960480000074], [-73.18834323199997, 43.61074941700008], [-73.18840062099997, 43.61084545400007], [-73.18854944599997, 43.610849597000026], [-73.18864068499994, 43.61085000200006], [-73.18874710099993, 43.61086479800008], [-73.18877905499994, 43.610899206000056], [-73.18879857099995, 43.610962775000075], [-73.18882406599994, 43.61105794300005], [-73.18887766599994, 43.611150106000025], [-73.18908498399998, 43.61153304800007], [-73.18803102699997, 43.61183454500008], [-73.18748204299999, 43.611018210000054], [-73.18766659799996, 43.610960480000074]]]]}}, {"type": "Feature", "properties": {"OBJECTID": 28890, "SPAN": "129-040-11977", "GLIST_SPAN": "129-040-11977", "MAPID": "45-50-36.2", "PARCID": "455000036.2", "PROPTYPE": "PARCEL", "YEAR": 2023, "GLYEAR": 2022, "TOWN": "CASTLETON", "TNAME": "Castleton", "SOURCENAME": null, "SOURCETYPE": "UNKNOWN", "SOURCEDATE": "UNKNOWN", "EDITMETHOD": "UNKNOWN", "EDITOR": "UNKNOWN", "EDITDATE": "UNKNOWN", "MATCHSTAT": "MATCH", "EDITNOTE": "UNKNOWN", "OWNER1": "SAVAGE FAMILY DEVELOPMENT INC", "OWNER2": "", "ADDRGL1": "PO BOX 1208", "ADDRGL2": "", "CITYGL": "CASTLETON", "STGL": "VT", "ZIPGL": "05735", "DESCPROP": "LOT .53 ACRE; OLD SLATE MILL AREA", "LOCAPROP": "", "CAT": "Miscellaneous", "RESCODE": "T", "ACRESGL": 0.53, "REAL_FLV": 18800, "HSTED_FLV": 0, "NRES_FLV": 18800, "LAND_LV": 18800, "IMPRV_LV": 0, "EQUIPVAL": 0, "EQUIPCODE": "", "INVENVAL": 0, "HSDECL": "N", "HSITEVAL": 0, "VETEXAMT": 0, "EXPDESC": "", "ENDDATE": "", "STATUTE": "", "EXAMT_HS": 0, "EXAMT_NR": 0, "UVREDUC_HS": 0, "UVREDUC_NR": 0, "GLVAL_HS": 0.0, "GLVAL_NR": 188.0, "CRHOUSPCT": 0.0, "MUNGL1PCT": 188.0, "AOEGL_HS": 0.0, "AOEGL_NR": 188.0, "E911ADDR": "72 SAVAGE RD", "SHAPE_Length": 0.0020197374882581012, "SHAPE_Area": 2.3195079150151356e-07}, "geometry": {"type": "MultiPolygon", "coordinates": [[[[-73.18421386999995, 43.61145054900004], [-73.18437006199997, 43.61140177200008], [-73.18455159299998, 43.611720313000035], [-73.18394561699995, 43.611918940000066], [-73.18375954599998, 43.61159242700006], [-73.18421386999995, 43.61145054900004]]]]}}, {"type": "Feature", "properties": {"OBJECTID": 28891, "SPAN": "129-040-11978", "GLIST_SPAN": "129-040-11978", "MAPID": "45-50-36.3", "PARCID": "455000036.3", "PROPTYPE": "PARCEL", "YEAR": 2023, "GLYEAR": 2022, "TOWN": "CASTLETON", "TNAME": "Castleton", "SOURCENAME": null, "SOURCETYPE": "UNKNOWN", "SOURCEDATE": "UNKNOWN", "EDITMETHOD": "UNKNOWN", "EDITOR": "UNKNOWN", "EDITDATE": "UNKNOWN", "MATCHSTAT": "MATCH", "EDITNOTE": "UNKNOWN", "OWNER1": "SAVAGE FAMILY DEVELOPMENT INC", "OWNER2": "", "ADDRGL1": "PO BOX 1208", "ADDRGL2": "", "CITYGL": "CASTLETON", "STGL": "VT", "ZIPGL": "05735", "DESCPROP": ".54 ACRE; OLD SLATE MILL AREA", "LOCAPROP": "", "CAT": "Residential-1", "RESCODE": "T", "ACRESGL": 0.54, "REAL_FLV": 182600, "HSTED_FLV": 0, "NRES_FLV": 182600, "LAND_LV": 23600, "IMPRV_LV": 159000, "EQUIPVAL": 0, "EQUIPCODE": "", "INVENVAL": 0, "HSDECL": "N", "HSITEVAL": 182600, "VETEXAMT": 0, "EXPDESC": "", "ENDDATE": "", "STATUTE": "", "EXAMT_HS": 0, "EXAMT_NR": 0, "UVREDUC_HS": 0, "UVREDUC_NR": 0, "GLVAL_HS": 0.0, "GLVAL_NR": 1826.0, "CRHOUSPCT": 0.0, "MUNGL1PCT": 1826.0, "AOEGL_HS": 0.0, "AOEGL_NR": 1826.0, "E911ADDR": "46 SAVAGE RD", "SHAPE_Length": 0.002084038010060406, "SHAPE_Area": 2.4080352049243345e-07}, "geometry": {"type": "MultiPolygon", "coordinates": [[[[-73.18455159299998, 43.611720313000035], [-73.18437006199997, 43.61140177200008], [-73.18496981099997, 43.611193710000066], [-73.18518102399997, 43.61154828900004], [-73.18493154699996, 43.61161984800003], [-73.18491913899999, 43.611599838000075], [-73.18455159299998, 43.611720313000035]]]]}}, {"type": "Feature", "properties": {"OBJECTID": 28892, "SPAN": "129-040-11979", "GLIST_SPAN": "129-040-11979", "MAPID": "45-50-36.4", "PARCID": "455000036.4", "PROPTYPE": "PARCEL", "YEAR": 2023, "GLYEAR": 2022, "TOWN": "CASTLETON", "TNAME": "Castleton", "SOURCENAME": null, "SOURCETYPE": "UNKNOWN", "SOURCEDATE": "UNKNOWN", "EDITMETHOD": "UNKNOWN", "EDITOR": "UNKNOWN", "EDITDATE": "UNKNOWN", "MATCHSTAT": "MATCH", "EDITNOTE": "UNKNOWN", "OWNER1": "SAVAGE FAMILY DEVELOPMENT INC", "OWNER2": "", "ADDRGL1": "PO BOX 1208", "ADDRGL2": "", "CITYGL": "CASTLETON", "STGL": "VT", "ZIPGL": "05735", "DESCPROP": "DUPLEX/LOT .55 ACRE; OLD SLATE MILL AREA", "LOCAPROP": "", "CAT": "Residential-1", "RESCODE": "T", "ACRESGL": 0.55, "REAL_FLV": 141200, "HSTED_FLV": 0, "NRES_FLV": 141200, "LAND_LV": 23700, "IMPRV_LV": 117500, "EQUIPVAL": 0, "EQUIPCODE": "", "INVENVAL": 0, "HSDECL": "N", "HSITEVAL": 141200, "VETEXAMT": 0, "EXPDESC": "", "ENDDATE": "", "STATUTE": "", "EXAMT_HS": 0, "EXAMT_NR": 0, "UVREDUC_HS": 0, "UVREDUC_NR": 0, "GLVAL_HS": 0.0, "GLVAL_NR": 1412.0, "CRHOUSPCT": 0.0, "MUNGL1PCT": 1412.0, "AOEGL_HS": 0.0, "AOEGL_NR": 1412.0, "E911ADDR": "18 SAVAGE RD", "SHAPE_Length": 0.0021089058652921083, "SHAPE_Area": 2.5789975577134485e-07}, "geometry": {"type": "MultiPolygon", "coordinates": [[[[-73.18509672299996, 43.61115308700005], [-73.18555172899994, 43.61100744500004], [-73.18556737699998, 43.61102702300008], [-73.18580083999996, 43.611370504000035], [-73.18518102399997, 43.61154828900004], [-73.18496981099997, 43.611193710000066], [-73.18509672299996, 43.61115308700005]]]]}}, {"type": "Feature", "properties": {"OBJECTID": 28975, "SPAN": "129-040-12072", "GLIST_SPAN": "129-040-12072", "MAPID": "25-20-25", "PARCID": "252000025.", "PROPTYPE": "PARCEL", "YEAR": 2023, "GLYEAR": 2022, "TOWN": "CASTLETON", "TNAME": "Castleton", "SOURCENAME": null, "SOURCETYPE": "UNKNOWN", "SOURCEDATE": "UNKNOWN", "EDITMETHOD": "UNKNOWN", "EDITOR": "UNKNOWN", "EDITDATE": "UNKNOWN", "MATCHSTAT": "MATCH", "EDITNOTE": "UNKNOWN", "OWNER1": "1176 ROUTE 4A LLC", "OWNER2": "", "ADDRGL1": "2357 NORTH RD", "ADDRGL2": "", "CITYGL": "CASTLETON", "STGL": "VT", "ZIPGL": "05735", "DESCPROP": "HSE/MOTEL/2.81 ACRES; ROUTE 4A", "LOCAPROP": "", "CAT": "Commercial Apt", "RESCODE": "C", "ACRESGL": 2.81, "REAL_FLV": 249700, "HSTED_FLV": 0, "NRES_FLV": 249700, "LAND_LV": 45400, "IMPRV_LV": 204300, "EQUIPVAL": 0, "EQUIPCODE": "", "INVENVAL": 0, "HSDECL": "N", "HSITEVAL": 98000, "VETEXAMT": 0, "EXPDESC": "", "ENDDATE": "", "STATUTE": "", "EXAMT_HS": 0, "EXAMT_NR": 0, "UVREDUC_HS": 0, "UVREDUC_NR": 0, "GLVAL_HS": 0.0, "GLVAL_NR": 2497.0, "CRHOUSPCT": 0.0, "MUNGL1PCT": 2497.0, "AOEGL_HS": 0.0, "AOEGL_NR": 2497.0, "E911ADDR": "1176 MAIN ST", "SHAPE_Length": 0.004467785283769998, "SHAPE_Area": 1.2135878551323544e-06}, "geometry": {"type": "MultiPolygon", "coordinates": [[[[-73.18871992699997, 43.609359666000046], [-73.18935096999996, 43.609167789000026], [-73.18980150799996, 43.61009747300005], [-73.18872168299998, 43.61043432100007], [-73.18816835699994, 43.60951852200003], [-73.18871992699997, 43.609359666000046]]]]}}, {"type": "Feature", "properties": {"OBJECTID": 29276, "SPAN": "129-040-10343", "GLIST_SPAN": "129-040-10343", "MAPID": "25-20-10", "PARCID": "252000010.", "PROPTYPE": "PARCEL", "YEAR": 2023, "GLYEAR": 2022, "TOWN": "CASTLETON", "TNAME": "Castleton", "SOURCENAME": null, "SOURCETYPE": "UNKNOWN", "SOURCEDATE": "UNKNOWN", "EDITMETHOD": "UNKNOWN", "EDITOR": "UNKNOWN", "EDITDATE": "UNKNOWN", "MATCHSTAT": "MATCH", "EDITNOTE": "UNKNOWN", "OWNER1": "BYRNE RICHARD F TRUSTEE", "OWNER2": "BYRNE RICHARD F TRUST 2005", "ADDRGL1": "P.O. BOX 335", "ADDRGL2": "", "CITYGL": "BOMOSEEN", "STGL": "VT", "ZIPGL": "05732", "DESCPROP": "HSE/GAR/LOT; MAIN ST", "LOCAPROP": "", "CAT": "Residential-1", "RESCODE": "T", "ACRESGL": 0.48, "REAL_FLV": 100600, "HSTED_FLV": 0, "NRES_FLV": 100600, "LAND_LV": 31700, "IMPRV_LV": 68900, "EQUIPVAL": 0, "EQUIPCODE": "", "INVENVAL": 0, "HSDECL": "N", "HSITEVAL": 100600, "VETEXAMT": 0, "EXPDESC": "", "ENDDATE": "", "STATUTE": "", "EXAMT_HS": 0, "EXAMT_NR": 0, "UVREDUC_HS": 0, "UVREDUC_NR": 0, "GLVAL_HS": 0.0, "GLVAL_NR": 1006.0, "CRHOUSPCT": 0.0, "MUNGL1PCT": 1006.0, "AOEGL_HS": 0.0, "AOEGL_NR": 1006.0, "E911ADDR": "1084 MAIN ST", "SHAPE_Length": 0.0019648334301442844, "SHAPE_Area": 2.1445841199481622e-07}, "geometry": {"type": "MultiPolygon", "coordinates": [[[[-73.18691552799999, 43.60987996400007], [-73.18694374899997, 43.60987179800003], [-73.18713630599996, 43.610235845000034], [-73.18646992999999, 43.61030507300006], [-73.18638781999994, 43.61000497100008], [-73.18645577299998, 43.60999201000004], [-73.18658068599996, 43.60996673500006], [-73.18672157099996, 43.60993011800008], [-73.18691552799999, 43.60987996400007]]]]}}, {"type": "Feature", "properties": {"OBJECTID": 29332, "SPAN": "129-040-11520", "GLIST_SPAN": "129-040-11520", "MAPID": "45-50-66", "PARCID": "455000066.", "PROPTYPE": "PARCEL", "YEAR": 2023, "GLYEAR": 2022, "TOWN": "CASTLETON", "TNAME": "Castleton", "SOURCENAME": null, "SOURCETYPE": "UNKNOWN", "SOURCEDATE": "UNKNOWN", "EDITMETHOD": "UNKNOWN", "EDITOR": "UNKNOWN", "EDITDATE": "UNKNOWN", "MATCHSTAT": "MATCH", "EDITNOTE": "UNKNOWN", "OWNER1": "62 CEMETERY ROAD LLC", "OWNER2": "", "ADDRGL1": "PO BOX 545", "ADDRGL2": "", "CITYGL": "BOMOSEEN", "STGL": "VT", "ZIPGL": "05732", "DESCPROP": "HSE/LOT; CEMETERY RD", "LOCAPROP": "", "CAT": "Residential-1", "RESCODE": "C", "ACRESGL": 0.41, "REAL_FLV": 126300, "HSTED_FLV": 0, "NRES_FLV": 126300, "LAND_LV": 29000, "IMPRV_LV": 97300, "EQUIPVAL": 0, "EQUIPCODE": "", "INVENVAL": 0, "HSDECL": "N", "HSITEVAL": 126300, "VETEXAMT": 0, "EXPDESC": "", "ENDDATE": "", "STATUTE": "", "EXAMT_HS": 0, "EXAMT_NR": 0, "UVREDUC_HS": 0, "UVREDUC_NR": 0, "GLVAL_HS": 0.0, "GLVAL_NR": 1263.0, "CRHOUSPCT": 0.0, "MUNGL1PCT": 1263.0, "AOEGL_HS": 0.0, "AOEGL_NR": 1263.0, "E911ADDR": "62 CEMETERY RD", "SHAPE_Length": 0.0018940390770392098, "SHAPE_Area": 2.142446916697242e-07}, "geometry": {"type": "MultiPolygon", "coordinates": [[[[-73.18483187299995, 43.61074070700005], [-73.18521477899998, 43.61061026500005], [-73.18529584699996, 43.610687288000065], [-73.18555172899994, 43.61100744500004], [-73.18509672299996, 43.61115308700005], [-73.18483187299995, 43.61074070700005]]]]}}, {"type": "Feature", "properties": {"OBJECTID": 29349, "SPAN": "129-040-10393", "GLIST_SPAN": "129-040-10393", "MAPID": "25-20-06", "PARCID": "252000006.", "PROPTYPE": "PARCEL", "YEAR": 2023, "GLYEAR": 2022, "TOWN": "CASTLETON", "TNAME": "Castleton", "SOURCENAME": null, "SOURCETYPE": "UNKNOWN", "SOURCEDATE": "UNKNOWN", "EDITMETHOD": "UNKNOWN", "EDITOR": "UNKNOWN", "EDITDATE": "UNKNOWN", "MATCHSTAT": "MATCH", "EDITNOTE": "UNKNOWN", "OWNER1": "CASTLETON CEMETERY ASSOC", "OWNER2": "", "ADDRGL1": "PO BOX 821", "ADDRGL2": "", "CITYGL": "CASTLETON", "STGL": "VT", "ZIPGL": "05735", "DESCPROP": "OB/LOT/CEMETERY; CEMETERY RD", "LOCAPROP": "", "CAT": "Miscellaneous", "RESCODE": "T", "ACRESGL": 0.51, "REAL_FLV": 34300, "HSTED_FLV": 0, "NRES_FLV": 34300, "LAND_LV": 30600, "IMPRV_LV": 3700, "EQUIPVAL": 0, "EQUIPCODE": "", "INVENVAL": 0, "HSDECL": "N", "HSITEVAL": 0, "VETEXAMT": 0, "EXPDESC": "Statutory", "ENDDATE": "", "STATUTE": "", "EXAMT_HS": 0, "EXAMT_NR": 0, "UVREDUC_HS": 0, "UVREDUC_NR": 0, "GLVAL_HS": 0.0, "GLVAL_NR": 0.0, "CRHOUSPCT": 0.0, "MUNGL1PCT": 0.0, "AOEGL_HS": 0.0, "AOEGL_NR": 0.0, "E911ADDR": "CEMETERY RD", "SHAPE_Length": 0.003455166911535877, "SHAPE_Area": 4.309735217041866e-07}, "geometry": {"type": "MultiPolygon", "coordinates": [[[[-73.18853510099996, 43.610689566000076], [-73.18960358199996, 43.61055696600005], [-73.18965837199994, 43.61068817800003], [-73.18962138699999, 43.61069104400008], [-73.18942101199997, 43.61074983200007], [-73.18933114699996, 43.610815149000075], [-73.18933220299994, 43.610907680000025], [-73.18939448999998, 43.61103068700004], [-73.18941751899996, 43.61109421300006], [-73.18937635399993, 43.61117244500008], [-73.18927206599994, 43.61120816600004], [-73.18914419199996, 43.61121608500008], [-73.18901061499997, 43.611194795000074], [-73.18887766599994, 43.611150106000025], [-73.18882406599994, 43.61105794300005], [-73.18879857099995, 43.610962775000075], [-73.18877905499994, 43.610899206000056], [-73.18874710099993, 43.61086479800008], [-73.18864068499994, 43.61085000200006], [-73.18854944599997, 43.610849597000026], [-73.18840062099997, 43.61084545400007], [-73.18834323199997, 43.61074941700008], [-73.18853510099996, 43.610689566000076]]]]}}, {"type": "Feature", "properties": {"OBJECTID": 29375, "SPAN": "129-040-10407", "GLIST_SPAN": "129-040-10407", "MAPID": "45-50-65", "PARCID": "455000065.", "PROPTYPE": "PARCEL", "YEAR": 2023, "GLYEAR": 2022, "TOWN": "CASTLETON", "TNAME": "Castleton", "SOURCENAME": null, "SOURCETYPE": "UNKNOWN", "SOURCEDATE": "UNKNOWN", "EDITMETHOD": "UNKNOWN", "EDITOR": "UNKNOWN", "EDITDATE": "UNKNOWN", "MATCHSTAT": "MATCH", "EDITNOTE": "UNKNOWN", "OWNER1": "CASTLETON HISTORICAL SOC INC", "OWNER2": "", "ADDRGL1": "PO BOX 219", "ADDRGL2": "", "CITYGL": "CASTLETON", "STGL": "VT", "ZIPGL": "05735", "DESCPROP": "COBLR SHP/LOT; MAIN ST", "LOCAPROP": "", "CAT": "Commercial", "RESCODE": "T", "ACRESGL": 0.56, "REAL_FLV": 79300, "HSTED_FLV": 0, "NRES_FLV": 79300, "LAND_LV": 41200, "IMPRV_LV": 38100, "EQUIPVAL": 0, "EQUIPCODE": "", "INVENVAL": 0, "HSDECL": "N", "HSITEVAL": 0, "VETEXAMT": 0, "EXPDESC": "Statutory", "ENDDATE": "", "STATUTE": "", "EXAMT_HS": 0, "EXAMT_NR": 0, "UVREDUC_HS": 0, "UVREDUC_NR": 0, "GLVAL_HS": 0.0, "GLVAL_NR": 0.0, "CRHOUSPCT": 0.0, "MUNGL1PCT": 0.0, "AOEGL_HS": 0.0, "AOEGL_NR": 0.0, "E911ADDR": "986 MAIN ST", "SHAPE_Length": 0.0023131899759089736, "SHAPE_Area": 2.600418825004864e-07}, "geometry": {"type": "MultiPolygon", "coordinates": [[[[-73.18483187299995, 43.61074070700005], [-73.18472379699995, 43.61057243000005], [-73.18448358299997, 43.61064569000007], [-73.18431587599997, 43.61029326900007], [-73.18460479999999, 43.61025250500006], [-73.18483380199996, 43.61022193400004], [-73.18499378499996, 43.61040029800006], [-73.18521477899998, 43.61061026500005], [-73.18483187299995, 43.61074070700005]]]]}}, {"type": "Feature", "properties": {"OBJECTID": 29477, "SPAN": "129-040-11587", "GLIST_SPAN": "129-040-11587", "MAPID": "25-20-11", "PARCID": "252000011.", "PROPTYPE": "PARCEL", "YEAR": 2023, "GLYEAR": 2022, "TOWN": "CASTLETON", "TNAME": "Castleton", "SOURCENAME": null, "SOURCETYPE": "UNKNOWN", "SOURCEDATE": "UNKNOWN", "EDITMETHOD": "UNKNOWN", "EDITOR": "UNKNOWN", "EDITDATE": "UNKNOWN", "MATCHSTAT": "MATCH", "EDITNOTE": "UNKNOWN", "OWNER1": "RUIZ ROGER PHILIP", "OWNER2": "RUIZ COLLEEN", "ADDRGL1": "PO BOX 649", "ADDRGL2": "", "CITYGL": "CASTLETON", "STGL": "VT", "ZIPGL": "05735", "DESCPROP": "HSE/OB/LOT; MAIN ST", "LOCAPROP": "", "CAT": "Residential-1", "RESCODE": "T", "ACRESGL": 0.32, "REAL_FLV": 71500, "HSTED_FLV": 71500, "NRES_FLV": 0, "LAND_LV": 29100, "IMPRV_LV": 42400, "EQUIPVAL": 0, "EQUIPCODE": "", "INVENVAL": 0, "HSDECL": "Y", "HSITEVAL": 71500, "VETEXAMT": 0, "EXPDESC": "", "ENDDATE": "", "STATUTE": "", "EXAMT_HS": 0, "EXAMT_NR": 0, "UVREDUC_HS": 0, "UVREDUC_NR": 0, "GLVAL_HS": 715.0, "GLVAL_NR": 0.0, "CRHOUSPCT": 0.0, "MUNGL1PCT": 715.0, "AOEGL_HS": 715.0, "AOEGL_NR": 0.0, "E911ADDR": "1098 MAIN ST", "SHAPE_Length": 0.0016701660093018209, "SHAPE_Area": 1.4500374495783443e-07}, "geometry": {"type": "MultiPolygon", "coordinates": [[[[-73.18694374899997, 43.60987179800003], [-73.18718918999997, 43.60980077200003], [-73.18746008799997, 43.61031292100006], [-73.18721486599998, 43.61038436800004], [-73.18713630599996, 43.610235845000034], [-73.18694374899997, 43.60987179800003]]]]}}, {"type": "Feature", "properties": {"OBJECTID": 29484, "SPAN": "129-040-10931", "GLIST_SPAN": "129-040-10931", "MAPID": "45-52-17", "PARCID": "455200017.", "PROPTYPE": "PARCEL", "YEAR": 2023, "GLYEAR": 2022, "TOWN": "CASTLETON", "TNAME": "Castleton", "SOURCENAME": null, "SOURCETYPE": "UNKNOWN", "SOURCEDATE": "UNKNOWN", "EDITMETHOD": "UNKNOWN", "EDITOR": "UNKNOWN", "EDITDATE": "UNKNOWN", "MATCHSTAT": "MATCH", "EDITNOTE": "UNKNOWN", "OWNER1": "NAKAMURA CHAD", "OWNER2": "NAKAMURA ANDREA", "ADDRGL1": "949 MAIN STREET", "ADDRGL2": "", "CITYGL": "CASTLETON", "STGL": "VT", "ZIPGL": "05735", "DESCPROP": "HSE/GAR/1.39 ACRES; MAIN ST", "LOCAPROP": "", "CAT": "Residential-1", "RESCODE": "T", "ACRESGL": 1.39, "REAL_FLV": 80100, "HSTED_FLV": 80100, "NRES_FLV": 0, "LAND_LV": 45900, "IMPRV_LV": 34200, "EQUIPVAL": 0, "EQUIPCODE": "", "INVENVAL": 0, "HSDECL": "Y", "HSITEVAL": 80100, "VETEXAMT": 0, "EXPDESC": "", "ENDDATE": "", "STATUTE": "", "EXAMT_HS": 0, "EXAMT_NR": 0, "UVREDUC_HS": 0, "UVREDUC_NR": 0, "GLVAL_HS": 801.0, "GLVAL_NR": 0.0, "CRHOUSPCT": 0.0, "MUNGL1PCT": 801.0, "AOEGL_HS": 801.0, "AOEGL_NR": 0.0, "E911ADDR": "949 MAIN ST", "SHAPE_Length": 0.0024520155705143546, "SHAPE_Area": 2.7759687409096524e-07}, "geometry": {"type": "MultiPolygon", "coordinates": [[[[-73.18432396399999, 43.609680129000026], [-73.18447797599998, 43.609668803000034], [-73.18470556299997, 43.60969444500006], [-73.18490659199995, 43.60978158700004], [-73.18498119399999, 43.609923329000026], [-73.18453470099996, 43.60998293500006], [-73.18412590499997, 43.610040611000045], [-73.18404756499996, 43.610053986000025], [-73.18401906699995, 43.60998578700003], [-73.18391814899996, 43.609744284000044], [-73.18432396399999, 43.609680129000026]]]]}}, {"type": "Feature", "properties": {"OBJECTID": 29694, "SPAN": "129-040-11013", "GLIST_SPAN": "129-040-11013", "MAPID": "25-20-13", "PARCID": "252000013.", "PROPTYPE": "PARCEL", "YEAR": 2023, "GLYEAR": 2022, "TOWN": "CASTLETON", "TNAME": "Castleton", "SOURCENAME": null, "SOURCETYPE": "UNKNOWN", "SOURCEDATE": "UNKNOWN", "EDITMETHOD": "UNKNOWN", "EDITOR": "UNKNOWN", "EDITDATE": "UNKNOWN", "MATCHSTAT": "MATCH", "EDITNOTE": "UNKNOWN", "OWNER1": "BLUE CAT LLC", "OWNER2": "", "ADDRGL1": "PO BOX 275", "ADDRGL2": "", "CITYGL": "CASTLETON", "STGL": "VT", "ZIPGL": "05735", "DESCPROP": "HSE/GAR/1.19 ACRES; MAIN ST", "LOCAPROP": "", "CAT": "Residential-1", "RESCODE": "T", "ACRESGL": 1.19, "REAL_FLV": 144000, "HSTED_FLV": 0, "NRES_FLV": 144000, "LAND_LV": 40600, "IMPRV_LV": 103400, "EQUIPVAL": 0, "EQUIPCODE": "", "INVENVAL": 0, "HSDECL": "N", "HSITEVAL": 144000, "VETEXAMT": 0, "EXPDESC": "", "ENDDATE": "", "STATUTE": "", "EXAMT_HS": 0, "EXAMT_NR": 0, "UVREDUC_HS": 0, "UVREDUC_NR": 0, "GLVAL_HS": 0.0, "GLVAL_NR": 1440.0, "CRHOUSPCT": 0.0, "MUNGL1PCT": 1440.0, "AOEGL_HS": 0.0, "AOEGL_NR": 1440.0, "E911ADDR": "1152 MAIN ST", "SHAPE_Length": 0.003119120075822281, "SHAPE_Area": 5.589406949677222e-07}, "geometry": {"type": "MultiPolygon", "coordinates": [[[[-73.18773241699995, 43.60964407300003], [-73.18816835699994, 43.60951852200003], [-73.18872168299998, 43.61043432100007], [-73.18828276899995, 43.610571236000055], [-73.18801864999995, 43.61042950800004], [-73.18773241699995, 43.60964407300003]]]]}}, {"type": "Feature", "properties": {"OBJECTID": 29706, "SPAN": "129-040-11679", "GLIST_SPAN": "129-040-11679", "MAPID": "25-20-08.1", "PARCID": "252000008.1", "PROPTYPE": "PARCEL", "YEAR": 2023, "GLYEAR": 2022, "TOWN": "CASTLETON", "TNAME": "Castleton", "SOURCENAME": null, "SOURCETYPE": "UNKNOWN", "SOURCEDATE": "UNKNOWN", "EDITMETHOD": "UNKNOWN", "EDITOR": "UNKNOWN", "EDITDATE": "UNKNOWN", "MATCHSTAT": "MATCH", "EDITNOTE": "UNKNOWN", "OWNER1": "PARK DOLORES", "OWNER2": "PARIDON HOLLY", "ADDRGL1": "PO BOX 534", "ADDRGL2": "", "CITYGL": "CASTLETON", "STGL": "VT", "ZIPGL": "05735", "DESCPROP": "HSE/3.20 ACRES; MAIN ST", "LOCAPROP": "", "CAT": "Residential-1", "RESCODE": "T", "ACRESGL": 3.2, "REAL_FLV": 161000, "HSTED_FLV": 161000, "NRES_FLV": 0, "LAND_LV": 41900, "IMPRV_LV": 119100, "EQUIPVAL": 0, "EQUIPCODE": "", "INVENVAL": 0, "HSDECL": "Y", "HSITEVAL": 160100, "VETEXAMT": 0, "EXPDESC": "", "ENDDATE": "", "STATUTE": "", "EXAMT_HS": 0, "EXAMT_NR": 0, "UVREDUC_HS": 0, "UVREDUC_NR": 0, "GLVAL_HS": 1610.0, "GLVAL_NR": 0.0, "CRHOUSPCT": 0.0, "MUNGL1PCT": 1610.0, "AOEGL_HS": 1610.0, "AOEGL_NR": 0.0, "E911ADDR": "1036 MAIN ST", "SHAPE_Length": 0.0061580671718637755, "SHAPE_Area": 1.3364874312468e-06}, "geometry": {"type": "MultiPolygon", "coordinates": [[[[-73.18628820999999, 43.61122136000006], [-73.18563879299995, 43.61011446500004], [-73.18577772399993, 43.61009591700008], [-73.18600020099996, 43.610066293000045], [-73.18608380099994, 43.61005483000008], [-73.18618116899995, 43.61049937100006], [-73.18626720399999, 43.61047870700003], [-73.18646992999999, 43.61030507300006], [-73.18713630599996, 43.610235845000034], [-73.18721486599998, 43.61038436800004], [-73.18746008799997, 43.61031292100006], [-73.18770188799994, 43.61024247000006], [-73.18794496199996, 43.61067661000004], [-73.18756817999997, 43.610794138000074], [-73.18657389299995, 43.611105387000066], [-73.18658364799995, 43.61113028300008], [-73.18628820999999, 43.61122136000006]]]]}}, {"type": "Feature", "properties": {"OBJECTID": 30075, "SPAN": "129-040-12436", "GLIST_SPAN": "129-040-12436", "MAPID": "25-20-09", "PARCID": "252000009.", "PROPTYPE": "PARCEL", "YEAR": 2023, "GLYEAR": 2022, "TOWN": "CASTLETON", "TNAME": "Castleton", "SOURCENAME": null, "SOURCETYPE": "UNKNOWN", "SOURCEDATE": "UNKNOWN", "EDITMETHOD": "UNKNOWN", "EDITOR": "UNKNOWN", "EDITDATE": "UNKNOWN", "MATCHSTAT": "MATCH", "EDITNOTE": "UNKNOWN", "OWNER1": "BUTLER MICHAEL L", "OWNER2": "", "ADDRGL1": "1050 MAIN STREET", "ADDRGL2": "", "CITYGL": "CASTLETON", "STGL": "VT", "ZIPGL": "05735", "DESCPROP": "HSE/LOT; MAIN ST", "LOCAPROP": "", "CAT": "Residential-1", "RESCODE": "T", "ACRESGL": 0.4, "REAL_FLV": 83700, "HSTED_FLV": 83700, "NRES_FLV": 0, "LAND_LV": 30400, "IMPRV_LV": 53300, "EQUIPVAL": 0, "EQUIPCODE": "", "INVENVAL": 0, "HSDECL": "Y", "HSITEVAL": 83700, "VETEXAMT": 0, "EXPDESC": "", "ENDDATE": "", "STATUTE": "", "EXAMT_HS": 0, "EXAMT_NR": 0, "UVREDUC_HS": 0, "UVREDUC_NR": 0, "GLVAL_HS": 837.0, "GLVAL_NR": 0.0, "CRHOUSPCT": 0.0, "MUNGL1PCT": 837.0, "AOEGL_HS": 837.0, "AOEGL_NR": 0.0, "E911ADDR": "1050 MAIN ST", "SHAPE_Length": 0.001429799108699451, "SHAPE_Area": 1.2606314082810953e-07}, "geometry": {"type": "MultiPolygon", "coordinates": [[[[-73.18623538799994, 43.61003404300004], [-73.18638781999994, 43.61000497100008], [-73.18646992999999, 43.61030507300006], [-73.18626720399999, 43.61047870700003], [-73.18618116899995, 43.61049937100006], [-73.18608380099994, 43.61005483000008], [-73.18623538799994, 43.61003404300004]]]]}}, {"type": "Feature", "properties": {"OBJECTID": 27142, "SPAN": "129-040-10043", "GLIST_SPAN": "129-040-10043", "MAPID": "45-50-63", "PARCID": "455000063.", "PROPTYPE": "PARCEL", "YEAR": 2023, "GLYEAR": 2022, "TOWN": "CASTLETON", "TNAME": "Castleton", "SOURCENAME": null, "SOURCETYPE": "UNKNOWN", "SOURCEDATE": "UNKNOWN", "EDITMETHOD": "UNKNOWN", "EDITOR": "UNKNOWN", "EDITDATE": "UNKNOWN", "MATCHSTAT": "MATCH", "EDITNOTE": "UNKNOWN", "OWNER1": "HANLEY TYRELL M", "OWNER2": "HANLEY BONNIE D", "ADDRGL1": "PO BOX 1331", "ADDRGL2": "", "CITYGL": "CASTLETON", "STGL": "VT", "ZIPGL": "05735", "DESCPROP": "HSE/GAR", "LOCAPROP": "", "CAT": "Residential-1", "RESCODE": "T", "ACRESGL": 2.39, "REAL_FLV": 229800, "HSTED_FLV": 229800, "NRES_FLV": 0, "LAND_LV": 57200, "IMPRV_LV": 172600, "EQUIPVAL": 0, "EQUIPCODE": "", "INVENVAL": 0, "HSDECL": "Y", "HSITEVAL": 228600, "VETEXAMT": 0, "EXPDESC": "", "ENDDATE": "", "STATUTE": "", "EXAMT_HS": 0, "EXAMT_NR": 0, "UVREDUC_HS": 0, "UVREDUC_NR": 0, "GLVAL_HS": 2298.0, "GLVAL_NR": 0.0, "CRHOUSPCT": 0.0, "MUNGL1PCT": 2298.0, "AOEGL_HS": 2298.0, "AOEGL_NR": 0.0, "E911ADDR": "898 MAIN ST", "SHAPE_Length": 0.004246133723271866, "SHAPE_Area": 1.0666591241771104e-06}, "geometry": {"type": "MultiPolygon", "coordinates": [[[[-73.18369162999994, 43.610408403000065], [-73.18381692799994, 43.61038055800003], [-73.18394088899998, 43.61068537600005], [-73.18406607099996, 43.61099319200008], [-73.18403335199997, 43.610999854000056], [-73.18417578099996, 43.611355454000034], [-73.18421386999995, 43.61145054900004], [-73.18375954599998, 43.61159242700006], [-73.18335755499999, 43.61171789100007], [-73.18304681099994, 43.61099472800004], [-73.18309893199995, 43.610974449000025], [-73.18292788299993, 43.610602492000055], [-73.18317881799999, 43.61053821200005], [-73.18369162999994, 43.610408403000065]]]]}}, {"type": "Feature", "properties": {"OBJECTID": 28011, "SPAN": "129-040-11053", "GLIST_SPAN": "129-040-11053", "MAPID": "45-50-39", "PARCID": "455000039.", "PROPTYPE": "PARCEL", "YEAR": 2023, "GLYEAR": 2022, "TOWN": "CASTLETON", "TNAME": "Castleton", "SOURCENAME": null, "SOURCETYPE": "UNKNOWN", "SOURCEDATE": "UNKNOWN", "EDITMETHOD": "UNKNOWN", "EDITOR": "UNKNOWN", "EDITDATE": "UNKNOWN", "MATCHSTAT": "MATCH", "EDITNOTE": "UNKNOWN", "OWNER1": "HITCHCOCK HOLLY", "OWNER2": "", "ADDRGL1": "PO BOX 560", "ADDRGL2": "", "CITYGL": "CASTLETON", "STGL": "VT", "ZIPGL": "05735", "DESCPROP": "2 HSE/APT/OB/.87 ACRE; MAIN ST", "LOCAPROP": "", "CAT": "Residential-1", "RESCODE": "T", "ACRESGL": 0.87, "REAL_FLV": 379900, "HSTED_FLV": 168260, "NRES_FLV": 211640, "LAND_LV": 50200, "IMPRV_LV": 329700, "EQUIPVAL": 0, "EQUIPCODE": "", "INVENVAL": 0, "HSDECL": "Y", "HSITEVAL": 168260, "VETEXAMT": 0, "EXPDESC": "", "ENDDATE": "", "STATUTE": "", "EXAMT_HS": 0, "EXAMT_NR": 0, "UVREDUC_HS": 0, "UVREDUC_NR": 0, "GLVAL_HS": 1683.0, "GLVAL_NR": 2116.4, "CRHOUSPCT": 0.0, "MUNGL1PCT": 3799.0, "AOEGL_HS": 1683.0, "AOEGL_NR": 2116.4, "E911ADDR": "734 MAIN ST", "SHAPE_Length": 0.0027598580075088065, "SHAPE_Area": 4.420895737695641e-07}, "geometry": {"type": "MultiPolygon", "coordinates": [[[[-73.17991740099995, 43.61136970900003], [-73.18051265399998, 43.61121837500008], [-73.18059538899996, 43.61168435800005], [-73.18066741399997, 43.61206588200008], [-73.18025679099998, 43.612162427000044], [-73.17991740099995, 43.61136970900003]]]]}}, {"type": "Feature", "properties": {"OBJECTID": 28176, "SPAN": "129-040-11231", "GLIST_SPAN": "129-040-11231", "MAPID": "45-51-17", "PARCID": "455100017.", "PROPTYPE": "PARCEL", "YEAR": 2023, "GLYEAR": 2022, "TOWN": "CASTLETON", "TNAME": "Castleton", "SOURCENAME": null, "SOURCETYPE": "UNKNOWN", "SOURCEDATE": "UNKNOWN", "EDITMETHOD": "UNKNOWN", "EDITOR": "UNKNOWN", "EDITDATE": "UNKNOWN", "MATCHSTAT": "MATCH", "EDITNOTE": "UNKNOWN", "OWNER1": "EASTMAN ASHLEY", "OWNER2": "", "ADDRGL1": "PO BOX 1103", "ADDRGL2": "", "CITYGL": "CASTLETON", "STGL": "VT", "ZIPGL": "05735", "DESCPROP": "HSE/OB/LOT; SEMINARY ST", "LOCAPROP": "", "CAT": "Residential-1", "RESCODE": "T", "ACRESGL": 0.38, "REAL_FLV": 142200, "HSTED_FLV": 142200, "NRES_FLV": 0, "LAND_LV": 41400, "IMPRV_LV": 100800, "EQUIPVAL": 0, "EQUIPCODE": "", "INVENVAL": 0, "HSDECL": "Y", "HSITEVAL": 142200, "VETEXAMT": 0, "EXPDESC": "", "ENDDATE": "", "STATUTE": "", "EXAMT_HS": 0, "EXAMT_NR": 0, "UVREDUC_HS": 0, "UVREDUC_NR": 0, "GLVAL_HS": 1422.0, "GLVAL_NR": 0.0, "CRHOUSPCT": 0.0, "MUNGL1PCT": 1422.0, "AOEGL_HS": 1422.0, "AOEGL_NR": 0.0, "E911ADDR": "58 SEMINARY ST", "SHAPE_Length": 0.002504857810055191, "SHAPE_Area": 1.7310107215912843e-07}, "geometry": {"type": "MultiPolygon", "coordinates": [[[[-73.17858672699998, 43.61054648000004], [-73.17925192199993, 43.610414760000026], [-73.17920381599998, 43.61027927500004], [-73.17934945899998, 43.61025024800006], [-73.17942949199994, 43.610530046000065], [-73.17928376899994, 43.610558866000076], [-73.17927629899998, 43.61053760100003], [-73.17915622799995, 43.610570438000025], [-73.17889690599998, 43.610641032000046], [-73.17893239599994, 43.61077575400003], [-73.17869629199998, 43.61082440500007], [-73.17858672699998, 43.61054648000004]]]]}}, {"type": "Feature", "properties": {"OBJECTID": 28223, "SPAN": "129-040-11281", "GLIST_SPAN": "129-040-11281", "MAPID": "45-51-21", "PARCID": "455100021.", "PROPTYPE": "PARCEL", "YEAR": 2023, "GLYEAR": 2022, "TOWN": "CASTLETON", "TNAME": "Castleton", "SOURCENAME": null, "SOURCETYPE": "UNKNOWN", "SOURCEDATE": "UNKNOWN", "EDITMETHOD": "UNKNOWN", "EDITOR": "UNKNOWN", "EDITDATE": "UNKNOWN", "MATCHSTAT": "MATCH", "EDITNOTE": "UNKNOWN", "OWNER1": "MORRILL HOUSE LLC", "OWNER2": "", "ADDRGL1": "P.O. BOX 545", "ADDRGL2": "", "CITYGL": "BOMOSEEN", "STGL": "VT", "ZIPGL": "05732", "DESCPROP": "HSE/LOT; SOUTH ST", "LOCAPROP": "", "CAT": "Residential-1", "RESCODE": "T", "ACRESGL": 0.44, "REAL_FLV": 104000, "HSTED_FLV": 0, "NRES_FLV": 104000, "LAND_LV": 31000, "IMPRV_LV": 73000, "EQUIPVAL": 0, "EQUIPCODE": "", "INVENVAL": 0, "HSDECL": "N", "HSITEVAL": 104000, "VETEXAMT": 0, "EXPDESC": "", "ENDDATE": "", "STATUTE": "", "EXAMT_HS": 0, "EXAMT_NR": 0, "UVREDUC_HS": 0, "UVREDUC_NR": 0, "GLVAL_HS": 0.0, "GLVAL_NR": 1040.0, "CRHOUSPCT": 0.0, "MUNGL1PCT": 1040.0, "AOEGL_HS": 0.0, "AOEGL_NR": 1040.0, "E911ADDR": "89 SOUTH ST", "SHAPE_Length": 0.002368653664588671, "SHAPE_Area": 2.024356649457048e-07}, "geometry": {"type": "MultiPolygon", "coordinates": [[[[-73.17937715099998, 43.60991566400003], [-73.18023267599995, 43.609792506000076], [-73.18027373499996, 43.60999620500007], [-73.17931622099997, 43.61013404400006], [-73.17925863699998, 43.60993272400003], [-73.17937715099998, 43.60991566400003]]]]}}, {"type": "Feature", "properties": {"OBJECTID": 28262, "SPAN": "129-040-11328", "GLIST_SPAN": "129-040-11328", "MAPID": "45-50-40", "PARCID": "455000040.", "PROPTYPE": "PARCEL", "YEAR": 2023, "GLYEAR": 2022, "TOWN": "CASTLETON", "TNAME": "Castleton", "SOURCENAME": null, "SOURCETYPE": "UNKNOWN", "SOURCEDATE": "UNKNOWN", "EDITMETHOD": "UNKNOWN", "EDITOR": "UNKNOWN", "EDITDATE": "UNKNOWN", "MATCHSTAT": "MATCH", "EDITNOTE": "UNKNOWN", "OWNER1": "LEENMAN WILLEM", "OWNER2": "", "ADDRGL1": "PO BOX 38", "ADDRGL2": "", "CITYGL": "CASTLETON", "STGL": "VT", "ZIPGL": "05735", "DESCPROP": "COMM HSE/1.25 ACRES; MAIN ST", "LOCAPROP": "", "CAT": "Commercial", "RESCODE": "T", "ACRESGL": 1.25, "REAL_FLV": 335300, "HSTED_FLV": 0, "NRES_FLV": 335300, "LAND_LV": 53800, "IMPRV_LV": 281500, "EQUIPVAL": 0, "EQUIPCODE": "", "INVENVAL": 0, "HSDECL": "N", "HSITEVAL": 0, "VETEXAMT": 0, "EXPDESC": "", "ENDDATE": "", "STATUTE": "", "EXAMT_HS": 0, "EXAMT_NR": 0, "UVREDUC_HS": 0, "UVREDUC_NR": 0, "GLVAL_HS": 0.0, "GLVAL_NR": 3353.0, "CRHOUSPCT": 0.0, "MUNGL1PCT": 3353.0, "AOEGL_HS": 0.0, "AOEGL_NR": 3353.0, "E911ADDR": "706 MAIN ST", "SHAPE_Length": 0.0032821876515235276, "SHAPE_Area": 5.88936830552224e-07}, "geometry": {"type": "MultiPolygon", "coordinates": [[[[-73.17940429999999, 43.611500154000055], [-73.17991740099995, 43.61136970900003], [-73.18025679099998, 43.612162427000044], [-73.18035212099994, 43.61238508800005], [-73.17976944999998, 43.612490456000046], [-73.17970994999996, 43.61228649100008], [-73.17954445399994, 43.61186149300005], [-73.17940429999999, 43.611500154000055]]]]}}, {"type": "Feature", "properties": {"OBJECTID": 28365, "SPAN": "129-040-11442", "GLIST_SPAN": "129-040-11442", "MAPID": "45-52-11", "PARCID": "455200011.", "PROPTYPE": "PARCEL", "YEAR": 2023, "GLYEAR": 2022, "TOWN": "CASTLETON", "TNAME": "Castleton", "SOURCENAME": null, "SOURCETYPE": "UNKNOWN", "SOURCEDATE": "UNKNOWN", "EDITMETHOD": "UNKNOWN", "EDITOR": "UNKNOWN", "EDITDATE": "UNKNOWN", "MATCHSTAT": "MATCH", "EDITNOTE": "UNKNOWN", "OWNER1": "MARCELL PHILIP", "OWNER2": "MARCELL PATRICIA K", "ADDRGL1": "875 MAIN ST", "ADDRGL2": "", "CITYGL": "CASTLETON", "STGL": "VT", "ZIPGL": "05735", "DESCPROP": "HSE/LOT; MAIN ST", "LOCAPROP": "", "CAT": "Residential-1", "RESCODE": "T", "ACRESGL": 0.37, "REAL_FLV": 169200, "HSTED_FLV": 169200, "NRES_FLV": 0, "LAND_LV": 39600, "IMPRV_LV": 129600, "EQUIPVAL": 0, "EQUIPCODE": "", "INVENVAL": 0, "HSDECL": "Y", "HSITEVAL": 169200, "VETEXAMT": 0, "EXPDESC": "", "ENDDATE": "", "STATUTE": "", "EXAMT_HS": 0, "EXAMT_NR": 0, "UVREDUC_HS": 0, "UVREDUC_NR": 0, "GLVAL_HS": 1692.0, "GLVAL_NR": 0.0, "CRHOUSPCT": 0.0, "MUNGL1PCT": 1692.0, "AOEGL_HS": 1692.0, "AOEGL_NR": 0.0, "E911ADDR": "875 MAIN ST", "SHAPE_Length": 0.0013680781280054938, "SHAPE_Area": 1.1771576793643705e-07}, "geometry": {"type": "MultiPolygon", "coordinates": [[[[-73.18256700599994, 43.609998629000074], [-73.18286489499997, 43.60995364000007], [-73.18296263599996, 43.61030270400005], [-73.18266162499998, 43.61037981100003], [-73.18260744499997, 43.610214556000074], [-73.18256700599994, 43.609998629000074]]]]}}, {"type": "Feature", "properties": {"OBJECTID": 28370, "SPAN": "129-040-11447", "GLIST_SPAN": "129-040-11447", "MAPID": "45-52-12", "PARCID": "455200012.", "PROPTYPE": "PARCEL", "YEAR": 2023, "GLYEAR": 2022, "TOWN": "CASTLETON", "TNAME": "Castleton", "SOURCENAME": null, "SOURCETYPE": "UNKNOWN", "SOURCEDATE": "UNKNOWN", "EDITMETHOD": "UNKNOWN", "EDITOR": "UNKNOWN", "EDITDATE": "UNKNOWN", "MATCHSTAT": "MATCH", "EDITNOTE": "UNKNOWN", "OWNER1": "MARK JOSEPH T", "OWNER2": "MARK NANCY M", "ADDRGL1": "PO BOX 387", "ADDRGL2": "", "CITYGL": "CASTLETON", "STGL": "VT", "ZIPGL": "05735", "DESCPROP": "HSE/LOT; MAIN ST", "LOCAPROP": "", "CAT": "Residential-1", "RESCODE": "T", "ACRESGL": 0.52, "REAL_FLV": 192800, "HSTED_FLV": 192800, "NRES_FLV": 0, "LAND_LV": 42800, "IMPRV_LV": 150000, "EQUIPVAL": 0, "EQUIPCODE": "", "INVENVAL": 0, "HSDECL": "Y", "HSITEVAL": 192800, "VETEXAMT": 0, "EXPDESC": "", "ENDDATE": "", "STATUTE": "", "EXAMT_HS": 0, "EXAMT_NR": 0, "UVREDUC_HS": 0, "UVREDUC_NR": 0, "GLVAL_HS": 1928.0, "GLVAL_NR": 0.0, "CRHOUSPCT": 0.0, "MUNGL1PCT": 1928.0, "AOEGL_HS": 1928.0, "AOEGL_NR": 0.0, "E911ADDR": "897 MAIN ST", "SHAPE_Length": 0.0019754267054774457, "SHAPE_Area": 1.8350638951564773e-07}, "geometry": {"type": "MultiPolygon", "coordinates": [[[[-73.18277306899995, 43.609557239000026], [-73.18302903599994, 43.60954281200003], [-73.18304408399996, 43.60959937600006], [-73.18310301299994, 43.60987035000005], [-73.18318474999995, 43.61024620400008], [-73.18305394599997, 43.61027931500007], [-73.18296263599996, 43.61030270400005], [-73.18286489499997, 43.60995364000007], [-73.18277306899995, 43.609557239000026]]]]}}, {"type": "Feature", "properties": {"OBJECTID": 28425, "SPAN": "129-040-10597", "GLIST_SPAN": "129-040-10597", "MAPID": "45-51-22", "PARCID": "455100022.", "PROPTYPE": "PARCEL", "YEAR": 2023, "GLYEAR": 2022, "TOWN": "CASTLETON", "TNAME": "Castleton", "SOURCENAME": null, "SOURCETYPE": "UNKNOWN", "SOURCEDATE": "UNKNOWN", "EDITMETHOD": "UNKNOWN", "EDITOR": "UNKNOWN", "EDITDATE": "UNKNOWN", "MATCHSTAT": "MATCH", "EDITNOTE": "UNKNOWN", "OWNER1": "STRAGNELL R SANFORD", "OWNER2": "STRAGNELL PAMELA S", "ADDRGL1": "P O BOX 394", "ADDRGL2": "", "CITYGL": "CASTLETON", "STGL": "VT", "ZIPGL": "05735", "DESCPROP": "HSE/GAR/OB/LOT; SOUTH ST", "LOCAPROP": "", "CAT": "Residential-1", "RESCODE": "T", "ACRESGL": 0.58, "REAL_FLV": 127700, "HSTED_FLV": 127700, "NRES_FLV": 0, "LAND_LV": 33300, "IMPRV_LV": 94400, "EQUIPVAL": 0, "EQUIPCODE": "", "INVENVAL": 0, "HSDECL": "Y", "HSITEVAL": 127700, "VETEXAMT": 0, "EXPDESC": "", "ENDDATE": "", "STATUTE": "", "EXAMT_HS": 0, "EXAMT_NR": 0, "UVREDUC_HS": 0, "UVREDUC_NR": 0, "GLVAL_HS": 1277.0, "GLVAL_NR": 0.0, "CRHOUSPCT": 0.0, "MUNGL1PCT": 1277.0, "AOEGL_HS": 1277.0, "AOEGL_NR": 0.0, "E911ADDR": "97 SOUTH ST", "SHAPE_Length": 0.002385264100061755, "SHAPE_Area": 2.6486302123811187e-07}, "geometry": {"type": "MultiPolygon", "coordinates": [[[[-73.17926562199995, 43.60963638800007], [-73.18017298599995, 43.609496368000066], [-73.18023267599995, 43.609792506000076], [-73.17937715099998, 43.60991566400003], [-73.17926562199995, 43.60963638800007]]]]}}, {"type": "Feature", "properties": {"OBJECTID": 28436, "SPAN": "129-040-10605", "GLIST_SPAN": "129-040-10605", "MAPID": "45-52-22.1", "PARCID": "455200022.1", "PROPTYPE": "PARCEL", "YEAR": 2023, "GLYEAR": 2022, "TOWN": "CASTLETON", "TNAME": "Castleton", "SOURCENAME": null, "SOURCETYPE": "UNKNOWN", "SOURCEDATE": "UNKNOWN", "EDITMETHOD": "UNKNOWN", "EDITOR": "UNKNOWN", "EDITDATE": "UNKNOWN", "MATCHSTAT": "MATCH", "EDITNOTE": "UNKNOWN", "OWNER1": "GROCHOT FRANK", "OWNER2": "", "ADDRGL1": "65 GLENBROOK ROAD", "ADDRGL2": "", "CITYGL": "CASTLETON", "STGL": "VT", "ZIPGL": "05735", "DESCPROP": "HSE/LOT; GLENBROOK RD", "LOCAPROP": "", "CAT": "Residential-1", "RESCODE": "T", "ACRESGL": 0.3, "REAL_FLV": 93600, "HSTED_FLV": 93600, "NRES_FLV": 0, "LAND_LV": 32400, "IMPRV_LV": 61200, "EQUIPVAL": 0, "EQUIPCODE": "", "INVENVAL": 0, "HSDECL": "Y", "HSITEVAL": 93600, "VETEXAMT": 0, "EXPDESC": "", "ENDDATE": "", "STATUTE": "", "EXAMT_HS": 0, "EXAMT_NR": 0, "UVREDUC_HS": 0, "UVREDUC_NR": 0, "GLVAL_HS": 936.0, "GLVAL_NR": 0.0, "CRHOUSPCT": 0.0, "MUNGL1PCT": 936.0, "AOEGL_HS": 936.0, "AOEGL_NR": 0.0, "E911ADDR": "65 GLENBROOK RD", "SHAPE_Length": 0.0019558572461888203, "SHAPE_Area": 1.4148645717846266e-07}, "geometry": {"type": "MultiPolygon", "coordinates": [[[[-73.18151763199995, 43.609706311000025], [-73.18229897699996, 43.60958474800003], [-73.18233257799994, 43.60976416800003], [-73.18171811199994, 43.609850625000036], [-73.18154229299995, 43.60988712400007], [-73.18152951699994, 43.60979344900005], [-73.18151763199995, 43.609706311000025]]]]}}, {"type": "Feature", "properties": {"OBJECTID": 28458, "SPAN": "129-040-10623", "GLIST_SPAN": "129-040-10623", "MAPID": "45-51-01", "PARCID": "455100001.", "PROPTYPE": "PARCEL", "YEAR": 2023, "GLYEAR": 2022, "TOWN": "CASTLETON", "TNAME": "Castleton", "SOURCENAME": null, "SOURCETYPE": "UNKNOWN", "SOURCEDATE": "UNKNOWN", "EDITMETHOD": "UNKNOWN", "EDITOR": "UNKNOWN", "EDITDATE": "UNKNOWN", "MATCHSTAT": "MATCH", "EDITNOTE": "UNKNOWN", "OWNER1": "JOFI LLC", "OWNER2": "", "ADDRGL1": "38 BALDWIN AVENUE", "ADDRGL2": "", "CITYGL": "SOUTH BURLINGTON", "STGL": "VT", "ZIPGL": "05403", "DESCPROP": "HSE/OB/LOT; MAIN ST", "LOCAPROP": "", "CAT": "Residential-1", "RESCODE": "S", "ACRESGL": 0.37, "REAL_FLV": 148200, "HSTED_FLV": 0, "NRES_FLV": 148200, "LAND_LV": 39600, "IMPRV_LV": 108600, "EQUIPVAL": 0, "EQUIPCODE": "", "INVENVAL": 0, "HSDECL": "N", "HSITEVAL": 148200, "VETEXAMT": 0, "EXPDESC": "", "ENDDATE": "", "STATUTE": "", "EXAMT_HS": 0, "EXAMT_NR": 0, "UVREDUC_HS": 0, "UVREDUC_NR": 0, "GLVAL_HS": 0.0, "GLVAL_NR": 1482.0, "CRHOUSPCT": 0.0, "MUNGL1PCT": 1482.0, "AOEGL_HS": 0.0, "AOEGL_NR": 1482.0, "E911ADDR": "749 MAIN ST", "SHAPE_Length": 0.001672719517059658, "SHAPE_Area": 1.7087177063649908e-07}, "geometry": {"type": "MultiPolygon", "coordinates": [[[[-73.17989484199995, 43.610697291000065], [-73.18039182599995, 43.61058738300005], [-73.18046192999998, 43.61094062500007], [-73.18005295199998, 43.61104460300004], [-73.17989484199995, 43.610697291000065]]]]}}, {"type": "Feature", "properties": {"OBJECTID": 28547, "SPAN": "129-040-11484", "GLIST_SPAN": "129-040-11484", "MAPID": "45-51-19", "PARCID": "455100019.", "PROPTYPE": "PARCEL", "YEAR": 2023, "GLYEAR": 2022, "TOWN": "CASTLETON", "TNAME": "Castleton", "SOURCENAME": null, "SOURCETYPE": "UNKNOWN", "SOURCEDATE": "UNKNOWN", "EDITMETHOD": "UNKNOWN", "EDITOR": "UNKNOWN", "EDITDATE": "UNKNOWN", "MATCHSTAT": "MATCH", "EDITNOTE": "UNKNOWN", "OWNER1": "WOOD DOG EQUITIES LLC", "OWNER2": "", "ADDRGL1": "PO BOX 14", "ADDRGL2": "", "CITYGL": "KIRKVILLE", "STGL": "NY", "ZIPGL": "13082", "DESCPROP": "HSE/GAR/OB/LOT; SOUTH ST", "LOCAPROP": "", "CAT": "Residential-1", "RESCODE": "C", "ACRESGL": 0.31, "REAL_FLV": 112000, "HSTED_FLV": 0, "NRES_FLV": 112000, "LAND_LV": 29000, "IMPRV_LV": 83000, "EQUIPVAL": 0, "EQUIPCODE": "", "INVENVAL": 0, "HSDECL": "N", "HSITEVAL": 112000, "VETEXAMT": 0, "EXPDESC": "", "ENDDATE": "", "STATUTE": "", "EXAMT_HS": 0, "EXAMT_NR": 0, "UVREDUC_HS": 0, "UVREDUC_NR": 0, "GLVAL_HS": 0.0, "GLVAL_NR": 1120.0, "CRHOUSPCT": 0.0, "MUNGL1PCT": 1120.0, "AOEGL_HS": 0.0, "AOEGL_NR": 1120.0, "E911ADDR": "37 SOUTH ST", "SHAPE_Length": 0.0017577371856333061, "SHAPE_Area": 1.5400205782519863e-07}, "geometry": {"type": "MultiPolygon", "coordinates": [[[[-73.17969771599996, 43.610479944000076], [-73.18034645399996, 43.610358760000054], [-73.18039182599995, 43.61058738300005], [-73.17989484199995, 43.610697291000065], [-73.17980092899995, 43.61071805900008], [-73.17969771599996, 43.610479944000076]]]]}}, {"type": "Feature", "properties": {"OBJECTID": 28588, "SPAN": "129-040-10747", "GLIST_SPAN": "129-040-10747", "MAPID": "45-51-06", "PARCID": "455100006.", "PROPTYPE": "PARCEL", "YEAR": 2023, "GLYEAR": 2022, "TOWN": "CASTLETON", "TNAME": "Castleton", "SOURCENAME": null, "SOURCETYPE": "UNKNOWN", "SOURCEDATE": "UNKNOWN", "EDITMETHOD": "UNKNOWN", "EDITOR": "UNKNOWN", "EDITDATE": "UNKNOWN", "MATCHSTAT": "MATCH", "EDITNOTE": "UNKNOWN", "OWNER1": "STINE MACARTHUR F", "OWNER2": "", "ADDRGL1": "PO BOX 1152", "ADDRGL2": "", "CITYGL": "CASTLETON", "STGL": "VT", "ZIPGL": "05735", "DESCPROP": "FORMER CHURCH", "LOCAPROP": "", "CAT": "Residential-1", "RESCODE": "T", "ACRESGL": 0.14, "REAL_FLV": 134200, "HSTED_FLV": 134200, "NRES_FLV": 0, "LAND_LV": 34800, "IMPRV_LV": 99400, "EQUIPVAL": 0, "EQUIPCODE": "", "INVENVAL": 0, "HSDECL": "Y", "HSITEVAL": 134200, "VETEXAMT": 0, "EXPDESC": "", "ENDDATE": "", "STATUTE": "", "EXAMT_HS": 0, "EXAMT_NR": 0, "UVREDUC_HS": 0, "UVREDUC_NR": 0, "GLVAL_HS": 1342.0, "GLVAL_NR": 0.0, "CRHOUSPCT": 0.0, "MUNGL1PCT": 1342.0, "AOEGL_HS": 1342.0, "AOEGL_NR": 0.0, "E911ADDR": "32 SEMINARY ST", "SHAPE_Length": 0.0010179819892911595, "SHAPE_Area": 6.316200835434235e-08}, "geometry": {"type": "MultiPolygon", "coordinates": [[[[-73.17879206499998, 43.61106734400005], [-73.17901120599998, 43.61101639200007], [-73.17911013299994, 43.61128371700005], [-73.17889826099997, 43.611336719000064], [-73.17879206499998, 43.61106734400005]]]]}}, {"type": "Feature", "properties": {"OBJECTID": 28629, "SPAN": "129-040-10771", "GLIST_SPAN": "129-040-10771", "MAPID": "45-52-07", "PARCID": "455200007.", "PROPTYPE": "PARCEL", "YEAR": 2023, "GLYEAR": 2022, "TOWN": "CASTLETON", "TNAME": "Castleton", "SOURCENAME": null, "SOURCETYPE": "UNKNOWN", "SOURCEDATE": "UNKNOWN", "EDITMETHOD": "UNKNOWN", "EDITOR": "UNKNOWN", "EDITDATE": "UNKNOWN", "MATCHSTAT": "MATCH", "EDITNOTE": "UNKNOWN", "OWNER1": "BEIGAY BRANDON A", "OWNER2": "DAVIS KELLY", "ADDRGL1": "835 MAIN STREET", "ADDRGL2": "", "CITYGL": "CASTLETON", "STGL": "VT", "ZIPGL": "05735", "DESCPROP": "HSE/OB/LOT; MAIN ST", "LOCAPROP": "", "CAT": "Residential-1", "RESCODE": "T", "ACRESGL": 0.71, "REAL_FLV": 237900, "HSTED_FLV": 237900, "NRES_FLV": 0, "LAND_LV": 46900, "IMPRV_LV": 191000, "EQUIPVAL": 0, "EQUIPCODE": "", "INVENVAL": 0, "HSDECL": "Y", "HSITEVAL": 237900, "VETEXAMT": 0, "EXPDESC": "", "ENDDATE": "", "STATUTE": "", "EXAMT_HS": 0, "EXAMT_NR": 0, "UVREDUC_HS": 0, "UVREDUC_NR": 0, "GLVAL_HS": 2379.0, "GLVAL_NR": 0.0, "CRHOUSPCT": 0.0, "MUNGL1PCT": 2379.0, "AOEGL_HS": 2379.0, "AOEGL_NR": 0.0, "E911ADDR": "835 MAIN ST", "SHAPE_Length": 0.0023251087565077395, "SHAPE_Area": 3.109431009016276e-07}, "geometry": {"type": "MultiPolygon", "coordinates": [[[[-73.18154229299995, 43.60988712400007], [-73.18171811199994, 43.609850625000036], [-73.18185510899997, 43.610149996000075], [-73.18192539499995, 43.61030358600004], [-73.18203386699997, 43.61054061500005], [-73.18185008199998, 43.610587691000035], [-73.18158141799995, 43.610656], [-73.18152217099998, 43.61052260800005], [-73.18138986299994, 43.60991876600008], [-73.18154229299995, 43.60988712400007]]]]}}, {"type": "Feature", "properties": {"OBJECTID": 28814, "SPAN": "129-040-10882", "GLIST_SPAN": "129-040-10882", "MAPID": "45-51-18", "PARCID": "455100018.", "PROPTYPE": "PARCEL", "YEAR": 2023, "GLYEAR": 2022, "TOWN": "CASTLETON", "TNAME": "Castleton", "SOURCENAME": null, "SOURCETYPE": "UNKNOWN", "SOURCEDATE": "UNKNOWN", "EDITMETHOD": "UNKNOWN", "EDITOR": "UNKNOWN", "EDITDATE": "UNKNOWN", "MATCHSTAT": "MATCH", "EDITNOTE": "UNKNOWN", "OWNER1": "MORRILL HOUSE LLC", "OWNER2": "", "ADDRGL1": "PO BOX 545", "ADDRGL2": "", "CITYGL": "BOMOSEEN", "STGL": "VT", "ZIPGL": "05732", "DESCPROP": "APT HSE/GAR/LOT; SEMINARY ST", "LOCAPROP": "", "CAT": "Residential-1", "RESCODE": "C", "ACRESGL": 0.2, "REAL_FLV": 130900, "HSTED_FLV": 0, "NRES_FLV": 130900, "LAND_LV": 35500, "IMPRV_LV": 95400, "EQUIPVAL": 0, "EQUIPCODE": "", "INVENVAL": 0, "HSDECL": "N", "HSITEVAL": 130900, "VETEXAMT": 0, "EXPDESC": "", "ENDDATE": "", "STATUTE": "", "EXAMT_HS": 0, "EXAMT_NR": 0, "UVREDUC_HS": 0, "UVREDUC_NR": 0, "GLVAL_HS": 0.0, "GLVAL_NR": 1309.0, "CRHOUSPCT": 0.0, "MUNGL1PCT": 1309.0, "AOEGL_HS": 0.0, "AOEGL_NR": 1309.0, "E911ADDR": "68 SEMINARY ST", "SHAPE_Length": 0.0016556445979546072, "SHAPE_Area": 9.853578692481917e-08}, "geometry": {"type": "MultiPolygon", "coordinates": [[[[-73.17853182399995, 43.61040721200004], [-73.17920381599998, 43.61027927500004], [-73.17925192199993, 43.610414760000026], [-73.17858672699998, 43.61054648000004], [-73.17853182399995, 43.61040721200004]]]]}}, {"type": "Feature", "properties": {"OBJECTID": 28816, "SPAN": "129-040-10884", "GLIST_SPAN": "129-040-10884", "MAPID": "45-50-61", "PARCID": "455000061.", "PROPTYPE": "PARCEL", "YEAR": 2023, "GLYEAR": 2022, "TOWN": "CASTLETON", "TNAME": "Castleton", "SOURCENAME": null, "SOURCETYPE": "UNKNOWN", "SOURCEDATE": "UNKNOWN", "EDITMETHOD": "UNKNOWN", "EDITOR": "UNKNOWN", "EDITDATE": "UNKNOWN", "MATCHSTAT": "MATCH", "EDITNOTE": "UNKNOWN", "OWNER1": "GILBERT TIMOTHY & TAMI P", "OWNER2": "GILBERT LE TIMOTHY & TAMI P", "ADDRGL1": "PO BOX 1524", "ADDRGL2": "", "CITYGL": "CASTLETON", "STGL": "VT", "ZIPGL": "05735", "DESCPROP": "HSE/GAR/LOT;INCLUDES 45-50-62-1", "LOCAPROP": "", "CAT": "Residential-1", "RESCODE": "T", "ACRESGL": 0.77, "REAL_FLV": 185700, "HSTED_FLV": 185700, "NRES_FLV": 0, "LAND_LV": 48100, "IMPRV_LV": 137600, "EQUIPVAL": 0, "EQUIPCODE": "", "INVENVAL": 0, "HSDECL": "Y", "HSITEVAL": 185700, "VETEXAMT": 0, "EXPDESC": "", "ENDDATE": "", "STATUTE": "", "EXAMT_HS": 0, "EXAMT_NR": 0, "UVREDUC_HS": 0, "UVREDUC_NR": 0, "GLVAL_HS": 1857.0, "GLVAL_NR": 0.0, "CRHOUSPCT": 0.0, "MUNGL1PCT": 1857.0, "AOEGL_HS": 1857.0, "AOEGL_NR": 0.0, "E911ADDR": "866 MAIN ST", "SHAPE_Length": 0.002828389947841656, "SHAPE_Area": 3.347635342486063e-07}, "geometry": {"type": "MultiPolygon", "coordinates": [[[[-73.18266130999996, 43.61119093800005], [-73.18246498399998, 43.61072106700004], [-73.18270359199994, 43.610659947000045], [-73.18287180799996, 43.61106249800008], [-73.18300223299997, 43.611011990000065], [-73.18321360699997, 43.61150390300003], [-73.18278368499995, 43.611624058000075], [-73.18271408299995, 43.61146166100008], [-73.18260406899998, 43.611204970000074], [-73.18266130999996, 43.61119093800005]]]]}}, {"type": "Feature", "properties": {"OBJECTID": 28889, "SPAN": "129-040-11976", "GLIST_SPAN": "129-040-11976", "MAPID": "45-50-36", "PARCID": "455000036.", "PROPTYPE": "PARCEL", "YEAR": 2023, "GLYEAR": 2022, "TOWN": "CASTLETON", "TNAME": "Castleton", "SOURCENAME": null, "SOURCETYPE": "UNKNOWN", "SOURCEDATE": "UNKNOWN", "EDITMETHOD": "UNKNOWN", "EDITOR": "UNKNOWN", "EDITDATE": "UNKNOWN", "MATCHSTAT": "MATCH", "EDITNOTE": "UNKNOWN", "OWNER1": "SAVAGE FAMILY DEVELOPMENT INC", "OWNER2": "", "ADDRGL1": "PO BOX 1208", "ADDRGL2": "", "CITYGL": "CASTLETON", "STGL": "VT", "ZIPGL": "05735", "DESCPROP": "MHU/LAND ONLY", "LOCAPROP": "", "CAT": "Miscellaneous", "RESCODE": "T", "ACRESGL": 0.53, "REAL_FLV": 21100, "HSTED_FLV": 0, "NRES_FLV": 21100, "LAND_LV": 21100, "IMPRV_LV": 0, "EQUIPVAL": 0, "EQUIPCODE": "", "INVENVAL": 0, "HSDECL": "N", "HSITEVAL": 0, "VETEXAMT": 0, "EXPDESC": "", "ENDDATE": "", "STATUTE": "", "EXAMT_HS": 0, "EXAMT_NR": 0, "UVREDUC_HS": 0, "UVREDUC_NR": 0, "GLVAL_HS": 0.0, "GLVAL_NR": 211.0, "CRHOUSPCT": 0.0, "MUNGL1PCT": 211.0, "AOEGL_HS": 0.0, "AOEGL_NR": 211.0, "E911ADDR": "108 SAVAGE RD", "SHAPE_Length": 0.0020376674506153774, "SHAPE_Area": 2.37631115633152e-07}, "geometry": {"type": "MultiPolygon", "coordinates": [[[[-73.18335755499999, 43.61171789100007], [-73.18375954599998, 43.61159242700006], [-73.18394561699995, 43.611918940000066], [-73.18333963599997, 43.61211756300003], [-73.18314940599998, 43.61178285600005], [-73.18335755499999, 43.61171789100007]]]]}}, {"type": "Feature", "properties": {"OBJECTID": 28932, "SPAN": "129-040-12022", "GLIST_SPAN": "129-040-12022", "MAPID": "45-51-04", "PARCID": "455100004.", "PROPTYPE": "PARCEL", "YEAR": 2023, "GLYEAR": 2022, "TOWN": "CASTLETON", "TNAME": "Castleton", "SOURCENAME": null, "SOURCETYPE": "UNKNOWN", "SOURCEDATE": "UNKNOWN", "EDITMETHOD": "UNKNOWN", "EDITOR": "UNKNOWN", "EDITDATE": "UNKNOWN", "MATCHSTAT": "MATCH", "EDITNOTE": "UNKNOWN", "OWNER1": "SEGUIN DEAN D", "OWNER2": "SEGUIN SHIRLEY", "ADDRGL1": "PO BOX 183", "ADDRGL2": "", "CITYGL": "CASTLETON", "STGL": "VT", "ZIPGL": "05735", "DESCPROP": "HSE/OB/LOT; MAIN ST", "LOCAPROP": "", "CAT": "Residential-1", "RESCODE": "T", "ACRESGL": 0.18, "REAL_FLV": 90400, "HSTED_FLV": 0, "NRES_FLV": 90400, "LAND_LV": 33800, "IMPRV_LV": 56600, "EQUIPVAL": 0, "EQUIPCODE": "", "INVENVAL": 0, "HSDECL": "N", "HSITEVAL": 90400, "VETEXAMT": 0, "EXPDESC": "", "ENDDATE": "", "STATUTE": "", "EXAMT_HS": 0, "EXAMT_NR": 0, "UVREDUC_HS": 0, "UVREDUC_NR": 0, "GLVAL_HS": 0.0, "GLVAL_NR": 904.0, "CRHOUSPCT": 0.0, "MUNGL1PCT": 904.0, "AOEGL_HS": 0.0, "AOEGL_NR": 904.0, "E911ADDR": "707 MAIN ST", "SHAPE_Length": 0.001616993172321821, "SHAPE_Area": 8.973117787551852e-08}, "geometry": {"type": "MultiPolygon", "coordinates": [[[[-73.17915622799995, 43.610570438000025], [-73.17927629899998, 43.61053760100003], [-73.17928376899994, 43.610558866000076], [-73.17949171299995, 43.61118728800005], [-73.17937054899994, 43.61121809100007], [-73.17931702599998, 43.61109850200006], [-73.17915622799995, 43.610570438000025]]]]}}, {"type": "Feature", "properties": {"OBJECTID": 28968, "SPAN": "129-040-12065", "GLIST_SPAN": "129-040-12065", "MAPID": "45-51-03", "PARCID": "455100003.", "PROPTYPE": "PARCEL", "YEAR": 2023, "GLYEAR": 2022, "TOWN": "CASTLETON", "TNAME": "Castleton", "SOURCENAME": null, "SOURCETYPE": "UNKNOWN", "SOURCEDATE": "UNKNOWN", "EDITMETHOD": "UNKNOWN", "EDITOR": "UNKNOWN", "EDITDATE": "UNKNOWN", "MATCHSTAT": "MATCH", "EDITNOTE": "UNKNOWN", "OWNER1": "SKOGLUND CHRISTINE S", "OWNER2": "", "ADDRGL1": "PO BOX 823", "ADDRGL2": "", "CITYGL": "CASTLETON", "STGL": "VT", "ZIPGL": "05735", "DESCPROP": "HSE/GAR/LOT; MAIN ST", "LOCAPROP": "", "CAT": "Residential-1", "RESCODE": "T", "ACRESGL": 0.18, "REAL_FLV": 140600, "HSTED_FLV": 140600, "NRES_FLV": 0, "LAND_LV": 33800, "IMPRV_LV": 106800, "EQUIPVAL": 0, "EQUIPCODE": "", "INVENVAL": 0, "HSDECL": "Y", "HSITEVAL": 140600, "VETEXAMT": 0, "EXPDESC": "", "ENDDATE": "", "STATUTE": "", "EXAMT_HS": 0, "EXAMT_NR": 0, "UVREDUC_HS": 0, "UVREDUC_NR": 0, "GLVAL_HS": 1406.0, "GLVAL_NR": 0.0, "CRHOUSPCT": 0.0, "MUNGL1PCT": 1406.0, "AOEGL_HS": 1406.0, "AOEGL_NR": 0.0, "E911ADDR": "711 MAIN ST", "SHAPE_Length": 0.001603636607349822, "SHAPE_Area": 9.4360221631486e-08}, "geometry": {"type": "MultiPolygon", "coordinates": [[[[-73.17928376899994, 43.610558866000076], [-73.17942949199994, 43.610530046000065], [-73.17962714199996, 43.611152857000036], [-73.17949171299995, 43.61118728800005], [-73.17928376899994, 43.610558866000076]]]]}}, {"type": "Feature", "properties": {"OBJECTID": 28997, "SPAN": "129-040-12095", "GLIST_SPAN": "129-040-12095", "MAPID": "45-50-62", "PARCID": "455000062.", "PROPTYPE": "PARCEL", "YEAR": 2023, "GLYEAR": 2022, "TOWN": "CASTLETON", "TNAME": "Castleton", "SOURCENAME": null, "SOURCETYPE": "UNKNOWN", "SOURCEDATE": "UNKNOWN", "EDITMETHOD": "UNKNOWN", "EDITOR": "UNKNOWN", "EDITDATE": "UNKNOWN", "MATCHSTAT": "MATCH", "EDITNOTE": "UNKNOWN", "OWNER1": "HERSON EDWARD O", "OWNER2": "", "ADDRGL1": "210 WEST 103RD STREET 4D", "ADDRGL2": "", "CITYGL": "NEW YORK", "STGL": "NY", "ZIPGL": "10025", "DESCPROP": "APT HSE/LOT; MAIN ST", "LOCAPROP": "", "CAT": "Residential-1", "RESCODE": "NS", "ACRESGL": 0.51, "REAL_FLV": 125700, "HSTED_FLV": 0, "NRES_FLV": 125700, "LAND_LV": 42500, "IMPRV_LV": 83200, "EQUIPVAL": 0, "EQUIPCODE": "", "INVENVAL": 0, "HSDECL": "N", "HSITEVAL": 84100, "VETEXAMT": 0, "EXPDESC": "", "ENDDATE": "", "STATUTE": "", "EXAMT_HS": 0, "EXAMT_NR": 0, "UVREDUC_HS": 0, "UVREDUC_NR": 0, "GLVAL_HS": 0.0, "GLVAL_NR": 1257.0, "CRHOUSPCT": 0.0, "MUNGL1PCT": 1257.0, "AOEGL_HS": 0.0, "AOEGL_NR": 1257.0, "E911ADDR": "882 MAIN ST", "SHAPE_Length": 0.0037940422408449985, "SHAPE_Area": 2.497933170167495e-07}, "geometry": {"type": "MultiPolygon", "coordinates": [[[[-73.18321360699997, 43.61150390300003], [-73.18300223299997, 43.611011990000065], [-73.18287180799996, 43.61106249800008], [-73.18270359199994, 43.610659947000045], [-73.18292788299993, 43.610602492000055], [-73.18309893199995, 43.610974449000025], [-73.18304681099994, 43.61099472800004], [-73.18335755499999, 43.61171789100007], [-73.18314940599998, 43.61178285600005], [-73.18288650399995, 43.611862263000035], [-73.18278368499995, 43.611624058000075], [-73.18321360699997, 43.61150390300003]]]]}}, {"type": "Feature", "properties": {"OBJECTID": 29035, "SPAN": "129-040-12135", "GLIST_SPAN": "129-040-12135", "MAPID": "45-51-05", "PARCID": "455100005.", "PROPTYPE": "PARCEL", "YEAR": 2023, "GLYEAR": 2022, "TOWN": "CASTLETON", "TNAME": "Castleton", "SOURCENAME": null, "SOURCETYPE": "UNKNOWN", "SOURCEDATE": "UNKNOWN", "EDITMETHOD": "UNKNOWN", "EDITOR": "UNKNOWN", "EDITDATE": "UNKNOWN", "MATCHSTAT": "MATCH", "EDITNOTE": "UNKNOWN", "OWNER1": "STAUDTER ROBERT F", "OWNER2": "STAUDTER TAMRA D", "ADDRGL1": "PO BOX 724", "ADDRGL2": "", "CITYGL": "CASTLETON", "STGL": "VT", "ZIPGL": "05735", "DESCPROP": "HSE/LOT; MAIN ST", "LOCAPROP": "", "CAT": "Residential-1", "RESCODE": "T", "ACRESGL": 0.4, "REAL_FLV": 159900, "HSTED_FLV": 159900, "NRES_FLV": 0, "LAND_LV": 38300, "IMPRV_LV": 121600, "EQUIPVAL": 0, "EQUIPCODE": "", "INVENVAL": 0, "HSDECL": "Y", "HSITEVAL": 159900, "VETEXAMT": 0, "EXPDESC": "", "ENDDATE": "", "STATUTE": "", "EXAMT_HS": 0, "EXAMT_NR": 0, "UVREDUC_HS": 0, "UVREDUC_NR": 0, "GLVAL_HS": 1599.0, "GLVAL_NR": 0.0, "CRHOUSPCT": 0.0, "MUNGL1PCT": 1599.0, "AOEGL_HS": 1599.0, "AOEGL_NR": 0.0, "E911ADDR": "701 MAIN ST", "SHAPE_Length": 0.001897941668156224, "SHAPE_Area": 1.821779614726196e-07}, "geometry": {"type": "MultiPolygon", "coordinates": [[[[-73.17889690599998, 43.610641032000046], [-73.17915622799995, 43.610570438000025], [-73.17931702599998, 43.61109850200006], [-73.17937054899994, 43.61121809100007], [-73.17925245299995, 43.611248114000034], [-73.17911013299994, 43.61128371700005], [-73.17901120599998, 43.61101639200007], [-73.17893672699995, 43.61079186100005], [-73.17893239599994, 43.61077575400003], [-73.17889690599998, 43.610641032000046]]]]}}, {"type": "Feature", "properties": {"OBJECTID": 29187, "SPAN": "129-040-12299", "GLIST_SPAN": "129-040-12299", "MAPID": "45-52-10", "PARCID": "455200010.", "PROPTYPE": "PARCEL", "YEAR": 2023, "GLYEAR": 2022, "TOWN": "CASTLETON", "TNAME": "Castleton", "SOURCENAME": null, "SOURCETYPE": "UNKNOWN", "SOURCEDATE": "UNKNOWN", "EDITMETHOD": "UNKNOWN", "EDITOR": "UNKNOWN", "EDITDATE": "UNKNOWN", "MATCHSTAT": "MATCH", "EDITNOTE": "UNKNOWN", "OWNER1": "TYMINSKI DAVID L", "OWNER2": "TYMINSKI DEBBIE A", "ADDRGL1": "48 GLENBROOK ROAD", "ADDRGL2": "", "CITYGL": "CASTLETON", "STGL": "VT", "ZIPGL": "05735", "DESCPROP": "HSE/LOT; GLEN BROOK RD", "LOCAPROP": "", "CAT": "Residential-1", "RESCODE": "T", "ACRESGL": 0.27, "REAL_FLV": 150300, "HSTED_FLV": 0, "NRES_FLV": 150300, "LAND_LV": 31900, "IMPRV_LV": 118400, "EQUIPVAL": 0, "EQUIPCODE": "", "INVENVAL": 0, "HSDECL": "N", "HSITEVAL": 150300, "VETEXAMT": 0, "EXPDESC": "", "ENDDATE": "", "STATUTE": "", "EXAMT_HS": 0, "EXAMT_NR": 0, "UVREDUC_HS": 0, "UVREDUC_NR": 0, "GLVAL_HS": 0.0, "GLVAL_NR": 1503.0, "CRHOUSPCT": 0.0, "MUNGL1PCT": 1503.0, "AOEGL_HS": 0.0, "AOEGL_NR": 1503.0, "E911ADDR": "48 GLENBROOK RD", "SHAPE_Length": 0.001401693982925009, "SHAPE_Area": 1.1920195825071697e-07}, "geometry": {"type": "MultiPolygon", "coordinates": [[[[-73.18249163999997, 43.60959621100005], [-73.18277306899995, 43.609557239000026], [-73.18286489499997, 43.60995364000007], [-73.18256700599994, 43.609998629000074], [-73.18249163999997, 43.60959621100005]]]]}}, {"type": "Feature", "properties": {"OBJECTID": 29209, "SPAN": "129-040-12322", "GLIST_SPAN": "129-040-12322", "MAPID": "45-52-02", "PARCID": "455200002.", "PROPTYPE": "PARCEL", "YEAR": 2023, "GLYEAR": 2022, "TOWN": "CASTLETON", "TNAME": "Castleton", "SOURCENAME": null, "SOURCETYPE": "UNKNOWN", "SOURCEDATE": "UNKNOWN", "EDITMETHOD": "UNKNOWN", "EDITOR": "UNKNOWN", "EDITDATE": "UNKNOWN", "MATCHSTAT": "MATCH", "EDITNOTE": "UNKNOWN", "OWNER1": "TELEPHONE OPER CO OF VT LLC", "OWNER2": "", "ADDRGL1": "770 ELM ST", "ADDRGL2": "", "CITYGL": "MANCHESTER", "STGL": "NH", "ZIPGL": "03101", "DESCPROP": "NE T & T SWNG STA/LOT; SOUTH ST", "LOCAPROP": "", "CAT": "Commercial", "RESCODE": "C", "ACRESGL": 0.17, "REAL_FLV": 112700, "HSTED_FLV": 0, "NRES_FLV": 112700, "LAND_LV": 26700, "IMPRV_LV": 86000, "EQUIPVAL": 0, "EQUIPCODE": "", "INVENVAL": 0, "HSDECL": "N", "HSITEVAL": 0, "VETEXAMT": 0, "EXPDESC": "", "ENDDATE": "", "STATUTE": "", "EXAMT_HS": 0, "EXAMT_NR": 0, "UVREDUC_HS": 0, "UVREDUC_NR": 0, "GLVAL_HS": 0.0, "GLVAL_NR": 1127.0, "CRHOUSPCT": 0.0, "MUNGL1PCT": 1127.0, "AOEGL_HS": 0.0, "AOEGL_NR": 1127.0, "E911ADDR": "58 SOUTH ST", "SHAPE_Length": 0.0011047285656875276, "SHAPE_Area": 7.609657284132152e-08}, "geometry": {"type": "MultiPolygon", "coordinates": [[[[-73.18048445699998, 43.610095079000075], [-73.18076222299999, 43.61005203600007], [-73.18077960099998, 43.61014220900006], [-73.18081458199998, 43.61032372000005], [-73.18053686399998, 43.610357133000036], [-73.18051030699996, 43.61022332200008], [-73.18048445699998, 43.610095079000075]]]]}}, {"type": "Feature", "properties": {"OBJECTID": 29246, "SPAN": "129-040-10306", "GLIST_SPAN": "129-040-10306", "MAPID": "45-51-16", "PARCID": "455100016.", "PROPTYPE": "PARCEL", "YEAR": 2023, "GLYEAR": 2022, "TOWN": "CASTLETON", "TNAME": "Castleton", "SOURCENAME": null, "SOURCETYPE": "UNKNOWN", "SOURCEDATE": "UNKNOWN", "EDITMETHOD": "UNKNOWN", "EDITOR": "UNKNOWN", "EDITDATE": "UNKNOWN", "MATCHSTAT": "MATCH", "EDITNOTE": "UNKNOWN", "OWNER1": "BROWNELL MARK G", "OWNER2": "BROWNELL JUDITH J", "ADDRGL1": "PO BOX 247", "ADDRGL2": "", "CITYGL": "CASTLETON", "STGL": "VT", "ZIPGL": "05735", "DESCPROP": "HSE/LOT; SEMINARY ST", "LOCAPROP": "", "CAT": "Residential-1", "RESCODE": "T", "ACRESGL": 0.17, "REAL_FLV": 134400, "HSTED_FLV": 134400, "NRES_FLV": 0, "LAND_LV": 36700, "IMPRV_LV": 97700, "EQUIPVAL": 0, "EQUIPCODE": "", "INVENVAL": 0, "HSDECL": "Y", "HSITEVAL": 134400, "VETEXAMT": 0, "EXPDESC": "", "ENDDATE": "", "STATUTE": "", "EXAMT_HS": 0, "EXAMT_NR": 0, "UVREDUC_HS": 0, "UVREDUC_NR": 0, "GLVAL_HS": 1344.0, "GLVAL_NR": 0.0, "CRHOUSPCT": 0.0, "MUNGL1PCT": 1344.0, "AOEGL_HS": 1344.0, "AOEGL_NR": 0.0, "E911ADDR": "36 SEMINARY ST", "SHAPE_Length": 0.0009804269088961215, "SHAPE_Area": 5.927015573103122e-08}, "geometry": {"type": "MultiPolygon", "coordinates": [[[[-73.17869629199998, 43.61082440500007], [-73.17893239599994, 43.61077575400003], [-73.17893672699995, 43.61079186100005], [-73.17901120599998, 43.61101639200007], [-73.17879206499998, 43.61106734400005], [-73.17869629199998, 43.61082440500007]]]]}}, {"type": "Feature", "properties": {"OBJECTID": 29260, "SPAN": "129-040-10322", "GLIST_SPAN": "129-040-10322", "MAPID": "45-52-04", "PARCID": "455200004.", "PROPTYPE": "PARCEL", "YEAR": 2023, "GLYEAR": 2022, "TOWN": "CASTLETON", "TNAME": "Castleton", "SOURCENAME": null, "SOURCETYPE": "UNKNOWN", "SOURCEDATE": "UNKNOWN", "EDITMETHOD": "UNKNOWN", "EDITOR": "UNKNOWN", "EDITDATE": "UNKNOWN", "MATCHSTAT": "MATCH", "EDITNOTE": "UNKNOWN", "OWNER1": "BURDITT CLAIRE LIFE ESTATE", "OWNER2": "", "ADDRGL1": "PO BOX 71", "ADDRGL2": "", "CITYGL": "CASTLETON", "STGL": "VT", "ZIPGL": "05735", "DESCPROP": "HSE/LOT; MAIN ST", "LOCAPROP": "", "CAT": "Residential-1", "RESCODE": "T", "ACRESGL": 0.16, "REAL_FLV": 182200, "HSTED_FLV": 0, "NRES_FLV": 182200, "LAND_LV": 35200, "IMPRV_LV": 147000, "EQUIPVAL": 0, "EQUIPCODE": "", "INVENVAL": 0, "HSDECL": "N", "HSITEVAL": 182200, "VETEXAMT": 0, "EXPDESC": "", "ENDDATE": "", "STATUTE": "", "EXAMT_HS": 0, "EXAMT_NR": 0, "UVREDUC_HS": 0, "UVREDUC_NR": 0, "GLVAL_HS": 0.0, "GLVAL_NR": 1822.0, "CRHOUSPCT": 0.0, "MUNGL1PCT": 1822.0, "AOEGL_HS": 0.0, "AOEGL_NR": 1822.0, "E911ADDR": "765 MAIN ST", "SHAPE_Length": 0.001068391546718814, "SHAPE_Area": 7.115351103697672e-08}, "geometry": {"type": "MultiPolygon", "coordinates": [[[[-73.18059080099994, 43.61062891700004], [-73.18086537199997, 43.61058725500004], [-73.18091144799996, 43.61082633900003], [-73.18064350199995, 43.61089446200003], [-73.18059080099994, 43.61062891700004]]]]}}, {"type": "Feature", "properties": {"OBJECTID": 29337, "SPAN": "129-040-10386", "GLIST_SPAN": "129-040-10386", "MAPID": "45-52-08", "PARCID": "455200008.", "PROPTYPE": "PARCEL", "YEAR": 2023, "GLYEAR": 2022, "TOWN": "CASTLETON", "TNAME": "Castleton", "SOURCENAME": null, "SOURCETYPE": "UNKNOWN", "SOURCEDATE": "UNKNOWN", "EDITMETHOD": "UNKNOWN", "EDITOR": "UNKNOWN", "EDITDATE": "UNKNOWN", "MATCHSTAT": "MATCH", "EDITNOTE": "UNKNOWN", "OWNER1": "DOW STEPHEN M", "OWNER2": "DOW PATRICIA", "ADDRGL1": "PO BOX 1223", "ADDRGL2": "", "CITYGL": "CASTLETON", "STGL": "VT", "ZIPGL": "05735", "DESCPROP": "HSE/LOT; MAIN ST", "LOCAPROP": "", "CAT": "Residential-1", "RESCODE": "T", "ACRESGL": 0.44, "REAL_FLV": 199900, "HSTED_FLV": 199900, "NRES_FLV": 0, "LAND_LV": 41100, "IMPRV_LV": 158800, "EQUIPVAL": 0, "EQUIPCODE": "", "INVENVAL": 0, "HSDECL": "Y", "HSITEVAL": 199900, "VETEXAMT": 0, "EXPDESC": "", "ENDDATE": "", "STATUTE": "", "EXAMT_HS": 0, "EXAMT_NR": 0, "UVREDUC_HS": 0, "UVREDUC_NR": 0, "GLVAL_HS": 1999.0, "GLVAL_NR": 0.0, "CRHOUSPCT": 0.0, "MUNGL1PCT": 1999.0, "AOEGL_HS": 1999.0, "AOEGL_NR": 0.0, "E911ADDR": "861 MAIN ST", "SHAPE_Length": 0.0018475071271372022, "SHAPE_Area": 2.0677207559501494e-07}, "geometry": {"type": "MultiPolygon", "coordinates": [[[[-73.18185510899997, 43.610149996000075], [-73.18238149399997, 43.61002536400008], [-73.18242164699996, 43.610239758000034], [-73.18248259899997, 43.61042567000004], [-73.18203386699997, 43.61054061500005], [-73.18192539499995, 43.61030358600004], [-73.18185510899997, 43.610149996000075]]]]}}, {"type": "Feature", "properties": {"OBJECTID": 29382, "SPAN": "129-040-11548", "GLIST_SPAN": "129-040-11548", "MAPID": "45-52-09", "PARCID": "455200009.", "PROPTYPE": "PARCEL", "YEAR": 2023, "GLYEAR": 2022, "TOWN": "CASTLETON", "TNAME": "Castleton", "SOURCENAME": null, "SOURCETYPE": "UNKNOWN", "SOURCEDATE": "UNKNOWN", "EDITMETHOD": "UNKNOWN", "EDITOR": "UNKNOWN", "EDITDATE": "UNKNOWN", "MATCHSTAT": "MATCH", "EDITNOTE": "UNKNOWN", "OWNER1": "MITCHELL THOMAS S", "OWNER2": "", "ADDRGL1": "PO BOX 102", "ADDRGL2": "", "CITYGL": "CASTLETON", "STGL": "VT", "ZIPGL": "05735", "DESCPROP": "HSE/LOT; GLENBROOK RD", "LOCAPROP": "", "CAT": "Residential-1", "RESCODE": "T", "ACRESGL": 0.36, "REAL_FLV": 76900, "HSTED_FLV": 0, "NRES_FLV": 76900, "LAND_LV": 33500, "IMPRV_LV": 43400, "EQUIPVAL": 0, "EQUIPCODE": "", "INVENVAL": 0, "HSDECL": "N", "HSITEVAL": 76900, "VETEXAMT": 0, "EXPDESC": "", "ENDDATE": "", "STATUTE": "", "EXAMT_HS": 0, "EXAMT_NR": 0, "UVREDUC_HS": 0, "UVREDUC_NR": 0, "GLVAL_HS": 0.0, "GLVAL_NR": 769.0, "CRHOUSPCT": 0.0, "MUNGL1PCT": 769.0, "AOEGL_HS": 0.0, "AOEGL_NR": 769.0, "E911ADDR": "51 GLENBROOK RD", "SHAPE_Length": 0.0017564220068077177, "SHAPE_Area": 1.696919029733793e-07}, "geometry": {"type": "MultiPolygon", "coordinates": [[[[-73.18171811199994, 43.609850625000036], [-73.18233257799994, 43.60976416800003], [-73.18238149399997, 43.61002536400008], [-73.18185510899997, 43.610149996000075], [-73.18171811199994, 43.609850625000036]]]]}}, {"type": "Feature", "properties": {"OBJECTID": 29441, "SPAN": "129-040-10436", "GLIST_SPAN": "129-040-10436", "MAPID": "45-50-43", "PARCID": "455000043.", "PROPTYPE": "PARCEL", "YEAR": 2023, "GLYEAR": 2022, "TOWN": "CASTLETON", "TNAME": "Castleton", "SOURCENAME": null, "SOURCETYPE": "UNKNOWN", "SOURCEDATE": "UNKNOWN", "EDITMETHOD": "UNKNOWN", "EDITOR": "UNKNOWN", "EDITDATE": "UNKNOWN", "MATCHSTAT": "MATCH", "EDITNOTE": "UNKNOWN", "OWNER1": "TOWN OF CASTLETON", "OWNER2": "", "ADDRGL1": "PO BOX 727", "ADDRGL2": "", "CITYGL": "CASTLETON", "STGL": "VT", "ZIPGL": "05735-0727", "DESCPROP": "LIBRARY/LOT; MAIN ST", "LOCAPROP": "", "CAT": "Commercial", "RESCODE": "C", "ACRESGL": 0.6, "REAL_FLV": 366200, "HSTED_FLV": 0, "NRES_FLV": 366200, "LAND_LV": 92400, "IMPRV_LV": 273800, "EQUIPVAL": 0, "EQUIPCODE": "", "INVENVAL": 0, "HSDECL": "N", "HSITEVAL": 0, "VETEXAMT": 0, "EXPDESC": "Statutory", "ENDDATE": "", "STATUTE": "", "EXAMT_HS": 0, "EXAMT_NR": 0, "UVREDUC_HS": 0, "UVREDUC_NR": 0, "GLVAL_HS": 0.0, "GLVAL_NR": 0.0, "CRHOUSPCT": 0.0, "MUNGL1PCT": 0.0, "AOEGL_HS": 0.0, "AOEGL_NR": 0.0, "E911ADDR": "638 MAIN ST", "SHAPE_Length": 0.0021793036030909943, "SHAPE_Area": 2.370893356262669e-07}, "geometry": {"type": "MultiPolygon", "coordinates": [[[[-73.17827520699996, 43.61214986900006], [-73.17823763899997, 43.61201345400008], [-73.17809545699998, 43.61204859000003], [-73.17803948099998, 43.611833311000055], [-73.17851250999996, 43.611717619000046], [-73.17851925699995, 43.611715969000045], [-73.17871107399998, 43.611667931000056], [-73.17882218199998, 43.61196714500005], [-73.17870049599998, 43.61198858600005], [-73.17872007599993, 43.612068487000045], [-73.17861831399995, 43.612087614000075], [-73.17827862099995, 43.61214925000007], [-73.17827520699996, 43.61214986900006]]]]}}, {"type": "Feature", "properties": {"OBJECTID": 29455, "SPAN": "129-040-10442", "GLIST_SPAN": "129-040-10442", "MAPID": "45-50-38", "PARCID": "455000038.", "PROPTYPE": "PARCEL", "YEAR": 2023, "GLYEAR": 2022, "TOWN": "CASTLETON", "TNAME": "Castleton", "SOURCENAME": null, "SOURCETYPE": "UNKNOWN", "SOURCEDATE": "UNKNOWN", "EDITMETHOD": "UNKNOWN", "EDITOR": "UNKNOWN", "EDITDATE": "UNKNOWN", "MATCHSTAT": "MATCH", "EDITNOTE": "UNKNOWN", "OWNER1": "MATANO SALVATORE TR", "OWNER2": "", "ADDRGL1": "PO BOX 489", "ADDRGL2": "", "CITYGL": "BURLINGTON", "STGL": "VT", "ZIPGL": "05402-0489", "DESCPROP": "ST JOHN`S CHURCH/RECTORY/2.76 ACRES; MAI", "LOCAPROP": "", "CAT": "Commercial", "RESCODE": "C", "ACRESGL": 2.76, "REAL_FLV": 1058900, "HSTED_FLV": 0, "NRES_FLV": 1058900, "LAND_LV": 58300, "IMPRV_LV": 1000600, "EQUIPVAL": 0, "EQUIPCODE": "", "INVENVAL": 0, "HSDECL": "N", "HSITEVAL": 0, "VETEXAMT": 0, "EXPDESC": "Statutory", "ENDDATE": "", "STATUTE": "", "EXAMT_HS": 0, "EXAMT_NR": 0, "UVREDUC_HS": 0, "UVREDUC_NR": 0, "GLVAL_HS": 0.0, "GLVAL_NR": 0.0, "CRHOUSPCT": 0.0, "MUNGL1PCT": 0.0, "AOEGL_HS": 0.0, "AOEGL_NR": 0.0, "E911ADDR": "786 MAIN ST", "SHAPE_Length": 0.005064123050835768, "SHAPE_Area": 1.1680861321087454e-06}, "geometry": {"type": "MultiPolygon", "coordinates": [[[[-73.18204339999994, 43.61214437700005], [-73.18185818099994, 43.61181332700005], [-73.18086810899996, 43.61211960300005], [-73.18078252299995, 43.61166626200003], [-73.18069477899996, 43.611172071000055], [-73.18158011599996, 43.610946977000026], [-73.18179324199997, 43.611371133000034], [-73.18195012099994, 43.611340760000076], [-73.18235191799994, 43.612048936000065], [-73.18204339999994, 43.61214437700005]]]]}}, {"type": "Feature", "properties": {"OBJECTID": 29478, "SPAN": "129-040-10451", "GLIST_SPAN": "129-040-10451", "MAPID": "45-50-35", "PARCID": "455000035.", "PROPTYPE": "PARCEL", "YEAR": 2023, "GLYEAR": 2022, "TOWN": "CASTLETON", "TNAME": "Castleton", "SOURCENAME": null, "SOURCETYPE": "UNKNOWN", "SOURCEDATE": "UNKNOWN", "EDITMETHOD": "UNKNOWN", "EDITOR": "UNKNOWN", "EDITDATE": "UNKNOWN", "MATCHSTAT": "MATCH", "EDITNOTE": "UNKNOWN", "OWNER1": "CHAMBERLAIN STEPHEN", "OWNER2": "", "ADDRGL1": "PO BOX 627", "ADDRGL2": "", "CITYGL": "CASTLETON", "STGL": "VT", "ZIPGL": "05735", "DESCPROP": "HSE/OB/LOT; NORTH RD", "LOCAPROP": "", "CAT": "Residential-1", "RESCODE": "T", "ACRESGL": 1.0, "REAL_FLV": 120300, "HSTED_FLV": 0, "NRES_FLV": 120300, "LAND_LV": 40500, "IMPRV_LV": 79800, "EQUIPVAL": 0, "EQUIPCODE": "", "INVENVAL": 0, "HSDECL": "N", "HSITEVAL": 89099, "VETEXAMT": 0, "EXPDESC": "", "ENDDATE": "", "STATUTE": "", "EXAMT_HS": 0, "EXAMT_NR": 0, "UVREDUC_HS": 0, "UVREDUC_NR": 0, "GLVAL_HS": 0.0, "GLVAL_NR": 1203.0, "CRHOUSPCT": 0.0, "MUNGL1PCT": 1203.0, "AOEGL_HS": 0.0, "AOEGL_NR": 1203.0, "E911ADDR": "87 NORTH RD", "SHAPE_Length": 0.0029468365657776695, "SHAPE_Area": 4.0700539909351056e-07}, "geometry": {"type": "MultiPolygon", "coordinates": [[[[-73.18086810899996, 43.61211960300005], [-73.18185818099994, 43.61181332700005], [-73.18204339999994, 43.61214437700005], [-73.18093737899994, 43.61248652100005], [-73.18086810899996, 43.61211960300005]]]]}}, {"type": "Feature", "properties": {"OBJECTID": 29480, "SPAN": "129-040-11588", "GLIST_SPAN": "129-040-11588", "MAPID": "45-51-07", "PARCID": "455100007.", "PROPTYPE": "PARCEL", "YEAR": 2023, "GLYEAR": 2022, "TOWN": "CASTLETON", "TNAME": "Castleton", "SOURCENAME": null, "SOURCETYPE": "UNKNOWN", "SOURCEDATE": "UNKNOWN", "EDITMETHOD": "UNKNOWN", "EDITOR": "UNKNOWN", "EDITDATE": "UNKNOWN", "MATCHSTAT": "MATCH", "EDITNOTE": "UNKNOWN", "OWNER1": "STAUDTER ROBERT F", "OWNER2": "STAUDTER TAMRA D", "ADDRGL1": "PO BOX 74", "ADDRGL2": "", "CITYGL": "CASTLETON", "STGL": "VT", "ZIPGL": "05735", "DESCPROP": "HSE/LOT; SEMINARY ST", "LOCAPROP": "", "CAT": "Residential-1", "RESCODE": "T", "ACRESGL": 0.19, "REAL_FLV": 129900, "HSTED_FLV": 0, "NRES_FLV": 129900, "LAND_LV": 37200, "IMPRV_LV": 92700, "EQUIPVAL": 0, "EQUIPCODE": "", "INVENVAL": 0, "HSDECL": "N", "HSITEVAL": 100876, "VETEXAMT": 0, "EXPDESC": "", "ENDDATE": "", "STATUTE": "", "EXAMT_HS": 0, "EXAMT_NR": 0, "UVREDUC_HS": 0, "UVREDUC_NR": 0, "GLVAL_HS": 0.0, "GLVAL_NR": 1299.0, "CRHOUSPCT": 0.0, "MUNGL1PCT": 1299.0, "AOEGL_HS": 0.0, "AOEGL_NR": 1299.0, "E911ADDR": "33 SEMINARY ST", "SHAPE_Length": 0.001228270588633275, "SHAPE_Area": 9.13244900069369e-08}, "geometry": {"type": "MultiPolygon", "coordinates": [[[[-73.17826332699997, 43.61105912800008], [-73.17860360099996, 43.61098778300004], [-73.17870132699994, 43.61123567800007], [-73.17836105199996, 43.61130702200006], [-73.17831790499997, 43.61119757600005], [-73.17826332699997, 43.61105912800008]]]]}}, {"type": "Feature", "properties": {"OBJECTID": 29767, "SPAN": "129-040-11708", "GLIST_SPAN": "129-040-11708", "MAPID": "45-52-24.1", "PARCID": "455200024.1", "PROPTYPE": "PARCEL", "YEAR": 2023, "GLYEAR": 2022, "TOWN": "CASTLETON", "TNAME": "Castleton", "SOURCENAME": null, "SOURCETYPE": "UNKNOWN", "SOURCEDATE": "UNKNOWN", "EDITMETHOD": "UNKNOWN", "EDITOR": "UNKNOWN", "EDITDATE": "UNKNOWN", "MATCHSTAT": "MATCH", "EDITNOTE": "UNKNOWN", "OWNER1": "GREEN JUDITH M", "OWNER2": "", "ADDRGL1": "PO BOX 606", "ADDRGL2": "", "CITYGL": "CASTLETON", "STGL": "VT", "ZIPGL": "05735", "DESCPROP": "HSE/OB/LOT; SOUTH ST", "LOCAPROP": "", "CAT": "Residential-1", "RESCODE": "T", "ACRESGL": 0.23, "REAL_FLV": 98700, "HSTED_FLV": 98700, "NRES_FLV": 0, "LAND_LV": 27700, "IMPRV_LV": 71000, "EQUIPVAL": 0, "EQUIPCODE": "", "INVENVAL": 0, "HSDECL": "Y", "HSITEVAL": 98700, "VETEXAMT": 0, "EXPDESC": "", "ENDDATE": "", "STATUTE": "", "EXAMT_HS": 0, "EXAMT_NR": 0, "UVREDUC_HS": 0, "UVREDUC_NR": 0, "GLVAL_HS": 987.0, "GLVAL_NR": 0.0, "CRHOUSPCT": 0.0, "MUNGL1PCT": 987.0, "AOEGL_HS": 987.0, "AOEGL_NR": 0.0, "E911ADDR": "100 SOUTH ST", "SHAPE_Length": 0.0016216490251894863, "SHAPE_Area": 1.038687569386824e-07}, "geometry": {"type": "MultiPolygon", "coordinates": [[[[-73.18035959099996, 43.60947560200003], [-73.18100669699999, 43.60941110300007], [-73.18103840599997, 43.609568403000026], [-73.18039131799998, 43.609633004000045], [-73.18035959099996, 43.60947560200003]]]]}}, {"type": "Feature", "properties": {"OBJECTID": 29769, "SPAN": "129-040-11709", "GLIST_SPAN": "129-040-11709", "MAPID": "45-51-08", "PARCID": "455100008.", "PROPTYPE": "PARCEL", "YEAR": 2023, "GLYEAR": 2022, "TOWN": "CASTLETON", "TNAME": "Castleton", "SOURCENAME": null, "SOURCETYPE": "UNKNOWN", "SOURCEDATE": "UNKNOWN", "EDITMETHOD": "UNKNOWN", "EDITOR": "UNKNOWN", "EDITDATE": "UNKNOWN", "MATCHSTAT": "MATCH", "EDITNOTE": "UNKNOWN", "OWNER1": "PELLEGRINO WILLIAM", "OWNER2": "CORMIER MARIA", "ADDRGL1": "PO BOX 113", "ADDRGL2": "", "CITYGL": "CASTLETON", "STGL": "VT", "ZIPGL": "05735", "DESCPROP": "HSE/LOT; MAIN ST", "LOCAPROP": "", "CAT": "Residential-1", "RESCODE": "T", "ACRESGL": 0.12, "REAL_FLV": 69400, "HSTED_FLV": 69400, "NRES_FLV": 0, "LAND_LV": 34300, "IMPRV_LV": 35100, "EQUIPVAL": 0, "EQUIPCODE": "", "INVENVAL": 0, "HSDECL": "Y", "HSITEVAL": 69400, "VETEXAMT": 0, "EXPDESC": "", "ENDDATE": "", "STATUTE": "", "EXAMT_HS": 0, "EXAMT_NR": 0, "UVREDUC_HS": 0, "UVREDUC_NR": 0, "GLVAL_HS": 694.0, "GLVAL_NR": 0.0, "CRHOUSPCT": 0.0, "MUNGL1PCT": 694.0, "AOEGL_HS": 694.0, "AOEGL_NR": 0.0, "E911ADDR": "651 MAIN ST", "SHAPE_Length": 0.0010009391660501174, "SHAPE_Area": 5.271194989063295e-08}, "geometry": {"type": "MultiPolygon", "coordinates": [[[[-73.17836105199996, 43.61130702200006], [-73.17870132699994, 43.61123567800007], [-73.17875526299997, 43.611372491000054], [-73.17841993099995, 43.611456375000046], [-73.17836105199996, 43.61130702200006]]]]}}, {"type": "Feature", "properties": {"OBJECTID": 29795, "SPAN": "129-040-10570", "GLIST_SPAN": "129-040-10570", "MAPID": "45-50-60", "PARCID": "455000060.", "PROPTYPE": "PARCEL", "YEAR": 2023, "GLYEAR": 2022, "TOWN": "CASTLETON", "TNAME": "Castleton", "SOURCENAME": null, "SOURCETYPE": "UNKNOWN", "SOURCEDATE": "UNKNOWN", "EDITMETHOD": "UNKNOWN", "EDITOR": "UNKNOWN", "EDITDATE": "UNKNOWN", "MATCHSTAT": "MATCH", "EDITNOTE": "UNKNOWN", "OWNER1": "CRESCI ANDREA B TR", "OWNER2": "CRESCI CHRISTOPHER TR", "ADDRGL1": "PO BOX 1505", "ADDRGL2": "", "CITYGL": "CASTLETON", "STGL": "VT", "ZIPGL": "05735", "DESCPROP": "HSE/APT/.93 ACRES; MAIN ST", "LOCAPROP": "", "CAT": "Residential-1", "RESCODE": "T", "ACRESGL": 0.93, "REAL_FLV": 331300, "HSTED_FLV": 0, "NRES_FLV": 331300, "LAND_LV": 48900, "IMPRV_LV": 282400, "EQUIPVAL": 0, "EQUIPCODE": "", "INVENVAL": 0, "HSDECL": "N", "HSITEVAL": 276500, "VETEXAMT": 0, "EXPDESC": "", "ENDDATE": "", "STATUTE": "", "EXAMT_HS": 0, "EXAMT_NR": 0, "UVREDUC_HS": 0, "UVREDUC_NR": 0, "GLVAL_HS": 0.0, "GLVAL_NR": 3313.0, "CRHOUSPCT": 0.0, "MUNGL1PCT": 3313.0, "AOEGL_HS": 0.0, "AOEGL_NR": 3313.0, "E911ADDR": "854 MAIN ST", "SHAPE_Length": 0.0033341953629303003, "SHAPE_Area": 4.160105708723452e-07}, "geometry": {"type": "MultiPolygon", "coordinates": [[[[-73.18212522499994, 43.610808097000074], [-73.18246498399998, 43.61072106700004], [-73.18266130999996, 43.61119093800005], [-73.18260406899998, 43.611204970000074], [-73.18271408299995, 43.61146166100008], [-73.18278368499995, 43.611624058000075], [-73.18288650399995, 43.611862263000035], [-73.18266338799998, 43.61194290100008], [-73.18247745699995, 43.61201009900003], [-73.18243704899999, 43.61161614700006], [-73.18232811999997, 43.61123751800005], [-73.18212522499994, 43.610808097000074]]]]}}, {"type": "Feature", "properties": {"OBJECTID": 29868, "SPAN": "129-040-11785", "GLIST_SPAN": "129-040-11785", "MAPID": "45-50-42", "PARCID": "455000042.", "PROPTYPE": "PARCEL", "YEAR": 2023, "GLYEAR": 2022, "TOWN": "CASTLETON", "TNAME": "Castleton", "SOURCENAME": null, "SOURCETYPE": "UNKNOWN", "SOURCEDATE": "UNKNOWN", "EDITMETHOD": "UNKNOWN", "EDITOR": "UNKNOWN", "EDITDATE": "UNKNOWN", "MATCHSTAT": "MATCH", "EDITNOTE": "UNKNOWN", "OWNER1": "REHLEN JOHN W & PAMELA H", "OWNER2": "", "ADDRGL1": "PO BOX 275", "ADDRGL2": "", "CITYGL": "CASTLETON", "STGL": "VT", "ZIPGL": "05735", "DESCPROP": "HSE/LOT; MAIN ST", "LOCAPROP": "", "CAT": "Residential-1", "RESCODE": "T", "ACRESGL": 0.54, "REAL_FLV": 169300, "HSTED_FLV": 0, "NRES_FLV": 169300, "LAND_LV": 43200, "IMPRV_LV": 126100, "EQUIPVAL": 0, "EQUIPCODE": "", "INVENVAL": 0, "HSDECL": "N", "HSITEVAL": 119140, "VETEXAMT": 0, "EXPDESC": "", "ENDDATE": "", "STATUTE": "", "EXAMT_HS": 0, "EXAMT_NR": 0, "UVREDUC_HS": 0, "UVREDUC_NR": 0, "GLVAL_HS": 0.0, "GLVAL_NR": 1693.0, "CRHOUSPCT": 0.0, "MUNGL1PCT": 1693.0, "AOEGL_HS": 0.0, "AOEGL_NR": 1693.0, "E911ADDR": "676 MAIN ST", "SHAPE_Length": 0.0021921529066706415, "SHAPE_Area": 2.527687332021344e-07}, "geometry": {"type": "MultiPolygon", "coordinates": [[[[-73.17881341199995, 43.611642302000064], [-73.17912234899995, 43.611570802000074], [-73.17919634899994, 43.61172324100005], [-73.17933590499996, 43.61234045400005], [-73.17904103099994, 43.612382995000075], [-73.17881341199995, 43.611642302000064]]]]}}, {"type": "Feature", "properties": {"OBJECTID": 29881, "SPAN": "129-040-11800", "GLIST_SPAN": "129-040-11800", "MAPID": "45-52-13", "PARCID": "455200013.", "PROPTYPE": "PARCEL", "YEAR": 2023, "GLYEAR": 2022, "TOWN": "CASTLETON", "TNAME": "Castleton", "SOURCENAME": null, "SOURCETYPE": "UNKNOWN", "SOURCEDATE": "UNKNOWN", "EDITMETHOD": "UNKNOWN", "EDITOR": "UNKNOWN", "EDITDATE": "UNKNOWN", "MATCHSTAT": "MATCH", "EDITNOTE": "UNKNOWN", "OWNER1": "PRITCHARD THOMAS & KATHRYN LE", "OWNER2": "", "ADDRGL1": "PO BOX 492", "ADDRGL2": "", "CITYGL": "CASTLETON", "STGL": "VT", "ZIPGL": "05735", "DESCPROP": "HSE/OB/LAND", "LOCAPROP": "", "CAT": "Residential-1", "RESCODE": "T", "ACRESGL": 0.3, "REAL_FLV": 121600, "HSTED_FLV": 121600, "NRES_FLV": 0, "LAND_LV": 38200, "IMPRV_LV": 83400, "EQUIPVAL": 0, "EQUIPCODE": "", "INVENVAL": 0, "HSDECL": "Y", "HSITEVAL": 121600, "VETEXAMT": 0, "EXPDESC": "", "ENDDATE": "", "STATUTE": "", "EXAMT_HS": 0, "EXAMT_NR": 0, "UVREDUC_HS": 0, "UVREDUC_NR": 0, "GLVAL_HS": 1216.0, "GLVAL_NR": 0.0, "CRHOUSPCT": 0.0, "MUNGL1PCT": 1216.0, "AOEGL_HS": 1216.0, "AOEGL_NR": 0.0, "E911ADDR": "915 MAIN ST", "SHAPE_Length": 0.0017455681211167938, "SHAPE_Area": 1.433065676300199e-07}, "geometry": {"type": "MultiPolygon", "coordinates": [[[[-73.18304408399996, 43.60959937600006], [-73.18324955699995, 43.60957248400007], [-73.18329255799995, 43.60974525700004], [-73.18331966099998, 43.60984199600006], [-73.18341647299997, 43.610187547000066], [-73.18318474999995, 43.61024620400008], [-73.18310301299994, 43.60987035000005], [-73.18304408399996, 43.60959937600006]]]]}}, {"type": "Feature", "properties": {"OBJECTID": 29887, "SPAN": "129-040-11806", "GLIST_SPAN": "129-040-11806", "MAPID": "45-52-24", "PARCID": "455200024.", "PROPTYPE": "PARCEL", "YEAR": 2023, "GLYEAR": 2022, "TOWN": "CASTLETON", "TNAME": "Castleton", "SOURCENAME": null, "SOURCETYPE": "UNKNOWN", "SOURCEDATE": "UNKNOWN", "EDITMETHOD": "UNKNOWN", "EDITOR": "UNKNOWN", "EDITDATE": "UNKNOWN", "MATCHSTAT": "MATCH", "EDITNOTE": "UNKNOWN", "OWNER1": "PRUNIER WILLIAM", "OWNER2": "", "ADDRGL1": "88 SOUTH STREET", "ADDRGL2": "", "CITYGL": "CASTLETON", "STGL": "VT", "ZIPGL": "05735", "DESCPROP": "HSE/OB/LOT", "LOCAPROP": "", "CAT": "Residential-1", "RESCODE": "T", "ACRESGL": 1.03, "REAL_FLV": 197800, "HSTED_FLV": 197800, "NRES_FLV": 0, "LAND_LV": 40100, "IMPRV_LV": 157700, "EQUIPVAL": 0, "EQUIPCODE": "", "INVENVAL": 0, "HSDECL": "Y", "HSITEVAL": 197800, "VETEXAMT": 0, "EXPDESC": "", "ENDDATE": "", "STATUTE": "", "EXAMT_HS": 0, "EXAMT_NR": 0, "UVREDUC_HS": 0, "UVREDUC_NR": 0, "GLVAL_HS": 1978.0, "GLVAL_NR": 0.0, "CRHOUSPCT": 0.0, "MUNGL1PCT": 1978.0, "AOEGL_HS": 1978.0, "AOEGL_NR": 0.0, "E911ADDR": "88 SOUTH ST", "SHAPE_Length": 0.0030735369246368324, "SHAPE_Area": 3.7316153889451206e-07}, "geometry": {"type": "MultiPolygon", "coordinates": [[[[-73.18100669699999, 43.60941110300007], [-73.18147105599996, 43.60936481600004], [-73.18151763199995, 43.609706311000025], [-73.18152951699994, 43.60979344900005], [-73.18044547299996, 43.60990167400007], [-73.18039131799998, 43.609633004000045], [-73.18103840599997, 43.609568403000026], [-73.18100669699999, 43.60941110300007]]]]}}, {"type": "Feature", "properties": {"OBJECTID": 29940, "SPAN": "129-040-11862", "GLIST_SPAN": "129-040-11862", "MAPID": "45-52-15", "PARCID": "455200015.", "PROPTYPE": "PARCEL", "YEAR": 2023, "GLYEAR": 2022, "TOWN": "CASTLETON", "TNAME": "Castleton", "SOURCENAME": null, "SOURCETYPE": "UNKNOWN", "SOURCEDATE": "UNKNOWN", "EDITMETHOD": "UNKNOWN", "EDITOR": "UNKNOWN", "EDITDATE": "UNKNOWN", "MATCHSTAT": "MATCH", "EDITNOTE": "UNKNOWN", "OWNER1": "REHLEN JOHN W", "OWNER2": "REHLEN PAMELA H", "ADDRGL1": "PO BOX 275", "ADDRGL2": "", "CITYGL": "CASTLETON", "STGL": "VT", "ZIPGL": "05735", "DESCPROP": "ADVENT CHURCH APT HSE/LOT; MAIN ST", "LOCAPROP": "", "CAT": "Commercial Apt", "RESCODE": "T", "ACRESGL": 0.58, "REAL_FLV": 135500, "HSTED_FLV": 0, "NRES_FLV": 135500, "LAND_LV": 41900, "IMPRV_LV": 93600, "EQUIPVAL": 0, "EQUIPCODE": "", "INVENVAL": 0, "HSDECL": "N", "HSITEVAL": 0, "VETEXAMT": 0, "EXPDESC": "", "ENDDATE": "", "STATUTE": "", "EXAMT_HS": 0, "EXAMT_NR": 0, "UVREDUC_HS": 0, "UVREDUC_NR": 0, "GLVAL_HS": 0.0, "GLVAL_NR": 1355.0, "CRHOUSPCT": 0.0, "MUNGL1PCT": 1355.0, "AOEGL_HS": 0.0, "AOEGL_NR": 1355.0, "E911ADDR": "923 MAIN ST", "SHAPE_Length": 0.0015057762965582713, "SHAPE_Area": 1.3497014363343076e-07}, "geometry": {"type": "MultiPolygon", "coordinates": [[[[-73.18329255799995, 43.60974525700004], [-73.18357806999995, 43.60969281400003], [-73.18371867099995, 43.61011551300004], [-73.18357426699998, 43.610147604000076], [-73.18341647299997, 43.610187547000066], [-73.18331966099998, 43.60984199600006], [-73.18329255799995, 43.60974525700004]]]]}}, {"type": "Feature", "properties": {"OBJECTID": 29967, "SPAN": "129-040-11890", "GLIST_SPAN": "129-040-11890", "MAPID": "45-52-03", "PARCID": "455200003.", "PROPTYPE": "PARCEL", "YEAR": 2023, "GLYEAR": 2022, "TOWN": "CASTLETON", "TNAME": "Castleton", "SOURCENAME": null, "SOURCETYPE": "UNKNOWN", "SOURCEDATE": "UNKNOWN", "EDITMETHOD": "UNKNOWN", "EDITOR": "UNKNOWN", "EDITDATE": "UNKNOWN", "MATCHSTAT": "MATCH", "EDITNOTE": "UNKNOWN", "OWNER1": "RILEY TERRANCE J JR", "OWNER2": "RILEY JOANN", "ADDRGL1": "PO BOX 195", "ADDRGL2": "", "CITYGL": "CASTLETON", "STGL": "VT", "ZIPGL": "05735", "DESCPROP": "DPLX/.16 ACRES; SOUTH ST", "LOCAPROP": "", "CAT": "Residential-1", "RESCODE": "T", "ACRESGL": 0.16, "REAL_FLV": 123100, "HSTED_FLV": 0, "NRES_FLV": 123100, "LAND_LV": 26600, "IMPRV_LV": 96500, "EQUIPVAL": 0, "EQUIPCODE": "", "INVENVAL": 0, "HSDECL": "N", "HSITEVAL": 123100, "VETEXAMT": 0, "EXPDESC": "", "ENDDATE": "", "STATUTE": "", "EXAMT_HS": 0, "EXAMT_NR": 0, "UVREDUC_HS": 0, "UVREDUC_NR": 0, "GLVAL_HS": 0.0, "GLVAL_NR": 1231.0, "CRHOUSPCT": 0.0, "MUNGL1PCT": 1231.0, "AOEGL_HS": 0.0, "AOEGL_NR": 1231.0, "E911ADDR": "42 SOUTH ST", "SHAPE_Length": 0.0011029035952996947, "SHAPE_Area": 7.58782936822188e-08}, "geometry": {"type": "MultiPolygon", "coordinates": [[[[-73.18053686399998, 43.610357133000036], [-73.18081458199998, 43.61032372000005], [-73.18086537199997, 43.61058725500004], [-73.18059080099994, 43.61062891700004], [-73.18053686399998, 43.610357133000036]]]]}}, {"type": "Feature", "properties": {"OBJECTID": 29976, "SPAN": "129-040-11899", "GLIST_SPAN": "129-040-11899", "MAPID": "45-52-05", "PARCID": "455200005.", "PROPTYPE": "PARCEL", "YEAR": 2023, "GLYEAR": 2022, "TOWN": "CASTLETON", "TNAME": "Castleton", "SOURCENAME": null, "SOURCETYPE": "UNKNOWN", "SOURCEDATE": "UNKNOWN", "EDITMETHOD": "UNKNOWN", "EDITOR": "UNKNOWN", "EDITDATE": "UNKNOWN", "MATCHSTAT": "MATCH", "EDITNOTE": "UNKNOWN", "OWNER1": "ROBERTS ANN LIFE ESTATE", "OWNER2": "", "ADDRGL1": "PO BOX 6", "ADDRGL2": "791 MAIN STREET", "CITYGL": "CASTLETON", "STGL": "VT", "ZIPGL": "05735", "DESCPROP": "HSE/LOT; MAIN ST", "LOCAPROP": "", "CAT": "Residential-1", "RESCODE": "T", "ACRESGL": 0.53, "REAL_FLV": 209300, "HSTED_FLV": 209300, "NRES_FLV": 0, "LAND_LV": 43000, "IMPRV_LV": 166300, "EQUIPVAL": 0, "EQUIPCODE": "", "INVENVAL": 0, "HSDECL": "Y", "HSITEVAL": 209300, "VETEXAMT": 0, "EXPDESC": "", "ENDDATE": "", "STATUTE": "", "EXAMT_HS": 0, "EXAMT_NR": 0, "UVREDUC_HS": 0, "UVREDUC_NR": 0, "GLVAL_HS": 2093.0, "GLVAL_NR": 0.0, "CRHOUSPCT": 0.0, "MUNGL1PCT": 2093.0, "AOEGL_HS": 2093.0, "AOEGL_NR": 0.0, "E911ADDR": "791 MAIN ST", "SHAPE_Length": 0.001972820031986878, "SHAPE_Area": 1.9263744873251893e-07}, "geometry": {"type": "MultiPolygon", "coordinates": [[[[-73.18077960099998, 43.61014220900006], [-73.18101293099994, 43.610093137000035], [-73.18117173999997, 43.61058646300006], [-73.18115495199999, 43.61059273600006], [-73.18123218499994, 43.61074479200005], [-73.18091144799996, 43.61082633900003], [-73.18086537199997, 43.61058725500004], [-73.18081458199998, 43.61032372000005], [-73.18077960099998, 43.61014220900006]]]]}}, {"type": "Feature", "properties": {"OBJECTID": 30009, "SPAN": "129-040-12363", "GLIST_SPAN": "129-040-12363", "MAPID": "45-50-37", "PARCID": "455000037.", "PROPTYPE": "PARCEL", "YEAR": 2023, "GLYEAR": 2022, "TOWN": "CASTLETON", "TNAME": "Castleton", "SOURCENAME": null, "SOURCETYPE": "UNKNOWN", "SOURCEDATE": "UNKNOWN", "EDITMETHOD": "UNKNOWN", "EDITOR": "UNKNOWN", "EDITDATE": "UNKNOWN", "MATCHSTAT": "MATCH", "EDITNOTE": "UNKNOWN", "OWNER1": "SIMONS JAAP LE", "OWNER2": "", "ADDRGL1": "822 MAIN STREET", "ADDRGL2": "", "CITYGL": "CASTLETON", "STGL": "VT", "ZIPGL": "05735", "DESCPROP": "HSE/GAR/LOT; MAIN ST", "LOCAPROP": "", "CAT": "Residential-1", "RESCODE": "T", "ACRESGL": 1.1, "REAL_FLV": 231600, "HSTED_FLV": 231600, "NRES_FLV": 0, "LAND_LV": 48000, "IMPRV_LV": 183600, "EQUIPVAL": 0, "EQUIPCODE": "", "INVENVAL": 0, "HSDECL": "Y", "HSITEVAL": 231600, "VETEXAMT": 0, "EXPDESC": "", "ENDDATE": "", "STATUTE": "", "EXAMT_HS": 0, "EXAMT_NR": 0, "UVREDUC_HS": 0, "UVREDUC_NR": 0, "GLVAL_HS": 2316.0, "GLVAL_NR": 0.0, "CRHOUSPCT": 0.0, "MUNGL1PCT": 2316.0, "AOEGL_HS": 2316.0, "AOEGL_NR": 0.0, "E911ADDR": "822 MAIN ST", "SHAPE_Length": 0.00340758057406183, "SHAPE_Area": 4.808923063979682e-07}, "geometry": {"type": "MultiPolygon", "coordinates": [[[[-73.18235191799994, 43.612048936000065], [-73.18195012099994, 43.611340760000076], [-73.18179324199997, 43.611371133000034], [-73.18158011599996, 43.610946977000026], [-73.18197519899996, 43.610846527000035], [-73.18212522499994, 43.610808097000074], [-73.18232811999997, 43.61123751800005], [-73.18243704899999, 43.61161614700006], [-73.18247745699995, 43.61201009900003], [-73.18235191799994, 43.612048936000065]]]]}}, {"type": "Feature", "properties": {"OBJECTID": 30013, "SPAN": "129-040-12367", "GLIST_SPAN": "129-040-12367", "MAPID": "45-52-01", "PARCID": "455200001.", "PROPTYPE": "PARCEL", "YEAR": 2023, "GLYEAR": 2022, "TOWN": "CASTLETON", "TNAME": "Castleton", "SOURCENAME": null, "SOURCETYPE": "UNKNOWN", "SOURCEDATE": "UNKNOWN", "EDITMETHOD": "UNKNOWN", "EDITOR": "UNKNOWN", "EDITDATE": "UNKNOWN", "MATCHSTAT": "MATCH", "EDITNOTE": "UNKNOWN", "OWNER1": "O`NEILL DEVIN", "OWNER2": "O`NEILL KELLY", "ADDRGL1": "70 SOUTH STREET", "ADDRGL2": "", "CITYGL": "CASTLETON", "STGL": "VT", "ZIPGL": "05735", "DESCPROP": "HSE/OB/LOT; SOUTH ST", "LOCAPROP": "", "CAT": "Residential-1", "RESCODE": "T", "ACRESGL": 0.27, "REAL_FLV": 123300, "HSTED_FLV": 123300, "NRES_FLV": 0, "LAND_LV": 28300, "IMPRV_LV": 95000, "EQUIPVAL": 0, "EQUIPCODE": "", "INVENVAL": 0, "HSDECL": "Y", "HSITEVAL": 123300, "VETEXAMT": 0, "EXPDESC": "", "ENDDATE": "", "STATUTE": "", "EXAMT_HS": 0, "EXAMT_NR": 0, "UVREDUC_HS": 0, "UVREDUC_NR": 0, "GLVAL_HS": 1233.0, "GLVAL_NR": 0.0, "CRHOUSPCT": 0.0, "MUNGL1PCT": 1233.0, "AOEGL_HS": 1233.0, "AOEGL_NR": 0.0, "E911ADDR": "70 SOUTH ST", "SHAPE_Length": 0.0026656519917573674, "SHAPE_Area": 1.8324426306212687e-07}, "geometry": {"type": "MultiPolygon", "coordinates": [[[[-73.18077960099998, 43.61014220900006], [-73.18076222299999, 43.61005203600007], [-73.18048445699998, 43.610095079000075], [-73.18044547299996, 43.60990167400007], [-73.18152951699994, 43.60979344900005], [-73.18154229299995, 43.60988712400007], [-73.18138986299994, 43.60991876600008], [-73.18098169799998, 43.60999611500006], [-73.18101293099994, 43.610093137000035], [-73.18077960099998, 43.61014220900006]]]]}}, {"type": "Feature", "properties": {"OBJECTID": 30063, "SPAN": "129-040-12423", "GLIST_SPAN": "129-040-12423", "MAPID": "45-50-41", "PARCID": "455000041.", "PROPTYPE": "PARCEL", "YEAR": 2023, "GLYEAR": 2022, "TOWN": "CASTLETON", "TNAME": "Castleton", "SOURCENAME": null, "SOURCETYPE": "UNKNOWN", "SOURCEDATE": "UNKNOWN", "EDITMETHOD": "UNKNOWN", "EDITOR": "UNKNOWN", "EDITDATE": "UNKNOWN", "MATCHSTAT": "MATCH", "EDITNOTE": "UNKNOWN", "OWNER1": "BLUE CAT LLC", "OWNER2": "", "ADDRGL1": "PO BOX 275", "ADDRGL2": "", "CITYGL": "CASTLETON", "STGL": "VT", "ZIPGL": "05735", "DESCPROP": "HSE/LOT; MAIN ST", "LOCAPROP": "", "CAT": "Residential-1", "RESCODE": "T", "ACRESGL": 0.53, "REAL_FLV": 236400, "HSTED_FLV": 0, "NRES_FLV": 236400, "LAND_LV": 43000, "IMPRV_LV": 193400, "EQUIPVAL": 0, "EQUIPCODE": "", "INVENVAL": 0, "HSDECL": "N", "HSITEVAL": 236400, "VETEXAMT": 0, "EXPDESC": "", "ENDDATE": "", "STATUTE": "", "EXAMT_HS": 0, "EXAMT_NR": 0, "UVREDUC_HS": 0, "UVREDUC_NR": 0, "GLVAL_HS": 0.0, "GLVAL_NR": 2364.0, "CRHOUSPCT": 0.0, "MUNGL1PCT": 2364.0, "AOEGL_HS": 0.0, "AOEGL_NR": 2364.0, "E911ADDR": "686 MAIN ST", "SHAPE_Length": 0.0023144813739929427, "SHAPE_Area": 2.5902328316997373e-07}, "geometry": {"type": "MultiPolygon", "coordinates": [[[[-73.17937625699994, 43.61150728400003], [-73.17940429999999, 43.611500154000055], [-73.17954445399994, 43.61186149300005], [-73.17970994999996, 43.61228649100008], [-73.17933590499996, 43.61234045400005], [-73.17919634899994, 43.61172324100005], [-73.17912234899995, 43.611570802000074], [-73.17937625699994, 43.61150728400003]]]]}}, {"type": "Feature", "properties": {"OBJECTID": 30096, "SPAN": "129-040-12462", "GLIST_SPAN": "129-040-12462", "MAPID": "45-51-02", "PARCID": "455100002.", "PROPTYPE": "PARCEL", "YEAR": 2023, "GLYEAR": 2022, "TOWN": "CASTLETON", "TNAME": "Castleton", "SOURCENAME": null, "SOURCETYPE": "UNKNOWN", "SOURCEDATE": "UNKNOWN", "EDITMETHOD": "UNKNOWN", "EDITOR": "UNKNOWN", "EDITDATE": "UNKNOWN", "MATCHSTAT": "MATCH", "EDITNOTE": "UNKNOWN", "OWNER1": "WUAGNEUX ROBERT", "OWNER2": "WUAGNEUX DIANNA", "ADDRGL1": "PO BOX 1545", "ADDRGL2": "", "CITYGL": "CASTLETON", "STGL": "VT", "ZIPGL": "05735", "DESCPROP": "HSE/GAR/LOT; MAIN ST", "LOCAPROP": "", "CAT": "Residential-1", "RESCODE": "T", "ACRESGL": 0.48, "REAL_FLV": 209200, "HSTED_FLV": 209200, "NRES_FLV": 0, "LAND_LV": 39900, "IMPRV_LV": 169300, "EQUIPVAL": 0, "EQUIPCODE": "", "INVENVAL": 0, "HSDECL": "Y", "HSITEVAL": 209200, "VETEXAMT": 0, "EXPDESC": "", "ENDDATE": "", "STATUTE": "", "EXAMT_HS": 0, "EXAMT_NR": 0, "UVREDUC_HS": 0, "UVREDUC_NR": 0, "GLVAL_HS": 2092.0, "GLVAL_NR": 0.0, "CRHOUSPCT": 0.0, "MUNGL1PCT": 2092.0, "AOEGL_HS": 2092.0, "AOEGL_NR": 0.0, "E911ADDR": "719 MAIN ST", "SHAPE_Length": 0.0021029511323071297, "SHAPE_Area": 2.327212771253763e-07}, "geometry": {"type": "MultiPolygon", "coordinates": [[[[-73.17962714199996, 43.611152857000036], [-73.17942949199994, 43.610530046000065], [-73.17969771599996, 43.610479944000076], [-73.17980092899995, 43.61071805900008], [-73.17989484199995, 43.610697291000065], [-73.18005295199998, 43.61104460300004], [-73.17962714199996, 43.611152857000036]]]]}}]}